epoch,layer_index,layer_name,parameter_scope,mean_norm,rms_norm,maximum_norm,last_norm,optimizer_steps
1,0,"Conv2DLayer(1,8,5, stride=5, padding=0)","all",4.024289421593406,4.3044782815660918,6.7577298655137712,1.3447659958163489,22
1,0,"Conv2DLayer(1,8,5, stride=5, padding=0)","weights",3.9913511896661249,4.2665562051561228,6.6908736154214132,1.3379330513230228,22
1,0,"Conv2DLayer(1,8,5, stride=5, padding=0)","biases",0.50530825401831325,0.57011527318426025,0.94822107006455369,0.13539103988596218,22
1,4,"DenseLayer( 7202,128 )","all",18.269472460984396,20.282747018769641,39.001743206907783,4.5699979406690758,22
1,4,"DenseLayer( 7202,128 )","weights",18.264839947255236,20.277600150071486,38.990365546681829,4.5689307121573526,22
1,4,"DenseLayer( 7202,128 )","biases",0.41094600261256292,0.45690128171131761,0.94200197117820017,0.098758924786039287,22
1,6,"DenseLayer( 128,64 )","all",2.7724813859048383,3.0316164707236335,5.8581767804856106,0.71688811047252243,22
1,6,"DenseLayer( 128,64 )","weights",2.7402565656336315,2.9960042115702956,5.7831769542046354,0.71072984984939402,22
1,6,"DenseLayer( 128,64 )","biases",0.42086115904751092,0.46331111557556148,0.93439793866272869,0.093763764162501997,22
1,8,"DenseLayer( 64,1 )","all",1.449368609828348,1.5618153392226823,3.2266815948340488,0.41298724097953099,22
1,8,"DenseLayer( 64,1 )","weights",1.4305987648930403,1.5426993266012308,3.175123824906561,0.41231704885533527,22
1,8,"DenseLayer( 64,1 )","biases",0.21074406785721128,0.24361022461171625,0.57451093196868896,0.023518342524766922,22
2,0,"Conv2DLayer(1,8,5, stride=5, padding=0)","all",0.68859711735962492,0.79023253041723718,1.5873288217878401,0.91135825833425821,22
2,0,"Conv2DLayer(1,8,5, stride=5, padding=0)","weights",0.6822444241622162,0.78446532023657656,1.5763947810484618,0.90283556467915504,22
2,0,"Conv2DLayer(1,8,5, stride=5, padding=0)","biases",0.088261387991365459,0.095297499840001187,0.18599000715507452,0.12434555956898424,22
2,4,"DenseLayer( 7202,128 )","all",2.5980434946576145,2.7839654888285774,5.6753575610150868,3.2799349741020922,22
2,4,"DenseLayer( 7202,128 )","weights",2.5972243734484497,2.7831246966932981,5.6737649727372919,3.2790479608580472,22
2,4,"DenseLayer( 7202,128 )","biases",0.064694490596549956,0.068416121231591867,0.13444136086230141,0.076275190794739378,22
2,6,"DenseLayer( 128,64 )","all",0.46864787428450383,0.50363577310092733,1.0595439365398702,0.55082394017896108,22
2,6,"DenseLayer( 128,64 )","weights",0.46297082610650597,0.4976979755639776,1.0467410866339724,0.54752377394781049,22
2,6,"DenseLayer( 128,64 )","biases",0.070705470006520027,0.07710847597046086,0.16421464919651763,0.060205730925075467,22
2,8,"DenseLayer( 64,1 )","all",0.30983798246341132,0.33846383346408587,0.72562665765441337,0.3489324305030807,22
2,8,"DenseLayer( 64,1 )","weights",0.3019872210268244,0.33010528051214333,0.70907430684605322,0.34509083093163706,22
2,8,"DenseLayer( 64,1 )","biases",0.061447424052113835,0.074754734573829099,0.15410280227661133,0.051634866744279861,22
3,0,"Conv2DLayer(1,8,5, stride=5, padding=0)","all",0.34634336762133655,0.39455057802285942,0.66966552820227199,0.13851997529490204,22
3,0,"Conv2DLayer(1,8,5, stride=5, padding=0)","weights",0.343271777211134,0.39156764394358917,0.66462717177056896,0.13703487377914753,22
3,0,"Conv2DLayer(1,8,5, stride=5, padding=0)","biases",0.044301097023005456,0.048424568502352418,0.08319766808436585,0.020229357973830339,22
3,4,"DenseLayer( 7202,128 )","all",1.3058375061112568,1.4005579356894742,2.6627712633533291,0.7273669257715567,22
3,4,"DenseLayer( 7202,128 )","weights",1.305398759531351,1.4000791576602722,2.6615659821696083,0.72720642784874556,22
3,4,"DenseLayer( 7202,128 )","biases",0.033472479187582858,0.03661807624745278,0.080108198692854043,0.015279267058090563,22
3,6,"DenseLayer( 128,64 )","all",0.23105870826312383,0.24953944355954172,0.49120256774443494,0.11801827228642731,22
3,6,"DenseLayer( 128,64 )","weights",0.22818116964292345,0.24627923102608676,0.48093736136017107,0.11699165669200931,22
3,6,"DenseLayer( 128,64 )","biases",0.035335351994678292,0.040205400846218299,0.099896030985432302,0.015532702853409948,22
3,8,"DenseLayer( 64,1 )","all",0.14446224859108092,0.15901407816624896,0.316380662035261,0.058809912843701836,22
3,8,"DenseLayer( 64,1 )","weights",0.1405752726831716,0.15455640800982418,0.29805537866656595,0.057600439620249841,22
3,8,"DenseLayer( 64,1 )","biases",0.029035023582929916,0.037387080631719513,0.1061118021607399,0.011865715496242046,22
4,0,"Conv2DLayer(1,8,5, stride=5, padding=0)","all",0.18235313659195324,0.2060348865895269,0.44730462828946427,0.20623925542172875,22
4,0,"Conv2DLayer(1,8,5, stride=5, padding=0)","weights",0.17979622218851854,0.20362422455381976,0.44415005156050219,0.19807538811275277,22
4,0,"Conv2DLayer(1,8,5, stride=5, padding=0)","biases",0.028707081882621485,0.031425302970930886,0.057452337645142251,0.057452337645142251,22
4,4,"DenseLayer( 7202,128 )","all",0.83839796126276533,0.91262815356692617,1.7039955355990879,1.7039955355990879,22
4,4,"DenseLayer( 7202,128 )","weights",0.83811474591912838,0.91231856555519208,1.7032921221789386,1.7032921221789386,22
4,4,"DenseLayer( 7202,128 )","biases",0.021620663805192834,0.023769342151046192,0.04895642822746181,0.04895642822746181,22
4,6,"DenseLayer( 128,64 )","all",0.14989485860471927,0.16776501474635055,0.34440729431313083,0.34440729431313083,22
4,6,"DenseLayer( 128,64 )","weights",0.1479461698171553,0.16558669529610753,0.33946433191705594,0.33946433191705594,22
4,6,"DenseLayer( 128,64 )","biases",0.023694132386248967,0.026947105851227397,0.058140792325168895,0.058140792325168895,22
4,8,"DenseLayer( 64,1 )","all",0.091320017065357584,0.10225819133323,0.19874286283024345,0.19874286283024345,22
4,8,"DenseLayer( 64,1 )","weights",0.088239651264895663,0.098781000845497166,0.18965040763530139,0.18965040763530139,22
4,8,"DenseLayer( 64,1 )","biases",0.022032261953096498,0.02643958333078197,0.059425991028547287,0.059425991028547287,22
5,0,"Conv2DLayer(1,8,5, stride=5, padding=0)","all",0.12880165694548565,0.14362362508113721,0.37381487730665164,0.20364496958780201,22
5,0,"Conv2DLayer(1,8,5, stride=5, padding=0)","weights",0.1263171038204999,0.14139391199696086,0.3715979281325108,0.201776782540567,22
5,0,"Conv2DLayer(1,8,5, stride=5, padding=0)","biases",0.023837996100476842,0.025209270747936302,0.040651473569999846,0.027520967751762278,22
5,4,"DenseLayer( 7202,128 )","all",0.70282203675608335,0.74251416960194705,1.0759975048395234,0.77849761543164264,22
5,4,"DenseLayer( 7202,128 )","weights",0.70255071530766477,0.74222178735831756,1.0755330236109113,0.77829365549628537,22
5,4,"DenseLayer( 7202,128 )","biases",0.019363730760203143,0.020835316899282523,0.033741961602307996,0.017819176383413446,22
5,6,"DenseLayer( 128,64 )","all",0.13169764812149357,0.14036279715742381,0.22006532030731449,0.12277042542951508,22
5,6,"DenseLayer( 128,64 )","weights",0.12961566753075235,0.13806749480119437,0.21626002165520072,0.12150239570978494,22
5,6,"DenseLayer( 128,64 )","biases",0.023017314424437347,0.025280065371320961,0.042201595012491967,0.0175995794531278,22
5,8,"DenseLayer( 64,1 )","all",0.080778033835912352,0.088440591529434232,0.14672334223222511,0.068515790410410851,22
5,8,"DenseLayer( 64,1 )","weights",0.077402395370438956,0.084358261640765098,0.13867611808147653,0.06725265160717038,22
5,8,"DenseLayer( 64,1 )","biases",0.021045902003110808,0.026559780176508518,0.048361819237470627,0.013095586560666561,22
6,0,"Conv2DLayer(1,8,5, stride=5, padding=0)","all",0.13092594725229609,0.14888068174677455,0.30661938321285803,0.30661938321285803,22
6,0,"Conv2DLayer(1,8,5, stride=5, padding=0)","weights",0.12815516333510665,0.14606814859881817,0.30347998441698115,0.30347998441698115,22
6,0,"Conv2DLayer(1,8,5, stride=5, padding=0)","biases",0.025787178158917186,0.028801968028208412,0.046921617981595574,0.043764657203071565,22
6,4,"DenseLayer( 7202,128 )","all",0.75375417813125989,0.83522729816872432,1.4553827695197961,1.4553827695197961,22
6,4,"DenseLayer( 7202,128 )","weights",0.75344388074579272,0.83487905466179257,1.4550534257758234,1.4550534257758234,22
6,4,"DenseLayer( 7202,128 )","biases",0.021441693155864659,0.024116461043419458,0.040291777519981559,0.030960199501171647,22
6,6,"DenseLayer( 128,64 )","all",0.14486036657016194,0.16427098078939475,0.27373489354511815,0.25386556364374901,22
6,6,"DenseLayer( 128,64 )","weights",0.14243214580623401,0.16148338456515468,0.26891349563774519,0.25137332751918723,22
6,6,"DenseLayer( 128,64 )","biases",0.026194209657665463,0.030134227033260158,0.051908043754657719,0.035484850515252575,22
6,8,"DenseLayer( 64,1 )","all",0.09229824307897648,0.10660889080553905,0.1851362769008161,0.14261348267448529,22
6,8,"DenseLayer( 64,1 )","weights",0.087909305311275235,0.10131506763525186,0.17492667189810132,0.13984283665616601,22
6,8,"DenseLayer( 64,1 )","biases",0.027200122543779962,0.033176990051113596,0.060630854219198227,0.027974747121334076,22
7,0,"Conv2DLayer(1,8,5, stride=5, padding=0)","all",0.18798193984851955,0.22137516686141895,0.49936645750100234,0.24700394959504199,22
7,0,"Conv2DLayer(1,8,5, stride=5, padding=0)","weights",0.18358531455706609,0.21652367664870645,0.48890539814101458,0.23660802565337716,22
7,0,"Conv2DLayer(1,8,5, stride=5, padding=0)","biases",0.038653921324091151,0.04609188598275725,0.10167777803274604,0.07090552384660069,22
7,4,"DenseLayer( 7202,128 )","all",1.0769550933620391,1.2850612276521189,2.8750673000941851,1.9040737596327522,22
7,4,"DenseLayer( 7202,128 )","weights",1.076474869870266,1.2844668082490405,2.873690143905272,1.903163064768062,22
7,4,"DenseLayer( 7202,128 )","biases",0.032055116628263165,0.0390816750062494,0.088977170625761284,0.058883198152281997,22
7,6,"DenseLayer( 128,64 )","all",0.21259862871149013,0.25801230034341716,0.5547192535944695,0.41384996396810042,22
7,6,"DenseLayer( 128,64 )","weights",0.20877913481971414,0.2532208330839098,0.54354266210729674,0.40623178650755898,22
7,6,"DenseLayer( 128,64 )","biases",0.039932821089685711,0.049492997694546528,0.11079180826089315,0.07904130760099462,22
7,8,"DenseLayer( 64,1 )","all",0.13932670972558853,0.17043434454956183,0.35374992310238407,0.28810677468860263,22
7,8,"DenseLayer( 64,1 )","weights",0.13212719379650328,0.16108688850366826,0.3321637783164379,0.27251811014957711,22
7,8,"DenseLayer( 64,1 )","biases",0.043193259509280324,0.055667586208183226,0.12168086320161819,0.093484722077846527,22
8,0,"Conv2DLayer(1,8,5, stride=5, padding=0)","all",0.14797993636574711,0.16796097792236625,0.3601023311978751,0.11192633756151872,22
8,0,"Conv2DLayer(1,8,5, stride=5, padding=0)","weights",0.14500447807104988,0.16523606722965586,0.35745652308267256,0.11063434222965467,22
8,0,"Conv2DLayer(1,8,5, stride=5, padding=0)","biases",0.027630564084535625,0.030131913167176276,0.054820687160929048,0.016957221451248693,22
8,4,"DenseLayer( 7202,128 )","all",0.77327274864319862,0.84766099620979141,1.5448364965525083,0.49197362830834707,22
8,4,"DenseLayer( 7202,128 )","weights",0.77294971486421449,0.84729806840822186,1.544018032233561,0.49182317312859786,22
8,4,"DenseLayer( 7202,128 )","biases",0.022195216610301469,0.024802172628058328,0.050280386019099399,0.012166237076308376,22
8,6,"DenseLayer( 128,64 )","all",0.14780622988178366,0.16424449068556887,0.31623337907118931,0.095827293785152728,22
8,6,"DenseLayer( 128,64 )","weights",0.14528132597237831,0.16137684768688951,0.30983408487055564,0.094437026134939331,22
8,6,"DenseLayer( 128,64 )","biases",0.026941741786019546,0.03055758091217935,0.063296049570315552,0.016264019459369772,22
8,8,"DenseLayer( 64,1 )","all",0.09315225986232159,0.10546248194699538,0.20658524360110039,0.067221706265039524,22
8,8,"DenseLayer( 64,1 )","weights",0.088726141815851936,0.10017083515425292,0.19382530664209793,0.06476413622177149,22
8,8,"DenseLayer( 64,1 )","biases",0.027362965153191577,0.032986950191247061,0.071478761732578278,0.018010120838880539,22
9,0,"Conv2DLayer(1,8,5, stride=5, padding=0)","all",0.14664539654537156,0.17620149242047117,0.4232722967378964,0.31714705864197157,22
9,0,"Conv2DLayer(1,8,5, stride=5, padding=0)","weights",0.14423837266493986,0.17356559930523741,0.4193545112119576,0.30890258755301081,22
9,0,"Conv2DLayer(1,8,5, stride=5, padding=0)","biases",0.025549756265977146,0.030363607641634482,0.071843219640468747,0.071843219640468747,22
9,4,"DenseLayer( 7202,128 )","all",0.70902163961901155,0.82340889569568532,1.8532250489041227,1.8532250489041227,22
9,4,"DenseLayer( 7202,128 )","weights",0.70875244220778055,0.82307260395658677,1.8523221087951371,1.8523221087951371,22
9,4,"DenseLayer( 7202,128 )","biases",0.019371648448604152,0.023530791038796489,0.057843644027871066,0.057843644027871066,22
9,6,"DenseLayer( 128,64 )","all",0.13241201843639525,0.1593762631017438,0.40429117515526475,0.40429117515526475,22
9,6,"DenseLayer( 128,64 )","weights",0.13040863661411065,0.15678111138134082,0.39718903703267555,0.39718903703267555,22
9,6,"DenseLayer( 128,64 )","biases",0.022635000293396511,0.028643958425955521,0.075446823455204634,0.075446823455204634,22
9,8,"DenseLayer( 64,1 )","all",0.080811341923164734,0.10138842927758297,0.27698377580440775,0.27698377580440775,22
9,8,"DenseLayer( 64,1 )","weights",0.0775617036500372,0.096765885027011375,0.26299478998387965,0.26299478998387965,22
9,8,"DenseLayer( 64,1 )","biases",0.021324251640842042,0.03026511335373883,0.086912326514720917,0.086912326514720917,22
10,0,"Conv2DLayer(1,8,5, stride=5, padding=0)","all",0.13621358597467617,0.1601343241180207,0.39757704170828173,0.39757704170828173,22
10,0,"Conv2DLayer(1,8,5, stride=5, padding=0)","weights",0.13400009505187421,0.15798833065254261,0.39508640364365172,0.39508640364365172,22
10,0,"Conv2DLayer(1,8,5, stride=5, padding=0)","biases",0.023255165396770236,0.026128320618787941,0.047020998280144194,0.044432395270054464,22
10,4,"DenseLayer( 7202,128 )","all",0.68703584505707427,0.76918521276609486,1.5205283672418533,1.2035665732823149,22
10,4,"DenseLayer( 7202,128 )","weights",0.68678990501258486,0.76890718188526574,1.5199190171896919,1.2033230737114751,22
10,4,"DenseLayer( 7202,128 )","biases",0.018268029057850993,0.020679390302460084,0.043042964260118464,0.024209018900016359,22
10,6,"DenseLayer( 128,64 )","all",0.12948556754265914,0.14649345031567151,0.30433620158254293,0.2188542440517364,22
10,6,"DenseLayer( 128,64 )","weights",0.12767441733358184,0.14440724188598192,0.29998318247925848,0.21699898636087386,22
10,6,"DenseLayer( 128,64 )","biases",0.021445674994308821,0.024634923914508559,0.051289509875861602,0.028436245494267993,22
10,8,"DenseLayer( 64,1 )","all",0.078445114367999572,0.090162806057141429,0.1806159438738271,0.1510525128576205,22
10,8,"DenseLayer( 64,1 )","weights",0.075595287635577074,0.086684244079448664,0.17214063899001947,0.1500104273922635,22
10,8,"DenseLayer( 64,1 )","biases",0.020146065719679675,0.024802689863647243,0.0566553995013237,0.017712518572807312,22
11,0,"Conv2DLayer(1,8,5, stride=5, padding=0)","all",0.14990019985528735,0.17189030897019542,0.3151070023924416,0.11348619773392463,22
11,0,"Conv2DLayer(1,8,5, stride=5, padding=0)","weights",0.14744681203530546,0.16953796651851125,0.313088657688392,0.11272717027990424,22
11,0,"Conv2DLayer(1,8,5, stride=5, padding=0)","biases",0.025570084128464943,0.028340011055703555,0.053365691918909976,0.013103516962591108,22
11,4,"DenseLayer( 7202,128 )","all",0.71971998301197093,0.79453204432079305,1.6675802932508001,0.51366005635016787,22
11,4,"DenseLayer( 7202,128 )","weights",0.71944679528922051,0.79422357319702896,1.6668375029253257,0.51351762812921387,22
11,4,"DenseLayer( 7202,128 )","biases",0.019702953306311777,0.02213786870324818,0.049767190799654235,0.012095416082299568,22
11,6,"DenseLayer( 128,64 )","all",0.13456548673842769,0.15148372853369918,0.3364041453717172,0.080328648703737807,22
11,6,"DenseLayer( 128,64 )","weights",0.13248894684565252,0.1491173803262002,0.33049181115995824,0.079484390160372786,22
11,6,"DenseLayer( 128,64 )","biases",0.023351130805002621,0.026670712310000781,0.062792609274388067,0.011615658543627684,22
11,8,"DenseLayer( 64,1 )","all",0.083927197959961453,0.095297709322179847,0.21217914791104789,0.043760001639590596,22
11,8,"DenseLayer( 64,1 )","weights",0.080468630766713733,0.091209210031104576,0.20027434523328352,0.042303277843620792,22
11,8,"DenseLayer( 64,1 )","biases",0.022907175801017067,0.027614007451953349,0.070072658360004425,0.011196893639862537,22
12,0,"Conv2DLayer(1,8,5, stride=5, padding=0)","all",0.17513304022972834,0.19898182031628966,0.3386630703683452,0.12358096449172695,22
12,0,"Conv2DLayer(1,8,5, stride=5, padding=0)","weights",0.17237438437905608,0.19611928663367734,0.33520168018643892,0.12176304441620969,22
12,0,"Conv2DLayer(1,8,5, stride=5, padding=0)","biases",0.030023463434125892,0.033630198136224115,0.0675622000930369,0.021119086135570002,22
12,4,"DenseLayer( 7202,128 )","all",0.8039254881854816,0.90363956588110339,1.9339406936715087,0.58683494304706374,22
12,4,"DenseLayer( 7202,128 )","weights",0.80360942625672949,0.90327377746187731,1.9330622837481648,0.58662018394300441,22
12,4,"DenseLayer( 7202,128 )","biases",0.022428483392041905,0.025708908485967567,0.058282191010338658,0.015874828242419151,22
12,6,"DenseLayer( 128,64 )","all",0.15531411553199315,0.17679181935323371,0.37901101401298098,0.11247068133193862,22
12,6,"DenseLayer( 128,64 )","weights",0.15282194818844133,0.17390779396841541,0.3718272312677115,0.11099771017658057,22
12,6,"DenseLayer( 128,64 )","biases",0.02745648801908223,0.031802933626720722,0.073442895033732691,0.018142835909149047,22
12,8,"DenseLayer( 64,1 )","all",0.10284095525706652,0.11794432934212894,0.24322115285962584,0.057846212393641384,22
12,8,"DenseLayer( 64,1 )","weights",0.098378223728495653,0.11273066830477356,0.22882104751344837,0.056053385647721381,22
12,8,"DenseLayer( 64,1 )","biases",0.028929315084083515,0.034679406677792186,0.082446694374084473,0.014289935119450092,22
13,0,"Conv2DLayer(1,8,5, stride=5, padding=0)","all",0.15428255488284004,0.20339145527118099,0.64151099180840776,0.35203602607748408,22
13,0,"Conv2DLayer(1,8,5, stride=5, padding=0)","weights",0.15144373546566786,0.20031044112950899,0.63693418030648463,0.3405979535078123,22
13,0,"Conv2DLayer(1,8,5, stride=5, padding=0)","biases",0.028163891932364113,0.035267708343899272,0.089007852028442733,0.089007852028442733,22
13,4,"DenseLayer( 7202,128 )","all",0.78330003078742549,0.97723902013715258,2.5971978859236988,2.5971978859236988,22
13,4,"DenseLayer( 7202,128 )","weights",0.78299758465079594,0.97684718090290412,2.5960234793921697,2.5960234793921697,22
13,4,"DenseLayer( 7202,128 )","biases",0.021652028783688854,0.027671061430150114,0.078095794324046217,0.078095794324046217,22
13,6,"DenseLayer( 128,64 )","all",0.14960621809808514,0.18867257983239105,0.50724680218919949,0.50724680218919949,22
13,6,"DenseLayer( 128,64 )","weights",0.14736686082303588,0.18567280871926145,0.49795257432230189,0.49795257432230189,22
13,6,"DenseLayer( 128,64 )","biases",0.025598885115093114,0.033510453337884306,0.096656877959932802,0.096656877959932802,22
13,8,"DenseLayer( 64,1 )","all",0.094693668795724439,0.12149117021552876,0.31936870940204592,0.31936870940204592,22
13,8,"DenseLayer( 64,1 )","weights",0.09088688684945409,0.11614191427616614,0.30099941352208071,0.30099941352208071,22
13,8,"DenseLayer( 64,1 )","biases",0.025800715221769431,0.035653333485191237,0.10675076395273209,0.10675076395273209,22
14,0,"Conv2DLayer(1,8,5, stride=5, padding=0)","all",0.15820191165104877,0.18317768892990804,0.38522445613685341,0.27486461247698046,22
14,0,"Conv2DLayer(1,8,5, stride=5, padding=0)","weights",0.15486963729729175,0.17992484923281687,0.3806006116786449,0.2705926049409923,22
14,0,"Conv2DLayer(1,8,5, stride=5, padding=0)","biases",0.030684836383155317,0.034367344242031056,0.059899803636964809,0.048272117659873964,22
14,4,"DenseLayer( 7202,128 )","all",0.90046514096315577,1.0046765022029986,1.7502237610169091,1.3736457504608757,22
14,4,"DenseLayer( 7202,128 )","weights",0.90010401737975076,1.0042599721254752,1.749590065268916,1.3729285265244717,22
14,4,"DenseLayer( 7202,128 )","biases",0.025367972450750467,0.028927192490649577,0.05206057510283596,0.044383654813065068,22
14,6,"DenseLayer( 128,64 )","all",0.17283459350024927,0.19766552722169139,0.35037255193087807,0.24277340294505104,22
14,6,"DenseLayer( 128,64 )","weights",0.17013825949720629,0.19449801780720358,0.34596192657903047,0.23711686676352092,22
14,6,"DenseLayer( 128,64 )","biases",0.030175149365069674,0.035244598464132637,0.063775348606493934,0.052101023730544795,22
14,8,"DenseLayer( 64,1 )","all",0.10689663927819444,0.12522683162432474,0.24759485010907514,0.15514844885434617,22
14,8,"DenseLayer( 64,1 )","weights",0.10210308966143221,0.11940731748552723,0.23801609592485859,0.1449542914874507,22
14,8,"DenseLayer( 64,1 )","biases",0.03058563150592487,0.037731311792428876,0.070040285587310791,0.055310890078544617,22
15,0,"Conv2DLayer(1,8,5, stride=5, padding=0)","all",0.14134150669014706,0.15603986597399411,0.31371684420227919,0.11914094329269995,22
15,0,"Conv2DLayer(1,8,5, stride=5, padding=0)","weights",0.13838174499546904,0.15338902576217242,0.31084495865197431,0.11470147756117534,22
15,0,"Conv2DLayer(1,8,5, stride=5, padding=0)","biases",0.027221573777248209,0.028639946733778166,0.042351741603970629,0.032220108844594787,22
15,4,"DenseLayer( 7202,128 )","all",0.78099380922941952,0.82897928590476866,1.3284551854106512,0.88966170320332139,22
15,4,"DenseLayer( 7202,128 )","weights",0.78068191570453938,0.82864709533268754,1.3279673799566569,0.88928256909810754,22
15,4,"DenseLayer( 7202,128 )","biases",0.021978412184726563,0.023465887067824966,0.037394273085194434,0.025970337789565572,22
15,6,"DenseLayer( 128,64 )","all",0.14917111380018497,0.15962375046662008,0.24719435015452068,0.18060674559839837,22
15,6,"DenseLayer( 128,64 )","weights",0.1468320357926465,0.15709041809088964,0.24249685719956413,0.17787034930899609,22
15,6,"DenseLayer( 128,64 )","biases",0.026197927440087639,0.028325646630911971,0.047961661737787778,0.031319888127838279,22
15,8,"DenseLayer( 64,1 )","all",0.091210614752831265,0.098703204989416093,0.16053122650693574,0.10546199528849512,22
15,8,"DenseLayer( 64,1 )","weights",0.087191614818013116,0.094168677125466352,0.150824029057787,0.10031971015851332,22
15,8,"DenseLayer( 64,1 )","biases",0.026052486299621789,0.029573348197699283,0.054976239800453186,0.032529804855585098,22
16,0,"Conv2DLayer(1,8,5, stride=5, padding=0)","all",0.16364362883711686,0.17758802590733203,0.27179634471943209,0.25289975215045513,22
16,0,"Conv2DLayer(1,8,5, stride=5, padding=0)","weights",0.15999630774281898,0.17400590533646129,0.26715146782916527,0.25149386571448562,22
16,0,"Conv2DLayer(1,8,5, stride=5, padding=0)","biases",0.032586721725075804,0.035488756722400143,0.067368205385283333,0.026629309899918602,22
16,4,"DenseLayer( 7202,128 )","all",0.94142357878213623,1.0251608478776526,1.9324459224141937,0.70240314599781772,22
16,4,"DenseLayer( 7202,128 )","weights",0.94103031408051874,1.0247171969317153,1.9316144449408563,0.70224312626842234,22
16,4,"DenseLayer( 7202,128 )","biases",0.027018174278896072,0.030156762651777861,0.058103697257496201,0.01499236860486502,22
16,6,"DenseLayer( 128,64 )","all",0.18510788435376752,0.20437249986501471,0.39109219721721661,0.12155087599068568,22
16,6,"DenseLayer( 128,64 )","weights",0.18205812754836911,0.20083671416466298,0.38328681842605966,0.12063987814149527,22
16,6,"DenseLayer( 128,64 )","biases",0.033171853814514145,0.03785145894964824,0.077745234870177468,0.014853796016783686,22
16,8,"DenseLayer( 64,1 )","all",0.1198569313708779,0.13366523541770939,0.27870858432003814,0.084676010545099878,22
16,8,"DenseLayer( 64,1 )","weights",0.11416180765059904,0.126810336620372,0.26256916560699106,0.084365033574692438,22
16,8,"DenseLayer( 64,1 )","biases",0.035146142969923938,0.042255575791836163,0.093466080725193024,0.0072503704577684402,22
17,0,"Conv2DLayer(1,8,5, stride=5, padding=0)","all",0.1761291000514873,0.19487386190385342,0.3143953564588261,0.15234065946359099,22
17,0,"Conv2DLayer(1,8,5, stride=5, padding=0)","weights",0.17231868824518304,0.19095205864716863,0.31273313941057868,0.14658180242331936,22
17,0,"Conv2DLayer(1,8,5, stride=5, padding=0)","biases",0.035056648686973543,0.038899014791256639,0.073467469005709843,0.041490381103730094,22
17,4,"DenseLayer( 7202,128 )","all",0.99599374881492786,1.0917841500322512,2.1001619374300442,1.0628119484312273,22
17,4,"DenseLayer( 7202,128 )","weights",0.99557460881497473,1.0913095239747499,2.0991328044728657,1.062331687562607,22
17,4,"DenseLayer( 7202,128 )","biases",0.028755920883007047,0.032189332761800304,0.065739125456611605,0.031947195942133313,22
17,6,"DenseLayer( 128,64 )","all",0.19592844004481064,0.21892103334088711,0.44902427579069326,0.22131830500720875,22
17,6,"DenseLayer( 128,64 )","weights",0.19270488608771344,0.21518501813018709,0.44044472310111515,0.2174839849659537,22
17,6,"DenseLayer( 128,64 )","biases",0.035176898054654522,0.040271910947369587,0.087357003964985941,0.041018391175090124,22
17,8,"DenseLayer( 64,1 )","all",0.12531492293437047,0.14321179823764341,0.30882554089765213,0.14589259717451511,22
17,8,"DenseLayer( 64,1 )","weights",0.119407598177296,0.13609650288789907,0.29115854066889302,0.13825707681518384,22
17,8,"DenseLayer( 64,1 )","biases",0.036932689338837837,0.044579827906168115,0.10295590758323669,0.04657929390668869,22
18,0,"Conv2DLayer(1,8,5, stride=5, padding=0)","all",0.14875810909579434,0.1745751673394656,0.43163015413571121,0.27955128786423278,22
18,0,"Conv2DLayer(1,8,5, stride=5, padding=0)","weights",0.14577333986460292,0.17155686010482354,0.42723496744387368,0.27649925199202474,22
18,0,"Conv2DLayer(1,8,5, stride=5, padding=0)","biases",0.028497240441194262,0.032322326688783022,0.061439991475016005,0.041195706018976513,22
18,4,"DenseLayer( 7202,128 )","all",0.85501562784533081,0.95803113201988332,1.6517854134331078,1.2872682506555984,22
18,4,"DenseLayer( 7202,128 )","weights",0.85466377191083398,0.95762766765378182,1.651165019892965,1.2867287834962344,22
18,4,"DenseLayer( 7202,128 )","biases",0.024417207864588245,0.027801080253779708,0.04585875785459189,0.037263747372277778,22
18,6,"DenseLayer( 128,64 )","all",0.16358070002461444,0.18658170106493596,0.34457913339037816,0.225706410715831,22
18,6,"DenseLayer( 128,64 )","weights",0.16082279817329467,0.18343764406604537,0.34013026810665625,0.22121748420161058,22
18,6,"DenseLayer( 128,64 )","biases",0.029702002277689581,0.034108091588125715,0.058541455458071337,0.044790719147314001,22
18,8,"DenseLayer( 64,1 )","all",0.10358866974825827,0.11921631768618611,0.23508109006447139,0.14480867346976681,22
18,8,"DenseLayer( 64,1 )","weights",0.098401645095113482,0.11330363743242192,0.22761522082558208,0.13647095116800176,22
18,8,"DenseLayer( 64,1 )","biases",0.031844404102726417,0.037078513282438004,0.064762294292449951,0.048427589237689972,22
19,0,"Conv2DLayer(1,8,5, stride=5, padding=0)","all",0.16588010869938799,0.18610501434632939,0.30231389251841329,0.22893063145223147,22
19,0,"Conv2DLayer(1,8,5, stride=5, padding=0)","weights",0.16287127447947286,0.18283384889444379,0.29922784647464434,0.22158598517437739,22
19,0,"Conv2DLayer(1,8,5, stride=5, padding=0)","biases",0.030052371944565455,0.034739891526761567,0.073498743644380055,0.057522910143855251,22
19,4,"DenseLayer( 7202,128 )","all",0.85748020818246007,0.98949700025328946,2.0948401029965251,1.5854609693528103,22
19,4,"DenseLayer( 7202,128 )","weights",0.85714286903582126,0.98909222122824292,2.093884701543951,1.5848245138922237,22
19,4,"DenseLayer( 7202,128 )","biases",0.02391699033714233,0.028300025018345418,0.063260681016665113,0.044919322205807188,22
19,6,"DenseLayer( 128,64 )","all",0.16461998091088009,0.19447940694377794,0.42541791138362356,0.31956641376315958,22
19,6,"DenseLayer( 128,64 )","weights",0.16211298082876585,0.1914475049772468,0.41833963312428019,0.31488415442401668,22
19,6,"DenseLayer( 128,64 )","biases",0.028321040623146162,0.034206615781024449,0.077280985264470137,0.054503780585560491,22
19,8,"DenseLayer( 64,1 )","all",0.10157702467341802,0.11938046903036025,0.25446411055614315,0.17114786692654194,22
19,8,"DenseLayer( 64,1 )","weights",0.097199236535149572,0.11394337469572133,0.24090317899635155,0.16340907346803651,22
19,8,"DenseLayer( 64,1 )","biases",0.02833397608165714,0.035617464099220369,0.081961221992969513,0.050882875919342041,22
20,0,"Conv2DLayer(1,8,5, stride=5, padding=0)","all",0.16517186942647846,0.18268839512149948,0.32660641682966368,0.32660641682966368,22
20,0,"Conv2DLayer(1,8,5, stride=5, padding=0)","weights",0.16196131927135515,0.17928716432496902,0.3233582217979179,0.3233582217979179,22
20,0,"Conv2DLayer(1,8,5, stride=5, padding=0)","biases",0.030640428744533904,0.035087924138949365,0.075830179264250092,0.045947926068546141,22
20,4,"DenseLayer( 7202,128 )","all",0.85448917839355198,0.99042279370893105,2.137798591448226,1.5391721724786964,22
20,4,"DenseLayer( 7202,128 )","weights",0.85415208075397442,0.99000502610481411,2.1367829790511434,1.5384880570171779,22
20,4,"DenseLayer( 7202,128 )","biases",0.023790529494492011,0.028763841631643954,0.065888679113635162,0.045885454648489865,22
20,6,"DenseLayer( 128,64 )","all",0.16452751558557671,0.19511209109627428,0.44472024282556449,0.26664839171229821,22
20,6,"DenseLayer( 128,64 )","weights",0.16198778339780251,0.19187413778253057,0.43672761494987838,0.26095867645915327,22
20,6,"DenseLayer( 128,64 )","biases",0.028436855896200874,0.035398352252206729,0.083935002942871109,0.054789907678715596,22
20,8,"DenseLayer( 64,1 )","all",0.10493484249161,0.1268497144483143,0.28904168570581773,0.17489145157417332,22
20,8,"DenseLayer( 64,1 )","weights",0.10043963841820175,0.12067951281194968,0.27373673104796364,0.16412740940049084,22
20,8,"DenseLayer( 64,1 )","biases",0.029101761735298416,0.039080752847013497,0.095490872859954834,0.060408718883991241,22
21,0,"Conv2DLayer(1,8,5, stride=5, padding=0)","all",0.1553147351521483,0.17360740856742723,0.34576715050267282,0.25363611060261099,22
21,0,"Conv2DLayer(1,8,5, stride=5, padding=0)","weights",0.15210717275004937,0.17036772685994117,0.34360891519792802,0.25192145311020769,22
21,0,"Conv2DLayer(1,8,5, stride=5, padding=0)","biases",0.02940289443656165,0.033382180187550417,0.073752400065011783,0.029442453438213421,22
21,4,"DenseLayer( 7202,128 )","all",0.83290226148578872,0.93953247293799758,2.1207046715168967,1.1481644696877751,22
21,4,"DenseLayer( 7202,128 )","weights",0.83255566467895825,0.93912810500676303,2.1197321915109577,1.1478461543731111,22
21,4,"DenseLayer( 7202,128 )","biases",0.023852256472638941,0.027562113333258271,0.064216353569321802,0.027034336394099665,22
21,6,"DenseLayer( 128,64 )","all",0.15993559859311757,0.18301585278973451,0.43095529264760563,0.16741514608101865,22
21,6,"DenseLayer( 128,64 )","weights",0.15731142805327378,0.17987006355735746,0.42337356618624811,0.16559557454873033,22
21,6,"DenseLayer( 128,64 )","biases",0.028526866817681362,0.03378701833879328,0.08048159861559645,0.024615784107046221,22
21,8,"DenseLayer( 64,1 )","all",0.10309233107293253,0.11798473187314185,0.2663872251881842,0.090991248241191744,22
21,8,"DenseLayer( 64,1 )","weights",0.098350288018729401,0.11204145978536303,0.25143508394281472,0.08786801140562335,22
21,8,"DenseLayer( 64,1 )","biases",0.029418202582746744,0.036974426896735732,0.087991774082183838,0.023635139688849449,22
22,0,"Conv2DLayer(1,8,5, stride=5, padding=0)","all",0.14905155180539656,0.16589163974539908,0.28335238247050187,0.28335238247050187,22
22,0,"Conv2DLayer(1,8,5, stride=5, padding=0)","weights",0.14646108214281431,0.16332290132803381,0.27939731970579534,0.27939731970579534,22
22,0,"Conv2DLayer(1,8,5, stride=5, padding=0)","biases",0.026595158718216088,0.029080337673600101,0.048702723532951291,0.047177435209294218,22
22,4,"DenseLayer( 7202,128 )","all",0.76027980815667284,0.82861961662355366,1.4350702742999246,1.2427230867312868,22
22,4,"DenseLayer( 7202,128 )","weights",0.75996728584158357,0.82826922317368201,1.4344502655903497,1.2421756380588875,22
22,4,"DenseLayer( 7202,128 )","biases",0.02168024052853771,0.024094874903812402,0.0421797075266786,0.036882983989010819,22
22,6,"DenseLayer( 128,64 )","all",0.14587025316608193,0.16286665860395577,0.29650113502265701,0.26595394209869494,22
22,6,"DenseLayer( 128,64 )","weights",0.14347774610240133,0.16013341772978693,0.29188320366660414,0.26163851906496022,22
22,6,"DenseLayer( 128,64 )","biases",0.026031322809667721,0.029712573281273434,0.052125986676930795,0.047715664716426479,22
22,8,"DenseLayer( 64,1 )","all",0.09592862365062188,0.10875570933490401,0.19460398852796812,0.19460398852796812,22
22,8,"DenseLayer( 64,1 )","weights",0.091551414771714981,0.10359896275693881,0.18651753442679514,0.18651753442679514,22
22,8,"DenseLayer( 64,1 )","biases",0.027541890888559548,0.033091679144832409,0.061128709465265274,0.05551505833864212,22
23,0,"Conv2DLayer(1,8,5, stride=5, padding=0)","all",0.15628533828181007,0.17144747848774466,0.28673942154756515,0.20865594900313206,22
23,0,"Conv2DLayer(1,8,5, stride=5, padding=0)","weights",0.15291236637904207,0.16791286006135511,0.27895590075220605,0.19946451291009312,22
23,0,"Conv2DLayer(1,8,5, stride=5, padding=0)","biases",0.030853709772292553,0.034633932866791756,0.066355868654985106,0.061247148047373974,22
23,4,"DenseLayer( 7202,128 )","all",0.87399287414506766,0.98696564331713399,2.0229950941206587,1.7820046007798271,22
23,4,"DenseLayer( 7202,128 )","weights",0.87361930213412076,0.98652935853054702,2.0221108951197984,1.7810732187261447,22
23,4,"DenseLayer( 7202,128 )","biases",0.025448722468162419,0.029342901112726558,0.059805339845700335,0.057607176089108626,22
23,6,"DenseLayer( 128,64 )","all",0.16771829770400035,0.19431385329685205,0.39021864306970749,0.37268267968995233,22
23,6,"DenseLayer( 128,64 )","weights",0.16486279490788874,0.19089227199537806,0.3827499632783396,0.36546430390206297,22
23,6,"DenseLayer( 128,64 )","biases",0.03064900008383967,0.036304463575614843,0.075980622592826244,0.072994673191022444,22
23,8,"DenseLayer( 64,1 )","all",0.10743619023927205,0.12604830920012436,0.26248965158392507,0.23743872397354213,22
23,8,"DenseLayer( 64,1 )","weights",0.10209766083634494,0.11934783059200817,0.2465519070561637,0.2232245037539114,22
23,8,"DenseLayer( 64,1 )","biases",0.03268537952416492,0.040549618804514936,0.09007205069065094,0.080919519066810608,22
24,0,"Conv2DLayer(1,8,5, stride=5, padding=0)","all",0.14983286895536449,0.1648812658467417,0.28849491046210307,0.059794752990017123,22
24,0,"Conv2DLayer(1,8,5, stride=5, padding=0)","weights",0.1465077600849862,0.16140722028162899,0.28407053758079159,0.057987747636335268,22
24,0,"Conv2DLayer(1,8,5, stride=5, padding=0)","biases",0.029947284318908335,0.033668101642082685,0.062072316528571855,0.014588817950809279,22
24,4,"DenseLayer( 7202,128 )","all",0.88294547454199934,0.97206296711298112,1.7029347097499166,0.49313410554924902,22
24,4,"DenseLayer( 7202,128 )","weights",0.88257303271435394,0.97163347201609784,1.7020819413282018,0.49290924316983253,22
24,4,"DenseLayer( 7202,128 )","biases",0.025483939481090043,0.02889304571061322,0.053885904237128586,0.014890401391526777,22
24,6,"DenseLayer( 128,64 )","all",0.17268007966581098,0.19495461938208644,0.35950816541972347,0.10322620232713678,22
24,6,"DenseLayer( 128,64 )","weights",0.16978205678225039,0.19158277731194318,0.35277958873104048,0.10114670219002872,22
24,6,"DenseLayer( 128,64 )","biases",0.031279034574943937,0.036101842831863622,0.069229204662578453,0.020615370066157365,22
24,8,"DenseLayer( 64,1 )","all",0.10836386650329052,0.12452885126463244,0.2305550585999398,0.070988857701300465,22
24,8,"DenseLayer( 64,1 )","weights",0.10298979789548872,0.11805549115421032,0.21722538486529908,0.066744370331343963,22
24,8,"DenseLayer( 64,1 )","biases",0.03317040550014512,0.039627462770496863,0.077257797122001648,0.024178646504878998,22
25,0,"Conv2DLayer(1,8,5, stride=5, padding=0)","all",0.14303840635742024,0.16555246104658042,0.31728622002825707,0.11357001822122814,22
25,0,"Conv2DLayer(1,8,5, stride=5, padding=0)","weights",0.14090298262619308,0.16341107823132905,0.31274847403433709,0.11266805623442279,22
25,0,"Conv2DLayer(1,8,5, stride=5, padding=0)","biases",0.023663697542469855,0.026541229622117742,0.053469032243095259,0.014284892128645463,22
25,4,"DenseLayer( 7202,128 )","all",0.70817198507770329,0.78568535868476697,1.6636946965539854,0.45144725928137108,22
25,4,"DenseLayer( 7202,128 )","weights",0.7079017000780452,0.78538347225572558,1.6630639463120511,0.45129718821118697,22
25,4,"DenseLayer( 7202,128 )","biases",0.01946985252668559,0.021778070602116634,0.045807792119300937,0.011639408289855321,22
25,6,"DenseLayer( 128,64 )","all",0.13063614015612712,0.14701436488930195,0.30618033910461423,0.0650690864092206,22
25,6,"DenseLayer( 128,64 )","weights",0.12854255952691224,0.14461908275992746,0.30135933183602054,0.064616370088276656,22
25,6,"DenseLayer( 128,64 )","biases",0.023126269439791909,0.026429990266401266,0.054119803857403607,0.007662292264426049,22
25,8,"DenseLayer( 64,1 )","all",0.082476875033477462,0.093459409318448858,0.17935723850981097,0.033413893208960863,22
25,8,"DenseLayer( 64,1 )","weights",0.078823097222122482,0.089207497944588543,0.17102738048526314,0.0334096856960251,22
25,8,"DenseLayer( 64,1 )","biases",0.023355491694846107,0.02786904197527422,0.054024569690227509,0.00053024623775854707,22
26,0,"Conv2DLayer(1,8,5, stride=5, padding=0)","all",0.15043476828010238,0.17279838629559033,0.34847016059469199,0.32597923928304406,22
26,0,"Conv2DLayer(1,8,5, stride=5, padding=0)","weights",0.14732288398838725,0.16932359807753872,0.34570773674375621,0.31678983907363029,22
26,0,"Conv2DLayer(1,8,5, stride=5, padding=0)","biases",0.028962251114479552,0.034478999991823897,0.076854813143065623,0.076854813143065623,22
26,4,"DenseLayer( 7202,128 )","all",0.85163083535694051,1.002467203540186,2.1947868050625337,2.1947868050625337,22
26,4,"DenseLayer( 7202,128 )","weights",0.85128922163683685,1.0020495810649499,2.1938414492911158,2.1938414492911158,22
26,4,"DenseLayer( 7202,128 )","biases",0.023981223524037983,0.028933220720121177,0.064411295972534324,0.064411295972534324,22
26,6,"DenseLayer( 128,64 )","all",0.16615352878169021,0.20082796682050491,0.44918018141241328,0.44918018141241328,22
26,6,"DenseLayer( 128,64 )","weights",0.16362255411704785,0.19769156897320078,0.44235451784440283,0.44235451784440283,22
26,6,"DenseLayer( 128,64 )","biases",0.028607904075142403,0.035354148471884152,0.078008434905043611,0.078008434905043611,22
26,8,"DenseLayer( 64,1 )","all",0.10308260341288576,0.12559141016682532,0.28275433243401038,0.28275433243401038,22
26,8,"DenseLayer( 64,1 )","weights",0.098517546902948866,0.11967781013222868,0.26951381088135679,0.26951381088135679,22
26,8,"DenseLayer( 64,1 )","biases",0.029333058649420062,0.038084433429499402,0.08551209419965744,0.08551209419965744,22
27,0,"Conv2DLayer(1,8,5, stride=5, padding=0)","all",0.16696962502345655,0.19489664303478016,0.42322607378177129,0.070578828805848176,22
27,0,"Conv2DLayer(1,8,5, stride=5, padding=0)","weights",0.16415695254598331,0.19211830389926662,0.41930333746622916,0.069881603088540994,22
27,0,"Conv2DLayer(1,8,5, stride=5, padding=0)","biases",0.029049252555887937,0.03279113863676527,0.057565003876547671,0.0098960914193858499,22
27,4,"DenseLayer( 7202,128 )","all",0.83394049641971468,0.93008861971710433,1.5924815665861713,0.54979885073748869,22
27,4,"DenseLayer( 7202,128 )","weights",0.83361830733674602,0.9297249524318314,1.5917906867982607,0.54966222859696701,22
27,4,"DenseLayer( 7202,128 )","biases",0.023015837844578616,0.026006794360268384,0.046903617547776284,0.012256048550777847,22
27,6,"DenseLayer( 128,64 )","all",0.15901355041750989,0.18150920957524014,0.32659181079545352,0.09287544671529202,22
27,6,"DenseLayer( 128,64 )","weights",0.15667266113713696,0.1788661431508673,0.32299349704230224,0.091730603186841952,22
27,6,"DenseLayer( 128,64 )","biases",0.026867050889294686,0.030862533838975321,0.053453402465940068,0.014537711014571322,22
27,8,"DenseLayer( 64,1 )","all",0.10009133127661665,0.11566253931363031,0.22669413793071883,0.054531632327757443,22
27,8,"DenseLayer( 64,1 )","weights",0.096040384440056303,0.11099605442228534,0.22051640871862119,0.052346003448059356,22
27,8,"DenseLayer( 64,1 )","biases",0.026808999277735977,0.032522283178801382,0.055532082915306091,0.015283809974789619,22
28,0,"Conv2DLayer(1,8,5, stride=5, padding=0)","all",0.14943739827111377,0.16021708294435735,0.28802467847299706,0.19845402539378937,22
28,0,"Conv2DLayer(1,8,5, stride=5, padding=0)","weights",0.14682877778345918,0.15775395772330578,0.28630635300941226,0.1971525643462006,22
28,0,"Conv2DLayer(1,8,5, stride=5, padding=0)","biases",0.02661450149475755,0.027985755123500562,0.037315056616885396,0.022690671358865138,22
28,4,"DenseLayer( 7202,128 )","all",0.76455534921191193,0.80855094425035323,1.1164443818551126,0.69111295157881514,22
28,4,"DenseLayer( 7202,128 )","weights",0.76423631597846609,0.80821003280028314,1.1160073708016178,0.69084063646556992,22
28,4,"DenseLayer( 7202,128 )","biases",0.0219785909403033,0.023477059634948227,0.03356734918254705,0.019399145543757147,22
28,6,"DenseLayer( 128,64 )","all",0.14832314050732934,0.15884313802642577,0.22664993177664033,0.13535570633224064,22
28,6,"DenseLayer( 128,64 )","weights",0.14593142212460028,0.15626178132862156,0.22353775894132025,0.13326522548354555,22
28,6,"DenseLayer( 128,64 )","biases",0.026300578078844238,0.028520136642172754,0.041856685402484169,0.023696981105607837,22
28,8,"DenseLayer( 64,1 )","all",0.095228904745339127,0.1021858546027207,0.14704775018923621,0.095697169520168074,22
28,8,"DenseLayer( 64,1 )","weights",0.09087791305752578,0.097400988891575252,0.14119479375442981,0.092358993718335697,22
28,8,"DenseLayer( 64,1 )","biases",0.027712578461928802,0.030903013507287736,0.046775747090578079,0.025055229663848877,22
29,0,"Conv2DLayer(1,8,5, stride=5, padding=0)","all",0.16535847808100715,0.17781273025690009,0.33404358970601156,0.13999925017807843,22
29,0,"Conv2DLayer(1,8,5, stride=5, padding=0)","weights",0.16225718319245463,0.17473771957440623,0.32925844517727298,0.13884907487914075,22
29,0,"Conv2DLayer(1,8,5, stride=5, padding=0)","biases",0.030669400518783127,0.032925619194622335,0.056338229499363159,0.017908781522787982,22
29,4,"DenseLayer( 7202,128 )","all",0.87968598145422139,0.94008498260364681,1.700009285855506,0.51651311199747307,22
29,4,"DenseLayer( 7202,128 )","weights",0.87931647368166821,0.93968314718551482,1.6992570185420319,0.51637996016341936,22
29,4,"DenseLayer( 7202,128 )","biases",0.025398302595217696,0.027483766343517724,0.050568339211332462,0.011727387046553732,22
29,6,"DenseLayer( 128,64 )","all",0.17550186611916285,0.1899774551401075,0.34267218613904654,0.10068124699752948,22
29,6,"DenseLayer( 128,64 )","weights",0.1726253669790736,0.18682601425323481,0.3367396248948763,0.099859025209875621,22
29,6,"DenseLayer( 128,64 )","biases",0.031471310498703498,0.034459742595696577,0.063487417485446548,0.01284089487189125,22
29,8,"DenseLayer( 64,1 )","all",0.11341406344649989,0.12360526083163847,0.21339265723208617,0.06167669704845772,22
29,8,"DenseLayer( 64,1 )","weights",0.10814879975202793,0.11770638983202417,0.20531972343383867,0.061146277579001693,22
29,8,"DenseLayer( 64,1 )","biases",0.033592515889639879,0.037728852327746996,0.068441830575466156,0.0080714123323559761,22
30,0,"Conv2DLayer(1,8,5, stride=5, padding=0)","all",0.16460531516145976,0.19204242555343387,0.41870390248304007,0.30254042216121441,22
30,0,"Conv2DLayer(1,8,5, stride=5, padding=0)","weights",0.16087225060209193,0.18818863502188202,0.41188076586241956,0.30091654441633137,22
30,0,"Conv2DLayer(1,8,5, stride=5, padding=0)","biases",0.033078529000460141,0.038279640294118053,0.075280758943529688,0.031303998754470728,22
30,4,"DenseLayer( 7202,128 )","all",0.95024005534437095,1.0947209444342647,2.1897915799005534,0.88173864621063747,22
30,4,"DenseLayer( 7202,128 )","weights",0.94983036124041154,1.094229807537386,2.188843871461001,0.88150643718790422,22
30,4,"DenseLayer( 7202,128 )","biases",0.027749689778010435,0.032788328407274102,0.065069751618166666,0.020234658822303676,22
30,6,"DenseLayer( 128,64 )","all",0.18609789647122121,0.21785455622338826,0.42301271228562609,0.14869696537715207,22
30,6,"DenseLayer( 128,64 )","weights",0.18296648717681349,0.21402018364434147,0.41471705140669368,0.14744004941658551,22
30,6,"DenseLayer( 128,64 )","biases",0.03376444498176881,0.040693594829306852,0.08336379326649937,0.01929298681927677,22
30,8,"DenseLayer( 64,1 )","all",0.11863974952083181,0.1403274436040913,0.2851045791110734,0.097003183814938138,22
30,8,"DenseLayer( 64,1 )","weights",0.11292737991977708,0.13307950924010747,0.26814206373337757,0.097002486679416647,22
30,8,"DenseLayer( 64,1 )","biases",0.034924737357703801,0.044515566365840739,0.096873395144939423,0.00036776112392544746,22
31,0,"Conv2DLayer(1,8,5, stride=5, padding=0)","all",0.17304667669960716,0.19635775958463109,0.39855607760712369,0.22196513800383449,22
31,0,"Conv2DLayer(1,8,5, stride=5, padding=0)","weights",0.16967609588736046,0.192932629238036,0.39509264336940242,0.21331280791290455,22
31,0,"Conv2DLayer(1,8,5, stride=5, padding=0)","biases",0.031994403977542989,0.036515343684461223,0.07437509055330456,0.061369116576447322,22
31,4,"DenseLayer( 7202,128 )","all",0.9128451943576783,1.0497367072153152,2.1874994881031165,1.6860769667272006,22
31,4,"DenseLayer( 7202,128 )","weights",0.91247748803091222,1.0492931888448038,2.1864674634507262,1.6852145399678427,22
31,4,"DenseLayer( 7202,128 )","biases",0.025728577682491104,0.030511609579889888,0.06718661862860302,0.053921164759022887,22
31,6,"DenseLayer( 128,64 )","all",0.17736194692619431,0.20651352255864849,0.44953404317581963,0.33964076313008551,22
31,6,"DenseLayer( 128,64 )","weights",0.17454600411042065,0.2030612369347532,0.44134953566722424,0.33282848109465901,22
31,6,"DenseLayer( 128,64 )","biases",0.031233201747748233,0.037602779872097855,0.085389948707826693,0.06768345552503266,22
31,8,"DenseLayer( 64,1 )","all",0.11063664744206253,0.12814549020157881,0.27973440480839951,0.21682792586320282,22
31,8,"DenseLayer( 64,1 )","weights",0.10576098130371492,0.12190488607563106,0.26350294786602951,0.20324036052298658,22
31,8,"DenseLayer( 64,1 )","biases",0.030754784418439322,0.039502726613366082,0.093901723623275757,0.075549356639385223,22
32,0,"Conv2DLayer(1,8,5, stride=5, padding=0)","all",0.14093971934983543,0.15091718034096796,0.24223138636515651,0.16218807626489098,22
32,0,"Conv2DLayer(1,8,5, stride=5, padding=0)","weights",0.13792543968790455,0.14779114132855892,0.23696454772976036,0.15939139005142117,22
32,0,"Conv2DLayer(1,8,5, stride=5, padding=0)","biases",0.028139648365370029,0.030557713704892304,0.051359403154045052,0.029989279084062844,22
32,4,"DenseLayer( 7202,128 )","all",0.84049065840937154,0.91796876935223526,1.4888780802675277,0.99073941724659087,22
32,4,"DenseLayer( 7202,128 )","weights",0.84015235428438706,0.91758559714535226,1.48823323117271,0.99030267070109435,22
32,4,"DenseLayer( 7202,128 )","biases",0.023723534318795446,0.026520433960712748,0.044868579567251966,0.029414508127695058,22
32,6,"DenseLayer( 128,64 )","all",0.15821942006054404,0.17501003067017812,0.28776706175453576,0.18641388417994578,22
32,6,"DenseLayer( 128,64 )","weights",0.15565842534532343,0.17206347622346924,0.28217357810543953,0.18285295979787658,22
32,6,"DenseLayer( 128,64 )","biases",0.02815608626252666,0.031979227399553035,0.056461966402280253,0.036261981581407955,22
32,8,"DenseLayer( 64,1 )","all",0.096169651564125075,0.10687035380992277,0.17920466309610514,0.12603002012442721,22
32,8,"DenseLayer( 64,1 )","weights",0.091402336143309976,0.10127503520334953,0.16881031320076667,0.11838830833953309,22
32,8,"DenseLayer( 64,1 )","biases",0.029335154834288089,0.034126818896849827,0.062037959694862366,0.043217755854129791,22
33,0,"Conv2DLayer(1,8,5, stride=5, padding=0)","all",0.15331351553857198,0.16869919727434496,0.38176400026831631,0.38176400026831631,22
33,0,"Conv2DLayer(1,8,5, stride=5, padding=0)","weights",0.1506240680147265,0.166135001265489,0.37931770250404112,0.37931770250404112,22
33,0,"Conv2DLayer(1,8,5, stride=5, padding=0)","biases",0.027337511366415244,0.029301544592808183,0.048428056551925024,0.043148956741997868,22
33,4,"DenseLayer( 7202,128 )","all",0.8222798859232483,0.8757083488524311,1.3254786359528299,1.2036433484372404,22
33,4,"DenseLayer( 7202,128 )","weights",0.82195194893136148,0.87535189904544963,1.3248823792721751,1.2033122044773426,22
33,4,"DenseLayer( 7202,128 )","biases",0.02309566606712465,0.024983296167161266,0.040572995447134261,0.028232052583729794,22
33,6,"DenseLayer( 128,64 )","all",0.15196426530917043,0.16414469697695014,0.27421422079093943,0.1885264813721042,22
33,6,"DenseLayer( 128,64 )","weights",0.14954912968781187,0.16145667939409067,0.26980778957018225,0.18685337473218827,22
33,6,"DenseLayer( 128,64 )","biases",0.026718113066661834,0.029584154959852983,0.049546740556135054,0.025060936330049185,22
33,8,"DenseLayer( 64,1 )","all",0.092572598323825278,0.10164611953599337,0.17658470231755435,0.12589231792580763,22
33,8,"DenseLayer( 64,1 )","weights",0.088299999213611008,0.096723098574201333,0.16821373508832105,0.12484743480082661,22
33,8,"DenseLayer( 64,1 )","biases",0.026991833615201442,0.031250213102165969,0.055392865091562271,0.016186220571398735,22
34,0,"Conv2DLayer(1,8,5, stride=5, padding=0)","all",0.15014909514005295,0.17151157379303927,0.38976890684424736,0.31845695357305193,22
34,0,"Conv2DLayer(1,8,5, stride=5, padding=0)","weights",0.14753470850137618,0.16880700623819744,0.38686164670119988,0.31556874680848718,22
34,0,"Conv2DLayer(1,8,5, stride=5, padding=0)","biases",0.026965509628708046,0.030338335317916305,0.04785890069303602,0.042792491359464904,22
34,4,"DenseLayer( 7202,128 )","all",0.81500183710346163,0.91161697326562852,1.5688079228310248,1.2529759850968631,22
34,4,"DenseLayer( 7202,128 )","weights",0.8146675273674705,0.91123842223717477,1.5683214883685055,1.2526423236177533,22
34,4,"DenseLayer( 7202,128 )","biases",0.023232998334127286,0.026268684487238639,0.04578940136377381,0.028914154163152947,22
34,6,"DenseLayer( 128,64 )","all",0.1527178308278915,0.17331423008236402,0.30415372998178414,0.21404547378817323,22
34,6,"DenseLayer( 128,64 )","weights",0.15015754926183247,0.1703405610328764,0.29794515546767941,0.21177325255451931,22
34,6,"DenseLayer( 128,64 )","biases",0.027691898432967293,0.03196741491030404,0.061140623117305726,0.031105535708026901,22
34,8,"DenseLayer( 64,1 )","all",0.093200878735925363,0.10810677754796166,0.21546347514985245,0.12056846731738496,22
34,8,"DenseLayer( 64,1 )","weights",0.0886543315829455,0.10256281738760885,0.20292956491830774,0.11892553480881675,22
34,8,"DenseLayer( 64,1 )","biases",0.028248439595865257,0.03417519336185923,0.072416163980960846,0.019836140796542168,22
35,0,"Conv2DLayer(1,8,5, stride=5, padding=0)","all",0.17358965565046947,0.18383099368458858,0.30883215855334711,0.092712688194249174,22
35,0,"Conv2DLayer(1,8,5, stride=5, padding=0)","weights",0.16967232522241057,0.17976267506115468,0.30290569109764198,0.090714894605708252,22
35,0,"Conv2DLayer(1,8,5, stride=5, padding=0)","biases",0.035793043904701366,0.038460562839368023,0.062857505681869222,0.019142895519730398,22
35,4,"DenseLayer( 7202,128 )","all",1.0260398725051665,1.099801096192718,1.8546820598067246,0.52355349747318092,22
35,4,"DenseLayer( 7202,128 )","weights",1.0256084628429529,1.0993314812280264,1.8538768273351316,0.52337303665701174,22
35,4,"DenseLayer( 7202,128 )","biases",0.029665364229056846,0.032136358967651775,0.054646610496363109,0.013745152484359901,22
35,6,"DenseLayer( 128,64 )","all",0.20750761373638618,0.22528531043783773,0.38540261115556912,0.092211789015275894,22
35,6,"DenseLayer( 128,64 )","weights",0.20421998115029993,0.22168970977826719,0.37941032513795603,0.09095564330468163,22
35,6,"DenseLayer( 128,64 )","biases",0.036662951917130225,0.040089196518520859,0.067697694674495948,0.015168552482991914,22
35,8,"DenseLayer( 64,1 )","all",0.13012286597288972,0.14199394240974086,0.23295513537335857,0.039724639355693481,22
35,8,"DenseLayer( 64,1 )","weights",0.12398116368569509,0.1351290484957981,0.22154227941310886,0.038715678810892287,22
35,8,"DenseLayer( 64,1 )","biases",0.039103879148817876,0.043616739145436449,0.072352372109889984,0.0088962456211447716,22
36,0,"Conv2DLayer(1,8,5, stride=5, padding=0)","all",0.15931080014616322,0.17587609406354909,0.35096484569804809,0.20797725531044509,22
36,0,"Conv2DLayer(1,8,5, stride=5, padding=0)","weights",0.15641576941302882,0.17284835029984902,0.34710661490353706,0.1975034924153159,22
36,0,"Conv2DLayer(1,8,5, stride=5, padding=0)","biases",0.028666183436912757,0.032493818822524535,0.065168314465078078,0.065168314465078078,22
36,4,"DenseLayer( 7202,128 )","all",0.83940032574945644,0.95676846087585088,2.0209515250126553,2.0209515250126553,22
36,4,"DenseLayer( 7202,128 )","weights",0.83907478346227005,0.95637666591671477,2.0198948470607228,2.0198948470607228,22
36,4,"DenseLayer( 7202,128 )","biases",0.023204091034692089,0.027378104696512959,0.065344267296501571,0.065344267296501571,22
36,6,"DenseLayer( 128,64 )","all",0.16113516701945527,0.1872368286365301,0.42218361354532885,0.42218361354532885,22
36,6,"DenseLayer( 128,64 )","weights",0.15867025175603833,0.1841938926084688,0.41344031998817393,0.41344031998817393,22
36,6,"DenseLayer( 128,64 )","biases",0.02774059448765559,0.033619041086937473,0.085475758869213381,0.085475758869213381,22
36,8,"DenseLayer( 64,1 )","all",0.099352952246141976,0.11767431785703009,0.28853521819385802,0.28853521819385802,22
36,8,"DenseLayer( 64,1 )","weights",0.095127324221143145,0.11197547771589735,0.27022294593496343,0.27022294593496343,22
36,8,"DenseLayer( 64,1 )","biases",0.027454431438606909,0.036176476796586025,0.10115399956703186,0.10115399956703186,22
37,0,"Conv2DLayer(1,8,5, stride=5, padding=0)","all",0.134823659420858,0.14656046623307453,0.23332555619273926,0.17316370486233262,22
37,0,"Conv2DLayer(1,8,5, stride=5, padding=0)","weights",0.13226083568071245,0.14401183071592588,0.23177948123719982,0.16771251160147804,22
37,0,"Conv2DLayer(1,8,5, stride=5, padding=0)","biases",0.024748947666419725,0.027213284923060868,0.052135208626800558,0.043106636774087798,22
37,4,"DenseLayer( 7202,128 )","all",0.75551850765543804,0.82099837397879494,1.6021860923389417,1.2291606473321857,22
37,4,"DenseLayer( 7202,128 )","weights",0.75520527038618113,0.82064870403227841,1.6014741783017814,1.2285062544768655,22
37,4,"DenseLayer( 7202,128 )","biases",0.021633354177737377,0.023959020137872971,0.047756996523671054,0.040103362219406996,22
37,6,"DenseLayer( 128,64 )","all",0.14431916674892645,0.16083993780501266,0.33690400097540679,0.23985613901297473,22
37,6,"DenseLayer( 128,64 )","weights",0.14195504766886238,0.15811941961199649,0.33131998641518684,0.23444187157882188,22
37,6,"DenseLayer( 128,64 )","biases",0.025783243661861258,0.029457337535590596,0.061084961120371442,0.050675203727569264,22
37,8,"DenseLayer( 64,1 )","all",0.093026092573781735,0.10522323496720633,0.22569174638894665,0.15471179734075521,22
37,8,"DenseLayer( 64,1 )","weights",0.088578805580102282,0.099898498670314695,0.21415829943622974,0.14422286235776738,22
37,8,"DenseLayer( 64,1 )","biases",0.02767016078260812,0.033048738862187246,0.071224905550479889,0.05599559098482132,22
38,0,"Conv2DLayer(1,8,5, stride=5, padding=0)","all",0.16912459641527916,0.23255306267815909,0.85479582444140079,0.85479582444140079,22
38,0,"Conv2DLayer(1,8,5, stride=5, padding=0)","weights",0.16642442573658392,0.23019606547392218,0.84965229113956175,0.84965229113956175,22
38,0,"Conv2DLayer(1,8,5, stride=5, padding=0)","biases",0.027768776610590455,0.03302572332769585,0.093631648729194647,0.093631648729194647,22
38,4,"DenseLayer( 7202,128 )","all",0.82705913574804368,0.95730937495489787,2.4771709275051772,2.4771709275051772,22
38,4,"DenseLayer( 7202,128 )","weights",0.82676380157389784,0.95698342714668105,2.4765859991985661,2.4765859991985661,22
38,4,"DenseLayer( 7202,128 )","biases",0.021927298164201858,0.024979182194983608,0.053829291751777711,0.053829291751777711,22
38,6,"DenseLayer( 128,64 )","all",0.15091020790880802,0.17432035038482049,0.40058724897770598,0.40058724897770598,22
38,6,"DenseLayer( 128,64 )","weights",0.14879651124593055,0.17200872748211343,0.39767987085003581,0.39767987085003581,22
38,6,"DenseLayer( 128,64 )","biases",0.024811494907845229,0.02829456181443046,0.053648580950720705,0.048175350172317631,22
38,8,"DenseLayer( 64,1 )","all",0.089178748310634673,0.10418061328041715,0.26145369220117509,0.26145369220117509,22
38,8,"DenseLayer( 64,1 )","weights",0.085878464533019561,0.10081446583503473,0.2614211013037494,0.2614211013037494,22
38,8,"DenseLayer( 64,1 )","biases",0.021307960247874937,0.02626868214967102,0.054360281676054001,0.0041280696168541908,22
39,0,"Conv2DLayer(1,8,5, stride=5, padding=0)","all",0.19442796942384358,0.21595726618147859,0.47227915410833904,0.22997090191894567,22
39,0,"Conv2DLayer(1,8,5, stride=5, padding=0)","weights",0.1900978245863926,0.21111666935883172,0.45961764792079607,0.22068646674668058,22
39,0,"Conv2DLayer(1,8,5, stride=5, padding=0)","biases",0.039607611479640203,0.045467490973350663,0.10862420137816163,0.064684612731928562,22
39,4,"DenseLayer( 7202,128 )","all",1.1467834962551915,1.3188999636073524,3.1216493397175284,1.9255998291346001,22
39,4,"DenseLayer( 7202,128 )","weights",1.1463021994190117,1.318323115077074,3.1202427465029978,1.924653080868064,22
39,4,"DenseLayer( 7202,128 )","biases",0.033049303404875344,0.039003567233721004,0.093700603276134442,0.060375659567997272,22
39,6,"DenseLayer( 128,64 )","all",0.22562802068416915,0.26176319913991442,0.61177080051171373,0.39865845781019216,22
39,6,"DenseLayer( 128,64 )","weights",0.22188883651884922,0.25719524566039303,0.60043223354791253,0.39091531507708915,22
39,6,"DenseLayer( 128,64 )","biases",0.040626193076628382,0.04868858216925797,0.11723755914982222,0.078190679890769915,22
39,8,"DenseLayer( 64,1 )","all",0.14057783542299324,0.16413632280128868,0.37765946971706998,0.2606583110032018,22
39,8,"DenseLayer( 64,1 )","weights",0.1336828173788768,0.15536377687450931,0.35549295838217038,0.24447102615231414,22
39,8,"DenseLayer( 64,1 )","biases",0.04241429718041962,0.052941753824524165,0.12748110294342041,0.090424954891204834,22
40,0,"Conv2DLayer(1,8,5, stride=5, padding=0)","all",0.15652853929331481,0.1718414142533804,0.3276554529969824,0.10495577650809404,22
40,0,"Conv2DLayer(1,8,5, stride=5, padding=0)","weights",0.15265367005400499,0.16774299693979638,0.32504888361354273,0.1022627242196805,22
40,0,"Conv2DLayer(1,8,5, stride=5, padding=0)","biases",0.033113582630353987,0.037306281378038014,0.067631541699189252,0.02362308738472926,22
40,4,"DenseLayer( 7202,128 )","all",0.98270484066398767,1.1029045045800423,2.0757481566066813,0.50424145078907934,22
40,4,"DenseLayer( 7202,128 )","weights",0.98229253523361548,1.1024207825681891,2.0747575286288242,0.50402087924701744,22
40,4,"DenseLayer( 7202,128 )","biases",0.028317518177709694,0.032661359198451013,0.06412181418245326,0.014912879565628732,22
40,6,"DenseLayer( 128,64 )","all",0.1918264429030036,0.2192809099843693,0.41892686567426723,0.092692160218450614,22
40,6,"DenseLayer( 128,64 )","weights",0.18868772514381707,0.21551381930061903,0.41093915561231037,0.091021272910417214,22
40,6,"DenseLayer( 128,64 )","biases",0.034337726952222952,0.040471115305032064,0.081417007856509169,0.017520400786804741,22
40,8,"DenseLayer( 64,1 )","all",0.1171373450238877,0.13760426463036091,0.26251617736531069,0.049310062999950437,22
40,8,"DenseLayer( 64,1 )","weights",0.11141846734964264,0.13029213460605693,0.24649372843714917,0.046825506694947588,22
40,8,"DenseLayer( 64,1 )","biases",0.035274919524619523,0.044259386623173309,0.090308278799057007,0.015454909764230251,22
41,0,"Conv2DLayer(1,8,5, stride=5, padding=0)","all",0.20443978218194928,0.24047622854327985,0.53945360943237108,0.53945360943237108,22
41,0,"Conv2DLayer(1,8,5, stride=5, padding=0)","weights",0.20129673189573002,0.23751388703334753,0.53658404648520053,0.53658404648520053,22
41,0,"Conv2DLayer(1,8,5, stride=5, padding=0)","biases",0.03395636079807364,0.037629376299773976,0.068978234824243589,0.055567596557538242,22
41,4,"DenseLayer( 7202,128 )","all",0.99872771659900372,1.1193931772218075,2.2265177112339298,2.2265177112339298,22
41,4,"DenseLayer( 7202,128 )","weights",0.99832467138884839,1.1189521493796077,2.2259750544504904,2.2259750544504904,22
41,4,"DenseLayer( 7202,128 )","biases",0.028152284887378302,0.031419303135001755,0.051730301896712828,0.04915460713417031,22
41,6,"DenseLayer( 128,64 )","all",0.18821179747352221,0.2110160272538209,0.40189154128854604,0.32659859735324648,22
41,6,"DenseLayer( 128,64 )","weights",0.18516663901676469,0.20759936111773367,0.3958282211707061,0.3239103532053868,22
41,6,"DenseLayer( 128,64 )","biases",0.033286013153035816,0.037818897676877163,0.069547324061517368,0.041817781857358086,22
41,8,"DenseLayer( 64,1 )","all",0.1191053443007022,0.13685906550927152,0.30464994021574071,0.17000111578633234,22
41,8,"DenseLayer( 64,1 )","weights",0.11381452089089623,0.13060189530025443,0.29305670586200927,0.16810545094626031,22
41,8,"DenseLayer( 64,1 )","biases",0.033272088928656143,0.040909030250697136,0.083242736756801605,0.02531672827899456,22
42,0,"Conv2DLayer(1,8,5, stride=5, padding=0)","all",0.19633989697593651,0.22862375291691314,0.62119777427084999,0.62119777427084999,22
42,0,"Conv2DLayer(1,8,5, stride=5, padding=0)","weights",0.19091718575186051,0.22331822090472764,0.61710088765387483,0.61710088765387483,22
42,0,"Conv2DLayer(1,8,5, stride=5, padding=0)","biases",0.0436292099695633,0.04896726059073573,0.085411696466343653,0.071226183499171813,22
42,4,"DenseLayer( 7202,128 )","all",1.2573281653416277,1.4191523427219379,2.3598213733557238,1.8675593794695862,22
42,4,"DenseLayer( 7202,128 )","weights",1.2567580251929769,1.4184949860346654,2.358739412906024,1.8670141048944457,22
42,4,"DenseLayer( 7202,128 )","biases",0.037705877734398319,0.043189656721014803,0.072132833819179343,0.045126134002562199,22
42,6,"DenseLayer( 128,64 )","all",0.25321478187570484,0.2898443667547162,0.49562765951201332,0.35053814262992322,22
42,6,"DenseLayer( 128,64 )","weights",0.2488348756747,0.28472816386083555,0.48680503707103345,0.34710650463922621,22
42,6,"DenseLayer( 128,64 )","biases",0.046615502104422467,0.054218351541517641,0.093100122210585515,0.048929172030346371,22
42,8,"DenseLayer( 64,1 )","all",0.16238978685805766,0.18760617743321495,0.3294622091300104,0.24892749141665318,22
42,8,"DenseLayer( 64,1 )","weights",0.15403379438613987,0.1776425170779454,0.31184487508105968,0.24523748229155518,22
42,8,"DenseLayer( 64,1 )","biases",0.050130747777240518,0.060325897733185918,0.10629262030124664,0.042702145874500275,22
43,0,"Conv2DLayer(1,8,5, stride=5, padding=0)","all",0.19971157292094832,0.21487180976548761,0.45541597157339153,0.21694215646884793,22
43,0,"Conv2DLayer(1,8,5, stride=5, padding=0)","weights",0.19628617046349414,0.21163711638391955,0.45233477379939757,0.21530841221349598,22
43,0,"Conv2DLayer(1,8,5, stride=5, padding=0)","biases",0.03529426154664593,0.03714331165358304,0.055450215363143304,0.026574177004328792,22
43,4,"DenseLayer( 7202,128 )","all",1.0537606873221901,1.1142907998756049,1.7324737211488912,0.78993702840481173,22
43,4,"DenseLayer( 7202,128 )","weights",1.0533405032997427,1.1138426488428039,1.7319355142283175,0.78964971896840885,22
43,4,"DenseLayer( 7202,128 )","biases",0.029651725040306064,0.031599688388675377,0.048004764979351466,0.021303290312467478,22
43,6,"DenseLayer( 128,64 )","all",0.20405912843463775,0.21684364540530027,0.32679803881041725,0.13177269183759621,22
43,6,"DenseLayer( 128,64 )","weights",0.20086742657213721,0.21342667783589506,0.32149982420675821,0.12944766735742183,22
43,6,"DenseLayer( 128,64 )","biases",0.035760788372944392,0.038343444558263932,0.058607347707933015,0.024644344784318407,22
43,8,"DenseLayer( 64,1 )","all",0.12743961091448994,0.13460096967549942,0.20656760493793191,0.080637390161502731,22
43,8,"DenseLayer( 64,1 )","weights",0.12171231175259799,0.12840046087919116,0.1962657064462332,0.07749742203073938,22
43,8,"DenseLayer( 64,1 )","biases",0.03728841770101677,0.040382455145719157,0.06442008912563324,0.022283138707280159,22
44,0,"Conv2DLayer(1,8,5, stride=5, padding=0)","all",0.15055643965042068,0.16467685615810507,0.37888277039187002,0.25095748406572038,22
44,0,"Conv2DLayer(1,8,5, stride=5, padding=0)","weights",0.14723329354232073,0.16137280073904214,0.37643474599287119,0.24563328949222066,22
44,0,"Conv2DLayer(1,8,5, stride=5, padding=0)","biases",0.030611274010345659,0.032822037349235694,0.051419314482276289,0.051419314482276289,22
44,4,"DenseLayer( 7202,128 )","all",0.88780197781408576,0.9518690198130012,1.6373812005927568,1.6373812005927568,22
44,4,"DenseLayer( 7202,128 )","weights",0.88743095829310836,0.95146182246457789,1.6366554302985385,1.6366554302985385,22
44,4,"DenseLayer( 7202,128 )","biases",0.025571900603001362,0.027839383472839901,0.048746266819972017,0.048746266819972017,22
44,6,"DenseLayer( 128,64 )","all",0.16813528608883258,0.18323278897741394,0.32484434347784796,0.32484434347784796,22
44,6,"DenseLayer( 128,64 )","weights",0.16534859272410216,0.1800909879675949,0.31905547130054152,0.31905547130054152,22
44,6,"DenseLayer( 128,64 )","biases",0.030279477024104443,0.033785958759477326,0.061052876449381177,0.061052876449381177,22
44,8,"DenseLayer( 64,1 )","all",0.09961480979437641,0.11071741035211007,0.18759862017275469,0.18759862017275469,22
44,8,"DenseLayer( 64,1 )","weights",0.094744228883787696,0.10493846930785207,0.17723230105797155,0.17723230105797155,22
44,8,"DenseLayer( 64,1 )","biases",0.02975873381629671,0.035302444878542297,0.061497591435909271,0.061497591435909271,22
45,0,"Conv2DLayer(1,8,5, stride=5, padding=0)","all",0.16525818857187324,0.17809417613843778,0.29237814217021629,0.24671928034210669,22
45,0,"Conv2DLayer(1,8,5, stride=5, padding=0)","weights",0.1616205919541486,0.17435445280532344,0.29019823330531852,0.24451976701954239,22
45,0,"Conv2DLayer(1,8,5, stride=5, padding=0)","biases",0.032848264626655174,0.03630510103807915,0.072118806813847525,0.032870759486749571,22
45,4,"DenseLayer( 7202,128 )","all",0.96493611361314979,1.0531296708742381,1.8896738212407409,0.95588246288863277,22
45,4,"DenseLayer( 7202,128 )","weights",0.96451307468532865,1.0526491811473035,1.888748130102726,0.95560407841138684,22
45,4,"DenseLayer( 7202,128 )","biases",0.028428711931177787,0.031808884067073974,0.059140947879106558,0.023067903709754225,22
45,6,"DenseLayer( 128,64 )","all",0.18541954466117389,0.20655430830648805,0.39388150502995156,0.17648637741965953,22
45,6,"DenseLayer( 128,64 )","weights",0.18215425218901432,0.20278613456466293,0.38662040539066,0.17500502788181607,22
45,6,"DenseLayer( 128,64 )","biases",0.03442013415676299,0.039274239754502387,0.075281486038875717,0.022818449351331684,22
45,8,"DenseLayer( 64,1 )","all",0.11613636931031646,0.13143579799342447,0.26303549098036483,0.10263771915219541,22
45,8,"DenseLayer( 64,1 )","weights",0.11011264056129159,0.12417964051207932,0.2484973839855352,0.10112471177998746,22
45,8,"DenseLayer( 64,1 )","biases",0.036168626043945551,0.043067225084268308,0.086236417293548584,0.017558304592967033,22
46,0,"Conv2DLayer(1,8,5, stride=5, padding=0)","all",0.15920574003904842,0.18814892857966248,0.47550506497570794,0.08461212794575422,22
46,0,"Conv2DLayer(1,8,5, stride=5, padding=0)","weights",0.15575271672355473,0.18442219539747423,0.47087274468754553,0.081607038267588083,22
46,0,"Conv2DLayer(1,8,5, stride=5, padding=0)","biases",0.032121098476080696,0.037262221759454615,0.069932752851573271,0.02234957495571439,22
46,4,"DenseLayer( 7202,128 )","all",0.94358388034709495,1.0827191121836361,2.0865052775566348,0.64408333092148529,22
46,4,"DenseLayer( 7202,128 )","weights",0.94319007517881781,1.0822571737292779,2.0855582617176327,0.64384495246156725,22
46,4,"DenseLayer( 7202,128 )","biases",0.027196911826241836,0.031624133177639208,0.062857062077510656,0.0175218252667265,22
46,6,"DenseLayer( 128,64 )","all",0.18560933257843684,0.2175700619974108,0.40739725218721606,0.10494648247105345,22
46,6,"DenseLayer( 128,64 )","weights",0.18256241878135657,0.21393589084077,0.39983114456264152,0.10363197511987952,22
46,6,"DenseLayer( 128,64 )","biases",0.033379162201519715,0.039600081915613747,0.078150988013090145,0.016558318628405524,22
46,8,"DenseLayer( 64,1 )","all",0.11683990877769894,0.13978732228910154,0.29234311100139598,0.046596772845348619,22
46,8,"DenseLayer( 64,1 )","weights",0.11106936249030942,0.13281655028758019,0.28157395558301068,0.044882071842672962,22
46,8,"DenseLayer( 64,1 )","biases",0.035875291023826736,0.043591965342982972,0.08550553023815155,0.012524330988526344,22
47,0,"Conv2DLayer(1,8,5, stride=5, padding=0)","all",0.14344709714195386,0.16027582270850205,0.31052622720165513,0.30991317217488912,22
47,0,"Conv2DLayer(1,8,5, stride=5, padding=0)","weights",0.14051906591437319,0.15717157533948825,0.3052275319938938,0.30422314270106571,22
47,0,"Conv2DLayer(1,8,5, stride=5, padding=0)","biases",0.027986653093348187,0.031391642999224284,0.059113904731369758,0.059113904731369758,22
47,4,"DenseLayer( 7202,128 )","all",0.83311687493179665,0.9313322923326095,1.7566414551985576,1.7566414551985576,22
47,4,"DenseLayer( 7202,128 )","weights",0.83278466603116008,0.93094971414912553,1.7559266091295573,1.7559266091295573,22
47,4,"DenseLayer( 7202,128 )","biases",0.02343258839526122,0.026692104959607131,0.050109335186975169,0.050109335186975169,22
47,6,"DenseLayer( 128,64 )","all",0.15978740620917767,0.18102536640615141,0.33543650085371512,0.33543650085371512,22
47,6,"DenseLayer( 128,64 )","weights",0.15723040718831829,0.17799345616518625,0.32967959325576746,0.32967959325576746,22
47,6,"DenseLayer( 128,64 )","biases",0.02834077856037906,0.032992618035755934,0.061879010138302666,0.061879010138302666,22
47,8,"DenseLayer( 64,1 )","all",0.097838690750779597,0.11234054455613696,0.20327536769039542,0.20327536769039542,22
47,8,"DenseLayer( 64,1 )","weights",0.093234977477495651,0.10654386635176895,0.19213672954676494,0.19213672954676494,22
47,8,"DenseLayer( 64,1 )","biases",0.028820249463685534,0.035620253985419417,0.067262902855873108,0.06636529415845871,22
48,0,"Conv2DLayer(1,8,5, stride=5, padding=0)","all",0.14498546288517211,0.16156372493565405,0.2985057764387356,0.1621978428519556,22
48,0,"Conv2DLayer(1,8,5, stride=5, padding=0)","weights",0.14222502511990781,0.15848621914361913,0.29649447680447288,0.16158111914711529,22
48,0,"Conv2DLayer(1,8,5, stride=5, padding=0)","biases",0.026879630200675762,0.031384001603435047,0.059203894576532606,0.014130893849768435,22
48,4,"DenseLayer( 7202,128 )","all",0.82963059524878369,0.95567481737621207,1.8308535077639667,0.94224133373520758,22
48,4,"DenseLayer( 7202,128 )","weights",0.82928610365985,0.95525936547859225,1.8300473751936333,0.94201669000226129,22
48,4,"DenseLayer( 7202,128 )","biases",0.02375399996371037,0.028176252988884262,0.054324685351273293,0.020573933904011091,22
48,6,"DenseLayer( 128,64 )","all",0.15681384058524905,0.18526138536228631,0.36990564140854354,0.14262516463021763,22
48,6,"DenseLayer( 128,64 )","weights",0.15427055867331246,0.18210452684716219,0.36431393738470425,0.14141337989110375,22
48,6,"DenseLayer( 128,64 )","biases",0.027844565640464662,0.034054694362521204,0.067163204696620613,0.018552454650828554,22
48,8,"DenseLayer( 64,1 )","all",0.095419398629538563,0.11397964199036689,0.21323784176329799,0.064099363282224736,22
48,8,"DenseLayer( 64,1 )","weights",0.090849159781784344,0.10798426803889753,0.200339918242772,0.061346842123672099,22
48,8,"DenseLayer( 64,1 )","biases",0.028222455600784582,0.036479537337468247,0.07394690066576004,0.018582070246338844,22
49,0,"Conv2DLayer(1,8,5, stride=5, padding=0)","all",0.16911612060535394,0.18299078165378199,0.33102913033796599,0.33102913033796599,22
49,0,"Conv2DLayer(1,8,5, stride=5, padding=0)","weights",0.16645693850049881,0.1804281094281123,0.32765789316054955,0.32765789316054955,22
49,0,"Conv2DLayer(1,8,5, stride=5, padding=0)","biases",0.028312438419120612,0.030517593261252481,0.047200863504786299,0.04712313849798154,22
49,4,"DenseLayer( 7202,128 )","all",0.87301089104492713,0.93416836401870507,1.5156449238919589,1.5156449238919589,22
49,4,"DenseLayer( 7202,128 )","weights",0.87267606017435961,0.93380032934334323,1.5151975239372986,1.5151975239372986,22
49,4,"DenseLayer( 7202,128 )","biases",0.024032504171150128,0.026219787406604394,0.042352037946092519,0.036823888628729616,22
49,6,"DenseLayer( 128,64 )","all",0.16698113950223495,0.18328648990553975,0.3070051169090996,0.3070051169090996,22
49,6,"DenseLayer( 128,64 )","weights",0.16455357285894401,0.1805532561452988,0.30401307853731357,0.30401307853731357,22
49,6,"DenseLayer( 128,64 )","biases",0.028005567585312665,0.031535045223110673,0.053576040473577939,0.042757337225733848,22
49,8,"DenseLayer( 64,1 )","all",0.10410769322895147,0.11534299031952998,0.19879025864010613,0.18834004583835831,22
49,8,"DenseLayer( 64,1 )","weights",0.099816473744423498,0.11037372628352869,0.18847965091247354,0.1835845804332846,22
49,8,"DenseLayer( 64,1 )","biases",0.028482761699706316,0.033490983296103338,0.063190095126628876,0.042055614292621613,22
50,0,"Conv2DLayer(1,8,5, stride=5, padding=0)","all",0.17163796107760287,0.19798537467732674,0.40822903469817301,0.25848818205443536,22
50,0,"Conv2DLayer(1,8,5, stride=5, padding=0)","weights",0.16942847170502434,0.19586652207667679,0.40516790617905407,0.25611862000541258,22
50,0,"Conv2DLayer(1,8,5, stride=5, padding=0)","biases",0.026531272347156989,0.028887957970547898,0.049899023768841096,0.034919804528805665,22
50,4,"DenseLayer( 7202,128 )","all",0.76644968100807165,0.82523313815952615,1.3569433619411406,0.90125726075529355,22
50,4,"DenseLayer( 7202,128 )","weights",0.76618682630652124,0.82495051150582388,1.356543269260188,0.90103831981746407,22
50,4,"DenseLayer( 7202,128 )","biases",0.019918687031155687,0.021595969135449495,0.035366600235304788,0.019864447756147062,22
50,6,"DenseLayer( 128,64 )","all",0.14188398391912618,0.15389881923814525,0.25189206173767092,0.1715833957366851,22
50,6,"DenseLayer( 128,64 )","weights",0.13998702535126167,0.15185172093696875,0.24783284473995271,0.16964841270405723,22
50,6,"DenseLayer( 128,64 )","biases",0.022877059760091478,0.025018021731869174,0.045038781450624447,0.025695870476124413,22
50,8,"DenseLayer( 64,1 )","all",0.088711937277471384,0.098224284151748942,0.1853848515528683,0.11811298969960352,22
50,8,"DenseLayer( 64,1 )","weights",0.085711827436906071,0.094960177663455742,0.177705742888388,0.11562667520855485,22
50,8,"DenseLayer( 64,1 )","biases",0.021658731158822775,0.025111245593328065,0.05280352383852005,0.024107059463858604,22
51,0,"Conv2DLayer(1,8,5, stride=5, padding=0)","all",0.13264183942310917,0.14999190437228954,0.29651133453821982,0.1127572935564156,22
51,0,"Conv2DLayer(1,8,5, stride=5, padding=0)","weights",0.13007878213267579,0.14740306860620794,0.29488110603791318,0.10844164049668002,22
51,0,"Conv2DLayer(1,8,5, stride=5, padding=0)","biases",0.024962768231661697,0.027747193420229181,0.051626949563237635,0.030896890726357731,22
51,4,"DenseLayer( 7202,128 )","all",0.77138136886449649,0.84725128877736089,1.618711701565072,0.92346401135798106,22
51,4,"DenseLayer( 7202,128 )","weights",0.77107106634728106,0.84689835889198251,1.6180037159410616,0.92301110892310623,22
51,4,"DenseLayer( 7202,128 )","biases",0.021737431340601087,0.024452321790896851,0.047870115778083061,0.02891838650255198,22
51,6,"DenseLayer( 128,64 )","all",0.14554822512872989,0.16217420239091818,0.3137466724549226,0.18579776033391882,22
51,6,"DenseLayer( 128,64 )","weights",0.14320601291986662,0.15945972478376647,0.30840455208856543,0.18216436279261194,22
51,6,"DenseLayer( 128,64 )","biases",0.025650191211459807,0.029547725682629981,0.057650730503505457,0.036564363435755233,22
51,8,"DenseLayer( 64,1 )","all",0.089791515695877872,0.10058912623019245,0.17610524753659954,0.11214344894114602,22
51,8,"DenseLayer( 64,1 )","weights",0.085527825143064326,0.095513376286924315,0.16637278734916858,0.10516783947975382,22
51,8,"DenseLayer( 64,1 )","biases",0.026162570913914929,0.031549441611952431,0.057733472436666489,0.038934286683797836,22
52,0,"Conv2DLayer(1,8,5, stride=5, padding=0)","all",0.12240924216896519,0.13611403438326064,0.2720841810646597,0.11295278885459056,22
52,0,"Conv2DLayer(1,8,5, stride=5, padding=0)","weights",0.11949942442538461,0.13287448044336614,0.26777431203887769,0.10882783590191947,22
52,0,"Conv2DLayer(1,8,5, stride=5, padding=0)","biases",0.025434323239611173,0.02951953256731828,0.055914277755051048,0.03024623353303026,22
52,4,"DenseLayer( 7202,128 )","all",0.77665827674068955,0.86889049696720821,1.5972143011499951,0.9667160911925321,22
52,4,"DenseLayer( 7202,128 )","weights",0.77633615921005972,0.86851889784630987,1.5965077928875449,0.96629903885513502,22
52,4,"DenseLayer( 7202,128 )","biases",0.022273295895485504,0.025409049642860192,0.047501484686348718,0.028393106174038719,22
52,6,"DenseLayer( 128,64 )","all",0.15149254225282319,0.17427587265850122,0.32027050643339833,0.19845930804826264,22
52,6,"DenseLayer( 128,64 )","weights",0.14900364979243222,0.17138916956959788,0.31497152329326994,0.19534624480056487,22
52,6,"DenseLayer( 128,64 )","biases",0.027187214998734676,0.031588484375255542,0.058018417812127035,0.035013448749201974,22
52,8,"DenseLayer( 64,1 )","all",0.094822992001295028,0.11030979302911208,0.20204678421593275,0.11877771939748628,22
52,8,"DenseLayer( 64,1 )","weights",0.090035051742710939,0.10463558421945443,0.19056106576032611,0.11270382739148682,22
52,8,"DenseLayer( 64,1 )","biases",0.029245906371877274,0.034923415542856093,0.067151941359043121,0.03749658539891243,22
53,0,"Conv2DLayer(1,8,5, stride=5, padding=0)","all",0.15403716647222462,0.16461863544557212,0.26698966271758512,0.221529987106003,22
53,0,"Conv2DLayer(1,8,5, stride=5, padding=0)","weights",0.15115898206392456,0.16161199666163453,0.26055181709737535,0.22034098523504453,22
53,0,"Conv2DLayer(1,8,5, stride=5, padding=0)","biases",0.028117531074995088,0.031318647336722724,0.05827718769214716,0.022921287329374356,22
53,4,"DenseLayer( 7202,128 )","all",0.83896640710489145,0.92987141248012983,1.6351987215135169,0.77747917382608078,22
53,4,"DenseLayer( 7202,128 )","weights",0.83864871449194456,0.92949887602544212,1.6345372065957147,0.77728773836041909,22
53,4,"DenseLayer( 7202,128 )","biases",0.022917125468807382,0.02631887564527987,0.04802661655796437,0.017252174582639574,22
53,6,"DenseLayer( 128,64 )","all",0.1581784970460946,0.17962228806178332,0.33299371999638572,0.11736064103960954,22
53,6,"DenseLayer( 128,64 )","weights",0.1558913283490177,0.17685261335510985,0.32823374255827376,0.11630699324538829,22
53,6,"DenseLayer( 128,64 )","biases",0.026505272059446403,0.031421640918613325,0.058098195277476512,0.015690869556697178,22
53,8,"DenseLayer( 64,1 )","all",0.096024066995138366,0.10875405269103139,0.19391368424139449,0.070724213887651668,22
53,8,"DenseLayer( 64,1 )","weights",0.092075033675805648,0.10368844058025586,0.18510903328553993,0.069557297253499448,22
53,8,"DenseLayer( 64,1 )","biases",0.025630697237581691,0.032804744576941623,0.065073028206825256,0.012794406153261662,22
54,0,"Conv2DLayer(1,8,5, stride=5, padding=0)","all",0.13929320422303562,0.15349246136988393,0.28975078331038967,0.15330865683737702,22
54,0,"Conv2DLayer(1,8,5, stride=5, padding=0)","weights",0.13688469842393991,0.15100939956424739,0.28400152687871538,0.15210579255388526,22
54,0,"Conv2DLayer(1,8,5, stride=5, padding=0)","biases",0.024627867091031659,0.027497216961554275,0.057433867704889029,0.019166954187743165,22
54,4,"DenseLayer( 7202,128 )","all",0.7303459193703693,0.81183736549727703,1.6685621331218641,0.54760819708611974,22
54,4,"DenseLayer( 7202,128 )","weights",0.73006696651302472,0.81151673317608053,1.6678262801305686,0.54746850153221349,22
54,4,"DenseLayer( 7202,128 )","biases",0.020129576023933737,0.022814464551715801,0.049548878837119982,0.012368401108601714,22
54,6,"DenseLayer( 128,64 )","all",0.13711294214122119,0.15462184778536484,0.31146221094619569,0.083824244868508493,22
54,6,"DenseLayer( 128,64 )","weights",0.13502552483987054,0.15217801157819846,0.30574053544921764,0.083118446980695967,22
54,6,"DenseLayer( 128,64 )","biases",0.02369984887793997,0.027381902867883785,0.059425868363181769,0.010854851417357455,22
54,8,"DenseLayer( 64,1 )","all",0.084904060941203841,0.096154263232953771,0.18775539620075923,0.042657898633481954,22
54,8,"DenseLayer( 64,1 )","weights",0.081152721991239421,0.091671242199144798,0.17712154633229862,0.04264753689823203,22
54,8,"DenseLayer( 64,1 )","biases",0.024433240831554445,0.0290176789481499,0.062290020287036896,0.00094016612274572253,22
55,0,"Conv2DLayer(1,8,5, stride=5, padding=0)","all",0.17268495955655536,0.20889207680886307,0.49478143012342551,0.49478143012342551,22
55,0,"Conv2DLayer(1,8,5, stride=5, padding=0)","weights",0.16939862544741088,0.20537766970598542,0.4863773356214085,0.4863773356214085,22
55,0,"Conv2DLayer(1,8,5, stride=5, padding=0)","biases",0.032251696449385345,0.038156421997602337,0.090806117573663525,0.090806117573663525,22
55,4,"DenseLayer( 7202,128 )","all",0.96081377787215172,1.1273001459418606,2.5310332208449076,2.5310332208449076,22
55,4,"DenseLayer( 7202,128 )","weights",0.96042515407414364,1.126834757385619,2.5300000307611286,2.5300000307611286,22
55,4,"DenseLayer( 7202,128 )","biases",0.02724486520897074,0.032389019562704027,0.072311889542695199,0.072311889542695199,22
55,6,"DenseLayer( 128,64 )","all",0.18943803166061055,0.22559017400839704,0.52061956668758447,0.52061956668758447,22
55,6,"DenseLayer( 128,64 )","weights",0.18649622884016129,0.22207127263582582,0.51328362525762672,0.51328362525762672,22
55,6,"DenseLayer( 128,64 )","biases",0.033098734433111926,0.039689752821648897,0.087089914802786064,0.087089914802786064,22
55,8,"DenseLayer( 64,1 )","all",0.11756402692990427,0.14116418050583671,0.32755270012987248,0.32755270012987248,22
55,8,"DenseLayer( 64,1 )","weights",0.11214736518161252,0.13461199853527889,0.31396092054440661,0.31396092054440661,22
55,8,"DenseLayer( 64,1 )","biases",0.034652069126340473,0.042508066390069148,0.093377254903316498,0.093377254903316498,22
56,0,"Conv2DLayer(1,8,5, stride=5, padding=0)","all",0.15301946482343759,0.18473715158962686,0.45474573124385731,0.45474573124385731,22
56,0,"Conv2DLayer(1,8,5, stride=5, padding=0)","weights",0.14980099120311244,0.18113636304489517,0.4518457468284926,0.4518457468284926,22
56,0,"Conv2DLayer(1,8,5, stride=5, padding=0)","biases",0.029595745161064328,0.036296462090907922,0.079809922975325409,0.051274761408633476,22
56,4,"DenseLayer( 7202,128 )","all",0.87828415136259486,1.0741890741278701,2.1350507305175253,1.6717743014873045,22
56,4,"DenseLayer( 7202,128 )","weights",0.87792877929950108,1.0737341214628651,2.1340303351248395,1.671297918630247,22
56,4,"DenseLayer( 7202,128 )","biases",0.024862208316734528,0.031260252431162157,0.066001141280914791,0.039907170979273723,22
56,6,"DenseLayer( 128,64 )","all",0.16935919201244168,0.21330886058257278,0.43866436034831063,0.28104119506562769,22
56,6,"DenseLayer( 128,64 )","weights",0.16668092109743263,0.20976574771650799,0.43054565704970948,0.27754522242286084,22
56,6,"DenseLayer( 128,64 )","biases",0.029835510548684052,0.038716935415523207,0.084005108388874122,0.044190528783449694,22
56,8,"DenseLayer( 64,1 )","all",0.10583868452569892,0.13537675505716454,0.28587577623085086,0.16420598276433346,22
56,8,"DenseLayer( 64,1 )","weights",0.10093312957193731,0.1285190254049014,0.26916231568393767,0.16007767178524324,22
56,8,"DenseLayer( 64,1 )","biases",0.031054801572198896,0.042540873507508341,0.096315145492553711,0.036588847637176514,22
57,0,"Conv2DLayer(1,8,5, stride=5, padding=0)","all",0.13006949560759143,0.13993422302056102,0.24293269077916943,0.24293269077916943,22
57,0,"Conv2DLayer(1,8,5, stride=5, padding=0)","weights",0.12705453267842223,0.13656425165613151,0.23462981969405411,0.23462981969405411,22
57,0,"Conv2DLayer(1,8,5, stride=5, padding=0)","biases",0.026638600657495931,0.030525267271047665,0.062969357306099399,0.062969357306099399,22
57,4,"DenseLayer( 7202,128 )","all",0.81832914554195535,0.92063264086934316,1.8913047895198889,1.8913047895198889,22
57,4,"DenseLayer( 7202,128 )","weights",0.81798685452689046,0.92022997270785711,1.8904081632293832,1.8904081632293832,22
57,4,"DenseLayer( 7202,128 )","biases",0.02350612421943751,0.027226031002652105,0.058230432392184645,0.058230432392184645,22
57,6,"DenseLayer( 128,64 )","all",0.1601054560187318,0.1846766616928176,0.39395177124599334,0.39395177124599334,22
57,6,"DenseLayer( 128,64 )","weights",0.15753013635338259,0.18156908459650328,0.38702407150562651,0.38702407150562651,22
57,6,"DenseLayer( 128,64 )","biases",0.028343918539892588,0.033736284513728398,0.073555191136065887,0.073555191136065887,22
57,8,"DenseLayer( 64,1 )","all",0.098426881161425478,0.11654967504854791,0.25845774146166356,0.25845774146166356,22
57,8,"DenseLayer( 64,1 )","weights",0.093638157693416255,0.11043736037081578,0.24426307479589757,0.24426307479589757,22
57,8,"DenseLayer( 64,1 )","biases",0.029657410701144148,0.037248036032100758,0.084474578499794006,0.084474578499794006,22
58,0,"Conv2DLayer(1,8,5, stride=5, padding=0)","all",0.14347648191617657,0.1670542601262695,0.42537078203666195,0.42537078203666195,22
58,0,"Conv2DLayer(1,8,5, stride=5, padding=0)","weights",0.14137858214572799,0.16502344476100309,0.42087600943405845,0.42087600943405845,22
58,0,"Conv2DLayer(1,8,5, stride=5, padding=0)","biases",0.023091253307486126,0.025968991230840878,0.061674037433459082,0.061674037433459082,22
58,4,"DenseLayer( 7202,128 )","all",0.68824298326581068,0.79137468957587576,2.1070054166190029,2.1070054166190029,22
58,4,"DenseLayer( 7202,128 )","weights",0.68797495162200317,0.79106033195261882,2.1061891139306486,2.1061891139306486,22
58,4,"DenseLayer( 7202,128 )","biases",0.019062726267416057,0.02230359864071824,0.058645051128353796,0.058645051128353796,22
58,6,"DenseLayer( 128,64 )","all",0.1312648652109038,0.15102704013144211,0.36801240192310719,0.36801240192310719,22
58,6,"DenseLayer( 128,64 )","weights",0.1292371556966124,0.14857299454683201,0.36114790461613289,0.36114790461613289,22
58,6,"DenseLayer( 128,64 )","biases",0.022707210107092219,0.027115164433417296,0.070748278852500568,0.070748278852500568,22
58,8,"DenseLayer( 64,1 )","all",0.085782591277967363,0.099642876430823882,0.23842525733038211,0.23842525733038211,22
58,8,"DenseLayer( 64,1 )","weights",0.082184335505332939,0.095016694473121277,0.22411751612323769,0.22411751612323769,22
58,8,"DenseLayer( 64,1 )","biases",0.023587829137051649,0.03000884194383319,0.081350736320018768,0.081350736320018768,22
59,0,"Conv2DLayer(1,8,5, stride=5, padding=0)","all",0.13897803168285516,0.16698020925761892,0.4681129681578744,0.18123410093377396,22
59,0,"Conv2DLayer(1,8,5, stride=5, padding=0)","weights",0.13677872853045345,0.16464579016713288,0.4657289608268787,0.17540826127056644,22
59,0,"Conv2DLayer(1,8,5, stride=5, padding=0)","biases",0.022922878269134667,0.027823624206034934,0.07124296856223801,0.045582246755837622,22
59,4,"DenseLayer( 7202,128 )","all",0.72389040217006939,0.8704584614635672,2.2240143513887034,1.4615883820431355,22
59,4,"DenseLayer( 7202,128 )","weights",0.7236315120034621,0.87012340121220055,2.222986431539594,1.461041639138569,22
59,4,"DenseLayer( 7202,128 )","biases",0.019204186704498239,0.024149529942263142,0.067610357000816912,0.039974081937605037,22
59,6,"DenseLayer( 128,64 )","all",0.13206467318796497,0.16498978649044252,0.46423166981889508,0.28432369926098672,22
59,6,"DenseLayer( 128,64 )","weights",0.13026341335760772,0.16253559468883799,0.45634206107696557,0.28070088147647465,22
59,6,"DenseLayer( 128,64 )","biases",0.021425370243922211,0.028351545025052695,0.085223040047082435,0.045243575232094248,22
59,8,"DenseLayer( 64,1 )","all",0.078041054884837188,0.099852187844257839,0.28538874537104564,0.15444348432484648,22
59,8,"DenseLayer( 64,1 )","weights",0.075101529404742046,0.095423180460755291,0.26969533171644194,0.1479668395671726,22
59,8,"DenseLayer( 64,1 )","biases",0.019541936386799949,0.029408775017655573,0.093333616852760315,0.044256120920181274,22
60,0,"Conv2DLayer(1,8,5, stride=5, padding=0)","all",0.17404435509489261,0.18796959504283967,0.36094646383706214,0.1372222311138174,22
60,0,"Conv2DLayer(1,8,5, stride=5, padding=0)","weights",0.17037607065667618,0.18439740376231928,0.35834970580002079,0.13347363640625245,22
60,0,"Conv2DLayer(1,8,5, stride=5, padding=0)","biases",0.03421491595835989,0.0364714428873514,0.05463357906129751,0.031854812765819827,22
60,4,"DenseLayer( 7202,128 )","all",1.0109648779465656,1.0741985045416755,1.6316583552093309,0.88076616524190743,22
60,4,"DenseLayer( 7202,128 )","weights",1.0105202507247362,1.0737224106985732,1.6310296645885911,0.88029620987368318,22
60,4,"DenseLayer( 7202,128 )","biases",0.02989444081914502,0.031978303945273769,0.046769293546132976,0.028768397886627418,22
60,6,"DenseLayer( 128,64 )","all",0.200624854890502,0.21535424208916773,0.34878170983495094,0.18552323096016796,22
60,6,"DenseLayer( 128,64 )","weights",0.19719689551522585,0.21167601736862354,0.3440072038780228,0.18191500814055203,22
60,6,"DenseLayer( 128,64 )","biases",0.036815112471172591,0.039632224978646387,0.058858645481923294,0.036411523438641097,22
60,8,"DenseLayer( 64,1 )","all",0.1276528690003064,0.13696707251133639,0.22989607115533445,0.12142800958111036,22
60,8,"DenseLayer( 64,1 )","weights",0.12117805845463012,0.12998885132496679,0.22057229387282981,0.11452545430573539,22
60,8,"DenseLayer( 64,1 )","biases",0.039839580485766586,0.043161064439392119,0.065232165157794952,0.04035693034529686,22
61,0,"Conv2DLayer(1,8,5, stride=5, padding=0)","all",0.18458801828034596,0.20562146809321022,0.50044934051239487,0.1797906374098015,22
61,0,"Conv2DLayer(1,8,5, stride=5, padding=0)","weights",0.18041145282617388,0.20108176815440662,0.48922732943824332,0.1771093217244625,22
61,0,"Conv2DLayer(1,8,5, stride=5, padding=0)","biases",0.037994753044894317,0.042968717187094684,0.10538577963850498,0.030934793655745467,22
61,4,"DenseLayer( 7202,128 )","all",1.1092811418104462,1.2561191719714278,3.0627266004392824,1.0160646063060703,22
61,4,"DenseLayer( 7202,128 )","weights",1.1087894049639002,1.2555517336665674,3.0613361828078909,1.0156850134388231,22
61,4,"DenseLayer( 7202,128 )","biases",0.032973949339960951,0.037752063268941261,0.092276784022710112,0.027771166048390535,22
61,6,"DenseLayer( 128,64 )","all",0.22250596844903534,0.25665796399160173,0.6503060884923032,0.18492934805442643,22
61,6,"DenseLayer( 128,64 )","weights",0.21868867868092529,0.25224850813265576,0.6399224222895743,0.1822476683936447,22
61,6,"DenseLayer( 128,64 )","biases",0.040914567242052412,0.047370883727917042,0.11574671563894584,0.031379151309672441,22
61,8,"DenseLayer( 64,1 )","all",0.14330470546420448,0.16713789030943679,0.42725690275768508,0.094953701577090641,22
61,8,"DenseLayer( 64,1 )","weights",0.13593659781755296,0.15842976269308021,0.40651394988904516,0.091468661335789,22
61,8,"DenseLayer( 64,1 )","biases",0.044935097790915861,0.053245513145274717,0.13150995969772339,0.025489006191492081,22
62,0,"Conv2DLayer(1,8,5, stride=5, padding=0)","all",0.15233294987746276,0.17146188605564788,0.29233341980415556,0.10953330867175344,22
62,0,"Conv2DLayer(1,8,5, stride=5, padding=0)","weights",0.14956725559661296,0.16860231954962376,0.2892675579959017,0.10513588361607308,22
62,0,"Conv2DLayer(1,8,5, stride=5, padding=0)","biases",0.027549858941203705,0.031183909508695921,0.066163390726762222,0.030724447673622268,22
62,4,"DenseLayer( 7202,128 )","all",0.82264206172239407,0.93261401425265389,1.9191585391079509,0.87569830870830501,22
62,4,"DenseLayer( 7202,128 )","weights",0.82231251276945971,0.93222519586509511,1.9182815463771163,0.87523354893881045,22
62,4,"DenseLayer( 7202,128 )","biases",0.023107695089279519,0.026927379648497396,0.058012128559320628,0.028526526016337834,22
62,6,"DenseLayer( 128,64 )","all",0.15734527110273047,0.18153009741677514,0.38700387211665982,0.18495041875328519,22
62,6,"DenseLayer( 128,64 )","weights",0.1548299195487591,0.17849435311267706,0.37979245749776908,0.18127724507815446,22
62,6,"DenseLayer( 128,64 )","biases",0.027754900095821638,0.033059675966815319,0.074361860258423035,0.036677211097495742,22
62,8,"DenseLayer( 64,1 )","all",0.098208309859300083,0.11526949620241353,0.24581470139047371,0.12701094093628512,22
62,8,"DenseLayer( 64,1 )","weights",0.093691916140446474,0.10949173416078471,0.23311903079205229,0.11927595762701536,22
62,8,"DenseLayer( 64,1 )","biases",0.028425007995048709,0.036036327576797839,0.083565838634967804,0.043646592646837234,22
63,0,"Conv2DLayer(1,8,5, stride=5, padding=0)","all",0.17752532102877955,0.19949367840147625,0.38928802929952555,0.30735342689478956,22
63,0,"Conv2DLayer(1,8,5, stride=5, padding=0)","weights",0.17376561601221086,0.19545422959376782,0.38577134711901018,0.30585790282295572,22
63,0,"Conv2DLayer(1,8,5, stride=5, padding=0)","biases",0.034296348058962776,0.039942106304729781,0.085519773524991211,0.030283201691930321,22
63,4,"DenseLayer( 7202,128 )","all",1.0090007285990752,1.1669941940811071,2.4625256438811758,0.88182071652389538,22
63,4,"DenseLayer( 7202,128 )","weights",1.0085563070056212,1.1664602475828318,2.4612841477184646,0.88165678085262655,22
63,4,"DenseLayer( 7202,128 )","biases",0.029773427475272573,0.035297872853923447,0.078184979134052091,0.017002848799539803,22
63,6,"DenseLayer( 128,64 )","all",0.19997473396044071,0.23704621115769567,0.52254125813188601,0.15031830271813709,22
63,6,"DenseLayer( 128,64 )","weights",0.19654078454189716,0.23284191844205179,0.51251017212050942,0.1494986684358228,22
63,6,"DenseLayer( 128,64 )","biases",0.036662744133713898,0.044447128596161851,0.10189548529282426,0.015676105000204291,22
63,8,"DenseLayer( 64,1 )","all",0.13040991830426363,0.15474402452789132,0.35068026445459971,0.10639209812549777,22
63,8,"DenseLayer( 64,1 )","weights",0.12397599129857628,0.14652983048005011,0.32992335422983848,0.10635617555300611,22
63,8,"DenseLayer( 64,1 )","biases",0.039320699119178411,0.049746576832747073,0.11885801702737808,0.0027645009104162455,22
64,0,"Conv2DLayer(1,8,5, stride=5, padding=0)","all",0.1515956616048422,0.16721095186026461,0.31375631800048809,0.19408444505744957,22
64,0,"Conv2DLayer(1,8,5, stride=5, padding=0)","weights",0.14798531012504343,0.16322120991118438,0.30210921316144784,0.1892975872045467,22
64,0,"Conv2DLayer(1,8,5, stride=5, padding=0)","biases",0.031646159849626709,0.036308939080408525,0.084693862872077474,0.042839179401515111,22
64,4,"DenseLayer( 7202,128 )","all",0.9273199181601508,1.0734867896310702,2.6021683282520867,1.2008761481531827,22
64,4,"DenseLayer( 7202,128 )","weights",0.92689246567174843,1.0729755617948389,2.6008939372192161,1.2002548729168785,22
64,4,"DenseLayer( 7202,128 )","biases",0.028006078207169969,0.033125991358323774,0.081429330677484854,0.038623351000564153,22
64,6,"DenseLayer( 128,64 )","all",0.18484282116123221,0.21691661671308388,0.5258675453594186,0.22811032116443841,22
64,6,"DenseLayer( 128,64 )","weights",0.18149079974813628,0.21288561332128947,0.5158411453942231,0.22308752958858932,22
64,6,"DenseLayer( 128,64 )","biases",0.034795647634213146,0.041623722167405376,0.10219876702150676,0.04760538586970512,22
64,8,"DenseLayer( 64,1 )","all",0.12126137837561718,0.14220638833583715,0.32831077336915182,0.14135123498567359,22
64,8,"DenseLayer( 64,1 )","weights",0.11469789488934636,0.13411502549491389,0.30800919570678231,0.13156498300223662,22
64,8,"DenseLayer( 64,1 )","biases",0.038644395715726372,0.047284424708581609,0.11365869641304016,0.051680043339729309,22
65,0,"Conv2DLayer(1,8,5, stride=5, padding=0)","all",0.19187194096782162,0.20933207129499196,0.37454064139393384,0.14454327249161222,22
65,0,"Conv2DLayer(1,8,5, stride=5, padding=0)","weights",0.18645288429613222,0.20363444136952988,0.36517091832592785,0.13902450752205944,22
65,0,"Conv2DLayer(1,8,5, stride=5, padding=0)","biases",0.043965300734097802,0.048507013521459946,0.090553278262802461,0.03955937222496457,22
65,4,"DenseLayer( 7202,128 )","all",1.3313765658238557,1.4679974026651463,2.7389990390153613,1.1689274022218463,22
65,4,"DenseLayer( 7202,128 )","weights",1.3307573658607295,1.4672949147585697,2.7376572816588065,1.1683601459916133,22
65,4,"DenseLayer( 7202,128 )","biases",0.040501598751574865,0.045409331147438683,0.0857224819261935,0.036412098587826951,22
65,6,"DenseLayer( 128,64 )","all",0.26289945397525794,0.29342894289798971,0.56832918927711229,0.24115565147581727,22
65,6,"DenseLayer( 128,64 )","weights",0.25803978989360937,0.28785103822562114,0.55780189270454406,0.2369371614905296,22
65,6,"DenseLayer( 128,64 )","biases",0.050137049385823328,0.056941411316050905,0.10888120076307019,0.044909127619411078,22
65,8,"DenseLayer( 64,1 )","all",0.16350654199435119,0.18457988687970892,0.36080360200009692,0.14316501748071569,22
65,8,"DenseLayer( 64,1 )","weights",0.15396039814260012,0.17341398826871668,0.33933591031981269,0.13481473166264468,22
65,8,"DenseLayer( 64,1 )","biases",0.05458572278307243,0.063224388595410977,0.12259844690561295,0.048178941011428833,22
66,0,"Conv2DLayer(1,8,5, stride=5, padding=0)","all",0.15201287641034705,0.17920752369807511,0.33495966663832188,0.33495966663832188,22
66,0,"Conv2DLayer(1,8,5, stride=5, padding=0)","weights",0.14858555899738382,0.17555028930044289,0.33254392134772726,0.33254392134772726,22
66,0,"Conv2DLayer(1,8,5, stride=5, padding=0)","biases",0.03114869946600593,0.036019890012699368,0.067370865021938911,0.040156178218704028,22
66,4,"DenseLayer( 7202,128 )","all",0.94849546431931542,1.0859694442758077,1.9531439502465209,1.1263379591118989,22
66,4,"DenseLayer( 7202,128 )","weights",0.94808091808471051,1.085485940876924,1.9522423716641759,1.1260137991510424,22
66,4,"DenseLayer( 7202,128 )","biases",0.027934062412953792,0.032402253922308735,0.059338121503956599,0.027020774559470131,22
66,6,"DenseLayer( 128,64 )","all",0.18482139220244712,0.21382686591848241,0.38248093439401737,0.19877625792649356,22
66,6,"DenseLayer( 128,64 )","weights",0.18165056603441185,0.21009331519028027,0.3752808638218566,0.19653569388893175,22
66,6,"DenseLayer( 128,64 )","biases",0.033912551448542376,0.039783507900613892,0.073864324433665196,0.029761077649440131,22
66,8,"DenseLayer( 64,1 )","all",0.11168901899629481,0.13076798360961206,0.23270371311407989,0.11576392379750725,22
66,8,"DenseLayer( 64,1 )","weights",0.10580984973766369,0.12362673430541811,0.21878185351105986,0.11441687793478195,22
66,8,"DenseLayer( 64,1 )","biases",0.035170728340744972,0.042622718147735772,0.079281263053417206,0.017608636990189552,22
67,0,"Conv2DLayer(1,8,5, stride=5, padding=0)","all",0.19503847533479782,0.21038075835539433,0.34191542200288583,0.055256456996091816,22
67,0,"Conv2DLayer(1,8,5, stride=5, padding=0)","weights",0.19146743068287514,0.20660855174054465,0.32919891881186608,0.054648836521733711,22
67,0,"Conv2DLayer(1,8,5, stride=5, padding=0)","biases",0.034960100098983565,0.039660683729173259,0.092380883609705214,0.0081719463153992582,22
67,4,"DenseLayer( 7202,128 )","all",1.0339692574939143,1.1600055681512271,2.5345612365782313,0.34705798430129914,22
67,4,"DenseLayer( 7202,128 )","weights",1.0335459481036555,1.159499498262673,2.5332492771505,0.34698196891868083,22
67,4,"DenseLayer( 7202,128 )","biases",0.029405174730871196,0.034261226925798305,0.081539939792979382,0.0072634504607934375,22
67,6,"DenseLayer( 128,64 )","all",0.20099423258747262,0.23077023310011605,0.51371542809000081,0.054149582481268374,22
67,6,"DenseLayer( 128,64 )","weights",0.19781089663532039,0.22683021952226945,0.5028020788443871,0.053784033942872261,22
67,6,"DenseLayer( 128,64 )","biases",0.035332627597909429,0.042461182232257116,0.10532621025867878,0.0062813195849002667,22
67,8,"DenseLayer( 64,1 )","all",0.12998794500713484,0.1501494515145492,0.33964428239607303,0.024381422564585798,22
67,8,"DenseLayer( 64,1 )","weights",0.12398437468504159,0.14244634024836683,0.31711111199744629,0.023990491044285168,22
67,8,"DenseLayer( 64,1 )","biases",0.037903637794608418,0.047475235017495947,0.12165024131536484,0.0043485751375555992,22
68,0,"Conv2DLayer(1,8,5, stride=5, padding=0)","all",0.16111950601724409,0.17626618264609986,0.3184913227118466,0.27227982028058267,22
68,0,"Conv2DLayer(1,8,5, stride=5, padding=0)","weights",0.15739548412889168,0.17226779704527898,0.3107245500824205,0.27064036914406875,22
68,0,"Conv2DLayer(1,8,5, stride=5, padding=0)","biases",0.033431360499218174,0.037330593965202268,0.071244356399474504,0.029834394942559007,22
68,4,"DenseLayer( 7202,128 )","all",1.0134635232628511,1.1323483586900489,2.2405118528623764,0.79612133959688802,22
68,4,"DenseLayer( 7202,128 )","weights",1.0130198452526251,1.131840785154677,2.2394877407446021,0.79593771834898952,22
68,4,"DenseLayer( 7202,128 )","biases",0.029876452090024389,0.033900479177907034,0.067734938336405828,0.017097832346475283,22
68,6,"DenseLayer( 128,64 )","all",0.19919511338277557,0.22525356604530047,0.46256124035949037,0.14454812517206511,22
68,6,"DenseLayer( 128,64 )","weights",0.19567166983545928,0.22121232881981318,0.45444612385489153,0.14348770831552624,22
68,6,"DenseLayer( 128,64 )","biases",0.037094390787062101,0.042476753574624604,0.086264834064494936,0.017476786120951021,22
68,8,"DenseLayer( 64,1 )","all",0.12573774740560772,0.1422449773551244,0.28747519688038348,0.1051946392113401,22
68,8,"DenseLayer( 64,1 )","weights",0.11888903949320781,0.13420150986152063,0.27073878446770039,0.10483100240168078,22
68,8,"DenseLayer( 64,1 )","biases",0.039833466776392677,0.047154939652681548,0.09665660560131073,0.0087391678243875504,22
69,0,"Conv2DLayer(1,8,5, stride=5, padding=0)","all",0.13056763326066523,0.14354473358871223,0.2547201401151884,0.2547201401151884,22
69,0,"Conv2DLayer(1,8,5, stride=5, padding=0)","weights",0.12795452559586201,0.14084537242856324,0.25264284195081044,0.25264284195081044,22
69,0,"Conv2DLayer(1,8,5, stride=5, padding=0)","biases",0.025024484899421617,0.027706887347980626,0.058118682792036698,0.032464506639082749,22
69,4,"DenseLayer( 7202,128 )","all",0.73201631174105242,0.80766851477801127,1.7024033846970024,0.85799128975767791,22
69,4,"DenseLayer( 7202,128 )","weights",0.7317090436016066,0.80731542153040248,1.7015742332661272,0.85779862572228793,22
69,4,"DenseLayer( 7202,128 )","biases",0.021077656948593267,0.023879696876370631,0.053126386218159044,0.018181611837176478,22
69,6,"DenseLayer( 128,64 )","all",0.14557263507000509,0.16400553088800818,0.36426647163083248,0.1502222724600755,22
69,6,"DenseLayer( 128,64 )","weights",0.14321975567784484,0.16120659076094077,0.35763350202923594,0.14887736787117625,22
69,6,"DenseLayer( 128,64 )","biases",0.025888241875451211,0.030170337371199119,0.069197836531791693,0.020056432355222354,22
69,8,"DenseLayer( 64,1 )","all",0.093098987248528164,0.10861929393832073,0.2542686149175481,0.084538405563173269,22
69,8,"DenseLayer( 64,1 )","weights",0.08868876368034255,0.10301905299634939,0.24009079827431792,0.084457515208810369,22
69,8,"DenseLayer( 64,1 )","biases",0.027328613955019551,0.034427107566490027,0.083719395101070404,0.0036973152309656143,22
70,0,"Conv2DLayer(1,8,5, stride=5, padding=0)","all",0.13642736337931452,0.15888980742999426,0.37215687196925323,0.20940651755657741,22
70,0,"Conv2DLayer(1,8,5, stride=5, padding=0)","weights",0.13401524748610918,0.15629218212109727,0.36875439396586934,0.20052464859475339,22
70,0,"Conv2DLayer(1,8,5, stride=5, padding=0)","biases",0.024346474490541749,0.028613365984560813,0.060340325663057442,0.060340325663057442,22
70,4,"DenseLayer( 7202,128 )","all",0.73025486595664391,0.85816694450705555,1.7748562379643125,1.7748562379643125,22
70,4,"DenseLayer( 7202,128 )","weights",0.72997353228853912,0.85782428897005725,1.7740360068327532,1.7740360068327532,22
70,4,"DenseLayer( 7202,128 )","biases",0.020173541017688017,0.024248585476095357,0.053952867409730466,0.053952867409730466,22
70,6,"DenseLayer( 128,64 )","all",0.13653294583855299,0.16360153727516413,0.35783310365339643,0.35783310365339643,22
70,6,"DenseLayer( 128,64 )","weights",0.13441512005843903,0.16100967305170061,0.35152398610578151,0.35152398610578151,22
70,6,"DenseLayer( 128,64 )","biases",0.023820300713296386,0.029006002526742559,0.066898559495139218,0.066898559495139218,22
70,8,"DenseLayer( 64,1 )","all",0.083034234193503087,0.099665136975847765,0.20517231442699274,0.20517231442699274,22
70,8,"DenseLayer( 64,1 )","weights",0.079191608353771412,0.094807517160216834,0.19306600180232905,0.19306600180232905,22
70,8,"DenseLayer( 64,1 )","biases",0.02448938503353433,0.03073555300185259,0.069434843957424164,0.069434843957424164,22
71,0,"Conv2DLayer(1,8,5, stride=5, padding=0)","all",0.17676109373760934,0.20479803366444244,0.39685359483429911,0.39685359483429911,22
71,0,"Conv2DLayer(1,8,5, stride=5, padding=0)","weights",0.17279452356524416,0.2002022528953509,0.38438615865481257,0.38438615865481257,22
71,0,"Conv2DLayer(1,8,5, stride=5, padding=0)","biases",0.035647350749881145,0.043142699596201269,0.098691725932335939,0.098691725932335939,22
71,4,"DenseLayer( 7202,128 )","all",1.0321714854451185,1.2473842969602007,3.0052619514975203,3.0052619514975203,22
71,4,"DenseLayer( 7202,128 )","weights",1.0317210937264631,1.2468231622179327,3.0039240400339118,3.0039240400339118,22
71,4,"DenseLayer( 7202,128 )","biases",0.030359371708258004,0.037411047295803523,0.089664702224580728,0.089664702224580728,22
71,6,"DenseLayer( 128,64 )","all",0.20478637755688001,0.25102106199002983,0.6071056779102354,0.6071056779102354,22
71,6,"DenseLayer( 128,64 )","weights",0.20138142375431001,0.2466745134591235,0.5965068717761931,0.5965068717761931,22
71,6,"DenseLayer( 128,64 )","biases",0.036974165918303777,0.046510837149067868,0.11294625303491404,0.11294625303491404,22
71,8,"DenseLayer( 64,1 )","all",0.12898445952378815,0.15894496460436736,0.37225497707864746,0.37225497707864746,22
71,8,"DenseLayer( 64,1 )","weights",0.1226078687965898,0.15034762772508156,0.35031655632644465,0.35031655632644465,22
71,8,"DenseLayer( 64,1 )","biases",0.038940735796297136,0.051566390318926486,0.12590503692626953,0.12590503692626953,22
72,0,"Conv2DLayer(1,8,5, stride=5, padding=0)","all",0.1656686427236988,0.20553189338282415,0.51140972259849127,0.071739990326442488,22
72,0,"Conv2DLayer(1,8,5, stride=5, padding=0)","weights",0.16219188973504256,0.20165862734707449,0.49749328682138738,0.06991785003095527,22
72,0,"Conv2DLayer(1,8,5, stride=5, padding=0)","biases",0.03233276992382228,0.039713438708104121,0.11849191506562189,0.0160661276942177,22
72,4,"DenseLayer( 7202,128 )","all",0.98717010337199407,1.1965568951673331,3.5511464136883357,0.64563032577499657,22
72,4,"DenseLayer( 7202,128 )","weights",0.98675979601120023,1.1960486488307951,3.5495881264311548,0.64538974987399778,22
72,4,"DenseLayer( 7202,128 )","biases",0.028320496210341366,0.034871664751156592,0.10519022839832613,0.017623516048357026,22
72,6,"DenseLayer( 128,64 )","all",0.18620247267387663,0.22968264105228206,0.70164495113576808,0.10723347500832037,22
72,6,"DenseLayer( 128,64 )","weights",0.1831771095840394,0.22580891512607495,0.68914441165492935,0.10593878044751898,22
72,6,"DenseLayer( 128,64 )","biases",0.033080273683605353,0.042005350258467189,0.13185453097673833,0.016613035834923177,22
72,8,"DenseLayer( 64,1 )","all",0.10943073528316842,0.13792209566599373,0.43251707661655803,0.040670418095288437,22
72,8,"DenseLayer( 64,1 )","weights",0.10410635221274096,0.13066187124587167,0.40741447416747772,0.039200152939373768,22
72,8,"DenseLayer( 64,1 )","biases",0.032208921239626681,0.044158576465130495,0.14520491659641266,0.010836554691195488,22
73,0,"Conv2DLayer(1,8,5, stride=5, padding=0)","all",0.21292284893285002,0.24150548555888382,0.44222555727328877,0.44222555727328877,22
73,0,"Conv2DLayer(1,8,5, stride=5, padding=0)","weights",0.20906300735147204,0.2372982828396028,0.43181065452966888,0.43181065452966888,22
73,0,"Conv2DLayer(1,8,5, stride=5, padding=0)","biases",0.038487368775451829,0.044882340808029539,0.095409654335029126,0.095409654335029126,22
73,4,"DenseLayer( 7202,128 )","all",1.0876663789448506,1.2640299623925606,2.7834858603058406,2.7834858603058406,22
73,4,"DenseLayer( 7202,128 )","weights",1.0871929342503515,1.2634480401377632,2.7820939502530337,2.7820939502530337,22
73,4,"DenseLayer( 7202,128 )","biases",0.031927535532488602,0.038350954332108105,0.088015830894297334,0.088015830894297334,22
73,6,"DenseLayer( 128,64 )","all",0.21295181555946485,0.25396281268171866,0.59549685179154177,0.59549685179154177,22
73,6,"DenseLayer( 128,64 )","weights",0.20938324208010461,0.2494303318267615,0.58457528806334758,0.58457528806334758,22
73,6,"DenseLayer( 128,64 )","biases",0.038523752108863871,0.04776630391815332,0.11352635411785109,0.11352635411785109,22
73,8,"DenseLayer( 64,1 )","all",0.14128913442745542,0.17253490895788925,0.42391524015892879,0.42391524015892879,22
73,8,"DenseLayer( 64,1 )","weights",0.1346933687323483,0.16362135732995606,0.40088892881534827,0.40088892881534827,22
73,8,"DenseLayer( 64,1 )","biases",0.040832542867230419,0.054738891426571373,0.13781218230724335,0.13781218230724335,22
74,0,"Conv2DLayer(1,8,5, stride=5, padding=0)","all",0.15742448036464199,0.17968694303865498,0.37442345960147944,0.16520920516533683,22
74,0,"Conv2DLayer(1,8,5, stride=5, padding=0)","weights",0.15398509776506772,0.17612592885702971,0.36843777884933304,0.16079136200764566,22
74,0,"Conv2DLayer(1,8,5, stride=5, padding=0)","biases",0.031837625300914066,0.035595711579140384,0.066682308122249873,0.037950222332531952,22
74,4,"DenseLayer( 7202,128 )","all",0.93570786392479355,1.0529769169030634,1.9546980041914981,1.1743293690954943,22
74,4,"DenseLayer( 7202,128 )","weights",0.9353189104903441,1.0525396034723691,1.9539753875879735,1.1739230044900471,22
74,4,"DenseLayer( 7202,128 )","biases",0.026897566445605325,0.030344202953928586,0.053145764559887024,0.030890882947605298,22
74,6,"DenseLayer( 128,64 )","all",0.18639750288990237,0.21291816792010468,0.40121208855246754,0.23004656088735426,22
74,6,"DenseLayer( 128,64 )","weights",0.18349279626015391,0.20967016137396721,0.39613756051192256,0.22733826540370977,22
74,6,"DenseLayer( 128,64 )","biases",0.032595742233338158,0.037048207242300395,0.064074442761438311,0.035195642618534653,22
74,8,"DenseLayer( 64,1 )","all",0.11697149646174818,0.13402684553891966,0.24505319215497551,0.12661348861787555,22
74,8,"DenseLayer( 64,1 )","weights",0.11139397367189574,0.12767946506940409,0.23466284495813314,0.1218170353168143,22
74,8,"DenseLayer( 64,1 )","biases",0.035224407106976614,0.040757202120659058,0.070600397884845734,0.034519348293542862,22
75,0,"Conv2DLayer(1,8,5, stride=5, padding=0)","all",0.14154889528079201,0.15155219006116682,0.26030402557904075,0.05375811704710446,22
75,0,"Conv2DLayer(1,8,5, stride=5, padding=0)","weights",0.13828869319620365,0.14829461610285918,0.25795666915424165,0.052591360838352169,22
75,0,"Conv2DLayer(1,8,5, stride=5, padding=0)","biases",0.02906157150743922,0.031253370174137145,0.049310330465435898,0.011139295921216062,22
75,4,"DenseLayer( 7202,128 )","all",0.85109596538533805,0.90621278836791441,1.4023771732213983,0.47434992065744985,22
75,4,"DenseLayer( 7202,128 )","weights",0.85072880764980907,0.90580786808777403,1.4016750872067556,0.47421702923311915,22
75,4,"DenseLayer( 7202,128 )","biases",0.024870048020028013,0.027087338588942526,0.044369875775960591,0.011227484715820439,22
75,6,"DenseLayer( 128,64 )","all",0.16543282193473188,0.17847689139898013,0.28300787833393198,0.076028423391907379,22
75,6,"DenseLayer( 128,64 )","weights",0.16264292032131089,0.17533652743446423,0.27823828772728748,0.075251024676881842,22
75,6,"DenseLayer( 128,64 )","biases",0.0300299506884306,0.033333210326440349,0.05638971870400452,0.010844558475956907,22
75,8,"DenseLayer( 64,1 )","all",0.10383348874017199,0.11426856770553288,0.19049126880185091,0.02005794039242273,22
75,8,"DenseLayer( 64,1 )","weights",0.098579912072392542,0.10806454652159167,0.17785767900901003,0.019780989397630139,22
75,8,"DenseLayer( 64,1 )","biases",0.031852840181355452,0.037139727389369777,0.068217076361179352,0.003321660915389657,22
76,0,"Conv2DLayer(1,8,5, stride=5, padding=0)","all",0.10440902006492875,0.11704235102104407,0.22713188994177205,0.11531406321315235,22
76,0,"Conv2DLayer(1,8,5, stride=5, padding=0)","weights",0.10244190976446151,0.11512850997750848,0.22556932944842009,0.11294054607602673,22
76,0,"Conv2DLayer(1,8,5, stride=5, padding=0)","biases",0.019260413831377703,0.021079329279937407,0.037163569847864231,0.0232758722022566,22
76,4,"DenseLayer( 7202,128 )","all",0.5847926675720766,0.63017730687727758,1.1211414742022625,0.76226791093834179,22
76,4,"DenseLayer( 7202,128 )","weights",0.58456100179093951,0.62992583110538602,1.1206939931343303,0.76201046496139146,22
76,4,"DenseLayer( 7202,128 )","biases",0.016341778967171004,0.017801275496071182,0.031673000000821488,0.019809576866448513,22
76,6,"DenseLayer( 128,64 )","all",0.11153955909319321,0.12240455700983487,0.23321872728310875,0.14088043694065855,22
76,6,"DenseLayer( 128,64 )","weights",0.1097620815373999,0.1204420220128552,0.22984497883767382,0.13922571775780046,22
76,6,"DenseLayer( 128,64 )","biases",0.019686066567877671,0.021831053804817074,0.039525440651083384,0.021528981104923513,22
76,8,"DenseLayer( 64,1 )","all",0.068953802286370824,0.077640689461042495,0.15103791792068225,0.063989259314341088,22
76,8,"DenseLayer( 64,1 )","weights",0.065693682282854118,0.073891637195753798,0.14434833392987903,0.06222032554363683,22
76,8,"DenseLayer( 64,1 )","biases",0.02040238424458287,0.023834903241195027,0.044452346861362457,0.014941766858100891,22
77,0,"Conv2DLayer(1,8,5, stride=5, padding=0)","all",0.15738616597516472,0.17803340272721474,0.35093803094254844,0.13325756415647164,22
77,0,"Conv2DLayer(1,8,5, stride=5, padding=0)","weights",0.15466098139573031,0.17531959100771718,0.34894222855167095,0.13139085253770338,22
77,0,"Conv2DLayer(1,8,5, stride=5, padding=0)","biases",0.027698707293330377,0.030966651344913134,0.067522191369540088,0.022226611850024211,22
77,4,"DenseLayer( 7202,128 )","all",0.82406775461384163,0.92274633703908115,2.0744227247246738,0.66853642675980895,22
77,4,"DenseLayer( 7202,128 )","weights",0.82374415929218048,0.92237230940355852,2.0734892721779219,0.66827529617060089,22
77,4,"DenseLayer( 7202,128 )","biases",0.022921226528823196,0.026270237238892762,0.062224424603308459,0.018683747827163252,22
77,6,"DenseLayer( 128,64 )","all",0.15694495095725661,0.17880784586511494,0.40777232876956893,0.1315888735737446,22
77,6,"DenseLayer( 128,64 )","weights",0.15457916526398574,0.17602711351521325,0.40039366038369928,0.12940613740998494,22
77,6,"DenseLayer( 128,64 )","biases",0.026737239405691633,0.031411797949575153,0.077221686297958225,0.023868038231807841,22
77,8,"DenseLayer( 64,1 )","all",0.097529290729166135,0.1108423995943516,0.24110702086896982,0.097355702834828389,22
77,8,"DenseLayer( 64,1 )","weights",0.093275840124375245,0.10579234016862976,0.22703364187054462,0.092824827072392993,22
77,8,"DenseLayer( 64,1 )","biases",0.026993677379902114,0.033075947597594878,0.081168472766876221,0.029354460537433624,22
78,0,"Conv2DLayer(1,8,5, stride=5, padding=0)","all",0.14331663555185636,0.15978134937023469,0.29004890964097552,0.19569951343157702,22
78,0,"Conv2DLayer(1,8,5, stride=5, padding=0)","weights",0.14115875608807618,0.15755800518179244,0.28806760238267898,0.19299113850341476,22
78,0,"Conv2DLayer(1,8,5, stride=5, padding=0)","biases",0.023731080641663026,0.026562277946502691,0.050403167267109215,0.032445647111928169,22
78,4,"DenseLayer( 7202,128 )","all",0.70680307342575699,0.78378672580720754,1.5286384339620176,0.76607353286028723,22
78,4,"DenseLayer( 7202,128 )","weights",0.7065423207286502,0.78348312159361022,1.5279717982838985,0.76578275106428251,22
78,4,"DenseLayer( 7202,128 )","biases",0.019094416905060502,0.021813521712802413,0.04514028616345906,0.021105352910118853,22
78,6,"DenseLayer( 128,64 )","all",0.13024180752897355,0.14852171586861951,0.28574399607496498,0.15301133632397021,22
78,6,"DenseLayer( 128,64 )","weights",0.12834424130563862,0.14621606087790873,0.28008684202372697,0.15090745535826397,22
78,6,"DenseLayer( 128,64 )","biases",0.021873311756705486,0.026068441186742005,0.056577311866731587,0.025286537148069388,22
78,8,"DenseLayer( 64,1 )","all",0.081873603254429855,0.096413397116332927,0.1947376669110267,0.10540834893921991,22
78,8,"DenseLayer( 64,1 )","weights",0.078554934867496221,0.092023614396929576,0.1859115131359371,0.10168448976837535,22
78,8,"DenseLayer( 64,1 )","biases",0.021334278652582063,0.028761041998455635,0.068087607622146606,0.027770210057497025,22
79,0,"Conv2DLayer(1,8,5, stride=5, padding=0)","all",0.18189292189379858,0.21069884778904513,0.40735980957154483,0.293590591442769,22
79,0,"Conv2DLayer(1,8,5, stride=5, padding=0)","weights",0.17898509759208325,0.20798960326734173,0.40329764517466848,0.29235930855764036,22
79,0,"Conv2DLayer(1,8,5, stride=5, padding=0)","biases",0.030457274894321144,0.033679806892632121,0.063801500457965427,0.026860195148460338,22
79,4,"DenseLayer( 7202,128 )","all",0.89574170763124605,0.98351156867035683,1.881536581093521,1.0462171767614199,22
79,4,"DenseLayer( 7202,128 )","weights",0.89539166947268178,0.98312049570943549,1.880700445798094,1.0459905471225019,22
79,4,"DenseLayer( 7202,128 )","biases",0.024881326344433938,0.02773259137656979,0.056086889447948686,0.021775129873431078,22
79,6,"DenseLayer( 128,64 )","all",0.16660606976570635,0.18454638696605505,0.34657590751272327,0.18849885434984229,22
79,6,"DenseLayer( 128,64 )","weights",0.16409434664129605,0.18168883829082788,0.33994247892655927,0.18722596954091172,22
79,6,"DenseLayer( 128,64 )","biases",0.028421763050133497,0.03235019293225809,0.067483114106667574,0.021869028800306899,22
79,8,"DenseLayer( 64,1 )","all",0.1001131635592382,0.11298585557407168,0.2192483906024334,0.11148527685987958,22
79,8,"DenseLayer( 64,1 )","weights",0.09593391584911376,0.10809595797474489,0.20586386665725009,0.11111471187683195,22
79,8,"DenseLayer( 64,1 )","biases",0.026908148249441929,0.03287958985947316,0.075431592762470245,0.0090822773054242134,22
80,0,"Conv2DLayer(1,8,5, stride=5, padding=0)","all",0.18443385536663742,0.19990412354338205,0.32507456565660575,0.11520013490381015,22
80,0,"Conv2DLayer(1,8,5, stride=5, padding=0)","weights",0.1807739097652574,0.1962292632521318,0.32104880673355529,0.11163337249902729,22
80,0,"Conv2DLayer(1,8,5, stride=5, padding=0)","biases",0.035269609607713907,0.038154093531013254,0.067395831550651875,0.028444001588199194,22
80,4,"DenseLayer( 7202,128 )","all",1.0455605310867242,1.1322869731825664,2.0405342011854177,0.93138580957209394,22
80,4,"DenseLayer( 7202,128 )","weights",1.0451249347376994,1.1318054275931231,2.0396357502253566,0.93093248610007251,22
80,4,"DenseLayer( 7202,128 )","biases",0.030068744288338622,0.033019141564945238,0.060546119694471871,0.029055680955763306,22
80,6,"DenseLayer( 128,64 )","all",0.20074841577014876,0.22116518246374467,0.40603422987542026,0.18148651876740868,22
80,6,"DenseLayer( 128,64 )","weights",0.19744683404532259,0.21748217753764101,0.39906480008920187,0.17763956280890522,22
80,6,"DenseLayer( 128,64 )","biases",0.036011610501500979,0.040193785436401279,0.074907150261446953,0.037169103020842392,22
80,8,"DenseLayer( 64,1 )","all",0.12268869020772077,0.13603743015199102,0.23414470348193209,0.12103376080372714,22
80,8,"DenseLayer( 64,1 )","weights",0.11666620471653601,0.12904941886883642,0.22097237720063331,0.11282169932390033,22
80,8,"DenseLayer( 64,1 )","biases",0.036512434863570059,0.043039863986465428,0.07742706686258316,0.043822772800922394,22
81,0,"Conv2DLayer(1,8,5, stride=5, padding=0)","all",0.14710164795210984,0.16505936894345857,0.28036945143237546,0.25924581519535306,22
81,0,"Conv2DLayer(1,8,5, stride=5, padding=0)","weights",0.14346673835730547,0.16072902626747379,0.26862527729275826,0.24999254499854032,22
81,0,"Conv2DLayer(1,8,5, stride=5, padding=0)","biases",0.031080646606834197,0.037560290083045005,0.080296262029311533,0.06864488430652306,22
81,4,"DenseLayer( 7202,128 )","all",0.92244122239539006,1.1168151334409562,2.475301066802567,2.0519347970325539,22
81,4,"DenseLayer( 7202,128 )","weights",0.92205390658167485,1.1163183770557377,2.4740782481661006,2.0510606844191299,22
81,4,"DenseLayer( 7202,128 )","biases",0.026580815893516286,0.033306505826710693,0.077795843496209105,0.059887228214024667,22
81,6,"DenseLayer( 128,64 )","all",0.18046787131729919,0.22437514059297081,0.50819031182141339,0.42283064357495848,22
81,6,"DenseLayer( 128,64 )","weights",0.17755318348365148,0.22055619860647513,0.49843553917322886,0.41623453842903035,22
81,6,"DenseLayer( 128,64 )","biases",0.032009970290318324,0.041220953074577481,0.099092917598777031,0.074394638010985864,22
81,8,"DenseLayer( 64,1 )","all",0.1095435223887322,0.13781636948738471,0.33197250027861142,0.24441579815495204,22
81,8,"DenseLayer( 64,1 )","weights",0.10417764983061127,0.13033447162347786,0.31146444850039495,0.23188553703258968,22
81,8,"DenseLayer( 64,1 )","biases",0.032726358304816211,0.044791485857383503,0.11487226933240891,0.077253997325897217,22
82,0,"Conv2DLayer(1,8,5, stride=5, padding=0)","all",0.22412902130328052,0.24763064281731745,0.47468600463161065,0.39256742112677917,22
82,0,"Conv2DLayer(1,8,5, stride=5, padding=0)","weights",0.21917917742018245,0.24240475555686175,0.4697470667412631,0.38342577880673134,22
82,0,"Conv2DLayer(1,8,5, stride=5, padding=0)","biases",0.044790242203032335,0.050605036760543474,0.084225009804579545,0.084225009804579545,22
82,4,"DenseLayer( 7202,128 )","all",1.3086920739440648,1.482712767006652,2.5419379897294836,2.4313129945709346,22
82,4,"DenseLayer( 7202,128 )","weights",1.3081116241241075,1.4820377937185625,2.540642230572669,2.4303138068316126,22
82,4,"DenseLayer( 7202,128 )","biases",0.038848323651584207,0.044733962873169497,0.081152941170969939,0.069697043646925819,22
82,6,"DenseLayer( 128,64 )","all",0.25267605408690036,0.2911881962448013,0.5225166009759975,0.46393816094107065,22
82,6,"DenseLayer( 128,64 )","weights",0.24818648830281889,0.28585745183305433,0.51230517948050136,0.45631820012503466,22
82,6,"DenseLayer( 128,64 )","biases",0.047236745340880605,0.055462445526806063,0.10279592099378784,0.08373958091626435,22
82,8,"DenseLayer( 64,1 )","all",0.15644427985745246,0.18196296674174819,0.33960876613790636,0.26008562171582622,22
82,8,"DenseLayer( 64,1 )","weights",0.14816054655753724,0.17167492202872286,0.31894115448489929,0.24664673364977227,22
82,8,"DenseLayer( 64,1 )","biases",0.049200076355852863,0.060317844887648991,0.11666470766067505,0.082522235810756683,22
83,0,"Conv2DLayer(1,8,5, stride=5, padding=0)","all",0.21981788189989476,0.24457879812181318,0.54790800741205847,0.15047952368800033,22
83,0,"Conv2DLayer(1,8,5, stride=5, padding=0)","weights",0.21369814641601653,0.23792049804824517,0.53777139002490049,0.14563140683821327,22
83,0,"Conv2DLayer(1,8,5, stride=5, padding=0)","biases",0.050573032992717148,0.05668002381073621,0.10490527468596932,0.037889053718590852,22
83,4,"DenseLayer( 7202,128 )","all",1.4882294032151955,1.688806488137321,3.2956106188275776,1.0398424915484992,22
83,4,"DenseLayer( 7202,128 )","weights",1.4875385511770962,1.6880169604354953,3.2942576525601104,1.0393572275743246,22
83,4,"DenseLayer( 7202,128 )","biases",0.045293266220922578,0.051634248874394384,0.094423881927392428,0.031764142028461714,22
83,6,"DenseLayer( 128,64 )","all",0.29936582465597988,0.34271551366506353,0.64203669903685157,0.2203695985249296,22
83,6,"DenseLayer( 128,64 )","weights",0.29391963208904343,0.33646050601956434,0.63153466939453173,0.21629280819986216,22
83,6,"DenseLayer( 128,64 )","biases",0.05678348044773119,0.065178609955775152,0.11565069936181233,0.042192192110108412,22
83,8,"DenseLayer( 64,1 )","all",0.18742705611598673,0.21677966494448006,0.39515442791711342,0.15186856747091912,22
83,8,"DenseLayer( 64,1 )","weights",0.17684571227833376,0.20432459673749559,0.37135538336656015,0.1435460930936589,22
83,8,"DenseLayer( 64,1 )","biases",0.061935864600606939,0.072421559645597558,0.13506369292736053,0.049584079533815384,22
84,0,"Conv2DLayer(1,8,5, stride=5, padding=0)","all",0.17605502071314166,0.19291330304898641,0.37233887112890429,0.30227110211565461,22
84,0,"Conv2DLayer(1,8,5, stride=5, padding=0)","weights",0.17270041613703024,0.18928604657978437,0.36234678733232584,0.29834498856087843,22
84,0,"Conv2DLayer(1,8,5, stride=5, padding=0)","biases",0.032826991637211096,0.037233520696621829,0.085679873152853303,0.048560137714197586,22
84,4,"DenseLayer( 7202,128 )","all",0.99326070106858688,1.1114180121615556,2.5342643544420298,1.2874331602457592,22
84,4,"DenseLayer( 7202,128 )","weights",0.99285349154617453,1.110939804385636,2.5330708874362533,1.286948041413416,22
84,4,"DenseLayer( 7202,128 )","biases",0.028280619020480159,0.032599828047834935,0.077766942966729244,0.03533950767278899,22
84,6,"DenseLayer( 128,64 )","all",0.18887243382974669,0.21662789810121111,0.50604117286842298,0.23444705746248595,22
84,6,"DenseLayer( 128,64 )","weights",0.18580569100808922,0.21292056760459957,0.49638213928488822,0.23078779410732642,22
84,6,"DenseLayer( 128,64 )","biases",0.033591703357875681,0.03990586581799533,0.098399392462590815,0.041260354383990776,22
84,8,"DenseLayer( 64,1 )","all",0.11071419090176012,0.13043204071340686,0.30609335371871965,0.1346535387361,22
84,8,"DenseLayer( 64,1 )","weights",0.10543053582266919,0.12359690748039047,0.28739608312867021,0.12924825004178897,22
84,8,"DenseLayer( 64,1 )","biases",0.032401218015531245,0.041669193728072332,0.10534055531024933,0.037768576294183731,22
85,0,"Conv2DLayer(1,8,5, stride=5, padding=0)","all",0.19410511683801668,0.21649989398084746,0.42241440140769754,0.2369972607090457,22
85,0,"Conv2DLayer(1,8,5, stride=5, padding=0)","weights",0.19054554684489555,0.2122258783417158,0.40875579212306545,0.23281522212294598,22
85,0,"Conv2DLayer(1,8,5, stride=5, padding=0)","biases",0.035349145916814526,0.042806315606525064,0.10654871619343273,0.044325770511461048,22
85,4,"DenseLayer( 7202,128 )","all",1.0229962075202912,1.2446500348788876,3.1369927426973367,1.2661421255883634,22
85,4,"DenseLayer( 7202,128 )","weights",1.0225888666121308,1.244119114422233,3.1354719209752586,1.2656604942583687,22
85,4,"DenseLayer( 7202,128 )","biases",0.028731603437376907,0.036350219438876334,0.097669342741124585,0.034919843400006971,22
85,6,"DenseLayer( 128,64 )","all",0.20170341897628841,0.24856842161446513,0.6328072246829487,0.27118295336182063,22
85,6,"DenseLayer( 128,64 )","weights",0.19861121474916274,0.24445993911059632,0.62072742288921867,0.26751834166741584,22
85,6,"DenseLayer( 128,64 )","biases",0.034940670853474132,0.045006648330552707,0.12305466299269198,0.044431194734726058,22
85,8,"DenseLayer( 64,1 )","all",0.12676784413878078,0.15343227207245913,0.38292620897817392,0.1850376602764989,22
85,8,"DenseLayer( 64,1 )","weights",0.12120205238786455,0.14573575128157851,0.35922476413245907,0.17748131282713947,22
85,8,"DenseLayer( 64,1 )","biases",0.036057833687994971,0.047984923796032065,0.13262748718261719,0.052338507026433945,22
86,0,"Conv2DLayer(1,8,5, stride=5, padding=0)","all",0.15950814574765312,0.18509026400152082,0.41523682392361416,0.41523682392361416,22
86,0,"Conv2DLayer(1,8,5, stride=5, padding=0)","weights",0.15546508712877857,0.18044456044646373,0.40488242086288295,0.40488242086288295,22
86,0,"Conv2DLayer(1,8,5, stride=5, padding=0)","biases",0.034877636762830101,0.041208814996735385,0.092151208447756525,0.092151208447756525,22
86,4,"DenseLayer( 7202,128 )","all",1.0457367339807317,1.2348362443024781,2.7986450341158573,2.7986450341158573,22
86,4,"DenseLayer( 7202,128 )","weights",1.045284484522411,1.2342922677525052,2.7973710860186936,2.7973710860186936,22
86,4,"DenseLayer( 7202,128 )","biases",0.030661663731691002,0.036648983743448799,0.084433607573893427,0.084433607573893427,22
86,6,"DenseLayer( 128,64 )","all",0.21003659275643816,0.25297592914274886,0.59771170950016106,0.59771170950016106,22
86,6,"DenseLayer( 128,64 )","weights",0.2065450169028433,0.24873995858012976,0.58816057771487251,0.58816057771487251,22
86,6,"DenseLayer( 128,64 )","biases",0.037977124775377839,0.046100474305503993,0.10642566652698168,0.10642566652698168,22
86,8,"DenseLayer( 64,1 )","all",0.12919827906536369,0.15874102087010303,0.38489348243091803,0.38489348243091803,22
86,8,"DenseLayer( 64,1 )","weights",0.12241980052767211,0.1502230088064668,0.36556518299444607,0.36556518299444607,22
86,8,"DenseLayer( 64,1 )","biases",0.040737465404990042,0.051300675746179893,0.12043707817792892,0.12043707817792892,22
87,0,"Conv2DLayer(1,8,5, stride=5, padding=0)","all",0.19081829371253994,0.20863057526204998,0.40513326063673677,0.1866269432907102,22
87,0,"Conv2DLayer(1,8,5, stride=5, padding=0)","weights",0.18515775488079272,0.20250493159041386,0.39465863802477086,0.17918954598708278,22
87,0,"Conv2DLayer(1,8,5, stride=5, padding=0)","biases",0.045401021589368776,0.050184356284958993,0.091528784033149915,0.05216054611463633,22
87,4,"DenseLayer( 7202,128 )","all",1.320116135202706,1.463873573152999,2.6472820336907086,1.4978545646048778,22
87,4,"DenseLayer( 7202,128 )","weights",1.3195016474008714,1.4631859780760279,2.6460635658908709,1.4971671584477046,22
87,4,"DenseLayer( 7202,128 )","biases",0.040219074513833462,0.044862364376235621,0.080310467353283121,0.045373961401812254,22
87,6,"DenseLayer( 128,64 )","all",0.26666050081794179,0.29742150041310095,0.521594776663729,0.30328258896214894,22
87,6,"DenseLayer( 128,64 )","weights",0.26194124232054039,0.29210297688891063,0.51183767126862845,0.29815676211182601,22
87,6,"DenseLayer( 128,64 )","biases",0.049855693787877887,0.055994640820499569,0.10041568260581951,0.055523634378305764,22
87,8,"DenseLayer( 64,1 )","all",0.16368995824852828,0.18358893582555921,0.32067707018634528,0.18260435141454645,22
87,8,"DenseLayer( 64,1 )","weights",0.15459589235612886,0.17312409659579187,0.30122387976617765,0.17242943001748048,22
87,8,"DenseLayer( 64,1 )","biases",0.0532761397454041,0.061097827583738419,0.10999071598052979,0.060103584080934525,22
88,0,"Conv2DLayer(1,8,5, stride=5, padding=0)","all",0.14550554447114603,0.16113972567650725,0.31316997497352073,0.16830058792988142,22
88,0,"Conv2DLayer(1,8,5, stride=5, padding=0)","weights",0.14243687348999584,0.15753677398795873,0.30082445276128461,0.16269669317663923,22
88,0,"Conv2DLayer(1,8,5, stride=5, padding=0)","biases",0.028321112504027995,0.033884746311088378,0.087063665474118757,0.043068247316674718,22
88,4,"DenseLayer( 7202,128 )","all",0.85041795068564741,1.0303472352861049,2.6842443031488421,1.2190078635462205,22
88,4,"DenseLayer( 7202,128 )","weights",0.85007220050281074,1.0299015094816093,2.6830024817760383,1.218573818367412,22
88,4,"DenseLayer( 7202,128 )","biases",0.024132536614520191,0.030303564628982489,0.081640442004136254,0.032527228240153402,22
88,6,"DenseLayer( 128,64 )","all",0.16491113531274068,0.2058021786098316,0.56023531842307306,0.23240482521320985,22
88,6,"DenseLayer( 128,64 )","weights",0.16238566427129114,0.20241340284010478,0.55059710502702497,0.22939006721535049,22
88,6,"DenseLayer( 128,64 )","biases",0.028547650896332117,0.037193427796352596,0.10347192829198304,0.037312194324638677,22
88,8,"DenseLayer( 64,1 )","all",0.10178476092832715,0.12923841912257977,0.34623492976110498,0.10831872252197487,22
88,8,"DenseLayer( 64,1 )","weights",0.097183284517266377,0.12246703243243751,0.32644618933194686,0.10418833577691733,22
88,8,"DenseLayer( 64,1 )","biases",0.029164372160184113,0.041284318384780125,0.11537552624940872,0.029626615345478058,22
89,0,"Conv2DLayer(1,8,5, stride=5, padding=0)","all",0.16563579624513261,0.17779042874616025,0.29497514043467699,0.28173165753640828,22
89,0,"Conv2DLayer(1,8,5, stride=5, padding=0)","weights",0.16211939737957626,0.17427841373758651,0.29281655154285569,0.27429304198680582,22
89,0,"Conv2DLayer(1,8,5, stride=5, padding=0)","biases",0.032149449263937584,0.035163490424787107,0.064312160404051161,0.064312160404051161,22
89,4,"DenseLayer( 7202,128 )","all",0.93414298772842663,1.0134846184416013,1.7486556068172763,1.7378381953075375,22
89,4,"DenseLayer( 7202,128 )","weights",0.93374471262384429,1.0130365893466613,1.7478026368808779,1.7369613307401299,22
89,4,"DenseLayer( 7202,128 )","biases",0.027129332932853637,0.030132050421475379,0.055198990780953867,0.055198990780953867,22
89,6,"DenseLayer( 128,64 )","all",0.1805379450114942,0.19814347712956804,0.34906021493253453,0.32536405530047524,22
89,6,"DenseLayer( 128,64 )","weights",0.17754773095684512,0.19471448757955481,0.34223429236841924,0.31851836646462195,22
89,6,"DenseLayer( 128,64 )","biases",0.032468418913818582,0.036702940694541705,0.068692960162119704,0.066391405364546116,22
89,8,"DenseLayer( 64,1 )","all",0.11251629540811267,0.1237584246428254,0.21665621301310373,0.19656036566941545,22
89,8,"DenseLayer( 64,1 )","weights",0.10707982028420528,0.11732395246712846,0.20288990242286506,0.18419795561622082,22
89,8,"DenseLayer( 64,1 )","biases",0.03350857128812508,0.039385756912428065,0.075997382402420044,0.06860823929309845,22
90,0,"Conv2DLayer(1,8,5, stride=5, padding=0)","all",0.16814401917745311,0.1911489901248421,0.38607262061746317,0.13243656450540825,22
90,0,"Conv2DLayer(1,8,5, stride=5, padding=0)","weights",0.1644501280963751,0.18728463856186492,0.38060177797914868,0.12858954527617428,22
90,0,"Conv2DLayer(1,8,5, stride=5, padding=0)","biases",0.033762315038849286,0.038241346530929025,0.072299816789253207,0.031688680371102333,22
90,4,"DenseLayer( 7202,128 )","all",1.0151742433108339,1.1311064299245988,2.1039520201849879,0.91052626690831207,22
90,4,"DenseLayer( 7202,128 )","weights",1.0147267555008654,1.1305976237792577,2.102953051474715,0.91017679751330793,22
90,4,"DenseLayer( 7202,128 )","biases",0.030066512273337988,0.033922985149712946,0.064827205197170973,0.025224591144470915,22
90,6,"DenseLayer( 128,64 )","all",0.20064704480724016,0.22396542303598588,0.4226348456539275,0.18001499516057382,22
90,6,"DenseLayer( 128,64 )","weights",0.1972145830710903,0.22002289732759214,0.41476848956166301,0.17723654826401947,22
90,6,"DenseLayer( 128,64 )","biases",0.036810792579701997,0.041838204637149053,0.081162262336973767,0.031505625563021396,22
90,8,"DenseLayer( 64,1 )","all",0.1251652805013154,0.13945380603643504,0.25211875494521929,0.10532800673205947,22
90,8,"DenseLayer( 64,1 )","weights",0.11865244244289257,0.13189478919728961,0.23685489219607242,0.099868113280418669,22
90,8,"DenseLayer( 64,1 )","biases",0.039312484462491491,0.045289387284994105,0.08639228343963623,0.033471614122390747,22
91,0,"Conv2DLayer(1,8,5, stride=5, padding=0)","all",0.12228952954362585,0.137884287272691,0.27127643316618977,0.071075809348933955,22
91,0,"Conv2DLayer(1,8,5, stride=5, padding=0)","weights",0.11973360761093349,0.13515924780477459,0.26713277593252666,0.067770138700658428,22
91,0,"Conv2DLayer(1,8,5, stride=5, padding=0)","biases",0.02389416278631671,0.027277360751097345,0.062842806844133514,0.021423794600852704,22
91,4,"DenseLayer( 7202,128 )","all",0.73124074687896734,0.8385294616654082,1.9793779285259754,0.56533495180114979,22
91,4,"DenseLayer( 7202,128 )","weights",0.73095299628954713,0.83819214156449995,1.9785365818464764,0.56502409770866524,22
91,4,"DenseLayer( 7202,128 )","biases",0.020418059730519907,0.023782176107255026,0.057705963565673368,0.018745045652575551,22
91,6,"DenseLayer( 128,64 )","all",0.14132809611294106,0.16431398011566123,0.40355419614267385,0.11797637106133278,22
91,6,"DenseLayer( 128,64 )","weights",0.13920557110914505,0.16180570131740044,0.39726853037682691,0.11548622748780669,22
91,6,"DenseLayer( 128,64 )","biases",0.02419356108326411,0.028600683254672684,0.070948601089773675,0.024111312478499364,22
91,8,"DenseLayer( 64,1 )","all",0.082866775503836504,0.096889787927737309,0.23628219805857228,0.077046951193361732,22
91,8,"DenseLayer( 64,1 )","weights",0.079028354704103215,0.092180941120338783,0.22380589762720227,0.072093360894477571,22
91,8,"DenseLayer( 64,1 )","biases",0.024392521897838873,0.029837980810546574,0.075764089822769165,0.027180507779121399,22
92,0,"Conv2DLayer(1,8,5, stride=5, padding=0)","all",0.16451488341813295,0.18299414407423903,0.31324676832785325,0.31324676832785325,22
92,0,"Conv2DLayer(1,8,5, stride=5, padding=0)","weights",0.16039530833156243,0.17849021915558785,0.30356383026409828,0.30356383026409828,22
92,0,"Conv2DLayer(1,8,5, stride=5, padding=0)","biases",0.03515323128238091,0.04034970174925176,0.077282202499886737,0.077282202499886737,22
92,4,"DenseLayer( 7202,128 )","all",1.0354112992251214,1.2247042477663181,2.549134372477396,2.549134372477396,22
92,4,"DenseLayer( 7202,128 )","weights",1.0349673892397715,1.2241646187364457,2.5480903348832427,2.5480903348832427,22
92,4,"DenseLayer( 7202,128 )","biases",0.030186487314903223,0.036352176423369714,0.075353679937973955,0.072949943251039123,22
92,6,"DenseLayer( 128,64 )","all",0.20209946299768988,0.24376421011351995,0.5139126514177853,0.5139126514177853,22
92,6,"DenseLayer( 128,64 )","weights",0.19877056920039149,0.2396572396825605,0.50650020884430746,0.50650020884430746,22
92,6,"DenseLayer( 128,64 )","biases",0.036258094741540112,0.044557800663902358,0.097014686520528179,0.086969832286437218,22
92,8,"DenseLayer( 64,1 )","all",0.12169031244399089,0.1474019650981496,0.32640157237848988,0.28921875034800615,22
92,8,"DenseLayer( 64,1 )","weights",0.11544318258624706,0.13937235065201661,0.3055890221446228,0.27534550735391927,22
92,8,"DenseLayer( 64,1 )","biases",0.037092529533600267,0.047986322931929601,0.11468799412250519,0.0885004922747612,22
93,0,"Conv2DLayer(1,8,5, stride=5, padding=0)","all",0.19343651398552689,0.22126505523440815,0.45787557316453487,0.084499103521684771,22
93,0,"Conv2DLayer(1,8,5, stride=5, padding=0)","weights",0.19097215447042029,0.21889606179111865,0.45545403462361767,0.083138163910457211,22
93,0,"Conv2DLayer(1,8,5, stride=5, padding=0)","biases",0.029048674031403394,0.032291466368445654,0.065475148895145011,0.015104442974381726,22
93,4,"DenseLayer( 7202,128 )","all",0.88463862386406023,0.98051909153516326,1.8925151788007541,0.58523743144839591,22
93,4,"DenseLayer( 7202,128 )","weights",0.88431524626886404,0.98015005972995084,1.891704830290307,0.58501690779566584,22
93,4,"DenseLayer( 7202,128 )","biases",0.023766179458007058,0.026898871283302397,0.055376322084180113,0.0160645187140264,22
93,6,"DenseLayer( 128,64 )","all",0.16334486643159299,0.18467610442725726,0.36438776444221921,0.099191547337727212,22
93,6,"DenseLayer( 128,64 )","weights",0.16110061297510359,0.18200461604909379,0.35785822547683283,0.097162147504201921,22
93,6,"DenseLayer( 128,64 )","biases",0.026549983881357209,0.031298295213145033,0.068672653463882474,0.019961967729266776,22
93,8,"DenseLayer( 64,1 )","all",0.10155463762252483,0.1164882816306559,0.22592870563849676,0.060918214711565132,22
93,8,"DenseLayer( 64,1 )","weights",0.097800574048415398,0.11176991874107779,0.21411018619710664,0.056146078336732866,22
93,8,"DenseLayer( 64,1 )","biases",0.024748929363506086,0.032817754674503104,0.075521610677242279,0.023635709658265114,22
94,0,"Conv2DLayer(1,8,5, stride=5, padding=0)","all",0.20753837640646519,0.24229148499107184,0.51599123517142165,0.20676484438460913,22
94,0,"Conv2DLayer(1,8,5, stride=5, padding=0)","weights",0.20466621034912191,0.23955284758847487,0.51335851596665238,0.2034748335883072,22
94,0,"Conv2DLayer(1,8,5, stride=5, padding=0)","biases",0.032905982175742157,0.036326256501760863,0.064544795136759286,0.036738167749662244,22
94,4,"DenseLayer( 7202,128 )","all",0.95849776981551538,1.0499982741824105,1.8258780475179091,1.1514660708115578,22
94,4,"DenseLayer( 7202,128 )","weights",0.95813392467069569,1.0495994449684263,1.8252089767591297,1.1510063526407079,22
94,4,"DenseLayer( 7202,128 )","biases",0.026273338495802882,0.028937534587655103,0.049425049981784999,0.032534418865899237,22
94,6,"DenseLayer( 128,64 )","all",0.18290224756075518,0.20100931784442935,0.33738302832306993,0.21877376385015859,22
94,6,"DenseLayer( 128,64 )","weights",0.1802759536918831,0.19811818507696002,0.33235927452648195,0.21521685761509604,22
94,6,"DenseLayer( 128,64 )","biases",0.03051671979921489,0.033969554046149146,0.058005348345441479,0.03928948901994582,22
94,8,"DenseLayer( 64,1 )","all",0.11517465600716952,0.1274872223398876,0.20945192758505848,0.12653528105151166,22
94,8,"DenseLayer( 64,1 )","weights",0.11071931182031702,0.12265109672110448,0.19891605122972852,0.12001066798868795,22
94,8,"DenseLayer( 64,1 )","biases",0.030045961643653838,0.034780746585578171,0.065593555569648743,0.040107566863298416,22
95,0,"Conv2DLayer(1,8,5, stride=5, padding=0)","all",0.20849200526600234,0.22025093670786422,0.35239827773122917,0.32913386123852822,22
95,0,"Conv2DLayer(1,8,5, stride=5, padding=0)","weights",0.20398045696393816,0.21568686673804563,0.3474323326225327,0.32761256709114289,22
95,0,"Conv2DLayer(1,8,5, stride=5, padding=0)","biases",0.041488197434261458,0.044605500080328188,0.068377237764422186,0.031608614296329898,22
95,4,"DenseLayer( 7202,128 )","all",1.2446952285722759,1.3330638423806729,2.1254545844215551,1.0125267210070241,22
95,4,"DenseLayer( 7202,128 )","weights",1.244143633911273,1.3324573762090761,2.1244533481345065,1.0122874882581985,22
95,4,"DenseLayer( 7202,128 )","biases",0.036907229070234152,0.040206323492055482,0.065231603067006871,0.022009131494534848,22
95,6,"DenseLayer( 128,64 )","all",0.24636615331030587,0.2674442447313648,0.44975893767979369,0.18074542660205509,22
95,6,"DenseLayer( 128,64 )","weights",0.24221090080355626,0.26279691113512516,0.44215786774532706,0.1797151144285023,22
95,6,"DenseLayer( 128,64 )","biases",0.04472211832076646,0.0496407850236808,0.082337852861016567,0.019271400662878888,22
95,8,"DenseLayer( 64,1 )","all",0.15456418568709698,0.1679395990362213,0.27225214374382894,0.12072671032610825,22
95,8,"DenseLayer( 64,1 )","weights",0.14653799717537749,0.15880653058965624,0.25719140708774352,0.1204718751711209,22
95,8,"DenseLayer( 64,1 )","biases",0.047939707249910993,0.054627783833168221,0.089296191930770874,0.0078400177881121635,22
96,0,"Conv2DLayer(1,8,5, stride=5, padding=0)","all",0.19076316037219618,0.2109657636224076,0.40072449518746284,0.24436524225767844,22
96,0,"Conv2DLayer(1,8,5, stride=5, padding=0)","weights",0.18595770007129719,0.2056514440066238,0.38480039610238637,0.238662994784723,22
96,0,"Conv2DLayer(1,8,5, stride=5, padding=0)","biases",0.041153181894320712,0.047053554581732,0.1118426403599873,0.052481868717121308,22
96,4,"DenseLayer( 7202,128 )","all",1.2601518728971677,1.4329819545331488,3.3977966533145394,1.593192433358178,22
96,4,"DenseLayer( 7202,128 )","weights",1.2595865895828229,1.4323257192785059,3.3961688394759784,1.592419638904629,22
96,4,"DenseLayer( 7202,128 )","biases",0.037647690941259464,0.043362609595755511,0.10516325902077943,0.049616764713180182,22
96,6,"DenseLayer( 128,64 )","all",0.25531991229150863,0.29312300152273463,0.69856057460975374,0.32688760696840735,22
96,6,"DenseLayer( 128,64 )","weights",0.25103230968808254,0.28812345180861476,0.6859363189409784,0.32118155036944268,22
96,6,"DenseLayer( 128,64 )","biases",0.046419014113233001,0.053907054636531115,0.13220530532777325,0.060810519581838016,22
96,8,"DenseLayer( 64,1 )","all",0.15752193373105694,0.18200309343099519,0.42248916327346636,0.21484293925447553,22
96,8,"DenseLayer( 64,1 )","weights",0.14919972039176072,0.17214891740772764,0.39708771607468185,0.20344446660303203,22
96,8,"DenseLayer( 64,1 )","biases",0.050079088827425781,0.059075174598124863,0.14428596198558807,0.069049529731273651,22
97,0,"Conv2DLayer(1,8,5, stride=5, padding=0)","all",0.16334022542936555,0.17754849996498132,0.38823358439334282,0.19428575155750893,22
97,0,"Conv2DLayer(1,8,5, stride=5, padding=0)","weights",0.16100594885922168,0.17516535007525402,0.38305613809326472,0.18771214151836765,22
97,0,"Conv2DLayer(1,8,5, stride=5, padding=0)","biases",0.026224229146805535,0.028992584790402485,0.063192650838341538,0.050110928796564903,22
97,4,"DenseLayer( 7202,128 )","all",0.80609787103950281,0.88519098987210854,1.9147513241078076,1.4824486081265349,22
97,4,"DenseLayer( 7202,128 )","weights",0.80578178025854341,0.88482815208027354,1.913957178661233,1.48165783027985,22
97,4,"DenseLayer( 7202,128 )","biases",0.022451094910601984,0.025342253983647711,0.055141195341914008,0.048414354345671526,22
97,6,"DenseLayer( 128,64 )","all",0.15515430784623774,0.17679603408849495,0.42275590664853091,0.31391927316533014,22
97,6,"DenseLayer( 128,64 )","weights",0.15285330581466794,0.17406820256178532,0.41646024627314771,0.30785231471312779,22
97,6,"DenseLayer( 128,64 )","biases",0.026410081009544936,0.030937009007490419,0.072687136966113494,0.061418746245901747,22
97,8,"DenseLayer( 64,1 )","all",0.099925720706895926,0.11596526389351021,0.30201857308974372,0.1998069055187415,22
97,8,"DenseLayer( 64,1 )","weights",0.095759565080457354,0.11078674772941668,0.28892796018028083,0.18777676777052402,22
97,8,"DenseLayer( 64,1 )","biases",0.02750253459354016,0.034267170257114198,0.08795369416475296,0.06828385591506958,22
98,0,"Conv2DLayer(1,8,5, stride=5, padding=0)","all",0.18817481021925764,0.20160941521671782,0.3685998638291228,0.2420061894607147,22
98,0,"Conv2DLayer(1,8,5, stride=5, padding=0)","weights",0.18366287762091424,0.19694471911673575,0.36271881856870936,0.23667372492745281,22
98,0,"Conv2DLayer(1,8,5, stride=5, padding=0)","biases",0.03995657365648099,0.043117675216284457,0.068865403064969952,0.050522704463040476,22
98,4,"DenseLayer( 7202,128 )","all",1.1760444066474129,1.276642487065095,2.0334694929281114,1.6384750804634172,22
98,4,"DenseLayer( 7202,128 )","weights",1.1755178905980825,1.2760562801146114,2.032595569147345,1.6377874470961868,22
98,4,"DenseLayer( 7202,128 )","biases",0.03508383797827417,0.038683455892816021,0.064366352185008593,0.047464380684425302,22
98,6,"DenseLayer( 128,64 )","all",0.23099935275850533,0.25162303666239405,0.41875321249004827,0.29914746192877084,22
98,6,"DenseLayer( 128,64 )","weights",0.22687526653917256,0.24698737774739943,0.41053632031891107,0.29353721933041604,22
98,6,"DenseLayer( 128,64 )","biases",0.043296992504283913,0.048076894790199456,0.08254806278613655,0.057663722097976176,22
98,8,"DenseLayer( 64,1 )","all",0.14327002431125871,0.15725417616724408,0.27219299445580414,0.18761121630612337,22
98,8,"DenseLayer( 64,1 )","weights",0.1353428646495459,0.14807728005657611,0.25503330950247549,0.17556190941377603,22
98,8,"DenseLayer( 64,1 )","biases",0.046515842899680138,0.052933874344175486,0.095115914940834045,0.066151224076747894,22
99,0,"Conv2DLayer(1,8,5, stride=5, padding=0)","all",0.13900490312786626,0.15333113197108753,0.28620931532076771,0.25990935353467948,22
99,0,"Conv2DLayer(1,8,5, stride=5, padding=0)","weights",0.13692988508397888,0.15129115888944156,0.28266425150171365,0.25532070385483913,22
99,0,"Conv2DLayer(1,8,5, stride=5, padding=0)","biases",0.022847920408583425,0.024928322715834884,0.048623145084255276,0.048623145084255276,22
99,4,"DenseLayer( 7202,128 )","all",0.6824561812583182,0.74810441248880288,1.5912210556599005,1.5912210556599005,22
99,4,"DenseLayer( 7202,128 )","weights",0.68220792887822757,0.74782759707288704,1.5906563264789302,1.5906563264789302,22
99,4,"DenseLayer( 7202,128 )","biases",0.018302539298062175,0.020349374472170546,0.042389845576073178,0.042389845576073178,22
99,6,"DenseLayer( 128,64 )","all",0.12890451702429478,0.14555906377185901,0.31563530456275873,0.31563530456275873,22
99,6,"DenseLayer( 128,64 )","weights",0.12714828546669335,0.14354938116873517,0.31193403279904391,0.31193403279904391,22
99,6,"DenseLayer( 128,64 )","biases",0.020968190206980389,0.024104277882012991,0.048195483897876222,0.048195483897876222,22
99,8,"DenseLayer( 64,1 )","all",0.078831629909108872,0.091483852638005639,0.20138106862441563,0.17188790740896834,22
99,8,"DenseLayer( 64,1 )","weights",0.075868931286794519,0.087807309755723748,0.19236120780877583,0.16553739676082846,22
99,8,"DenseLayer( 64,1 )","biases",0.020516613540662962,0.025674338296336141,0.059594467282295227,0.04629063606262207,22
100,0,"Conv2DLayer(1,8,5, stride=5, padding=0)","all",0.1313045734143391,0.14751153814743923,0.29420750081559072,0.23294966462317729,22
100,0,"Conv2DLayer(1,8,5, stride=5, padding=0)","weights",0.12921155719375871,0.14543767042110756,0.29203968228439492,0.23139286017227195,22
100,0,"Conv2DLayer(1,8,5, stride=5, padding=0)","biases",0.022146459114684752,0.024648284100616698,0.045779173827567431,0.026886623241793788,22
100,4,"DenseLayer( 7202,128 )","all",0.64362183306914766,0.73328635082084404,1.5877260944589142,0.70563579465702642,22
100,4,"DenseLayer( 7202,128 )","weights",0.64338388259772294,0.73300165558078323,1.5870850128822946,0.70544605092755941,22
100,4,"DenseLayer( 7202,128 )","biases",0.017392569405013169,0.020431476108710822,0.045114442367865368,0.016362882752269627,22
100,6,"DenseLayer( 128,64 )","all",0.12097097348645459,0.14184781029334251,0.32031319934526387,0.11850764482261751,22
100,6,"DenseLayer( 128,64 )","weights",0.11924891055602239,0.13974655790327503,0.31583586750511616,0.11749159089657914,22
100,6,"DenseLayer( 128,64 )","biases",0.020161289319750454,0.024324901627811049,0.055274284116639143,0.01548508798794968,22
100,8,"DenseLayer( 64,1 )","all",0.074880180364750776,0.087946357960678359,0.18609809561660234,0.082535130286633465,22
100,8,"DenseLayer( 64,1 )","weights",0.072127065400037674,0.084271362521393278,0.17761399265622965,0.082312507505180363,22
100,8,"DenseLayer( 64,1 )","biases",0.018775998434813864,0.025157490680425283,0.062288831919431686,0.0060579567216336727,22
