Job ID: 56688202
Stage: trial-4-seed-0b
Repository: /leonardo/home/userexternal/gdonnine/Ice_acceleration_model_on_airplane_wing
Nodes: 1
MPI tasks: 64
Loading python/3.11.7
  Loading requirement: bzip2/1.0.8-ib3znej libmd/1.0.4-2km2lxx
    libbsd/0.12.1-oocs6an expat/2.6.2-p2t4wry ncurses/6.5-svfl57u
    readline/8.2-zeda6mx gdbm/1.23-wiol7vk libiconv/1.17-nhc3mhm
    xz/5.4.6-xxxg42c zlib-ng/2.1.6-jkgunjc libxml2/2.10.3-zbbe7lm
    pigz/2.8-5bwzpml zstd/1.5.6-uq5yyux tar/1.34-jgektnv gettext/0.22.5-hsxgafg
    libffi/3.4.6-4vs4jpp libxcrypt/4.4.35-7om46b5 sqlite/3.43.2-4kl5mnp
    util-linux-uuid/2.38.1-5achpds
Loading gcc/11.3.0
  Loading requirement: gmp/6.2.1 mpfr/4.1.0 mpc/1.2.1
-- The CXX compiler identification is GNU 11.3.0
-- Detecting CXX compiler ABI info
-- Detecting CXX compiler ABI info - done
-- Check for working CXX compiler: /leonardo/prod/spack/03/install/0.19/linux-rhel8-icelake/gcc-8.5.0/gcc-11.3.0-tm6phj7wkcw7cuy6gjixemkvh5x2mhza/bin/g++ - skipped
-- Detecting CXX compile features
-- Detecting CXX compile features - done
-- Found MPI_CXX: /leonardo/prod/spack/06/install/0.22/linux-rhel8-icelake/gcc-8.5.0/intel-oneapi-mpi-2021.12.1-s5hpfy2ffuow455bu7uzjbfizbfq3znr/mpi/2021.12/lib/libmpicxx.so (found version "3.1") 
-- Found MPI: TRUE (found version "3.1") found components: CXX 
-- Configuring done
-- Generating done
-- Build files have been written to: /leonardo/home/userexternal/gdonnine/Ice_acceleration_model_on_airplane_wing/build/CNN-re-tuning-56688202
[  3%] Building CXX object CMakeFiles/cnn_core.dir/src/core/Loss.cpp.o
[  7%] Building CXX object CMakeFiles/cnn_core.dir/src/core/Tensor.cpp.o
[ 14%] Building CXX object CMakeFiles/cnn_core.dir/src/data/Dataset.cpp.o
[ 14%] Building CXX object CMakeFiles/cnn_core.dir/src/layers/ActivationFactory.cpp.o
[ 17%] Building CXX object CMakeFiles/cnn_core.dir/src/layers/ActivationLayer.cpp.o
[ 28%] Building CXX object CMakeFiles/cnn_core.dir/src/layers/Conv2DLayer.cpp.o
[ 39%] Building CXX object CMakeFiles/cnn_core.dir/src/layers/FlattenLayer.cpp.o
[ 39%] Building CXX object CMakeFiles/cnn_core.dir/src/layers/DenseLayer.cpp.o
[ 39%] Building CXX object CMakeFiles/cnn_core.dir/src/layers/DropoutLayer.cpp.o
[ 39%] Building CXX object CMakeFiles/cnn_core.dir/src/layers/LeakyReLULayer.cpp.o
[ 50%] Building CXX object CMakeFiles/cnn_core.dir/src/layers/SigmoidLayer.cpp.o
[ 53%] Building CXX object CMakeFiles/cnn_core.dir/src/layers/ReLULayer.cpp.o
[ 57%] Building CXX object CMakeFiles/cnn_core.dir/src/model/CNNModel.cpp.o
[ 57%] Building CXX object CMakeFiles/cnn_core.dir/src/layers/ConcatenateLayer.cpp.o
[ 64%] Building CXX object CMakeFiles/cnn_core.dir/src/layers/TanhLayer.cpp.o
[ 64%] Building CXX object CMakeFiles/cnn_core.dir/src/optimizers/AdagradOptimizer.cpp.o
[ 85%] Building CXX object CMakeFiles/cnn_core.dir/src/training/TrainingDiagnostics.cpp.o
[ 85%] Building CXX object CMakeFiles/cnn_core.dir/src/optimizers/SGDOptimizer.cpp.o
[ 85%] Building CXX object CMakeFiles/cnn_core.dir/src/optimizers/RMSpropOptimizer.cpp.o
[ 85%] Building CXX object CMakeFiles/cnn_core.dir/src/optimizers/AdamOptimizer.cpp.o
[ 85%] Building CXX object CMakeFiles/cnn_core.dir/src/training/Trainer.cpp.o
[ 85%] Building CXX object CMakeFiles/cnn_core.dir/src/optimizers/LRScheduler.cpp.o
[ 85%] Building CXX object CMakeFiles/cnn_core.dir/src/model/ModelFactory.cpp.o
[ 85%] Building CXX object CMakeFiles/cnn_core.dir/src/tuning/CrossValidator.cpp.o
[ 89%] Building CXX object CMakeFiles/cnn_core.dir/src/tuning/TrialConfig.cpp.o
[ 92%] Linking CXX static library libcnn_core.a
[ 92%] Built target cnn_core
[ 96%] Building CXX object CMakeFiles/re_tuning.dir/experiments/re_tuning/main.cpp.o
[100%] Linking CXX executable experiments/re_tuning
[100%] Built target re_tuning
Output: results/re-tuning/trial-4-seed-0b_slurm-56688202
MPI startup(): Warning: I_MPI_PMI_LIBRARY will be ignored since the hydra process manager was found
MPI startup(): Warning: I_MPI_PMI_LIBRARY will be ignored since the hydra process manager was found
MPI startup(): Warning: I_MPI_PMI_LIBRARY will be ignored since the hydra process manager was found
MPI startup(): Warning: I_MPI_PMI_LIBRARY will be ignored since the hydra process manager was found
MPI startup(): Warning: I_MPI_PMI_LIBRARY will be ignored since the hydra process manager was found
MPI startup(): Warning: I_MPI_PMI_LIBRARY will be ignored since the hydra process manager was found
MPI startup(): Warning: I_MPI_PMI_LIBRARY will be ignored since the hydra process manager was found
MPI startup(): Warning: I_MPI_PMI_LIBRARY will be ignored since the hydra process manager was found
MPI startup(): Warning: I_MPI_PMI_LIBRARY will be ignored since the hydra process manager was found
MPI startup(): Warning: I_MPI_PMI_LIBRARY will be ignored since the hydra process manager was found
MPI startup(): Warning: I_MPI_PMI_LIBRARY will be ignored since the hydra process manager was found
MPI startup(): Warning: I_MPI_PMI_LIBRARY will be ignored since the hydra process manager was found
MPI startup(): Warning: I_MPI_PMI_LIBRARY will be ignored since the hydra process manager was found
MPI startup(): Warning: I_MPI_PMI_LIBRARY will be ignored since the hydra process manager was found
MPI startup(): Warning: I_MPI_PMI_LIBRARY will be ignored since the hydra process manager was found
MPI startup(): Warning: I_MPI_PMI_LIBRARY will be ignored since the hydra process manager was found
MPI startup(): Warning: I_MPI_PMI_LIBRARY will be ignored since the hydra process manager was found
MPI startup(): Warning: I_MPI_PMI_LIBRARY will be ignored since the hydra process manager was found
MPI startup(): Warning: I_MPI_PMI_LIBRARY will be ignored since the hydra process manager was found
MPI startup(): Warning: I_MPI_PMI_LIBRARY will be ignored since the hydra process manager was found
MPI startup(): Warning: I_MPI_PMI_LIBRARY will be ignored since the hydra process manager was found
MPI startup(): Warning: I_MPI_PMI_LIBRARY will be ignored since the hydra process manager was found
MPI startup(): Warning: I_MPI_PMI_LIBRARY will be ignored since the hydra process manager was found
MPI startup(): Warning: I_MPI_PMI_LIBRARY will be ignored since the hydra process manager was found
MPI startup(): Warning: I_MPI_PMI_LIBRARY will be ignored since the hydra process manager was found
MPI startup(): Warning: I_MPI_PMI_LIBRARY will be ignored since the hydra process manager was found
MPI startup(): Warning: I_MPI_PMI_LIBRARY will be ignored since the hydra process manager was found
MPI startup(): Warning: I_MPI_PMI_LIBRARY will be ignored since the hydra process manager was found
MPI startup(): Warning: I_MPI_PMI_LIBRARY will be ignored since the hydra process manager was found
MPI startup(): Warning: I_MPI_PMI_LIBRARY will be ignored since the hydra process manager was found
MPI startup(): Warning: I_MPI_PMI_LIBRARY will be ignored since the hydra process manager was found
MPI startup(): Warning: I_MPI_PMI_LIBRARY will be ignored since the hydra process manager was found
MPI startup(): Warning: I_MPI_PMI_LIBRARY will be ignored since the hydra process manager was found
MPI startup(): Warning: I_MPI_PMI_LIBRARY will be ignored since the hydra process manager was found
MPI startup(): Warning: I_MPI_PMI_LIBRARY will be ignored since the hydra process manager was found
MPI startup(): Warning: I_MPI_PMI_LIBRARY will be ignored since the hydra process manager was found
MPI startup(): Warning: I_MPI_PMI_LIBRARY will be ignored since the hydra process manager was found
MPI startup(): Warning: I_MPI_PMI_LIBRARY will be ignored since the hydra process manager was found
MPI startup(): Warning: I_MPI_PMI_LIBRARY will be ignored since the hydra process manager was found
MPI startup(): Warning: I_MPI_PMI_LIBRARY will be ignored since the hydra process manager was found
MPI startup(): Warning: I_MPI_PMI_LIBRARY will be ignored since the hydra process manager was found
MPI startup(): Warning: I_MPI_PMI_LIBRARY will be ignored since the hydra process manager was found
MPI startup(): Warning: I_MPI_PMI_LIBRARY will be ignored since the hydra process manager was found
MPI startup(): Warning: I_MPI_PMI_LIBRARY will be ignored since the hydra process manager was found
MPI startup(): Warning: I_MPI_PMI_LIBRARY will be ignored since the hydra process manager was found
MPI startup(): Warning: I_MPI_PMI_LIBRARY will be ignored since the hydra process manager was found
MPI startup(): Warning: I_MPI_PMI_LIBRARY will be ignored since the hydra process manager was found
MPI startup(): Warning: I_MPI_PMI_LIBRARY will be ignored since the hydra process manager was found
MPI startup(): Warning: I_MPI_PMI_LIBRARY will be ignored since the hydra process manager was found
MPI startup(): Warning: I_MPI_PMI_LIBRARY will be ignored since the hydra process manager was found
MPI startup(): Warning: I_MPI_PMI_LIBRARY will be ignored since the hydra process manager was found
MPI startup(): Warning: I_MPI_PMI_LIBRARY will be ignored since the hydra process manager was found
MPI startup(): Warning: I_MPI_PMI_LIBRARY will be ignored since the hydra process manager was found
MPI startup(): Warning: I_MPI_PMI_LIBRARY will be ignored since the hydra process manager was found
MPI startup(): Warning: I_MPI_PMI_LIBRARY will be ignored since the hydra process manager was found
MPI startup(): Warning: I_MPI_PMI_LIBRARY will be ignored since the hydra process manager was found
MPI startup(): Warning: I_MPI_PMI_LIBRARY will be ignored since the hydra process manager was found
MPI startup(): Warning: I_MPI_PMI_LIBRARY will be ignored since the hydra process manager was found
MPI startup(): Warning: I_MPI_PMI_LIBRARY will be ignored since the hydra process manager was found
MPI startup(): Warning: I_MPI_PMI_LIBRARY will be ignored since the hydra process manager was found
MPI startup(): Warning: I_MPI_PMI_LIBRARY will be ignored since the hydra process manager was found
MPI startup(): Warning: I_MPI_PMI_LIBRARY will be ignored since the hydra process manager was found
MPI startup(): Warning: I_MPI_PMI_LIBRARY will be ignored since the hydra process manager was found
MPI startup(): Warning: I_MPI_PMI_LIBRARY will be ignored since the hydra process manager was found
Re-training stage: trial-4-seed-0b
Run name: trial-4-seed-0b_slurm-56688202
Topology: conv5x5, channels 8, dense 1024-512-256-128-1
Adam learning rate: 1e-3
Physics weight: 0.10
Dropout/L1/L2: 0/0/0
Epoch cap: 834
Global batch size: 257
Batch construction: balanced
Early stopping: enabled
Early stopping policy: patience
Seed: 0
Epoch 1/834 | samples=1542 | steps=6 | train_objective=3.30272 | training_physical_mse=0.0724774 | validation_physical_mse=0.0706068 | lr=0.001 | configured_lr=0.001 | grad_rms=92.4327 | activation_var(mean/min/max)=0.582913/0.0849138/0.88657
Epoch 2/834 | samples=1542 | steps=6 | train_objective=0.11452 | training_physical_mse=0.0603525 | validation_physical_mse=0.0590913 | lr=0.001 | configured_lr=0.001 | grad_rms=14.9733 | activation_var(mean/min/max)=1.77717/0.0618485/3.14248
Epoch 3/834 | samples=1542 | steps=6 | train_objective=0.0761144 | training_physical_mse=0.0384419 | validation_physical_mse=0.0415335 | lr=0.001 | configured_lr=0.001 | grad_rms=13.9528 | activation_var(mean/min/max)=2.44461/0.0484535/4.62507
Epoch 4/834 | samples=1542 | steps=6 | train_objective=0.0510805 | training_physical_mse=0.0267644 | validation_physical_mse=0.0283605 | lr=0.001 | configured_lr=0.001 | grad_rms=10.3091 | activation_var(mean/min/max)=2.52869/0.0403778/4.91564
Epoch 5/834 | samples=1542 | steps=6 | train_objective=0.0378195 | training_physical_mse=0.01117 | validation_physical_mse=0.0137949 | lr=0.001 | configured_lr=0.001 | grad_rms=7.18821 | activation_var(mean/min/max)=2.37198/0.0353426/4.66568
Epoch 6/834 | samples=1542 | steps=6 | train_objective=0.0287481 | training_physical_mse=0.0130513 | validation_physical_mse=0.0148883 | lr=0.001 | configured_lr=0.001 | grad_rms=5.05059 | activation_var(mean/min/max)=2.16377/0.0320956/4.27744
Epoch 7/834 | samples=1542 | steps=6 | train_objective=0.0223435 | training_physical_mse=0.0108288 | validation_physical_mse=0.0116386 | lr=0.001 | configured_lr=0.001 | grad_rms=3.41449 | activation_var(mean/min/max)=1.98589/0.0300618/3.93592
Epoch 8/834 | samples=1542 | steps=6 | train_objective=0.0197205 | training_physical_mse=0.00806866 | validation_physical_mse=0.00956002 | lr=0.001 | configured_lr=0.001 | grad_rms=2.30864 | activation_var(mean/min/max)=1.87015/0.0289355/3.71139
Epoch 9/834 | samples=1542 | steps=6 | train_objective=0.0171412 | training_physical_mse=0.00875637 | validation_physical_mse=0.00983305 | lr=0.001 | configured_lr=0.001 | grad_rms=1.22566 | activation_var(mean/min/max)=1.78251/0.0282696/3.53967
Epoch 10/834 | samples=1542 | steps=6 | train_objective=0.0166098 | training_physical_mse=0.00802526 | validation_physical_mse=0.00924344 | lr=0.001 | configured_lr=0.001 | grad_rms=1.20958 | activation_var(mean/min/max)=1.71481/0.0278515/3.40587
Epoch 11/834 | samples=1542 | steps=6 | train_objective=0.0159795 | training_physical_mse=0.00776284 | validation_physical_mse=0.00879288 | lr=0.001 | configured_lr=0.001 | grad_rms=1.5023 | activation_var(mean/min/max)=1.67146/0.0276305/3.31953
Epoch 12/834 | samples=1542 | steps=6 | train_objective=0.0169537 | training_physical_mse=0.00707932 | validation_physical_mse=0.00783218 | lr=0.001 | configured_lr=0.001 | grad_rms=2.24774 | activation_var(mean/min/max)=1.63729/0.0274573/3.25137
Epoch 13/834 | samples=1542 | steps=6 | train_objective=0.0157527 | training_physical_mse=0.00711358 | validation_physical_mse=0.00782056 | lr=0.001 | configured_lr=0.001 | grad_rms=1.85461 | activation_var(mean/min/max)=1.60244/0.0272273/3.18035
Epoch 14/834 | samples=1542 | steps=6 | train_objective=0.0159878 | training_physical_mse=0.0075219 | validation_physical_mse=0.00835485 | lr=0.001 | configured_lr=0.001 | grad_rms=2.17073 | activation_var(mean/min/max)=1.57519/0.0270363/3.12493
Epoch 15/834 | samples=1542 | steps=6 | train_objective=0.0155669 | training_physical_mse=0.00667644 | validation_physical_mse=0.00751426 | lr=0.001 | configured_lr=0.001 | grad_rms=1.95085 | activation_var(mean/min/max)=1.54347/0.0267872/3.05981
Epoch 16/834 | samples=1542 | steps=6 | train_objective=0.0153925 | training_physical_mse=0.00676395 | validation_physical_mse=0.00756565 | lr=0.001 | configured_lr=0.001 | grad_rms=1.86909 | activation_var(mean/min/max)=1.50764/0.0265435/2.98685
Epoch 17/834 | samples=1542 | steps=6 | train_objective=0.0140775 | training_physical_mse=0.00660003 | validation_physical_mse=0.00757533 | lr=0.001 | configured_lr=0.001 | grad_rms=0.838745 | activation_var(mean/min/max)=1.4795/0.0263221/2.92955
Epoch 18/834 | samples=1542 | steps=6 | train_objective=0.0136318 | training_physical_mse=0.00667746 | validation_physical_mse=0.00758396 | lr=0.001 | configured_lr=0.001 | grad_rms=0.569186 | activation_var(mean/min/max)=1.46641/0.0262387/2.9036
Epoch 19/834 | samples=1542 | steps=6 | train_objective=0.0140693 | training_physical_mse=0.00641108 | validation_physical_mse=0.00719676 | lr=0.001 | configured_lr=0.001 | grad_rms=0.99067 | activation_var(mean/min/max)=1.45023/0.0261481/2.87179
Epoch 20/834 | samples=1542 | steps=6 | train_objective=0.0143567 | training_physical_mse=0.00715346 | validation_physical_mse=0.00822467 | lr=0.001 | configured_lr=0.001 | grad_rms=1.34226 | activation_var(mean/min/max)=1.43826/0.0260755/2.84757
Epoch 21/834 | samples=1542 | steps=6 | train_objective=0.0141918 | training_physical_mse=0.00782088 | validation_physical_mse=0.00876481 | lr=0.001 | configured_lr=0.001 | grad_rms=1.42462 | activation_var(mean/min/max)=1.42917/0.0260022/2.82873
Epoch 22/834 | samples=1542 | steps=6 | train_objective=0.0163834 | training_physical_mse=0.0086382 | validation_physical_mse=0.0093988 | lr=0.001 | configured_lr=0.001 | grad_rms=2.50785 | activation_var(mean/min/max)=1.40685/0.0258441/2.7826
Epoch 23/834 | samples=1542 | steps=6 | train_objective=0.0155352 | training_physical_mse=0.00746362 | validation_physical_mse=0.00862442 | lr=0.001 | configured_lr=0.001 | grad_rms=2.23577 | activation_var(mean/min/max)=1.37262/0.0256319/2.71291
Epoch 24/834 | samples=1542 | steps=6 | train_objective=0.0143915 | training_physical_mse=0.00643171 | validation_physical_mse=0.00727983 | lr=0.001 | configured_lr=0.001 | grad_rms=1.61262 | activation_var(mean/min/max)=1.33459/0.0253221/2.63527
Epoch 25/834 | samples=1542 | steps=6 | train_objective=0.0128899 | training_physical_mse=0.00620441 | validation_physical_mse=0.00725261 | lr=0.001 | configured_lr=0.001 | grad_rms=0.664483 | activation_var(mean/min/max)=1.30318/0.0250697/2.57152
Epoch 26/834 | samples=1542 | steps=6 | train_objective=0.0128687 | training_physical_mse=0.00595779 | validation_physical_mse=0.00681467 | lr=0.001 | configured_lr=0.001 | grad_rms=0.747468 | activation_var(mean/min/max)=1.29658/0.0249724/2.5586
Epoch 27/834 | samples=1542 | steps=6 | train_objective=0.0131223 | training_physical_mse=0.00657146 | validation_physical_mse=0.00748503 | lr=0.001 | configured_lr=0.001 | grad_rms=1.25083 | activation_var(mean/min/max)=1.29139/0.0249299/2.54728
Epoch 28/834 | samples=1542 | steps=6 | train_objective=0.0135332 | training_physical_mse=0.00654757 | validation_physical_mse=0.00731428 | lr=0.001 | configured_lr=0.001 | grad_rms=1.58719 | activation_var(mean/min/max)=1.2656/0.0247679/2.49351
Epoch 29/834 | samples=1542 | steps=6 | train_objective=0.0124566 | training_physical_mse=0.00624749 | validation_physical_mse=0.0071203 | lr=0.001 | configured_lr=0.001 | grad_rms=0.823487 | activation_var(mean/min/max)=1.24711/0.0246523/2.45574
Epoch 30/834 | samples=1542 | steps=6 | train_objective=0.0133454 | training_physical_mse=0.00654587 | validation_physical_mse=0.00740478 | lr=0.001 | configured_lr=0.001 | grad_rms=1.56517 | activation_var(mean/min/max)=1.23545/0.0245825/2.43192
Epoch 31/834 | samples=1542 | steps=6 | train_objective=0.0124756 | training_physical_mse=0.00570495 | validation_physical_mse=0.00640518 | lr=0.001 | configured_lr=0.001 | grad_rms=1.08274 | activation_var(mean/min/max)=1.21738/0.0244535/2.39564
Epoch 32/834 | samples=1542 | steps=6 | train_objective=0.0123412 | training_physical_mse=0.00589367 | validation_physical_mse=0.00678004 | lr=0.001 | configured_lr=0.001 | grad_rms=1.14536 | activation_var(mean/min/max)=1.20586/0.0243857/2.372
Epoch 33/834 | samples=1542 | steps=6 | train_objective=0.0132516 | training_physical_mse=0.00551429 | validation_physical_mse=0.0062489 | lr=0.001 | configured_lr=0.001 | grad_rms=1.71528 | activation_var(mean/min/max)=1.18629/0.0242735/2.33302
Epoch 34/834 | samples=1542 | steps=6 | train_objective=0.0119876 | training_physical_mse=0.00541727 | validation_physical_mse=0.00633342 | lr=0.001 | configured_lr=0.001 | grad_rms=0.974324 | activation_var(mean/min/max)=1.16535/0.0241171/2.29095
Epoch 35/834 | samples=1542 | steps=6 | train_objective=0.0123697 | training_physical_mse=0.00539072 | validation_physical_mse=0.00618182 | lr=0.001 | configured_lr=0.001 | grad_rms=1.25022 | activation_var(mean/min/max)=1.15296/0.0239756/2.26549
Epoch 36/834 | samples=1542 | steps=6 | train_objective=0.0122092 | training_physical_mse=0.00570305 | validation_physical_mse=0.00647431 | lr=0.001 | configured_lr=0.001 | grad_rms=1.23707 | activation_var(mean/min/max)=1.14093/0.0238697/2.24143
Epoch 37/834 | samples=1542 | steps=6 | train_objective=0.0116297 | training_physical_mse=0.00589423 | validation_physical_mse=0.00660733 | lr=0.001 | configured_lr=0.001 | grad_rms=1.00011 | activation_var(mean/min/max)=1.12698/0.0237353/2.21366
Epoch 38/834 | samples=1542 | steps=6 | train_objective=0.0124188 | training_physical_mse=0.00600889 | validation_physical_mse=0.00689104 | lr=0.001 | configured_lr=0.001 | grad_rms=1.53486 | activation_var(mean/min/max)=1.11089/0.023636/2.18099
Epoch 39/834 | samples=1542 | steps=6 | train_objective=0.0129337 | training_physical_mse=0.00588267 | validation_physical_mse=0.00646342 | lr=0.001 | configured_lr=0.001 | grad_rms=1.78536 | activation_var(mean/min/max)=1.07926/0.0234148/2.11797
Epoch 40/834 | samples=1542 | steps=6 | train_objective=0.0116389 | training_physical_mse=0.00644608 | validation_physical_mse=0.00737555 | lr=0.001 | configured_lr=0.001 | grad_rms=1.1718 | activation_var(mean/min/max)=1.06877/0.023301/2.09734
Epoch 41/834 | samples=1542 | steps=6 | train_objective=0.0133203 | training_physical_mse=0.006485 | validation_physical_mse=0.00714203 | lr=0.001 | configured_lr=0.001 | grad_rms=2.04939 | activation_var(mean/min/max)=1.0488/0.0230965/2.05822
Epoch 42/834 | samples=1542 | steps=6 | train_objective=0.0126049 | training_physical_mse=0.00571012 | validation_physical_mse=0.00624236 | lr=0.001 | configured_lr=0.001 | grad_rms=1.794 | activation_var(mean/min/max)=1.02188/0.0227858/2.00489
Epoch 43/834 | samples=1542 | steps=6 | train_objective=0.0112849 | training_physical_mse=0.00614355 | validation_physical_mse=0.00696457 | lr=0.001 | configured_lr=0.001 | grad_rms=1.12656 | activation_var(mean/min/max)=1.00599/0.0225392/1.97273
Epoch 44/834 | samples=1542 | steps=6 | train_objective=0.0125684 | training_physical_mse=0.00514701 | validation_physical_mse=0.00551675 | lr=0.001 | configured_lr=0.001 | grad_rms=1.77494 | activation_var(mean/min/max)=0.991626/0.0223018/1.94416
Epoch 45/834 | samples=1542 | steps=6 | train_objective=0.0123044 | training_physical_mse=0.00625655 | validation_physical_mse=0.00706459 | lr=0.001 | configured_lr=0.001 | grad_rms=1.60447 | activation_var(mean/min/max)=0.951228/0.0219033/1.8626
Epoch 46/834 | samples=1542 | steps=6 | train_objective=0.0125863 | training_physical_mse=0.00656217 | validation_physical_mse=0.006929 | lr=0.001 | configured_lr=0.001 | grad_rms=1.78855 | activation_var(mean/min/max)=0.920811/0.0215626/1.80155
Epoch 47/834 | samples=1542 | steps=6 | train_objective=0.0118318 | training_physical_mse=0.00599468 | validation_physical_mse=0.00667503 | lr=0.001 | configured_lr=0.001 | grad_rms=1.58023 | activation_var(mean/min/max)=0.897157/0.0212688/1.7545
Epoch 48/834 | samples=1542 | steps=6 | train_objective=0.0122997 | training_physical_mse=0.00467389 | validation_physical_mse=0.00508441 | lr=0.001 | configured_lr=0.001 | grad_rms=1.7724 | activation_var(mean/min/max)=0.874124/0.0210268/1.70758
Epoch 49/834 | samples=1542 | steps=6 | train_objective=0.0108137 | training_physical_mse=0.00535176 | validation_physical_mse=0.00590715 | lr=0.001 | configured_lr=0.001 | grad_rms=1.16823 | activation_var(mean/min/max)=0.858629/0.0207868/1.67548
Epoch 50/834 | samples=1542 | steps=6 | train_objective=0.010794 | training_physical_mse=0.00520782 | validation_physical_mse=0.00567995 | lr=0.001 | configured_lr=0.001 | grad_rms=1.08518 | activation_var(mean/min/max)=0.83846/0.0205763/1.63357
Epoch 51/834 | samples=1542 | steps=6 | train_objective=0.0104223 | training_physical_mse=0.00557778 | validation_physical_mse=0.00577719 | lr=0.001 | configured_lr=0.001 | grad_rms=1.01858 | activation_var(mean/min/max)=0.819609/0.0203661/1.59539
Epoch 52/834 | samples=1542 | steps=6 | train_objective=0.0101813 | training_physical_mse=0.00436905 | validation_physical_mse=0.00474622 | lr=0.001 | configured_lr=0.001 | grad_rms=0.937113 | activation_var(mean/min/max)=0.812398/0.0202354/1.58036
Epoch 53/834 | samples=1542 | steps=6 | train_objective=0.00947042 | training_physical_mse=0.00452956 | validation_physical_mse=0.00489649 | lr=0.001 | configured_lr=0.001 | grad_rms=0.515362 | activation_var(mean/min/max)=0.812827/0.0202002/1.57968
Epoch 54/834 | samples=1542 | steps=6 | train_objective=0.00988193 | training_physical_mse=0.00431054 | validation_physical_mse=0.00467458 | lr=0.001 | configured_lr=0.001 | grad_rms=0.702524 | activation_var(mean/min/max)=0.815535/0.0201587/1.58448
Epoch 55/834 | samples=1542 | steps=6 | train_objective=0.0100963 | training_physical_mse=0.00532832 | validation_physical_mse=0.00570757 | lr=0.001 | configured_lr=0.001 | grad_rms=1.01119 | activation_var(mean/min/max)=0.808922/0.0200686/1.57158
Epoch 56/834 | samples=1542 | steps=6 | train_objective=0.0101835 | training_physical_mse=0.00549096 | validation_physical_mse=0.00556777 | lr=0.001 | configured_lr=0.001 | grad_rms=1.18108 | activation_var(mean/min/max)=0.799402/0.0199573/1.55349
Epoch 57/834 | samples=1542 | steps=6 | train_objective=0.011136 | training_physical_mse=0.00442891 | validation_physical_mse=0.00477054 | lr=0.001 | configured_lr=0.001 | grad_rms=1.59015 | activation_var(mean/min/max)=0.787078/0.0197869/1.52956
Epoch 58/834 | samples=1542 | steps=6 | train_objective=0.010451 | training_physical_mse=0.00426934 | validation_physical_mse=0.00462422 | lr=0.001 | configured_lr=0.001 | grad_rms=1.33767 | activation_var(mean/min/max)=0.782592/0.0196789/1.51984
Epoch 59/834 | samples=1542 | steps=6 | train_objective=0.00965552 | training_physical_mse=0.00437185 | validation_physical_mse=0.00452204 | lr=0.001 | configured_lr=0.001 | grad_rms=0.905893 | activation_var(mean/min/max)=0.759779/0.0194821/1.47337
Epoch 60/834 | samples=1542 | steps=6 | train_objective=0.0100866 | training_physical_mse=0.00432087 | validation_physical_mse=0.0045968 | lr=0.001 | configured_lr=0.001 | grad_rms=1.16167 | activation_var(mean/min/max)=0.750589/0.0193258/1.455
Epoch 61/834 | samples=1542 | steps=6 | train_objective=0.00941445 | training_physical_mse=0.00414867 | validation_physical_mse=0.00438548 | lr=0.001 | configured_lr=0.001 | grad_rms=0.847723 | activation_var(mean/min/max)=0.735498/0.0191353/1.42532
Epoch 62/834 | samples=1542 | steps=6 | train_objective=0.00947649 | training_physical_mse=0.00402549 | validation_physical_mse=0.00412698 | lr=0.001 | configured_lr=0.001 | grad_rms=0.940337 | activation_var(mean/min/max)=0.736493/0.0191012/1.42664
Epoch 63/834 | samples=1542 | steps=6 | train_objective=0.00974276 | training_physical_mse=0.00404645 | validation_physical_mse=0.00431605 | lr=0.001 | configured_lr=0.001 | grad_rms=1.07036 | activation_var(mean/min/max)=0.728333/0.0190386/1.40893
Epoch 64/834 | samples=1542 | steps=6 | train_objective=0.00913082 | training_physical_mse=0.00464923 | validation_physical_mse=0.00481807 | lr=0.001 | configured_lr=0.001 | grad_rms=0.784925 | activation_var(mean/min/max)=0.717929/0.0189214/1.38788
Epoch 65/834 | samples=1542 | steps=6 | train_objective=0.00993269 | training_physical_mse=0.00434756 | validation_physical_mse=0.00459232 | lr=0.001 | configured_lr=0.001 | grad_rms=1.16507 | activation_var(mean/min/max)=0.717278/0.0188322/1.38725
Epoch 66/834 | samples=1542 | steps=6 | train_objective=0.00985749 | training_physical_mse=0.00485741 | validation_physical_mse=0.00492603 | lr=0.001 | configured_lr=0.001 | grad_rms=1.11728 | activation_var(mean/min/max)=0.719702/0.0188194/1.39228
Epoch 67/834 | samples=1542 | steps=6 | train_objective=0.0103487 | training_physical_mse=0.00480345 | validation_physical_mse=0.00519655 | lr=0.001 | configured_lr=0.001 | grad_rms=1.32026 | activation_var(mean/min/max)=0.71181/0.0186993/1.37671
Epoch 68/834 | samples=1542 | steps=6 | train_objective=0.0110337 | training_physical_mse=0.00427541 | validation_physical_mse=0.00441527 | lr=0.001 | configured_lr=0.001 | grad_rms=1.59447 | activation_var(mean/min/max)=0.694376/0.0184864/1.34194
Epoch 69/834 | samples=1542 | steps=6 | train_objective=0.00980356 | training_physical_mse=0.0042069 | validation_physical_mse=0.00418125 | lr=0.001 | configured_lr=0.001 | grad_rms=1.13082 | activation_var(mean/min/max)=0.668515/0.0182275/1.29005
Epoch 70/834 | samples=1542 | steps=6 | train_objective=0.00917842 | training_physical_mse=0.00397845 | validation_physical_mse=0.00423457 | lr=0.001 | configured_lr=0.001 | grad_rms=0.681414 | activation_var(mean/min/max)=0.666326/0.018139/1.28556
Epoch 71/834 | samples=1542 | steps=6 | train_objective=0.00960353 | training_physical_mse=0.00427975 | validation_physical_mse=0.00439024 | lr=0.001 | configured_lr=0.001 | grad_rms=1.07487 | activation_var(mean/min/max)=0.668099/0.0180833/1.28873
Epoch 72/834 | samples=1542 | steps=6 | train_objective=0.00965373 | training_physical_mse=0.00373546 | validation_physical_mse=0.00382805 | lr=0.001 | configured_lr=0.001 | grad_rms=1.14316 | activation_var(mean/min/max)=0.652114/0.0179323/1.25584
Epoch 73/834 | samples=1542 | steps=6 | train_objective=0.00967884 | training_physical_mse=0.0042969 | validation_physical_mse=0.00451166 | lr=0.001 | configured_lr=0.001 | grad_rms=1.16398 | activation_var(mean/min/max)=0.646584/0.0178425/1.2445
Epoch 74/834 | samples=1542 | steps=6 | train_objective=0.00887356 | training_physical_mse=0.00410608 | validation_physical_mse=0.0044259 | lr=0.001 | configured_lr=0.001 | grad_rms=0.725451 | activation_var(mean/min/max)=0.639555/0.0177347/1.22962
Epoch 75/834 | samples=1542 | steps=6 | train_objective=0.00854117 | training_physical_mse=0.00369367 | validation_physical_mse=0.00395467 | lr=0.001 | configured_lr=0.001 | grad_rms=0.572945 | activation_var(mean/min/max)=0.633314/0.0176302/1.2173
Epoch 76/834 | samples=1542 | steps=6 | train_objective=0.00855079 | training_physical_mse=0.00382567 | validation_physical_mse=0.00378923 | lr=0.001 | configured_lr=0.001 | grad_rms=0.646463 | activation_var(mean/min/max)=0.636342/0.0176006/1.22361
Epoch 77/834 | samples=1542 | steps=6 | train_objective=0.00874106 | training_physical_mse=0.00429681 | validation_physical_mse=0.00419915 | lr=0.001 | configured_lr=0.001 | grad_rms=0.755348 | activation_var(mean/min/max)=0.630536/0.0175541/1.21216
Epoch 78/834 | samples=1542 | steps=6 | train_objective=0.00887282 | training_physical_mse=0.00372818 | validation_physical_mse=0.00402196 | lr=0.001 | configured_lr=0.001 | grad_rms=0.846133 | activation_var(mean/min/max)=0.634093/0.0175095/1.21873
Epoch 79/834 | samples=1542 | steps=6 | train_objective=0.00821771 | training_physical_mse=0.00392104 | validation_physical_mse=0.00396728 | lr=0.001 | configured_lr=0.001 | grad_rms=0.520018 | activation_var(mean/min/max)=0.625545/0.0174058/1.20178
Epoch 80/834 | samples=1542 | steps=6 | train_objective=0.00872703 | training_physical_mse=0.00368449 | validation_physical_mse=0.00370504 | lr=0.001 | configured_lr=0.001 | grad_rms=0.860604 | activation_var(mean/min/max)=0.625443/0.0173795/1.20289
Epoch 81/834 | samples=1542 | steps=6 | train_objective=0.00832202 | training_physical_mse=0.00365978 | validation_physical_mse=0.00365401 | lr=0.001 | configured_lr=0.001 | grad_rms=0.616062 | activation_var(mean/min/max)=0.619157/0.0173372/1.19041
Epoch 82/834 | samples=1542 | steps=6 | train_objective=0.00835746 | training_physical_mse=0.00384909 | validation_physical_mse=0.00396109 | lr=0.001 | configured_lr=0.001 | grad_rms=0.556031 | activation_var(mean/min/max)=0.623833/0.0173444/1.19929
Epoch 83/834 | samples=1542 | steps=6 | train_objective=0.00836004 | training_physical_mse=0.00456239 | validation_physical_mse=0.00450776 | lr=0.001 | configured_lr=0.001 | grad_rms=0.703406 | activation_var(mean/min/max)=0.622263/0.017356/1.19627
Epoch 84/834 | samples=1542 | steps=6 | train_objective=0.00927521 | training_physical_mse=0.00365241 | validation_physical_mse=0.0038315 | lr=0.001 | configured_lr=0.001 | grad_rms=1.07168 | activation_var(mean/min/max)=0.619873/0.0172845/1.19183
Epoch 85/834 | samples=1542 | steps=6 | train_objective=0.00858325 | training_physical_mse=0.00454605 | validation_physical_mse=0.00467269 | lr=0.001 | configured_lr=0.001 | grad_rms=0.818224 | activation_var(mean/min/max)=0.621304/0.0172506/1.19454
Epoch 86/834 | samples=1542 | steps=6 | train_objective=0.00855831 | training_physical_mse=0.00349053 | validation_physical_mse=0.00360562 | lr=0.001 | configured_lr=0.001 | grad_rms=0.734598 | activation_var(mean/min/max)=0.621026/0.0171917/1.19417
Epoch 87/834 | samples=1542 | steps=6 | train_objective=0.00878742 | training_physical_mse=0.00359546 | validation_physical_mse=0.00355159 | lr=0.001 | configured_lr=0.001 | grad_rms=0.908584 | activation_var(mean/min/max)=0.621198/0.0171668/1.19404
Epoch 88/834 | samples=1542 | steps=6 | train_objective=0.00878102 | training_physical_mse=0.00405389 | validation_physical_mse=0.00439363 | lr=0.001 | configured_lr=0.001 | grad_rms=0.895396 | activation_var(mean/min/max)=0.619668/0.0170945/1.19041
Epoch 89/834 | samples=1542 | steps=6 | train_objective=0.00844567 | training_physical_mse=0.00357057 | validation_physical_mse=0.00350399 | lr=0.001 | configured_lr=0.001 | grad_rms=0.830163 | activation_var(mean/min/max)=0.620254/0.0170566/1.19244
Epoch 90/834 | samples=1542 | steps=6 | train_objective=0.00842585 | training_physical_mse=0.00337764 | validation_physical_mse=0.00347424 | lr=0.001 | configured_lr=0.001 | grad_rms=0.849231 | activation_var(mean/min/max)=0.607553/0.0168987/1.16643
Epoch 91/834 | samples=1542 | steps=6 | train_objective=0.00791189 | training_physical_mse=0.00386625 | validation_physical_mse=0.00401966 | lr=0.001 | configured_lr=0.001 | grad_rms=0.562132 | activation_var(mean/min/max)=0.608625/0.0168691/1.1679
Epoch 92/834 | samples=1542 | steps=6 | train_objective=0.00847519 | training_physical_mse=0.00384377 | validation_physical_mse=0.0039463 | lr=0.001 | configured_lr=0.001 | grad_rms=0.91927 | activation_var(mean/min/max)=0.597209/0.0167761/1.14483
Epoch 93/834 | samples=1542 | steps=6 | train_objective=0.00925631 | training_physical_mse=0.00519619 | validation_physical_mse=0.00496252 | lr=0.001 | configured_lr=0.001 | grad_rms=1.22532 | activation_var(mean/min/max)=0.593093/0.0167173/1.13676
Epoch 94/834 | samples=1542 | steps=6 | train_objective=0.00939042 | training_physical_mse=0.00363877 | validation_physical_mse=0.00375194 | lr=0.001 | configured_lr=0.001 | grad_rms=1.24286 | activation_var(mean/min/max)=0.58267/0.0165689/1.11709
Epoch 95/834 | samples=1542 | steps=6 | train_objective=0.00943017 | training_physical_mse=0.00426921 | validation_physical_mse=0.00448748 | lr=0.001 | configured_lr=0.001 | grad_rms=1.13941 | activation_var(mean/min/max)=0.557418/0.0162768/1.06636
Epoch 96/834 | samples=1542 | steps=6 | train_objective=0.00959305 | training_physical_mse=0.00425935 | validation_physical_mse=0.00445787 | lr=0.001 | configured_lr=0.001 | grad_rms=1.24736 | activation_var(mean/min/max)=0.563158/0.0161405/1.07756
Epoch 97/834 | samples=1542 | steps=6 | train_objective=0.0108827 | training_physical_mse=0.00549986 | validation_physical_mse=0.00506605 | lr=0.001 | configured_lr=0.001 | grad_rms=1.51313 | activation_var(mean/min/max)=0.572473/0.0161444/1.09625
Epoch 98/834 | samples=1542 | steps=6 | train_objective=0.0112668 | training_physical_mse=0.00437895 | validation_physical_mse=0.00505691 | lr=0.001 | configured_lr=0.001 | grad_rms=1.54403 | activation_var(mean/min/max)=0.566656/0.0159711/1.08493
Epoch 99/834 | samples=1542 | steps=6 | train_objective=0.0100316 | training_physical_mse=0.00436502 | validation_physical_mse=0.00415028 | lr=0.001 | configured_lr=0.001 | grad_rms=1.12086 | activation_var(mean/min/max)=0.556174/0.0157113/1.06503
Epoch 100/834 | samples=1542 | steps=6 | train_objective=0.00938416 | training_physical_mse=0.00396557 | validation_physical_mse=0.00412657 | lr=0.001 | configured_lr=0.001 | grad_rms=1.09956 | activation_var(mean/min/max)=0.556703/0.015613/1.06507
Epoch 101/834 | samples=1542 | steps=6 | train_objective=0.00872418 | training_physical_mse=0.0048275 | validation_physical_mse=0.00475692 | lr=0.001 | configured_lr=0.001 | grad_rms=0.938529 | activation_var(mean/min/max)=0.548328/0.0154918/1.04655
Epoch 102/834 | samples=1542 | steps=6 | train_objective=0.00864853 | training_physical_mse=0.00402452 | validation_physical_mse=0.00406282 | lr=0.001 | configured_lr=0.001 | grad_rms=0.920325 | activation_var(mean/min/max)=0.549906/0.0155016/1.04875
Epoch 103/834 | samples=1542 | steps=6 | train_objective=0.00844254 | training_physical_mse=0.00363439 | validation_physical_mse=0.00367392 | lr=0.001 | configured_lr=0.001 | grad_rms=0.864011 | activation_var(mean/min/max)=0.552423/0.0154608/1.05391
Epoch 104/834 | samples=1542 | steps=6 | train_objective=0.00883649 | training_physical_mse=0.00450636 | validation_physical_mse=0.00442838 | lr=0.001 | configured_lr=0.001 | grad_rms=1.03833 | activation_var(mean/min/max)=0.539561/0.0153481/1.02814
Epoch 105/834 | samples=1542 | steps=6 | train_objective=0.00923298 | training_physical_mse=0.00362763 | validation_physical_mse=0.00381843 | lr=0.001 | configured_lr=0.001 | grad_rms=1.10574 | activation_var(mean/min/max)=0.537421/0.0152338/1.02493
Epoch 106/834 | samples=1542 | steps=6 | train_objective=0.00941901 | training_physical_mse=0.00527275 | validation_physical_mse=0.00507478 | lr=0.001 | configured_lr=0.001 | grad_rms=1.20936 | activation_var(mean/min/max)=0.543337/0.0152442/1.037
Epoch 107/834 | samples=1542 | steps=6 | train_objective=0.00882749 | training_physical_mse=0.00396637 | validation_physical_mse=0.00389939 | lr=0.001 | configured_lr=0.001 | grad_rms=1.00744 | activation_var(mean/min/max)=0.53942/0.0152647/1.02863
Epoch 108/834 | samples=1542 | steps=6 | train_objective=0.00847101 | training_physical_mse=0.0032961 | validation_physical_mse=0.0034325 | lr=0.001 | configured_lr=0.001 | grad_rms=0.85228 | activation_var(mean/min/max)=0.528803/0.0151063/1.00686
Epoch 109/834 | samples=1542 | steps=6 | train_objective=0.00781235 | training_physical_mse=0.00372468 | validation_physical_mse=0.00385366 | lr=0.001 | configured_lr=0.001 | grad_rms=0.577366 | activation_var(mean/min/max)=0.529329/0.0150423/1.00847
Epoch 110/834 | samples=1542 | steps=6 | train_objective=0.00814574 | training_physical_mse=0.00396357 | validation_physical_mse=0.0041448 | lr=0.001 | configured_lr=0.001 | grad_rms=0.7741 | activation_var(mean/min/max)=0.525774/0.0149617/1.00102
Epoch 111/834 | samples=1542 | steps=6 | train_objective=0.00818492 | training_physical_mse=0.00337774 | validation_physical_mse=0.00322161 | lr=0.001 | configured_lr=0.001 | grad_rms=0.812681 | activation_var(mean/min/max)=0.510295/0.0148059/0.969451
Epoch 112/834 | samples=1542 | steps=6 | train_objective=0.00754975 | training_physical_mse=0.00352397 | validation_physical_mse=0.00366318 | lr=0.001 | configured_lr=0.001 | grad_rms=0.495269 | activation_var(mean/min/max)=0.522871/0.014893/0.994266
Epoch 113/834 | samples=1542 | steps=6 | train_objective=0.00844883 | training_physical_mse=0.00363987 | validation_physical_mse=0.00381452 | lr=0.001 | configured_lr=0.001 | grad_rms=0.978786 | activation_var(mean/min/max)=0.518331/0.0148343/0.984676
Epoch 114/834 | samples=1542 | steps=6 | train_objective=0.0081472 | training_physical_mse=0.00372603 | validation_physical_mse=0.00383092 | lr=0.001 | configured_lr=0.001 | grad_rms=0.827579 | activation_var(mean/min/max)=0.504225/0.0147599/0.956837
Epoch 115/834 | samples=1542 | steps=6 | train_objective=0.00848461 | training_physical_mse=0.00357495 | validation_physical_mse=0.00379114 | lr=0.001 | configured_lr=0.001 | grad_rms=0.961995 | activation_var(mean/min/max)=0.502612/0.0146662/0.954335
Epoch 116/834 | samples=1542 | steps=6 | train_objective=0.00816513 | training_physical_mse=0.00395302 | validation_physical_mse=0.00379839 | lr=0.001 | configured_lr=0.001 | grad_rms=0.801206 | activation_var(mean/min/max)=0.49507/0.0145917/0.939553
Epoch 117/834 | samples=1542 | steps=6 | train_objective=0.00880149 | training_physical_mse=0.00315923 | validation_physical_mse=0.00322015 | lr=0.001 | configured_lr=0.001 | grad_rms=1.07198 | activation_var(mean/min/max)=0.49015/0.0145086/0.929423
Epoch 118/834 | samples=1542 | steps=6 | train_objective=0.00774551 | training_physical_mse=0.00349192 | validation_physical_mse=0.00337777 | lr=0.001 | configured_lr=0.001 | grad_rms=0.748755 | activation_var(mean/min/max)=0.481284/0.0143695/0.912359
Epoch 119/834 | samples=1542 | steps=6 | train_objective=0.0077479 | training_physical_mse=0.00355932 | validation_physical_mse=0.00369613 | lr=0.001 | configured_lr=0.001 | grad_rms=0.748442 | activation_var(mean/min/max)=0.47554/0.0142954/0.900693
Epoch 120/834 | samples=1542 | steps=6 | train_objective=0.00850417 | training_physical_mse=0.00318352 | validation_physical_mse=0.00317273 | lr=0.001 | configured_lr=0.001 | grad_rms=0.986727 | activation_var(mean/min/max)=0.477164/0.0142876/0.903528
Epoch 121/834 | samples=1542 | steps=6 | train_objective=0.00772301 | training_physical_mse=0.00355927 | validation_physical_mse=0.00343612 | lr=0.001 | configured_lr=0.001 | grad_rms=0.731194 | activation_var(mean/min/max)=0.459829/0.0141673/0.869326
Epoch 122/834 | samples=1542 | steps=6 | train_objective=0.00782145 | training_physical_mse=0.00338645 | validation_physical_mse=0.00341118 | lr=0.001 | configured_lr=0.001 | grad_rms=0.797407 | activation_var(mean/min/max)=0.460752/0.0140926/0.871858
Epoch 123/834 | samples=1542 | steps=6 | train_objective=0.00816491 | training_physical_mse=0.00356191 | validation_physical_mse=0.00347825 | lr=0.001 | configured_lr=0.001 | grad_rms=0.953779 | activation_var(mean/min/max)=0.456725/0.0140662/0.864206
Epoch 124/834 | samples=1542 | steps=6 | train_objective=0.00772805 | training_physical_mse=0.00375053 | validation_physical_mse=0.00434995 | lr=0.001 | configured_lr=0.001 | grad_rms=0.612216 | activation_var(mean/min/max)=0.457512/0.014049/0.864982
Epoch 125/834 | samples=1542 | steps=6 | train_objective=0.0078478 | training_physical_mse=0.00340691 | validation_physical_mse=0.00306352 | lr=0.001 | configured_lr=0.001 | grad_rms=0.644188 | activation_var(mean/min/max)=0.457527/0.0139796/0.865647
Epoch 126/834 | samples=1542 | steps=6 | train_objective=0.00886419 | training_physical_mse=0.00361323 | validation_physical_mse=0.00324409 | lr=0.001 | configured_lr=0.001 | grad_rms=1.04634 | activation_var(mean/min/max)=0.454648/0.0138964/0.860547
Epoch 127/834 | samples=1542 | steps=6 | train_objective=0.00852672 | training_physical_mse=0.00334437 | validation_physical_mse=0.0036064 | lr=0.001 | configured_lr=0.001 | grad_rms=0.97258 | activation_var(mean/min/max)=0.454571/0.0137799/0.860609
Epoch 128/834 | samples=1542 | steps=6 | train_objective=0.00769584 | training_physical_mse=0.00310962 | validation_physical_mse=0.00310814 | lr=0.001 | configured_lr=0.001 | grad_rms=0.727164 | activation_var(mean/min/max)=0.448067/0.0136724/0.84788
Epoch 129/834 | samples=1542 | steps=6 | train_objective=0.00742684 | training_physical_mse=0.00397511 | validation_physical_mse=0.00375309 | lr=0.001 | configured_lr=0.001 | grad_rms=0.603629 | activation_var(mean/min/max)=0.443044/0.0135853/0.837674
Epoch 130/834 | samples=1542 | steps=6 | train_objective=0.00759955 | training_physical_mse=0.00311853 | validation_physical_mse=0.00303727 | lr=0.001 | configured_lr=0.001 | grad_rms=0.764539 | activation_var(mean/min/max)=0.439858/0.0135776/0.8307
Epoch 131/834 | samples=1542 | steps=6 | train_objective=0.00719246 | training_physical_mse=0.00291522 | validation_physical_mse=0.00276125 | lr=0.001 | configured_lr=0.001 | grad_rms=0.540711 | activation_var(mean/min/max)=0.446575/0.013569/0.844249
Epoch 132/834 | samples=1542 | steps=6 | train_objective=0.00693938 | training_physical_mse=0.00298336 | validation_physical_mse=0.00299596 | lr=0.001 | configured_lr=0.001 | grad_rms=0.388571 | activation_var(mean/min/max)=0.442446/0.0135185/0.836192
Epoch 133/834 | samples=1542 | steps=6 | train_objective=0.0069616 | training_physical_mse=0.00305784 | validation_physical_mse=0.0029932 | lr=0.001 | configured_lr=0.001 | grad_rms=0.410999 | activation_var(mean/min/max)=0.452643/0.0136421/0.856265
Epoch 134/834 | samples=1542 | steps=6 | train_objective=0.00722434 | training_physical_mse=0.0029768 | validation_physical_mse=0.00313222 | lr=0.001 | configured_lr=0.001 | grad_rms=0.619996 | activation_var(mean/min/max)=0.444256/0.0136093/0.838622
Epoch 135/834 | samples=1542 | steps=6 | train_objective=0.00715687 | training_physical_mse=0.00322653 | validation_physical_mse=0.00305384 | lr=0.001 | configured_lr=0.001 | grad_rms=0.481199 | activation_var(mean/min/max)=0.446544/0.0136333/0.843596
Epoch 136/834 | samples=1542 | steps=6 | train_objective=0.00770232 | training_physical_mse=0.00322385 | validation_physical_mse=0.00293345 | lr=0.001 | configured_lr=0.001 | grad_rms=0.822484 | activation_var(mean/min/max)=0.45109/0.0136643/0.853242
Epoch 137/834 | samples=1542 | steps=6 | train_objective=0.00747918 | training_physical_mse=0.00300109 | validation_physical_mse=0.00311588 | lr=0.001 | configured_lr=0.001 | grad_rms=0.68101 | activation_var(mean/min/max)=0.437937/0.0135604/0.827071
Epoch 138/834 | samples=1542 | steps=6 | train_objective=0.0072745 | training_physical_mse=0.00332333 | validation_physical_mse=0.0031369 | lr=0.001 | configured_lr=0.001 | grad_rms=0.605125 | activation_var(mean/min/max)=0.435664/0.0135012/0.822474
Epoch 139/834 | samples=1542 | steps=6 | train_objective=0.00729286 | training_physical_mse=0.00294321 | validation_physical_mse=0.00304451 | lr=0.001 | configured_lr=0.001 | grad_rms=0.692232 | activation_var(mean/min/max)=0.431224/0.0134748/0.813457
Epoch 140/834 | samples=1542 | steps=6 | train_objective=0.00773758 | training_physical_mse=0.00378916 | validation_physical_mse=0.00372627 | lr=0.001 | configured_lr=0.001 | grad_rms=0.812331 | activation_var(mean/min/max)=0.436531/0.0134415/0.824217
Epoch 141/834 | samples=1542 | steps=6 | train_objective=0.00733766 | training_physical_mse=0.00301971 | validation_physical_mse=0.00272969 | lr=0.001 | configured_lr=0.001 | grad_rms=0.718535 | activation_var(mean/min/max)=0.432998/0.0133899/0.817832
Epoch 142/834 | samples=1542 | steps=6 | train_objective=0.00705859 | training_physical_mse=0.00305429 | validation_physical_mse=0.00311527 | lr=0.001 | configured_lr=0.001 | grad_rms=0.594187 | activation_var(mean/min/max)=0.434896/0.013415/0.821366
Epoch 143/834 | samples=1542 | steps=6 | train_objective=0.00719762 | training_physical_mse=0.00288577 | validation_physical_mse=0.00300821 | lr=0.001 | configured_lr=0.001 | grad_rms=0.665369 | activation_var(mean/min/max)=0.430684/0.0133012/0.812832
Epoch 144/834 | samples=1542 | steps=6 | train_objective=0.00692325 | training_physical_mse=0.00287173 | validation_physical_mse=0.00268333 | lr=0.001 | configured_lr=0.001 | grad_rms=0.462305 | activation_var(mean/min/max)=0.436154/0.0133521/0.823982
Epoch 145/834 | samples=1542 | steps=6 | train_objective=0.00690078 | training_physical_mse=0.00281594 | validation_physical_mse=0.0026237 | lr=0.001 | configured_lr=0.001 | grad_rms=0.453732 | activation_var(mean/min/max)=0.425383/0.0132623/0.80222
Epoch 146/834 | samples=1542 | steps=6 | train_objective=0.00730779 | training_physical_mse=0.00339073 | validation_physical_mse=0.00301163 | lr=0.001 | configured_lr=0.001 | grad_rms=0.654854 | activation_var(mean/min/max)=0.436963/0.0133316/0.825094
Epoch 147/834 | samples=1542 | steps=6 | train_objective=0.0076447 | training_physical_mse=0.0027084 | validation_physical_mse=0.00257483 | lr=0.001 | configured_lr=0.001 | grad_rms=0.831993 | activation_var(mean/min/max)=0.425305/0.0131754/0.802099
Epoch 148/834 | samples=1542 | steps=6 | train_objective=0.00793521 | training_physical_mse=0.00331577 | validation_physical_mse=0.00346102 | lr=0.001 | configured_lr=0.001 | grad_rms=0.933169 | activation_var(mean/min/max)=0.426547/0.0131742/0.804742
Epoch 149/834 | samples=1542 | steps=6 | train_objective=0.00764304 | training_physical_mse=0.0030266 | validation_physical_mse=0.00310416 | lr=0.001 | configured_lr=0.001 | grad_rms=0.748323 | activation_var(mean/min/max)=0.411172/0.0130464/0.77407
Epoch 150/834 | samples=1542 | steps=6 | train_objective=0.00721366 | training_physical_mse=0.00298093 | validation_physical_mse=0.00293195 | lr=0.001 | configured_lr=0.001 | grad_rms=0.588083 | activation_var(mean/min/max)=0.406489/0.0129013/0.765113
Epoch 151/834 | samples=1542 | steps=6 | train_objective=0.0069703 | training_physical_mse=0.0028127 | validation_physical_mse=0.00244291 | lr=0.001 | configured_lr=0.001 | grad_rms=0.536477 | activation_var(mean/min/max)=0.412555/0.0128858/0.776995
Epoch 152/834 | samples=1542 | steps=6 | train_objective=0.00660944 | training_physical_mse=0.00284303 | validation_physical_mse=0.00289572 | lr=0.001 | configured_lr=0.001 | grad_rms=0.429499 | activation_var(mean/min/max)=0.40921/0.0127888/0.770391
Epoch 153/834 | samples=1542 | steps=6 | train_objective=0.00721589 | training_physical_mse=0.00306905 | validation_physical_mse=0.00295725 | lr=0.001 | configured_lr=0.001 | grad_rms=0.751239 | activation_var(mean/min/max)=0.410616/0.0127846/0.772865
Epoch 154/834 | samples=1542 | steps=6 | train_objective=0.00770383 | training_physical_mse=0.00418416 | validation_physical_mse=0.00366904 | lr=0.001 | configured_lr=0.001 | grad_rms=0.86234 | activation_var(mean/min/max)=0.402828/0.0126487/0.758027
Epoch 155/834 | samples=1542 | steps=6 | train_objective=0.00852265 | training_physical_mse=0.00396523 | validation_physical_mse=0.00404705 | lr=0.001 | configured_lr=0.001 | grad_rms=1.05601 | activation_var(mean/min/max)=0.415941/0.0127409/0.784549
Epoch 156/834 | samples=1542 | steps=6 | train_objective=0.00855531 | training_physical_mse=0.00279568 | validation_physical_mse=0.00272215 | lr=0.001 | configured_lr=0.001 | grad_rms=1.08682 | activation_var(mean/min/max)=0.396345/0.0125671/0.744746
Epoch 157/834 | samples=1542 | steps=6 | train_objective=0.00787302 | training_physical_mse=0.00290099 | validation_physical_mse=0.00277776 | lr=0.001 | configured_lr=0.001 | grad_rms=0.900784 | activation_var(mean/min/max)=0.379843/0.0123152/0.713094
Epoch 158/834 | samples=1542 | steps=6 | train_objective=0.00704318 | training_physical_mse=0.00299064 | validation_physical_mse=0.00270825 | lr=0.001 | configured_lr=0.001 | grad_rms=0.662334 | activation_var(mean/min/max)=0.37667/0.0122147/0.70695
Epoch 159/834 | samples=1542 | steps=6 | train_objective=0.00787126 | training_physical_mse=0.00309753 | validation_physical_mse=0.00291883 | lr=0.001 | configured_lr=0.001 | grad_rms=0.902803 | activation_var(mean/min/max)=0.385994/0.0123046/0.724755
Epoch 160/834 | samples=1542 | steps=6 | train_objective=0.00699401 | training_physical_mse=0.00368233 | validation_physical_mse=0.0036618 | lr=0.001 | configured_lr=0.001 | grad_rms=0.620863 | activation_var(mean/min/max)=0.376564/0.0121966/0.705842
Epoch 161/834 | samples=1542 | steps=6 | train_objective=0.00708915 | training_physical_mse=0.0030398 | validation_physical_mse=0.00309102 | lr=0.001 | configured_lr=0.001 | grad_rms=0.623017 | activation_var(mean/min/max)=0.376688/0.0121402/0.707087
Epoch 162/834 | samples=1542 | steps=6 | train_objective=0.00711294 | training_physical_mse=0.00281891 | validation_physical_mse=0.00265125 | lr=0.001 | configured_lr=0.001 | grad_rms=0.555617 | activation_var(mean/min/max)=0.364004/0.0119606/0.681963
Epoch 163/834 | samples=1542 | steps=6 | train_objective=0.0069153 | training_physical_mse=0.00349793 | validation_physical_mse=0.00344009 | lr=0.001 | configured_lr=0.001 | grad_rms=0.52599 | activation_var(mean/min/max)=0.387876/0.0120567/0.729757
Epoch 164/834 | samples=1542 | steps=6 | train_objective=0.00747144 | training_physical_mse=0.00345728 | validation_physical_mse=0.00352174 | lr=0.001 | configured_lr=0.001 | grad_rms=0.879687 | activation_var(mean/min/max)=0.376811/0.0119279/0.707653
Epoch 165/834 | samples=1542 | steps=6 | train_objective=0.00799697 | training_physical_mse=0.00387208 | validation_physical_mse=0.00400462 | lr=0.001 | configured_lr=0.001 | grad_rms=1.01404 | activation_var(mean/min/max)=0.371816/0.0119/0.697581
Epoch 166/834 | samples=1542 | steps=6 | train_objective=0.00830398 | training_physical_mse=0.00351158 | validation_physical_mse=0.00299725 | lr=0.001 | configured_lr=0.001 | grad_rms=0.950767 | activation_var(mean/min/max)=0.358989/0.0117346/0.673623
Epoch 167/834 | samples=1542 | steps=6 | train_objective=0.00779045 | training_physical_mse=0.00275002 | validation_physical_mse=0.00264572 | lr=0.001 | configured_lr=0.001 | grad_rms=0.873689 | activation_var(mean/min/max)=0.352423/0.0116639/0.659769
Epoch 168/834 | samples=1542 | steps=6 | train_objective=0.00728453 | training_physical_mse=0.00328243 | validation_physical_mse=0.00361305 | lr=0.001 | configured_lr=0.001 | grad_rms=0.776951 | activation_var(mean/min/max)=0.3579/0.0116005/0.669629
Epoch 169/834 | samples=1542 | steps=6 | train_objective=0.00671985 | training_physical_mse=0.00267359 | validation_physical_mse=0.00247974 | lr=0.001 | configured_lr=0.001 | grad_rms=0.450162 | activation_var(mean/min/max)=0.359274/0.0115342/0.672357
Epoch 170/834 | samples=1542 | steps=6 | train_objective=0.00619142 | training_physical_mse=0.00272931 | validation_physical_mse=0.00253339 | lr=0.001 | configured_lr=0.001 | grad_rms=0.28202 | activation_var(mean/min/max)=0.364697/0.0114987/0.683524
Epoch 171/834 | samples=1542 | steps=6 | train_objective=0.00689528 | training_physical_mse=0.00277163 | validation_physical_mse=0.00259737 | lr=0.001 | configured_lr=0.001 | grad_rms=0.706182 | activation_var(mean/min/max)=0.359388/0.0114255/0.673247
Epoch 172/834 | samples=1542 | steps=6 | train_objective=0.00702819 | training_physical_mse=0.00275623 | validation_physical_mse=0.00272677 | lr=0.001 | configured_lr=0.001 | grad_rms=0.672813 | activation_var(mean/min/max)=0.361657/0.0114752/0.677848
Epoch 173/834 | samples=1542 | steps=6 | train_objective=0.00681946 | training_physical_mse=0.00360661 | validation_physical_mse=0.00378852 | lr=0.001 | configured_lr=0.001 | grad_rms=0.683651 | activation_var(mean/min/max)=0.364839/0.0115533/0.684152
Epoch 174/834 | samples=1542 | steps=6 | train_objective=0.00786221 | training_physical_mse=0.00322414 | validation_physical_mse=0.00300979 | lr=0.001 | configured_lr=0.001 | grad_rms=0.926373 | activation_var(mean/min/max)=0.361061/0.0114921/0.677232
Epoch 175/834 | samples=1542 | steps=6 | train_objective=0.00769951 | training_physical_mse=0.00302198 | validation_physical_mse=0.00285574 | lr=0.001 | configured_lr=0.001 | grad_rms=0.837461 | activation_var(mean/min/max)=0.340497/0.0112384/0.637128
Epoch 176/834 | samples=1542 | steps=6 | train_objective=0.00734132 | training_physical_mse=0.00326882 | validation_physical_mse=0.00363419 | lr=0.001 | configured_lr=0.001 | grad_rms=0.785947 | activation_var(mean/min/max)=0.351838/0.0112624/0.659593
Epoch 177/834 | samples=1542 | steps=6 | train_objective=0.00717201 | training_physical_mse=0.00311124 | validation_physical_mse=0.00299143 | lr=0.001 | configured_lr=0.001 | grad_rms=0.692457 | activation_var(mean/min/max)=0.346742/0.0111699/0.648998
Epoch 178/834 | samples=1542 | steps=6 | train_objective=0.00719031 | training_physical_mse=0.00392677 | validation_physical_mse=0.00363687 | lr=0.001 | configured_lr=0.001 | grad_rms=0.726678 | activation_var(mean/min/max)=0.338137/0.0109928/0.632533
Epoch 179/834 | samples=1542 | steps=6 | train_objective=0.00764757 | training_physical_mse=0.00329353 | validation_physical_mse=0.00343007 | lr=0.001 | configured_lr=0.001 | grad_rms=0.912646 | activation_var(mean/min/max)=0.33425/0.0109518/0.624528
Epoch 180/834 | samples=1542 | steps=6 | train_objective=0.00715856 | training_physical_mse=0.00272281 | validation_physical_mse=0.00268731 | lr=0.001 | configured_lr=0.001 | grad_rms=0.862996 | activation_var(mean/min/max)=0.336967/0.0109773/0.629486
Epoch 181/834 | samples=1542 | steps=6 | train_objective=0.00695241 | training_physical_mse=0.00249056 | validation_physical_mse=0.00260207 | lr=0.001 | configured_lr=0.001 | grad_rms=0.790998 | activation_var(mean/min/max)=0.334629/0.0108543/0.625614
Epoch 182/834 | samples=1542 | steps=6 | train_objective=0.00676073 | training_physical_mse=0.00271236 | validation_physical_mse=0.00260652 | lr=0.001 | configured_lr=0.001 | grad_rms=0.716525 | activation_var(mean/min/max)=0.329801/0.0108182/0.6158
Epoch 183/834 | samples=1542 | steps=6 | train_objective=0.00609914 | training_physical_mse=0.00275557 | validation_physical_mse=0.0024764 | lr=0.001 | configured_lr=0.001 | grad_rms=0.3829 | activation_var(mean/min/max)=0.332495/0.0108986/0.621503
Epoch 184/834 | samples=1542 | steps=6 | train_objective=0.00609689 | training_physical_mse=0.00284596 | validation_physical_mse=0.00287591 | lr=0.001 | configured_lr=0.001 | grad_rms=0.376605 | activation_var(mean/min/max)=0.329983/0.0108611/0.615974
Epoch 185/834 | samples=1542 | steps=6 | train_objective=0.00641368 | training_physical_mse=0.00252133 | validation_physical_mse=0.00244756 | lr=0.001 | configured_lr=0.001 | grad_rms=0.504728 | activation_var(mean/min/max)=0.329491/0.0108929/0.614474
Epoch 186/834 | samples=1542 | steps=6 | train_objective=0.00621675 | training_physical_mse=0.00266816 | validation_physical_mse=0.00271047 | lr=0.001 | configured_lr=0.001 | grad_rms=0.461563 | activation_var(mean/min/max)=0.326279/0.0108032/0.608631
Epoch 187/834 | samples=1542 | steps=6 | train_objective=0.00627256 | training_physical_mse=0.00288502 | validation_physical_mse=0.00286103 | lr=0.001 | configured_lr=0.001 | grad_rms=0.493878 | activation_var(mean/min/max)=0.332499/0.0108758/0.621248
Epoch 188/834 | samples=1542 | steps=6 | train_objective=0.00650098 | training_physical_mse=0.00299971 | validation_physical_mse=0.00273974 | lr=0.001 | configured_lr=0.001 | grad_rms=0.681042 | activation_var(mean/min/max)=0.324198/0.0107944/0.603922
Epoch 189/834 | samples=1542 | steps=6 | train_objective=0.00692001 | training_physical_mse=0.00309111 | validation_physical_mse=0.00298775 | lr=0.001 | configured_lr=0.001 | grad_rms=0.865432 | activation_var(mean/min/max)=0.335523/0.0108407/0.626891
Epoch 190/834 | samples=1542 | steps=6 | train_objective=0.00654391 | training_physical_mse=0.00266767 | validation_physical_mse=0.00284467 | lr=0.001 | configured_lr=0.001 | grad_rms=0.653726 | activation_var(mean/min/max)=0.331774/0.0108332/0.618746
Epoch 191/834 | samples=1542 | steps=6 | train_objective=0.00591666 | training_physical_mse=0.00250926 | validation_physical_mse=0.00242068 | lr=0.001 | configured_lr=0.001 | grad_rms=0.292916 | activation_var(mean/min/max)=0.332153/0.0108482/0.619929
Epoch 192/834 | samples=1542 | steps=6 | train_objective=0.00613262 | training_physical_mse=0.00270736 | validation_physical_mse=0.00260158 | lr=0.001 | configured_lr=0.001 | grad_rms=0.456319 | activation_var(mean/min/max)=0.327483/0.0107943/0.61014
Epoch 193/834 | samples=1542 | steps=6 | train_objective=0.00625102 | training_physical_mse=0.00245275 | validation_physical_mse=0.00222302 | lr=0.001 | configured_lr=0.001 | grad_rms=0.586596 | activation_var(mean/min/max)=0.334/0.0108683/0.622956
Epoch 194/834 | samples=1542 | steps=6 | train_objective=0.00623075 | training_physical_mse=0.00246859 | validation_physical_mse=0.00243806 | lr=0.001 | configured_lr=0.001 | grad_rms=0.575283 | activation_var(mean/min/max)=0.326831/0.0108289/0.609136
Epoch 195/834 | samples=1542 | steps=6 | train_objective=0.00622628 | training_physical_mse=0.00240934 | validation_physical_mse=0.0024066 | lr=0.001 | configured_lr=0.001 | grad_rms=0.632515 | activation_var(mean/min/max)=0.329315/0.0108416/0.614079
Epoch 196/834 | samples=1542 | steps=6 | train_objective=0.00588458 | training_physical_mse=0.00264175 | validation_physical_mse=0.00224736 | lr=0.001 | configured_lr=0.001 | grad_rms=0.496199 | activation_var(mean/min/max)=0.329983/0.0108622/0.615333
Epoch 197/834 | samples=1542 | steps=6 | train_objective=0.00642574 | training_physical_mse=0.00277429 | validation_physical_mse=0.00269948 | lr=0.001 | configured_lr=0.001 | grad_rms=0.791559 | activation_var(mean/min/max)=0.325866/0.0108427/0.607121
Epoch 198/834 | samples=1542 | steps=6 | train_objective=0.0062419 | training_physical_mse=0.00241356 | validation_physical_mse=0.00250247 | lr=0.001 | configured_lr=0.001 | grad_rms=0.634178 | activation_var(mean/min/max)=0.328215/0.0108672/0.611909
Epoch 199/834 | samples=1542 | steps=6 | train_objective=0.00599606 | training_physical_mse=0.00268293 | validation_physical_mse=0.00275818 | lr=0.001 | configured_lr=0.001 | grad_rms=0.516393 | activation_var(mean/min/max)=0.334013/0.0108972/0.623117
Epoch 200/834 | samples=1542 | steps=6 | train_objective=0.00629424 | training_physical_mse=0.00304188 | validation_physical_mse=0.00319304 | lr=0.001 | configured_lr=0.001 | grad_rms=0.576312 | activation_var(mean/min/max)=0.331877/0.0108544/0.618858
Epoch 201/834 | samples=1542 | steps=6 | train_objective=0.00669757 | training_physical_mse=0.00256472 | validation_physical_mse=0.00233918 | lr=0.001 | configured_lr=0.001 | grad_rms=0.644819 | activation_var(mean/min/max)=0.324985/0.0108523/0.605113
Epoch 202/834 | samples=1542 | steps=6 | train_objective=0.00666139 | training_physical_mse=0.00251538 | validation_physical_mse=0.00248535 | lr=0.001 | configured_lr=0.001 | grad_rms=0.565949 | activation_var(mean/min/max)=0.32819/0.0107755/0.611653
Epoch 203/834 | samples=1542 | steps=6 | train_objective=0.00643836 | training_physical_mse=0.00282502 | validation_physical_mse=0.00256599 | lr=0.001 | configured_lr=0.001 | grad_rms=0.646886 | activation_var(mean/min/max)=0.328763/0.0107056/0.613447
Epoch 204/834 | samples=1542 | steps=6 | train_objective=0.0066923 | training_physical_mse=0.00282904 | validation_physical_mse=0.00265409 | lr=0.001 | configured_lr=0.001 | grad_rms=0.544287 | activation_var(mean/min/max)=0.331702/0.0106396/0.619569
Epoch 205/834 | samples=1542 | steps=6 | train_objective=0.00712964 | training_physical_mse=0.00243527 | validation_physical_mse=0.00244599 | lr=0.001 | configured_lr=0.001 | grad_rms=0.760487 | activation_var(mean/min/max)=0.322619/0.010609/0.601286
Epoch 206/834 | samples=1542 | steps=6 | train_objective=0.00668953 | training_physical_mse=0.00259446 | validation_physical_mse=0.00282115 | lr=0.001 | configured_lr=0.001 | grad_rms=0.721652 | activation_var(mean/min/max)=0.319343/0.0105378/0.594552
Epoch 207/834 | samples=1542 | steps=6 | train_objective=0.00641031 | training_physical_mse=0.00239277 | validation_physical_mse=0.00216371 | lr=0.001 | configured_lr=0.001 | grad_rms=0.610052 | activation_var(mean/min/max)=0.321852/0.010438/0.600475
Epoch 208/834 | samples=1542 | steps=6 | train_objective=0.00670685 | training_physical_mse=0.00287218 | validation_physical_mse=0.00263086 | lr=0.001 | configured_lr=0.001 | grad_rms=0.677532 | activation_var(mean/min/max)=0.313657/0.010341/0.583823
Epoch 209/834 | samples=1542 | steps=6 | train_objective=0.0070219 | training_physical_mse=0.0028084 | validation_physical_mse=0.00260048 | lr=0.001 | configured_lr=0.001 | grad_rms=0.905729 | activation_var(mean/min/max)=0.313694/0.0103455/0.584027
Epoch 210/834 | samples=1542 | steps=6 | train_objective=0.00594751 | training_physical_mse=0.00315281 | validation_physical_mse=0.00327934 | lr=0.001 | configured_lr=0.001 | grad_rms=0.486328 | activation_var(mean/min/max)=0.307766/0.0102093/0.572565
Epoch 211/834 | samples=1542 | steps=6 | train_objective=0.00615697 | training_physical_mse=0.00257422 | validation_physical_mse=0.00242735 | lr=0.001 | configured_lr=0.001 | grad_rms=0.598627 | activation_var(mean/min/max)=0.316992/0.0101602/0.590664
Epoch 212/834 | samples=1542 | steps=6 | train_objective=0.00593161 | training_physical_mse=0.00225226 | validation_physical_mse=0.00240188 | lr=0.001 | configured_lr=0.001 | grad_rms=0.626784 | activation_var(mean/min/max)=0.314171/0.0101244/0.585337
Epoch 213/834 | samples=1542 | steps=6 | train_objective=0.0057083 | training_physical_mse=0.00252156 | validation_physical_mse=0.00236038 | lr=0.001 | configured_lr=0.001 | grad_rms=0.476913 | activation_var(mean/min/max)=0.308709/0.0100466/0.574911
Epoch 214/834 | samples=1542 | steps=6 | train_objective=0.00616981 | training_physical_mse=0.00265047 | validation_physical_mse=0.00234947 | lr=0.001 | configured_lr=0.001 | grad_rms=0.567196 | activation_var(mean/min/max)=0.317263/0.0101674/0.591797
Epoch 215/834 | samples=1542 | steps=6 | train_objective=0.00606447 | training_physical_mse=0.00232098 | validation_physical_mse=0.00225769 | lr=0.001 | configured_lr=0.001 | grad_rms=0.476934 | activation_var(mean/min/max)=0.307198/0.0100684/0.571809
Epoch 216/834 | samples=1542 | steps=6 | train_objective=0.00577183 | training_physical_mse=0.00222964 | validation_physical_mse=0.00223251 | lr=0.001 | configured_lr=0.001 | grad_rms=0.487894 | activation_var(mean/min/max)=0.30868/0.0100337/0.574917
Epoch 217/834 | samples=1542 | steps=6 | train_objective=0.00558013 | training_physical_mse=0.00231767 | validation_physical_mse=0.00223929 | lr=0.001 | configured_lr=0.001 | grad_rms=0.44832 | activation_var(mean/min/max)=0.312014/0.0100866/0.581306
Epoch 218/834 | samples=1542 | steps=6 | train_objective=0.00708483 | training_physical_mse=0.00347663 | validation_physical_mse=0.00350131 | lr=0.001 | configured_lr=0.001 | grad_rms=1.12789 | activation_var(mean/min/max)=0.302761/0.0100282/0.562893
Epoch 219/834 | samples=1542 | steps=6 | train_objective=0.00785529 | training_physical_mse=0.0034344 | validation_physical_mse=0.00299152 | lr=0.001 | configured_lr=0.001 | grad_rms=1.27534 | activation_var(mean/min/max)=0.305966/0.0100047/0.569488
Epoch 220/834 | samples=1542 | steps=6 | train_objective=0.00758854 | training_physical_mse=0.00328764 | validation_physical_mse=0.00351962 | lr=0.001 | configured_lr=0.001 | grad_rms=1.16129 | activation_var(mean/min/max)=0.31608/0.0101113/0.589932
Epoch 221/834 | samples=1542 | steps=6 | train_objective=0.00682646 | training_physical_mse=0.00257366 | validation_physical_mse=0.00244691 | lr=0.001 | configured_lr=0.001 | grad_rms=0.896555 | activation_var(mean/min/max)=0.303464/0.00995243/0.56531
Epoch 222/834 | samples=1542 | steps=6 | train_objective=0.00696273 | training_physical_mse=0.0028273 | validation_physical_mse=0.00263705 | lr=0.001 | configured_lr=0.001 | grad_rms=1.02474 | activation_var(mean/min/max)=0.300895/0.00997034/0.55943
Epoch 223/834 | samples=1542 | steps=6 | train_objective=0.00803169 | training_physical_mse=0.00281679 | validation_physical_mse=0.00273796 | lr=0.001 | configured_lr=0.001 | grad_rms=1.21875 | activation_var(mean/min/max)=0.305519/0.00999963/0.568666
Epoch 224/834 | samples=1542 | steps=6 | train_objective=0.00696882 | training_physical_mse=0.00291838 | validation_physical_mse=0.00282411 | lr=0.001 | configured_lr=0.001 | grad_rms=0.865794 | activation_var(mean/min/max)=0.280078/0.00988163/0.518441
Epoch 225/834 | samples=1542 | steps=6 | train_objective=0.00749197 | training_physical_mse=0.00287052 | validation_physical_mse=0.00315378 | lr=0.001 | configured_lr=0.001 | grad_rms=1.13212 | activation_var(mean/min/max)=0.286103/0.00995003/0.529432
Epoch 226/834 | samples=1542 | steps=6 | train_objective=0.00683623 | training_physical_mse=0.00229791 | validation_physical_mse=0.00196985 | lr=0.001 | configured_lr=0.001 | grad_rms=0.824999 | activation_var(mean/min/max)=0.292766/0.00985961/0.542466
Epoch 227/834 | samples=1542 | steps=6 | train_objective=0.0059693 | training_physical_mse=0.00251742 | validation_physical_mse=0.00241293 | lr=0.001 | configured_lr=0.001 | grad_rms=0.463162 | activation_var(mean/min/max)=0.295696/0.00973006/0.548665
Epoch 228/834 | samples=1542 | steps=6 | train_objective=0.00571334 | training_physical_mse=0.00207948 | validation_physical_mse=0.00202751 | lr=0.001 | configured_lr=0.001 | grad_rms=0.475719 | activation_var(mean/min/max)=0.299989/0.00973574/0.557042
Epoch 229/834 | samples=1542 | steps=6 | train_objective=0.00528554 | training_physical_mse=0.00207528 | validation_physical_mse=0.00203131 | lr=0.001 | configured_lr=0.001 | grad_rms=0.319629 | activation_var(mean/min/max)=0.295206/0.00974615/0.547372
Epoch 230/834 | samples=1542 | steps=6 | train_objective=0.00540659 | training_physical_mse=0.00264684 | validation_physical_mse=0.00272265 | lr=0.001 | configured_lr=0.001 | grad_rms=0.440002 | activation_var(mean/min/max)=0.295068/0.00976351/0.546967
Epoch 231/834 | samples=1542 | steps=6 | train_objective=0.00625545 | training_physical_mse=0.00264314 | validation_physical_mse=0.00235548 | lr=0.001 | configured_lr=0.001 | grad_rms=0.80345 | activation_var(mean/min/max)=0.296515/0.00982308/0.549631
Epoch 232/834 | samples=1542 | steps=6 | train_objective=0.00653745 | training_physical_mse=0.002247 | validation_physical_mse=0.00218859 | lr=0.001 | configured_lr=0.001 | grad_rms=0.67115 | activation_var(mean/min/max)=0.296194/0.00975331/0.549964
Epoch 233/834 | samples=1542 | steps=6 | train_objective=0.00645416 | training_physical_mse=0.00259375 | validation_physical_mse=0.00290804 | lr=0.001 | configured_lr=0.001 | grad_rms=0.476518 | activation_var(mean/min/max)=0.305477/0.00974756/0.568644
Epoch 234/834 | samples=1542 | steps=6 | train_objective=0.00607525 | training_physical_mse=0.0024282 | validation_physical_mse=0.00249618 | lr=0.001 | configured_lr=0.001 | grad_rms=0.547555 | activation_var(mean/min/max)=0.30152/0.00966657/0.560793
Epoch 235/834 | samples=1542 | steps=6 | train_objective=0.00628143 | training_physical_mse=0.00319896 | validation_physical_mse=0.00330591 | lr=0.001 | configured_lr=0.001 | grad_rms=0.678383 | activation_var(mean/min/max)=0.292985/0.00965899/0.54376
Epoch 236/834 | samples=1542 | steps=6 | train_objective=0.00648816 | training_physical_mse=0.00256176 | validation_physical_mse=0.00280183 | lr=0.001 | configured_lr=0.001 | grad_rms=0.764875 | activation_var(mean/min/max)=0.280606/0.0094963/0.519809
Epoch 237/834 | samples=1542 | steps=6 | train_objective=0.00596503 | training_physical_mse=0.00229922 | validation_physical_mse=0.00231485 | lr=0.001 | configured_lr=0.001 | grad_rms=0.498191 | activation_var(mean/min/max)=0.287458/0.00948055/0.533541
Epoch 238/834 | samples=1542 | steps=6 | train_objective=0.00634754 | training_physical_mse=0.00247348 | validation_physical_mse=0.00223614 | lr=0.001 | configured_lr=0.001 | grad_rms=0.705333 | activation_var(mean/min/max)=0.284997/0.00937388/0.52835
Epoch 239/834 | samples=1542 | steps=6 | train_objective=0.00594468 | training_physical_mse=0.00264341 | validation_physical_mse=0.00280667 | lr=0.001 | configured_lr=0.001 | grad_rms=0.566983 | activation_var(mean/min/max)=0.281174/0.00932058/0.521116
Epoch 240/834 | samples=1542 | steps=6 | train_objective=0.00665799 | training_physical_mse=0.00260372 | validation_physical_mse=0.00269421 | lr=0.001 | configured_lr=0.001 | grad_rms=0.762225 | activation_var(mean/min/max)=0.283084/0.00932611/0.525526
Epoch 241/834 | samples=1542 | steps=6 | train_objective=0.00655139 | training_physical_mse=0.0025644 | validation_physical_mse=0.00258896 | lr=0.001 | configured_lr=0.001 | grad_rms=0.718792 | activation_var(mean/min/max)=0.268622/0.00918768/0.497014
Epoch 242/834 | samples=1542 | steps=6 | train_objective=0.00567772 | training_physical_mse=0.00244602 | validation_physical_mse=0.00244955 | lr=0.001 | configured_lr=0.001 | grad_rms=0.511821 | activation_var(mean/min/max)=0.270729/0.00913504/0.501354
Epoch 243/834 | samples=1542 | steps=6 | train_objective=0.00563454 | training_physical_mse=0.00237049 | validation_physical_mse=0.00246217 | lr=0.001 | configured_lr=0.001 | grad_rms=0.543762 | activation_var(mean/min/max)=0.268711/0.00906398/0.497413
Epoch 244/834 | samples=1542 | steps=6 | train_objective=0.00626539 | training_physical_mse=0.00255234 | validation_physical_mse=0.00238939 | lr=0.001 | configured_lr=0.001 | grad_rms=0.871073 | activation_var(mean/min/max)=0.274264/0.00910228/0.508335
Epoch 245/834 | samples=1542 | steps=6 | train_objective=0.00611364 | training_physical_mse=0.00263773 | validation_physical_mse=0.00254536 | lr=0.001 | configured_lr=0.001 | grad_rms=0.744097 | activation_var(mean/min/max)=0.268793/0.00899913/0.498795
Epoch 246/834 | samples=1542 | steps=6 | train_objective=0.00588991 | training_physical_mse=0.00209444 | validation_physical_mse=0.00191724 | lr=0.001 | configured_lr=0.001 | grad_rms=0.534515 | activation_var(mean/min/max)=0.261961/0.00901219/0.484492
Epoch 247/834 | samples=1542 | steps=6 | train_objective=0.0058822 | training_physical_mse=0.00200445 | validation_physical_mse=0.00184422 | lr=0.001 | configured_lr=0.001 | grad_rms=0.520779 | activation_var(mean/min/max)=0.269284/0.0089528/0.498955
Epoch 248/834 | samples=1542 | steps=6 | train_objective=0.00533567 | training_physical_mse=0.00200506 | validation_physical_mse=0.00203998 | lr=0.001 | configured_lr=0.001 | grad_rms=0.481409 | activation_var(mean/min/max)=0.265903/0.00891301/0.492718
Epoch 249/834 | samples=1542 | steps=6 | train_objective=0.00498564 | training_physical_mse=0.00193698 | validation_physical_mse=0.00188802 | lr=0.001 | configured_lr=0.001 | grad_rms=0.324876 | activation_var(mean/min/max)=0.263617/0.00888293/0.487802
Epoch 250/834 | samples=1542 | steps=6 | train_objective=0.00530471 | training_physical_mse=0.00186582 | validation_physical_mse=0.00166889 | lr=0.001 | configured_lr=0.001 | grad_rms=0.466488 | activation_var(mean/min/max)=0.266323/0.00890069/0.492592
Epoch 251/834 | samples=1542 | steps=6 | train_objective=0.00566585 | training_physical_mse=0.00189148 | validation_physical_mse=0.00176462 | lr=0.001 | configured_lr=0.001 | grad_rms=0.638974 | activation_var(mean/min/max)=0.269836/0.00891924/0.499273
Epoch 252/834 | samples=1542 | steps=6 | train_objective=0.00605665 | training_physical_mse=0.00194041 | validation_physical_mse=0.00200367 | lr=0.001 | configured_lr=0.001 | grad_rms=0.774443 | activation_var(mean/min/max)=0.268107/0.00898099/0.495671
Epoch 253/834 | samples=1542 | steps=6 | train_objective=0.00541933 | training_physical_mse=0.00322718 | validation_physical_mse=0.00314275 | lr=0.001 | configured_lr=0.001 | grad_rms=0.713867 | activation_var(mean/min/max)=0.267947/0.00892534/0.496278
Epoch 254/834 | samples=1542 | steps=6 | train_objective=0.00607665 | training_physical_mse=0.00209518 | validation_physical_mse=0.00197715 | lr=0.001 | configured_lr=0.001 | grad_rms=0.877766 | activation_var(mean/min/max)=0.270271/0.00893551/0.500831
Epoch 255/834 | samples=1542 | steps=6 | train_objective=0.00577176 | training_physical_mse=0.00278771 | validation_physical_mse=0.00266944 | lr=0.001 | configured_lr=0.001 | grad_rms=0.705789 | activation_var(mean/min/max)=0.27172/0.00893851/0.503518
Epoch 256/834 | samples=1542 | steps=6 | train_objective=0.00587997 | training_physical_mse=0.00217366 | validation_physical_mse=0.00220116 | lr=0.001 | configured_lr=0.001 | grad_rms=0.791588 | activation_var(mean/min/max)=0.268759/0.00887295/0.497346
Epoch 257/834 | samples=1542 | steps=6 | train_objective=0.00538518 | training_physical_mse=0.00231364 | validation_physical_mse=0.00231889 | lr=0.001 | configured_lr=0.001 | grad_rms=0.559194 | activation_var(mean/min/max)=0.272843/0.00891849/0.505344
Epoch 258/834 | samples=1542 | steps=6 | train_objective=0.00580495 | training_physical_mse=0.0024573 | validation_physical_mse=0.00262047 | lr=0.001 | configured_lr=0.001 | grad_rms=0.854273 | activation_var(mean/min/max)=0.27004/0.00901218/0.499347
Epoch 259/834 | samples=1542 | steps=6 | train_objective=0.00654842 | training_physical_mse=0.00320233 | validation_physical_mse=0.00326313 | lr=0.001 | configured_lr=0.001 | grad_rms=1.12533 | activation_var(mean/min/max)=0.258808/0.00892226/0.477761
Epoch 260/834 | samples=1542 | steps=6 | train_objective=0.00752312 | training_physical_mse=0.00223515 | validation_physical_mse=0.00198237 | lr=0.001 | configured_lr=0.001 | grad_rms=1.18928 | activation_var(mean/min/max)=0.272159/0.00913547/0.503626
Epoch 261/834 | samples=1542 | steps=6 | train_objective=0.00576175 | training_physical_mse=0.00266881 | validation_physical_mse=0.00259565 | lr=0.001 | configured_lr=0.001 | grad_rms=0.623753 | activation_var(mean/min/max)=0.260087/0.00896701/0.481137
Epoch 262/834 | samples=1542 | steps=6 | train_objective=0.0061478 | training_physical_mse=0.00257753 | validation_physical_mse=0.00286304 | lr=0.001 | configured_lr=0.001 | grad_rms=0.820097 | activation_var(mean/min/max)=0.26266/0.00897306/0.486108
Epoch 263/834 | samples=1542 | steps=6 | train_objective=0.00541692 | training_physical_mse=0.00215849 | validation_physical_mse=0.00206826 | lr=0.001 | configured_lr=0.001 | grad_rms=0.389755 | activation_var(mean/min/max)=0.255275/0.00889205/0.470647
Epoch 264/834 | samples=1542 | steps=6 | train_objective=0.00593078 | training_physical_mse=0.0024967 | validation_physical_mse=0.00267577 | lr=0.001 | configured_lr=0.001 | grad_rms=0.647924 | activation_var(mean/min/max)=0.260321/0.00887813/0.480485
Epoch 265/834 | samples=1542 | steps=6 | train_objective=0.00680098 | training_physical_mse=0.00406765 | validation_physical_mse=0.00442859 | lr=0.001 | configured_lr=0.001 | grad_rms=0.889648 | activation_var(mean/min/max)=0.257818/0.00870373/0.476276
Epoch 266/834 | samples=1542 | steps=6 | train_objective=0.00761772 | training_physical_mse=0.00335067 | validation_physical_mse=0.00292159 | lr=0.001 | configured_lr=0.001 | grad_rms=1.17475 | activation_var(mean/min/max)=0.27525/0.0088366/0.51122
Epoch 267/834 | samples=1542 | steps=6 | train_objective=0.00772299 | training_physical_mse=0.00315908 | validation_physical_mse=0.00277347 | lr=0.001 | configured_lr=0.001 | grad_rms=1.16275 | activation_var(mean/min/max)=0.244089/0.00851329/0.451312
Epoch 268/834 | samples=1542 | steps=6 | train_objective=0.00673792 | training_physical_mse=0.00266031 | validation_physical_mse=0.00292759 | lr=0.001 | configured_lr=0.001 | grad_rms=0.813557 | activation_var(mean/min/max)=0.268783/0.00859541/0.501168
Epoch 269/834 | samples=1542 | steps=6 | train_objective=0.00564495 | training_physical_mse=0.00208757 | validation_physical_mse=0.00187296 | lr=0.001 | configured_lr=0.001 | grad_rms=0.373895 | activation_var(mean/min/max)=0.261554/0.0085084/0.485848
Epoch 270/834 | samples=1542 | steps=6 | train_objective=0.00584844 | training_physical_mse=0.002091 | validation_physical_mse=0.00226171 | lr=0.001 | configured_lr=0.001 | grad_rms=0.430397 | activation_var(mean/min/max)=0.264656/0.00854649/0.490989
Epoch 271/834 | samples=1542 | steps=6 | train_objective=0.00540731 | training_physical_mse=0.0025088 | validation_physical_mse=0.00240547 | lr=0.001 | configured_lr=0.001 | grad_rms=0.47301 | activation_var(mean/min/max)=0.253601/0.00837093/0.469532
Epoch 272/834 | samples=1542 | steps=6 | train_objective=0.00617438 | training_physical_mse=0.0020026 | validation_physical_mse=0.00194409 | lr=0.001 | configured_lr=0.001 | grad_rms=0.707785 | activation_var(mean/min/max)=0.265368/0.00848506/0.493117
Epoch 273/834 | samples=1542 | steps=6 | train_objective=0.0057475 | training_physical_mse=0.00178694 | validation_physical_mse=0.00180921 | lr=0.001 | configured_lr=0.001 | grad_rms=0.702834 | activation_var(mean/min/max)=0.251847/0.0083575/0.466393
Epoch 274/834 | samples=1542 | steps=6 | train_objective=0.00549341 | training_physical_mse=0.00220354 | validation_physical_mse=0.00224066 | lr=0.001 | configured_lr=0.001 | grad_rms=0.661302 | activation_var(mean/min/max)=0.251739/0.00832796/0.466172
Epoch 275/834 | samples=1542 | steps=6 | train_objective=0.005545 | training_physical_mse=0.00236114 | validation_physical_mse=0.00231901 | lr=0.001 | configured_lr=0.001 | grad_rms=0.772825 | activation_var(mean/min/max)=0.255502/0.00835001/0.473645
Epoch 276/834 | samples=1542 | steps=6 | train_objective=0.00504652 | training_physical_mse=0.00180378 | validation_physical_mse=0.00185692 | lr=0.001 | configured_lr=0.001 | grad_rms=0.583629 | activation_var(mean/min/max)=0.250795/0.00834216/0.464038
Epoch 277/834 | samples=1542 | steps=6 | train_objective=0.00481064 | training_physical_mse=0.00195184 | validation_physical_mse=0.00194445 | lr=0.001 | configured_lr=0.001 | grad_rms=0.480772 | activation_var(mean/min/max)=0.249396/0.00845213/0.460639
Epoch 278/834 | samples=1542 | steps=6 | train_objective=0.00526068 | training_physical_mse=0.0033174 | validation_physical_mse=0.00343418 | lr=0.001 | configured_lr=0.001 | grad_rms=0.611294 | activation_var(mean/min/max)=0.253138/0.00841529/0.468344
Epoch 279/834 | samples=1542 | steps=6 | train_objective=0.00647161 | training_physical_mse=0.00263123 | validation_physical_mse=0.00276229 | lr=0.001 | configured_lr=0.001 | grad_rms=1.10622 | activation_var(mean/min/max)=0.257996/0.00851385/0.477854
Epoch 280/834 | samples=1542 | steps=6 | train_objective=0.00571355 | training_physical_mse=0.00272311 | validation_physical_mse=0.00250216 | lr=0.001 | configured_lr=0.001 | grad_rms=0.697256 | activation_var(mean/min/max)=0.240425/0.00839733/0.443677
Epoch 281/834 | samples=1542 | steps=6 | train_objective=0.00640068 | training_physical_mse=0.00257564 | validation_physical_mse=0.00276849 | lr=0.001 | configured_lr=0.001 | grad_rms=0.818594 | activation_var(mean/min/max)=0.248144/0.00845409/0.459067
Epoch 282/834 | samples=1542 | steps=6 | train_objective=0.00591419 | training_physical_mse=0.00290857 | validation_physical_mse=0.00341696 | lr=0.001 | configured_lr=0.001 | grad_rms=0.517 | activation_var(mean/min/max)=0.260898/0.00840328/0.484664
Epoch 283/834 | samples=1542 | steps=6 | train_objective=0.00608664 | training_physical_mse=0.00349375 | validation_physical_mse=0.00324583 | lr=0.001 | configured_lr=0.001 | grad_rms=0.550547 | activation_var(mean/min/max)=0.256092/0.00828485/0.475052
Epoch 284/834 | samples=1542 | steps=6 | train_objective=0.00671386 | training_physical_mse=0.00199602 | validation_physical_mse=0.00207201 | lr=0.001 | configured_lr=0.001 | grad_rms=0.806889 | activation_var(mean/min/max)=0.251318/0.00815184/0.466943
Epoch 285/834 | samples=1542 | steps=6 | train_objective=0.00542576 | training_physical_mse=0.00262604 | validation_physical_mse=0.00272881 | lr=0.001 | configured_lr=0.001 | grad_rms=0.564756 | activation_var(mean/min/max)=0.24745/0.0080879/0.459043
Epoch 286/834 | samples=1542 | steps=6 | train_objective=0.0061905 | training_physical_mse=0.00240914 | validation_physical_mse=0.00241513 | lr=0.001 | configured_lr=0.001 | grad_rms=0.747659 | activation_var(mean/min/max)=0.233391/0.0080489/0.430836
Epoch 287/834 | samples=1542 | steps=6 | train_objective=0.00530556 | training_physical_mse=0.00195384 | validation_physical_mse=0.00185617 | lr=0.001 | configured_lr=0.001 | grad_rms=0.635104 | activation_var(mean/min/max)=0.239706/0.00810804/0.443112
Epoch 288/834 | samples=1542 | steps=6 | train_objective=0.00563908 | training_physical_mse=0.00313252 | validation_physical_mse=0.00312729 | lr=0.001 | configured_lr=0.001 | grad_rms=0.711298 | activation_var(mean/min/max)=0.23439/0.0079628/0.433069
Epoch 289/834 | samples=1542 | steps=6 | train_objective=0.00582625 | training_physical_mse=0.0029197 | validation_physical_mse=0.00323726 | lr=0.001 | configured_lr=0.001 | grad_rms=0.705636 | activation_var(mean/min/max)=0.235371/0.00800927/0.43436
Epoch 290/834 | samples=1542 | steps=6 | train_objective=0.00588997 | training_physical_mse=0.00238025 | validation_physical_mse=0.00248229 | lr=0.001 | configured_lr=0.001 | grad_rms=0.852994 | activation_var(mean/min/max)=0.23102/0.00789977/0.426229
Epoch 291/834 | samples=1542 | steps=6 | train_objective=0.00610942 | training_physical_mse=0.00181744 | validation_physical_mse=0.00177133 | lr=0.001 | configured_lr=0.001 | grad_rms=0.893265 | activation_var(mean/min/max)=0.230579/0.0078549/0.425824
Epoch 292/834 | samples=1542 | steps=6 | train_objective=0.00505265 | training_physical_mse=0.00166553 | validation_physical_mse=0.00168376 | lr=0.001 | configured_lr=0.001 | grad_rms=0.454216 | activation_var(mean/min/max)=0.228317/0.0078717/0.421628
Epoch 293/834 | samples=1542 | steps=6 | train_objective=0.00470196 | training_physical_mse=0.00187105 | validation_physical_mse=0.00202462 | lr=0.001 | configured_lr=0.001 | grad_rms=0.415433 | activation_var(mean/min/max)=0.225545/0.00781736/0.416242
Epoch 294/834 | samples=1542 | steps=6 | train_objective=0.00456967 | training_physical_mse=0.00181257 | validation_physical_mse=0.00183498 | lr=0.001 | configured_lr=0.001 | grad_rms=0.514749 | activation_var(mean/min/max)=0.230184/0.00782152/0.425077
Epoch 295/834 | samples=1542 | steps=6 | train_objective=0.0046181 | training_physical_mse=0.00202864 | validation_physical_mse=0.00218533 | lr=0.001 | configured_lr=0.001 | grad_rms=0.425798 | activation_var(mean/min/max)=0.228966/0.00784137/0.422507
Epoch 296/834 | samples=1542 | steps=6 | train_objective=0.0047342 | training_physical_mse=0.00212584 | validation_physical_mse=0.00206481 | lr=0.001 | configured_lr=0.001 | grad_rms=0.326389 | activation_var(mean/min/max)=0.233104/0.00791415/0.430317
Epoch 297/834 | samples=1542 | steps=6 | train_objective=0.00499562 | training_physical_mse=0.00169076 | validation_physical_mse=0.0017912 | lr=0.001 | configured_lr=0.001 | grad_rms=0.633367 | activation_var(mean/min/max)=0.227071/0.00783782/0.419123
Epoch 298/834 | samples=1542 | steps=6 | train_objective=0.00509081 | training_physical_mse=0.00239623 | validation_physical_mse=0.00271889 | lr=0.001 | configured_lr=0.001 | grad_rms=0.286763 | activation_var(mean/min/max)=0.238051/0.00790329/0.440669
Epoch 299/834 | samples=1542 | steps=6 | train_objective=0.00581857 | training_physical_mse=0.00207141 | validation_physical_mse=0.00222849 | lr=0.001 | configured_lr=0.001 | grad_rms=0.666594 | activation_var(mean/min/max)=0.227941/0.00778261/0.421221
Epoch 300/834 | samples=1542 | steps=6 | train_objective=0.00578472 | training_physical_mse=0.00252851 | validation_physical_mse=0.00263111 | lr=0.001 | configured_lr=0.001 | grad_rms=0.970629 | activation_var(mean/min/max)=0.229526/0.00783823/0.424076
Epoch 301/834 | samples=1542 | steps=6 | train_objective=0.00560257 | training_physical_mse=0.00200713 | validation_physical_mse=0.00211053 | lr=0.001 | configured_lr=0.001 | grad_rms=0.944694 | activation_var(mean/min/max)=0.224393/0.00771161/0.414386
Epoch 302/834 | samples=1542 | steps=6 | train_objective=0.00593276 | training_physical_mse=0.00175837 | validation_physical_mse=0.00164275 | lr=0.001 | configured_lr=0.001 | grad_rms=1.03088 | activation_var(mean/min/max)=0.236041/0.00782445/0.437006
Epoch 303/834 | samples=1542 | steps=6 | train_objective=0.00505875 | training_physical_mse=0.00154944 | validation_physical_mse=0.00149058 | lr=0.001 | configured_lr=0.001 | grad_rms=0.581075 | activation_var(mean/min/max)=0.227649/0.0078201/0.420558
Epoch 304/834 | samples=1542 | steps=6 | train_objective=0.00498356 | training_physical_mse=0.00237324 | validation_physical_mse=0.00249779 | lr=0.001 | configured_lr=0.001 | grad_rms=0.351497 | activation_var(mean/min/max)=0.225453/0.00778572/0.415986
Epoch 305/834 | samples=1542 | steps=6 | train_objective=0.00514678 | training_physical_mse=0.00197901 | validation_physical_mse=0.00229657 | lr=0.001 | configured_lr=0.001 | grad_rms=0.474468 | activation_var(mean/min/max)=0.228205/0.00775839/0.42153
Epoch 306/834 | samples=1542 | steps=6 | train_objective=0.00517967 | training_physical_mse=0.00256595 | validation_physical_mse=0.00261673 | lr=0.001 | configured_lr=0.001 | grad_rms=0.595095 | activation_var(mean/min/max)=0.232189/0.0077853/0.429385
Epoch 307/834 | samples=1542 | steps=6 | train_objective=0.00644778 | training_physical_mse=0.00231655 | validation_physical_mse=0.00250441 | lr=0.001 | configured_lr=0.001 | grad_rms=0.963527 | activation_var(mean/min/max)=0.223116/0.00767807/0.412205
Epoch 308/834 | samples=1542 | steps=6 | train_objective=0.00606626 | training_physical_mse=0.00188735 | validation_physical_mse=0.00174839 | lr=0.001 | configured_lr=0.001 | grad_rms=0.705218 | activation_var(mean/min/max)=0.232362/0.00770484/0.430519
Epoch 309/834 | samples=1542 | steps=6 | train_objective=0.00543156 | training_physical_mse=0.00220477 | validation_physical_mse=0.00210905 | lr=0.001 | configured_lr=0.001 | grad_rms=0.70784 | activation_var(mean/min/max)=0.217416/0.007555/0.401162
Epoch 310/834 | samples=1542 | steps=6 | train_objective=0.0065077 | training_physical_mse=0.0019699 | validation_physical_mse=0.00206671 | lr=0.001 | configured_lr=0.001 | grad_rms=1.08551 | activation_var(mean/min/max)=0.213683/0.00739436/0.394116
Epoch 311/834 | samples=1542 | steps=6 | train_objective=0.00543204 | training_physical_mse=0.00209263 | validation_physical_mse=0.00199301 | lr=0.001 | configured_lr=0.001 | grad_rms=0.682105 | activation_var(mean/min/max)=0.232449/0.00747303/0.431066
Epoch 312/834 | samples=1542 | steps=6 | train_objective=0.00522618 | training_physical_mse=0.0020336 | validation_physical_mse=0.00204631 | lr=0.001 | configured_lr=0.001 | grad_rms=0.795962 | activation_var(mean/min/max)=0.216355/0.00737917/0.399413
Epoch 313/834 | samples=1542 | steps=6 | train_objective=0.00461229 | training_physical_mse=0.00173612 | validation_physical_mse=0.00177181 | lr=0.001 | configured_lr=0.001 | grad_rms=0.39686 | activation_var(mean/min/max)=0.215038/0.00743599/0.396639
Epoch 314/834 | samples=1542 | steps=6 | train_objective=0.00559269 | training_physical_mse=0.00261456 | validation_physical_mse=0.00218871 | lr=0.001 | configured_lr=0.001 | grad_rms=0.734096 | activation_var(mean/min/max)=0.219317/0.00743133/0.404645
Epoch 315/834 | samples=1542 | steps=6 | train_objective=0.00532064 | training_physical_mse=0.00183581 | validation_physical_mse=0.00187006 | lr=0.001 | configured_lr=0.001 | grad_rms=0.76927 | activation_var(mean/min/max)=0.218772/0.00741702/0.403501
Epoch 316/834 | samples=1542 | steps=6 | train_objective=0.00491219 | training_physical_mse=0.00206302 | validation_physical_mse=0.00236136 | lr=0.001 | configured_lr=0.001 | grad_rms=0.58063 | activation_var(mean/min/max)=0.216985/0.00742682/0.400109
Epoch 317/834 | samples=1542 | steps=6 | train_objective=0.00491414 | training_physical_mse=0.0017482 | validation_physical_mse=0.00195263 | lr=0.001 | configured_lr=0.001 | grad_rms=0.507731 | activation_var(mean/min/max)=0.22191/0.00741275/0.409888
Epoch 318/834 | samples=1542 | steps=6 | train_objective=0.00511277 | training_physical_mse=0.00309913 | validation_physical_mse=0.00312277 | lr=0.001 | configured_lr=0.001 | grad_rms=0.571476 | activation_var(mean/min/max)=0.215285/0.00729785/0.396651
Epoch 319/834 | samples=1542 | steps=6 | train_objective=0.00639029 | training_physical_mse=0.00152581 | validation_physical_mse=0.00154314 | lr=0.001 | configured_lr=0.001 | grad_rms=0.923572 | activation_var(mean/min/max)=0.206432/0.00727046/0.379202
Epoch 320/834 | samples=1542 | steps=6 | train_objective=0.00502679 | training_physical_mse=0.00170122 | validation_physical_mse=0.00165283 | lr=0.001 | configured_lr=0.001 | grad_rms=0.714558 | activation_var(mean/min/max)=0.206652/0.00721633/0.379451
Epoch 321/834 | samples=1542 | steps=6 | train_objective=0.00466402 | training_physical_mse=0.00160461 | validation_physical_mse=0.0014754 | lr=0.001 | configured_lr=0.001 | grad_rms=0.456124 | activation_var(mean/min/max)=0.213489/0.00719821/0.393063
Epoch 322/834 | samples=1542 | steps=6 | train_objective=0.00488935 | training_physical_mse=0.0017558 | validation_physical_mse=0.00180827 | lr=0.001 | configured_lr=0.001 | grad_rms=0.492051 | activation_var(mean/min/max)=0.210082/0.00714187/0.386688
Epoch 323/834 | samples=1542 | steps=6 | train_objective=0.00506674 | training_physical_mse=0.0015452 | validation_physical_mse=0.00159761 | lr=0.001 | configured_lr=0.001 | grad_rms=0.68484 | activation_var(mean/min/max)=0.214944/0.0071527/0.39647
Epoch 324/834 | samples=1542 | steps=6 | train_objective=0.0047879 | training_physical_mse=0.00169549 | validation_physical_mse=0.00189697 | lr=0.001 | configured_lr=0.001 | grad_rms=0.442768 | activation_var(mean/min/max)=0.208271/0.00711399/0.383656
Epoch 325/834 | samples=1542 | steps=6 | train_objective=0.00472692 | training_physical_mse=0.00145317 | validation_physical_mse=0.00156838 | lr=0.001 | configured_lr=0.001 | grad_rms=0.671793 | activation_var(mean/min/max)=0.21494/0.0070846/0.397545
Epoch 326/834 | samples=1542 | steps=6 | train_objective=0.00464296 | training_physical_mse=0.00177092 | validation_physical_mse=0.00170717 | lr=0.001 | configured_lr=0.001 | grad_rms=0.710076 | activation_var(mean/min/max)=0.213504/0.00710234/0.394257
Epoch 327/834 | samples=1542 | steps=6 | train_objective=0.00457941 | training_physical_mse=0.00152724 | validation_physical_mse=0.00143669 | lr=0.001 | configured_lr=0.001 | grad_rms=0.4055 | activation_var(mean/min/max)=0.213108/0.0071575/0.393066
Epoch 328/834 | samples=1542 | steps=6 | train_objective=0.00448426 | training_physical_mse=0.0014489 | validation_physical_mse=0.00154134 | lr=0.001 | configured_lr=0.001 | grad_rms=0.375152 | activation_var(mean/min/max)=0.212229/0.00719473/0.391137
Epoch 329/834 | samples=1542 | steps=6 | train_objective=0.00423025 | training_physical_mse=0.00147719 | validation_physical_mse=0.00152952 | lr=0.001 | configured_lr=0.001 | grad_rms=0.372178 | activation_var(mean/min/max)=0.208075/0.00714539/0.382946
Epoch 330/834 | samples=1542 | steps=6 | train_objective=0.00445173 | training_physical_mse=0.00164731 | validation_physical_mse=0.00172199 | lr=0.001 | configured_lr=0.001 | grad_rms=0.495056 | activation_var(mean/min/max)=0.212732/0.00718214/0.392176
Epoch 331/834 | samples=1542 | steps=6 | train_objective=0.00442067 | training_physical_mse=0.00225356 | validation_physical_mse=0.00211067 | lr=0.001 | configured_lr=0.001 | grad_rms=0.484614 | activation_var(mean/min/max)=0.202869/0.00716968/0.372441
Epoch 332/834 | samples=1542 | steps=6 | train_objective=0.00521444 | training_physical_mse=0.00152177 | validation_physical_mse=0.00152924 | lr=0.001 | configured_lr=0.001 | grad_rms=0.794817 | activation_var(mean/min/max)=0.210088/0.00722965/0.386478
Epoch 333/834 | samples=1542 | steps=6 | train_objective=0.00516685 | training_physical_mse=0.00195128 | validation_physical_mse=0.00206183 | lr=0.001 | configured_lr=0.001 | grad_rms=0.643133 | activation_var(mean/min/max)=0.210931/0.00712327/0.388975
Epoch 334/834 | samples=1542 | steps=6 | train_objective=0.00467437 | training_physical_mse=0.00165758 | validation_physical_mse=0.00160207 | lr=0.001 | configured_lr=0.001 | grad_rms=0.476612 | activation_var(mean/min/max)=0.203698/0.00705736/0.375042
Epoch 335/834 | samples=1542 | steps=6 | train_objective=0.00538636 | training_physical_mse=0.00156343 | validation_physical_mse=0.0016701 | lr=0.001 | configured_lr=0.001 | grad_rms=0.675917 | activation_var(mean/min/max)=0.209782/0.00710394/0.38703
Epoch 336/834 | samples=1542 | steps=6 | train_objective=0.00440459 | training_physical_mse=0.00157649 | validation_physical_mse=0.00181311 | lr=0.001 | configured_lr=0.001 | grad_rms=0.393079 | activation_var(mean/min/max)=0.200123/0.0070501/0.367678
Epoch 337/834 | samples=1542 | steps=6 | train_objective=0.00439851 | training_physical_mse=0.0020533 | validation_physical_mse=0.00220616 | lr=0.001 | configured_lr=0.001 | grad_rms=0.553318 | activation_var(mean/min/max)=0.204693/0.00700371/0.377232
Epoch 338/834 | samples=1542 | steps=6 | train_objective=0.00480159 | training_physical_mse=0.00179027 | validation_physical_mse=0.00188659 | lr=0.001 | configured_lr=0.001 | grad_rms=0.698398 | activation_var(mean/min/max)=0.208542/0.00698273/0.384863
Epoch 339/834 | samples=1542 | steps=6 | train_objective=0.00504959 | training_physical_mse=0.00168311 | validation_physical_mse=0.00172876 | lr=0.001 | configured_lr=0.001 | grad_rms=0.850143 | activation_var(mean/min/max)=0.200852/0.0069769/0.369301
Epoch 340/834 | samples=1542 | steps=6 | train_objective=0.00445203 | training_physical_mse=0.00154157 | validation_physical_mse=0.00154945 | lr=0.001 | configured_lr=0.001 | grad_rms=0.559588 | activation_var(mean/min/max)=0.206631/0.00696192/0.38106
Epoch 341/834 | samples=1542 | steps=6 | train_objective=0.00506046 | training_physical_mse=0.00232411 | validation_physical_mse=0.00266872 | lr=0.001 | configured_lr=0.001 | grad_rms=0.874648 | activation_var(mean/min/max)=0.203172/0.00701819/0.373457
Epoch 342/834 | samples=1542 | steps=6 | train_objective=0.00508422 | training_physical_mse=0.00231168 | validation_physical_mse=0.00281962 | lr=0.001 | configured_lr=0.001 | grad_rms=0.730167 | activation_var(mean/min/max)=0.206117/0.00702417/0.379668
Epoch 343/834 | samples=1542 | steps=6 | train_objective=0.00534047 | training_physical_mse=0.00158972 | validation_physical_mse=0.00185338 | lr=0.001 | configured_lr=0.001 | grad_rms=0.562369 | activation_var(mean/min/max)=0.205871/0.00699091/0.379778
Epoch 344/834 | samples=1542 | steps=6 | train_objective=0.0050016 | training_physical_mse=0.00206666 | validation_physical_mse=0.00206639 | lr=0.001 | configured_lr=0.001 | grad_rms=0.719961 | activation_var(mean/min/max)=0.205213/0.00688488/0.378764
Epoch 345/834 | samples=1542 | steps=6 | train_objective=0.00485021 | training_physical_mse=0.00201006 | validation_physical_mse=0.0022218 | lr=0.001 | configured_lr=0.001 | grad_rms=0.767607 | activation_var(mean/min/max)=0.204753/0.00690141/0.377691
Epoch 346/834 | samples=1542 | steps=6 | train_objective=0.0049667 | training_physical_mse=0.00142044 | validation_physical_mse=0.0015607 | lr=0.001 | configured_lr=0.001 | grad_rms=0.812323 | activation_var(mean/min/max)=0.205111/0.00692345/0.378725
Epoch 347/834 | samples=1542 | steps=6 | train_objective=0.00508783 | training_physical_mse=0.00148578 | validation_physical_mse=0.0015664 | lr=0.001 | configured_lr=0.001 | grad_rms=1.05634 | activation_var(mean/min/max)=0.200288/0.00688226/0.368743
Epoch 348/834 | samples=1542 | steps=6 | train_objective=0.00483636 | training_physical_mse=0.00149151 | validation_physical_mse=0.00162263 | lr=0.001 | configured_lr=0.001 | grad_rms=0.880033 | activation_var(mean/min/max)=0.204853/0.00693797/0.377294
Epoch 349/834 | samples=1542 | steps=6 | train_objective=0.00465285 | training_physical_mse=0.00196223 | validation_physical_mse=0.00212885 | lr=0.001 | configured_lr=0.001 | grad_rms=0.719353 | activation_var(mean/min/max)=0.199292/0.00703315/0.365678
Epoch 350/834 | samples=1542 | steps=6 | train_objective=0.00499784 | training_physical_mse=0.0017931 | validation_physical_mse=0.00199862 | lr=0.001 | configured_lr=0.001 | grad_rms=0.951766 | activation_var(mean/min/max)=0.198958/0.00700319/0.365529
Epoch 351/834 | samples=1542 | steps=6 | train_objective=0.00498242 | training_physical_mse=0.00287883 | validation_physical_mse=0.00304025 | lr=0.001 | configured_lr=0.001 | grad_rms=0.661052 | activation_var(mean/min/max)=0.215352/0.00700082/0.398319
Epoch 352/834 | samples=1542 | steps=6 | train_objective=0.00682695 | training_physical_mse=0.00343196 | validation_physical_mse=0.00329758 | lr=0.001 | configured_lr=0.001 | grad_rms=1.02538 | activation_var(mean/min/max)=0.195253/0.00694795/0.358463
Epoch 353/834 | samples=1542 | steps=6 | train_objective=0.00814467 | training_physical_mse=0.00357183 | validation_physical_mse=0.00379702 | lr=0.001 | configured_lr=0.001 | grad_rms=1.08115 | activation_var(mean/min/max)=0.196174/0.00685443/0.360525
Epoch 354/834 | samples=1542 | steps=6 | train_objective=0.00694894 | training_physical_mse=0.0021929 | validation_physical_mse=0.00233825 | lr=0.001 | configured_lr=0.001 | grad_rms=0.970937 | activation_var(mean/min/max)=0.193114/0.00672371/0.355489
Epoch 355/834 | samples=1542 | steps=6 | train_objective=0.00536805 | training_physical_mse=0.00209133 | validation_physical_mse=0.00224779 | lr=0.001 | configured_lr=0.001 | grad_rms=0.426407 | activation_var(mean/min/max)=0.196728/0.0067461/0.363346
Epoch 356/834 | samples=1542 | steps=6 | train_objective=0.00608232 | training_physical_mse=0.00212204 | validation_physical_mse=0.00214555 | lr=0.001 | configured_lr=0.001 | grad_rms=0.590284 | activation_var(mean/min/max)=0.19717/0.00672815/0.364177
Epoch 357/834 | samples=1542 | steps=6 | train_objective=0.00504892 | training_physical_mse=0.00185724 | validation_physical_mse=0.00193493 | lr=0.001 | configured_lr=0.001 | grad_rms=0.40958 | activation_var(mean/min/max)=0.186956/0.00661399/0.343873
Epoch 358/834 | samples=1542 | steps=6 | train_objective=0.00585256 | training_physical_mse=0.00177956 | validation_physical_mse=0.00188948 | lr=0.001 | configured_lr=0.001 | grad_rms=1.06571 | activation_var(mean/min/max)=0.191305/0.00655693/0.352693
Epoch 359/834 | samples=1542 | steps=6 | train_objective=0.00509387 | training_physical_mse=0.0016551 | validation_physical_mse=0.00196857 | lr=0.001 | configured_lr=0.001 | grad_rms=0.777295 | activation_var(mean/min/max)=0.189242/0.00654657/0.348247
Epoch 360/834 | samples=1542 | steps=6 | train_objective=0.00490775 | training_physical_mse=0.00155452 | validation_physical_mse=0.0018465 | lr=0.001 | configured_lr=0.001 | grad_rms=0.734594 | activation_var(mean/min/max)=0.190048/0.00651104/0.349604
Epoch 361/834 | samples=1542 | steps=6 | train_objective=0.00540206 | training_physical_mse=0.001869 | validation_physical_mse=0.0017043 | lr=0.001 | configured_lr=0.001 | grad_rms=0.932872 | activation_var(mean/min/max)=0.192171/0.00657349/0.353171
Epoch 362/834 | samples=1542 | steps=6 | train_objective=0.00484596 | training_physical_mse=0.0015418 | validation_physical_mse=0.00165073 | lr=0.001 | configured_lr=0.001 | grad_rms=0.561283 | activation_var(mean/min/max)=0.190769/0.00652676/0.351218
Epoch 363/834 | samples=1542 | steps=6 | train_objective=0.0045048 | training_physical_mse=0.00166722 | validation_physical_mse=0.00192967 | lr=0.001 | configured_lr=0.001 | grad_rms=0.627766 | activation_var(mean/min/max)=0.19224/0.00661006/0.35401
Epoch 364/834 | samples=1542 | steps=6 | train_objective=0.00508961 | training_physical_mse=0.00242456 | validation_physical_mse=0.00244848 | lr=0.001 | configured_lr=0.001 | grad_rms=0.849488 | activation_var(mean/min/max)=0.188865/0.00653854/0.347458
Epoch 365/834 | samples=1542 | steps=6 | train_objective=0.00508101 | training_physical_mse=0.00161756 | validation_physical_mse=0.00176732 | lr=0.001 | configured_lr=0.001 | grad_rms=0.812277 | activation_var(mean/min/max)=0.191017/0.00660488/0.351145
Epoch 366/834 | samples=1542 | steps=6 | train_objective=0.00455238 | training_physical_mse=0.00167463 | validation_physical_mse=0.00182257 | lr=0.001 | configured_lr=0.001 | grad_rms=0.657711 | activation_var(mean/min/max)=0.184571/0.0065829/0.338181
Epoch 367/834 | samples=1542 | steps=6 | train_objective=0.00444488 | training_physical_mse=0.00171712 | validation_physical_mse=0.00179477 | lr=0.001 | configured_lr=0.001 | grad_rms=0.630612 | activation_var(mean/min/max)=0.18884/0.00664507/0.346336
Epoch 368/834 | samples=1542 | steps=6 | train_objective=0.00464381 | training_physical_mse=0.00174702 | validation_physical_mse=0.00187573 | lr=0.001 | configured_lr=0.001 | grad_rms=0.680144 | activation_var(mean/min/max)=0.186978/0.00654096/0.343232
Epoch 369/834 | samples=1542 | steps=6 | train_objective=0.00449507 | training_physical_mse=0.00156085 | validation_physical_mse=0.00184554 | lr=0.001 | configured_lr=0.001 | grad_rms=0.658177 | activation_var(mean/min/max)=0.18842/0.00663794/0.345737
Epoch 370/834 | samples=1542 | steps=6 | train_objective=0.00444797 | training_physical_mse=0.00152302 | validation_physical_mse=0.00160148 | lr=0.001 | configured_lr=0.001 | grad_rms=0.307762 | activation_var(mean/min/max)=0.185341/0.00658123/0.339762
Epoch 371/834 | samples=1542 | steps=6 | train_objective=0.00482025 | training_physical_mse=0.00181954 | validation_physical_mse=0.00158171 | lr=0.001 | configured_lr=0.001 | grad_rms=0.422789 | activation_var(mean/min/max)=0.193698/0.00658981/0.356892
Epoch 372/834 | samples=1542 | steps=6 | train_objective=0.00528936 | training_physical_mse=0.00175197 | validation_physical_mse=0.00180672 | lr=0.001 | configured_lr=0.001 | grad_rms=0.814065 | activation_var(mean/min/max)=0.188999/0.00648866/0.348554
Epoch 373/834 | samples=1542 | steps=6 | train_objective=0.00488894 | training_physical_mse=0.00183442 | validation_physical_mse=0.00235368 | lr=0.001 | configured_lr=0.001 | grad_rms=0.662853 | activation_var(mean/min/max)=0.185427/0.00642524/0.341486
Epoch 374/834 | samples=1542 | steps=6 | train_objective=0.00466168 | training_physical_mse=0.00185314 | validation_physical_mse=0.00194545 | lr=0.001 | configured_lr=0.001 | grad_rms=0.721146 | activation_var(mean/min/max)=0.193253/0.00639081/0.3567
Epoch 375/834 | samples=1542 | steps=6 | train_objective=0.00471884 | training_physical_mse=0.00145137 | validation_physical_mse=0.00190313 | lr=0.001 | configured_lr=0.001 | grad_rms=0.826104 | activation_var(mean/min/max)=0.183928/0.00631572/0.338406
Epoch 376/834 | samples=1542 | steps=6 | train_objective=0.00438319 | training_physical_mse=0.00178204 | validation_physical_mse=0.00172565 | lr=0.001 | configured_lr=0.001 | grad_rms=0.547199 | activation_var(mean/min/max)=0.187733/0.00632227/0.345929
Epoch 377/834 | samples=1542 | steps=6 | train_objective=0.00446551 | training_physical_mse=0.00139006 | validation_physical_mse=0.00156783 | lr=0.001 | configured_lr=0.001 | grad_rms=0.691608 | activation_var(mean/min/max)=0.185257/0.00635406/0.341264
Epoch 378/834 | samples=1542 | steps=6 | train_objective=0.00418115 | training_physical_mse=0.0013241 | validation_physical_mse=0.00135045 | lr=0.001 | configured_lr=0.001 | grad_rms=0.388749 | activation_var(mean/min/max)=0.185169/0.00636046/0.340918
Epoch 379/834 | samples=1542 | steps=6 | train_objective=0.00417005 | training_physical_mse=0.00127654 | validation_physical_mse=0.00146857 | lr=0.001 | configured_lr=0.001 | grad_rms=0.455266 | activation_var(mean/min/max)=0.186802/0.00633299/0.344169
Epoch 380/834 | samples=1542 | steps=6 | train_objective=0.00425841 | training_physical_mse=0.00163237 | validation_physical_mse=0.00166428 | lr=0.001 | configured_lr=0.001 | grad_rms=0.660543 | activation_var(mean/min/max)=0.18425/0.00631373/0.339231
Epoch 381/834 | samples=1542 | steps=6 | train_objective=0.00434883 | training_physical_mse=0.00150229 | validation_physical_mse=0.00176389 | lr=0.001 | configured_lr=0.001 | grad_rms=0.452428 | activation_var(mean/min/max)=0.182499/0.00633479/0.335753
Epoch 382/834 | samples=1542 | steps=6 | train_objective=0.00445502 | training_physical_mse=0.00150419 | validation_physical_mse=0.00128916 | lr=0.001 | configured_lr=0.001 | grad_rms=0.804328 | activation_var(mean/min/max)=0.181132/0.00633056/0.333148
Epoch 383/834 | samples=1542 | steps=6 | train_objective=0.00404137 | training_physical_mse=0.00122195 | validation_physical_mse=0.00135271 | lr=0.001 | configured_lr=0.001 | grad_rms=0.440031 | activation_var(mean/min/max)=0.184011/0.00631504/0.339221
Epoch 384/834 | samples=1542 | steps=6 | train_objective=0.00420944 | training_physical_mse=0.00171884 | validation_physical_mse=0.00166024 | lr=0.001 | configured_lr=0.001 | grad_rms=0.373258 | activation_var(mean/min/max)=0.184535/0.00633311/0.340516
Epoch 385/834 | samples=1542 | steps=6 | train_objective=0.00461775 | training_physical_mse=0.00190553 | validation_physical_mse=0.00188728 | lr=0.001 | configured_lr=0.001 | grad_rms=0.799398 | activation_var(mean/min/max)=0.182167/0.00631115/0.335932
Epoch 386/834 | samples=1542 | steps=6 | train_objective=0.00495522 | training_physical_mse=0.00215949 | validation_physical_mse=0.0020633 | lr=0.001 | configured_lr=0.001 | grad_rms=0.823318 | activation_var(mean/min/max)=0.182782/0.00627023/0.337301
Epoch 387/834 | samples=1542 | steps=6 | train_objective=0.0048794 | training_physical_mse=0.00218108 | validation_physical_mse=0.0023211 | lr=0.001 | configured_lr=0.001 | grad_rms=0.846739 | activation_var(mean/min/max)=0.181738/0.00625918/0.335024
Epoch 388/834 | samples=1542 | steps=6 | train_objective=0.0054931 | training_physical_mse=0.00170084 | validation_physical_mse=0.00194635 | lr=0.001 | configured_lr=0.001 | grad_rms=0.956361 | activation_var(mean/min/max)=0.177557/0.00619195/0.32727
Epoch 389/834 | samples=1542 | steps=6 | train_objective=0.00438522 | training_physical_mse=0.00199963 | validation_physical_mse=0.00233299 | lr=0.001 | configured_lr=0.001 | grad_rms=0.708554 | activation_var(mean/min/max)=0.184625/0.00623994/0.34169
Epoch 390/834 | samples=1542 | steps=6 | train_objective=0.00459181 | training_physical_mse=0.00176499 | validation_physical_mse=0.00174975 | lr=0.001 | configured_lr=0.001 | grad_rms=0.573882 | activation_var(mean/min/max)=0.17937/0.00618255/0.331249
Epoch 391/834 | samples=1542 | steps=6 | train_objective=0.0047583 | training_physical_mse=0.00156677 | validation_physical_mse=0.00160526 | lr=0.001 | configured_lr=0.001 | grad_rms=0.788377 | activation_var(mean/min/max)=0.181206/0.00620817/0.334417
Epoch 392/834 | samples=1542 | steps=6 | train_objective=0.00415965 | training_physical_mse=0.00163235 | validation_physical_mse=0.00137806 | lr=0.001 | configured_lr=0.001 | grad_rms=0.497017 | activation_var(mean/min/max)=0.178985/0.00611215/0.330035
Epoch 393/834 | samples=1542 | steps=6 | train_objective=0.00422916 | training_physical_mse=0.00145652 | validation_physical_mse=0.00152652 | lr=0.001 | configured_lr=0.001 | grad_rms=0.597589 | activation_var(mean/min/max)=0.179312/0.00613709/0.330411
Epoch 394/834 | samples=1542 | steps=6 | train_objective=0.00463084 | training_physical_mse=0.00210677 | validation_physical_mse=0.00217866 | lr=0.001 | configured_lr=0.001 | grad_rms=1.06379 | activation_var(mean/min/max)=0.176314/0.00607633/0.324732
Epoch 395/834 | samples=1542 | steps=6 | train_objective=0.00545854 | training_physical_mse=0.00293771 | validation_physical_mse=0.00334314 | lr=0.001 | configured_lr=0.001 | grad_rms=1.02464 | activation_var(mean/min/max)=0.182187/0.00619737/0.335979
Epoch 396/834 | samples=1542 | steps=6 | train_objective=0.00570037 | training_physical_mse=0.00353519 | validation_physical_mse=0.0040369 | lr=0.001 | configured_lr=0.001 | grad_rms=1.05711 | activation_var(mean/min/max)=0.185554/0.00614922/0.344077
Epoch 397/834 | samples=1542 | steps=6 | train_objective=0.00701949 | training_physical_mse=0.00300326 | validation_physical_mse=0.00287406 | lr=0.001 | configured_lr=0.001 | grad_rms=0.876539 | activation_var(mean/min/max)=0.184112/0.00611223/0.340824
Epoch 398/834 | samples=1542 | steps=6 | train_objective=0.00608541 | training_physical_mse=0.00224032 | validation_physical_mse=0.00221805 | lr=0.001 | configured_lr=0.001 | grad_rms=0.980397 | activation_var(mean/min/max)=0.17898/0.00602431/0.331882
Epoch 399/834 | samples=1542 | steps=6 | train_objective=0.00608923 | training_physical_mse=0.00265122 | validation_physical_mse=0.00318812 | lr=0.001 | configured_lr=0.001 | grad_rms=1.18181 | activation_var(mean/min/max)=0.182328/0.00609172/0.337983
Epoch 400/834 | samples=1542 | steps=6 | train_objective=0.00598172 | training_physical_mse=0.00223345 | validation_physical_mse=0.00230277 | lr=0.001 | configured_lr=0.001 | grad_rms=0.842955 | activation_var(mean/min/max)=0.180093/0.00605256/0.33276
Epoch 401/834 | samples=1542 | steps=6 | train_objective=0.00507529 | training_physical_mse=0.00199186 | validation_physical_mse=0.00204358 | lr=0.001 | configured_lr=0.001 | grad_rms=0.55641 | activation_var(mean/min/max)=0.173485/0.00610068/0.318995
Epoch 402/834 | samples=1542 | steps=6 | train_objective=0.00459597 | training_physical_mse=0.00170389 | validation_physical_mse=0.00190335 | lr=0.001 | configured_lr=0.001 | grad_rms=0.704577 | activation_var(mean/min/max)=0.171325/0.00604332/0.314728
Epoch 403/834 | samples=1542 | steps=6 | train_objective=0.00402793 | training_physical_mse=0.00141484 | validation_physical_mse=0.00163521 | lr=0.001 | configured_lr=0.001 | grad_rms=0.463123 | activation_var(mean/min/max)=0.179201/0.00609441/0.329547
Epoch 404/834 | samples=1542 | steps=6 | train_objective=0.00428208 | training_physical_mse=0.00218405 | validation_physical_mse=0.00234862 | lr=0.001 | configured_lr=0.001 | grad_rms=0.5841 | activation_var(mean/min/max)=0.177813/0.00609279/0.326631
Epoch 405/834 | samples=1542 | steps=6 | train_objective=0.00515053 | training_physical_mse=0.00227043 | validation_physical_mse=0.00179863 | lr=0.001 | configured_lr=0.001 | grad_rms=0.745045 | activation_var(mean/min/max)=0.175681/0.00612479/0.3226
Epoch 406/834 | samples=1542 | steps=6 | train_objective=0.00543459 | training_physical_mse=0.00239934 | validation_physical_mse=0.00229622 | lr=0.001 | configured_lr=0.001 | grad_rms=1.25413 | activation_var(mean/min/max)=0.172024/0.00600378/0.316445
Epoch 407/834 | samples=1542 | steps=6 | train_objective=0.00486868 | training_physical_mse=0.00225013 | validation_physical_mse=0.00251335 | lr=0.001 | configured_lr=0.001 | grad_rms=1.02589 | activation_var(mean/min/max)=0.179076/0.00607007/0.330127
Epoch 408/834 | samples=1542 | steps=6 | train_objective=0.00477909 | training_physical_mse=0.00133736 | validation_physical_mse=0.00151691 | lr=0.001 | configured_lr=0.001 | grad_rms=0.847738 | activation_var(mean/min/max)=0.175321/0.00607614/0.322607
Epoch 409/834 | samples=1542 | steps=6 | train_objective=0.00444764 | training_physical_mse=0.00216401 | validation_physical_mse=0.00220053 | lr=0.001 | configured_lr=0.001 | grad_rms=0.812068 | activation_var(mean/min/max)=0.173641/0.00599146/0.319692
Epoch 410/834 | samples=1542 | steps=6 | train_objective=0.00515538 | training_physical_mse=0.00265913 | validation_physical_mse=0.00277864 | lr=0.001 | configured_lr=0.001 | grad_rms=1.04722 | activation_var(mean/min/max)=0.175756/0.0060977/0.323294
Epoch 411/834 | samples=1542 | steps=6 | train_objective=0.00541569 | training_physical_mse=0.00168195 | validation_physical_mse=0.00162956 | lr=0.001 | configured_lr=0.001 | grad_rms=1.08012 | activation_var(mean/min/max)=0.172249/0.00614954/0.316311
Epoch 412/834 | samples=1542 | steps=6 | train_objective=0.0045813 | training_physical_mse=0.00125451 | validation_physical_mse=0.00145183 | lr=0.001 | configured_lr=0.001 | grad_rms=0.694585 | activation_var(mean/min/max)=0.175522/0.00599574/0.323649
Epoch 413/834 | samples=1542 | steps=6 | train_objective=0.00438322 | training_physical_mse=0.00205299 | validation_physical_mse=0.00191289 | lr=0.001 | configured_lr=0.001 | grad_rms=0.662308 | activation_var(mean/min/max)=0.171112/0.00593307/0.315391
Epoch 414/834 | samples=1542 | steps=6 | train_objective=0.00448764 | training_physical_mse=0.00145058 | validation_physical_mse=0.00141961 | lr=0.001 | configured_lr=0.001 | grad_rms=0.878839 | activation_var(mean/min/max)=0.169475/0.00602717/0.311435
Epoch 415/834 | samples=1542 | steps=6 | train_objective=0.00446799 | training_physical_mse=0.00147548 | validation_physical_mse=0.00151493 | lr=0.001 | configured_lr=0.001 | grad_rms=0.923269 | activation_var(mean/min/max)=0.168239/0.00589614/0.309233
Epoch 416/834 | samples=1542 | steps=6 | train_objective=0.00433346 | training_physical_mse=0.00139897 | validation_physical_mse=0.0016442 | lr=0.001 | configured_lr=0.001 | grad_rms=0.744459 | activation_var(mean/min/max)=0.176396/0.00594021/0.325495
Epoch 417/834 | samples=1542 | steps=6 | train_objective=0.00401599 | training_physical_mse=0.0014237 | validation_physical_mse=0.00151201 | lr=0.001 | configured_lr=0.001 | grad_rms=0.651665 | activation_var(mean/min/max)=0.16965/0.00594124/0.311892
Epoch 418/834 | samples=1542 | steps=6 | train_objective=0.00364666 | training_physical_mse=0.00106434 | validation_physical_mse=0.00119922 | lr=0.001 | configured_lr=0.001 | grad_rms=0.405522 | activation_var(mean/min/max)=0.170977/0.00592802/0.314633
Epoch 419/834 | samples=1542 | steps=6 | train_objective=0.00361859 | training_physical_mse=0.00137019 | validation_physical_mse=0.00145195 | lr=0.001 | configured_lr=0.001 | grad_rms=0.322362 | activation_var(mean/min/max)=0.173775/0.00592784/0.319858
Epoch 420/834 | samples=1542 | steps=6 | train_objective=0.00413782 | training_physical_mse=0.00143846 | validation_physical_mse=0.00157221 | lr=0.001 | configured_lr=0.001 | grad_rms=0.650788 | activation_var(mean/min/max)=0.176483/0.0059383/0.325115
Epoch 421/834 | samples=1542 | steps=6 | train_objective=0.00404678 | training_physical_mse=0.00104841 | validation_physical_mse=0.00108989 | lr=0.001 | configured_lr=0.001 | grad_rms=0.467474 | activation_var(mean/min/max)=0.168748/0.00594497/0.30977
Epoch 422/834 | samples=1542 | steps=6 | train_objective=0.00344921 | training_physical_mse=0.00110049 | validation_physical_mse=0.0012447 | lr=0.001 | configured_lr=0.001 | grad_rms=0.345551 | activation_var(mean/min/max)=0.171754/0.00591884/0.316014
Epoch 423/834 | samples=1542 | steps=6 | train_objective=0.00339349 | training_physical_mse=0.00110091 | validation_physical_mse=0.00122855 | lr=0.001 | configured_lr=0.001 | grad_rms=0.304878 | activation_var(mean/min/max)=0.175138/0.00592488/0.322676
Epoch 424/834 | samples=1542 | steps=6 | train_objective=0.00357271 | training_physical_mse=0.00141305 | validation_physical_mse=0.00148965 | lr=0.001 | configured_lr=0.001 | grad_rms=0.569544 | activation_var(mean/min/max)=0.171226/0.00592236/0.315154
Epoch 425/834 | samples=1542 | steps=6 | train_objective=0.00403863 | training_physical_mse=0.00110218 | validation_physical_mse=0.00118934 | lr=0.001 | configured_lr=0.001 | grad_rms=0.800424 | activation_var(mean/min/max)=0.172929/0.0059326/0.318553
Epoch 426/834 | samples=1542 | steps=6 | train_objective=0.00335838 | training_physical_mse=0.00105414 | validation_physical_mse=0.00117299 | lr=0.001 | configured_lr=0.001 | grad_rms=0.415822 | activation_var(mean/min/max)=0.174801/0.00596139/0.322034
Epoch 427/834 | samples=1542 | steps=6 | train_objective=0.00321561 | training_physical_mse=0.00146202 | validation_physical_mse=0.0015849 | lr=0.001 | configured_lr=0.001 | grad_rms=0.364423 | activation_var(mean/min/max)=0.168808/0.00594255/0.310091
Epoch 428/834 | samples=1542 | steps=6 | train_objective=0.00388414 | training_physical_mse=0.00142704 | validation_physical_mse=0.00145231 | lr=0.001 | configured_lr=0.001 | grad_rms=0.667369 | activation_var(mean/min/max)=0.174297/0.00597301/0.320992
Epoch 429/834 | samples=1542 | steps=6 | train_objective=0.00440833 | training_physical_mse=0.00163403 | validation_physical_mse=0.00158754 | lr=0.001 | configured_lr=0.001 | grad_rms=0.925278 | activation_var(mean/min/max)=0.175894/0.00596751/0.324501
Epoch 430/834 | samples=1542 | steps=6 | train_objective=0.00454187 | training_physical_mse=0.00111993 | validation_physical_mse=0.00130419 | lr=0.001 | configured_lr=0.001 | grad_rms=0.8256 | activation_var(mean/min/max)=0.16826/0.00584264/0.310367
Epoch 431/834 | samples=1542 | steps=6 | train_objective=0.00370696 | training_physical_mse=0.00109623 | validation_physical_mse=0.00126066 | lr=0.001 | configured_lr=0.001 | grad_rms=0.677877 | activation_var(mean/min/max)=0.172139/0.00590277/0.317866
Epoch 432/834 | samples=1542 | steps=6 | train_objective=0.00356775 | training_physical_mse=0.000980873 | validation_physical_mse=0.00107273 | lr=0.001 | configured_lr=0.001 | grad_rms=0.522212 | activation_var(mean/min/max)=0.175008/0.00592573/0.322674
Epoch 433/834 | samples=1542 | steps=6 | train_objective=0.00376819 | training_physical_mse=0.00107761 | validation_physical_mse=0.00112632 | lr=0.001 | configured_lr=0.001 | grad_rms=0.61246 | activation_var(mean/min/max)=0.168862/0.00595705/0.310606
Epoch 434/834 | samples=1542 | steps=6 | train_objective=0.00341087 | training_physical_mse=0.00139034 | validation_physical_mse=0.0018367 | lr=0.001 | configured_lr=0.001 | grad_rms=0.40978 | activation_var(mean/min/max)=0.171062/0.00591402/0.315423
Epoch 435/834 | samples=1542 | steps=6 | train_objective=0.00369276 | training_physical_mse=0.00139827 | validation_physical_mse=0.00157093 | lr=0.001 | configured_lr=0.001 | grad_rms=0.536588 | activation_var(mean/min/max)=0.175233/0.00592642/0.323535
Epoch 436/834 | samples=1542 | steps=6 | train_objective=0.0037245 | training_physical_mse=0.00120242 | validation_physical_mse=0.00131468 | lr=0.001 | configured_lr=0.001 | grad_rms=0.569587 | activation_var(mean/min/max)=0.167924/0.00588616/0.309038
Epoch 437/834 | samples=1542 | steps=6 | train_objective=0.00337567 | training_physical_mse=0.00112054 | validation_physical_mse=0.00143523 | lr=0.001 | configured_lr=0.001 | grad_rms=0.424008 | activation_var(mean/min/max)=0.169775/0.00588101/0.313001
Epoch 438/834 | samples=1542 | steps=6 | train_objective=0.0035091 | training_physical_mse=0.00151489 | validation_physical_mse=0.00168957 | lr=0.001 | configured_lr=0.001 | grad_rms=0.409261 | activation_var(mean/min/max)=0.173825/0.0058806/0.320875
Epoch 439/834 | samples=1542 | steps=6 | train_objective=0.00459897 | training_physical_mse=0.00144074 | validation_physical_mse=0.00153867 | lr=0.001 | configured_lr=0.001 | grad_rms=1.05602 | activation_var(mean/min/max)=0.167777/0.00585317/0.309202
Epoch 440/834 | samples=1542 | steps=6 | train_objective=0.00442352 | training_physical_mse=0.00108031 | validation_physical_mse=0.00109404 | lr=0.001 | configured_lr=0.001 | grad_rms=1.05642 | activation_var(mean/min/max)=0.163976/0.0058074/0.30208
Epoch 441/834 | samples=1542 | steps=6 | train_objective=0.00349381 | training_physical_mse=0.00168949 | validation_physical_mse=0.00171648 | lr=0.001 | configured_lr=0.001 | grad_rms=0.590234 | activation_var(mean/min/max)=0.173999/0.00592028/0.321495
Epoch 442/834 | samples=1542 | steps=6 | train_objective=0.00449799 | training_physical_mse=0.00110734 | validation_physical_mse=0.00117086 | lr=0.001 | configured_lr=0.001 | grad_rms=0.844472 | activation_var(mean/min/max)=0.170219/0.00588486/0.313669
Epoch 443/834 | samples=1542 | steps=6 | train_objective=0.0041403 | training_physical_mse=0.00130135 | validation_physical_mse=0.00134204 | lr=0.001 | configured_lr=0.001 | grad_rms=0.827837 | activation_var(mean/min/max)=0.162321/0.00587856/0.297693
Epoch 444/834 | samples=1542 | steps=6 | train_objective=0.0037181 | training_physical_mse=0.00100282 | validation_physical_mse=0.00108104 | lr=0.001 | configured_lr=0.001 | grad_rms=0.715281 | activation_var(mean/min/max)=0.178399/0.00592347/0.329661
Epoch 445/834 | samples=1542 | steps=6 | train_objective=0.00381118 | training_physical_mse=0.00159114 | validation_physical_mse=0.00173907 | lr=0.001 | configured_lr=0.001 | grad_rms=0.636025 | activation_var(mean/min/max)=0.16918/0.00590756/0.311542
Epoch 446/834 | samples=1542 | steps=6 | train_objective=0.00487124 | training_physical_mse=0.00123706 | validation_physical_mse=0.00129679 | lr=0.001 | configured_lr=0.001 | grad_rms=0.747144 | activation_var(mean/min/max)=0.1679/0.0059213/0.309001
Epoch 447/834 | samples=1542 | steps=6 | train_objective=0.0052956 | training_physical_mse=0.00247993 | validation_physical_mse=0.00265127 | lr=0.001 | configured_lr=0.001 | grad_rms=1.05469 | activation_var(mean/min/max)=0.15938/0.00585543/0.291618
Epoch 448/834 | samples=1542 | steps=6 | train_objective=0.00587281 | training_physical_mse=0.00166144 | validation_physical_mse=0.0016915 | lr=0.001 | configured_lr=0.001 | grad_rms=1.17524 | activation_var(mean/min/max)=0.167783/0.00586704/0.308527
Epoch 449/834 | samples=1542 | steps=6 | train_objective=0.00539374 | training_physical_mse=0.00250271 | validation_physical_mse=0.00270949 | lr=0.001 | configured_lr=0.001 | grad_rms=0.927693 | activation_var(mean/min/max)=0.174871/0.00584385/0.323212
Epoch 450/834 | samples=1542 | steps=6 | train_objective=0.00598939 | training_physical_mse=0.00216667 | validation_physical_mse=0.00230095 | lr=0.001 | configured_lr=0.001 | grad_rms=1.09259 | activation_var(mean/min/max)=0.159346/0.00568393/0.292789
Epoch 451/834 | samples=1542 | steps=6 | train_objective=0.00658155 | training_physical_mse=0.00176971 | validation_physical_mse=0.00148673 | lr=0.001 | configured_lr=0.001 | grad_rms=0.824132 | activation_var(mean/min/max)=0.163351/0.00568559/0.299992
Epoch 452/834 | samples=1542 | steps=6 | train_objective=0.00554509 | training_physical_mse=0.00218301 | validation_physical_mse=0.00225615 | lr=0.001 | configured_lr=0.001 | grad_rms=0.703943 | activation_var(mean/min/max)=0.144488/0.00554308/0.262627
Epoch 453/834 | samples=1542 | steps=6 | train_objective=0.00448808 | training_physical_mse=0.00167547 | validation_physical_mse=0.00182112 | lr=0.001 | configured_lr=0.001 | grad_rms=0.541989 | activation_var(mean/min/max)=0.159006/0.00553689/0.291089
Epoch 454/834 | samples=1542 | steps=6 | train_objective=0.0042445 | training_physical_mse=0.00101106 | validation_physical_mse=0.00113971 | lr=0.001 | configured_lr=0.001 | grad_rms=0.647358 | activation_var(mean/min/max)=0.160114/0.00553039/0.292855
Epoch 455/834 | samples=1542 | steps=6 | train_objective=0.00344267 | training_physical_mse=0.0011991 | validation_physical_mse=0.00130245 | lr=0.001 | configured_lr=0.001 | grad_rms=0.529582 | activation_var(mean/min/max)=0.160742/0.00551223/0.294838
Epoch 456/834 | samples=1542 | steps=6 | train_objective=0.0050222 | training_physical_mse=0.00156989 | validation_physical_mse=0.00163565 | lr=0.001 | configured_lr=0.001 | grad_rms=0.935841 | activation_var(mean/min/max)=0.157401/0.00546762/0.288735
Epoch 457/834 | samples=1542 | steps=6 | train_objective=0.00502798 | training_physical_mse=0.00228804 | validation_physical_mse=0.00242444 | lr=0.001 | configured_lr=0.001 | grad_rms=0.956328 | activation_var(mean/min/max)=0.157888/0.00545591/0.290288
Epoch 458/834 | samples=1542 | steps=6 | train_objective=0.00500957 | training_physical_mse=0.00122007 | validation_physical_mse=0.00137755 | lr=0.001 | configured_lr=0.001 | grad_rms=1.03537 | activation_var(mean/min/max)=0.15535/0.00540351/0.285993
Epoch 459/834 | samples=1542 | steps=6 | train_objective=0.00405386 | training_physical_mse=0.00172864 | validation_physical_mse=0.00193445 | lr=0.001 | configured_lr=0.001 | grad_rms=0.560399 | activation_var(mean/min/max)=0.155976/0.0055096/0.286283
Epoch 460/834 | samples=1542 | steps=6 | train_objective=0.00429956 | training_physical_mse=0.00188543 | validation_physical_mse=0.00190254 | lr=0.001 | configured_lr=0.001 | grad_rms=0.802484 | activation_var(mean/min/max)=0.160074/0.0054179/0.294458
Epoch 461/834 | samples=1542 | steps=6 | train_objective=0.00404332 | training_physical_mse=0.00136078 | validation_physical_mse=0.00152957 | lr=0.001 | configured_lr=0.001 | grad_rms=0.705706 | activation_var(mean/min/max)=0.156706/0.00544392/0.287308
Epoch 462/834 | samples=1542 | steps=6 | train_objective=0.00403964 | training_physical_mse=0.00118693 | validation_physical_mse=0.00132065 | lr=0.001 | configured_lr=0.001 | grad_rms=0.60286 | activation_var(mean/min/max)=0.158037/0.00547814/0.290033
Epoch 463/834 | samples=1542 | steps=6 | train_objective=0.00373574 | training_physical_mse=0.00107165 | validation_physical_mse=0.00121657 | lr=0.001 | configured_lr=0.001 | grad_rms=0.652665 | activation_var(mean/min/max)=0.153903/0.00547634/0.282317
Epoch 464/834 | samples=1542 | steps=6 | train_objective=0.0035507 | training_physical_mse=0.00123639 | validation_physical_mse=0.0013259 | lr=0.001 | configured_lr=0.001 | grad_rms=0.474331 | activation_var(mean/min/max)=0.157567/0.0054425/0.289961
Epoch 465/834 | samples=1542 | steps=6 | train_objective=0.00358007 | training_physical_mse=0.00104727 | validation_physical_mse=0.00106784 | lr=0.001 | configured_lr=0.001 | grad_rms=0.667334 | activation_var(mean/min/max)=0.159925/0.00550782/0.294
Epoch 466/834 | samples=1542 | steps=6 | train_objective=0.00385111 | training_physical_mse=0.00108912 | validation_physical_mse=0.00109154 | lr=0.001 | configured_lr=0.001 | grad_rms=0.805504 | activation_var(mean/min/max)=0.152456/0.00550342/0.278994
Epoch 467/834 | samples=1542 | steps=6 | train_objective=0.00346378 | training_physical_mse=0.00140983 | validation_physical_mse=0.00153554 | lr=0.001 | configured_lr=0.001 | grad_rms=0.557733 | activation_var(mean/min/max)=0.160268/0.00548669/0.294526
Epoch 468/834 | samples=1542 | steps=6 | train_objective=0.00404278 | training_physical_mse=0.00149066 | validation_physical_mse=0.00165662 | lr=0.001 | configured_lr=0.001 | grad_rms=0.840466 | activation_var(mean/min/max)=0.158665/0.00557823/0.291063
Epoch 469/834 | samples=1542 | steps=6 | train_objective=0.00376946 | training_physical_mse=0.0014828 | validation_physical_mse=0.00135955 | lr=0.001 | configured_lr=0.001 | grad_rms=0.495463 | activation_var(mean/min/max)=0.153882/0.00549821/0.281894
Epoch 470/834 | samples=1542 | steps=6 | train_objective=0.00396334 | training_physical_mse=0.00120257 | validation_physical_mse=0.00159732 | lr=0.001 | configured_lr=0.001 | grad_rms=0.797201 | activation_var(mean/min/max)=0.159629/0.00554019/0.29307
Epoch 471/834 | samples=1542 | steps=6 | train_objective=0.00376756 | training_physical_mse=0.00140854 | validation_physical_mse=0.0016384 | lr=0.001 | configured_lr=0.001 | grad_rms=0.845751 | activation_var(mean/min/max)=0.160765/0.00552481/0.295285
Epoch 472/834 | samples=1542 | steps=6 | train_objective=0.00355823 | training_physical_mse=0.000878469 | validation_physical_mse=0.000952771 | lr=0.001 | configured_lr=0.001 | grad_rms=0.674473 | activation_var(mean/min/max)=0.154122/0.0055582/0.281834
Epoch 473/834 | samples=1542 | steps=6 | train_objective=0.00332164 | training_physical_mse=0.0013578 | validation_physical_mse=0.00156319 | lr=0.001 | configured_lr=0.001 | grad_rms=0.606196 | activation_var(mean/min/max)=0.155684/0.00554747/0.285463
Epoch 474/834 | samples=1542 | steps=6 | train_objective=0.00411631 | training_physical_mse=0.00143839 | validation_physical_mse=0.00154518 | lr=0.001 | configured_lr=0.001 | grad_rms=0.879282 | activation_var(mean/min/max)=0.1577/0.00552876/0.28985
Epoch 475/834 | samples=1542 | steps=6 | train_objective=0.00424724 | training_physical_mse=0.00159553 | validation_physical_mse=0.00162995 | lr=0.001 | configured_lr=0.001 | grad_rms=0.643842 | activation_var(mean/min/max)=0.160895/0.00556555/0.296358
Epoch 476/834 | samples=1542 | steps=6 | train_objective=0.00524574 | training_physical_mse=0.00158446 | validation_physical_mse=0.00171861 | lr=0.001 | configured_lr=0.001 | grad_rms=0.541773 | activation_var(mean/min/max)=0.147727/0.00554681/0.269976
Epoch 477/834 | samples=1542 | steps=6 | train_objective=0.00459263 | training_physical_mse=0.00120096 | validation_physical_mse=0.00148587 | lr=0.001 | configured_lr=0.001 | grad_rms=0.789981 | activation_var(mean/min/max)=0.162479/0.00543435/0.299836
Epoch 478/834 | samples=1542 | steps=6 | train_objective=0.00406188 | training_physical_mse=0.00154981 | validation_physical_mse=0.00172988 | lr=0.001 | configured_lr=0.001 | grad_rms=0.687727 | activation_var(mean/min/max)=0.160896/0.0053804/0.297267
Epoch 479/834 | samples=1542 | steps=6 | train_objective=0.00374225 | training_physical_mse=0.00144877 | validation_physical_mse=0.00147625 | lr=0.001 | configured_lr=0.001 | grad_rms=0.461423 | activation_var(mean/min/max)=0.150623/0.00541098/0.27628
Epoch 480/834 | samples=1542 | steps=6 | train_objective=0.00401093 | training_physical_mse=0.00140789 | validation_physical_mse=0.00127711 | lr=0.001 | configured_lr=0.001 | grad_rms=0.467453 | activation_var(mean/min/max)=0.153876/0.0054386/0.282367
Epoch 481/834 | samples=1542 | steps=6 | train_objective=0.00465745 | training_physical_mse=0.00125026 | validation_physical_mse=0.0012025 | lr=0.001 | configured_lr=0.001 | grad_rms=1.03508 | activation_var(mean/min/max)=0.152046/0.00532443/0.279296
Epoch 482/834 | samples=1542 | steps=6 | train_objective=0.00403585 | training_physical_mse=0.000940297 | validation_physical_mse=0.00132379 | lr=0.001 | configured_lr=0.001 | grad_rms=0.692907 | activation_var(mean/min/max)=0.153843/0.00529685/0.282664
Epoch 483/834 | samples=1542 | steps=6 | train_objective=0.00362226 | training_physical_mse=0.00123525 | validation_physical_mse=0.00159526 | lr=0.001 | configured_lr=0.001 | grad_rms=0.847241 | activation_var(mean/min/max)=0.151307/0.00530991/0.278083
Epoch 484/834 | samples=1542 | steps=6 | train_objective=0.00440594 | training_physical_mse=0.00131322 | validation_physical_mse=0.00153973 | lr=0.001 | configured_lr=0.001 | grad_rms=1.19641 | activation_var(mean/min/max)=0.152225/0.00526974/0.280458
Epoch 485/834 | samples=1542 | steps=6 | train_objective=0.00454892 | training_physical_mse=0.00154851 | validation_physical_mse=0.00164183 | lr=0.001 | configured_lr=0.001 | grad_rms=0.876382 | activation_var(mean/min/max)=0.146895/0.0052575/0.2696
Epoch 486/834 | samples=1542 | steps=6 | train_objective=0.00398584 | training_physical_mse=0.00122637 | validation_physical_mse=0.00136189 | lr=0.001 | configured_lr=0.001 | grad_rms=0.457663 | activation_var(mean/min/max)=0.157555/0.0053496/0.290357
Epoch 487/834 | samples=1542 | steps=6 | train_objective=0.00401041 | training_physical_mse=0.00187474 | validation_physical_mse=0.00187157 | lr=0.001 | configured_lr=0.001 | grad_rms=0.459507 | activation_var(mean/min/max)=0.149092/0.00535082/0.273491
Epoch 488/834 | samples=1542 | steps=6 | train_objective=0.00466979 | training_physical_mse=0.00175582 | validation_physical_mse=0.0021921 | lr=0.001 | configured_lr=0.001 | grad_rms=0.93707 | activation_var(mean/min/max)=0.150295/0.00531581/0.276355
Epoch 489/834 | samples=1542 | steps=6 | train_objective=0.00477475 | training_physical_mse=0.00162248 | validation_physical_mse=0.00188308 | lr=0.001 | configured_lr=0.001 | grad_rms=0.892298 | activation_var(mean/min/max)=0.153454/0.00535304/0.282775
Epoch 490/834 | samples=1542 | steps=6 | train_objective=0.00449286 | training_physical_mse=0.00128878 | validation_physical_mse=0.00129185 | lr=0.001 | configured_lr=0.001 | grad_rms=0.62357 | activation_var(mean/min/max)=0.14814/0.00526285/0.272842
Epoch 491/834 | samples=1542 | steps=6 | train_objective=0.00412344 | training_physical_mse=0.000931214 | validation_physical_mse=0.000992245 | lr=0.001 | configured_lr=0.001 | grad_rms=0.479884 | activation_var(mean/min/max)=0.148385/0.00529736/0.273174
Epoch 492/834 | samples=1542 | steps=6 | train_objective=0.00336815 | training_physical_mse=0.00109799 | validation_physical_mse=0.00127866 | lr=0.001 | configured_lr=0.001 | grad_rms=0.339232 | activation_var(mean/min/max)=0.148704/0.00520076/0.273986
Epoch 493/834 | samples=1542 | steps=6 | train_objective=0.00308209 | training_physical_mse=0.00106637 | validation_physical_mse=0.00136367 | lr=0.001 | configured_lr=0.001 | grad_rms=0.291077 | activation_var(mean/min/max)=0.155777/0.00521922/0.28806
Epoch 494/834 | samples=1542 | steps=6 | train_objective=0.00341555 | training_physical_mse=0.000979671 | validation_physical_mse=0.00125913 | lr=0.001 | configured_lr=0.001 | grad_rms=0.560444 | activation_var(mean/min/max)=0.153922/0.00521047/0.284281
Epoch 495/834 | samples=1542 | steps=6 | train_objective=0.00327233 | training_physical_mse=0.00101667 | validation_physical_mse=0.00118866 | lr=0.001 | configured_lr=0.001 | grad_rms=0.582232 | activation_var(mean/min/max)=0.148208/0.00523022/0.272822
Epoch 496/834 | samples=1542 | steps=6 | train_objective=0.00344282 | training_physical_mse=0.000939104 | validation_physical_mse=0.00111916 | lr=0.001 | configured_lr=0.001 | grad_rms=0.479622 | activation_var(mean/min/max)=0.151091/0.00524526/0.2786
Epoch 497/834 | samples=1542 | steps=6 | train_objective=0.00397449 | training_physical_mse=0.00079655 | validation_physical_mse=0.000927999 | lr=0.001 | configured_lr=0.001 | grad_rms=1.09586 | activation_var(mean/min/max)=0.147603/0.00522973/0.271575
Epoch 498/834 | samples=1542 | steps=6 | train_objective=0.00418616 | training_physical_mse=0.0021582 | validation_physical_mse=0.00215768 | lr=0.001 | configured_lr=0.001 | grad_rms=1.17064 | activation_var(mean/min/max)=0.148229/0.00526014/0.273023
Epoch 499/834 | samples=1542 | steps=6 | train_objective=0.00449787 | training_physical_mse=0.00283673 | validation_physical_mse=0.00284324 | lr=0.001 | configured_lr=0.001 | grad_rms=1.20878 | activation_var(mean/min/max)=0.151775/0.00530746/0.279408
Epoch 500/834 | samples=1542 | steps=6 | train_objective=0.00523985 | training_physical_mse=0.00207143 | validation_physical_mse=0.00274699 | lr=0.001 | configured_lr=0.001 | grad_rms=1.17842 | activation_var(mean/min/max)=0.144535/0.00524163/0.264878
Epoch 501/834 | samples=1542 | steps=6 | train_objective=0.00451549 | training_physical_mse=0.00151447 | validation_physical_mse=0.00165773 | lr=0.001 | configured_lr=0.001 | grad_rms=0.754081 | activation_var(mean/min/max)=0.152863/0.00529672/0.281409
Epoch 502/834 | samples=1542 | steps=6 | train_objective=0.00481073 | training_physical_mse=0.00295915 | validation_physical_mse=0.0025026 | lr=0.001 | configured_lr=0.001 | grad_rms=1.18077 | activation_var(mean/min/max)=0.144561/0.00526388/0.264844
Epoch 503/834 | samples=1542 | steps=6 | train_objective=0.00617595 | training_physical_mse=0.00221557 | validation_physical_mse=0.00193567 | lr=0.001 | configured_lr=0.001 | grad_rms=0.695855 | activation_var(mean/min/max)=0.148367/0.00540894/0.272223
Epoch 504/834 | samples=1542 | steps=6 | train_objective=0.00529468 | training_physical_mse=0.00210714 | validation_physical_mse=0.00188247 | lr=0.001 | configured_lr=0.001 | grad_rms=0.751351 | activation_var(mean/min/max)=0.159142/0.00524119/0.29498
Epoch 505/834 | samples=1542 | steps=6 | train_objective=0.00463114 | training_physical_mse=0.00157557 | validation_physical_mse=0.00160749 | lr=0.001 | configured_lr=0.001 | grad_rms=0.531197 | activation_var(mean/min/max)=0.160315/0.00517159/0.298095
Epoch 506/834 | samples=1542 | steps=6 | train_objective=0.00485093 | training_physical_mse=0.00166531 | validation_physical_mse=0.00165968 | lr=0.001 | configured_lr=0.001 | grad_rms=0.609056 | activation_var(mean/min/max)=0.157344/0.0052527/0.291867
Epoch 507/834 | samples=1542 | steps=6 | train_objective=0.00503596 | training_physical_mse=0.00212165 | validation_physical_mse=0.00218503 | lr=0.001 | configured_lr=0.001 | grad_rms=0.980492 | activation_var(mean/min/max)=0.151639/0.00529829/0.280027
Epoch 508/834 | samples=1542 | steps=6 | train_objective=0.00499506 | training_physical_mse=0.00208891 | validation_physical_mse=0.00183867 | lr=0.001 | configured_lr=0.001 | grad_rms=1.19236 | activation_var(mean/min/max)=0.148981/0.00534362/0.274
Epoch 509/834 | samples=1542 | steps=6 | train_objective=0.00469533 | training_physical_mse=0.00149062 | validation_physical_mse=0.00161088 | lr=0.001 | configured_lr=0.001 | grad_rms=0.639275 | activation_var(mean/min/max)=0.14598/0.00536583/0.267073
Epoch 510/834 | samples=1542 | steps=6 | train_objective=0.00405622 | training_physical_mse=0.00197704 | validation_physical_mse=0.00178867 | lr=0.001 | configured_lr=0.001 | grad_rms=0.6953 | activation_var(mean/min/max)=0.148329/0.00530952/0.271397
Epoch 511/834 | samples=1542 | steps=6 | train_objective=0.00420352 | training_physical_mse=0.00126233 | validation_physical_mse=0.0013915 | lr=0.001 | configured_lr=0.001 | grad_rms=0.571513 | activation_var(mean/min/max)=0.151158/0.00530695/0.277352
Epoch 512/834 | samples=1542 | steps=6 | train_objective=0.00428301 | training_physical_mse=0.00175767 | validation_physical_mse=0.00174064 | lr=0.001 | configured_lr=0.001 | grad_rms=0.654181 | activation_var(mean/min/max)=0.145735/0.00523475/0.267235
Epoch 513/834 | samples=1542 | steps=6 | train_objective=0.0042943 | training_physical_mse=0.00155288 | validation_physical_mse=0.0015908 | lr=0.001 | configured_lr=0.001 | grad_rms=0.858404 | activation_var(mean/min/max)=0.146585/0.00526808/0.268642
Epoch 514/834 | samples=1542 | steps=6 | train_objective=0.00381249 | training_physical_mse=0.00129264 | validation_physical_mse=0.00149961 | lr=0.001 | configured_lr=0.001 | grad_rms=0.487634 | activation_var(mean/min/max)=0.1494/0.0052532/0.273907
Epoch 515/834 | samples=1542 | steps=6 | train_objective=0.00363171 | training_physical_mse=0.00101232 | validation_physical_mse=0.00110613 | lr=0.001 | configured_lr=0.001 | grad_rms=0.33931 | activation_var(mean/min/max)=0.143465/0.00518636/0.262471
Epoch 516/834 | samples=1542 | steps=6 | train_objective=0.00367989 | training_physical_mse=0.00115374 | validation_physical_mse=0.00129059 | lr=0.001 | configured_lr=0.001 | grad_rms=0.658895 | activation_var(mean/min/max)=0.146182/0.00525338/0.267989
Epoch 517/834 | samples=1542 | steps=6 | train_objective=0.00356645 | training_physical_mse=0.00119358 | validation_physical_mse=0.00125309 | lr=0.001 | configured_lr=0.001 | grad_rms=0.517447 | activation_var(mean/min/max)=0.144298/0.00523974/0.264397
Epoch 518/834 | samples=1542 | steps=6 | train_objective=0.00360931 | training_physical_mse=0.00113052 | validation_physical_mse=0.00125709 | lr=0.001 | configured_lr=0.001 | grad_rms=0.441289 | activation_var(mean/min/max)=0.146422/0.00528891/0.268391
Epoch 519/834 | samples=1542 | steps=6 | train_objective=0.00336673 | training_physical_mse=0.00107314 | validation_physical_mse=0.00115938 | lr=0.001 | configured_lr=0.001 | grad_rms=0.404335 | activation_var(mean/min/max)=0.146304/0.00526461/0.268282
Epoch 520/834 | samples=1542 | steps=6 | train_objective=0.0032334 | training_physical_mse=0.000980227 | validation_physical_mse=0.00110307 | lr=0.001 | configured_lr=0.001 | grad_rms=0.258519 | activation_var(mean/min/max)=0.149832/0.00526936/0.275303
Epoch 521/834 | samples=1542 | steps=6 | train_objective=0.00345622 | training_physical_mse=0.00118039 | validation_physical_mse=0.00123397 | lr=0.001 | configured_lr=0.001 | grad_rms=0.564268 | activation_var(mean/min/max)=0.143338/0.00525682/0.262379
Epoch 522/834 | samples=1542 | steps=6 | train_objective=0.0038933 | training_physical_mse=0.00118787 | validation_physical_mse=0.00127704 | lr=0.001 | configured_lr=0.001 | grad_rms=0.688386 | activation_var(mean/min/max)=0.143759/0.00528481/0.263309
Epoch 523/834 | samples=1542 | steps=6 | train_objective=0.00378239 | training_physical_mse=0.00129387 | validation_physical_mse=0.00149949 | lr=0.001 | configured_lr=0.001 | grad_rms=0.513228 | activation_var(mean/min/max)=0.147057/0.00528228/0.269767
Epoch 524/834 | samples=1542 | steps=6 | train_objective=0.00431566 | training_physical_mse=0.00151809 | validation_physical_mse=0.00155733 | lr=0.001 | configured_lr=0.001 | grad_rms=0.804856 | activation_var(mean/min/max)=0.142126/0.00520099/0.260227
Epoch 525/834 | samples=1542 | steps=6 | train_objective=0.00425038 | training_physical_mse=0.000972388 | validation_physical_mse=0.00100906 | lr=0.001 | configured_lr=0.001 | grad_rms=0.573709 | activation_var(mean/min/max)=0.140805/0.00525395/0.257496
Epoch 526/834 | samples=1542 | steps=6 | train_objective=0.00392706 | training_physical_mse=0.000969369 | validation_physical_mse=0.00106201 | lr=0.001 | configured_lr=0.001 | grad_rms=0.655315 | activation_var(mean/min/max)=0.142423/0.00520266/0.260893
Epoch 527/834 | samples=1542 | steps=6 | train_objective=0.00359363 | training_physical_mse=0.00116064 | validation_physical_mse=0.00110533 | lr=0.001 | configured_lr=0.001 | grad_rms=0.531385 | activation_var(mean/min/max)=0.141675/0.00513431/0.259262
Epoch 528/834 | samples=1542 | steps=6 | train_objective=0.00401391 | training_physical_mse=0.00141271 | validation_physical_mse=0.00160137 | lr=0.001 | configured_lr=0.001 | grad_rms=0.903328 | activation_var(mean/min/max)=0.140743/0.00514785/0.257172
Epoch 529/834 | samples=1542 | steps=6 | train_objective=0.00350409 | training_physical_mse=0.000952973 | validation_physical_mse=0.000972704 | lr=0.001 | configured_lr=0.001 | grad_rms=0.622382 | activation_var(mean/min/max)=0.140758/0.00517699/0.257164
Epoch 530/834 | samples=1542 | steps=6 | train_objective=0.0031539 | training_physical_mse=0.000999237 | validation_physical_mse=0.00117408 | lr=0.001 | configured_lr=0.001 | grad_rms=0.422514 | activation_var(mean/min/max)=0.143459/0.00519769/0.262368
Epoch 531/834 | samples=1542 | steps=6 | train_objective=0.00362214 | training_physical_mse=0.00200945 | validation_physical_mse=0.00193463 | lr=0.001 | configured_lr=0.001 | grad_rms=0.811596 | activation_var(mean/min/max)=0.144545/0.00522665/0.264322
Epoch 532/834 | samples=1542 | steps=6 | train_objective=0.00439444 | training_physical_mse=0.00115021 | validation_physical_mse=0.00111773 | lr=0.001 | configured_lr=0.001 | grad_rms=0.738117 | activation_var(mean/min/max)=0.137359/0.00521335/0.249916
Epoch 533/834 | samples=1542 | steps=6 | train_objective=0.00353547 | training_physical_mse=0.00114605 | validation_physical_mse=0.00113388 | lr=0.001 | configured_lr=0.001 | grad_rms=0.39275 | activation_var(mean/min/max)=0.139904/0.00524522/0.254611
Epoch 534/834 | samples=1542 | steps=6 | train_objective=0.0033577 | training_physical_mse=0.0010112 | validation_physical_mse=0.0010018 | lr=0.001 | configured_lr=0.001 | grad_rms=0.500329 | activation_var(mean/min/max)=0.138401/0.00513119/0.252199
Epoch 535/834 | samples=1542 | steps=6 | train_objective=0.00316054 | training_physical_mse=0.00098028 | validation_physical_mse=0.00113651 | lr=0.001 | configured_lr=0.001 | grad_rms=0.426164 | activation_var(mean/min/max)=0.143397/0.00517793/0.262065
Epoch 536/834 | samples=1542 | steps=6 | train_objective=0.00322732 | training_physical_mse=0.00141931 | validation_physical_mse=0.00139716 | lr=0.001 | configured_lr=0.001 | grad_rms=0.499937 | activation_var(mean/min/max)=0.140819/0.00516083/0.257077
Epoch 537/834 | samples=1542 | steps=6 | train_objective=0.00372108 | training_physical_mse=0.00136112 | validation_physical_mse=0.00170866 | lr=0.001 | configured_lr=0.001 | grad_rms=0.761928 | activation_var(mean/min/max)=0.140377/0.00517952/0.255983
Epoch 538/834 | samples=1542 | steps=6 | train_objective=0.00328386 | training_physical_mse=0.00121664 | validation_physical_mse=0.00130805 | lr=0.001 | configured_lr=0.001 | grad_rms=0.454199 | activation_var(mean/min/max)=0.138824/0.00515204/0.252938
Epoch 539/834 | samples=1542 | steps=6 | train_objective=0.00335328 | training_physical_mse=0.000993405 | validation_physical_mse=0.00127794 | lr=0.001 | configured_lr=0.001 | grad_rms=0.624118 | activation_var(mean/min/max)=0.141553/0.00518805/0.258262
Epoch 540/834 | samples=1542 | steps=6 | train_objective=0.00319996 | training_physical_mse=0.000882258 | validation_physical_mse=0.000849687 | lr=0.001 | configured_lr=0.001 | grad_rms=0.378727 | activation_var(mean/min/max)=0.137819/0.0051591/0.251203
Epoch 541/834 | samples=1542 | steps=6 | train_objective=0.00321632 | training_physical_mse=0.00105537 | validation_physical_mse=0.00133878 | lr=0.001 | configured_lr=0.001 | grad_rms=0.455963 | activation_var(mean/min/max)=0.142355/0.005243/0.259488
Epoch 542/834 | samples=1542 | steps=6 | train_objective=0.00341722 | training_physical_mse=0.00130993 | validation_physical_mse=0.00140064 | lr=0.001 | configured_lr=0.001 | grad_rms=0.630201 | activation_var(mean/min/max)=0.142037/0.00523582/0.258791
Epoch 543/834 | samples=1542 | steps=6 | train_objective=0.00388492 | training_physical_mse=0.00138199 | validation_physical_mse=0.00146354 | lr=0.001 | configured_lr=0.001 | grad_rms=0.518536 | activation_var(mean/min/max)=0.140633/0.00523705/0.256347
Epoch 544/834 | samples=1542 | steps=6 | train_objective=0.00379562 | training_physical_mse=0.00157875 | validation_physical_mse=0.00167336 | lr=0.001 | configured_lr=0.001 | grad_rms=0.433305 | activation_var(mean/min/max)=0.139194/0.00524515/0.253393
Epoch 545/834 | samples=1542 | steps=6 | train_objective=0.00432222 | training_physical_mse=0.00101982 | validation_physical_mse=0.00110103 | lr=0.001 | configured_lr=0.001 | grad_rms=0.648714 | activation_var(mean/min/max)=0.137585/0.00517849/0.250256
Epoch 546/834 | samples=1542 | steps=6 | train_objective=0.0034986 | training_physical_mse=0.0010826 | validation_physical_mse=0.00113157 | lr=0.001 | configured_lr=0.001 | grad_rms=0.342272 | activation_var(mean/min/max)=0.144398/0.00513728/0.263931
Epoch 547/834 | samples=1542 | steps=6 | train_objective=0.00359552 | training_physical_mse=0.00104008 | validation_physical_mse=0.000944951 | lr=0.001 | configured_lr=0.001 | grad_rms=0.612049 | activation_var(mean/min/max)=0.138376/0.00508152/0.252454
Epoch 548/834 | samples=1542 | steps=6 | train_objective=0.00330198 | training_physical_mse=0.00103424 | validation_physical_mse=0.00112522 | lr=0.001 | configured_lr=0.001 | grad_rms=0.454365 | activation_var(mean/min/max)=0.136516/0.00509784/0.24882
Epoch 549/834 | samples=1542 | steps=6 | train_objective=0.0033076 | training_physical_mse=0.00114152 | validation_physical_mse=0.00109107 | lr=0.001 | configured_lr=0.001 | grad_rms=0.386769 | activation_var(mean/min/max)=0.133813/0.00507107/0.24325
Epoch 550/834 | samples=1542 | steps=6 | train_objective=0.00322435 | training_physical_mse=0.000958225 | validation_physical_mse=0.00110039 | lr=0.001 | configured_lr=0.001 | grad_rms=0.460689 | activation_var(mean/min/max)=0.138786/0.00510999/0.252817
Epoch 551/834 | samples=1542 | steps=6 | train_objective=0.00299025 | training_physical_mse=0.000769439 | validation_physical_mse=0.000790558 | lr=0.001 | configured_lr=0.001 | grad_rms=0.327034 | activation_var(mean/min/max)=0.137382/0.00510782/0.250376
Epoch 552/834 | samples=1542 | steps=6 | train_objective=0.00292536 | training_physical_mse=0.000968058 | validation_physical_mse=0.00101841 | lr=0.001 | configured_lr=0.001 | grad_rms=0.303394 | activation_var(mean/min/max)=0.137861/0.00511183/0.251386
Epoch 553/834 | samples=1542 | steps=6 | train_objective=0.0034649 | training_physical_mse=0.0010976 | validation_physical_mse=0.00119168 | lr=0.001 | configured_lr=0.001 | grad_rms=0.614871 | activation_var(mean/min/max)=0.137025/0.00510892/0.249538
Epoch 554/834 | samples=1542 | steps=6 | train_objective=0.00349805 | training_physical_mse=0.00181181 | validation_physical_mse=0.0019858 | lr=0.001 | configured_lr=0.001 | grad_rms=0.836242 | activation_var(mean/min/max)=0.135352/0.00506978/0.245817
Epoch 555/834 | samples=1542 | steps=6 | train_objective=0.00385064 | training_physical_mse=0.00137055 | validation_physical_mse=0.00149033 | lr=0.001 | configured_lr=0.001 | grad_rms=0.898435 | activation_var(mean/min/max)=0.138021/0.00512135/0.251048
Epoch 556/834 | samples=1542 | steps=6 | train_objective=0.00365765 | training_physical_mse=0.00111053 | validation_physical_mse=0.000958544 | lr=0.001 | configured_lr=0.001 | grad_rms=0.535636 | activation_var(mean/min/max)=0.131261/0.00512947/0.237666
Epoch 557/834 | samples=1542 | steps=6 | train_objective=0.0035941 | training_physical_mse=0.00168446 | validation_physical_mse=0.00182123 | lr=0.001 | configured_lr=0.001 | grad_rms=0.553611 | activation_var(mean/min/max)=0.138723/0.00514525/0.252394
Epoch 558/834 | samples=1542 | steps=6 | train_objective=0.0038964 | training_physical_mse=0.00114792 | validation_physical_mse=0.00126116 | lr=0.001 | configured_lr=0.001 | grad_rms=0.882707 | activation_var(mean/min/max)=0.136657/0.00508966/0.24859
Epoch 559/834 | samples=1542 | steps=6 | train_objective=0.00348818 | training_physical_mse=0.00112674 | validation_physical_mse=0.00116562 | lr=0.001 | configured_lr=0.001 | grad_rms=0.533808 | activation_var(mean/min/max)=0.135031/0.00508447/0.245349
Epoch 560/834 | samples=1542 | steps=6 | train_objective=0.00326924 | training_physical_mse=0.000990498 | validation_physical_mse=0.000960471 | lr=0.001 | configured_lr=0.001 | grad_rms=0.567581 | activation_var(mean/min/max)=0.132999/0.00510195/0.241386
Epoch 561/834 | samples=1542 | steps=6 | train_objective=0.00341192 | training_physical_mse=0.000866108 | validation_physical_mse=0.00102193 | lr=0.001 | configured_lr=0.001 | grad_rms=0.493639 | activation_var(mean/min/max)=0.135773/0.00507953/0.24667
Epoch 562/834 | samples=1542 | steps=6 | train_objective=0.00302116 | training_physical_mse=0.000776217 | validation_physical_mse=0.00083946 | lr=0.001 | configured_lr=0.001 | grad_rms=0.459639 | activation_var(mean/min/max)=0.135959/0.00513359/0.247356
Epoch 563/834 | samples=1542 | steps=6 | train_objective=0.00323395 | training_physical_mse=0.00102264 | validation_physical_mse=0.00105207 | lr=0.001 | configured_lr=0.001 | grad_rms=0.665107 | activation_var(mean/min/max)=0.13521/0.00507844/0.246188
Epoch 564/834 | samples=1542 | steps=6 | train_objective=0.00323049 | training_physical_mse=0.00106894 | validation_physical_mse=0.00119073 | lr=0.001 | configured_lr=0.001 | grad_rms=0.542061 | activation_var(mean/min/max)=0.135434/0.00510589/0.246074
Epoch 565/834 | samples=1542 | steps=6 | train_objective=0.00326895 | training_physical_mse=0.00129081 | validation_physical_mse=0.00118839 | lr=0.001 | configured_lr=0.001 | grad_rms=0.539016 | activation_var(mean/min/max)=0.136774/0.00513216/0.248521
Epoch 566/834 | samples=1542 | steps=6 | train_objective=0.00325404 | training_physical_mse=0.000888512 | validation_physical_mse=0.00106102 | lr=0.001 | configured_lr=0.001 | grad_rms=0.497989 | activation_var(mean/min/max)=0.134432/0.00510936/0.243517
Epoch 567/834 | samples=1542 | steps=6 | train_objective=0.00314583 | training_physical_mse=0.00135931 | validation_physical_mse=0.0014957 | lr=0.001 | configured_lr=0.001 | grad_rms=0.378249 | activation_var(mean/min/max)=0.137263/0.00508276/0.249127
Epoch 568/834 | samples=1542 | steps=6 | train_objective=0.00414268 | training_physical_mse=0.00164019 | validation_physical_mse=0.00152857 | lr=0.001 | configured_lr=0.001 | grad_rms=0.944244 | activation_var(mean/min/max)=0.131985/0.00504182/0.238714
Epoch 569/834 | samples=1542 | steps=6 | train_objective=0.00476583 | training_physical_mse=0.00169404 | validation_physical_mse=0.00174428 | lr=0.001 | configured_lr=0.001 | grad_rms=1.3343 | activation_var(mean/min/max)=0.133236/0.00513606/0.240997
Epoch 570/834 | samples=1542 | steps=6 | train_objective=0.00478975 | training_physical_mse=0.00173936 | validation_physical_mse=0.00195153 | lr=0.001 | configured_lr=0.001 | grad_rms=1.09623 | activation_var(mean/min/max)=0.134234/0.00513437/0.24325
Epoch 571/834 | samples=1542 | steps=6 | train_objective=0.00394123 | training_physical_mse=0.00120886 | validation_physical_mse=0.00120174 | lr=0.001 | configured_lr=0.001 | grad_rms=0.50669 | activation_var(mean/min/max)=0.130052/0.00513322/0.234405
Epoch 572/834 | samples=1542 | steps=6 | train_objective=0.00309475 | training_physical_mse=0.001049 | validation_physical_mse=0.000991193 | lr=0.001 | configured_lr=0.001 | grad_rms=0.42619 | activation_var(mean/min/max)=0.130316/0.0050877/0.234719
Epoch 573/834 | samples=1542 | steps=6 | train_objective=0.00335325 | training_physical_mse=0.000921996 | validation_physical_mse=0.00109313 | lr=0.001 | configured_lr=0.001 | grad_rms=0.536191 | activation_var(mean/min/max)=0.134963/0.00504356/0.243783
Epoch 574/834 | samples=1542 | steps=6 | train_objective=0.00305735 | training_physical_mse=0.00104816 | validation_physical_mse=0.00106489 | lr=0.001 | configured_lr=0.001 | grad_rms=0.417958 | activation_var(mean/min/max)=0.134386/0.00505477/0.242668
Epoch 575/834 | samples=1542 | steps=6 | train_objective=0.00329752 | training_physical_mse=0.00105528 | validation_physical_mse=0.00112111 | lr=0.001 | configured_lr=0.001 | grad_rms=0.520719 | activation_var(mean/min/max)=0.132158/0.00509953/0.238176
Epoch 576/834 | samples=1542 | steps=6 | train_objective=0.00318991 | training_physical_mse=0.00149897 | validation_physical_mse=0.00158206 | lr=0.001 | configured_lr=0.001 | grad_rms=0.676021 | activation_var(mean/min/max)=0.131968/0.00507877/0.237938
Epoch 577/834 | samples=1542 | steps=6 | train_objective=0.00459802 | training_physical_mse=0.0011557 | validation_physical_mse=0.00125744 | lr=0.001 | configured_lr=0.001 | grad_rms=1.2163 | activation_var(mean/min/max)=0.133193/0.00505399/0.240648
Epoch 578/834 | samples=1542 | steps=6 | train_objective=0.00487857 | training_physical_mse=0.00130543 | validation_physical_mse=0.00147556 | lr=0.001 | configured_lr=0.001 | grad_rms=1.23863 | activation_var(mean/min/max)=0.134311/0.00508482/0.242798
Epoch 579/834 | samples=1542 | steps=6 | train_objective=0.00352812 | training_physical_mse=0.00105851 | validation_physical_mse=0.00113946 | lr=0.001 | configured_lr=0.001 | grad_rms=0.620495 | activation_var(mean/min/max)=0.132645/0.00512977/0.239371
Epoch 580/834 | samples=1542 | steps=6 | train_objective=0.00347369 | training_physical_mse=0.00116271 | validation_physical_mse=0.00126503 | lr=0.001 | configured_lr=0.001 | grad_rms=0.437462 | activation_var(mean/min/max)=0.132494/0.00512462/0.239153
Epoch 581/834 | samples=1542 | steps=6 | train_objective=0.00336697 | training_physical_mse=0.00110129 | validation_physical_mse=0.00138752 | lr=0.001 | configured_lr=0.001 | grad_rms=0.496758 | activation_var(mean/min/max)=0.136586/0.00505912/0.24739
Epoch 582/834 | samples=1542 | steps=6 | train_objective=0.00369343 | training_physical_mse=0.00140793 | validation_physical_mse=0.00140127 | lr=0.001 | configured_lr=0.001 | grad_rms=0.736185 | activation_var(mean/min/max)=0.129954/0.0050061/0.234672
Epoch 583/834 | samples=1542 | steps=6 | train_objective=0.00442046 | training_physical_mse=0.000856082 | validation_physical_mse=0.000930701 | lr=0.001 | configured_lr=0.001 | grad_rms=0.866155 | activation_var(mean/min/max)=0.133399/0.00505293/0.241287
Epoch 584/834 | samples=1542 | steps=6 | train_objective=0.00382408 | training_physical_mse=0.00188854 | validation_physical_mse=0.00182569 | lr=0.001 | configured_lr=0.001 | grad_rms=0.63154 | activation_var(mean/min/max)=0.1301/0.00499977/0.235102
Epoch 585/834 | samples=1542 | steps=6 | train_objective=0.00416278 | training_physical_mse=0.00161591 | validation_physical_mse=0.00159587 | lr=0.001 | configured_lr=0.001 | grad_rms=0.65526 | activation_var(mean/min/max)=0.125375/0.004867/0.225871
Epoch 586/834 | samples=1542 | steps=6 | train_objective=0.0037935 | training_physical_mse=0.00143289 | validation_physical_mse=0.00149057 | lr=0.001 | configured_lr=0.001 | grad_rms=0.71087 | activation_var(mean/min/max)=0.133666/0.0048875/0.241979
Epoch 587/834 | samples=1542 | steps=6 | train_objective=0.00404787 | training_physical_mse=0.00210284 | validation_physical_mse=0.00198548 | lr=0.001 | configured_lr=0.001 | grad_rms=1.07958 | activation_var(mean/min/max)=0.13112/0.00477197/0.237949
Epoch 588/834 | samples=1542 | steps=6 | train_objective=0.0039982 | training_physical_mse=0.00115603 | validation_physical_mse=0.00137352 | lr=0.001 | configured_lr=0.001 | grad_rms=0.70071 | activation_var(mean/min/max)=0.134494/0.00483783/0.244416
Epoch 589/834 | samples=1542 | steps=6 | train_objective=0.00335055 | training_physical_mse=0.00103414 | validation_physical_mse=0.00105973 | lr=0.001 | configured_lr=0.001 | grad_rms=0.432306 | activation_var(mean/min/max)=0.125005/0.00482187/0.225555
Epoch 590/834 | samples=1542 | steps=6 | train_objective=0.00351322 | training_physical_mse=0.00135967 | validation_physical_mse=0.00143253 | lr=0.001 | configured_lr=0.001 | grad_rms=0.784788 | activation_var(mean/min/max)=0.132261/0.00483878/0.239953
Epoch 591/834 | samples=1542 | steps=6 | train_objective=0.00336168 | training_physical_mse=0.000968732 | validation_physical_mse=0.00111322 | lr=0.001 | configured_lr=0.001 | grad_rms=0.725447 | activation_var(mean/min/max)=0.127324/0.00480316/0.23057
Epoch 592/834 | samples=1542 | steps=6 | train_objective=0.00292712 | training_physical_mse=0.000723681 | validation_physical_mse=0.000766054 | lr=0.001 | configured_lr=0.001 | grad_rms=0.335258 | activation_var(mean/min/max)=0.129514/0.00482384/0.235147
Epoch 593/834 | samples=1542 | steps=6 | train_objective=0.00318004 | training_physical_mse=0.00125646 | validation_physical_mse=0.001309 | lr=0.001 | configured_lr=0.001 | grad_rms=0.47767 | activation_var(mean/min/max)=0.128627/0.00483253/0.233241
Epoch 594/834 | samples=1542 | steps=6 | train_objective=0.00399106 | training_physical_mse=0.000982172 | validation_physical_mse=0.00107277 | lr=0.001 | configured_lr=0.001 | grad_rms=0.665166 | activation_var(mean/min/max)=0.133659/0.00487574/0.24269
Epoch 595/834 | samples=1542 | steps=6 | train_objective=0.00322127 | training_physical_mse=0.000909836 | validation_physical_mse=0.000800867 | lr=0.001 | configured_lr=0.001 | grad_rms=0.440256 | activation_var(mean/min/max)=0.128433/0.0048035/0.232411
Epoch 596/834 | samples=1542 | steps=6 | train_objective=0.00329484 | training_physical_mse=0.000835761 | validation_physical_mse=0.000847536 | lr=0.001 | configured_lr=0.001 | grad_rms=0.691401 | activation_var(mean/min/max)=0.125936/0.0048081/0.226858
Epoch 597/834 | samples=1542 | steps=6 | train_objective=0.00310237 | training_physical_mse=0.00101065 | validation_physical_mse=0.0011746 | lr=0.001 | configured_lr=0.001 | grad_rms=0.395398 | activation_var(mean/min/max)=0.127326/0.00483153/0.22969
Epoch 598/834 | samples=1542 | steps=6 | train_objective=0.00297828 | training_physical_mse=0.000977535 | validation_physical_mse=0.00103094 | lr=0.001 | configured_lr=0.001 | grad_rms=0.487431 | activation_var(mean/min/max)=0.129123/0.00483171/0.23353
Epoch 599/834 | samples=1542 | steps=6 | train_objective=0.00306576 | training_physical_mse=0.00140199 | validation_physical_mse=0.00150397 | lr=0.001 | configured_lr=0.001 | grad_rms=0.659315 | activation_var(mean/min/max)=0.12914/0.0048478/0.233873
Epoch 600/834 | samples=1542 | steps=6 | train_objective=0.00327602 | training_physical_mse=0.000967831 | validation_physical_mse=0.00101879 | lr=0.001 | configured_lr=0.001 | grad_rms=0.765738 | activation_var(mean/min/max)=0.12984/0.00485501/0.235153
Epoch 601/834 | samples=1542 | steps=6 | train_objective=0.00331221 | training_physical_mse=0.0012054 | validation_physical_mse=0.00139331 | lr=0.001 | configured_lr=0.001 | grad_rms=0.616682 | activation_var(mean/min/max)=0.130798/0.00486264/0.237123
Epoch 602/834 | samples=1542 | steps=6 | train_objective=0.00319554 | training_physical_mse=0.000683913 | validation_physical_mse=0.000773219 | lr=0.001 | configured_lr=0.001 | grad_rms=0.428371 | activation_var(mean/min/max)=0.127453/0.0048681/0.230201
Epoch 603/834 | samples=1542 | steps=6 | train_objective=0.00279439 | training_physical_mse=0.000711622 | validation_physical_mse=0.00074141 | lr=0.001 | configured_lr=0.001 | grad_rms=0.338865 | activation_var(mean/min/max)=0.13035/0.00485372/0.235913
Epoch 604/834 | samples=1542 | steps=6 | train_objective=0.00300097 | training_physical_mse=0.000965522 | validation_physical_mse=0.000942842 | lr=0.001 | configured_lr=0.001 | grad_rms=0.378011 | activation_var(mean/min/max)=0.128451/0.00480355/0.232659
Epoch 605/834 | samples=1542 | steps=6 | train_objective=0.00324303 | training_physical_mse=0.00087499 | validation_physical_mse=0.000954206 | lr=0.001 | configured_lr=0.001 | grad_rms=0.638159 | activation_var(mean/min/max)=0.129585/0.00483465/0.234694
Epoch 606/834 | samples=1542 | steps=6 | train_objective=0.00313501 | training_physical_mse=0.000877794 | validation_physical_mse=0.000895837 | lr=0.001 | configured_lr=0.001 | grad_rms=0.425227 | activation_var(mean/min/max)=0.127727/0.00481609/0.23105
Epoch 607/834 | samples=1542 | steps=6 | train_objective=0.00279048 | training_physical_mse=0.000697698 | validation_physical_mse=0.000927397 | lr=0.001 | configured_lr=0.001 | grad_rms=0.346581 | activation_var(mean/min/max)=0.127035/0.00484289/0.22951
Epoch 608/834 | samples=1542 | steps=6 | train_objective=0.0032877 | training_physical_mse=0.000966349 | validation_physical_mse=0.00111561 | lr=0.001 | configured_lr=0.001 | grad_rms=0.785956 | activation_var(mean/min/max)=0.129974/0.00483257/0.235186
Epoch 609/834 | samples=1542 | steps=6 | train_objective=0.00336051 | training_physical_mse=0.00083214 | validation_physical_mse=0.000992359 | lr=0.001 | configured_lr=0.001 | grad_rms=0.801684 | activation_var(mean/min/max)=0.128642/0.00480893/0.232731
Epoch 610/834 | samples=1542 | steps=6 | train_objective=0.00287785 | training_physical_mse=0.000885264 | validation_physical_mse=0.000985117 | lr=0.001 | configured_lr=0.001 | grad_rms=0.50198 | activation_var(mean/min/max)=0.128745/0.0048491/0.233162
Epoch 611/834 | samples=1542 | steps=6 | train_objective=0.00301289 | training_physical_mse=0.00108154 | validation_physical_mse=0.000992667 | lr=0.001 | configured_lr=0.001 | grad_rms=0.689813 | activation_var(mean/min/max)=0.129946/0.00483792/0.234844
Epoch 612/834 | samples=1542 | steps=6 | train_objective=0.00355712 | training_physical_mse=0.0010574 | validation_physical_mse=0.00117338 | lr=0.001 | configured_lr=0.001 | grad_rms=0.982526 | activation_var(mean/min/max)=0.127317/0.00482153/0.229804
Epoch 613/834 | samples=1542 | steps=6 | train_objective=0.00414784 | training_physical_mse=0.00129149 | validation_physical_mse=0.00143095 | lr=0.001 | configured_lr=0.001 | grad_rms=0.911137 | activation_var(mean/min/max)=0.130576/0.00486267/0.236352
Epoch 614/834 | samples=1542 | steps=6 | train_objective=0.00348892 | training_physical_mse=0.000999165 | validation_physical_mse=0.00105496 | lr=0.001 | configured_lr=0.001 | grad_rms=0.703896 | activation_var(mean/min/max)=0.129728/0.0048099/0.23466
Epoch 615/834 | samples=1542 | steps=6 | train_objective=0.00367012 | training_physical_mse=0.00106332 | validation_physical_mse=0.00113415 | lr=0.001 | configured_lr=0.001 | grad_rms=0.781355 | activation_var(mean/min/max)=0.127418/0.00482458/0.229928
Epoch 616/834 | samples=1542 | steps=6 | train_objective=0.00339227 | training_physical_mse=0.0019167 | validation_physical_mse=0.00201434 | lr=0.001 | configured_lr=0.001 | grad_rms=0.820491 | activation_var(mean/min/max)=0.130282/0.00481754/0.235212
Epoch 617/834 | samples=1542 | steps=6 | train_objective=0.00399575 | training_physical_mse=0.00169475 | validation_physical_mse=0.00195103 | lr=0.001 | configured_lr=0.001 | grad_rms=0.89016 | activation_var(mean/min/max)=0.131014/0.00488267/0.236208
Epoch 618/834 | samples=1542 | steps=6 | train_objective=0.00448699 | training_physical_mse=0.00189898 | validation_physical_mse=0.00168703 | lr=0.001 | configured_lr=0.001 | grad_rms=0.968287 | activation_var(mean/min/max)=0.126764/0.00483764/0.228411
Epoch 619/834 | samples=1542 | steps=6 | train_objective=0.0042266 | training_physical_mse=0.00138809 | validation_physical_mse=0.00123429 | lr=0.001 | configured_lr=0.001 | grad_rms=0.7247 | activation_var(mean/min/max)=0.127517/0.00473331/0.230373
Epoch 620/834 | samples=1542 | steps=6 | train_objective=0.00400425 | training_physical_mse=0.00159914 | validation_physical_mse=0.00174995 | lr=0.001 | configured_lr=0.001 | grad_rms=0.46054 | activation_var(mean/min/max)=0.131505/0.00473023/0.237471
Epoch 621/834 | samples=1542 | steps=6 | train_objective=0.00367478 | training_physical_mse=0.000820075 | validation_physical_mse=0.000918592 | lr=0.001 | configured_lr=0.001 | grad_rms=0.580557 | activation_var(mean/min/max)=0.126593/0.00474504/0.227755
Epoch 622/834 | samples=1542 | steps=6 | train_objective=0.00349586 | training_physical_mse=0.00208625 | validation_physical_mse=0.00196078 | lr=0.001 | configured_lr=0.001 | grad_rms=0.690275 | activation_var(mean/min/max)=0.125308/0.00475187/0.225502
Epoch 623/834 | samples=1542 | steps=6 | train_objective=0.00407576 | training_physical_mse=0.0011976 | validation_physical_mse=0.00121334 | lr=0.001 | configured_lr=0.001 | grad_rms=1.062 | activation_var(mean/min/max)=0.123387/0.00472174/0.222064
Epoch 624/834 | samples=1542 | steps=6 | train_objective=0.00310822 | training_physical_mse=0.000806688 | validation_physical_mse=0.000937209 | lr=0.001 | configured_lr=0.001 | grad_rms=0.598194 | activation_var(mean/min/max)=0.125453/0.00477499/0.22568
Epoch 625/834 | samples=1542 | steps=6 | train_objective=0.00296627 | training_physical_mse=0.000675666 | validation_physical_mse=0.000852037 | lr=0.001 | configured_lr=0.001 | grad_rms=0.454025 | activation_var(mean/min/max)=0.126704/0.00476288/0.228049
Epoch 626/834 | samples=1542 | steps=6 | train_objective=0.00299787 | training_physical_mse=0.000737582 | validation_physical_mse=0.000726835 | lr=0.001 | configured_lr=0.001 | grad_rms=0.553541 | activation_var(mean/min/max)=0.125307/0.00469819/0.225449
Epoch 627/834 | samples=1542 | steps=6 | train_objective=0.00288461 | training_physical_mse=0.000770579 | validation_physical_mse=0.000845543 | lr=0.001 | configured_lr=0.001 | grad_rms=0.391524 | activation_var(mean/min/max)=0.125445/0.00470279/0.225703
Epoch 628/834 | samples=1542 | steps=6 | train_objective=0.00327329 | training_physical_mse=0.000800781 | validation_physical_mse=0.000963357 | lr=0.001 | configured_lr=0.001 | grad_rms=0.510651 | activation_var(mean/min/max)=0.125507/0.00467285/0.225901
Epoch 629/834 | samples=1542 | steps=6 | train_objective=0.00305397 | training_physical_mse=0.00126403 | validation_physical_mse=0.00161794 | lr=0.001 | configured_lr=0.001 | grad_rms=0.567752 | activation_var(mean/min/max)=0.128745/0.00470089/0.232559
Epoch 630/834 | samples=1542 | steps=6 | train_objective=0.00337083 | training_physical_mse=0.00124803 | validation_physical_mse=0.0015859 | lr=0.001 | configured_lr=0.001 | grad_rms=0.587449 | activation_var(mean/min/max)=0.125881/0.00466901/0.227398
Epoch 631/834 | samples=1542 | steps=6 | train_objective=0.00409425 | training_physical_mse=0.00138433 | validation_physical_mse=0.00140847 | lr=0.001 | configured_lr=0.001 | grad_rms=0.927257 | activation_var(mean/min/max)=0.123473/0.00469772/0.222326
Epoch 632/834 | samples=1542 | steps=6 | train_objective=0.00342869 | training_physical_mse=0.000998993 | validation_physical_mse=0.00113672 | lr=0.001 | configured_lr=0.001 | grad_rms=0.625057 | activation_var(mean/min/max)=0.12543/0.00470324/0.226277
Epoch 633/834 | samples=1542 | steps=6 | train_objective=0.00286088 | training_physical_mse=0.000663756 | validation_physical_mse=0.000762381 | lr=0.001 | configured_lr=0.001 | grad_rms=0.328955 | activation_var(mean/min/max)=0.124403/0.00472959/0.223888
Epoch 634/834 | samples=1542 | steps=6 | train_objective=0.00269141 | training_physical_mse=0.000719325 | validation_physical_mse=0.000872324 | lr=0.001 | configured_lr=0.001 | grad_rms=0.407888 | activation_var(mean/min/max)=0.124619/0.00470083/0.224254
Epoch 635/834 | samples=1542 | steps=6 | train_objective=0.00298639 | training_physical_mse=0.00112398 | validation_physical_mse=0.000989713 | lr=0.001 | configured_lr=0.001 | grad_rms=0.623895 | activation_var(mean/min/max)=0.125024/0.00473521/0.225026
Epoch 636/834 | samples=1542 | steps=6 | train_objective=0.0029991 | training_physical_mse=0.00127579 | validation_physical_mse=0.00124987 | lr=0.001 | configured_lr=0.001 | grad_rms=0.782248 | activation_var(mean/min/max)=0.123619/0.00468273/0.222731
Epoch 637/834 | samples=1542 | steps=6 | train_objective=0.00318741 | training_physical_mse=0.00103693 | validation_physical_mse=0.00108619 | lr=0.001 | configured_lr=0.001 | grad_rms=0.699094 | activation_var(mean/min/max)=0.1252/0.00470692/0.226093
Epoch 638/834 | samples=1542 | steps=6 | train_objective=0.00360419 | training_physical_mse=0.00161752 | validation_physical_mse=0.00163763 | lr=0.001 | configured_lr=0.001 | grad_rms=0.876632 | activation_var(mean/min/max)=0.124916/0.00476031/0.225351
Epoch 639/834 | samples=1542 | steps=6 | train_objective=0.00386208 | training_physical_mse=0.000827017 | validation_physical_mse=0.00094904 | lr=0.001 | configured_lr=0.001 | grad_rms=0.981236 | activation_var(mean/min/max)=0.122495/0.0047059/0.220601
Epoch 640/834 | samples=1542 | steps=6 | train_objective=0.00291179 | training_physical_mse=0.00102597 | validation_physical_mse=0.00110075 | lr=0.001 | configured_lr=0.001 | grad_rms=0.451133 | activation_var(mean/min/max)=0.124913/0.00474831/0.224401
Epoch 641/834 | samples=1542 | steps=6 | train_objective=0.00336281 | training_physical_mse=0.000736056 | validation_physical_mse=0.000891736 | lr=0.001 | configured_lr=0.001 | grad_rms=0.900147 | activation_var(mean/min/max)=0.123124/0.00476403/0.221305
Epoch 642/834 | samples=1542 | steps=6 | train_objective=0.00344274 | training_physical_mse=0.000711866 | validation_physical_mse=0.000855955 | lr=0.001 | configured_lr=0.001 | grad_rms=0.738448 | activation_var(mean/min/max)=0.12386/0.0047715/0.222568
Epoch 643/834 | samples=1542 | steps=6 | train_objective=0.00329782 | training_physical_mse=0.00101165 | validation_physical_mse=0.000947444 | lr=0.001 | configured_lr=0.001 | grad_rms=0.607099 | activation_var(mean/min/max)=0.12357/0.00475765/0.221731
Epoch 644/834 | samples=1542 | steps=6 | train_objective=0.00306304 | training_physical_mse=0.000852776 | validation_physical_mse=0.000898699 | lr=0.001 | configured_lr=0.001 | grad_rms=0.433549 | activation_var(mean/min/max)=0.125248/0.00475274/0.225006
Epoch 645/834 | samples=1542 | steps=6 | train_objective=0.00300229 | training_physical_mse=0.000871415 | validation_physical_mse=0.000846736 | lr=0.001 | configured_lr=0.001 | grad_rms=0.582108 | activation_var(mean/min/max)=0.120353/0.0046904/0.215814
Epoch 646/834 | samples=1542 | steps=6 | train_objective=0.00313426 | training_physical_mse=0.00112396 | validation_physical_mse=0.00124538 | lr=0.001 | configured_lr=0.001 | grad_rms=0.623179 | activation_var(mean/min/max)=0.122695/0.00468751/0.220305
Epoch 647/834 | samples=1542 | steps=6 | train_objective=0.00310878 | training_physical_mse=0.00055184 | validation_physical_mse=0.000718386 | lr=0.001 | configured_lr=0.001 | grad_rms=0.561868 | activation_var(mean/min/max)=0.126616/0.00470753/0.227936
Epoch 648/834 | samples=1542 | steps=6 | train_objective=0.00269534 | training_physical_mse=0.000668428 | validation_physical_mse=0.00069119 | lr=0.001 | configured_lr=0.001 | grad_rms=0.456849 | activation_var(mean/min/max)=0.121363/0.00467226/0.217712
Epoch 649/834 | samples=1542 | steps=6 | train_objective=0.00269352 | training_physical_mse=0.000677545 | validation_physical_mse=0.000839273 | lr=0.001 | configured_lr=0.001 | grad_rms=0.554819 | activation_var(mean/min/max)=0.121569/0.00475114/0.218091
Epoch 650/834 | samples=1542 | steps=6 | train_objective=0.00256545 | training_physical_mse=0.000786237 | validation_physical_mse=0.00088916 | lr=0.001 | configured_lr=0.001 | grad_rms=0.373104 | activation_var(mean/min/max)=0.123852/0.00474901/0.222643
Epoch 651/834 | samples=1542 | steps=6 | train_objective=0.0028706 | training_physical_mse=0.00109998 | validation_physical_mse=0.00118843 | lr=0.001 | configured_lr=0.001 | grad_rms=0.533042 | activation_var(mean/min/max)=0.123457/0.00474103/0.221637
Epoch 652/834 | samples=1542 | steps=6 | train_objective=0.00326133 | training_physical_mse=0.00129011 | validation_physical_mse=0.00168266 | lr=0.001 | configured_lr=0.001 | grad_rms=0.744505 | activation_var(mean/min/max)=0.123785/0.00477795/0.22228
Epoch 653/834 | samples=1542 | steps=6 | train_objective=0.00415825 | training_physical_mse=0.00184518 | validation_physical_mse=0.0017054 | lr=0.001 | configured_lr=0.001 | grad_rms=0.80605 | activation_var(mean/min/max)=0.121874/0.00469992/0.219068
Epoch 654/834 | samples=1542 | steps=6 | train_objective=0.00437336 | training_physical_mse=0.00198578 | validation_physical_mse=0.00199489 | lr=0.001 | configured_lr=0.001 | grad_rms=0.695151 | activation_var(mean/min/max)=0.119579/0.00454166/0.214947
Epoch 655/834 | samples=1542 | steps=6 | train_objective=0.00454701 | training_physical_mse=0.00157654 | validation_physical_mse=0.00187955 | lr=0.001 | configured_lr=0.001 | grad_rms=0.669453 | activation_var(mean/min/max)=0.130065/0.00451625/0.235805
Epoch 656/834 | samples=1542 | steps=6 | train_objective=0.00459699 | training_physical_mse=0.00161194 | validation_physical_mse=0.00154463 | lr=0.001 | configured_lr=0.001 | grad_rms=0.694032 | activation_var(mean/min/max)=0.126888/0.00441877/0.229934
Epoch 657/834 | samples=1542 | steps=6 | train_objective=0.00427987 | training_physical_mse=0.00146764 | validation_physical_mse=0.00156494 | lr=0.001 | configured_lr=0.001 | grad_rms=0.582209 | activation_var(mean/min/max)=0.118479/0.00438563/0.213342
Epoch 658/834 | samples=1542 | steps=6 | train_objective=0.00415851 | training_physical_mse=0.00102764 | validation_physical_mse=0.00103591 | lr=0.001 | configured_lr=0.001 | grad_rms=0.758342 | activation_var(mean/min/max)=0.116428/0.00442037/0.208306
Epoch 659/834 | samples=1542 | steps=6 | train_objective=0.00381492 | training_physical_mse=0.000828862 | validation_physical_mse=0.000863652 | lr=0.001 | configured_lr=0.001 | grad_rms=0.910192 | activation_var(mean/min/max)=0.121734/0.00428433/0.219873
Epoch 660/834 | samples=1542 | steps=6 | train_objective=0.00305092 | training_physical_mse=0.000943101 | validation_physical_mse=0.000846941 | lr=0.001 | configured_lr=0.001 | grad_rms=0.545867 | activation_var(mean/min/max)=0.121252/0.00428549/0.218495
Epoch 661/834 | samples=1542 | steps=6 | train_objective=0.00301688 | training_physical_mse=0.000892834 | validation_physical_mse=0.00102057 | lr=0.001 | configured_lr=0.001 | grad_rms=0.365818 | activation_var(mean/min/max)=0.121669/0.00429659/0.218791
Epoch 662/834 | samples=1542 | steps=6 | train_objective=0.0030332 | training_physical_mse=0.000810275 | validation_physical_mse=0.000923851 | lr=0.001 | configured_lr=0.001 | grad_rms=0.397109 | activation_var(mean/min/max)=0.120773/0.00433053/0.217229
Epoch 663/834 | samples=1542 | steps=6 | train_objective=0.00287023 | training_physical_mse=0.000804694 | validation_physical_mse=0.000925032 | lr=0.001 | configured_lr=0.001 | grad_rms=0.419088 | activation_var(mean/min/max)=0.122179/0.00436789/0.219608
Epoch 664/834 | samples=1542 | steps=6 | train_objective=0.00269719 | training_physical_mse=0.000657284 | validation_physical_mse=0.000664164 | lr=0.001 | configured_lr=0.001 | grad_rms=0.313685 | activation_var(mean/min/max)=0.118529/0.00437976/0.21266
Epoch 665/834 | samples=1542 | steps=6 | train_objective=0.00250209 | training_physical_mse=0.000569149 | validation_physical_mse=0.000612987 | lr=0.001 | configured_lr=0.001 | grad_rms=0.170085 | activation_var(mean/min/max)=0.120342/0.0044065/0.216038
Epoch 666/834 | samples=1542 | steps=6 | train_objective=0.00256277 | training_physical_mse=0.000550467 | validation_physical_mse=0.000596749 | lr=0.001 | configured_lr=0.001 | grad_rms=0.278921 | activation_var(mean/min/max)=0.11964/0.00441723/0.214642
Epoch 667/834 | samples=1542 | steps=6 | train_objective=0.00258036 | training_physical_mse=0.000757781 | validation_physical_mse=0.000780584 | lr=0.001 | configured_lr=0.001 | grad_rms=0.498298 | activation_var(mean/min/max)=0.121133/0.00444141/0.217534
Epoch 668/834 | samples=1542 | steps=6 | train_objective=0.00325545 | training_physical_mse=0.00103569 | validation_physical_mse=0.00117466 | lr=0.001 | configured_lr=0.001 | grad_rms=0.813253 | activation_var(mean/min/max)=0.120708/0.00445235/0.217023
Epoch 669/834 | samples=1542 | steps=6 | train_objective=0.00296696 | training_physical_mse=0.000753496 | validation_physical_mse=0.000839621 | lr=0.001 | configured_lr=0.001 | grad_rms=0.51517 | activation_var(mean/min/max)=0.119523/0.00443866/0.215105
Epoch 670/834 | samples=1542 | steps=6 | train_objective=0.00306194 | training_physical_mse=0.000844255 | validation_physical_mse=0.00107307 | lr=0.001 | configured_lr=0.001 | grad_rms=0.464751 | activation_var(mean/min/max)=0.118579/0.00442821/0.213207
Epoch 671/834 | samples=1542 | steps=6 | train_objective=0.00307126 | training_physical_mse=0.00110547 | validation_physical_mse=0.00132358 | lr=0.001 | configured_lr=0.001 | grad_rms=0.53427 | activation_var(mean/min/max)=0.119409/0.00443091/0.215004
Epoch 672/834 | samples=1542 | steps=6 | train_objective=0.00293971 | training_physical_mse=0.000966457 | validation_physical_mse=0.00112547 | lr=0.001 | configured_lr=0.001 | grad_rms=0.471416 | activation_var(mean/min/max)=0.118362/0.0043865/0.213044
Epoch 673/834 | samples=1542 | steps=6 | train_objective=0.00307396 | training_physical_mse=0.000817185 | validation_physical_mse=0.000916201 | lr=0.001 | configured_lr=0.001 | grad_rms=0.399787 | activation_var(mean/min/max)=0.121558/0.00435922/0.218898
Epoch 674/834 | samples=1542 | steps=6 | train_objective=0.00284041 | training_physical_mse=0.000925586 | validation_physical_mse=0.00107482 | lr=0.001 | configured_lr=0.001 | grad_rms=0.499271 | activation_var(mean/min/max)=0.120121/0.00437173/0.216169
Epoch 675/834 | samples=1542 | steps=6 | train_objective=0.00291667 | training_physical_mse=0.000906993 | validation_physical_mse=0.00103369 | lr=0.001 | configured_lr=0.001 | grad_rms=0.537201 | activation_var(mean/min/max)=0.118201/0.00440178/0.212368
Epoch 676/834 | samples=1542 | steps=6 | train_objective=0.00283831 | training_physical_mse=0.000772163 | validation_physical_mse=0.00095623 | lr=0.001 | configured_lr=0.001 | grad_rms=0.530699 | activation_var(mean/min/max)=0.118696/0.00439429/0.213532
Epoch 677/834 | samples=1542 | steps=6 | train_objective=0.00274833 | training_physical_mse=0.000761098 | validation_physical_mse=0.000884567 | lr=0.001 | configured_lr=0.001 | grad_rms=0.499849 | activation_var(mean/min/max)=0.118949/0.00436838/0.213789
Epoch 678/834 | samples=1542 | steps=6 | train_objective=0.00274097 | training_physical_mse=0.000720443 | validation_physical_mse=0.0009138 | lr=0.001 | configured_lr=0.001 | grad_rms=0.374949 | activation_var(mean/min/max)=0.120483/0.00438845/0.216708
Epoch 679/834 | samples=1542 | steps=6 | train_objective=0.00262245 | training_physical_mse=0.00128008 | validation_physical_mse=0.0011877 | lr=0.001 | configured_lr=0.001 | grad_rms=0.36482 | activation_var(mean/min/max)=0.118554/0.00436464/0.212862
Epoch 680/834 | samples=1542 | steps=6 | train_objective=0.00329163 | training_physical_mse=0.000778762 | validation_physical_mse=0.000937008 | lr=0.001 | configured_lr=0.001 | grad_rms=0.573267 | activation_var(mean/min/max)=0.119642/0.00437533/0.215124
Epoch 681/834 | samples=1542 | steps=6 | train_objective=0.00326763 | training_physical_mse=0.000959779 | validation_physical_mse=0.000960117 | lr=0.001 | configured_lr=0.001 | grad_rms=0.549568 | activation_var(mean/min/max)=0.116291/0.00435367/0.20829
Epoch 682/834 | samples=1542 | steps=6 | train_objective=0.00358494 | training_physical_mse=0.000862936 | validation_physical_mse=0.000745366 | lr=0.001 | configured_lr=0.001 | grad_rms=0.55945 | activation_var(mean/min/max)=0.117167/0.004314/0.210012
Epoch 683/834 | samples=1542 | steps=6 | train_objective=0.00300907 | training_physical_mse=0.00075624 | validation_physical_mse=0.000827688 | lr=0.001 | configured_lr=0.001 | grad_rms=0.393716 | activation_var(mean/min/max)=0.115701/0.00431232/0.206887
Epoch 684/834 | samples=1542 | steps=6 | train_objective=0.00288632 | training_physical_mse=0.00110197 | validation_physical_mse=0.00113014 | lr=0.001 | configured_lr=0.001 | grad_rms=0.4074 | activation_var(mean/min/max)=0.117641/0.00427766/0.210651
Epoch 685/834 | samples=1542 | steps=6 | train_objective=0.00333588 | training_physical_mse=0.000895465 | validation_physical_mse=0.000896079 | lr=0.001 | configured_lr=0.001 | grad_rms=0.666773 | activation_var(mean/min/max)=0.115558/0.00428631/0.206715
Epoch 686/834 | samples=1542 | steps=6 | train_objective=0.00394822 | training_physical_mse=0.00117796 | validation_physical_mse=0.0011662 | lr=0.001 | configured_lr=0.001 | grad_rms=0.647445 | activation_var(mean/min/max)=0.114838/0.00421879/0.206139
Epoch 687/834 | samples=1542 | steps=6 | train_objective=0.00363985 | training_physical_mse=0.00110135 | validation_physical_mse=0.00136339 | lr=0.001 | configured_lr=0.001 | grad_rms=0.89279 | activation_var(mean/min/max)=0.116971/0.00421182/0.21045
Epoch 688/834 | samples=1542 | steps=6 | train_objective=0.00348086 | training_physical_mse=0.000813329 | validation_physical_mse=0.000910605 | lr=0.001 | configured_lr=0.001 | grad_rms=0.787597 | activation_var(mean/min/max)=0.117403/0.00421102/0.210482
Epoch 689/834 | samples=1542 | steps=6 | train_objective=0.00347077 | training_physical_mse=0.00137044 | validation_physical_mse=0.00140376 | lr=0.001 | configured_lr=0.001 | grad_rms=0.61828 | activation_var(mean/min/max)=0.113928/0.00413904/0.203745
Epoch 690/834 | samples=1542 | steps=6 | train_objective=0.00436557 | training_physical_mse=0.000938028 | validation_physical_mse=0.00102793 | lr=0.001 | configured_lr=0.001 | grad_rms=0.816829 | activation_var(mean/min/max)=0.114234/0.00420664/0.203681
Epoch 691/834 | samples=1542 | steps=6 | train_objective=0.00389581 | training_physical_mse=0.00169549 | validation_physical_mse=0.00203453 | lr=0.001 | configured_lr=0.001 | grad_rms=0.683119 | activation_var(mean/min/max)=0.112588/0.00423521/0.201045
Epoch 692/834 | samples=1542 | steps=6 | train_objective=0.00447132 | training_physical_mse=0.00128458 | validation_physical_mse=0.00149999 | lr=0.001 | configured_lr=0.001 | grad_rms=0.877905 | activation_var(mean/min/max)=0.113849/0.0042289/0.203553
Epoch 693/834 | samples=1542 | steps=6 | train_objective=0.00471595 | training_physical_mse=0.000892933 | validation_physical_mse=0.00101675 | lr=0.001 | configured_lr=0.001 | grad_rms=1.06224 | activation_var(mean/min/max)=0.11098/0.00422196/0.198009
Epoch 694/834 | samples=1542 | steps=6 | train_objective=0.00433125 | training_physical_mse=0.00213891 | validation_physical_mse=0.00219432 | lr=0.001 | configured_lr=0.001 | grad_rms=1.13464 | activation_var(mean/min/max)=0.114714/0.00420631/0.205189
Epoch 695/834 | samples=1542 | steps=6 | train_objective=0.00533702 | training_physical_mse=0.00210773 | validation_physical_mse=0.00205997 | lr=0.001 | configured_lr=0.001 | grad_rms=0.977551 | activation_var(mean/min/max)=0.110945/0.00413378/0.198721
Epoch 696/834 | samples=1542 | steps=6 | train_objective=0.00515574 | training_physical_mse=0.00171482 | validation_physical_mse=0.00161816 | lr=0.001 | configured_lr=0.001 | grad_rms=1.03095 | activation_var(mean/min/max)=0.108719/0.00414163/0.1943
Epoch 697/834 | samples=1542 | steps=6 | train_objective=0.0040673 | training_physical_mse=0.00107722 | validation_physical_mse=0.00120753 | lr=0.001 | configured_lr=0.001 | grad_rms=0.790859 | activation_var(mean/min/max)=0.109906/0.00409302/0.196129
Epoch 698/834 | samples=1542 | steps=6 | train_objective=0.00378488 | training_physical_mse=0.00154387 | validation_physical_mse=0.00153902 | lr=0.001 | configured_lr=0.001 | grad_rms=0.540211 | activation_var(mean/min/max)=0.113698/0.00405516/0.202867
Epoch 699/834 | samples=1542 | steps=6 | train_objective=0.00407177 | training_physical_mse=0.0011507 | validation_physical_mse=0.00126534 | lr=0.001 | configured_lr=0.001 | grad_rms=0.5416 | activation_var(mean/min/max)=0.110117/0.00405399/0.196194
Epoch 700/834 | samples=1542 | steps=6 | train_objective=0.00383045 | training_physical_mse=0.00117909 | validation_physical_mse=0.0012131 | lr=0.001 | configured_lr=0.001 | grad_rms=0.804497 | activation_var(mean/min/max)=0.106132/0.0040342/0.188728
Epoch 701/834 | samples=1542 | steps=6 | train_objective=0.00310972 | training_physical_mse=0.000924239 | validation_physical_mse=0.00125553 | lr=0.001 | configured_lr=0.001 | grad_rms=0.379074 | activation_var(mean/min/max)=0.109464/0.00403195/0.194686
Epoch 702/834 | samples=1542 | steps=6 | train_objective=0.00300785 | training_physical_mse=0.000803225 | validation_physical_mse=0.000878994 | lr=0.001 | configured_lr=0.001 | grad_rms=0.304729 | activation_var(mean/min/max)=0.109612/0.00400727/0.195079
Epoch 703/834 | samples=1542 | steps=6 | train_objective=0.00285754 | training_physical_mse=0.000845135 | validation_physical_mse=0.000846485 | lr=0.001 | configured_lr=0.001 | grad_rms=0.343996 | activation_var(mean/min/max)=0.110059/0.00401296/0.195671
Epoch 704/834 | samples=1542 | steps=6 | train_objective=0.00345 | training_physical_mse=0.00117458 | validation_physical_mse=0.0010977 | lr=0.001 | configured_lr=0.001 | grad_rms=0.875603 | activation_var(mean/min/max)=0.109053/0.00399889/0.193905
Epoch 705/834 | samples=1542 | steps=6 | train_objective=0.00520938 | training_physical_mse=0.00180681 | validation_physical_mse=0.00159574 | lr=0.001 | configured_lr=0.001 | grad_rms=1.42996 | activation_var(mean/min/max)=0.112374/0.00405342/0.200404
Epoch 706/834 | samples=1542 | steps=6 | train_objective=0.00476 | training_physical_mse=0.00177293 | validation_physical_mse=0.00168009 | lr=0.001 | configured_lr=0.001 | grad_rms=1.2791 | activation_var(mean/min/max)=0.108398/0.00407305/0.193276
Epoch 707/834 | samples=1542 | steps=6 | train_objective=0.00422646 | training_physical_mse=0.0012036 | validation_physical_mse=0.00124245 | lr=0.001 | configured_lr=0.001 | grad_rms=0.987144 | activation_var(mean/min/max)=0.106337/0.00404722/0.189309
Epoch 708/834 | samples=1542 | steps=6 | train_objective=0.00349674 | training_physical_mse=0.000887063 | validation_physical_mse=0.000982869 | lr=0.001 | configured_lr=0.001 | grad_rms=0.636241 | activation_var(mean/min/max)=0.111291/0.00415733/0.19847
Epoch 709/834 | samples=1542 | steps=6 | train_objective=0.00351253 | training_physical_mse=0.00121902 | validation_physical_mse=0.00102004 | lr=0.001 | configured_lr=0.001 | grad_rms=0.556526 | activation_var(mean/min/max)=0.110217/0.0041132/0.196296
Epoch 710/834 | samples=1542 | steps=6 | train_objective=0.00341229 | training_physical_mse=0.00106528 | validation_physical_mse=0.00120525 | lr=0.001 | configured_lr=0.001 | grad_rms=0.626884 | activation_var(mean/min/max)=0.106917/0.00409703/0.190207
Epoch 711/834 | samples=1542 | steps=6 | train_objective=0.00309096 | training_physical_mse=0.00111812 | validation_physical_mse=0.00113109 | lr=0.001 | configured_lr=0.001 | grad_rms=0.416978 | activation_var(mean/min/max)=0.108784/0.00412385/0.193396
Epoch 712/834 | samples=1542 | steps=6 | train_objective=0.00330163 | training_physical_mse=0.00074163 | validation_physical_mse=0.000936604 | lr=0.001 | configured_lr=0.001 | grad_rms=0.468837 | activation_var(mean/min/max)=0.107634/0.00412732/0.190785
Epoch 713/834 | samples=1542 | steps=6 | train_objective=0.00330185 | training_physical_mse=0.00129916 | validation_physical_mse=0.00136779 | lr=0.001 | configured_lr=0.001 | grad_rms=0.648038 | activation_var(mean/min/max)=0.109169/0.00408272/0.193639
Epoch 714/834 | samples=1542 | steps=6 | train_objective=0.00332012 | training_physical_mse=0.000951658 | validation_physical_mse=0.00139757 | lr=0.001 | configured_lr=0.001 | grad_rms=0.597332 | activation_var(mean/min/max)=0.109657/0.00408356/0.194849
Epoch 715/834 | samples=1542 | steps=6 | train_objective=0.00333303 | training_physical_mse=0.000986215 | validation_physical_mse=0.00109531 | lr=0.001 | configured_lr=0.001 | grad_rms=0.67879 | activation_var(mean/min/max)=0.108797/0.00411793/0.19266
Epoch 716/834 | samples=1542 | steps=6 | train_objective=0.00360764 | training_physical_mse=0.000899765 | validation_physical_mse=0.000940004 | lr=0.001 | configured_lr=0.001 | grad_rms=0.526763 | activation_var(mean/min/max)=0.106056/0.004059/0.187948
Epoch 717/834 | samples=1542 | steps=6 | train_objective=0.00292485 | training_physical_mse=0.000897119 | validation_physical_mse=0.00082219 | lr=0.001 | configured_lr=0.001 | grad_rms=0.34892 | activation_var(mean/min/max)=0.103829/0.00399484/0.183481
Epoch 718/834 | samples=1542 | steps=6 | train_objective=0.00346952 | training_physical_mse=0.000781096 | validation_physical_mse=0.000994121 | lr=0.001 | configured_lr=0.001 | grad_rms=0.658329 | activation_var(mean/min/max)=0.11042/0.00399407/0.195906
Epoch 719/834 | samples=1542 | steps=6 | train_objective=0.00289442 | training_physical_mse=0.000592951 | validation_physical_mse=0.000694709 | lr=0.001 | configured_lr=0.001 | grad_rms=0.576881 | activation_var(mean/min/max)=0.105453/0.00403029/0.186315
Epoch 720/834 | samples=1542 | steps=6 | train_objective=0.00267281 | training_physical_mse=0.000625244 | validation_physical_mse=0.000703819 | lr=0.001 | configured_lr=0.001 | grad_rms=0.415373 | activation_var(mean/min/max)=0.10488/0.00402178/0.185434
Epoch 721/834 | samples=1542 | steps=6 | train_objective=0.00261929 | training_physical_mse=0.000708694 | validation_physical_mse=0.00104085 | lr=0.001 | configured_lr=0.001 | grad_rms=0.319486 | activation_var(mean/min/max)=0.106423/0.00404091/0.188527
Epoch 722/834 | samples=1542 | steps=6 | train_objective=0.0028164 | training_physical_mse=0.000570969 | validation_physical_mse=0.000647729 | lr=0.001 | configured_lr=0.001 | grad_rms=0.40658 | activation_var(mean/min/max)=0.106521/0.00404035/0.188565
Epoch 723/834 | samples=1542 | steps=6 | train_objective=0.00246749 | training_physical_mse=0.000670596 | validation_physical_mse=0.000910897 | lr=0.001 | configured_lr=0.001 | grad_rms=0.28461 | activation_var(mean/min/max)=0.10806/0.00402969/0.191996
Epoch 724/834 | samples=1542 | steps=6 | train_objective=0.00244396 | training_physical_mse=0.000457905 | validation_physical_mse=0.000572744 | lr=0.001 | configured_lr=0.001 | grad_rms=0.390244 | activation_var(mean/min/max)=0.107974/0.00405448/0.191731
Epoch 725/834 | samples=1542 | steps=6 | train_objective=0.00252424 | training_physical_mse=0.000900426 | validation_physical_mse=0.001016 | lr=0.001 | configured_lr=0.001 | grad_rms=0.413218 | activation_var(mean/min/max)=0.106602/0.00405141/0.188734
Epoch 726/834 | samples=1542 | steps=6 | train_objective=0.00297266 | training_physical_mse=0.000704031 | validation_physical_mse=0.000807273 | lr=0.001 | configured_lr=0.001 | grad_rms=0.653077 | activation_var(mean/min/max)=0.107525/0.00406662/0.190429
Epoch 727/834 | samples=1542 | steps=6 | train_objective=0.00274197 | training_physical_mse=0.000973511 | validation_physical_mse=0.00101357 | lr=0.001 | configured_lr=0.001 | grad_rms=0.540909 | activation_var(mean/min/max)=0.106935/0.00401276/0.189271
Epoch 728/834 | samples=1542 | steps=6 | train_objective=0.00314369 | training_physical_mse=0.0010886 | validation_physical_mse=0.0016203 | lr=0.001 | configured_lr=0.001 | grad_rms=0.425779 | activation_var(mean/min/max)=0.10824/0.00404265/0.192166
Epoch 729/834 | samples=1542 | steps=6 | train_objective=0.0033422 | training_physical_mse=0.00102107 | validation_physical_mse=0.000994032 | lr=0.001 | configured_lr=0.001 | grad_rms=0.397206 | activation_var(mean/min/max)=0.106266/0.00398811/0.188531
Epoch 730/834 | samples=1542 | steps=6 | train_objective=0.00394221 | training_physical_mse=0.00116969 | validation_physical_mse=0.00131135 | lr=0.001 | configured_lr=0.001 | grad_rms=1.021 | activation_var(mean/min/max)=0.106075/0.00394383/0.188582
Epoch 731/834 | samples=1542 | steps=6 | train_objective=0.00329346 | training_physical_mse=0.000732771 | validation_physical_mse=0.00083329 | lr=0.001 | configured_lr=0.001 | grad_rms=0.652358 | activation_var(mean/min/max)=0.10576/0.00393664/0.187852
Epoch 732/834 | samples=1542 | steps=6 | train_objective=0.00307552 | training_physical_mse=0.00118632 | validation_physical_mse=0.00109706 | lr=0.001 | configured_lr=0.001 | grad_rms=0.524286 | activation_var(mean/min/max)=0.10563/0.0040021/0.186758
Epoch 733/834 | samples=1542 | steps=6 | train_objective=0.00369094 | training_physical_mse=0.000758168 | validation_physical_mse=0.000717664 | lr=0.001 | configured_lr=0.001 | grad_rms=0.666767 | activation_var(mean/min/max)=0.10157/0.00391068/0.179434
Epoch 734/834 | samples=1542 | steps=6 | train_objective=0.00580514 | training_physical_mse=0.00391657 | validation_physical_mse=0.00414057 | lr=0.001 | configured_lr=0.001 | grad_rms=1.67663 | activation_var(mean/min/max)=0.10753/0.00395622/0.190851
Epoch 735/834 | samples=1542 | steps=6 | train_objective=0.00846612 | training_physical_mse=0.0048064 | validation_physical_mse=0.00482739 | lr=0.001 | configured_lr=0.001 | grad_rms=1.92797 | activation_var(mean/min/max)=0.103937/0.00392262/0.184481
Epoch 736/834 | samples=1542 | steps=6 | train_objective=0.00924501 | training_physical_mse=0.00310003 | validation_physical_mse=0.00271412 | lr=0.001 | configured_lr=0.001 | grad_rms=1.67012 | activation_var(mean/min/max)=0.106972/0.00410337/0.18892
Epoch 737/834 | samples=1542 | steps=6 | train_objective=0.00755804 | training_physical_mse=0.00199561 | validation_physical_mse=0.00222253 | lr=0.001 | configured_lr=0.001 | grad_rms=1.28645 | activation_var(mean/min/max)=0.0943364/0.00392762/0.164875
Epoch 738/834 | samples=1542 | steps=6 | train_objective=0.00470469 | training_physical_mse=0.00170859 | validation_physical_mse=0.00195938 | lr=0.001 | configured_lr=0.001 | grad_rms=0.819463 | activation_var(mean/min/max)=0.104982/0.00380351/0.18485
Epoch 739/834 | samples=1542 | steps=6 | train_objective=0.0060262 | training_physical_mse=0.00208021 | validation_physical_mse=0.00173793 | lr=0.001 | configured_lr=0.001 | grad_rms=1.22402 | activation_var(mean/min/max)=0.106922/0.00373199/0.187797
Epoch 740/834 | samples=1542 | steps=6 | train_objective=0.00473315 | training_physical_mse=0.0012912 | validation_physical_mse=0.00136285 | lr=0.001 | configured_lr=0.001 | grad_rms=0.788399 | activation_var(mean/min/max)=0.109497/0.00378628/0.192625
Epoch 741/834 | samples=1542 | steps=6 | train_objective=0.00616539 | training_physical_mse=0.00226892 | validation_physical_mse=0.00336893 | lr=0.001 | configured_lr=0.001 | grad_rms=1.27162 | activation_var(mean/min/max)=0.10447/0.00370433/0.183816
Epoch 742/834 | samples=1542 | steps=6 | train_objective=0.00543728 | training_physical_mse=0.00146092 | validation_physical_mse=0.001804 | lr=0.001 | configured_lr=0.001 | grad_rms=0.844023 | activation_var(mean/min/max)=0.107452/0.00373795/0.189898
Epoch 743/834 | samples=1542 | steps=6 | train_objective=0.00445758 | training_physical_mse=0.00109026 | validation_physical_mse=0.00154383 | lr=0.001 | configured_lr=0.001 | grad_rms=0.908886 | activation_var(mean/min/max)=0.112535/0.00376413/0.199066
Epoch 744/834 | samples=1542 | steps=6 | train_objective=0.00341878 | training_physical_mse=0.00121851 | validation_physical_mse=0.00139226 | lr=0.001 | configured_lr=0.001 | grad_rms=0.415289 | activation_var(mean/min/max)=0.105147/0.00382833/0.185008
Epoch 745/834 | samples=1542 | steps=6 | train_objective=0.00338007 | training_physical_mse=0.00115076 | validation_physical_mse=0.00135591 | lr=0.001 | configured_lr=0.001 | grad_rms=0.486382 | activation_var(mean/min/max)=0.104004/0.00390965/0.182546
Epoch 746/834 | samples=1542 | steps=6 | train_objective=0.00318215 | training_physical_mse=0.00063871 | validation_physical_mse=0.000771489 | lr=0.001 | configured_lr=0.001 | grad_rms=0.699269 | activation_var(mean/min/max)=0.106384/0.00393328/0.186558
Epoch 747/834 | samples=1542 | steps=6 | train_objective=0.00294651 | training_physical_mse=0.00124053 | validation_physical_mse=0.0012456 | lr=0.001 | configured_lr=0.001 | grad_rms=0.749987 | activation_var(mean/min/max)=0.106318/0.00389434/0.186687
Epoch 748/834 | samples=1542 | steps=6 | train_objective=0.00293018 | training_physical_mse=0.000873508 | validation_physical_mse=0.000983167 | lr=0.001 | configured_lr=0.001 | grad_rms=0.729239 | activation_var(mean/min/max)=0.106997/0.0039464/0.188182
Epoch 749/834 | samples=1542 | steps=6 | train_objective=0.00349882 | training_physical_mse=0.00211594 | validation_physical_mse=0.00185988 | lr=0.001 | configured_lr=0.001 | grad_rms=1.11534 | activation_var(mean/min/max)=0.103186/0.00390236/0.181055
Epoch 750/834 | samples=1542 | steps=6 | train_objective=0.00534541 | training_physical_mse=0.00315231 | validation_physical_mse=0.00306186 | lr=0.001 | configured_lr=0.001 | grad_rms=1.71407 | activation_var(mean/min/max)=0.106629/0.00398722/0.18793
Epoch 751/834 | samples=1542 | steps=6 | train_objective=0.0063374 | training_physical_mse=0.00291145 | validation_physical_mse=0.0030637 | lr=0.001 | configured_lr=0.001 | grad_rms=1.85733 | activation_var(mean/min/max)=0.1054/0.00397647/0.185836
Epoch 752/834 | samples=1542 | steps=6 | train_objective=0.00434954 | training_physical_mse=0.00206147 | validation_physical_mse=0.00222553 | lr=0.001 | configured_lr=0.001 | grad_rms=1.05576 | activation_var(mean/min/max)=0.103987/0.00403471/0.182677
Epoch 753/834 | samples=1542 | steps=6 | train_objective=0.00591319 | training_physical_mse=0.00253286 | validation_physical_mse=0.00238997 | lr=0.001 | configured_lr=0.001 | grad_rms=1.42805 | activation_var(mean/min/max)=0.102013/0.00402157/0.178784
Epoch 754/834 | samples=1542 | steps=6 | train_objective=0.0055103 | training_physical_mse=0.00221214 | validation_physical_mse=0.00184781 | lr=0.001 | configured_lr=0.001 | grad_rms=0.938884 | activation_var(mean/min/max)=0.0960838/0.00427189/0.166129
Epoch 755/834 | samples=1542 | steps=6 | train_objective=0.00468848 | training_physical_mse=0.00159545 | validation_physical_mse=0.00162471 | lr=0.001 | configured_lr=0.001 | grad_rms=1.00376 | activation_var(mean/min/max)=0.104018/0.00406463/0.181661
Epoch 756/834 | samples=1542 | steps=6 | train_objective=0.0041456 | training_physical_mse=0.00133504 | validation_physical_mse=0.00160907 | lr=0.001 | configured_lr=0.001 | grad_rms=0.515321 | activation_var(mean/min/max)=0.105428/0.00405684/0.18528
Epoch 757/834 | samples=1542 | steps=6 | train_objective=0.00374894 | training_physical_mse=0.00173027 | validation_physical_mse=0.00170187 | lr=0.001 | configured_lr=0.001 | grad_rms=0.483656 | activation_var(mean/min/max)=0.105815/0.00393381/0.186022
Epoch 758/834 | samples=1542 | steps=6 | train_objective=0.0043545 | training_physical_mse=0.00163938 | validation_physical_mse=0.00200119 | lr=0.001 | configured_lr=0.001 | grad_rms=0.828701 | activation_var(mean/min/max)=0.104335/0.00390567/0.182848
Epoch 759/834 | samples=1542 | steps=6 | train_objective=0.00373872 | training_physical_mse=0.0011009 | validation_physical_mse=0.0012638 | lr=0.001 | configured_lr=0.001 | grad_rms=0.620345 | activation_var(mean/min/max)=0.101474/0.00388359/0.176884
Epoch 760/834 | samples=1542 | steps=6 | train_objective=0.0034663 | training_physical_mse=0.00170859 | validation_physical_mse=0.00175427 | lr=0.001 | configured_lr=0.001 | grad_rms=0.488751 | activation_var(mean/min/max)=0.101031/0.00399394/0.175618
Epoch 761/834 | samples=1542 | steps=6 | train_objective=0.00344077 | training_physical_mse=0.00126936 | validation_physical_mse=0.00114133 | lr=0.001 | configured_lr=0.001 | grad_rms=0.426105 | activation_var(mean/min/max)=0.101098/0.00401457/0.175462
Epoch 762/834 | samples=1542 | steps=6 | train_objective=0.00314975 | training_physical_mse=0.00102796 | validation_physical_mse=0.00128157 | lr=0.001 | configured_lr=0.001 | grad_rms=0.422248 | activation_var(mean/min/max)=0.101311/0.00399879/0.175884
Epoch 763/834 | samples=1542 | steps=6 | train_objective=0.00308247 | training_physical_mse=0.000777458 | validation_physical_mse=0.000805285 | lr=0.001 | configured_lr=0.001 | grad_rms=0.322197 | activation_var(mean/min/max)=0.100663/0.0039455/0.174756
Epoch 764/834 | samples=1542 | steps=6 | train_objective=0.00265176 | training_physical_mse=0.00079152 | validation_physical_mse=0.0010463 | lr=0.001 | configured_lr=0.001 | grad_rms=0.348171 | activation_var(mean/min/max)=0.102811/0.00392757/0.178968
Epoch 765/834 | samples=1542 | steps=6 | train_objective=0.00260415 | training_physical_mse=0.000573645 | validation_physical_mse=0.000798815 | lr=0.001 | configured_lr=0.001 | grad_rms=0.337914 | activation_var(mean/min/max)=0.101435/0.00390166/0.17656
Epoch 766/834 | samples=1542 | steps=6 | train_objective=0.00228358 | training_physical_mse=0.000543172 | validation_physical_mse=0.000707924 | lr=0.001 | configured_lr=0.001 | grad_rms=0.21656 | activation_var(mean/min/max)=0.101775/0.00390639/0.17721
Epoch 767/834 | samples=1542 | steps=6 | train_objective=0.00221013 | training_physical_mse=0.000613375 | validation_physical_mse=0.000840288 | lr=0.001 | configured_lr=0.001 | grad_rms=0.335046 | activation_var(mean/min/max)=0.101678/0.00391717/0.177117
Epoch 768/834 | samples=1542 | steps=6 | train_objective=0.00241591 | training_physical_mse=0.000578996 | validation_physical_mse=0.000821078 | lr=0.001 | configured_lr=0.001 | grad_rms=0.459446 | activation_var(mean/min/max)=0.100525/0.0039401/0.175309
Epoch 769/834 | samples=1542 | steps=6 | train_objective=0.00249327 | training_physical_mse=0.000657512 | validation_physical_mse=0.000797285 | lr=0.001 | configured_lr=0.001 | grad_rms=0.438858 | activation_var(mean/min/max)=0.101193/0.00390623/0.176626
Epoch 770/834 | samples=1542 | steps=6 | train_objective=0.00252208 | training_physical_mse=0.00044614 | validation_physical_mse=0.000645001 | lr=0.001 | configured_lr=0.001 | grad_rms=0.584945 | activation_var(mean/min/max)=0.101507/0.00391702/0.177354
Epoch 771/834 | samples=1542 | steps=6 | train_objective=0.00261621 | training_physical_mse=0.000562295 | validation_physical_mse=0.000699528 | lr=0.001 | configured_lr=0.001 | grad_rms=0.467175 | activation_var(mean/min/max)=0.102238/0.00394964/0.178873
Epoch 772/834 | samples=1542 | steps=6 | train_objective=0.00270634 | training_physical_mse=0.000754572 | validation_physical_mse=0.000991919 | lr=0.001 | configured_lr=0.001 | grad_rms=0.658852 | activation_var(mean/min/max)=0.101236/0.00395864/0.177151
Epoch 773/834 | samples=1542 | steps=6 | train_objective=0.00285571 | training_physical_mse=0.00102983 | validation_physical_mse=0.000928033 | lr=0.001 | configured_lr=0.001 | grad_rms=0.777891 | activation_var(mean/min/max)=0.099727/0.00389981/0.174325
Epoch 774/834 | samples=1542 | steps=6 | train_objective=0.00321558 | training_physical_mse=0.000757986 | validation_physical_mse=0.00135142 | lr=0.001 | configured_lr=0.001 | grad_rms=0.671982 | activation_var(mean/min/max)=0.101245/0.00392549/0.177395
Epoch 775/834 | samples=1542 | steps=6 | train_objective=0.00301298 | training_physical_mse=0.00076246 | validation_physical_mse=0.00083414 | lr=0.001 | configured_lr=0.001 | grad_rms=0.589067 | activation_var(mean/min/max)=0.102278/0.00393501/0.17911
Epoch 776/834 | samples=1542 | steps=6 | train_objective=0.00286938 | training_physical_mse=0.00128886 | validation_physical_mse=0.00168622 | lr=0.001 | configured_lr=0.001 | grad_rms=0.41806 | activation_var(mean/min/max)=0.0993052/0.00388546/0.173178
Epoch 777/834 | samples=1542 | steps=6 | train_objective=0.00335037 | training_physical_mse=0.000894729 | validation_physical_mse=0.00110206 | lr=0.001 | configured_lr=0.001 | grad_rms=0.620855 | activation_var(mean/min/max)=0.101836/0.00391459/0.17761
Epoch 778/834 | samples=1542 | steps=6 | train_objective=0.00356566 | training_physical_mse=0.00129486 | validation_physical_mse=0.00137918 | lr=0.001 | configured_lr=0.001 | grad_rms=0.654454 | activation_var(mean/min/max)=0.100948/0.00388491/0.176085
Epoch 779/834 | samples=1542 | steps=6 | train_objective=0.00396518 | training_physical_mse=0.00149361 | validation_physical_mse=0.00126871 | lr=0.001 | configured_lr=0.001 | grad_rms=0.927937 | activation_var(mean/min/max)=0.09741/0.00381877/0.170125
Epoch 780/834 | samples=1542 | steps=6 | train_objective=0.0034606 | training_physical_mse=0.000920227 | validation_physical_mse=0.0013149 | lr=0.001 | configured_lr=0.001 | grad_rms=0.929369 | activation_var(mean/min/max)=0.0990831/0.00381841/0.174164
Epoch 781/834 | samples=1542 | steps=6 | train_objective=0.00306004 | training_physical_mse=0.000906199 | validation_physical_mse=0.00114314 | lr=0.001 | configured_lr=0.001 | grad_rms=0.729198 | activation_var(mean/min/max)=0.101085/0.00383132/0.177929
Epoch 782/834 | samples=1542 | steps=6 | train_objective=0.00349974 | training_physical_mse=0.00097835 | validation_physical_mse=0.00133913 | lr=0.001 | configured_lr=0.001 | grad_rms=0.813496 | activation_var(mean/min/max)=0.0996922/0.00372774/0.175424
Epoch 783/834 | samples=1542 | steps=6 | train_objective=0.00310738 | training_physical_mse=0.000688406 | validation_physical_mse=0.000996012 | lr=0.001 | configured_lr=0.001 | grad_rms=0.525545 | activation_var(mean/min/max)=0.102146/0.00380689/0.179765
Epoch 784/834 | samples=1542 | steps=6 | train_objective=0.00332134 | training_physical_mse=0.000736944 | validation_physical_mse=0.000971307 | lr=0.001 | configured_lr=0.001 | grad_rms=0.809108 | activation_var(mean/min/max)=0.0979434/0.00368517/0.172745
Epoch 785/834 | samples=1542 | steps=6 | train_objective=0.00277172 | training_physical_mse=0.000551941 | validation_physical_mse=0.000717716 | lr=0.001 | configured_lr=0.001 | grad_rms=0.549922 | activation_var(mean/min/max)=0.0988803/0.00371381/0.173985
Epoch 786/834 | samples=1542 | steps=6 | train_objective=0.00268707 | training_physical_mse=0.0007589 | validation_physical_mse=0.000894996 | lr=0.001 | configured_lr=0.001 | grad_rms=0.602232 | activation_var(mean/min/max)=0.100467/0.0037407/0.176568
Epoch 787/834 | samples=1542 | steps=6 | train_objective=0.00256303 | training_physical_mse=0.000802738 | validation_physical_mse=0.000992246 | lr=0.001 | configured_lr=0.001 | grad_rms=0.350821 | activation_var(mean/min/max)=0.100241/0.00378528/0.175889
Epoch 788/834 | samples=1542 | steps=6 | train_objective=0.00239055 | training_physical_mse=0.000617155 | validation_physical_mse=0.000837935 | lr=0.001 | configured_lr=0.001 | grad_rms=0.32491 | activation_var(mean/min/max)=0.0992093/0.00376737/0.173626
Epoch 789/834 | samples=1542 | steps=6 | train_objective=0.00247676 | training_physical_mse=0.000687256 | validation_physical_mse=0.000895403 | lr=0.001 | configured_lr=0.001 | grad_rms=0.371094 | activation_var(mean/min/max)=0.0991063/0.00377494/0.173458
Epoch 790/834 | samples=1542 | steps=6 | train_objective=0.0024183 | training_physical_mse=0.000875612 | validation_physical_mse=0.00099429 | lr=0.001 | configured_lr=0.001 | grad_rms=0.464334 | activation_var(mean/min/max)=0.100051/0.00378661/0.175233
Epoch 791/834 | samples=1542 | steps=6 | train_objective=0.00278649 | training_physical_mse=0.000961398 | validation_physical_mse=0.00104928 | lr=0.001 | configured_lr=0.001 | grad_rms=0.459964 | activation_var(mean/min/max)=0.0987922/0.00377729/0.172688
Epoch 792/834 | samples=1542 | steps=6 | train_objective=0.0028754 | training_physical_mse=0.000586137 | validation_physical_mse=0.000819853 | lr=0.001 | configured_lr=0.001 | grad_rms=0.447183 | activation_var(mean/min/max)=0.099222/0.00379401/0.173585
Epoch 793/834 | samples=1542 | steps=6 | train_objective=0.00262032 | training_physical_mse=0.00104696 | validation_physical_mse=0.00106433 | lr=0.001 | configured_lr=0.001 | grad_rms=0.519098 | activation_var(mean/min/max)=0.0975705/0.00374578/0.170683
Epoch 794/834 | samples=1542 | steps=6 | train_objective=0.00314766 | training_physical_mse=0.00160388 | validation_physical_mse=0.00177486 | lr=0.001 | configured_lr=0.001 | grad_rms=0.719486 | activation_var(mean/min/max)=0.0986977/0.00373666/0.173079
Epoch 795/834 | samples=1542 | steps=6 | train_objective=0.00322652 | training_physical_mse=0.00176863 | validation_physical_mse=0.00150848 | lr=0.001 | configured_lr=0.001 | grad_rms=0.676419 | activation_var(mean/min/max)=0.0989741/0.00372867/0.173523
Epoch 796/834 | samples=1542 | steps=6 | train_objective=0.00327463 | training_physical_mse=0.00106253 | validation_physical_mse=0.00122233 | lr=0.001 | configured_lr=0.001 | grad_rms=0.834234 | activation_var(mean/min/max)=0.0974986/0.00366027/0.170974
Epoch 797/834 | samples=1542 | steps=6 | train_objective=0.00270895 | training_physical_mse=0.000855121 | validation_physical_mse=0.000984916 | lr=0.001 | configured_lr=0.001 | grad_rms=0.586056 | activation_var(mean/min/max)=0.101092/0.0036794/0.17735
Epoch 798/834 | samples=1542 | steps=6 | train_objective=0.00259999 | training_physical_mse=0.000896466 | validation_physical_mse=0.00105403 | lr=0.001 | configured_lr=0.001 | grad_rms=0.480002 | activation_var(mean/min/max)=0.0976128/0.00367618/0.170596
Epoch 799/834 | samples=1542 | steps=6 | train_objective=0.00258984 | training_physical_mse=0.000702922 | validation_physical_mse=0.000921075 | lr=0.001 | configured_lr=0.001 | grad_rms=0.523646 | activation_var(mean/min/max)=0.0970329/0.00366215/0.169505
Epoch 800/834 | samples=1542 | steps=6 | train_objective=0.00248844 | training_physical_mse=0.000490671 | validation_physical_mse=0.000681924 | lr=0.001 | configured_lr=0.001 | grad_rms=0.530601 | activation_var(mean/min/max)=0.0962169/0.00368417/0.167835
Epoch 801/834 | samples=1542 | steps=6 | train_objective=0.002116 | training_physical_mse=0.00049033 | validation_physical_mse=0.000709112 | lr=0.001 | configured_lr=0.001 | grad_rms=0.29355 | activation_var(mean/min/max)=0.0981221/0.00370582/0.171349
Epoch 802/834 | samples=1542 | steps=6 | train_objective=0.00222092 | training_physical_mse=0.000386398 | validation_physical_mse=0.000594478 | lr=0.001 | configured_lr=0.001 | grad_rms=0.456395 | activation_var(mean/min/max)=0.0979497/0.00372237/0.170859
Epoch 803/834 | samples=1542 | steps=6 | train_objective=0.00208706 | training_physical_mse=0.000454533 | validation_physical_mse=0.000621226 | lr=0.001 | configured_lr=0.001 | grad_rms=0.361646 | activation_var(mean/min/max)=0.0986536/0.00374453/0.172022
Epoch 804/834 | samples=1542 | steps=6 | train_objective=0.00238933 | training_physical_mse=0.000362644 | validation_physical_mse=0.000559462 | lr=0.001 | configured_lr=0.001 | grad_rms=0.489131 | activation_var(mean/min/max)=0.0977397/0.00370962/0.170513
Epoch 805/834 | samples=1542 | steps=6 | train_objective=0.00211528 | training_physical_mse=0.000412633 | validation_physical_mse=0.00059939 | lr=0.001 | configured_lr=0.001 | grad_rms=0.246725 | activation_var(mean/min/max)=0.098494/0.00374451/0.172323
Epoch 806/834 | samples=1542 | steps=6 | train_objective=0.00207359 | training_physical_mse=0.000546737 | validation_physical_mse=0.000801392 | lr=0.001 | configured_lr=0.001 | grad_rms=0.244762 | activation_var(mean/min/max)=0.0991875/0.0037545/0.173419
Epoch 807/834 | samples=1542 | steps=6 | train_objective=0.00238462 | training_physical_mse=0.000737266 | validation_physical_mse=0.00090376 | lr=0.001 | configured_lr=0.001 | grad_rms=0.482608 | activation_var(mean/min/max)=0.098947/0.00374542/0.172907
Epoch 808/834 | samples=1542 | steps=6 | train_objective=0.002556 | training_physical_mse=0.000408304 | validation_physical_mse=0.000675059 | lr=0.001 | configured_lr=0.001 | grad_rms=0.3212 | activation_var(mean/min/max)=0.099123/0.00372026/0.173359
Epoch 809/834 | samples=1542 | steps=6 | train_objective=0.00244461 | training_physical_mse=0.00056531 | validation_physical_mse=0.000696707 | lr=0.001 | configured_lr=0.001 | grad_rms=0.522548 | activation_var(mean/min/max)=0.0994561/0.00371414/0.173844
Epoch 810/834 | samples=1542 | steps=6 | train_objective=0.00242538 | training_physical_mse=0.000613374 | validation_physical_mse=0.00077857 | lr=0.001 | configured_lr=0.001 | grad_rms=0.59707 | activation_var(mean/min/max)=0.0983515/0.0036718/0.171912
Epoch 811/834 | samples=1542 | steps=6 | train_objective=0.00290296 | training_physical_mse=0.000605323 | validation_physical_mse=0.000780488 | lr=0.001 | configured_lr=0.001 | grad_rms=0.754058 | activation_var(mean/min/max)=0.0988588/0.00370618/0.172864
Epoch 812/834 | samples=1542 | steps=6 | train_objective=0.00303529 | training_physical_mse=0.00176596 | validation_physical_mse=0.00150313 | lr=0.001 | configured_lr=0.001 | grad_rms=1.00749 | activation_var(mean/min/max)=0.0984367/0.00368699/0.171934
Epoch 813/834 | samples=1542 | steps=6 | train_objective=0.00338135 | training_physical_mse=0.00144887 | validation_physical_mse=0.00173282 | lr=0.001 | configured_lr=0.001 | grad_rms=1.14907 | activation_var(mean/min/max)=0.0987667/0.00372653/0.172891
Epoch 814/834 | samples=1542 | steps=6 | train_objective=0.00333204 | training_physical_mse=0.0011529 | validation_physical_mse=0.00160013 | lr=0.001 | configured_lr=0.001 | grad_rms=1.00124 | activation_var(mean/min/max)=0.1001/0.00374181/0.175362
Epoch 815/834 | samples=1542 | steps=6 | train_objective=0.00270759 | training_physical_mse=0.000545617 | validation_physical_mse=0.000813061 | lr=0.001 | configured_lr=0.001 | grad_rms=0.657793 | activation_var(mean/min/max)=0.0987225/0.00371272/0.172689
Epoch 816/834 | samples=1542 | steps=6 | train_objective=0.00258434 | training_physical_mse=0.000432437 | validation_physical_mse=0.000637673 | lr=0.001 | configured_lr=0.001 | grad_rms=0.45293 | activation_var(mean/min/max)=0.0974059/0.00370383/0.170109
Epoch 817/834 | samples=1542 | steps=6 | train_objective=0.00212233 | training_physical_mse=0.000406734 | validation_physical_mse=0.000709396 | lr=0.001 | configured_lr=0.001 | grad_rms=0.25893 | activation_var(mean/min/max)=0.098444/0.00375141/0.172071
Epoch 818/834 | samples=1542 | steps=6 | train_objective=0.00216269 | training_physical_mse=0.0006746 | validation_physical_mse=0.000848264 | lr=0.001 | configured_lr=0.001 | grad_rms=0.295166 | activation_var(mean/min/max)=0.0986631/0.00375979/0.172404
Epoch 819/834 | samples=1542 | steps=6 | train_objective=0.00223556 | training_physical_mse=0.00053817 | validation_physical_mse=0.000853466 | lr=0.001 | configured_lr=0.001 | grad_rms=0.37661 | activation_var(mean/min/max)=0.0989935/0.00378406/0.172894
Epoch 820/834 | samples=1542 | steps=6 | train_objective=0.00232205 | training_physical_mse=0.000388665 | validation_physical_mse=0.000552118 | lr=0.001 | configured_lr=0.001 | grad_rms=0.389531 | activation_var(mean/min/max)=0.0979459/0.00374177/0.170912
Epoch 821/834 | samples=1542 | steps=6 | train_objective=0.00260353 | training_physical_mse=0.000542703 | validation_physical_mse=0.000767894 | lr=0.001 | configured_lr=0.001 | grad_rms=0.661731 | activation_var(mean/min/max)=0.0988577/0.00373901/0.172508
Epoch 822/834 | samples=1542 | steps=6 | train_objective=0.00249296 | training_physical_mse=0.000666767 | validation_physical_mse=0.000917996 | lr=0.001 | configured_lr=0.001 | grad_rms=0.527229 | activation_var(mean/min/max)=0.0987357/0.00374589/0.172345
Epoch 823/834 | samples=1542 | steps=6 | train_objective=0.00249308 | training_physical_mse=0.000398889 | validation_physical_mse=0.000583478 | lr=0.001 | configured_lr=0.001 | grad_rms=0.439905 | activation_var(mean/min/max)=0.0983734/0.00375371/0.17167
Epoch 824/834 | samples=1542 | steps=6 | train_objective=0.00226025 | training_physical_mse=0.00080489 | validation_physical_mse=0.000796697 | lr=0.001 | configured_lr=0.001 | grad_rms=0.255736 | activation_var(mean/min/max)=0.0983069/0.00375172/0.171596
Epoch 825/834 | samples=1542 | steps=6 | train_objective=0.00329813 | training_physical_mse=0.00133114 | validation_physical_mse=0.00161262 | lr=0.001 | configured_lr=0.001 | grad_rms=0.784712 | activation_var(mean/min/max)=0.0986278/0.00374113/0.172181
Epoch 826/834 | samples=1542 | steps=6 | train_objective=0.00301406 | training_physical_mse=0.0011385 | validation_physical_mse=0.0012928 | lr=0.001 | configured_lr=0.001 | grad_rms=0.57485 | activation_var(mean/min/max)=0.0979983/0.0036418/0.171436
Epoch 827/834 | samples=1542 | steps=6 | train_objective=0.00276519 | training_physical_mse=0.000524975 | validation_physical_mse=0.000815272 | lr=0.001 | configured_lr=0.001 | grad_rms=0.55695 | activation_var(mean/min/max)=0.0979391/0.0036509/0.170966
Epoch 828/834 | samples=1542 | steps=6 | train_objective=0.00259451 | training_physical_mse=0.00054255 | validation_physical_mse=0.000641795 | lr=0.001 | configured_lr=0.001 | grad_rms=0.642268 | activation_var(mean/min/max)=0.0967271/0.00363707/0.168314
Epoch 829/834 | samples=1542 | steps=6 | train_objective=0.00247275 | training_physical_mse=0.000501632 | validation_physical_mse=0.000668814 | lr=0.001 | configured_lr=0.001 | grad_rms=0.650891 | activation_var(mean/min/max)=0.0965215/0.00365259/0.167911
Epoch 830/834 | samples=1542 | steps=6 | train_objective=0.00247414 | training_physical_mse=0.000504346 | validation_physical_mse=0.000662301 | lr=0.001 | configured_lr=0.001 | grad_rms=0.416145 | activation_var(mean/min/max)=0.0961337/0.00365491/0.167623
Epoch 831/834 | samples=1542 | steps=6 | train_objective=0.00277798 | training_physical_mse=0.00159504 | validation_physical_mse=0.00165192 | lr=0.001 | configured_lr=0.001 | grad_rms=0.599092 | activation_var(mean/min/max)=0.0977981/0.00364872/0.17063
Epoch 832/834 | samples=1542 | steps=6 | train_objective=0.00422803 | training_physical_mse=0.00106774 | validation_physical_mse=0.00112073 | lr=0.001 | configured_lr=0.001 | grad_rms=1.14806 | activation_var(mean/min/max)=0.0962083/0.00359449/0.168141
Epoch 833/834 | samples=1542 | steps=6 | train_objective=0.00347099 | training_physical_mse=0.000942507 | validation_physical_mse=0.00122595 | lr=0.001 | configured_lr=0.001 | grad_rms=0.911028 | activation_var(mean/min/max)=0.0965208/0.00361166/0.169137
Epoch 834/834 | samples=1542 | steps=6 | train_objective=0.00337848 | training_physical_mse=0.000722475 | validation_physical_mse=0.000930915 | lr=0.001 | configured_lr=0.001 | grad_rms=0.518372 | activation_var(mean/min/max)=0.0983378/0.00355187/0.172031
Completed epoch: 834
Selected epoch: 820
Training physical MSE: 0.000388665
Validation physical MSE: 0.000552118
Test physical MSE: 0.000420133
Results: "results/re-tuning/trial-4-seed-0b_slurm-56688202"

real	25m35.745s
user	0m0.238s
sys	0m0.146s
