Job ID: 56688207
Stage: trial-5
Repository: /leonardo/home/userexternal/gdonnine/Ice_acceleration_model_on_airplane_wing
Nodes: 1
MPI tasks: 64
Loading python/3.11.7
  Loading requirement: bzip2/1.0.8-ib3znej libmd/1.0.4-2km2lxx
    libbsd/0.12.1-oocs6an expat/2.6.2-p2t4wry ncurses/6.5-svfl57u
    readline/8.2-zeda6mx gdbm/1.23-wiol7vk libiconv/1.17-nhc3mhm
    xz/5.4.6-xxxg42c zlib-ng/2.1.6-jkgunjc libxml2/2.10.3-zbbe7lm
    pigz/2.8-5bwzpml zstd/1.5.6-uq5yyux tar/1.34-jgektnv gettext/0.22.5-hsxgafg
    libffi/3.4.6-4vs4jpp libxcrypt/4.4.35-7om46b5 sqlite/3.43.2-4kl5mnp
    util-linux-uuid/2.38.1-5achpds
Loading gcc/11.3.0
  Loading requirement: gmp/6.2.1 mpfr/4.1.0 mpc/1.2.1
-- The CXX compiler identification is GNU 11.3.0
-- Detecting CXX compiler ABI info
-- Detecting CXX compiler ABI info - done
-- Check for working CXX compiler: /leonardo/prod/spack/03/install/0.19/linux-rhel8-icelake/gcc-8.5.0/gcc-11.3.0-tm6phj7wkcw7cuy6gjixemkvh5x2mhza/bin/g++ - skipped
-- Detecting CXX compile features
-- Detecting CXX compile features - done
-- Found MPI_CXX: /leonardo/prod/spack/06/install/0.22/linux-rhel8-icelake/gcc-8.5.0/intel-oneapi-mpi-2021.12.1-s5hpfy2ffuow455bu7uzjbfizbfq3znr/mpi/2021.12/lib/libmpicxx.so (found version "3.1") 
-- Found MPI: TRUE (found version "3.1") found components: CXX 
-- Configuring done
-- Generating done
-- Build files have been written to: /leonardo/home/userexternal/gdonnine/Ice_acceleration_model_on_airplane_wing/build/CNN-re-tuning-56688207
[  3%] Building CXX object CMakeFiles/cnn_core.dir/src/core/Loss.cpp.o
[ 10%] Building CXX object CMakeFiles/cnn_core.dir/src/core/Tensor.cpp.o
[ 10%] Building CXX object CMakeFiles/cnn_core.dir/src/data/Dataset.cpp.o
[ 14%] Building CXX object CMakeFiles/cnn_core.dir/src/layers/ActivationFactory.cpp.o
[ 17%] Building CXX object CMakeFiles/cnn_core.dir/src/layers/ActivationLayer.cpp.o
[ 25%] Building CXX object CMakeFiles/cnn_core.dir/src/layers/ConcatenateLayer.cpp.o
[ 28%] Building CXX object CMakeFiles/cnn_core.dir/src/layers/Conv2DLayer.cpp.o
[ 35%] Building CXX object CMakeFiles/cnn_core.dir/src/layers/DenseLayer.cpp.o
[ 42%] Building CXX object CMakeFiles/cnn_core.dir/src/layers/DropoutLayer.cpp.o
[ 42%] Building CXX object CMakeFiles/cnn_core.dir/src/layers/FlattenLayer.cpp.o
[ 46%] Building CXX object CMakeFiles/cnn_core.dir/src/layers/LeakyReLULayer.cpp.o
[ 46%] Building CXX object CMakeFiles/cnn_core.dir/src/layers/ReLULayer.cpp.o
[ 53%] Building CXX object CMakeFiles/cnn_core.dir/src/layers/SigmoidLayer.cpp.o
[ 71%] Building CXX object CMakeFiles/cnn_core.dir/src/optimizers/AdamOptimizer.cpp.o
[ 71%] Building CXX object CMakeFiles/cnn_core.dir/src/layers/TanhLayer.cpp.o
[ 71%] Building CXX object CMakeFiles/cnn_core.dir/src/training/Trainer.cpp.o
[ 71%] Building CXX object CMakeFiles/cnn_core.dir/src/model/ModelFactory.cpp.o
[ 89%] Building CXX object CMakeFiles/cnn_core.dir/src/model/CNNModel.cpp.o
[ 89%] Building CXX object CMakeFiles/cnn_core.dir/src/optimizers/SGDOptimizer.cpp.o
[ 89%] Building CXX object CMakeFiles/cnn_core.dir/src/optimizers/LRScheduler.cpp.o
[ 89%] Building CXX object CMakeFiles/cnn_core.dir/src/optimizers/RMSpropOptimizer.cpp.o
[ 89%] Building CXX object CMakeFiles/cnn_core.dir/src/optimizers/AdagradOptimizer.cpp.o
[ 89%] Building CXX object CMakeFiles/cnn_core.dir/src/training/TrainingDiagnostics.cpp.o
[ 89%] Building CXX object CMakeFiles/cnn_core.dir/src/tuning/TrialConfig.cpp.o
[ 89%] Building CXX object CMakeFiles/cnn_core.dir/src/tuning/CrossValidator.cpp.o
[ 92%] Linking CXX static library libcnn_core.a
[ 92%] Built target cnn_core
[ 96%] Building CXX object CMakeFiles/re_tuning.dir/experiments/re_tuning/main.cpp.o
[100%] Linking CXX executable experiments/re_tuning
[100%] Built target re_tuning
Output: results/re-tuning/trial-5_slurm-56688207
MPI startup(): Warning: I_MPI_PMI_LIBRARY will be ignored since the hydra process manager was found
MPI startup(): Warning: I_MPI_PMI_LIBRARY will be ignored since the hydra process manager was found
MPI startup(): Warning: I_MPI_PMI_LIBRARY will be ignored since the hydra process manager was found
MPI startup(): Warning: I_MPI_PMI_LIBRARY will be ignored since the hydra process manager was found
MPI startup(): Warning: I_MPI_PMI_LIBRARY will be ignored since the hydra process manager was found
MPI startup(): Warning: I_MPI_PMI_LIBRARY will be ignored since the hydra process manager was found
MPI startup(): Warning: I_MPI_PMI_LIBRARY will be ignored since the hydra process manager was found
MPI startup(): Warning: I_MPI_PMI_LIBRARY will be ignored since the hydra process manager was found
MPI startup(): Warning: I_MPI_PMI_LIBRARY will be ignored since the hydra process manager was found
MPI startup(): Warning: I_MPI_PMI_LIBRARY will be ignored since the hydra process manager was found
MPI startup(): Warning: I_MPI_PMI_LIBRARY will be ignored since the hydra process manager was found
MPI startup(): Warning: I_MPI_PMI_LIBRARY will be ignored since the hydra process manager was found
MPI startup(): Warning: I_MPI_PMI_LIBRARY will be ignored since the hydra process manager was found
MPI startup(): Warning: I_MPI_PMI_LIBRARY will be ignored since the hydra process manager was found
MPI startup(): Warning: I_MPI_PMI_LIBRARY will be ignored since the hydra process manager was found
MPI startup(): Warning: I_MPI_PMI_LIBRARY will be ignored since the hydra process manager was found
MPI startup(): Warning: I_MPI_PMI_LIBRARY will be ignored since the hydra process manager was found
MPI startup(): Warning: I_MPI_PMI_LIBRARY will be ignored since the hydra process manager was found
MPI startup(): Warning: I_MPI_PMI_LIBRARY will be ignored since the hydra process manager was found
MPI startup(): Warning: I_MPI_PMI_LIBRARY will be ignored since the hydra process manager was found
MPI startup(): Warning: I_MPI_PMI_LIBRARY will be ignored since the hydra process manager was found
MPI startup(): Warning: I_MPI_PMI_LIBRARY will be ignored since the hydra process manager was found
MPI startup(): Warning: I_MPI_PMI_LIBRARY will be ignored since the hydra process manager was found
MPI startup(): Warning: I_MPI_PMI_LIBRARY will be ignored since the hydra process manager was found
MPI startup(): Warning: I_MPI_PMI_LIBRARY will be ignored since the hydra process manager was found
MPI startup(): Warning: I_MPI_PMI_LIBRARY will be ignored since the hydra process manager was found
MPI startup(): Warning: I_MPI_PMI_LIBRARY will be ignored since the hydra process manager was found
MPI startup(): Warning: I_MPI_PMI_LIBRARY will be ignored since the hydra process manager was found
MPI startup(): Warning: I_MPI_PMI_LIBRARY will be ignored since the hydra process manager was found
MPI startup(): Warning: I_MPI_PMI_LIBRARY will be ignored since the hydra process manager was found
MPI startup(): Warning: I_MPI_PMI_LIBRARY will be ignored since the hydra process manager was found
MPI startup(): Warning: I_MPI_PMI_LIBRARY will be ignored since the hydra process manager was found
MPI startup(): Warning: I_MPI_PMI_LIBRARY will be ignored since the hydra process manager was found
MPI startup(): Warning: I_MPI_PMI_LIBRARY will be ignored since the hydra process manager was found
MPI startup(): Warning: I_MPI_PMI_LIBRARY will be ignored since the hydra process manager was found
MPI startup(): Warning: I_MPI_PMI_LIBRARY will be ignored since the hydra process manager was found
MPI startup(): Warning: I_MPI_PMI_LIBRARY will be ignored since the hydra process manager was found
MPI startup(): Warning: I_MPI_PMI_LIBRARY will be ignored since the hydra process manager was found
MPI startup(): Warning: I_MPI_PMI_LIBRARY will be ignored since the hydra process manager was found
MPI startup(): Warning: I_MPI_PMI_LIBRARY will be ignored since the hydra process manager was found
MPI startup(): Warning: I_MPI_PMI_LIBRARY will be ignored since the hydra process manager was found
MPI startup(): Warning: I_MPI_PMI_LIBRARY will be ignored since the hydra process manager was found
MPI startup(): Warning: I_MPI_PMI_LIBRARY will be ignored since the hydra process manager was found
MPI startup(): Warning: I_MPI_PMI_LIBRARY will be ignored since the hydra process manager was found
MPI startup(): Warning: I_MPI_PMI_LIBRARY will be ignored since the hydra process manager was found
MPI startup(): Warning: I_MPI_PMI_LIBRARY will be ignored since the hydra process manager was found
MPI startup(): Warning: I_MPI_PMI_LIBRARY will be ignored since the hydra process manager was found
MPI startup(): Warning: I_MPI_PMI_LIBRARY will be ignored since the hydra process manager was found
MPI startup(): Warning: I_MPI_PMI_LIBRARY will be ignored since the hydra process manager was found
MPI startup(): Warning: I_MPI_PMI_LIBRARY will be ignored since the hydra process manager was found
MPI startup(): Warning: I_MPI_PMI_LIBRARY will be ignored since the hydra process manager was found
MPI startup(): Warning: I_MPI_PMI_LIBRARY will be ignored since the hydra process manager was found
MPI startup(): Warning: I_MPI_PMI_LIBRARY will be ignored since the hydra process manager was found
MPI startup(): Warning: I_MPI_PMI_LIBRARY will be ignored since the hydra process manager was found
MPI startup(): Warning: I_MPI_PMI_LIBRARY will be ignored since the hydra process manager was found
MPI startup(): Warning: I_MPI_PMI_LIBRARY will be ignored since the hydra process manager was found
MPI startup(): Warning: I_MPI_PMI_LIBRARY will be ignored since the hydra process manager was found
MPI startup(): Warning: I_MPI_PMI_LIBRARY will be ignored since the hydra process manager was found
MPI startup(): Warning: I_MPI_PMI_LIBRARY will be ignored since the hydra process manager was found
MPI startup(): Warning: I_MPI_PMI_LIBRARY will be ignored since the hydra process manager was found
MPI startup(): Warning: I_MPI_PMI_LIBRARY will be ignored since the hydra process manager was found
MPI startup(): Warning: I_MPI_PMI_LIBRARY will be ignored since the hydra process manager was found
MPI startup(): Warning: I_MPI_PMI_LIBRARY will be ignored since the hydra process manager was found
MPI startup(): Warning: I_MPI_PMI_LIBRARY will be ignored since the hydra process manager was found
Re-training stage: trial-5
Run name: trial-5_slurm-56688207
Topology: conv5x5, channels 8, dense 1024-512-256-128-1
Adam learning rate: 1e-3
Physics weight: 0.10
Dropout/L1/L2: 0/0/0
Epoch cap: 1200
Global batch size: 257
Batch construction: balanced
Early stopping: enabled
Early stopping policy: patience
Seed: 42
Epoch 1/1200 | samples=1542 | steps=6 | train_objective=2.42682 | training_physical_mse=0.211601 | validation_physical_mse=0.211338 | lr=0.001 | configured_lr=0.001 | grad_rms=74.8776 | activation_var(mean/min/max)=1.04973/0.104599/1.69423
Epoch 2/1200 | samples=1542 | steps=6 | train_objective=0.234727 | training_physical_mse=0.0390008 | validation_physical_mse=0.0383861 | lr=0.001 | configured_lr=0.001 | grad_rms=33.5334 | activation_var(mean/min/max)=2.13694/0.0733317/3.3682
Epoch 3/1200 | samples=1542 | steps=6 | train_objective=0.0797516 | training_physical_mse=0.0089447 | validation_physical_mse=0.00879359 | lr=0.001 | configured_lr=0.001 | grad_rms=17.0571 | activation_var(mean/min/max)=2.10601/0.0536842/3.39257
Epoch 4/1200 | samples=1542 | steps=6 | train_objective=0.0424596 | training_physical_mse=0.00881953 | validation_physical_mse=0.0092931 | lr=0.001 | configured_lr=0.001 | grad_rms=9.67888 | activation_var(mean/min/max)=1.78834/0.0433413/2.91298
Epoch 5/1200 | samples=1542 | steps=6 | train_objective=0.027739 | training_physical_mse=0.00843127 | validation_physical_mse=0.00842712 | lr=0.001 | configured_lr=0.001 | grad_rms=6.04469 | activation_var(mean/min/max)=1.52834/0.0379976/2.49348
Epoch 6/1200 | samples=1542 | steps=6 | train_objective=0.0217741 | training_physical_mse=0.00807077 | validation_physical_mse=0.00798788 | lr=0.001 | configured_lr=0.001 | grad_rms=3.74741 | activation_var(mean/min/max)=1.31638/0.0347375/2.14428
Epoch 7/1200 | samples=1542 | steps=6 | train_objective=0.0194473 | training_physical_mse=0.00810945 | validation_physical_mse=0.00794859 | lr=0.001 | configured_lr=0.001 | grad_rms=2.80816 | activation_var(mean/min/max)=1.21037/0.0330485/1.96959
Epoch 8/1200 | samples=1542 | steps=6 | train_objective=0.0173318 | training_physical_mse=0.00785223 | validation_physical_mse=0.00763892 | lr=0.001 | configured_lr=0.001 | grad_rms=1.95062 | activation_var(mean/min/max)=1.14377/0.0320168/1.85945
Epoch 9/1200 | samples=1542 | steps=6 | train_objective=0.0167448 | training_physical_mse=0.00814291 | validation_physical_mse=0.00790883 | lr=0.001 | configured_lr=0.001 | grad_rms=1.64229 | activation_var(mean/min/max)=1.0843/0.0312458/1.75975
Epoch 10/1200 | samples=1542 | steps=6 | train_objective=0.0175777 | training_physical_mse=0.00811633 | validation_physical_mse=0.00781788 | lr=0.001 | configured_lr=0.001 | grad_rms=2.0661 | activation_var(mean/min/max)=1.06833/0.0309182/1.73241
Epoch 11/1200 | samples=1542 | steps=6 | train_objective=0.0170431 | training_physical_mse=0.00767689 | validation_physical_mse=0.00746953 | lr=0.001 | configured_lr=0.001 | grad_rms=1.86152 | activation_var(mean/min/max)=1.04968/0.0306157/1.70046
Epoch 12/1200 | samples=1542 | steps=6 | train_objective=0.0161187 | training_physical_mse=0.00759659 | validation_physical_mse=0.00749552 | lr=0.001 | configured_lr=0.001 | grad_rms=1.24754 | activation_var(mean/min/max)=1.02742/0.0303208/1.66232
Epoch 13/1200 | samples=1542 | steps=6 | train_objective=0.0155096 | training_physical_mse=0.00732777 | validation_physical_mse=0.007298 | lr=0.001 | configured_lr=0.001 | grad_rms=1.06232 | activation_var(mean/min/max)=1.02513/0.0301956/1.65821
Epoch 14/1200 | samples=1542 | steps=6 | train_objective=0.0154248 | training_physical_mse=0.00764473 | validation_physical_mse=0.00774501 | lr=0.001 | configured_lr=0.001 | grad_rms=1.06761 | activation_var(mean/min/max)=1.03034/0.0301355/1.66713
Epoch 15/1200 | samples=1542 | steps=6 | train_objective=0.0162219 | training_physical_mse=0.00794239 | validation_physical_mse=0.00805584 | lr=0.001 | configured_lr=0.001 | grad_rms=1.33659 | activation_var(mean/min/max)=1.02086/0.0299828/1.65147
Epoch 16/1200 | samples=1542 | steps=6 | train_objective=0.0163201 | training_physical_mse=0.00844322 | validation_physical_mse=0.00838195 | lr=0.001 | configured_lr=0.001 | grad_rms=1.20993 | activation_var(mean/min/max)=1.00985/0.0298177/1.63268
Epoch 17/1200 | samples=1542 | steps=6 | train_objective=0.0164891 | training_physical_mse=0.00701219 | validation_physical_mse=0.00680047 | lr=0.001 | configured_lr=0.001 | grad_rms=1.26064 | activation_var(mean/min/max)=1.02361/0.0297973/1.65596
Epoch 18/1200 | samples=1542 | steps=6 | train_objective=0.0155332 | training_physical_mse=0.00796919 | validation_physical_mse=0.00797864 | lr=0.001 | configured_lr=0.001 | grad_rms=1.02022 | activation_var(mean/min/max)=1.03731/0.0297915/1.67918
Epoch 19/1200 | samples=1542 | steps=6 | train_objective=0.0158576 | training_physical_mse=0.00721661 | validation_physical_mse=0.00685029 | lr=0.001 | configured_lr=0.001 | grad_rms=1.35156 | activation_var(mean/min/max)=1.0279/0.0295991/1.66356
Epoch 20/1200 | samples=1542 | steps=6 | train_objective=0.0157362 | training_physical_mse=0.00698741 | validation_physical_mse=0.00680212 | lr=0.001 | configured_lr=0.001 | grad_rms=1.49352 | activation_var(mean/min/max)=1.02246/0.0294538/1.65418
Epoch 21/1200 | samples=1542 | steps=6 | train_objective=0.015072 | training_physical_mse=0.00743899 | validation_physical_mse=0.00736482 | lr=0.001 | configured_lr=0.001 | grad_rms=1.13523 | activation_var(mean/min/max)=1.01719/0.0293505/1.64465
Epoch 22/1200 | samples=1542 | steps=6 | train_objective=0.0149869 | training_physical_mse=0.00686933 | validation_physical_mse=0.00677007 | lr=0.001 | configured_lr=0.001 | grad_rms=1.07131 | activation_var(mean/min/max)=1.01909/0.0293031/1.64741
Epoch 23/1200 | samples=1542 | steps=6 | train_objective=0.0145058 | training_physical_mse=0.00685332 | validation_physical_mse=0.00660847 | lr=0.001 | configured_lr=0.001 | grad_rms=0.848458 | activation_var(mean/min/max)=1.01792/0.0292261/1.64491
Epoch 24/1200 | samples=1542 | steps=6 | train_objective=0.0144298 | training_physical_mse=0.00667104 | validation_physical_mse=0.00636308 | lr=0.001 | configured_lr=0.001 | grad_rms=1.0789 | activation_var(mean/min/max)=1.01105/0.0291017/1.6335
Epoch 25/1200 | samples=1542 | steps=6 | train_objective=0.0141082 | training_physical_mse=0.00695575 | validation_physical_mse=0.00687202 | lr=0.001 | configured_lr=0.001 | grad_rms=0.80634 | activation_var(mean/min/max)=1.00279/0.0289975/1.6198
Epoch 26/1200 | samples=1542 | steps=6 | train_objective=0.0144423 | training_physical_mse=0.00660415 | validation_physical_mse=0.00624493 | lr=0.001 | configured_lr=0.001 | grad_rms=1.20642 | activation_var(mean/min/max)=1.00001/0.0289457/1.61513
Epoch 27/1200 | samples=1542 | steps=6 | train_objective=0.0139619 | training_physical_mse=0.00656393 | validation_physical_mse=0.00616757 | lr=0.001 | configured_lr=0.001 | grad_rms=0.783636 | activation_var(mean/min/max)=0.996006/0.0288712/1.60863
Epoch 28/1200 | samples=1542 | steps=6 | train_objective=0.0141942 | training_physical_mse=0.00648277 | validation_physical_mse=0.00627795 | lr=0.001 | configured_lr=0.001 | grad_rms=1.16536 | activation_var(mean/min/max)=0.994424/0.0288086/1.60665
Epoch 29/1200 | samples=1542 | steps=6 | train_objective=0.0139342 | training_physical_mse=0.00640575 | validation_physical_mse=0.00612295 | lr=0.001 | configured_lr=0.001 | grad_rms=1.07652 | activation_var(mean/min/max)=0.987316/0.0287193/1.59482
Epoch 30/1200 | samples=1542 | steps=6 | train_objective=0.0137573 | training_physical_mse=0.00730442 | validation_physical_mse=0.00673253 | lr=0.001 | configured_lr=0.001 | grad_rms=1.03364 | activation_var(mean/min/max)=0.984224/0.0286465/1.58994
Epoch 31/1200 | samples=1542 | steps=6 | train_objective=0.0143906 | training_physical_mse=0.00627348 | validation_physical_mse=0.00593256 | lr=0.001 | configured_lr=0.001 | grad_rms=1.57901 | activation_var(mean/min/max)=0.977033/0.0285527/1.57787
Epoch 32/1200 | samples=1542 | steps=6 | train_objective=0.0136422 | training_physical_mse=0.00634632 | validation_physical_mse=0.0061265 | lr=0.001 | configured_lr=0.001 | grad_rms=1.04702 | activation_var(mean/min/max)=0.971291/0.028445/1.56831
Epoch 33/1200 | samples=1542 | steps=6 | train_objective=0.0135037 | training_physical_mse=0.00652133 | validation_physical_mse=0.00597094 | lr=0.001 | configured_lr=0.001 | grad_rms=1.09375 | activation_var(mean/min/max)=0.965925/0.0283552/1.55919
Epoch 34/1200 | samples=1542 | steps=6 | train_objective=0.0141182 | training_physical_mse=0.00681837 | validation_physical_mse=0.00663828 | lr=0.001 | configured_lr=0.001 | grad_rms=1.60407 | activation_var(mean/min/max)=0.959179/0.028233/1.54805
Epoch 35/1200 | samples=1542 | steps=6 | train_objective=0.0160765 | training_physical_mse=0.00618843 | validation_physical_mse=0.00587218 | lr=0.001 | configured_lr=0.001 | grad_rms=2.52911 | activation_var(mean/min/max)=0.948232/0.0280738/1.52937
Epoch 36/1200 | samples=1542 | steps=6 | train_objective=0.0159106 | training_physical_mse=0.00763959 | validation_physical_mse=0.00703473 | lr=0.001 | configured_lr=0.001 | grad_rms=2.40681 | activation_var(mean/min/max)=0.93354/0.0278675/1.50358
Epoch 37/1200 | samples=1542 | steps=6 | train_objective=0.0142293 | training_physical_mse=0.00624884 | validation_physical_mse=0.00577658 | lr=0.001 | configured_lr=0.001 | grad_rms=1.71111 | activation_var(mean/min/max)=0.902806/0.0274844/1.45161
Epoch 38/1200 | samples=1542 | steps=6 | train_objective=0.0137468 | training_physical_mse=0.00607305 | validation_physical_mse=0.00568235 | lr=0.001 | configured_lr=0.001 | grad_rms=1.41634 | activation_var(mean/min/max)=0.88439/0.0272184/1.42011
Epoch 39/1200 | samples=1542 | steps=6 | train_objective=0.0137012 | training_physical_mse=0.00673027 | validation_physical_mse=0.00615699 | lr=0.001 | configured_lr=0.001 | grad_rms=1.42187 | activation_var(mean/min/max)=0.87322/0.0269986/1.40064
Epoch 40/1200 | samples=1542 | steps=6 | train_objective=0.0135637 | training_physical_mse=0.00700705 | validation_physical_mse=0.00684558 | lr=0.001 | configured_lr=0.001 | grad_rms=1.37898 | activation_var(mean/min/max)=0.86263/0.026786/1.3824
Epoch 41/1200 | samples=1542 | steps=6 | train_objective=0.0138672 | training_physical_mse=0.00592173 | validation_physical_mse=0.00559691 | lr=0.001 | configured_lr=0.001 | grad_rms=1.46628 | activation_var(mean/min/max)=0.861241/0.0266093/1.38035
Epoch 42/1200 | samples=1542 | steps=6 | train_objective=0.013415 | training_physical_mse=0.00632426 | validation_physical_mse=0.00573497 | lr=0.001 | configured_lr=0.001 | grad_rms=1.37532 | activation_var(mean/min/max)=0.851265/0.0263716/1.36435
Epoch 43/1200 | samples=1542 | steps=6 | train_objective=0.0124763 | training_physical_mse=0.00571443 | validation_physical_mse=0.00531988 | lr=0.001 | configured_lr=0.001 | grad_rms=0.93437 | activation_var(mean/min/max)=0.845737/0.0262319/1.35443
Epoch 44/1200 | samples=1542 | steps=6 | train_objective=0.0127048 | training_physical_mse=0.00583058 | validation_physical_mse=0.00527079 | lr=0.001 | configured_lr=0.001 | grad_rms=1.08881 | activation_var(mean/min/max)=0.83246/0.0260502/1.33131
Epoch 45/1200 | samples=1542 | steps=6 | train_objective=0.0127226 | training_physical_mse=0.00643563 | validation_physical_mse=0.00565508 | lr=0.001 | configured_lr=0.001 | grad_rms=1.21225 | activation_var(mean/min/max)=0.823033/0.0258794/1.31574
Epoch 46/1200 | samples=1542 | steps=6 | train_objective=0.0130351 | training_physical_mse=0.00623295 | validation_physical_mse=0.00586936 | lr=0.001 | configured_lr=0.001 | grad_rms=1.50629 | activation_var(mean/min/max)=0.829108/0.0258296/1.32629
Epoch 47/1200 | samples=1542 | steps=6 | train_objective=0.0123823 | training_physical_mse=0.00564772 | validation_physical_mse=0.00502915 | lr=0.001 | configured_lr=0.001 | grad_rms=0.920452 | activation_var(mean/min/max)=0.818841/0.0256711/1.30911
Epoch 48/1200 | samples=1542 | steps=6 | train_objective=0.0119524 | training_physical_mse=0.00544105 | validation_physical_mse=0.00491659 | lr=0.001 | configured_lr=0.001 | grad_rms=0.670763 | activation_var(mean/min/max)=0.815549/0.0255544/1.30377
Epoch 49/1200 | samples=1542 | steps=6 | train_objective=0.0116658 | training_physical_mse=0.00538148 | validation_physical_mse=0.00476654 | lr=0.001 | configured_lr=0.001 | grad_rms=0.485578 | activation_var(mean/min/max)=0.80636/0.0254195/1.28831
Epoch 50/1200 | samples=1542 | steps=6 | train_objective=0.0127309 | training_physical_mse=0.00541219 | validation_physical_mse=0.00502569 | lr=0.001 | configured_lr=0.001 | grad_rms=1.44044 | activation_var(mean/min/max)=0.811083/0.0253974/1.29605
Epoch 51/1200 | samples=1542 | steps=6 | train_objective=0.0120605 | training_physical_mse=0.00593786 | validation_physical_mse=0.00523076 | lr=0.001 | configured_lr=0.001 | grad_rms=1.19598 | activation_var(mean/min/max)=0.798041/0.0252334/1.27464
Epoch 52/1200 | samples=1542 | steps=6 | train_objective=0.0128775 | training_physical_mse=0.00549387 | validation_physical_mse=0.00492521 | lr=0.001 | configured_lr=0.001 | grad_rms=1.23245 | activation_var(mean/min/max)=0.795345/0.025136/1.27097
Epoch 53/1200 | samples=1542 | steps=6 | train_objective=0.0118453 | training_physical_mse=0.00519776 | validation_physical_mse=0.00462288 | lr=0.001 | configured_lr=0.001 | grad_rms=0.72604 | activation_var(mean/min/max)=0.791285/0.0249924/1.26452
Epoch 54/1200 | samples=1542 | steps=6 | train_objective=0.0118403 | training_physical_mse=0.00536155 | validation_physical_mse=0.00464506 | lr=0.001 | configured_lr=0.001 | grad_rms=0.826708 | activation_var(mean/min/max)=0.792561/0.0249275/1.26672
Epoch 55/1200 | samples=1542 | steps=6 | train_objective=0.0115002 | training_physical_mse=0.0053576 | validation_physical_mse=0.00476464 | lr=0.001 | configured_lr=0.001 | grad_rms=0.546432 | activation_var(mean/min/max)=0.787896/0.0248119/1.25961
Epoch 56/1200 | samples=1542 | steps=6 | train_objective=0.0113593 | training_physical_mse=0.00513319 | validation_physical_mse=0.00451761 | lr=0.001 | configured_lr=0.001 | grad_rms=0.61964 | activation_var(mean/min/max)=0.791587/0.0247764/1.26517
Epoch 57/1200 | samples=1542 | steps=6 | train_objective=0.0110911 | training_physical_mse=0.00524258 | validation_physical_mse=0.00453842 | lr=0.001 | configured_lr=0.001 | grad_rms=0.694572 | activation_var(mean/min/max)=0.789145/0.0246976/1.2612
Epoch 58/1200 | samples=1542 | steps=6 | train_objective=0.0110812 | training_physical_mse=0.00504715 | validation_physical_mse=0.00434442 | lr=0.001 | configured_lr=0.001 | grad_rms=0.699609 | activation_var(mean/min/max)=0.782578/0.024622/1.25077
Epoch 59/1200 | samples=1542 | steps=6 | train_objective=0.011321 | training_physical_mse=0.00528667 | validation_physical_mse=0.00461673 | lr=0.001 | configured_lr=0.001 | grad_rms=0.833148 | activation_var(mean/min/max)=0.781117/0.0246159/1.24814
Epoch 60/1200 | samples=1542 | steps=6 | train_objective=0.0111412 | training_physical_mse=0.00510298 | validation_physical_mse=0.00466522 | lr=0.001 | configured_lr=0.001 | grad_rms=0.613644 | activation_var(mean/min/max)=0.786299/0.0246223/1.25727
Epoch 61/1200 | samples=1542 | steps=6 | train_objective=0.0117878 | training_physical_mse=0.00532465 | validation_physical_mse=0.00459869 | lr=0.001 | configured_lr=0.001 | grad_rms=1.08949 | activation_var(mean/min/max)=0.782355/0.0245468/1.24978
Epoch 62/1200 | samples=1542 | steps=6 | train_objective=0.0117237 | training_physical_mse=0.00619882 | validation_physical_mse=0.00558813 | lr=0.001 | configured_lr=0.001 | grad_rms=1.07385 | activation_var(mean/min/max)=0.776062/0.024411/1.24015
Epoch 63/1200 | samples=1542 | steps=6 | train_objective=0.0119754 | training_physical_mse=0.00491149 | validation_physical_mse=0.00439214 | lr=0.001 | configured_lr=0.001 | grad_rms=1.12167 | activation_var(mean/min/max)=0.779218/0.0243194/1.24487
Epoch 64/1200 | samples=1542 | steps=6 | train_objective=0.0111604 | training_physical_mse=0.00538912 | validation_physical_mse=0.00477306 | lr=0.001 | configured_lr=0.001 | grad_rms=0.766195 | activation_var(mean/min/max)=0.764818/0.0240953/1.22025
Epoch 65/1200 | samples=1542 | steps=6 | train_objective=0.0118737 | training_physical_mse=0.00549112 | validation_physical_mse=0.00465204 | lr=0.001 | configured_lr=0.001 | grad_rms=1.12237 | activation_var(mean/min/max)=0.761408/0.0239569/1.21514
Epoch 66/1200 | samples=1542 | steps=6 | train_objective=0.0112593 | training_physical_mse=0.00527613 | validation_physical_mse=0.00459256 | lr=0.001 | configured_lr=0.001 | grad_rms=0.894226 | activation_var(mean/min/max)=0.760973/0.0238429/1.21541
Epoch 67/1200 | samples=1542 | steps=6 | train_objective=0.0108576 | training_physical_mse=0.00520758 | validation_physical_mse=0.00453022 | lr=0.001 | configured_lr=0.001 | grad_rms=0.653248 | activation_var(mean/min/max)=0.755216/0.0237124/1.20537
Epoch 68/1200 | samples=1542 | steps=6 | train_objective=0.0108451 | training_physical_mse=0.00512541 | validation_physical_mse=0.00452882 | lr=0.001 | configured_lr=0.001 | grad_rms=0.683802 | activation_var(mean/min/max)=0.751657/0.0236079/1.20018
Epoch 69/1200 | samples=1542 | steps=6 | train_objective=0.0113649 | training_physical_mse=0.00481637 | validation_physical_mse=0.00412082 | lr=0.001 | configured_lr=0.001 | grad_rms=0.941249 | activation_var(mean/min/max)=0.758084/0.0235891/1.21183
Epoch 70/1200 | samples=1542 | steps=6 | train_objective=0.010815 | training_physical_mse=0.00474422 | validation_physical_mse=0.00418407 | lr=0.001 | configured_lr=0.001 | grad_rms=0.679546 | activation_var(mean/min/max)=0.758156/0.0235268/1.21212
Epoch 71/1200 | samples=1542 | steps=6 | train_objective=0.0106747 | training_physical_mse=0.0051738 | validation_physical_mse=0.00496863 | lr=0.001 | configured_lr=0.001 | grad_rms=0.586298 | activation_var(mean/min/max)=0.75043/0.0233649/1.19928
Epoch 72/1200 | samples=1542 | steps=6 | train_objective=0.0112779 | training_physical_mse=0.00565945 | validation_physical_mse=0.00498097 | lr=0.001 | configured_lr=0.001 | grad_rms=1.14876 | activation_var(mean/min/max)=0.751549/0.0233002/1.20172
Epoch 73/1200 | samples=1542 | steps=6 | train_objective=0.0108813 | training_physical_mse=0.00618919 | validation_physical_mse=0.00585266 | lr=0.001 | configured_lr=0.001 | grad_rms=0.941652 | activation_var(mean/min/max)=0.744605/0.0231644/1.19027
Epoch 74/1200 | samples=1542 | steps=6 | train_objective=0.0118704 | training_physical_mse=0.00542169 | validation_physical_mse=0.00465722 | lr=0.001 | configured_lr=0.001 | grad_rms=1.48035 | activation_var(mean/min/max)=0.737092/0.0230226/1.1776
Epoch 75/1200 | samples=1542 | steps=6 | train_objective=0.0119845 | training_physical_mse=0.00495675 | validation_physical_mse=0.00434435 | lr=0.001 | configured_lr=0.001 | grad_rms=1.60797 | activation_var(mean/min/max)=0.722869/0.022824/1.15251
Epoch 76/1200 | samples=1542 | steps=6 | train_objective=0.0107038 | training_physical_mse=0.00505647 | validation_physical_mse=0.00431791 | lr=0.001 | configured_lr=0.001 | grad_rms=0.970424 | activation_var(mean/min/max)=0.699835/0.0225214/1.11422
Epoch 77/1200 | samples=1542 | steps=6 | train_objective=0.0109296 | training_physical_mse=0.00492074 | validation_physical_mse=0.00426834 | lr=0.001 | configured_lr=0.001 | grad_rms=0.988577 | activation_var(mean/min/max)=0.692976/0.0223698/1.10295
Epoch 78/1200 | samples=1542 | steps=6 | train_objective=0.0104964 | training_physical_mse=0.00458048 | validation_physical_mse=0.00393113 | lr=0.001 | configured_lr=0.001 | grad_rms=0.981105 | activation_var(mean/min/max)=0.694724/0.0222829/1.10586
Epoch 79/1200 | samples=1542 | steps=6 | train_objective=0.0108684 | training_physical_mse=0.00454364 | validation_physical_mse=0.00405332 | lr=0.001 | configured_lr=0.001 | grad_rms=1.28052 | activation_var(mean/min/max)=0.686185/0.022138/1.09195
Epoch 80/1200 | samples=1542 | steps=6 | train_objective=0.0110018 | training_physical_mse=0.004472 | validation_physical_mse=0.00394832 | lr=0.001 | configured_lr=0.001 | grad_rms=1.33406 | activation_var(mean/min/max)=0.671314/0.0219488/1.06641
Epoch 81/1200 | samples=1542 | steps=6 | train_objective=0.0112074 | training_physical_mse=0.00451233 | validation_physical_mse=0.0039362 | lr=0.001 | configured_lr=0.001 | grad_rms=1.5258 | activation_var(mean/min/max)=0.665159/0.0218392/1.05529
Epoch 82/1200 | samples=1542 | steps=6 | train_objective=0.0106268 | training_physical_mse=0.00462835 | validation_physical_mse=0.00401063 | lr=0.001 | configured_lr=0.001 | grad_rms=1.27994 | activation_var(mean/min/max)=0.651048/0.0216398/1.03188
Epoch 83/1200 | samples=1542 | steps=6 | train_objective=0.00996961 | training_physical_mse=0.00435624 | validation_physical_mse=0.00371364 | lr=0.001 | configured_lr=0.001 | grad_rms=0.836523 | activation_var(mean/min/max)=0.637931/0.0214462/1.01024
Epoch 84/1200 | samples=1542 | steps=6 | train_objective=0.00990943 | training_physical_mse=0.00434816 | validation_physical_mse=0.00383277 | lr=0.001 | configured_lr=0.001 | grad_rms=0.870518 | activation_var(mean/min/max)=0.633772/0.0213559/1.00291
Epoch 85/1200 | samples=1542 | steps=6 | train_objective=0.0107688 | training_physical_mse=0.00531207 | validation_physical_mse=0.00468125 | lr=0.001 | configured_lr=0.001 | grad_rms=1.35654 | activation_var(mean/min/max)=0.619566/0.0212106/0.979477
Epoch 86/1200 | samples=1542 | steps=6 | train_objective=0.0107815 | training_physical_mse=0.0046364 | validation_physical_mse=0.00426718 | lr=0.001 | configured_lr=0.001 | grad_rms=1.23859 | activation_var(mean/min/max)=0.611626/0.0210603/0.966352
Epoch 87/1200 | samples=1542 | steps=6 | train_objective=0.00985514 | training_physical_mse=0.00450963 | validation_physical_mse=0.00395859 | lr=0.001 | configured_lr=0.001 | grad_rms=0.71178 | activation_var(mean/min/max)=0.604144/0.0209301/0.953504
Epoch 88/1200 | samples=1542 | steps=6 | train_objective=0.00971383 | training_physical_mse=0.00459843 | validation_physical_mse=0.00408711 | lr=0.001 | configured_lr=0.001 | grad_rms=0.643813 | activation_var(mean/min/max)=0.609017/0.020882/0.96145
Epoch 89/1200 | samples=1542 | steps=6 | train_objective=0.00957522 | training_physical_mse=0.0041186 | validation_physical_mse=0.00355946 | lr=0.001 | configured_lr=0.001 | grad_rms=0.69642 | activation_var(mean/min/max)=0.598809/0.020756/0.94479
Epoch 90/1200 | samples=1542 | steps=6 | train_objective=0.00967846 | training_physical_mse=0.00480883 | validation_physical_mse=0.00424054 | lr=0.001 | configured_lr=0.001 | grad_rms=0.845558 | activation_var(mean/min/max)=0.601215/0.0207528/0.949013
Epoch 91/1200 | samples=1542 | steps=6 | train_objective=0.00976415 | training_physical_mse=0.0042112 | validation_physical_mse=0.00368651 | lr=0.001 | configured_lr=0.001 | grad_rms=0.963185 | activation_var(mean/min/max)=0.601304/0.020732/0.948709
Epoch 92/1200 | samples=1542 | steps=6 | train_objective=0.00947773 | training_physical_mse=0.0047889 | validation_physical_mse=0.00396561 | lr=0.001 | configured_lr=0.001 | grad_rms=0.854959 | activation_var(mean/min/max)=0.590739/0.0206118/0.931752
Epoch 93/1200 | samples=1542 | steps=6 | train_objective=0.0101419 | training_physical_mse=0.00438673 | validation_physical_mse=0.00385831 | lr=0.001 | configured_lr=0.001 | grad_rms=1.01465 | activation_var(mean/min/max)=0.583341/0.0205411/0.919899
Epoch 94/1200 | samples=1542 | steps=6 | train_objective=0.00970784 | training_physical_mse=0.00420369 | validation_physical_mse=0.00359577 | lr=0.001 | configured_lr=0.001 | grad_rms=0.894095 | activation_var(mean/min/max)=0.583359/0.020482/0.920455
Epoch 95/1200 | samples=1542 | steps=6 | train_objective=0.00994011 | training_physical_mse=0.00429699 | validation_physical_mse=0.00398087 | lr=0.001 | configured_lr=0.001 | grad_rms=1.10488 | activation_var(mean/min/max)=0.579616/0.0203783/0.914526
Epoch 96/1200 | samples=1542 | steps=6 | train_objective=0.0110712 | training_physical_mse=0.00414482 | validation_physical_mse=0.00342737 | lr=0.001 | configured_lr=0.001 | grad_rms=1.5238 | activation_var(mean/min/max)=0.568115/0.0202284/0.896332
Epoch 97/1200 | samples=1542 | steps=6 | train_objective=0.0118888 | training_physical_mse=0.00435334 | validation_physical_mse=0.00370371 | lr=0.001 | configured_lr=0.001 | grad_rms=1.75836 | activation_var(mean/min/max)=0.547191/0.0200026/0.86415
Epoch 98/1200 | samples=1542 | steps=6 | train_objective=0.0094613 | training_physical_mse=0.0045335 | validation_physical_mse=0.00389612 | lr=0.001 | configured_lr=0.001 | grad_rms=0.826232 | activation_var(mean/min/max)=0.537719/0.0198005/0.851292
Epoch 99/1200 | samples=1542 | steps=6 | train_objective=0.00957842 | training_physical_mse=0.00442684 | validation_physical_mse=0.00384005 | lr=0.001 | configured_lr=0.001 | grad_rms=0.841076 | activation_var(mean/min/max)=0.52499/0.0195419/0.831442
Epoch 100/1200 | samples=1542 | steps=6 | train_objective=0.00991378 | training_physical_mse=0.00403704 | validation_physical_mse=0.00347738 | lr=0.001 | configured_lr=0.001 | grad_rms=0.966285 | activation_var(mean/min/max)=0.528684/0.0194201/0.837056
Epoch 101/1200 | samples=1542 | steps=6 | train_objective=0.00966057 | training_physical_mse=0.0041226 | validation_physical_mse=0.00359644 | lr=0.001 | configured_lr=0.001 | grad_rms=0.797568 | activation_var(mean/min/max)=0.530768/0.0192898/0.840674
Epoch 102/1200 | samples=1542 | steps=6 | train_objective=0.00945914 | training_physical_mse=0.00389168 | validation_physical_mse=0.00341354 | lr=0.001 | configured_lr=0.001 | grad_rms=0.834791 | activation_var(mean/min/max)=0.526477/0.0191535/0.833403
Epoch 103/1200 | samples=1542 | steps=6 | train_objective=0.00922271 | training_physical_mse=0.00426045 | validation_physical_mse=0.00362685 | lr=0.001 | configured_lr=0.001 | grad_rms=0.666318 | activation_var(mean/min/max)=0.512834/0.0190072/0.812164
Epoch 104/1200 | samples=1542 | steps=6 | train_objective=0.00951388 | training_physical_mse=0.00452577 | validation_physical_mse=0.00417038 | lr=0.001 | configured_lr=0.001 | grad_rms=0.938993 | activation_var(mean/min/max)=0.514317/0.018939/0.814436
Epoch 105/1200 | samples=1542 | steps=6 | train_objective=0.0100221 | training_physical_mse=0.00500017 | validation_physical_mse=0.00426877 | lr=0.001 | configured_lr=0.001 | grad_rms=1.2358 | activation_var(mean/min/max)=0.512811/0.0188552/0.812296
Epoch 106/1200 | samples=1542 | steps=6 | train_objective=0.0100144 | training_physical_mse=0.00403356 | validation_physical_mse=0.00360475 | lr=0.001 | configured_lr=0.001 | grad_rms=1.21963 | activation_var(mean/min/max)=0.503234/0.0186899/0.796463
Epoch 107/1200 | samples=1542 | steps=6 | train_objective=0.00881724 | training_physical_mse=0.00375491 | validation_physical_mse=0.00319476 | lr=0.001 | configured_lr=0.001 | grad_rms=0.734792 | activation_var(mean/min/max)=0.490194/0.0185405/0.775911
Epoch 108/1200 | samples=1542 | steps=6 | train_objective=0.00860871 | training_physical_mse=0.00386257 | validation_physical_mse=0.00326284 | lr=0.001 | configured_lr=0.001 | grad_rms=0.586859 | activation_var(mean/min/max)=0.495769/0.0184907/0.786466
Epoch 109/1200 | samples=1542 | steps=6 | train_objective=0.00874087 | training_physical_mse=0.00414753 | validation_physical_mse=0.00361387 | lr=0.001 | configured_lr=0.001 | grad_rms=0.686082 | activation_var(mean/min/max)=0.497138/0.0184428/0.78914
Epoch 110/1200 | samples=1542 | steps=6 | train_objective=0.00936011 | training_physical_mse=0.00457369 | validation_physical_mse=0.00393107 | lr=0.001 | configured_lr=0.001 | grad_rms=0.947389 | activation_var(mean/min/max)=0.496434/0.0184118/0.787847
Epoch 111/1200 | samples=1542 | steps=6 | train_objective=0.00894065 | training_physical_mse=0.00403362 | validation_physical_mse=0.0035114 | lr=0.001 | configured_lr=0.001 | grad_rms=0.837762 | activation_var(mean/min/max)=0.493133/0.0183285/0.782544
Epoch 112/1200 | samples=1542 | steps=6 | train_objective=0.0084892 | training_physical_mse=0.00364957 | validation_physical_mse=0.00305853 | lr=0.001 | configured_lr=0.001 | grad_rms=0.646229 | activation_var(mean/min/max)=0.485909/0.0182439/0.771032
Epoch 113/1200 | samples=1542 | steps=6 | train_objective=0.0083649 | training_physical_mse=0.0036886 | validation_physical_mse=0.00314094 | lr=0.001 | configured_lr=0.001 | grad_rms=0.562962 | activation_var(mean/min/max)=0.485796/0.0182405/0.771111
Epoch 114/1200 | samples=1542 | steps=6 | train_objective=0.00820213 | training_physical_mse=0.00383145 | validation_physical_mse=0.0033491 | lr=0.001 | configured_lr=0.001 | grad_rms=0.441897 | activation_var(mean/min/max)=0.486617/0.0182317/0.772148
Epoch 115/1200 | samples=1542 | steps=6 | train_objective=0.00844478 | training_physical_mse=0.00350408 | validation_physical_mse=0.00295575 | lr=0.001 | configured_lr=0.001 | grad_rms=0.659318 | activation_var(mean/min/max)=0.483714/0.0182158/0.767191
Epoch 116/1200 | samples=1542 | steps=6 | train_objective=0.00846996 | training_physical_mse=0.00425322 | validation_physical_mse=0.00374393 | lr=0.001 | configured_lr=0.001 | grad_rms=0.481112 | activation_var(mean/min/max)=0.479788/0.0182212/0.760908
Epoch 117/1200 | samples=1542 | steps=6 | train_objective=0.00831333 | training_physical_mse=0.00381821 | validation_physical_mse=0.00334218 | lr=0.001 | configured_lr=0.001 | grad_rms=0.578072 | activation_var(mean/min/max)=0.484893/0.0182233/0.768592
Epoch 118/1200 | samples=1542 | steps=6 | train_objective=0.00819296 | training_physical_mse=0.00340336 | validation_physical_mse=0.00284253 | lr=0.001 | configured_lr=0.001 | grad_rms=0.654356 | activation_var(mean/min/max)=0.486846/0.0181907/0.771844
Epoch 119/1200 | samples=1542 | steps=6 | train_objective=0.00810633 | training_physical_mse=0.00349902 | validation_physical_mse=0.00310349 | lr=0.001 | configured_lr=0.001 | grad_rms=0.533932 | activation_var(mean/min/max)=0.478853/0.0181077/0.758622
Epoch 120/1200 | samples=1542 | steps=6 | train_objective=0.00876202 | training_physical_mse=0.00431447 | validation_physical_mse=0.00390343 | lr=0.001 | configured_lr=0.001 | grad_rms=0.868878 | activation_var(mean/min/max)=0.48348/0.0181558/0.766056
Epoch 121/1200 | samples=1542 | steps=6 | train_objective=0.00913508 | training_physical_mse=0.00437912 | validation_physical_mse=0.00367644 | lr=0.001 | configured_lr=0.001 | grad_rms=1.07393 | activation_var(mean/min/max)=0.481435/0.0181149/0.763203
Epoch 122/1200 | samples=1542 | steps=6 | train_objective=0.00854244 | training_physical_mse=0.00380973 | validation_physical_mse=0.00344265 | lr=0.001 | configured_lr=0.001 | grad_rms=0.850634 | activation_var(mean/min/max)=0.469529/0.0179648/0.744631
Epoch 123/1200 | samples=1542 | steps=6 | train_objective=0.00824587 | training_physical_mse=0.00427133 | validation_physical_mse=0.00396598 | lr=0.001 | configured_lr=0.001 | grad_rms=0.690531 | activation_var(mean/min/max)=0.473395/0.0178941/0.750403
Epoch 124/1200 | samples=1542 | steps=6 | train_objective=0.00888049 | training_physical_mse=0.00355323 | validation_physical_mse=0.00306272 | lr=0.001 | configured_lr=0.001 | grad_rms=0.98255 | activation_var(mean/min/max)=0.477396/0.0178645/0.75814
Epoch 125/1200 | samples=1542 | steps=6 | train_objective=0.00909934 | training_physical_mse=0.00453636 | validation_physical_mse=0.00398877 | lr=0.001 | configured_lr=0.001 | grad_rms=1.06034 | activation_var(mean/min/max)=0.465513/0.0177526/0.739245
Epoch 126/1200 | samples=1542 | steps=6 | train_objective=0.00984959 | training_physical_mse=0.00484746 | validation_physical_mse=0.0045029 | lr=0.001 | configured_lr=0.001 | grad_rms=1.28934 | activation_var(mean/min/max)=0.469294/0.0177466/0.744993
Epoch 127/1200 | samples=1542 | steps=6 | train_objective=0.0107989 | training_physical_mse=0.00447192 | validation_physical_mse=0.00374954 | lr=0.001 | configured_lr=0.001 | grad_rms=1.62373 | activation_var(mean/min/max)=0.468244/0.0176463/0.743173
Epoch 128/1200 | samples=1542 | steps=6 | train_objective=0.00950792 | training_physical_mse=0.00543169 | validation_physical_mse=0.00506944 | lr=0.001 | configured_lr=0.001 | grad_rms=1.19918 | activation_var(mean/min/max)=0.452496/0.0174244/0.718314
Epoch 129/1200 | samples=1542 | steps=6 | train_objective=0.00971618 | training_physical_mse=0.00439882 | validation_physical_mse=0.00380908 | lr=0.001 | configured_lr=0.001 | grad_rms=1.27013 | activation_var(mean/min/max)=0.451924/0.0173087/0.717564
Epoch 130/1200 | samples=1542 | steps=6 | train_objective=0.00871296 | training_physical_mse=0.00394684 | validation_physical_mse=0.00368515 | lr=0.001 | configured_lr=0.001 | grad_rms=0.907169 | activation_var(mean/min/max)=0.435185/0.0171217/0.691808
Epoch 131/1200 | samples=1542 | steps=6 | train_objective=0.00863301 | training_physical_mse=0.00376096 | validation_physical_mse=0.00328134 | lr=0.001 | configured_lr=0.001 | grad_rms=0.864428 | activation_var(mean/min/max)=0.43713/0.0170668/0.696464
Epoch 132/1200 | samples=1542 | steps=6 | train_objective=0.00817386 | training_physical_mse=0.0034575 | validation_physical_mse=0.00306351 | lr=0.001 | configured_lr=0.001 | grad_rms=0.522524 | activation_var(mean/min/max)=0.45058/0.0170935/0.717955
Epoch 133/1200 | samples=1542 | steps=6 | train_objective=0.00793032 | training_physical_mse=0.00365771 | validation_physical_mse=0.00333691 | lr=0.001 | configured_lr=0.001 | grad_rms=0.530284 | activation_var(mean/min/max)=0.443612/0.0170203/0.70665
Epoch 134/1200 | samples=1542 | steps=6 | train_objective=0.00789696 | training_physical_mse=0.00311824 | validation_physical_mse=0.00268406 | lr=0.001 | configured_lr=0.001 | grad_rms=0.51593 | activation_var(mean/min/max)=0.437206/0.0169539/0.696791
Epoch 135/1200 | samples=1542 | steps=6 | train_objective=0.0072353 | training_physical_mse=0.0031631 | validation_physical_mse=0.00273107 | lr=0.001 | configured_lr=0.001 | grad_rms=0.171912 | activation_var(mean/min/max)=0.443804/0.0169965/0.706551
Epoch 136/1200 | samples=1542 | steps=6 | train_objective=0.0073305 | training_physical_mse=0.00316296 | validation_physical_mse=0.00277278 | lr=0.001 | configured_lr=0.001 | grad_rms=0.28029 | activation_var(mean/min/max)=0.438856/0.0169919/0.697473
Epoch 137/1200 | samples=1542 | steps=6 | train_objective=0.00726574 | training_physical_mse=0.00323485 | validation_physical_mse=0.00273818 | lr=0.001 | configured_lr=0.001 | grad_rms=0.373926 | activation_var(mean/min/max)=0.436572/0.017011/0.694189
Epoch 138/1200 | samples=1542 | steps=6 | train_objective=0.00768073 | training_physical_mse=0.00377583 | validation_physical_mse=0.00335097 | lr=0.001 | configured_lr=0.001 | grad_rms=0.576517 | activation_var(mean/min/max)=0.436711/0.0170398/0.694015
Epoch 139/1200 | samples=1542 | steps=6 | train_objective=0.0077457 | training_physical_mse=0.00305051 | validation_physical_mse=0.00270796 | lr=0.001 | configured_lr=0.001 | grad_rms=0.592248 | activation_var(mean/min/max)=0.440007/0.0171395/0.698353
Epoch 140/1200 | samples=1542 | steps=6 | train_objective=0.00727963 | training_physical_mse=0.00327901 | validation_physical_mse=0.00286415 | lr=0.001 | configured_lr=0.001 | grad_rms=0.46136 | activation_var(mean/min/max)=0.435006/0.0171089/0.690125
Epoch 141/1200 | samples=1542 | steps=6 | train_objective=0.00804991 | training_physical_mse=0.00399517 | validation_physical_mse=0.00392219 | lr=0.001 | configured_lr=0.001 | grad_rms=0.93676 | activation_var(mean/min/max)=0.436717/0.0171728/0.693219
Epoch 142/1200 | samples=1542 | steps=6 | train_objective=0.00836567 | training_physical_mse=0.00392201 | validation_physical_mse=0.00340032 | lr=0.001 | configured_lr=0.001 | grad_rms=0.901709 | activation_var(mean/min/max)=0.426065/0.0170531/0.676724
Epoch 143/1200 | samples=1542 | steps=6 | train_objective=0.00798139 | training_physical_mse=0.00360212 | validation_physical_mse=0.003198 | lr=0.001 | configured_lr=0.001 | grad_rms=0.8926 | activation_var(mean/min/max)=0.429559/0.0170382/0.681803
Epoch 144/1200 | samples=1542 | steps=6 | train_objective=0.00788786 | training_physical_mse=0.00403629 | validation_physical_mse=0.00384226 | lr=0.001 | configured_lr=0.001 | grad_rms=0.752261 | activation_var(mean/min/max)=0.423423/0.0169385/0.672266
Epoch 145/1200 | samples=1542 | steps=6 | train_objective=0.00878861 | training_physical_mse=0.00399588 | validation_physical_mse=0.00355945 | lr=0.001 | configured_lr=0.001 | grad_rms=0.926552 | activation_var(mean/min/max)=0.43165/0.0168466/0.68514
Epoch 146/1200 | samples=1542 | steps=6 | train_objective=0.00832817 | training_physical_mse=0.0034177 | validation_physical_mse=0.00323445 | lr=0.001 | configured_lr=0.001 | grad_rms=0.731855 | activation_var(mean/min/max)=0.440848/0.016712/0.698848
Epoch 147/1200 | samples=1542 | steps=6 | train_objective=0.00772449 | training_physical_mse=0.00331976 | validation_physical_mse=0.00280003 | lr=0.001 | configured_lr=0.001 | grad_rms=0.665767 | activation_var(mean/min/max)=0.429742/0.0165286/0.681394
Epoch 148/1200 | samples=1542 | steps=6 | train_objective=0.00806051 | training_physical_mse=0.00435676 | validation_physical_mse=0.0040725 | lr=0.001 | configured_lr=0.001 | grad_rms=0.588867 | activation_var(mean/min/max)=0.424829/0.016465/0.673947
Epoch 149/1200 | samples=1542 | steps=6 | train_objective=0.00888286 | training_physical_mse=0.0038015 | validation_physical_mse=0.0032025 | lr=0.001 | configured_lr=0.001 | grad_rms=1.03045 | activation_var(mean/min/max)=0.42798/0.0164071/0.677952
Epoch 150/1200 | samples=1542 | steps=6 | train_objective=0.00816636 | training_physical_mse=0.00392763 | validation_physical_mse=0.00351446 | lr=0.001 | configured_lr=0.001 | grad_rms=0.927334 | activation_var(mean/min/max)=0.409787/0.0162425/0.649785
Epoch 151/1200 | samples=1542 | steps=6 | train_objective=0.00875869 | training_physical_mse=0.00488227 | validation_physical_mse=0.00448426 | lr=0.001 | configured_lr=0.001 | grad_rms=1.05912 | activation_var(mean/min/max)=0.410184/0.0161721/0.651787
Epoch 152/1200 | samples=1542 | steps=6 | train_objective=0.00936375 | training_physical_mse=0.00353923 | validation_physical_mse=0.00321078 | lr=0.001 | configured_lr=0.001 | grad_rms=1.12496 | activation_var(mean/min/max)=0.422291/0.0161455/0.670429
Epoch 153/1200 | samples=1542 | steps=6 | train_objective=0.00833989 | training_physical_mse=0.00333383 | validation_physical_mse=0.00284143 | lr=0.001 | configured_lr=0.001 | grad_rms=0.836088 | activation_var(mean/min/max)=0.404373/0.0159623/0.64037
Epoch 154/1200 | samples=1542 | steps=6 | train_objective=0.00816264 | training_physical_mse=0.00331435 | validation_physical_mse=0.00293933 | lr=0.001 | configured_lr=0.001 | grad_rms=0.912346 | activation_var(mean/min/max)=0.395232/0.0158037/0.625801
Epoch 155/1200 | samples=1542 | steps=6 | train_objective=0.00817684 | training_physical_mse=0.0036572 | validation_physical_mse=0.00339876 | lr=0.001 | configured_lr=0.001 | grad_rms=0.927604 | activation_var(mean/min/max)=0.403745/0.0157705/0.640412
Epoch 156/1200 | samples=1542 | steps=6 | train_objective=0.0082095 | training_physical_mse=0.00392724 | validation_physical_mse=0.00348782 | lr=0.001 | configured_lr=0.001 | grad_rms=0.952965 | activation_var(mean/min/max)=0.390678/0.0156475/0.619789
Epoch 157/1200 | samples=1542 | steps=6 | train_objective=0.00908519 | training_physical_mse=0.00426777 | validation_physical_mse=0.00421986 | lr=0.001 | configured_lr=0.001 | grad_rms=1.17535 | activation_var(mean/min/max)=0.393125/0.0155978/0.624049
Epoch 158/1200 | samples=1542 | steps=6 | train_objective=0.0097022 | training_physical_mse=0.00342311 | validation_physical_mse=0.00308933 | lr=0.001 | configured_lr=0.001 | grad_rms=1.23078 | activation_var(mean/min/max)=0.399932/0.0155343/0.63423
Epoch 159/1200 | samples=1542 | steps=6 | train_objective=0.00801363 | training_physical_mse=0.00358478 | validation_physical_mse=0.00344798 | lr=0.001 | configured_lr=0.001 | grad_rms=0.834477 | activation_var(mean/min/max)=0.397853/0.0154115/0.631176
Epoch 160/1200 | samples=1542 | steps=6 | train_objective=0.00767938 | training_physical_mse=0.0030559 | validation_physical_mse=0.00263358 | lr=0.001 | configured_lr=0.001 | grad_rms=0.752417 | activation_var(mean/min/max)=0.381495/0.0153365/0.60501
Epoch 161/1200 | samples=1542 | steps=6 | train_objective=0.00763864 | training_physical_mse=0.00348111 | validation_physical_mse=0.00301214 | lr=0.001 | configured_lr=0.001 | grad_rms=0.7252 | activation_var(mean/min/max)=0.383813/0.0154047/0.608955
Epoch 162/1200 | samples=1542 | steps=6 | train_objective=0.00780579 | training_physical_mse=0.00326651 | validation_physical_mse=0.00299603 | lr=0.001 | configured_lr=0.001 | grad_rms=0.647835 | activation_var(mean/min/max)=0.383206/0.0152907/0.607842
Epoch 163/1200 | samples=1542 | steps=6 | train_objective=0.0074513 | training_physical_mse=0.00310686 | validation_physical_mse=0.0027104 | lr=0.001 | configured_lr=0.001 | grad_rms=0.680554 | activation_var(mean/min/max)=0.386748/0.0152085/0.61414
Epoch 164/1200 | samples=1542 | steps=6 | train_objective=0.00753824 | training_physical_mse=0.00313051 | validation_physical_mse=0.00265248 | lr=0.001 | configured_lr=0.001 | grad_rms=0.769067 | activation_var(mean/min/max)=0.381112/0.015194/0.604704
Epoch 165/1200 | samples=1542 | steps=6 | train_objective=0.00733177 | training_physical_mse=0.00293886 | validation_physical_mse=0.00272336 | lr=0.001 | configured_lr=0.001 | grad_rms=0.598844 | activation_var(mean/min/max)=0.372418/0.0151723/0.590632
Epoch 166/1200 | samples=1542 | steps=6 | train_objective=0.00700211 | training_physical_mse=0.0028893 | validation_physical_mse=0.00253174 | lr=0.001 | configured_lr=0.001 | grad_rms=0.477422 | activation_var(mean/min/max)=0.374073/0.0151517/0.593927
Epoch 167/1200 | samples=1542 | steps=6 | train_objective=0.0070456 | training_physical_mse=0.00361497 | validation_physical_mse=0.00335371 | lr=0.001 | configured_lr=0.001 | grad_rms=0.629794 | activation_var(mean/min/max)=0.375571/0.015192/0.596308
Epoch 168/1200 | samples=1542 | steps=6 | train_objective=0.00760978 | training_physical_mse=0.00300062 | validation_physical_mse=0.00267195 | lr=0.001 | configured_lr=0.001 | grad_rms=0.73708 | activation_var(mean/min/max)=0.369324/0.0151847/0.586373
Epoch 169/1200 | samples=1542 | steps=6 | train_objective=0.0072128 | training_physical_mse=0.00285561 | validation_physical_mse=0.00245158 | lr=0.001 | configured_lr=0.001 | grad_rms=0.626464 | activation_var(mean/min/max)=0.372803/0.0151844/0.591186
Epoch 170/1200 | samples=1542 | steps=6 | train_objective=0.00668524 | training_physical_mse=0.00299409 | validation_physical_mse=0.0027342 | lr=0.001 | configured_lr=0.001 | grad_rms=0.507595 | activation_var(mean/min/max)=0.361268/0.0150777/0.572239
Epoch 171/1200 | samples=1542 | steps=6 | train_objective=0.00657092 | training_physical_mse=0.00283118 | validation_physical_mse=0.00252918 | lr=0.001 | configured_lr=0.001 | grad_rms=0.420963 | activation_var(mean/min/max)=0.360024/0.0151369/0.57143
Epoch 172/1200 | samples=1542 | steps=6 | train_objective=0.00672761 | training_physical_mse=0.00291205 | validation_physical_mse=0.00268545 | lr=0.001 | configured_lr=0.001 | grad_rms=0.513448 | activation_var(mean/min/max)=0.363063/0.015161/0.576992
Epoch 173/1200 | samples=1542 | steps=6 | train_objective=0.00848034 | training_physical_mse=0.00348976 | validation_physical_mse=0.00340364 | lr=0.001 | configured_lr=0.001 | grad_rms=1.12968 | activation_var(mean/min/max)=0.364679/0.0152407/0.578839
Epoch 174/1200 | samples=1542 | steps=6 | train_objective=0.00873145 | training_physical_mse=0.0045191 | validation_physical_mse=0.00430377 | lr=0.001 | configured_lr=0.001 | grad_rms=1.12257 | activation_var(mean/min/max)=0.361047/0.0150895/0.572751
Epoch 175/1200 | samples=1542 | steps=6 | train_objective=0.00891422 | training_physical_mse=0.00347998 | validation_physical_mse=0.00319757 | lr=0.001 | configured_lr=0.001 | grad_rms=1.15313 | activation_var(mean/min/max)=0.36096/0.0149266/0.571363
Epoch 176/1200 | samples=1542 | steps=6 | train_objective=0.00748228 | training_physical_mse=0.00361625 | validation_physical_mse=0.00307167 | lr=0.001 | configured_lr=0.001 | grad_rms=0.658769 | activation_var(mean/min/max)=0.362998/0.0147882/0.574654
Epoch 177/1200 | samples=1542 | steps=6 | train_objective=0.00806215 | training_physical_mse=0.00358925 | validation_physical_mse=0.00345448 | lr=0.001 | configured_lr=0.001 | grad_rms=0.50121 | activation_var(mean/min/max)=0.365396/0.0147057/0.580248
Epoch 178/1200 | samples=1542 | steps=6 | train_objective=0.00795605 | training_physical_mse=0.00319651 | validation_physical_mse=0.0027197 | lr=0.001 | configured_lr=0.001 | grad_rms=0.852054 | activation_var(mean/min/max)=0.36108/0.0146189/0.57269
Epoch 179/1200 | samples=1542 | steps=6 | train_objective=0.00768004 | training_physical_mse=0.00402429 | validation_physical_mse=0.00362417 | lr=0.001 | configured_lr=0.001 | grad_rms=0.750469 | activation_var(mean/min/max)=0.359161/0.0145622/0.569788
Epoch 180/1200 | samples=1542 | steps=6 | train_objective=0.00736242 | training_physical_mse=0.00311336 | validation_physical_mse=0.00292022 | lr=0.001 | configured_lr=0.001 | grad_rms=0.816843 | activation_var(mean/min/max)=0.353519/0.0144278/0.561038
Epoch 181/1200 | samples=1542 | steps=6 | train_objective=0.00685527 | training_physical_mse=0.0028983 | validation_physical_mse=0.00248348 | lr=0.001 | configured_lr=0.001 | grad_rms=0.559535 | activation_var(mean/min/max)=0.341634/0.0143725/0.542351
Epoch 182/1200 | samples=1542 | steps=6 | train_objective=0.00694535 | training_physical_mse=0.00258783 | validation_physical_mse=0.00241248 | lr=0.001 | configured_lr=0.001 | grad_rms=0.449889 | activation_var(mean/min/max)=0.356722/0.0143906/0.567495
Epoch 183/1200 | samples=1542 | steps=6 | train_objective=0.00652744 | training_physical_mse=0.00263039 | validation_physical_mse=0.00234579 | lr=0.001 | configured_lr=0.001 | grad_rms=0.576166 | activation_var(mean/min/max)=0.353952/0.0144223/0.562348
Epoch 184/1200 | samples=1542 | steps=6 | train_objective=0.00687204 | training_physical_mse=0.00290945 | validation_physical_mse=0.00251705 | lr=0.001 | configured_lr=0.001 | grad_rms=0.679908 | activation_var(mean/min/max)=0.338722/0.0143764/0.536386
Epoch 185/1200 | samples=1542 | steps=6 | train_objective=0.0069449 | training_physical_mse=0.00275875 | validation_physical_mse=0.00259715 | lr=0.001 | configured_lr=0.001 | grad_rms=0.743421 | activation_var(mean/min/max)=0.342071/0.0143837/0.542571
Epoch 186/1200 | samples=1542 | steps=6 | train_objective=0.00652665 | training_physical_mse=0.00270644 | validation_physical_mse=0.00247767 | lr=0.001 | configured_lr=0.001 | grad_rms=0.425026 | activation_var(mean/min/max)=0.346243/0.0143936/0.549867
Epoch 187/1200 | samples=1542 | steps=6 | train_objective=0.00706624 | training_physical_mse=0.00378927 | validation_physical_mse=0.0032974 | lr=0.001 | configured_lr=0.001 | grad_rms=0.678638 | activation_var(mean/min/max)=0.345958/0.0143973/0.549887
Epoch 188/1200 | samples=1542 | steps=6 | train_objective=0.00757252 | training_physical_mse=0.00315563 | validation_physical_mse=0.00296601 | lr=0.001 | configured_lr=0.001 | grad_rms=0.411716 | activation_var(mean/min/max)=0.333312/0.0142595/0.52849
Epoch 189/1200 | samples=1542 | steps=6 | train_objective=0.0077692 | training_physical_mse=0.00307628 | validation_physical_mse=0.00273879 | lr=0.001 | configured_lr=0.001 | grad_rms=0.592681 | activation_var(mean/min/max)=0.346309/0.0141736/0.550313
Epoch 190/1200 | samples=1542 | steps=6 | train_objective=0.00724214 | training_physical_mse=0.00320837 | validation_physical_mse=0.00266324 | lr=0.001 | configured_lr=0.001 | grad_rms=0.384532 | activation_var(mean/min/max)=0.360607/0.0140716/0.573494
Epoch 191/1200 | samples=1542 | steps=6 | train_objective=0.00665723 | training_physical_mse=0.00281073 | validation_physical_mse=0.00271654 | lr=0.001 | configured_lr=0.001 | grad_rms=0.433011 | activation_var(mean/min/max)=0.337913/0.0139325/0.535956
Epoch 192/1200 | samples=1542 | steps=6 | train_objective=0.0065739 | training_physical_mse=0.0034549 | validation_physical_mse=0.00305114 | lr=0.001 | configured_lr=0.001 | grad_rms=0.409285 | activation_var(mean/min/max)=0.3266/0.0139087/0.517996
Epoch 193/1200 | samples=1542 | steps=6 | train_objective=0.00766579 | training_physical_mse=0.00349017 | validation_physical_mse=0.0032738 | lr=0.001 | configured_lr=0.001 | grad_rms=0.709404 | activation_var(mean/min/max)=0.344705/0.0139265/0.547639
Epoch 194/1200 | samples=1542 | steps=6 | train_objective=0.00784393 | training_physical_mse=0.00384303 | validation_physical_mse=0.00369514 | lr=0.001 | configured_lr=0.001 | grad_rms=0.869868 | activation_var(mean/min/max)=0.342671/0.0138237/0.545038
Epoch 195/1200 | samples=1542 | steps=6 | train_objective=0.00873198 | training_physical_mse=0.00391925 | validation_physical_mse=0.0035656 | lr=0.001 | configured_lr=0.001 | grad_rms=0.918928 | activation_var(mean/min/max)=0.335085/0.0138388/0.532527
Epoch 196/1200 | samples=1542 | steps=6 | train_objective=0.00875502 | training_physical_mse=0.00457886 | validation_physical_mse=0.00407202 | lr=0.001 | configured_lr=0.001 | grad_rms=0.946082 | activation_var(mean/min/max)=0.350671/0.0138485/0.556389
Epoch 197/1200 | samples=1542 | steps=6 | train_objective=0.00871435 | training_physical_mse=0.00297949 | validation_physical_mse=0.00257844 | lr=0.001 | configured_lr=0.001 | grad_rms=0.724251 | activation_var(mean/min/max)=0.332494/0.0135715/0.526801
Epoch 198/1200 | samples=1542 | steps=6 | train_objective=0.00746836 | training_physical_mse=0.00297667 | validation_physical_mse=0.00286913 | lr=0.001 | configured_lr=0.001 | grad_rms=0.405339 | activation_var(mean/min/max)=0.355672/0.01359/0.566235
Epoch 199/1200 | samples=1542 | steps=6 | train_objective=0.00727302 | training_physical_mse=0.00314004 | validation_physical_mse=0.00303965 | lr=0.001 | configured_lr=0.001 | grad_rms=0.649209 | activation_var(mean/min/max)=0.347625/0.0134486/0.553347
Epoch 200/1200 | samples=1542 | steps=6 | train_objective=0.00725223 | training_physical_mse=0.00289841 | validation_physical_mse=0.00252412 | lr=0.001 | configured_lr=0.001 | grad_rms=0.777271 | activation_var(mean/min/max)=0.32235/0.013214/0.51315
Epoch 201/1200 | samples=1542 | steps=6 | train_objective=0.00652742 | training_physical_mse=0.00294265 | validation_physical_mse=0.00297662 | lr=0.001 | configured_lr=0.001 | grad_rms=0.586636 | activation_var(mean/min/max)=0.331728/0.013208/0.528232
Epoch 202/1200 | samples=1542 | steps=6 | train_objective=0.00682149 | training_physical_mse=0.00263229 | validation_physical_mse=0.00229981 | lr=0.001 | configured_lr=0.001 | grad_rms=0.775813 | activation_var(mean/min/max)=0.329661/0.0131916/0.524764
Epoch 203/1200 | samples=1542 | steps=6 | train_objective=0.00615284 | training_physical_mse=0.00232398 | validation_physical_mse=0.00209938 | lr=0.001 | configured_lr=0.001 | grad_rms=0.494087 | activation_var(mean/min/max)=0.315204/0.0130983/0.501426
Epoch 204/1200 | samples=1542 | steps=6 | train_objective=0.00620776 | training_physical_mse=0.00265848 | validation_physical_mse=0.00269051 | lr=0.001 | configured_lr=0.001 | grad_rms=0.522023 | activation_var(mean/min/max)=0.322953/0.0131229/0.514207
Epoch 205/1200 | samples=1542 | steps=6 | train_objective=0.00707525 | training_physical_mse=0.00275532 | validation_physical_mse=0.00250694 | lr=0.001 | configured_lr=0.001 | grad_rms=0.883359 | activation_var(mean/min/max)=0.322416/0.0131429/0.513545
Epoch 206/1200 | samples=1542 | steps=6 | train_objective=0.00708717 | training_physical_mse=0.00372642 | validation_physical_mse=0.00364707 | lr=0.001 | configured_lr=0.001 | grad_rms=0.692224 | activation_var(mean/min/max)=0.312357/0.0130647/0.496873
Epoch 207/1200 | samples=1542 | steps=6 | train_objective=0.00741142 | training_physical_mse=0.00315343 | validation_physical_mse=0.00290215 | lr=0.001 | configured_lr=0.001 | grad_rms=0.815099 | activation_var(mean/min/max)=0.316629/0.0130677/0.503367
Epoch 208/1200 | samples=1542 | steps=6 | train_objective=0.0065649 | training_physical_mse=0.00248204 | validation_physical_mse=0.00226832 | lr=0.001 | configured_lr=0.001 | grad_rms=0.595781 | activation_var(mean/min/max)=0.306899/0.0129007/0.487824
Epoch 209/1200 | samples=1542 | steps=6 | train_objective=0.00637529 | training_physical_mse=0.00246978 | validation_physical_mse=0.00220569 | lr=0.001 | configured_lr=0.001 | grad_rms=0.465445 | activation_var(mean/min/max)=0.311777/0.012894/0.496163
Epoch 210/1200 | samples=1542 | steps=6 | train_objective=0.00623053 | training_physical_mse=0.00276578 | validation_physical_mse=0.00267756 | lr=0.001 | configured_lr=0.001 | grad_rms=0.47857 | activation_var(mean/min/max)=0.30943/0.0128374/0.492488
Epoch 211/1200 | samples=1542 | steps=6 | train_objective=0.00607023 | training_physical_mse=0.00276858 | validation_physical_mse=0.00268406 | lr=0.001 | configured_lr=0.001 | grad_rms=0.551116 | activation_var(mean/min/max)=0.311806/0.0128352/0.496647
Epoch 212/1200 | samples=1542 | steps=6 | train_objective=0.00647109 | training_physical_mse=0.00316544 | validation_physical_mse=0.00294317 | lr=0.001 | configured_lr=0.001 | grad_rms=0.731568 | activation_var(mean/min/max)=0.300601/0.0127023/0.478421
Epoch 213/1200 | samples=1542 | steps=6 | train_objective=0.00681548 | training_physical_mse=0.00299924 | validation_physical_mse=0.00290897 | lr=0.001 | configured_lr=0.001 | grad_rms=0.88534 | activation_var(mean/min/max)=0.301834/0.0126324/0.479507
Epoch 214/1200 | samples=1542 | steps=6 | train_objective=0.00775456 | training_physical_mse=0.0031664 | validation_physical_mse=0.00287257 | lr=0.001 | configured_lr=0.001 | grad_rms=1.15579 | activation_var(mean/min/max)=0.311577/0.0127062/0.495459
Epoch 215/1200 | samples=1542 | steps=6 | train_objective=0.00715606 | training_physical_mse=0.00314558 | validation_physical_mse=0.00283894 | lr=0.001 | configured_lr=0.001 | grad_rms=0.914277 | activation_var(mean/min/max)=0.30242/0.0126306/0.48111
Epoch 216/1200 | samples=1542 | steps=6 | train_objective=0.00759018 | training_physical_mse=0.00265784 | validation_physical_mse=0.00237402 | lr=0.001 | configured_lr=0.001 | grad_rms=0.818934 | activation_var(mean/min/max)=0.305781/0.0125716/0.487142
Epoch 217/1200 | samples=1542 | steps=6 | train_objective=0.00756757 | training_physical_mse=0.00387301 | validation_physical_mse=0.00375247 | lr=0.001 | configured_lr=0.001 | grad_rms=1.00318 | activation_var(mean/min/max)=0.300891/0.0125964/0.479163
Epoch 218/1200 | samples=1542 | steps=6 | train_objective=0.00726532 | training_physical_mse=0.00372889 | validation_physical_mse=0.00351721 | lr=0.001 | configured_lr=0.001 | grad_rms=0.905515 | activation_var(mean/min/max)=0.307276/0.0125967/0.489256
Epoch 219/1200 | samples=1542 | steps=6 | train_objective=0.00780216 | training_physical_mse=0.00249343 | validation_physical_mse=0.00227087 | lr=0.001 | configured_lr=0.001 | grad_rms=0.994096 | activation_var(mean/min/max)=0.293562/0.0123729/0.468225
Epoch 220/1200 | samples=1542 | steps=6 | train_objective=0.00622808 | training_physical_mse=0.00262632 | validation_physical_mse=0.00273835 | lr=0.001 | configured_lr=0.001 | grad_rms=0.65747 | activation_var(mean/min/max)=0.299732/0.0123572/0.478328
Epoch 221/1200 | samples=1542 | steps=6 | train_objective=0.00624156 | training_physical_mse=0.0022589 | validation_physical_mse=0.00206201 | lr=0.001 | configured_lr=0.001 | grad_rms=0.670856 | activation_var(mean/min/max)=0.296827/0.0123392/0.473298
Epoch 222/1200 | samples=1542 | steps=6 | train_objective=0.00615907 | training_physical_mse=0.00401095 | validation_physical_mse=0.00375946 | lr=0.001 | configured_lr=0.001 | grad_rms=0.72507 | activation_var(mean/min/max)=0.299904/0.0123663/0.478676
Epoch 223/1200 | samples=1542 | steps=6 | train_objective=0.008755 | training_physical_mse=0.00240428 | validation_physical_mse=0.00226821 | lr=0.001 | configured_lr=0.001 | grad_rms=1.24743 | activation_var(mean/min/max)=0.29511/0.0122233/0.469857
Epoch 224/1200 | samples=1542 | steps=6 | train_objective=0.00713276 | training_physical_mse=0.00383126 | validation_physical_mse=0.00389905 | lr=0.001 | configured_lr=0.001 | grad_rms=0.966845 | activation_var(mean/min/max)=0.289344/0.0122254/0.459954
Epoch 225/1200 | samples=1542 | steps=6 | train_objective=0.00687715 | training_physical_mse=0.00288617 | validation_physical_mse=0.00299519 | lr=0.001 | configured_lr=0.001 | grad_rms=0.811763 | activation_var(mean/min/max)=0.311932/0.0122841/0.49771
Epoch 226/1200 | samples=1542 | steps=6 | train_objective=0.0064094 | training_physical_mse=0.00230188 | validation_physical_mse=0.00222099 | lr=0.001 | configured_lr=0.001 | grad_rms=0.627023 | activation_var(mean/min/max)=0.292707/0.0121452/0.466329
Epoch 227/1200 | samples=1542 | steps=6 | train_objective=0.0063838 | training_physical_mse=0.00271184 | validation_physical_mse=0.00239617 | lr=0.001 | configured_lr=0.001 | grad_rms=0.639589 | activation_var(mean/min/max)=0.291024/0.0122027/0.46521
Epoch 228/1200 | samples=1542 | steps=6 | train_objective=0.00638348 | training_physical_mse=0.00263755 | validation_physical_mse=0.00237657 | lr=0.001 | configured_lr=0.001 | grad_rms=0.59196 | activation_var(mean/min/max)=0.299649/0.01216/0.478866
Epoch 229/1200 | samples=1542 | steps=6 | train_objective=0.00610437 | training_physical_mse=0.00263521 | validation_physical_mse=0.00248666 | lr=0.001 | configured_lr=0.001 | grad_rms=0.536936 | activation_var(mean/min/max)=0.284227/0.012052/0.453207
Epoch 230/1200 | samples=1542 | steps=6 | train_objective=0.00642456 | training_physical_mse=0.00295165 | validation_physical_mse=0.00265489 | lr=0.001 | configured_lr=0.001 | grad_rms=0.679039 | activation_var(mean/min/max)=0.283935/0.0120364/0.453146
Epoch 231/1200 | samples=1542 | steps=6 | train_objective=0.00697638 | training_physical_mse=0.00244591 | validation_physical_mse=0.00239466 | lr=0.001 | configured_lr=0.001 | grad_rms=0.916036 | activation_var(mean/min/max)=0.299837/0.0120785/0.478952
Epoch 232/1200 | samples=1542 | steps=6 | train_objective=0.00683973 | training_physical_mse=0.00210909 | validation_physical_mse=0.00186515 | lr=0.001 | configured_lr=0.001 | grad_rms=0.875652 | activation_var(mean/min/max)=0.275817/0.0119793/0.439732
Epoch 233/1200 | samples=1542 | steps=6 | train_objective=0.0065961 | training_physical_mse=0.0030804 | validation_physical_mse=0.00268204 | lr=0.001 | configured_lr=0.001 | grad_rms=0.724753 | activation_var(mean/min/max)=0.280799/0.011992/0.448651
Epoch 234/1200 | samples=1542 | steps=6 | train_objective=0.0070017 | training_physical_mse=0.00247652 | validation_physical_mse=0.00228625 | lr=0.001 | configured_lr=0.001 | grad_rms=0.914962 | activation_var(mean/min/max)=0.274786/0.0117587/0.438608
Epoch 235/1200 | samples=1542 | steps=6 | train_objective=0.00618453 | training_physical_mse=0.00230667 | validation_physical_mse=0.00231637 | lr=0.001 | configured_lr=0.001 | grad_rms=0.661219 | activation_var(mean/min/max)=0.278547/0.0117285/0.444469
Epoch 236/1200 | samples=1542 | steps=6 | train_objective=0.00579925 | training_physical_mse=0.0029348 | validation_physical_mse=0.00284487 | lr=0.001 | configured_lr=0.001 | grad_rms=0.532094 | activation_var(mean/min/max)=0.279709/0.011778/0.446511
Epoch 237/1200 | samples=1542 | steps=6 | train_objective=0.005625 | training_physical_mse=0.00205182 | validation_physical_mse=0.00204722 | lr=0.001 | configured_lr=0.001 | grad_rms=0.484893 | activation_var(mean/min/max)=0.270771/0.0116674/0.432433
Epoch 238/1200 | samples=1542 | steps=6 | train_objective=0.00585939 | training_physical_mse=0.00304181 | validation_physical_mse=0.00273296 | lr=0.001 | configured_lr=0.001 | grad_rms=0.372267 | activation_var(mean/min/max)=0.284839/0.0116546/0.456088
Epoch 239/1200 | samples=1542 | steps=6 | train_objective=0.00701874 | training_physical_mse=0.00338994 | validation_physical_mse=0.00330358 | lr=0.001 | configured_lr=0.001 | grad_rms=0.776276 | activation_var(mean/min/max)=0.281648/0.0116584/0.449549
Epoch 240/1200 | samples=1542 | steps=6 | train_objective=0.00797699 | training_physical_mse=0.00351831 | validation_physical_mse=0.00345168 | lr=0.001 | configured_lr=0.001 | grad_rms=1.21768 | activation_var(mean/min/max)=0.274304/0.0116163/0.437576
Epoch 241/1200 | samples=1542 | steps=6 | train_objective=0.00757136 | training_physical_mse=0.0023709 | validation_physical_mse=0.00204378 | lr=0.001 | configured_lr=0.001 | grad_rms=1.11441 | activation_var(mean/min/max)=0.268495/0.0114256/0.429199
Epoch 242/1200 | samples=1542 | steps=6 | train_objective=0.00705722 | training_physical_mse=0.00212333 | validation_physical_mse=0.00199783 | lr=0.001 | configured_lr=0.001 | grad_rms=0.808391 | activation_var(mean/min/max)=0.258376/0.0113364/0.411957
Epoch 243/1200 | samples=1542 | steps=6 | train_objective=0.00578628 | training_physical_mse=0.00230249 | validation_physical_mse=0.00229791 | lr=0.001 | configured_lr=0.001 | grad_rms=0.583546 | activation_var(mean/min/max)=0.269322/0.0112998/0.43148
Epoch 244/1200 | samples=1542 | steps=6 | train_objective=0.00605539 | training_physical_mse=0.00234317 | validation_physical_mse=0.0020443 | lr=0.001 | configured_lr=0.001 | grad_rms=0.637285 | activation_var(mean/min/max)=0.255027/0.0112671/0.408009
Epoch 245/1200 | samples=1542 | steps=6 | train_objective=0.00644718 | training_physical_mse=0.0022062 | validation_physical_mse=0.00217712 | lr=0.001 | configured_lr=0.001 | grad_rms=0.84074 | activation_var(mean/min/max)=0.254405/0.0112068/0.406196
Epoch 246/1200 | samples=1542 | steps=6 | train_objective=0.00627928 | training_physical_mse=0.00237593 | validation_physical_mse=0.00247651 | lr=0.001 | configured_lr=0.001 | grad_rms=0.706088 | activation_var(mean/min/max)=0.259302/0.0112092/0.414703
Epoch 247/1200 | samples=1542 | steps=6 | train_objective=0.00600331 | training_physical_mse=0.00238486 | validation_physical_mse=0.0023007 | lr=0.001 | configured_lr=0.001 | grad_rms=0.622798 | activation_var(mean/min/max)=0.257187/0.011131/0.410866
Epoch 248/1200 | samples=1542 | steps=6 | train_objective=0.00540756 | training_physical_mse=0.00187371 | validation_physical_mse=0.00187932 | lr=0.001 | configured_lr=0.001 | grad_rms=0.395369 | activation_var(mean/min/max)=0.25202/0.0111178/0.403448
Epoch 249/1200 | samples=1542 | steps=6 | train_objective=0.00569439 | training_physical_mse=0.00210582 | validation_physical_mse=0.0019972 | lr=0.001 | configured_lr=0.001 | grad_rms=0.709091 | activation_var(mean/min/max)=0.255451/0.0111519/0.409994
Epoch 250/1200 | samples=1542 | steps=6 | train_objective=0.00560918 | training_physical_mse=0.00195819 | validation_physical_mse=0.00179143 | lr=0.001 | configured_lr=0.001 | grad_rms=0.685252 | activation_var(mean/min/max)=0.260443/0.0111033/0.41811
Epoch 251/1200 | samples=1542 | steps=6 | train_objective=0.00643821 | training_physical_mse=0.00286457 | validation_physical_mse=0.00280033 | lr=0.001 | configured_lr=0.001 | grad_rms=0.985408 | activation_var(mean/min/max)=0.259896/0.0111556/0.416511
Epoch 252/1200 | samples=1542 | steps=6 | train_objective=0.00615291 | training_physical_mse=0.00242813 | validation_physical_mse=0.00243126 | lr=0.001 | configured_lr=0.001 | grad_rms=0.897322 | activation_var(mean/min/max)=0.262037/0.0111486/0.419244
Epoch 253/1200 | samples=1542 | steps=6 | train_objective=0.00627276 | training_physical_mse=0.00198616 | validation_physical_mse=0.00180875 | lr=0.001 | configured_lr=0.001 | grad_rms=0.917632 | activation_var(mean/min/max)=0.262171/0.0110298/0.419979
Epoch 254/1200 | samples=1542 | steps=6 | train_objective=0.00569305 | training_physical_mse=0.00219121 | validation_physical_mse=0.00214546 | lr=0.001 | configured_lr=0.001 | grad_rms=0.679731 | activation_var(mean/min/max)=0.271813/0.0111336/0.434943
Epoch 255/1200 | samples=1542 | steps=6 | train_objective=0.0055628 | training_physical_mse=0.00203985 | validation_physical_mse=0.00201613 | lr=0.001 | configured_lr=0.001 | grad_rms=0.556019 | activation_var(mean/min/max)=0.254071/0.01124/0.405272
Epoch 256/1200 | samples=1542 | steps=6 | train_objective=0.00575349 | training_physical_mse=0.00218836 | validation_physical_mse=0.0021714 | lr=0.001 | configured_lr=0.001 | grad_rms=0.705672 | activation_var(mean/min/max)=0.26816/0.0112975/0.42908
Epoch 257/1200 | samples=1542 | steps=6 | train_objective=0.00565028 | training_physical_mse=0.00312696 | validation_physical_mse=0.00307488 | lr=0.001 | configured_lr=0.001 | grad_rms=0.748927 | activation_var(mean/min/max)=0.258373/0.0112304/0.413001
Epoch 258/1200 | samples=1542 | steps=6 | train_objective=0.00694111 | training_physical_mse=0.00222022 | validation_physical_mse=0.0020993 | lr=0.001 | configured_lr=0.001 | grad_rms=1.16219 | activation_var(mean/min/max)=0.264017/0.0112543/0.422825
Epoch 259/1200 | samples=1542 | steps=6 | train_objective=0.00577698 | training_physical_mse=0.0026361 | validation_physical_mse=0.00245495 | lr=0.001 | configured_lr=0.001 | grad_rms=0.725719 | activation_var(mean/min/max)=0.260146/0.0112378/0.416692
Epoch 260/1200 | samples=1542 | steps=6 | train_objective=0.00616521 | training_physical_mse=0.00224226 | validation_physical_mse=0.00254994 | lr=0.001 | configured_lr=0.001 | grad_rms=0.945587 | activation_var(mean/min/max)=0.256508/0.0111884/0.410479
Epoch 261/1200 | samples=1542 | steps=6 | train_objective=0.00555983 | training_physical_mse=0.00198097 | validation_physical_mse=0.00175561 | lr=0.001 | configured_lr=0.001 | grad_rms=0.527849 | activation_var(mean/min/max)=0.262579/0.0112356/0.420846
Epoch 262/1200 | samples=1542 | steps=6 | train_objective=0.0050468 | training_physical_mse=0.00197441 | validation_physical_mse=0.00198236 | lr=0.001 | configured_lr=0.001 | grad_rms=0.411609 | activation_var(mean/min/max)=0.262684/0.0111993/0.420248
Epoch 263/1200 | samples=1542 | steps=6 | train_objective=0.00552597 | training_physical_mse=0.0021913 | validation_physical_mse=0.00213507 | lr=0.001 | configured_lr=0.001 | grad_rms=0.646959 | activation_var(mean/min/max)=0.262209/0.0111836/0.42013
Epoch 264/1200 | samples=1542 | steps=6 | train_objective=0.00516336 | training_physical_mse=0.00204133 | validation_physical_mse=0.00207177 | lr=0.001 | configured_lr=0.001 | grad_rms=0.542932 | activation_var(mean/min/max)=0.250827/0.0111214/0.400866
Epoch 265/1200 | samples=1542 | steps=6 | train_objective=0.00517903 | training_physical_mse=0.00193939 | validation_physical_mse=0.00184368 | lr=0.001 | configured_lr=0.001 | grad_rms=0.624497 | activation_var(mean/min/max)=0.26397/0.0111688/0.422564
Epoch 266/1200 | samples=1542 | steps=6 | train_objective=0.0056441 | training_physical_mse=0.00197823 | validation_physical_mse=0.00193828 | lr=0.001 | configured_lr=0.001 | grad_rms=0.686564 | activation_var(mean/min/max)=0.256015/0.0111059/0.409292
Epoch 267/1200 | samples=1542 | steps=6 | train_objective=0.00532506 | training_physical_mse=0.00259167 | validation_physical_mse=0.0028593 | lr=0.001 | configured_lr=0.001 | grad_rms=0.714712 | activation_var(mean/min/max)=0.254269/0.0110642/0.406327
Epoch 268/1200 | samples=1542 | steps=6 | train_objective=0.00626451 | training_physical_mse=0.00251193 | validation_physical_mse=0.00233322 | lr=0.001 | configured_lr=0.001 | grad_rms=0.88851 | activation_var(mean/min/max)=0.265825/0.0111719/0.425528
Epoch 269/1200 | samples=1542 | steps=6 | train_objective=0.00595736 | training_physical_mse=0.00253878 | validation_physical_mse=0.00253768 | lr=0.001 | configured_lr=0.001 | grad_rms=0.659194 | activation_var(mean/min/max)=0.256128/0.0110053/0.410231
Epoch 270/1200 | samples=1542 | steps=6 | train_objective=0.00610568 | training_physical_mse=0.00206243 | validation_physical_mse=0.00208785 | lr=0.001 | configured_lr=0.001 | grad_rms=0.618842 | activation_var(mean/min/max)=0.250506/0.0108417/0.401203
Epoch 271/1200 | samples=1542 | steps=6 | train_objective=0.00522677 | training_physical_mse=0.00193985 | validation_physical_mse=0.00194998 | lr=0.001 | configured_lr=0.001 | grad_rms=0.590189 | activation_var(mean/min/max)=0.247232/0.0107972/0.394907
Epoch 272/1200 | samples=1542 | steps=6 | train_objective=0.00556242 | training_physical_mse=0.00320374 | validation_physical_mse=0.00297764 | lr=0.001 | configured_lr=0.001 | grad_rms=0.438084 | activation_var(mean/min/max)=0.252741/0.0107403/0.404971
Epoch 273/1200 | samples=1542 | steps=6 | train_objective=0.00748906 | training_physical_mse=0.00287634 | validation_physical_mse=0.0027042 | lr=0.001 | configured_lr=0.001 | grad_rms=0.787594 | activation_var(mean/min/max)=0.252398/0.0106204/0.403579
Epoch 274/1200 | samples=1542 | steps=6 | train_objective=0.00651815 | training_physical_mse=0.00305203 | validation_physical_mse=0.00283644 | lr=0.001 | configured_lr=0.001 | grad_rms=0.61652 | activation_var(mean/min/max)=0.248965/0.0105376/0.398527
Epoch 275/1200 | samples=1542 | steps=6 | train_objective=0.00619482 | training_physical_mse=0.0025206 | validation_physical_mse=0.00248109 | lr=0.001 | configured_lr=0.001 | grad_rms=0.591949 | activation_var(mean/min/max)=0.250187/0.0105055/0.400487
Epoch 276/1200 | samples=1542 | steps=6 | train_objective=0.00717789 | training_physical_mse=0.00325689 | validation_physical_mse=0.00306753 | lr=0.001 | configured_lr=0.001 | grad_rms=1.04577 | activation_var(mean/min/max)=0.24811/0.0103891/0.397358
Epoch 277/1200 | samples=1542 | steps=6 | train_objective=0.00721121 | training_physical_mse=0.0026545 | validation_physical_mse=0.00289611 | lr=0.001 | configured_lr=0.001 | grad_rms=1.13953 | activation_var(mean/min/max)=0.23962/0.0104444/0.383021
Epoch 278/1200 | samples=1542 | steps=6 | train_objective=0.00639167 | training_physical_mse=0.00456649 | validation_physical_mse=0.00406403 | lr=0.001 | configured_lr=0.001 | grad_rms=0.782039 | activation_var(mean/min/max)=0.23186/0.0102832/0.370252
Epoch 279/1200 | samples=1542 | steps=6 | train_objective=0.00808975 | training_physical_mse=0.00258209 | validation_physical_mse=0.00260835 | lr=0.001 | configured_lr=0.001 | grad_rms=1.07969 | activation_var(mean/min/max)=0.21652/0.00992408/0.34495
Epoch 280/1200 | samples=1542 | steps=6 | train_objective=0.00799718 | training_physical_mse=0.00389482 | validation_physical_mse=0.00402286 | lr=0.001 | configured_lr=0.001 | grad_rms=1.23287 | activation_var(mean/min/max)=0.255822/0.0100082/0.411026
Epoch 281/1200 | samples=1542 | steps=6 | train_objective=0.00735911 | training_physical_mse=0.00285372 | validation_physical_mse=0.00269616 | lr=0.001 | configured_lr=0.001 | grad_rms=1.17478 | activation_var(mean/min/max)=0.233049/0.00990306/0.372384
Epoch 282/1200 | samples=1542 | steps=6 | train_objective=0.00646798 | training_physical_mse=0.00285031 | validation_physical_mse=0.00280808 | lr=0.001 | configured_lr=0.001 | grad_rms=0.693614 | activation_var(mean/min/max)=0.222234/0.00977315/0.356219
Epoch 283/1200 | samples=1542 | steps=6 | train_objective=0.00599884 | training_physical_mse=0.00186635 | validation_physical_mse=0.00184436 | lr=0.001 | configured_lr=0.001 | grad_rms=0.75108 | activation_var(mean/min/max)=0.246262/0.0098596/0.395713
Epoch 284/1200 | samples=1542 | steps=6 | train_objective=0.00545344 | training_physical_mse=0.00192628 | validation_physical_mse=0.0018247 | lr=0.001 | configured_lr=0.001 | grad_rms=0.470264 | activation_var(mean/min/max)=0.225509/0.00988173/0.36061
Epoch 285/1200 | samples=1542 | steps=6 | train_objective=0.00739192 | training_physical_mse=0.00346096 | validation_physical_mse=0.00322803 | lr=0.001 | configured_lr=0.001 | grad_rms=1.10903 | activation_var(mean/min/max)=0.224358/0.00987771/0.358167
Epoch 286/1200 | samples=1542 | steps=6 | train_objective=0.00727608 | training_physical_mse=0.00206323 | validation_physical_mse=0.00209955 | lr=0.001 | configured_lr=0.001 | grad_rms=0.665143 | activation_var(mean/min/max)=0.238211/0.0097012/0.381427
Epoch 287/1200 | samples=1542 | steps=6 | train_objective=0.00606137 | training_physical_mse=0.00209784 | validation_physical_mse=0.00208419 | lr=0.001 | configured_lr=0.001 | grad_rms=0.514447 | activation_var(mean/min/max)=0.241713/0.00962996/0.386743
Epoch 288/1200 | samples=1542 | steps=6 | train_objective=0.00600195 | training_physical_mse=0.00251686 | validation_physical_mse=0.00222087 | lr=0.001 | configured_lr=0.001 | grad_rms=0.591601 | activation_var(mean/min/max)=0.213772/0.00939237/0.34114
Epoch 289/1200 | samples=1542 | steps=6 | train_objective=0.00588135 | training_physical_mse=0.0024812 | validation_physical_mse=0.00281977 | lr=0.001 | configured_lr=0.001 | grad_rms=0.507816 | activation_var(mean/min/max)=0.236161/0.00941742/0.378916
Epoch 290/1200 | samples=1542 | steps=6 | train_objective=0.00550647 | training_physical_mse=0.00173892 | validation_physical_mse=0.00160797 | lr=0.001 | configured_lr=0.001 | grad_rms=0.37716 | activation_var(mean/min/max)=0.228456/0.00927627/0.366781
Epoch 291/1200 | samples=1542 | steps=6 | train_objective=0.00463602 | training_physical_mse=0.00171659 | validation_physical_mse=0.00159493 | lr=0.001 | configured_lr=0.001 | grad_rms=0.313818 | activation_var(mean/min/max)=0.206945/0.00922891/0.331591
Epoch 292/1200 | samples=1542 | steps=6 | train_objective=0.00464749 | training_physical_mse=0.00168346 | validation_physical_mse=0.00168519 | lr=0.001 | configured_lr=0.001 | grad_rms=0.440008 | activation_var(mean/min/max)=0.223555/0.00923877/0.358655
Epoch 293/1200 | samples=1542 | steps=6 | train_objective=0.00462973 | training_physical_mse=0.00175125 | validation_physical_mse=0.0015947 | lr=0.001 | configured_lr=0.001 | grad_rms=0.43384 | activation_var(mean/min/max)=0.215808/0.00920932/0.345407
Epoch 294/1200 | samples=1542 | steps=6 | train_objective=0.00509042 | training_physical_mse=0.00175125 | validation_physical_mse=0.00185331 | lr=0.001 | configured_lr=0.001 | grad_rms=0.437142 | activation_var(mean/min/max)=0.225443/0.00935603/0.361381
Epoch 295/1200 | samples=1542 | steps=6 | train_objective=0.00463561 | training_physical_mse=0.00183591 | validation_physical_mse=0.00169811 | lr=0.001 | configured_lr=0.001 | grad_rms=0.31537 | activation_var(mean/min/max)=0.218658/0.00932064/0.349734
Epoch 296/1200 | samples=1542 | steps=6 | train_objective=0.00517406 | training_physical_mse=0.0021379 | validation_physical_mse=0.00209903 | lr=0.001 | configured_lr=0.001 | grad_rms=0.646447 | activation_var(mean/min/max)=0.222667/0.00932645/0.356532
Epoch 297/1200 | samples=1542 | steps=6 | train_objective=0.00586723 | training_physical_mse=0.00286373 | validation_physical_mse=0.00263703 | lr=0.001 | configured_lr=0.001 | grad_rms=0.917197 | activation_var(mean/min/max)=0.221559/0.00940651/0.3541
Epoch 298/1200 | samples=1542 | steps=6 | train_objective=0.00635324 | training_physical_mse=0.00179744 | validation_physical_mse=0.00179335 | lr=0.001 | configured_lr=0.001 | grad_rms=0.710864 | activation_var(mean/min/max)=0.211952/0.00919905/0.339035
Epoch 299/1200 | samples=1542 | steps=6 | train_objective=0.00535237 | training_physical_mse=0.0020629 | validation_physical_mse=0.00211093 | lr=0.001 | configured_lr=0.001 | grad_rms=0.409984 | activation_var(mean/min/max)=0.234307/0.00918591/0.375157
Epoch 300/1200 | samples=1542 | steps=6 | train_objective=0.00488542 | training_physical_mse=0.0017182 | validation_physical_mse=0.00158852 | lr=0.001 | configured_lr=0.001 | grad_rms=0.374838 | activation_var(mean/min/max)=0.217138/0.00911902/0.346039
Epoch 301/1200 | samples=1542 | steps=6 | train_objective=0.00493495 | training_physical_mse=0.00164432 | validation_physical_mse=0.00170142 | lr=0.001 | configured_lr=0.001 | grad_rms=0.348034 | activation_var(mean/min/max)=0.21637/0.00913607/0.345799
Epoch 302/1200 | samples=1542 | steps=6 | train_objective=0.00498554 | training_physical_mse=0.00198178 | validation_physical_mse=0.00213625 | lr=0.001 | configured_lr=0.001 | grad_rms=0.552257 | activation_var(mean/min/max)=0.222663/0.00909469/0.35517
Epoch 303/1200 | samples=1542 | steps=6 | train_objective=0.00517512 | training_physical_mse=0.00203839 | validation_physical_mse=0.00180874 | lr=0.001 | configured_lr=0.001 | grad_rms=0.425652 | activation_var(mean/min/max)=0.216902/0.00915941/0.347542
Epoch 304/1200 | samples=1542 | steps=6 | train_objective=0.00475527 | training_physical_mse=0.00194088 | validation_physical_mse=0.00194576 | lr=0.001 | configured_lr=0.001 | grad_rms=0.324452 | activation_var(mean/min/max)=0.222128/0.00913535/0.354249
Epoch 305/1200 | samples=1542 | steps=6 | train_objective=0.0045466 | training_physical_mse=0.00161008 | validation_physical_mse=0.00162281 | lr=0.001 | configured_lr=0.001 | grad_rms=0.358466 | activation_var(mean/min/max)=0.222382/0.00920365/0.355277
Epoch 306/1200 | samples=1542 | steps=6 | train_objective=0.00457255 | training_physical_mse=0.00235217 | validation_physical_mse=0.00230037 | lr=0.001 | configured_lr=0.001 | grad_rms=0.493712 | activation_var(mean/min/max)=0.205678/0.00910146/0.327132
Epoch 307/1200 | samples=1542 | steps=6 | train_objective=0.00581533 | training_physical_mse=0.00250317 | validation_physical_mse=0.00254892 | lr=0.001 | configured_lr=0.001 | grad_rms=0.998668 | activation_var(mean/min/max)=0.227695/0.00920656/0.364002
Epoch 308/1200 | samples=1542 | steps=6 | train_objective=0.00596001 | training_physical_mse=0.00271082 | validation_physical_mse=0.00296017 | lr=0.001 | configured_lr=0.001 | grad_rms=0.877065 | activation_var(mean/min/max)=0.21146/0.00905942/0.336629
Epoch 309/1200 | samples=1542 | steps=6 | train_objective=0.00714298 | training_physical_mse=0.00261801 | validation_physical_mse=0.00234375 | lr=0.001 | configured_lr=0.001 | grad_rms=1.09727 | activation_var(mean/min/max)=0.216883/0.00915154/0.34616
Epoch 310/1200 | samples=1542 | steps=6 | train_objective=0.00675824 | training_physical_mse=0.00331374 | validation_physical_mse=0.00360338 | lr=0.001 | configured_lr=0.001 | grad_rms=1.01818 | activation_var(mean/min/max)=0.22289/0.00894007/0.356124
Epoch 311/1200 | samples=1542 | steps=6 | train_objective=0.00617462 | training_physical_mse=0.00210152 | validation_physical_mse=0.00228839 | lr=0.001 | configured_lr=0.001 | grad_rms=1.0818 | activation_var(mean/min/max)=0.215175/0.00891149/0.343157
Epoch 312/1200 | samples=1542 | steps=6 | train_objective=0.00616946 | training_physical_mse=0.00265128 | validation_physical_mse=0.00205119 | lr=0.001 | configured_lr=0.001 | grad_rms=0.598679 | activation_var(mean/min/max)=0.225646/0.00878791/0.36126
Epoch 313/1200 | samples=1542 | steps=6 | train_objective=0.00557179 | training_physical_mse=0.00233172 | validation_physical_mse=0.00265962 | lr=0.001 | configured_lr=0.001 | grad_rms=0.641501 | activation_var(mean/min/max)=0.200573/0.00853001/0.319291
Epoch 314/1200 | samples=1542 | steps=6 | train_objective=0.00478649 | training_physical_mse=0.00184796 | validation_physical_mse=0.00173229 | lr=0.001 | configured_lr=0.001 | grad_rms=0.521646 | activation_var(mean/min/max)=0.21924/0.00857999/0.350841
Epoch 315/1200 | samples=1542 | steps=6 | train_objective=0.00463637 | training_physical_mse=0.00159982 | validation_physical_mse=0.00169303 | lr=0.001 | configured_lr=0.001 | grad_rms=0.360585 | activation_var(mean/min/max)=0.210257/0.00844805/0.335609
Epoch 316/1200 | samples=1542 | steps=6 | train_objective=0.00442758 | training_physical_mse=0.00159697 | validation_physical_mse=0.00169523 | lr=0.001 | configured_lr=0.001 | grad_rms=0.467152 | activation_var(mean/min/max)=0.20486/0.00845672/0.326866
Epoch 317/1200 | samples=1542 | steps=6 | train_objective=0.00440963 | training_physical_mse=0.00156927 | validation_physical_mse=0.00167011 | lr=0.001 | configured_lr=0.001 | grad_rms=0.471211 | activation_var(mean/min/max)=0.211746/0.00852092/0.337149
Epoch 318/1200 | samples=1542 | steps=6 | train_objective=0.00456165 | training_physical_mse=0.00151809 | validation_physical_mse=0.00142482 | lr=0.001 | configured_lr=0.001 | grad_rms=0.671362 | activation_var(mean/min/max)=0.200002/0.00851338/0.318302
Epoch 319/1200 | samples=1542 | steps=6 | train_objective=0.00478231 | training_physical_mse=0.00146686 | validation_physical_mse=0.00176502 | lr=0.001 | configured_lr=0.001 | grad_rms=0.701074 | activation_var(mean/min/max)=0.217136/0.00861797/0.346033
Epoch 320/1200 | samples=1542 | steps=6 | train_objective=0.00414222 | training_physical_mse=0.00164842 | validation_physical_mse=0.00165009 | lr=0.001 | configured_lr=0.001 | grad_rms=0.405984 | activation_var(mean/min/max)=0.210984/0.00867415/0.335919
Epoch 321/1200 | samples=1542 | steps=6 | train_objective=0.00416419 | training_physical_mse=0.00160808 | validation_physical_mse=0.00174396 | lr=0.001 | configured_lr=0.001 | grad_rms=0.455409 | activation_var(mean/min/max)=0.204941/0.00864403/0.326178
Epoch 322/1200 | samples=1542 | steps=6 | train_objective=0.00403423 | training_physical_mse=0.00186943 | validation_physical_mse=0.00197566 | lr=0.001 | configured_lr=0.001 | grad_rms=0.417445 | activation_var(mean/min/max)=0.21335/0.00870965/0.3396
Epoch 323/1200 | samples=1542 | steps=6 | train_objective=0.00450669 | training_physical_mse=0.00161477 | validation_physical_mse=0.0014421 | lr=0.001 | configured_lr=0.001 | grad_rms=0.48779 | activation_var(mean/min/max)=0.206528/0.00864541/0.328889
Epoch 324/1200 | samples=1542 | steps=6 | train_objective=0.0041859 | training_physical_mse=0.00148268 | validation_physical_mse=0.00154201 | lr=0.001 | configured_lr=0.001 | grad_rms=0.384318 | activation_var(mean/min/max)=0.210367/0.00867021/0.334919
Epoch 325/1200 | samples=1542 | steps=6 | train_objective=0.00444532 | training_physical_mse=0.00136668 | validation_physical_mse=0.00154241 | lr=0.001 | configured_lr=0.001 | grad_rms=0.349985 | activation_var(mean/min/max)=0.20673/0.00862319/0.329044
Epoch 326/1200 | samples=1542 | steps=6 | train_objective=0.00513261 | training_physical_mse=0.00221738 | validation_physical_mse=0.00225178 | lr=0.001 | configured_lr=0.001 | grad_rms=0.547036 | activation_var(mean/min/max)=0.21514/0.00860428/0.342834
Epoch 327/1200 | samples=1542 | steps=6 | train_objective=0.00563412 | training_physical_mse=0.00309003 | validation_physical_mse=0.00309047 | lr=0.001 | configured_lr=0.001 | grad_rms=0.862224 | activation_var(mean/min/max)=0.205194/0.00855178/0.327072
Epoch 328/1200 | samples=1542 | steps=6 | train_objective=0.00600209 | training_physical_mse=0.00250798 | validation_physical_mse=0.00265688 | lr=0.001 | configured_lr=0.001 | grad_rms=1.04702 | activation_var(mean/min/max)=0.212056/0.00853406/0.338013
Epoch 329/1200 | samples=1542 | steps=6 | train_objective=0.00494876 | training_physical_mse=0.00233465 | validation_physical_mse=0.00235906 | lr=0.001 | configured_lr=0.001 | grad_rms=0.669956 | activation_var(mean/min/max)=0.200943/0.00843395/0.31981
Epoch 330/1200 | samples=1542 | steps=6 | train_objective=0.00513343 | training_physical_mse=0.0014478 | validation_physical_mse=0.00136832 | lr=0.001 | configured_lr=0.001 | grad_rms=0.587824 | activation_var(mean/min/max)=0.19595/0.00838343/0.312524
Epoch 331/1200 | samples=1542 | steps=6 | train_objective=0.00446962 | training_physical_mse=0.00169676 | validation_physical_mse=0.00202747 | lr=0.001 | configured_lr=0.001 | grad_rms=0.437329 | activation_var(mean/min/max)=0.212948/0.0083565/0.339542
Epoch 332/1200 | samples=1542 | steps=6 | train_objective=0.00433815 | training_physical_mse=0.00157461 | validation_physical_mse=0.00161832 | lr=0.001 | configured_lr=0.001 | grad_rms=0.50875 | activation_var(mean/min/max)=0.203456/0.00828866/0.325009
Epoch 333/1200 | samples=1542 | steps=6 | train_objective=0.00426158 | training_physical_mse=0.00164481 | validation_physical_mse=0.00157079 | lr=0.001 | configured_lr=0.001 | grad_rms=0.354503 | activation_var(mean/min/max)=0.208253/0.00829836/0.331913
Epoch 334/1200 | samples=1542 | steps=6 | train_objective=0.00402278 | training_physical_mse=0.00146841 | validation_physical_mse=0.00158518 | lr=0.001 | configured_lr=0.001 | grad_rms=0.417336 | activation_var(mean/min/max)=0.202339/0.0083054/0.321346
Epoch 335/1200 | samples=1542 | steps=6 | train_objective=0.00453312 | training_physical_mse=0.0017511 | validation_physical_mse=0.00176613 | lr=0.001 | configured_lr=0.001 | grad_rms=0.793299 | activation_var(mean/min/max)=0.198775/0.00833401/0.315462
Epoch 336/1200 | samples=1542 | steps=6 | train_objective=0.00436846 | training_physical_mse=0.00199013 | validation_physical_mse=0.00204405 | lr=0.001 | configured_lr=0.001 | grad_rms=0.775514 | activation_var(mean/min/max)=0.211593/0.00832369/0.335853
Epoch 337/1200 | samples=1542 | steps=6 | train_objective=0.00411299 | training_physical_mse=0.00118766 | validation_physical_mse=0.00126726 | lr=0.001 | configured_lr=0.001 | grad_rms=0.62761 | activation_var(mean/min/max)=0.204213/0.00841444/0.324026
Epoch 338/1200 | samples=1542 | steps=6 | train_objective=0.00400405 | training_physical_mse=0.00136585 | validation_physical_mse=0.00166801 | lr=0.001 | configured_lr=0.001 | grad_rms=0.530204 | activation_var(mean/min/max)=0.201292/0.00838462/0.319485
Epoch 339/1200 | samples=1542 | steps=6 | train_objective=0.00406302 | training_physical_mse=0.00153419 | validation_physical_mse=0.00142197 | lr=0.001 | configured_lr=0.001 | grad_rms=0.661979 | activation_var(mean/min/max)=0.209441/0.00843696/0.332996
Epoch 340/1200 | samples=1542 | steps=6 | train_objective=0.00389816 | training_physical_mse=0.00158556 | validation_physical_mse=0.00164092 | lr=0.001 | configured_lr=0.001 | grad_rms=0.475068 | activation_var(mean/min/max)=0.207186/0.00840164/0.329123
Epoch 341/1200 | samples=1542 | steps=6 | train_objective=0.00437137 | training_physical_mse=0.00116624 | validation_physical_mse=0.00137056 | lr=0.001 | configured_lr=0.001 | grad_rms=0.71583 | activation_var(mean/min/max)=0.206139/0.00850116/0.327103
Epoch 342/1200 | samples=1542 | steps=6 | train_objective=0.00456434 | training_physical_mse=0.00131633 | validation_physical_mse=0.00142342 | lr=0.001 | configured_lr=0.001 | grad_rms=0.721108 | activation_var(mean/min/max)=0.205227/0.00845452/0.325693
Epoch 343/1200 | samples=1542 | steps=6 | train_objective=0.00454519 | training_physical_mse=0.00118899 | validation_physical_mse=0.00131589 | lr=0.001 | configured_lr=0.001 | grad_rms=0.655305 | activation_var(mean/min/max)=0.203026/0.00844725/0.322044
Epoch 344/1200 | samples=1542 | steps=6 | train_objective=0.00421831 | training_physical_mse=0.00215655 | validation_physical_mse=0.00256679 | lr=0.001 | configured_lr=0.001 | grad_rms=0.628663 | activation_var(mean/min/max)=0.19816/0.00839185/0.3141
Epoch 345/1200 | samples=1542 | steps=6 | train_objective=0.00467532 | training_physical_mse=0.00148657 | validation_physical_mse=0.00145008 | lr=0.001 | configured_lr=0.001 | grad_rms=0.76938 | activation_var(mean/min/max)=0.203665/0.0083725/0.322694
Epoch 346/1200 | samples=1542 | steps=6 | train_objective=0.00430494 | training_physical_mse=0.00139884 | validation_physical_mse=0.00132698 | lr=0.001 | configured_lr=0.001 | grad_rms=0.633839 | activation_var(mean/min/max)=0.207771/0.00826313/0.330215
Epoch 347/1200 | samples=1542 | steps=6 | train_objective=0.00495409 | training_physical_mse=0.00122216 | validation_physical_mse=0.00151945 | lr=0.001 | configured_lr=0.001 | grad_rms=0.75315 | activation_var(mean/min/max)=0.19824/0.00827742/0.314183
Epoch 348/1200 | samples=1542 | steps=6 | train_objective=0.00459406 | training_physical_mse=0.00168559 | validation_physical_mse=0.00175442 | lr=0.001 | configured_lr=0.001 | grad_rms=0.650838 | activation_var(mean/min/max)=0.203192/0.00813869/0.32139
Epoch 349/1200 | samples=1542 | steps=6 | train_objective=0.00503016 | training_physical_mse=0.00139655 | validation_physical_mse=0.00119554 | lr=0.001 | configured_lr=0.001 | grad_rms=0.667407 | activation_var(mean/min/max)=0.212365/0.0081618/0.338094
Epoch 350/1200 | samples=1542 | steps=6 | train_objective=0.00523442 | training_physical_mse=0.00133115 | validation_physical_mse=0.00147225 | lr=0.001 | configured_lr=0.001 | grad_rms=0.975788 | activation_var(mean/min/max)=0.199963/0.00813643/0.31672
Epoch 351/1200 | samples=1542 | steps=6 | train_objective=0.0043089 | training_physical_mse=0.00118097 | validation_physical_mse=0.00124351 | lr=0.001 | configured_lr=0.001 | grad_rms=0.433058 | activation_var(mean/min/max)=0.190226/0.00805415/0.300907
Epoch 352/1200 | samples=1542 | steps=6 | train_objective=0.00490536 | training_physical_mse=0.00196821 | validation_physical_mse=0.00199896 | lr=0.001 | configured_lr=0.001 | grad_rms=0.650084 | activation_var(mean/min/max)=0.208091/0.00804489/0.330594
Epoch 353/1200 | samples=1542 | steps=6 | train_objective=0.00649252 | training_physical_mse=0.00363975 | validation_physical_mse=0.00304599 | lr=0.001 | configured_lr=0.001 | grad_rms=1.17943 | activation_var(mean/min/max)=0.185947/0.00799321/0.29449
Epoch 354/1200 | samples=1542 | steps=6 | train_objective=0.00707684 | training_physical_mse=0.00222032 | validation_physical_mse=0.00210632 | lr=0.001 | configured_lr=0.001 | grad_rms=1.12294 | activation_var(mean/min/max)=0.207028/0.00785887/0.329763
Epoch 355/1200 | samples=1542 | steps=6 | train_objective=0.00652481 | training_physical_mse=0.00202356 | validation_physical_mse=0.00188389 | lr=0.001 | configured_lr=0.001 | grad_rms=1.0539 | activation_var(mean/min/max)=0.198425/0.0078228/0.31478
Epoch 356/1200 | samples=1542 | steps=6 | train_objective=0.00597039 | training_physical_mse=0.00187726 | validation_physical_mse=0.00205973 | lr=0.001 | configured_lr=0.001 | grad_rms=1.08183 | activation_var(mean/min/max)=0.180938/0.00782468/0.287477
Epoch 357/1200 | samples=1542 | steps=6 | train_objective=0.00693611 | training_physical_mse=0.00220321 | validation_physical_mse=0.00216995 | lr=0.001 | configured_lr=0.001 | grad_rms=1.28382 | activation_var(mean/min/max)=0.18615/0.00772569/0.293963
Epoch 358/1200 | samples=1542 | steps=6 | train_objective=0.00606114 | training_physical_mse=0.00205315 | validation_physical_mse=0.00188554 | lr=0.001 | configured_lr=0.001 | grad_rms=0.614447 | activation_var(mean/min/max)=0.223578/0.00781368/0.357646
Epoch 359/1200 | samples=1542 | steps=6 | train_objective=0.00518384 | training_physical_mse=0.00166419 | validation_physical_mse=0.00160311 | lr=0.001 | configured_lr=0.001 | grad_rms=0.759184 | activation_var(mean/min/max)=0.187853/0.00771499/0.297205
Epoch 360/1200 | samples=1542 | steps=6 | train_objective=0.00477243 | training_physical_mse=0.00256223 | validation_physical_mse=0.00263834 | lr=0.001 | configured_lr=0.001 | grad_rms=0.499992 | activation_var(mean/min/max)=0.176681/0.00786561/0.279728
Epoch 361/1200 | samples=1542 | steps=6 | train_objective=0.00482433 | training_physical_mse=0.00148929 | validation_physical_mse=0.00141201 | lr=0.001 | configured_lr=0.001 | grad_rms=0.613212 | activation_var(mean/min/max)=0.195877/0.0078563/0.310615
Epoch 362/1200 | samples=1542 | steps=6 | train_objective=0.00415976 | training_physical_mse=0.00157637 | validation_physical_mse=0.00192456 | lr=0.001 | configured_lr=0.001 | grad_rms=0.49031 | activation_var(mean/min/max)=0.193516/0.00774385/0.306518
Epoch 363/1200 | samples=1542 | steps=6 | train_objective=0.00405787 | training_physical_mse=0.00142756 | validation_physical_mse=0.00149594 | lr=0.001 | configured_lr=0.001 | grad_rms=0.580607 | activation_var(mean/min/max)=0.18773/0.00780981/0.297038
Epoch 364/1200 | samples=1542 | steps=6 | train_objective=0.00390929 | training_physical_mse=0.00123022 | validation_physical_mse=0.00132977 | lr=0.001 | configured_lr=0.001 | grad_rms=0.430355 | activation_var(mean/min/max)=0.188941/0.00785221/0.299314
Epoch 365/1200 | samples=1542 | steps=6 | train_objective=0.00362382 | training_physical_mse=0.0012492 | validation_physical_mse=0.00145077 | lr=0.001 | configured_lr=0.001 | grad_rms=0.352717 | activation_var(mean/min/max)=0.198445/0.00782183/0.314137
Epoch 366/1200 | samples=1542 | steps=6 | train_objective=0.00394724 | training_physical_mse=0.00134643 | validation_physical_mse=0.00131587 | lr=0.001 | configured_lr=0.001 | grad_rms=0.545135 | activation_var(mean/min/max)=0.18787/0.00781554/0.298056
Epoch 367/1200 | samples=1542 | steps=6 | train_objective=0.00428757 | training_physical_mse=0.00165621 | validation_physical_mse=0.00163638 | lr=0.001 | configured_lr=0.001 | grad_rms=0.589034 | activation_var(mean/min/max)=0.193131/0.00781695/0.305368
Epoch 368/1200 | samples=1542 | steps=6 | train_objective=0.00426227 | training_physical_mse=0.00167504 | validation_physical_mse=0.00165186 | lr=0.001 | configured_lr=0.001 | grad_rms=0.618962 | activation_var(mean/min/max)=0.190417/0.00784307/0.300023
Epoch 369/1200 | samples=1542 | steps=6 | train_objective=0.00493737 | training_physical_mse=0.00170151 | validation_physical_mse=0.00163508 | lr=0.001 | configured_lr=0.001 | grad_rms=0.908274 | activation_var(mean/min/max)=0.188599/0.00778908/0.296966
Epoch 370/1200 | samples=1542 | steps=6 | train_objective=0.00538742 | training_physical_mse=0.00141771 | validation_physical_mse=0.00154675 | lr=0.001 | configured_lr=0.001 | grad_rms=0.958451 | activation_var(mean/min/max)=0.202116/0.00784222/0.319092
Epoch 371/1200 | samples=1542 | steps=6 | train_objective=0.00494981 | training_physical_mse=0.00135975 | validation_physical_mse=0.00165065 | lr=0.001 | configured_lr=0.001 | grad_rms=0.853652 | activation_var(mean/min/max)=0.17684/0.00780416/0.2788
Epoch 372/1200 | samples=1542 | steps=6 | train_objective=0.00536964 | training_physical_mse=0.00123145 | validation_physical_mse=0.00133357 | lr=0.001 | configured_lr=0.001 | grad_rms=1.21485 | activation_var(mean/min/max)=0.189112/0.0077518/0.299249
Epoch 373/1200 | samples=1542 | steps=6 | train_objective=0.00545898 | training_physical_mse=0.00221172 | validation_physical_mse=0.00233308 | lr=0.001 | configured_lr=0.001 | grad_rms=1.0597 | activation_var(mean/min/max)=0.185704/0.00774474/0.293587
Epoch 374/1200 | samples=1542 | steps=6 | train_objective=0.00646686 | training_physical_mse=0.00196283 | validation_physical_mse=0.00181665 | lr=0.001 | configured_lr=0.001 | grad_rms=0.596887 | activation_var(mean/min/max)=0.179592/0.00764645/0.283952
Epoch 375/1200 | samples=1542 | steps=6 | train_objective=0.00664812 | training_physical_mse=0.00255828 | validation_physical_mse=0.00278898 | lr=0.001 | configured_lr=0.001 | grad_rms=1.13008 | activation_var(mean/min/max)=0.195788/0.00746041/0.310244
Epoch 376/1200 | samples=1542 | steps=6 | train_objective=0.00521202 | training_physical_mse=0.00195085 | validation_physical_mse=0.00183418 | lr=0.001 | configured_lr=0.001 | grad_rms=0.722975 | activation_var(mean/min/max)=0.177533/0.00747328/0.280886
Epoch 377/1200 | samples=1542 | steps=6 | train_objective=0.00468925 | training_physical_mse=0.00164128 | validation_physical_mse=0.00151952 | lr=0.001 | configured_lr=0.001 | grad_rms=0.645672 | activation_var(mean/min/max)=0.175669/0.00740565/0.278074
Epoch 378/1200 | samples=1542 | steps=6 | train_objective=0.00432587 | training_physical_mse=0.00164801 | validation_physical_mse=0.00161677 | lr=0.001 | configured_lr=0.001 | grad_rms=0.695645 | activation_var(mean/min/max)=0.18704/0.00740723/0.296401
Epoch 379/1200 | samples=1542 | steps=6 | train_objective=0.0041368 | training_physical_mse=0.00119168 | validation_physical_mse=0.00143524 | lr=0.001 | configured_lr=0.001 | grad_rms=0.673708 | activation_var(mean/min/max)=0.173099/0.00736389/0.273793
Epoch 380/1200 | samples=1542 | steps=6 | train_objective=0.00368316 | training_physical_mse=0.00148041 | validation_physical_mse=0.00136141 | lr=0.001 | configured_lr=0.001 | grad_rms=0.420481 | activation_var(mean/min/max)=0.182807/0.00742409/0.289733
Epoch 381/1200 | samples=1542 | steps=6 | train_objective=0.00391484 | training_physical_mse=0.00136935 | validation_physical_mse=0.0016811 | lr=0.001 | configured_lr=0.001 | grad_rms=0.457741 | activation_var(mean/min/max)=0.169817/0.00739334/0.26844
Epoch 382/1200 | samples=1542 | steps=6 | train_objective=0.00377937 | training_physical_mse=0.001096 | validation_physical_mse=0.00105611 | lr=0.001 | configured_lr=0.001 | grad_rms=0.549882 | activation_var(mean/min/max)=0.191725/0.00742475/0.30407
Epoch 383/1200 | samples=1542 | steps=6 | train_objective=0.00389557 | training_physical_mse=0.00122868 | validation_physical_mse=0.001399 | lr=0.001 | configured_lr=0.001 | grad_rms=0.447481 | activation_var(mean/min/max)=0.176154/0.00739802/0.278453
Epoch 384/1200 | samples=1542 | steps=6 | train_objective=0.0039415 | training_physical_mse=0.00140965 | validation_physical_mse=0.00157949 | lr=0.001 | configured_lr=0.001 | grad_rms=0.41041 | activation_var(mean/min/max)=0.176997/0.0074333/0.279813
Epoch 385/1200 | samples=1542 | steps=6 | train_objective=0.00395561 | training_physical_mse=0.00123745 | validation_physical_mse=0.00119788 | lr=0.001 | configured_lr=0.001 | grad_rms=0.447999 | activation_var(mean/min/max)=0.17478/0.0072762/0.276028
Epoch 386/1200 | samples=1542 | steps=6 | train_objective=0.00409862 | training_physical_mse=0.00214117 | validation_physical_mse=0.00196414 | lr=0.001 | configured_lr=0.001 | grad_rms=0.566541 | activation_var(mean/min/max)=0.192886/0.00742391/0.306355
Epoch 387/1200 | samples=1542 | steps=6 | train_objective=0.00647694 | training_physical_mse=0.0018496 | validation_physical_mse=0.00217537 | lr=0.001 | configured_lr=0.001 | grad_rms=1.50342 | activation_var(mean/min/max)=0.170146/0.00732908/0.268007
Epoch 388/1200 | samples=1542 | steps=6 | train_objective=0.00486369 | training_physical_mse=0.00126134 | validation_physical_mse=0.00137459 | lr=0.001 | configured_lr=0.001 | grad_rms=0.897436 | activation_var(mean/min/max)=0.206357/0.00743623/0.327881
Epoch 389/1200 | samples=1542 | steps=6 | train_objective=0.00377427 | training_physical_mse=0.00121611 | validation_physical_mse=0.00127084 | lr=0.001 | configured_lr=0.001 | grad_rms=0.671486 | activation_var(mean/min/max)=0.168097/0.00736157/0.264711
Epoch 390/1200 | samples=1542 | steps=6 | train_objective=0.0039333 | training_physical_mse=0.00149382 | validation_physical_mse=0.00168825 | lr=0.001 | configured_lr=0.001 | grad_rms=0.556307 | activation_var(mean/min/max)=0.179177/0.00751926/0.282592
Epoch 391/1200 | samples=1542 | steps=6 | train_objective=0.00413971 | training_physical_mse=0.00127237 | validation_physical_mse=0.001241 | lr=0.001 | configured_lr=0.001 | grad_rms=0.578296 | activation_var(mean/min/max)=0.185491/0.0074638/0.293166
Epoch 392/1200 | samples=1542 | steps=6 | train_objective=0.00388903 | training_physical_mse=0.000974045 | validation_physical_mse=0.00108688 | lr=0.001 | configured_lr=0.001 | grad_rms=0.495755 | activation_var(mean/min/max)=0.181594/0.00733107/0.286989
Epoch 393/1200 | samples=1542 | steps=6 | train_objective=0.00342769 | training_physical_mse=0.00114724 | validation_physical_mse=0.00156219 | lr=0.001 | configured_lr=0.001 | grad_rms=0.471148 | activation_var(mean/min/max)=0.186933/0.00742667/0.295283
Epoch 394/1200 | samples=1542 | steps=6 | train_objective=0.00341145 | training_physical_mse=0.00178173 | validation_physical_mse=0.00192845 | lr=0.001 | configured_lr=0.001 | grad_rms=0.472046 | activation_var(mean/min/max)=0.178507/0.00737972/0.282096
Epoch 395/1200 | samples=1542 | steps=6 | train_objective=0.00512522 | training_physical_mse=0.00155285 | validation_physical_mse=0.00182432 | lr=0.001 | configured_lr=0.001 | grad_rms=1.22235 | activation_var(mean/min/max)=0.18707/0.00739165/0.295737
Epoch 396/1200 | samples=1542 | steps=6 | train_objective=0.00429516 | training_physical_mse=0.00218148 | validation_physical_mse=0.00228656 | lr=0.001 | configured_lr=0.001 | grad_rms=0.923857 | activation_var(mean/min/max)=0.17899/0.0073806/0.282259
Epoch 397/1200 | samples=1542 | steps=6 | train_objective=0.00561716 | training_physical_mse=0.00171491 | validation_physical_mse=0.00168463 | lr=0.001 | configured_lr=0.001 | grad_rms=1.36717 | activation_var(mean/min/max)=0.183298/0.00737923/0.289457
Epoch 398/1200 | samples=1542 | steps=6 | train_objective=0.00405802 | training_physical_mse=0.00218232 | validation_physical_mse=0.00245784 | lr=0.001 | configured_lr=0.001 | grad_rms=0.808304 | activation_var(mean/min/max)=0.178245/0.00735725/0.281066
Epoch 399/1200 | samples=1542 | steps=6 | train_objective=0.00409633 | training_physical_mse=0.00131469 | validation_physical_mse=0.00156389 | lr=0.001 | configured_lr=0.001 | grad_rms=0.823396 | activation_var(mean/min/max)=0.18068/0.0074101/0.2849
Epoch 400/1200 | samples=1542 | steps=6 | train_objective=0.00355223 | training_physical_mse=0.00139351 | validation_physical_mse=0.00165377 | lr=0.001 | configured_lr=0.001 | grad_rms=0.487274 | activation_var(mean/min/max)=0.171392/0.00733865/0.270123
Epoch 401/1200 | samples=1542 | steps=6 | train_objective=0.00457426 | training_physical_mse=0.00119761 | validation_physical_mse=0.00138667 | lr=0.001 | configured_lr=0.001 | grad_rms=0.756804 | activation_var(mean/min/max)=0.185846/0.00738381/0.2942
Epoch 402/1200 | samples=1542 | steps=6 | train_objective=0.00366188 | training_physical_mse=0.000904608 | validation_physical_mse=0.00102545 | lr=0.001 | configured_lr=0.001 | grad_rms=0.496945 | activation_var(mean/min/max)=0.172998/0.00725429/0.273225
Epoch 403/1200 | samples=1542 | steps=6 | train_objective=0.00338273 | training_physical_mse=0.0011457 | validation_physical_mse=0.00142904 | lr=0.001 | configured_lr=0.001 | grad_rms=0.616131 | activation_var(mean/min/max)=0.176294/0.00730728/0.278502
Epoch 404/1200 | samples=1542 | steps=6 | train_objective=0.00362325 | training_physical_mse=0.00154363 | validation_physical_mse=0.00156705 | lr=0.001 | configured_lr=0.001 | grad_rms=0.759457 | activation_var(mean/min/max)=0.182756/0.00730361/0.28911
Epoch 405/1200 | samples=1542 | steps=6 | train_objective=0.00406396 | training_physical_mse=0.00117891 | validation_physical_mse=0.00134037 | lr=0.001 | configured_lr=0.001 | grad_rms=0.878257 | activation_var(mean/min/max)=0.175473/0.00728587/0.276949
Epoch 406/1200 | samples=1542 | steps=6 | train_objective=0.0032945 | training_physical_mse=0.00119752 | validation_physical_mse=0.00149229 | lr=0.001 | configured_lr=0.001 | grad_rms=0.411504 | activation_var(mean/min/max)=0.177034/0.00733198/0.279357
Epoch 407/1200 | samples=1542 | steps=6 | train_objective=0.00373499 | training_physical_mse=0.00146095 | validation_physical_mse=0.00142665 | lr=0.001 | configured_lr=0.001 | grad_rms=0.660261 | activation_var(mean/min/max)=0.176145/0.00730119/0.2783
Epoch 408/1200 | samples=1542 | steps=6 | train_objective=0.00407774 | training_physical_mse=0.00135849 | validation_physical_mse=0.00142015 | lr=0.001 | configured_lr=0.001 | grad_rms=0.564656 | activation_var(mean/min/max)=0.189497/0.00733355/0.300066
Epoch 409/1200 | samples=1542 | steps=6 | train_objective=0.00485587 | training_physical_mse=0.00199135 | validation_physical_mse=0.00217038 | lr=0.001 | configured_lr=0.001 | grad_rms=1.01952 | activation_var(mean/min/max)=0.165551/0.00713417/0.260944
Epoch 410/1200 | samples=1542 | steps=6 | train_objective=0.00576839 | training_physical_mse=0.00250676 | validation_physical_mse=0.00267239 | lr=0.001 | configured_lr=0.001 | grad_rms=1.41353 | activation_var(mean/min/max)=0.185932/0.00711402/0.294712
Epoch 411/1200 | samples=1542 | steps=6 | train_objective=0.00696928 | training_physical_mse=0.00238334 | validation_physical_mse=0.00218624 | lr=0.001 | configured_lr=0.001 | grad_rms=1.14962 | activation_var(mean/min/max)=0.183309/0.00711742/0.293972
Epoch 412/1200 | samples=1542 | steps=6 | train_objective=0.00571081 | training_physical_mse=0.00291857 | validation_physical_mse=0.00300529 | lr=0.001 | configured_lr=0.001 | grad_rms=0.690713 | activation_var(mean/min/max)=0.184247/0.00697528/0.295954
Epoch 413/1200 | samples=1542 | steps=6 | train_objective=0.00616129 | training_physical_mse=0.0022054 | validation_physical_mse=0.0020054 | lr=0.001 | configured_lr=0.001 | grad_rms=0.691581 | activation_var(mean/min/max)=0.173321/0.00703735/0.278866
Epoch 414/1200 | samples=1542 | steps=6 | train_objective=0.00559536 | training_physical_mse=0.00203164 | validation_physical_mse=0.00199898 | lr=0.001 | configured_lr=0.001 | grad_rms=0.520031 | activation_var(mean/min/max)=0.189649/0.00689307/0.304349
Epoch 415/1200 | samples=1542 | steps=6 | train_objective=0.00499235 | training_physical_mse=0.00279492 | validation_physical_mse=0.00257714 | lr=0.001 | configured_lr=0.001 | grad_rms=0.599052 | activation_var(mean/min/max)=0.171599/0.00690458/0.275195
Epoch 416/1200 | samples=1542 | steps=6 | train_objective=0.00556181 | training_physical_mse=0.00226533 | validation_physical_mse=0.00216338 | lr=0.001 | configured_lr=0.001 | grad_rms=1.00252 | activation_var(mean/min/max)=0.177628/0.00680809/0.284213
Epoch 417/1200 | samples=1542 | steps=6 | train_objective=0.00549391 | training_physical_mse=0.00168435 | validation_physical_mse=0.0018072 | lr=0.001 | configured_lr=0.001 | grad_rms=0.956977 | activation_var(mean/min/max)=0.169096/0.00678391/0.2691
Epoch 418/1200 | samples=1542 | steps=6 | train_objective=0.00529773 | training_physical_mse=0.00248127 | validation_physical_mse=0.00193663 | lr=0.001 | configured_lr=0.001 | grad_rms=0.738882 | activation_var(mean/min/max)=0.169827/0.00678608/0.270086
Epoch 419/1200 | samples=1542 | steps=6 | train_objective=0.00694045 | training_physical_mse=0.00223522 | validation_physical_mse=0.00188213 | lr=0.001 | configured_lr=0.001 | grad_rms=0.756251 | activation_var(mean/min/max)=0.179576/0.00679313/0.285855
Epoch 420/1200 | samples=1542 | steps=6 | train_objective=0.00551736 | training_physical_mse=0.00207493 | validation_physical_mse=0.00200754 | lr=0.001 | configured_lr=0.001 | grad_rms=0.601592 | activation_var(mean/min/max)=0.168373/0.00670578/0.26824
Epoch 421/1200 | samples=1542 | steps=6 | train_objective=0.00535182 | training_physical_mse=0.00188207 | validation_physical_mse=0.00192523 | lr=0.001 | configured_lr=0.001 | grad_rms=0.548101 | activation_var(mean/min/max)=0.162676/0.0066004/0.258917
Epoch 422/1200 | samples=1542 | steps=6 | train_objective=0.00489996 | training_physical_mse=0.00166013 | validation_physical_mse=0.00126644 | lr=0.001 | configured_lr=0.001 | grad_rms=0.664119 | activation_var(mean/min/max)=0.178037/0.00662692/0.285398
Epoch 423/1200 | samples=1542 | steps=6 | train_objective=0.00451712 | training_physical_mse=0.00164529 | validation_physical_mse=0.00171354 | lr=0.001 | configured_lr=0.001 | grad_rms=0.493728 | activation_var(mean/min/max)=0.169055/0.00661063/0.270887
Epoch 424/1200 | samples=1542 | steps=6 | train_objective=0.00450313 | training_physical_mse=0.00161014 | validation_physical_mse=0.00141193 | lr=0.001 | configured_lr=0.001 | grad_rms=0.722535 | activation_var(mean/min/max)=0.156711/0.00661106/0.250524
Epoch 425/1200 | samples=1542 | steps=6 | train_objective=0.00522094 | training_physical_mse=0.00194502 | validation_physical_mse=0.00218168 | lr=0.001 | configured_lr=0.001 | grad_rms=1.29394 | activation_var(mean/min/max)=0.173715/0.00659801/0.278336
Epoch 426/1200 | samples=1542 | steps=6 | train_objective=0.00470682 | training_physical_mse=0.00142851 | validation_physical_mse=0.00136892 | lr=0.001 | configured_lr=0.001 | grad_rms=0.874027 | activation_var(mean/min/max)=0.164603/0.0066264/0.26321
Epoch 427/1200 | samples=1542 | steps=6 | train_objective=0.00440209 | training_physical_mse=0.00178112 | validation_physical_mse=0.00192559 | lr=0.001 | configured_lr=0.001 | grad_rms=0.686472 | activation_var(mean/min/max)=0.158751/0.00666223/0.254125
Epoch 428/1200 | samples=1542 | steps=6 | train_objective=0.00434149 | training_physical_mse=0.00106012 | validation_physical_mse=0.00109662 | lr=0.001 | configured_lr=0.001 | grad_rms=0.612424 | activation_var(mean/min/max)=0.171157/0.00665799/0.273671
Epoch 429/1200 | samples=1542 | steps=6 | train_objective=0.00385175 | training_physical_mse=0.0011306 | validation_physical_mse=0.00116058 | lr=0.001 | configured_lr=0.001 | grad_rms=0.591612 | activation_var(mean/min/max)=0.170915/0.00665688/0.273601
Epoch 430/1200 | samples=1542 | steps=6 | train_objective=0.00374189 | training_physical_mse=0.00129721 | validation_physical_mse=0.00143063 | lr=0.001 | configured_lr=0.001 | grad_rms=0.534776 | activation_var(mean/min/max)=0.161436/0.00668029/0.257451
Epoch 431/1200 | samples=1542 | steps=6 | train_objective=0.00382172 | training_physical_mse=0.00158316 | validation_physical_mse=0.0014852 | lr=0.001 | configured_lr=0.001 | grad_rms=0.448956 | activation_var(mean/min/max)=0.161559/0.0066374/0.257682
Epoch 432/1200 | samples=1542 | steps=6 | train_objective=0.00396118 | training_physical_mse=0.00132564 | validation_physical_mse=0.00155382 | lr=0.001 | configured_lr=0.001 | grad_rms=0.503846 | activation_var(mean/min/max)=0.172782/0.00665121/0.276277
Epoch 433/1200 | samples=1542 | steps=6 | train_objective=0.00396204 | training_physical_mse=0.00139335 | validation_physical_mse=0.00140324 | lr=0.001 | configured_lr=0.001 | grad_rms=0.514416 | activation_var(mean/min/max)=0.164379/0.006625/0.262112
Epoch 434/1200 | samples=1542 | steps=6 | train_objective=0.00484017 | training_physical_mse=0.00174244 | validation_physical_mse=0.00205352 | lr=0.001 | configured_lr=0.001 | grad_rms=0.904358 | activation_var(mean/min/max)=0.168185/0.00664979/0.268937
Epoch 435/1200 | samples=1542 | steps=6 | train_objective=0.00479718 | training_physical_mse=0.00152072 | validation_physical_mse=0.00138339 | lr=0.001 | configured_lr=0.001 | grad_rms=1.08212 | activation_var(mean/min/max)=0.164706/0.00665386/0.262455
Epoch 436/1200 | samples=1542 | steps=6 | train_objective=0.00518095 | training_physical_mse=0.00114022 | validation_physical_mse=0.00107849 | lr=0.001 | configured_lr=0.001 | grad_rms=1.13547 | activation_var(mean/min/max)=0.173256/0.00659938/0.277078
Epoch 437/1200 | samples=1542 | steps=6 | train_objective=0.00478117 | training_physical_mse=0.0011528 | validation_physical_mse=0.0013051 | lr=0.001 | configured_lr=0.001 | grad_rms=1.06856 | activation_var(mean/min/max)=0.160194/0.00664843/0.253915
Epoch 438/1200 | samples=1542 | steps=6 | train_objective=0.00432954 | training_physical_mse=0.0014227 | validation_physical_mse=0.00140025 | lr=0.001 | configured_lr=0.001 | grad_rms=0.950373 | activation_var(mean/min/max)=0.170184/0.00667629/0.271012
Epoch 439/1200 | samples=1542 | steps=6 | train_objective=0.00410247 | training_physical_mse=0.00136227 | validation_physical_mse=0.00137143 | lr=0.001 | configured_lr=0.001 | grad_rms=0.878099 | activation_var(mean/min/max)=0.165157/0.00661597/0.262687
Epoch 440/1200 | samples=1542 | steps=6 | train_objective=0.00418738 | training_physical_mse=0.00190448 | validation_physical_mse=0.00188375 | lr=0.001 | configured_lr=0.001 | grad_rms=0.925385 | activation_var(mean/min/max)=0.16857/0.00670775/0.268106
Epoch 441/1200 | samples=1542 | steps=6 | train_objective=0.00478739 | training_physical_mse=0.00133009 | validation_physical_mse=0.00141088 | lr=0.001 | configured_lr=0.001 | grad_rms=1.02421 | activation_var(mean/min/max)=0.158893/0.00657419/0.251875
Epoch 442/1200 | samples=1542 | steps=6 | train_objective=0.00418384 | training_physical_mse=0.00131521 | validation_physical_mse=0.00138532 | lr=0.001 | configured_lr=0.001 | grad_rms=0.823794 | activation_var(mean/min/max)=0.177172/0.00668263/0.282011
Epoch 443/1200 | samples=1542 | steps=6 | train_objective=0.00375694 | training_physical_mse=0.0012083 | validation_physical_mse=0.00117823 | lr=0.001 | configured_lr=0.001 | grad_rms=0.429621 | activation_var(mean/min/max)=0.158822/0.00665888/0.25209
Epoch 444/1200 | samples=1542 | steps=6 | train_objective=0.00396857 | training_physical_mse=0.00173042 | validation_physical_mse=0.00166895 | lr=0.001 | configured_lr=0.001 | grad_rms=0.852873 | activation_var(mean/min/max)=0.166819/0.00669385/0.265158
Epoch 445/1200 | samples=1542 | steps=6 | train_objective=0.00378278 | training_physical_mse=0.00112723 | validation_physical_mse=0.000954606 | lr=0.001 | configured_lr=0.001 | grad_rms=0.778307 | activation_var(mean/min/max)=0.17433/0.00660272/0.277603
Epoch 446/1200 | samples=1542 | steps=6 | train_objective=0.0040249 | training_physical_mse=0.00136159 | validation_physical_mse=0.00151609 | lr=0.001 | configured_lr=0.001 | grad_rms=0.757304 | activation_var(mean/min/max)=0.160805/0.00662295/0.254843
Epoch 447/1200 | samples=1542 | steps=6 | train_objective=0.00393793 | training_physical_mse=0.0011584 | validation_physical_mse=0.00112039 | lr=0.001 | configured_lr=0.001 | grad_rms=0.641701 | activation_var(mean/min/max)=0.164519/0.00665949/0.261376
Epoch 448/1200 | samples=1542 | steps=6 | train_objective=0.00403543 | training_physical_mse=0.000983944 | validation_physical_mse=0.00113163 | lr=0.001 | configured_lr=0.001 | grad_rms=0.734498 | activation_var(mean/min/max)=0.162318/0.00662853/0.257066
Epoch 449/1200 | samples=1542 | steps=6 | train_objective=0.00344286 | training_physical_mse=0.00106654 | validation_physical_mse=0.00118807 | lr=0.001 | configured_lr=0.001 | grad_rms=0.464031 | activation_var(mean/min/max)=0.164418/0.0066246/0.261197
Epoch 450/1200 | samples=1542 | steps=6 | train_objective=0.00342102 | training_physical_mse=0.00129592 | validation_physical_mse=0.00136501 | lr=0.001 | configured_lr=0.001 | grad_rms=0.275557 | activation_var(mean/min/max)=0.168623/0.00666495/0.268093
Epoch 451/1200 | samples=1542 | steps=6 | train_objective=0.00377231 | training_physical_mse=0.00126442 | validation_physical_mse=0.00164066 | lr=0.001 | configured_lr=0.001 | grad_rms=0.432253 | activation_var(mean/min/max)=0.159851/0.00662128/0.253133
Epoch 452/1200 | samples=1542 | steps=6 | train_objective=0.00404211 | training_physical_mse=0.00146708 | validation_physical_mse=0.00117827 | lr=0.001 | configured_lr=0.001 | grad_rms=0.604245 | activation_var(mean/min/max)=0.167762/0.0066104/0.266164
Epoch 453/1200 | samples=1542 | steps=6 | train_objective=0.00373764 | training_physical_mse=0.00111965 | validation_physical_mse=0.00142018 | lr=0.001 | configured_lr=0.001 | grad_rms=0.576115 | activation_var(mean/min/max)=0.157658/0.0065372/0.249715
Epoch 454/1200 | samples=1542 | steps=6 | train_objective=0.00328437 | training_physical_mse=0.000911774 | validation_physical_mse=0.000844064 | lr=0.001 | configured_lr=0.001 | grad_rms=0.406558 | activation_var(mean/min/max)=0.171768/0.00652527/0.272886
Epoch 455/1200 | samples=1542 | steps=6 | train_objective=0.00323461 | training_physical_mse=0.00109756 | validation_physical_mse=0.00105211 | lr=0.001 | configured_lr=0.001 | grad_rms=0.378774 | activation_var(mean/min/max)=0.154658/0.00651916/0.244697
Epoch 456/1200 | samples=1542 | steps=6 | train_objective=0.00313146 | training_physical_mse=0.00139724 | validation_physical_mse=0.00163858 | lr=0.001 | configured_lr=0.001 | grad_rms=0.372559 | activation_var(mean/min/max)=0.169144/0.00651589/0.268797
Epoch 457/1200 | samples=1542 | steps=6 | train_objective=0.00380643 | training_physical_mse=0.000938227 | validation_physical_mse=0.000961448 | lr=0.001 | configured_lr=0.001 | grad_rms=0.797064 | activation_var(mean/min/max)=0.161828/0.00648329/0.256931
Epoch 458/1200 | samples=1542 | steps=6 | train_objective=0.0032912 | training_physical_mse=0.000998643 | validation_physical_mse=0.00117704 | lr=0.001 | configured_lr=0.001 | grad_rms=0.467947 | activation_var(mean/min/max)=0.162645/0.00650345/0.25868
Epoch 459/1200 | samples=1542 | steps=6 | train_objective=0.00335001 | training_physical_mse=0.00113188 | validation_physical_mse=0.00105679 | lr=0.001 | configured_lr=0.001 | grad_rms=0.391123 | activation_var(mean/min/max)=0.157749/0.00654427/0.250878
Epoch 460/1200 | samples=1542 | steps=6 | train_objective=0.00382108 | training_physical_mse=0.00158537 | validation_physical_mse=0.00165415 | lr=0.001 | configured_lr=0.001 | grad_rms=0.931257 | activation_var(mean/min/max)=0.164886/0.0065268/0.262141
Epoch 461/1200 | samples=1542 | steps=6 | train_objective=0.00478903 | training_physical_mse=0.00253598 | validation_physical_mse=0.00266739 | lr=0.001 | configured_lr=0.001 | grad_rms=0.847955 | activation_var(mean/min/max)=0.159379/0.00647685/0.253935
Epoch 462/1200 | samples=1542 | steps=6 | train_objective=0.00583237 | training_physical_mse=0.00294659 | validation_physical_mse=0.00281656 | lr=0.001 | configured_lr=0.001 | grad_rms=1.44603 | activation_var(mean/min/max)=0.172282/0.00644236/0.275195
Epoch 463/1200 | samples=1542 | steps=6 | train_objective=0.00574464 | training_physical_mse=0.00198754 | validation_physical_mse=0.00182894 | lr=0.001 | configured_lr=0.001 | grad_rms=1.2322 | activation_var(mean/min/max)=0.171807/0.00643671/0.274671
Epoch 464/1200 | samples=1542 | steps=6 | train_objective=0.0046753 | training_physical_mse=0.00208681 | validation_physical_mse=0.00226728 | lr=0.001 | configured_lr=0.001 | grad_rms=0.639369 | activation_var(mean/min/max)=0.149709/0.00651986/0.237924
Epoch 465/1200 | samples=1542 | steps=6 | train_objective=0.00480216 | training_physical_mse=0.00234222 | validation_physical_mse=0.00191166 | lr=0.001 | configured_lr=0.001 | grad_rms=0.769904 | activation_var(mean/min/max)=0.189713/0.00656836/0.302785
Epoch 466/1200 | samples=1542 | steps=6 | train_objective=0.00501262 | training_physical_mse=0.00156849 | validation_physical_mse=0.00198952 | lr=0.001 | configured_lr=0.001 | grad_rms=1.07376 | activation_var(mean/min/max)=0.148248/0.00645323/0.234871
Epoch 467/1200 | samples=1542 | steps=6 | train_objective=0.00445913 | training_physical_mse=0.00135733 | validation_physical_mse=0.0014243 | lr=0.001 | configured_lr=0.001 | grad_rms=0.596557 | activation_var(mean/min/max)=0.168491/0.00653272/0.268766
Epoch 468/1200 | samples=1542 | steps=6 | train_objective=0.00437364 | training_physical_mse=0.00102828 | validation_physical_mse=0.000954443 | lr=0.001 | configured_lr=0.001 | grad_rms=0.642193 | activation_var(mean/min/max)=0.175518/0.0064414/0.280112
Epoch 469/1200 | samples=1542 | steps=6 | train_objective=0.00354293 | training_physical_mse=0.00128724 | validation_physical_mse=0.00163616 | lr=0.001 | configured_lr=0.001 | grad_rms=0.554877 | activation_var(mean/min/max)=0.154757/0.00636224/0.246339
Epoch 470/1200 | samples=1542 | steps=6 | train_objective=0.0038581 | training_physical_mse=0.00141567 | validation_physical_mse=0.0011252 | lr=0.001 | configured_lr=0.001 | grad_rms=0.776476 | activation_var(mean/min/max)=0.167352/0.00630195/0.266855
Epoch 471/1200 | samples=1542 | steps=6 | train_objective=0.00506356 | training_physical_mse=0.00139532 | validation_physical_mse=0.00159023 | lr=0.001 | configured_lr=0.001 | grad_rms=1.13826 | activation_var(mean/min/max)=0.176211/0.00631532/0.282198
Epoch 472/1200 | samples=1542 | steps=6 | train_objective=0.00826303 | training_physical_mse=0.00215002 | validation_physical_mse=0.00229369 | lr=0.001 | configured_lr=0.001 | grad_rms=1.79059 | activation_var(mean/min/max)=0.154223/0.00625568/0.246466
Epoch 473/1200 | samples=1542 | steps=6 | train_objective=0.007002 | training_physical_mse=0.00201926 | validation_physical_mse=0.00207695 | lr=0.001 | configured_lr=0.001 | grad_rms=1.16797 | activation_var(mean/min/max)=0.158983/0.00622686/0.254712
Epoch 474/1200 | samples=1542 | steps=6 | train_objective=0.0053822 | training_physical_mse=0.0019698 | validation_physical_mse=0.00157847 | lr=0.001 | configured_lr=0.001 | grad_rms=0.904632 | activation_var(mean/min/max)=0.167299/0.00606975/0.268199
Epoch 475/1200 | samples=1542 | steps=6 | train_objective=0.0052649 | training_physical_mse=0.00153215 | validation_physical_mse=0.00151158 | lr=0.001 | configured_lr=0.001 | grad_rms=1.12723 | activation_var(mean/min/max)=0.159631/0.00610721/0.254643
Epoch 476/1200 | samples=1542 | steps=6 | train_objective=0.00460269 | training_physical_mse=0.00141501 | validation_physical_mse=0.00134914 | lr=0.001 | configured_lr=0.001 | grad_rms=0.58623 | activation_var(mean/min/max)=0.16373/0.00598949/0.261506
Epoch 477/1200 | samples=1542 | steps=6 | train_objective=0.00408113 | training_physical_mse=0.00221669 | validation_physical_mse=0.00230296 | lr=0.001 | configured_lr=0.001 | grad_rms=0.284961 | activation_var(mean/min/max)=0.156161/0.00600504/0.248235
Epoch 478/1200 | samples=1542 | steps=6 | train_objective=0.00431123 | training_physical_mse=0.0014527 | validation_physical_mse=0.00164778 | lr=0.001 | configured_lr=0.001 | grad_rms=0.391564 | activation_var(mean/min/max)=0.162658/0.00599859/0.25885
Epoch 479/1200 | samples=1542 | steps=6 | train_objective=0.00382477 | training_physical_mse=0.00159312 | validation_physical_mse=0.00133141 | lr=0.001 | configured_lr=0.001 | grad_rms=0.383364 | activation_var(mean/min/max)=0.184173/0.00601964/0.294289
Epoch 480/1200 | samples=1542 | steps=6 | train_objective=0.00430156 | training_physical_mse=0.00147986 | validation_physical_mse=0.00167138 | lr=0.001 | configured_lr=0.001 | grad_rms=0.916783 | activation_var(mean/min/max)=0.155837/0.00598098/0.248005
Epoch 481/1200 | samples=1542 | steps=6 | train_objective=0.00420763 | training_physical_mse=0.00143133 | validation_physical_mse=0.00135046 | lr=0.001 | configured_lr=0.001 | grad_rms=0.824907 | activation_var(mean/min/max)=0.155752/0.005969/0.248525
Epoch 482/1200 | samples=1542 | steps=6 | train_objective=0.00480638 | training_physical_mse=0.00291098 | validation_physical_mse=0.00296635 | lr=0.001 | configured_lr=0.001 | grad_rms=1.14466 | activation_var(mean/min/max)=0.167758/0.00598222/0.268227
Epoch 483/1200 | samples=1542 | steps=6 | train_objective=0.00590046 | training_physical_mse=0.00116886 | validation_physical_mse=0.00131214 | lr=0.001 | configured_lr=0.001 | grad_rms=0.927669 | activation_var(mean/min/max)=0.151833/0.00592156/0.243001
Epoch 484/1200 | samples=1542 | steps=6 | train_objective=0.00530698 | training_physical_mse=0.00220758 | validation_physical_mse=0.0021798 | lr=0.001 | configured_lr=0.001 | grad_rms=0.70887 | activation_var(mean/min/max)=0.180696/0.00593641/0.288316
Epoch 485/1200 | samples=1542 | steps=6 | train_objective=0.00529518 | training_physical_mse=0.00132814 | validation_physical_mse=0.0013639 | lr=0.001 | configured_lr=0.001 | grad_rms=1.06208 | activation_var(mean/min/max)=0.160166/0.00583766/0.255795
Epoch 486/1200 | samples=1542 | steps=6 | train_objective=0.00491244 | training_physical_mse=0.00111491 | validation_physical_mse=0.00130926 | lr=0.001 | configured_lr=0.001 | grad_rms=1.1099 | activation_var(mean/min/max)=0.142908/0.00574918/0.227917
Epoch 487/1200 | samples=1542 | steps=6 | train_objective=0.00420717 | training_physical_mse=0.0012152 | validation_physical_mse=0.00125581 | lr=0.001 | configured_lr=0.001 | grad_rms=0.929454 | activation_var(mean/min/max)=0.155409/0.00576913/0.248514
Epoch 488/1200 | samples=1542 | steps=6 | train_objective=0.0039713 | training_physical_mse=0.00150288 | validation_physical_mse=0.00154669 | lr=0.001 | configured_lr=0.001 | grad_rms=0.426964 | activation_var(mean/min/max)=0.154675/0.00578542/0.247316
Epoch 489/1200 | samples=1542 | steps=6 | train_objective=0.00396486 | training_physical_mse=0.00135446 | validation_physical_mse=0.00139139 | lr=0.001 | configured_lr=0.001 | grad_rms=0.629713 | activation_var(mean/min/max)=0.143321/0.00574923/0.228916
Epoch 490/1200 | samples=1542 | steps=6 | train_objective=0.00397852 | training_physical_mse=0.00180521 | validation_physical_mse=0.00192796 | lr=0.001 | configured_lr=0.001 | grad_rms=0.743168 | activation_var(mean/min/max)=0.149924/0.00577214/0.240015
Epoch 491/1200 | samples=1542 | steps=6 | train_objective=0.00461236 | training_physical_mse=0.00127776 | validation_physical_mse=0.00113188 | lr=0.001 | configured_lr=0.001 | grad_rms=1.00904 | activation_var(mean/min/max)=0.16586/0.00581098/0.265421
Epoch 492/1200 | samples=1542 | steps=6 | train_objective=0.00394482 | training_physical_mse=0.00124008 | validation_physical_mse=0.00142413 | lr=0.001 | configured_lr=0.001 | grad_rms=0.612898 | activation_var(mean/min/max)=0.147906/0.00569536/0.237583
Epoch 493/1200 | samples=1542 | steps=6 | train_objective=0.0034281 | training_physical_mse=0.00154684 | validation_physical_mse=0.00164442 | lr=0.001 | configured_lr=0.001 | grad_rms=0.545376 | activation_var(mean/min/max)=0.155459/0.00582029/0.248587
Epoch 494/1200 | samples=1542 | steps=6 | train_objective=0.00376404 | training_physical_mse=0.00100736 | validation_physical_mse=0.0010765 | lr=0.001 | configured_lr=0.001 | grad_rms=0.69578 | activation_var(mean/min/max)=0.150738/0.00568768/0.242226
Epoch 495/1200 | samples=1542 | steps=6 | train_objective=0.00379472 | training_physical_mse=0.00110375 | validation_physical_mse=0.00127937 | lr=0.001 | configured_lr=0.001 | grad_rms=0.70225 | activation_var(mean/min/max)=0.152815/0.00583277/0.244151
Epoch 496/1200 | samples=1542 | steps=6 | train_objective=0.00370196 | training_physical_mse=0.00100619 | validation_physical_mse=0.000904057 | lr=0.001 | configured_lr=0.001 | grad_rms=0.801562 | activation_var(mean/min/max)=0.15333/0.00575065/0.246537
Epoch 497/1200 | samples=1542 | steps=6 | train_objective=0.00369913 | training_physical_mse=0.000843881 | validation_physical_mse=0.000986996 | lr=0.001 | configured_lr=0.001 | grad_rms=0.995617 | activation_var(mean/min/max)=0.146698/0.00592445/0.234496
Epoch 498/1200 | samples=1542 | steps=6 | train_objective=0.00347277 | training_physical_mse=0.000938528 | validation_physical_mse=0.00118277 | lr=0.001 | configured_lr=0.001 | grad_rms=0.865953 | activation_var(mean/min/max)=0.161148/0.00586985/0.25887
Epoch 499/1200 | samples=1542 | steps=6 | train_objective=0.00359839 | training_physical_mse=0.00141052 | validation_physical_mse=0.00134121 | lr=0.001 | configured_lr=0.001 | grad_rms=0.937393 | activation_var(mean/min/max)=0.14877/0.00592579/0.238915
Epoch 500/1200 | samples=1542 | steps=6 | train_objective=0.00362031 | training_physical_mse=0.0011777 | validation_physical_mse=0.00147395 | lr=0.001 | configured_lr=0.001 | grad_rms=0.784991 | activation_var(mean/min/max)=0.160594/0.0059763/0.256967
Epoch 501/1200 | samples=1542 | steps=6 | train_objective=0.00323925 | training_physical_mse=0.00131087 | validation_physical_mse=0.00137045 | lr=0.001 | configured_lr=0.001 | grad_rms=0.608687 | activation_var(mean/min/max)=0.160099/0.00599459/0.256429
Epoch 502/1200 | samples=1542 | steps=6 | train_objective=0.00369564 | training_physical_mse=0.000968292 | validation_physical_mse=0.00118626 | lr=0.001 | configured_lr=0.001 | grad_rms=0.758835 | activation_var(mean/min/max)=0.135515/0.00598495/0.215913
Epoch 503/1200 | samples=1542 | steps=6 | train_objective=0.00388033 | training_physical_mse=0.000791904 | validation_physical_mse=0.000995376 | lr=0.001 | configured_lr=0.001 | grad_rms=1.0619 | activation_var(mean/min/max)=0.162663/0.00597938/0.261206
Epoch 504/1200 | samples=1542 | steps=6 | train_objective=0.00413502 | training_physical_mse=0.000800029 | validation_physical_mse=0.00101059 | lr=0.001 | configured_lr=0.001 | grad_rms=1.33056 | activation_var(mean/min/max)=0.154415/0.00594391/0.248246
Epoch 505/1200 | samples=1542 | steps=6 | train_objective=0.00344879 | training_physical_mse=0.000959005 | validation_physical_mse=0.000960374 | lr=0.001 | configured_lr=0.001 | grad_rms=1.00181 | activation_var(mean/min/max)=0.14997/0.00605378/0.240858
Epoch 506/1200 | samples=1542 | steps=6 | train_objective=0.00324976 | training_physical_mse=0.000849882 | validation_physical_mse=0.00100285 | lr=0.001 | configured_lr=0.001 | grad_rms=0.740695 | activation_var(mean/min/max)=0.155282/0.00600773/0.249532
Epoch 507/1200 | samples=1542 | steps=6 | train_objective=0.00275712 | training_physical_mse=0.000723699 | validation_physical_mse=0.000854469 | lr=0.001 | configured_lr=0.001 | grad_rms=0.339679 | activation_var(mean/min/max)=0.154836/0.00602383/0.24869
Epoch 508/1200 | samples=1542 | steps=6 | train_objective=0.00266912 | training_physical_mse=0.000663506 | validation_physical_mse=0.000718591 | lr=0.001 | configured_lr=0.001 | grad_rms=0.345233 | activation_var(mean/min/max)=0.150345/0.00600832/0.241222
Epoch 509/1200 | samples=1542 | steps=6 | train_objective=0.00272649 | training_physical_mse=0.000896578 | validation_physical_mse=0.00105412 | lr=0.001 | configured_lr=0.001 | grad_rms=0.292564 | activation_var(mean/min/max)=0.155759/0.00606668/0.250106
Epoch 510/1200 | samples=1542 | steps=6 | train_objective=0.0031105 | training_physical_mse=0.00116584 | validation_physical_mse=0.00117738 | lr=0.001 | configured_lr=0.001 | grad_rms=0.552114 | activation_var(mean/min/max)=0.157586/0.00599722/0.253911
Epoch 511/1200 | samples=1542 | steps=6 | train_objective=0.0031602 | training_physical_mse=0.000876491 | validation_physical_mse=0.000959465 | lr=0.001 | configured_lr=0.001 | grad_rms=0.782136 | activation_var(mean/min/max)=0.1495/0.00598476/0.239951
Epoch 512/1200 | samples=1542 | steps=6 | train_objective=0.00287886 | training_physical_mse=0.00077458 | validation_physical_mse=0.00098017 | lr=0.001 | configured_lr=0.001 | grad_rms=0.510465 | activation_var(mean/min/max)=0.156611/0.00598347/0.251997
Epoch 513/1200 | samples=1542 | steps=6 | train_objective=0.0026441 | training_physical_mse=0.00128681 | validation_physical_mse=0.0016088 | lr=0.001 | configured_lr=0.001 | grad_rms=0.448644 | activation_var(mean/min/max)=0.151143/0.00599278/0.242772
Epoch 514/1200 | samples=1542 | steps=6 | train_objective=0.00368339 | training_physical_mse=0.000903485 | validation_physical_mse=0.000798514 | lr=0.001 | configured_lr=0.001 | grad_rms=1.03129 | activation_var(mean/min/max)=0.146575/0.00601141/0.235935
Epoch 515/1200 | samples=1542 | steps=6 | train_objective=0.0043932 | training_physical_mse=0.00109567 | validation_physical_mse=0.00122405 | lr=0.001 | configured_lr=0.001 | grad_rms=1.00312 | activation_var(mean/min/max)=0.157466/0.00602083/0.253051
Epoch 516/1200 | samples=1542 | steps=6 | train_objective=0.00370536 | training_physical_mse=0.000775217 | validation_physical_mse=0.000962509 | lr=0.001 | configured_lr=0.001 | grad_rms=0.46193 | activation_var(mean/min/max)=0.145534/0.00594254/0.233703
Epoch 517/1200 | samples=1542 | steps=6 | train_objective=0.00332359 | training_physical_mse=0.000778316 | validation_physical_mse=0.000866467 | lr=0.001 | configured_lr=0.001 | grad_rms=0.502513 | activation_var(mean/min/max)=0.152142/0.00590212/0.244079
Epoch 518/1200 | samples=1542 | steps=6 | train_objective=0.00337074 | training_physical_mse=0.00123352 | validation_physical_mse=0.00147042 | lr=0.001 | configured_lr=0.001 | grad_rms=0.516881 | activation_var(mean/min/max)=0.143697/0.00585499/0.230453
Epoch 519/1200 | samples=1542 | steps=6 | train_objective=0.00356656 | training_physical_mse=0.00114079 | validation_physical_mse=0.00114064 | lr=0.001 | configured_lr=0.001 | grad_rms=0.770505 | activation_var(mean/min/max)=0.152793/0.00577774/0.245271
Epoch 520/1200 | samples=1542 | steps=6 | train_objective=0.00452146 | training_physical_mse=0.00126325 | validation_physical_mse=0.00157135 | lr=0.001 | configured_lr=0.001 | grad_rms=1.32101 | activation_var(mean/min/max)=0.146961/0.00572317/0.236433
Epoch 521/1200 | samples=1542 | steps=6 | train_objective=0.0044442 | training_physical_mse=0.00115139 | validation_physical_mse=0.00116234 | lr=0.001 | configured_lr=0.001 | grad_rms=1.19595 | activation_var(mean/min/max)=0.138769/0.00569472/0.223214
Epoch 522/1200 | samples=1542 | steps=6 | train_objective=0.00467874 | training_physical_mse=0.00252445 | validation_physical_mse=0.00276708 | lr=0.001 | configured_lr=0.001 | grad_rms=0.742929 | activation_var(mean/min/max)=0.159137/0.00572251/0.256125
Epoch 523/1200 | samples=1542 | steps=6 | train_objective=0.00527182 | training_physical_mse=0.00192779 | validation_physical_mse=0.00201097 | lr=0.001 | configured_lr=0.001 | grad_rms=0.998871 | activation_var(mean/min/max)=0.150333/0.00563048/0.242672
Epoch 524/1200 | samples=1542 | steps=6 | train_objective=0.00430494 | training_physical_mse=0.00179525 | validation_physical_mse=0.00167391 | lr=0.001 | configured_lr=0.001 | grad_rms=0.921934 | activation_var(mean/min/max)=0.132606/0.00563695/0.213357
Epoch 525/1200 | samples=1542 | steps=6 | train_objective=0.00431763 | training_physical_mse=0.00199728 | validation_physical_mse=0.00156011 | lr=0.001 | configured_lr=0.001 | grad_rms=0.957994 | activation_var(mean/min/max)=0.152254/0.00570261/0.245504
Epoch 526/1200 | samples=1542 | steps=6 | train_objective=0.00542117 | training_physical_mse=0.00210293 | validation_physical_mse=0.00241243 | lr=0.001 | configured_lr=0.001 | grad_rms=1.28164 | activation_var(mean/min/max)=0.15451/0.00565882/0.248316
Epoch 527/1200 | samples=1542 | steps=6 | train_objective=0.0054078 | training_physical_mse=0.00218482 | validation_physical_mse=0.00185441 | lr=0.001 | configured_lr=0.001 | grad_rms=1.21801 | activation_var(mean/min/max)=0.136669/0.00569492/0.220106
Epoch 528/1200 | samples=1542 | steps=6 | train_objective=0.00489931 | training_physical_mse=0.00100217 | validation_physical_mse=0.000992684 | lr=0.001 | configured_lr=0.001 | grad_rms=1.14488 | activation_var(mean/min/max)=0.136998/0.00560059/0.219764
Epoch 529/1200 | samples=1542 | steps=6 | train_objective=0.00405427 | training_physical_mse=0.00109838 | validation_physical_mse=0.0014027 | lr=0.001 | configured_lr=0.001 | grad_rms=0.760635 | activation_var(mean/min/max)=0.170295/0.00571647/0.273555
Epoch 530/1200 | samples=1542 | steps=6 | train_objective=0.0033646 | training_physical_mse=0.000893418 | validation_physical_mse=0.0010546 | lr=0.001 | configured_lr=0.001 | grad_rms=0.528428 | activation_var(mean/min/max)=0.144216/0.00573214/0.233196
Epoch 531/1200 | samples=1542 | steps=6 | train_objective=0.0038497 | training_physical_mse=0.00135254 | validation_physical_mse=0.00132559 | lr=0.001 | configured_lr=0.001 | grad_rms=0.978576 | activation_var(mean/min/max)=0.144238/0.00575686/0.232912
Epoch 532/1200 | samples=1542 | steps=6 | train_objective=0.00396189 | training_physical_mse=0.000826594 | validation_physical_mse=0.00106083 | lr=0.001 | configured_lr=0.001 | grad_rms=0.844575 | activation_var(mean/min/max)=0.146601/0.0055704/0.2371
Epoch 533/1200 | samples=1542 | steps=6 | train_objective=0.00373455 | training_physical_mse=0.00103991 | validation_physical_mse=0.000992604 | lr=0.001 | configured_lr=0.001 | grad_rms=0.802013 | activation_var(mean/min/max)=0.148343/0.00564864/0.238451
Epoch 534/1200 | samples=1542 | steps=6 | train_objective=0.00378298 | training_physical_mse=0.000868462 | validation_physical_mse=0.00111426 | lr=0.001 | configured_lr=0.001 | grad_rms=0.739789 | activation_var(mean/min/max)=0.147765/0.00548381/0.238786
Epoch 535/1200 | samples=1542 | steps=6 | train_objective=0.00364647 | training_physical_mse=0.00190631 | validation_physical_mse=0.0017524 | lr=0.001 | configured_lr=0.001 | grad_rms=0.569098 | activation_var(mean/min/max)=0.154376/0.00554853/0.24883
Epoch 536/1200 | samples=1542 | steps=6 | train_objective=0.00460113 | training_physical_mse=0.00119799 | validation_physical_mse=0.00121607 | lr=0.001 | configured_lr=0.001 | grad_rms=0.761299 | activation_var(mean/min/max)=0.150577/0.00540506/0.243403
Epoch 537/1200 | samples=1542 | steps=6 | train_objective=0.00502766 | training_physical_mse=0.00175068 | validation_physical_mse=0.00173747 | lr=0.001 | configured_lr=0.001 | grad_rms=0.595172 | activation_var(mean/min/max)=0.138113/0.00539701/0.222183
Epoch 538/1200 | samples=1542 | steps=6 | train_objective=0.00552325 | training_physical_mse=0.00160337 | validation_physical_mse=0.00188641 | lr=0.001 | configured_lr=0.001 | grad_rms=1.25281 | activation_var(mean/min/max)=0.156999/0.00529826/0.253393
Epoch 539/1200 | samples=1542 | steps=6 | train_objective=0.00538131 | training_physical_mse=0.00181539 | validation_physical_mse=0.00183397 | lr=0.001 | configured_lr=0.001 | grad_rms=0.996425 | activation_var(mean/min/max)=0.155266/0.00535133/0.250102
Epoch 540/1200 | samples=1542 | steps=6 | train_objective=0.00542326 | training_physical_mse=0.00215932 | validation_physical_mse=0.00195749 | lr=0.001 | configured_lr=0.001 | grad_rms=1.11953 | activation_var(mean/min/max)=0.137422/0.0053823/0.22181
Epoch 541/1200 | samples=1542 | steps=6 | train_objective=0.00551799 | training_physical_mse=0.00142946 | validation_physical_mse=0.00124736 | lr=0.001 | configured_lr=0.001 | grad_rms=0.904141 | activation_var(mean/min/max)=0.123025/0.00523882/0.199296
Epoch 542/1200 | samples=1542 | steps=6 | train_objective=0.004275 | training_physical_mse=0.00110614 | validation_physical_mse=0.00116007 | lr=0.001 | configured_lr=0.001 | grad_rms=0.587134 | activation_var(mean/min/max)=0.152629/0.00530605/0.244924
Epoch 543/1200 | samples=1542 | steps=6 | train_objective=0.00353115 | training_physical_mse=0.00107183 | validation_physical_mse=0.0012545 | lr=0.001 | configured_lr=0.001 | grad_rms=0.249712 | activation_var(mean/min/max)=0.151159/0.00524629/0.243285
Epoch 544/1200 | samples=1542 | steps=6 | train_objective=0.00345277 | training_physical_mse=0.00161977 | validation_physical_mse=0.00165045 | lr=0.001 | configured_lr=0.001 | grad_rms=0.61298 | activation_var(mean/min/max)=0.133014/0.00518747/0.215201
Epoch 545/1200 | samples=1542 | steps=6 | train_objective=0.00446842 | training_physical_mse=0.00141936 | validation_physical_mse=0.00156647 | lr=0.001 | configured_lr=0.001 | grad_rms=1.10037 | activation_var(mean/min/max)=0.142736/0.00518963/0.230885
Epoch 546/1200 | samples=1542 | steps=6 | train_objective=0.00342861 | training_physical_mse=0.00131529 | validation_physical_mse=0.00130578 | lr=0.001 | configured_lr=0.001 | grad_rms=0.840781 | activation_var(mean/min/max)=0.141141/0.00526652/0.228824
Epoch 547/1200 | samples=1542 | steps=6 | train_objective=0.00328347 | training_physical_mse=0.000870767 | validation_physical_mse=0.000995113 | lr=0.001 | configured_lr=0.001 | grad_rms=0.712629 | activation_var(mean/min/max)=0.147909/0.00527258/0.239421
Epoch 548/1200 | samples=1542 | steps=6 | train_objective=0.00433816 | training_physical_mse=0.00180452 | validation_physical_mse=0.00178208 | lr=0.001 | configured_lr=0.001 | grad_rms=1.26494 | activation_var(mean/min/max)=0.146622/0.00526512/0.237871
Epoch 549/1200 | samples=1542 | steps=6 | train_objective=0.00401177 | training_physical_mse=0.0015573 | validation_physical_mse=0.00187052 | lr=0.001 | configured_lr=0.001 | grad_rms=1.04464 | activation_var(mean/min/max)=0.135346/0.00526613/0.218859
Epoch 550/1200 | samples=1542 | steps=6 | train_objective=0.00350233 | training_physical_mse=0.00105135 | validation_physical_mse=0.00123299 | lr=0.001 | configured_lr=0.001 | grad_rms=0.931668 | activation_var(mean/min/max)=0.147672/0.00530408/0.238453
Epoch 551/1200 | samples=1542 | steps=6 | train_objective=0.00321173 | training_physical_mse=0.00121562 | validation_physical_mse=0.00139262 | lr=0.001 | configured_lr=0.001 | grad_rms=0.687721 | activation_var(mean/min/max)=0.142949/0.00536503/0.230691
Epoch 552/1200 | samples=1542 | steps=6 | train_objective=0.00319368 | training_physical_mse=0.00105716 | validation_physical_mse=0.00128839 | lr=0.001 | configured_lr=0.001 | grad_rms=0.536472 | activation_var(mean/min/max)=0.14214/0.00537968/0.230198
Epoch 553/1200 | samples=1542 | steps=6 | train_objective=0.00292318 | training_physical_mse=0.000562074 | validation_physical_mse=0.00078642 | lr=0.001 | configured_lr=0.001 | grad_rms=0.453238 | activation_var(mean/min/max)=0.141028/0.00537077/0.227912
Epoch 554/1200 | samples=1542 | steps=6 | train_objective=0.00284009 | training_physical_mse=0.000690687 | validation_physical_mse=0.00100046 | lr=0.001 | configured_lr=0.001 | grad_rms=0.33697 | activation_var(mean/min/max)=0.142276/0.0052782/0.231054
Epoch 555/1200 | samples=1542 | steps=6 | train_objective=0.00293046 | training_physical_mse=0.000935478 | validation_physical_mse=0.00121115 | lr=0.001 | configured_lr=0.001 | grad_rms=0.468778 | activation_var(mean/min/max)=0.136169/0.00528726/0.220462
Epoch 556/1200 | samples=1542 | steps=6 | train_objective=0.00336703 | training_physical_mse=0.00097788 | validation_physical_mse=0.00120549 | lr=0.001 | configured_lr=0.001 | grad_rms=0.836039 | activation_var(mean/min/max)=0.144118/0.00530488/0.232916
Epoch 557/1200 | samples=1542 | steps=6 | train_objective=0.00299402 | training_physical_mse=0.000932421 | validation_physical_mse=0.00126431 | lr=0.001 | configured_lr=0.001 | grad_rms=0.712453 | activation_var(mean/min/max)=0.139809/0.00529685/0.226048
Epoch 558/1200 | samples=1542 | steps=6 | train_objective=0.00293548 | training_physical_mse=0.00193831 | validation_physical_mse=0.00205051 | lr=0.001 | configured_lr=0.001 | grad_rms=0.658054 | activation_var(mean/min/max)=0.137309/0.00528978/0.221861
Epoch 559/1200 | samples=1542 | steps=6 | train_objective=0.00439233 | training_physical_mse=0.00137561 | validation_physical_mse=0.00134062 | lr=0.001 | configured_lr=0.001 | grad_rms=1.10108 | activation_var(mean/min/max)=0.144215/0.0052299/0.232471
Epoch 560/1200 | samples=1542 | steps=6 | train_objective=0.00403825 | training_physical_mse=0.0016715 | validation_physical_mse=0.00171969 | lr=0.001 | configured_lr=0.001 | grad_rms=0.675568 | activation_var(mean/min/max)=0.141334/0.00509889/0.228559
Epoch 561/1200 | samples=1542 | steps=6 | train_objective=0.00413263 | training_physical_mse=0.000937175 | validation_physical_mse=0.000970842 | lr=0.001 | configured_lr=0.001 | grad_rms=0.999059 | activation_var(mean/min/max)=0.130075/0.00518572/0.209866
Epoch 562/1200 | samples=1542 | steps=6 | train_objective=0.00418661 | training_physical_mse=0.00127479 | validation_physical_mse=0.00149868 | lr=0.001 | configured_lr=0.001 | grad_rms=0.939937 | activation_var(mean/min/max)=0.138353/0.00506564/0.224398
Epoch 563/1200 | samples=1542 | steps=6 | train_objective=0.00337821 | training_physical_mse=0.000807138 | validation_physical_mse=0.000848211 | lr=0.001 | configured_lr=0.001 | grad_rms=0.65977 | activation_var(mean/min/max)=0.141718/0.00506395/0.229563
Epoch 564/1200 | samples=1542 | steps=6 | train_objective=0.00357835 | training_physical_mse=0.00102315 | validation_physical_mse=0.00145153 | lr=0.001 | configured_lr=0.001 | grad_rms=1.01477 | activation_var(mean/min/max)=0.133939/0.00497419/0.216944
Epoch 565/1200 | samples=1542 | steps=6 | train_objective=0.00344282 | training_physical_mse=0.000901764 | validation_physical_mse=0.000777512 | lr=0.001 | configured_lr=0.001 | grad_rms=1.00389 | activation_var(mean/min/max)=0.131321/0.00505786/0.212335
Epoch 566/1200 | samples=1542 | steps=6 | train_objective=0.00321577 | training_physical_mse=0.000977011 | validation_physical_mse=0.00109531 | lr=0.001 | configured_lr=0.001 | grad_rms=0.652147 | activation_var(mean/min/max)=0.135593/0.00498742/0.220002
Epoch 567/1200 | samples=1542 | steps=6 | train_objective=0.00310705 | training_physical_mse=0.000536987 | validation_physical_mse=0.000766923 | lr=0.001 | configured_lr=0.001 | grad_rms=0.715715 | activation_var(mean/min/max)=0.130957/0.0050715/0.212221
Epoch 568/1200 | samples=1542 | steps=6 | train_objective=0.00302075 | training_physical_mse=0.000632914 | validation_physical_mse=0.000737979 | lr=0.001 | configured_lr=0.001 | grad_rms=0.807808 | activation_var(mean/min/max)=0.134742/0.00503437/0.218882
Epoch 569/1200 | samples=1542 | steps=6 | train_objective=0.00325337 | training_physical_mse=0.000818832 | validation_physical_mse=0.00104602 | lr=0.001 | configured_lr=0.001 | grad_rms=1.06424 | activation_var(mean/min/max)=0.136357/0.00509024/0.22159
Epoch 570/1200 | samples=1542 | steps=6 | train_objective=0.00362228 | training_physical_mse=0.00115444 | validation_physical_mse=0.00138221 | lr=0.001 | configured_lr=0.001 | grad_rms=1.34631 | activation_var(mean/min/max)=0.135175/0.00506918/0.21915
Epoch 571/1200 | samples=1542 | steps=6 | train_objective=0.00431042 | training_physical_mse=0.000754291 | validation_physical_mse=0.000818535 | lr=0.001 | configured_lr=0.001 | grad_rms=1.34088 | activation_var(mean/min/max)=0.133266/0.00513116/0.217004
Epoch 572/1200 | samples=1542 | steps=6 | train_objective=0.00413051 | training_physical_mse=0.0012306 | validation_physical_mse=0.00125819 | lr=0.001 | configured_lr=0.001 | grad_rms=1.20186 | activation_var(mean/min/max)=0.148217/0.00516347/0.239769
Epoch 573/1200 | samples=1542 | steps=6 | train_objective=0.00336954 | training_physical_mse=0.00139425 | validation_physical_mse=0.00159853 | lr=0.001 | configured_lr=0.001 | grad_rms=0.903073 | activation_var(mean/min/max)=0.128252/0.00510368/0.2085
Epoch 574/1200 | samples=1542 | steps=6 | train_objective=0.00387968 | training_physical_mse=0.00120462 | validation_physical_mse=0.00140784 | lr=0.001 | configured_lr=0.001 | grad_rms=1.15482 | activation_var(mean/min/max)=0.130582/0.00508269/0.211961
Epoch 575/1200 | samples=1542 | steps=6 | train_objective=0.00401627 | training_physical_mse=0.00120942 | validation_physical_mse=0.00147977 | lr=0.001 | configured_lr=0.001 | grad_rms=1.25943 | activation_var(mean/min/max)=0.140121/0.00518479/0.226993
Epoch 576/1200 | samples=1542 | steps=6 | train_objective=0.00367971 | training_physical_mse=0.00116764 | validation_physical_mse=0.00134914 | lr=0.001 | configured_lr=0.001 | grad_rms=1.19399 | activation_var(mean/min/max)=0.1335/0.00511699/0.216519
Epoch 577/1200 | samples=1542 | steps=6 | train_objective=0.00355021 | training_physical_mse=0.00125512 | validation_physical_mse=0.00154657 | lr=0.001 | configured_lr=0.001 | grad_rms=0.998535 | activation_var(mean/min/max)=0.133599/0.00509753/0.21634
Epoch 578/1200 | samples=1542 | steps=6 | train_objective=0.00358138 | training_physical_mse=0.00113332 | validation_physical_mse=0.00106284 | lr=0.001 | configured_lr=0.001 | grad_rms=1.06726 | activation_var(mean/min/max)=0.138827/0.0052302/0.22459
Epoch 579/1200 | samples=1542 | steps=6 | train_objective=0.00281347 | training_physical_mse=0.000816538 | validation_physical_mse=0.00107853 | lr=0.001 | configured_lr=0.001 | grad_rms=0.638913 | activation_var(mean/min/max)=0.135115/0.00520185/0.218746
Epoch 580/1200 | samples=1542 | steps=6 | train_objective=0.00325442 | training_physical_mse=0.000788927 | validation_physical_mse=0.000806869 | lr=0.001 | configured_lr=0.001 | grad_rms=0.789395 | activation_var(mean/min/max)=0.130016/0.00517598/0.210883
Epoch 581/1200 | samples=1542 | steps=6 | train_objective=0.00335113 | training_physical_mse=0.000879929 | validation_physical_mse=0.000896986 | lr=0.001 | configured_lr=0.001 | grad_rms=0.743883 | activation_var(mean/min/max)=0.133986/0.00506982/0.217399
Epoch 582/1200 | samples=1542 | steps=6 | train_objective=0.00337335 | training_physical_mse=0.000789869 | validation_physical_mse=0.000888313 | lr=0.001 | configured_lr=0.001 | grad_rms=0.33952 | activation_var(mean/min/max)=0.137209/0.00510159/0.221689
Epoch 583/1200 | samples=1542 | steps=6 | train_objective=0.00401458 | training_physical_mse=0.00243364 | validation_physical_mse=0.00243986 | lr=0.001 | configured_lr=0.001 | grad_rms=0.842693 | activation_var(mean/min/max)=0.131256/0.00501614/0.213266
Epoch 584/1200 | samples=1542 | steps=6 | train_objective=0.00453176 | training_physical_mse=0.00249428 | validation_physical_mse=0.00316376 | lr=0.001 | configured_lr=0.001 | grad_rms=1.24641 | activation_var(mean/min/max)=0.131018/0.00494643/0.212506
Epoch 585/1200 | samples=1542 | steps=6 | train_objective=0.00488109 | training_physical_mse=0.00235843 | validation_physical_mse=0.0014837 | lr=0.001 | configured_lr=0.001 | grad_rms=1.10806 | activation_var(mean/min/max)=0.131608/0.00482947/0.214671
Epoch 586/1200 | samples=1542 | steps=6 | train_objective=0.00448305 | training_physical_mse=0.00196001 | validation_physical_mse=0.00241632 | lr=0.001 | configured_lr=0.001 | grad_rms=1.01231 | activation_var(mean/min/max)=0.12562/0.0048369/0.203898
Epoch 587/1200 | samples=1542 | steps=6 | train_objective=0.00405206 | training_physical_mse=0.00118703 | validation_physical_mse=0.00123232 | lr=0.001 | configured_lr=0.001 | grad_rms=1.00066 | activation_var(mean/min/max)=0.142427/0.00490943/0.231071
Epoch 588/1200 | samples=1542 | steps=6 | train_objective=0.00348152 | training_physical_mse=0.000737842 | validation_physical_mse=0.000851365 | lr=0.001 | configured_lr=0.001 | grad_rms=0.565487 | activation_var(mean/min/max)=0.133606/0.0048322/0.217385
Epoch 589/1200 | samples=1542 | steps=6 | train_objective=0.00279925 | training_physical_mse=0.000776846 | validation_physical_mse=0.000969614 | lr=0.001 | configured_lr=0.001 | grad_rms=0.418607 | activation_var(mean/min/max)=0.129496/0.00483979/0.21054
Epoch 590/1200 | samples=1542 | steps=6 | train_objective=0.00292939 | training_physical_mse=0.00116017 | validation_physical_mse=0.00134609 | lr=0.001 | configured_lr=0.001 | grad_rms=0.409778 | activation_var(mean/min/max)=0.127142/0.00481043/0.207816
Epoch 591/1200 | samples=1542 | steps=6 | train_objective=0.00309791 | training_physical_mse=0.000730922 | validation_physical_mse=0.000913374 | lr=0.001 | configured_lr=0.001 | grad_rms=0.468313 | activation_var(mean/min/max)=0.131754/0.00475914/0.215003
Epoch 592/1200 | samples=1542 | steps=6 | train_objective=0.00302618 | training_physical_mse=0.000950553 | validation_physical_mse=0.00118339 | lr=0.001 | configured_lr=0.001 | grad_rms=0.481495 | activation_var(mean/min/max)=0.12834/0.00475316/0.209217
Epoch 593/1200 | samples=1542 | steps=6 | train_objective=0.00307557 | training_physical_mse=0.00120488 | validation_physical_mse=0.00108862 | lr=0.001 | configured_lr=0.001 | grad_rms=0.869532 | activation_var(mean/min/max)=0.128158/0.00474667/0.209191
Epoch 594/1200 | samples=1542 | steps=6 | train_objective=0.00366387 | training_physical_mse=0.000776302 | validation_physical_mse=0.00112102 | lr=0.001 | configured_lr=0.001 | grad_rms=1.00571 | activation_var(mean/min/max)=0.127286/0.00467668/0.20718
Epoch 595/1200 | samples=1542 | steps=6 | train_objective=0.00308341 | training_physical_mse=0.000649925 | validation_physical_mse=0.000762297 | lr=0.001 | configured_lr=0.001 | grad_rms=0.435043 | activation_var(mean/min/max)=0.127064/0.00467462/0.206489
Epoch 596/1200 | samples=1542 | steps=6 | train_objective=0.0028713 | training_physical_mse=0.000755384 | validation_physical_mse=0.00103744 | lr=0.001 | configured_lr=0.001 | grad_rms=0.392545 | activation_var(mean/min/max)=0.126537/0.00468009/0.205862
Epoch 597/1200 | samples=1542 | steps=6 | train_objective=0.00280726 | training_physical_mse=0.000745244 | validation_physical_mse=0.000806214 | lr=0.001 | configured_lr=0.001 | grad_rms=0.736288 | activation_var(mean/min/max)=0.124666/0.00468203/0.202708
Epoch 598/1200 | samples=1542 | steps=6 | train_objective=0.00293934 | training_physical_mse=0.000561527 | validation_physical_mse=0.000698365 | lr=0.001 | configured_lr=0.001 | grad_rms=0.645792 | activation_var(mean/min/max)=0.128308/0.00470944/0.208691
Epoch 599/1200 | samples=1542 | steps=6 | train_objective=0.00411487 | training_physical_mse=0.00123379 | validation_physical_mse=0.00148846 | lr=0.001 | configured_lr=0.001 | grad_rms=1.19848 | activation_var(mean/min/max)=0.126331/0.00465083/0.205393
Epoch 600/1200 | samples=1542 | steps=6 | train_objective=0.00488913 | training_physical_mse=0.000805681 | validation_physical_mse=0.000985221 | lr=0.001 | configured_lr=0.001 | grad_rms=1.59139 | activation_var(mean/min/max)=0.122958/0.00467322/0.199526
Epoch 601/1200 | samples=1542 | steps=6 | train_objective=0.00420737 | training_physical_mse=0.00121581 | validation_physical_mse=0.0015433 | lr=0.001 | configured_lr=0.001 | grad_rms=1.25995 | activation_var(mean/min/max)=0.129708/0.00465347/0.210611
Epoch 602/1200 | samples=1542 | steps=6 | train_objective=0.0041463 | training_physical_mse=0.00154497 | validation_physical_mse=0.00162759 | lr=0.001 | configured_lr=0.001 | grad_rms=0.613587 | activation_var(mean/min/max)=0.122294/0.00468308/0.198398
Epoch 603/1200 | samples=1542 | steps=6 | train_objective=0.00389565 | training_physical_mse=0.000899145 | validation_physical_mse=0.00097814 | lr=0.001 | configured_lr=0.001 | grad_rms=0.481158 | activation_var(mean/min/max)=0.119988/0.00453165/0.195368
Epoch 604/1200 | samples=1542 | steps=6 | train_objective=0.0031306 | training_physical_mse=0.000809344 | validation_physical_mse=0.000838682 | lr=0.001 | configured_lr=0.001 | grad_rms=0.424712 | activation_var(mean/min/max)=0.123058/0.00458643/0.198815
Epoch 605/1200 | samples=1542 | steps=6 | train_objective=0.00273188 | training_physical_mse=0.000722011 | validation_physical_mse=0.000856939 | lr=0.001 | configured_lr=0.001 | grad_rms=0.41367 | activation_var(mean/min/max)=0.125034/0.00451259/0.203057
Epoch 606/1200 | samples=1542 | steps=6 | train_objective=0.00267453 | training_physical_mse=0.00091927 | validation_physical_mse=0.00110057 | lr=0.001 | configured_lr=0.001 | grad_rms=0.58292 | activation_var(mean/min/max)=0.127202/0.00454296/0.206255
Epoch 607/1200 | samples=1542 | steps=6 | train_objective=0.00274629 | training_physical_mse=0.00112701 | validation_physical_mse=0.00121298 | lr=0.001 | configured_lr=0.001 | grad_rms=0.627693 | activation_var(mean/min/max)=0.126639/0.00453182/0.206294
Epoch 608/1200 | samples=1542 | steps=6 | train_objective=0.00326277 | training_physical_mse=0.00076373 | validation_physical_mse=0.000834938 | lr=0.001 | configured_lr=0.001 | grad_rms=0.614923 | activation_var(mean/min/max)=0.122544/0.0045412/0.199651
Epoch 609/1200 | samples=1542 | steps=6 | train_objective=0.00267971 | training_physical_mse=0.000553824 | validation_physical_mse=0.000654228 | lr=0.001 | configured_lr=0.001 | grad_rms=0.396103 | activation_var(mean/min/max)=0.11641/0.00449202/0.190182
Epoch 610/1200 | samples=1542 | steps=6 | train_objective=0.00241642 | training_physical_mse=0.000617722 | validation_physical_mse=0.000806628 | lr=0.001 | configured_lr=0.001 | grad_rms=0.474652 | activation_var(mean/min/max)=0.130931/0.0045769/0.21262
Epoch 611/1200 | samples=1542 | steps=6 | train_objective=0.0023 | training_physical_mse=0.000532279 | validation_physical_mse=0.000779633 | lr=0.001 | configured_lr=0.001 | grad_rms=0.323984 | activation_var(mean/min/max)=0.130875/0.0045347/0.213406
Epoch 612/1200 | samples=1542 | steps=6 | train_objective=0.00242626 | training_physical_mse=0.000561019 | validation_physical_mse=0.000611978 | lr=0.001 | configured_lr=0.001 | grad_rms=0.587999 | activation_var(mean/min/max)=0.121866/0.00454406/0.19858
Epoch 613/1200 | samples=1542 | steps=6 | train_objective=0.00324299 | training_physical_mse=0.000552623 | validation_physical_mse=0.000832743 | lr=0.001 | configured_lr=0.001 | grad_rms=1.29949 | activation_var(mean/min/max)=0.12684/0.0045469/0.207448
Epoch 614/1200 | samples=1542 | steps=6 | train_objective=0.00276525 | training_physical_mse=0.000568186 | validation_physical_mse=0.000660012 | lr=0.001 | configured_lr=0.001 | grad_rms=0.805219 | activation_var(mean/min/max)=0.124409/0.00460033/0.202836
Epoch 615/1200 | samples=1542 | steps=6 | train_objective=0.00243939 | training_physical_mse=0.000699657 | validation_physical_mse=0.000877206 | lr=0.001 | configured_lr=0.001 | grad_rms=0.508554 | activation_var(mean/min/max)=0.130367/0.00465763/0.212387
Epoch 616/1200 | samples=1542 | steps=6 | train_objective=0.00280266 | training_physical_mse=0.00150495 | validation_physical_mse=0.0016113 | lr=0.001 | configured_lr=0.001 | grad_rms=0.881807 | activation_var(mean/min/max)=0.12591/0.00465279/0.205261
Epoch 617/1200 | samples=1542 | steps=6 | train_objective=0.00426027 | training_physical_mse=0.00257281 | validation_physical_mse=0.00265751 | lr=0.001 | configured_lr=0.001 | grad_rms=0.835044 | activation_var(mean/min/max)=0.12422/0.00465086/0.202031
Epoch 618/1200 | samples=1542 | steps=6 | train_objective=0.00563131 | training_physical_mse=0.00110326 | validation_physical_mse=0.00124021 | lr=0.001 | configured_lr=0.001 | grad_rms=1.29588 | activation_var(mean/min/max)=0.12108/0.00455128/0.196458
Epoch 619/1200 | samples=1542 | steps=6 | train_objective=0.00519565 | training_physical_mse=0.00156736 | validation_physical_mse=0.00175772 | lr=0.001 | configured_lr=0.001 | grad_rms=0.773386 | activation_var(mean/min/max)=0.125776/0.00455056/0.202943
Epoch 620/1200 | samples=1542 | steps=6 | train_objective=0.00406283 | training_physical_mse=0.00141145 | validation_physical_mse=0.00130624 | lr=0.001 | configured_lr=0.001 | grad_rms=0.381496 | activation_var(mean/min/max)=0.126266/0.00442276/0.203853
Epoch 621/1200 | samples=1542 | steps=6 | train_objective=0.00414709 | training_physical_mse=0.00134698 | validation_physical_mse=0.00134731 | lr=0.001 | configured_lr=0.001 | grad_rms=0.628083 | activation_var(mean/min/max)=0.114265/0.00433053/0.184327
Epoch 622/1200 | samples=1542 | steps=6 | train_objective=0.00389665 | training_physical_mse=0.00123975 | validation_physical_mse=0.00134564 | lr=0.001 | configured_lr=0.001 | grad_rms=0.434789 | activation_var(mean/min/max)=0.115242/0.00430649/0.185312
Epoch 623/1200 | samples=1542 | steps=6 | train_objective=0.00360141 | training_physical_mse=0.00121574 | validation_physical_mse=0.00101471 | lr=0.001 | configured_lr=0.001 | grad_rms=0.592789 | activation_var(mean/min/max)=0.1166/0.0042412/0.187551
Epoch 624/1200 | samples=1542 | steps=6 | train_objective=0.00334871 | training_physical_mse=0.000929445 | validation_physical_mse=0.000843926 | lr=0.001 | configured_lr=0.001 | grad_rms=0.548332 | activation_var(mean/min/max)=0.118529/0.00422855/0.190333
Epoch 625/1200 | samples=1542 | steps=6 | train_objective=0.00327675 | training_physical_mse=0.000881077 | validation_physical_mse=0.000966606 | lr=0.001 | configured_lr=0.001 | grad_rms=0.531178 | activation_var(mean/min/max)=0.114873/0.0042153/0.184649
Epoch 626/1200 | samples=1542 | steps=6 | train_objective=0.00345311 | training_physical_mse=0.00138416 | validation_physical_mse=0.00123241 | lr=0.001 | configured_lr=0.001 | grad_rms=0.970733 | activation_var(mean/min/max)=0.119191/0.00426874/0.191639
Epoch 627/1200 | samples=1542 | steps=6 | train_objective=0.00424587 | training_physical_mse=0.00143443 | validation_physical_mse=0.0016607 | lr=0.001 | configured_lr=0.001 | grad_rms=1.18124 | activation_var(mean/min/max)=0.115047/0.00421291/0.184931
Epoch 628/1200 | samples=1542 | steps=6 | train_objective=0.00385213 | training_physical_mse=0.000853121 | validation_physical_mse=0.000827551 | lr=0.001 | configured_lr=0.001 | grad_rms=0.997004 | activation_var(mean/min/max)=0.118026/0.00426592/0.190289
Epoch 629/1200 | samples=1542 | steps=6 | train_objective=0.00341572 | training_physical_mse=0.000967638 | validation_physical_mse=0.00108572 | lr=0.001 | configured_lr=0.001 | grad_rms=0.778652 | activation_var(mean/min/max)=0.118393/0.00422721/0.191276
Epoch 630/1200 | samples=1542 | steps=6 | train_objective=0.00289196 | training_physical_mse=0.0008197 | validation_physical_mse=0.00074589 | lr=0.001 | configured_lr=0.001 | grad_rms=0.348475 | activation_var(mean/min/max)=0.114231/0.00427685/0.184702
Epoch 631/1200 | samples=1542 | steps=6 | train_objective=0.00294654 | training_physical_mse=0.000779391 | validation_physical_mse=0.000749278 | lr=0.001 | configured_lr=0.001 | grad_rms=0.32266 | activation_var(mean/min/max)=0.124006/0.00426831/0.200838
Epoch 632/1200 | samples=1542 | steps=6 | train_objective=0.00286077 | training_physical_mse=0.00097086 | validation_physical_mse=0.00111226 | lr=0.001 | configured_lr=0.001 | grad_rms=0.363231 | activation_var(mean/min/max)=0.115926/0.00428825/0.187988
Epoch 633/1200 | samples=1542 | steps=6 | train_objective=0.00276837 | training_physical_mse=0.00093003 | validation_physical_mse=0.0010721 | lr=0.001 | configured_lr=0.001 | grad_rms=0.383011 | activation_var(mean/min/max)=0.117457/0.00429683/0.19068
Epoch 634/1200 | samples=1542 | steps=6 | train_objective=0.00285744 | training_physical_mse=0.000768658 | validation_physical_mse=0.000752201 | lr=0.001 | configured_lr=0.001 | grad_rms=0.424363 | activation_var(mean/min/max)=0.119194/0.00430631/0.193344
Epoch 635/1200 | samples=1542 | steps=6 | train_objective=0.00325156 | training_physical_mse=0.00111863 | validation_physical_mse=0.00122492 | lr=0.001 | configured_lr=0.001 | grad_rms=0.660857 | activation_var(mean/min/max)=0.121656/0.00432772/0.197424
Epoch 636/1200 | samples=1542 | steps=6 | train_objective=0.00278798 | training_physical_mse=0.000872372 | validation_physical_mse=0.000776437 | lr=0.001 | configured_lr=0.001 | grad_rms=0.367643 | activation_var(mean/min/max)=0.115545/0.00429287/0.187606
Epoch 637/1200 | samples=1542 | steps=6 | train_objective=0.00270824 | training_physical_mse=0.000681229 | validation_physical_mse=0.000853881 | lr=0.001 | configured_lr=0.001 | grad_rms=0.356604 | activation_var(mean/min/max)=0.118814/0.00425971/0.192991
Epoch 638/1200 | samples=1542 | steps=6 | train_objective=0.00254219 | training_physical_mse=0.00117053 | validation_physical_mse=0.000943111 | lr=0.001 | configured_lr=0.001 | grad_rms=0.40463 | activation_var(mean/min/max)=0.121664/0.00430885/0.197591
Epoch 639/1200 | samples=1542 | steps=6 | train_objective=0.00329992 | training_physical_mse=0.000828906 | validation_physical_mse=0.000953543 | lr=0.001 | configured_lr=0.001 | grad_rms=0.782685 | activation_var(mean/min/max)=0.119465/0.00425989/0.194639
Epoch 640/1200 | samples=1542 | steps=6 | train_objective=0.00352424 | training_physical_mse=0.00111726 | validation_physical_mse=0.00147355 | lr=0.001 | configured_lr=0.001 | grad_rms=0.917962 | activation_var(mean/min/max)=0.117983/0.00426259/0.192062
Epoch 641/1200 | samples=1542 | steps=6 | train_objective=0.00373482 | training_physical_mse=0.0006956 | validation_physical_mse=0.000775876 | lr=0.001 | configured_lr=0.001 | grad_rms=0.770404 | activation_var(mean/min/max)=0.118535/0.00417985/0.193744
Epoch 642/1200 | samples=1542 | steps=6 | train_objective=0.00331744 | training_physical_mse=0.000637708 | validation_physical_mse=0.00064503 | lr=0.001 | configured_lr=0.001 | grad_rms=0.631696 | activation_var(mean/min/max)=0.114459/0.0042291/0.186032
Epoch 643/1200 | samples=1542 | steps=6 | train_objective=0.00321544 | training_physical_mse=0.000866574 | validation_physical_mse=0.000953288 | lr=0.001 | configured_lr=0.001 | grad_rms=0.602476 | activation_var(mean/min/max)=0.116447/0.00416704/0.189854
Epoch 644/1200 | samples=1542 | steps=6 | train_objective=0.00326736 | training_physical_mse=0.00100331 | validation_physical_mse=0.00116286 | lr=0.001 | configured_lr=0.001 | grad_rms=0.970169 | activation_var(mean/min/max)=0.115784/0.00426084/0.18796
Epoch 645/1200 | samples=1542 | steps=6 | train_objective=0.00322939 | training_physical_mse=0.000833048 | validation_physical_mse=0.00103014 | lr=0.001 | configured_lr=0.001 | grad_rms=0.922635 | activation_var(mean/min/max)=0.11624/0.00424844/0.188933
Epoch 646/1200 | samples=1542 | steps=6 | train_objective=0.0032102 | training_physical_mse=0.00101374 | validation_physical_mse=0.00135689 | lr=0.001 | configured_lr=0.001 | grad_rms=0.759512 | activation_var(mean/min/max)=0.116812/0.00425811/0.189997
Epoch 647/1200 | samples=1542 | steps=6 | train_objective=0.00293878 | training_physical_mse=0.000723532 | validation_physical_mse=0.000866652 | lr=0.001 | configured_lr=0.001 | grad_rms=0.580936 | activation_var(mean/min/max)=0.115093/0.00422629/0.187339
Epoch 648/1200 | samples=1542 | steps=6 | train_objective=0.00245925 | training_physical_mse=0.000572605 | validation_physical_mse=0.000628121 | lr=0.001 | configured_lr=0.001 | grad_rms=0.50773 | activation_var(mean/min/max)=0.116348/0.00427606/0.189178
Epoch 649/1200 | samples=1542 | steps=6 | train_objective=0.00238707 | training_physical_mse=0.000551446 | validation_physical_mse=0.000676107 | lr=0.001 | configured_lr=0.001 | grad_rms=0.356182 | activation_var(mean/min/max)=0.115912/0.00427753/0.188675
Epoch 650/1200 | samples=1542 | steps=6 | train_objective=0.00236084 | training_physical_mse=0.000610918 | validation_physical_mse=0.000732908 | lr=0.001 | configured_lr=0.001 | grad_rms=0.446474 | activation_var(mean/min/max)=0.114802/0.00432991/0.186427
Epoch 651/1200 | samples=1542 | steps=6 | train_objective=0.00232505 | training_physical_mse=0.000539816 | validation_physical_mse=0.000774509 | lr=0.001 | configured_lr=0.001 | grad_rms=0.477524 | activation_var(mean/min/max)=0.118009/0.00425672/0.192153
Epoch 652/1200 | samples=1542 | steps=6 | train_objective=0.00216979 | training_physical_mse=0.000374896 | validation_physical_mse=0.000474469 | lr=0.001 | configured_lr=0.001 | grad_rms=0.296227 | activation_var(mean/min/max)=0.115517/0.0043154/0.18791
Epoch 653/1200 | samples=1542 | steps=6 | train_objective=0.00270142 | training_physical_mse=0.0008437 | validation_physical_mse=0.00108461 | lr=0.001 | configured_lr=0.001 | grad_rms=0.799737 | activation_var(mean/min/max)=0.115967/0.00424405/0.189058
Epoch 654/1200 | samples=1542 | steps=6 | train_objective=0.0027856 | training_physical_mse=0.000461247 | validation_physical_mse=0.000589196 | lr=0.001 | configured_lr=0.001 | grad_rms=0.942336 | activation_var(mean/min/max)=0.116814/0.00431464/0.189634
Epoch 655/1200 | samples=1542 | steps=6 | train_objective=0.00269774 | training_physical_mse=0.000623476 | validation_physical_mse=0.000673927 | lr=0.001 | configured_lr=0.001 | grad_rms=0.97613 | activation_var(mean/min/max)=0.11492/0.00431148/0.187296
Epoch 656/1200 | samples=1542 | steps=6 | train_objective=0.00313028 | training_physical_mse=0.000807372 | validation_physical_mse=0.00104689 | lr=0.001 | configured_lr=0.001 | grad_rms=1.2016 | activation_var(mean/min/max)=0.116808/0.00428082/0.190751
Epoch 657/1200 | samples=1542 | steps=6 | train_objective=0.00303211 | training_physical_mse=0.000698789 | validation_physical_mse=0.000793795 | lr=0.001 | configured_lr=0.001 | grad_rms=1.0535 | activation_var(mean/min/max)=0.118439/0.00432886/0.19328
Epoch 658/1200 | samples=1542 | steps=6 | train_objective=0.00272229 | training_physical_mse=0.00134714 | validation_physical_mse=0.00145623 | lr=0.001 | configured_lr=0.001 | grad_rms=0.746346 | activation_var(mean/min/max)=0.117617/0.00435379/0.19138
Epoch 659/1200 | samples=1542 | steps=6 | train_objective=0.00272214 | training_physical_mse=0.000729358 | validation_physical_mse=0.000782832 | lr=0.001 | configured_lr=0.001 | grad_rms=0.784545 | activation_var(mean/min/max)=0.119661/0.00434691/0.195348
Epoch 660/1200 | samples=1542 | steps=6 | train_objective=0.00301445 | training_physical_mse=0.00183922 | validation_physical_mse=0.00198812 | lr=0.001 | configured_lr=0.001 | grad_rms=0.931741 | activation_var(mean/min/max)=0.115942/0.00436723/0.188564
Epoch 661/1200 | samples=1542 | steps=6 | train_objective=0.0045092 | training_physical_mse=0.00174145 | validation_physical_mse=0.00153268 | lr=0.001 | configured_lr=0.001 | grad_rms=0.943082 | activation_var(mean/min/max)=0.118107/0.0043619/0.192721
Epoch 662/1200 | samples=1542 | steps=6 | train_objective=0.00540851 | training_physical_mse=0.00131956 | validation_physical_mse=0.00139143 | lr=0.001 | configured_lr=0.001 | grad_rms=1.52984 | activation_var(mean/min/max)=0.127462/0.00431035/0.209782
Epoch 663/1200 | samples=1542 | steps=6 | train_objective=0.00439193 | training_physical_mse=0.00149239 | validation_physical_mse=0.00127319 | lr=0.001 | configured_lr=0.001 | grad_rms=0.920013 | activation_var(mean/min/max)=0.114341/0.00436313/0.187765
Epoch 664/1200 | samples=1542 | steps=6 | train_objective=0.00407744 | training_physical_mse=0.00115782 | validation_physical_mse=0.00105037 | lr=0.001 | configured_lr=0.001 | grad_rms=0.389943 | activation_var(mean/min/max)=0.119705/0.00429756/0.195919
Epoch 665/1200 | samples=1542 | steps=6 | train_objective=0.00364254 | training_physical_mse=0.00109825 | validation_physical_mse=0.00108514 | lr=0.001 | configured_lr=0.001 | grad_rms=0.393574 | activation_var(mean/min/max)=0.127288/0.00424555/0.206861
Epoch 666/1200 | samples=1542 | steps=6 | train_objective=0.00325459 | training_physical_mse=0.00138346 | validation_physical_mse=0.00129056 | lr=0.001 | configured_lr=0.001 | grad_rms=0.507464 | activation_var(mean/min/max)=0.118083/0.00421821/0.191768
Epoch 667/1200 | samples=1542 | steps=6 | train_objective=0.00371505 | training_physical_mse=0.00152233 | validation_physical_mse=0.00171918 | lr=0.001 | configured_lr=0.001 | grad_rms=0.937588 | activation_var(mean/min/max)=0.115246/0.00419588/0.18601
Epoch 668/1200 | samples=1542 | steps=6 | train_objective=0.00376235 | training_physical_mse=0.00134247 | validation_physical_mse=0.00123863 | lr=0.001 | configured_lr=0.001 | grad_rms=0.959894 | activation_var(mean/min/max)=0.11812/0.00423026/0.190566
Epoch 669/1200 | samples=1542 | steps=6 | train_objective=0.00334536 | training_physical_mse=0.00131252 | validation_physical_mse=0.00152767 | lr=0.001 | configured_lr=0.001 | grad_rms=0.939634 | activation_var(mean/min/max)=0.117474/0.00422672/0.189276
Epoch 670/1200 | samples=1542 | steps=6 | train_objective=0.00338068 | training_physical_mse=0.000721909 | validation_physical_mse=0.000691956 | lr=0.001 | configured_lr=0.001 | grad_rms=0.943892 | activation_var(mean/min/max)=0.118224/0.00429253/0.190537
Epoch 671/1200 | samples=1542 | steps=6 | train_objective=0.00286746 | training_physical_mse=0.000751057 | validation_physical_mse=0.000845814 | lr=0.001 | configured_lr=0.001 | grad_rms=0.505836 | activation_var(mean/min/max)=0.115073/0.00429637/0.185225
Epoch 672/1200 | samples=1542 | steps=6 | train_objective=0.0027314 | training_physical_mse=0.000677821 | validation_physical_mse=0.000683119 | lr=0.001 | configured_lr=0.001 | grad_rms=0.438664 | activation_var(mean/min/max)=0.118426/0.00437368/0.190294
Epoch 673/1200 | samples=1542 | steps=6 | train_objective=0.00260651 | training_physical_mse=0.000673512 | validation_physical_mse=0.000676548 | lr=0.001 | configured_lr=0.001 | grad_rms=0.430205 | activation_var(mean/min/max)=0.115043/0.00431681/0.185508
Epoch 674/1200 | samples=1542 | steps=6 | train_objective=0.00261826 | training_physical_mse=0.000651384 | validation_physical_mse=0.000701342 | lr=0.001 | configured_lr=0.001 | grad_rms=0.538081 | activation_var(mean/min/max)=0.116741/0.00437293/0.188122
Epoch 675/1200 | samples=1542 | steps=6 | train_objective=0.00300347 | training_physical_mse=0.000839847 | validation_physical_mse=0.000728912 | lr=0.001 | configured_lr=0.001 | grad_rms=0.500137 | activation_var(mean/min/max)=0.116841/0.00438238/0.188421
Epoch 676/1200 | samples=1542 | steps=6 | train_objective=0.00280828 | training_physical_mse=0.000873282 | validation_physical_mse=0.00104229 | lr=0.001 | configured_lr=0.001 | grad_rms=0.438884 | activation_var(mean/min/max)=0.118697/0.00433205/0.191773
Epoch 677/1200 | samples=1542 | steps=6 | train_objective=0.00252351 | training_physical_mse=0.000626624 | validation_physical_mse=0.000848651 | lr=0.001 | configured_lr=0.001 | grad_rms=0.391844 | activation_var(mean/min/max)=0.117697/0.00434844/0.190681
Epoch 678/1200 | samples=1542 | steps=6 | train_objective=0.00257046 | training_physical_mse=0.000581349 | validation_physical_mse=0.000724925 | lr=0.001 | configured_lr=0.001 | grad_rms=0.589625 | activation_var(mean/min/max)=0.11764/0.0043441/0.190447
Epoch 679/1200 | samples=1542 | steps=6 | train_objective=0.00234705 | training_physical_mse=0.000443312 | validation_physical_mse=0.000585932 | lr=0.001 | configured_lr=0.001 | grad_rms=0.360407 | activation_var(mean/min/max)=0.116329/0.00435134/0.188332
Epoch 680/1200 | samples=1542 | steps=6 | train_objective=0.00245682 | training_physical_mse=0.000775082 | validation_physical_mse=0.00102465 | lr=0.001 | configured_lr=0.001 | grad_rms=0.680196 | activation_var(mean/min/max)=0.117407/0.00429289/0.190405
Epoch 681/1200 | samples=1542 | steps=6 | train_objective=0.00249944 | training_physical_mse=0.000816119 | validation_physical_mse=0.000952388 | lr=0.001 | configured_lr=0.001 | grad_rms=0.715002 | activation_var(mean/min/max)=0.118075/0.00431983/0.19166
Epoch 682/1200 | samples=1542 | steps=6 | train_objective=0.00271517 | training_physical_mse=0.000613119 | validation_physical_mse=0.000686969 | lr=0.001 | configured_lr=0.001 | grad_rms=0.917887 | activation_var(mean/min/max)=0.117452/0.00431902/0.190376
Epoch 683/1200 | samples=1542 | steps=6 | train_objective=0.00310009 | training_physical_mse=0.00052399 | validation_physical_mse=0.00070753 | lr=0.001 | configured_lr=0.001 | grad_rms=0.797118 | activation_var(mean/min/max)=0.116448/0.00430819/0.188946
Epoch 684/1200 | samples=1542 | steps=6 | train_objective=0.0031562 | training_physical_mse=0.00062081 | validation_physical_mse=0.000766168 | lr=0.001 | configured_lr=0.001 | grad_rms=1.02733 | activation_var(mean/min/max)=0.116883/0.00424678/0.189453
Epoch 685/1200 | samples=1542 | steps=6 | train_objective=0.00273858 | training_physical_mse=0.000414366 | validation_physical_mse=0.000492925 | lr=0.001 | configured_lr=0.001 | grad_rms=0.850288 | activation_var(mean/min/max)=0.116105/0.00432095/0.18804
Epoch 686/1200 | samples=1542 | steps=6 | train_objective=0.00269922 | training_physical_mse=0.000629078 | validation_physical_mse=0.000961468 | lr=0.001 | configured_lr=0.001 | grad_rms=0.985086 | activation_var(mean/min/max)=0.116099/0.00426207/0.188028
Epoch 687/1200 | samples=1542 | steps=6 | train_objective=0.00231963 | training_physical_mse=0.00044123 | validation_physical_mse=0.000615605 | lr=0.001 | configured_lr=0.001 | grad_rms=0.609833 | activation_var(mean/min/max)=0.116721/0.00430063/0.188892
Epoch 688/1200 | samples=1542 | steps=6 | train_objective=0.00215744 | training_physical_mse=0.00037101 | validation_physical_mse=0.000495335 | lr=0.001 | configured_lr=0.001 | grad_rms=0.488174 | activation_var(mean/min/max)=0.113617/0.00429085/0.184024
Epoch 689/1200 | samples=1542 | steps=6 | train_objective=0.00210864 | training_physical_mse=0.000462538 | validation_physical_mse=0.000567052 | lr=0.001 | configured_lr=0.001 | grad_rms=0.468205 | activation_var(mean/min/max)=0.116546/0.00432602/0.18879
Epoch 690/1200 | samples=1542 | steps=6 | train_objective=0.00241647 | training_physical_mse=0.000677123 | validation_physical_mse=0.000914191 | lr=0.001 | configured_lr=0.001 | grad_rms=0.618171 | activation_var(mean/min/max)=0.116214/0.00429142/0.188381
Epoch 691/1200 | samples=1542 | steps=6 | train_objective=0.00239539 | training_physical_mse=0.000466093 | validation_physical_mse=0.000510431 | lr=0.001 | configured_lr=0.001 | grad_rms=0.47986 | activation_var(mean/min/max)=0.1162/0.00431593/0.188451
Epoch 692/1200 | samples=1542 | steps=6 | train_objective=0.00254497 | training_physical_mse=0.000819418 | validation_physical_mse=0.00100893 | lr=0.001 | configured_lr=0.001 | grad_rms=0.535852 | activation_var(mean/min/max)=0.117211/0.00426982/0.190133
Epoch 693/1200 | samples=1542 | steps=6 | train_objective=0.00309308 | training_physical_mse=0.000829601 | validation_physical_mse=0.00104846 | lr=0.001 | configured_lr=0.001 | grad_rms=0.997882 | activation_var(mean/min/max)=0.116294/0.00425064/0.188884
Epoch 694/1200 | samples=1542 | steps=6 | train_objective=0.00340204 | training_physical_mse=0.000902321 | validation_physical_mse=0.00109307 | lr=0.001 | configured_lr=0.001 | grad_rms=1.16268 | activation_var(mean/min/max)=0.117815/0.00422133/0.191334
Epoch 695/1200 | samples=1542 | steps=6 | train_objective=0.00274597 | training_physical_mse=0.000858608 | validation_physical_mse=0.000913612 | lr=0.001 | configured_lr=0.001 | grad_rms=0.892646 | activation_var(mean/min/max)=0.112236/0.00425993/0.182508
Epoch 696/1200 | samples=1542 | steps=6 | train_objective=0.00239986 | training_physical_mse=0.000450774 | validation_physical_mse=0.000625895 | lr=0.001 | configured_lr=0.001 | grad_rms=0.584843 | activation_var(mean/min/max)=0.115124/0.00422258/0.187018
Epoch 697/1200 | samples=1542 | steps=6 | train_objective=0.00208402 | training_physical_mse=0.000520623 | validation_physical_mse=0.000678465 | lr=0.001 | configured_lr=0.001 | grad_rms=0.210973 | activation_var(mean/min/max)=0.115312/0.00425576/0.187048
Epoch 698/1200 | samples=1542 | steps=6 | train_objective=0.00251713 | training_physical_mse=0.000583095 | validation_physical_mse=0.000764616 | lr=0.001 | configured_lr=0.001 | grad_rms=0.540227 | activation_var(mean/min/max)=0.115144/0.00422595/0.186496
Epoch 699/1200 | samples=1542 | steps=6 | train_objective=0.00223718 | training_physical_mse=0.000684872 | validation_physical_mse=0.000818162 | lr=0.001 | configured_lr=0.001 | grad_rms=0.394132 | activation_var(mean/min/max)=0.115644/0.00425216/0.187345
Epoch 700/1200 | samples=1542 | steps=6 | train_objective=0.00250614 | training_physical_mse=0.000619487 | validation_physical_mse=0.000763964 | lr=0.001 | configured_lr=0.001 | grad_rms=0.476385 | activation_var(mean/min/max)=0.114176/0.0042035/0.185508
Epoch 701/1200 | samples=1542 | steps=6 | train_objective=0.00231602 | training_physical_mse=0.000702403 | validation_physical_mse=0.000908963 | lr=0.001 | configured_lr=0.001 | grad_rms=0.45949 | activation_var(mean/min/max)=0.114333/0.00421647/0.185563
Epoch 702/1200 | samples=1542 | steps=6 | train_objective=0.00258401 | training_physical_mse=0.000524095 | validation_physical_mse=0.000610663 | lr=0.001 | configured_lr=0.001 | grad_rms=0.508272 | activation_var(mean/min/max)=0.11679/0.00416488/0.189663
Epoch 703/1200 | samples=1542 | steps=6 | train_objective=0.00233803 | training_physical_mse=0.000656424 | validation_physical_mse=0.000857808 | lr=0.001 | configured_lr=0.001 | grad_rms=0.342041 | activation_var(mean/min/max)=0.11443/0.00414755/0.186002
Epoch 704/1200 | samples=1542 | steps=6 | train_objective=0.002471 | training_physical_mse=0.000779047 | validation_physical_mse=0.000911872 | lr=0.001 | configured_lr=0.001 | grad_rms=0.552951 | activation_var(mean/min/max)=0.111604/0.00413636/0.181221
Epoch 705/1200 | samples=1542 | steps=6 | train_objective=0.00302669 | training_physical_mse=0.000898254 | validation_physical_mse=0.00117574 | lr=0.001 | configured_lr=0.001 | grad_rms=0.764722 | activation_var(mean/min/max)=0.116464/0.00416158/0.189242
Epoch 706/1200 | samples=1542 | steps=6 | train_objective=0.0026005 | training_physical_mse=0.000450935 | validation_physical_mse=0.000581503 | lr=0.001 | configured_lr=0.001 | grad_rms=0.760115 | activation_var(mean/min/max)=0.110875/0.00413092/0.180345
Epoch 707/1200 | samples=1542 | steps=6 | train_objective=0.00264722 | training_physical_mse=0.000980972 | validation_physical_mse=0.00120877 | lr=0.001 | configured_lr=0.001 | grad_rms=0.711138 | activation_var(mean/min/max)=0.115102/0.00414171/0.1868
Epoch 708/1200 | samples=1542 | steps=6 | train_objective=0.00316745 | training_physical_mse=0.000698119 | validation_physical_mse=0.000870902 | lr=0.001 | configured_lr=0.001 | grad_rms=0.757226 | activation_var(mean/min/max)=0.113494/0.00406736/0.18438
Epoch 709/1200 | samples=1542 | steps=6 | train_objective=0.004295 | training_physical_mse=0.00104338 | validation_physical_mse=0.00130937 | lr=0.001 | configured_lr=0.001 | grad_rms=1.2623 | activation_var(mean/min/max)=0.110102/0.00406664/0.178889
Epoch 710/1200 | samples=1542 | steps=6 | train_objective=0.004784 | training_physical_mse=0.00295627 | validation_physical_mse=0.00303611 | lr=0.001 | configured_lr=0.001 | grad_rms=1.50448 | activation_var(mean/min/max)=0.115446/0.0040337/0.187275
Epoch 711/1200 | samples=1542 | steps=6 | train_objective=0.00547651 | training_physical_mse=0.00237401 | validation_physical_mse=0.00266366 | lr=0.001 | configured_lr=0.001 | grad_rms=1.6126 | activation_var(mean/min/max)=0.104298/0.00406152/0.169201
Epoch 712/1200 | samples=1542 | steps=6 | train_objective=0.00452382 | training_physical_mse=0.00167279 | validation_physical_mse=0.00200775 | lr=0.001 | configured_lr=0.001 | grad_rms=1.32851 | activation_var(mean/min/max)=0.114038/0.00405695/0.184583
Epoch 713/1200 | samples=1542 | steps=6 | train_objective=0.00377613 | training_physical_mse=0.00100556 | validation_physical_mse=0.00108765 | lr=0.001 | configured_lr=0.001 | grad_rms=1.16576 | activation_var(mean/min/max)=0.112303/0.0040276/0.181767
Epoch 714/1200 | samples=1542 | steps=6 | train_objective=0.00321486 | training_physical_mse=0.000999036 | validation_physical_mse=0.0012023 | lr=0.001 | configured_lr=0.001 | grad_rms=0.447584 | activation_var(mean/min/max)=0.113229/0.00405106/0.183541
Epoch 715/1200 | samples=1542 | steps=6 | train_objective=0.00367785 | training_physical_mse=0.000920275 | validation_physical_mse=0.00134255 | lr=0.001 | configured_lr=0.001 | grad_rms=1.08201 | activation_var(mean/min/max)=0.11107/0.00395337/0.181082
Epoch 716/1200 | samples=1542 | steps=6 | train_objective=0.0026599 | training_physical_mse=0.000674818 | validation_physical_mse=0.00078772 | lr=0.001 | configured_lr=0.001 | grad_rms=0.492189 | activation_var(mean/min/max)=0.107979/0.00397125/0.175847
Epoch 717/1200 | samples=1542 | steps=6 | train_objective=0.00308747 | training_physical_mse=0.00247876 | validation_physical_mse=0.00280639 | lr=0.001 | configured_lr=0.001 | grad_rms=1.07279 | activation_var(mean/min/max)=0.114454/0.0039949/0.186053
Epoch 718/1200 | samples=1542 | steps=6 | train_objective=0.00350373 | training_physical_mse=0.000936091 | validation_physical_mse=0.00105376 | lr=0.001 | configured_lr=0.001 | grad_rms=1.33796 | activation_var(mean/min/max)=0.112678/0.00405587/0.183548
Epoch 719/1200 | samples=1542 | steps=6 | train_objective=0.00292714 | training_physical_mse=0.000772681 | validation_physical_mse=0.000988645 | lr=0.001 | configured_lr=0.001 | grad_rms=0.98392 | activation_var(mean/min/max)=0.10912/0.00406713/0.177442
Epoch 720/1200 | samples=1542 | steps=6 | train_objective=0.00252603 | training_physical_mse=0.00044941 | validation_physical_mse=0.000669626 | lr=0.001 | configured_lr=0.001 | grad_rms=0.837669 | activation_var(mean/min/max)=0.110531/0.00405173/0.179819
Epoch 721/1200 | samples=1542 | steps=6 | train_objective=0.00282275 | training_physical_mse=0.00154403 | validation_physical_mse=0.00152282 | lr=0.001 | configured_lr=0.001 | grad_rms=0.536784 | activation_var(mean/min/max)=0.113526/0.00408519/0.184169
Epoch 722/1200 | samples=1542 | steps=6 | train_objective=0.00353602 | training_physical_mse=0.001511 | validation_physical_mse=0.00143948 | lr=0.001 | configured_lr=0.001 | grad_rms=0.78551 | activation_var(mean/min/max)=0.111525/0.00406175/0.180762
Epoch 723/1200 | samples=1542 | steps=6 | train_objective=0.00347123 | training_physical_mse=0.000948803 | validation_physical_mse=0.0011408 | lr=0.001 | configured_lr=0.001 | grad_rms=0.814094 | activation_var(mean/min/max)=0.110362/0.00402534/0.178962
Epoch 724/1200 | samples=1542 | steps=6 | train_objective=0.00294306 | training_physical_mse=0.000760177 | validation_physical_mse=0.000851659 | lr=0.001 | configured_lr=0.001 | grad_rms=0.411655 | activation_var(mean/min/max)=0.104247/0.00396493/0.168779
Epoch 725/1200 | samples=1542 | steps=6 | train_objective=0.00252851 | training_physical_mse=0.000531278 | validation_physical_mse=0.000610202 | lr=0.001 | configured_lr=0.001 | grad_rms=0.3375 | activation_var(mean/min/max)=0.108152/0.00393528/0.175457
Epoch 726/1200 | samples=1542 | steps=6 | train_objective=0.00238771 | training_physical_mse=0.000550466 | validation_physical_mse=0.000543344 | lr=0.001 | configured_lr=0.001 | grad_rms=0.37795 | activation_var(mean/min/max)=0.108349/0.00391687/0.175766
Epoch 727/1200 | samples=1542 | steps=6 | train_objective=0.00276875 | training_physical_mse=0.000876165 | validation_physical_mse=0.000946627 | lr=0.001 | configured_lr=0.001 | grad_rms=0.608822 | activation_var(mean/min/max)=0.105263/0.00389773/0.170813
Epoch 728/1200 | samples=1542 | steps=6 | train_objective=0.00269793 | training_physical_mse=0.00100731 | validation_physical_mse=0.00132544 | lr=0.001 | configured_lr=0.001 | grad_rms=0.707996 | activation_var(mean/min/max)=0.108287/0.0038484/0.176268
Epoch 729/1200 | samples=1542 | steps=6 | train_objective=0.0026469 | training_physical_mse=0.00068922 | validation_physical_mse=0.000775931 | lr=0.001 | configured_lr=0.001 | grad_rms=0.572136 | activation_var(mean/min/max)=0.108389/0.00387139/0.176107
Epoch 730/1200 | samples=1542 | steps=6 | train_objective=0.00307045 | training_physical_mse=0.000684937 | validation_physical_mse=0.000808485 | lr=0.001 | configured_lr=0.001 | grad_rms=0.944365 | activation_var(mean/min/max)=0.105854/0.00386051/0.171968
Epoch 731/1200 | samples=1542 | steps=6 | train_objective=0.00332061 | training_physical_mse=0.000668847 | validation_physical_mse=0.00101177 | lr=0.001 | configured_lr=0.001 | grad_rms=1.09693 | activation_var(mean/min/max)=0.107006/0.00385287/0.174079
Epoch 732/1200 | samples=1542 | steps=6 | train_objective=0.00283056 | training_physical_mse=0.0007438 | validation_physical_mse=0.000592376 | lr=0.001 | configured_lr=0.001 | grad_rms=0.714355 | activation_var(mean/min/max)=0.105089/0.00392865/0.170887
Epoch 733/1200 | samples=1542 | steps=6 | train_objective=0.00277151 | training_physical_mse=0.00109747 | validation_physical_mse=0.00143808 | lr=0.001 | configured_lr=0.001 | grad_rms=0.656892 | activation_var(mean/min/max)=0.112156/0.00387863/0.182109
Epoch 734/1200 | samples=1542 | steps=6 | train_objective=0.00346191 | training_physical_mse=0.000942928 | validation_physical_mse=0.000878036 | lr=0.001 | configured_lr=0.001 | grad_rms=1.00367 | activation_var(mean/min/max)=0.105557/0.00391867/0.171263
Epoch 735/1200 | samples=1542 | steps=6 | train_objective=0.0027588 | training_physical_mse=0.000618535 | validation_physical_mse=0.000929531 | lr=0.001 | configured_lr=0.001 | grad_rms=0.529049 | activation_var(mean/min/max)=0.115878/0.00390582/0.187937
Epoch 736/1200 | samples=1542 | steps=6 | train_objective=0.00258054 | training_physical_mse=0.000600304 | validation_physical_mse=0.000759765 | lr=0.001 | configured_lr=0.001 | grad_rms=0.39848 | activation_var(mean/min/max)=0.108752/0.00384489/0.176267
Epoch 737/1200 | samples=1542 | steps=6 | train_objective=0.0029391 | training_physical_mse=0.000857311 | validation_physical_mse=0.00102523 | lr=0.001 | configured_lr=0.001 | grad_rms=0.749234 | activation_var(mean/min/max)=0.10687/0.00383904/0.173149
Epoch 738/1200 | samples=1542 | steps=6 | train_objective=0.00274313 | training_physical_mse=0.00078238 | validation_physical_mse=0.00104159 | lr=0.001 | configured_lr=0.001 | grad_rms=0.780561 | activation_var(mean/min/max)=0.107079/0.00377144/0.173718
Epoch 739/1200 | samples=1542 | steps=6 | train_objective=0.00264215 | training_physical_mse=0.000524834 | validation_physical_mse=0.00071058 | lr=0.001 | configured_lr=0.001 | grad_rms=0.573249 | activation_var(mean/min/max)=0.107076/0.00380044/0.173638
Epoch 740/1200 | samples=1542 | steps=6 | train_objective=0.00252079 | training_physical_mse=0.000646095 | validation_physical_mse=0.000834548 | lr=0.001 | configured_lr=0.001 | grad_rms=0.622514 | activation_var(mean/min/max)=0.110258/0.00374754/0.17933
Epoch 741/1200 | samples=1542 | steps=6 | train_objective=0.00231884 | training_physical_mse=0.000627264 | validation_physical_mse=0.000709132 | lr=0.001 | configured_lr=0.001 | grad_rms=0.583435 | activation_var(mean/min/max)=0.108684/0.00379964/0.176253
Epoch 742/1200 | samples=1542 | steps=6 | train_objective=0.00255924 | training_physical_mse=0.000591359 | validation_physical_mse=0.000787567 | lr=0.001 | configured_lr=0.001 | grad_rms=0.881753 | activation_var(mean/min/max)=0.105959/0.00379929/0.172041
Epoch 743/1200 | samples=1542 | steps=6 | train_objective=0.00258672 | training_physical_mse=0.000717419 | validation_physical_mse=0.000879361 | lr=0.001 | configured_lr=0.001 | grad_rms=0.839703 | activation_var(mean/min/max)=0.104765/0.00378372/0.170417
Epoch 744/1200 | samples=1542 | steps=6 | train_objective=0.0027058 | training_physical_mse=0.000678737 | validation_physical_mse=0.00102966 | lr=0.001 | configured_lr=0.001 | grad_rms=0.982307 | activation_var(mean/min/max)=0.106239/0.0038156/0.1725
Epoch 745/1200 | samples=1542 | steps=6 | train_objective=0.00265327 | training_physical_mse=0.000953532 | validation_physical_mse=0.0011739 | lr=0.001 | configured_lr=0.001 | grad_rms=0.747302 | activation_var(mean/min/max)=0.106097/0.00381049/0.172377
Epoch 746/1200 | samples=1542 | steps=6 | train_objective=0.00317163 | training_physical_mse=0.000580195 | validation_physical_mse=0.000792113 | lr=0.001 | configured_lr=0.001 | grad_rms=0.729389 | activation_var(mean/min/max)=0.104617/0.00381514/0.169922
Epoch 747/1200 | samples=1542 | steps=6 | train_objective=0.00244215 | training_physical_mse=0.000605034 | validation_physical_mse=0.000773318 | lr=0.001 | configured_lr=0.001 | grad_rms=0.584853 | activation_var(mean/min/max)=0.104764/0.00381796/0.169766
Epoch 748/1200 | samples=1542 | steps=6 | train_objective=0.00222441 | training_physical_mse=0.00043623 | validation_physical_mse=0.000638136 | lr=0.001 | configured_lr=0.001 | grad_rms=0.337918 | activation_var(mean/min/max)=0.105326/0.0038187/0.170462
Epoch 749/1200 | samples=1542 | steps=6 | train_objective=0.00214842 | training_physical_mse=0.000390146 | validation_physical_mse=0.000598224 | lr=0.001 | configured_lr=0.001 | grad_rms=0.502926 | activation_var(mean/min/max)=0.104403/0.00379407/0.169257
Epoch 750/1200 | samples=1542 | steps=6 | train_objective=0.00219662 | training_physical_mse=0.00046924 | validation_physical_mse=0.000610211 | lr=0.001 | configured_lr=0.001 | grad_rms=0.642267 | activation_var(mean/min/max)=0.10484/0.00382115/0.170113
Epoch 751/1200 | samples=1542 | steps=6 | train_objective=0.00254166 | training_physical_mse=0.000709999 | validation_physical_mse=0.000998798 | lr=0.001 | configured_lr=0.001 | grad_rms=0.921917 | activation_var(mean/min/max)=0.106063/0.00381727/0.171704
Epoch 752/1200 | samples=1542 | steps=6 | train_objective=0.0023644 | training_physical_mse=0.000648623 | validation_physical_mse=0.000739721 | lr=0.001 | configured_lr=0.001 | grad_rms=0.835833 | activation_var(mean/min/max)=0.107815/0.00382967/0.17496
Epoch 753/1200 | samples=1542 | steps=6 | train_objective=0.00213819 | training_physical_mse=0.00078042 | validation_physical_mse=0.00120295 | lr=0.001 | configured_lr=0.001 | grad_rms=0.669755 | activation_var(mean/min/max)=0.104999/0.00381558/0.170332
Epoch 754/1200 | samples=1542 | steps=6 | train_objective=0.00286305 | training_physical_mse=0.00112129 | validation_physical_mse=0.00110784 | lr=0.001 | configured_lr=0.001 | grad_rms=1.09235 | activation_var(mean/min/max)=0.10441/0.00385009/0.169187
Epoch 755/1200 | samples=1542 | steps=6 | train_objective=0.00274011 | training_physical_mse=0.00069285 | validation_physical_mse=0.000879374 | lr=0.001 | configured_lr=0.001 | grad_rms=0.450791 | activation_var(mean/min/max)=0.105258/0.00383723/0.170712
Epoch 756/1200 | samples=1542 | steps=6 | train_objective=0.00216688 | training_physical_mse=0.000393662 | validation_physical_mse=0.000584461 | lr=0.001 | configured_lr=0.001 | grad_rms=0.319521 | activation_var(mean/min/max)=0.107263/0.00383991/0.173947
Epoch 757/1200 | samples=1542 | steps=6 | train_objective=0.00218575 | training_physical_mse=0.000481371 | validation_physical_mse=0.000723243 | lr=0.001 | configured_lr=0.001 | grad_rms=0.380495 | activation_var(mean/min/max)=0.105181/0.00382029/0.170603
Epoch 758/1200 | samples=1542 | steps=6 | train_objective=0.00207358 | training_physical_mse=0.00037955 | validation_physical_mse=0.000493206 | lr=0.001 | configured_lr=0.001 | grad_rms=0.307773 | activation_var(mean/min/max)=0.104994/0.00380609/0.170452
Epoch 759/1200 | samples=1542 | steps=6 | train_objective=0.00215712 | training_physical_mse=0.00058706 | validation_physical_mse=0.000761569 | lr=0.001 | configured_lr=0.001 | grad_rms=0.380412 | activation_var(mean/min/max)=0.106332/0.00380541/0.172721
Epoch 760/1200 | samples=1542 | steps=6 | train_objective=0.00296453 | training_physical_mse=0.000816479 | validation_physical_mse=0.000807081 | lr=0.001 | configured_lr=0.001 | grad_rms=0.57537 | activation_var(mean/min/max)=0.105919/0.00379765/0.172248
Epoch 761/1200 | samples=1542 | steps=6 | train_objective=0.00345362 | training_physical_mse=0.00119543 | validation_physical_mse=0.00145732 | lr=0.001 | configured_lr=0.001 | grad_rms=0.81015 | activation_var(mean/min/max)=0.107689/0.00374691/0.175121
Epoch 762/1200 | samples=1542 | steps=6 | train_objective=0.00313935 | training_physical_mse=0.000598288 | validation_physical_mse=0.000780939 | lr=0.001 | configured_lr=0.001 | grad_rms=0.885208 | activation_var(mean/min/max)=0.10004/0.00375593/0.162434
Epoch 763/1200 | samples=1542 | steps=6 | train_objective=0.00285877 | training_physical_mse=0.000522078 | validation_physical_mse=0.00057746 | lr=0.001 | configured_lr=0.001 | grad_rms=0.456067 | activation_var(mean/min/max)=0.103759/0.00372703/0.168638
Epoch 764/1200 | samples=1542 | steps=6 | train_objective=0.00282282 | training_physical_mse=0.000876819 | validation_physical_mse=0.00121337 | lr=0.001 | configured_lr=0.001 | grad_rms=0.598102 | activation_var(mean/min/max)=0.103924/0.0036835/0.168449
Epoch 765/1200 | samples=1542 | steps=6 | train_objective=0.00299262 | training_physical_mse=0.00144184 | validation_physical_mse=0.00145986 | lr=0.001 | configured_lr=0.001 | grad_rms=0.965906 | activation_var(mean/min/max)=0.100052/0.0036884/0.161851
Epoch 766/1200 | samples=1542 | steps=6 | train_objective=0.00457025 | training_physical_mse=0.000913483 | validation_physical_mse=0.000906496 | lr=0.001 | configured_lr=0.001 | grad_rms=1.20383 | activation_var(mean/min/max)=0.102781/0.00366452/0.166497
Epoch 767/1200 | samples=1542 | steps=6 | train_objective=0.00552307 | training_physical_mse=0.00200912 | validation_physical_mse=0.00244151 | lr=0.001 | configured_lr=0.001 | grad_rms=1.33423 | activation_var(mean/min/max)=0.102522/0.00366655/0.164117
Epoch 768/1200 | samples=1542 | steps=6 | train_objective=0.00402782 | training_physical_mse=0.000832819 | validation_physical_mse=0.000805707 | lr=0.001 | configured_lr=0.001 | grad_rms=1.27058 | activation_var(mean/min/max)=0.0971553/0.00361945/0.156077
Epoch 769/1200 | samples=1542 | steps=6 | train_objective=0.00306 | training_physical_mse=0.000758801 | validation_physical_mse=0.00091967 | lr=0.001 | configured_lr=0.001 | grad_rms=0.975163 | activation_var(mean/min/max)=0.0991613/0.003613/0.159448
Epoch 770/1200 | samples=1542 | steps=6 | train_objective=0.00243768 | training_physical_mse=0.000514461 | validation_physical_mse=0.000665321 | lr=0.001 | configured_lr=0.001 | grad_rms=0.564464 | activation_var(mean/min/max)=0.0990346/0.00360523/0.158866
Epoch 771/1200 | samples=1542 | steps=6 | train_objective=0.00248778 | training_physical_mse=0.000866215 | validation_physical_mse=0.000779181 | lr=0.001 | configured_lr=0.001 | grad_rms=0.722572 | activation_var(mean/min/max)=0.0998822/0.00363396/0.160205
Epoch 772/1200 | samples=1542 | steps=6 | train_objective=0.00308456 | training_physical_mse=0.0004301 | validation_physical_mse=0.000498126 | lr=0.001 | configured_lr=0.001 | grad_rms=1.11813 | activation_var(mean/min/max)=0.100286/0.00361889/0.160723
Epoch 773/1200 | samples=1542 | steps=6 | train_objective=0.00244867 | training_physical_mse=0.000687935 | validation_physical_mse=0.00097225 | lr=0.001 | configured_lr=0.001 | grad_rms=0.634226 | activation_var(mean/min/max)=0.100781/0.0035765/0.161467
Epoch 774/1200 | samples=1542 | steps=6 | train_objective=0.00302728 | training_physical_mse=0.00203009 | validation_physical_mse=0.00190564 | lr=0.001 | configured_lr=0.001 | grad_rms=0.800524 | activation_var(mean/min/max)=0.100653/0.00359399/0.161685
Epoch 775/1200 | samples=1542 | steps=6 | train_objective=0.00548103 | training_physical_mse=0.00194635 | validation_physical_mse=0.00208387 | lr=0.001 | configured_lr=0.001 | grad_rms=1.89225 | activation_var(mean/min/max)=0.0975534/0.00355823/0.156912
Epoch 776/1200 | samples=1542 | steps=6 | train_objective=0.00530389 | training_physical_mse=0.00194707 | validation_physical_mse=0.00176815 | lr=0.001 | configured_lr=0.001 | grad_rms=0.909633 | activation_var(mean/min/max)=0.103375/0.00356465/0.166385
Epoch 777/1200 | samples=1542 | steps=6 | train_objective=0.00450424 | training_physical_mse=0.00140639 | validation_physical_mse=0.00142565 | lr=0.001 | configured_lr=0.001 | grad_rms=0.516154 | activation_var(mean/min/max)=0.104853/0.00346083/0.168586
Epoch 778/1200 | samples=1542 | steps=6 | train_objective=0.00397964 | training_physical_mse=0.0011848 | validation_physical_mse=0.00128667 | lr=0.001 | configured_lr=0.001 | grad_rms=0.441505 | activation_var(mean/min/max)=0.102081/0.00344176/0.164513
Epoch 779/1200 | samples=1542 | steps=6 | train_objective=0.0035469 | training_physical_mse=0.00101949 | validation_physical_mse=0.000993132 | lr=0.001 | configured_lr=0.001 | grad_rms=0.530092 | activation_var(mean/min/max)=0.0973151/0.00345122/0.156338
Epoch 780/1200 | samples=1542 | steps=6 | train_objective=0.00334106 | training_physical_mse=0.000819021 | validation_physical_mse=0.00102252 | lr=0.001 | configured_lr=0.001 | grad_rms=0.834453 | activation_var(mean/min/max)=0.100795/0.00336897/0.162802
Epoch 781/1200 | samples=1542 | steps=6 | train_objective=0.00288856 | training_physical_mse=0.000719969 | validation_physical_mse=0.000731276 | lr=0.001 | configured_lr=0.001 | grad_rms=0.558883 | activation_var(mean/min/max)=0.0978855/0.00347389/0.157428
Epoch 782/1200 | samples=1542 | steps=6 | train_objective=0.00322431 | training_physical_mse=0.000859347 | validation_physical_mse=0.000838079 | lr=0.001 | configured_lr=0.001 | grad_rms=0.84328 | activation_var(mean/min/max)=0.0993782/0.00347048/0.159821
Epoch 783/1200 | samples=1542 | steps=6 | train_objective=0.0031822 | training_physical_mse=0.00117866 | validation_physical_mse=0.00120168 | lr=0.001 | configured_lr=0.001 | grad_rms=0.59894 | activation_var(mean/min/max)=0.0977953/0.00348499/0.157056
Epoch 784/1200 | samples=1542 | steps=6 | train_objective=0.00334584 | training_physical_mse=0.000809624 | validation_physical_mse=0.00102622 | lr=0.001 | configured_lr=0.001 | grad_rms=0.410346 | activation_var(mean/min/max)=0.099882/0.00342813/0.160911
Epoch 785/1200 | samples=1542 | steps=6 | train_objective=0.00263395 | training_physical_mse=0.000536689 | validation_physical_mse=0.000751569 | lr=0.001 | configured_lr=0.001 | grad_rms=0.374112 | activation_var(mean/min/max)=0.103988/0.00341951/0.167024
Epoch 786/1200 | samples=1542 | steps=6 | train_objective=0.00237499 | training_physical_mse=0.000649087 | validation_physical_mse=0.000818615 | lr=0.001 | configured_lr=0.001 | grad_rms=0.34886 | activation_var(mean/min/max)=0.0965691/0.00343344/0.155401
Epoch 787/1200 | samples=1542 | steps=6 | train_objective=0.00256777 | training_physical_mse=0.00046945 | validation_physical_mse=0.000620716 | lr=0.001 | configured_lr=0.001 | grad_rms=0.560256 | activation_var(mean/min/max)=0.0996783/0.00341705/0.160268
Epoch 788/1200 | samples=1542 | steps=6 | train_objective=0.00244789 | training_physical_mse=0.000455549 | validation_physical_mse=0.000649682 | lr=0.001 | configured_lr=0.001 | grad_rms=0.551173 | activation_var(mean/min/max)=0.0981188/0.00340847/0.157691
Epoch 789/1200 | samples=1542 | steps=6 | train_objective=0.00226981 | training_physical_mse=0.000485144 | validation_physical_mse=0.000702058 | lr=0.001 | configured_lr=0.001 | grad_rms=0.369834 | activation_var(mean/min/max)=0.0970414/0.00342646/0.156079
Epoch 790/1200 | samples=1542 | steps=6 | train_objective=0.00209824 | training_physical_mse=0.000441432 | validation_physical_mse=0.000611915 | lr=0.001 | configured_lr=0.001 | grad_rms=0.20582 | activation_var(mean/min/max)=0.0971922/0.00342634/0.156322
Epoch 791/1200 | samples=1542 | steps=6 | train_objective=0.00206271 | training_physical_mse=0.000593552 | validation_physical_mse=0.000743523 | lr=0.001 | configured_lr=0.001 | grad_rms=0.419328 | activation_var(mean/min/max)=0.098256/0.00342253/0.158075
Epoch 792/1200 | samples=1542 | steps=6 | train_objective=0.0024265 | training_physical_mse=0.00047068 | validation_physical_mse=0.000666976 | lr=0.001 | configured_lr=0.001 | grad_rms=0.57523 | activation_var(mean/min/max)=0.0966159/0.0034055/0.155555
Epoch 793/1200 | samples=1542 | steps=6 | train_objective=0.00228005 | training_physical_mse=0.000431859 | validation_physical_mse=0.000520526 | lr=0.001 | configured_lr=0.001 | grad_rms=0.394098 | activation_var(mean/min/max)=0.0963623/0.00344555/0.154858
Epoch 794/1200 | samples=1542 | steps=6 | train_objective=0.00207329 | training_physical_mse=0.000552852 | validation_physical_mse=0.000788085 | lr=0.001 | configured_lr=0.001 | grad_rms=0.43846 | activation_var(mean/min/max)=0.0963757/0.00340592/0.155143
Epoch 795/1200 | samples=1542 | steps=6 | train_objective=0.00213617 | training_physical_mse=0.000495833 | validation_physical_mse=0.000594451 | lr=0.001 | configured_lr=0.001 | grad_rms=0.484898 | activation_var(mean/min/max)=0.0964205/0.00345785/0.154733
Epoch 796/1200 | samples=1542 | steps=6 | train_objective=0.00205223 | training_physical_mse=0.000375321 | validation_physical_mse=0.000556718 | lr=0.001 | configured_lr=0.001 | grad_rms=0.346973 | activation_var(mean/min/max)=0.0967397/0.00344244/0.155235
Epoch 797/1200 | samples=1542 | steps=6 | train_objective=0.00219881 | training_physical_mse=0.000394531 | validation_physical_mse=0.000435441 | lr=0.001 | configured_lr=0.001 | grad_rms=0.612374 | activation_var(mean/min/max)=0.0956289/0.00345652/0.153379
Epoch 798/1200 | samples=1542 | steps=6 | train_objective=0.00232737 | training_physical_mse=0.000386596 | validation_physical_mse=0.000533631 | lr=0.001 | configured_lr=0.001 | grad_rms=0.782847 | activation_var(mean/min/max)=0.0992203/0.00347153/0.15918
Epoch 799/1200 | samples=1542 | steps=6 | train_objective=0.00245126 | training_physical_mse=0.00057185 | validation_physical_mse=0.000728366 | lr=0.001 | configured_lr=0.001 | grad_rms=0.808666 | activation_var(mean/min/max)=0.0965097/0.00344017/0.154983
Epoch 800/1200 | samples=1542 | steps=6 | train_objective=0.00262166 | training_physical_mse=0.000699557 | validation_physical_mse=0.000858064 | lr=0.001 | configured_lr=0.001 | grad_rms=0.621965 | activation_var(mean/min/max)=0.0960059/0.00348049/0.154025
Epoch 801/1200 | samples=1542 | steps=6 | train_objective=0.00289422 | training_physical_mse=0.000836657 | validation_physical_mse=0.00098784 | lr=0.001 | configured_lr=0.001 | grad_rms=0.459449 | activation_var(mean/min/max)=0.0957616/0.00346195/0.153397
Epoch 802/1200 | samples=1542 | steps=6 | train_objective=0.00301442 | training_physical_mse=0.00130711 | validation_physical_mse=0.00135002 | lr=0.001 | configured_lr=0.001 | grad_rms=0.461347 | activation_var(mean/min/max)=0.0966478/0.00343692/0.154746
Epoch 803/1200 | samples=1542 | steps=6 | train_objective=0.00298848 | training_physical_mse=0.000840357 | validation_physical_mse=0.00106619 | lr=0.001 | configured_lr=0.001 | grad_rms=0.462564 | activation_var(mean/min/max)=0.0948759/0.00337719/0.152143
Epoch 804/1200 | samples=1542 | steps=6 | train_objective=0.00275913 | training_physical_mse=0.000698583 | validation_physical_mse=0.000882815 | lr=0.001 | configured_lr=0.001 | grad_rms=0.367653 | activation_var(mean/min/max)=0.094898/0.00338704/0.152082
Epoch 805/1200 | samples=1542 | steps=6 | train_objective=0.00246835 | training_physical_mse=0.000519387 | validation_physical_mse=0.00077567 | lr=0.001 | configured_lr=0.001 | grad_rms=0.515928 | activation_var(mean/min/max)=0.0949786/0.00336122/0.152307
Epoch 806/1200 | samples=1542 | steps=6 | train_objective=0.00240343 | training_physical_mse=0.000646989 | validation_physical_mse=0.000857364 | lr=0.001 | configured_lr=0.001 | grad_rms=0.771353 | activation_var(mean/min/max)=0.0921028/0.00335165/0.148251
Epoch 807/1200 | samples=1542 | steps=6 | train_objective=0.00262716 | training_physical_mse=0.000400743 | validation_physical_mse=0.000561174 | lr=0.001 | configured_lr=0.001 | grad_rms=0.940533 | activation_var(mean/min/max)=0.095543/0.00335/0.153675
Epoch 808/1200 | samples=1542 | steps=6 | train_objective=0.00239804 | training_physical_mse=0.00054037 | validation_physical_mse=0.000746724 | lr=0.001 | configured_lr=0.001 | grad_rms=0.630719 | activation_var(mean/min/max)=0.0925535/0.00335545/0.14866
Epoch 809/1200 | samples=1542 | steps=6 | train_objective=0.00241828 | training_physical_mse=0.000877363 | validation_physical_mse=0.00101735 | lr=0.001 | configured_lr=0.001 | grad_rms=0.551515 | activation_var(mean/min/max)=0.0943221/0.00337065/0.151304
Epoch 810/1200 | samples=1542 | steps=6 | train_objective=0.00275579 | training_physical_mse=0.00125576 | validation_physical_mse=0.00150719 | lr=0.001 | configured_lr=0.001 | grad_rms=0.58575 | activation_var(mean/min/max)=0.0922845/0.003349/0.147747
Epoch 811/1200 | samples=1542 | steps=6 | train_objective=0.00282352 | training_physical_mse=0.000458817 | validation_physical_mse=0.000582448 | lr=0.001 | configured_lr=0.001 | grad_rms=0.786912 | activation_var(mean/min/max)=0.0929519/0.00336978/0.148751
Epoch 812/1200 | samples=1542 | steps=6 | train_objective=0.00231039 | training_physical_mse=0.000398294 | validation_physical_mse=0.000649888 | lr=0.001 | configured_lr=0.001 | grad_rms=0.434625 | activation_var(mean/min/max)=0.0925398/0.00337094/0.147848
Epoch 813/1200 | samples=1542 | steps=6 | train_objective=0.0023646 | training_physical_mse=0.000544553 | validation_physical_mse=0.000695957 | lr=0.001 | configured_lr=0.001 | grad_rms=0.515257 | activation_var(mean/min/max)=0.0942608/0.00337459/0.150637
Epoch 814/1200 | samples=1542 | steps=6 | train_objective=0.00241365 | training_physical_mse=0.000404106 | validation_physical_mse=0.00059363 | lr=0.001 | configured_lr=0.001 | grad_rms=0.751971 | activation_var(mean/min/max)=0.0937948/0.00334789/0.149801
Epoch 815/1200 | samples=1542 | steps=6 | train_objective=0.00235967 | training_physical_mse=0.000950955 | validation_physical_mse=0.0012911 | lr=0.001 | configured_lr=0.001 | grad_rms=0.650809 | activation_var(mean/min/max)=0.092022/0.00335899/0.14691
Epoch 816/1200 | samples=1542 | steps=6 | train_objective=0.00278253 | training_physical_mse=0.000703403 | validation_physical_mse=0.000703371 | lr=0.001 | configured_lr=0.001 | grad_rms=0.987501 | activation_var(mean/min/max)=0.095407/0.00338249/0.152168
Epoch 817/1200 | samples=1542 | steps=6 | train_objective=0.00288245 | training_physical_mse=0.000578477 | validation_physical_mse=0.000733677 | lr=0.001 | configured_lr=0.001 | grad_rms=0.914711 | activation_var(mean/min/max)=0.0931448/0.00337173/0.148593
Epoch 818/1200 | samples=1542 | steps=6 | train_objective=0.0027739 | training_physical_mse=0.000503666 | validation_physical_mse=0.000760286 | lr=0.001 | configured_lr=0.001 | grad_rms=0.794031 | activation_var(mean/min/max)=0.0912234/0.00333372/0.14559
Epoch 819/1200 | samples=1542 | steps=6 | train_objective=0.00221264 | training_physical_mse=0.000461928 | validation_physical_mse=0.000627848 | lr=0.001 | configured_lr=0.001 | grad_rms=0.470375 | activation_var(mean/min/max)=0.0952984/0.00335194/0.151822
Epoch 820/1200 | samples=1542 | steps=6 | train_objective=0.00207868 | training_physical_mse=0.000457422 | validation_physical_mse=0.000638601 | lr=0.001 | configured_lr=0.001 | grad_rms=0.414023 | activation_var(mean/min/max)=0.0917575/0.00331149/0.146435
Epoch 821/1200 | samples=1542 | steps=6 | train_objective=0.00212964 | training_physical_mse=0.000418076 | validation_physical_mse=0.00050319 | lr=0.001 | configured_lr=0.001 | grad_rms=0.463584 | activation_var(mean/min/max)=0.0908076/0.00334098/0.144716
Epoch 822/1200 | samples=1542 | steps=6 | train_objective=0.00233579 | training_physical_mse=0.00136754 | validation_physical_mse=0.00169071 | lr=0.001 | configured_lr=0.001 | grad_rms=0.55236 | activation_var(mean/min/max)=0.0953359/0.00333971/0.151984
Epoch 823/1200 | samples=1542 | steps=6 | train_objective=0.00352893 | training_physical_mse=0.000716477 | validation_physical_mse=0.000636109 | lr=0.001 | configured_lr=0.001 | grad_rms=1.32981 | activation_var(mean/min/max)=0.0922786/0.0033721/0.147077
Epoch 824/1200 | samples=1542 | steps=6 | train_objective=0.00334874 | training_physical_mse=0.00044584 | validation_physical_mse=0.000589282 | lr=0.001 | configured_lr=0.001 | grad_rms=1.30729 | activation_var(mean/min/max)=0.0920801/0.00342554/0.146528
Epoch 825/1200 | samples=1542 | steps=6 | train_objective=0.00325222 | training_physical_mse=0.00174337 | validation_physical_mse=0.00173999 | lr=0.001 | configured_lr=0.001 | grad_rms=1.29096 | activation_var(mean/min/max)=0.0941123/0.00338685/0.14941
Epoch 826/1200 | samples=1542 | steps=6 | train_objective=0.00488375 | training_physical_mse=0.00127763 | validation_physical_mse=0.00124606 | lr=0.001 | configured_lr=0.001 | grad_rms=1.52948 | activation_var(mean/min/max)=0.0948439/0.00347043/0.149881
Epoch 827/1200 | samples=1542 | steps=6 | train_objective=0.00501261 | training_physical_mse=0.00109125 | validation_physical_mse=0.00101988 | lr=0.001 | configured_lr=0.001 | grad_rms=1.28334 | activation_var(mean/min/max)=0.0976977/0.00336735/0.154947
Epoch 828/1200 | samples=1542 | steps=6 | train_objective=0.00381869 | training_physical_mse=0.00168512 | validation_physical_mse=0.00183556 | lr=0.001 | configured_lr=0.001 | grad_rms=0.895417 | activation_var(mean/min/max)=0.093359/0.0033902/0.14843
Epoch 829/1200 | samples=1542 | steps=6 | train_objective=0.00408482 | training_physical_mse=0.000950415 | validation_physical_mse=0.000889865 | lr=0.001 | configured_lr=0.001 | grad_rms=1.17653 | activation_var(mean/min/max)=0.0931006/0.00339675/0.147203
Epoch 830/1200 | samples=1542 | steps=6 | train_objective=0.00307651 | training_physical_mse=0.000727056 | validation_physical_mse=0.000728441 | lr=0.001 | configured_lr=0.001 | grad_rms=0.66525 | activation_var(mean/min/max)=0.0949486/0.00341181/0.150776
Epoch 831/1200 | samples=1542 | steps=6 | train_objective=0.00303889 | training_physical_mse=0.000658764 | validation_physical_mse=0.000693274 | lr=0.001 | configured_lr=0.001 | grad_rms=0.668793 | activation_var(mean/min/max)=0.0935165/0.00340443/0.147828
Epoch 832/1200 | samples=1542 | steps=6 | train_objective=0.00292142 | training_physical_mse=0.000819915 | validation_physical_mse=0.000751935 | lr=0.001 | configured_lr=0.001 | grad_rms=0.486413 | activation_var(mean/min/max)=0.0977426/0.00342299/0.15453
Epoch 833/1200 | samples=1542 | steps=6 | train_objective=0.0029145 | training_physical_mse=0.000683222 | validation_physical_mse=0.000665421 | lr=0.001 | configured_lr=0.001 | grad_rms=0.64834 | activation_var(mean/min/max)=0.095816/0.00345886/0.151352
Epoch 834/1200 | samples=1542 | steps=6 | train_objective=0.00256632 | training_physical_mse=0.000661826 | validation_physical_mse=0.000675867 | lr=0.001 | configured_lr=0.001 | grad_rms=0.364402 | activation_var(mean/min/max)=0.0954149/0.00343002/0.151182
Epoch 835/1200 | samples=1542 | steps=6 | train_objective=0.00264253 | training_physical_mse=0.000488535 | validation_physical_mse=0.000522098 | lr=0.001 | configured_lr=0.001 | grad_rms=0.804567 | activation_var(mean/min/max)=0.0946488/0.00342663/0.149688
Epoch 836/1200 | samples=1542 | steps=6 | train_objective=0.00230221 | training_physical_mse=0.000530284 | validation_physical_mse=0.000583264 | lr=0.001 | configured_lr=0.001 | grad_rms=0.468993 | activation_var(mean/min/max)=0.0940623/0.00343402/0.148756
Epoch 837/1200 | samples=1542 | steps=6 | train_objective=0.00262568 | training_physical_mse=0.000821992 | validation_physical_mse=0.000672187 | lr=0.001 | configured_lr=0.001 | grad_rms=0.691498 | activation_var(mean/min/max)=0.094831/0.00347323/0.150364
Epoch 838/1200 | samples=1542 | steps=6 | train_objective=0.00265278 | training_physical_mse=0.000691899 | validation_physical_mse=0.000764044 | lr=0.001 | configured_lr=0.001 | grad_rms=0.567018 | activation_var(mean/min/max)=0.0960015/0.00344023/0.152212
Epoch 839/1200 | samples=1542 | steps=6 | train_objective=0.00251102 | training_physical_mse=0.000673563 | validation_physical_mse=0.000619709 | lr=0.001 | configured_lr=0.001 | grad_rms=0.483454 | activation_var(mean/min/max)=0.0940978/0.00345995/0.149582
Epoch 840/1200 | samples=1542 | steps=6 | train_objective=0.00267838 | training_physical_mse=0.000528289 | validation_physical_mse=0.000548209 | lr=0.001 | configured_lr=0.001 | grad_rms=0.775429 | activation_var(mean/min/max)=0.0970444/0.0034374/0.154338
Epoch 841/1200 | samples=1542 | steps=6 | train_objective=0.00233186 | training_physical_mse=0.000531916 | validation_physical_mse=0.000732212 | lr=0.001 | configured_lr=0.001 | grad_rms=0.48018 | activation_var(mean/min/max)=0.0948288/0.00341311/0.150868
Epoch 842/1200 | samples=1542 | steps=6 | train_objective=0.00212299 | training_physical_mse=0.000440099 | validation_physical_mse=0.000648131 | lr=0.001 | configured_lr=0.001 | grad_rms=0.301943 | activation_var(mean/min/max)=0.0931551/0.00342513/0.148455
Epoch 843/1200 | samples=1542 | steps=6 | train_objective=0.00204127 | training_physical_mse=0.000385047 | validation_physical_mse=0.000577299 | lr=0.001 | configured_lr=0.001 | grad_rms=0.218549 | activation_var(mean/min/max)=0.0935642/0.00340307/0.148831
Epoch 844/1200 | samples=1542 | steps=6 | train_objective=0.00200514 | training_physical_mse=0.00041841 | validation_physical_mse=0.000601436 | lr=0.001 | configured_lr=0.001 | grad_rms=0.325937 | activation_var(mean/min/max)=0.0925057/0.00340692/0.147017
Epoch 845/1200 | samples=1542 | steps=6 | train_objective=0.00208188 | training_physical_mse=0.00043423 | validation_physical_mse=0.000654143 | lr=0.001 | configured_lr=0.001 | grad_rms=0.425563 | activation_var(mean/min/max)=0.0940479/0.00340546/0.149794
Epoch 846/1200 | samples=1542 | steps=6 | train_objective=0.00229274 | training_physical_mse=0.00069603 | validation_physical_mse=0.00084761 | lr=0.001 | configured_lr=0.001 | grad_rms=0.654292 | activation_var(mean/min/max)=0.0942343/0.00337893/0.149855
Epoch 847/1200 | samples=1542 | steps=6 | train_objective=0.0022877 | training_physical_mse=0.000392726 | validation_physical_mse=0.000501249 | lr=0.001 | configured_lr=0.001 | grad_rms=0.652641 | activation_var(mean/min/max)=0.0936723/0.00338344/0.14921
Epoch 848/1200 | samples=1542 | steps=6 | train_objective=0.00209565 | training_physical_mse=0.000367951 | validation_physical_mse=0.000619776 | lr=0.001 | configured_lr=0.001 | grad_rms=0.410459 | activation_var(mean/min/max)=0.0935343/0.00337647/0.148969
Epoch 849/1200 | samples=1542 | steps=6 | train_objective=0.00198613 | training_physical_mse=0.000471737 | validation_physical_mse=0.000763353 | lr=0.001 | configured_lr=0.001 | grad_rms=0.327595 | activation_var(mean/min/max)=0.0938692/0.00336582/0.149316
Epoch 850/1200 | samples=1542 | steps=6 | train_objective=0.00200193 | training_physical_mse=0.00039078 | validation_physical_mse=0.000553588 | lr=0.001 | configured_lr=0.001 | grad_rms=0.439183 | activation_var(mean/min/max)=0.093155/0.00336314/0.148194
Epoch 851/1200 | samples=1542 | steps=6 | train_objective=0.00208042 | training_physical_mse=0.000581104 | validation_physical_mse=0.0009252 | lr=0.001 | configured_lr=0.001 | grad_rms=0.542863 | activation_var(mean/min/max)=0.094366/0.00336502/0.150146
Epoch 852/1200 | samples=1542 | steps=6 | train_objective=0.00271757 | training_physical_mse=0.00102621 | validation_physical_mse=0.0014505 | lr=0.001 | configured_lr=0.001 | grad_rms=0.843363 | activation_var(mean/min/max)=0.0924665/0.00333919/0.147051
Epoch 853/1200 | samples=1542 | steps=6 | train_objective=0.003114 | training_physical_mse=0.000909778 | validation_physical_mse=0.00107968 | lr=0.001 | configured_lr=0.001 | grad_rms=1.08862 | activation_var(mean/min/max)=0.0930244/0.00334596/0.147997
Epoch 854/1200 | samples=1542 | steps=6 | train_objective=0.00297714 | training_physical_mse=0.0010796 | validation_physical_mse=0.00134375 | lr=0.001 | configured_lr=0.001 | grad_rms=0.92509 | activation_var(mean/min/max)=0.0917262/0.00336028/0.145614
Epoch 855/1200 | samples=1542 | steps=6 | train_objective=0.00257428 | training_physical_mse=0.000780099 | validation_physical_mse=0.00105884 | lr=0.001 | configured_lr=0.001 | grad_rms=0.710873 | activation_var(mean/min/max)=0.0901448/0.00336692/0.142497
Epoch 856/1200 | samples=1542 | steps=6 | train_objective=0.002358 | training_physical_mse=0.000674284 | validation_physical_mse=0.000904009 | lr=0.001 | configured_lr=0.001 | grad_rms=0.572118 | activation_var(mean/min/max)=0.0923475/0.00339755/0.146144
Epoch 857/1200 | samples=1542 | steps=6 | train_objective=0.0024286 | training_physical_mse=0.000721013 | validation_physical_mse=0.000899442 | lr=0.001 | configured_lr=0.001 | grad_rms=0.584321 | activation_var(mean/min/max)=0.0922158/0.00336454/0.146054
Epoch 858/1200 | samples=1542 | steps=6 | train_objective=0.00238391 | training_physical_mse=0.000657238 | validation_physical_mse=0.000941594 | lr=0.001 | configured_lr=0.001 | grad_rms=0.642275 | activation_var(mean/min/max)=0.0905893/0.00337232/0.1433
Epoch 859/1200 | samples=1542 | steps=6 | train_objective=0.00280315 | training_physical_mse=0.000671922 | validation_physical_mse=0.000919753 | lr=0.001 | configured_lr=0.001 | grad_rms=0.648772 | activation_var(mean/min/max)=0.0907033/0.00335731/0.143461
Epoch 860/1200 | samples=1542 | steps=6 | train_objective=0.00272632 | training_physical_mse=0.000648353 | validation_physical_mse=0.000960955 | lr=0.001 | configured_lr=0.001 | grad_rms=0.654073 | activation_var(mean/min/max)=0.0904848/0.00333084/0.143061
Early stopping at epoch 860 after 20 consecutive epochs with validation MSE more than 15% above training MSE without improvement.
Completed epoch: 860
Selected epoch: 797
Training physical MSE: 0.000394531
Validation physical MSE: 0.000435441
Test physical MSE: 0.000486795
Results: "results/re-tuning/trial-5_slurm-56688207"

real	26m18.358s
user	0m0.240s
sys	0m0.143s
