epoch,layer_index,layer_name,parameter_scope,mean_pre_update_norm,mean_update_norm,mean_ratio,rms_ratio,maximum_ratio,last_ratio,near_zero_denominator_steps,optimizer_steps,epsilon
1,0,"Conv2DLayer(1,8,5, stride=5, padding=0)","all",1.3730762490271045,0.0001124673309391054,8.1909458296885987e-05,8.2253299867294136e-05,0.00010503577086089584,6.9288122139641545e-05,0,22,9.9999999999999998e-13
1,0,"Conv2DLayer(1,8,5, stride=5, padding=0)","weights",1.3730762228885685,0.00011025324247208067,8.0296954201808027e-05,8.0641396338353307e-05,0.0001029956525267742,6.7897321857057015e-05,0,22,9.9999999999999998e-13
1,0,"Conv2DLayer(1,8,5, stride=5, padding=0)","biases",0.00023167342553457793,2.218854388318386e-05,1285648.5942281096,6030225.7108829264,28284265.709617704,0.042359778243684858,1,22,9.9999999999999998e-13
1,4,"DenseLayer( 7202,128 )","all",15.870558412484778,0.0071768253538955504,0.00045221098467203318,0.00045758393270062074,0.00060485145103668836,0.00032591402638119498,0,22,9.9999999999999998e-13
1,4,"DenseLayer( 7202,128 )","weights",15.870558382527616,0.007176404584018874,0.0004521844727405217,0.00045755686993879827,0.00060480944323182222,0.000325895433641772,0,22,9.9999999999999998e-13
1,4,"DenseLayer( 7202,128 )","biases",0.00085862358897900986,7.7670736925684503e-05,5142311.568339821,24119578.53084084,113130851.26135471,0.036231232373107533,1,22,9.9999999999999998e-13
1,6,"DenseLayer( 128,64 )","all",9.2471563118200137,0.00069372791383814502,7.502075734401279e-05,7.5495528757812825e-05,9.8195699822606133e-05,5.882923196963888e-05,0,22,9.9999999999999998e-13
1,6,"DenseLayer( 128,64 )","weights",9.2471562982210767,0.00069223475711029591,7.4859285248883741e-05,7.5331632188960104e-05,9.7813847027675315e-05,5.8664335356856413e-05,0,22,9.9999999999999998e-13
1,6,"DenseLayer( 128,64 )","biases",0.00044956750736438748,4.5066774326566752e-05,3636346.5660555833,17055976.603280235,79999621.4592053,0.053832537406255133,1,22,9.9999999999999998e-13
1,8,"DenseLayer( 64,1 )","all",1.5013050336860163,5.9206632995956082e-05,3.9437186286493584e-05,3.9735587499013439e-05,5.3721218780987443e-05,3.0456533312332746e-05,0,22,9.9999999999999998e-13
1,8,"DenseLayer( 64,1 )","weights",1.5013050332791267,5.9065154466376834e-05,3.9342946943264704e-05,3.9637257528545228e-05,5.3306554965895573e-05,3.0317725109905816e-05,0,22,9.9999999999999998e-13
1,8,"DenseLayer( 64,1 )","biases",3.2372930077558109e-05,3.6330255335831847e-06,454545.57156848919,2132007.1096970802,9999999.7473787516,0.22673225398466978,1,22,9.9999999999999998e-13
2,0,"Conv2DLayer(1,8,5, stride=5, padding=0)","all",1.3733408013393795,5.1994902232231611e-05,3.7860618269207478e-05,4.1806588536119876e-05,6.8004486139539995e-05,2.8790989233594376e-05,0,22,9.9999999999999998e-13
2,0,"Conv2DLayer(1,8,5, stride=5, padding=0)","weights",1.3733406705505395,5.0918900865302951e-05,3.7077120698658714e-05,4.0945387827260902e-05,6.6651551809186421e-05,2.8467751845674887e-05,0,22,9.9999999999999998e-13
2,0,"Conv2DLayer(1,8,5, stride=5, padding=0)","biases",0.00059621823307257082,1.0396263634975443e-05,0.018576618348454327,0.021680683348252509,0.039798641653578895,0.0089442288442849929,0,22,9.9999999999999998e-13
2,4,"DenseLayer( 7202,128 )","all",15.871395874742229,0.0033073285484633689,0.00020838359960001932,0.00021538048537451186,0.00031421997859914071,0.00014959494041205304,0,22,9.9999999999999998e-13
2,4,"DenseLayer( 7202,128 )","weights",15.871395760272192,0.0033071140525143725,0.00020837008639105101,0.00021536688449381864,0.00031420187547741529,0.0001495835268787732,0,22,9.9999999999999998e-13
2,4,"DenseLayer( 7202,128 )","biases",0.0018992053534027365,3.7607985180672719e-05,0.020328121046179655,0.021271142683278042,0.034106615418086614,0.013913079920400898,0,22,9.9999999999999998e-13
2,6,"DenseLayer( 128,64 )","all",9.2474091448482643,0.00034041505618532392,3.6811981655962664e-05,3.8305717165469927e-05,5.7003540765271412e-05,2.7703743113069596e-05,0,22,9.9999999999999998e-13
2,6,"DenseLayer( 128,64 )","weights",9.2474090919333971,0.00033940383155899213,3.6702629535119843e-05,3.8193304969715976e-05,5.6842764601596794e-05,2.7602425747298074e-05,0,22,9.9999999999999998e-13
2,6,"DenseLayer( 128,64 )","biases",0.00098401549302869879,2.6186558289384384e-05,0.027685853384123438,0.02973815497331225,0.05070299720978403,0.01960640232702596,0,22,9.9999999999999998e-13
2,8,"DenseLayer( 64,1 )","all",1.501645403543876,2.6667302379398556e-05,1.7758899474372695e-05,1.8778129013529632e-05,2.9443394357101962e-05,1.4828882884397885e-05,0,22,9.9999999999999998e-13
2,8,"DenseLayer( 64,1 )","weights",1.5016454034146625,2.6568257712946886e-05,1.7692940731546331e-05,1.8700966710658281e-05,2.9306053908869078e-05,1.475420040330074e-05,0,22,9.9999999999999998e-13
2,8,"DenseLayer( 64,1 )","biases",1.7646369149753642e-05,2.2452986740972847e-06,0.32986552826650911,0.63971755728564605,2.1330079407261069,0.069122980636462286,0,22,9.9999999999999998e-13
3,0,"Conv2DLayer(1,8,5, stride=5, padding=0)","all",1.3732998096617655,2.7584590635028376e-05,2.0086207363223767e-05,2.2399896309557075e-05,3.3413540981371448e-05,7.5543043593311781e-06,0,22,9.9999999999999998e-13
3,0,"Conv2DLayer(1,8,5, stride=5, padding=0)","weights",1.3732996480358928,2.7236259880666732e-05,1.9832565922256362e-05,2.2135829153396628e-05,3.3027141607039856e-05,7.3271388723055647e-06,0,22,9.9999999999999998e-13
3,0,"Conv2DLayer(1,8,5, stride=5, padding=0)","biases",0.00066626537934922562,4.3274365490612445e-06,0.006507072713347605,0.0070907364212587348,0.010490430048060915,0.0037452414266650413,0,22,9.9999999999999998e-13
3,4,"DenseLayer( 7202,128 )","all",15.871721822035258,0.0017561974067242404,0.00011064950933257334,0.00011257035224153764,0.00014926309045279061,8.3194012995328287e-05,0,22,9.9999999999999998e-13
3,4,"DenseLayer( 7202,128 )","weights",15.871721669505456,0.0017560810466840705,0.00011064217910374217,0.00011256279903075489,0.00014925176903884892,8.3188128349531324e-05,0,22,9.9999999999999998e-13
3,4,"DenseLayer( 7202,128 )","biases",0.0022000292658557732,2.0191413602958754e-05,0.0092190126737394986,0.0094927721738697641,0.013767887481242927,0.0069618832971272762,0,22,9.9999999999999998e-13
3,6,"DenseLayer( 128,64 )","all",9.2474072367691331,0.00020210601032511283,2.1855421139816213e-05,2.2257177239185541e-05,2.82167135891466e-05,1.5257710877292483e-05,0,22,9.9999999999999998e-13
3,6,"DenseLayer( 128,64 )","weights",9.2474071582987172,0.00020157048639646484,2.179751063242025e-05,2.2196190697092112e-05,2.8117114357677826e-05,1.5223387454825131e-05,0,22,9.9999999999999998e-13
3,6,"DenseLayer( 128,64 )","biases",0.0012039475205282727,1.4629752107473745e-05,0.012289783079780622,0.012917810788194593,0.019299358854808765,0.007472699698759573,0,22,9.9999999999999998e-13
3,8,"DenseLayer( 64,1 )","all",1.5016069927216948,1.7710646744757871e-05,1.1794428488578059e-05,1.2055210107820484e-05,1.5299126676360198e-05,7.6056277041227116e-06,0,22,9.9999999999999998e-13
3,8,"DenseLayer( 64,1 )","weights",1.50160699180548,1.7661857377728299e-05,1.1761937444780121e-05,1.2017990319710174e-05,1.5219659843035254e-05,7.6056263811746128e-06,0,22,9.9999999999999998e-13
3,8,"DenseLayer( 64,1 )","biases",5.1791127175833523e-05,1.210652209754864e-06,0.026525832034065236,0.033205085872937544,0.063910043032354147,0.00011041741949017374,0,22,9.9999999999999998e-13
4,0,"Conv2DLayer(1,8,5, stride=5, padding=0)","all",1.3732906565104086,1.2577168608754505e-05,9.1584195818952097e-06,9.3321537082563058e-06,1.2156070109518567e-05,7.8460550751360283e-06,0,22,9.9999999999999998e-13
4,0,"Conv2DLayer(1,8,5, stride=5, padding=0)","weights",1.3732904823572432,1.2277212003568468e-05,8.9399987605320728e-06,9.1122863353003766e-06,1.1849576258610711e-05,7.7550269378236718e-06,0,22,9.9999999999999998e-13
4,0,"Conv2DLayer(1,8,5, stride=5, padding=0)","biases",0.00069155026409501135,2.7111136710885403e-06,0.0039274267119921895,0.0040129925707793751,0.0057949950141851303,0.0023339973784390964,0,22,9.9999999999999998e-13
4,4,"DenseLayer( 7202,128 )","all",15.871849815567293,0.0012423651322220049,7.8274778673753314e-05,7.9729080598471685e-05,9.6287776543025095e-05,5.3374330588093637e-05,0,22,9.9999999999999998e-13
4,4,"DenseLayer( 7202,128 )","weights",15.871849649099433,0.0012422721270427435,7.8268919732320906e-05,7.9722968650440193e-05,9.6279829330794622e-05,5.3372387491454847e-05,0,22,9.9999999999999998e-13
4,4,"DenseLayer( 7202,128 )","biases",0.0022986411668915376,1.5143811373749636e-05,0.0066029121916408393,0.0068429148839731311,0.0086206549376959193,0.0031021535757244376,0,22,9.9999999999999998e-13
4,6,"DenseLayer( 128,64 )","all",9.2474397667017936,0.00013368097523485631,1.4456002079225571e-05,1.4790710306678334e-05,1.7689329302075862e-05,8.1481425546085482e-06,0,22,9.9999999999999998e-13
4,6,"DenseLayer( 128,64 )","weights",9.2474396734341777,0.00013332425103614075,1.4417426757515225e-05,1.4750192032068225e-05,1.7641549707715788e-05,8.1417290344751571e-06,0,22,9.9999999999999998e-13
4,6,"DenseLayer( 128,64 )","biases",0.0013131428694995978,9.6765896157445123e-06,0.0073951575416665088,0.007744800164265468,0.0097403919421558648,0.0022284317065292799,0,22,9.9999999999999998e-13
4,8,"DenseLayer( 64,1 )","all",1.5016156543199775,9.2909158755581172e-06,6.1872898308744063e-06,6.3517358355732636e-06,8.0690363250391699e-06,3.6147761192744895e-06,0,22,9.9999999999999998e-13
4,8,"DenseLayer( 64,1 )","weights",1.5016156528238092,9.2673263306218058e-06,6.1715803903103763e-06,6.3347420358680205e-06,8.068599228440615e-06,3.614716104932606e-06,0,22,9.9999999999999998e-13
4,8,"DenseLayer( 64,1 )","biases",6.6922515212685212e-05,5.4952562839554797e-07,0.0082791719067658674,0.010551645087192404,0.021227982379557531,0.00044643612811626486,0,22,9.9999999999999998e-13
5,0,"Conv2DLayer(1,8,5, stride=5, padding=0)","all",1.3732889928156629,7.225804467984878e-06,5.2616778444670087e-06,5.4868757466192114e-06,7.5131867637317643e-06,3.4804919863402297e-06,0,22,9.9999999999999998e-13
5,0,"Conv2DLayer(1,8,5, stride=5, padding=0)","weights",1.3732888106122556,7.0544399282554352e-06,5.1368944958103581e-06,5.3634892701017242e-06,7.3009310996122779e-06,3.3233165090706858e-06,0,22,9.9999999999999998e-13
5,0,"Conv2DLayer(1,8,5, stride=5, padding=0)","biases",0.00070740442610721583,1.5320436245806707e-06,0.0021654728653777355,0.0022454414128298267,0.0034298480820365669,0.0019985616761509311,0,22,9.9999999999999998e-13
5,4,"DenseLayer( 7202,128 )","all",15.871915004548368,0.00088622212354800385,5.5835866501673836e-05,5.63480190690682e-05,7.2983656257700298e-05,4.940712865421497e-05,0,22,9.9999999999999998e-13
5,4,"DenseLayer( 7202,128 )","weights",15.871914830509258,0.00088617057653433561,5.5832619426918615e-05,5.6344620911582791e-05,7.2976940835849861e-05,4.9404899767937095e-05,0,22,9.9999999999999998e-13
5,4,"DenseLayer( 7202,128 )","biases",0.0023504443523100493,9.4233529647540104e-06,0.0040086535886407074,0.0041777262433779468,0.0066689558632393271,0.0031633653653577779,0,22,9.9999999999999998e-13
5,6,"DenseLayer( 128,64 )","all",9.2474648258326031,8.9694902257784692e-05,9.6994047858226449e-06,9.8956374975834606e-06,1.4435563163160289e-05,8.1086523091279652e-06,0,22,9.9999999999999998e-13
5,6,"DenseLayer( 128,64 )","weights",9.247464724815174,8.943918480856401e-05,9.671752185479097e-06,9.8652795417120655e-06,1.4362447280063824e-05,8.0859992926809786e-06,0,22,9.9999999999999998e-13
5,6,"DenseLayer( 128,64 )","biases",0.0013667301052874316,6.5245308120492096e-06,0.0047731847293808038,0.0052409657956706658,0.0097883591661708392,0.0040372543590413753,0,22,9.9999999999999998e-13
5,8,"DenseLayer( 64,1 )","all",1.5016324786551021,6.9442402079337143e-06,4.6244601324239867e-06,4.8185606724932336e-06,7.9806990708722058e-06,4.3062857183062344e-06,0,22,9.9999999999999998e-13
5,8,"DenseLayer( 64,1 )","weights",1.5016324767148261,6.8912082904008494e-06,4.5891439814869601e-06,4.7754800858179009e-06,7.8714235564089382e-06,4.2750446755215047e-06,0,22,9.9999999999999998e-13
5,8,"DenseLayer( 64,1 )","biases",7.6146318447585642e-05,7.8140477522869001e-07,0.010261264851922686,0.012761780443158056,0.025543134006782639,0.00963828558656896,0,22,9.9999999999999998e-13
6,0,"Conv2DLayer(1,8,5, stride=5, padding=0)","all",1.3732919742275775,5.2136323954855161e-06,3.7964502426017527e-06,4.0126362635261619e-06,6.93111611823661e-06,3.5988054428621989e-06,0,22,9.9999999999999998e-13
6,0,"Conv2DLayer(1,8,5, stride=5, padding=0)","weights",1.373291785772885,5.0271686338029541e-06,3.6606720434701476e-06,3.8793779904669681e-06,6.6865187492115808e-06,3.475869428306906e-06,0,22,9.9999999999999998e-13
6,0,"Conv2DLayer(1,8,5, stride=5, padding=0)","biases",0.00071943664663230407,1.3633011527675731e-06,0.0018970929487864604,0.0019622329423944198,0.0035256873981057532,0.0017666233262894574,0,22,9.9999999999999998e-13
6,4,"DenseLayer( 7202,128 )","all",15.871938853535658,0.00067793458169086815,4.2712777711300863e-05,4.2878454060787313e-05,5.2806595264352068e-05,4.0530123469719718e-05,0,22,9.9999999999999998e-13
6,4,"DenseLayer( 7202,128 )","weights",15.871938677459747,0.00067790497955445546,4.271091312378055e-05,4.2876557326742076e-05,5.2803656015148815e-05,4.0528475770163984e-05,0,22,9.9999999999999998e-13
6,4,"DenseLayer( 7202,128 )","biases",0.002364172862809964,6.2979018748575329e-06,0.0026643475676721745,0.0027089042994614346,0.0037553831594314612,0.0024480668818989363,0,22,9.9999999999999998e-13
6,6,"DenseLayer( 128,64 )","all",9.2474841184347376,6.8632685960887935e-05,7.4217687431605869e-06,7.4861130019038666e-06,9.7978957922382803e-06,7.2378185238401524e-06,0,22,9.9999999999999998e-13
6,6,"DenseLayer( 128,64 )","weights",9.2474840111673267,6.8441994602346992e-05,7.4011479365167642e-06,7.4649336211076369e-06,9.7690463925260046e-06,7.224525852558488e-06,0,22,9.9999999999999998e-13
6,6,"DenseLayer( 128,64 )","biases",0.0014084357947509697,5.0367933816653472e-06,0.003580667493012904,0.0037032964001910522,0.0050112725028967613,0.0028387496271628878,0,22,9.9999999999999998e-13
6,8,"DenseLayer( 64,1 )","all",1.501650703821289,5.0633277197671253e-06,3.3718416402246593e-06,3.4446028770875897e-06,5.0111141483825856e-06,3.4366373390434721e-06,0,22,9.9999999999999998e-13
6,8,"DenseLayer( 64,1 )","weights",1.5016507014458838,5.0266956243832967e-06,3.3474470811435712e-06,3.4189235491936874e-06,4.9825223046326038e-06,3.4234977050300197e-06,0,22,9.9999999999999998e-13
6,8,"DenseLayer( 64,1 )","biases",8.4383825279391289e-05,5.7498784206638287e-07,0.0068592946523459647,0.0075506410294513444,0.01121364453971665,0.0051016291555916211,0,22,9.9999999999999998e-13
7,0,"Conv2DLayer(1,8,5, stride=5, padding=0)","all",1.3732948108332361,7.8437604768910926e-06,5.7116356298352686e-06,5.956886103034463e-06,8.6408087970746583e-06,5.3617067332334885e-06,0,22,9.9999999999999998e-13
7,0,"Conv2DLayer(1,8,5, stride=5, padding=0)","weights",1.3732946155688106,7.6595335285545988e-06,5.5774868701478314e-06,5.8232872613734535e-06,8.519716486133111e-06,5.1705310916455451e-06,0,22,9.9999999999999998e-13
7,0,"Conv2DLayer(1,8,5, stride=5, padding=0)","biases",0.00073232151147125486,1.6598344661839394e-06,0.0022663810086429913,0.0023525900299506196,0.003406149446394887,0.0026291648808061487,0,22,9.9999999999999998e-13
7,4,"DenseLayer( 7202,128 )","all",15.871966979753418,0.00070319636731868557,4.4304297955461032e-05,4.4628608321941831e-05,5.2989230779647078e-05,4.9841246090261849e-05,0,22,9.9999999999999998e-13
7,4,"DenseLayer( 7202,128 )","weights",15.87196680083305,0.0007031601420868748,4.4302016114657457e-05,4.4626286640926865e-05,5.2984625018582679e-05,4.9837783332227626e-05,0,22,9.9999999999999998e-13
7,4,"DenseLayer( 7202,128 )","biases",0.0023831879587002578,7.0453121293123226e-06,0.0029559503593463692,0.00303146631264286,0.0046636733379725971,0.0038891510832374061,0,22,9.9999999999999998e-13
7,6,"DenseLayer( 128,64 )","all",9.2475083759265271,7.5342401610826597e-05,8.1473186546449936e-06,8.2389205820507071e-06,1.0388354995461117e-05,9.4630805884354685e-06,0,22,9.9999999999999998e-13
7,6,"DenseLayer( 128,64 )","weights",9.247508262372925,7.5139341289521885e-05,8.1253603773866145e-06,8.2157046812819734e-06,1.0325320549055683e-05,9.4085678141146293e-06,0,22,9.9999999999999998e-13
7,6,"DenseLayer( 128,64 )","biases",0.0014491420820803079,5.298283467495001e-06,0.0036525066642715434,0.0039367643797196478,0.0073556071590630606,0.0063551546237265071,0,22,9.9999999999999998e-13
7,8,"DenseLayer( 64,1 )","all",1.5016696492535382,5.7622560488049681e-06,3.8372302885399869e-06,3.9669438716965589e-06,5.9491073025910172e-06,5.6355591467083175e-06,0,22,9.9999999999999998e-13
7,8,"DenseLayer( 64,1 )","weights",1.5016696464445805,5.7229874318592166e-06,3.8110803873700178e-06,3.9358871258916196e-06,5.853427276023174e-06,5.5559426852509227e-06,0,22,9.9999999999999998e-13
7,8,"DenseLayer( 64,1 )","biases",9.1811177050906494e-05,5.8000726064413111e-07,0.0062755883467177668,0.0080510039152292562,0.017990313602134538,0.014569583672015204,0,22,9.9999999999999998e-13
8,0,"Conv2DLayer(1,8,5, stride=5, padding=0)","all",1.3733036457094563,7.8573513064214918e-06,5.7214967513337208e-06,6.6267761349943394e-06,1.2150796524599066e-05,4.6346469150714054e-06,0,22,9.9999999999999998e-13
8,0,"Conv2DLayer(1,8,5, stride=5, padding=0)","weights",1.3733034424661856,7.6396305817871845e-06,5.5629595935333125e-06,6.4664841161872945e-06,1.1910272297045642e-05,4.5695020582188527e-06,0,22,9.9999999999999998e-13
8,0,"Conv2DLayer(1,8,5, stride=5, padding=0)","biases",0.0007471361887668726,1.806282789245063e-06,0.0024178371861904298,0.0026631186943789245,0.0046406507136775924,0.0014128856805246841,0,22,9.9999999999999998e-13
8,4,"DenseLayer( 7202,128 )","all",15.872008175776678,0.0006830460021980128,4.3034631220589295e-05,4.3981470869313888e-05,5.9668934477181995e-05,5.1792225649900649e-05,0,22,9.9999999999999998e-13
8,4,"DenseLayer( 7202,128 )","weights",15.872007993515899,0.00068301816364496257,4.3032877774420719e-05,4.3979609980881513e-05,5.9665669561969026e-05,5.1790079499311035e-05,0,22,9.9999999999999998e-13
8,4,"DenseLayer( 7202,128 )","biases",0.0024053409840098109,6.1020760987180255e-06,0.0025370085696565774,0.0026701182261541969,0.0041063757571524707,0.0031020746628717569,0,22,9.9999999999999998e-13
8,6,"DenseLayer( 128,64 )","all",9.2475389399636327,7.09977224447955e-05,7.6774728127160095e-06,7.8236114261663087e-06,1.0878033955060353e-05,7.2082466146947565e-06,0,22,9.9999999999999998e-13
8,6,"DenseLayer( 128,64 )","weights",9.2475388176436795,7.0858218739691607e-05,7.6623874159596869e-06,7.8082112201974693e-06,1.0863104555515708e-05,7.1965373107381872e-06,0,22,9.9999999999999998e-13
8,6,"DenseLayer( 128,64 )","biases",0.0015040394126121272,4.3445669232537332e-06,0.0028917144576420277,0.0030246106235358541,0.0060342460703312322,0.0024916279784908289,0,22,9.9999999999999998e-13
8,8,"DenseLayer( 64,1 )","all",1.5016986461814221,5.8138542212893128e-06,3.8715233242965687e-06,4.0410857817735369e-06,6.2611690586042933e-06,3.2034899449202063e-06,0,22,9.9999999999999998e-13
8,8,"DenseLayer( 64,1 )","weights",1.5016986427885566,5.7936725745706045e-06,3.8580841053825427e-06,4.0273015959820817e-06,6.2543127024378137e-06,3.1940230655899991e-06,0,22,9.9999999999999998e-13
8,8,"DenseLayer( 64,1 )","biases",0.00010093472321221435,4.1956214276565745e-07,0.0041654130188010022,0.0049952216926956233,0.013559342772899713,0.0035474961352804789,0,22,9.9999999999999998e-13
9,0,"Conv2DLayer(1,8,5, stride=5, padding=0)","all",1.3733037806125661,6.2827873548975507e-06,4.5749440206467639e-06,5.2348276464346685e-06,1.1387933539394862e-05,1.1149587618898694e-05,0,22,9.9999999999999998e-13
9,0,"Conv2DLayer(1,8,5, stride=5, padding=0)","weights",1.3733035699802596,6.0878638799246463e-06,4.4330070738236238e-06,5.0835258697725358e-06,1.1066475679130837e-05,1.0869447928026383e-05,0,22,9.9999999999999998e-13
9,0,"Conv2DLayer(1,8,5, stride=5, padding=0)","biases",0.00076059884546859175,1.5322836262618169e-06,0.0020144294255112004,0.0022541669656271396,0.0048334220590196793,0.0044591209914617109,0,22,9.9999999999999998e-13
9,4,"DenseLayer( 7202,128 )","all",15.872051381752373,0.00076132188507085474,4.7966188620335606e-05,4.9031103733162859e-05,6.7110861847017201e-05,6.7110861847017201e-05,0,22,9.9999999999999998e-13
9,4,"DenseLayer( 7202,128 )","weights",15.872051196356692,0.00076128706669393751,4.7963995490258025e-05,4.9028763402913982e-05,6.7106149637336218e-05,6.7106149637336218e-05,0,22,9.9999999999999998e-13
9,4,"DenseLayer( 7202,128 )","biases",0.0024259365739168199,7.1778101796787384e-06,0.0029576229011033465,0.0031320267222809885,0.0051839276300426401,0.0051839276300426401,0,22,9.9999999999999998e-13
9,6,"DenseLayer( 128,64 )","all",9.2475672836526854,7.6074789184460339e-05,8.2264650316630818e-06,8.3987927805670898e-06,1.1338558095194903e-05,1.0510633168587438e-05,0,22,9.9999999999999998e-13
9,6,"DenseLayer( 128,64 )","weights",9.2475671542838978,7.5909716608244527e-05,8.2086147680697115e-06,8.3792897240650606e-06,1.1303073749142852e-05,1.0483239408391692e-05,0,22,9.9999999999999998e-13
9,6,"DenseLayer( 128,64 )","biases",0.0015467629168233528,4.9025386281113637e-06,0.003171802813094001,0.0034237682522381334,0.0061347835224197502,0.0044936361687250024,0,22,9.9999999999999998e-13
9,8,"DenseLayer( 64,1 )","all",1.5017188572956797,6.1298619192114931e-06,4.0818967962754742e-06,4.2238085941953908e-06,6.5236685336704088e-06,5.3264106284007367e-06,0,22,9.9999999999999998e-13
9,8,"DenseLayer( 64,1 )","weights",1.5017188534476633,6.1026903463092868e-06,4.0638031610100923e-06,4.201972965248028e-06,6.4556427822700621e-06,5.2991311078936393e-06,0,22,9.9999999999999998e-13
9,8,"DenseLayer( 64,1 )","biases",0.00010747101623564959,5.2286023591560393e-07,0.004889858297708433,0.0060353392511682102,0.013257382590984074,0.0074674166989342362,0,22,9.9999999999999998e-13
10,0,"Conv2DLayer(1,8,5, stride=5, padding=0)","all",1.3733122168994318,7.2173806804358958e-06,5.2554539636126215e-06,5.5666506144511105e-06,9.8892253310659244e-06,4.0129548244380744e-06,0,22,9.9999999999999998e-13
10,0,"Conv2DLayer(1,8,5, stride=5, padding=0)","weights",1.3733119992725653,7.0034864559464039e-06,5.0997042032175322e-06,5.4104922947009548e-06,9.7184174946550692e-06,3.8536434029363758e-06,0,22,9.9999999999999998e-13
10,0,"Conv2DLayer(1,8,5, stride=5, padding=0)","biases",0.00077312118056105644,1.7259223244488817e-06,0.0022314753556817142,0.0023241068548251181,0.0033382225937422677,0.0019644335845188511,0,22,9.9999999999999998e-13
10,4,"DenseLayer( 7202,128 )","all",15.87209841596162,0.00085196054342740444,5.3676609045487152e-05,5.4953494697253431e-05,8.3360934210055751e-05,6.9743778577874792e-05,0,22,9.9999999999999998e-13
10,4,"DenseLayer( 7202,128 )","weights",15.87209822676345,0.00085190668234355713,5.3673216242219361e-05,5.4949883926556873e-05,8.3354119924789028e-05,6.9738375244732736e-05,0,22,9.9999999999999998e-13
10,4,"DenseLayer( 7202,128 )","biases",0.0024506871757316593,9.5195064720641101e-06,0.003882359674392463,0.0040754766874535244,0.0068744161634054007,0.0055832005415391434,0,22,9.9999999999999998e-13
10,6,"DenseLayer( 128,64 )","all",9.2475992449558539,8.3972931024894402e-05,9.0805093509920763e-06,9.4120838429488333e-06,1.499622848197295e-05,1.1788609348284456e-05,0,22,9.9999999999999998e-13
10,6,"DenseLayer( 128,64 )","weights",9.2475991090710572,8.3753826977979716e-05,9.0568164152727372e-06,9.3859902368251627e-06,1.4940399318060097e-05,1.1749066492132e-05,0,22,9.9999999999999998e-13
10,6,"DenseLayer( 128,64 )","biases",0.0015852377660021196,5.7280205966298408e-06,0.0036088575502959035,0.0040765769287681979,0.0074688108023769611,0.0055103699724323059,0,22,9.9999999999999998e-13
10,8,"DenseLayer( 64,1 )","all",1.5017464387901227,6.7797998574278868e-06,4.5146019881466349e-06,4.8104542598709541e-06,8.4316484937749025e-06,6.946537351163872e-06,0,22,9.9999999999999998e-13
10,8,"DenseLayer( 64,1 )","weights",1.5017464345777853,6.7316068132616935e-06,4.4825107006384241e-06,4.7739053365543331e-06,8.3504156377618498e-06,6.8941077111478643e-06,0,22,9.9999999999999998e-13
10,8,"DenseLayer( 64,1 )","biases",0.00011244755759517747,7.0847189900549978e-07,0.0062934633772231,0.0078921365539419055,0.015400562239705319,0.010857384746345164,0,22,9.9999999999999998e-13
11,0,"Conv2DLayer(1,8,5, stride=5, padding=0)","all",1.3733212611284635,9.8456405163606025e-06,7.1692246773042021e-06,8.3384370162637416e-06,1.4442384329205279e-05,2.5325089418850732e-06,0,22,9.9999999999999998e-13
11,0,"Conv2DLayer(1,8,5, stride=5, padding=0)","weights",1.3733210357677037,9.5794960247950966e-06,6.975429371260411e-06,8.1202177790040573e-06,1.4076917240958111e-05,2.376890279480842e-06,0,22,9.9999999999999998e-13
11,0,"Conv2DLayer(1,8,5, stride=5, padding=0)","biases",0.00078675443578359245,2.2550392701347303e-06,0.0028656081998981869,0.0033066353931291664,0.0057156227770068313,0.0015254515760174659,0,22,9.9999999999999998e-13
11,4,"DenseLayer( 7202,128 )","all",15.872160131891283,0.00084371800874069038,5.3157100957100603e-05,5.4099130519349701e-05,7.6903072779172695e-05,4.2348323583079766e-05,0,22,9.9999999999999998e-13
11,4,"DenseLayer( 7202,128 )","weights",15.872159938544813,0.00084366741264474193,5.3153913878703843e-05,5.4095760860188713e-05,7.6897135334702015e-05,4.234605435392556e-05,0,22,9.9999999999999998e-13
11,4,"DenseLayer( 7202,128 )","biases",0.0024774255129056616,9.1763093012203475e-06,0.0037038575628012831,0.0038685324861434376,0.0061416553328442888,0.0028016997241268079,0,22,9.9999999999999998e-13
11,6,"DenseLayer( 128,64 )","all",9.247638414666616,8.8056347340405717e-05,9.5220365698407696e-06,9.7369001146764499e-06,1.3054890395607865e-05,6.2523479314606324e-06,0,22,9.9999999999999998e-13
11,6,"DenseLayer( 128,64 )","weights",9.2476382691863925,8.778950200233164e-05,9.4931812120692882e-06,9.7051421875177915e-06,1.3014826627180872e-05,6.2434830349427194e-06,0,22,9.9999999999999998e-13
11,6,"DenseLayer( 128,64 )","biases",0.0016403057529764396,6.6222743674116665e-06,0.0040336795197486244,0.0044213134537203031,0.0074004141095333981,0.0018496805808316853,0,22,9.9999999999999998e-13
11,8,"DenseLayer( 64,1 )","all",1.5017815866134157,7.7162123115927149e-06,5.13804176408032e-06,5.2886071062129735e-06,7.7674309303582447e-06,2.876107263015209e-06,0,22,9.9999999999999998e-13
11,8,"DenseLayer( 64,1 )","weights",1.5017815819265579,7.6632534252736686e-06,5.1027777781184069e-06,5.2488843670144898e-06,7.7186013942395509e-06,2.8708871580655473e-06,0,22,9.9999999999999998e-13
11,8,"DenseLayer( 64,1 )","biases",0.00011861622393057174,8.0264362622983754e-07,0.0067404920752509052,0.0081346852927447963,0.014910993662302649,0.0020748959069703736,0,22,9.9999999999999998e-13
12,0,"Conv2DLayer(1,8,5, stride=5, padding=0)","all",1.3733236449724273,9.932767741883716e-06,7.2326532537871104e-06,7.7363291404281288e-06,1.2372626889800917e-05,3.2616601262277608e-06,0,22,9.9999999999999998e-13
12,0,"Conv2DLayer(1,8,5, stride=5, padding=0)","weights",1.3733234132439822,9.6644830174522759e-06,7.0372999181767261e-06,7.5398537882906018e-06,1.2207448497358691e-05,3.1604564184030049e-06,0,22,9.9999999999999998e-13
12,0,"Conv2DLayer(1,8,5, stride=5, padding=0)","biases",0.0007977723523705136,2.2594609080977211e-06,0.0028352186781180964,0.0029884723312874947,0.0050878109248516795,0.0013733980300444384,0,22,9.9999999999999998e-13
12,4,"DenseLayer( 7202,128 )","all",15.872208861857748,0.00076842051666446568,4.8412955308136209e-05,4.9821592688966932e-05,7.3984508915113422e-05,3.2491534760278429e-05,0,22,9.9999999999999998e-13
12,4,"DenseLayer( 7202,128 )","weights",15.872208666173366,0.00076837664633323019,4.8410191932832914e-05,4.9818591126488351e-05,7.3979306746072612e-05,3.2490149627764005e-05,0,22,9.9999999999999998e-13
12,4,"DenseLayer( 7202,128 )","biases",0.0024923568118473097,8.10404917829847e-06,0.0032522594327922573,0.0034845553298987414,0.0055856435210274316,0.0019037141051078256,0,22,9.9999999999999998e-13
12,6,"DenseLayer( 128,64 )","all",9.2476669433031731,8.3214258540673699e-05,8.9984062427671168e-06,9.2259184126560121e-06,1.2647742035995003e-05,6.0227683732676858e-06,0,22,9.9999999999999998e-13
12,6,"DenseLayer( 128,64 )","weights",9.2476667932979577,8.3001266540979325e-05,8.9753744046673912e-06,9.2007147167969321e-06,1.2607449971643682e-05,6.0144593586298629e-06,0,22,9.9999999999999998e-13
12,6,"DenseLayer( 128,64 )","biases",0.0016656135132533637,5.775182434820369e-06,0.0034690900496674192,0.0037876014880303208,0.0064679469081696172,0.0017397119234277383,0,22,9.9999999999999998e-13
12,8,"DenseLayer( 64,1 )","all",1.5018073122155828,7.2919028153878184e-06,4.8554202786280497e-06,5.0483410477612259e-06,7.9489080987785679e-06,3.0739156161545541e-06,0,22,9.9999999999999998e-13
12,8,"DenseLayer( 64,1 )","weights",1.5018073074078937,7.255768009330765e-06,4.8313593058021428e-06,5.0204410199402998e-06,7.8989602623880259e-06,3.066104368360692e-06,0,22,9.9999999999999998e-13
12,8,"DenseLayer( 64,1 )","biases",0.0001201481384420979,6.4976715789684514e-07,0.0053854596884328459,0.0065815573519712916,0.01231874366190887,0.0027702336785625625,0,22,9.9999999999999998e-13
13,0,"Conv2DLayer(1,8,5, stride=5, padding=0)","all",1.3733272697048025,1.0001138109892434e-05,7.2824154365629013e-06,7.7418887946383454e-06,1.2812308422205163e-05,1.2812308422205163e-05,0,22,9.9999999999999998e-13
13,0,"Conv2DLayer(1,8,5, stride=5, padding=0)","weights",1.3733270333011571,9.783893388834666e-06,7.1242281168797659e-06,7.5846242828545165e-06,1.2639360312370364e-05,1.2639360312370364e-05,0,22,9.9999999999999998e-13
13,0,"Conv2DLayer(1,8,5, stride=5, padding=0)","biases",0.00080580072664349328,2.0322615734638376e-06,0.0025209427522946259,0.0026435953890704511,0.0041451794820427596,0.0035511330828672596,0,22,9.9999999999999998e-13
13,4,"DenseLayer( 7202,128 )","all",15.87226053664042,0.00082949172918524161,5.2260461384134448e-05,5.3860114734080753e-05,8.0523425724468659e-05,5.7100024464282094e-05,0,22,9.9999999999999998e-13
13,4,"DenseLayer( 7202,128 )","weights",15.87226033847482,0.00082943704257426804,5.225701661680667e-05,5.3856463830054782e-05,8.0516939251985608e-05,5.7096345698395694e-05,0,22,9.9999999999999998e-13
13,4,"DenseLayer( 7202,128 )","biases",0.0025081184681504907,9.4724999168733634e-06,0.0037758180356474271,0.0039671324792933463,0.006466314920728836,0.0040868542904315989,0,22,9.9999999999999998e-13
13,6,"DenseLayer( 128,64 )","all",9.2476987495256537,8.551471032805974e-05,9.2471333819179235e-06,9.486111372083065e-06,1.4509199860817016e-05,9.6689399520141208e-06,0,22,9.9999999999999998e-13
13,6,"DenseLayer( 128,64 )","weights",9.2476985941021237,8.5230750418382214e-05,9.2164275314025613e-06,9.4530702179836501e-06,1.4445290043119743e-05,9.6529691329761673e-06,0,22,9.9999999999999998e-13
13,6,"DenseLayer( 128,64 )","biases",0.0016954498485602996,6.8435360284530513e-06,0.0040354780464305177,0.0043132672425689068,0.0074252173714183418,0.0029968544740867713,0,22,9.9999999999999998e-13
13,8,"DenseLayer( 64,1 )","all",1.5018342515106489,7.1160760142064507e-06,4.7382543057389792e-06,4.947509265450152e-06,8.0156425555801399e-06,5.7621927620397448e-06,0,22,9.9999999999999998e-13
13,8,"DenseLayer( 64,1 )","weights",1.5018342465799515,7.0552240925408504e-06,4.6977359379157859e-06,4.9036099998462591e-06,7.9286587273615212e-06,5.7505963979938644e-06,0,22,9.9999999999999998e-13
13,8,"DenseLayer( 64,1 )","biases",0.00012167642357367599,8.7792928256517788e-07,0.0072100601399872483,0.0081231278702493508,0.014754451697824449,0.0044045418055958354,0,22,9.9999999999999998e-13
14,0,"Conv2DLayer(1,8,5, stride=5, padding=0)","all",1.3733359439167023,9.5474527939580322e-06,6.9520138279109339e-06,7.4464797374003352e-06,1.2778897781423963e-05,1.00295165014767e-05,0,22,9.9999999999999998e-13
14,0,"Conv2DLayer(1,8,5, stride=5, padding=0)","weights",1.3733357012171528,9.3276545480267268e-06,6.7919680564048391e-06,7.2927614601104474e-06,1.2529412423564367e-05,9.8768992804116167e-06,0,22,9.9999999999999998e-13
14,0,"Conv2DLayer(1,8,5, stride=5, padding=0)","biases",0.00081646092814811411,1.9850478067759313e-06,0.0024306281919489517,0.0025304664498657214,0.0042119828698390632,0.0029072455142471689,0,22,9.9999999999999998e-13
14,4,"DenseLayer( 7202,128 )","all",15.87231601794443,0.0007570973400991745,4.7699235098779147e-05,4.8138314398609068e-05,6.2400233976690154e-05,4.7884778202992468e-05,0,22,9.9999999999999998e-13
14,4,"DenseLayer( 7202,128 )","weights",15.872315817364447,0.00075705663255568696,4.7696671013290232e-05,4.813566996882884e-05,6.2395478816381728e-05,4.7882043092521081e-05,0,22,9.9999999999999998e-13
14,4,"DenseLayer( 7202,128 )","biases",0.0025233553676206641,7.8059870593185615e-06,0.0030935294298625477,0.0031742993183769162,0.0048515132281092112,0.0032081349739068884,0,22,9.9999999999999998e-13
14,6,"DenseLayer( 128,64 )","all",9.2477362398751239,8.030796058815435e-05,8.6840662026678054e-06,8.78052201829198e-06,1.2182718443548627e-05,9.0776421197563633e-06,0,22,9.9999999999999998e-13
14,6,"DenseLayer( 128,64 )","weights",9.2477360791041825,8.015069097704641e-05,8.6670600737601501e-06,8.7624893949288333e-06,1.2129816856627277e-05,9.067854749090066e-06,0,22,9.9999999999999998e-13
14,6,"DenseLayer( 128,64 )","biases",0.0017243847452455767,4.8336684873120966e-06,0.0028042696479516601,0.0030191122816593716,0.0060967081871663277,0.0022470081657850896,0,22,9.9999999999999998e-13
14,8,"DenseLayer( 64,1 )","all",1.5018665449667385,6.9728123908992074e-06,4.6427621582106757e-06,4.7327090226759021e-06,7.2883112588417205e-06,5.0908956454343695e-06,0,22,9.9999999999999998e-13
14,8,"DenseLayer( 64,1 )","weights",1.5018665398438669,6.9448753478055282e-06,4.6241606331385351e-06,4.7120962968444286e-06,7.2132720651948767e-06,5.0857643061388816e-06,0,22,9.9999999999999998e-13
14,8,"DenseLayer( 64,1 )","biases",0.00012403646046137013,5.3691606312482198e-07,0.0043467339959762565,0.0053821296060608146,0.012724284092080219,0.0027824656881337896,0,22,9.9999999999999998e-13
15,0,"Conv2DLayer(1,8,5, stride=5, padding=0)","all",1.3733443317351099,9.8541304485011688e-06,7.1752837747283352e-06,8.0115259691541743e-06,1.3914343348223589e-05,2.1189339833404347e-06,0,22,9.9999999999999998e-13
15,0,"Conv2DLayer(1,8,5, stride=5, padding=0)","weights",1.3733440823251715,9.6574750116083445e-06,7.0320902931256389e-06,7.8716154675405608e-06,1.3786511592993839e-05,1.9930354531971579e-06,0,22,9.9999999999999998e-13
15,0,"Conv2DLayer(1,8,5, stride=5, padding=0)","biases",0.000827675768787879,1.8839299941333146e-06,0.0022776025096414073,0.0024766317003797394,0.0045778780722329267,0.0011968415010754749,0,22,9.9999999999999998e-13
15,4,"DenseLayer( 7202,128 )","all",15.872387745606002,0.00079333970726242213,4.9982378270204707e-05,5.0775574874183997e-05,6.492593330094539e-05,4.2368360080502821e-05,0,22,9.9999999999999998e-13
15,4,"DenseLayer( 7202,128 )","weights",15.872387541573962,0.00079329428653713771,4.9979517293758044e-05,5.0772597170657814e-05,6.4922369787093171e-05,4.2367079526697811e-05,0,22,9.9999999999999998e-13
15,4,"DenseLayer( 7202,128 )","biases",0.0025449820323700375,8.4393387555986862e-06,0.003316167688158041,0.0034300122760844032,0.0049287023058329424,0.0020531576269478815,0,22,9.9999999999999998e-13
15,6,"DenseLayer( 128,64 )","all",9.2477790701428226,8.1014209107349214e-05,8.7603966249541805e-06,8.8992512456447849e-06,1.1768797789401473e-05,6.5100906886069802e-06,0,22,9.9999999999999998e-13
15,6,"DenseLayer( 128,64 )","weights",9.2477789047396133,8.0820844653627832e-05,8.7394874971007035e-06,8.8766875640588945e-06,1.1701534837893925e-05,6.4975786429786776e-06,0,22,9.9999999999999998e-13
15,6,"DenseLayer( 128,64 )","biases",0.001749053577333456,5.3300242221621431e-06,0.0030484949548421143,0.0033510091832578319,0.0066509737569321421,0.0021225373900409118,0,22,9.9999999999999998e-13
15,8,"DenseLayer( 64,1 )","all",1.5019019404759892,6.6367417836338652e-06,4.4188927456956643e-06,4.5708551795755257e-06,6.535288019424869e-06,2.3486379169089394e-06,0,22,9.9999999999999998e-13
15,8,"DenseLayer( 64,1 )","weights",1.501901935280253,6.5995328490979146e-06,4.394118196989561e-06,4.542650095065687e-06,6.4346866675793235e-06,2.3303962402777142e-06,0,22,9.9999999999999998e-13
15,8,"DenseLayer( 64,1 )","biases",0.00012491745556789365,6.1680673917924811e-07,0.0049333198617981279,0.0060935062376321044,0.013717492310133961,0.0034100613150579774,0,22,9.9999999999999998e-13
16,0,"Conv2DLayer(1,8,5, stride=5, padding=0)","all",1.3733456359880578,1.3470033506796165e-05,9.8081928856674788e-06,1.1124710664595225e-05,2.1601662317587969e-05,3.4741462442552499e-06,0,22,9.9999999999999998e-13
16,0,"Conv2DLayer(1,8,5, stride=5, padding=0)","weights",1.3733453815045351,1.3188637648193505e-05,9.6032966044753989e-06,1.0908871567919527e-05,2.1220902144228448e-05,3.3126536646033967e-06,0,22,9.9999999999999998e-13
16,0,"Conv2DLayer(1,8,5, stride=5, padding=0)","biases",0.00083603981240356934,2.7057014426687814e-06,0.0032384432476628448,0.0035877282016449036,0.0066784156178059306,0.0017190645011648843,0,22,9.9999999999999998e-13
16,4,"DenseLayer( 7202,128 )","all",15.872439738135578,0.00081473524811606624,5.1330182812709583e-05,5.2035565685501824e-05,6.7117314736136351e-05,4.9187082045799627e-05,0,22,9.9999999999999998e-13
16,4,"DenseLayer( 7202,128 )","weights",15.872439532141364,0.00081468669899879419,5.1327124773776975e-05,5.2032383139385912e-05,6.7112866923595374e-05,4.918431741305713e-05,0,22,9.9999999999999998e-13
16,4,"DenseLayer( 7202,128 )","biases",0.0025571899234077687,8.8392816824878542e-06,0.0034564612069682434,0.0035723233231276519,0.0050287786578141922,0.0032259523286868068,0,22,9.9999999999999998e-13
16,6,"DenseLayer( 128,64 )","all",9.2478097086237305,8.7118160888335493e-05,9.4204102131866252e-06,9.6301544091673685e-06,1.3122618666140887e-05,8.2713068000328014e-06,0,22,9.9999999999999998e-13
16,6,"DenseLayer( 128,64 )","weights",9.2478095396478537,8.6930611795356979e-05,9.4001300123415347e-06,9.6086461995993421e-06,1.3097202357623844e-05,8.2451586302292405e-06,0,22,9.9999999999999998e-13
16,6,"DenseLayer( 128,64 )","biases",0.0017678407409152453,5.5504299297742058e-06,0.0031392405829059927,0.0033646592329238966,0.0050259114089832128,0.0034092610444759999,0,22,9.9999999999999998e-13
16,8,"DenseLayer( 64,1 )","all",1.5019254259047581,7.3434908933804126e-06,4.8893825345842169e-06,5.0813423826596792e-06,7.3889782803272257e-06,4.2467262102386688e-06,0,22,9.9999999999999998e-13
16,8,"DenseLayer( 64,1 )","weights",1.5019254205824948,7.3073513213460947e-06,4.8653204991965224e-06,5.0555159988139977e-06,7.3675991906380854e-06,4.2072366845451671e-06,0,22,9.9999999999999998e-13
16,8,"DenseLayer( 64,1 )","biases",0.00012642070412932134,6.6308712121099234e-07,0.0052677234593856122,0.0061192754961781294,0.010837573433562897,0.0067508862413123445,0,22,9.9999999999999998e-13
17,0,"Conv2DLayer(1,8,5, stride=5, padding=0)","all",1.373350155270245,9.9410009747648806e-06,7.2385082918822017e-06,7.6521090129444579e-06,1.2445444743545562e-05,1.19726132604296e-05,0,22,9.9999999999999998e-13
17,0,"Conv2DLayer(1,8,5, stride=5, padding=0)","weights",1.3733498925194851,9.6684797127085498e-06,7.0400740742080486e-06,7.4499988884942751e-06,1.2166423103581495e-05,1.1648342513550902e-05,0,22,9.9999999999999998e-13
17,0,"Conv2DLayer(1,8,5, stride=5, padding=0)","biases",0.00084950444691130555,2.2845414449576985e-06,0.0026926634848807103,0.0028304019787691076,0.00445508344390016,0.00445508344390016,0,22,9.9999999999999998e-13
17,4,"DenseLayer( 7202,128 )","all",15.872511395062622,0.00075865687429372869,4.7796909274418733e-05,4.9113490231272713e-05,7.5182953783230387e-05,7.5182953783230387e-05,0,22,9.9999999999999998e-13
17,4,"DenseLayer( 7202,128 )","weights",15.872511185676212,0.0007586080078761506,4.7793831221868694e-05,4.9110215822955491e-05,7.5176593893977941e-05,7.5176593893977941e-05,0,22,9.9999999999999998e-13
17,4,"DenseLayer( 7202,128 )","biases",0.0025781638130859931,8.5727769529067663e-06,0.0033262752878050281,0.0034937488083725916,0.0060070130580598272,0.0060070130580598272,0,22,9.9999999999999998e-13
17,6,"DenseLayer( 128,64 )","all",9.2478507511096737,8.7046962915658687e-05,9.4126705153324092e-06,9.6130766840390449e-06,1.4600031188230124e-05,1.4600031188230124e-05,0,22,9.9999999999999998e-13
17,6,"DenseLayer( 128,64 )","weights",9.2478505773243018,8.6784109358271029e-05,9.3842474859856796e-06,9.5821667556848229e-06,1.451929156601107e-05,1.451929156601107e-05,0,22,9.9999999999999998e-13
17,6,"DenseLayer( 128,64 )","biases",0.0017928244919039392,6.5903986203466941e-06,0.0036766758569031287,0.0039732506671140777,0.0078611044494003371,0.0078611044494003371,0,22,9.9999999999999998e-13
17,8,"DenseLayer( 64,1 )","all",1.5019578672793976,7.4509811075806509e-06,4.960850264400208e-06,5.1589874188447027e-06,8.8530677303582412e-06,8.8530677303582412e-06,0,22,9.9999999999999998e-13
17,8,"DenseLayer( 64,1 )","weights",1.5019578620379286,7.3995564829975403e-06,4.9266118929140298e-06,5.120251031412947e-06,8.7433449897321577e-06,8.7433449897321577e-06,0,22,9.9999999999999998e-13
17,8,"DenseLayer( 64,1 )","biases",0.00012547046737216243,8.1149416721679946e-07,0.0064555344691139167,0.0075211256461747275,0.016360853460748816,0.016360853460748816,0,22,9.9999999999999998e-13
18,0,"Conv2DLayer(1,8,5, stride=5, padding=0)","all",1.3733517417864354,1.4804929533434523e-05,1.0780140779824322e-05,1.2283729414543738e-05,2.5072253539221935e-05,8.9057477636040987e-06,0,22,9.9999999999999998e-13
18,0,"Conv2DLayer(1,8,5, stride=5, padding=0)","weights",1.3733514739043242,1.4489287021469212e-05,1.0550309163349487e-05,1.2027160940708826e-05,2.449432840040933e-05,8.7744518407069966e-06,0,22,9.9999999999999998e-13
18,0,"Conv2DLayer(1,8,5, stride=5, padding=0)","biases",0.00085777770286927678,3.0026040603573447e-06,0.0035002633526007082,0.003998815935664566,0.0085788865054333297,0.002431029270779195,0,22,9.9999999999999998e-13
18,4,"DenseLayer( 7202,128 )","all",15.872573448828129,0.00083496398413443473,5.2604200746805904e-05,5.4641005626313042e-05,8.9890056398820274e-05,4.5787625704989646e-05,0,22,9.9999999999999998e-13
18,4,"DenseLayer( 7202,128 )","weights",15.872573237764632,0.00083491231843586355,5.2600946416297292e-05,5.4637441443601765e-05,8.9882148909899769e-05,4.5785029993946288e-05,0,22,9.9999999999999998e-13
18,4,"DenseLayer( 7202,128 )","biases",0.0025884814515241598,9.1993782870960477e-06,0.0035539065684384911,0.0038271973136143798,0.0073084454572956712,0.002983901471424061,0,22,9.9999999999999998e-13
18,6,"DenseLayer( 128,64 )","all",9.2478852505245737,9.6229246517677815e-05,1.0405541534187338e-05,1.0890799412238973e-05,1.9580771929138708e-05,8.9824175007135983e-06,0,22,9.9999999999999998e-13
18,6,"DenseLayer( 128,64 )","weights",9.2478850722813934,9.5945122374430634e-05,1.0374818581339525e-05,1.0855585196526828e-05,1.9492106511775022e-05,8.9700152961862321e-06,0,22,9.9999999999999998e-13
18,6,"DenseLayer( 128,64 )","biases",0.0018156865023912535,7.1919372823558149e-06,0.0039610318312652028,0.0044566939269603933,0.009465952894348359,0.0023956053939140458,0,22,9.9999999999999998e-13
18,8,"DenseLayer( 64,1 )","all",1.5019860661864153,8.6466611006540971e-06,5.7568229813223976e-06,6.2288968664913825e-06,1.2476216080195682e-05,4.8390716892774296e-06,0,22,9.9999999999999998e-13
18,8,"DenseLayer( 64,1 )","weights",1.5019860607572764,8.5927788516398594e-06,5.7209489663053703e-06,6.1860078065853966e-06,1.2365031175515671e-05,4.8390613971136824e-06,0,22,9.9999999999999998e-13
18,8,"DenseLayer( 64,1 )","biases",0.00012768323094033721,8.843721430325373e-07,0.0069181059072072814,0.0085567874992598242,0.019206829114702173,0.00011914802344870082,0,22,9.9999999999999998e-13
19,0,"Conv2DLayer(1,8,5, stride=5, padding=0)","all",1.3733633976931778,1.5239636312417487e-05,1.1096586781864838e-05,1.2471379762000048e-05,2.0580794982040527e-05,2.0580794982040527e-05,0,22,9.9999999999999998e-13
19,0,"Conv2DLayer(1,8,5, stride=5, padding=0)","weights",1.3733631236257438,1.4976102709268665e-05,1.0904699839373652e-05,1.2280135461178313e-05,2.0324129741023918e-05,2.0324129741023918e-05,0,22,9.9999999999999998e-13
19,0,"Conv2DLayer(1,8,5, stride=5, padding=0)","biases",0.00086762633016728894,2.7700261832530337e-06,0.0031897601605773442,0.0034391563908364189,0.0051925382298451733,0.0051244192503464353,0,22,9.9999999999999998e-13
19,4,"DenseLayer( 7202,128 )","all",15.872651665619161,0.00096805069992424012,6.0988581110081793e-05,6.2957936369458195e-05,9.1578488265348207e-05,8.5915001500932116e-05,0,22,9.9999999999999998e-13
19,4,"DenseLayer( 7202,128 )","weights",15.872651450775926,0.0009679909439943889,6.0984817226687239e-05,6.2954066091472756e-05,9.1572964170682215e-05,8.5910375949677526e-05,0,22,9.9999999999999998e-13
19,4,"DenseLayer( 7202,128 )","biases",0.0026115502020935392,1.0723288653329182e-05,0.0041048458657502122,0.0042409527479899643,0.0060989923252179846,0.0054205229993256497,0,22,9.9999999999999998e-13
19,6,"DenseLayer( 128,64 )","all",9.2479302966741042,0.00010287602945060193,1.1124221054258874e-05,1.1288730248643502e-05,1.481992267498583e-05,1.2717466410016175e-05,0,22,9.9999999999999998e-13
19,6,"DenseLayer( 128,64 )","weights",9.247930112446042,0.00010264095916516868,1.1098802591581282e-05,1.1262913676231272e-05,1.4803912447913867e-05,1.2697476555597017e-05,0,22,9.9999999999999998e-13
19,6,"DenseLayer( 128,64 )","biases",0.0018458940895022219,6.805929982489237e-06,0.0036841544170402528,0.0038168404161587704,0.005823481589976363,0.0035827573767064263,0,22,9.9999999999999998e-13
19,8,"DenseLayer( 64,1 )","all",1.502028893630353,8.8510171282224621e-06,5.8927058767962441e-06,6.0159915901207105e-06,8.538069712767626e-06,6.1151973056663703e-06,0,22,9.9999999999999998e-13
19,8,"DenseLayer( 64,1 )","weights",1.502028888222531,8.8219448413293473e-06,5.8733505903265652e-06,5.995760999826898e-06,8.5380673719043914e-06,6.1106684656480336e-06,0,22,9.9999999999999998e-13
19,8,"DenseLayer( 64,1 )","biases",0.00012743817801079288,6.2566885555332352e-07,0.0048943396549242365,0.0057758288113181223,0.011307417473727337,0.0028162595856661568,0,22,9.9999999999999998e-13
20,0,"Conv2DLayer(1,8,5, stride=5, padding=0)","all",1.3733562455022885,1.3815579850116828e-05,1.0059723032643041e-05,1.1127054185368852e-05,1.8571699117677933e-05,1.3510280473059412e-05,0,22,9.9999999999999998e-13
20,0,"Conv2DLayer(1,8,5, stride=5, padding=0)","weights",1.3733559658783014,1.3574412255003942e-05,9.8841205601120565e-06,1.0958489458079807e-05,1.8396387148020285e-05,1.3312681755061133e-05,0,22,9.9999999999999998e-13
20,0,"Conv2DLayer(1,8,5, stride=5, padding=0)","biases",0.00087636308357144361,2.4982062861460918e-06,0.0028500836640116866,0.0030217495980851983,0.0042303119379426797,0.0035813849804015229,0,22,9.9999999999999998e-13
20,4,"DenseLayer( 7202,128 )","all",15.872705164813295,0.00088983524733959331,5.6060733981596173e-05,5.8159190293243006e-05,8.8436498700876417e-05,5.1961070573336725e-05,0,22,9.9999999999999998e-13
20,4,"DenseLayer( 7202,128 )","weights",15.872704949555517,0.00088978297133669346,5.6057441287728603e-05,5.815564265424931e-05,8.8429846385219875e-05,5.195827700943257e-05,0,22,9.9999999999999998e-13
20,4,"DenseLayer( 7202,128 )","biases",0.0026140709578144489,9.5948741752779177e-06,0.0036721365307658756,0.0039038721248126139,0.0066008972239660051,0.0032545901280324253,0,22,9.9999999999999998e-13
20,6,"DenseLayer( 128,64 )","all",9.247949870707739,9.3166900533518465e-05,1.0074331196090854e-05,1.0329760376105605e-05,1.5377158578590989e-05,9.861622925570058e-06,0,22,9.9999999999999998e-13
20,6,"DenseLayer( 128,64 )","weights",9.2479496853071961,9.2957566648210475e-05,1.0051695685380572e-05,1.0306131484384889e-05,1.5337622086573869e-05,9.8387062579500699e-06,0,22,9.9999999999999998e-13
20,6,"DenseLayer( 128,64 )","biases",0.001851727667642478,6.1746581603140267e-06,0.0033358390049390151,0.0034898645619704629,0.00552222953005122,0.0033159385104738577,0,22,9.9999999999999998e-13
20,8,"DenseLayer( 64,1 )","all",1.5020455202152052,8.2092697255549663e-06,5.4653977782272602e-06,5.6478607656754093e-06,8.6293427465638524e-06,4.1412744215745305e-06,0,22,9.9999999999999998e-13
20,8,"DenseLayer( 64,1 )","weights",1.5020455149201042,8.1838211073771405e-06,5.4484551083987177e-06,5.6290014870326292e-06,8.5875402166927083e-06,4.1406726780118104e-06,0,22,9.9999999999999998e-13
20,8,"DenseLayer( 64,1 )","biases",0.00012611139324938202,5.7680947727269749e-07,0.0045708686164349791,0.0054860571589957462,0.010158838863480329,0.00083235148145884821,0,22,9.9999999999999998e-13
21,0,"Conv2DLayer(1,8,5, stride=5, padding=0)","all",1.3733605927414712,1.3633482142469154e-05,9.9270960019119593e-06,1.0388493905648389e-05,1.5613688126432864e-05,3.4479503235372198e-06,0,22,9.9999999999999998e-13
21,0,"Conv2DLayer(1,8,5, stride=5, padding=0)","weights",1.3733603086224069,1.3319968424058168e-05,9.6988157900313742e-06,1.0170269427423948e-05,1.5438116148440302e-05,3.3789050690175616e-06,0,22,9.9999999999999998e-13
21,0,"Conv2DLayer(1,8,5, stride=5, padding=0)","biases",0.00088338827516589921,2.8181193811808645e-06,0.0031904130397177812,0.0032928153292632123,0.0045804577466326156,0.0010599522544222767,0,22,9.9999999999999998e-13
21,4,"DenseLayer( 7202,128 )","all",15.872772988066092,0.0010308202763154709,6.4942677772919673e-05,6.6211072816358039e-05,8.3027111209517577e-05,3.6534132077997281e-05,0,22,9.9999999999999998e-13
21,4,"DenseLayer( 7202,128 )","weights",15.87277277059531,0.0010307441262091808,6.4937881132199707e-05,6.6206117843618188e-05,8.3021140022212971e-05,3.6531752112551756e-05,0,22,9.9999999999999998e-13
21,4,"DenseLayer( 7202,128 )","biases",0.0026274905105509285,1.2500120929653244e-05,0.0047577504907177692,0.0048943956640727987,0.0060216017529424451,0.0025222478109470335,0,22,9.9999999999999998e-13
21,6,"DenseLayer( 128,64 )","all",9.2479869238660513,0.00010982096514976941,1.1875121896029976e-05,1.2110214739207745e-05,1.5367881675338637e-05,7.1582516207707974e-06,0,22,9.9999999999999998e-13
21,6,"DenseLayer( 128,64 )","weights",9.2479867349774718,0.00010940555318444161,1.1830202960524111e-05,1.2062543807927419e-05,1.5319111199403252e-05,7.1404798074224846e-06,0,22,9.9999999999999998e-13
21,6,"DenseLayer( 128,64 )","biases",0.0018691036507419048,9.4130498225643154e-06,0.0050378007164778452,0.0053140115480629167,0.0071721467256467917,0.0024938668804117135,0,22,9.9999999999999998e-13
21,8,"DenseLayer( 64,1 )","all",1.5020770053235075,9.9834214826584578e-06,6.6464137658901193e-06,6.8526934280384222e-06,9.1035268277138499e-06,3.6135353324845296e-06,0,22,9.9999999999999998e-13
21,8,"DenseLayer( 64,1 )","weights",1.5020770001037924,9.9001971749090584e-06,6.5910076212361398e-06,6.7915341896324384e-06,9.0124760156920374e-06,3.604818315362413e-06,0,22,9.9999999999999998e-13
21,8,"DenseLayer( 64,1 )","biases",0.00012518503519293682,1.236421997997571e-06,0.0099013787907919291,0.010997236053382538,0.015630215244622422,0.0031229277873152661,0,22,9.9999999999999998e-13
22,0,"Conv2DLayer(1,8,5, stride=5, padding=0)","all",1.3733655865589249,1.0069543824255826e-05,7.3320202432462724e-06,7.991766374089476e-06,1.4511868042451966e-05,1.0739254983578026e-05,0,22,9.9999999999999998e-13
22,0,"Conv2DLayer(1,8,5, stride=5, padding=0)","weights",1.3733652955389632,9.7181156789381751e-06,7.0761334493902327e-06,7.7319119590938761e-06,1.4082347138967045e-05,1.0467091785147564e-05,0,22,9.9999999999999998e-13
22,0,"Conv2DLayer(1,8,5, stride=5, padding=0)","biases",0.00089405815785081758,2.6036212042337804e-06,0.0029145412145208812,0.0031104092394252446,0.0054141115020040409,0.0036805154814620921,0,22,9.9999999999999998e-13
22,4,"DenseLayer( 7202,128 )","all",15.872849230213548,0.00082592482900763751,5.2033811105586133e-05,5.3487957732032439e-05,7.4120562927541998e-05,7.4120562927541998e-05,0,22,9.9999999999999998e-13
22,4,"DenseLayer( 7202,128 )","weights",15.872849012266224,0.00082586563050961095,5.2030082275326561e-05,5.3483998059892649e-05,7.4115077889296268e-05,7.4115077889296268e-05,0,22,9.9999999999999998e-13
22,4,"DenseLayer( 7202,128 )","biases",0.0026303732496515374,9.8399886684095834e-06,0.0037407847748832843,0.0039275619898269205,0.0057241080241733685,0.0054182529848758052,0,22,9.9999999999999998e-13
22,6,"DenseLayer( 128,64 )","all",9.2480247592690379,9.9365328638620218e-05,1.0744493189497365e-05,1.1015238908294749e-05,1.5730254593800726e-05,1.2570790744110027e-05,0,22,9.9999999999999998e-13
22,6,"DenseLayer( 128,64 )","weights",9.2480245673397761,9.8985968343530322e-05,1.0703472714158179e-05,1.0970826600721027e-05,1.5646119387741808e-05,1.2533603481759602e-05,0,22,9.9999999999999998e-13
22,6,"DenseLayer( 128,64 )","biases",0.001884108362608759,8.5378076534649147e-06,0.0045325899661268227,0.0048524301931183716,0.0079863568156284329,0.0047015863556546357,0,22,9.9999999999999998e-13
22,8,"DenseLayer( 64,1 )","all",1.5021117919901206,8.9157700177950643e-06,5.9354950425539136e-06,6.137673423794231e-06,9.9289495395866145e-06,6.2958454104154749e-06,0,22,9.9999999999999998e-13
22,8,"DenseLayer( 64,1 )","weights",1.5021117869669436,8.8444168682388863e-06,5.887993088290233e-06,6.084132290258544e-06,9.8266430851862655e-06,6.249482502294069e-06,0,22,9.9999999999999998e-13
22,8,"DenseLayer( 64,1 )","biases",0.00012281698681445877,1.0764885122295131e-06,0.0087588026534792338,0.009865725381192415,0.016916682541647181,0.0091610055007925184,0,22,9.9999999999999998e-13
23,0,"Conv2DLayer(1,8,5, stride=5, padding=0)","all",1.3733636560660516,8.3227626794031369e-06,6.0601310934130461e-06,6.3550449598760848e-06,9.9807205360849726e-06,9.9807205360849726e-06,0,22,9.9999999999999998e-13
23,0,"Conv2DLayer(1,8,5, stride=5, padding=0)","weights",1.3733633639129657,8.0901146726234312e-06,5.8907322350608571e-06,6.1889394996613925e-06,9.7135392436189232e-06,9.7135392436189232e-06,0,22,9.9999999999999998e-13
23,0,"Conv2DLayer(1,8,5, stride=5, padding=0)","biases",0.00089580020366314579,1.8977665270066095e-06,0.0021183996307642329,0.0022127663414917825,0.003507927907640737,0.003507927907640737,0,22,9.9999999999999998e-13
23,4,"DenseLayer( 7202,128 )","all",15.87292545800412,0.00081635737048237306,5.1430797840141142e-05,5.2970768499096285e-05,7.9925237894797074e-05,7.9925237894797074e-05,0,22,9.9999999999999998e-13
23,4,"DenseLayer( 7202,128 )","weights",15.872925237180969,0.00081630809802857231,5.1427694374318915e-05,5.2967461486245807e-05,7.9918326999126889e-05,7.9918326999126889e-05,0,22,9.9999999999999998e-13
23,4,"DenseLayer( 7202,128 )","biases",0.0026476784545441481,8.906557481408661e-06,0.0033633795207289653,0.0035478556888794703,0.0063057221405815054,0.0063057221405815054,0,22,9.9999999999999998e-13
23,6,"DenseLayer( 128,64 )","all",9.2480603104799766,9.6333283305577986e-05,1.0416592828146509e-05,1.0566466950103189e-05,1.5063682339825204e-05,1.5063682339825204e-05,0,22,9.9999999999999998e-13
23,6,"DenseLayer( 128,64 )","weights",9.2480601143704213,9.602459546040451e-05,1.0383214397005837e-05,1.053090025779085e-05,1.4982633715456862e-05,1.4982633715456862e-05,0,22,9.9999999999999998e-13
23,6,"DenseLayer( 128,64 )","biases",0.0019045303968535164,7.5742631413652208e-06,0.0039766659051244943,0.0042058520420114025,0.0075837076783685795,0.0075837076783685795,0,22,9.9999999999999998e-13
23,8,"DenseLayer( 64,1 )","all",1.5021378871725919,7.6794207916329939e-06,5.1123252980613043e-06,5.2630586141804321e-06,8.7204617119728278e-06,8.7204617119728278e-06,0,22,9.9999999999999998e-13
23,8,"DenseLayer( 64,1 )","weights",1.502137882024781,7.6316835784413851e-06,5.0805458702437698e-06,5.2256381613994161e-06,8.6059089536013119e-06,8.6059089536013119e-06,0,22,9.9999999999999998e-13
23,8,"DenseLayer( 64,1 )","biases",0.00012434293768654408,7.7381264418363571e-07,0.0062461073226028488,0.0076184157128963833,0.01734912573784202,0.01734912573784202,0,22,9.9999999999999998e-13
24,0,"Conv2DLayer(1,8,5, stride=5, padding=0)","all",1.3733682702307188,1.058220678245588e-05,7.705297130533492e-06,8.5973064793625142e-06,1.7220522773882137e-05,4.0791897111958487e-06,0,22,9.9999999999999998e-13
24,0,"Conv2DLayer(1,8,5, stride=5, padding=0)","weights",1.373367975024258,1.0350011589313406e-05,7.5362289105828662e-06,8.4274559186295883e-06,1.6977518724905345e-05,4.0496927543726311e-06,0,22,9.9999999999999998e-13
24,0,"Conv2DLayer(1,8,5, stride=5, padding=0)","biases",0.00090047244367667844,2.1294145039611695e-06,0.0023654195435008447,0.0025945388789241426,0.0044002690419095809,0.0007457150034737226,0,22,9.9999999999999998e-13
24,4,"DenseLayer( 7202,128 )","all",15.872990642091127,0.00082587033367401879,5.2029917009650254e-05,5.2973245375561608e-05,8.2603524032982747e-05,5.345050238924375e-05,0,22,9.9999999999999998e-13
24,4,"DenseLayer( 7202,128 )","weights",15.87299042065826,0.00082581961982632296,5.2026722757694249e-05,5.2969910716355018e-05,8.2596945448500488e-05,5.3448112843908534e-05,0,22,9.9999999999999998e-13
24,4,"DenseLayer( 7202,128 )","biases",0.002651336917533359,9.0764974600808298e-06,0.0034235508269863128,0.0035593727826592606,0.006251159632653179,0.0030157689640367474,0,22,9.9999999999999998e-13
24,6,"DenseLayer( 128,64 )","all",9.2480942991148414,9.9425697697309314e-05,1.0750939309181441e-05,1.0896708973540981e-05,1.5244328765115802e-05,1.0592033537487028e-05,0,22,9.9999999999999998e-13
24,6,"DenseLayer( 128,64 )","weights",9.2480940974448629,9.9118353082857462e-05,1.0717706251374351e-05,1.0861862305819571e-05,1.5168333977193167e-05,1.057002721863654e-05,0,22,9.9999999999999998e-13
24,6,"DenseLayer( 128,64 )","biases",0.0019313340314240045,7.6255400011396349e-06,0.0039492776645225231,0.0041726018261417381,0.0073600008885521314,0.0032551664290770615,0,22,9.9999999999999998e-13
24,8,"DenseLayer( 64,1 )","all",1.5021682347639,7.6245861426920688e-06,5.0757221311115181e-06,5.2966914233872367e-06,8.7012269290640666e-06,4.9847845223439891e-06,0,22,9.9999999999999998e-13
24,8,"DenseLayer( 64,1 )","weights",1.5021682293485994,7.577718210167234e-06,5.0445219201904431e-06,5.261084230014414e-06,8.593563702457934e-06,4.9840721982757749e-06,0,22,9.9999999999999998e-13
24,8,"DenseLayer( 64,1 )","biases",0.0001275382826200009,7.4614217737689614e-07,0.0058619171993150631,0.00725632075810906,0.016517436831143716,0.0010118006970130885,0,22,9.9999999999999998e-13
25,0,"Conv2DLayer(1,8,5, stride=5, padding=0)","all",1.3733680060125,1.4052807647839265e-05,1.0232371448641651e-05,1.0764847532141045e-05,1.8132531489444834e-05,1.1024522639094203e-05,0,22,9.9999999999999998e-13
25,0,"Conv2DLayer(1,8,5, stride=5, padding=0)","weights",1.3733677089126635,1.3585046958740913e-05,9.8917801074341127e-06,1.0445620069854389e-05,1.7892102342642147e-05,1.0393033306792525e-05,0,22,9.9999999999999998e-13
25,0,"Conv2DLayer(1,8,5, stride=5, padding=0)","biases",0.00090331865358979184,3.4872418123160906e-06,0.0038566049948152771,0.0039482978775803347,0.0054968132442990252,0.0054968132442990252,0,22,9.9999999999999998e-13
25,4,"DenseLayer( 7202,128 )","all",15.873083332531287,0.0010607921490737096,6.6829619394942623e-05,6.8238007566083102e-05,9.1214062316351973e-05,9.1214062316351973e-05,0,22,9.9999999999999998e-13
25,4,"DenseLayer( 7202,128 )","weights",15.873083106801522,0.0010607234579595108,6.6825292823411079e-05,6.8233498159969624e-05,9.1206513791997087e-05,9.1206513791997087e-05,0,22,9.9999999999999998e-13
25,4,"DenseLayer( 7202,128 )","biases",0.0026769398358043517,1.2035213449278124e-05,0.0044961472077058593,0.0046526496617043658,0.0069292821733909988,0.0069292821733909988,0,22,9.9999999999999998e-13
25,6,"DenseLayer( 128,64 )","all",9.2481374818716571,0.00011765086320835108,1.2721574045612427e-05,1.2881312272186341e-05,1.705196298677929e-05,1.6338994999579713e-05,0,22,9.9999999999999998e-13
25,6,"DenseLayer( 128,64 )","weights",9.2481372721096058,0.00011733272240278282,1.2687173806104772e-05,1.2845099092751735e-05,1.6979477176795298e-05,1.6262122756972415e-05,0,22,9.9999999999999998e-13
25,6,"DenseLayer( 128,64 )","biases",0.0019696914493994399,8.4815448769158753e-06,0.0043080383209801202,0.0045359153137393493,0.0074652198486583523,0.0073698968451285868,0,22,9.9999999999999998e-13
25,8,"DenseLayer( 64,1 )","all",1.5022013067006843,1.024928415892012e-05,6.8228473659390689e-06,7.0014193710138461e-06,1.0395304824364011e-05,1.0161868587828183e-05,0,22,9.9999999999999998e-13
25,8,"DenseLayer( 64,1 )","weights",1.502201301229297,1.0201619685543981e-05,6.7911175963274095e-06,6.964244040855426e-06,1.0287458946329203e-05,1.0064945748067617e-05,0,22,9.9999999999999998e-13
25,8,"DenseLayer( 64,1 )","biases",0.00012819084209199488,8.9784126347777515e-07,0.0070218592323073757,0.0084856459210327292,0.017730011574826104,0.016422678227830986,0,22,9.9999999999999998e-13
26,0,"Conv2DLayer(1,8,5, stride=5, padding=0)","all",1.3733771623167348,1.0572372970190649e-05,7.6980903636532766e-06,8.1719712213504391e-06,1.5563677329655091e-05,1.3476189684156919e-05,0,22,9.9999999999999998e-13
26,0,"Conv2DLayer(1,8,5, stride=5, padding=0)","weights",1.3733768491444467,1.0344473237090389e-05,7.5321509410925658e-06,8.0228587748291542e-06,1.5424572610120554e-05,1.3332726522303581e-05,0,22,9.9999999999999998e-13
26,0,"Conv2DLayer(1,8,5, stride=5, padding=0)","biases",0.00092746508528313368,2.0622894344814096e-06,0.0022251250546501933,0.0023040116747286466,0.0032010966304033242,0.0029265525937046339,0,22,9.9999999999999998e-13
26,4,"DenseLayer( 7202,128 )","all",15.87317459467608,0.00083603012539083181,5.2669368206719068e-05,5.3040211570936511e-05,7.085100671371524e-05,7.085100671371524e-05,0,22,9.9999999999999998e-13
26,4,"DenseLayer( 7202,128 )","weights",15.873174367022383,0.00083598255415941116,5.2666372004812649e-05,5.3037193009143201e-05,7.0847679044211208e-05,7.0847679044211208e-05,0,22,9.9999999999999998e-13
26,4,"DenseLayer( 7202,128 )","biases",0.0026883391516481035,8.8886365508815196e-06,0.0033063462682689617,0.0033415072151917083,0.0041396732034295718,0.0040606294399462822,0,22,9.9999999999999998e-13
26,6,"DenseLayer( 128,64 )","all",9.2481862786511204,9.916779923520415e-05,1.0722945028897156e-05,1.0765298394651588e-05,1.2710993560396215e-05,1.0291182475341541e-05,0,22,9.9999999999999998e-13
26,6,"DenseLayer( 128,64 )","weights",9.2481860646631837,9.8797770561219984e-05,1.0682934339371039e-05,1.0724510258463301e-05,1.2643542660363867e-05,1.0277436997304599e-05,0,22,9.9999999999999998e-13
26,6,"DenseLayer( 128,64 )","biases",0.0019894539400460137,8.4474884780717775e-06,0.004244895112985164,0.0043496970378289028,0.0060585564491866814,0.0024562079223978137,0,22,9.9999999999999998e-13
26,8,"DenseLayer( 64,1 )","all",1.5022458251536825,6.9925453235820952e-06,4.6547307052652793e-06,4.7250043268141015e-06,6.0492912511354664e-06,4.212093093437064e-06,0,22,9.9999999999999998e-13
26,8,"DenseLayer( 64,1 )","weights",1.5022458200869275,6.9609848101783594e-06,4.6337218291441986e-06,4.7035811595717313e-06,6.0178583821472936e-06,4.2115575262045609e-06,0,22,9.9999999999999998e-13
26,8,"DenseLayer( 64,1 )","biases",0.00012337517645474608,6.0560837896032771e-07,0.0049058441460045118,0.0054651159379193303,0.0084684069012393084,0.0008064831287544383,0,22,9.9999999999999998e-13
27,0,"Conv2DLayer(1,8,5, stride=5, padding=0)","all",1.3733770557473608,1.9898867377510197e-05,1.4488974495420225e-05,1.6127762150783202e-05,3.8935843265676348e-05,3.8935843265676348e-05,0,22,9.9999999999999998e-13
27,0,"Conv2DLayer(1,8,5, stride=5, padding=0)","weights",1.3733767385771232,1.9542215629915284e-05,1.4229288949479089e-05,1.585016712204342e-05,3.8307684137287441e-05,3.8307684137287441e-05,0,22,9.9999999999999998e-13
27,0,"Conv2DLayer(1,8,5, stride=5, padding=0)","biases",0.00093333237390343788,3.6694537257920825e-06,0.0039210918539899784,0.004362334394104217,0.01017873571558945,0.01017873571558945,0,22,9.9999999999999998e-13
27,4,"DenseLayer( 7202,128 )","all",15.873249473397752,0.0010947498944930897,6.8968198142611457e-05,7.1586764570214908e-05,0.00012650867823293583,0.00012650867823293583,0,22,9.9999999999999998e-13
27,4,"DenseLayer( 7202,128 )","weights",15.87324924578102,0.0010946764074924666,6.8963569522860279e-05,7.1581754405544129e-05,0.00012649819477736945,0.00012649819477736945,0,22,9.9999999999999998e-13
27,4,"DenseLayer( 7202,128 )","biases",0.0026881201794091334,1.2627674011031584e-05,0.0046950664763143884,0.0049967824721434285,0.0096151503615033475,0.0096151503615033475,0,22,9.9999999999999998e-13
27,6,"DenseLayer( 128,64 )","all",9.2482292446832535,0.00013406411582351228,1.449618541139082e-05,1.5077314586772373e-05,2.4846598735680751e-05,2.4846598735680751e-05,0,22,9.9999999999999998e-13
27,6,"DenseLayer( 128,64 )","weights",9.2482290249517565,0.00013351858043206833,1.4437197739893259e-05,1.5011286239711396e-05,2.4736279768289439e-05,2.4736279768289439e-05,0,22,9.9999999999999998e-13
27,6,"DenseLayer( 128,64 )","biases",0.0020159366086712899,1.1828772131571238e-05,0.0058510661267986101,0.0064319338191583192,0.01115472838008426,0.010625572030918025,0,22,9.9999999999999998e-13
27,8,"DenseLayer( 64,1 )","all",1.5022754914265701,1.1222774785245745e-05,7.4704923908031969e-06,7.9564223695839029e-06,1.5415982994107137e-05,1.5415982994107137e-05,0,22,9.9999999999999998e-13
27,8,"DenseLayer( 64,1 )","weights",1.5022754865155226,1.1153044751722203e-05,7.4240765927386919e-06,7.8988666136340438e-06,1.5269561703078346e-05,1.5269561703078346e-05,0,22,9.9999999999999998e-13
27,8,"DenseLayer( 64,1 )","biases",0.00012141974366386421,1.1389876652339643e-06,0.0094595597870908068,0.012030698353709183,0.027225077933409943,0.027225077933409943,0,22,9.9999999999999998e-13
28,0,"Conv2DLayer(1,8,5, stride=5, padding=0)","all",1.3733716096648414,1.9080371001630554e-05,1.3893101164806674e-05,1.6168028740544109e-05,3.5458491410971084e-05,6.2281695932783842e-06,0,22,9.9999999999999998e-13
28,0,"Conv2DLayer(1,8,5, stride=5, padding=0)","weights",1.3733712916624425,1.8740963564970896e-05,1.3645969460813604e-05,1.5891393446035416e-05,3.4833488913550334e-05,5.8874009728184196e-06,0,22,9.9999999999999998e-13
28,0,"Conv2DLayer(1,8,5, stride=5, padding=0)","biases",0.00093457960875594187,3.5153520265188323e-06,0.0037667524556389024,0.0043859038300368119,0.0097610627910353458,0.0029669143040932325,0,22,9.9999999999999998e-13
28,4,"DenseLayer( 7202,128 )","all",15.873310316772667,0.0010560106122340035,6.6527452584673306e-05,6.9561288040377988e-05,0.00012360676449049623,6.8698963337517042e-05,0,22,9.9999999999999998e-13
28,4,"DenseLayer( 7202,128 )","weights",15.873310089068523,0.0010559362724661722,6.6522770217688332e-05,6.9556169019749825e-05,0.0001235960738197993,6.8694921239467974e-05,0,22,9.9999999999999998e-13
28,4,"DenseLayer( 7202,128 )","biases",0.002688648067965432,1.2475886410102101e-05,0.0046414677105193021,0.0049850327821310226,0.0096059921039982656,0.0043990194635430231,0,22,9.9999999999999998e-13
28,6,"DenseLayer( 128,64 )","all",9.2482684239327373,0.00012221388572700398,1.3214792919147973e-05,1.4055675648672612e-05,2.4671115984103433e-05,1.2245119060882827e-05,0,22,9.9999999999999998e-13
28,6,"DenseLayer( 128,64 )","weights",9.2482681936574807,0.00012175967359355349,1.3165679976735834e-05,1.399800866311187e-05,2.455341002823926e-05,1.2222592288397958e-05,0,22,9.9999999999999998e-13
28,6,"DenseLayer( 128,64 )","biases",0.0020637655564663929,1.0293487398015358e-05,0.0050008285017910199,0.0057260265387193282,0.010895402481240405,0.003293908542428114,0,22,9.9999999999999998e-13
28,8,"DenseLayer( 64,1 )","all",1.5022983282791886,1.0574060218073919e-05,7.0386139316756516e-06,7.7520438763521158e-06,1.5959333727367573e-05,6.7001143291561253e-06,0,22,9.9999999999999998e-13
28,8,"DenseLayer( 64,1 )","weights",1.5022983232041693,1.0500310129364119e-05,6.9895220665207363e-06,7.6898875681056467e-06,1.5801780390601722e-05,6.6866930469017753e-06,0,22,9.9999999999999998e-13
28,8,"DenseLayer( 64,1 )","biases",0.00012345424560904078,1.1879065740768882e-06,0.0096073878762631421,0.011894137530325286,0.027401835806835789,0.0050658150787643947,0,22,9.9999999999999998e-13
29,0,"Conv2DLayer(1,8,5, stride=5, padding=0)","all",1.3733793298699051,8.5358934002796916e-06,6.2152507868233614e-06,6.8403509454569684e-06,1.3671607916625356e-05,3.7016353202448731e-06,0,22,9.9999999999999998e-13
29,0,"Conv2DLayer(1,8,5, stride=5, padding=0)","weights",1.3733790033790108,8.3798719029062134e-06,6.1016481432899953e-06,6.7310863697855958e-06,1.3547393833393802e-05,3.6627530405542236e-06,0,22,9.9999999999999998e-13
29,0,"Conv2DLayer(1,8,5, stride=5, padding=0)","biases",0.00094698943672243791,1.5439110822802577e-06,0.0016308661696055702,0.0017674352443835704,0.0034460900160384039,0.0007770582623428128,0,22,9.9999999999999998e-13
29,4,"DenseLayer( 7202,128 )","all",15.873395653543607,0.00078238312713873313,4.9288961074618258e-05,5.045312965311508e-05,7.7478094259354844e-05,4.3871532466092438e-05,0,22,9.9999999999999998e-13
29,4,"DenseLayer( 7202,128 )","weights",15.873395424551042,0.00078234138405561672,4.9286332033334077e-05,5.0450347008267972e-05,7.7472534402111396e-05,4.3869685099726458e-05,0,22,9.9999999999999998e-13
29,4,"DenseLayer( 7202,128 )","biases",0.0026962500864649084,8.029357338086232e-06,0.0029786949784018591,0.0031215679829340887,0.0054773279520431003,0.0023732571341492929,0,22,9.9999999999999998e-13
29,6,"DenseLayer( 128,64 )","all",9.2483180281371293,9.5837767984930354e-05,1.0362725354134182e-05,1.0461860672763543e-05,1.4173889100188194e-05,8.5636411019109106e-06,0,22,9.9999999999999998e-13
29,6,"DenseLayer( 128,64 )","weights",9.2483177893099047,9.558350840869013e-05,1.0335233088941862e-05,1.0433323719220936e-05,1.4115757394759805e-05,8.5382063061815772e-06,0,22,9.9999999999999998e-13
29,6,"DenseLayer( 128,64 )","biases",0.0021017468725974741,6.8992585033397027e-06,0.0032859492042840509,0.0034051628410936489,0.0056895587859083548,0.0028819281471631863,0,22,9.9999999999999998e-13
29,8,"DenseLayer( 64,1 )","all",1.5023387896735843,7.051258274623898e-06,4.6935255899142183e-06,4.862296328321279e-06,7.9846017069580559e-06,3.6524024840403468e-06,0,22,9.9999999999999998e-13
29,8,"DenseLayer( 64,1 )","weights",1.5023387847145959,7.0295030905717e-06,4.6790446692941607e-06,4.8445082009094e-06,7.9301971021321149e-06,3.6464882434192694e-06,0,22,9.9999999999999998e-13
29,8,"DenseLayer( 64,1 )","biases",0.00012206104689870368,4.9090753732757131e-07,0.0040096625761273132,0.0050762764470362381,0.011177336665373596,0.0025194840096748185,0,22,9.9999999999999998e-13
30,0,"Conv2DLayer(1,8,5, stride=5, padding=0)","all",1.3733802517919431,1.1649380980273621e-05,8.4822627188826487e-06,9.2919310610863167e-06,1.5106851842570517e-05,1.5106851842570517e-05,0,22,9.9999999999999998e-13
30,0,"Conv2DLayer(1,8,5, stride=5, padding=0)","weights",1.3733799170481102,1.1397434355081361e-05,8.2988145529618401e-06,9.1243804739186191e-06,1.4909695770177244e-05,1.4909695770177244e-05,0,22,9.9999999999999998e-13
30,0,"Conv2DLayer(1,8,5, stride=5, padding=0)","biases",0.00095885171312940474,2.3181997919070959e-06,0.0024173399460339457,0.0025153279660211059,0.0034619589320336822,0.0034619589320336822,0,22,9.9999999999999998e-13
30,4,"DenseLayer( 7202,128 )","all",15.873493075457532,0.00086097592122771915,5.4239849360988958e-05,5.5489897497842047e-05,8.0574653115340379e-05,6.769684834354046e-05,0,22,9.9999999999999998e-13
30,4,"DenseLayer( 7202,128 )","weights",15.87349284615523,0.00086092369930646049,5.4236560262982668e-05,5.5486460592515798e-05,8.0569117051443049e-05,6.7693013099649638e-05,0,22,9.9999999999999998e-13
30,4,"DenseLayer( 7202,128 )","biases",0.0026980697969671351,9.4256953718875589e-06,0.0034934229067687364,0.003634077180048172,0.0055616747125912264,0.0042210668313648128,0,22,9.9999999999999998e-13
30,6,"DenseLayer( 128,64 )","all",9.2483711613936883,9.6608956141294348e-05,1.0446050586858502e-05,1.0571681887380585e-05,1.3135825206988893e-05,1.2044357935787782e-05,0,22,9.9999999999999998e-13
30,6,"DenseLayer( 128,64 )","weights",9.2483709145327229,9.6324252979201303e-05,1.0415266719908632e-05,1.0540903576220784e-05,1.3114081382792985e-05,1.200919200274902e-05,0,22,9.9999999999999998e-13
30,6,"DenseLayer( 128,64 )","biases",0.0021367762710332739,7.3228355576284956e-06,0.0034271977775917396,0.0034897440982122542,0.0051611923569695141,0.003926106578002889,0,22,9.9999999999999998e-13
30,8,"DenseLayer( 64,1 )","all",1.5023723575378154,8.0001955007784515e-06,5.3250412305477251e-06,5.4308926167143277e-06,7.0821860026566407e-06,5.8086804657178161e-06,0,22,9.9999999999999998e-13
30,8,"DenseLayer( 64,1 )","weights",1.5023723525594992,7.9650642925577236e-06,5.3016574093513996e-06,5.406561484680378e-06,7.0431487884135129e-06,5.7968089619789989e-06,0,22,9.9999999999999998e-13
30,8,"DenseLayer( 64,1 )","biases",0.00012229570546134545,6.9838808320293377e-07,0.0057090684213997132,0.0063032584733743397,0.011037921585234799,0.0044523339898789047,0,22,9.9999999999999998e-13
31,0,"Conv2DLayer(1,8,5, stride=5, padding=0)","all",1.3733786029478716,1.2665054448117623e-05,9.2218166657266638e-06,1.0079589363049616e-05,1.7512914673591026e-05,1.30161810110994e-05,0,22,9.9999999999999998e-13
31,0,"Conv2DLayer(1,8,5, stride=5, padding=0)","weights",1.3733782660544036,1.2373890593596972e-05,9.0098136802785538e-06,9.8778229678378033e-06,1.7266382695025972e-05,1.2607935172296939e-05,0,22,9.9999999999999998e-13
31,0,"Conv2DLayer(1,8,5, stride=5, padding=0)","biases",0.00096192211529038329,2.6205364286457374e-06,0.0027195254724167832,0.0028561433359437357,0.004547209957930465,0.004547209957930465,0,22,9.9999999999999998e-13
31,4,"DenseLayer( 7202,128 )","all",15.873564718082436,0.00092057209641492859,5.7994020477881998e-05,5.9540538191960306e-05,8.6023165993996597e-05,8.6023165993996597e-05,0,22,9.9999999999999998e-13
31,4,"DenseLayer( 7202,128 )","weights",15.87356448728046,0.00092051360351406812,5.7990336398299664e-05,5.9536702227186956e-05,8.6017375154062709e-05,8.6017375154062709e-05,0,22,9.9999999999999998e-13
31,4,"DenseLayer( 7202,128 )","biases",0.002706888154406473,1.034177734760849e-05,0.0038181121077196386,0.0039589958509209031,0.0058342853083960334,0.0058342853083960334,0,22,9.9999999999999998e-13
31,6,"DenseLayer( 128,64 )","all",9.2484161376939742,0.00011603680944370695,1.2546666269931026e-05,1.2667055595609572e-05,1.7636883430672802e-05,1.7636883430672802e-05,0,22,9.9999999999999998e-13
31,6,"DenseLayer( 128,64 )","weights",9.2484158814249486,0.00011562702075585761,1.2502357557217782e-05,1.2622188670197004e-05,1.7560137703211756e-05,1.7560137703211756e-05,0,22,9.9999999999999998e-13
31,6,"DenseLayer( 128,64 )","biases",0.0021771837509179963,9.6892820176061131e-06,0.0044494447421785793,0.0045229482477611108,0.0069766191018951389,0.0069766191018951389,0,22,9.9999999999999998e-13
31,8,"DenseLayer( 64,1 )","all",1.5024021610771001,8.5640551284636088e-06,5.700228211258074e-06,5.8603160826485055e-06,8.0986415480301571e-06,8.0986415480301571e-06,0,22,9.9999999999999998e-13
31,8,"DenseLayer( 64,1 )","weights",1.5024021558679288,8.533003453034963e-06,5.6795603970644245e-06,5.836597452246738e-06,8.0247412914797802e-06,8.0247412914797802e-06,0,22,9.9999999999999998e-13
31,8,"DenseLayer( 64,1 )","biases",0.00012508535291999578,6.3046205799433996e-07,0.0050909201814864002,0.0064392185102602742,0.013776356332493514,0.013776356332493514,0,22,9.9999999999999998e-13
32,0,"Conv2DLayer(1,8,5, stride=5, padding=0)","all",1.3733829310802763,1.1467138456753953e-05,8.3495550589780561e-06,9.0690431427578962e-06,1.7872592693715664e-05,6.0872243284308197e-06,0,22,9.9999999999999998e-13
32,0,"Conv2DLayer(1,8,5, stride=5, padding=0)","weights",1.3733825787567804,1.1122388807676525e-05,8.0985349510811143e-06,8.817882046756908e-06,1.7477764318577506e-05,5.8735287082637018e-06,0,22,9.9999999999999998e-13
32,0,"Conv2DLayer(1,8,5, stride=5, padding=0)","biases",0.00098373542780082223,2.7346362865883836e-06,0.0027806446492136625,0.0029610972725776837,0.0052498915400804747,0.0022242266760113916,0,22,9.9999999999999998e-13
32,4,"DenseLayer( 7202,128 )","all",15.873665386598956,0.00090229293062904091,5.6842136222020164e-05,5.8489437524048887e-05,9.4925979230726037e-05,4.0144636995085301e-05,0,22,9.9999999999999998e-13
32,4,"DenseLayer( 7202,128 )","weights",15.873665152618873,0.0009022277675246529,5.6838031951548639e-05,5.8485076573041825e-05,9.4916959213674592e-05,4.0142415971981066e-05,0,22,9.9999999999999998e-13
32,4,"DenseLayer( 7202,128 )","biases",0.0027254783073573157,1.0804909122539518e-05,0.0039644844662512762,0.0041602347856736907,0.0076143995014059359,0.0024633863886333257,0,22,9.9999999999999998e-13
32,6,"DenseLayer( 128,64 )","all",9.2484606015193709,0.00011351930072390564,1.2274401668935286e-05,1.2657043789944748e-05,1.9307259608897601e-05,7.6766229538104615e-06,0,22,9.9999999999999998e-13
32,6,"DenseLayer( 128,64 )","weights",9.2484603383163151,0.00011301549041907726,1.2219926963272855e-05,1.2599318530671838e-05,1.9191444410230834e-05,7.6534076174208986e-06,0,22,9.9999999999999998e-13
32,6,"DenseLayer( 128,64 )","biases",0.0022064189775742927,1.0632892115456113e-05,0.0048244021405251039,0.0050709195918872624,0.0088582743918000882,0.0024869949911727604,0,22,9.9999999999999998e-13
32,8,"DenseLayer( 64,1 )","all",1.502442267759921,9.7196198427469093e-06,6.4692150421531749e-06,6.7921072665215424e-06,1.2249699962846403e-05,4.1653482686167924e-06,0,22,9.9999999999999998e-13
32,8,"DenseLayer( 64,1 )","weights",1.5024422627171186,9.6400333222852142e-06,6.4162436395114428e-06,6.7327074072272719e-06,1.2102751582337753e-05,4.1406319842135808e-06,0,22,9.9999999999999998e-13
32,8,"DenseLayer( 64,1 )","biases",0.0001230734239718665,1.214294818716801e-06,0.0099140614490663918,0.011050214343472685,0.023636983260938917,0.0055926946002121782,0,22,9.9999999999999998e-13
33,0,"Conv2DLayer(1,8,5, stride=5, padding=0)","all",1.3733850245899859,1.5143421377260169e-05,1.1026349359332148e-05,1.2271490776521602e-05,2.2640246176810592e-05,1.0722954697906859e-05,0,22,9.9999999999999998e-13
33,0,"Conv2DLayer(1,8,5, stride=5, padding=0)","weights",1.3733846668740259,1.4831255597076621e-05,1.0799055318137108e-05,1.2050863178955619e-05,2.2394495193426475e-05,1.0556765184480045e-05,0,22,9.9999999999999998e-13
33,0,"Conv2DLayer(1,8,5, stride=5, padding=0)","biases",0.00099122489357230726,2.9576116166744445e-06,0.0029842671078697596,0.0032111202167790184,0.0052405297629097344,0.0025805824690549816,0,22,9.9999999999999998e-13
33,4,"DenseLayer( 7202,128 )","all",15.873741400156971,0.00098177156145093348,6.1848771692274516e-05,6.3786707310806837e-05,8.9873940925465552e-05,6.8072925807176468e-05,0,22,9.9999999999999998e-13
33,4,"DenseLayer( 7202,128 )","weights",15.873741166271774,0.00098170024336745819,6.1844279769946006e-05,6.3781961753723432e-05,8.9865646228611687e-05,6.8068983322738501e-05,0,22,9.9999999999999998e-13
33,4,"DenseLayer( 7202,128 )","biases",0.0027249221734003508,1.1764040892410366e-05,0.0043170656839059893,0.0045332035394486554,0.0071250788728421353,0.004245628578645428,0,22,9.9999999999999998e-13
33,6,"DenseLayer( 128,64 )","all",9.2485038996670195,0.00011605784522144708,1.2548822445811559e-05,1.297525511033363e-05,1.8533400092289929e-05,1.104264093923738e-05,0,22,9.9999999999999998e-13
33,6,"DenseLayer( 128,64 )","weights",9.2485036305188117,0.00011562135905983119,1.2501627469536281e-05,1.2924630833944154e-05,1.8417257332533707e-05,1.1009049027935126e-05,0,22,9.9999999999999998e-13
33,6,"DenseLayer( 128,64 )","biases",0.0022312123445095617,9.6592718357924269e-06,0.0043291235216496582,0.0047471813879392125,0.0085946432257661774,0.0035287510873295851,0,22,9.9999999999999998e-13
33,8,"DenseLayer( 64,1 )","all",1.5024746243515004,1.0181146481786578e-05,6.7762493001909434e-06,7.1669567853762279e-06,1.1231163956538919e-05,5.8640449356876613e-06,0,22,9.9999999999999998e-13
33,8,"DenseLayer( 64,1 )","weights",1.502474619379399,1.0100379068830456e-05,6.7224929351838162e-06,7.1059327161314541e-06,1.1078462429861233e-05,5.8289430214681029e-06,0,22,9.9999999999999998e-13
33,8,"DenseLayer( 64,1 )","biases",0.00012219493873999454,1.1540178093127906e-06,0.009400518286614104,0.011382960651679512,0.022296127238565992,0.0077749204660039258,0,22,9.9999999999999998e-13
34,0,"Conv2DLayer(1,8,5, stride=5, padding=0)","all",1.3733810463437635,1.4401437585721809e-05,1.0486108213680483e-05,1.1013472204261591e-05,1.6068697814521115e-05,1.0498810607395838e-05,0,22,9.9999999999999998e-13
34,0,"Conv2DLayer(1,8,5, stride=5, padding=0)","weights",1.3733806857283213,1.4108132199902253e-05,1.0272546614301986e-05,1.0818394108615556e-05,1.5916884330132937e-05,1.0146996004541386e-05,0,22,9.9999999999999998e-13
34,0,"Conv2DLayer(1,8,5, stride=5, padding=0)","biases",0.0009952216455974619,2.7547563439990491e-06,0.0027643096621180361,0.0028405407693982698,0.003912178328647902,0.0036615373449950788,0,22,9.9999999999999998e-13
34,4,"DenseLayer( 7202,128 )","all",15.873816578197896,0.0010216113138908889,6.4358257788612298e-05,6.6058510515614683e-05,8.4883178336323201e-05,8.4883178336323201e-05,0,22,9.9999999999999998e-13
34,4,"DenseLayer( 7202,128 )","weights",15.873816342968349,0.0010215506016358015,6.4354434065637411e-05,6.6054544247285722e-05,8.4876290468673967e-05,8.4876290468673967e-05,0,22,9.9999999999999998e-13
34,4,"DenseLayer( 7202,128 )","biases",0.0027327435892217644,1.106132259388698e-05,0.0040450384632645595,0.0041995284006681628,0.0063481330614806684,0.0062421095837501706,0,22,9.9999999999999998e-13
34,6,"DenseLayer( 128,64 )","all",9.2485424545660244,0.00010953574984606031,1.1843565384261957e-05,1.2194417471578442e-05,1.852843717261856e-05,1.852843717261856e-05,0,22,9.9999999999999998e-13
34,6,"DenseLayer( 128,64 )","weights",9.2485421770968976,0.00010923487969548932,1.1811034137871782e-05,1.2158519683258565e-05,1.8439618680951678e-05,1.8439618680951678e-05,0,22,9.9999999999999998e-13
34,6,"DenseLayer( 128,64 )","biases",0.002265452415051967,7.8368413141949317e-06,0.0034549922437254088,0.0038061361410965753,0.0073562311448809783,0.0073562311448809783,0,22,9.9999999999999998e-13
34,8,"DenseLayer( 64,1 )","all",1.5024986418308315,9.4142969396538601e-06,6.265743827155881e-06,6.5416682937790624e-06,1.0194070146363011e-05,1.0194070146363011e-05,0,22,9.9999999999999998e-13
34,8,"DenseLayer( 64,1 )","weights",1.5024986365780424,9.3748872211334263e-06,6.2395146042865751e-06,6.5098393054205778e-06,1.0097241184808567e-05,1.0097241184808567e-05,0,22,9.9999999999999998e-13
34,8,"DenseLayer( 64,1 )","biases",0.00012562470775182274,6.9680126299234957e-07,0.0055760303027396355,0.0078006969923419614,0.01828265291288814,0.017423831008426295,0,22,9.9999999999999998e-13
35,0,"Conv2DLayer(1,8,5, stride=5, padding=0)","all",1.3733871150542962,9.6769589607119033e-06,7.0460498994928307e-06,7.8536814984509767e-06,1.5110521594147596e-05,1.1414910849947827e-05,0,22,9.9999999999999998e-13
35,0,"Conv2DLayer(1,8,5, stride=5, padding=0)","weights",1.373386746672991,9.4510586623101439e-06,6.8815677032481389e-06,7.7050556139034038e-06,1.4918798818516966e-05,1.1277452153050699e-05,0,22,9.9999999999999998e-13
35,0,"Conv2DLayer(1,8,5, stride=5, padding=0)","biases",0.0010059066974160515,1.9619785435807955e-06,0.0019494842170256215,0.0020742314442168644,0.0032556275471978427,0.002410873332692231,0,22,9.9999999999999998e-13
35,4,"DenseLayer( 7202,128 )","all",15.87392060724873,0.00077422100108606761,4.8773144655870766e-05,4.9355551991392188e-05,6.2808124506870755e-05,5.3540924859470596e-05,0,22,9.9999999999999998e-13
35,4,"DenseLayer( 7202,128 )","weights",15.873920368550792,0.00077417692469313544,4.8770368734473519e-05,4.9352683394926218e-05,6.2803974563705616e-05,5.3538333451709442e-05,0,22,9.9999999999999998e-13
35,4,"DenseLayer( 7202,128 )","biases",0.0027528420215420734,8.2222094213972635e-06,0.0029868157594398295,0.003068761024806538,0.0042925412781719859,0.003039051240258616,0,22,9.9999999999999998e-13
35,6,"DenseLayer( 128,64 )","all",9.2485919361753641,9.525172455492791e-05,1.0299051573121596e-05,1.0383945180523448e-05,1.3467597720852939e-05,9.7049220805067896e-06,0,22,9.9999999999999998e-13
35,6,"DenseLayer( 128,64 )","weights",9.2485916530452901,9.4996022493672191e-05,1.0271404213903819e-05,1.0355363328229053e-05,1.3401678939120927e-05,9.6938876075963299e-06,0,22,9.9999999999999998e-13
35,6,"DenseLayer( 128,64 )","biases",0.0022884451193545068,6.8471450112045694e-06,0.0029916021586445028,0.0031099474098810732,0.005341774796708775,0.0018597192601649331,0,22,9.9999999999999998e-13
35,8,"DenseLayer( 64,1 )","all",1.502542093474905,7.5229042571251399e-06,5.0067848705202964e-06,5.1196044377002862e-06,7.1946349296818705e-06,4.3618799892557877e-06,0,22,9.9999999999999998e-13
35,8,"DenseLayer( 64,1 )","weights",1.5025420885382113,7.4903934214005662e-06,4.9851476923879137e-06,5.0952840636198719e-06,7.1231525474440076e-06,4.3553824229518489e-06,0,22,9.9999999999999998e-13
35,8,"DenseLayer( 64,1 )","biases",0.00012177241561320525,6.3172840534455399e-07,0.0051770321425185714,0.0061140066461253442,0.012678339957730352,0.0029141484790312705,0,22,9.9999999999999998e-13
36,0,"Conv2DLayer(1,8,5, stride=5, padding=0)","all",1.373387768041908,1.5165826349077495e-05,1.1042640198372358e-05,1.1984984713822209e-05,2.2521302996178955e-05,1.7235171144687293e-05,0,22,9.9999999999999998e-13
36,0,"Conv2DLayer(1,8,5, stride=5, padding=0)","weights",1.3733873896646307,1.4844994811891757e-05,1.080903721150439e-05,1.17591045591892e-05,2.2072737923437393e-05,1.7074857851893697e-05,0,22,9.9999999999999998e-13
36,0,"Conv2DLayer(1,8,5, stride=5, padding=0)","biases",0.0010194440311228502,2.9770603849729784e-06,0.0029194558300261351,0.0031176988764024909,0.0060045972045468035,0.0031744002274976171,0,22,9.9999999999999998e-13
36,4,"DenseLayer( 7202,128 )","all",15.874016968398806,0.00093240558486849129,5.8737835780001011e-05,5.985578579849904e-05,7.8348673502481869e-05,7.6962116887275493e-05,0,22,9.9999999999999998e-13
36,4,"DenseLayer( 7202,128 )","weights",15.874016728039873,0.00093234430727981682,5.8733976426739757e-05,5.9851750958711678e-05,7.8341847452866495e-05,7.6957765235459026e-05,0,22,9.9999999999999998e-13
36,4,"DenseLayer( 7202,128 )","biases",0.0027624015821561538,1.0573709694468698e-05,0.0038262607458106495,0.0039916503602002509,0.0059494171197467726,0.0047028030956356593,0,22,9.9999999999999998e-13
36,6,"DenseLayer( 128,64 )","all",9.2486381663198411,0.00011156214414764849,1.2062546316462701e-05,1.2316071361067197e-05,1.7874515785463482e-05,1.3884347433906018e-05,0,22,9.9999999999999998e-13
36,6,"DenseLayer( 128,64 )","weights",9.2486378774909213,0.00011121443601556206,1.2024951106511268e-05,1.2275123832344571e-05,1.7795096554569785e-05,1.3861235026233841e-05,0,22,9.9999999999999998e-13
36,6,"DenseLayer( 128,64 )","biases",0.0023113752037003939,8.5135519952866475e-06,0.0036820356172598133,0.0040141010093553316,0.0067579042424092918,0.0031837081844041351,0,22,9.9999999999999998e-13
36,8,"DenseLayer( 64,1 )","all",1.502578102394472,9.5612972920053026e-06,6.3632563710773417e-06,6.6426125688416149e-06,1.132348712129664e-05,5.9448713982003803e-06,0,22,9.9999999999999998e-13
36,8,"DenseLayer( 64,1 )","weights",1.502578097573581,9.5098996491484028e-06,6.3290502089645587e-06,6.601180115066739e-06,1.1234691693592224e-05,5.934656486620112e-06,0,22,9.9999999999999998e-13
36,8,"DenseLayer( 64,1 )","biases",0.00012034014831773344,8.9675714579326182e-07,0.0075135755700347241,0.0093543403425423461,0.017965598243105289,0.0043045940542042931,0,22,9.9999999999999998e-13
37,0,"Conv2DLayer(1,8,5, stride=5, padding=0)","all",1.3733872247413696,1.77765198681522e-05,1.2943567626867909e-05,1.5007638490379282e-05,3.21409033943008e-05,7.5959937078040426e-06,0,22,9.9999999999999998e-13
37,0,"Conv2DLayer(1,8,5, stride=5, padding=0)","weights",1.3733868381555394,1.7479737192202102e-05,1.2727475722471468e-05,1.4787394635871667e-05,3.1722829826668005e-05,7.3924245603405986e-06,0,22,9.9999999999999998e-13
37,0,"Conv2DLayer(1,8,5, stride=5, padding=0)","biases",0.0010303864178081981,3.1528732297243043e-06,0.0030624710977107165,0.0034224278417774871,0.0069432809274900869,0.0023069904491298415,0,22,9.9999999999999998e-13
37,4,"DenseLayer( 7202,128 )","all",15.874106571200373,0.00095180435330301249,5.995956102087874e-05,6.1866765464236152e-05,0.00010136506356362454,5.4707558099806281e-05,0,22,9.9999999999999998e-13
37,4,"DenseLayer( 7202,128 )","weights",15.874106330219918,0.0009517452996413658,5.9955841805378718e-05,6.1862833057791232e-05,0.00010135773983270259,5.4703352415551007e-05,0,22,9.9999999999999998e-13
37,4,"DenseLayer( 7202,128 )","biases",0.0027659782494339384,1.0570117506533411e-05,0.0038222832045516492,0.0040056598014860424,0.0070123192048491718,0.003880812073227585,0,22,9.9999999999999998e-13
37,6,"DenseLayer( 128,64 )","all",9.2486841969807525,0.00011506104324428996,1.244080422485411e-05,1.2848736328040124e-05,2.1360665986913609e-05,1.1290404802534331e-05,0,22,9.9999999999999998e-13
37,6,"DenseLayer( 128,64 )","weights",9.2486839018073361,0.0001148337172722061,1.2416225339195496e-05,1.2822818422985634e-05,2.1313739693200945e-05,1.124113125926699e-05,0,22,9.9999999999999998e-13
37,6,"DenseLayer( 128,64 )","biases",0.0023366394072611534,7.0044544578960422e-06,0.0029981926182697555,0.003229622812249739,0.0056108328055157709,0.0041519543578134059,0,22,9.9999999999999998e-13
37,8,"DenseLayer( 64,1 )","all",1.5026140179689724,9.3035807449211473e-06,6.1916070216679584e-06,6.561903287670521e-06,1.2090521914560668e-05,5.4937116852264606e-06,0,22,9.9999999999999998e-13
37,8,"DenseLayer( 64,1 )","weights",1.502614013060058,9.27719225333637e-06,6.1740452780852579e-06,6.5438678601407142e-06,1.2058364399088471e-05,5.4541980291040247e-06,0,22,9.9999999999999998e-13
37,8,"DenseLayer( 64,1 )","biases",0.00012145207405079749,6.0280448947609822e-07,0.0049507876729783483,0.0059887231713179516,0.010796637966282368,0.008072062375329982,0,22,9.9999999999999998e-13
38,0,"Conv2DLayer(1,8,5, stride=5, padding=0)","all",1.3733925184824116,1.1166783822639431e-05,8.1308039289540132e-06,9.1288649803325481e-06,1.8237877494477469e-05,6.5838736138487063e-06,0,22,9.9999999999999998e-13
38,0,"Conv2DLayer(1,8,5, stride=5, padding=0)","weights",1.3733921285423283,1.0890976182560309e-05,7.9299840766434762e-06,8.9191007350415822e-06,1.772771082696817e-05,6.5259250976624631e-06,0,22,9.9999999999999998e-13
38,0,"Conv2DLayer(1,8,5, stride=5, padding=0)","biases",0.0010349274895507657,2.3886693247990182e-06,0.002307534881537105,0.0025808699438638586,0.0056676825492669421,0.0011623974932525008,0,22,9.9999999999999998e-13
38,4,"DenseLayer( 7202,128 )","all",15.874206425542745,0.00078064618983025879,4.9177027739326292e-05,5.1037204755009957e-05,9.2965873488372943e-05,4.2961332657378136e-05,0,22,9.9999999999999998e-13
38,4,"DenseLayer( 7202,128 )","weights",15.874206181495532,0.00078059202117974197,4.9173616125552533e-05,5.103350715696618e-05,9.2957623585834714e-05,4.2960022433819466e-05,0,22,9.9999999999999998e-13
38,4,"DenseLayer( 7202,128 )","biases",0.0027835381982794214,9.1323887578294746e-06,0.0032810563942284312,0.0035043133361130937,0.0070691021811673639,0.0019077161007589349,0,22,9.9999999999999998e-13
38,6,"DenseLayer( 128,64 )","all",9.2487316185194555,9.8280128817661115e-05,1.0626337516028548e-05,1.0974540393723886e-05,2.0070974526654462e-05,7.9838164367560527e-06,0,22,9.9999999999999998e-13
38,6,"DenseLayer( 128,64 )","weights",9.2487313171406385,9.793569899715885e-05,1.0589097088180885e-05,1.0932910077648492e-05,1.9961950300070616e-05,7.9662295745520156e-06,0,22,9.9999999999999998e-13
38,6,"DenseLayer( 128,64 )","biases",0.0023610787257008522,8.0235145542710222e-06,0.0033990385247281477,0.0037426429700332755,0.0081970945748366473,0.002062994623059197,0,22,9.9999999999999998e-13
38,8,"DenseLayer( 64,1 )","all",1.5026550387159314,8.3734259363060493e-06,5.5724236385646167e-06,5.8998255236465608e-06,1.1983599997372007e-05,3.5511324825115512e-06,0,22,9.9999999999999998e-13
38,8,"DenseLayer( 64,1 )","weights",1.5026550338046585,8.3189792648864391e-06,5.5361900290914776e-06,5.8559406638991085e-06,1.186635978244244e-05,3.5501197636297261e-06,0,22,9.9999999999999998e-13
38,8,"DenseLayer( 64,1 )","biases",0.00012147306618069045,8.6234649643301964e-07,0.0070967015731725879,0.0088632440173001831,0.020299943510031525,0.001013376758365479,0,22,9.9999999999999998e-13
39,0,"Conv2DLayer(1,8,5, stride=5, padding=0)","all",1.3733896615050198,1.6630667005766749e-05,1.2109210577785032e-05,1.2597484102653575e-05,2.0638414730412066e-05,1.5124197462891378e-05,0,22,9.9999999999999998e-13
39,0,"Conv2DLayer(1,8,5, stride=5, padding=0)","weights",1.3733892604191169,1.602109848398483e-05,1.1665371506324577e-05,1.2146796388443944e-05,1.9976631884641311e-05,1.4613874520325507e-05,0,22,9.9999999999999998e-13
39,0,"Conv2DLayer(1,8,5, stride=5, padding=0)","biases",0.0010495711141775893,4.4154971633834445e-06,0.0042076386600779052,0.0043698412659588671,0.006748653382601482,0.0050940890004846397,0,22,9.9999999999999998e-13
39,4,"DenseLayer( 7202,128 )","all",15.874296208961887,0.001311024481271158,8.2587870743994839e-05,8.5220717888042185e-05,0.00012420068790658265,9.4230609290690069e-05,0,22,9.9999999999999998e-13
39,4,"DenseLayer( 7202,128 )","weights",15.874295962954418,0.0013109162216157892,8.2581052217668396e-05,8.5213545141081757e-05,0.00012418940128248513,9.4221879548530326e-05,0,22,9.9999999999999998e-13
39,4,"DenseLayer( 7202,128 )","biases",0.002794694667006813,1.6806836263622411e-05,0.0060122802479432467,0.0062772268781356366,0.0095528977129183627,0.0072966368752315483,0,22,9.9999999999999998e-13
39,6,"DenseLayer( 128,64 )","all",9.2487643436370277,0.00014477291663033627,1.5653217522025959e-05,1.6232297864873225e-05,2.4791653744915529e-05,1.9052122345732801e-05,0,22,9.9999999999999998e-13
39,6,"DenseLayer( 128,64 )","weights",9.2487640399877833,0.00014403091398447197,1.5572990810078063e-05,1.6144311153988124e-05,2.463837098224691e-05,1.8940991235638273e-05,0,22,9.9999999999999998e-13
39,6,"DenseLayer( 128,64 )","biases",0.0023699604005816685,1.4453943711688233e-05,0.0060970707525500514,0.0065837159194557316,0.010742571932301707,0.0080459017186726035,0,22,9.9999999999999998e-13
39,8,"DenseLayer( 64,1 )","all",1.5026844054461548,1.3215967815574076e-05,8.7949066652714362e-06,9.2669335033050829e-06,1.4810516596243261e-05,1.2170347003885084e-05,0,22,9.9999999999999998e-13
39,8,"DenseLayer( 64,1 )","weights",1.5026844007109852,1.3075765042551139e-05,8.7016051570334576e-06,9.1605703433333681e-06,1.4618996832042967e-05,1.2020036007021053e-05,0,22,9.9999999999999998e-13
39,8,"DenseLayer( 64,1 )","biases",0.00011920705219381489,1.8527786199807783e-06,0.015455329883927891,0.017552237372384417,0.030019265418595051,0.02515620223179444,0,22,9.9999999999999998e-13
40,0,"Conv2DLayer(1,8,5, stride=5, padding=0)","all",1.3733875761904024,1.8984429994194432e-05,1.3823069429374982e-05,1.4543118165933767e-05,2.2083822368926834e-05,1.0792444608681832e-05,0,22,9.9999999999999998e-13
40,0,"Conv2DLayer(1,8,5, stride=5, padding=0)","weights",1.37338717952766,1.8567667399404588e-05,1.3519617299347637e-05,1.4241222781355263e-05,2.1755553711895912e-05,1.0664216430073932e-05,0,22,9.9999999999999998e-13
40,0,"Conv2DLayer(1,8,5, stride=5, padding=0)","biases",0.0010437901055838101,3.8664276984288124e-06,0.0037044851621468437,0.0038788940335642997,0.0057213392529943379,0.0021483550397736017,0,22,9.9999999999999998e-13
40,4,"DenseLayer( 7202,128 )","all",15.874380387816826,0.0011184992382914009,7.0459400513744034e-05,7.215596156163651e-05,0.0001036970641772876,6.6718656002441354e-05,0,22,9.9999999999999998e-13
40,4,"DenseLayer( 7202,128 )","weights",15.874380141622087,0.0011184165007274061,7.0454189586954791e-05,7.2150503537889626e-05,0.00010368731348116118,6.6715168891457881e-05,0,22,9.9999999999999998e-13
40,4,"DenseLayer( 7202,128 )","biases",0.0027957748177583875,1.3548140061413119e-05,0.0048465232391995778,0.0050409012463580724,0.0080872850250571122,0.0038613665161316415,0,22,9.9999999999999998e-13
40,6,"DenseLayer( 128,64 )","all",9.248800367830583,0.00013195198745578405,1.4266931398788897e-05,1.4641538796059883e-05,2.1163340724394754e-05,1.1012581610769244e-05,0,22,9.9999999999999998e-13
40,6,"DenseLayer( 128,64 )","weights",9.2488000630767484,0.00013146071661903071,1.421381460699487e-05,1.4583678708517487e-05,2.1038332390052081e-05,1.0984277103711927e-05,0,22,9.9999999999999998e-13
40,6,"DenseLayer( 128,64 )","biases",0.0023742794265489554,1.1110072266479268e-05,0.0046801861623463892,0.0050675594880942917,0.008978606776777311,0.0030750682916934964,0,22,9.9999999999999998e-13
40,8,"DenseLayer( 64,1 )","all",1.5027158823543445,1.1896454486333363e-05,7.9166407252598748e-06,8.3075940457495812e-06,1.3501566861213131e-05,4.8551779853456612e-06,0,22,9.9999999999999998e-13
40,8,"DenseLayer( 64,1 )","weights",1.502715877515959,1.1810898110197411e-05,7.8597061823396408e-06,8.2417565635900521e-06,1.3331724019684967e-05,4.8200567737190281e-06,0,22,9.9999999999999998e-13
40,8,"DenseLayer( 64,1 )","biases",0.00012056025794167495,1.3342598156834191e-06,0.011122060756396936,0.013112962912182835,0.027472503164869103,0.0075425480563667581,0,22,9.9999999999999998e-13
41,0,"Conv2DLayer(1,8,5, stride=5, padding=0)","all",1.3733872927379858,8.1864871508124e-06,5.9607997895898574e-06,6.1971522045110171e-06,9.3615005506742659e-06,8.7764934368619696e-06,0,22,9.9999999999999998e-13
41,0,"Conv2DLayer(1,8,5, stride=5, padding=0)","weights",1.3733868856734495,8.021912327103414e-06,5.8409702024783819e-06,6.0831459438120468e-06,9.2651366998352489e-06,8.6738046777638575e-06,0,22,9.9999999999999998e-13
41,0,"Conv2DLayer(1,8,5, stride=5, padding=0)","biases",0.0010574080323116806,1.5924510106816072e-06,0.0015059064901379656,0.0015366790143748867,0.0023456964160643128,0.0017426087535033299,0,22,9.9999999999999998e-13
41,4,"DenseLayer( 7202,128 )","all",15.874471730281366,0.00076860177603225012,4.84174748949996e-05,4.8861670311021118e-05,5.9659460631702634e-05,4.4533576458780052e-05,0,22,9.9999999999999998e-13
41,4,"DenseLayer( 7202,128 )","weights",15.874471482126916,0.00076855370974865671,4.8414447753217635e-05,4.8858572179473593e-05,5.965484000705823e-05,4.4531261328733539e-05,0,22,9.9999999999999998e-13
41,4,"DenseLayer( 7202,128 )","biases",0.0028068880627098412,8.548450583875846e-06,0.0030458995775248716,0.0031129740594774348,0.004208088300626453,0.0025677996599317047,0,22,9.9999999999999998e-13
41,6,"DenseLayer( 128,64 )","all",9.2488351142874095,8.575816600417208e-05,9.2723215378740802e-06,9.394439659822404e-06,1.1904966356928614e-05,9.3788766479366115e-06,0,22,9.9999999999999998e-13
41,6,"DenseLayer( 128,64 )","weights",9.2488348048251954,8.5461575576446246e-05,9.2402539710531635e-06,9.3608631273735087e-06,1.1847464124061895e-05,9.3680431792345908e-06,0,22,9.9999999999999998e-13
41,6,"DenseLayer( 128,64 )","biases",0.0023925263833272088,7.0058699150826403e-06,0.002930194088524905,0.0030713305906009199,0.0045022880943069799,0.0017352535240897761,0,22,9.9999999999999998e-13
41,8,"DenseLayer( 64,1 )","all",1.5027543419400631,6.7372184731023089e-06,4.4832481083992339e-06,4.5943270949034678e-06,6.3836793973770704e-06,4.621785334902212e-06,0,22,9.9999999999999998e-13
41,8,"DenseLayer( 64,1 )","weights",1.502754337166095,6.6949297543699961e-06,4.4551072628994128e-06,4.5625511343115473e-06,6.3086132231962265e-06,4.6166174574900264e-06,0,22,9.9999999999999998e-13
41,8,"DenseLayer( 64,1 )","biases",0.00011975584923427299,6.97262624850158e-07,0.0058159063482736669,0.0067590122296336775,0.012163088030303615,0.0027659174784668279,0,22,9.9999999999999998e-13
42,0,"Conv2DLayer(1,8,5, stride=5, padding=0)","all",1.3733902205016573,1.1550890697047222e-05,8.4104981236700728e-06,9.4672569127800762e-06,1.6205512708981107e-05,3.8586778538697919e-06,0,22,9.9999999999999998e-13
42,0,"Conv2DLayer(1,8,5, stride=5, padding=0)","weights",1.3733898054323903,1.1221306218989025e-05,8.170521866018879e-06,9.1994422579659393e-06,1.5605333688364142e-05,3.7485167634899854e-06,0,22,9.9999999999999998e-13
42,0,"Conv2DLayer(1,8,5, stride=5, padding=0)","biases",0.0010677430308884809,2.6857045494972861e-06,0.0025167715196491853,0.0028780888171615684,0.005617050888410577,0.0011732308208969409,0,22,9.9999999999999998e-13
42,4,"DenseLayer( 7202,128 )","all",15.874562767754632,0.00090307690420500769,5.6888314701727468e-05,6.1543961658284339e-05,0.0001112867923001103,3.4503731648019322e-05,0,22,9.9999999999999998e-13
42,4,"DenseLayer( 7202,128 )","weights",15.874562517932404,0.00090300785163506157,5.6883965707324218e-05,6.1538892527568609e-05,0.00011127596627578391,3.4501716004749414e-05,0,22,9.9999999999999998e-13
42,4,"DenseLayer( 7202,128 )","biases",0.0028163125446662206,1.1074958253424985e-05,0.0039335824219668292,0.004454687498934122,0.0087547253970027255,0.0020989122632160849,0,22,9.9999999999999998e-13
42,6,"DenseLayer( 128,64 )","all",9.248875738170673,0.0001135142340156493,1.2273303743551061e-05,1.3110986695224359e-05,2.3688133921645736e-05,8.2045996958226228e-06,0,22,9.9999999999999998e-13
42,6,"DenseLayer( 128,64 )","weights",9.2488754246501106,0.00011306797078113956,1.222505360719593e-05,1.3052568160454727e-05,2.3545683888284815e-05,8.1820659681936226e-06,0,22,9.9999999999999998e-13
42,6,"DenseLayer( 128,64 )","biases",0.0024081945836853906,9.746871297890624e-06,0.0040476105051398675,0.0047481656975402464,0.0099587840935813181,0.0023313380292010115,0,22,9.9999999999999998e-13
42,8,"DenseLayer( 64,1 )","all",1.5027961600746105,1.0377826144220638e-05,6.9056892590805477e-06,7.6016655738295146e-06,1.471659515714229e-05,4.1766357226729818e-06,0,22,9.9999999999999998e-13
42,8,"DenseLayer( 64,1 )","weights",1.5027961552339359,1.0289624306361581e-05,6.8469973768281319e-06,7.5261754800082002e-06,1.4532186620259157e-05,4.1601327286440706e-06,0,22,9.9999999999999998e-13
42,8,"DenseLayer( 64,1 )","biases",0.00012057904479496011,1.2693228861528703e-06,0.010517671292271488,0.01326824268001495,0.028575901622292829,0.0046747166183393361,0,22,9.9999999999999998e-13
43,0,"Conv2DLayer(1,8,5, stride=5, padding=0)","all",1.3733922315691192,1.4051511399048222e-05,1.0231245619552919e-05,1.1002472239239482e-05,1.8976311197167464e-05,1.0674403980510194e-05,0,22,9.9999999999999998e-13
43,0,"Conv2DLayer(1,8,5, stride=5, padding=0)","weights",1.3733918077298928,1.3657495853509704e-05,9.944356572967357e-06,1.0699810864790826e-05,1.868206175005754e-05,1.027423623959801e-05,0,22,9.9999999999999998e-13
43,0,"Conv2DLayer(1,8,5, stride=5, padding=0)","biases",0.001078941352631316,3.261536820543764e-06,0.0030218177516721447,0.0032611110060127156,0.0046976349668100105,0.0036579657190236176,0,22,9.9999999999999998e-13
43,4,"DenseLayer( 7202,128 )","all",15.874656115375601,0.0010326086026043871,6.5047609065106078e-05,6.7335278861475163e-05,0.0001025818812730771,8.0942857153868864e-05,0,22,9.9999999999999998e-13
43,4,"DenseLayer( 7202,128 )","weights",15.874655863545577,0.0010325271561212347,6.5042479500335371e-05,6.732981471186807e-05,0.00010257192859564044,8.0936314944099919e-05,0,22,9.9999999999999998e-13
43,4,"DenseLayer( 7202,128 )","biases",0.0028276156221937764,1.2928289339674225e-05,0.0045718473648854053,0.0048158290428554924,0.0080120569034410217,0.0057853350911049551,0,22,9.9999999999999998e-13
43,6,"DenseLayer( 128,64 )","all",9.248923088461634,0.00012038259510655185,1.3015848130759188e-05,1.3441376134654809e-05,2.0437374689771849e-05,1.531094456450241e-05,0,22,9.9999999999999998e-13
43,6,"DenseLayer( 128,64 )","weights",9.2489227703747723,0.00011984206002733011,1.2957405565699422e-05,1.3378265897668146e-05,2.0313450445508662e-05,1.5238083819785348e-05,0,22,9.9999999999999998e-13
43,6,"DenseLayer( 128,64 )","biases",0.00242566547081665,1.127120754014122e-05,0.0046457472487641902,0.0049596684149923768,0.0085725417231148539,0.0056669289054191814,0,22,9.9999999999999998e-13
43,8,"DenseLayer( 64,1 )","all",1.5028389969911928,1.1453450823116914e-05,7.6212038327642663e-06,7.9868100871837699e-06,1.2475090979893055e-05,8.6511035338962719e-06,0,22,9.9999999999999998e-13
43,8,"DenseLayer( 64,1 )","weights",1.5028389923002152,1.1349900075682431e-05,7.5523005928938943e-06,7.9099230559497244e-06,1.230767232523399e-05,8.5659825871540231e-06,0,22,9.9999999999999998e-13
43,8,"DenseLayer( 64,1 )","biases",0.00011868991714436561,1.5017593051941895e-06,0.012721494744529757,0.014145390592002097,0.026853952234393332,0.015525647960635823,0,22,9.9999999999999998e-13
44,0,"Conv2DLayer(1,8,5, stride=5, padding=0)","all",1.3733895794812396,1.2799634720325377e-05,9.3197400298586713e-06,1.0828261242357262e-05,2.2120463700468365e-05,1.3887580874006975e-05,0,22,9.9999999999999998e-13
44,0,"Conv2DLayer(1,8,5, stride=5, padding=0)","weights",1.3733891506447498,1.2566054538028666e-05,9.1496672590883741e-06,1.0646235995822589e-05,2.190544104713444e-05,1.3565025677923897e-05,0,22,9.9999999999999998e-13
44,0,"Conv2DLayer(1,8,5, stride=5, padding=0)","biases",0.001085308853212792,2.3808265275319311e-06,0.002193489683440636,0.0025019373224376353,0.0048408809846728542,0.0037340854708958369,0,22,9.9999999999999998e-13
44,4,"DenseLayer( 7202,128 )","all",15.874744569461429,0.00079134634019430519,4.9849405230330828e-05,5.3048703086726749e-05,8.6794440733584823e-05,6.5246475443811862e-05,0,22,9.9999999999999998e-13
44,4,"DenseLayer( 7202,128 )","weights",15.874744317567815,0.00079129506496489384,4.9846176031552125e-05,5.3045047167685838e-05,8.678600541095244e-05,6.5241511758421374e-05,0,22,9.9999999999999998e-13
44,4,"DenseLayer( 7202,128 )","biases",0.0028279737648988675,8.9353869234979767e-06,0.0031611810865453797,0.0034997255938432428,0.0068121251649622258,0.0044964045404025351,0,22,9.9999999999999998e-13
44,6,"DenseLayer( 128,64 )","all",9.2489580991266962,0.00010041176915571278,1.0856549256536136e-05,1.134824634102206e-05,1.7815165565386038e-05,1.5661443824878678e-05,0,22,9.9999999999999998e-13
44,6,"DenseLayer( 128,64 )","weights",9.2489577764592816,0.00010014491648359797,1.0827697438187269e-05,1.1313754101913699e-05,1.7696092008007954e-05,1.558813917858238e-05,0,22,9.9999999999999998e-13
44,6,"DenseLayer( 128,64 )","biases",0.0024430733062850737,6.8205473540531977e-06,0.0027940026903135128,0.0033523049763372818,0.0078131538196116266,0.0056947881547244911,0,22,9.9999999999999998e-13
44,8,"DenseLayer( 64,1 )","all",1.5028742151442507,8.9061985907960794e-06,5.9261113934977615e-06,6.3007405145766531e-06,1.0892905898757394e-05,8.9230717212392762e-06,0,22,9.9999999999999998e-13
44,8,"DenseLayer( 64,1 )","weights",1.5028742103861175,8.8675476243888086e-06,5.9003932840590865e-06,6.2661431791156175e-06,1.0747160393565133e-05,8.8632760788125868e-06,0,22,9.9999999999999998e-13
44,8,"DenseLayer( 64,1 )","biases",0.00011957128960850902,7.0226186918179423e-07,0.0059310838758622423,0.0084318982239998484,0.022738171157330775,0.012974033843457336,0,22,9.9999999999999998e-13
45,0,"Conv2DLayer(1,8,5, stride=5, padding=0)","all",1.3733947757348242,1.3991506108654357e-05,1.0187529191653291e-05,1.0889114423405575e-05,1.8256958679287887e-05,1.2398434064170692e-05,0,22,9.9999999999999998e-13
45,0,"Conv2DLayer(1,8,5, stride=5, padding=0)","weights",1.3733943354111819,1.3604063233382652e-05,9.9054264199182213e-06,1.0614710139872737e-05,1.790516558892457e-05,1.2230613659785166e-05,0,22,9.9999999999999998e-13
45,0,"Conv2DLayer(1,8,5, stride=5, padding=0)","biases",0.0010997577169715245,3.1886402534190277e-06,0.0028985905249864535,0.0030319229539820009,0.0044365178392194067,0.0025543105710344469,0,22,9.9999999999999998e-13
45,4,"DenseLayer( 7202,128 )","all",15.874848971753433,0.0011032321067168584,6.9495585111442571e-05,7.1792356958316617e-05,0.00010638078578536388,7.4689529360037226e-05,0,22,9.9999999999999998e-13
45,4,"DenseLayer( 7202,128 )","weights",15.874848717559711,0.0011031489787886501,6.9490349770652139e-05,7.1786798610079766e-05,0.00010637127517047549,7.4683580898078083e-05,0,22,9.9999999999999998e-13
45,4,"DenseLayer( 7202,128 )","biases",0.002840861335938168,1.3494070508597823e-05,0.0047512652055415805,0.0049956057760150701,0.0079822039708534864,0.0052838813118737732,0,22,9.9999999999999998e-13
45,6,"DenseLayer( 128,64 )","all",9.2490096323505337,0.0001189464954247654,1.2860456911651283e-05,1.3123127707442419e-05,1.9072311077702612e-05,1.3091066187010366e-05,0,22,9.9999999999999998e-13
45,6,"DenseLayer( 128,64 )","weights",9.2490093031320697,0.00011843810725955423,1.2805490605934804e-05,1.3064391702630105e-05,1.895759022122599e-05,1.3046879925717546e-05,0,22,9.9999999999999998e-13
45,6,"DenseLayer( 128,64 )","biases",0.0024677615553056181,1.0756378461081134e-05,0.0043577992997806646,0.0046469782554737615,0.0078382371611896585,0.0040148406008449706,0,22,9.9999999999999998e-13
45,8,"DenseLayer( 64,1 )","all",1.5029216105647014,1.0783320604083329e-05,7.1749040136443928e-06,7.398151447456585e-06,1.1753643275191763e-05,7.056191307920958e-06,0,22,9.9999999999999998e-13
45,8,"DenseLayer( 64,1 )","weights",1.5029216058797814,1.0689832644502607e-05,7.1126999033709274e-06,7.3285974344241173e-06,1.1601269497534606e-05,6.9971881190944326e-06,0,22,9.9999999999999998e-13
45,8,"DenseLayer( 64,1 )","biases",0.0001186293474430303,1.3463111165699295e-06,0.011328842803325651,0.012791099581312856,0.024198296552696757,0.010966381865911562,0,22,9.9999999999999998e-13
46,0,"Conv2DLayer(1,8,5, stride=5, padding=0)","all",1.373393096221609,1.4955670972437413e-05,1.0889576909299555e-05,1.2008392356602087e-05,2.3115182560569043e-05,2.0908721742679724e-05,0,22,9.9999999999999998e-13
46,0,"Conv2DLayer(1,8,5, stride=5, padding=0)","weights",1.3733926551840512,1.4623618215473827e-05,1.0647804877098955e-05,1.1764049262510474e-05,2.2774905843810476e-05,2.0589004046560347e-05,0,22,9.9999999999999998e-13
46,0,"Conv2DLayer(1,8,5, stride=5, padding=0)","biases",0.0011006469930909155,3.0457635005523721e-06,0.0027672577320301344,0.0030069668960838584,0.0049074341228967019,0.0045441346376233543,0,22,9.9999999999999998e-13
46,4,"DenseLayer( 7202,128 )","all",15.874933214813332,0.00099969545730094764,6.2973213055498653e-05,6.524484119258148e-05,9.5867255162099602e-05,8.3392478361617764e-05,0,22,9.9999999999999998e-13
46,4,"DenseLayer( 7202,128 )","weights",15.874932960254373,0.00099962307780508404,6.2968654706604954e-05,6.5239923181337748e-05,9.5858049054789706e-05,8.3385825230974513e-05,0,22,9.9999999999999998e-13
46,4,"DenseLayer( 7202,128 )","biases",0.0028429158114498107,1.1965904806487321e-05,0.0042102167477640201,0.0044759828168659333,0.007443112766828068,0.0058837167901287105,0,22,9.9999999999999998e-13
46,6,"DenseLayer( 128,64 )","all",9.2490553277216261,0.0001210164581659227,1.3084198147711269e-05,1.3614332244244072e-05,2.0110767170828985e-05,1.7327485293105538e-05,0,22,9.9999999999999998e-13
46,6,"DenseLayer( 128,64 )","weights",9.2490549975971881,0.00012057038953427614,1.3035970033746035e-05,1.355977293176721e-05,1.998494870793113e-05,1.7256099326779154e-05,0,22,9.9999999999999998e-13
46,6,"DenseLayer( 128,64 )","biases",0.0024711647621788388,1.0042959275273803e-05,0.0040641732973878322,0.0045574843811381103,0.0084152389404578611,0.005873968109269735,0,22,9.9999999999999998e-13
46,8,"DenseLayer( 64,1 )","all",1.5029591613926598,1.1218402775757425e-05,7.4642130375260924e-06,7.8944276104004316e-06,1.2806734059425838e-05,1.0557336516142738e-05,0,22,9.9999999999999998e-13
46,8,"DenseLayer( 64,1 )","weights",1.5029591565808837,1.1140689445945116e-05,7.4125061080704057e-06,7.8326401537036994e-06,1.2655565989044413e-05,1.0476125491317192e-05,0,22,9.9999999999999998e-13
46,8,"DenseLayer( 64,1 )","biases",0.00012021582237635316,1.2345137127505785e-06,0.010272606177412871,0.012318591312503012,0.024419774414547089,0.016258150830233107,0,22,9.9999999999999998e-13
47,0,"Conv2DLayer(1,8,5, stride=5, padding=0)","all",1.3733938084637656,1.2682830422485853e-05,9.2346658869268954e-06,1.024367769019221e-05,2.2186735270511865e-05,8.5480672498012377e-06,0,22,9.9999999999999998e-13
47,0,"Conv2DLayer(1,8,5, stride=5, padding=0)","weights",1.3733933596121097,1.2373167644555002e-05,9.0091960857702775e-06,1.002376768710236e-05,2.1944786217411984e-05,8.3696279076793365e-06,0,22,9.9999999999999998e-13
47,0,"Conv2DLayer(1,8,5, stride=5, padding=0)","biases",0.0011103544335763387,2.6816974913309828e-06,0.0024157151788409717,0.0026126457957441175,0.0040692737106919463,0.0021336193409288527,0,22,9.9999999999999998e-13
47,4,"DenseLayer( 7202,128 )","all",15.875033772805793,0.00090779055923274129,5.7183536770137112e-05,5.855967842103725e-05,7.640930023822494e-05,6.2992144942579039e-05,0,22,9.9999999999999998e-13
47,4,"DenseLayer( 7202,128 )","weights",15.875033515109074,0.00090772226650670789,5.7179235803656497e-05,5.8555122906205996e-05,7.6403692034188045e-05,6.2986771931010957e-05,0,22,9.9999999999999998e-13
47,4,"DenseLayer( 7202,128 )","biases",0.002860388737451809,1.1068265939252854e-05,0.0038696685420164748,0.0040545063237847623,0.0057532216382340066,0.0045506093085798324,0,22,9.9999999999999998e-13
47,6,"DenseLayer( 128,64 )","all",9.2490985223173041,0.00010766482371083064,1.1640575135721912e-05,1.196310840324969e-05,1.6357873001168642e-05,1.0852366095436527e-05,0,22,9.9999999999999998e-13
47,6,"DenseLayer( 128,64 )","weights",9.2490981863832236,0.00010723226922144198,1.1593808355332724e-05,1.1912473675943208e-05,1.6261989541086552e-05,1.0798764711251495e-05,0,22,9.9999999999999998e-13
47,6,"DenseLayer( 128,64 )","biases",0.0024928069909608799,9.4573630408705382e-06,0.0037939394768992255,0.0040793306505173292,0.0065547246361210842,0.0039827832235153236,0,22,9.9999999999999998e-13
47,8,"DenseLayer( 64,1 )","all",1.5030004502548067,9.9316016852486169e-06,6.6078499018721214e-06,6.903330663626078e-06,1.0163603442524032e-05,6.5963333344832753e-06,0,22,9.9999999999999998e-13
47,8,"DenseLayer( 64,1 )","weights",1.503000445407098,9.860591254475996e-06,6.5606041899087903e-06,6.8495593444050557e-06,1.0070882389916795e-05,6.5300569889526256e-06,0,22,9.9999999999999998e-13
47,8,"DenseLayer( 64,1 )","biases",0.00012069347543398511,1.1017592359249564e-06,0.0091286929899478432,0.010701249516761819,0.017859295268640864,0.011760973097283725,0,22,9.9999999999999998e-13
48,0,"Conv2DLayer(1,8,5, stride=5, padding=0)","all",1.3733962930963262,1.6479133484138625e-05,1.1998813001328303e-05,1.3003380208281961e-05,2.1926912390266796e-05,8.5007090345250742e-06,0,22,9.9999999999999998e-13
48,0,"Conv2DLayer(1,8,5, stride=5, padding=0)","weights",1.3733958373433675,1.6124810248349663e-05,1.1740826202683187e-05,1.2751258846883234e-05,2.1629042304082054e-05,8.0581059277200695e-06,0,22,9.9999999999999998e-13
48,0,"Conv2DLayer(1,8,5, stride=5, padding=0)","biases",0.0011188563145622529,3.3046128927045885e-06,0.0029535665758883929,0.0031277714579358165,0.0047203295811729992,0.0033448127917929229,0,22,9.9999999999999998e-13
48,4,"DenseLayer( 7202,128 )","all",15.87511102337443,0.0010193083321973682,6.4207935546926174e-05,6.6426649148237541e-05,9.7992339987527504e-05,6.2014119607418323e-05,0,22,9.9999999999999998e-13
48,4,"DenseLayer( 7202,128 )","weights",15.875110764462198,0.0010192337243294923,6.4203236920022034e-05,6.6421736958178544e-05,9.798491701361282e-05,6.2009063907464019e-05,0,22,9.9999999999999998e-13
48,4,"DenseLayer( 7202,128 )","biases",0.0028671428962560677,1.2298961378562442e-05,0.0042890979163572127,0.0044722387435703961,0.006671218507787775,0.0043978768414392796,0,22,9.9999999999999998e-13
48,6,"DenseLayer( 128,64 )","all",9.2491389884820716,0.00011306354955872725,1.2224221979847193e-05,1.2652981194375461e-05,1.7854193461770962e-05,1.2105545876515051e-05,0,22,9.9999999999999998e-13
48,6,"DenseLayer( 128,64 )","weights",9.2491386497364818,0.00011261644551908154,1.2175882363419038e-05,1.2601337049379963e-05,1.7781370869263158e-05,1.2034706467774802e-05,0,22,9.9999999999999998e-13
48,6,"DenseLayer( 128,64 )","biases",0.0025032374615474146,9.8955120231609198e-06,0.0039521613122340659,0.0042181491692774914,0.0061863928333012819,0.0048316137680352624,0,22,9.9999999999999998e-13
48,8,"DenseLayer( 64,1 )","all",1.5030433163562278,1.1279772985377834e-05,7.5046124561371909e-06,7.8747810945410938e-06,1.2124358991223849e-05,7.0668963433186115e-06,0,22,9.9999999999999998e-13
48,8,"DenseLayer( 64,1 )","weights",1.5030433116152477,1.1201752547753017e-05,7.4527042523865083e-06,7.8175234964662991e-06,1.2032250521026427e-05,6.9929219036513429e-06,0,22,9.9999999999999998e-13
48,8,"DenseLayer( 64,1 )","biases",0.00011935095079190268,1.2889041417193683e-06,0.010785480301498668,0.011919357030719162,0.018780921947049011,0.012636989191662772,0,22,9.9999999999999998e-13
49,0,"Conv2DLayer(1,8,5, stride=5, padding=0)","all",1.3733938959591485,1.2798494032620208e-05,9.3188783888293001e-06,9.8766673488683015e-06,1.520706749288865e-05,3.7993347470925974e-06,0,22,9.9999999999999998e-13
49,0,"Conv2DLayer(1,8,5, stride=5, padding=0)","weights",1.3733934380334301,1.2547251033221407e-05,9.1359453997632657e-06,9.694454221026108e-06,1.5044534285249662e-05,3.7302081382542475e-06,0,22,9.9999999999999998e-13
49,0,"Conv2DLayer(1,8,5, stride=5, padding=0)","biases",0.0011215084870985117,2.4631863522870781e-06,0.002197532556080056,0.0023154357990654295,0.0036444411060600587,0.00088351135423260659,0,22,9.9999999999999998e-13
49,4,"DenseLayer( 7202,128 )","all",15.875177697928212,0.0008429636962170924,5.3099491530212136e-05,5.4493243566563343e-05,8.196366961302547e-05,3.7189686249331543e-05,0,22,9.9999999999999998e-13
49,4,"DenseLayer( 7202,128 )","weights",15.875177439323172,0.00084291668467664077,5.3096531070194766e-05,5.4490195274892653e-05,8.1959145992952285e-05,3.7187380786992969e-05,0,22,9.9999999999999998e-13
49,4,"DenseLayer( 7202,128 )","biases",0.0028654370656977526,8.8821394482238547e-06,0.0031006618288507886,0.0031957469009336347,0.00479109460447624,0.0022970793310761808,0,22,9.9999999999999998e-13
49,6,"DenseLayer( 128,64 )","all",9.2491803666934729,9.6057644370630915e-05,1.0385532445075947e-05,1.0593708306919919e-05,1.4336311170523362e-05,8.4070762473668181e-06,0,22,9.9999999999999998e-13
49,6,"DenseLayer( 128,64 )","weights",9.2491800279819625,9.5870697460668255e-05,1.0365320549449961e-05,1.0573677788375642e-05,1.4314173478910874e-05,8.3806259191949306e-06,0,22,9.9999999999999998e-13
49,6,"DenseLayer( 128,64 )","biases",0.0025031150636483147,5.8096365109650288e-06,0.0023213071606629351,0.002406788896549637,0.004628513733761907,0.0024598849856625154,0,22,9.9999999999999998e-13
49,8,"DenseLayer( 64,1 )","all",1.5030798296716106,8.6703337936609821e-06,5.7683863405277241e-06,5.919376597440664e-06,8.4313478927649577e-06,3.6864020935353827e-06,0,22,9.9999999999999998e-13
49,8,"DenseLayer( 64,1 )","weights",1.5030798250057447,8.6579719762950452e-06,5.7601619723818035e-06,5.9108863670882674e-06,8.4313148796126042e-06,3.6758653069204931e-06,0,22,9.9999999999999998e-13
49,8,"DenseLayer( 64,1 )","biases",0.00011843031263031827,3.5817984925498342e-07,0.0030198487604929602,0.0040039443799420628,0.012573279430145471,0.0035133287956856237,0,22,9.9999999999999998e-13
50,0,"Conv2DLayer(1,8,5, stride=5, padding=0)","all",1.3733905044788233,1.3015686355287893e-05,9.4770482679405656e-06,1.0754375703911803e-05,2.0663889544618008e-05,2.0663889544618008e-05,0,22,9.9999999999999998e-13
50,0,"Conv2DLayer(1,8,5, stride=5, padding=0)","weights",1.373390037867096,1.2637588490394356e-05,9.2017488428526804e-06,1.0452017861852999e-05,2.0152561539497701e-05,2.0152561539497701e-05,0,22,9.9999999999999998e-13
50,0,"Conv2DLayer(1,8,5, stride=5, padding=0)","biases",0.0011321017214431799,3.0504632314392332e-06,0.0026900970762515886,0.0030626081115662299,0.0055049179768946821,0.0055049179768946821,0,22,9.9999999999999998e-13
50,4,"DenseLayer( 7202,128 )","all",15.875253490526273,0.00093436114508849198,5.8856426503413729e-05,6.3158838764795189e-05,0.00011137426025558405,0.00010370372638315222,0,22,9.9999999999999998e-13
50,4,"DenseLayer( 7202,128 )","weights",15.875253229894415,0.00093429213952256828,5.8852080737058401e-05,6.3153708114938536e-05,0.00011136288349075576,0.00010369401905688266,0,22,9.9999999999999998e-13
50,4,"DenseLayer( 7202,128 )","biases",0.0028766472961162305,1.1229700358503832e-05,0.0038990394753171055,0.004432504525309057,0.0087377126991103806,0.0077928008911654755,0,22,9.9999999999999998e-13
50,6,"DenseLayer( 128,64 )","all",9.2492138276046134,0.00011113644980096907,1.2015769343031535e-05,1.2803592508835802e-05,2.2413213077633781e-05,2.0220168095722383e-05,0,22,9.9999999999999998e-13
50,6,"DenseLayer( 128,64 )","weights",9.2492134842326728,0.000110695702237454,1.1968117387726212e-05,1.2743320115946264e-05,2.2249037595546732e-05,2.0086803091898823e-05,0,22,9.9999999999999998e-13
50,6,"DenseLayer( 128,64 )","biases",0.0025202742024784701,9.4633337266823115e-06,0.003749995115840368,0.0045432618519478931,0.0098958939090085345,0.0084855132737384192,0,22,9.9999999999999998e-13
50,8,"DenseLayer( 64,1 )","all",1.503114425840294,1.0117984078835604e-05,6.7313299727092852e-06,7.3534123290596514e-06,1.3339417892886792e-05,1.2209807818325121e-05,0,22,9.9999999999999998e-13
50,8,"DenseLayer( 64,1 )","weights",1.503114420960534,1.0043198802598146e-05,6.6815767549949121e-06,7.2861921161274416e-06,1.3155391673301185e-05,1.2063604132777294e-05,0,22,9.9999999999999998e-13
50,8,"DenseLayer( 64,1 )","biases",0.00012108575174352154,1.1166018587325446e-06,0.0091587436527913874,0.012169316236270737,0.026679413426043276,0.023385485618583116,0,22,9.9999999999999998e-13
51,0,"Conv2DLayer(1,8,5, stride=5, padding=0)","all",1.3733912517149836,1.5303624966174727e-05,1.1142963011661509e-05,1.2721276578767607e-05,2.8902292509357341e-05,2.8902292509357341e-05,0,22,9.9999999999999998e-13
51,0,"Conv2DLayer(1,8,5, stride=5, padding=0)","weights",1.3733907769008804,1.4999319080383031e-05,1.0921394099556645e-05,1.2513650654605234e-05,2.8549738582662221e-05,2.8549738582662221e-05,0,22,9.9999999999999998e-13
51,0,"Conv2DLayer(1,8,5, stride=5, padding=0)","biases",0.0011420132882120171,2.8948086609580526e-06,0.0025358073301023068,0.0027542054208476753,0.0054054374644112542,0.0054054374644112542,0,22,9.9999999999999998e-13
51,4,"DenseLayer( 7202,128 )","all",15.875321730181506,0.00098553239682511997,6.2079516261356567e-05,6.4415041394666882e-05,0.00010042450049141579,0.00010042450049141579,0,22,9.9999999999999998e-13
51,4,"DenseLayer( 7202,128 )","weights",15.875321467930096,0.00098546814128471849,6.2075469775834028e-05,6.4410808902735703e-05,0.00010041834534504438,0.00010041834534504438,0,22,9.9999999999999998e-13
51,4,"DenseLayer( 7202,128 )","biases",0.0028855888424318419,1.1207283365938662e-05,0.003884311364626007,0.0040635130097118298,0.0061115410250304801,0.0061115410250304801,0,22,9.9999999999999998e-13
51,6,"DenseLayer( 128,64 )","all",9.2492555549894089,0.00010374795361523143,1.1216896966690659e-05,1.1717706910870384e-05,1.902033732337235e-05,1.902033732337235e-05,0,22,9.9999999999999998e-13
51,6,"DenseLayer( 128,64 )","weights",9.2492552081391199,0.00010344884252142402,1.1184558445888645e-05,1.1685107055136363e-05,1.9000559676849381e-05,1.9000559676849381e-05,0,22,9.9999999999999998e-13
51,6,"DenseLayer( 128,64 )","biases",0.002533019732857471,7.6368942781559874e-06,0.0030144094562815468,0.0031884272620964337,0.0054647585613901619,0.0031635861891553315,0,22,9.9999999999999998e-13
51,8,"DenseLayer( 64,1 )","all",1.5031532815392308,9.1161347214683634e-06,6.0646714716290398e-06,6.4024640984214752e-06,1.0494524044773977e-05,1.0494524044773977e-05,0,22,9.9999999999999998e-13
51,8,"DenseLayer( 64,1 )","weights",1.5031532769006037,9.0746613439111277e-06,6.03708056477907e-06,6.3736762243381675e-06,1.0485680496650398e-05,1.0485680496650398e-05,0,22,9.9999999999999998e-13
51,8,"DenseLayer( 64,1 )","biases",0.00011807689522604711,7.9988008523783227e-07,0.0067542651493104847,0.0076855763928284108,0.016004554128460163,0.0054200193731782833,0,22,9.9999999999999998e-13
52,0,"Conv2DLayer(1,8,5, stride=5, padding=0)","all",1.3733978210748787,1.5783037460051033e-05,1.1491963595965942e-05,1.3088735026480474e-05,2.857194346071927e-05,1.0077490757190925e-05,0,22,9.9999999999999998e-13
52,0,"Conv2DLayer(1,8,5, stride=5, padding=0)","weights",1.3733973370972561,1.5500573356931439e-05,1.1286299501379076e-05,1.2873760407617544e-05,2.8236214112983899e-05,9.9895717234577612e-06,0,22,9.9999999999999998e-13
52,0,"Conv2DLayer(1,8,5, stride=5, padding=0)","biases",0.001152984208494917,2.8964428518133389e-06,0.0025123751134992155,0.0028150352569488433,0.0052238509804797256,0.0015829916354922413,0,22,9.9999999999999998e-13
52,4,"DenseLayer( 7202,128 )","all",15.875414346459092,0.00098956113255069603,6.2332923041883106e-05,6.6014265826093134e-05,0.00011974249316906893,7.0330272905669145e-05,0,22,9.9999999999999998e-13
52,4,"DenseLayer( 7202,128 )","weights",15.875414081541138,0.0009894951136308124,6.232876551890211e-05,6.6009648280123794e-05,0.00011973298445547616,7.0326179093675156e-05,0,22,9.9999999999999998e-13
52,4,"DenseLayer( 7202,128 )","biases",0.0029002319276720812,1.1339813635623788e-05,0.0039112582163278878,0.0042773467850892553,0.0082818552761915864,0.004174138929363286,0,22,9.9999999999999998e-13
52,6,"DenseLayer( 128,64 )","all",9.2493038362014026,0.00010534217972871163,1.1389201014543644e-05,1.1855626246913211e-05,1.902551002253358e-05,9.2728713958417588e-06,0,22,9.9999999999999998e-13
52,6,"DenseLayer( 128,64 )","weights",9.2493034885858894,0.00010504068833761676,1.1356605338709163e-05,1.1820254630637392e-05,1.8940903453233844e-05,9.2593548232605295e-06,0,22,9.9999999999999998e-13
52,6,"DenseLayer( 128,64 )","biases",0.0025358224281537122,7.6716892869114261e-06,0.0030252696879232779,0.0033380829890569861,0.0065477012920206893,0.0018318815880456324,0,22,9.9999999999999998e-13
52,8,"DenseLayer( 64,1 )","all",1.5032003424915088,9.156226148072047e-06,6.0911544675393257e-06,6.4951786011322513e-06,1.1252116585691901e-05,5.0776811678054391e-06,0,22,9.9999999999999998e-13
52,8,"DenseLayer( 64,1 )","weights",1.503200338032276,9.1084047285025007e-06,6.0593415120017986e-06,6.4577458278848025e-06,1.1149808958501856e-05,5.0769598501725657e-06,0,22,9.9999999999999998e-13
52,8,"DenseLayer( 64,1 )","biases",0.00011576395991141908,8.3337694046680222e-07,0.0072117900915456149,0.0091029602281167774,0.020364254590815353,0.0011751881766578598,0,22,9.9999999999999998e-13
53,0,"Conv2DLayer(1,8,5, stride=5, padding=0)","all",1.3733911296612529,1.6645700150398518e-05,1.2120139435678601e-05,1.3312900849348108e-05,2.2249828635647762e-05,1.9875665484298397e-05,0,22,9.9999999999999998e-13
53,0,"Conv2DLayer(1,8,5, stride=5, padding=0)","weights",1.3733906429821805,1.6242570618917624e-05,1.1826615218332873e-05,1.2999736826682634e-05,2.1830112790855885e-05,1.9236066709744679e-05,0,22,9.9999999999999998e-13
53,0,"Conv2DLayer(1,8,5, stride=5, padding=0)","biases",0.0011561768968430825,3.6005350882761487e-06,0.0031116191356661662,0.0034045324204387047,0.0058993254202799206,0.0058993254202799206,0,22,9.9999999999999998e-13
53,4,"DenseLayer( 7202,128 )","all",15.875491070059313,0.0011881308023048475,7.4840567843699221e-05,7.8527427505470926e-05,0.00012487805905585516,0.00012487805905585516,0,22,9.9999999999999998e-13
53,4,"DenseLayer( 7202,128 )","weights",15.875490806570212,0.0011880349981672649,7.4834534366958162e-05,7.8520797921243239e-05,0.00012486596667976184,0.00012486596667976184,0,22,9.9999999999999998e-13
53,4,"DenseLayer( 7202,128 )","biases",0.0028923918838934873,1.500856801074538e-05,0.0051886012541548336,0.0055999173959595527,0.0094952214682689287,0.0094952214682689287,0,22,9.9999999999999998e-13
53,6,"DenseLayer( 128,64 )","all",9.2493362803123311,0.00013322426881869556,1.4403655094114608e-05,1.51297986577352e-05,2.4639516897529735e-05,2.4639516897529735e-05,0,22,9.9999999999999998e-13
53,6,"DenseLayer( 128,64 )","weights",9.2493359318079982,0.00013259218569672046,1.4335317435749369e-05,1.5051611720413897e-05,2.4483346538123364e-05,2.4483346538123364e-05,0,22,9.9999999999999998e-13
53,6,"DenseLayer( 128,64 )","biases",0.0025390539191471892,1.274614543470847e-05,0.005019466018580312,0.0055943452362429364,0.010039790941746401,0.010039790941746401,0,22,9.9999999999999998e-13
53,8,"DenseLayer( 64,1 )","all",1.5032355541648712,1.311792561807253e-05,8.7264542964527065e-06,9.2887167634680836e-06,1.5301195543815235e-05,1.5301195543815235e-05,0,22,9.9999999999999998e-13
53,8,"DenseLayer( 64,1 )","weights",1.5032355496026484,1.3002636285231052e-05,8.6497603089418644e-06,9.1971100358522122e-06,1.511204868013468e-05,1.511204868013468e-05,0,22,9.9999999999999998e-13
53,8,"DenseLayer( 64,1 )","biases",0.00011705901620602658,1.665792462352494e-06,0.014325125143065271,0.016882861279621009,0.030481010502995877,0.030481010502995877,0,22,9.9999999999999998e-13
54,0,"Conv2DLayer(1,8,5, stride=5, padding=0)","all",1.3733930821055942,1.430380888482315e-05,1.0414931678568056e-05,1.1054999333618831e-05,1.6051930570655234e-05,7.8363407909398735e-06,0,22,9.9999999999999998e-13
54,0,"Conv2DLayer(1,8,5, stride=5, padding=0)","weights",1.3733925839501981,1.3923216050197203e-05,1.0137816906551132e-05,1.0762706033572851e-05,1.5832968112985062e-05,7.6739244006946296e-06,0,22,9.9999999999999998e-13
54,0,"Conv2DLayer(1,8,5, stride=5, padding=0)","biases",0.0011697527771452948,3.2024335866435465e-06,0.0027383061098164552,0.0029660993396584895,0.0049294195011335088,0.0018622726729141082,0,22,9.9999999999999998e-13
54,4,"DenseLayer( 7202,128 )","all",15.875595010541476,0.0010552040057286241,6.6467070088053185e-05,7.0259671055300065e-05,0.0001093747659955748,4.9639955045934037e-05,0,22,9.9999999999999998e-13
54,4,"DenseLayer( 7202,128 )","weights",15.875594744736583,0.0010551209506531045,6.6461839579599134e-05,7.0253969620039214e-05,0.00010936556211657195,4.9637357080015011e-05,0,22,9.9999999999999998e-13
54,4,"DenseLayer( 7202,128 )","biases",0.0029050983850834231,1.3175276992330474e-05,0.0045352623072897943,0.0048919984865579561,0.0079094919829445585,0.002773301664535978,0,22,9.9999999999999998e-13
54,6,"DenseLayer( 128,64 )","all",9.2493895022461317,0.00012047845909900735,1.3025560100390914e-05,1.3679052686112169e-05,2.1401279024078996e-05,9.3860728848340845e-06,0,22,9.9999999999999998e-13
54,6,"DenseLayer( 128,64 )","weights",9.2493891518431131,0.00011994601469992405,1.2967995223859444e-05,1.361490916058103e-05,2.1292459042341677e-05,9.3672507044654276e-06,0,22,9.9999999999999998e-13
54,6,"DenseLayer( 128,64 )","biases",0.0025459762300568821,1.1120718480803493e-05,0.0043673007467351027,0.0048058915886693577,0.0081647464102795504,0.0021559863366651215,0,22,9.9999999999999998e-13
54,8,"DenseLayer( 64,1 )","all",1.5032828161682315,1.0979405384391812e-05,7.3036244381550136e-06,7.7159879970897921e-06,1.23752332484499e-05,4.4681702657973255e-06,0,22,9.9999999999999998e-13
54,8,"DenseLayer( 64,1 )","weights",1.5032828117365882,1.0878606028665098e-05,7.2365715757598582e-06,7.6385144658975213e-06,1.2229292004344881e-05,4.4671811344242607e-06,0,22,9.9999999999999998e-13
54,8,"DenseLayer( 64,1 )","biases",0.00011538244937334888,1.4171012232757427e-06,0.012313594656772758,0.014288291884816463,0.02483936312195003,0.0011710906529312718,0,22,9.9999999999999998e-13
55,0,"Conv2DLayer(1,8,5, stride=5, padding=0)","all",1.3733917533963882,2.0370206401852407e-05,1.4832043610210693e-05,1.6113097440804045e-05,2.8439599074556116e-05,2.3871355360862687e-05,0,22,9.9999999999999998e-13
55,0,"Conv2DLayer(1,8,5, stride=5, padding=0)","weights",1.3733912579136796,1.9803316495025429e-05,1.4419282816860233e-05,1.5725761247080677e-05,2.7992520448466993e-05,2.3374650053065247e-05,0,22,9.9999999999999998e-13
55,0,"Conv2DLayer(1,8,5, stride=5, padding=0)","biases",0.0011665880127538851,4.6150164283746356e-06,0.0039543090015738275,0.0041318585462475589,0.0059426587178706249,0.0056555323563346393,0,22,9.9999999999999998e-13
55,4,"DenseLayer( 7202,128 )","all",15.875664675376541,0.0012611260976216317,7.9437673893419317e-05,8.2559273693610968e-05,0.00012580885876310399,0.0001060494782629323,0,22,9.9999999999999998e-13
55,4,"DenseLayer( 7202,128 )","weights",15.875664408877116,0.0012610236203436113,7.94312202375155e-05,8.2552360226714646e-05,0.00012579731528418618,0.00010604056936584129,0,22,9.9999999999999998e-13
55,4,"DenseLayer( 7202,128 )","biases",0.0029088819503648193,1.602922195635971e-05,0.0055085353976448417,0.0058279140713142557,0.0092994474471767754,0.0074477619697256399,0,22,9.9999999999999998e-13
55,6,"DenseLayer( 128,64 )","all",9.2494345771403275,0.0001419250486781218,1.5344182521514535e-05,1.6057597723895552e-05,2.4644933966269093e-05,2.0809919203021872e-05,0,22,9.9999999999999998e-13
55,6,"DenseLayer( 128,64 )","weights",9.2494342242522247,0.00014126475999902177,1.5272796207010024e-05,1.5979034091257677e-05,2.4519355230203241e-05,2.0700133353488054e-05,0,22,9.9999999999999998e-13
55,6,"DenseLayer( 128,64 )","biases",0.0025549923910514667,1.3534129250042055e-05,0.0052944668834574819,0.005738145772381343,0.0089774344250641794,0.0076871781185236339,0,22,9.9999999999999998e-13
55,8,"DenseLayer( 64,1 )","all",1.5033204195597438,1.3582522234633108e-05,9.0350045365728004e-06,9.6460786433815464e-06,1.6047741273866481e-05,1.2145210380674034e-05,0,22,9.9999999999999998e-13
55,8,"DenseLayer( 64,1 )","weights",1.5033204149291683,1.3471354182777083e-05,8.9610563008407386e-06,9.5592464365719219e-06,1.5892934468583805e-05,1.2033107129006695e-05,0,22,9.9999999999999998e-13
55,8,"DenseLayer( 64,1 )","biases",0.00011792958519601433,1.6670753459700129e-06,0.014097031449937968,0.016365680417728387,0.027675831344168095,0.021034493462639761,0,22,9.9999999999999998e-13
56,0,"Conv2DLayer(1,8,5, stride=5, padding=0)","all",1.3733876271218608,1.7672395696791915e-05,1.2867742788629513e-05,1.3388421825995691e-05,1.9588656295758159e-05,5.358887042793613e-06,0,22,9.9999999999999998e-13
56,0,"Conv2DLayer(1,8,5, stride=5, padding=0)","weights",1.3733871248150449,1.724655222427897e-05,1.2557679333500037e-05,1.3057570573238619e-05,1.8816098965206639e-05,5.2099898039131587e-06,0,22,9.9999999999999998e-13
56,0,"Conv2DLayer(1,8,5, stride=5, padding=0)","biases",0.0011746092025305167,3.7434207234392483e-06,0.0031889368037668923,0.0034633917203750553,0.0064029315453928287,0.0014671789386847577,0,22,9.9999999999999998e-13
56,4,"DenseLayer( 7202,128 )","all",15.875758831368689,0.0012273422191393223,7.7309224940397988e-05,8.2302653246440731e-05,0.00013377715885344262,4.9630421097698809e-05,0,22,9.9999999999999998e-13
56,4,"DenseLayer( 7202,128 )","weights",15.875758563187839,0.0012272460469671086,7.7303168443454824e-05,8.2295917290578887e-05,0.00013376471124714598,4.962654249727648e-05,0,22,9.9999999999999998e-13
56,4,"DenseLayer( 7202,128 )","biases",0.0029180648067351229,1.5306989510151323e-05,0.0052460111659630923,0.0057304540904987294,0.0099514331844576323,0.0033762238539361091,0,22,9.9999999999999998e-13
56,6,"DenseLayer( 128,64 )","all",9.2494789858430462,0.00013389687818764575,1.4476156879960864e-05,1.5384144477515093e-05,2.5314449473140878e-05,9.5184547337619362e-06,0,22,9.9999999999999998e-13
56,6,"DenseLayer( 128,64 )","weights",9.2494786289695963,0.00013332095556383125,1.4413891999600452e-05,1.5311391826503572e-05,2.5165596375786852e-05,9.4863497949494453e-06,0,22,9.9999999999999998e-13
56,6,"DenseLayer( 128,64 )","biases",0.002569386293061136,1.2110512998845248e-05,0.0047150186468085751,0.0053836223385470934,0.0098913409940123154,0.0028036731544314047,0,22,9.9999999999999998e-13
56,8,"DenseLayer( 64,1 )","all",1.5033570794576587,1.2179516900502588e-05,8.1015539511588365e-06,8.7580812617445968e-06,1.5093382793879501e-05,5.4088587416857665e-06,0,22,9.9999999999999998e-13
56,8,"DenseLayer( 64,1 )","weights",1.5033570749358209,1.2074730383732675e-05,8.0318521761589553e-06,8.6713225031611026e-06,1.4897653381579807e-05,5.3714660944328408e-06,0,22,9.9999999999999998e-13
56,8,"DenseLayer( 64,1 )","biases",0.00011655349920726043,1.4913907348686322e-06,0.012787346977219399,0.015862881801198239,0.031783950027444018,0.0082137985679933915,0,22,9.9999999999999998e-13
57,0,"Conv2DLayer(1,8,5, stride=5, padding=0)","all",1.3733858384259621,8.1574898362863431e-06,5.9396926780861026e-06,6.4581839624164568e-06,1.2746665194731078e-05,1.2746665194731078e-05,0,22,9.9999999999999998e-13
57,0,"Conv2DLayer(1,8,5, stride=5, padding=0)","weights",1.3733853331983308,7.9432924754801548e-06,5.7837318531400319e-06,6.3043502239802684e-06,1.2436031422161194e-05,1.2436031422161194e-05,0,22,9.9999999999999998e-13
57,0,"Conv2DLayer(1,8,5, stride=5, padding=0)","biases",0.0011780150126760366,1.8160722151023554e-06,0.0015409039586353518,0.0016316832282374488,0.0032465715173899882,0.0032465715173899882,0,22,9.9999999999999998e-13
57,4,"DenseLayer( 7202,128 )","all",15.875853828356441,0.00072702179152112642,4.5794179847763956e-05,4.8015476110007173e-05,9.0179989969385959e-05,9.0179989969385959e-05,0,22,9.9999999999999998e-13
57,4,"DenseLayer( 7202,128 )","weights",15.87585355826727,0.00072697352957205863,4.5791140668073695e-05,4.8012123723969526e-05,9.0171221122392153e-05,9.0171221122392153e-05,0,22,9.9999999999999998e-13
57,4,"DenseLayer( 7202,128 )","biases",0.0029284419864649153,8.3367550821431289e-06,0.0028474616748899559,0.0030778185491776252,0.0068296453059107547,0.0068296453059107547,0,22,9.9999999999999998e-13
57,6,"DenseLayer( 128,64 )","all",9.2495201310883441,8.5035590070778265e-05,9.1935128742157055e-06,9.4643112830598426e-06,1.7571530483951636e-05,1.7571530483951636e-05,0,22,9.9999999999999998e-13
57,6,"DenseLayer( 128,64 )","weights",9.2495197702784022,8.481483048594628e-05,9.1696461065694725e-06,9.436863423114353e-06,1.7461579701091212e-05,1.7461579701091212e-05,0,22,9.9999999999999998e-13
57,6,"DenseLayer( 128,64 )","biases",0.0025835300779715972,5.9518195235421215e-06,0.0023033176640996997,0.0025774484288652059,0.0070176879751983603,0.0070176879751983603,0,22,9.9999999999999998e-13
57,8,"DenseLayer( 64,1 )","all",1.5033967978852611,7.5758055618541714e-06,5.0391203342982242e-06,5.241935124122567e-06,1.0520790140248211e-05,1.0520790140248211e-05,0,22,9.9999999999999998e-13
57,8,"DenseLayer( 64,1 )","weights",1.5033967935549319,7.5462820078418031e-06,5.0194825948571636e-06,5.2161188781358412e-06,1.0382808784688739e-05,1.0382808784688739e-05,0,22,9.9999999999999998e-13
57,8,"DenseLayer( 64,1 )","biases",0.00011410283067644659,5.9105117212642322e-07,0.005189228572632351,0.0068623722777627124,0.022427622247164384,0.022427622247164384,0,22,9.9999999999999998e-13
58,0,"Conv2DLayer(1,8,5, stride=5, padding=0)","all",1.3733833171874612,2.0364154180241989e-05,1.4827735508855081e-05,1.5262245358096505e-05,2.1035262457711249e-05,1.0355229442053662e-05,0,22,9.9999999999999998e-13
58,0,"Conv2DLayer(1,8,5, stride=5, padding=0)","weights",1.3733828114213251,1.9865625537390435e-05,1.4464747217984462e-05,1.4899774691533334e-05,2.0804722987689695e-05,1.0085762506291166e-05,0,22,9.9999999999999998e-13
58,0,"Conv2DLayer(1,8,5, stride=5, padding=0)","biases",0.0011786163658258301,4.3896865387455429e-06,0.0037288328774660686,0.003861045992512733,0.0055376313545768595,0.0027028070568679828,0,22,9.9999999999999998e-13
58,4,"DenseLayer( 7202,128 )","all",15.875932876831936,0.0014084738481380701,8.8717583582394212e-05,9.1630846169453477e-05,0.00012198954633435342,5.1574318289797924e-05,0,22,9.9999999999999998e-13
58,4,"DenseLayer( 7202,128 )","weights",15.875932606872819,0.0014083656378760323,8.871076909195349e-05,9.1623735524546637e-05,0.00012197821661332824,5.1571100799876263e-05,0,22,9.9999999999999998e-13
58,4,"DenseLayer( 7202,128 )","biases",0.0029277105759037752,1.7396069369923011e-05,0.0059453079393926769,0.0061968507613497786,0.0090314653407766975,0.0031071177520278362,0,22,9.9999999999999998e-13
58,6,"DenseLayer( 128,64 )","all",9.2495572040633043,0.00015990076499701575,1.7287402426541064e-05,1.7722308812935778e-05,2.2943426598343961e-05,1.0583074398369047e-05,0,22,9.9999999999999998e-13
58,6,"DenseLayer( 128,64 )","weights",9.2495568410014428,0.00015926082410292158,1.7218216958037134e-05,1.7648677840003973e-05,2.2808850361803131e-05,1.0552338717391483e-05,0,22,9.9999999999999998e-13
58,6,"DenseLayer( 128,64 )","biases",0.0025915813887944414,1.4039635143687936e-05,0.005417120489584917,0.0057593336112322837,0.0088476071185203311,0.0028786000343877321,0,22,9.9999999999999998e-13
58,8,"DenseLayer( 64,1 )","all",1.5034371133307511,1.4096718088617813e-05,9.3763506745386284e-06,9.7631252890676452e-06,1.4668643075972601e-05,5.6763637691444341e-06,0,22,9.9999999999999998e-13
58,8,"DenseLayer( 64,1 )","weights",1.503437108827355,1.3993372916777946e-05,9.3076110979211665e-06,9.683896965935268e-06,1.4501448232348841e-05,5.6517994679732965e-06,0,22,9.9999999999999998e-13
58,8,"DenseLayer( 64,1 )","biases",0.00011628834181465209,1.6141854178964754e-06,0.013791673854238688,0.015863963271857174,0.027761204689994233,0.0071993806325347043,0,22,9.9999999999999998e-13
59,0,"Conv2DLayer(1,8,5, stride=5, padding=0)","all",1.3733837190031761,1.2270483780413256e-05,8.9344874254116387e-06,9.5257621263322948e-06,1.5045379328252366e-05,7.1311640115775524e-06,0,22,9.9999999999999998e-13
59,0,"Conv2DLayer(1,8,5, stride=5, padding=0)","weights",1.3733832041459597,1.1957191875094629e-05,8.7063740949170661e-06,9.2895774440894152e-06,1.4860175017580193e-05,6.803438310579768e-06,0,22,9.9999999999999998e-13
59,0,"Conv2DLayer(1,8,5, stride=5, padding=0)","biases",0.0011891904949737381,2.6715734239412758e-06,0.0022462700665638827,0.0024341927609914846,0.0043840232380324409,0.0024605440073987676,0,22,9.9999999999999998e-13
59,4,"DenseLayer( 7202,128 )","all",15.876028044822895,0.00091235071577421998,5.7467184992764783e-05,5.864741592690408e-05,8.6431133632155037e-05,5.938773109158442e-05,0,22,9.9999999999999998e-13
59,4,"DenseLayer( 7202,128 )","weights",15.876027772133268,0.0009122922223679372,5.7463501595156268e-05,5.8643567112220771e-05,8.6423647163911025e-05,5.938434772368402e-05,0,22,9.9999999999999998e-13
59,4,"DenseLayer( 7202,128 )","biases",0.0029425234234114954,1.0286128426247541e-05,0.003496009881971645,0.0036262560530786383,0.0061460652489081467,0.0034284119723046336,0,22,9.9999999999999998e-13
59,6,"DenseLayer( 128,64 )","all",9.2495964799035431,0.0001060026811532857,1.1460246994790708e-05,1.169528761659593e-05,1.7563900113321939e-05,1.4576694847330604e-05,0,22,9.9999999999999998e-13
59,6,"DenseLayer( 128,64 )","weights",9.249596116419978,0.00010569383205579893,1.1426856916084068e-05,1.1658862372092443e-05,1.7470918715611616e-05,1.4520587075599002e-05,0,22,9.9999999999999998e-13
59,6,"DenseLayer( 128,64 )","biases",0.0025930959421129013,7.9233293959167675e-06,0.0030557085135115374,0.0032903787949828708,0.0064425264581806684,0.0045685802106512942,0,22,9.9999999999999998e-13
59,8,"DenseLayer( 64,1 )","all",1.5034811716499348,8.5849086997442634e-06,5.7100138672344028e-06,5.9610580014666118e-06,1.0817344872781627e-05,6.184691555966165e-06,0,22,9.9999999999999998e-13
59,8,"DenseLayer( 64,1 )","weights",1.5034811672626696,8.5430989041806482e-06,5.6822053280448041e-06,5.9271662781935712e-06,1.0709146722331652e-05,6.1593922565460768e-06,0,22,9.9999999999999998e-13
59,8,"DenseLayer( 64,1 )","biases",0.00011484111779612827,7.6485627108592202e-07,0.0066755231799028834,0.0083306187927789533,0.020146537579968746,0.0075288353913028055,0,22,9.9999999999999998e-13
60,0,"Conv2DLayer(1,8,5, stride=5, padding=0)","all",1.3733808777423411,1.5397300318971621e-05,1.1211244983752182e-05,1.182945083448171e-05,1.7718641514257516e-05,1.5745678679258062e-05,0,22,9.9999999999999998e-13
60,0,"Conv2DLayer(1,8,5, stride=5, padding=0)","weights",1.3733803620819667,1.4990029363574969e-05,1.091470311752558e-05,1.1540725178814177e-05,1.756527683955882e-05,1.5481938580610923e-05,0,22,9.9999999999999998e-13
60,0,"Conv2DLayer(1,8,5, stride=5, padding=0)","biases",0.0011900972169432103,3.4321400377796036e-06,0.002882814784893281,0.0029950679744470397,0.0043109468700894436,0.0033195052860967634,0,22,9.9999999999999998e-13
60,4,"DenseLayer( 7202,128 )","all",15.876093691258557,0.0010270299551773101,6.4690345444013745e-05,6.6795158237137491e-05,9.9681600873138907e-05,6.3112671659883854e-05,0,22,9.9999999999999998e-13
60,4,"DenseLayer( 7202,128 )","weights",15.876093419817439,0.0010269556701957385,6.4685667503449238e-05,6.6790211395823429e-05,9.9673213162083965e-05,6.3107948278245685e-05,0,22,9.9999999999999998e-13
60,4,"DenseLayer( 7202,128 )","biases",0.0029357854076346754,1.2306510049869265e-05,0.0041914547000432862,0.0043954871228355378,0.007228482473295183,0.0041796511019689103,0,22,9.9999999999999998e-13
60,6,"DenseLayer( 128,64 )","all",9.2496384222029171,0.00012528138039176096,1.3544462847388821e-05,1.3813597909732421e-05,1.9161803415973274e-05,1.171528854098306e-05,0,22,9.9999999999999998e-13
60,6,"DenseLayer( 128,64 )","weights",9.2496380566022189,0.00012481800413541343,1.3494366682964381e-05,1.3759791951152631e-05,1.9033067565916938e-05,1.1696047750646525e-05,0,22,9.9999999999999998e-13
60,6,"DenseLayer( 128,64 )","biases",0.0026006350431994766,1.0567061308026991e-05,0.0040655129550309522,0.0043368287006605903,0.0079023791445976613,0.0023811450362043371,0,22,9.9999999999999998e-13
60,8,"DenseLayer( 64,1 )","all",1.50351737526049,9.8791445301847594e-06,6.5706885835658132e-06,6.7670687596065932e-06,1.0878973525894591e-05,5.9678331084929614e-06,0,22,9.9999999999999998e-13
60,8,"DenseLayer( 64,1 )","weights",1.5035173708414462,9.8212464155049761e-06,6.5321801479045067e-06,6.7220478900309862e-06,1.072879865139202e-05,5.964829544198401e-06,0,22,9.9999999999999998e-13
60,8,"DenseLayer( 64,1 )","biases",0.00011525178607288663,9.4576336612755607e-07,0.0081946444390996291,0.010161398156484655,0.023456721117905061,0.0024851240983476699,0,22,9.9999999999999998e-13
61,0,"Conv2DLayer(1,8,5, stride=5, padding=0)","all",1.3733799856246611,1.4573936021629875e-05,1.0611732724740078e-05,1.1226857676718709e-05,1.8252328109800994e-05,1.2769114773735626e-05,0,22,9.9999999999999998e-13
61,0,"Conv2DLayer(1,8,5, stride=5, padding=0)","weights",1.3733794646282529,1.4254906892748968e-05,1.0379441636239174e-05,1.100360744460861e-05,1.7924508609553965e-05,1.2485576601270521e-05,0,22,9.9999999999999998e-13
61,0,"Conv2DLayer(1,8,5, stride=5, padding=0)","biases",0.0011962642780566531,2.9005023532218536e-06,0.0024249943162349442,0.00255850069797598,0.0041837647145185099,0.0030589127303962478,0,22,9.9999999999999998e-13
61,4,"DenseLayer( 7202,128 )","all",15.876164388877839,0.00095334495099854072,6.0048828199216474e-05,6.1726908701481261e-05,9.0650183349857426e-05,5.5460288384313555e-05,0,22,9.9999999999999998e-13
61,4,"DenseLayer( 7202,128 )","weights",15.876164116768882,0.00095327486601776298,6.0044414749318504e-05,6.1722247828539608e-05,9.0641599640236474e-05,5.5457131485960406e-05,0,22,9.9999999999999998e-13
61,4,"DenseLayer( 7202,128 )","biases",0.0029394021891024154,1.1523011356827011e-05,0.0039201743521576028,0.0040976740909506775,0.0067451333690766212,0.0031983815996938871,0,22,9.9999999999999998e-13
61,6,"DenseLayer( 128,64 )","all",9.2496873856587261,0.00011492774598567546,1.2425041972817639e-05,1.2642466135784857e-05,1.683199183160535e-05,1.1723009593295294e-05,0,22,9.9999999999999998e-13
61,6,"DenseLayer( 128,64 )","weights",9.2496870143126984,0.0001145493745145289,1.2384136059339885e-05,1.2598601805236958e-05,1.6738183247826535e-05,1.169687321491751e-05,0,22,9.9999999999999998e-13
61,6,"DenseLayer( 128,64 )","biases",0.0026210011681641488,9.1369965048207097e-06,0.0034860433768415786,0.0037135212691226235,0.006284591075948337,0.0027647883605680557,0,22,9.9999999999999998e-13
61,8,"DenseLayer( 64,1 )","all",1.5035579453729919,9.6168436234044416e-06,6.3960589701072129e-06,6.572303625278095e-06,1.007347716940758e-05,6.5442031887865405e-06,0,22,9.9999999999999998e-13
61,8,"DenseLayer( 64,1 )","weights",1.503557940814799,9.5607171694867201e-06,6.3587298605108889e-06,6.5296836063185602e-06,9.9813517296325392e-06,6.5221548768226056e-06,0,22,9.9999999999999998e-13
61,8,"DenseLayer( 64,1 )","biases",0.00011706220836706713,9.7888947824354867e-07,0.0083562842656609015,0.0095976462929137814,0.020116661529476654,0.0070382406974507051,0,22,9.9999999999999998e-13
62,0,"Conv2DLayer(1,8,5, stride=5, padding=0)","all",1.3733803400860625,1.3492264016871429e-05,9.8241261367212558e-06,1.1143466343512067e-05,2.1864780266080333e-05,2.1864780266080333e-05,0,22,9.9999999999999998e-13
62,0,"Conv2DLayer(1,8,5, stride=5, padding=0)","weights",1.3733798101333179,1.3270805899021048e-05,9.6628794231603161e-06,1.0985306497142027e-05,2.1628441279870348e-05,2.1628441279870348e-05,0,22,9.9999999999999998e-13
62,0,"Conv2DLayer(1,8,5, stride=5, padding=0)","biases",0.0012064977632000849,2.3607909816525035e-06,0.0019572110682994511,0.0021302721017202476,0.0036510230122051108,0.0036510230122051108,0,22,9.9999999999999998e-13
62,4,"DenseLayer( 7202,128 )","all",15.876260561967818,0.00083826513400117803,5.2799906943003744e-05,5.4644347596807824e-05,8.193692132141545e-05,7.5813950373009498e-05,0,22,9.9999999999999998e-13
62,4,"DenseLayer( 7202,128 )","weights",15.876260287921561,0.00083821143693393288,5.2796525631135894e-05,5.4640810396123693e-05,8.1931918412679849e-05,7.5809562941772603e-05,0,22,9.9999999999999998e-13
62,4,"DenseLayer( 7202,128 )","biases",0.002949854697065192,9.4327408047642801e-06,0.0031972642441097147,0.0033457550125648213,0.0056729724758606062,0.0043791949394512341,0,22,9.9999999999999998e-13
62,6,"DenseLayer( 128,64 )","all",9.2497297818979387,0.00010189123603051565,1.1015589602436888e-05,1.1288606639234913e-05,1.7479680803452181e-05,1.7479680803452181e-05,0,22,9.9999999999999998e-13
62,6,"DenseLayer( 128,64 )","weights",9.2497294074570497,0.00010161985076190479,1.0986250246495031e-05,1.1258055710912637e-05,1.7441072193553047e-05,1.7441072193553047e-05,0,22,9.9999999999999998e-13
62,6,"DenseLayer( 128,64 )","biases",0.0026318977756299884,7.223709067210358e-06,0.00274312422566455,0.0029136760795124769,0.0057621730590466441,0.0040593934134517283,0,22,9.9999999999999998e-13
62,8,"DenseLayer( 64,1 )","all",1.5036021797952726,8.640574338516169e-06,5.7465805914697422e-06,5.9269903028304615e-06,8.8741478294265311e-06,8.400179774304517e-06,0,22,9.9999999999999998e-13
62,8,"DenseLayer( 64,1 )","weights",1.5036021752994202,8.606936647556716e-06,5.724209214853201e-06,5.9021721777335299e-06,8.7584678612204703e-06,8.3882028938773701e-06,0,22,9.9999999999999998e-13
62,8,"DenseLayer( 64,1 )","biases",0.00011624891240816478,6.4582755757411092e-07,0.005546086056625401,0.0069895681511107982,0.018319603344853615,0.0056130636762632344,0,22,9.9999999999999998e-13
63,0,"Conv2DLayer(1,8,5, stride=5, padding=0)","all",1.3733886507334465,1.6624253647275606e-05,1.2104557664878995e-05,1.3346389042333749e-05,2.5714790509194638e-05,2.5714790509194638e-05,0,22,9.9999999999999998e-13
63,0,"Conv2DLayer(1,8,5, stride=5, padding=0)","weights",1.3733881111491146,1.6249551876928999e-05,1.1831731956539612e-05,1.307840224701418e-05,2.541523142040386e-05,2.541523142040386e-05,0,22,9.9999999999999998e-13
63,0,"Conv2DLayer(1,8,5, stride=5, padding=0)","biases",0.0012174188159194057,3.4120096430917363e-06,0.0028037006005173144,0.0030045655709995457,0.0052528032239132693,0.0044192691706339696,0,22,9.9999999999999998e-13
63,4,"DenseLayer( 7202,128 )","all",15.876374545140726,0.0010944664182924412,6.8936790519624497e-05,7.1697581508460296e-05,0.00011052723211864858,0.00011052723211864858,0,22,9.9999999999999998e-13
63,4,"DenseLayer( 7202,128 )","weights",15.876374267971629,0.0010943879557838861,6.8931849631371952e-05,7.169224956940509e-05,0.00011051899817384518,0.00011051899817384518,0,22,9.9999999999999998e-13
63,4,"DenseLayer( 7202,128 )","biases",0.002966624846340216,1.3049974717622658e-05,0.0043992242210433288,0.0046807039054303492,0.0074715644179832808,0.0072420894267813734,0,22,9.9999999999999998e-13
63,6,"DenseLayer( 128,64 )","all",9.2497863140856182,0.00012512957287982054,1.3527834248799675e-05,1.4032013696813317e-05,2.1135563182714826e-05,1.7897796468530057e-05,0,22,9.9999999999999998e-13
63,6,"DenseLayer( 128,64 )","weights",9.2497859371969628,0.00012466037746366611,1.3477109797362871e-05,1.3976026272333025e-05,2.1030291769122443e-05,1.7843530474929153e-05,0,22,9.9999999999999998e-13
63,6,"DenseLayer( 128,64 )","biases",0.0026405043018108408,1.0661550442982092e-05,0.0040371124189669148,0.0043855731284301609,0.0076838189165930205,0.0048931043375681606,0,22,9.9999999999999998e-13
63,8,"DenseLayer( 64,1 )","all",1.5036526460104382,1.0577719682393772e-05,7.0346861771788975e-06,7.5431033212273084e-06,1.3355634272948965e-05,9.4941938547131666e-06,0,22,9.9999999999999998e-13
63,8,"DenseLayer( 64,1 )","weights",1.5036526416814118,1.0513076902338827e-05,6.9916956731696423e-06,7.4897734335955738e-06,1.3206926866168541e-05,9.4689223009165914e-06,0,22,9.9999999999999998e-13
63,8,"DenseLayer( 64,1 )","biases",0.00011407252002920194,1.0846246864689006e-06,0.0094581225790578705,0.011718934633574877,0.026390628253779597,0.0092245233667421194,0,22,9.9999999999999998e-13
64,0,"Conv2DLayer(1,8,5, stride=5, padding=0)","all",1.3733814674100895,2.0927631438061822e-05,1.5238040613667051e-05,1.6706958647787382e-05,3.2936343401732578e-05,1.6439629000280832e-05,0,22,9.9999999999999998e-13
64,0,"Conv2DLayer(1,8,5, stride=5, padding=0)","weights",1.3733809269517689,2.0475067189130923e-05,1.4908521490273312e-05,1.6391467660480331e-05,3.2541216406845927e-05,1.5924537778919448e-05,0,22,9.9999999999999998e-13
64,0,"Conv2DLayer(1,8,5, stride=5, padding=0)","biases",0.0012183757516465111,4.178771525845823e-06,0.0034297155528242732,0.0036436642676153709,0.0057819526722299947,0.0045943214491910326,0,22,9.9999999999999998e-13
64,4,"DenseLayer( 7202,128 )","all",15.876447291050029,0.0013372981794009173,8.423157359627638e-05,8.6017301508136288e-05,0.00011985603804556892,9.372686156135018e-05,0,22,9.9999999999999998e-13
64,4,"DenseLayer( 7202,128 )","weights",15.876447014923018,0.0013371992284551839,8.4225342499285336e-05,8.6010838607215745e-05,0.00011984663411556194,9.3718738236667434e-05,0,22,9.9999999999999998e-13
64,4,"DenseLayer( 7202,128 )","biases",0.0029610175702796809,1.6221124363581857e-05,0.0054783960175583471,0.0056542027694381292,0.008054756126076517,0.0065850260639458893,0,22,9.9999999999999998e-13
64,6,"DenseLayer( 128,64 )","all",9.2498361164794911,0.00016341563561056701,1.7666864714773459e-05,1.7991125183103176e-05,2.3124788774829118e-05,1.971614933030001e-05,0,22,9.9999999999999998e-13
64,6,"DenseLayer( 128,64 )","weights",9.2498357403894218,0.00016274627566880738,1.7594500948462367e-05,1.7916153906534451e-05,2.3055812393029599e-05,1.9633362837424612e-05,0,22,9.9999999999999998e-13
64,6,"DenseLayer( 128,64 )","biases",0.0026377092011754173,1.4598556423630488e-05,0.005533294976430978,0.0057513437708642352,0.0089760708853426577,0.0063369738650752502,0,22,9.9999999999999998e-13
64,8,"DenseLayer( 64,1 )","all",1.5036889031901832,1.2553772837408603e-05,8.3486522267679407e-06,8.7340389393263199e-06,1.3709325918723477e-05,1.1248528660857988e-05,0,22,9.9999999999999998e-13
64,8,"DenseLayer( 64,1 )","weights",1.5036888987635986,1.2473944814668192e-05,8.2955642266987161e-06,8.6760339000418665e-06,1.3606733160212587e-05,1.1133136331333853e-05,0,22,9.9999999999999998e-13
64,8,"DenseLayer( 64,1 )","biases",0.00011534250899620184,1.2874674708159133e-06,0.011226926682567674,0.013219952919716978,0.022244463798664203,0.022244463798664203,0,22,9.9999999999999998e-13
65,0,"Conv2DLayer(1,8,5, stride=5, padding=0)","all",1.3733803014519461,1.7628642759513262e-05,1.2835949393133218e-05,1.3839988531395669e-05,2.5683852078605706e-05,9.7201152025083538e-06,0,22,9.9999999999999998e-13
65,0,"Conv2DLayer(1,8,5, stride=5, padding=0)","weights",1.3733797649099233,1.7278708874553322e-05,1.2581156779015162e-05,1.3571293361698853e-05,2.5273136071936254e-05,9.6122569266258931e-06,0,22,9.9999999999999998e-13
65,0,"Conv2DLayer(1,8,5, stride=5, padding=0)","biases",0.0012139785831085876,3.4235965577342203e-06,0.0028198349371185193,0.0030693302973539014,0.0051521399694789216,0.0016353346683801485,0,22,9.9999999999999998e-13
65,4,"DenseLayer( 7202,128 )","all",15.876530124059473,0.0010859435733900499,6.839931176527826e-05,7.0631182290425913e-05,0.00010120385376886645,5.4528950319523951e-05,0,22,9.9999999999999998e-13
65,4,"DenseLayer( 7202,128 )","weights",15.876529845958709,0.0010858573244084406,6.8393880479114931e-05,7.0625381034361651e-05,0.00010119502717943407,5.4524931619928176e-05,0,22,9.9999999999999998e-13
65,4,"DenseLayer( 7202,128 )","biases",0.002971616137428528,1.3629518687311039e-05,0.0045856793358781626,0.0048347895021756022,0.0074187709056648156,0.0035488260356887681,0,22,9.9999999999999998e-13
65,6,"DenseLayer( 128,64 )","all",9.2498956370774952,0.00014113763845912224,1.5258298623169182e-05,1.5632533298197607e-05,2.1544557602195786e-05,1.2078385826824998e-05,0,22,9.9999999999999998e-13
65,6,"DenseLayer( 128,64 )","weights",9.2498952616179277,0.00014053698571101674,1.5193363056827054e-05,1.5563391179227966e-05,2.1431149345682185e-05,1.2034552929390976e-05,0,22,9.9999999999999998e-13
65,6,"DenseLayer( 128,64 )","biases",0.0026355009176763596,1.2899876226723138e-05,0.0048939796099998741,0.005152596642949701,0.0077372824676366914,0.0036259240410167937,0,22,9.9999999999999998e-13
65,8,"DenseLayer( 64,1 )","all",1.5037315412081247,1.1646730076590034e-05,7.7452293683020729e-06,8.174640916210742e-06,1.2320718865586778e-05,4.4411597118079661e-06,0,22,9.9999999999999998e-13
65,8,"DenseLayer( 64,1 )","weights",1.5037315368261763,1.1557381029617734e-05,7.6858109662018729e-06,8.1035824859350893e-06,1.2180453550601795e-05,4.4224160394929398e-06,0,22,9.9999999999999998e-13
65,8,"DenseLayer( 64,1 )","biases",0.00011476070854273117,1.3655100536363369e-06,0.011910145221664408,0.014115252631968339,0.025844010221998157,0.0055289013736930879,0,22,9.9999999999999998e-13
66,0,"Conv2DLayer(1,8,5, stride=5, padding=0)","all",1.3733807987157993,1.2093828053173316e-05,8.8058813883551174e-06,9.5549583589437259e-06,1.5294316404400188e-05,1.5294316404400188e-05,0,22,9.9999999999999998e-13
66,0,"Conv2DLayer(1,8,5, stride=5, padding=0)","weights",1.3733802623542091,1.1796793653236044e-05,8.5896050151650698e-06,9.3317968513967221e-06,1.4899794222407158e-05,1.4899794222407158e-05,0,22,9.9999999999999998e-13
66,0,"Conv2DLayer(1,8,5, stride=5, padding=0)","biases",0.0012137742681606388,2.6054176187187073e-06,0.0021464616223809368,0.0023225982795818364,0.0038900615810016827,0.0038900615810016827,0,22,9.9999999999999998e-13
66,4,"DenseLayer( 7202,128 )","all",15.876607225613444,0.00092403134261597971,5.8200806520398283e-05,5.9310615436050049e-05,7.7318911400123266e-05,7.068535873758386e-05,0,22,9.9999999999999998e-13
66,4,"DenseLayer( 7202,128 )","weights",15.876606945612663,0.00092396445864100602,5.8196594809712033e-05,5.9306243066427206e-05,7.731226106118788e-05,7.0678897402681805e-05,0,22,9.9999999999999998e-13
66,4,"DenseLayer( 7202,128 )","biases",0.002981760100982867,1.107154726098961e-05,0.0037134867806106683,0.0038358392175421785,0.0053948021247276117,0.0050869885751901574,0,22,9.9999999999999998e-13
66,6,"DenseLayer( 128,64 )","all",9.2499480491684967,0.0001338541605356642,1.4470801339579139e-05,1.4554643531719305e-05,1.701945139500972e-05,1.6420727233361542e-05,0,22,9.9999999999999998e-13
66,6,"DenseLayer( 128,64 )","weights",9.2499476719338585,0.00013331444535008352,1.4412454016320948e-05,1.4495770476380031e-05,1.693230650339804e-05,1.6332396330736834e-05,0,22,9.9999999999999998e-13
66,6,"DenseLayer( 128,64 )","biases",0.0026417242462555934,1.1923162665392668e-05,0.004513558826900823,0.0045795184939842809,0.0060527709912152668,0.0059333420545965828,0,22,9.9999999999999998e-13
66,8,"DenseLayer( 64,1 )","all",1.5037751347690023,9.8313570202973026e-06,6.537778112310511e-06,6.6940822448435181e-06,9.8149049439151264e-06,9.8149049439151264e-06,0,22,9.9999999999999998e-13
66,8,"DenseLayer( 64,1 )","weights",1.5037751303584086,9.7780912928391384e-06,6.5023568951630299e-06,6.6544241084884669e-06,9.7270696430900943e-06,9.7270696430900943e-06,0,22,9.9999999999999998e-13
66,8,"DenseLayer( 64,1 )","biases",0.000115147304313723,9.3716814510778268e-07,0.008130225349625507,0.0094918352010909448,0.017225400248410853,0.017225400248410853,0,22,9.9999999999999998e-13
67,0,"Conv2DLayer(1,8,5, stride=5, padding=0)","all",1.3733792498116015,1.9413358212003912e-05,1.413546548485957e-05,1.4840870709342863e-05,2.4704809631746949e-05,1.288783720656087e-05,0,22,9.9999999999999998e-13
67,0,"Conv2DLayer(1,8,5, stride=5, padding=0)","weights",1.3733787041346686,1.8873217259932955e-05,1.3742177186740562e-05,1.4444062144628281e-05,2.4241360055414578e-05,1.250720464356437e-05,0,22,9.9999999999999998e-13
67,0,"Conv2DLayer(1,8,5, stride=5, padding=0)","biases",0.0012242368251219682,4.4769083509966811e-06,0.0036612189855245304,0.0038319309610986957,0.0056238497743024739,0.0034382924246526116,0,22,9.9999999999999998e-13
67,4,"DenseLayer( 7202,128 )","all",15.876671228325447,0.0013287290769859966,8.3690677244833584e-05,8.730722778605755e-05,0.0001272013419543153,9.2112259508276252e-05,0,22,9.9999999999999998e-13
67,4,"DenseLayer( 7202,128 )","weights",15.876670947727575,0.0013286201334443372,8.3683816858453767e-05,8.7299831630566026e-05,0.00012718890444331555,9.2103835218351019e-05,0,22,9.9999999999999998e-13
67,4,"DenseLayer( 7202,128 )","biases",0.0029849411782916406,1.6944585857290516e-05,0.0056776711596067241,0.0060466051301732784,0.009462509682757839,0.006602186960707559,0,22,9.9999999999999998e-13
67,6,"DenseLayer( 128,64 )","all",9.2499967743520006,0.00015934480153179868,1.7226472852617912e-05,1.7772340446055226e-05,2.6084264026716329e-05,2.2692174615088606e-05,0,22,9.9999999999999998e-13
67,6,"DenseLayer( 128,64 )","weights",9.2499963870388875,0.00015858486539519653,1.7144318266448888e-05,1.7682451058471391e-05,2.5914037420834646e-05,2.2544681897544875e-05,0,22,9.9999999999999998e-13
67,6,"DenseLayer( 128,64 )","biases",0.0026767708043507342,1.5305293623428753e-05,0.0057190834804005664,0.0061699870295680546,0.010273186048237855,0.0088495454932598361,0,22,9.9999999999999998e-13
67,8,"DenseLayer( 64,1 )","all",1.5038150094574214,1.3376694684647579e-05,8.8951838080252396e-06,9.3889617718963419e-06,1.5303981930397201e-05,9.5939977136062118e-06,0,22,9.9999999999999998e-13
67,8,"DenseLayer( 64,1 )","weights",1.5038150049825627,1.3252641185283278e-05,8.8126911629051032e-06,9.2932597093821117e-06,1.5116723564800365e-05,9.4701159053317859e-06,0,22,9.9999999999999998e-13
67,8,"DenseLayer( 64,1 )","biases",0.00011594621338934468,1.7105720127636397e-06,0.014765143518742221,0.017305935747129693,0.029752516228258658,0.019598152480230752,0,22,9.9999999999999998e-13
68,0,"Conv2DLayer(1,8,5, stride=5, padding=0)","all",1.3733744946826358,1.9679889317329029e-05,1.4329584294666059e-05,1.5281509030296431e-05,2.4009678855619901e-05,2.4009678855619901e-05,0,22,9.9999999999999998e-13
68,0,"Conv2DLayer(1,8,5, stride=5, padding=0)","weights",1.3733739489329926,1.9206181548710478e-05,1.3984667407300754e-05,1.4896746695671185e-05,2.3093543742241923e-05,2.3093543742241923e-05,0,22,9.9999999999999998e-13
68,0,"Conv2DLayer(1,8,5, stride=5, padding=0)","biases",0.0012243248570954078,4.2097204935360112e-06,0.0034349720019855451,0.003816819704202801,0.0073634188406828715,0.0073634188406828715,0,22,9.9999999999999998e-13
68,4,"DenseLayer( 7202,128 )","all",15.87674500583295,0.0012765410101108802,8.0403180684404744e-05,8.4443010889333032e-05,0.00015029432265852249,0.00015029432265852249,0,22,9.9999999999999998e-13
68,4,"DenseLayer( 7202,128 )","weights",15.876744722869185,0.0012764398909773547,8.0396813109940605e-05,8.4436079724202476e-05,0.00015028036389848622,0.00015028036389848622,0,22,9.9999999999999998e-13
68,4,"DenseLayer( 7202,128 )","biases",0.0029975108416446924,1.600889485249104e-05,0.0053398607827777056,0.0057285704534607764,0.010815995527787782,0.010815995527787782,0,22,9.9999999999999998e-13
68,6,"DenseLayer( 128,64 )","all",9.2500415222332766,0.00016511254535303346,1.784992185217146e-05,1.8457487812455645e-05,3.1527858590349288e-05,3.1527858590349288e-05,0,22,9.9999999999999998e-13
68,6,"DenseLayer( 128,64 )","weights",9.2500411231894066,0.00016434841702026075,1.7767314536677738e-05,1.8368393832211588e-05,3.1353109265557827e-05,3.1353109265557827e-05,0,22,9.9999999999999998e-13
68,6,"DenseLayer( 128,64 )","biases",0.0027170242737538084,1.574699823605011e-05,0.0057961436026490913,0.0061657217152055318,0.011220606834640318,0.011220606834640318,0,22,9.9999999999999998e-13
68,8,"DenseLayer( 64,1 )","all",1.5038537384536648,1.2979718869089797e-05,8.6309591509343818e-06,9.1594481077458134e-06,1.7264489963881963e-05,1.7264489963881963e-05,0,22,9.9999999999999998e-13
68,8,"DenseLayer( 64,1 )","weights",1.5038537340700737,1.2868620995745657e-05,8.5570838868445799e-06,9.0727407924573844e-06,1.7054313555620948e-05,1.7054313555620948e-05,0,22,9.9999999999999998e-13
68,8,"DenseLayer( 64,1 )","biases",0.00011476868200010027,1.6417910625353793e-06,0.014369715311644592,0.016596247027729844,0.035142928355362736,0.035142928355362736,0,22,9.9999999999999998e-13
69,0,"Conv2DLayer(1,8,5, stride=5, padding=0)","all",1.3733730762359821,2.8720838632775786e-05,2.0912612121463705e-05,2.3064845162999503e-05,4.4053082108843026e-05,1.2954416961513443e-05,0,22,9.9999999999999998e-13
69,0,"Conv2DLayer(1,8,5, stride=5, padding=0)","weights",1.373372516546421,2.8032651901852346e-05,2.0411528780429147e-05,2.2542979359912499e-05,4.3320046833683943e-05,1.2489655703528658e-05,0,22,9.9999999999999998e-13
69,0,"Conv2DLayer(1,8,5, stride=5, padding=0)","biases",0.0012398767204087524,6.1290583588717047e-06,0.0049409056978247032,0.0053978497767494379,0.0088191326673590902,0.0038102026553268019,0,22,9.9999999999999998e-13
69,4,"DenseLayer( 7202,128 )","all",15.876861602233438,0.0017325523615389961,0.00010912436711561182,0.00011561377540107747,0.00018269478790488306,9.1446474810094676e-05,0,22,9.9999999999999998e-13
69,4,"DenseLayer( 7202,128 )","weights",15.876861318416825,0.0017324015878668838,0.00010911487262574482,0.00011560331276546095,0.00018267785244076263,9.1438615329256679e-05,0,22,9.9999999999999998e-13
69,4,"DenseLayer( 7202,128 )","biases",0.0030020279334432979,2.2766441329931102e-05,0.0075824816377669021,0.0082236353255677012,0.013149795490705329,0.0063478192919075374,0,22,9.9999999999999998e-13
69,6,"DenseLayer( 128,64 )","all",9.2500924756858574,0.0002134332124364,2.3073631562746617e-05,2.4251699282376906e-05,3.6204411522093828e-05,1.690540909415911e-05,0,22,9.9999999999999998e-13
69,6,"DenseLayer( 128,64 )","weights",9.2500920660144779,0.00021233397648767725,2.2954797451206642e-05,2.4121476613217339e-05,3.6007428042620685e-05,1.6791051183968792e-05,0,22,9.9999999999999998e-13
69,6,"DenseLayer( 128,64 )","biases",0.0027529800174808023,2.1458648687392285e-05,0.0077966049619308479,0.0084380184503062994,0.013100652489594756,0.0065566707031944095,0,22,9.9999999999999998e-13
69,8,"DenseLayer( 64,1 )","all",1.503899352146681,1.9433449354946917e-05,1.2922037226424203e-05,1.4060736100574955e-05,2.3587531622932423e-05,8.78083872814377e-06,0,22,9.9999999999999998e-13
69,8,"DenseLayer( 64,1 )","weights",1.5038993476668858,1.9238615669377568e-05,1.2792485068962709e-05,1.3911376457899357e-05,2.3341203894531415e-05,8.6560908763693872e-06,0,22,9.9999999999999998e-13
69,8,"DenseLayer( 64,1 )","biases",0.00011592995096262629,2.6659942126240241e-06,0.023138789140127371,0.026820536027658669,0.046118921738701184,0.019221435124322585,0,22,9.9999999999999998e-13
70,0,"Conv2DLayer(1,8,5, stride=5, padding=0)","all",1.3733666768140855,1.254895481537974e-05,9.1373649333692027e-06,9.6873754344934257e-06,1.7863341626680017e-05,1.7863341626680017e-05,0,22,9.9999999999999998e-13
70,0,"Conv2DLayer(1,8,5, stride=5, padding=0)","weights",1.373366127675314,1.2237508545971438e-05,8.9105927421139598e-06,9.4740491909347282e-06,1.7691249835137466e-05,1.7691249835137466e-05,0,22,9.9999999999999998e-13
70,0,"Conv2DLayer(1,8,5, stride=5, padding=0)","biases",0.0012281326904483945,2.6804489289317826e-06,0.0021812508965812849,0.0022581896524891372,0.0034494101554845939,0.0027656248036953754,0,22,9.9999999999999998e-13
70,4,"DenseLayer( 7202,128 )","all",15.876931031361718,0.0009245913005035539,5.8234886986593615e-05,5.9655712830451659e-05,9.6086479495194948e-05,9.6086479495194948e-05,0,22,9.9999999999999998e-13
70,4,"DenseLayer( 7202,128 )","weights",15.876930747629354,0.00092452865983318493,5.8230942638054246e-05,5.9651644323384288e-05,9.6080550525084641e-05,9.6080550525084641e-05,0,22,9.9999999999999998e-13
70,4,"DenseLayer( 7202,128 )","biases",0.0030015956674568755,1.0734940295016098e-05,0.0035766456260031168,0.0036860527303385522,0.005638777486043826,0.005638777486043826,0,22,9.9999999999999998e-13
70,6,"DenseLayer( 128,64 )","all",9.250132993023831,0.00011198197659020096,1.2105984853409874e-05,1.2301118149431802e-05,1.6418911543930335e-05,1.6418911543930335e-05,0,22,9.9999999999999998e-13
70,6,"DenseLayer( 128,64 )","weights",9.2501325744869494,0.00011157554677898206,1.2062047673039328e-05,1.225531654928162e-05,1.637386716235923e-05,1.637386716235923e-05,0,22,9.9999999999999998e-13
70,6,"DenseLayer( 128,64 )","biases",0.0027826232646151368,9.4031909249789682e-06,0.0033793978380474549,0.0035261213059895385,0.0056973178837352772,0.0040242475749323074,0,22,9.9999999999999998e-13
70,8,"DenseLayer( 64,1 )","all",1.5039387127901529,8.5542689476826854e-06,5.6879110192136281e-06,5.8272203363609622e-06,8.509685584846641e-06,8.509685584846641e-06,0,22,9.9999999999999998e-13
70,8,"DenseLayer( 64,1 )","weights",1.5039387080875539,8.5132668319280025e-06,5.6606478086319029e-06,5.7964460191911926e-06,8.4753317430993667e-06,8.4753317430993667e-06,0,22,9.9999999999999998e-13
70,8,"DenseLayer( 64,1 )","biases",0.00011892109118476087,7.5066881518895656e-07,0.0063189455516437006,0.0075737587670783972,0.015336594616908677,0.0098597024198873815,0,22,9.9999999999999998e-13
71,0,"Conv2DLayer(1,8,5, stride=5, padding=0)","all",1.3733626780388837,1.3178695545282148e-05,9.5959299158304913e-06,1.0155364019151475e-05,1.7625199065358312e-05,4.3435214889271826e-06,0,22,9.9999999999999998e-13
71,0,"Conv2DLayer(1,8,5, stride=5, padding=0)","weights",1.3733621233138036,1.2829938949156945e-05,9.3419901704320556e-06,9.9001464353727761e-06,1.7377029010411481e-05,4.1491355710245624e-06,0,22,9.9999999999999998e-13
71,0,"Conv2DLayer(1,8,5, stride=5, padding=0)","biases",0.0012343623869333249,2.9072840166378528e-06,0.0023542151559837461,0.0025146372643669191,0.0042681489979195962,0.0014356009485755464,0,22,9.9999999999999998e-13
71,4,"DenseLayer( 7202,128 )","all",15.87700516250619,0.00096764678889118747,6.0946425522193418e-05,6.2379859217357968e-05,9.5194257116061322e-05,4.8127316582206449e-05,0,22,9.9999999999999998e-13
71,4,"DenseLayer( 7202,128 )","weights",15.877004878501083,0.00096757460929428735,6.0941880440834739e-05,6.2375097482391284e-05,9.5185569035376928e-05,4.812473847779875e-05,0,22,9.9999999999999998e-13
71,4,"DenseLayer( 7202,128 )","biases",0.0030030410301554442,1.1747277237794467e-05,0.0039116001064500461,0.0040749628311584889,0.0067870327690571601,0.0026288836984108667,0,22,9.9999999999999998e-13
71,6,"DenseLayer( 128,64 )","all",9.2501824989117498,0.00012115529021408712,1.3097610274381318e-05,1.333627820970068e-05,1.9830289238500567e-05,9.5373173383730834e-06,0,22,9.9999999999999998e-13
71,6,"DenseLayer( 128,64 )","weights",9.2501820741760614,0.00012075741788250553,1.305459849363413e-05,1.3290165253793727e-05,1.9737350986348178e-05,9.5195098935110754e-06,0,22,9.9999999999999998e-13
71,6,"DenseLayer( 128,64 )","biases",0.0028031544223613815,9.6216436870282326e-06,0.0034332284932939374,0.0036581716626410284,0.0063209481672848828,0.0019113215895441057,0,22,9.9999999999999998e-13
71,8,"DenseLayer( 64,1 )","all",1.5039841747289362,9.9930226634775237e-06,6.6443658755569236e-06,6.8494414807029524e-06,1.0844212566258864e-05,4.5950768957119862e-06,0,22,9.9999999999999998e-13
71,8,"DenseLayer( 64,1 )","weights",1.5039841700672711,9.9254231085558894e-06,6.5994188762036523e-06,6.7986794732978128e-06,1.0723485616653218e-05,4.5838864198472898e-06,0,22,9.9999999999999998e-13
71,8,"DenseLayer( 64,1 )","biases",0.00011838464045219801,1.0877728610384194e-06,0.0092092504712373412,0.010613546343079421,0.02090780141666149,0.0039844456920876134,0,22,9.9999999999999998e-13
72,0,"Conv2DLayer(1,8,5, stride=5, padding=0)","all",1.3733611921257529,1.4039573298604967e-05,1.0222785603161322e-05,1.0667627072118213e-05,1.4722640877550941e-05,9.9536377270838902e-06,0,22,9.9999999999999998e-13
72,0,"Conv2DLayer(1,8,5, stride=5, padding=0)","weights",1.3733606301011492,1.3686372091716587e-05,9.9656098923574037e-06,1.0416752698088621e-05,1.4516758699189194e-05,9.7621100287952204e-06,0,22,9.9999999999999998e-13
72,0,"Conv2DLayer(1,8,5, stride=5, padding=0)","biases",0.0012424095840110527,3.0247193134781311e-06,0.0024322984358882429,0.0025366097650473341,0.0037225951131539476,0.002122314867587286,0,22,9.9999999999999998e-13
72,4,"DenseLayer( 7202,128 )","all",15.877082810035592,0.00099222925452551055,6.2494421093137303e-05,6.3690289593153719e-05,9.0505144175158562e-05,7.469781969753811e-05,0,22,9.9999999999999998e-13
72,4,"DenseLayer( 7202,128 )","weights",15.877082523886406,0.00099215930055759818,6.2490016249905033e-05,6.3685701499096344e-05,9.0496843218682008e-05,7.4692270772772987e-05,0,22,9.9999999999999998e-13
72,4,"DenseLayer( 7202,128 )","biases",0.0030143648307756556,1.174518349966217e-05,0.0038963851172889793,0.0040271537875584953,0.0064625569541642757,0.0047962452956357088,0,22,9.9999999999999998e-13
72,6,"DenseLayer( 128,64 )","all",9.2502323433204268,0.00013003107289236526,1.4057059033136792e-05,1.4344943138880977e-05,2.0042253373105956e-05,1.7055002272924265e-05,0,22,9.9999999999999998e-13
72,6,"DenseLayer( 128,64 )","weights",9.2502319120332466,0.00012959763067400416,1.4010202266828632e-05,1.4295562118714317e-05,1.9940343366224961e-05,1.6986685865296817e-05,0,22,9.9999999999999998e-13
72,6,"DenseLayer( 128,64 )","biases",0.0028247101917884478,1.050103488824656e-05,0.0037165986836806275,0.0038922301757665927,0.0065914676441239141,0.0049718482658879983,0,22,9.9999999999999998e-13
72,8,"DenseLayer( 64,1 )","all",1.504034214461218,9.9097004861067901e-06,6.5887370253618398e-06,6.7901612357447824e-06,1.093957870743892e-05,8.0963394977817059e-06,0,22,9.9999999999999998e-13
72,8,"DenseLayer( 64,1 )","weights",1.5040342097523438,9.8625756697789967e-06,6.5574050166429934e-06,6.7527132474365269e-06,1.0814566901519951e-05,8.0346438053782829e-06,0,22,9.9999999999999998e-13
72,8,"DenseLayer( 64,1 )","biases",0.0001190041601313913,8.7828878101638774e-07,0.0074030739185099092,0.0090547624979336536,0.02098264821115747,0.012432341220595338,0,22,9.9999999999999998e-13
73,0,"Conv2DLayer(1,8,5, stride=5, padding=0)","all",1.3733653680617546,1.6468892754882226e-05,1.1991635660676173e-05,1.2925352412938166e-05,2.4146534813736678e-05,1.7931256862109621e-05,0,22,9.9999999999999998e-13
73,0,"Conv2DLayer(1,8,5, stride=5, padding=0)","weights",1.3733648031797667,1.5968945299980986e-05,1.1627609558570818e-05,1.2557854500200975e-05,2.3722216721358308e-05,1.7464173493192239e-05,0,22,9.9999999999999998e-13
73,0,"Conv2DLayer(1,8,5, stride=5, padding=0)","biases",0.0012456066876004532,3.9715826072075463e-06,0.0031902245233017836,0.0033771866265366727,0.0053675779607905922,0.0044624059698125237,0,22,9.9999999999999998e-13
73,4,"DenseLayer( 7202,128 )","all",15.877166073460124,0.001175779776387741,7.4054755860080424e-05,7.6029365065699608e-05,0.00010882731393983938,0.00010882731393983938,0,22,9.9999999999999998e-13
73,4,"DenseLayer( 7202,128 )","weights",15.877165786818402,0.0011756868734845755,7.4048905845177385e-05,7.602322746398962e-05,0.00010881861528164535,0.00010881861528164535,0,22,9.9999999999999998e-13
73,4,"DenseLayer( 7202,128 )","biases",0.0030169691982878796,1.4727316761102777e-05,0.0048806927667386958,0.005083011749810365,0.0072227855947697844,0.0072227855947697844,0,22,9.9999999999999998e-13
73,6,"DenseLayer( 128,64 )","all",9.2502879282032175,0.00015367047353177486,1.6612506687130295e-05,1.6835337485356261e-05,2.1497364151289602e-05,2.1497364151289602e-05,0,22,9.9999999999999998e-13
73,6,"DenseLayer( 128,64 )","weights",9.2502874805745616,0.0001529721798210133,1.6537018618955886e-05,1.6757383277749476e-05,2.141899654204183e-05,2.141899654204183e-05,0,22,9.9999999999999998e-13
73,6,"DenseLayer( 128,64 )","biases",0.0028776832569781642,1.4552542962805912e-05,0.0050576846265061245,0.0052030011121139844,0.0073293632687440645,0.005859494287408974,0,22,9.9999999999999998e-13
73,8,"DenseLayer( 64,1 )","all",1.504081749155965,1.1527629183198592e-05,7.6642266162833285e-06,7.9958783279169477e-06,1.1523095857402009e-05,9.1421103669528509e-06,0,22,9.9999999999999998e-13
73,8,"DenseLayer( 64,1 )","weights",1.5040817443764696,1.1439946499642273e-05,7.605930193229878e-06,7.9292751186019552e-06,1.1430416730128115e-05,9.0912120329375366e-06,0,22,9.9999999999999998e-13
73,8,"DenseLayer( 64,1 )","biases",0.00011987241073670289,1.3664529515980659e-06,0.011379924058299894,0.012897732826035464,0.021035531602343359,0.01214830982530327,0,22,9.9999999999999998e-13
74,0,"Conv2DLayer(1,8,5, stride=5, padding=0)","all",1.3733652091172426,1.8131056837201971e-05,1.3201910922985084e-05,1.4777435468894367e-05,2.9822284342359205e-05,1.4925244001384575e-05,0,22,9.9999999999999998e-13
74,0,"Conv2DLayer(1,8,5, stride=5, padding=0)","weights",1.3733646319251029,1.7762158829966683e-05,1.2933307485957004e-05,1.448880219042707e-05,2.9322970640179436e-05,1.4499762931846227e-05,0,22,9.9999999999999998e-13
74,0,"Conv2DLayer(1,8,5, stride=5, padding=0)","biases",0.0012591047399447513,3.573496088139574e-06,0.0028353171275761354,0.0031634279284116561,0.0060098293625029317,0.0038209758438157953,0,22,9.9999999999999998e-13
74,4,"DenseLayer( 7202,128 )","all",15.877244516260031,0.0011910002603081607,7.5013017532008487e-05,7.8255035342526122e-05,0.00012027675852373076,9.4611956426648728e-05,0,22,9.9999999999999998e-13
74,4,"DenseLayer( 7202,128 )","weights",15.87724422747123,0.0011909124798408668,7.5007490201030221e-05,7.8249105946657401e-05,0.00012026754527449642,9.460340261975057e-05,0,22,9.9999999999999998e-13
74,4,"DenseLayer( 7202,128 )","biases",0.0030282543891840307,1.4401827252882617e-05,0.0047564593960162599,0.0050526368745489368,0.0080197898939963763,0.0066757139656213726,0,22,9.9999999999999998e-13
74,6,"DenseLayer( 128,64 )","all",9.2503360800294097,0.00015498514942764493,1.6754540083944942e-05,1.7209991270928084e-05,2.6507352488552692e-05,2.1762336868329682e-05,0,22,9.9999999999999998e-13
74,6,"DenseLayer( 128,64 )","weights",9.2503356267654198,0.00015433743519991682,1.6684520297551572e-05,1.7136031175416483e-05,2.6380092771149718e-05,2.1649768998117692e-05,0,22,9.9999999999999998e-13
74,6,"DenseLayer( 128,64 )","biases",0.0028958025323865847,1.4045021452227315e-05,0.0048504099062590391,0.0050916905821250195,0.008269197787417925,0.007067193596538365,0,22,9.9999999999999998e-13
74,8,"DenseLayer( 64,1 )","all",1.5041317152926608,1.1936512406408762e-05,7.9358035056808627e-06,8.4093257992680675e-06,1.3780572491077033e-05,1.1097664475499779e-05,0,22,9.9999999999999998e-13
74,8,"DenseLayer( 64,1 )","weights",1.5041317105625713,1.1854224189780583e-05,7.881095567825024e-06,8.3458051301942352e-06,1.3653828800335634e-05,1.0974502517754046e-05,0,22,9.9999999999999998e-13
74,8,"DenseLayer( 64,1 )","biases",0.0001192518386894583,1.3176719552244653e-06,0.011086198262214969,0.013067127998906436,0.023316135197909611,0.021371232949718325,0,22,9.9999999999999998e-13
75,0,"Conv2DLayer(1,8,5, stride=5, padding=0)","all",1.373363034779256,1.7130099517819953e-05,1.2473095623645542e-05,1.3438929243694103e-05,2.3786197636521707e-05,5.7898198583511712e-06,0,22,9.9999999999999998e-13
75,0,"Conv2DLayer(1,8,5, stride=5, padding=0)","weights",1.3733624556672288,1.6635980086773091e-05,1.2113312842962816e-05,1.30692988322535e-05,2.3338029633874719e-05,5.50864691752983e-06,0,22,9.9999999999999998e-13
75,0,"Conv2DLayer(1,8,5, stride=5, padding=0)","biases",0.0012612087162841683,4.0189978325898557e-06,0.0031861225352313462,0.0034079219376110998,0.0053196384286664971,0.0019393937942812306,0,22,9.9999999999999998e-13
75,4,"DenseLayer( 7202,128 )","all",15.877326447259842,0.0012891520038349074,8.1194529779848621e-05,8.4720178101726457e-05,0.00013348569514246833,5.2557653378144454e-05,0,22,9.9999999999999998e-13
75,4,"DenseLayer( 7202,128 )","weights",15.877326158203402,0.0012890460885010358,8.1187860403309655e-05,8.4713052426566479e-05,0.00013347429283718423,5.255352550915723e-05,0,22,9.9999999999999998e-13
75,4,"DenseLayer( 7202,128 )","biases",0.0030296633522880327,1.6485577088964698e-05,0.0054417117871056958,0.005759463182527404,0.0091430075166366153,0.0034594319506704332,0,22,9.9999999999999998e-13
75,6,"DenseLayer( 128,64 )","all",9.2503824220906807,0.00015558365822832535,1.6819160985948336e-05,1.7468496774089861e-05,2.7543866036617227e-05,1.1090843521743552e-05,0,22,9.9999999999999998e-13
75,6,"DenseLayer( 128,64 )","weights",9.2503819602328328,0.00015480833533220104,1.6735346587582295e-05,1.7377545749400945e-05,2.7381519279021934e-05,1.1052352896402633e-05,0,22,9.9999999999999998e-13
75,6,"DenseLayer( 128,64 )","biases",0.0029231141656362886,1.538842812368928e-05,0.005265653126693897,0.0056351752452305798,0.0094609640233260413,0.0029108577998046511,0,22,9.9999999999999998e-13
75,8,"DenseLayer( 64,1 )","all",1.5041687931241243,1.2176727698494538e-05,8.0953208371912849e-06,8.5228585868248251e-06,1.3117625143419478e-05,5.3467011112957478e-06,0,22,9.9999999999999998e-13
75,8,"DenseLayer( 64,1 )","weights",1.5041687883710597,1.2065414246678779e-05,8.0213175736326979e-06,8.4386692531502784e-06,1.2967962735645715e-05,5.3182740499448362e-06,0,22,9.9999999999999998e-13
75,8,"DenseLayer( 64,1 )","biases",0.00011952693768597038,1.5906982959925451e-06,0.013373535989322359,0.015134383124503631,0.024584182810903375,0.0071401850071357315,0,22,9.9999999999999998e-13
76,0,"Conv2DLayer(1,8,5, stride=5, padding=0)","all",1.3733564852737397,2.0209193682260702e-05,1.4715179196413856e-05,1.5505840415517636e-05,2.5462892205798592e-05,4.9051513836600449e-06,0,22,9.9999999999999998e-13
76,0,"Conv2DLayer(1,8,5, stride=5, padding=0)","weights",1.3733559052154325,1.9713794391594862e-05,1.4354463744919705e-05,1.5124823591403306e-05,2.4890715635535776e-05,4.8619020163417055e-06,0,22,9.9999999999999998e-13
76,0,"Conv2DLayer(1,8,5, stride=5, padding=0)","biases",0.0012622383671818593,4.327874028094478e-06,0.0034285335077046024,0.0037167979589587006,0.0058619630057606146,0.00070700030749491739,0,22,9.9999999999999998e-13
76,4,"DenseLayer( 7202,128 )","all",15.877381887444393,0.0013099630339443668,8.2504981557595452e-05,8.6985027062101768e-05,0.00013258763789296502,4.2307392932013499e-05,0,22,9.9999999999999998e-13
76,4,"DenseLayer( 7202,128 )","weights",15.877381599217143,0.0013098550972539063,8.24981849125099e-05,8.6977636939904537e-05,0.00013257598940833343,4.2305157037132107e-05,0,22,9.9999999999999998e-13
76,4,"DenseLayer( 7202,128 )","biases",0.0030253177080803058,1.6755124862915907e-05,0.0055393967093269976,0.0059534628035022982,0.0094805219017300782,0.0022833030053966029,0,22,9.9999999999999998e-13
76,6,"DenseLayer( 128,64 )","all",9.2504342746544914,0.00015879928214893724,1.7166685046649247e-05,1.7931052361598925e-05,2.9019880456058688e-05,1.1066275800351219e-05,0,22,9.9999999999999998e-13
76,6,"DenseLayer( 128,64 )","weights",9.2504338068048071,0.00015807519829491397,1.7088410245520975e-05,1.784498025917459e-05,2.8872391115685904e-05,1.104064154712712e-05,0,22,9.9999999999999998e-13
76,6,"DenseLayer( 128,64 )","biases",0.0029420413524370143,1.4999749848022494e-05,0.0050991263529945995,0.0055185899804044954,0.0091888270735172826,0.0023680241400466282,0,22,9.9999999999999998e-13
76,8,"DenseLayer( 64,1 )","all",1.5042104671731804,1.3782947851329498e-05,9.1629185137474046e-06,9.7861712535095685e-06,1.7758822729826407e-05,4.1772526337554156e-06,0,22,9.9999999999999998e-13
76,8,"DenseLayer( 64,1 )","weights",1.5042104624571482,1.3662028222260902e-05,9.0825310341087561e-06,9.6915813584063048e-06,1.7576002067935835e-05,4.177248620060037e-06,0,22,9.9999999999999998e-13
76,8,"DenseLayer( 64,1 )","biases",0.00011905254591097632,1.7289960603441366e-06,0.01455936878666547,0.01720353322322201,0.032385957020845492,7.5710480344795249e-05,0,22,9.9999999999999998e-13
77,0,"Conv2DLayer(1,8,5, stride=5, padding=0)","all",1.3733538866389658,1.5459425637935652e-05,1.1256697620780319e-05,1.2077306165227168e-05,2.2510881807760549e-05,2.2510881807760549e-05,0,22,9.9999999999999998e-13
77,0,"Conv2DLayer(1,8,5, stride=5, padding=0)","weights",1.3733533116447267,1.5053367618046884e-05,1.0961033374631042e-05,1.1770789257128699e-05,2.226012257030762e-05,2.226012257030762e-05,0,22,9.9999999999999998e-13
77,0,"Conv2DLayer(1,8,5, stride=5, padding=0)","biases",0.0012567136407060735,3.4450403742276433e-06,0.0027413763095454641,0.0029551805783460451,0.0053725410155457485,0.0036712441086584782,0,22,9.9999999999999998e-13
77,4,"DenseLayer( 7202,128 )","all",15.877460770390121,0.0011355575743013512,7.152009404067559e-05,7.5094974773220715e-05,0.00012175807403076186,0.00011058293317055882,0,22,9.9999999999999998e-13
77,4,"DenseLayer( 7202,128 )","weights",15.877460480598808,0.0011354733778810443,7.1514792456780582e-05,7.5089281448111845e-05,0.00012174704159315016,0.00011057704808011459,0,22,9.9999999999999998e-13
77,4,"DenseLayer( 7202,128 )","biases",0.003033523359547893,1.3775655540889954e-05,0.0045412353671107604,0.0048399627882508879,0.0085693842939505108,0.0059684932276081043,0,22,9.9999999999999998e-13
77,6,"DenseLayer( 128,64 )","all",9.2504878563455506,0.00014179779099989922,1.5328683196646025e-05,1.5831434283562689e-05,2.3155547688733295e-05,1.6795773043753723e-05,0,22,9.9999999999999998e-13
77,6,"DenseLayer( 128,64 )","weights",9.2504873844166653,0.00014122693308217266,1.5266972860123765e-05,1.5764461705926075e-05,2.3014843008035435e-05,1.6757423356667566e-05,0,22,9.9999999999999998e-13
77,6,"DenseLayer( 128,64 )","biases",0.002954842287269905,1.2510574046854575e-05,0.0042346533827509001,0.0045548369598553502,0.0079642850351303914,0.0035448363684378661,0,22,9.9999999999999998e-13
77,8,"DenseLayer( 64,1 )","all",1.50425633480163,1.1736681474640388e-05,7.8023144098078754e-06,8.116633105421241e-06,1.2010105007069695e-05,8.5856703882209134e-06,0,22,9.9999999999999998e-13
77,8,"DenseLayer( 64,1 )","weights",1.5042563300290386,1.1647315872409555e-05,7.7429059614965755e-06,8.0494493262447586e-06,1.185177464571609e-05,8.578613378072016e-06,0,22,9.9999999999999998e-13
77,8,"DenseLayer( 64,1 )","biases",0.00011979015868167731,1.3796115209433166e-06,0.011558864668480315,0.013173301154512667,0.024584498507577737,0.0043691355110862373,0,22,9.9999999999999998e-13
78,0,"Conv2DLayer(1,8,5, stride=5, padding=0)","all",1.3733416784473222,2.2778652742495015e-05,1.6586298306280011e-05,1.7935650160040026e-05,2.8393643605558683e-05,1.8536327159822325e-05,0,22,9.9999999999999998e-13
78,0,"Conv2DLayer(1,8,5, stride=5, padding=0)","weights",1.3733410965123671,2.2361742888344904e-05,1.6282732075744871e-05,1.7632653961164165e-05,2.8047441057601826e-05,1.8087467059115841e-05,0,22,9.9999999999999998e-13
78,0,"Conv2DLayer(1,8,5, stride=5, padding=0)","biases",0.0012642413513889005,4.1922462636453053e-06,0.0033140779443197143,0.0035620831393049926,0.0055946644793659194,0.0043991012812939099,0,22,9.9999999999999998e-13
78,4,"DenseLayer( 7202,128 )","all",15.877532646310685,0.0014381956297543615,9.0580534823636607e-05,9.4378317341714887e-05,0.00014742393548497007,0.00012663594341904446,0,22,9.9999999999999998e-13
78,4,"DenseLayer( 7202,128 )","weights",15.877532357838968,0.0014380951308272921,9.0574206841549562e-05,9.4371547109460676e-05,0.0001474123715700859,0.00012662480416788602,0,22,9.9999999999999998e-13
78,4,"DenseLayer( 7202,128 )","biases",0.0030266080615415358,1.6922380212942929e-05,0.0055889803122295594,0.00592564510639921,0.01014886034885595,0.0088001973206027449,0,22,9.9999999999999998e-13
78,6,"DenseLayer( 128,64 )","all",9.2505304261970966,0.00016743766364300916,1.8100325371396881e-05,1.8917029998205483e-05,3.0521295136202181e-05,2.5920410979746273e-05,0,22,9.9999999999999998e-13
78,6,"DenseLayer( 128,64 )","weights",9.2505299533073142,0.00016682763402914503,1.8034380980144849e-05,1.8842207252711744e-05,3.0366736863838833e-05,2.5765947105770117e-05,0,22,9.9999999999999998e-13
78,6,"DenseLayer( 128,64 )","biases",0.0029578561596834922,1.3996874878202881e-05,0.0047277274475231133,0.0052467577524169251,0.010081385186599403,0.0087981274584002355,0,22,9.9999999999999998e-13
78,8,"DenseLayer( 64,1 )","all",1.5042910030075587,1.295033466770563e-05,8.608917670371129e-06,9.0216694617282819e-06,1.4405343670890211e-05,1.2260708274135459e-05,0,22,9.9999999999999998e-13
78,8,"DenseLayer( 64,1 )","weights",1.5042909981040271,1.2890917563301017e-05,8.569419541458339e-06,8.9739904180431535e-06,1.426322816378528e-05,1.2136200254543383e-05,0,22,9.9999999999999998e-13
78,8,"DenseLayer( 64,1 )","biases",0.00012144839109334333,1.1091066302138974e-06,0.0091555081272070449,0.011526942259048989,0.025054421432585714,0.022189434740252943,0,22,9.9999999999999998e-13
79,0,"Conv2DLayer(1,8,5, stride=5, padding=0)","all",1.3733353891698523,1.7462070971477793e-05,1.2715081100565843e-05,1.3668524730571537e-05,2.2671101099780152e-05,1.0936509963744781e-05,0,22,9.9999999999999998e-13
79,0,"Conv2DLayer(1,8,5, stride=5, padding=0)","weights",1.373334808961773,1.7091457994806589e-05,1.2445222871225431e-05,1.3398882461852804e-05,2.2369002877547896e-05,1.0549167541549368e-05,0,22,9.9999999999999998e-13
79,0,"Conv2DLayer(1,8,5, stride=5, padding=0)","biases",0.0012623884815667877,3.5124819292152131e-06,0.0027832669781180982,0.002940652326362678,0.0044696858527295312,0.0031645518111848886,0,22,9.9999999999999998e-13
79,4,"DenseLayer( 7202,128 )","all",15.877613108839723,0.0011857775971594983,7.4682377567208836e-05,7.7007385269101808e-05,0.00010286925491214411,8.4796680483560985e-05,0,22,9.9999999999999998e-13
79,4,"DenseLayer( 7202,128 )","weights",15.877612819099843,0.0011856868370639254,7.4676662697064475e-05,7.700140392665939e-05,0.00010286025808955353,8.4789016897056377e-05,0,22,9.9999999999999998e-13
79,4,"DenseLayer( 7202,128 )","biases",0.0030332704240961508,1.4642293860907435e-05,0.0048284009775239802,0.0050268442115105078,0.0071970036220701259,0.0059555712929251553,0,22,9.9999999999999998e-13
79,6,"DenseLayer( 128,64 )","all",9.2505817245556123,0.00014637653026782093,1.5823499232755634e-05,1.6225519655385127e-05,2.1459143429139068e-05,1.7042398569059881e-05,0,22,9.9999999999999998e-13
79,6,"DenseLayer( 128,64 )","weights",9.2505812445719098,0.0001458376117851462,1.5765242225341716e-05,1.6163941155828992e-05,2.1353233467353537e-05,1.6944583739478883e-05,0,22,9.9999999999999998e-13
79,6,"DenseLayer( 128,64 )","biases",0.0029799716284976958,1.2421539495612914e-05,0.0041685264665865711,0.0043846593135622282,0.0066225339655637287,0.0056389349954176753,0,22,9.9999999999999998e-13
79,8,"DenseLayer( 64,1 )","all",1.5043326770991885,1.1414146133508221e-05,7.5875258459242284e-06,7.8743066030342765e-06,1.1247198765455905e-05,8.7205187756966979e-06,0,22,9.9999999999999998e-13
79,8,"DenseLayer( 64,1 )","weights",1.5043326723845285,1.1339688297825761e-05,7.5380300654619512e-06,7.8189557549036158e-06,1.1106397987413602e-05,8.6133273919242232e-06,0,22,9.9999999999999998e-13
79,8,"DenseLayer( 64,1 )","biases",0.00011905835642458193,1.2257448609241031e-06,0.010349172250185551,0.011898277798998614,0.02356234105845657,0.016730620202668536,0,22,9.9999999999999998e-13
80,0,"Conv2DLayer(1,8,5, stride=5, padding=0)","all",1.3733270708945367,1.2094225939396827e-05,8.806510348946368e-06,9.6954368352590289e-06,2.2573214959876812e-05,2.2573214959876812e-05,0,22,9.9999999999999998e-13
80,0,"Conv2DLayer(1,8,5, stride=5, padding=0)","weights",1.3733265004334017,1.1792870525095468e-05,8.5870793733515135e-06,9.4637359105298705e-06,2.2192154723084473e-05,2.2192154723084473e-05,0,22,9.9999999999999998e-13
80,0,"Conv2DLayer(1,8,5, stride=5, padding=0)","biases",0.001251737572296424,2.6149513915794276e-06,0.0020883973091590353,0.0023097372235897015,0.0045004628465775609,0.0045004628465775609,0,22,9.9999999999999998e-13
80,4,"DenseLayer( 7202,128 )","all",15.877655866719579,0.00096814156476425202,6.0975089854598491e-05,6.4688166564269594e-05,0.00011412321232285615,0.00011412321232285615,0,22,9.9999999999999998e-13
80,4,"DenseLayer( 7202,128 )","weights",15.877655576224132,0.000968075398633236,6.0970923722596542e-05,6.4683581469774718e-05,0.00011411612578635544,0.00011411612578635544,0,22,9.9999999999999998e-13
80,4,"DenseLayer( 7202,128 )","biases",0.0030372286111055896,1.1248387163726088e-05,0.0037023571027803804,0.0040244830417926532,0.0072293288310890476,0.0066269430560887289,0,22,9.9999999999999998e-13
80,6,"DenseLayer( 128,64 )","all",9.2506192808843579,0.00012523159004821464,1.3537643293990113e-05,1.4034735875280228e-05,2.3294784911743258e-05,2.3294784911743258e-05,0,22,9.9999999999999998e-13
80,6,"DenseLayer( 128,64 )","weights",9.2506187980387047,0.0001248234718885873,1.3493526047481487e-05,1.3984915948038789e-05,2.3227871305276098e-05,2.3227871305276098e-05,0,22,9.9999999999999998e-13
80,6,"DenseLayer( 128,64 )","biases",0.002988851015082845,9.7457457154943772e-06,0.0032602175819003007,0.0036558952338807027,0.0070501295918593467,0.0054440391208428777,0,22,9.9999999999999998e-13
80,8,"DenseLayer( 64,1 )","all",1.5043689443884658,9.6407134791670512e-06,6.4084772457648861e-06,6.7200995612315422e-06,1.1118231497101173e-05,1.1118231497101173e-05,0,22,9.9999999999999998e-13
80,8,"DenseLayer( 64,1 )","weights",1.5043689395083073,9.582597132265564e-06,6.3698453617623763e-06,6.6729655729374405e-06,1.1067454134148055e-05,1.1067454134148055e-05,0,22,9.9999999999999998e-13
80,8,"DenseLayer( 64,1 )","biases",0.00012114769726229662,9.4596213206056168e-07,0.0078455790030542687,0.0099477634855941344,0.021389689223359667,0.012949011265648652,0,22,9.9999999999999998e-13
81,0,"Conv2DLayer(1,8,5, stride=5, padding=0)","all",1.3733332058960703,1.6886262070966301e-05,1.2295817060468771e-05,1.3026471463030986e-05,2.1046492052152006e-05,1.0897564296930195e-05,0,22,9.9999999999999998e-13
81,0,"Conv2DLayer(1,8,5, stride=5, padding=0)","weights",1.3733326224113258,1.6634387637055024e-05,1.2112418490410776e-05,1.2852742131691314e-05,2.0846721072260292e-05,1.0795478985857041e-05,0,22,9.9999999999999998e-13
81,0,"Conv2DLayer(1,8,5, stride=5, padding=0)","biases",0.0012659467143820613,2.8178641046897076e-06,0.0022258570265342474,0.0023002429299446665,0.0036530291782235652,0.0016070539521873526,0,22,9.9999999999999998e-13
81,4,"DenseLayer( 7202,128 )","all",15.8777497988891,0.0010486994170616933,6.6048362063860693e-05,6.7623991822663549e-05,9.4551309606425712e-05,5.9338813084507234e-05,0,22,9.9999999999999998e-13
81,4,"DenseLayer( 7202,128 )","weights",15.877749505058691,0.0010486376758463529,6.6044474748867883e-05,6.7619932912305124e-05,9.4545547572644735e-05,5.9336285009633789e-05,0,22,9.9999999999999998e-13
81,4,"DenseLayer( 7202,128 )","biases",0.0030546200181994008,1.1343360049880103e-05,0.0037135098864998031,0.0038516940964975818,0.0054208101117117309,0.0028598199902736695,0,22,9.9999999999999998e-13
81,6,"DenseLayer( 128,64 )","all",9.2506836838206983,0.00013674159660772577,1.4781784057907474e-05,1.5042621000076605e-05,2.0034273119414337e-05,1.1018850704962593e-05,0,22,9.9999999999999998e-13
81,6,"DenseLayer( 128,64 )","weights",9.2506831899832775,0.00013636745750715608,1.4741340338200478e-05,1.4998776901628192e-05,1.9939928616646791e-05,1.1007461248809321e-05,0,22,9.9999999999999998e-13
81,6,"DenseLayer( 128,64 )","biases",0.0030226716381686605,9.8491427002506724e-06,0.0032621772749985545,0.0035207769958868268,0.0059788508870667993,0.001530405711897443,0,22,9.9999999999999998e-13
81,8,"DenseLayer( 64,1 )","all",1.5044296647794189,9.2530580050073976e-06,6.150541932077672e-06,6.2730237384606422e-06,8.4426096538646178e-06,4.730656712085823e-06,0,22,9.9999999999999998e-13
81,8,"DenseLayer( 64,1 )","weights",1.5044296601068321,9.2322215314089083e-06,6.1366918030765168e-06,6.2578680223976126e-06,8.4330146689901508e-06,4.7302318752600736e-06,0,22,9.9999999999999998e-13
81,8,"DenseLayer( 64,1 )","biases",0.00011856647423965941,5.0639077513055364e-07,0.0042564584674139221,0.0054929438897311266,0.01174027958334874,0.00081484946760971818,0,22,9.9999999999999998e-13
82,0,"Conv2DLayer(1,8,5, stride=5, padding=0)","all",1.3733256488368832,1.1351800797854755e-05,8.2659192795018485e-06,8.9276558566449275e-06,1.5957847238709321e-05,7.5089653453487239e-06,0,22,9.9999999999999998e-13
82,0,"Conv2DLayer(1,8,5, stride=5, padding=0)","weights",1.3733250483682127,1.1106673420861967e-05,8.0874308929897517e-06,8.76474325054167e-06,1.5766425335933294e-05,7.3026392494524746e-06,0,22,9.9999999999999998e-13
82,0,"Conv2DLayer(1,8,5, stride=5, padding=0)","biases",0.0012842314144604233,2.2435950557872294e-06,0.0017472546782987218,0.0018158718949815196,0.0026511543213452605,0.0018601982995463181,0,22,9.9999999999999998e-13
82,4,"DenseLayer( 7202,128 )","all",15.877822806317662,0.00093720592252872885,5.9026098195558612e-05,5.9514318174474282e-05,7.2936927751435064e-05,6.7210941654856766e-05,0,22,9.9999999999999998e-13
82,4,"DenseLayer( 7202,128 )","weights",15.877822514624476,0.00093715259303427426,5.902274053937779e-05,5.9510931266241772e-05,7.2933697229791251e-05,6.7206978681547092e-05,0,22,9.9999999999999998e-13
82,4,"DenseLayer( 7202,128 )","biases",0.0030434955828807469,9.9644061964745204e-06,0.0032737324876878165,0.0033122834563400444,0.0043118528441207071,0.0037930930435759944,0,22,9.9999999999999998e-13
82,6,"DenseLayer( 128,64 )","all",9.2507256025141338,0.00012877012561810032,1.3920001257762212e-05,1.4009947237088582e-05,1.7941107747703998e-05,1.384046496616306e-05,0,22,9.9999999999999998e-13
82,6,"DenseLayer( 128,64 )","weights",9.250725111462641,0.00012846695621055346,1.3887229493692224e-05,1.3976496162034216e-05,1.7883055833722382e-05,1.3818113877492196e-05,0,22,9.9999999999999998e-13
82,6,"DenseLayer( 128,64 )","biases",0.0030141559719240279,8.7520577547655766e-06,0.0029034891983211199,0.0029692509413260129,0.0044241077076370315,0.0024096427028667275,0,22,9.9999999999999998e-13
82,8,"DenseLayer( 64,1 )","all",1.5044709188267258,8.7062138257337705e-06,5.7868856357953412e-06,5.8687381999528439e-06,7.7562940426094783e-06,6.4350753059195264e-06,0,22,9.9999999999999998e-13
82,8,"DenseLayer( 64,1 )","weights",1.504470914195889,8.6853297542765823e-06,5.7730043866344074e-06,5.8535944056586139e-06,7.7237951557709651e-06,6.4158060803315809e-06,0,22,9.9999999999999998e-13
82,8,"DenseLayer( 64,1 )","biases",0.0001180377598343925,5.4355735879984091e-07,0.0045965847085930279,0.0053536966160433585,0.009650086433301416,0.0063465796088752321,0,22,9.9999999999999998e-13
83,0,"Conv2DLayer(1,8,5, stride=5, padding=0)","all",1.373325270763688,1.7637800405603515e-05,1.2843161792197509e-05,1.5416515916417205e-05,4.0369809946682368e-05,4.0369809946682368e-05,0,22,9.9999999999999998e-13
83,0,"Conv2DLayer(1,8,5, stride=5, padding=0)","weights",1.3733246668054779,1.7312172812265111e-05,1.2606058262414098e-05,1.5184385632282101e-05,3.9911945782007335e-05,3.9911945782007335e-05,0,22,9.9999999999999998e-13
83,0,"Conv2DLayer(1,8,5, stride=5, padding=0)","biases",0.0012879643869558872,3.2776024080182002e-06,0.0025462545264050536,0.0028458831830617719,0.0064811506761218102,0.0064811506761218102,0,22,9.9999999999999998e-13
83,4,"DenseLayer( 7202,128 )","all",15.877887137794369,0.0011400920594654457,7.1803760129555047e-05,7.5731196769437411e-05,0.00015187460868121728,0.00015187460868121728,0,22,9.9999999999999998e-13
83,4,"DenseLayer( 7202,128 )","weights",15.877886843498686,0.001140019816490491,7.1799211549033657e-05,7.5726268925747068e-05,0.00015186432709843353,0.00015186432709843353,0,22,9.9999999999999998e-13
83,4,"DenseLayer( 7202,128 )","biases",0.0030570541542708717,1.2799201309624056e-05,0.0041876234165536897,0.004490030733639655,0.0092018016203142851,0.0092018016203142851,0,22,9.9999999999999998e-13
83,6,"DenseLayer( 128,64 )","all",9.2507755138574268,0.00013569094310282202,1.4668059218797396e-05,1.5366376488994574e-05,2.910165551442214e-05,2.910165551442214e-05,0,22,9.9999999999999998e-13
83,6,"DenseLayer( 128,64 )","weights",9.2507750190688505,0.00013535275099627674,1.4631501763903019e-05,1.5327472985889781e-05,2.9033761241199116e-05,2.9033761241199116e-05,0,22,9.9999999999999998e-13
83,6,"DenseLayer( 128,64 )","biases",0.00302561462573076,9.4673972286063984e-06,0.0031288452099713718,0.0033407830675135923,0.0060765389965721141,0.0060765389965721141,0,22,9.9999999999999998e-13
83,8,"DenseLayer( 64,1 )","all",1.5045233578486834,1.0560123325725978e-05,7.0189070613744283e-06,7.5532260272277744e-06,1.5932858737474219e-05,1.5932858737474219e-05,0,22,9.9999999999999998e-13
83,8,"DenseLayer( 64,1 )","weights",1.5045233531791835,1.0524385966258072e-05,6.9951538231247835e-06,7.5239689039635777e-06,1.5875619061071563e-05,1.5875619061071563e-05,0,22,9.9999999999999998e-13
83,8,"DenseLayer( 64,1 )","biases",0.00011852528735868295,7.7029901810667733e-07,0.0065263147118168937,0.0085096514230973818,0.018967886208118845,0.017846557217333994,0,22,9.9999999999999998e-13
84,0,"Conv2DLayer(1,8,5, stride=5, padding=0)","all",1.3733275767208817,2.8202135693186209e-05,2.0535618642765917e-05,2.1814642884884137e-05,3.5267975180452055e-05,9.185379760040791e-06,0,22,9.9999999999999998e-13
84,0,"Conv2DLayer(1,8,5, stride=5, padding=0)","weights",1.3733269691470513,2.7703354818581819e-05,2.017243675838449e-05,2.1460728935986171e-05,3.4880066452048106e-05,8.7994920643842847e-06,0,22,9.9999999999999998e-13
84,0,"Conv2DLayer(1,8,5, stride=5, padding=0)","biases",0.0012917991071450534,5.1321864288092833e-06,0.0039708265885417824,0.0041570965790158438,0.006304090670749384,0.0027661819843453552,0,22,9.9999999999999998e-13
84,4,"DenseLayer( 7202,128 )","all",15.877961681832923,0.0016422408440409054,0.00010342895460490585,0.00010758266351787832,0.0001582739445769042,7.2986907426011633e-05,0,22,9.9999999999999998e-13
84,4,"DenseLayer( 7202,128 )","weights",15.877961387814819,0.0016421287809569667,0.00010342189874460739,0.00010757515676022339,0.00015826229891560787,7.2983339630802745e-05,0,22,9.9999999999999998e-13
84,4,"DenseLayer( 7202,128 )","biases",0.0030556100370525236,1.9125388120012729e-05,0.0062579871705670575,0.0066026952493885077,0.009969404949089029,0.0037506114960127244,0,22,9.9999999999999998e-13
84,6,"DenseLayer( 128,64 )","all",9.2508356666970215,0.0001874321387446312,2.0261105289799514e-05,2.1028637130181414e-05,2.9710816066097268e-05,1.3827567436283972e-05,0,22,9.9999999999999998e-13
84,6,"DenseLayer( 128,64 )","weights",9.2508351684412951,0.00018680891332503835,2.0193736727440997e-05,2.0955392692734882e-05,2.9584706079886948e-05,1.3783997462953707e-05,0,22,9.9999999999999998e-13
84,6,"DenseLayer( 128,64 )","biases",0.0030362049781257078,1.5020436129392461e-05,0.0049480635632413034,0.0053449606660522743,0.0090535999588010202,0.0033399126642931075,0,22,9.9999999999999998e-13
84,8,"DenseLayer( 64,1 )","all",1.5045839805425687,1.4962222712569075e-05,9.9444264580534462e-06,1.0348408587543659e-05,1.4717932668183531e-05,6.44136514743797e-06,0,22,9.9999999999999998e-13
84,8,"DenseLayer( 64,1 )","weights",1.5045839759659358,1.4894797821036856e-05,9.8996134334834068e-06,1.0295555576151237e-05,1.4548267145116914e-05,6.4113433880052882e-06,0,22,9.9999999999999998e-13
84,8,"DenseLayer( 64,1 )","biases",0.00011731235578984276,1.2051575388547711e-06,0.010262270937087212,0.013403122130139906,0.029367227140436592,0.0080825851235155743,0,22,9.9999999999999998e-13
85,0,"Conv2DLayer(1,8,5, stride=5, padding=0)","all",1.3733214831795646,2.2926089765237151e-05,1.6693904163600047e-05,1.7660751266101314e-05,2.7199523944660185e-05,6.2841480013402036e-06,0,22,9.9999999999999998e-13
85,0,"Conv2DLayer(1,8,5, stride=5, padding=0)","weights",1.3733208537554411,2.2436596474998371e-05,1.633748078673567e-05,1.7278840617448252e-05,2.658893304444808e-05,6.0339294066845916e-06,0,22,9.9999999999999998e-13
85,0,"Conv2DLayer(1,8,5, stride=5, padding=0)","biases",0.0013148365873015425,4.6090581086347111e-06,0.0035049389068517373,0.0038144703692312614,0.0059976138014118732,0.0018393726187856539,0,22,9.9999999999999998e-13
85,4,"DenseLayer( 7202,128 )","all",15.878051760709191,0.0016083113868434146,0.00010129146968234467,0.00010530709447571025,0.0001443714312302177,6.3513804153256882e-05,0,22,9.9999999999999998e-13
85,4,"DenseLayer( 7202,128 )","weights",15.878051468993771,0.0016081905420488312,0.00010128386073606859,0.00010529888194580962,0.00014435739987709095,6.350916910967775e-05,0,22,9.9999999999999998e-13
85,4,"DenseLayer( 7202,128 )","biases",0.0030436345350599767,1.96089464802787e-05,0.0064437911704411576,0.0068642584093352634,0.010497360250675792,0.0040022699020627588,0,22,9.9999999999999998e-13
85,6,"DenseLayer( 128,64 )","all",9.2508874309564462,0.00018912247037369359,2.0443711319459844e-05,2.1406466407947567e-05,3.1125345901334815e-05,1.1467004429072596e-05,0,22,9.9999999999999998e-13
85,6,"DenseLayer( 128,64 )","weights",9.2508869315507916,0.00018830772003818736,2.0355639742689139e-05,2.1308143460218345e-05,3.0930853476749008e-05,1.1425120956318015e-05,0,22,9.9999999999999998e-13
85,6,"DenseLayer( 128,64 )","biases",0.0030397084354994689,1.7313569249985506e-05,0.0056965326563632925,0.0062391507280712714,0.01057954929339454,0.00297012257870572,0,22,9.9999999999999998e-13
85,8,"DenseLayer( 64,1 )","all",1.5046286758429306,1.6247736586887417e-05,1.0798504736937002e-05,1.1419268112246626e-05,1.7006665370641901e-05,5.5148318803787183e-06,0,22,9.9999999999999998e-13
85,8,"DenseLayer( 64,1 )","weights",1.5046286714436052,1.6117307409042213e-05,1.0711819399038394e-05,1.1317268083347803e-05,1.6787220180933328e-05,5.4862721293396766e-06,0,22,9.9999999999999998e-13
85,8,"DenseLayer( 64,1 )","biases",0.00011496096439342099,1.9656902374911378e-06,0.017180387981941377,0.020070730962637014,0.035099066109537246,0.0076531568909046829,0,22,9.9999999999999998e-13
86,0,"Conv2DLayer(1,8,5, stride=5, padding=0)","all",1.3733121452987094,1.5953658648467219e-05,1.1616914209016127e-05,1.2433080630539376e-05,2.0845009571119245e-05,1.0922268433658278e-05,0,22,9.9999999999999998e-13
86,0,"Conv2DLayer(1,8,5, stride=5, padding=0)","weights",1.3733115155761604,1.5572975977471074e-05,1.1339719232801183e-05,1.2176849368926578e-05,2.0631616796860016e-05,1.0433427734046544e-05,0,22,9.9999999999999998e-13
86,0,"Conv2DLayer(1,8,5, stride=5, padding=0)","biases",0.0013151413391028946,3.3262860021870864e-06,0.0025304692610050063,0.0026246605904926084,0.0036997324288810338,0.0033811471809582702,0,22,9.9999999999999998e-13
86,4,"DenseLayer( 7202,128 )","all",15.878117704381552,0.0012398319714487149,7.8084315412320631e-05,8.023465114869317e-05,0.00011068289559643036,8.2395605812842057e-05,0,22,9.9999999999999998e-13
86,4,"DenseLayer( 7202,128 )","weights",15.878117410215898,0.0012397500589078024,7.8079158027283868e-05,8.0229418094702218e-05,0.00011067727939140255,8.2390036158539733e-05,0,22,9.9999999999999998e-13
86,4,"DenseLayer( 7202,128 )","biases",0.0030564004523370072,1.4187504239238056e-05,0.0046419258763891955,0.004761367780144579,0.0067331637957001771,0.0049745665503970679,0,22,9.9999999999999998e-13
86,6,"DenseLayer( 128,64 )","all",9.2509243492791899,0.00012932889921401112,1.3980104366098796e-05,1.4193497935375208e-05,1.8322079057471407e-05,1.5669114090063235e-05,0,22,9.9999999999999998e-13
86,6,"DenseLayer( 128,64 )","weights",9.250923844072684,0.00012891355630373431,1.3935207685355262e-05,1.414672387687449e-05,1.8233300678594564e-05,1.5614483446280733e-05,0,22,9.9999999999999998e-13
86,6,"DenseLayer( 128,64 )","biases",0.0030573270650761258,1.0204960044330434e-05,0.0033379822872330925,0.0034840392810528572,0.005567403484569038,0.0039543759868931579,0,22,9.9999999999999998e-13
86,8,"DenseLayer( 64,1 )","all",1.5046714042507532,1.0185566538503049e-05,6.7692959886450232e-06,6.842769509926423e-06,8.2889493383096452e-06,7.1390801907472672e-06,0,22,9.9999999999999998e-13
86,8,"DenseLayer( 64,1 )","weights",1.5046713999037125,1.0139544833896293e-05,6.738710156208689e-06,6.8108810230268685e-06,8.2178580622583885e-06,7.1068923210664481e-06,0,22,9.9999999999999998e-13
86,8,"DenseLayer( 64,1 )","biases",0.00011435996963303874,8.5462306742556393e-07,0.007507944242315716,0.0087397536694132361,0.015927311854069662,0.008817743915876964,0,22,9.9999999999999998e-13
87,0,"Conv2DLayer(1,8,5, stride=5, padding=0)","all",1.3733050042859825,1.7057252425736502e-05,1.2420592846615115e-05,1.3569310353259896e-05,2.7385728810030548e-05,2.1978522523422675e-05,0,22,9.9999999999999998e-13
87,0,"Conv2DLayer(1,8,5, stride=5, padding=0)","weights",1.3733043826702065,1.6564728866389152e-05,1.2061957031548445e-05,1.3182855411135814e-05,2.6646607447277424e-05,2.1501138304219778e-05,0,22,9.9999999999999998e-13
87,0,"Conv2DLayer(1,8,5, stride=5, padding=0)","biases",0.0013066467967929112,4.0278682043060223e-06,0.0030826677969591348,0.0033793606012789156,0.0066263761152298133,0.004808295429735457,0,22,9.9999999999999998e-13
87,4,"DenseLayer( 7202,128 )","all",15.87817233824584,0.0012605950689655537,7.9391689851202759e-05,8.2684068782437831e-05,0.00013379693489747114,0.00012971884867238911,0,22,9.9999999999999998e-13
87,4,"DenseLayer( 7202,128 )","weights",15.878172042500122,0.0012604930121104775,7.9385263837937581e-05,8.2677133549048076e-05,0.00013378405754060232,0.00012970719382531703,0,22,9.9999999999999998e-13
87,4,"DenseLayer( 7202,128 )","biases",0.0030645971481845311,1.5967481249575158e-05,0.0052085121487095154,0.00554541301641344,0.0096230460714110157,0.0089752722528747102,0,22,9.9999999999999998e-13
87,6,"DenseLayer( 128,64 )","all",9.2509647405919697,0.00014803270303440522,1.6001863906372036e-05,1.6763750154883102e-05,2.8771129311313637e-05,2.8771129311313637e-05,0,22,9.9999999999999998e-13
87,6,"DenseLayer( 128,64 )","weights",9.2509642327831649,0.00014740075127281363,1.5933552820134394e-05,1.6686887656702701e-05,2.8624586091107483e-05,2.8624586091107483e-05,0,22,9.9999999999999998e-13
87,6,"DenseLayer( 128,64 )","biases",0.0030651941172960928,1.347959090844473e-05,0.0043964290582448528,0.0048371904674840566,0.0087362846039540001,0.0087362846039540001,0,22,9.9999999999999998e-13
87,8,"DenseLayer( 64,1 )","all",1.5047148235526846,1.3315611338693566e-05,8.8492426428365765e-06,9.3239358640441028e-06,1.5366088307765412e-05,1.5366088307765412e-05,0,22,9.9999999999999998e-13
87,8,"DenseLayer( 64,1 )","weights",1.5047148191407995,1.3208843057393611e-05,8.7782871319631183e-06,9.241163306217614e-06,1.5218118492555605e-05,1.5218118492555605e-05,0,22,9.9999999999999998e-13
87,8,"DenseLayer( 64,1 )","biases",0.00011517709142274477,1.6242917230225762e-06,0.014069764512269109,0.016172651713073482,0.031721456076264323,0.027033061983330664,0,22,9.9999999999999998e-13
88,0,"Conv2DLayer(1,8,5, stride=5, padding=0)","all",1.3732999517427691,2.4216240612869439e-05,1.763362384993109e-05,1.8906328589299868e-05,3.0200122434644846e-05,1.244815782089998e-05,0,22,9.9999999999999998e-13
88,0,"Conv2DLayer(1,8,5, stride=5, padding=0)","weights",1.3732993330382801,2.3709554533213408e-05,1.7264676729101257e-05,1.8541503111913222e-05,2.9635466874542807e-05,1.1950299601430263e-05,0,22,9.9999999999999998e-13
88,0,"Conv2DLayer(1,8,5, stride=5, padding=0)","biases",0.0013035731575641106,4.8130375438882968e-06,0.0036922607400828662,0.003893531898438227,0.0061320336755145664,0.0036846059855200853,0,22,9.9999999999999998e-13
88,4,"DenseLayer( 7202,128 )","all",15.878229657718206,0.001601738347602247,0.00010087639137890779,0.00010456650934188735,0.00015241363214381394,7.4553700918892225e-05,0,22,9.9999999999999998e-13
88,4,"DenseLayer( 7202,128 )","weights",15.878229358921281,0.0016016072383562062,0.00010086813610418879,0.00010455788037372524,0.00015240001042522079,7.4548747328759632e-05,0,22,9.9999999999999998e-13
88,4,"DenseLayer( 7202,128 )","biases",0.0030803614974092433,2.0450683318921787e-05,0.0066407228369666166,0.0069274844712417108,0.010517575237298868,0.0044427040043162691,0,22,9.9999999999999998e-13
88,6,"DenseLayer( 128,64 )","all",9.2510162685302593,0.00018346366409012664,1.9831733230148578e-05,2.0538909438983734e-05,3.2274091565611826e-05,1.5418876634537731e-05,0,22,9.9999999999999998e-13
88,6,"DenseLayer( 128,64 )","weights",9.2510157617331448,0.00018268413639386399,1.9747470289235031e-05,2.044810684070543e-05,3.2112318835268009e-05,1.5370335656765566e-05,0,22,9.9999999999999998e-13
88,6,"DenseLayer( 128,64 )","biases",0.0030621496639541804,1.667937259882249e-05,0.0054463772494896682,0.0058266972826413856,0.009729892426577973,0.0036921463451716065,0,22,9.9999999999999998e-13
88,8,"DenseLayer( 64,1 )","all",1.5047684024239292,1.5633164757613024e-05,1.0389090524711433e-05,1.0799696442703383e-05,1.7636669661145467e-05,8.7346882727022812e-06,0,22,9.9999999999999998e-13
88,8,"DenseLayer( 64,1 )","weights",1.5047683980935818,1.5524929310939199e-05,1.0317162114637396e-05,1.0717654404810269e-05,1.746596436409594e-05,8.687660437112886e-06,0,22,9.9999999999999998e-13
88,8,"DenseLayer( 64,1 )","biases",0.00011409946356169795,1.6847889955070885e-06,0.014815403565630025,0.01763847116668385,0.033617206718953539,0.01130317274129004,0,22,9.9999999999999998e-13
89,0,"Conv2DLayer(1,8,5, stride=5, padding=0)","all",1.3733003116986939,2.3134418856207448e-05,1.6845860570402596e-05,1.7780288743807119e-05,2.8272287029677115e-05,2.8272287029677115e-05,0,22,9.9999999999999998e-13
89,0,"Conv2DLayer(1,8,5, stride=5, padding=0)","weights",1.3732996758589058,2.2498570851308132e-05,1.6382860657548688e-05,1.7310799765347212e-05,2.7642084023568489e-05,2.7642084023568489e-05,0,22,9.9999999999999998e-13
89,0,"Conv2DLayer(1,8,5, stride=5, padding=0)","biases",0.0013214933839419628,5.2911334509727996e-06,0.0040074817916579747,0.0042248210199272093,0.0061881720016752481,0.0061881720016752481,0,22,9.9999999999999998e-13
89,4,"DenseLayer( 7202,128 )","all",15.878316593682809,0.0015734767150393709,9.9095938434566288e-05,0.00010186571361308358,0.00013597990214834932,0.00013419051492659378,0,22,9.9999999999999998e-13
89,4,"DenseLayer( 7202,128 )","weights",15.878316297476641,0.0015733487839608665,9.9087883316737336e-05,0.00010185728064316433,0.00013596692855447203,0.00013417875201226538,0,22,9.9999999999999998e-13
89,4,"DenseLayer( 7202,128 )","biases",0.0030670009196988703,2.001587210957768e-05,0.0065254412824857196,0.0067849912848303518,0.0097210643263544068,0.0091709149982909886,0,22,9.9999999999999998e-13
89,6,"DenseLayer( 128,64 )","all",9.2510714058720662,0.0001778140921657917,1.9220919313738506e-05,1.9784623612004584e-05,2.7116282731777974e-05,2.5796518300002511e-05,0,22,9.9999999999999998e-13
89,6,"DenseLayer( 128,64 )","weights",9.2510708997454252,0.00017700561210714166,1.9133527244297925e-05,1.9691668394715774e-05,2.6945484093091056e-05,2.5669365441626085e-05,0,22,9.9999999999999998e-13
89,6,"DenseLayer( 128,64 )","biases",0.0030601292017574193,1.6774911112764457e-05,0.0054803058166251941,0.0057880079035202677,0.0091745995061339961,0.0076985573883274127,0,22,9.9999999999999998e-13
89,8,"DenseLayer( 64,1 )","all",1.5048247568448114,1.6337549976723959e-05,1.0856783026033842e-05,1.1260691840515478e-05,1.5840957823559742e-05,1.480695118563696e-05,0,22,9.9999999999999998e-13
89,8,"DenseLayer( 64,1 )","weights",1.5048247524785621,1.6200632783284031e-05,1.0765797684655552e-05,1.116032163480098e-05,1.5716145741837486e-05,1.4647753601059489e-05,0,22,9.9999999999999998e-13
89,8,"DenseLayer( 64,1 )","biases",0.00011456407512675717,2.0496465202251617e-06,0.017838725430598182,0.019586748587741565,0.030769464368401542,0.027420487993032608,0,22,9.9999999999999998e-13
90,0,"Conv2DLayer(1,8,5, stride=5, padding=0)","all",1.373286363813661,1.8767246437531452e-05,1.3665951631051265e-05,1.5087669363101427e-05,2.7660090551801876e-05,2.7660090551801876e-05,0,22,9.9999999999999998e-13
90,0,"Conv2DLayer(1,8,5, stride=5, padding=0)","weights",1.3732857332622697,1.835119362064023e-05,1.3362996179204424e-05,1.4772070911055934e-05,2.7231848309109607e-05,2.7231848309109607e-05,0,22,9.9999999999999998e-13
90,0,"Conv2DLayer(1,8,5, stride=5, padding=0)","biases",0.0013159969351007295,3.8266221357466759e-06,0.0029089031465321436,0.003205852553668054,0.0053560901558090141,0.0050678758668288798,0,22,9.9999999999999998e-13
90,4,"DenseLayer( 7202,128 )","all",15.878364693344125,0.0013988105608910102,8.8095382242820176e-05,9.325871584668913e-05,0.00014884831780959609,0.00014884831780959609,0,22,9.9999999999999998e-13
90,4,"DenseLayer( 7202,128 )","weights",15.878364397450573,0.0013987022426045254,8.8088562130800459e-05,9.3251246774444892e-05,0.00014883755511145891,0.00014883755511145891,0,22,9.9999999999999998e-13
90,4,"DenseLayer( 7202,128 )","biases",0.0030653829748298698,1.7328533143090393e-05,0.0056520951960696651,0.0061122019379139803,0.009859261711170627,0.009274049495887041,0,22,9.9999999999999998e-13
90,6,"DenseLayer( 128,64 )","all",9.2511082170767924,0.00015570865540969517,1.6831353863412261e-05,1.7747076079813651e-05,2.8079607117832421e-05,2.398380136878822e-05,0,22,9.9999999999999998e-13
90,6,"DenseLayer( 128,64 )","weights",9.251107704037473,0.00015505409545662693,1.6760600010933356e-05,1.7667665907779282e-05,2.7919770483924439e-05,2.3904885343708414e-05,0,22,9.9999999999999998e-13
90,6,"DenseLayer( 128,64 )","biases",0.0030809642785114004,1.4082403758350247e-05,0.0045713871390143873,0.005036811497482984,0.0089889667915282866,0.0058262312576059959,0,22,9.9999999999999998e-13
90,8,"DenseLayer( 64,1 )","all",1.5048689375026567,1.3275146394585352e-05,8.8214713825449504e-06,9.3679365109524634e-06,1.5019692604589655e-05,1.2435897857666967e-05,0,22,9.9999999999999998e-13
90,8,"DenseLayer( 64,1 )","weights",1.5048689331060681,1.3172951991245994e-05,8.7535620231834406e-06,9.2874952865059316e-06,1.4839998621033649e-05,1.237361583109606e-05,0,22,9.9999999999999998e-13
90,8,"DenseLayer( 64,1 )","biases",0.00011496739303269847,1.5608953121541576e-06,0.013558205030124003,0.015930042985089557,0.029633499362750938,0.016563639184253236,0,22,9.9999999999999998e-13
91,0,"Conv2DLayer(1,8,5, stride=5, padding=0)","all",1.3732814697403133,2.8816454088900121e-05,2.0983637825151607e-05,2.2388021542661955e-05,3.5197642588843622e-05,2.131859006493659e-05,0,22,9.9999999999999998e-13
91,0,"Conv2DLayer(1,8,5, stride=5, padding=0)","weights",1.3732808335309448,2.8364800027317046e-05,2.0654760997824498e-05,2.2059896015233533e-05,3.4762950483558901e-05,2.076402116529927e-05,0,22,9.9999999999999998e-13
91,0,"Conv2DLayer(1,8,5, stride=5, padding=0)","biases",0.0013218819557309627,4.9850307440830205e-06,0.0037701123142866617,0.0039661505836441962,0.0057275149145462586,0.0050034627834350687,0,22,9.9999999999999998e-13
91,4,"DenseLayer( 7202,128 )","all",15.878423057973926,0.0015805137378701703,9.9538452841505649e-05,0.00010187353321432142,0.00012668860010339329,0.00012385042688451339,0,22,9.9999999999999998e-13
91,4,"DenseLayer( 7202,128 )","weights",15.87842276014076,0.0015804023567889268,9.9531440090276741e-05,0.00010186629051359299,0.00012667857368922793,0.00012384075196653294,0,22,9.9999999999999998e-13
91,4,"DenseLayer( 7202,128 )","biases",0.0030754216937932798,1.8722768503009512e-05,0.0060878119457860157,0.0062726391887908753,0.0082313691089301502,0.007996525471832076,0,22,9.9999999999999998e-13
91,6,"DenseLayer( 128,64 )","all",9.2511569073779967,0.00017105797809874654,1.8490437994451337e-05,1.8981936394329938e-05,2.3375522971312894e-05,2.3375522971312894e-05,0,22,9.9999999999999998e-13
91,6,"DenseLayer( 128,64 )","weights",9.2511563890490827,0.00017045573895058287,1.8425340253880844e-05,1.8913666554235601e-05,2.3266184434427407e-05,2.3266184434427407e-05,0,22,9.9999999999999998e-13
91,6,"DenseLayer( 128,64 )","biases",0.0030968174851816227,1.4152286577018092e-05,0.004569646063357068,0.0048042836065631299,0.00674721760637567,0.0067383120232504508,0,22,9.9999999999999998e-13
91,8,"DenseLayer( 64,1 )","all",1.5049225808077371,1.544448620632454e-05,1.0262633084485191e-05,1.0558150737509207e-05,1.3699605238472779e-05,1.2199564415130138e-05,0,22,9.9999999999999998e-13
91,8,"DenseLayer( 64,1 )","weights",1.5049225766306793,1.5363832408403811e-05,1.0209039878762173e-05,1.0499910535752251e-05,1.3629156100478934e-05,1.2099302824747546e-05,0,22,9.9999999999999998e-13
91,8,"DenseLayer( 64,1 )","biases",0.00011207719283199616,1.4452790227633985e-06,0.01293124356621779,0.014909313900794792,0.024293638138391794,0.021673493514466617,0,22,9.9999999999999998e-13
92,0,"Conv2DLayer(1,8,5, stride=5, padding=0)","all",1.3732762579176196,2.003871314456351e-05,1.4591883238490892e-05,1.6733533643894889e-05,3.616298014123972e-05,1.9587854336310166e-05,0,22,9.9999999999999998e-13
92,0,"Conv2DLayer(1,8,5, stride=5, padding=0)","weights",1.3732756183660526,1.9704276930848146e-05,1.4348358156486033e-05,1.6497854155513861e-05,3.5835749693172422e-05,1.9096145637457617e-05,0,22,9.9999999999999998e-13
92,0,"Conv2DLayer(1,8,5, stride=5, padding=0)","biases",0.0013253424099144504,3.5235568038483049e-06,0.0026578541893110307,0.0028982272343856361,0.005020758200354497,0.0044941347862063521,0,22,9.9999999999999998e-13
92,4,"DenseLayer( 7202,128 )","all",15.878489791811843,0.0012007655542956748,7.5622148988033704e-05,7.9301007910019501e-05,0.0001324454219826562,0.00011273566532799312,0,22,9.9999999999999998e-13
92,4,"DenseLayer( 7202,128 )","weights",15.878489493600913,0.0012006860929894315,7.5617146072040332e-05,7.9295738007783973e-05,0.00013243759516356126,0.00011272554059014092,0,22,9.9999999999999998e-13
92,4,"DenseLayer( 7202,128 )","biases",0.0030773728411916724,1.3765434570947657e-05,0.0044734807806296947,0.0047183036600077725,0.007817506689190323,0.007817506689190323,0,22,9.9999999999999998e-13
92,6,"DenseLayer( 128,64 )","all",9.2512094024439353,0.00013503491813830461,1.459646042953486e-05,1.5112820115381964e-05,2.2368879503944086e-05,2.0777129984658455e-05,0,22,9.9999999999999998e-13
92,6,"DenseLayer( 128,64 )","weights",9.2512088784311359,0.00013462652956643619,1.4552316909206839e-05,1.5066599266451178e-05,2.2324268116877822e-05,2.0681180605137454e-05,0,22,9.9999999999999998e-13
92,6,"DenseLayer( 128,64 )","biases",0.0031137590433134837,1.0324713066670743e-05,0.003315586500715775,0.0035086297662150151,0.0059230334676610196,0.0059230334676610196,0,22,9.9999999999999998e-13
92,8,"DenseLayer( 64,1 )","all",1.5049695991711765,1.1880646044596046e-05,7.8942748212325207e-06,8.2513982324348259e-06,1.3293128749783856e-05,1.2760308803589785e-05,0,22,9.9999999999999998e-13
92,8,"DenseLayer( 64,1 )","weights",1.5049695949973054,1.1843466298775783e-05,7.8695701931372454e-06,8.2237698474150431e-06,1.3275836282643523e-05,1.2637774428551204e-05,0,22,9.9999999999999998e-13
92,8,"DenseLayer( 64,1 )","biases",0.00011207396528334357,7.6560205674137582e-07,0.0068361409316951578,0.0090532991467015059,0.023339818677304523,0.023339818677304523,0,22,9.9999999999999998e-13
93,0,"Conv2DLayer(1,8,5, stride=5, padding=0)","all",1.3732709885821173,1.5857684039318194e-05,1.1547364323638449e-05,1.2986304229452413e-05,2.2897883520953892e-05,2.2897883520953892e-05,0,22,9.9999999999999998e-13
93,0,"Conv2DLayer(1,8,5, stride=5, padding=0)","weights",1.3732703428455297,1.551083001338665e-05,1.1294794922200868e-05,1.273402498249741e-05,2.2380583956692693e-05,2.2380583956692693e-05,0,22,9.9999999999999998e-13
93,0,"Conv2DLayer(1,8,5, stride=5, padding=0)","biases",0.0013317405057635663,3.1947908157702644e-06,0.0023973562071712301,0.0026232201400148598,0.004964795637735742,0.004964795637735742,0,22,9.9999999999999998e-13
93,4,"DenseLayer( 7202,128 )","all",15.878563416723471,0.0011263928382678036,7.0937956081443685e-05,7.5087670858000873e-05,0.00015517430313953694,0.00015517430313953694,0,22,9.9999999999999998e-13
93,4,"DenseLayer( 7202,128 )","weights",15.878563119434277,0.0011263123866492428,7.0932890728955293e-05,7.5082047134126839e-05,0.00015515957888617132,0.00015515957888617132,0,22,9.9999999999999998e-13
93,4,"DenseLayer( 7202,128 )","biases",0.0030726152027845048,1.3414895412932776e-05,0.0043653036523506016,0.004746070770001028,0.010979231296928894,0.010979231296928894,0,22,9.9999999999999998e-13
93,6,"DenseLayer( 128,64 )","all",9.2512586431128003,0.00012519698012375443,1.3532965143018872e-05,1.4204959576796425e-05,2.8000133186063987e-05,2.8000133186063987e-05,0,22,9.9999999999999998e-13
93,6,"DenseLayer( 128,64 )","weights",9.251258118613249,0.00012480073605431255,1.3490134548516733e-05,1.4154886482558738e-05,2.7842612921768287e-05,2.7842612921768287e-05,0,22,9.9999999999999998e-13
93,6,"DenseLayer( 128,64 )","biases",0.0031152118129850991,9.7226488396786145e-06,0.0031210035339914997,0.0035380663287843507,0.0087861307659893115,0.0087861307659893115,0,22,9.9999999999999998e-13
93,8,"DenseLayer( 64,1 )","all",1.5050249284517496,1.1886411672114374e-05,7.8978160371768584e-06,8.2816398733158651e-06,1.5486754478367288e-05,1.5486754478367288e-05,0,22,9.9999999999999998e-13
93,8,"DenseLayer( 64,1 )","weights",1.5050249245026741,1.1828216485628346e-05,7.85914884068553e-06,8.2321900791697774e-06,1.5291283135026773e-05,1.5291283135026773e-05,0,22,9.9999999999999998e-13
93,8,"DenseLayer( 64,1 )","biases",0.00010900175634147176,1.039472408592701e-06,0.0095374683241659722,0.01252244341631821,0.034689127784550591,0.034689127784550591,0,22,9.9999999999999998e-13
94,0,"Conv2DLayer(1,8,5, stride=5, padding=0)","all",1.3732696017631942,2.61165199853609e-05,1.9017738657682401e-05,2.0326056207348243e-05,3.4242248040880927e-05,2.5682287689529211e-05,0,22,9.9999999999999998e-13
94,0,"Conv2DLayer(1,8,5, stride=5, padding=0)","weights",1.3732689543360828,2.5590792491977946e-05,1.8634918500126669e-05,1.9926199313109144e-05,3.3536152704130311e-05,2.5106338732948578e-05,0,22,9.9999999999999998e-13
94,0,"Conv2DLayer(1,8,5, stride=5, padding=0)","biases",0.0013334749583784229,5.1207549200037957e-06,0.0038379659777713509,0.0041274447943984967,0.0070930880115461989,0.0055580104089287142,0,22,9.9999999999999998e-13
94,4,"DenseLayer( 7202,128 )","all",15.878658417831286,0.001728433331414918,0.00010885258786018937,0.0001130817012049141,0.00015943153001763785,0.00013135419553605767,0,22,9.9999999999999998e-13
94,4,"DenseLayer( 7202,128 )","weights",15.878658118222864,0.0017282900943521163,0.00010884356918946305,0.00011307209152086661,0.00015941610781926811,0.00013134135076154621,0,22,9.9999999999999998e-13
94,4,"DenseLayer( 7202,128 )","biases",0.0030845930855136535,2.2198624171263523e-05,0.0071935481649693968,0.0075840847081556076,0.01139615031338502,0.0094315138613778604,0,22,9.9999999999999998e-13
94,6,"DenseLayer( 128,64 )","all",9.2513191231422915,0.00018867033138676156,2.0393876270667063e-05,2.1268638263088815e-05,3.2053483431370625e-05,2.5117578717902071e-05,0,22,9.9999999999999998e-13
94,6,"DenseLayer( 128,64 )","weights",9.2513185938545845,0.00018787044271572676,2.0307415362277515e-05,2.1173950489205069e-05,3.1889235654263104e-05,2.497746246471711e-05,0,22,9.9999999999999998e-13
94,6,"DenseLayer( 128,64 )","biases",0.0031294084083217798,1.7161200355134312e-05,0.0054821951904964368,0.0059232250577998689,0.0095642444123151382,0.0078109899905617992,0,22,9.9999999999999998e-13
94,8,"DenseLayer( 64,1 )","all",1.5050816217380101,1.7438493204752112e-05,1.1586374938061766e-05,1.2149438331531145e-05,1.88288086559853e-05,1.4941228290996287e-05,0,22,9.9999999999999998e-13
94,8,"DenseLayer( 64,1 )","weights",1.505081617782446,1.7312560019013245e-05,1.1502703451697554e-05,1.2053451980926623e-05,1.8648001990884378e-05,1.476727107362311e-05,0,22,9.9999999999999998e-13
94,8,"DenseLayer( 64,1 )","biases",0.00010904573189856654,1.9718771165406164e-06,0.018142995064133798,0.021185004370941937,0.039541837010922114,0.031651564109453467,0,22,9.9999999999999998e-13
95,0,"Conv2DLayer(1,8,5, stride=5, padding=0)","all",1.3732622325144486,2.0392240902741959e-05,1.4849490673965261e-05,1.632952909580216e-05,2.7600509713948258e-05,1.7180142599201752e-05,0,22,9.9999999999999998e-13
95,0,"Conv2DLayer(1,8,5, stride=5, padding=0)","weights",1.3732615796887038,2.0029137624582535e-05,1.4585088358733523e-05,1.6051069495597447e-05,2.7274172874878732e-05,1.7028654489305292e-05,0,22,9.9999999999999998e-13
95,0,"Conv2DLayer(1,8,5, stride=5, padding=0)","biases",0.0013390252579638107,3.754631042186106e-06,0.0028038765007607266,0.0030795537594370715,0.0054647464981621117,0.0023190572207671904,0,22,9.9999999999999998e-13
95,4,"DenseLayer( 7202,128 )","all",15.878743040664911,0.0012488720243770308,7.8650544139958719e-05,8.2903372193159866e-05,0.00013271766531577282,7.3308722937629001e-05,0,22,9.9999999999999998e-13
95,4,"DenseLayer( 7202,128 )","weights",15.878742740627477,0.0012487722480963787,7.8644261989613639e-05,8.2896512699249931e-05,0.00013270530993524102,7.3303236789330656e-05,0,22,9.9999999999999998e-13
95,4,"DenseLayer( 7202,128 )","biases",0.0030868121535226165,1.5730570318539187e-05,0.0050953653726502762,0.0054849046759344747,0.0093060274753191154,0.0046102653405668799,0,22,9.9999999999999998e-13
95,6,"DenseLayer( 128,64 )","all",9.2513704785522428,0.00014295796911810785,1.5452623546664976e-05,1.6136711902496168e-05,2.4512441761244527e-05,1.4335254004516118e-05,0,22,9.9999999999999998e-13
95,6,"DenseLayer( 128,64 )","weights",9.2513699439707295,0.00014237718392301127,1.5389846165122994e-05,1.6067566516146894e-05,2.4383397295752473e-05,1.4296994649083534e-05,0,22,9.9999999999999998e-13
95,6,"DenseLayer( 128,64 )","biases",0.0031450265082428046,1.2734635659163114e-05,0.0040478491621155658,0.0043870042725715382,0.0073692585469419623,0.0030749957322729021,0,22,9.9999999999999998e-13
95,8,"DenseLayer( 64,1 )","all",1.5051317187126294,1.3065905595848139e-05,8.6808959695578841e-06,9.1981057468654902e-06,1.4634760587551775e-05,8.2015595418229891e-06,0,22,9.9999999999999998e-13
95,8,"DenseLayer( 64,1 )","weights",1.5051317145627596,1.2970692733150202e-05,8.6176372813633588e-06,9.123912249649802e-06,1.4481708683505928e-05,8.1713476162963776e-06,0,22,9.9999999999999998e-13
95,8,"DenseLayer( 64,1 )","biases",0.00011170120937590995,1.513137249276042e-06,0.013488533138044498,0.015578311342518939,0.027591255366294899,0.0098896044314563305,0,22,9.9999999999999998e-13
96,0,"Conv2DLayer(1,8,5, stride=5, padding=0)","all",1.3732637234385197,2.259453755992228e-05,1.6453173919217688e-05,1.7305468319627999e-05,2.8760604763842092e-05,2.036851822830969e-05,0,22,9.9999999999999998e-13
96,0,"Conv2DLayer(1,8,5, stride=5, padding=0)","weights",1.3732630630521181,2.2095441309329335e-05,1.6089743690135961e-05,1.694202105613212e-05,2.8125615348550482e-05,1.9781806979394257e-05,0,22,9.9999999999999998e-13
96,0,"Conv2DLayer(1,8,5, stride=5, padding=0)","biases",0.0013467548196057851,4.6241683469440774e-06,0.003433683694606564,0.0035973083124078726,0.006109308262832693,0.0049344821641755287,0,22,9.9999999999999998e-13
96,4,"DenseLayer( 7202,128 )","all",15.878840536729891,0.00145128755428379,9.139757638601172e-05,9.419377069195738e-05,0.00013467688303524372,0.0001287217251608088,0,22,9.9999999999999998e-13
96,4,"DenseLayer( 7202,128 )","weights",15.878840234565395,0.0014511738534711302,9.1390417601589841e-05,9.4186270892001928e-05,0.00013466479239571705,0.00012871108020117144,0,22,9.9999999999999998e-13
96,4,"DenseLayer( 7202,128 )","biases",0.003097743988617908,1.8098667140973303e-05,0.0058423234439722097,0.0060931624737000818,0.0092495917846251215,0.0084823614370774097,0,22,9.9999999999999998e-13
96,6,"DenseLayer( 128,64 )","all",9.2514317181471633,0.00015755889658584148,1.7030758900132882e-05,1.7529795853842664e-05,2.4113657706648541e-05,2.2853826580430451e-05,0,22,9.9999999999999998e-13
96,6,"DenseLayer( 128,64 )","weights",9.2514311773599243,0.00015688662735572137,1.6958093382498588e-05,1.74515471856368e-05,2.3997223664549583e-05,2.2733580479565434e-05,0,22,9.9999999999999998e-13
96,6,"DenseLayer( 128,64 )","biases",0.0031632366751099448,1.42826222112261e-05,0.0045144908248841119,0.0048377065168564576,0.0071686497209116178,0.0068399652549188845,0,22,9.9999999999999998e-13
96,8,"DenseLayer( 64,1 )","all",1.5051880842102605,1.4932174478719508e-05,9.9204749329271956e-06,1.0241215368463642e-05,1.5086545690504318e-05,1.3657544998410491e-05,0,22,9.9999999999999998e-13
96,8,"DenseLayer( 64,1 )","weights",1.5051880802163629,1.4829306524376138e-05,9.8521327220869962e-06,1.0165294960532204e-05,1.4946728494447469e-05,1.3534775336259147e-05,0,22,9.9999999999999998e-13
96,8,"DenseLayer( 64,1 )","biases",0.00010959342034766451,1.6473307120825418e-06,0.014997296917139342,0.017021625944901496,0.027824007052928999,0.025046983304418746,0,22,9.9999999999999998e-13
97,0,"Conv2DLayer(1,8,5, stride=5, padding=0)","all",1.3732552900565569,1.7131492999207903e-05,1.2475094001493004e-05,1.3441300370001499e-05,2.0616867619879665e-05,2.0616867619879665e-05,0,22,9.9999999999999998e-13
97,0,"Conv2DLayer(1,8,5, stride=5, padding=0)","weights",1.3732546240291732,1.6781155341690578e-05,1.2219985367069409e-05,1.3176881014215766e-05,2.0423083443658674e-05,2.0423083443658674e-05,0,22,9.9999999999999998e-13
97,0,"Conv2DLayer(1,8,5, stride=5, padding=0)","biases",0.0013524906389261071,3.3893892891375866e-06,0.0025080423789635197,0.0026976050242909456,0.0040087761005488136,0.0028780607680677717,0,22,9.9999999999999998e-13
97,4,"DenseLayer( 7202,128 )","all",15.878897700003995,0.0012476952516996781,7.8575677366830323e-05,8.0744352271106299e-05,0.0001092205178035428,9.5372275335218391e-05,0,22,9.9999999999999998e-13
97,4,"DenseLayer( 7202,128 )","weights",15.878897398190238,0.0012476050492704095,7.8569998213707655e-05,8.073848283322754e-05,0.00010921230261503977,9.5367022106870449e-05,0,22,9.9999999999999998e-13
97,4,"DenseLayer( 7202,128 )","biases",0.0030959448560236771,1.496149489688709e-05,0.0048312098172611784,0.004991537761781001,0.00687631933557303,0.0051124482216637528,0,22,9.9999999999999998e-13
97,6,"DenseLayer( 128,64 )","all",9.2514749298428143,0.00012924349465025456,1.3970041499986173e-05,1.4375637767725255e-05,2.0629481328303303e-05,1.2887213028416471e-05,0,22,9.9999999999999998e-13
97,6,"DenseLayer( 128,64 )","weights",9.2514743880684573,0.00012881458211673846,1.3923680790743932e-05,1.4326557301451553e-05,2.0539940029174951e-05,1.2862183413280574e-05,0,22,9.9999999999999998e-13
97,6,"DenseLayer( 128,64 )","biases",0.0031661310030167995,1.0338694186325702e-05,0.0032647791898571441,0.0034669684099403247,0.0056036907935741202,0.0023413178149201963,0,22,9.9999999999999998e-13
97,8,"DenseLayer( 64,1 )","all",1.5052318617182787,1.2340331632166549e-05,8.198291074846919e-06,8.395915023012179e-06,1.2127970647943549e-05,7.3421210955881656e-06,0,22,9.9999999999999998e-13
97,8,"DenseLayer( 64,1 )","weights",1.5052318578931565,1.2283601535250057e-05,8.1606025556638929e-06,8.3545741419411465e-06,1.2036415922451019e-05,7.3365849505681872e-06,0,22,9.9999999999999998e-13
97,8,"DenseLayer( 64,1 )","biases",0.00010728131912235932,1.0845651559066027e-06,0.010105325388983155,0.011669228803808905,0.020890096579493801,0.0038596823051154942,0,22,9.9999999999999998e-13
98,0,"Conv2DLayer(1,8,5, stride=5, padding=0)","all",1.3732470470023286,2.1082002058447372e-05,1.5351922059844316e-05,1.6639289750368163e-05,2.9681544904678385e-05,1.2969490188449502e-05,0,22,9.9999999999999998e-13
98,0,"Conv2DLayer(1,8,5, stride=5, padding=0)","weights",1.3732463715476526,2.0617412055133689e-05,1.5013614465506939e-05,1.6309732506439063e-05,2.9289650834629788e-05,1.2642605315463103e-05,0,22,9.9999999999999998e-13
98,0,"Conv2DLayer(1,8,5, stride=5, padding=0)","biases",0.0013620116969030704,4.2990987413158989e-06,0.0031559434316550607,0.0033207613232436573,0.0051733678488796947,0.0029190736295339956,0,22,9.9999999999999998e-13
98,4,"DenseLayer( 7202,128 )","all",15.878976064978326,0.0013892721195474197,8.7491306304343414e-05,9.0174648444403663e-05,0.00014288099058897095,8.4628397058023535e-05,0,22,9.9999999999999998e-13
98,4,"DenseLayer( 7202,128 )","weights",15.87897576162344,0.0013891696356287302,8.748485391151732e-05,9.0167977366213629e-05,0.00014286984191877602,8.4621941566720603e-05,0,22,9.9999999999999998e-13
98,4,"DenseLayer( 7202,128 )","biases",0.0031038556587830658,1.6832202227045301e-05,0.0054230118042054827,0.0056120668946759303,0.0091235435905793714,0.0053413689820780083,0,22,9.9999999999999998e-13
98,6,"DenseLayer( 128,64 )","all",9.2515127486633713,0.00014434353208150379,1.5602154197634195e-05,1.6006428158614946e-05,2.4741284935264245e-05,1.50690336853091e-05,0,22,9.9999999999999998e-13
98,6,"DenseLayer( 128,64 )","weights",9.2515122057319399,0.00014378401273583641,1.5541676429201062e-05,1.594468569931098e-05,2.4645255043125825e-05,1.4992810831166565e-05,0,22,9.9999999999999998e-13
98,6,"DenseLayer( 128,64 )","biases",0.0031695173070865499,1.2535883826521934e-05,0.0039547233513967149,0.0040988581942463121,0.0063537620481574145,0.0044080605858983143,0,22,9.9999999999999998e-13
98,8,"DenseLayer( 64,1 )","all",1.5052812774956368,1.4259046032017641e-05,9.4726763568105378e-06,9.6978618284485539e-06,1.5116168079739311e-05,7.7120806187079747e-06,0,22,9.9999999999999998e-13
98,8,"DenseLayer( 64,1 )","weights",1.505281273742747,1.4174384336409161e-05,9.4164333472318042e-06,9.6401153149875588e-06,1.5008120283992288e-05,7.638931661615667e-06,0,22,9.9999999999999998e-13
98,8,"DenseLayer( 64,1 )","biases",0.00010625642442557199,1.4731360186653382e-06,0.013869183545711728,0.014982798798735241,0.025534545397825903,0.014690442769108792,0,22,9.9999999999999998e-13
99,0,"Conv2DLayer(1,8,5, stride=5, padding=0)","all",1.373243568657319,1.8401608652366465e-05,1.3400105940613878e-05,1.4099733241051457e-05,1.9003135016220254e-05,1.877987608998048e-05,0,22,9.9999999999999998e-13
99,0,"Conv2DLayer(1,8,5, stride=5, padding=0)","weights",1.3732428763597102,1.7843073301571036e-05,1.2993385431327211e-05,1.3674424472577232e-05,1.8522672159449244e-05,1.8035493813372886e-05,0,22,9.9999999999999998e-13
99,0,"Conv2DLayer(1,8,5, stride=5, padding=0)","biases",0.0013788951375920445,4.4238711631471811e-06,0.0032086663159627874,0.0034232227104260961,0.0052123822243020437,0.0052123822243020437,0,22,9.9999999999999998e-13
99,4,"DenseLayer( 7202,128 )","all",15.879057600196687,0.0012577724620044526,7.9209511752533667e-05,8.2040377297500582e-05,0.00011154789165309682,0.00011154789165309682,0,22,9.9999999999999998e-13
99,4,"DenseLayer( 7202,128 )","weights",15.87905729578191,0.0012576662474881712,7.920282430348462e-05,8.2033245906320147e-05,0.00011153786683000091,0.00011153786683000091,0,22,9.9999999999999998e-13
99,4,"DenseLayer( 7202,128 )","biases",0.0031092819221189951,1.6289366098200989e-05,0.005238640246975311,0.0055242540192905676,0.0078683371457261668,0.0076279997298350239,0,22,9.9999999999999998e-13
99,6,"DenseLayer( 128,64 )","all",9.2515566482025893,0.00014631406490580901,1.5815073406219722e-05,1.6374690212601878e-05,2.3372412603830611e-05,2.1119571916906597e-05,0,22,9.9999999999999998e-13
99,6,"DenseLayer( 128,64 )","weights",9.2515561044367374,0.00014566181976768364,1.5744573231636875e-05,1.6297853269785913e-05,2.3243889310814135e-05,2.1005462494442381e-05,0,22,9.9999999999999998e-13
99,6,"DenseLayer( 128,64 )","biases",0.0031719628313289618,1.3666762491936804e-05,0.0043086417752378542,0.0046214459730369653,0.0071360509279429565,0.0063882321639991777,0,22,9.9999999999999998e-13
99,8,"DenseLayer( 64,1 )","all",1.5053299675641094,1.4328450611322255e-05,9.5184665005517188e-06,9.9079287831388079e-06,1.3687317510108359e-05,1.3229226263546288e-05,0,22,9.9999999999999998e-13
99,8,"DenseLayer( 64,1 )","weights",1.5053299638433051,1.4215475066842856e-05,9.4434163916029527e-06,9.8233409308860351e-06,1.3552616885821047e-05,1.3090457749992769e-05,0,22,9.9999999999999998e-13
99,8,"DenseLayer( 64,1 )","biases",0.00010577559574316679,1.7426943734542213e-06,0.016519912444138633,0.018453227456690757,0.027528868411730502,0.027528868411730502,0,22,9.9999999999999998e-13
100,0,"Conv2DLayer(1,8,5, stride=5, padding=0)","all",1.3732438896772459,1.5657805385562707e-05,1.140205809339695e-05,1.2303292706819361e-05,2.0219544671629163e-05,7.4412651798940181e-06,0,22,9.9999999999999998e-13
100,0,"Conv2DLayer(1,8,5, stride=5, padding=0)","weights",1.3732431910441896,1.5279919509635755e-05,1.1126886139095409e-05,1.2006015905857018e-05,1.9775295183278787e-05,7.3697853069964064e-06,0,22,9.9999999999999998e-13
100,0,"Conv2DLayer(1,8,5, stride=5, padding=0)","biases",0.0013851981555546302,3.367300317983183e-06,0.0024312197357284353,0.0026657057871028581,0.0042330368743539971,0.0010217628643110351,0,22,9.9999999999999998e-13
100,4,"DenseLayer( 7202,128 )","all",15.879145024592471,0.0011094754798646593,6.9869986117967588e-05,7.2518001660384787e-05,9.944017386493346e-05,5.1082126837872314e-05,0,22,9.9999999999999998e-13
100,4,"DenseLayer( 7202,128 )","weights",15.879144719686968,0.0011093921621645022,6.986474047001009e-05,7.2512368051276996e-05,9.9431961148830397e-05,5.1078995962049244e-05,0,22,9.9999999999999998e-13
100,4,"DenseLayer( 7202,128 )","biases",0.0031117936326396809,1.3533966806969998e-05,0.0043484186889240235,0.0046116909437112566,0.0067218483764610948,0.0028931741626451114,0,22,9.9999999999999998e-13
100,6,"DenseLayer( 128,64 )","all",9.2516130758199466,0.00012473406267425081,1.3482414691173503e-05,1.3942629527902287e-05,1.9296778182976468e-05,1.1139793418175545e-05,0,22,9.9999999999999998e-13
100,6,"DenseLayer( 128,64 )","weights",9.2516125291860813,0.00012425329436939592,1.3430449582097492e-05,1.3885470662313531e-05,1.9201151783097065e-05,1.1109503357468738e-05,0,22,9.9999999999999998e-13
100,6,"DenseLayer( 128,64 )","biases",0.0031803264707666364,1.0759260118108193e-05,0.0033828470791906397,0.00366843940505443,0.0055945523389300715,0.0023848242033005251,0,22,9.9999999999999998e-13
100,8,"DenseLayer( 64,1 )","all",1.5053930525404362,1.3340067575079441e-05,8.8615254687578008e-06,9.1414762599813097e-06,1.2548705259134054e-05,5.9996379525593981e-06,0,22,9.9999999999999998e-13
100,8,"DenseLayer( 64,1 )","weights",1.5053930488294505,1.3265281789277106e-05,8.8118468162559662e-06,9.0852705676501653e-06,1.2456668857646986e-05,5.9896506243386142e-06,0,22,9.9999999999999998e-13
100,8,"DenseLayer( 64,1 )","biases",0.00010566315607072532,1.3379487261938101e-06,0.012611629397108661,0.014319203220110733,0.023631686030936273,0.0049697329132980268,0,22,9.9999999999999998e-13
