epoch,layer_index,layer_name,parameter_scope,mean_pre_update_norm,mean_update_norm,mean_ratio,rms_ratio,maximum_ratio,last_ratio,near_zero_denominator_steps,optimizer_steps,epsilon
1,0,"Conv2DLayer(1,8,5, stride=5, padding=0)","all",1.3290162362674094,0.00010257283224579335,7.7179337858207422e-05,7.7768869183306944e-05,0.00010850244457982753,7.3530282041050016e-05,0,22,9.9999999999999998e-13
1,0,"Conv2DLayer(1,8,5, stride=5, padding=0)","weights",1.3290162203181508,0.00010066410081048376,7.5743143483641875e-05,7.6330638105131759e-05,0.00010639500866755575,7.1923034031309165e-05,0,22,9.9999999999999998e-13
1,0,"Conv2DLayer(1,8,5, stride=5, padding=0)","biases",0.00018261725103691545,1.9634865005993952e-05,1285648.6817660341,6030226.1222172584,28284267.638946734,0.061366172572469936,1,22,9.9999999999999998e-13
1,4,"DenseLayer( 7202,128 )","all",15.859692403935247,0.0072859110062839117,0.00045939846172601481,0.00046192689029678376,0.00060520265996835926,0.0003874316902486513,0,22,9.9999999999999998e-13
1,4,"DenseLayer( 7202,128 )","weights",15.859692374191733,0.0072854532376082177,0.00045936959882947749,0.00046189778996676953,0.00060516061568326163,0.00038740822205640012,0,22,9.9999999999999998e-13
1,4,"DenseLayer( 7202,128 )","biases",0.00084193491767962448,8.1647288630125686e-05,5142548.9660955407,24120691.99103567,113136073.85260049,0.042184611662446317,1,22,9.9999999999999998e-13
1,7,"DenseLayer( 128,64 )","all",9.2542216726028066,0.00071467381955764644,7.7226845420496409e-05,7.7522890652669069e-05,9.816071001293375e-05,6.705072484685439e-05,0,22,9.9999999999999998e-13
1,7,"DenseLayer( 128,64 )","weights",9.2542216427717641,0.00071204054584886193,7.6942296984230309e-05,7.7236538424835225e-05,9.7779311136760792e-05,6.6829009708796111e-05,0,22,9.9999999999999998e-13
1,7,"DenseLayer( 128,64 )","biases",0.00064066224198767259,6.1261902281331689e-05,3636330.9316686164,17055903.17730841,79999277.060869873,0.040784851067982408,1,22,9.9999999999999998e-13
1,10,"DenseLayer( 64,1 )","all",1.3470634028823185,6.629166822325679e-05,4.9212154000677542e-05,4.9329264021839623e-05,5.9867523866440476e-05,4.3668054229489534e-05,0,22,9.9999999999999998e-13
1,10,"DenseLayer( 64,1 )","weights",1.3470633985312905,6.5755215004158259e-05,4.8813911537242858e-05,4.8928189806554435e-05,5.9405420804082028e-05,4.3391795215447953e-05,0,22,9.9999999999999998e-13
1,10,"DenseLayer( 64,1 )","biases",9.3405399762890411e-05,8.3990519421852454e-06,454545.55626993428,2132006.9157921658,9999998.8378840499,0.037082405081455709,1,22,9.9999999999999998e-13
2,0,"Conv2DLayer(1,8,5, stride=5, padding=0)","all",1.3291512390874405,7.1208382061297082e-05,5.3574890367382401e-05,5.6090059307533636e-05,7.4310482973303845e-05,3.0583819497940355e-05,0,22,9.9999999999999998e-13
2,0,"Conv2DLayer(1,8,5, stride=5, padding=0)","weights",1.3291511454558755,6.942673949884532e-05,5.2234447762207352e-05,5.4724163285976469e-05,7.260582041210445e-05,2.9753989536371925e-05,0,22,9.9999999999999998e-13
2,0,"Conv2DLayer(1,8,5, stride=5, padding=0)","biases",0.00049185721975842679,1.5804520236143223e-05,0.034617239129574914,0.03758936235692132,0.059006500979626057,0.015449967064518953,0,22,9.9999999999999998e-13
2,4,"DenseLayer( 7202,128 )","all",15.860641818605592,0.0042504732325275452,0.00026798992799325684,0.00027639902826024482,0.00037534961759095199,0.00017284083737630841,0,22,9.9999999999999998e-13
2,4,"DenseLayer( 7202,128 )","weights",15.860641677441551,0.0042502426196746228,0.00026797539024627892,0.00027638402780108664,0.00037532734329226268,0.00017283005654193968,0,22,9.9999999999999998e-13
2,4,"DenseLayer( 7202,128 )","biases",0.002104658079702761,4.4251577727233675e-05,0.021869681687901002,0.023323749329715694,0.038962406764265975,0.012822098446108772,0,22,9.9999999999999998e-13
2,7,"DenseLayer( 128,64 )","all",9.2546463827862961,0.00045154722552120566,4.8791562385370472e-05,5.0224578477706911e-05,6.5642495511168019e-05,2.9067245197700829e-05,0,22,9.9999999999999998e-13
2,7,"DenseLayer( 128,64 )","weights",9.254646242355193,0.00045046913618145576,4.8675070809470182e-05,5.0101198855949204e-05,6.5435319809834417e-05,2.9008839708530889e-05,0,22,9.9999999999999998e-13
2,7,"DenseLayer( 128,64 )","biases",0.0016046052330274292,3.1090128118837461e-05,0.02018994621940557,0.021850452372957421,0.037555369601613493,0.009411407034811272,0,22,9.9999999999999998e-13
2,10,"DenseLayer( 64,1 )","all",1.3474175135053617,3.8796906209391977e-05,2.8794100464034243e-05,3.0311826385869797e-05,4.2679244402521037e-05,1.3716995342803362e-05,0,22,9.9999999999999998e-13
2,10,"DenseLayer( 64,1 )","weights",1.347417495577983,3.8703283273118082e-05,2.8724613952959965e-05,3.0231860647368794e-05,4.2441936453178893e-05,1.3656734609771913e-05,0,22,9.9999999999999998e-13
2,10,"DenseLayer( 64,1 )","biases",0.00021930307477966628,2.5103290681727231e-06,0.011994045080987916,0.014778657067848536,0.033553432269175294,0.0072633246656229914,0,22,9.9999999999999998e-13
3,0,"Conv2DLayer(1,8,5, stride=5, padding=0)","all",1.3290807437461409,5.2986342783997724e-05,3.9866764390804418e-05,4.0512538430537333e-05,5.011462789788658e-05,2.6367785078506094e-05,0,22,9.9999999999999998e-13
3,0,"Conv2DLayer(1,8,5, stride=5, padding=0)","weights",1.3290805892755069,5.2149857580566651e-05,3.9237400979980242e-05,3.9882037866801703e-05,4.9369512930239753e-05,2.5924499525629036e-05,0,22,9.9999999999999998e-13
3,0,"Conv2DLayer(1,8,5, stride=5, padding=0)","biases",0.00064062066089194366,9.3593257145295203e-06,0.014649710326414451,0.014839400376887963,0.017966257743393887,0.0095498448977870964,0,22,9.9999999999999998e-13
3,4,"DenseLayer( 7202,128 )","all",15.861118223601858,0.0025684729290378293,0.00016193519394176501,0.00016259911054486884,0.00018133020922307189,0.00013478206493640663,0,22,9.9999999999999998e-13
3,4,"DenseLayer( 7202,128 )","weights",15.861118036988822,0.0025682749829755371,0.00016192271588846724,0.00016258654581530053,0.00018131525936013741,0.00013477307583007606,0,22,9.9999999999999998e-13
3,4,"DenseLayer( 7202,128 )","biases",0.0024330342919400227,3.1873239511598805e-05,0.0131023588557947,0.013181889959254831,0.015155398153606326,0.010057293429571481,0,22,9.9999999999999998e-13
3,7,"DenseLayer( 128,64 )","all",9.2548454784381686,0.00020782514923588433,2.2455821394254023e-05,2.2521957753557164e-05,2.7049512975998076e-05,2.3585943068836794e-05,0,22,9.9999999999999998e-13
3,7,"DenseLayer( 128,64 )","weights",9.2548452891336463,0.00020742647162720341,2.2412744128564606e-05,2.2478554039519778e-05,2.6991764242178811e-05,2.3551427387724971e-05,0,22,9.9999999999999998e-13
3,7,"DenseLayer( 128,64 )","biases",0.0018718047128706782,1.2814455102902117e-05,0.0068538402449861216,0.0069264604087026739,0.0094274498151212752,0.0062307989687602344,0,22,9.9999999999999998e-13
3,10,"DenseLayer( 64,1 )","all",1.3474074954739321,1.6108215777737609e-05,1.1954918307442869e-05,1.2038720371443509e-05,1.3942331443808442e-05,9.6796118068290601e-06,0,22,9.9999999999999998e-13
3,10,"DenseLayer( 64,1 )","weights",1.347407472910106,1.6086332559730356e-05,1.1938678153862567e-05,1.2021616719227379e-05,1.3939732235696917e-05,9.6796001590094358e-06,0,22,9.9999999999999998e-13
3,10,"DenseLayer( 64,1 )","biases",0.00024657566047442907,6.931057379750366e-07,0.0028241753824299605,0.0035413321391041708,0.0087424410741812897,8.2462849602723444e-05,0,22,9.9999999999999998e-13
4,0,"Conv2DLayer(1,8,5, stride=5, padding=0)","all",1.3289529025983262,3.4699873130473149e-05,2.611067585324866e-05,2.6180760694832246e-05,3.0091233302407274e-05,2.6158893172600251e-05,0,22,9.9999999999999998e-13
4,0,"Conv2DLayer(1,8,5, stride=5, padding=0)","weights",1.3289526973048884,3.380125330598915e-05,2.5434492977406012e-05,2.5506324720922398e-05,2.9264439604568472e-05,2.5533874575111673e-05,0,22,9.9999999999999998e-13
4,0,"Conv2DLayer(1,8,5, stride=5, padding=0)","biases",0.00073755098928276661,7.8180832537657913e-06,0.010631069847849435,0.010684091578967337,0.013066217763884778,0.0093814162748819194,0,22,9.9999999999999998e-13
4,4,"DenseLayer( 7202,128 )","all",15.861376399375926,0.0019730158511854245,0.0001243912710874677,0.00012479775471086835,0.00013790087136941428,0.00011609253214737826,0,22,9.9999999999999998e-13
4,4,"DenseLayer( 7202,128 )","weights",15.86137619111493,0.0019728779515384713,0.00012438257865962337,0.00012478905687809144,0.00013789141996239758,0.00011608373236891771,0,22,9.9999999999999998e-13
4,4,"DenseLayer( 7202,128 )","biases",0.0025692998640187551,2.3313627432583779e-05,0.0090935239213583638,0.0091316192087895123,0.010241023713109037,0.0084364832986494696,0,22,9.9999999999999998e-13
4,7,"DenseLayer( 128,64 )","all",9.2549495159584136,0.00022229577731916602,2.4019129101867341e-05,2.4114280806722903e-05,2.8557804525890963e-05,2.1922251964231412e-05,0,22,9.9999999999999998e-13
4,7,"DenseLayer( 128,64 )","weights",9.254949307805731,0.00022196905200352993,2.3983826880731428e-05,2.407897043613064e-05,2.8517940995553682e-05,2.1879016083347333e-05,0,22,9.9999999999999998e-13
4,7,"DenseLayer( 128,64 )","biases",0.0019623318935435702,1.2027519465959766e-05,0.006133860893714066,0.0061598112768241203,0.0072313073061901672,0.0062459749813654902,0,22,9.9999999999999998e-13
4,10,"DenseLayer( 64,1 )","all",1.3472857539319532,1.3619231804914947e-05,1.0108646893899422e-05,1.0141528096087795e-05,1.1477232912207347e-05,1.0640285173430822e-05,0,22,9.9999999999999998e-13
4,10,"DenseLayer( 64,1 )","weights",1.3472857303338037,1.3598374297944163e-05,1.0093165899064338e-05,1.0125346458855788e-05,1.1455496394895984e-05,1.0631807098826713e-05,0,22,9.9999999999999998e-13
4,10,"DenseLayer( 64,1 )","biases",0.00025211945467162877,6.0293347236107697e-07,0.0023821954397939453,0.003044856725526551,0.0056615263362410455,0.0022054364192839889,0,22,9.9999999999999998e-13
5,0,"Conv2DLayer(1,8,5, stride=5, padding=0)","all",1.3288849558792399,3.1413759257936191e-05,2.3639157981585389e-05,2.3737882029409298e-05,2.6769473132688607e-05,2.4038196353924852e-05,0,22,9.9999999999999998e-13
5,0,"Conv2DLayer(1,8,5, stride=5, padding=0)","weights",1.3288846693533232,3.0726593237453909e-05,2.3122064122134116e-05,2.3219233813455904e-05,2.6285401800632788e-05,2.35162046550601e-05,0,22,9.9999999999999998e-13
5,0,"Conv2DLayer(1,8,5, stride=5, padding=0)","biases",0.00087192304005109279,6.5270298522556852e-06,0.0075249262905666518,0.0075945117397985557,0.0094296787934276625,0.0071282886506860051,0,22,9.9999999999999998e-13
5,4,"DenseLayer( 7202,128 )","all",15.861665208734122,0.0017225880397727434,0.00010860072289870781,0.00010875916484755689,0.00011686884750894762,0.00010947788795882607,0,22,9.9999999999999998e-13
5,4,"DenseLayer( 7202,128 )","weights",15.861664965920905,0.001722469060648848,0.00010859322350857255,0.00010875164496510452,0.00011686021097141956,0.0001094691524168536,0,22,9.9999999999999998e-13
5,4,"DenseLayer( 7202,128 )","biases",0.0027748687225761827,2.0236527196630271e-05,0.0073012667362448436,0.0073266281243936932,0.0083676298323910828,0.0076511423407295354,0,22,9.9999999999999998e-13
5,7,"DenseLayer( 128,64 )","all",9.2550979005349578,0.00024297719093898455,2.6253329319343877e-05,2.6330224962852065e-05,2.9754718313421036e-05,2.5025543843047892e-05,0,22,9.9999999999999998e-13
5,7,"DenseLayer( 128,64 )","weights",9.2550976615919165,0.00024255862909094612,2.6208104995684643e-05,2.6285003388668666e-05,2.9696188168418725e-05,2.4973818218102738e-05,0,22,9.9999999999999998e-13
5,7,"DenseLayer( 128,64 )","biases",0.0021026605716048508,1.4229429641473337e-05,0.0067659706296238171,0.006785351838633014,0.0081026934613170204,0.0068354534385047828,0,22,9.9999999999999998e-13
5,10,"DenseLayer( 64,1 )","all",1.3472167638042531,1.4952764542429835e-05,1.1099004586865181e-05,1.1109778913148783e-05,1.2202850225601674e-05,1.1175556635150617e-05,0,22,9.9999999999999998e-13
5,10,"DenseLayer( 64,1 )","weights",1.3472167389437939,1.4938288343760606e-05,1.1088259434090247e-05,1.1099022457032109e-05,1.2190570292699983e-05,1.1118422538186129e-05,0,22,9.9999999999999998e-13
5,10,"DenseLayer( 64,1 )","biases",0.00025881112246266144,5.4132860069247812e-07,0.002087715284836388,0.002535972307422185,0.005819063676765616,0.005819063676765616,0,22,9.9999999999999998e-13
6,0,"Conv2DLayer(1,8,5, stride=5, padding=0)","all",1.3288133859843547,2.7425741060083773e-05,2.0639229931315924e-05,2.0927501494429254e-05,2.66341512090384e-05,1.8988369014484559e-05,0,22,9.9999999999999998e-13
6,0,"Conv2DLayer(1,8,5, stride=5, padding=0)","weights",1.3288130237511515,2.6825009717297969e-05,2.0187155058158348e-05,2.0471370950228137e-05,2.6076422894856709e-05,1.8590494108812385e-05,0,22,9.9999999999999998e-13
6,0,"Conv2DLayer(1,8,5, stride=5, padding=0)","biases",0.00098083000330237728,5.7059365362699742e-06,0.0058413078588692418,0.0059352017484221881,0.0077894492352943278,0.0050421471372451591,0,22,9.9999999999999998e-13
6,4,"DenseLayer( 7202,128 )","all",15.861870588156933,0.0016414011635678789,0.0001034809444321879,0.00010396098225333587,0.00012050711052614153,9.3131684871550259e-05,0,22,9.9999999999999998e-13
6,4,"DenseLayer( 7202,128 )","weights",15.861870312755483,0.0016412778956552299,0.00010347317488938755,0.00010395314696946164,0.00012049722742524026,9.3125508464442385e-05,0,22,9.9999999999999998e-13
6,4,"DenseLayer( 7202,128 )","biases",0.0029555262062270862,2.0104938053934154e-05,0.0068103054406290454,0.0068659660982365502,0.0084880660188179427,0.0056512604231931975,0,22,9.9999999999999998e-13
6,7,"DenseLayer( 128,64 )","all",9.2552432829173181,0.00023054883730176746,2.4910074890572117e-05,2.5064666219136664e-05,3.057078572469722e-05,2.3455586252998449e-05,0,22,9.9999999999999998e-13
6,7,"DenseLayer( 128,64 )","weights",9.2552430073847045,0.00022999670855620752,2.4850419876347928e-05,2.5003493955607832e-05,3.0485504350789323e-05,2.3391716519711792e-05,0,22,9.9999999999999998e-13
6,7,"DenseLayer( 128,64 )","biases",0.0022580867534165209,1.5844986559494339e-05,0.0070125661965406054,0.0071615266197749767,0.0096556328073027064,0.0069228367623945554,0,22,9.9999999999999998e-13
6,10,"DenseLayer( 64,1 )","all",1.347137595551134,1.4238016009552006e-05,1.0569087755953491e-05,1.0674009470227209e-05,1.2871429143644094e-05,1.0684593525006735e-05,0,22,9.9999999999999998e-13
6,10,"DenseLayer( 64,1 )","weights",1.347137568837653,1.4164367284029843e-05,1.051441746096307e-05,1.0615607467617018e-05,1.2762826713766484e-05,1.065684691030009e-05,0,22,9.9999999999999998e-13
6,10,"DenseLayer( 64,1 )","biases",0.0002682233091697774,1.3588446150110527e-06,0.0050743282657671248,0.005610610426784529,0.0085017388802060764,0.0040020067336813845,0,22,9.9999999999999998e-13
7,0,"Conv2DLayer(1,8,5, stride=5, padding=0)","all",1.3287327617879203,2.5824351882367495e-05,1.9435287945312145e-05,1.958527449685163e-05,2.471768460772914e-05,1.5999512165985377e-05,0,22,9.9999999999999998e-13
7,0,"Conv2DLayer(1,8,5, stride=5, padding=0)","weights",1.3287323363757164,2.537915483755023e-05,1.9100240627557878e-05,1.924926497116401e-05,2.4333894302388913e-05,1.5680203816886178e-05,0,22,9.9999999999999998e-13
7,0,"Conv2DLayer(1,8,5, stride=5, padding=0)","biases",0.0010629510026527048,4.7686973386329759e-06,0.0044983733897652964,0.0045380040118815157,0.0055257761202735442,0.0038268526345451854,0,22,9.9999999999999998e-13
7,4,"DenseLayer( 7202,128 )","all",15.861979780673316,0.0014913432335956973,9.40200058276068e-05,9.4325584657224898e-05,0.00010697892686850736,8.0889021797094041e-05,0,22,9.9999999999999998e-13
7,4,"DenseLayer( 7202,128 )","weights",15.861979481484314,0.0014912471864847567,9.4013952418174881e-05,9.4319474015053964e-05,0.00010697109637973265,8.088423599427407e-05,0,22,9.9999999999999998e-13
7,4,"DenseLayer( 7202,128 )","biases",0.0030805519292523499,1.6897449931047878e-05,0.0054939276309388316,0.0055456138775999281,0.0067311370065137582,0.0044391183671688168,0,22,9.9999999999999998e-13
7,7,"DenseLayer( 128,64 )","all",9.255336601245622,0.00020237688018197037,2.1865964865547988e-05,2.1920823941944054e-05,2.4549271027785218e-05,2.376371421066554e-05,0,22,9.9999999999999998e-13
7,7,"DenseLayer( 128,64 )","weights",9.2553362945533983,0.00020197790823439161,2.1822858357882668e-05,2.1877685000304272e-05,2.4494075364494166e-05,2.3703361774894567e-05,0,22,9.9999999999999998e-13
7,7,"DenseLayer( 128,64 )","biases",0.002382326187280182,1.2644638981858974e-05,0.0053078948909840206,0.0053394367383747688,0.0064504468707006742,0.0063910704959068976,0,22,9.9999999999999998e-13
7,10,"DenseLayer( 64,1 )","all",1.3470510534891318,1.2259778237323382e-05,9.1011986170362409e-06,9.11512027151222e-06,1.0187609612460851e-05,1.0187609612460851e-05,0,22,9.9999999999999998e-13
7,10,"DenseLayer( 64,1 )","weights",1.347051029017668,1.2253281851608184e-05,9.0963761096147565e-06,9.1101064947151976e-06,1.0166299298720455e-05,1.0166299298720455e-05,0,22,9.9999999999999998e-13
7,10,"DenseLayer( 64,1 )","biases",0.00025676481891423464,3.4814928023313935e-07,0.001355927707731019,0.0015865272023342567,0.003473462233476555,0.003473462233476555,0,22,9.9999999999999998e-13
8,0,"Conv2DLayer(1,8,5, stride=5, padding=0)","all",1.3286565235147869,2.2560246433846898e-05,1.6979715411832837e-05,1.7131664394349293e-05,2.0342837060030061e-05,1.6554041842763064e-05,0,22,9.9999999999999998e-13
8,0,"Conv2DLayer(1,8,5, stride=5, padding=0)","weights",1.3286560296209362,2.2139591492315474e-05,1.6663120302284589e-05,1.6813019449157017e-05,2.0003250577016288e-05,1.6218010295659998e-05,0,22,9.9999999999999998e-13
8,0,"Conv2DLayer(1,8,5, stride=5, padding=0)","biases",0.0011454161581551242,4.3287543368337679e-06,0.0037872797895907875,0.003829991982060868,0.0044332303206668462,0.0037464041520033891,0,22,9.9999999999999998e-13
8,4,"DenseLayer( 7202,128 )","all",15.862111808653649,0.0013704383262520016,8.6396969305132609e-05,8.6569607549288606e-05,9.5713221036559929e-05,8.2152550299543519e-05,0,22,9.9999999999999998e-13
8,4,"DenseLayer( 7202,128 )","weights",15.862111487721865,0.0013703499364825151,8.6391398668840677e-05,8.6564038819465132e-05,9.570693472241665e-05,8.2147077280569962e-05,0,22,9.9999999999999998e-13
8,4,"DenseLayer( 7202,128 )","biases",0.0031906940237365375,1.5559750680293803e-05,0.0048776669093385646,0.0048840803279534733,0.0054808867596167479,0.0046502064857860837,0,22,9.9999999999999998e-13
8,7,"DenseLayer( 128,64 )","all",9.2554350548342743,0.00021657758688955491,2.3400044581887942e-05,2.3509166212722532e-05,2.8513059978455196e-05,1.9181663743084913e-05,0,22,9.9999999999999998e-13
8,7,"DenseLayer( 128,64 )","weights",9.2554347076016867,0.00021611072197619529,2.3349603194822463e-05,2.3458131801009327e-05,2.8435928296063775e-05,1.91416906959623e-05,0,22,9.9999999999999998e-13
8,7,"DenseLayer( 128,64 )","biases",0.0025347443046485549,1.4164151949866957e-05,0.0055976732669213566,0.0056712756880249668,0.0077034520987660634,0.0043727537704471194,0,22,9.9999999999999998e-13
8,10,"DenseLayer( 64,1 )","all",1.346974283386148,1.3656452360296615e-05,1.0138616107550606e-05,1.0184631281762431e-05,1.2320087980483283e-05,9.9249119824028278e-06,0,22,9.9999999999999998e-13
8,10,"DenseLayer( 64,1 )","weights",1.3469742599696379,1.3648397743352233e-05,1.0132636535330705e-05,1.0178605920331568e-05,1.2315321417525262e-05,9.9194125998077568e-06,0,22,9.9999999999999998e-13
8,10,"DenseLayer( 64,1 )","biases",0.00025115815515164286,3.8909043227745727e-07,0.0015472534672157701,0.0018756828977097388,0.0045809047504159562,0.0017708879412133311,0,22,9.9999999999999998e-13
9,0,"Conv2DLayer(1,8,5, stride=5, padding=0)","all",1.3285881142715184,1.9020349008031708e-05,1.4316202889714637e-05,1.4503588188293124e-05,2.2054607730533841e-05,1.4603143838727313e-05,0,22,9.9999999999999998e-13
9,0,"Conv2DLayer(1,8,5, stride=5, padding=0)","weights",1.3285875669259799,1.8618675594455908e-05,1.4013878046892286e-05,1.4200637628438584e-05,2.1584483005255717e-05,1.4372419748129569e-05,0,22,9.9999999999999998e-13
9,0,"Conv2DLayer(1,8,5, stride=5, padding=0)","biases",0.0012058531063823858,3.8757222297535011e-06,0.0032182797069629119,0.0032581093848189275,0.0050950376713093156,0.0027808991129405843,0,22,9.9999999999999998e-13
9,4,"DenseLayer( 7202,128 )","all",15.862225815476206,0.0012836453002879917,8.0924664554192545e-05,8.1054213845332433e-05,9.3593177302593244e-05,8.4959432171993665e-05,0,22,9.9999999999999998e-13
9,4,"DenseLayer( 7202,128 )","weights",15.862225476366545,0.0012835548984086792,8.0918967091029098e-05,8.1048508464945712e-05,9.358642972169827e-05,8.4953867427178803e-05,0,22,9.9999999999999998e-13
9,4,"DenseLayer( 7202,128 )","biases",0.0032798050815240534,1.5230433779893432e-05,0.0046449062653418395,0.0046540771066800532,0.0055014620327390523,0.0046300970516889462,0,22,9.9999999999999998e-13
9,7,"DenseLayer( 128,64 )","all",9.2555246557077275,0.00020655342902013355,2.2316768900024327e-05,2.2365363834444096e-05,2.4802273344556334e-05,2.4802273344556334e-05,0,22,9.9999999999999998e-13
9,7,"DenseLayer( 128,64 )","weights",9.2555242570388074,0.00020617150467859273,2.2275505388026387e-05,2.2324146754641285e-05,2.4763383677469647e-05,2.4763383677469647e-05,0,22,9.9999999999999998e-13
9,7,"DenseLayer( 128,64 )","biases",0.0027160214448302493,1.2523541604327655e-05,0.0046116384437438832,0.0046250908562586786,0.0051618101883971826,0.0045759665010037349,0,22,9.9999999999999998e-13
9,10,"DenseLayer( 64,1 )","all",1.3468984686955745,1.3197034319458028e-05,9.7980878099035186e-06,9.8131485977635063e-06,1.0889099907708192e-05,9.9411633558195755e-06,0,22,9.9999999999999998e-13
9,10,"DenseLayer( 64,1 )","weights",1.3468984444558711,1.3189794174519484e-05,9.7927125787197111e-06,9.8077978823906347e-06,1.0889005374800272e-05,9.9342925145117973e-06,0,22,9.9999999999999998e-13
9,10,"DenseLayer( 64,1 )","biases",0.00025552331168331545,3.5885287533429538e-07,0.0014071117584495063,0.0017138907732486993,0.0035280116935478773,0.001931246408273531,0,22,9.9999999999999998e-13
10,0,"Conv2DLayer(1,8,5, stride=5, padding=0)","all",1.3285451091614713,2.486250547057233e-05,1.8714113570112723e-05,1.9012775396090567e-05,2.6551395615147504e-05,2.1215200668244153e-05,0,22,9.9999999999999998e-13
10,0,"Conv2DLayer(1,8,5, stride=5, padding=0)","weights",1.3285444988342736,2.4470227954921826e-05,1.841885343426219e-05,1.8720268585312269e-05,2.6212008439080454e-05,2.0924511923317672e-05,0,22,9.9999999999999998e-13
10,0,"Conv2DLayer(1,8,5, stride=5, padding=0)","biases",0.001273259490285966,4.3800768319994389e-06,0.0034366280369784413,0.0034592335961631999,0.0043753672303601015,0.0035440429817869576,0,22,9.9999999999999998e-13
10,4,"DenseLayer( 7202,128 )","all",15.86236521894438,0.0014152104203129974,8.9218107548675164e-05,8.9773567242389056e-05,0.00010913480667766485,0.00010913480667766485,0,22,9.9999999999999998e-13
10,4,"DenseLayer( 7202,128 )","weights",15.862364855537077,0.0014151073160123694,8.9211609666114573e-05,8.9766962724529661e-05,0.00010912669904291517,0.00010912669904291517,0,22,9.9999999999999998e-13
10,4,"DenseLayer( 7202,128 )","biases",0.003395244207439219,1.7054882093033785e-05,0.0050166509855009284,0.0050748832894009482,0.0064215427950761609,0.0061004633947792644,0,22,9.9999999999999998e-13
10,7,"DenseLayer( 128,64 )","all",9.255646810681295,0.00020532110354180131,2.2183335778309282e-05,2.2352528556280224e-05,2.625567513383078e-05,2.5790178034946908e-05,0,22,9.9999999999999998e-13
10,7,"DenseLayer( 128,64 )","weights",9.2556463562651992,0.00020493134549049119,2.2141226568922884e-05,2.2310332327370871e-05,2.6210933716588556e-05,2.5739689878845062e-05,0,22,9.9999999999999998e-13
10,7,"DenseLayer( 128,64 )","biases",0.0028999256160271393,1.2626082099233677e-05,0.0043552389455310953,0.0043832647765440309,0.0050728594124773915,0.0050109942788152074,0,22,9.9999999999999998e-13
10,10,"DenseLayer( 64,1 )","all",1.3468534188648951,1.2689603923716534e-05,9.4216684011678387e-06,9.4508774398465489e-06,1.1555088561882568e-05,1.1555088561882568e-05,0,22,9.9999999999999998e-13
10,10,"DenseLayer( 64,1 )","weights",1.3468533930703432,1.2664847346396297e-05,9.4032874088275176e-06,9.4315017267280349e-06,1.1469583278143946e-05,1.1469583278143946e-05,0,22,9.9999999999999998e-13
10,10,"DenseLayer( 64,1 )","biases",0.00026355918486263943,6.7320202519609173e-07,0.0025411571965955008,0.0030656797022823685,0.0069734695414002167,0.0069734695414002167,0,22,9.9999999999999998e-13
11,0,"Conv2DLayer(1,8,5, stride=5, padding=0)","all",1.328483609976143,2.2746799548843886e-05,1.7122384749483849e-05,1.7407241126789831e-05,2.3613987881057975e-05,2.3419742565057441e-05,0,22,9.9999999999999998e-13
11,0,"Conv2DLayer(1,8,5, stride=5, padding=0)","weights",1.328482926176493,2.229169266075231e-05,1.6779816748876284e-05,1.7072842296268264e-05,2.3214926454891399e-05,2.3039332023925095e-05,0,22,9.9999999999999998e-13
11,0,"Conv2DLayer(1,8,5, stride=5, padding=0)","biases",0.001347770976936298,4.4828814454084903e-06,0.0033234478637061901,0.0033410787685575491,0.0041978936970186106,0.0040568443017080045,0,22,9.9999999999999998e-13
11,4,"DenseLayer( 7202,128 )","all",15.86249959108261,0.0014624599586057847,9.2196057057573465e-05,9.2716922375501971e-05,0.00011437458827429629,0.00011437458827429629,0,22,9.9999999999999998e-13
11,4,"DenseLayer( 7202,128 )","weights",15.862499202542306,0.0014623649278483178,9.2190068408872856e-05,9.2710878332230852e-05,0.00011436666483748187,0.00011436666483748187,0,22,9.9999999999999998e-13
11,4,"DenseLayer( 7202,128 )","biases",0.0035108348394512399,1.6659379522314537e-05,0.0047453575779660825,0.0047843979376323295,0.0062677926070031998,0.0060205397751913808,0,22,9.9999999999999998e-13
11,7,"DenseLayer( 128,64 )","all",9.2557435295744277,0.00023211890229565412,2.5078366209929653e-05,2.5293680478421214e-05,3.0520373499950212e-05,2.5313811625638841e-05,0,22,9.9999999999999998e-13
11,7,"DenseLayer( 128,64 )","weights",9.2557430193778849,0.00023153521654974639,2.5015305599032771e-05,2.5228809105401412e-05,3.0413939408988714e-05,2.5243312093551108e-05,0,22,9.9999999999999998e-13
11,7,"DenseLayer( 128,64 )","biases",0.0030726901268549995,1.6355855723023591e-05,0.0053230385379782396,0.0054521610666276995,0.0076733762015907016,0.0055200437181798954,0,22,9.9999999999999998e-13
11,10,"DenseLayer( 64,1 )","all",1.3467945114028623,1.5335593675513651e-05,1.138673706686349e-05,1.1573025583697827e-05,1.5444822395296323e-05,1.2235308527732061e-05,0,22,9.9999999999999998e-13
11,10,"DenseLayer( 64,1 )","weights",1.3467944839610109,1.5286358146786115e-05,1.1350179713820051e-05,1.1533590563165474e-05,1.5360525555136095e-05,1.2124371067745454e-05,0,22,9.9999999999999998e-13
11,10,"DenseLayer( 64,1 )","biases",0.00027182894568382341,1.0965833842585033e-06,0.0040280687852240638,0.0047283807438622781,0.008277067351832432,0.008277067351832432,0,22,9.9999999999999998e-13
12,0,"Conv2DLayer(1,8,5, stride=5, padding=0)","all",1.3284302563626642,1.8024644290284765e-05,1.3568361330994647e-05,1.3968110010201651e-05,2.1638265269985094e-05,8.7636604302584826e-06,0,22,9.9999999999999998e-13
12,0,"Conv2DLayer(1,8,5, stride=5, padding=0)","weights",1.3284295089693194,1.761412591228949e-05,1.3259343812157148e-05,1.3661751167078531e-05,2.1268771513608039e-05,8.4633013445313647e-06,0,22,9.9999999999999998e-13
12,0,"Conv2DLayer(1,8,5, stride=5, padding=0)","biases",0.0014090679750307182,3.8039095865110497e-06,0.0027042433393585806,0.0027525211141433254,0.0039246986101756911,0.0021055997395927409,0,22,9.9999999999999998e-13
12,4,"DenseLayer( 7202,128 )","all",15.86259096719821,0.0014690463488155935,9.2610749255890969e-05,9.2938403124600863e-05,0.00011099753111776466,9.7428539649581643e-05,0,22,9.9999999999999998e-13
12,4,"DenseLayer( 7202,128 )","weights",15.862590554968332,0.0014689513761244662,9.2604764448613958e-05,9.2932374418753201e-05,0.00011099004824633016,9.7422114798316188e-05,0,22,9.9999999999999998e-13
12,4,"DenseLayer( 7202,128 )","biases",0.0036162602913928027,1.6694942216635744e-05,0.0046187595022196323,0.0046485713266528417,0.0057491441425815406,0.0048632957341129806,0,22,9.9999999999999998e-13
12,7,"DenseLayer( 128,64 )","all",9.2558505665854724,0.0002220527759793299,2.399052843037905e-05,2.4168368619933073e-05,2.9565065393356768e-05,2.4487159213261059e-05,0,22,9.9999999999999998e-13
12,7,"DenseLayer( 128,64 )","weights",9.2558499899832061,0.00022157047134832298,2.3938421841738156e-05,2.4115469349985867e-05,2.9487298873838378e-05,2.4440904389771107e-05,0,22,9.9999999999999998e-13
12,7,"DenseLayer( 128,64 )","biases",0.0032666040466960097,1.4585179265448236e-05,0.0044650899310829505,0.0045279583632777936,0.0060229263297104747,0.0041490098492596838,0,22,9.9999999999999998e-13
12,10,"DenseLayer( 64,1 )","all",1.3467498864941321,1.4059401235623267e-05,1.0439503930980811e-05,1.0534754549579173e-05,1.3300801208677001e-05,1.0377366862880565e-05,0,22,9.9999999999999998e-13
12,10,"DenseLayer( 64,1 )","weights",1.3467498584611719,1.4026853738917847e-05,1.0415336810869628e-05,1.0510392285321178e-05,1.3261008446874131e-05,1.037542783944827e-05,0,22,9.9999999999999998e-13
12,10,"DenseLayer( 64,1 )","biases",0.00027476892732507127,8.1697097894820303e-07,0.0029777059879609442,0.0035245439608655978,0.0078452341705115506,0.00099646391100331028,0,22,9.9999999999999998e-13
13,0,"Conv2DLayer(1,8,5, stride=5, padding=0)","all",1.3283884653723061,2.1864067833849875e-05,1.6459110153545708e-05,1.702178974525127e-05,2.5148847041776987e-05,1.3764445547997819e-05,0,22,9.9999999999999998e-13
13,0,"Conv2DLayer(1,8,5, stride=5, padding=0)","weights",1.3283876579425826,2.1500893178721045e-05,1.6185725203524092e-05,1.6760179001054151e-05,2.4896713856474872e-05,1.3435856386649794e-05,0,22,9.9999999999999998e-13
13,0,"Conv2DLayer(1,8,5, stride=5, padding=0)","biases",0.0014645561749383807,3.9092988984915502e-06,0.00266836075782795,0.002694418535041218,0.003291410594788022,0.0026766575621017074,0,22,9.9999999999999998e-13
13,4,"DenseLayer( 7202,128 )","all",15.862675697658128,0.0016378670459596648,0.00010325288924386379,0.00010389128685050734,0.00012707167456534174,0.00012707167456534174,0,22,9.9999999999999998e-13
13,4,"DenseLayer( 7202,128 )","weights",15.862675267873307,0.0016377445090446331,0.0001032451671852431,0.00010388347188578963,0.00012706154250133653,0.00012706154250133653,0,22,9.9999999999999998e-13
13,4,"DenseLayer( 7202,128 )","biases",0.0036925249579402865,2.0021646198151551e-05,0.0054196868261383487,0.0054700895873476029,0.0068632916326526513,0.0068632916326526513,0,22,9.9999999999999998e-13
13,7,"DenseLayer( 128,64 )","all",9.2559429333834089,0.00020834089618755803,2.2508875341490192e-05,2.2862731790510739e-05,3.1385858386990203e-05,2.9902414367019249e-05,0,22,9.9999999999999998e-13
13,7,"DenseLayer( 128,64 )","weights",9.2559422947684116,0.00020794270327415904,2.2465856666724245e-05,2.2818460044750674e-05,3.131484428051632e-05,2.9831809903447638e-05,0,22,9.9999999999999998e-13
13,7,"DenseLayer( 128,64 )","biases",0.0034380246565033083,1.2824489113649489e-05,0.0037225080165309964,0.0038110996161190903,0.0055627456876051456,0.0053969424262930877,0,22,9.9999999999999998e-13
13,10,"DenseLayer( 64,1 )","all",1.3467043318904184,1.3311953365415589e-05,9.8848520307279188e-06,9.9695908896144603e-06,1.311481540838785e-05,1.2836571521762881e-05,0,22,9.9999999999999998e-13
13,10,"DenseLayer( 64,1 )","weights",1.3467043034315094,1.3281692778681952e-05,9.8623820229025899e-06,9.9471183504643992e-06,1.3079454000060969e-05,1.2802854999744253e-05,0,22,9.9999999999999998e-13
13,10,"DenseLayer( 64,1 )","biases",0.00027682291296183723,8.0852425360882829e-07,0.0029098484730243125,0.0032398778074380599,0.0054008482892183027,0.004478095097327944,0,22,9.9999999999999998e-13
14,0,"Conv2DLayer(1,8,5, stride=5, padding=0)","all",1.3283554113217162,1.905380708628917e-05,1.4343930882784645e-05,1.4980970729897019e-05,2.3956939473445608e-05,1.7510159927762134e-05,0,22,9.9999999999999998e-13
14,0,"Conv2DLayer(1,8,5, stride=5, padding=0)","weights",1.3283545590925594,1.8647857309692011e-05,1.4038336342999879e-05,1.4681237231338552e-05,2.3629370870643576e-05,1.7069529403553661e-05,0,22,9.9999999999999998e-13
14,0,"Conv2DLayer(1,8,5, stride=5, padding=0)","biases",0.0015046010923749382,3.8745194187046101e-06,0.002571282665675593,0.0026249568177643713,0.0034684079380729979,0.0033721838963535707,0,22,9.9999999999999998e-13
14,4,"DenseLayer( 7202,128 )","all",15.862724720136695,0.001349088812927862,8.5047734254738839e-05,8.5566629486278438e-05,0.00010721396489831331,0.00010721396489831331,0,22,9.9999999999999998e-13
14,4,"DenseLayer( 7202,128 )","weights",15.862724281733023,0.0013490149376604666,8.5043079443920184e-05,8.5561895314486953e-05,0.00010720846548316915,0.00010720846548316915,0,22,9.9999999999999998e-13
14,4,"DenseLayer( 7202,128 )","biases",0.0037293758010298423,1.4055448316936612e-05,0.0037688662268875431,0.0038297268214822961,0.0056314753805147694,0.0045769503936478034,0,22,9.9999999999999998e-13
14,7,"DenseLayer( 128,64 )","all",9.2560492158158283,0.00020923300470310148,2.2605005479516917e-05,2.2867728083306274e-05,2.9129549827014242e-05,2.8797597954874484e-05,0,22,9.9999999999999998e-13
14,7,"DenseLayer( 128,64 )","weights",9.2560485070774234,0.00020889410428562085,2.2568393252292412e-05,2.2830249369040215e-05,2.9071373590559286e-05,2.873771975619174e-05,0,22,9.9999999999999998e-13
14,7,"DenseLayer( 128,64 )","biases",0.0036218852381798665,1.1870741706682622e-05,0.0032818839600489182,0.0033532060939751663,0.0048204690842954239,0.0046495114026161308,0,22,9.9999999999999998e-13
14,10,"DenseLayer( 64,1 )","all",1.3466736051555062,1.2154966181335681e-05,9.0259182148712103e-06,9.12197068919554e-06,1.209683229390616e-05,1.1307723310895308e-05,0,22,9.9999999999999998e-13
14,10,"DenseLayer( 64,1 )","weights",1.3466735764223585,1.2146174924586662e-05,9.0193902780297199e-06,9.1155264214494325e-06,1.208866056445276e-05,1.1294327071299984e-05,0,22,9.9999999999999998e-13
14,10,"DenseLayer( 64,1 )","biases",0.00027818325245541268,3.8502780212597415e-07,0.0013833860602183794,0.0016587514825273178,0.0028338176963476594,0.0026358695455249901,0,22,9.9999999999999998e-13
15,0,"Conv2DLayer(1,8,5, stride=5, padding=0)","all",1.3283335979451256,2.17412815831799e-05,1.6367333122528508e-05,1.6644335486183171e-05,2.1144114036889591e-05,1.1993331737235282e-05,0,22,9.9999999999999998e-13
15,0,"Conv2DLayer(1,8,5, stride=5, padding=0)","weights",1.3283326672683822,2.1411117184344245e-05,1.6118789237840454e-05,1.6393202020829461e-05,2.0906474897255634e-05,1.1776826189305887e-05,0,22,9.9999999999999998e-13
15,0,"Conv2DLayer(1,8,5, stride=5, padding=0)","biases",0.0015723353794287506,3.7307229831567957e-06,0.0023769962347237107,0.0024425577996706493,0.0036254415719414925,0.0018893402754460436,0,22,9.9999999999999998e-13
15,4,"DenseLayer( 7202,128 )","all",15.862885328145998,0.0015348443785768327,9.6756952902086915e-05,9.7248853311665957e-05,0.00012297979249205972,0.00012297979249205972,0,22,9.9999999999999998e-13
15,4,"DenseLayer( 7202,128 )","weights",15.862884873735739,0.0015347555318049246,9.675135475354972e-05,9.7243209734361759e-05,0.00012297183496212587,0.00012297183496212587,0,22,9.9999999999999998e-13
15,4,"DenseLayer( 7202,128 )","biases",0.0037968496530877537,1.6494285257428046e-05,0.0043431514310566894,0.0043757525683470189,0.00578917524807924,0.00578917524807924,0,22,9.9999999999999998e-13
15,7,"DenseLayer( 128,64 )","all",9.256185132270538,0.00023136007421415729,2.4995199349292204e-05,2.5285208840823628e-05,3.2465199154978216e-05,2.2879049034397455e-05,0,22,9.9999999999999998e-13
15,7,"DenseLayer( 128,64 )","weights",9.2561843484525994,0.00023096868649073144,2.4952917524493751e-05,2.5242618343901384e-05,3.2403925755913661e-05,2.2844174388827855e-05,0,22,9.9999999999999998e-13
15,7,"DenseLayer( 128,64 )","biases",0.0038087941440216998,1.3402149470381467e-05,0.003526201067786912,0.0035799731376232407,0.0049556410903689695,0.0030040745074452892,0,22,9.9999999999999998e-13
15,10,"DenseLayer( 64,1 )","all",1.3466641342020165,1.3343411220785557e-05,9.9084906866281846e-06,9.998560821184009e-06,1.3502369342376245e-05,9.4603739277196367e-06,0,22,9.9999999999999998e-13
15,10,"DenseLayer( 64,1 )","weights",1.3466641040601799,1.332240138121272e-05,9.892889577163476e-06,9.9838005195605409e-06,1.3502171920330347e-05,9.4600956070474721e-06,0,22,9.9999999999999998e-13
15,10,"DenseLayer( 64,1 )","biases",0.00028489896001040256,5.9525799852880567e-07,0.0020897324484231081,0.002565291187317261,0.0050509863911919915,0.00033789564547172051,0,22,9.9999999999999998e-13
16,0,"Conv2DLayer(1,8,5, stride=5, padding=0)","all",1.3283083915264122,2.0099040933357729e-05,1.5131294664963426e-05,1.5575260487616377e-05,2.2243731396002706e-05,2.0058286945338885e-05,0,22,9.9999999999999998e-13
16,0,"Conv2DLayer(1,8,5, stride=5, padding=0)","weights",1.3283074081979473,1.9679575343666314e-05,1.4815516551377469e-05,1.5256782336507811e-05,2.1814846044474674e-05,1.9740737313305476e-05,0,22,9.9999999999999998e-13
16,0,"Conv2DLayer(1,8,5, stride=5, padding=0)","biases",0.0016162111892203176,4.0679896133036174e-06,0.0025143710068766451,0.0025702565604331156,0.0035575583558068386,0.0028788946868028623,0,22,9.9999999999999998e-13
16,4,"DenseLayer( 7202,128 )","all",15.863041298557139,0.0015721934469401788,9.9110489947939931e-05,9.9572310146963573e-05,0.00012340073216364364,0.0001046121521539397,0,22,9.9999999999999998e-13
16,4,"DenseLayer( 7202,128 )","weights",15.863040824204324,0.0015720901095994952,9.9103978561328353e-05,9.9565760701869374e-05,0.00012339291275149342,0.00010460606921661678,0,22,9.9999999999999998e-13
16,4,"DenseLayer( 7202,128 )","biases",0.0038792595889742187,1.8018291034069863e-05,0.0046469799624529861,0.004675475829467199,0.0057413168755190511,0.0045629660823547462,0,22,9.9999999999999998e-13
16,7,"DenseLayer( 128,64 )","all",9.2563009701983106,0.00024261998985415452,2.6211323953540531e-05,2.6348756789328147e-05,3.1501733288328864e-05,3.1501733288328864e-05,0,22,9.9999999999999998e-13
16,7,"DenseLayer( 128,64 )","weights",9.2563001110067784,0.000242218619120602,2.616796448534073e-05,2.6305646564545694e-05,3.1458648067668265e-05,3.1458648067668265e-05,0,22,9.9999999999999998e-13
16,7,"DenseLayer( 128,64 )","biases",0.0039878047435998815,1.3906650352380451e-05,0.0034872219527543203,0.0034966917562880727,0.0038930583779932561,0.003733132290356129,0,22,9.9999999999999998e-13
16,10,"DenseLayer( 64,1 )","all",1.3466446922160715,1.3899232973617069e-05,1.0321382355335963e-05,1.0364886054731115e-05,1.2365676848924989e-05,1.2365676848924989e-05,0,22,9.9999999999999998e-13
16,10,"DenseLayer( 64,1 )","weights",1.3466446609429696,1.385624695788016e-05,1.0289461898943506e-05,1.0333528043330548e-05,1.2349630023013763e-05,1.2349630023013763e-05,0,22,9.9999999999999998e-13
16,10,"DenseLayer( 64,1 )","biases",0.00029017930236560375,9.1549405955116858e-07,0.0031464101709506986,0.0037230940630337867,0.0066122844799690952,0.0028361546453711745,0,22,9.9999999999999998e-13
17,0,"Conv2DLayer(1,8,5, stride=5, padding=0)","all",1.3283150002348483,1.5353894336730859e-05,1.1558929798916278e-05,1.2127399136443598e-05,1.92199631749957e-05,1.7429653590455641e-05,0,22,9.9999999999999998e-13
17,0,"Conv2DLayer(1,8,5, stride=5, padding=0)","weights",1.3283139643674804,1.5014153620892256e-05,1.1303170344126132e-05,1.187213748225032e-05,1.8861733460195914e-05,1.7153154918756812e-05,0,22,9.9999999999999998e-13
17,0,"Conv2DLayer(1,8,5, stride=5, padding=0)","biases",0.0016588723561629976,3.185890044668044e-06,0.0019206230081068017,0.0019820846559845894,0.0029431482881616903,0.0024612665912335224,0,22,9.9999999999999998e-13
17,4,"DenseLayer( 7202,128 )","all",15.863193615246701,0.0012823266061027978,8.0836600527509742e-05,8.1481596650216106e-05,9.8742665023953153e-05,9.3337501762551922e-05,0,22,9.9999999999999998e-13
17,4,"DenseLayer( 7202,128 )","weights",15.863193125571952,0.0012822445714744685,8.0831431640188963e-05,8.1476367281835361e-05,9.8736775054474686e-05,9.3331210709820433e-05,0,22,9.9999999999999998e-13
17,4,"DenseLayer( 7202,128 )","biases",0.0039415167624134596,1.4491647287810768e-05,0.0036772306043985877,0.0037172759007684029,0.0046491702031205926,0.0043616237295645011,0,22,9.9999999999999998e-13
17,7,"DenseLayer( 128,64 )","all",9.2564575149410349,0.00021311320052688876,2.3023199130802108e-05,2.3173409066055108e-05,3.0485810013896595e-05,1.9092261223642634e-05,0,22,9.9999999999999998e-13
17,7,"DenseLayer( 128,64 )","weights",9.2564565716737643,0.00021271001310597961,2.2979644063106384e-05,2.3130249166225843e-05,3.0442548597177577e-05,1.9050820406069237e-05,0,22,9.9999999999999998e-13
17,7,"DenseLayer( 128,64 )","biases",0.0041785181568146186,1.3027911292863969e-05,0.0031177660931151771,0.0031313817170838159,0.0036716606896577838,0.0027293787570268528,0,22,9.9999999999999998e-13
17,10,"DenseLayer( 64,1 )","all",1.3466491261214977,1.2059898227801025e-05,8.9554851397646561e-06,9.0047824682394656e-06,1.1984031990335468e-05,8.9686088002886829e-06,0,22,9.9999999999999998e-13
17,10,"DenseLayer( 64,1 )","weights",1.346649092106202,1.2038519552128989e-05,8.9396098933642158e-06,8.9890296043215693e-06,1.1980696298069337e-05,8.9347516006329676e-06,0,22,9.9999999999999998e-13
17,10,"DenseLayer( 64,1 )","biases",0.00030267094949853015,6.0392300259660592e-07,0.0019997039664766264,0.0023774005808470892,0.0047894569876522899,0.0035105646811115269,0,22,9.9999999999999998e-13
18,0,"Conv2DLayer(1,8,5, stride=5, padding=0)","all",1.3282738322386791,1.7809597570970203e-05,1.3408075655108776e-05,1.3900815929627457e-05,2.3840131795207606e-05,9.1080842535575031e-06,0,22,9.9999999999999998e-13
18,0,"Conv2DLayer(1,8,5, stride=5, padding=0)","weights",1.3282727526494245,1.7433146583689323e-05,1.3124672736853148e-05,1.3627697149347924e-05,2.35214863743917e-05,8.8769637883737069e-06,0,22,9.9999999999999998e-13
18,0,"Conv2DLayer(1,8,5, stride=5, padding=0)","biases",0.0016934576014905509,3.5992792436664512e-06,0.0021258750181641522,0.002151412633956839,0.0030413581898545584,0.0015782380249422534,0,22,9.9999999999999998e-13
18,4,"DenseLayer( 7202,128 )","all",15.86322987751609,0.0013781533569594163,8.6877222729321967e-05,8.7382571772294263e-05,0.00011064917384375169,7.6979418120673348e-05,0,22,9.9999999999999998e-13
18,4,"DenseLayer( 7202,128 )","weights",15.863229383276586,0.00137805852797962,8.6871247525140334e-05,8.7376493563613358e-05,0.00011063989226288587,7.6974778358455338e-05,0,22,9.9999999999999998e-13
18,4,"DenseLayer( 7202,128 )","biases",0.0039598199890848841,1.6138710327565011e-05,0.0040752553981941988,0.0041289635198518346,0.0057442948318780921,0.0033602429228144662,0,22,9.9999999999999998e-13
18,7,"DenseLayer( 128,64 )","all",9.25654731738884,0.0002054058457392335,2.2190331001760373e-05,2.2238039781388419e-05,2.554989678610272e-05,2.235288050837779e-05,0,22,9.9999999999999998e-13
18,7,"DenseLayer( 128,64 )","weights",9.2565462937579017,0.00020499633209842411,2.2146093011896407e-05,2.2193582004582582e-05,2.5494526212775458e-05,2.2306506934940392e-05,0,22,9.9999999999999998e-13
18,7,"DenseLayer( 128,64 )","biases",0.0043529600558122241,1.2893877034706171e-05,0.0029635518656227731,0.0029915649397201562,0.0037090720820645738,0.0030047828303632761,0,22,9.9999999999999998e-13
18,10,"DenseLayer( 64,1 )","all",1.3466015356170591,1.2487907650526742e-05,9.2736449356907228e-06,9.3059294738210415e-06,1.0618419982172506e-05,8.9816910890926308e-06,0,22,9.9999999999999998e-13
18,10,"DenseLayer( 64,1 )","weights",1.3466015018204938,1.2448866267866808e-05,9.2446526611579707e-06,9.2761971804029079e-06,1.0583748487369876e-05,8.9811691573282705e-06,0,22,9.9999999999999998e-13
18,10,"DenseLayer( 64,1 )","biases",0.00030165275860450822,8.0923200584948063e-07,0.0026917772130432747,0.0033252551873112061,0.0069503791695824024,0.00042269110760162932,0,22,9.9999999999999998e-13
19,0,"Conv2DLayer(1,8,5, stride=5, padding=0)","all",1.3282561414203324,1.5937651855048726e-05,1.1998937482977047e-05,1.2592188867642519e-05,2.1538435728307591e-05,2.1538435728307591e-05,0,22,9.9999999999999998e-13
19,0,"Conv2DLayer(1,8,5, stride=5, padding=0)","weights",1.3282550082264075,1.5642911007339265e-05,1.1777046954175532e-05,1.2378443148744739e-05,2.1318974227574401e-05,2.1318974227574401e-05,0,22,9.9999999999999998e-13
19,0,"Conv2DLayer(1,8,5, stride=5, padding=0)","biases",0.0017349963550113685,3.0171425494894143e-06,0.0017376755290007121,0.001765830316415255,0.0023623540062724943,0.0023204151150788637,0,22,9.9999999999999998e-13
19,4,"DenseLayer( 7202,128 )","all",15.863354883236678,0.00148619848627373,9.3687519706653092e-05,9.4228198410262212e-05,0.00010792616531527258,0.0001033563765032802,0,22,9.9999999999999998e-13
19,4,"DenseLayer( 7202,128 )","weights",15.863354372283899,0.0014860939692745692,9.3680934144970603e-05,9.4221540605658022e-05,0.00010791839353772946,0.00010334863790659426,0,22,9.9999999999999998e-13
19,4,"DenseLayer( 7202,128 )","biases",0.0040262158869401737,1.7616028131054867e-05,0.0043743857719706243,0.0044122925940925737,0.0052159281243846891,0.0049363628975428479,0,22,9.9999999999999998e-13
19,7,"DenseLayer( 128,64 )","all",9.2566557163243139,0.00023218349783779457,2.5082874426008532e-05,2.5177093493400613e-05,2.8915006760410113e-05,2.1617691200248215e-05,0,22,9.9999999999999998e-13
19,7,"DenseLayer( 128,64 )","weights",9.256654600044568,0.00023167449351677854,2.5027889473861027e-05,2.5121650446290273e-05,2.8863536815208606e-05,2.1577954267393404e-05,0,22,9.9999999999999998e-13
19,7,"DenseLayer( 128,64 )","biases",0.004545594539048842,1.5281488501606894e-05,0.0033674475233912054,0.0034115552839528922,0.0046969612836905497,0.0026159913767574263,0,22,9.9999999999999998e-13
19,10,"DenseLayer( 64,1 )","all",1.3465865845896046,1.4092137229845385e-05,1.0465081169046476e-05,1.05142254774758e-05,1.2297794599653368e-05,1.021559755606225e-05,0,22,9.9999999999999998e-13
19,10,"DenseLayer( 64,1 )","weights",1.3465865501671153,1.4051433439701299e-05,1.0434854014398301e-05,1.0483426608044007e-05,1.2224606643564433e-05,1.0140534189224459e-05,0,22,9.9999999999999998e-13
19,10,"DenseLayer( 64,1 )","biases",0.00030446094487243414,9.2860665807331155e-07,0.0030459906686313536,0.0035462745698422913,0.0066604821784314932,0.0053682391681815185,0,22,9.9999999999999998e-13
20,0,"Conv2DLayer(1,8,5, stride=5, padding=0)","all",1.3282287444790608,1.7627120155854812e-05,1.3271144769347972e-05,1.3615902944044139e-05,1.9926672140793519e-05,1.819512318705109e-05,0,22,9.9999999999999998e-13
20,0,"Conv2DLayer(1,8,5, stride=5, padding=0)","weights",1.328227553218565,1.7303995656568355e-05,1.3027881607298902e-05,1.337965788203712e-05,1.9733763760616477e-05,1.7952081441767779e-05,0,22,9.9999999999999998e-13
20,0,"Conv2DLayer(1,8,5, stride=5, padding=0)","biases",0.0017788697881241673,3.3122237228036628e-06,0.0018611032978006433,0.0018840311095306131,0.0023662842369384881,0.002187214324984896,0,22,9.9999999999999998e-13
20,4,"DenseLayer( 7202,128 )","all",15.86345193549576,0.001579068182376981,9.95412772627802e-05,0.00010002511452184722,0.00011571970787482425,9.3518169059227617e-05,0,22,9.9999999999999998e-13
20,4,"DenseLayer( 7202,128 )","weights",15.863451409114429,0.00157895068539066,9.9533873791659482e-05,0.0001000176583828483,0.00011571121750480486,9.3510788692674203e-05,0,22,9.9999999999999998e-13
20,4,"DenseLayer( 7202,128 )","biases",0.0040866041913934555,1.92553363617928e-05,0.0047124338197309344,0.0047430948926367377,0.0054518911568997661,0.0045316877428442795,0,22,9.9999999999999998e-13
20,7,"DenseLayer( 128,64 )","all",9.2567725695122416,0.00024953479327225451,2.6956993379613696e-05,2.7156774085505631e-05,3.4917150824385422e-05,2.430308998593532e-05,0,22,9.9999999999999998e-13
20,7,"DenseLayer( 128,64 )","weights",9.2567713610012952,0.00024899855465557299,2.6899067573298287e-05,2.7097870223064722e-05,3.4839966317432982e-05,2.4253662925392047e-05,0,22,9.9999999999999998e-13
20,7,"DenseLayer( 128,64 )","biases",0.0047297374723215251,1.6300700204354445e-05,0.0034455701702202162,0.0034979098049119457,0.0046014942779571584,0.0029683235331657352,0,22,9.9999999999999998e-13
20,10,"DenseLayer( 64,1 )","all",1.3465628344274585,1.494451635351145e-05,1.1098269678425485e-05,1.1198937646021685e-05,1.465457999833334e-05,9.5219173910048005e-06,0,22,9.9999999999999998e-13
20,10,"DenseLayer( 64,1 )","weights",1.3465627990083457,1.4885138905427556e-05,1.1054174435424478e-05,1.115563344482796e-05,1.4633018713767723e-05,9.4235378045492644e-06,0,22,9.9999999999999998e-13
20,10,"DenseLayer( 64,1 )","biases",0.00030882418981160629,1.2150716925547882e-06,0.0039366133676662163,0.0042922427530390538,0.006433969141738714,0.0058801549100494363,0,22,9.9999999999999998e-13
21,0,"Conv2DLayer(1,8,5, stride=5, padding=0)","all",1.3282148441626196,1.8149762998986419e-05,1.366477747309328e-05,1.3916914862806328e-05,1.9776994385722278e-05,1.9776994385722278e-05,0,22,9.9999999999999998e-13
21,0,"Conv2DLayer(1,8,5, stride=5, padding=0)","weights",1.3282135978000464,1.7901294979011181e-05,1.347772101974156e-05,1.3725699321091154e-05,1.958028865046832e-05,1.958028865046832e-05,0,22,9.9999999999999998e-13
21,0,"Conv2DLayer(1,8,5, stride=5, padding=0)","biases",0.0018195612566326001,2.9679641417450651e-06,0.0016322974007252778,0.0016805737741542445,0.0025553460231704239,0.0020195150873502368,0,22,9.9999999999999998e-13
21,4,"DenseLayer( 7202,128 )","all",15.863577774100229,0.0012975227216003593,8.1792559042645759e-05,8.2078401236842981e-05,9.611711906408467e-05,9.611711906408467e-05,0,22,9.9999999999999998e-13
21,4,"DenseLayer( 7202,128 )","weights",15.863577229931607,0.0012974352221938287,8.1787046106916673e-05,8.2072836314019484e-05,9.6110304170411893e-05,9.6110304170411893e-05,0,22,9.9999999999999998e-13
21,4,"DenseLayer( 7202,128 )","biases",0.0041550662163086123,1.5055359289511344e-05,0.0036231632927673655,0.003649433674152173,0.0043485151297379824,0.0043485151297379824,0,22,9.9999999999999998e-13
21,7,"DenseLayer( 128,64 )","all",9.2569126481279973,0.00022113170273356254,2.3888282384350694e-05,2.3980339226704453e-05,2.8177403685739816e-05,2.1211685419296347e-05,0,22,9.9999999999999998e-13
21,7,"DenseLayer( 128,64 )","weights",9.2569113343972962,0.00022073380300308766,2.3845301692932117e-05,2.393707618913486e-05,2.8126051535244786e-05,2.1171803567629336e-05,0,22,9.9999999999999998e-13
21,7,"DenseLayer( 128,64 )","biases",0.004931456098593372,1.3222692548141015e-05,0.0026829189799373186,0.0027058321754791902,0.0033050613454248218,0.0024005798327866755,0,22,9.9999999999999998e-13
21,10,"DenseLayer( 64,1 )","all",1.3465624997641665,1.2848690681267797e-05,9.5418472221479015e-06,9.6114607829365546e-06,1.2327427364786372e-05,9.0155988517433687e-06,0,22,9.9999999999999998e-13
21,10,"DenseLayer( 64,1 )","weights",1.3465624610284466,1.2817765820067559e-05,9.5188816836036179e-06,9.5866927969109981e-06,1.2315062301063707e-05,8.9996639380202016e-06,0,22,9.9999999999999998e-13
21,10,"DenseLayer( 64,1 )","biases",0.00032296416810078716,7.756607374176383e-07,0.0024134570904858284,0.0028972233828299353,0.0060458439472015537,0.0022323782374549842,0,22,9.9999999999999998e-13
22,0,"Conv2DLayer(1,8,5, stride=5, padding=0)","all",1.3282049988677138,2.0816466902211069e-05,1.5672635242428814e-05,1.6120194273481381e-05,2.5885698397934598e-05,1.3879452731200142e-05,0,22,9.9999999999999998e-13
22,0,"Conv2DLayer(1,8,5, stride=5, padding=0)","weights",1.3282037144849019,2.0502103136881672e-05,1.5435967075583873e-05,1.5883955582761066e-05,2.5499583694503688e-05,1.3660077719818426e-05,0,22,9.9999999999999998e-13
22,0,"Conv2DLayer(1,8,5, stride=5, padding=0)","biases",0.001847097297768086,3.5804614750605628e-06,0.0019389515614378103,0.0019783423017370599,0.0032101138022206663,0.001752373694526295,0,22,9.9999999999999998e-13
22,4,"DenseLayer( 7202,128 )","all",15.863715410534459,0.0013625830386831718,8.589305421176359e-05,8.6435567287475738e-05,0.0001084023448824934,8.3393663618186708e-05,0,22,9.9999999999999998e-13
22,4,"DenseLayer( 7202,128 )","weights",15.863714850481593,0.0013624878652812227,8.5887057805962897e-05,8.6429499868959439e-05,0.00010839539896484316,8.3387546312831717e-05,0,22,9.9999999999999998e-13
22,4,"DenseLayer( 7202,128 )","biases",0.0042152616022364314,1.607649773667424e-05,0.0038131100543847551,0.0038536695315961999,0.0048134171266670323,0.0037661445130932978,0,22,9.9999999999999998e-13
22,7,"DenseLayer( 128,64 )","all",9.2570611049275868,0.00022712109440660135,2.453491221769997e-05,2.499245120263306e-05,3.5782025894966493e-05,2.0502333808879208e-05,0,22,9.9999999999999998e-13
22,7,"DenseLayer( 128,64 )","weights",9.2570596974030899,0.00022670096362166213,2.4489531025567328e-05,2.4946186872228383e-05,3.571664233510013e-05,2.0462838496084867e-05,0,22,9.9999999999999998e-13
22,7,"DenseLayer( 128,64 )","biases",0.0051045649505422237,1.3729665963179729e-05,0.0026916830382243298,0.00275989420009848,0.0039408677260834172,0.0022795688094869137,0,22,9.9999999999999998e-13
22,10,"DenseLayer( 64,1 )","all",1.3465703440169245,1.3471530397792874e-05,1.0004325330139157e-05,1.0240757692518855e-05,1.613146852680885e-05,9.1707202094459621e-06,0,22,9.9999999999999998e-13
22,10,"DenseLayer( 64,1 )","weights",1.3465703041731676,1.3391445588486538e-05,9.9448529842759159e-06,1.0185535239759037e-05,1.6127438167681784e-05,9.1693260659492754e-06,0,22,9.9999999999999998e-13
22,10,"DenseLayer( 64,1 )","biases",0.00032748464516110039,1.0645202234048734e-06,0.0032354608018710521,0.0043483867853663276,0.0097470305677894633,0.0006309005702747687,0,22,9.9999999999999998e-13
23,0,"Conv2DLayer(1,8,5, stride=5, padding=0)","all",1.3281923272821876,2.4324761941461794e-05,1.8314195960133043e-05,1.8661046048302093e-05,2.7062051130277685e-05,1.7651395554444431e-05,0,22,9.9999999999999998e-13
23,0,"Conv2DLayer(1,8,5, stride=5, padding=0)","weights",1.3281909837060437,2.3919612886383381e-05,1.8009175994714133e-05,1.8351260789650208e-05,2.666304787750507e-05,1.7357972272446446e-05,0,22,9.9999999999999998e-13
23,0,"Conv2DLayer(1,8,5, stride=5, padding=0)","biases",0.0018891548841471113,4.3949270992911763e-06,0.0023268543681729511,0.0023812618666991959,0.0032577639398627405,0.0022360540317723702,0,22,9.9999999999999998e-13
23,4,"DenseLayer( 7202,128 )","all",15.863840424302159,0.0014878575614886253,9.3789223777880035e-05,9.4240756181800898e-05,0.000120736665379561,9.2628136168104822e-05,0,22,9.9999999999999998e-13
23,4,"DenseLayer( 7202,128 )","weights",15.863839850219051,0.0014877581601821944,9.3782961270083326e-05,9.4234417880559602e-05,0.00012072697203874109,9.2621269160267581e-05,0,22,9.9999999999999998e-13
23,4,"DenseLayer( 7202,128 )","biases",0.0042678067686621312,1.7173739593878975e-05,0.0040231267248388549,0.0040617879928400435,0.0056619489262366793,0.0041629250267849766,0,22,9.9999999999999998e-13
23,7,"DenseLayer( 128,64 )","all",9.2572122658026341,0.0002702708072772776,2.9195695368445429e-05,2.9418927741782447e-05,3.5062874737198234e-05,2.6877918216815449e-05,0,22,9.9999999999999998e-13
23,7,"DenseLayer( 128,64 )","weights",9.2572107612535905,0.00026969611783078001,2.913361991175028e-05,2.9357197790608595e-05,3.5001400204593449e-05,2.6815942566774611e-05,0,22,9.9999999999999998e-13
23,7,"DenseLayer( 128,64 )","biases",0.0052774415178808718,1.7515113972889466e-05,0.0033191904041900847,0.0033416749526208986,0.0039348712526208326,0.0031394527624221055,0,22,9.9999999999999998e-13
23,10,"DenseLayer( 64,1 )","all",1.3465669222610521,1.6724443811025149e-05,1.2420063012675506e-05,1.2494302169370364e-05,1.4582880957095998e-05,1.1029518604013527e-05,0,22,9.9999999999999998e-13
23,10,"DenseLayer( 64,1 )","weights",1.3465668805031321,1.6651519675548532e-05,1.236590853943555e-05,1.2442557875385548e-05,1.4580127837507171e-05,1.0895263476181885e-05,0,22,9.9999999999999998e-13
23,10,"DenseLayer( 64,1 )","biases",0.00033532520518003201,1.2573159024627372e-06,0.0037324665373050067,0.0045252171602922246,0.010435568561533,0.006703013003585152,0,22,9.9999999999999998e-13
24,0,"Conv2DLayer(1,8,5, stride=5, padding=0)","all",1.328188924538682,2.0337297367763828e-05,1.5312034547038805e-05,1.5841134107566286e-05,2.3610144696021528e-05,1.1993331058372402e-05,0,22,9.9999999999999998e-13
24,0,"Conv2DLayer(1,8,5, stride=5, padding=0)","weights",1.3281875593083916,2.0034876161777917e-05,1.5084355967381321e-05,1.5606807670936922e-05,2.3252522873584362e-05,1.183015199674939e-05,0,22,9.9999999999999998e-13
24,0,"Conv2DLayer(1,8,5, stride=5, padding=0)","biases",0.0019043542271004973,3.4883986630107127e-06,0.001831824751245557,0.0018934043911415755,0.0028554561774687907,0.0013735557033457667,0,22,9.9999999999999998e-13
24,4,"DenseLayer( 7202,128 )","all",15.863945220933148,0.0014536857190644572,9.163456134391838e-05,9.2156327587243969e-05,0.00010954088852119477,0.00010017809463490731,0,22,9.9999999999999998e-13
24,4,"DenseLayer( 7202,128 )","weights",15.863944635243534,0.0014535895450680032,9.1628502301302614e-05,9.2150240661710995e-05,0.00010953379489250151,0.0001001713461236736,0,22,9.9999999999999998e-13
24,4,"DenseLayer( 7202,128 )","biases",0.0043107636212051,1.6698210180658957e-05,0.0038734103160285227,0.00389855621441882,0.0047027729449785494,0.0042740844929250186,0,22,9.9999999999999998e-13
24,7,"DenseLayer( 128,64 )","all",9.2573567767130278,0.00020506137524513825,2.2151174542963032e-05,2.2439367335712283e-05,2.9363781344341773e-05,2.4643565370187662e-05,0,22,9.9999999999999998e-13
24,7,"DenseLayer( 128,64 )","weights",9.2573551733077366,0.00020463882238929614,2.210553329827378e-05,2.239351070575442e-05,2.9300346575329955e-05,2.4582559914953059e-05,0,22,9.9999999999999998e-13
24,7,"DenseLayer( 128,64 )","biases",0.0054484000405199589,1.3090678094160802e-05,0.0024016285058022064,0.0024340627908379779,0.0032571552853115325,0.0029019980519538503,0,22,9.9999999999999998e-13
24,10,"DenseLayer( 64,1 )","all",1.3465710310436625,1.2691466362064427e-05,9.4250284619980633e-06,9.5264895668475088e-06,1.2815538459191386e-05,1.0908505557790424e-05,0,22,9.9999999999999998e-13
24,10,"DenseLayer( 64,1 )","weights",1.3465709846479881,1.2654438740248924e-05,9.3975311145400091e-06,9.4990436939260882e-06,1.281480883797964e-05,1.0870895164399775e-05,0,22,9.9999999999999998e-13
24,10,"DenseLayer( 64,1 )","biases",0.00035346217786850917,7.7215372584760189e-07,0.0021901913113206465,0.0027646634182167621,0.0055430596380709601,0.0034038131974311633,0,22,9.9999999999999998e-13
25,0,"Conv2DLayer(1,8,5, stride=5, padding=0)","all",1.3281765601313713,1.6278942173069837e-05,1.2256609345717866e-05,1.2717212438194328e-05,2.4013237735932169e-05,2.4013237735932169e-05,0,22,9.9999999999999998e-13
25,0,"Conv2DLayer(1,8,5, stride=5, padding=0)","weights",1.3281751640881212,1.604727625817249e-05,1.208219800816366e-05,1.2534111196599389e-05,2.3632330631440473e-05,2.3632330631440473e-05,0,22,9.9999999999999998e-13
25,0,"Conv2DLayer(1,8,5, stride=5, padding=0)","biases",0.0019256928742928451,2.728126141978077e-06,0.0014170832337003184,0.0014833391038150269,0.0029189543006336903,0.0029189543006336903,0,22,9.9999999999999998e-13
25,4,"DenseLayer( 7202,128 )","all",15.86406399835278,0.0013190246552574458,8.3145451701009608e-05,8.3542908936262188e-05,0.0001035520104235575,0.0001035520104235575,0,22,9.9999999999999998e-13
25,4,"DenseLayer( 7202,128 )","weights",15.864063406891042,0.0013189443017330071,8.314038967101939e-05,8.3537776990897535e-05,0.00010354500339822625,0.00010354500339822625,0,22,9.9999999999999998e-13
25,4,"DenseLayer( 7202,128 )","biases",0.004331965374203512,1.4532979604615286e-05,0.0033551311139067919,0.0033926946268390667,0.0044053968497152294,0.0044053968497152294,0,22,9.9999999999999998e-13
25,7,"DenseLayer( 128,64 )","all",9.257476785164279,0.00021751787514542271,2.3496455806027877e-05,2.3670694240525072e-05,3.1478859825753212e-05,3.1478859825753212e-05,0,22,9.9999999999999998e-13
25,7,"DenseLayer( 128,64 )","weights",9.257475081665886,0.00021710561250134919,2.3451927190766021e-05,2.3624847184003505e-05,3.1379852808714454e-05,3.1379852808714454e-05,0,22,9.9999999999999998e-13
25,7,"DenseLayer( 128,64 )","biases",0.0056158843842995078,1.3285784846182762e-05,0.002365640972752537,0.0024267256558311626,0.0040584156968772617,0.0040584156968772617,0,22,9.9999999999999998e-13
25,10,"DenseLayer( 64,1 )","all",1.3465710816947181,1.387494750329435e-05,1.0303912450542536e-05,1.0469321176877184e-05,1.6591365475956252e-05,1.6591365475956252e-05,0,22,9.9999999999999998e-13
25,10,"DenseLayer( 64,1 )","weights",1.3465710348863256,1.3861454543564233e-05,1.0293892557916385e-05,1.0458311745915417e-05,1.6555247409956783e-05,1.6555247409956783e-05,0,22,9.9999999999999998e-13
25,10,"DenseLayer( 64,1 )","biases",0.0003550493076380173,5.3582136222923349e-07,0.0015083617637922633,0.0018184143713851552,0.0041424719031984709,0.0041424719031984709,0,22,9.9999999999999998e-13
26,0,"Conv2DLayer(1,8,5, stride=5, padding=0)","all",1.3281717388972989,1.6921877806149122e-05,1.2740730250936367e-05,1.3272404926297046e-05,2.0059902237402281e-05,2.0059902237402281e-05,0,22,9.9999999999999998e-13
26,0,"Conv2DLayer(1,8,5, stride=5, padding=0)","weights",1.3281702935186008,1.6574972114031583e-05,1.2479553660926827e-05,1.301750199875057e-05,1.977129502606928e-05,1.977129502606928e-05,0,22,9.9999999999999998e-13
26,0,"Conv2DLayer(1,8,5, stride=5, padding=0)","biases",0.0019594078558464521,3.3653121166400034e-06,0.0017185875478784916,0.0017566614023916661,0.0022884096260454632,0.002277148596048802,0,22,9.9999999999999998e-13
26,4,"DenseLayer( 7202,128 )","all",15.864161455636058,0.0014566343443342842,9.1819186270360515e-05,9.199853091573673e-05,0.00010439787354545473,9.1404523487932752e-05,0,22,9.9999999999999998e-13
26,4,"DenseLayer( 7202,128 )","weights",15.864160851770338,0.0014565559087226737,9.1814245562372545e-05,9.1993573272661097e-05,0.00010439269621445474,9.1398873386504308e-05,0,22,9.9999999999999998e-13
26,4,"DenseLayer( 7202,128 )","biases",0.0043771181883094524,1.5073706877134115e-05,0.003444809535342248,0.0034647646119637015,0.004065889622779555,0.0036580300669935388,0,22,9.9999999999999998e-13
26,7,"DenseLayer( 128,64 )","all",9.2576040788634799,0.00020418881397964324,2.2056338734764691e-05,2.2229919553509225e-05,2.8674260332291318e-05,1.8127768947095157e-05,0,22,9.9999999999999998e-13
26,7,"DenseLayer( 128,64 )","weights",9.2576022761987229,0.00020377554596878996,2.2011702080396871e-05,2.218477233155297e-05,2.860325615807933e-05,1.8069401443459861e-05,0,22,9.9999999999999998e-13
26,7,"DenseLayer( 128,64 )","biases",0.0057770907975820233,1.2947200465896046e-05,0.0022424364683518113,0.0022720653170858929,0.0032739710561000366,0.0022981290752064512,0,22,9.9999999999999998e-13
26,10,"DenseLayer( 64,1 )","all",1.3465756265712741,1.2599100287434232e-05,9.3563961019252497e-06,9.4929793381984122e-06,1.383717198151016e-05,8.8921706704899263e-06,0,22,9.9999999999999998e-13
26,10,"DenseLayer( 64,1 )","weights",1.3465755780369473,1.2564679162421857e-05,9.3308344837883534e-06,9.4693961006048783e-06,1.3831621270731651e-05,8.8473698303451662e-06,0,22,9.9999999999999998e-13
26,10,"DenseLayer( 64,1 )","biases",0.00036150733516974884,7.1966364471749822e-07,0.0019975112183061375,0.0025003988759511927,0.0045137034758996313,0.0032781968081631368,0,22,9.9999999999999998e-13
27,0,"Conv2DLayer(1,8,5, stride=5, padding=0)","all",1.3281366687698208,2.1652871334080099e-05,1.6303177786876475e-05,1.7180612160451017e-05,2.6848482251811789e-05,2.6848482251811789e-05,0,22,9.9999999999999998e-13
27,0,"Conv2DLayer(1,8,5, stride=5, padding=0)","weights",1.328135177093327,2.1175386985936195e-05,1.5943681144574347e-05,1.6824341720184908e-05,2.6402886235903432e-05,2.6402886235903432e-05,0,22,9.9999999999999998e-13
27,0,"Conv2DLayer(1,8,5, stride=5, padding=0)","biases",0.0019905259156981752,4.4442744501886828e-06,0.0022297500502612673,0.0023164483605981382,0.0034186575260537447,0.0032181775985760945,0,22,9.9999999999999998e-13
27,4,"DenseLayer( 7202,128 )","all",15.864223068597362,0.0016144480575980874,0.0001017665859029805,0.0001029296682612969,0.00013346723731730021,0.00013346723731730021,0,22,9.9999999999999998e-13
27,4,"DenseLayer( 7202,128 )","weights",15.864222453531585,0.0016143411434482039,0.00010175985052678103,0.00010292276617631148,0.00013345695770265574,0.00013345695770265574,0,22,9.9999999999999998e-13
27,4,"DenseLayer( 7202,128 )","biases",0.0044175811556056545,1.8555033263336829e-05,0.0041993308937677042,0.0042798981247585922,0.0059230430981571875,0.0059230430981571875,0,22,9.9999999999999998e-13
27,7,"DenseLayer( 128,64 )","all",9.2576770797863812,0.00025215785024359551,2.7237680651254645e-05,2.7894929339119482e-05,3.53762106328469e-05,3.53762106328469e-05,0,22,9.9999999999999998e-13
27,7,"DenseLayer( 128,64 )","weights",9.2576751638647874,0.00025148043805579032,2.7164513304857779e-05,2.7819222006194294e-05,3.5293274743139808e-05,3.5293274743139808e-05,0,22,9.9999999999999998e-13
27,7,"DenseLayer( 128,64 )","biases",0.005955631286823122,1.8311789211787307e-05,0.0030690315308367472,0.0031823619586477388,0.0045293813569682153,0.003686840965214658,0,22,9.9999999999999998e-13
27,10,"DenseLayer( 64,1 )","all",1.3465488619291963,1.6342841399236085e-05,1.2136831531356797e-05,1.262655754597711e-05,1.7208480096306286e-05,1.4968508678742465e-05,0,22,9.9999999999999998e-13
27,10,"DenseLayer( 64,1 )","weights",1.3465488125952878,1.6266710392315682e-05,1.2080294237393874e-05,1.2567271360392505e-05,1.7184090475166245e-05,1.4802086750630418e-05,0,22,9.9999999999999998e-13
27,10,"DenseLayer( 64,1 )","biases",0.00036448102036956698,1.4140201859514823e-06,0.0038780858306647474,0.0045116627503603282,0.0081872389193197604,0.0081872389193197604,0,22,9.9999999999999998e-13
28,0,"Conv2DLayer(1,8,5, stride=5, padding=0)","all",1.328144528016804,2.8855151123319402e-05,2.1725932376912971e-05,2.2821239478369237e-05,3.2552483971145003e-05,2.388661815160823e-05,0,22,9.9999999999999998e-13
28,0,"Conv2DLayer(1,8,5, stride=5, padding=0)","weights",1.328142977448372,2.844978521865426e-05,2.1420745206157824e-05,2.2510198748362535e-05,3.2197910684782037e-05,2.3496759998900957e-05,0,22,9.9999999999999998e-13
28,0,"Conv2DLayer(1,8,5, stride=5, padding=0)","biases",0.0020294330104348494,4.7941563134642833e-06,0.0023622341679863062,0.0024577270536553395,0.003475172181774744,0.0027838144066841004,0,22,9.9999999999999998e-13
28,4,"DenseLayer( 7202,128 )","all",15.864373930485351,0.0018750935764337557,0.00011819524587650274,0.00011958928043577464,0.00014608491200823639,0.00011264130552964035,0,22,9.9999999999999998e-13
28,4,"DenseLayer( 7202,128 )","weights",15.864373300031769,0.0018749542492517654,0.00011818646817763271,0.00011958026372126579,0.00014607306549834298,0.00011263328912271999,0,22,9.9999999999999998e-13
28,4,"DenseLayer( 7202,128 )","biases",0.0044725092757059498,2.281780057603224e-05,0.0051028695702095899,0.0052124848783755935,0.0066445803087642223,0.004742011610176471,0,22,9.9999999999999998e-13
28,7,"DenseLayer( 128,64 )","all",9.2578409886641904,0.00021500926613219281,2.3224566644497214e-05,2.408987292924309e-05,3.5428157272903671e-05,2.9340788148432474e-05,0,22,9.9999999999999998e-13
28,7,"DenseLayer( 128,64 )","weights",9.2578389388899716,0.00021447548269825018,2.3166914304333851e-05,2.403078760043539e-05,3.5323554890681025e-05,2.9266244945057819e-05,0,22,9.9999999999999998e-13
28,7,"DenseLayer( 128,64 )","biases",0.006160525835036664,1.5023308315634674e-05,0.0024406066324690247,0.0025386550773588436,0.0041338284880410199,0.0031152299408663472,0,22,9.9999999999999998e-13
28,10,"DenseLayer( 64,1 )","all",1.346575623107751,1.543661793936783e-05,1.146361051114929e-05,1.1599269643420517e-05,1.4893021454875353e-05,1.4893021454875353e-05,0,22,9.9999999999999998e-13
28,10,"DenseLayer( 64,1 )","weights",1.3465755704251772,1.5335714301779212e-05,1.1388677790377396e-05,1.1516678802813398e-05,1.4818957931190681e-05,1.4818957931190681e-05,0,22,9.9999999999999998e-13
28,10,"DenseLayer( 64,1 )","biases",0.00037665060848336327,1.5190651703795248e-06,0.0040440112721143468,0.0049664625388483336,0.011295499991207979,0.0052838801852414423,0,22,9.9999999999999998e-13
29,0,"Conv2DLayer(1,8,5, stride=5, padding=0)","all",1.3281475448581479,2.5303240706728094e-05,1.9051593643617897e-05,2.0688560867553568e-05,3.552806570375273e-05,3.552806570375273e-05,0,22,9.9999999999999998e-13
29,0,"Conv2DLayer(1,8,5, stride=5, padding=0)","weights",1.3281459297723825,2.4833498354523424e-05,1.8697933759744294e-05,2.0346648280194098e-05,3.5094437742436794e-05,3.5094437742436794e-05,0,22,9.9999999999999998e-13
29,0,"Conv2DLayer(1,8,5, stride=5, padding=0)","biases",0.0020712432345253479,4.7674494825915051e-06,0.002303129874615179,0.0024045685843137065,0.0035216145091975775,0.0035216145091975775,0,22,9.9999999999999998e-13
29,4,"DenseLayer( 7202,128 )","all",15.864555625766419,0.0015013389759888219,9.4634822054958666e-05,9.5959056860635226e-05,0.00012893932498119878,0.00012893932498119878,0,22,9.9999999999999998e-13
29,4,"DenseLayer( 7202,128 )","weights",15.864554981376019,0.0015012382105315742,9.4628474287050649e-05,9.5952536167058362e-05,0.00012892914893621569,0.00012892914893621569,0,22,9.9999999999999998e-13
29,4,"DenseLayer( 7202,128 )","biases",0.0045217090212623075,1.7376918485336884e-05,0.0038431444342255428,0.0039263184827567198,0.0056593451804719842,0.0056593451804719842,0,22,9.9999999999999998e-13
29,7,"DenseLayer( 128,64 )","all",9.2580010400655262,0.0002542171178164635,2.7459205303080687e-05,2.7786829369194268e-05,3.4281669861215446e-05,1.9320349318710884e-05,0,22,9.9999999999999998e-13
29,7,"DenseLayer( 128,64 )","weights",9.2579988603296215,0.00025364810534200783,2.7397749945918756e-05,2.7723823300462705e-05,3.4194106249427915e-05,1.9272735969002055e-05,0,22,9.9999999999999998e-13
29,7,"DenseLayer( 128,64 )","biases",0.0063525724186868698,1.6953633984948238e-05,0.0026741918880589031,0.002736009540415394,0.0035945765848419214,0.0019483801737427836,0,22,9.9999999999999998e-13
29,10,"DenseLayer( 64,1 )","all",1.3465974581262412,1.8462995435276305e-05,1.3710880163784554e-05,1.3926306189382205e-05,1.743796733187904e-05,1.1808263389580194e-05,0,22,9.9999999999999998e-13
29,10,"DenseLayer( 64,1 )","weights",1.3465974038826387,1.8417547120340383e-05,1.3677130206583535e-05,1.3894390753203421e-05,1.7405261927679487e-05,1.1804762602753811e-05,0,22,9.9999999999999998e-13
29,10,"DenseLayer( 64,1 )","biases",0.0003822053549811244,1.0792057516730644e-06,0.0028248736113727639,0.0033240957906440442,0.0063605686404728705,0.0010036468198223868,0,22,9.9999999999999998e-13
30,0,"Conv2DLayer(1,8,5, stride=5, padding=0)","all",1.3281302489634621,2.2195208272081097e-05,1.6711596895075223e-05,1.7753100533241462e-05,3.4407528354630749e-05,1.3772282997172682e-05,0,22,9.9999999999999998e-13
30,0,"Conv2DLayer(1,8,5, stride=5, padding=0)","weights",1.3281285800139715,2.1832337670795344e-05,1.6438398451694833e-05,1.7477126874930096e-05,3.3985601274478761e-05,1.3498954437200313e-05,0,22,9.9999999999999998e-13
30,0,"Conv2DLayer(1,8,5, stride=5, padding=0)","biases",0.0021054855786287428,3.9750930904150372e-06,0.0018890707932595872,0.0019697103926202878,0.0034157574949184458,0.0017115528860126676,0,22,9.9999999999999998e-13
30,4,"DenseLayer( 7202,128 )","all",15.864701389469996,0.0014209088660389545,8.9564188106668247e-05,9.0779181868350437e-05,0.00012904852192935836,9.7085412306114404e-05,0,22,9.9999999999999998e-13
30,4,"DenseLayer( 7202,128 )","weights",15.864700732838784,0.0014208126317763689,8.9558125873032075e-05,9.0772936599449979e-05,0.00012903819603937155,9.7079178171550115e-05,0,22,9.9999999999999998e-13
30,4,"DenseLayer( 7202,128 )","biases",0.0045644697131049178,1.6502988428380362e-05,0.0036167662777859804,0.003704925485138252,0.0057002695176311151,0.0038095814281292684,0,22,9.9999999999999998e-13
30,7,"DenseLayer( 128,64 )","all",9.258093174904225,0.00021802490978667439,2.3549646450431099e-05,2.3812258216743365e-05,2.8204507062731111e-05,2.7125086429268573e-05,0,22,9.9999999999999998e-13
30,7,"DenseLayer( 128,64 )","weights",9.2580909030562442,0.00021751565320725979,2.3494645630559675e-05,2.3756148199093311e-05,2.8142037998861266e-05,2.7049698834663092e-05,0,22,9.9999999999999998e-13
30,7,"DenseLayer( 128,64 )","biases",0.0064856511261989188,1.4869226336420163e-05,0.0022900661092952455,0.0023271202878585224,0.0028649610648206884,0.0028432594616294728,0,22,9.9999999999999998e-13
30,10,"DenseLayer( 64,1 )","all",1.3465850772670434,1.5250554759285296e-05,1.132534837915546e-05,1.1521965708305188e-05,1.4924768955898106e-05,1.2185198930441723e-05,0,22,9.9999999999999998e-13
30,10,"DenseLayer( 64,1 )","weights",1.3465850230370062,1.5229335767285198e-05,1.1309591220937561e-05,1.1506912661956282e-05,1.4917376696504762e-05,1.2154708375765211e-05,0,22,9.9999999999999998e-13
30,10,"DenseLayer( 64,1 )","biases",0.00038215815121392637,7.1380451448600402e-07,0.0018662686821493218,0.0020718175469287906,0.0033146236304182931,0.0030140656902989281,0,22,9.9999999999999998e-13
31,0,"Conv2DLayer(1,8,5, stride=5, padding=0)","all",1.3281435960659913,1.6199911653099815e-05,1.21974078120976e-05,1.2542343609038998e-05,1.7179701989659445e-05,1.6436356393045212e-05,0,22,9.9999999999999998e-13
31,0,"Conv2DLayer(1,8,5, stride=5, padding=0)","weights",1.3281418747622704,1.5844133974649011e-05,1.1929547405522421e-05,1.2274388813570686e-05,1.6854838250095108e-05,1.6122304850548538e-05,0,22,9.9999999999999998e-13
31,0,"Conv2DLayer(1,8,5, stride=5, padding=0)","biases",0.0021382522939976624,3.3480004767825267e-06,0.0015661405248545226,0.0016024074814974551,0.0021136821316015578,0.0019695179665024879,0,22,9.9999999999999998e-13
31,4,"DenseLayer( 7202,128 )","all",15.864876099719512,0.0014060500991265274,8.8626608570678024e-05,8.8793218918398683e-05,0.00010478325428913379,9.3300997839148201e-05,0,22,9.9999999999999998e-13
31,4,"DenseLayer( 7202,128 )","weights",15.864875432025979,0.0014059678364605067,8.8621427093048797e-05,8.8788016513960234e-05,0.00010477622596308596,9.3295176509077259e-05,0,22,9.9999999999999998e-13
31,4,"DenseLayer( 7202,128 )","biases",0.0046027898588381702,1.5197854325805758e-05,0.0033019697524040393,0.0033143425791040018,0.0041931538876513368,0.0035901320288822185,0,22,9.9999999999999998e-13
31,7,"DenseLayer( 128,64 )","all",9.2582389477496871,0.00022034641418199974,2.3800043415667667e-05,2.4012338703036592e-05,3.0631772688734636e-05,2.3285375578749065e-05,0,22,9.9999999999999998e-13
31,7,"DenseLayer( 128,64 )","weights",9.2582365288499151,0.00021984502823662192,2.3745893931015244e-05,2.3957328201571681e-05,3.0552916657754132e-05,2.3229756198355884e-05,0,22,9.9999999999999998e-13
31,7,"DenseLayer( 128,64 )","biases",0.0066922589165604252,1.4836384755408714e-05,0.0022192905842714234,0.0022523072151849864,0.0030705605896828498,0.0021944001413363051,0,22,9.9999999999999998e-13
31,10,"DenseLayer( 64,1 )","all",1.3466229220363568,1.5175059493132813e-05,1.1268977120122845e-05,1.1455323056515348e-05,1.5984888178043697e-05,1.2399743872111055e-05,0,22,9.9999999999999998e-13
31,10,"DenseLayer( 64,1 )","weights",1.346622865653949,1.5152867964583416e-05,1.1252498227496572e-05,1.1441165941330859e-05,1.597176885758027e-05,1.2399629308986569e-05,0,22,9.9999999999999998e-13
31,10,"DenseLayer( 64,1 )","biases",0.00038966442595913327,5.9025743129578501e-07,0.0015161519642355081,0.0019695735378214858,0.0042669304547868691,0.00018210111090517512,0,22,9.9999999999999998e-13
32,0,"Conv2DLayer(1,8,5, stride=5, padding=0)","all",1.3281378769463437,1.6248166467241326e-05,1.2233797405605491e-05,1.2469475191582379e-05,1.6696825485683783e-05,9.2405005080863953e-06,0,22,9.9999999999999998e-13
32,0,"Conv2DLayer(1,8,5, stride=5, padding=0)","weights",1.3281361126308087,1.5961278091711915e-05,1.2017805323990789e-05,1.2252464344161731e-05,1.6417742153630901e-05,9.1420230604204503e-06,0,22,9.9999999999999998e-13
32,0,"Conv2DLayer(1,8,5, stride=5, padding=0)","biases",0.0021648297533733421,3.0149041254406208e-06,0.0013929546415392339,0.0014215744242970019,0.0018814054293893304,0.0008227952225106028,0,22,9.9999999999999998e-13
32,4,"DenseLayer( 7202,128 )","all",15.864969556405018,0.0013705265661863419,8.6386978187026858e-05,8.6852735520352362e-05,0.00010971970027278611,7.6165741339616756e-05,0,22,9.9999999999999998e-13
32,4,"DenseLayer( 7202,128 )","weights",15.864968888098002,0.0013704406329562854,8.6381565284619432e-05,8.6847270311540069e-05,0.00010971232170516557,7.6161267347082831e-05,0,22,9.9999999999999998e-13
32,4,"DenseLayer( 7202,128 )","biases",0.0046049232466284767,1.5339731268082251e-05,0.0033315194715236606,0.0033585976911491623,0.0043894577015757465,0.0028399851127456511,0,22,9.9999999999999998e-13
32,7,"DenseLayer( 128,64 )","all",9.258358141454341,0.00020903335424082481,2.2577794984731627e-05,2.2687687211784458e-05,2.8719048492121198e-05,2.2440758037272061e-05,0,22,9.9999999999999998e-13
32,7,"DenseLayer( 128,64 )","weights",9.2583555782983886,0.00020848664217454433,2.2518750580454645e-05,2.2628376733579006e-05,2.8642332980208193e-05,2.2389420924144439e-05,0,22,9.9999999999999998e-13
32,7,"DenseLayer( 128,64 )","biases",0.0068889453400150218,1.5093667619183707e-05,0.0021905081445340886,0.0022023545581957445,0.0028075058070268235,0.0020080870399599303,0,22,9.9999999999999998e-13
32,10,"DenseLayer( 64,1 )","all",1.3466218994587584,1.6257618331142727e-05,1.2072890998276659e-05,1.2215024424108475e-05,1.7216097073116173e-05,1.1449542528246417e-05,0,22,9.9999999999999998e-13
32,10,"DenseLayer( 64,1 )","weights",1.3466218396733198,1.6229426184301293e-05,1.2051956054011249e-05,1.2196004940602699e-05,1.7203479378256089e-05,1.1447933381641414e-05,0,22,9.9999999999999998e-13
32,10,"DenseLayer( 64,1 )","biases",0.00040125005762092769,7.6299660246480594e-07,0.001903191692831094,0.0022914253122751668,0.0043822754664985791,0.00064435555630995133,0,22,9.9999999999999998e-13
33,0,"Conv2DLayer(1,8,5, stride=5, padding=0)","all",1.3281375625080738,2.0697838751285943e-05,1.5584114019258125e-05,1.641849276109061e-05,2.5865501777692158e-05,1.7580639215957669e-05,0,22,9.9999999999999998e-13
33,0,"Conv2DLayer(1,8,5, stride=5, padding=0)","weights",1.3281357721003531,2.0364780912980839e-05,1.5333364088728053e-05,1.6165300405278126e-05,2.548055925680416e-05,1.7328670696635319e-05,0,22,9.9999999999999998e-13
33,0,"Conv2DLayer(1,8,5, stride=5, padding=0)","biases",0.0021807770609506517,3.6600848829863096e-06,0.0016778428071919313,0.0017484544939261964,0.0027048516946302816,0.0017990112118628698,0,22,9.9999999999999998e-13
33,4,"DenseLayer( 7202,128 )","all",15.865084967645094,0.0014337129550098891,9.0369068543373426e-05,9.1203313687179599e-05,0.00011566820897670158,8.4247415649248793e-05,0,22,9.9999999999999998e-13
33,4,"DenseLayer( 7202,128 )","weights",15.865084294071526,0.0014336220129039031,9.0363340162480217e-05,9.1197520659061195e-05,0.00011566132800118622,8.4242363342256209e-05,0,22,9.9999999999999998e-13
33,4,"DenseLayer( 7202,128 )","biases",0.0046230484028104762,1.6129033724218514e-05,0.0034888656525231881,0.0035288770684681224,0.0043305958542974822,0.0031612387190272781,0,22,9.9999999999999998e-13
33,7,"DenseLayer( 128,64 )","all",9.2585032325042356,0.00021953180983780415,2.3711355749677489e-05,2.417979786804364e-05,3.1064581223121342e-05,2.8332816174858518e-05,0,22,9.9999999999999998e-13
33,7,"DenseLayer( 128,64 )","weights",9.2585005239176272,0.00021891524178335733,2.364476791889789e-05,2.4112754078664158e-05,3.098487276683136e-05,2.8260930051776842e-05,0,22,9.9999999999999998e-13
33,7,"DenseLayer( 128,64 )","biases",0.0070817762333979144,1.637927458079615e-05,0.0023108711869028902,0.0023485865188858368,0.0029277230216913203,0.0025955016637460443,0,22,9.9999999999999998e-13
33,10,"DenseLayer( 64,1 )","all",1.346624406542682,1.6989731975734514e-05,1.261653744142761e-05,1.3109192990680948e-05,1.832342393891707e-05,1.5169416577659465e-05,0,22,9.9999999999999998e-13
33,10,"DenseLayer( 64,1 )","weights",1.346624345843092,1.6962314066355386e-05,1.2596177535750525e-05,1.3091747860698825e-05,1.8313948528999701e-05,1.5169033438098605e-05,0,22,9.9999999999999998e-13
33,10,"DenseLayer( 64,1 )","biases",0.00040431662637274712,7.1625188204713841e-07,0.0017703581079216027,0.0022485948096529636,0.0047001185425258069,0.00036138751381169085,0,22,9.9999999999999998e-13
34,0,"Conv2DLayer(1,8,5, stride=5, padding=0)","all",1.3281434944513586,1.7147990925450155e-05,1.2911238453713488e-05,1.3295994164878825e-05,1.9971795203501357e-05,1.6795346704558134e-05,0,22,9.9999999999999998e-13
34,0,"Conv2DLayer(1,8,5, stride=5, padding=0)","weights",1.3281416704814533,1.6876134579141433e-05,1.2706566816593068e-05,1.3091034257537444e-05,1.9742655395883067e-05,1.6443331014631895e-05,0,22,9.9999999999999998e-13
34,0,"Conv2DLayer(1,8,5, stride=5, padding=0)","biases",0.0022011259765946254,3.0158122474876767e-06,0.0013701517341423298,0.0014033116956276574,0.0020552037579797118,0.0020552037579797118,0,22,9.9999999999999998e-13
34,4,"DenseLayer( 7202,128 )","all",15.865230903512963,0.0014934152823306891,9.4131327588902508e-05,9.4640533393153947e-05,0.00011000663784201449,0.00010427164494122188,0,22,9.9999999999999998e-13
34,4,"DenseLayer( 7202,128 )","weights",15.865230219527577,0.0014933126261626793,9.4124861135000434e-05,9.4633991379564419e-05,0.00010999725380569129,0.00010426419238367608,0,22,9.9999999999999998e-13
34,4,"DenseLayer( 7202,128 )","biases",0.004658642329192531,1.7488053890845893e-05,0.0037538983173125099,0.0037906953871607077,0.0048892593809871611,0.004227890502583086,0,22,9.9999999999999998e-13
34,7,"DenseLayer( 128,64 )","all",9.2586437586643733,0.00018917701193244484,2.04324780891736e-05,2.0632104919224287e-05,2.8213420826337122e-05,2.3802845121391089e-05,0,22,9.9999999999999998e-13
34,7,"DenseLayer( 128,64 )","weights",9.2586408889094329,0.00018866438784001277,2.0377117308660966e-05,2.0576166266108338e-05,2.8145319775820741e-05,2.3730791370932697e-05,0,22,9.9999999999999998e-13
34,7,"DenseLayer( 128,64 )","biases",0.0072895908264468704,1.3851088622836886e-05,0.001901188710243844,0.0019306193775835828,0.0025165392984332247,0.0023274444562220585,0,22,9.9999999999999998e-13
34,10,"DenseLayer( 64,1 )","all",1.346643316774236,1.3349512945081466e-05,9.913178014882496e-06,1.0043320938700954e-05,1.4039749624691999e-05,1.2652877413610773e-05,0,22,9.9999999999999998e-13
34,10,"DenseLayer( 64,1 )","weights",1.346643253887811,1.330303378212498e-05,9.8786638836097252e-06,1.0011256347963757e-05,1.4028808817294578e-05,1.2645541346059322e-05,0,22,9.9999999999999998e-13
34,10,"DenseLayer( 64,1 )","biases",0.00041151603297542101,8.617855862460353e-07,0.0021019654363820185,0.0026392032246282159,0.005691972832801412,0.0014011165213174037,0,22,9.9999999999999998e-13
35,0,"Conv2DLayer(1,8,5, stride=5, padding=0)","all",1.3281289947799331,1.899772512894115e-05,1.4304084877570432e-05,1.530336182945207e-05,2.2820174223321356e-05,1.1738239052190898e-05,0,22,9.9999999999999998e-13
35,0,"Conv2DLayer(1,8,5, stride=5, padding=0)","weights",1.3281271133821237,1.8606061042650946e-05,1.4009206043882742e-05,1.5005187004913277e-05,2.2456321823955925e-05,1.1467623363766595e-05,0,22,9.9999999999999998e-13
35,0,"Conv2DLayer(1,8,5, stride=5, padding=0)","biases",0.0022354652352797851,3.8076375354561836e-06,0.0017057678272802135,0.0017904926412349422,0.0024117303209776619,0.0014772326896296695,0,22,9.9999999999999998e-13
35,4,"DenseLayer( 7202,128 )","all",15.865315067721221,0.0015843902233702366,9.9865035820587416e-05,0.00010110181381427383,0.00013734539027042712,0.00010239509039898353,0,22,9.9999999999999998e-13
35,4,"DenseLayer( 7202,128 )","weights",15.865314371196716,0.001584276889115473,9.9857896679974171e-05,0.00010109449134688023,0.00013733410835342408,0.00010238772109347284,0,22,9.9999999999999998e-13
35,4,"DenseLayer( 7202,128 )","biases",0.0047011801127206957,1.8925003941483417e-05,0.0040260463907853825,0.0041084844042241454,0.005948686259548433,0.004141683330025573,0,22,9.9999999999999998e-13
35,7,"DenseLayer( 128,64 )","all",9.2587466315024969,0.00020621478883755027,2.2272438927192657e-05,2.2604521595019372e-05,2.9144848850194793e-05,2.2013040839997492e-05,0,22,9.9999999999999998e-13
35,7,"DenseLayer( 128,64 )","weights",9.2587435932633237,0.00020558556774642219,2.2204486514517688e-05,2.2534487681608643e-05,2.9039416101310201e-05,2.1945140153385504e-05,0,22,9.9999999999999998e-13
35,7,"DenseLayer( 128,64 )","biases",0.0075004254367419098,1.606986407296323e-05,0.0021457939388677487,0.0022018006158940609,0.0030778921157392754,0.0021050163517514296,0,22,9.9999999999999998e-13
35,10,"DenseLayer( 64,1 )","all",1.3466458437473592,1.559783817565943e-05,1.1582733389847743e-05,1.1728806446205559e-05,1.5907853955861558e-05,1.0711346104229299e-05,0,22,9.9999999999999998e-13
35,10,"DenseLayer( 64,1 )","weights",1.3466457786046806,1.5570116817217163e-05,1.1562148504669992e-05,1.1707262960121188e-05,1.5907606110671719e-05,1.0674365724094387e-05,0,22,9.9999999999999998e-13
35,10,"DenseLayer( 64,1 )","biases",0.0004188561843792823,7.8930514229630877e-07,0.001886172614467576,0.0022893050711465966,0.0057192411154267792,0.0028638115223940763,0,22,9.9999999999999998e-13
36,0,"Conv2DLayer(1,8,5, stride=5, padding=0)","all",1.328121227540382,1.9634723590110056e-05,1.4783834881698122e-05,1.5360165720220958e-05,2.6402252374651609e-05,1.3590543221918094e-05,0,22,9.9999999999999998e-13
36,0,"Conv2DLayer(1,8,5, stride=5, padding=0)","weights",1.3281193053821514,1.9363881056126521e-05,1.4579926853951272e-05,1.5160987801045488e-05,2.614193482711937e-05,1.3336482725438851e-05,0,22,9.9999999999999998e-13
36,0,"Conv2DLayer(1,8,5, stride=5, padding=0)","biases",0.002259581088627405,3.2071236423953706e-06,0.0014193318351234218,0.001449241842942641,0.0021724237227116134,0.0015338168065217579,0,22,9.9999999999999998e-13
36,4,"DenseLayer( 7202,128 )","all",15.865442846238656,0.0016667312083577192,0.00010505419242423223,0.00010569141639836951,0.00013171262985157086,9.5573507424532393e-05,0,22,9.9999999999999998e-13
36,4,"DenseLayer( 7202,128 )","weights",15.865442133822082,0.001666606463838092,0.00010504633448499439,0.00010568347064369739,0.00013170172449707715,9.5566356373676282e-05,0,22,9.9999999999999998e-13
36,4,"DenseLayer( 7202,128 )","biases",0.0047544816137484475,2.0374140611451592e-05,0.0042853775718673538,0.0043261666908072892,0.0056803284195070577,0.0038812174515688333,0,22,9.9999999999999998e-13
36,7,"DenseLayer( 128,64 )","all",9.2588858357308688,0.00022131234781242517,2.3902709716662032e-05,2.4181856013943683e-05,3.1664412077806198e-05,2.2265616151529813e-05,0,22,9.9999999999999998e-13
36,7,"DenseLayer( 128,64 )","weights",9.258882608820187,0.00022068273028572372,2.3834716503608529e-05,2.4112944696486113e-05,3.1577651351362209e-05,2.2184971132739755e-05,0,22,9.9999999999999998e-13
36,7,"DenseLayer( 128,64 )","biases",0.0077298409148040606,1.6616444779098014e-05,0.002152750039053992,0.0021913863737588845,0.0028347643668441926,0.0022413342221605675,0,22,9.9999999999999998e-13
36,10,"DenseLayer( 64,1 )","all",1.3466398792499312,1.6888090324411909e-05,1.2540908710557185e-05,1.2642063596115431e-05,1.5504424662464288e-05,1.3391864675852359e-05,0,22,9.9999999999999998e-13
36,10,"DenseLayer( 64,1 )","weights",1.3466398110733093,1.6845457989233308e-05,1.2509250952700477e-05,1.26098818891584e-05,1.5465726134067139e-05,1.3347262269885286e-05,0,22,9.9999999999999998e-13
36,10,"DenseLayer( 64,1 )","biases",0.00042848990679803222,1.1105413167652758e-06,0.0025983039147066071,0.0028462437891623067,0.0047883448698960778,0.003453041505654569,0,22,9.9999999999999998e-13
37,0,"Conv2DLayer(1,8,5, stride=5, padding=0)","all",1.328102109934737,1.8303480281877166e-05,1.3781685648069205e-05,1.4480479972416963e-05,2.2550947509372858e-05,2.2550947509372858e-05,0,22,9.9999999999999998e-13
37,0,"Conv2DLayer(1,8,5, stride=5, padding=0)","weights",1.3281001963228645,1.7964824130965043e-05,1.3526712489007482e-05,1.4212522335267103e-05,2.2123987276385351e-05,2.2123987276385351e-05,0,22,9.9999999999999998e-13
37,0,"Conv2DLayer(1,8,5, stride=5, padding=0)","biases",0.0022545315809856439,3.4729856636015944e-06,0.0015403904576486815,0.0016334715637313204,0.0026103907028270429,0.0025698887958832467,0,22,9.9999999999999998e-13
37,4,"DenseLayer( 7202,128 )","all",15.865493058443109,0.0015918944209486251,0.00010033690212840955,0.00010127643631073243,0.00012129293678599324,0.0001151300266838056,0,22,9.9999999999999998e-13
37,4,"DenseLayer( 7202,128 )","weights",15.865492331913984,0.0015917851857847468,0.00010033002164358856,0.0001012694235950293,0.00012128390987103763,0.00011512072198869781,0,22,9.9999999999999998e-13
37,4,"DenseLayer( 7202,128 )","biases",0.0048013889715744938,1.8596370437742665e-05,0.0038733061812729506,0.0039397317849222506,0.0050285148329145338,0.0048105909199685293,0,22,9.9999999999999998e-13
37,7,"DenseLayer( 128,64 )","all",9.2590117834071659,0.00022327208953938754,2.4114031520523608e-05,2.4187427358665973e-05,2.6959502167837563e-05,2.6826829100559973e-05,0,22,9.9999999999999998e-13
37,7,"DenseLayer( 128,64 )","weights",9.2590083629186708,0.00022258764346801151,2.4040118238019629e-05,2.4113213076346065e-05,2.6875856336526862e-05,2.6752166582349999e-05,0,22,9.9999999999999998e-13
37,7,"DenseLayer( 128,64 )","biases",0.0079583341303491664,1.7446646851356887e-05,0.0021928441909534729,0.0022039762094702995,0.0025516757698192966,0.0022937029740885944,0,22,9.9999999999999998e-13
37,10,"DenseLayer( 64,1 )","all",1.3466190453088749,1.7588668365499747e-05,1.3061356596752446e-05,1.316030396215956e-05,1.6158192179509428e-05,1.3216029152551792e-05,0,22,9.9999999999999998e-13
37,10,"DenseLayer( 64,1 )","weights",1.3466189789090255,1.7544024104664184e-05,1.3028204412061931e-05,1.312980241626453e-05,1.6133097461748615e-05,1.3193070493414912e-05,0,22,9.9999999999999998e-13
37,10,"DenseLayer( 64,1 )","biases",0.00042287773844277996,1.001940373415974e-06,0.0023665726547434838,0.0028452513938346442,0.005897889072025736,0.0024395370073071678,0,22,9.9999999999999998e-13
38,0,"Conv2DLayer(1,8,5, stride=5, padding=0)","all",1.3280949457765248,2.3902896188792406e-05,1.7997882719654957e-05,1.8655105134111232e-05,2.6728707616225044e-05,1.9758466057990973e-05,0,22,9.9999999999999998e-13
38,0,"Conv2DLayer(1,8,5, stride=5, padding=0)","weights",1.3280929836691868,2.3540419763479494e-05,1.7724979594993716e-05,1.8380570866550426e-05,2.6391590302007326e-05,1.948811556699354e-05,0,22,9.9999999999999998e-13
38,0,"Conv2DLayer(1,8,5, stride=5, padding=0)","biases",0.0022828916381261118,4.1226093978564624e-06,0.0018065685670182975,0.0018563224293642322,0.0024746971968988255,0.0018803923810808518,0,22,9.9999999999999998e-13
38,4,"DenseLayer( 7202,128 )","all",15.865581234586292,0.0015994673189532835,0.00010081365733658089,0.00010163281322366939,0.00012934796599799322,0.00011562715177862469,0,22,9.9999999999999998e-13
38,4,"DenseLayer( 7202,128 )","weights",15.865580494205577,0.0015993586193320741,0.00010080681075529596,0.00010162590889553444,0.0001293394123124009,0.00011561976063730541,0,22,9.9999999999999998e-13
38,4,"DenseLayer( 7202,128 )","biases",0.0048469687129032938,1.8628044334568398e-05,0.0038434236968122068,0.0038793579877937469,0.0048708331144447668,0.0042713465361535171,0,22,9.9999999999999998e-13
38,7,"DenseLayer( 128,64 )","all",9.2591585211647001,0.00021132821990498891,2.2823699722048838e-05,2.3188895534143402e-05,2.7795074873374716e-05,2.7193505011500278e-05,0,22,9.9999999999999998e-13
38,7,"DenseLayer( 128,64 )","weights",9.25915489767773,0.00021068651536539128,2.27544037503591e-05,2.3118407195998313e-05,2.7740654247579532e-05,2.7144457870662208e-05,0,22,9.9999999999999998e-13
38,7,"DenseLayer( 128,64 )","biases",0.0081913537018153577,1.6346053441511754e-05,0.00199741718600418,0.0020460661301054733,0.0028580885610753363,0.0018275454290945967,0,22,9.9999999999999998e-13
38,10,"DenseLayer( 64,1 )","all",1.3466225623174088,1.6658406958739157e-05,1.2370485658925278e-05,1.2659098442504891e-05,1.720255589885172e-05,1.3375244087440621e-05,0,22,9.9999999999999998e-13
38,10,"DenseLayer( 64,1 )","weights",1.3466224967613312,1.6601455260150124e-05,1.2328194420291857e-05,1.2611761161203363e-05,1.7068757655667405e-05,1.3372192125488963e-05,0,22,9.9999999999999998e-13
38,10,"DenseLayer( 64,1 )","biases",0.00042014131692915476,1.2035399611869997e-06,0.0028582512646056404,0.003489912341680329,0.0068127345783856397,0.00092445540095290014,0,22,9.9999999999999998e-13
39,0,"Conv2DLayer(1,8,5, stride=5, padding=0)","all",1.3280983069481549,2.3134057331426471e-05,1.7418977294817807e-05,1.8977369276364734e-05,3.1158870080290892e-05,2.5814429584578847e-05,0,22,9.9999999999999998e-13
39,0,"Conv2DLayer(1,8,5, stride=5, padding=0)","weights",1.3280962785572845,2.2841909543906476e-05,1.7199028330488304e-05,1.8731899058587229e-05,3.0740161416654823e-05,2.5477127027499339e-05,0,22,9.9999999999999998e-13
39,0,"Conv2DLayer(1,8,5, stride=5, padding=0)","biases",0.0023211531423190847,3.6485545943371915e-06,0.0015731150536174123,0.0017433079371524927,0.0029284456762462743,0.0023754134167145498,0,22,9.9999999999999998e-13
39,4,"DenseLayer( 7202,128 )","all",15.865761053435651,0.0015783330376921733,9.9480478655039815e-05,0.00010031347832985955,0.0001177444585390319,0.00011641663050483959,0,22,9.9999999999999998e-13
39,4,"DenseLayer( 7202,128 )","weights",15.865760298165409,0.0015782383644189881,9.9474516244733624e-05,0.00010030739488961579,0.00011773798497733433,0.00011640770520111656,0,22,9.9999999999999998e-13
39,4,"DenseLayer( 7202,128 )","biases",0.0048954645420172778,1.7222858008904826e-05,0.0035184420387432292,0.0035822399388258557,0.0046563887771522532,0.0046563887771522532,0,22,9.9999999999999998e-13
39,7,"DenseLayer( 128,64 )","all",9.2593285835834926,0.00020372948088800836,2.2002645538050183e-05,2.2453172050439718e-05,3.0873443267144487e-05,1.6868024451068769e-05,0,22,9.9999999999999998e-13
39,7,"DenseLayer( 128,64 )","weights",9.2593247951538,0.00020327086267906382,2.1953124066116438e-05,2.2403297486215131e-05,3.0808434392257957e-05,1.6823184057177304e-05,0,22,9.9999999999999998e-13
39,7,"DenseLayer( 128,64 )","biases",0.0083758008297082267,1.3624208745591679e-05,0.0016281969938583844,0.0016568765521074245,0.0022334920630429325,0.0013476657134274591,0,22,9.9999999999999998e-13
39,10,"DenseLayer( 64,1 )","all",1.3466274270772762,1.6103736501220791e-05,1.1958580789578458e-05,1.2130020879976317e-05,1.6537563194936591e-05,1.1524846289826596e-05,0,22,9.9999999999999998e-13
39,10,"DenseLayer( 64,1 )","weights",1.3466273627220395,1.6082964019353747e-05,1.1943155819624013e-05,1.2114746888439936e-05,1.6535138012569238e-05,1.1522846376120582e-05,0,22,9.9999999999999998e-13
39,10,"DenseLayer( 64,1 )","biases",0.00041631027257112277,7.2503594723953446e-07,0.0017396669074867582,0.0019645252920940269,0.0031998948491484612,0.00070402084837098715,0,22,9.9999999999999998e-13
40,0,"Conv2DLayer(1,8,5, stride=5, padding=0)","all",1.3280827615062831,2.4886994997811806e-05,1.8739045069976073e-05,1.9257460328355121e-05,2.6330924931480731e-05,1.3388013238214605e-05,0,22,9.9999999999999998e-13
40,0,"Conv2DLayer(1,8,5, stride=5, padding=0)","weights",1.3280807424500838,2.4589351904397916e-05,1.851495845997988e-05,1.9035278248975279e-05,2.5949487600294974e-05,1.3149040567065942e-05,0,22,9.9999999999999998e-13
40,0,"Conv2DLayer(1,8,5, stride=5, padding=0)","biases",0.0023157934986712822,3.7854545827818493e-06,0.0016343539988514903,0.0016721800556174457,0.0025518001505214667,0.0014527218630677496,0,22,9.9999999999999998e-13
40,4,"DenseLayer( 7202,128 )","all",15.865829846738073,0.0018829524659810908,0.000118679752300272,0.00011958103608469318,0.0001510992989364941,0.00011550725497757862,0,22,9.9999999999999998e-13
40,4,"DenseLayer( 7202,128 )","weights",15.865829077073165,0.0018828145259058271,0.00011867106389388408,0.00011957221754460463,0.00015108713209628356,0.00011549891790194454,0,22,9.9999999999999998e-13
40,4,"DenseLayer( 7202,128 )","biases",0.0049418984570086142,2.2761347926903374e-05,0.0046062627401815799,0.0046649249388318924,0.0061646258290804432,0.0044523050458285902,0,22,9.9999999999999998e-13
40,7,"DenseLayer( 128,64 )","all",9.2594489850211925,0.00024290765045950432,2.62334883401735e-05,2.6682798902934986e-05,3.3319311635347726e-05,2.0162689843506084e-05,0,22,9.9999999999999998e-13
40,7,"DenseLayer( 128,64 )","weights",9.2594450327465569,0.00024202606064003054,2.6138289798963601e-05,2.6585744249909393e-05,3.3188356539458623e-05,2.0090213867213909e-05,0,22,9.9999999999999998e-13
40,7,"DenseLayer( 128,64 )","biases",0.0085548595089688911,2.058423166755268e-05,0.0024053048178931599,0.0024601659877878596,0.0032097972043206267,0.0018216738342927679,0,22,9.9999999999999998e-13
40,10,"DenseLayer( 64,1 )","all",1.3466084682385848,2.0812568450536923e-05,1.5455535382616712e-05,1.5609176600173293e-05,1.8142360372725764e-05,1.2641817604816567e-05,0,22,9.9999999999999998e-13
40,10,"DenseLayer( 64,1 )","weights",1.3466084019444116,2.072366180015195e-05,1.5389513201271425e-05,1.5539900179867341e-05,1.8017634272433783e-05,1.2608888617957384e-05,0,22,9.9999999999999998e-13
40,10,"DenseLayer( 64,1 )","biases",0.00042245326833587819,1.745469159107994e-06,0.0041308880895993176,0.0046929183220114808,0.0083780698374543976,0.0028999421001321304,0,22,9.9999999999999998e-13
41,0,"Conv2DLayer(1,8,5, stride=5, padding=0)","all",1.3280698341381327,2.7079194968918905e-05,2.0389882819470055e-05,2.207308270156474e-05,3.8226547146402624e-05,6.3561857967643193e-06,0,22,9.9999999999999998e-13
41,0,"Conv2DLayer(1,8,5, stride=5, padding=0)","weights",1.3280678378512523,2.6618041291535578e-05,2.0042676749207047e-05,2.1715286451969845e-05,3.7678314225540709e-05,6.0686317130037006e-06,0,22,9.9999999999999998e-13
41,0,"Conv2DLayer(1,8,5, stride=5, padding=0)","biases",0.0023026885108003337,4.943661962428279e-06,0.0021469128822745368,0.0022833439094637055,0.0037312210630319306,0.00108560417850475,0,22,9.9999999999999998e-13
41,4,"DenseLayer( 7202,128 )","all",15.865833595917872,0.0017059154164169078,0.00010752131567525074,0.00010855256189424348,0.00013761680851492509,9.8886816699929434e-05,0,22,9.9999999999999998e-13
41,4,"DenseLayer( 7202,128 )","weights",15.865832830847765,0.0017057939668977638,0.00010751366607643381,0.00010854476685332522,0.00013760610965783256,9.8881181361080875e-05,0,22,9.9999999999999998e-13
41,4,"DenseLayer( 7202,128 )","biases",0.0049271603443851123,2.0336561963230958e-05,0.0041276661464021295,0.0041908047933422975,0.0055278864925660167,0.003405824301593586,0,22,9.9999999999999998e-13
41,7,"DenseLayer( 128,64 )","all",9.2595700233152112,0.00021270672653414893,2.2971545944707354e-05,2.3442328199595644e-05,3.0195544561875361e-05,2.0811621561413275e-05,0,22,9.9999999999999998e-13
41,7,"DenseLayer( 128,64 )","weights",9.2595658851635871,0.00021197307340450086,2.2892324346607176e-05,2.3360460795621261e-05,3.009726284577717e-05,2.0759469063712601e-05,0,22,9.9999999999999998e-13
41,7,"DenseLayer( 128,64 )","biases",0.0087539867064835922,1.7526471719388175e-05,0.0020001631733438706,0.0020667408083502245,0.0027782262701615602,0.0015380903036432848,0,22,9.9999999999999998e-13
41,10,"DenseLayer( 64,1 )","all",1.3466028347188466,1.7308416769493961e-05,1.2853398684040482e-05,1.316190458958979e-05,1.7918347481579989e-05,1.0548877369695513e-05,0,22,9.9999999999999998e-13
41,10,"DenseLayer( 64,1 )","weights",1.3466027671862657,1.7237343082568873e-05,1.2800618970643716e-05,1.3108384114078027e-05,1.790554330107816e-05,1.0530758309694601e-05,0,22,9.9999999999999998e-13
41,10,"DenseLayer( 64,1 )","biases",0.00042644335851284927,1.36793294752186e-06,0.0032010284085470251,0.0037340161479091061,0.0065001482249098588,0.0019820926839736342,0,22,9.9999999999999998e-13
42,0,"Conv2DLayer(1,8,5, stride=5, padding=0)","all",1.3280609475993157,1.7812397680262054e-05,1.3412337577323565e-05,1.3920797478348176e-05,1.9551452741598805e-05,1.0757913771752987e-05,0,22,9.9999999999999998e-13
42,0,"Conv2DLayer(1,8,5, stride=5, padding=0)","weights",1.3280589419587816,1.7522201005576488e-05,1.3193845650701422e-05,1.3704734445113605e-05,1.9312552809186672e-05,1.0491849188158688e-05,0,22,9.9999999999999998e-13
42,0,"Conv2DLayer(1,8,5, stride=5, padding=0)","biases",0.0023080747440930556,3.1687602605499805e-06,0.0013730582302358479,0.0014060860124160827,0.0017507871046424685,0.0013727535975442608,0,22,9.9999999999999998e-13
42,4,"DenseLayer( 7202,128 )","all",15.865853338112512,0.001423772372702995,8.9738152088572029e-05,9.011224854579074e-05,0.00010582152635548154,8.3052544256518343e-05,0,22,9.9999999999999998e-13
42,4,"DenseLayer( 7202,128 )","weights",15.865852576582236,0.001423678757073461,8.9732255948238882e-05,9.0106308113115555e-05,0.00010581458497278354,8.3046682856941881e-05,0,22,9.9999999999999998e-13
42,4,"DenseLayer( 7202,128 )","biases",0.0049157522419750865,1.6313850750661601e-05,0.0033186879985713769,0.0033407028959525492,0.0041139141837968221,0.003195012155194851,0,22,9.9999999999999998e-13
42,7,"DenseLayer( 128,64 )","all",9.2596865563862849,0.00017317643497162004,1.8702191027870105e-05,1.8785143282128682e-05,2.1787871527126502e-05,2.149152283630585e-05,0,22,9.9999999999999998e-13
42,7,"DenseLayer( 128,64 )","weights",9.2596822518048416,0.00017268855777229851,1.864951141153905e-05,1.8731688521374532e-05,2.170595683605033e-05,2.1421489587158538e-05,0,22,9.9999999999999998e-13
42,7,"DenseLayer( 128,64 )","biases",0.0089284295223459476,1.2869675902432844e-05,0.0014406724238559972,0.0014673366481437683,0.0019594959530131626,0.0017843227830821667,0,22,9.9999999999999998e-13
42,10,"DenseLayer( 64,1 )","all",1.3466117880224218,1.4443828336176918e-05,1.0726074444477752e-05,1.0887639405207098e-05,1.4445850083487279e-05,1.3807632544879726e-05,0,22,9.9999999999999998e-13
42,10,"DenseLayer( 64,1 )","weights",1.3466117218165117,1.4410055589179208e-05,1.070099508071814e-05,1.0860941919321397e-05,1.4397668093269309e-05,1.3793560617477234e-05,0,22,9.9999999999999998e-13
42,10,"DenseLayer( 64,1 )","biases",0.0004222473812247203,7.9548970626836468e-07,0.0018796649376984008,0.0024250256811998772,0.0053988073836907504,0.0019836765624858116,0,22,9.9999999999999998e-13
43,0,"Conv2DLayer(1,8,5, stride=5, padding=0)","all",1.3280374638281744,2.0071323905756635e-05,1.5113525628050746e-05,1.6293136524778009e-05,3.0115831282154242e-05,1.3890744785860989e-05,0,22,9.9999999999999998e-13
43,0,"Conv2DLayer(1,8,5, stride=5, padding=0)","weights",1.328035475756653,1.9720339644208602e-05,1.4849259767477773e-05,1.6025237701987088e-05,2.9781327516241095e-05,1.3566295807597782e-05,0,22,9.9999999999999998e-13
43,0,"Conv2DLayer(1,8,5, stride=5, padding=0)","biases",0.0022979252241218701,3.7020747992329119e-06,0.0016111701371303987,0.0017008887980283563,0.0025880816591640505,0.0017218273865560101,0,22,9.9999999999999998e-13
43,4,"DenseLayer( 7202,128 )","all",15.86586742408149,0.001585697153665211,9.99439258341268e-05,0.00010074484605041622,0.00012071149941757036,0.00010095400012296446,0,22,9.9999999999999998e-13
43,4,"DenseLayer( 7202,128 )","weights",15.865866667095451,0.0015855825137021386,9.9936705031334963e-05,0.00010073753158166471,0.00012070194573033544,0.00010094616840351705,0,22,9.9999999999999998e-13
43,4,"DenseLayer( 7202,128 )","biases",0.004901068043155446,1.9052531639027187e-05,0.0038873678849761983,0.0039310729728907045,0.0049154608163327999,0.0040674949254665875,0,22,9.9999999999999998e-13
43,7,"DenseLayer( 128,64 )","all",9.2597831911794657,0.00019771117267866162,2.1351602285706052e-05,2.1525575548948142e-05,2.6370814559936026e-05,2.6370814559936026e-05,0,22,9.9999999999999998e-13
43,7,"DenseLayer( 128,64 )","weights",9.2597787242439704,0.00019708724831736372,2.1284232552045341e-05,2.1457798367180815e-05,2.6253677711530735e-05,2.6253677711530735e-05,0,22,9.9999999999999998e-13
43,7,"DenseLayer( 128,64 )","biases",0.0090952458253780333,1.5599444039553137e-05,0.0017146043690925597,0.0017365807591409163,0.0025042820742936615,0.0025042820742936615,0,22,9.9999999999999998e-13
43,10,"DenseLayer( 64,1 )","all",1.3465918558634886,1.6465234497291907e-05,1.2227338356424205e-05,1.2429738636897534e-05,1.6895419550254405e-05,1.4207019345469469e-05,0,22,9.9999999999999998e-13
43,10,"DenseLayer( 64,1 )","weights",1.3465917883978629,1.6431434763402226e-05,1.2202238930466604e-05,1.2406424796180243e-05,1.6888619582133955e-05,1.4125171856656838e-05,0,22,9.9999999999999998e-13
43,10,"DenseLayer( 64,1 )","biases",0.00042623449619647795,8.0606630283661862e-07,0.0018936746251084005,0.0024070442829046148,0.0053783864399602806,0.0047609021259826453,0,22,9.9999999999999998e-13
44,0,"Conv2DLayer(1,8,5, stride=5, padding=0)","all",1.328032924728886,2.4954951025753993e-05,1.8790907674798066e-05,1.9686677768530536e-05,2.9309760376896115e-05,1.2549376408078304e-05,0,22,9.9999999999999998e-13
44,0,"Conv2DLayer(1,8,5, stride=5, padding=0)","weights",1.3280308955596607,2.4522631221234868e-05,1.8465401896689817e-05,1.9347708429463664e-05,2.8723900902509717e-05,1.2407693261791279e-05,0,22,9.9999999999999998e-13
44,0,"Conv2DLayer(1,8,5, stride=5, padding=0)","biases",0.002321525708404716,4.5641020105938814e-06,0.0019676541572307294,0.0020841574828585206,0.0033756207985520675,0.0010700326408065262,0,22,9.9999999999999998e-13
44,4,"DenseLayer( 7202,128 )","all",15.866016247190359,0.0016230005758545824,0.00010229414190937706,0.00010355225596170801,0.00014468241446563042,8.608930139196375e-05,0,22,9.9999999999999998e-13
44,4,"DenseLayer( 7202,128 )","weights",15.866015479724815,0.0016228804307698054,0.00010228657437700009,0.00010354451545009218,0.000144670629637144,8.6083945954759276e-05,0,22,9.9999999999999998e-13
44,4,"DenseLayer( 7202,128 )","biases",0.0049348704481928709,1.9731798533201918e-05,0.0039987816375515878,0.0040723828905104261,0.0059259434906359142,0.0030772602794211187,0,22,9.9999999999999998e-13
44,7,"DenseLayer( 128,64 )","all",9.259922256724133,0.00021162442210894821,2.285382014949323e-05,2.3413714000785377e-05,3.2087534044357374e-05,1.9159733258344401e-05,0,22,9.9999999999999998e-13
44,7,"DenseLayer( 128,64 )","weights",9.2599175532465221,0.00021082575620525866,2.276758183695499e-05,2.3323011147930832e-05,3.1953761521619591e-05,1.9078182869043594e-05,0,22,9.9999999999999998e-13
44,7,"DenseLayer( 128,64 )","biases",0.0093328887724599754,1.8280743445613995e-05,0.0019619100638459783,0.0020489614120208733,0.0029297399867288586,0.0017362195543366319,0,22,9.9999999999999998e-13
44,10,"DenseLayer( 64,1 )","all",1.3466128369989014,1.8081031720960828e-05,1.342705109501781e-05,1.3845622648250818e-05,2.009589175190719e-05,1.1344889329260894e-05,0,22,9.9999999999999998e-13
44,10,"DenseLayer( 64,1 )","weights",1.3466127692868963,1.8012342204350377e-05,1.3376043096835405e-05,1.3794408062717284e-05,2.0088406323124166e-05,1.1327823754242427e-05,0,22,9.9999999999999998e-13
44,10,"DenseLayer( 64,1 )","biases",0.0004270038877042349,1.2687907490709966e-06,0.0029772991642024707,0.0037639438855878666,0.008061544571590586,0.0019321827421527272,0,22,9.9999999999999998e-13
45,0,"Conv2DLayer(1,8,5, stride=5, padding=0)","all",1.3280223021936379,1.7431167362708239e-05,1.3125649380924004e-05,1.4790599001056529e-05,3.0196208159349817e-05,1.1636795552536479e-05,0,22,9.9999999999999998e-13
45,0,"Conv2DLayer(1,8,5, stride=5, padding=0)","weights",1.3280202515261534,1.7114351078805217e-05,1.2887106741178447e-05,1.4580752507821788e-05,2.9847906452446832e-05,1.149308860774239e-05,0,22,9.9999999999999998e-13
45,0,"Conv2DLayer(1,8,5, stride=5, padding=0)","biases",0.0023338074340337393,3.0915613199363875e-06,0.001324654716096873,0.0014127578076945479,0.0026014879394340635,0.0010355031597717107,0,22,9.9999999999999998e-13
45,4,"DenseLayer( 7202,128 )","all",15.866118767935921,0.0013996956196941953,8.8219164104374692e-05,8.884919530174311e-05,0.00010681374986617865,9.4229629448332197e-05,0,22,9.9999999999999998e-13
45,4,"DenseLayer( 7202,128 )","weights",15.86611799575204,0.0013996042490992721,8.8213409547769616e-05,8.8843354728601707e-05,0.00010680598089428228,9.4223270150763463e-05,0,22,9.9999999999999998e-13
45,4,"DenseLayer( 7202,128 )","biases",0.0049500619389993266,1.5969730240663174e-05,0.0032259374124289906,0.003266056274111355,0.0042585013226463511,0.0035082503034723675,0,22,9.9999999999999998e-13
45,7,"DenseLayer( 128,64 )","all",9.2600451965118094,0.00019026528313910974,2.0546914890416978e-05,2.0756469227962752e-05,2.6245947881270782e-05,1.8116587744704106e-05,0,22,9.9999999999999998e-13
45,7,"DenseLayer( 128,64 )","weights",9.2600402574884733,0.00018950288243620923,2.046459342134698e-05,2.0671934656871317e-05,2.6108917848999907e-05,1.8047748237089907e-05,0,22,9.9999999999999998e-13
45,7,"DenseLayer( 128,64 )","biases",0.0095637677274385095,1.6942799314591544e-05,0.0017738259042934077,0.0018168867919689607,0.0026142933122690255,0.0015090578765028831,0,22,9.9999999999999998e-13
45,10,"DenseLayer( 64,1 )","all",1.3466108546436075,1.5460451990481665e-05,1.1481017936622615e-05,1.16500304067146e-05,1.5619606397857655e-05,9.8207811701238897e-06,0,22,9.9999999999999998e-13
45,10,"DenseLayer( 64,1 )","weights",1.3466107882525089,1.5416923936221096e-05,1.1448694273176268e-05,1.1615447366740525e-05,1.5515745560346248e-05,9.750606119594768e-06,0,22,9.9999999999999998e-13
45,10,"DenseLayer( 64,1 )","biases",0.00042283512646628714,1.0283428392457692e-06,0.0024229512181268243,0.002838857931563681,0.0056881313342791676,0.0037196164442648144,0,22,9.9999999999999998e-13
46,0,"Conv2DLayer(1,8,5, stride=5, padding=0)","all",1.3280244468552851,1.6783848859548453e-05,1.2638198402402041e-05,1.3278541594506502e-05,2.2142666042976569e-05,1.5815348647285704e-05,0,22,9.9999999999999998e-13
46,0,"Conv2DLayer(1,8,5, stride=5, padding=0)","weights",1.3280223586870483,1.6496204581278902e-05,1.2421622538190211e-05,1.3060874129987708e-05,2.1861619548779507e-05,1.5530229457968843e-05,0,22,9.9999999999999998e-13
46,0,"Conv2DLayer(1,8,5, stride=5, padding=0)","biases",0.00235502698574946,3.0533418951281579e-06,0.0012951721667802979,0.0013476426806379492,0.0019796514505438316,0.0016714422632403928,0,22,9.9999999999999998e-13
46,4,"DenseLayer( 7202,128 )","all",15.866237065171761,0.0014984751282803674,9.444425495567874e-05,9.4774019548134146e-05,0.00010893173337149873,0.00010893173337149873,0,22,9.9999999999999998e-13
46,4,"DenseLayer( 7202,128 )","weights",15.866236292864599,0.0014983695385604775,9.4437604558466552e-05,9.4767336813877999e-05,0.0001089235840218676,0.0001089235840218676,0,22,9.9999999999999998e-13
46,4,"DenseLayer( 7202,128 )","biases",0.0049504712407857313,1.7779135978184249e-05,0.0035916583653957416,0.003608837367047148,0.0042776258197243693,0.0042776258197243693,0,22,9.9999999999999998e-13
46,7,"DenseLayer( 128,64 )","all",9.2601977950652827,0.00019955731660758648,2.1550007108085234e-05,2.1663006807879963e-05,2.6006032644015788e-05,1.8808617610172484e-05,0,22,9.9999999999999998e-13
46,7,"DenseLayer( 128,64 )","weights",9.2601926054903174,0.0001989064449504714,2.1479732101096829e-05,2.1593034117723584e-05,2.5941461143991277e-05,1.8742437433260425e-05,0,22,9.9999999999999998e-13
46,7,"DenseLayer( 128,64 )","biases",0.0098034931807771813,1.603556786361243e-05,0.0016362124530206992,0.0016444583688074552,0.0019749727750241687,0.0014734828027865386,0,22,9.9999999999999998e-13
46,10,"DenseLayer( 64,1 )","all",1.3466430841065995,1.6756737113646962e-05,1.2443342309958359e-05,1.2549799692336788e-05,1.4870543690129144e-05,1.1274377386552442e-05,0,22,9.9999999999999998e-13
46,10,"DenseLayer( 64,1 )","weights",1.3466430160183949,1.669053043788836e-05,1.2394178753890269e-05,1.2503679674566561e-05,1.4832746897273629e-05,1.1216202588879072e-05,0,22,9.9999999999999998e-13
46,10,"DenseLayer( 64,1 )","biases",0.00042821640619711781,1.2585739816792987e-06,0.0029374350418041686,0.0033797894033369921,0.0052645404909990087,0.0035577679692926989,0,22,9.9999999999999998e-13
47,0,"Conv2DLayer(1,8,5, stride=5, padding=0)","all",1.3280245630627558,1.6310967755833821e-05,1.228212769671254e-05,1.2703690747617606e-05,2.0096635532574574e-05,1.2175273464823986e-05,0,22,9.9999999999999998e-13
47,0,"Conv2DLayer(1,8,5, stride=5, padding=0)","weights",1.3280224374995111,1.6023422596153223e-05,1.2065626313543673e-05,1.2484625576380587e-05,1.9789209460005807e-05,1.1902286166824797e-05,0,22,9.9999999999999998e-13
47,0,"Conv2DLayer(1,8,5, stride=5, padding=0)","biases",0.002376045624152084,2.9911549231150515e-06,0.0012589624892833406,0.0013131651747792016,0.0020101690356295974,0.0014297616919322241,0,22,9.9999999999999998e-13
47,4,"DenseLayer( 7202,128 )","all",15.866299532065295,0.0014244737346793355,8.9779834674291633e-05,9.0116845609423537e-05,0.00010236625650088417,9.6316098045304152e-05,0,22,9.9999999999999998e-13
47,4,"DenseLayer( 7202,128 )","weights",15.866298764915602,0.0014243812070912961,8.9774007309400763e-05,9.0110960925972029e-05,0.00010235876287279866,9.6309844423947787e-05,0,22,9.9999999999999998e-13
47,4,"DenseLayer( 7202,128 )","biases",0.0049339253569283537,1.6215292368067239e-05,0.0032863048815221733,0.0033126011299554176,0.0039807831850800311,0.0035295900073571314,0,22,9.9999999999999998e-13
47,7,"DenseLayer( 128,64 )","all",9.2603558965849597,0.00020090246378175365,2.1694896805478863e-05,2.1822797470393095e-05,2.5872225594501527e-05,2.2008959354638702e-05,0,22,9.9999999999999998e-13
47,7,"DenseLayer( 128,64 )","weights",9.2603504667228016,0.00020024340672719163,2.1623739741292892e-05,2.1750711787330279e-05,2.577021851301705e-05,2.1940274062946209e-05,0,22,9.9999999999999998e-13
47,7,"DenseLayer( 128,64 )","biases",0.010027981475874167,1.6203308856617362e-05,0.001616134428395966,0.0016374446782927005,0.0021323175872386582,0.0015877685224716602,0,22,9.9999999999999998e-13
47,10,"DenseLayer( 64,1 )","all",1.3466598705322206,1.6330647827353493e-05,1.2126777383308085e-05,1.2197620740507915e-05,1.5027919266814786e-05,1.1141975855721941e-05,0,22,9.9999999999999998e-13
47,10,"DenseLayer( 64,1 )","weights",1.3466598010349442,1.627529623660552e-05,1.2085675135157786e-05,1.2155996476629779e-05,1.4987970553153356e-05,1.1054646473285506e-05,0,22,9.9999999999999998e-13
47,10,"DenseLayer( 64,1 )","biases",0.00043262443399395454,1.2331729521974921e-06,0.0028503626094841519,0.0031365878000194111,0.0052418352620240381,0.0042827819428308241,0,22,9.9999999999999998e-13
48,0,"Conv2DLayer(1,8,5, stride=5, padding=0)","all",1.3280121290609872,1.7140854085067991e-05,1.290715281072234e-05,1.3246790525508289e-05,1.8623563822437714e-05,9.5468584429646162e-06,0,22,9.9999999999999998e-13
48,0,"Conv2DLayer(1,8,5, stride=5, padding=0)","weights",1.3280099879637133,1.6857451878700821e-05,1.2693769797321001e-05,1.302753415548244e-05,1.8268211005873939e-05,9.3059462600862532e-06,0,22,9.9999999999999998e-13
48,0,"Conv2DLayer(1,8,5, stride=5, padding=0)","biases",0.0023846964410927196,3.0447672114904696e-06,0.0012770316130730896,0.0013371498210612955,0.0020800540331773983,0.0011909379294362205,0,22,9.9999999999999998e-13
48,4,"DenseLayer( 7202,128 )","all",15.866386527348389,0.0014424254988133914,9.0910770804530794e-05,9.1155907519108626e-05,0.00010301461721878087,9.1656666689145762e-05,0,22,9.9999999999999998e-13
48,4,"DenseLayer( 7202,128 )","weights",15.866385762910657,0.0014423247513568236,9.0904425443329691e-05,9.1149520745396122e-05,0.00010300690691390942,9.1649729129144258e-05,0,22,9.9999999999999998e-13
48,4,"DenseLayer( 7202,128 )","biases",0.0049252100333246158,1.702242852567408e-05,0.0034564457115233123,0.0034778334212743787,0.0041196895336270967,0.0036348759333809273,0,22,9.9999999999999998e-13
48,7,"DenseLayer( 128,64 )","all",9.2604895487395726,0.00019701771179755077,2.127508457840653e-05,2.1331049802579174e-05,2.3975941848731781e-05,2.3023641928315852e-05,0,22,9.9999999999999998e-13
48,7,"DenseLayer( 128,64 )","weights",9.2604838942599592,0.00019630551743107146,2.1198190830431995e-05,2.1253708214862255e-05,2.3878858178718437e-05,2.2921853558848459e-05,0,22,9.9999999999999998e-13
48,7,"DenseLayer( 128,64 )","biases",0.010233390513829049,1.65806918766646e-05,0.0016188696611235107,0.0016397194407781581,0.0019581962575129824,0.0019357097525501052,0,22,9.9999999999999998e-13
48,10,"DenseLayer( 64,1 )","all",1.3466604327433358,1.4875680487770332e-05,1.1046350702837885e-05,1.1099719572796585e-05,1.3195764584163851e-05,1.2293582042494614e-05,0,22,9.9999999999999998e-13
48,10,"DenseLayer( 64,1 )","weights",1.3466603621891804,1.4827657026064276e-05,1.1010690107467158e-05,1.1064829927549696e-05,1.3158214101031559e-05,1.2250890556788904e-05,0,22,9.9999999999999998e-13
48,10,"DenseLayer( 64,1 )","biases",0.00043590360887306321,1.0462655072015794e-06,0.0023985608685100405,0.0027167387659013677,0.0048548524995498561,0.0031275363980130619,0,22,9.9999999999999998e-13
49,0,"Conv2DLayer(1,8,5, stride=5, padding=0)","all",1.3280142103720209,1.7240402669929075e-05,1.2982088149657907e-05,1.3893298284611777e-05,2.2069542619455216e-05,2.2069542619455216e-05,0,22,9.9999999999999998e-13
49,0,"Conv2DLayer(1,8,5, stride=5, padding=0)","weights",1.328012084486391,1.6943471185711796e-05,1.2758518003225612e-05,1.3655327627143984e-05,2.1796647718635264e-05,2.1796647718635264e-05,0,22,9.9999999999999998e-13
49,0,"Conv2DLayer(1,8,5, stride=5, padding=0)","biases",0.0023762168184127486,3.1273739655556585e-06,0.0013158560453586125,0.0014305310263003617,0.0022657467485450483,0.001932812222024324,0,22,9.9999999999999998e-13
49,4,"DenseLayer( 7202,128 )","all",15.866518621886431,0.001500603857280418,9.4576762878435889e-05,9.530230729467292e-05,0.00011693676215405573,0.00011290528791820741,0,22,9.9999999999999998e-13
49,4,"DenseLayer( 7202,128 )","weights",15.866517859905034,0.0015004942625451464,9.4569860124007495e-05,9.529532083896381e-05,0.0001169274391453683,0.00011289875055296612,0,22,9.9999999999999998e-13
49,4,"DenseLayer( 7202,128 )","biases",0.0049173107301994238,1.8121355204093171e-05,0.0036847977860771327,0.0037237982593861232,0.0047625393515191277,0.0039177695622040071,0,22,9.9999999999999998e-13
49,7,"DenseLayer( 128,64 )","all",9.2606681633420802,0.00020202461514925161,2.1815350077371646e-05,2.2008573601121411e-05,2.7578653434192073e-05,1.9922868178626144e-05,0,22,9.9999999999999998e-13
49,7,"DenseLayer( 128,64 )","weights",9.2606622308913469,0.00020122487247836889,2.1729004877420806e-05,2.192109019165153e-05,2.7476104936497577e-05,1.9847744021323167e-05,0,22,9.9999999999999998e-13
49,7,"DenseLayer( 128,64 )","biases",0.010482006337115091,1.790647280394562e-05,0.0017093001978269477,0.0017341514789356075,0.0022787565594648493,0.0015119520515533649,0,22,9.9999999999999998e-13
49,10,"DenseLayer( 64,1 )","all",1.3466817693595581,1.6907793244496506e-05,1.25551508167965e-05,1.2834203994390693e-05,1.692288144068048e-05,1.2342963706390142e-05,0,22,9.9999999999999998e-13
49,10,"DenseLayer( 64,1 )","weights",1.3466816991800616,1.6853910459741364e-05,1.2515140057467759e-05,1.2788381905833264e-05,1.6749296979084799e-05,1.2326631264639674e-05,0,22,9.9999999999999998e-13
49,10,"DenseLayer( 64,1 )","biases",0.00043472852584355593,1.1108905627307566e-06,0.0025490087303755766,0.0033419485368697604,0.0074335216482405118,0.0019670444380465719,0,22,9.9999999999999998e-13
50,0,"Conv2DLayer(1,8,5, stride=5, padding=0)","all",1.3280028991332848,1.8950400304922602e-05,1.4269849678106196e-05,1.4847328429614493e-05,2.5065589935939869e-05,8.4094772966678299e-06,0,22,9.9999999999999998e-13
50,0,"Conv2DLayer(1,8,5, stride=5, padding=0)","weights",1.3280007508163201,1.8554076540225935e-05,1.3971436048892222e-05,1.4560295050504322e-05,2.4727250355256819e-05,8.0992269474292754e-06,0,22,9.9999999999999998e-13
50,0,"Conv2DLayer(1,8,5, stride=5, padding=0)","biases",0.0023886918649225599,3.7772680605112305e-06,0.0015821150557165165,0.0016168763912447557,0.0022923875058471605,0.0012485900694324001,0,22,9.9999999999999998e-13
50,4,"DenseLayer( 7202,128 )","all",15.86662780937114,0.0016730703767896267,0.00010544586896528545,0.00010614722625925421,0.00012248508664258222,0.00012225105319744721,0,22,9.9999999999999998e-13
50,4,"DenseLayer( 7202,128 )","weights",15.8666270423693,0.0016729570565016418,0.00010543873201080567,0.00010613995778666958,0.00012247527264521235,0.00012224123718782698,0,22,9.9999999999999998e-13
50,4,"DenseLayer( 7202,128 )","biases",0.0049334954479840444,1.9428979196952388e-05,0.0039381339970988565,0.0039961393518267267,0.0049706857753996454,0.0049682637739163543,0,22,9.9999999999999998e-13
50,7,"DenseLayer( 128,64 )","all",9.2608262427054022,0.00020146234896868705,2.1754247787153082e-05,2.1871397506249811e-05,2.6353074282385083e-05,2.447281791048365e-05,0,22,9.9999999999999998e-13
50,7,"DenseLayer( 128,64 )","weights",9.2608200754837089,0.00020076826513586092,2.1679313846908196e-05,2.1795235425503169e-05,2.6213501796720147e-05,2.4372513548205005e-05,0,22,9.9999999999999998e-13
50,7,"DenseLayer( 128,64 )","biases",0.010687525539471885,1.6599641669481196e-05,0.0015531252921862646,0.0015802633607937841,0.0023534997254611736,0.0019001376057005857,0,22,9.9999999999999998e-13
50,10,"DenseLayer( 64,1 )","all",1.3466989391585913,1.7134673665779904e-05,1.2723463903924101e-05,1.283266617337365e-05,1.5978028677761414e-05,1.4493467032139704e-05,0,22,9.9999999999999998e-13
50,10,"DenseLayer( 64,1 )","weights",1.3466988701316187,1.7075809371150709e-05,1.267975456032824e-05,1.2786275723178321e-05,1.5810088899479605e-05,1.439687356194099e-05,0,22,9.9999999999999998e-13
50,10,"DenseLayer( 64,1 )","biases",0.00043116131300021976,1.1826989727772095e-06,0.002744976850045685,0.003409466242212529,0.0072297805936870343,0.0052170030295062356,0,22,9.9999999999999998e-13
51,0,"Conv2DLayer(1,8,5, stride=5, padding=0)","all",1.3279982719096965,2.185827235365729e-05,1.6459565699981348e-05,1.7639647552241956e-05,3.2862131258833634e-05,2.0529117942297404e-05,0,22,9.9999999999999998e-13
51,0,"Conv2DLayer(1,8,5, stride=5, padding=0)","weights",1.3279960380424356,2.1377886412068385e-05,1.6097856213585612e-05,1.7285031762696902e-05,3.2256653670740214e-05,2.0231460506905663e-05,0,22,9.9999999999999998e-13
51,0,"Conv2DLayer(1,8,5, stride=5, padding=0)","biases",0.0024357394119722889,4.4794010601508276e-06,0.0018393583569483545,0.0019199583124835859,0.0034351579994403364,0.001879456956127231,0,22,9.9999999999999998e-13
51,4,"DenseLayer( 7202,128 )","all",15.86676634123298,0.0015873113827738171,0.00010004000915088401,0.00010116988093683199,0.00014640021323912556,0.00010401553023999488,0,22,9.9999999999999998e-13
51,4,"DenseLayer( 7202,128 )","weights",15.866765563318989,0.0015872041092481069,0.00010003325315835269,0.00010116302361539221,0.00014638956970806485,0.00010400921739948904,0,22,9.9999999999999998e-13
51,4,"DenseLayer( 7202,128 )","biases",0.0049684768108093323,1.8432471592569773e-05,0.0037107315322162169,0.0037647011956966287,0.0056440384545913113,0.0036520358578231156,0,22,9.9999999999999998e-13
51,7,"DenseLayer( 128,64 )","all",9.2609710748027059,0.00020146648929650869,2.1754354807950116e-05,2.2104576290076912e-05,2.9055977912076036e-05,2.9055977912076036e-05,0,22,9.9999999999999998e-13
51,7,"DenseLayer( 128,64 )","weights",9.2609646562906729,0.00020067410754343295,2.1668808442754716e-05,2.2018410119403341e-05,2.8945959054777951e-05,2.8945959054777951e-05,0,22,9.9999999999999998e-13
51,7,"DenseLayer( 128,64 )","biases",0.010903192084734562,1.7780081747853322e-05,0.0016302869137520151,0.0016552935851648998,0.0021294651713938146,0.002122670272696445,0,22,9.9999999999999998e-13
51,10,"DenseLayer( 64,1 )","all",1.3467026498858743,1.8496641507700839e-05,1.3734778274093195e-05,1.3922385121525024e-05,1.8145425140728367e-05,1.8145425140728367e-05,0,22,9.9999999999999998e-13
51,10,"DenseLayer( 64,1 )","weights",1.346702581317597,1.8436615381339637e-05,1.3690206504388975e-05,1.3878873978715369e-05,1.8107241158310462e-05,1.8107241158310462e-05,0,22,9.9999999999999998e-13
51,10,"DenseLayer( 64,1 )","biases",0.00042972828404427588,1.2805923523212022e-06,0.002985805797575381,0.0034553461566313708,0.0074570365213451235,0.0037103007632143599,0,22,9.9999999999999998e-13
52,0,"Conv2DLayer(1,8,5, stride=5, padding=0)","all",1.3280168668743582,2.8479680024583081e-05,2.1445326768224548e-05,2.3118011864009329e-05,3.5687671030749825e-05,3.2126900477561715e-05,0,22,9.9999999999999998e-13
52,0,"Conv2DLayer(1,8,5, stride=5, padding=0)","weights",1.3280145465790938,2.7842706516946918e-05,2.0965720633234387e-05,2.2650764098806659e-05,3.5165620848214215e-05,3.1360075759147346e-05,0,22,9.9999999999999998e-13
52,0,"Conv2DLayer(1,8,5, stride=5, padding=0)","biases",0.0024824535420232851,5.8799248539230767e-06,0.0023664448330232941,0.0024696621426453526,0.0036895376214376536,0.0036895376214376536,0,22,9.9999999999999998e-13
52,4,"DenseLayer( 7202,128 )","all",15.866975278410617,0.001631847794402389,0.00010284556932093718,0.00010467096770489084,0.00014895244519833408,0.00014895244519833408,0,22,9.9999999999999998e-13
52,4,"DenseLayer( 7202,128 )","weights",15.866974490559535,0.0016317367721299999,0.00010283857736276802,0.0001046637760716171,0.00014894139774162795,0.00014894139774162795,0,22,9.9999999999999998e-13
52,4,"DenseLayer( 7202,128 )","biases",0.0050001518934709235,1.8999919986089021e-05,0.003799312254548251,0.0038937721832194641,0.0057371813054494002,0.0057371813054494002,0,22,9.9999999999999998e-13
52,7,"DenseLayer( 128,64 )","all",9.261180138748875,0.00020263813375810211,2.1880417482322103e-05,2.2969456384042848e-05,3.4884002777279451e-05,2.3920954603114016e-05,0,22,9.9999999999999998e-13
52,7,"DenseLayer( 128,64 )","weights",9.2611733837082006,0.00020199817445110523,2.181133190225256e-05,2.2894440382454862e-05,3.4760057750698232e-05,2.3827230964185078e-05,0,22,9.9999999999999998e-13
52,7,"DenseLayer( 128,64 )","biases",0.011185458168610753,1.6039410296512542e-05,0.0014368832848452476,0.0015417564421781015,0.0024488919589199724,0.0017419539504589219,0,22,9.9999999999999998e-13
52,10,"DenseLayer( 64,1 )","all",1.3467514910723646,1.7646703186589422e-05,1.3103213803197934e-05,1.3891118374876886e-05,2.2159332303632615e-05,1.4436999021037296e-05,0,22,9.9999999999999998e-13
52,10,"DenseLayer( 64,1 )","weights",1.3467514243643057,1.7624124369995642e-05,1.3086448968532441e-05,1.3874827508594528e-05,2.2142372701720593e-05,1.4293929008236995e-05,0,22,9.9999999999999998e-13
52,10,"DenseLayer( 64,1 )","biases",0.00042388150838881052,7.0381131742826919e-07,0.0016589881979994676,0.0021339938665237449,0.006430259677843421,0.006430259677843421,0,22,9.9999999999999998e-13
53,0,"Conv2DLayer(1,8,5, stride=5, padding=0)","all",1.3280048923478833,2.8280741717788473e-05,2.1295663560063588e-05,2.2632130441631166e-05,3.2486947738698075e-05,1.5841738020349602e-05,0,22,9.9999999999999998e-13
53,0,"Conv2DLayer(1,8,5, stride=5, padding=0)","weights",1.3280024578506024,2.7778424363671686e-05,2.0917451670173769e-05,2.2267738464893451e-05,3.2163692608926439e-05,1.5381991618112866e-05,0,22,9.9999999999999998e-13
53,0,"Conv2DLayer(1,8,5, stride=5, padding=0)","biases",0.0025428203450166124,5.1741400572433882e-06,0.0020356722161490211,0.0021146863239274714,0.003619978765612028,0.0019740767578577583,0,22,9.9999999999999998e-13
53,4,"DenseLayer( 7202,128 )","all",15.867089578976138,0.0018032082654811522,0.00011364457114301515,0.00011484928112942169,0.00015102423411965016,0.00011645510534749864,0,22,9.9999999999999998e-13
53,4,"DenseLayer( 7202,128 )","weights",15.86708877936379,0.0018030694155272246,0.00011363582605217164,0.00011484040721786204,0.00015101329858590291,0.00011644552217589467,0,22,9.9999999999999998e-13
53,4,"DenseLayer( 7202,128 )","biases",0.0050373530837903241,2.2365611432828396e-05,0.0044405652446225276,0.0044997143562556822,0.0057442685753239554,0.0046913581882165774,0,22,9.9999999999999998e-13
53,7,"DenseLayer( 128,64 )","all",9.2613187232905059,0.00022699637451763027,2.451017640295945e-05,2.5132953253105198e-05,3.3037702434910648e-05,2.1491168214105844e-05,0,22,9.9999999999999998e-13
53,7,"DenseLayer( 128,64 )","weights",9.261311730859056,0.00022610826605879821,2.4414300322916825e-05,2.5031777201142149e-05,3.2893450051010509e-05,2.1406678843730806e-05,0,22,9.9999999999999998e-13
53,7,"DenseLayer( 128,64 )","biases",0.011380254468742784,1.9987219094256027e-05,0.001757922970781542,0.0018364554775314576,0.0026542844077395394,0.001535058085295655,0,22,9.9999999999999998e-13
53,10,"DenseLayer( 64,1 )","all",1.3467630642995068,2.1209460105623733e-05,1.5748491359890952e-05,1.6280909252530445e-05,2.2567670015777363e-05,1.2981955562470662e-05,0,22,9.9999999999999998e-13
53,10,"DenseLayer( 64,1 )","weights",1.3467629962111982,2.1169707774906785e-05,1.5718974993447399e-05,1.6252692222391857e-05,2.2564697281306458e-05,1.2887021629403066e-05,0,22,9.9999999999999998e-13
53,10,"DenseLayer( 64,1 )","biases",0.00042824081108185715,1.0346782139756463e-06,0.0024183020885336966,0.0030164187135737148,0.0063128326766319293,0.0049079460633525565,0,22,9.9999999999999998e-13
54,0,"Conv2DLayer(1,8,5, stride=5, padding=0)","all",1.3279914971354412,2.1994175267638124e-05,1.656197426028364e-05,1.7086572376988781e-05,2.5458847690926567e-05,2.0507667001141797e-05,0,22,9.9999999999999998e-13
54,0,"Conv2DLayer(1,8,5, stride=5, padding=0)","weights",1.3279890670988164,2.1560606010811838e-05,1.6235519197495834e-05,1.6766175639566955e-05,2.5033959304125678e-05,2.0177524079729168e-05,0,22,9.9999999999999998e-13
54,0,"Conv2DLayer(1,8,5, stride=5, padding=0)","biases",0.0025404943960571904,4.289972525245669e-06,0.0016883218240891025,0.001721008473610982,0.0024166400503774148,0.0019154734134802075,0,22,9.9999999999999998e-13
54,4,"DenseLayer( 7202,128 )","all",15.867133603095882,0.0018771423405632907,0.00011830382322598178,0.00011919848305410235,0.00014003198384478997,0.00010085823549304844,0,22,9.9999999999999998e-13
54,4,"DenseLayer( 7202,128 )","weights",15.867132794912937,0.0018770133373544849,0.00011829569903397286,0.00011919025063705006,0.00014002143881725496,0.00010085263142332113,0,22,9.9999999999999998e-13
54,4,"DenseLayer( 7202,128 )","biases",0.0050642928962280481,2.1987940957052491e-05,0.0043422146789970093,0.0043916486959457244,0.0053904924630402877,0.0033291613949928862,0,22,9.9999999999999998e-13
54,7,"DenseLayer( 128,64 )","all",9.2614527191171607,0.00021170822757004464,2.2859067920871004e-05,2.3051090356787997e-05,2.7347912008486564e-05,2.6195130917573263e-05,0,22,9.9999999999999998e-13
54,7,"DenseLayer( 128,64 )","weights",9.2614454511668232,0.0002107684385015471,2.2757612613590616e-05,2.294819317358856e-05,2.7180807480039072e-05,2.6127595578480887e-05,0,22,9.9999999999999998e-13
54,7,"DenseLayer( 128,64 )","biases",0.01160249424292795,1.9773215544125959e-05,0.001703780777257996,0.0017357687422418506,0.0024057087791206255,0.0014834711955960362,0,22,9.9999999999999998e-13
54,10,"DenseLayer( 64,1 )","all",1.3467553026299643,1.9701378328861803e-05,1.4628768444525038e-05,1.4702294545156431e-05,1.7800336780683974e-05,1.5699554776622861e-05,0,22,9.9999999999999998e-13
54,10,"DenseLayer( 64,1 )","weights",1.3467552363645561,1.9620915329639143e-05,1.456902333086493e-05,1.4639991870480316e-05,1.767349400820016e-05,1.5681975646187908e-05,0,22,9.9999999999999998e-13
54,10,"DenseLayer( 64,1 )","biases",0.00042242623087738389,1.602800859307701e-06,0.0037931041530053656,0.0043074009315306194,0.0067836887941386563,0.002319383829783099,0,22,9.9999999999999998e-13
55,0,"Conv2DLayer(1,8,5, stride=5, padding=0)","all",1.3279890050849994,2.23569726778147e-05,1.6835189276874214e-05,1.7932469639850864e-05,3.0161601803763047e-05,1.6363547123981282e-05,0,22,9.9999999999999998e-13
55,0,"Conv2DLayer(1,8,5, stride=5, padding=0)","weights",1.3279865743400434,2.2074292709876125e-05,1.6622356807689563e-05,1.7715163748022844e-05,2.9782296787934185e-05,1.6279048647904018e-05,0,22,9.9999999999999998e-13
55,0,"Conv2DLayer(1,8,5, stride=5, padding=0)","biases",0.0025408653192820793,3.5033498819064303e-06,0.0013788284761949777,0.001454805940091926,0.0024927120709444923,0.00086699114614370522,0,22,9.9999999999999998e-13
55,4,"DenseLayer( 7202,128 )","all",15.867202035672447,0.0013836938608003677,8.7204641792154198e-05,8.8430862291056177e-05,0.00012278643345936204,0.0001082677833233992,0,22,9.9999999999999998e-13
55,4,"DenseLayer( 7202,128 )","weights",15.867201230720013,0.0013836044778866938,8.719901303050112e-05,8.8425058139349273e-05,0.00012277668943003236,0.00010826070051952465,0,22,9.9999999999999998e-13
55,4,"DenseLayer( 7202,128 )","biases",0.0050541724493157929,1.5696841609029056e-05,0.0031052776879185026,0.0031810303875272621,0.0048504897688012652,0.0038867264159528937,0,22,9.9999999999999998e-13
55,7,"DenseLayer( 128,64 )","all",9.2615876742919152,0.00018012836663257138,1.944895947158041e-05,1.9811873269664904e-05,2.7905787882819145e-05,2.7905787882819145e-05,0,22,9.9999999999999998e-13
55,7,"DenseLayer( 128,64 )","weights",9.2615801234298676,0.00017953163045774875,1.9384544059368147e-05,1.9745547976099899e-05,2.7785126423241178e-05,2.7785126423241178e-05,0,22,9.9999999999999998e-13
55,7,"DenseLayer( 128,64 )","biases",0.011826347841150381,1.4614661900956519e-05,0.001234673548839458,0.0012662767500118092,0.0020115579180359075,0.0020115579180359075,0,22,9.9999999999999998e-13
55,10,"DenseLayer( 64,1 )","all",1.346752076963911,1.5595073543750112e-05,1.1579747488653686e-05,1.1880219115251737e-05,1.8303616581047125e-05,1.8303616581047125e-05,0,22,9.9999999999999998e-13
55,10,"DenseLayer( 64,1 )","weights",1.3467520097835921,1.5557235767035266e-05,1.155165272469164e-05,1.1847830477264089e-05,1.8120702629960568e-05,1.8120702629960568e-05,0,22,9.9999999999999998e-13
55,10,"DenseLayer( 64,1 )","biases",0.0004253746618897739,8.6600564166226168e-07,0.0020358719812725761,0.0027731648456548377,0.0081340914274219064,0.0081340914274219064,0,22,9.9999999999999998e-13
56,0,"Conv2DLayer(1,8,5, stride=5, padding=0)","all",1.327986452708857,2.072505377190655e-05,1.5606376437445596e-05,1.6726481019146951e-05,3.0543414922724395e-05,9.5927332293464075e-06,0,22,9.9999999999999998e-13
56,0,"Conv2DLayer(1,8,5, stride=5, padding=0)","weights",1.3279840208152234,2.0412584418230711e-05,1.5371109018624066e-05,1.6481040536463163e-05,3.0108796285516905e-05,9.3235918818908928e-06,0,22,9.9999999999999998e-13
56,0,"Conv2DLayer(1,8,5, stride=5, padding=0)","biases",0.0025414587493035202,3.5474232423217166e-06,0.0013953415207577017,0.0014906878851745353,0.0026766418577446158,0.0011822611231829597,0,22,9.9999999999999998e-13
56,4,"DenseLayer( 7202,128 )","all",15.867293986536501,0.0015120744030965988,9.5295045262999215e-05,9.597556162172611e-05,0.00011639268989653409,9.1468986855251501e-05,0,22,9.9999999999999998e-13
56,4,"DenseLayer( 7202,128 )","weights",15.867293185362927,0.0015119663552730131,9.5288240608002231e-05,9.5968678015913257e-05,0.00011638324467176152,9.1463121115212913e-05,0,22,9.9999999999999998e-13
56,4,"DenseLayer( 7202,128 )","biases",0.0050422913518794413,1.8058292466457335e-05,0.0035806597502252287,0.0036170214850575907,0.0046567956579464187,0.0032676985517857571,0,22,9.9999999999999998e-13
56,7,"DenseLayer( 128,64 )","all",9.261757448643797,0.00018536830890993538,2.00143828988501e-05,2.0172764652017092e-05,2.7078675793012696e-05,2.2442095661738069e-05,0,22,9.9999999999999998e-13
56,7,"DenseLayer( 128,64 )","weights",9.2617496386261262,0.00018468010319138553,1.9940093502309765e-05,2.0097528643734993e-05,2.6958822409473769e-05,2.2360191026582433e-05,0,22,9.9999999999999998e-13
56,7,"DenseLayer( 128,64 )","biases",0.012027733281218655,1.5924252010784032e-05,0.0013244377822580859,0.0013415014569988521,0.0019728510542260194,0.0014642188919285594,0,22,9.9999999999999998e-13
56,10,"DenseLayer( 64,1 )","all",1.3467674230152449,1.6858628372235315e-05,1.2517842316624467e-05,1.2627057976737719e-05,1.8002498564731649e-05,1.3096944923218477e-05,0,22,9.9999999999999998e-13
56,10,"DenseLayer( 64,1 )","weights",1.3467673507874429,1.6762576631909525e-05,1.2446523095555365e-05,1.2553364921005894e-05,1.7818561689675655e-05,1.3041011460452607e-05,0,22,9.9999999999999998e-13
56,10,"DenseLayer( 64,1 )","biases",0.00044105556894051421,1.6103652094236829e-06,0.0036579504525363765,0.0041770658626521752,0.008023743612540905,0.0036310909698222672,0,22,9.9999999999999998e-13
57,0,"Conv2DLayer(1,8,5, stride=5, padding=0)","all",1.3279649907728446,2.0612889333802939e-05,1.5522157431115695e-05,1.6452184146830056e-05,2.7861347257539821e-05,2.2038165885652292e-05,0,22,9.9999999999999998e-13
57,0,"Conv2DLayer(1,8,5, stride=5, padding=0)","weights",1.3279625289411405,2.0183386062935814e-05,1.5198755771639271e-05,1.6136316165251002e-05,2.7443261267707215e-05,2.1650080316644975e-05,0,22,9.9999999999999998e-13
57,0,"Conv2DLayer(1,8,5, stride=5, padding=0)","biases",0.0025570046902319895,4.1335129596129609e-06,0.0016175314897187087,0.0016683105009741108,0.002516926067092114,0.0021249998209701827,0,22,9.9999999999999998e-13
57,4,"DenseLayer( 7202,128 )","all",15.867357175084134,0.0015900961357885623,0.00010021174622509754,0.00010099481246447581,0.00013305039408254802,0.00013305039408254802,0,22,9.9999999999999998e-13
57,4,"DenseLayer( 7202,128 )","weights",15.867356365929627,0.0015899813120253414,0.0001002045148672562,0.00010098746527480257,0.00013304042087724691,0.00013304042087724691,0,22,9.9999999999999998e-13
57,4,"DenseLayer( 7202,128 )","biases",0.0050673098158817535,1.9088998384886382e-05,0.0037648756380142651,0.0038112861895597348,0.0050533899199253912,0.0050533899199253912,0,22,9.9999999999999998e-13
57,7,"DenseLayer( 128,64 )","all",9.2618898134424601,0.00019894623979972194,2.1480087873321833e-05,2.1626885480598624e-05,2.6854800761047779e-05,2.3325637212573781e-05,0,22,9.9999999999999998e-13
57,7,"DenseLayer( 128,64 )","weights",9.2618817051073616,0.00019814127220427094,2.1393194846619016e-05,2.1538997838809186e-05,2.6746157170109363e-05,2.3189217319680556e-05,0,22,9.9999999999999998e-13
57,7,"DenseLayer( 128,64 )","biases",0.012255190271245719,1.7838668413458698e-05,0.0014549180532057431,0.0014708279139020578,0.0018827464102699257,0.0018827464102699257,0,22,9.9999999999999998e-13
57,10,"DenseLayer( 64,1 )","all",1.3467547577048897,1.7095822668594632e-05,1.2694093517094358e-05,1.2749998602230576e-05,1.5390413557634196e-05,1.4745304251625228e-05,0,22,9.9999999999999998e-13
57,10,"DenseLayer( 64,1 )","weights",1.3467546815541342,1.7042204553196247e-05,1.2654281708279868e-05,1.2710013410783564e-05,1.5368703287811749e-05,1.4543049473985716e-05,0,22,9.9999999999999998e-13
57,10,"DenseLayer( 64,1 )","biases",0.00045287317268296397,1.1594780847768893e-06,0.0025490847379511595,0.0029745484045833551,0.0070738378102839497,0.0070738378102839497,0,22,9.9999999999999998e-13
58,0,"Conv2DLayer(1,8,5, stride=5, padding=0)","all",1.3279548108679691,1.8550822278793565e-05,1.3969472722051973e-05,1.4308469566757403e-05,1.9542429247168351e-05,1.2972816347146764e-05,0,22,9.9999999999999998e-13
58,0,"Conv2DLayer(1,8,5, stride=5, padding=0)","weights",1.3279522884627204,1.8066286418017721e-05,1.3604625183464079e-05,1.395241632519968e-05,1.8947716969974547e-05,1.2789385818745037e-05,0,22,9.9999999999999998e-13
58,0,"Conv2DLayer(1,8,5, stride=5, padding=0)","biases",0.0025882897769775532,4.0756121535738859e-06,0.0015749385065642013,0.0016281522712151607,0.0024561352302199658,0.0011117172290729192,0,22,9.9999999999999998e-13
58,4,"DenseLayer( 7202,128 )","all",15.867542541533069,0.0016805750925402317,0.00010591275283261406,0.00010718644412592413,0.00014505732314533458,0.00010600874207661898,0,22,9.9999999999999998e-13
58,4,"DenseLayer( 7202,128 )","weights",15.867541714266428,0.0016804605858376264,0.00010590554194488057,0.00010717912259060315,0.0001450469945263327,0.00010600056192877689,0,22,9.9999999999999998e-13
58,4,"DenseLayer( 7202,128 )","biases",0.0051238021255936858,1.9599489539935014e-05,0.0038250494975581983,0.0038808916988715592,0.0053623437439539292,0.0040725352879670334,0,22,9.9999999999999998e-13
58,7,"DenseLayer( 128,64 )","all",9.2620462525718832,0.00020128271129396665,2.1731993652327932e-05,2.1957260781021526e-05,2.9317033436812344e-05,2.2187068073706204e-05,0,22,9.9999999999999998e-13
58,7,"DenseLayer( 128,64 )","weights",9.2620377850360125,0.00020040211912263206,2.1636938078699095e-05,2.1859290989282087e-05,2.9135939184284574e-05,2.2070176219721029e-05,0,22,9.9999999999999998e-13
58,7,"DenseLayer( 128,64 )","biases",0.012523905453978555,1.8730654881332883e-05,0.0014958274612681074,0.0015328567632454907,0.0024086570574620931,0.00166776300340641,0,22,9.9999999999999998e-13
58,10,"DenseLayer( 64,1 )","all",1.3467623465564702,1.7131475463548527e-05,1.2720488480589213e-05,1.2899529126008518e-05,1.8048844389099597e-05,1.1340063025871577e-05,0,22,9.9999999999999998e-13
58,10,"DenseLayer( 64,1 )","weights",1.3467622678630475,1.6993457900823353e-05,1.2618008136684674e-05,1.2791822044968863e-05,1.7778386692511421e-05,1.116854101649213e-05,0,22,9.9999999999999998e-13
58,10,"DenseLayer( 64,1 )","biases",0.00046033170788591218,2.0272405394776301e-06,0.0044079182722087766,0.0048704334710229346,0.0091214281213796797,0.005701062022899806,0,22,9.9999999999999998e-13
59,0,"Conv2DLayer(1,8,5, stride=5, padding=0)","all",1.327954212596008,1.7526690845477871e-05,1.3198262787844514e-05,1.3881959393466733e-05,2.0209933183884315e-05,1.1346937289838707e-05,0,22,9.9999999999999998e-13
59,0,"Conv2DLayer(1,8,5, stride=5, padding=0)","weights",1.3279516486206968,1.7251681536258599e-05,1.2991195173441017e-05,1.3678383981040886e-05,1.9912840822579607e-05,1.1123616155775402e-05,0,22,9.9999999999999998e-13
59,0,"Conv2DLayer(1,8,5, stride=5, padding=0)","biases",0.0026095261890542532,3.0413535707078546e-06,0.0011659454556329008,0.0012064323866076082,0.0017608203889532752,0.001135326727451235,0,22,9.9999999999999998e-13
59,4,"DenseLayer( 7202,128 )","all",15.867711690006869,0.0016302050926296952,0.00010273725479291331,0.00010314283761926054,0.00012477210417868395,0.00012477210417868395,0,22,9.9999999999999998e-13
59,4,"DenseLayer( 7202,128 )","weights",15.867710857164532,0.0016300822701922411,0.00010272951978416975,0.00010313506030908126,0.00012476236707392011,0.00012476236707392011,0,22,9.9999999999999998e-13
59,4,"DenseLayer( 7202,128 )","biases",0.0051410659623968135,2.0005168955087557e-05,0.0038913429422698207,0.0039108649967064786,0.0048133624124895493,0.0048133624124895493,0,22,9.9999999999999998e-13
59,7,"DenseLayer( 128,64 )","all",9.2622000236141666,0.00021598801563925277,2.3319307977592815e-05,2.3498127863248958e-05,2.7396999050005863e-05,2.3478114333876728e-05,0,22,9.9999999999999998e-13
59,7,"DenseLayer( 128,64 )","weights",9.2621912176369197,0.00021531124558798624,2.3246262087977247e-05,2.3424848646807472e-05,2.7329352899691222e-05,2.3380430434953244e-05,0,22,9.9999999999999998e-13
59,7,"DenseLayer( 128,64 )","biases",0.012771867558286167,1.7024696338923861e-05,0.0013334578832599785,0.0013458565456013964,0.0016317810611320787,0.0015381107576126895,0,22,9.9999999999999998e-13
59,10,"DenseLayer( 64,1 )","all",1.3467870116663347,1.705193800255729e-05,1.2661197829208503e-05,1.2704803128544074e-05,1.4722887028394318e-05,1.4722887028394318e-05,0,22,9.9999999999999998e-13
59,10,"DenseLayer( 64,1 )","weights",1.346786931393835,1.700169511001825e-05,1.2623892967960795e-05,1.266685914530772e-05,1.4676604253017598e-05,1.4676604253017598e-05,0,22,9.9999999999999998e-13
59,10,"DenseLayer( 64,1 )","biases",0.00046496357191989029,1.1215597623959184e-06,0.0024121212556596629,0.0028418459054221977,0.0057249589154272943,0.0034085573353694592,0,22,9.9999999999999998e-13
60,0,"Conv2DLayer(1,8,5, stride=5, padding=0)","all",1.3279464229910884,1.5769398107271298e-05,1.1875039140878437e-05,1.3076226314589097e-05,2.6964382169247696e-05,1.4635483055883381e-05,0,22,9.9999999999999998e-13
60,0,"Conv2DLayer(1,8,5, stride=5, padding=0)","weights",1.3279438268299899,1.5492448265561962e-05,1.1666506842235911e-05,1.2885092492520497e-05,2.6703800433165097e-05,1.4404161084141427e-05,0,22,9.9999999999999998e-13
60,0,"Conv2DLayer(1,8,5, stride=5, padding=0)","biases",0.0026258493007997731,2.8452778627195609e-06,0.0010832696253089073,0.0011260219883924649,0.0018897882264554485,0.001303684209891829,0,22,9.9999999999999998e-13
60,4,"DenseLayer( 7202,128 )","all",15.867840772962532,0.0015863824576928798,9.9974697902953366e-05,0.00010110209462796895,0.0001344669526552267,0.00011220295231998321,0,22,9.9999999999999998e-13
60,4,"DenseLayer( 7202,128 )","weights",15.867839931208454,0.0015862671883536048,9.9967438867405633e-05,0.00010109465675888212,0.00013445500160136359,0.0001121946141618508,0,22,9.9999999999999998e-13
60,4,"DenseLayer( 7202,128 )","biases",0.0051685168077969497,1.9095748352339864e-05,0.0036951484296003714,0.0037673214806360719,0.0054993748786766041,0.0042024717279335851,0,22,9.9999999999999998e-13
60,7,"DenseLayer( 128,64 )","all",9.2623275685564082,0.00020328185832143341,2.1947169431159151e-05,2.203554105586276e-05,2.4501605862787678e-05,2.3225677545888212e-05,0,22,9.9999999999999998e-13
60,7,"DenseLayer( 128,64 )","weights",9.2623184344896785,0.0002027224254650283,2.1886792247014777e-05,2.197474540957516e-05,2.4454316331310952e-05,2.3155961700322727e-05,0,22,9.9999999999999998e-13
60,7,"DenseLayer( 128,64 )","biases",0.01300775216644044,1.4986027037967278e-05,0.001152601639503092,0.0011660179478799673,0.0015354055435396463,0.0012711804860858641,0,22,9.9999999999999998e-13
60,10,"DenseLayer( 64,1 )","all",1.3467985823732465,1.4642675982261149e-05,1.0872206969197963e-05,1.0958273986479728e-05,1.3548424984547445e-05,1.1170033098748736e-05,0,22,9.9999999999999998e-13
60,10,"DenseLayer( 64,1 )","weights",1.3467985001958129,1.4595207025550013e-05,1.0836961974420812e-05,1.0919723676846916e-05,1.3488201973773874e-05,1.1161242141271905e-05,0,22,9.9999999999999998e-13
60,10,"DenseLayer( 64,1 )","biases",0.000470468057425354,9.8468047905374667e-07,0.0020962984271573259,0.002637929667744906,0.0060879930508284498,0.0012737829452490767,0,22,9.9999999999999998e-13
61,0,"Conv2DLayer(1,8,5, stride=5, padding=0)","all",1.3279460038780881,2.0236103119275692e-05,1.5238648136078196e-05,1.5656720848794132e-05,2.1208178114010223e-05,9.7885241586031367e-06,0,22,9.9999999999999998e-13
61,0,"Conv2DLayer(1,8,5, stride=5, padding=0)","weights",1.3279433498683693,1.9917779926142138e-05,1.4998967173515351e-05,1.5420090771587219e-05,2.0962518587199848e-05,9.6544691217551135e-06,0,22,9.9999999999999998e-13
61,0,"Conv2DLayer(1,8,5, stride=5, padding=0)","biases",0.0026549415873516006,3.5409093033862303e-06,0.0013338204227841032,0.0013566655768018662,0.0016733511842351809,0.00080701445121305758,0,22,9.9999999999999998e-13
61,4,"DenseLayer( 7202,128 )","all",15.867939009088843,0.0018031601555760692,0.00011363544379215377,0.00011413509018191715,0.00013329703706939803,0.00011051989478935965,0,22,9.9999999999999998e-13
61,4,"DenseLayer( 7202,128 )","weights",15.867938172712725,0.0018030372654788171,0.00011362770522850292,0.00011412732958507742,0.00013328810985238109,0.00011051319820779423,0,22,9.9999999999999998e-13
61,4,"DenseLayer( 7202,128 )","biases",0.005151996638002543,2.1024863370023935e-05,0.00408072789231732,0.0041005176380637526,0.0047441860265258857,0.003756789509999425,0,22,9.9999999999999998e-13
61,7,"DenseLayer( 128,64 )","all",9.2624501906110872,0.00020556534010786275,2.2193425816792579e-05,2.2675952087026564e-05,2.9401792727829586e-05,2.1589082126139601e-05,0,22,9.9999999999999998e-13
61,7,"DenseLayer( 128,64 )","weights",9.2624407199706802,0.00020495993061561528,2.2128086674672304e-05,2.2610495080337991e-05,2.9323027971606568e-05,2.1516288491721742e-05,0,22,9.9999999999999998e-13
61,7,"DenseLayer( 128,64 )","biases",0.01324529988517004,1.5731546380245622e-05,0.001188511241831826,0.0012057966061189329,0.0015142685150592121,0.0012305697158020361,0,22,9.9999999999999998e-13
61,10,"DenseLayer( 64,1 )","all",1.3468206266641738,1.5443267932533203e-05,1.1466471738045409e-05,1.1584354915176692e-05,1.4367258051690523e-05,1.2233563856366066e-05,0,22,9.9999999999999998e-13
61,10,"DenseLayer( 64,1 )","weights",1.3468205445649426,1.5435078437216609e-05,1.146039185246522e-05,1.1578729804175668e-05,1.436600150118317e-05,1.2231409438756926e-05,0,22,9.9999999999999998e-13
61,10,"DenseLayer( 64,1 )","biases",0.00047025880749887705,4.0326135190711781e-07,0.0008573513979492596,0.0010337079247183395,0.0019537563195793244,0.00065496510828405119,0,22,9.9999999999999998e-13
62,0,"Conv2DLayer(1,8,5, stride=5, padding=0)","all",1.327942001663776,1.8791297355581049e-05,1.4150687848348235e-05,1.4932247968349888e-05,2.3553478801714022e-05,2.2897908229606764e-05,0,22,9.9999999999999998e-13
62,0,"Conv2DLayer(1,8,5, stride=5, padding=0)","weights",1.327939341396382,1.8388043750552867e-05,1.3847047300422563e-05,1.4629296499526044e-05,2.3216358250648981e-05,2.2187621684442102e-05,0,22,9.9999999999999998e-13
62,0,"Conv2DLayer(1,8,5, stride=5, padding=0)","biases",0.0026580724215781205,3.7865246016711955e-06,0.0014247908818572073,0.0014957184376986276,0.0028333870670409537,0.0028333870670409537,0,22,9.9999999999999998e-13
62,4,"DenseLayer( 7202,128 )","all",15.868018947759799,0.0016299844655487531,0.00010272135707912107,0.00010330785350753104,0.00014136033694221525,0.00014136033694221525,0,22,9.9999999999999998e-13
62,4,"DenseLayer( 7202,128 )","weights",15.868018107098836,0.0016298680952008355,0.00010271402888089547,0.00010330045784939664,0.00014134972130097907,0.00014134972130097907,0,22,9.9999999999999998e-13
62,4,"DenseLayer( 7202,128 )","biases",0.0051651782943974694,1.9466173817238441e-05,0.0037686220420506665,0.0037985868414997814,0.0053061514712519934,0.0053061514712519934,0,22,9.9999999999999998e-13
62,7,"DenseLayer( 128,64 )","all",9.2625851020233139,0.00019304927354584821,2.0841841255807243e-05,2.0980793739887377e-05,2.4538243632164835e-05,2.1833940156287442e-05,0,22,9.9999999999999998e-13
62,7,"DenseLayer( 128,64 )","weights",9.2625753250393625,0.00019238350412878398,2.0769985882020248e-05,2.0908590140316054e-05,2.44576967831308e-05,2.1736547148210914e-05,0,22,9.9999999999999998e-13
62,7,"DenseLayer( 128,64 )","biases",0.013457948003664261,1.5973031653910969e-05,0.0011870837208302321,0.0011975472540546391,0.0014593784888855689,0.0014065847633525168,0,22,9.9999999999999998e-13
62,10,"DenseLayer( 64,1 )","all",1.3468344492651094,1.5311834651970717e-05,1.1368764164901719e-05,1.1475324096602679e-05,1.4054896718482405e-05,1.1513295545146065e-05,0,22,9.9999999999999998e-13
62,10,"DenseLayer( 64,1 )","weights",1.3468343665152447,1.5287417724969989e-05,1.1350635777859353e-05,1.1456719357331503e-05,1.4052778482163456e-05,1.1508269896230852e-05,0,22,9.9999999999999998e-13
62,10,"DenseLayer( 64,1 )","biases",0.00047212058482479983,7.1377937935970048e-07,0.0015123287002506379,0.0018643135756935523,0.0042939142747974272,0.00096847473841738484,0,22,9.9999999999999998e-13
63,0,"Conv2DLayer(1,8,5, stride=5, padding=0)","all",1.3279297557960195,2.2432549331778241e-05,1.6892874794483339e-05,1.7956795907299328e-05,3.053450232723395e-05,1.5286137915070347e-05,0,22,9.9999999999999998e-13
63,0,"Conv2DLayer(1,8,5, stride=5, padding=0)","weights",1.327927152771867,2.1994860238063881e-05,1.6563304868874243e-05,1.7614517229478707e-05,2.9826774444877248e-05,1.5088430819489487e-05,0,22,9.9999999999999998e-13
63,0,"Conv2DLayer(1,8,5, stride=5, padding=0)","biases",0.0026293002644487036,4.1853820247244484e-06,0.0015902120368237289,0.0017584464478793481,0.0032840877082450045,0.0012378652248321454,0,22,9.9999999999999998e-13
63,4,"DenseLayer( 7202,128 )","all",15.868056542918627,0.0018373299455845867,0.00011578798153637527,0.00011645604321555024,0.00014220411775564776,0.00011395275112405629,0,22,9.9999999999999998e-13
63,4,"DenseLayer( 7202,128 )","weights",15.868055688995572,0.0018372023413915312,0.00011577994618455926,0.00011644796442607929,0.00014219482451127813,0.00011394515594415992,0,22,9.9999999999999998e-13
63,4,"DenseLayer( 7202,128 )","biases",0.0052057188570116143,2.1649110303157435e-05,0.0041603200429476796,0.0041860171233624515,0.0050173991089127665,0.0039810140546468684,0,22,9.9999999999999998e-13
63,7,"DenseLayer( 128,64 )","all",9.262720694847328,0.00018678958266501731,2.0165745685163764e-05,2.0400219464393711e-05,2.4463825327521884e-05,2.0302851020355399e-05,0,22,9.9999999999999998e-13
63,7,"DenseLayer( 128,64 )","weights",9.2627105819851749,0.00018601306589297278,2.0081935056598386e-05,2.0314179974486146e-05,2.4360843663768038e-05,2.0233310249258241e-05,0,22,9.9999999999999998e-13
63,7,"DenseLayer( 128,64 )","biases",0.013687297490528369,1.6964700695646242e-05,0.0012400872276332252,0.0012678795086155819,0.0015243379536234013,0.0011310163936078103,0,22,9.9999999999999998e-13
63,10,"DenseLayer( 64,1 )","all",1.3468466477253542,1.620830507607625e-05,1.2034265721587727e-05,1.2147388915009305e-05,1.4164283896253245e-05,1.2140682353826223e-05,0,22,9.9999999999999998e-13
63,10,"DenseLayer( 64,1 )","weights",1.3468465633918081,1.6129486007141484e-05,1.1975745498508804e-05,1.2084452687814263e-05,1.4015615347429999e-05,1.2057850496795954e-05,0,22,9.9999999999999998e-13
63,10,"DenseLayer( 64,1 )","biases",0.00047655024602797562,1.37335155159235e-06,0.0028865237586119894,0.0034947965763719633,0.0063597261856794948,0.003910957108826241,0,22,9.9999999999999998e-13
64,0,"Conv2DLayer(1,8,5, stride=5, padding=0)","all",1.3279211072763502,1.6095395386893999e-05,1.2120759111659414e-05,1.2985011219479835e-05,2.0630389660577392e-05,1.7964305657556421e-05,0,22,9.9999999999999998e-13
64,0,"Conv2DLayer(1,8,5, stride=5, padding=0)","weights",1.3279185177343888,1.5833911137885289e-05,1.1923869654061879e-05,1.2783376843654077e-05,2.0282910844106715e-05,1.767582177013362e-05,0,22,9.9999999999999998e-13
64,0,"Conv2DLayer(1,8,5, stride=5, padding=0)","biases",0.002622480918350629,2.8321741857389719e-06,0.001079892476222646,0.0011541528220307764,0.0019098657664132447,0.0016223572998626779,0,22,9.9999999999999998e-13
64,4,"DenseLayer( 7202,128 )","all",15.868184713941462,0.0014738351935345022,9.2879905373315438e-05,9.3762989956586203e-05,0.00012101186746768086,0.000112018897314598,0,22,9.9999999999999998e-13
64,4,"DenseLayer( 7202,128 )","weights",15.868183847539285,0.0014737398045719611,9.287389910885203e-05,9.3756896878980278e-05,0.00012100341135145962,0.00011201162671187025,0,22,9.9999999999999998e-13
64,4,"DenseLayer( 7202,128 )","biases",0.0052437059912720276,1.6758226656403211e-05,0.0031958898084864973,0.0032360532720991033,0.0043296746456762489,0.0038677274836705034,0,22,9.9999999999999998e-13
64,7,"DenseLayer( 128,64 )","all",9.2628624979357514,0.00020682524269571167,2.2328443047906034e-05,2.248055087236715e-05,2.7602919997015785e-05,2.6720743561737137e-05,0,22,9.9999999999999998e-13
64,7,"DenseLayer( 128,64 )","weights",9.2628521152614542,0.00020620424716403057,2.2261426534770813e-05,2.2412671938482718e-05,2.7516534049166379e-05,2.6613520492554483e-05,0,22,9.9999999999999998e-13
64,7,"DenseLayer( 128,64 )","biases",0.0138687379896563,1.5956876535589657e-05,0.001150864166245076,0.0011666774805673932,0.0015844016475068026,0.0015844016475068026,0,22,9.9999999999999998e-13
64,10,"DenseLayer( 64,1 )","all",1.3468655751820717,1.7237416168193041e-05,1.2798184501160018e-05,1.2935328661534864e-05,1.7648405760125699e-05,1.4940828018458111e-05,0,22,9.9999999999999998e-13
64,10,"DenseLayer( 64,1 )","weights",1.3468654906379822,1.719116843231959e-05,1.2763847782545283e-05,1.28990892909489e-05,1.7629788793746866e-05,1.4827254163139796e-05,0,22,9.9999999999999998e-13
64,10,"DenseLayer( 64,1 )","biases",0.00047720959859857845,1.0086898162791675e-06,0.0021072763243971454,0.0027157062507819365,0.0063483621081165172,0.0052210588577089202,0,22,9.9999999999999998e-13
65,0,"Conv2DLayer(1,8,5, stride=5, padding=0)","all",1.3279362597138065,2.0010365148539867e-05,1.5068769518149028e-05,1.587927381411137e-05,2.4207264539685832e-05,1.4912469382173963e-05,0,22,9.9999999999999998e-13
65,0,"Conv2DLayer(1,8,5, stride=5, padding=0)","weights",1.3279336391704541,1.9607456086895936e-05,1.4765388337219195e-05,1.5583802077161276e-05,2.38227734209338e-05,1.4669469577580165e-05,0,22,9.9999999999999998e-13
65,0,"Conv2DLayer(1,8,5, stride=5, padding=0)","biases",0.0026381407094354836,3.9277589055059525e-06,0.001489285586137019,0.0015357878361205609,0.0022361198667551247,0.0013434283815084434,0,22,9.9999999999999998e-13
65,4,"DenseLayer( 7202,128 )","all",15.868341574309888,0.0015052721484367093,9.4860081845290605e-05,9.5424288205051119e-05,0.00011681900710676065,0.00011015112771356274,0,22,9.9999999999999998e-13
65,4,"DenseLayer( 7202,128 )","weights",15.868340708065984,0.0015051767014207229,9.4854072090071959e-05,9.5418239750375287e-05,0.00011681076650123095,0.00011014549472330278,0,22,9.9999999999999998e-13
65,4,"DenseLayer( 7202,128 )","biases",0.0052432515162429746,1.6937483683437775e-05,0.0032302784044020956,0.0032528271034152011,0.0041976336925240269,0.0033765557232424978,0,22,9.9999999999999998e-13
65,7,"DenseLayer( 128,64 )","all",9.2630468122786809,0.00019935128124689996,2.1521148635981056e-05,2.1807375369810315e-05,2.7621042545145794e-05,1.9846295482911623e-05,0,22,9.9999999999999998e-13
65,7,"DenseLayer( 128,64 )","weights",9.2630360313805902,0.00019862185674723404,2.1442427892448503e-05,2.172819049606392e-05,2.752384736282488e-05,1.9783996490669613e-05,0,22,9.9999999999999998e-13
65,7,"DenseLayer( 128,64 )","biases",0.014132320804446782,1.7007603561769989e-05,0.001204185506256307,0.0012186329807389751,0.0015307997372974971,0.0010218593810228408,0,22,9.9999999999999998e-13
65,10,"DenseLayer( 64,1 )","all",1.3469140074750663,1.7638763775675222e-05,1.3095688008080663e-05,1.3236777971558985e-05,1.6127528825009726e-05,1.1394118731836306e-05,0,22,9.9999999999999998e-13
65,10,"DenseLayer( 64,1 )","weights",1.3469139238652128,1.7594384515393458e-05,1.3062740033997399e-05,1.3203539746243679e-05,1.6024332862187891e-05,1.1363012504614824e-05,0,22,9.9999999999999998e-13
65,10,"DenseLayer( 64,1 )","biases",0.00047456241736654192,1.157778156497939e-06,0.0024399703104151923,0.0026610429972723313,0.0051730886968002774,0.0023913411562169495,0,22,9.9999999999999998e-13
66,0,"Conv2DLayer(1,8,5, stride=5, padding=0)","all",1.3279178486832879,1.6712971697299374e-05,1.2585847232446567e-05,1.3205135552081695e-05,2.0976463419837881e-05,1.5787280633835529e-05,0,22,9.9999999999999998e-13
66,0,"Conv2DLayer(1,8,5, stride=5, padding=0)","weights",1.3279152005930419,1.6230802385788297e-05,1.2222769840619303e-05,1.2851892175791279e-05,2.0561551702443179e-05,1.5383338591442337e-05,0,22,9.9999999999999998e-13
66,0,"Conv2DLayer(1,8,5, stride=5, padding=0)","biases",0.0026519584083294569,3.9084626383336007e-06,0.001473837152008477,0.0015192683779750281,0.0020787479789044837,0.0017758657489253947,0,22,9.9999999999999998e-13
66,4,"DenseLayer( 7202,128 )","all",15.86837355399182,0.0014513707111766189,9.1463108663180845e-05,9.1822701436310446e-05,0.00010987453779576757,0.00010668722336547838,0,22,9.9999999999999998e-13
66,4,"DenseLayer( 7202,128 )","weights",15.868372687431156,0.0014512771286886571,9.1457216235819928e-05,9.1816809692027852e-05,0.00010986879417255401,0.00010668087499266829,0,22,9.9999999999999998e-13
66,4,"DenseLayer( 7202,128 )","biases",0.0052442152136128305,1.6467015386850292e-05,0.0031401263080616504,0.0031489626280365914,0.0035379921470649564,0.0035211942157407135,0,22,9.9999999999999998e-13
66,7,"DenseLayer( 128,64 )","all",9.26317700478271,0.00019744436995880406,2.1314981468363371e-05,2.1508423386523067e-05,2.6251897110246373e-05,2.3930097757976311e-05,0,22,9.9999999999999998e-13
66,7,"DenseLayer( 128,64 )","weights",9.2631658259069933,0.00019666363509659695,2.123072323957717e-05,2.1422682970174436e-05,2.6162700355236493e-05,2.3855080829427029e-05,0,22,9.9999999999999998e-13
66,7,"DenseLayer( 128,64 )","biases",0.014390907179440963,1.7405877060945036e-05,0.0012105356026801618,0.0012371053038765084,0.0015921917877537875,0.0012107538084525371,0,22,9.9999999999999998e-13
66,10,"DenseLayer( 64,1 )","all",1.3469151961574191,1.7055564486251167e-05,1.266270159008909e-05,1.2909598759586647e-05,1.6333297912688263e-05,1.3503857041824986e-05,0,22,9.9999999999999998e-13
66,10,"DenseLayer( 64,1 )","weights",1.3469151078911601,1.6997057906877349e-05,1.2619264765532573e-05,1.2864725813902213e-05,1.6303976099263137e-05,1.3467226603731454e-05,0,22,9.9999999999999998e-13
66,10,"DenseLayer( 64,1 )","biases",0.00048758674661671233,1.2724578317085451e-06,0.0026198865895122451,0.0029886977089431245,0.0052549419199525776,0.002751189998373843,0,22,9.9999999999999998e-13
67,0,"Conv2DLayer(1,8,5, stride=5, padding=0)","all",1.3279412347764161,2.4902449243764015e-05,1.8752682079349005e-05,1.9530757600882186e-05,2.8172112874150355e-05,2.0340765156060787e-05,0,22,9.9999999999999998e-13
67,0,"Conv2DLayer(1,8,5, stride=5, padding=0)","weights",1.3279385861763793,2.4334716252018028e-05,1.8325190193268983e-05,1.9134779759482806e-05,2.7798136883799394e-05,1.9843117767538098e-05,0,22,9.9999999999999998e-13
67,0,"Conv2DLayer(1,8,5, stride=5, padding=0)","biases",0.00265223325217824,5.1167544823389611e-06,0.0019289767875878521,0.0019587650488097942,0.0024238182029088181,0.0022332406966307527,0,22,9.9999999999999998e-13
67,4,"DenseLayer( 7202,128 )","all",15.868568455281713,0.0015435832603717115,9.7273005374352874e-05,9.762568379137758e-05,0.0001100853379465689,0.0001064745274258177,0,22,9.9999999999999998e-13
67,4,"DenseLayer( 7202,128 )","weights",15.868567582312727,0.0015434818316641973,9.7266618926599615e-05,9.7619263883563548e-05,0.00011007730449075094,0.0001064671844699313,0,22,9.9999999999999998e-13
67,4,"DenseLayer( 7202,128 )","biases",0.0052635978227025763,1.7674931055464758e-05,0.003357901846856044,0.0033765729211567468,0.0040130526997151552,0.0037602181427709054,0,22,9.9999999999999998e-13
67,7,"DenseLayer( 128,64 )","all",9.2633779708306232,0.0002149727800973441,2.3206739525105942e-05,2.3475570236642005e-05,2.9109374994168152e-05,2.374718728049474e-05,0,22,9.9999999999999998e-13
67,7,"DenseLayer( 128,64 )","weights",9.2633664317056112,0.00021418386892333639,2.3121603801838773e-05,2.3389949688155016e-05,2.9000027969780348e-05,2.365775254392807e-05,0,22,9.9999999999999998e-13
67,7,"DenseLayer( 128,64 )","biases",0.014621147070589424,1.8337056409832145e-05,0.0012541897767457766,0.0012694538972239471,0.0016247125394799672,0.00129398478150467,0,22,9.9999999999999998e-13
67,10,"DenseLayer( 64,1 )","all",1.346968724652035,1.8762636346764905e-05,1.3929531132951195e-05,1.4107766226082947e-05,1.7601353384711884e-05,1.4079243578341577e-05,0,22,9.9999999999999998e-13
67,10,"DenseLayer( 64,1 )","weights",1.3469686367747711,1.8708641085241751e-05,1.3889445571695192e-05,1.4068889558330041e-05,1.7587125428741086e-05,1.4065938913853704e-05,0,22,9.9999999999999998e-13
67,10,"DenseLayer( 64,1 )","biases",0.00048653996120926672,1.1856741779907183e-06,0.0024325343084614999,0.0028895708331378813,0.0059376960736191083,0.0017046300902148527,0,22,9.9999999999999998e-13
68,0,"Conv2DLayer(1,8,5, stride=5, padding=0)","all",1.3279379106682181,2.3259403400355369e-05,1.751542646617681e-05,1.832923787296446e-05,3.3999822165925439e-05,2.3407455562900484e-05,0,22,9.9999999999999998e-13
68,0,"Conv2DLayer(1,8,5, stride=5, padding=0)","weights",1.3279352043831627,2.2833564386352604e-05,1.7194784814416175e-05,1.8020981741777496e-05,3.3665767720364573e-05,2.2889521863778683e-05,0,22,9.9999999999999998e-13
68,0,"Conv2DLayer(1,8,5, stride=5, padding=0)","biases",0.0026809454798807542,4.3382255467909106e-06,0.00161788607034802,0.0016575194847407626,0.002412881258886715,0.002412881258886715,0,22,9.9999999999999998e-13
68,4,"DenseLayer( 7202,128 )","all",15.868729268295057,0.0017065959161866537,0.00010754457474026912,0.00010814991755711987,0.00013387085952269999,0.00013387085952269999,0,22,9.9999999999999998e-13
68,4,"DenseLayer( 7202,128 )","weights",15.868728383698153,0.0017064631596565682,0.00010753621481674662,0.00010814147225595905,0.00013385961315852879,0.00013385961315852879,0,22,9.9999999999999998e-13
68,4,"DenseLayer( 7202,128 )","biases",0.0052985499729227602,2.1268940541118343e-05,0.0040134563999063922,0.0040478980324494462,0.0051686152106620387,0.0051686152106620387,0,22,9.9999999999999998e-13
68,7,"DenseLayer( 128,64 )","all",9.2635431497422811,0.0001959885998992857,2.1156972506977257e-05,2.1365138074228174e-05,2.7077928895393043e-05,2.7077928895393043e-05,0,22,9.9999999999999998e-13
68,7,"DenseLayer( 128,64 )","weights",9.2635312284580387,0.00019515795917218008,2.1067331968314695e-05,2.1274113273633454e-05,2.6961171081232746e-05,2.6961171081232746e-05,0,22,9.9999999999999998e-13
68,7,"DenseLayer( 128,64 )","biases",0.014861405837943169,1.7953975741384523e-05,0.0012074000777184148,0.0012268166210405143,0.00155144360505337,0.00155144360505337,0,22,9.9999999999999998e-13
68,10,"DenseLayer( 64,1 )","all",1.3469886456643219,1.6992386570993609e-05,1.261509894173726e-05,1.2709449348750921e-05,1.628830621304481e-05,1.628830621304481e-05,0,22,9.9999999999999998e-13
68,10,"DenseLayer( 64,1 )","weights",1.3469885591071558,1.6939048557700251e-05,1.2575501629927232e-05,1.2669844228752043e-05,1.6241644674653846e-05,1.6241644674653846e-05,0,22,9.9999999999999998e-13
68,10,"DenseLayer( 64,1 )","biases",0.0004828687352445823,1.2019829062575644e-06,0.0024880768613622685,0.0027967283223020003,0.0049964533063736735,0.0033835017884698434,0,22,9.9999999999999998e-13
69,0,"Conv2DLayer(1,8,5, stride=5, padding=0)","all",1.3279337280926511,2.4058748773114786e-05,1.8117430733942728e-05,1.8954325975162165e-05,2.992855245737573e-05,1.3175061765663181e-05,0,22,9.9999999999999998e-13
69,0,"Conv2DLayer(1,8,5, stride=5, padding=0)","weights",1.3279309597470061,2.3610612274486e-05,1.7779998898460641e-05,1.8630566629372583e-05,2.931096401836637e-05,1.2791446928497839e-05,0,22,9.9999999999999998e-13
69,0,"Conv2DLayer(1,8,5, stride=5, padding=0)","biases",0.0027115049208417514,4.4674450998763013e-06,0.0016476323958928253,0.0017086916601509637,0.0029778548730837757,0.0015360105915326603,0,22,9.9999999999999998e-13
69,4,"DenseLayer( 7202,128 )","all",15.868902488725549,0.0019027950698560952,0.00011990716062291574,0.00012076665387775178,0.00016498314770409004,0.00012946614467211623,0,22,9.9999999999999998e-13
69,4,"DenseLayer( 7202,128 )","weights",15.868901586934278,0.0019026489294353657,0.00011989795820264896,0.0001207573449449584,0.00016496904978527689,0.00012945666148198414,0,22,9.9999999999999998e-13
69,4,"DenseLayer( 7202,128 )","biases",0.0053498412323190149,2.3574217051279312e-05,0.0044066374478402507,0.004449651923898193,0.0064192134470443486,0.004642314797824453,0,22,9.9999999999999998e-13
69,7,"DenseLayer( 128,64 )","all",9.2637275863220232,0.00022669741115021892,2.4471498752088972e-05,2.4840814305158123e-05,3.3274211009463178e-05,2.9043650765541677e-05,0,22,9.9999999999999998e-13
69,7,"DenseLayer( 128,64 )","weights",9.2637151925383456,0.00022574466981355168,2.4368685089723142e-05,2.4734336635866641e-05,3.3114308276273685e-05,2.8901600502990314e-05,0,22,9.9999999999999998e-13
69,7,"DenseLayer( 128,64 )","biases",0.015153150677912269,2.0685099795177851e-05,0.0013638986873839463,0.0014024131130105635,0.0019784102406430284,0.0017360438073492845,0,22,9.9999999999999998e-13
69,10,"DenseLayer( 64,1 )","all",1.3469934663417786,2.1343746606770398e-05,1.5845452702032333e-05,1.6079241455699174e-05,2.2106120410921903e-05,2.047748250300177e-05,0,22,9.9999999999999998e-13
69,10,"DenseLayer( 64,1 )","weights",1.3469933750339931,2.129352216802876e-05,1.5808167504294081e-05,1.6039370416442436e-05,2.2037392650594102e-05,2.0381043786567708e-05,0,22,9.9999999999999998e-13
69,10,"DenseLayer( 64,1 )","biases",0.00049595511782999063,1.3154560954056003e-06,0.0026533285125220668,0.0030760067232613372,0.0054411756170612011,0.0054411756170612011,0,22,9.9999999999999998e-13
70,0,"Conv2DLayer(1,8,5, stride=5, padding=0)","all",1.3279372522142983,2.9173730828241125e-05,2.1969212990010912e-05,2.2789025197129923e-05,3.3350505485127698e-05,1.1249205350720803e-05,0,22,9.9999999999999998e-13
70,0,"Conv2DLayer(1,8,5, stride=5, padding=0)","weights",1.3279344289429917,2.8523805342596882e-05,2.1479832240930016e-05,2.2311437007491389e-05,3.2852385128221818e-05,1.115941727189781e-05,0,22,9.9999999999999998e-13
70,0,"Conv2DLayer(1,8,5, stride=5, padding=0)","biases",0.0027382896284455925,5.946750248639207e-06,0.002171575041135328,0.0022505681502285866,0.0029093514587561244,0.00068693024431125795,0,22,9.9999999999999998e-13
70,4,"DenseLayer( 7202,128 )","all",15.869064437979457,0.0018127724812532478,0.00011423307608719421,0.0001154515398120875,0.00014738000750493067,0.00010915149838869969,0,22,9.9999999999999998e-13
70,4,"DenseLayer( 7202,128 )","weights",15.869063528795996,0.0018126419686959596,0.00011422485829605394,0.00011544317841437361,0.00014736845845666474,0.00010914559700764863,0,22,9.9999999999999998e-13
70,4,"DenseLayer( 7202,128 )","biases",0.005371741857359039,2.1734112950274116e-05,0.0040456260553122653,0.0041055428807656872,0.0054351985388095686,0.0033406622330113887,0,22,9.9999999999999998e-13
70,7,"DenseLayer( 128,64 )","all",9.2639123766700138,0.0002385080870445205,2.5745908060856582e-05,2.6392288313901552e-05,3.6500837520307812e-05,2.3875635343571029e-05,0,22,9.9999999999999998e-13
70,7,"DenseLayer( 128,64 )","weights",9.2638995128921309,0.00023760972201618597,2.5648969097545808e-05,2.6291863430029015e-05,3.6356641478544256e-05,2.3816504737975875e-05,0,22,9.9999999999999998e-13
70,7,"DenseLayer( 128,64 )","biases",0.015437943810988638,2.0546257090650621e-05,0.001330095759516838,0.0013789084113545523,0.0019372502500579212,0.00099695382371510857,0,22,9.9999999999999998e-13
70,10,"DenseLayer( 64,1 )","all",1.3470089429704966,2.2404581212417354e-05,1.6632812882700397e-05,1.7165930949296177e-05,2.370948305832199e-05,1.3596534539909023e-05,0,22,9.9999999999999998e-13
70,10,"DenseLayer( 64,1 )","weights",1.347008854385356,2.2358364564455005e-05,1.6598503451966374e-05,1.7133795278159967e-05,2.3655721252188233e-05,1.3588506478760305e-05,0,22,9.9999999999999998e-13
70,10,"DenseLayer( 64,1 )","biases",0.00048850904038937927,1.0798103176057339e-06,0.0022149861659543145,0.002903960057538377,0.0065811631934106192,0.0012967513213082795,0,22,9.9999999999999998e-13
71,0,"Conv2DLayer(1,8,5, stride=5, padding=0)","all",1.3279370130171657,3.3170183334407418e-05,2.4978727059965941e-05,2.745031230679102e-05,5.4819049476868747e-05,6.0996890421560075e-06,0,22,9.9999999999999998e-13
71,0,"Conv2DLayer(1,8,5, stride=5, padding=0)","weights",1.3279341916484604,3.2753210437218266e-05,2.4664779333089307e-05,2.7145853863820156e-05,5.4328089681414644e-05,5.5579058363904044e-06,0,22,9.9999999999999998e-13
71,0,"Conv2DLayer(1,8,5, stride=5, padding=0)","biases",0.0027373665136334203,5.1179453314834762e-06,0.0018692869319898841,0.0019771157627373414,0.0035451355947379313,0.0012207076558804649,0,22,9.9999999999999998e-13
71,4,"DenseLayer( 7202,128 )","all",15.869195045806558,0.0019144114847739801,0.00012063698680534088,0.00012346405957342204,0.00019391086143965788,8.8986811383862474e-05,0,22,9.9999999999999998e-13
71,4,"DenseLayer( 7202,128 )","weights",15.869194124507668,0.0019142685808115894,0.00012062798868512189,0.00012345473429872209,0.00019389462419477484,8.8980689986534994e-05,0,22,9.9999999999999998e-13
71,4,"DenseLayer( 7202,128 )","biases",0.0054074454171225824,2.3367379358983807e-05,0.0043223565202968632,0.0044570205320978639,0.0073808722391310259,0.003061126669457564,0,22,9.9999999999999998e-13
71,7,"DenseLayer( 128,64 )","all",9.2640890546279415,0.00023129355155376309,2.4966667700413634e-05,2.5513106824821471e-05,3.4868904832704624e-05,2.1378991423017024e-05,0,22,9.9999999999999998e-13
71,7,"DenseLayer( 128,64 )","weights",9.2640757247636092,0.00023047156028758594,2.4877974835768233e-05,2.5421230840369914e-05,3.4730646975738338e-05,2.1290189272430026e-05,0,22,9.9999999999999998e-13
71,7,"DenseLayer( 128,64 )","biases",0.015715291836579909,1.9441621609729983e-05,0.0012362378261106997,0.0012738709540095186,0.001826830110314369,0.0011360240837514548,0,22,9.9999999999999998e-13
71,10,"DenseLayer( 64,1 )","all",1.3470294267730485,2.0839601652329057e-05,1.5470788974555541e-05,1.5687812642945897e-05,2.0860591501709345e-05,1.2938008340584481e-05,0,22,9.9999999999999998e-13
71,10,"DenseLayer( 64,1 )","weights",1.3470293388838259,2.0817253938481165e-05,1.5454199604146784e-05,1.5671969169556498e-05,2.0858470538041676e-05,1.2886946709979565e-05,0,22,9.9999999999999998e-13
71,10,"DenseLayer( 64,1 )","biases",0.00048659245525910097,8.1091473641043355e-07,0.001665695228587018,0.0019499760128155563,0.0031964679423150326,0.0031964679423150326,0,22,9.9999999999999998e-13
72,0,"Conv2DLayer(1,8,5, stride=5, padding=0)","all",1.3279430173414997,2.4013601078922386e-05,1.8083306353799889e-05,1.9342597083545406e-05,3.2749826933665574e-05,1.084853771367532e-05,0,22,9.9999999999999998e-13
72,0,"Conv2DLayer(1,8,5, stride=5, padding=0)","weights",1.3279401830314377,2.3566076828171061e-05,1.7746338839017472e-05,1.9007998971594715e-05,3.2305000829352547e-05,1.0667907404397198e-05,0,22,9.9999999999999998e-13
72,0,"Conv2DLayer(1,8,5, stride=5, padding=0)","biases",0.0027436388772314629,4.5319615582448981e-06,0.0016514008911534784,0.0017329152212509887,0.0025938027791308771,0.00095012596676998938,0,22,9.9999999999999998e-13
72,4,"DenseLayer( 7202,128 )","all",15.869282431214053,0.0016325494693495439,0.00010287480381277753,0.00010384168285852748,0.00012645196174800337,9.6717284098298735e-05,0,22,9.9999999999999998e-13
72,4,"DenseLayer( 7202,128 )","weights",15.869281513019562,0.0016324210972421059,0.0001028667204203366,0.00010383347974107452,0.00012644149329680356,9.6710919645961652e-05,0,22,9.9999999999999998e-13
72,4,"DenseLayer( 7202,128 )","biases",0.0053983460286713449,2.0463705042506728e-05,0.0037905923950293029,0.0038380414144708096,0.0047865682003624711,0.0032613820823970685,0,22,9.9999999999999998e-13
72,7,"DenseLayer( 128,64 )","all",9.2642965467758351,0.0002202334814121524,2.3772266380712639e-05,2.4215995377837887e-05,3.3877168295634428e-05,2.4452508939014165e-05,0,22,9.9999999999999998e-13
72,7,"DenseLayer( 128,64 )","weights",9.2642827585165719,0.00021940894035453915,2.3683299720778127e-05,2.4123123618523478e-05,3.3741057924668792e-05,2.4371676656189238e-05,0,22,9.9999999999999998e-13
72,7,"DenseLayer( 128,64 )","biases",0.015983502588718848,1.8929968944352729e-05,0.0011837381182593844,0.0012271217538792996,0.0017474358086223215,0.0011414163515845361,0,22,9.9999999999999998e-13
72,10,"DenseLayer( 64,1 )","all",1.347050383529665,1.9865491641119665e-05,1.4747388015173947e-05,1.4957845159187636e-05,2.0562498669380732e-05,1.3995696462421964e-05,0,22,9.9999999999999998e-13
72,10,"DenseLayer( 64,1 )","weights",1.3470502989626798,1.981415457331189e-05,1.4709278261718086e-05,1.4918546402205188e-05,2.0534750494441939e-05,1.3990737253638952e-05,0,22,9.9999999999999998e-13
72,10,"DenseLayer( 64,1 )","biases",0.00047730678290298039,1.3027734398333863e-06,0.0027250127661840621,0.0030489602006191154,0.0054527058701445376,0.0010642202786016991,0,22,9.9999999999999998e-13
73,0,"Conv2DLayer(1,8,5, stride=5, padding=0)","all",1.3279370117362166,1.6441978461517874e-05,1.2381578539920934e-05,1.375107451756738e-05,3.0281654698330146e-05,2.1711686675255471e-05,0,22,9.9999999999999998e-13
73,0,"Conv2DLayer(1,8,5, stride=5, padding=0)","weights",1.3279341456940903,1.6016762851157247e-05,1.2061396513675797e-05,1.3481675549323643e-05,3.0009017596555506e-05,2.1375395749253319e-05,0,22,9.9999999999999998e-13
73,0,"Conv2DLayer(1,8,5, stride=5, padding=0)","biases",0.0027589533778904713,3.5024713732981854e-06,0.0012695543891819202,0.0013038728489387344,0.0019547477539692366,0.0018282574686541632,0,22,9.9999999999999998e-13
73,4,"DenseLayer( 7202,128 )","all",15.869410833788157,0.0014418222599322263,9.0855438580757225e-05,9.17193517889334e-05,0.00012715007836631859,0.00011293126368171085,0,22,9.9999999999999998e-13
73,4,"DenseLayer( 7202,128 )","weights",15.869409906303297,0.0014417265314090116,9.0849411622646189e-05,9.1713228277020639e-05,0.00012714102093824568,0.00011292367401404758,0,22,9.9999999999999998e-13
73,4,"DenseLayer( 7202,128 )","biases",0.0054255975042895241,1.6601871417486021e-05,0.0030601686762456938,0.0031018525058908388,0.0044551036002914487,0.0038172323612877669,0,22,9.9999999999999998e-13
73,7,"DenseLayer( 128,64 )","all",9.2645042062995522,0.00019762677500661334,2.1331603751343871e-05,2.1472995753107174e-05,2.7751422367492305e-05,2.7325082121732764e-05,0,22,9.9999999999999998e-13
73,7,"DenseLayer( 128,64 )","weights",9.264489978982235,0.0001969835126782667,2.1262203425557602e-05,2.1402471236215003e-05,2.7639648623733497e-05,2.7230835051778246e-05,0,22,9.9999999999999998e-13
73,7,"DenseLayer( 128,64 )","biases",0.016236188766192632,1.5904052483060506e-05,0.00097940679601858822,0.00099214635901431953,0.0014191947289129633,0.0012856926679785834,0,22,9.9999999999999998e-13
73,10,"DenseLayer( 64,1 )","all",1.3470714986123935,1.57442470666049e-05,1.1687761982940424e-05,1.1833123900366783e-05,1.6850515382425948e-05,1.6850515382425948e-05,0,22,9.9999999999999998e-13
73,10,"DenseLayer( 64,1 )","weights",1.3470714176983334,1.57104370502155e-05,1.1662663716926731e-05,1.1805823959559122e-05,1.6803376515187882e-05,1.6803376515187882e-05,0,22,9.9999999999999998e-13
73,10,"DenseLayer( 64,1 )","biases",0.00046687896908472544,8.6804423269561748e-07,0.0018616128401393935,0.0023236740317012028,0.0050446500867191166,0.0036399391066621162,0,22,9.9999999999999998e-13
74,0,"Conv2DLayer(1,8,5, stride=5, padding=0)","all",1.3279521174552413,2.1142597313233751e-05,1.5921199779207072e-05,1.679846700829878e-05,3.0833091043286721e-05,1.0026340426027835e-05,0,22,9.9999999999999998e-13
74,0,"Conv2DLayer(1,8,5, stride=5, padding=0)","weights",1.32794925976053,2.0690834225773035e-05,1.558103779793041e-05,1.6468023675648097e-05,3.0304752019473769e-05,9.6830834582415675e-06,0,22,9.9999999999999998e-13
74,0,"Conv2DLayer(1,8,5, stride=5, padding=0)","biases",0.0027549356725619241,4.2516273678154521e-06,0.0015435666244417103,0.0015989341207925062,0.0027491500004849611,0.0012628162173311881,0,22,9.9999999999999998e-13
74,4,"DenseLayer( 7202,128 )","all",15.869581833235667,0.0014698126072276608,9.2618241383890713e-05,9.3708985839893353e-05,0.00012678940040487734,8.5530497668945404e-05,0,22,9.9999999999999998e-13
74,4,"DenseLayer( 7202,128 )","weights",15.869580898969902,0.0014697085143475668,9.2611687565470269e-05,9.370228652221484e-05,0.00012678005623355446,8.5525179708539328e-05,0,22,9.9999999999999998e-13
74,4,"DenseLayer( 7202,128 )","biases",0.0054454358970723827,1.7468127090320895e-05,0.0032078840928870056,0.0032668942000839579,0.0044861369221736265,0.0027874856930495285,0,22,9.9999999999999998e-13
74,7,"DenseLayer( 128,64 )","all",9.2647176029041098,0.00019685802101031112,2.1248150678071878e-05,2.1444862150262298e-05,2.8193884104003741e-05,2.3919959145252357e-05,0,22,9.9999999999999998e-13
74,7,"DenseLayer( 128,64 )","weights",9.2647029595504584,0.00019621592889068067,2.1178879007527637e-05,2.1375119421945902e-05,2.8079390086518239e-05,2.3833662581783304e-05,0,22,9.9999999999999998e-13
74,7,"DenseLayer( 128,64 )","biases",0.016472062854639313,1.5831096798170931e-05,0.00096136301198625435,0.00097283052557167737,0.0014379050514738798,0.0011357108157296579,0,22,9.9999999999999998e-13
74,10,"DenseLayer( 64,1 )","all",1.3471117982685632,1.6681132188355004e-05,1.2382900132342686e-05,1.2550172093614604e-05,1.793683163473909e-05,1.4859522697008773e-05,0,22,9.9999999999999998e-13
74,10,"DenseLayer( 64,1 )","weights",1.3471117164202162,1.6637416396884038e-05,1.2350449394754718e-05,1.2518229471046097e-05,1.7842788428609386e-05,1.4840300149844893e-05,0,22,9.9999999999999998e-13
74,10,"DenseLayer( 64,1 )","biases",0.00046957656079691583,9.8344621206210414e-07,0.0021002074594806135,0.0025755726217398917,0.005281906124607297,0.0022106951654649138,0,22,9.9999999999999998e-13
75,0,"Conv2DLayer(1,8,5, stride=5, padding=0)","all",1.327954461254673,2.9589560425058961e-05,2.2282044985784806e-05,2.3507447880083614e-05,4.2274278979145797e-05,3.2531320529113028e-05,0,22,9.9999999999999998e-13
75,0,"Conv2DLayer(1,8,5, stride=5, padding=0)","weights",1.3279516448625477,2.9081510363135825e-05,2.1899510170663769e-05,2.3141977772838428e-05,4.1827143616249973e-05,3.2061281126819181e-05,0,22,9.9999999999999998e-13
75,0,"Conv2DLayer(1,8,5, stride=5, padding=0)","biases",0.0027349703321411104,5.3622348308014833e-06,0.0019607025925500003,0.0020050779326567427,0.0029746642885719343,0.002676781851413327,0,22,9.9999999999999998e-13
75,4,"DenseLayer( 7202,128 )","all",15.869693476195399,0.0017132654078315407,0.0001079583224443897,0.00010899272749164024,0.00013491909042965834,0.00013380426103141971,0,22,9.9999999999999998e-13
75,4,"DenseLayer( 7202,128 )","weights",15.869692543844142,0.0017131419884849279,0.00010795055173917546,0.00010898479919292393,0.00013490871817117429,0.00013379421820978023,0,22,9.9999999999999998e-13
75,4,"DenseLayer( 7202,128 )","biases",0.0054398720780117213,2.0541762632175396e-05,0.0037760979257833558,0.0038365030048230857,0.0050729463807266464,0.0047786981031252441,0,22,9.9999999999999998e-13
75,7,"DenseLayer( 128,64 )","all",9.2648901283499825,0.00021921154595690113,2.3660463771666121e-05,2.4026710552165531e-05,3.323212175567812e-05,3.323212175567812e-05,0,22,9.9999999999999998e-13
75,7,"DenseLayer( 128,64 )","weights",9.2648750591824225,0.00021838871397875017,2.3571690142221144e-05,2.3933659879230908e-05,3.311174724114233e-05,3.311174724114233e-05,0,22,9.9999999999999998e-13
75,7,"DenseLayer( 128,64 )","biases",0.016709988831056937,1.8806929408920694e-05,0.0011262023717940764,0.0011730518269816562,0.0017802632140100291,0.0015566748999809729,0,22,9.9999999999999998e-13
75,10,"DenseLayer( 64,1 )","all",1.3471387684251446,2.0795822000950817e-05,1.543702889626948e-05,1.5736174796016389e-05,2.1430897220189525e-05,2.0865311873681124e-05,0,22,9.9999999999999998e-13
75,10,"DenseLayer( 64,1 )","weights",1.3471386841868309,2.0730484258067483e-05,1.5388528634523247e-05,1.5681794453669887e-05,2.1238209317465832e-05,2.0860450327686338e-05,0,22,9.9999999999999998e-13
75,10,"DenseLayer( 64,1 )","biases",0.00047637182631826198,1.3897780180824073e-06,0.0029369637068168064,0.003740447336225508,0.0083279151248145666,0.0012550506005101103,0,22,9.9999999999999998e-13
76,0,"Conv2DLayer(1,8,5, stride=5, padding=0)","all",1.3279549507456019,2.512118808724911e-05,1.8917175881875181e-05,2.0645664243717924e-05,3.550933298907301e-05,9.9958443715303419e-06,0,22,9.9999999999999998e-13
76,0,"Conv2DLayer(1,8,5, stride=5, padding=0)","weights",1.3279521266976242,2.4628469024164801e-05,1.8546180109025816e-05,2.0280267747037665e-05,3.5041090836703135e-05,9.6724848714963622e-06,0,22,9.9999999999999998e-13
76,0,"Conv2DLayer(1,8,5, stride=5, padding=0)","biases",0.002738684945358635,4.8558507895659837e-06,0.0017731506704051327,0.0018754293929462719,0.0027905267999616045,0.0012177515091160078,0,22,9.9999999999999998e-13
76,4,"DenseLayer( 7202,128 )","all",15.869820357023867,0.0016247958076307694,0.00010238275463097565,0.00010337645529813037,0.00013766197110707306,9.6251859506527729e-05,0,22,9.9999999999999998e-13
76,4,"DenseLayer( 7202,128 )","weights",15.869819414230697,0.001624680628106806,0.00010237550294030931,0.00010336908317573857,0.00013765176983867569,9.6245124162663465e-05,0,22,9.9999999999999998e-13
76,4,"DenseLayer( 7202,128 )","biases",0.0054702725921015162,1.9336118898606265e-05,0.0035350605712135426,0.0035837465400794365,0.0048801593523878761,0.0033008541296192396,0,22,9.9999999999999998e-13
76,7,"DenseLayer( 128,64 )","all",9.2650855225637141,0.00022368884424305068,2.4143198551052562e-05,2.46573310320348e-05,3.3797641869421534e-05,2.3583206308039575e-05,0,22,9.9999999999999998e-13
76,7,"DenseLayer( 128,64 )","weights",9.2650699712952864,0.00022287028222273247,2.4054889853409776e-05,2.4566441569482637e-05,3.3671274480194429e-05,2.3504307886241144e-05,0,22,9.9999999999999998e-13
76,7,"DenseLayer( 128,64 )","biases",0.016975295019747972,1.9088776217704158e-05,0.0011243216553798853,0.0011544604642860095,0.0016062580055338574,0.0010425032328636691,0,22,9.9999999999999998e-13
76,10,"DenseLayer( 64,1 )","all",1.3471300487074072,2.0429098799387759e-05,1.5164908105930511e-05,1.556602495652673e-05,2.208366986208421e-05,1.2104933119696892e-05,0,22,9.9999999999999998e-13
76,10,"DenseLayer( 64,1 )","weights",1.3471299611278642,2.039380127869195e-05,1.5138707116220022e-05,1.5541819017401319e-05,2.2077093499972324e-05,1.2091445178448469e-05,0,22,9.9999999999999998e-13
76,10,"DenseLayer( 64,1 )","biases",0.00048574025277048349,1.0051206283440644e-06,0.0020666276726848741,0.0024013978620177853,0.0047919459741614301,0.0016066143615794859,0,22,9.9999999999999998e-13
77,0,"Conv2DLayer(1,8,5, stride=5, padding=0)","all",1.327944194084463,2.1953226095488463e-05,1.6531733389890421e-05,1.758899882702514e-05,2.8122360116234768e-05,2.8122360116234768e-05,0,22,9.9999999999999998e-13
77,0,"Conv2DLayer(1,8,5, stride=5, padding=0)","weights",1.3279412795144974,2.1396485078969908e-05,1.6112518851702956e-05,1.7187786706222482e-05,2.7724662187225373e-05,2.7724662187225373e-05,0,22,9.9999999999999998e-13
77,0,"Conv2DLayer(1,8,5, stride=5, padding=0)","biases",0.0027821723373148994,4.8270341641734084e-06,0.0017351676154014023,0.0017832497106243844,0.0025363433010024074,0.002228240296833283,0,22,9.9999999999999998e-13
77,4,"DenseLayer( 7202,128 )","all",15.869953910829782,0.0014316492195850091,9.0211292469702991e-05,9.0967584166293895e-05,0.00011453393165872641,0.00011453393165872641,0,22,9.9999999999999998e-13
77,4,"DenseLayer( 7202,128 )","weights",15.869952960343687,0.0014315493647046546,9.0205005802683252e-05,9.0961201568711062e-05,0.00011452593519209928,0.00011452593519209928,0,22,9.9999999999999998e-13
77,4,"DenseLayer( 7202,128 )","biases",0.0054925631612669171,1.6896862687832861e-05,0.0030760891824161275,0.0031143146151172514,0.0038972353339987395,0.0038972353339987395,0,22,9.9999999999999998e-13
77,7,"DenseLayer( 128,64 )","all",9.2652629825591575,0.00019727251933194655,2.1291621179396346e-05,2.1483374349994316e-05,2.8333862101365191e-05,2.7196148589749041e-05,0,22,9.9999999999999998e-13
77,7,"DenseLayer( 128,64 )","weights",9.2652469080556248,0.00019662529866995007,2.1221803519207977e-05,2.1411800459935713e-05,2.8215818833700145e-05,2.7087478045706671e-05,0,22,9.9999999999999998e-13
77,7,"DenseLayer( 128,64 )","biases",0.017258753868448464,1.5906202764319457e-05,0.00092128389156583164,0.00094008212539984954,0.0013789444573733037,0.0012948071961438289,0,22,9.9999999999999998e-13
77,10,"DenseLayer( 64,1 )","all",1.3471206226482293,1.594081775143578e-05,1.1833255320663942e-05,1.1954564199892561e-05,1.6250797807404723e-05,1.621400833249805e-05,0,22,9.9999999999999998e-13
77,10,"DenseLayer( 64,1 )","weights",1.347120535084823,1.5912960777977603e-05,1.1812577290939693e-05,1.1933819434169161e-05,1.624808742495569e-05,1.6175639905912137e-05,0,22,9.9999999999999998e-13
77,10,"DenseLayer( 64,1 )","biases",0.00048569376733873719,7.8863046259026637e-07,0.0016253228355634763,0.0019565327270664357,0.0039263294512295608,0.0030553722266427746,0,22,9.9999999999999998e-13
78,0,"Conv2DLayer(1,8,5, stride=5, padding=0)","all",1.3279401465007419,2.6002656923967788e-05,1.9581215635128569e-05,2.1350663748887877e-05,3.9229336227636587e-05,1.0038874114063634e-05,0,22,9.9999999999999998e-13
78,0,"Conv2DLayer(1,8,5, stride=5, padding=0)","weights",1.3279371290069326,2.557281872283792e-05,1.9257570764956859e-05,2.1024334594096425e-05,3.8739325274146271e-05,9.7709185460257278e-06,0,22,9.9999999999999998e-13
78,0,"Conv2DLayer(1,8,5, stride=5, padding=0)","biases",0.0028309071484671176,4.6421723850257078e-06,0.0016399454162289114,0.0017446959915988854,0.0029010934691182729,0.0010771323419118694,0,22,9.9999999999999998e-13
78,4,"DenseLayer( 7202,128 )","all",15.870160209904061,0.0016437684355802404,0.00010357608352543787,0.00010533717258993893,0.00014830904001296232,7.7412719923392653e-05,0,22,9.9999999999999998e-13
78,4,"DenseLayer( 7202,128 )","weights",15.870159245949202,0.0016436511782595654,0.00010356870127143858,0.00010532953840604382,0.00014829670647913668,7.7408208655832021e-05,0,22,9.9999999999999998e-13
78,4,"DenseLayer( 7202,128 )","biases",0.0055313832015493076,1.9609800063966491e-05,0.0035455285411181677,0.0036405987342992109,0.0055034204635016218,0.0023951904251689748,0,22,9.9999999999999998e-13
78,7,"DenseLayer( 128,64 )","all",9.265437577472003,0.00022567364142900287,2.4356496224642122e-05,2.4751569525525868e-05,3.3422914933354515e-05,2.2007543968667719e-05,0,22,9.9999999999999998e-13
78,7,"DenseLayer( 128,64 )","weights",9.2654210027570496,0.00022484698125116814,2.4267319882326509e-05,2.4659964324531322e-05,3.3289210394011782e-05,2.1942331974817181e-05,0,22,9.9999999999999998e-13
78,7,"DenseLayer( 128,64 )","biases",0.017525348132921826,1.9242104269448313e-05,0.0010977611206534146,0.0011246390230374508,0.0015737243029060567,0.00088812280292295542,0,22,9.9999999999999998e-13
78,10,"DenseLayer( 64,1 )","all",1.3471174736066334,1.9540282986184608e-05,1.450526280714331e-05,1.4758897601681396e-05,2.0973587985292807e-05,1.298469827722271e-05,0,22,9.9999999999999998e-13
78,10,"DenseLayer( 64,1 )","weights",1.3471173837562764,1.9472773256835535e-05,1.4455149003611165e-05,1.4710500215692319e-05,2.0950637570364014e-05,1.2983105224886429e-05,0,22,9.9999999999999998e-13
78,10,"DenseLayer( 64,1 )","biases",0.00049195878355848515,1.4030030632222241e-06,0.0028438554790882562,0.0032595105074820874,0.0053103695136551433,0.00056957166360106835,0,22,9.9999999999999998e-13
79,0,"Conv2DLayer(1,8,5, stride=5, padding=0)","all",1.327952649519746,2.4443547614533942e-05,1.8406919442784803e-05,1.9660287848491562e-05,3.7751132526071895e-05,2.2991680752782582e-05,0,22,9.9999999999999998e-13
79,0,"Conv2DLayer(1,8,5, stride=5, padding=0)","weights",1.3279495902990075,2.404008032480452e-05,1.8103135252824612e-05,1.9356151648065825e-05,3.7338523946183864e-05,2.2579820838829699e-05,0,22,9.9999999999999998e-13
79,0,"Conv2DLayer(1,8,5, stride=5, padding=0)","biases",0.0028504338383917899,4.3634964226221709e-06,0.0015307315984577348,0.00160472066325525,0.0025921402740211354,0.0020126603408113027,0,22,9.9999999999999998e-13
79,4,"DenseLayer( 7202,128 )","all",15.870363299950274,0.0015221291618102571,9.5910149014648421e-05,9.6961557007366767e-05,0.00013593438789667966,0.00010449339345397192,0,22,9.9999999999999998e-13
79,4,"DenseLayer( 7202,128 )","weights",15.870362324550435,0.0015220160587237461,9.5903028225564077e-05,9.695430525572675e-05,0.00013592293662909293,0.00010448555717973955,0,22,9.9999999999999998e-13
79,4,"DenseLayer( 7202,128 )","biases",0.0055641486981955566,1.8544664164468574e-05,0.0033327083301036907,0.0033834082158781171,0.0050382119736427661,0.003635424305642856,0,22,9.9999999999999998e-13
79,7,"DenseLayer( 128,64 )","all",9.2656404274247848,0.00020400174552224196,2.2016998823087689e-05,2.2479460775094376e-05,3.0318930184680753e-05,2.8257483182389635e-05,0,22,9.9999999999999998e-13
79,7,"DenseLayer( 128,64 )","weights",9.2656233988860084,0.00020327698430234412,2.1938818926434232e-05,2.2399716946929532e-05,3.0207624943203646e-05,2.8163481505716902e-05,0,22,9.9999999999999998e-13
79,7,"DenseLayer( 128,64 )","biases",0.017763922374248852,1.7155581889737116e-05,0.00096530375409232226,0.00098608374928441209,0.001348678081265165,0.0011932817018380486,0,22,9.9999999999999998e-13
79,10,"DenseLayer( 64,1 )","all",1.3471547386228324,1.7706341484164289e-05,1.3143500982512859e-05,1.3373447975458507e-05,1.8032068039151793e-05,1.616888940112387e-05,0,22,9.9999999999999998e-13
79,10,"DenseLayer( 64,1 )","weights",1.3471546511039241,1.7665320134119295e-05,1.3113051501224924e-05,1.334366369289211e-05,1.8032003347226643e-05,1.6157270384608456e-05,0,22,9.9999999999999998e-13
79,10,"DenseLayer( 64,1 )","biases",0.00048559026485732335,9.8931195680052042e-07,0.0020391391824631949,0.0024782561847244066,0.0055413218330674849,0.0016994128609432813,0,22,9.9999999999999998e-13
80,0,"Conv2DLayer(1,8,5, stride=5, padding=0)","all",1.3279563705273425,2.4083196746103018e-05,1.8135562245839084e-05,1.9339418668151494e-05,3.832532653223642e-05,2.4999111362711877e-05,0,22,9.9999999999999998e-13
80,0,"Conv2DLayer(1,8,5, stride=5, padding=0)","weights",1.3279532870009949,2.3781191896206067e-05,1.7908183078576786e-05,1.9118378992852718e-05,3.7914087982108154e-05,2.4783987398571678e-05,0,22,9.9999999999999998e-13
80,0,"Conv2DLayer(1,8,5, stride=5, padding=0)","biases",0.0028617418002341187,3.6732227191635864e-06,0.0012834553429060564,0.0013528288019569144,0.0025965101013908573,0.001516992595040346,0,22,9.9999999999999998e-13
80,4,"DenseLayer( 7202,128 )","all",15.870502866903283,0.0015923660452244305,0.00010033494059089398,0.00010191256838721397,0.00014269011198789888,0.00012894860690000986,0,22,9.9999999999999998e-13
80,4,"DenseLayer( 7202,128 )","weights",15.870501880564602,0.0015922453614188518,0.00010032734254370726,0.00010190475995453847,0.00014267798511442324,0.00012893832335965521,0,22,9.9999999999999998e-13
80,4,"DenseLayer( 7202,128 )","biases",0.0055952975618230889,1.9591147813890786e-05,0.0035011395075029419,0.0035792573442694894,0.0052757220919900224,0.0046141223273547735,0,22,9.9999999999999998e-13
80,7,"DenseLayer( 128,64 )","all",9.2658133453366265,0.00020418884206559873,2.2036791522082585e-05,2.2448699504542366e-05,3.4331071474400726e-05,2.9194275076991301e-05,0,22,9.9999999999999998e-13
80,7,"DenseLayer( 128,64 )","weights",9.2657958490714663,0.00020340586334740833,2.1952331163786588e-05,2.2359653379658321e-05,3.4167190194696716e-05,2.9025908052021068e-05,0,22,9.9999999999999998e-13
80,7,"DenseLayer( 128,64 )","biases",0.018006406290167525,1.7744310279905025e-05,0.00098485377677155913,0.0010267042981859345,0.0017147476437769438,0.0016001437683769259,0,22,9.9999999999999998e-13
80,10,"DenseLayer( 64,1 )","all",1.3471779256479282,1.8373134859311959e-05,1.3638268132020273e-05,1.3987806273538006e-05,2.2453505133814538e-05,1.9709323083093838e-05,0,22,9.9999999999999998e-13
80,10,"DenseLayer( 64,1 )","weights",1.3471778371832535,1.8332119731176986e-05,1.3607823873969073e-05,1.395501293289324e-05,2.241787003440191e-05,1.9547993035675738e-05,0,22,9.9999999999999998e-13
80,10,"DenseLayer( 64,1 )","biases",0.00048820755777838218,1.0273771212351592e-06,0.0021030292102575516,0.0026402558246097375,0.0069554485521249642,0.0069554485521249642,0,22,9.9999999999999998e-13
81,0,"Conv2DLayer(1,8,5, stride=5, padding=0)","all",1.3279572433630888,2.0126335438233027e-05,1.5155869521896484e-05,1.5926007813027934e-05,2.6052299263599122e-05,1.3456215743591692e-05,0,22,9.9999999999999998e-13
81,0,"Conv2DLayer(1,8,5, stride=5, padding=0)","weights",1.3279541487415369,1.9721490829444325e-05,1.485104149264508e-05,1.5625828792445067e-05,2.5819295039128651e-05,1.3154966924921176e-05,0,22,9.9999999999999998e-13
81,0,"Conv2DLayer(1,8,5, stride=5, padding=0)","biases",0.0028668844596220775,3.966448632257166e-06,0.001383650944929276,0.0014258536064038483,0.0021036394974593164,0.0013076243622128351,0,22,9.9999999999999998e-13
81,4,"DenseLayer( 7202,128 )","all",15.87061839051978,0.00156483391008347,9.8599440732022854e-05,9.9328012379507245e-05,0.00012842507293548433,9.1153768201942515e-05,0,22,9.9999999999999998e-13
81,4,"DenseLayer( 7202,128 )","weights",15.87061739638707,0.0015647204406664932,9.8592297252258839e-05,9.9320760189175014e-05,0.00012841453884123602,9.1148533475842876e-05,0,22,9.9999999999999998e-13
81,4,"DenseLayer( 7202,128 )","biases",0.0056173810358402807,1.8826556553992304e-05,0.0033517971810816116,0.0033931809143107777,0.0046563359356768886,0.0027553347193420988,0,22,9.9999999999999998e-13
81,7,"DenseLayer( 128,64 )","all",9.2659945618459592,0.00020170670976832992,2.1768503094010267e-05,2.2162566356067708e-05,2.9850304221370335e-05,2.1032923913007418e-05,0,22,9.9999999999999998e-13
81,7,"DenseLayer( 128,64 )","weights",9.2659765041766047,0.00020082571618016665,2.1673467034660187e-05,2.2064201330085176e-05,2.9690836977054336e-05,2.0959430868302947e-05,0,22,9.9999999999999998e-13
81,7,"DenseLayer( 128,64 )","biases",0.018293170749486148,1.870058092470368e-05,0.0010229572539015683,0.0010581865834926112,0.0015730660820568528,0.00088537955198559682,0,22,9.9999999999999998e-13
81,10,"DenseLayer( 64,1 )","all",1.3471908990383785,1.865749638646041e-05,1.3849182690629339e-05,1.4351927131589593e-05,2.0175486841300796e-05,1.1452321692722031e-05,0,22,9.9999999999999998e-13
81,10,"DenseLayer( 64,1 )","weights",1.3471908093364231,1.8555689905192282e-05,1.3773613932107444e-05,1.4283189661810525e-05,2.0097561813063642e-05,1.1423291918783421e-05,0,22,9.9999999999999998e-13
81,10,"DenseLayer( 64,1 )","biases",0.00049159139532341874,1.6342065381732853e-06,0.0033281469760071333,0.0038509817809628433,0.0072932739544657394,0.0022105167670409967,0,22,9.9999999999999998e-13
82,0,"Conv2DLayer(1,8,5, stride=5, padding=0)","all",1.3279598640067085,1.7653461656764783e-05,1.3293679563022724e-05,1.3747501487900381e-05,2.1377407407976989e-05,1.3398613401545762e-05,0,22,9.9999999999999998e-13
82,0,"Conv2DLayer(1,8,5, stride=5, padding=0)","weights",1.3279567655640085,1.7330706416786282e-05,1.305066400644434e-05,1.3508989605006265e-05,2.1145392984460151e-05,1.3102805781821879e-05,0,22,9.9999999999999998e-13
82,0,"Conv2DLayer(1,8,5, stride=5, padding=0)","biases",0.002868653659307253,3.3109270494421327e-06,0.0011542238301720199,0.0011804536774249639,0.0014801176999861569,0.001300798020369628,0,22,9.9999999999999998e-13
82,4,"DenseLayer( 7202,128 )","all",15.870808878821467,0.0015057457871582864,9.4875175171240051e-05,9.5379102508966453e-05,0.00011519176478159289,8.4062360759485635e-05,0,22,9.9999999999999998e-13
82,4,"DenseLayer( 7202,128 )","weights",15.870807873974245,0.0015056416502068754,9.4868619638840306e-05,9.5372470796638864e-05,0.00011518303243009031,8.4056301916436197e-05,0,22,9.9999999999999998e-13
82,4,"DenseLayer( 7202,128 )","biases",0.0056476016941541798,1.7687758527408922e-05,0.0031317017483138347,0.0031617252131485038,0.0039819752891942645,0.0028360140330084419,0,22,9.9999999999999998e-13
82,7,"DenseLayer( 128,64 )","all",9.2661741713502579,0.00018727812061467206,2.0210946936627731e-05,2.033301478498768e-05,2.4691710704484577e-05,2.3500170697672602e-05,0,22,9.9999999999999998e-13
82,7,"DenseLayer( 128,64 )","weights",9.2661556944709123,0.00018655281554690948,2.0132712567254696e-05,2.0254358466358792e-05,2.4593423962702672e-05,2.3432637112840216e-05,0,22,9.9999999999999998e-13
82,7,"DenseLayer( 128,64 )","biases",0.018504505730721391,1.639802014640879e-05,0.00088627053986657179,0.0008951507480346822,0.0011092371542922906,0.00088745013300226602,0,22,9.9999999999999998e-13
82,10,"DenseLayer( 64,1 )","all",1.347200565657251,1.6232952832709001e-05,1.2049397027971458e-05,1.2155830056065646e-05,1.548944775242454e-05,1.3930060415422472e-05,0,22,9.9999999999999998e-13
82,10,"DenseLayer( 64,1 )","weights",1.3472004737932479,1.6146808845596113e-05,1.1985454876019673e-05,1.2089546445150607e-05,1.5431935957297941e-05,1.3929985642372162e-05,0,22,9.9999999999999998e-13
82,10,"DenseLayer( 64,1 )","biases",0.00049748422514477909,1.4348585285585036e-06,0.0028828446314426094,0.0034283240839552889,0.0059373108592961129,0.0001247763152720693,0,22,9.9999999999999998e-13
83,0,"Conv2DLayer(1,8,5, stride=5, padding=0)","all",1.3279342264436049,1.8260733671958559e-05,1.3751233584578748e-05,1.4595768724477022e-05,2.7689175737326779e-05,1.090016233210859e-05,0,22,9.9999999999999998e-13
83,0,"Conv2DLayer(1,8,5, stride=5, padding=0)","weights",1.3279311276445527,1.8017421029360593e-05,1.356803867668926e-05,1.4424860805898075e-05,2.7460243930163887e-05,1.0716514247767284e-05,0,22,9.9999999999999998e-13
83,0,"Conv2DLayer(1,8,5, stride=5, padding=0)","biases",0.0028687907396913615,2.8761803744628258e-06,0.0010026306554421788,0.0010311367190765934,0.0016471686799177454,0.00091913547977230496,0,22,9.9999999999999998e-13
83,4,"DenseLayer( 7202,128 )","all",15.870858602746392,0.0014151347008228433,8.916560318383688e-05,8.9509739474141425e-05,0.00011037008136979835,9.9422046380757942e-05,0,22,9.9999999999999998e-13
83,4,"DenseLayer( 7202,128 )","weights",15.870857602151029,0.0014150374676768556,8.9159482284115711e-05,8.9503584918140073e-05,0.00011036179934493575,9.9415113409432788e-05,0,22,9.9999999999999998e-13
83,4,"DenseLayer( 7202,128 )","biases",0.0056356519939826846,1.6582853516227298e-05,0.0029425434716790259,0.0029574023930792628,0.0038063804646026713,0.0033133856359995957,0,22,9.9999999999999998e-13
83,7,"DenseLayer( 128,64 )","all",9.2662994878345213,0.00018706606624176186,2.0187778720881898e-05,2.0374250952459298e-05,2.6485959424834001e-05,2.2168084895104674e-05,0,22,9.9999999999999998e-13
83,7,"DenseLayer( 128,64 )","weights",9.266280573065238,0.00018640956723033487,2.0116971837455025e-05,2.0302741191258586e-05,2.6395704844118608e-05,2.2056695869475385e-05,0,22,9.9999999999999998e-13
83,7,"DenseLayer( 128,64 )","biases",0.018722559059633919,1.5621318937146555e-05,0.00083403417209734526,0.00084368448229734066,0.0010912515450073091,0.0010912515450073091,0,22,9.9999999999999998e-13
83,10,"DenseLayer( 64,1 )","all",1.3471862733810527,1.6215932151734419e-05,1.2036885013853091e-05,1.2193433987944585e-05,1.6659479093517799e-05,1.3849134397052155e-05,0,22,9.9999999999999998e-13
83,10,"DenseLayer( 64,1 )","weights",1.3471861829756573,1.6205291704520177e-05,1.2028987522574887e-05,1.2184862931158949e-05,1.6641360964236158e-05,1.3841272020956429e-05,0,22,9.9999999999999998e-13
83,10,"DenseLayer( 64,1 )","biases",0.00049353921150958001,4.8741772347553214e-07,0.00098825538479045357,0.0012480048895243388,0.0026378906490276241,0.0012813702878942423,0,22,9.9999999999999998e-13
84,0,"Conv2DLayer(1,8,5, stride=5, padding=0)","all",1.3279388448355025,2.0656033934025234e-05,1.5554945132169472e-05,1.644280932528577e-05,2.7506783730009144e-05,2.7506783730009144e-05,0,22,9.9999999999999998e-13
84,0,"Conv2DLayer(1,8,5, stride=5, padding=0)","weights",1.3279357066022355,2.0321010180673268e-05,1.5302692886366264e-05,1.6193788601381867e-05,2.729877851825818e-05,2.729877851825818e-05,0,22,9.9999999999999998e-13
84,0,"Conv2DLayer(1,8,5, stride=5, padding=0)","biases",0.0028869948930857693,3.6302478161448382e-06,0.001257526274068863,0.0013115446106603972,0.0020042680138866609,0.0015502816176600654,0,22,9.9999999999999998e-13
84,4,"DenseLayer( 7202,128 )","all",15.870947528044704,0.0014755500052348485,9.2971748609707442e-05,9.3963447281658158e-05,0.00013749542509530757,0.00013749542509530757,0,22,9.9999999999999998e-13
84,4,"DenseLayer( 7202,128 )","weights",15.870946527450281,0.0014754491526195815,9.2965399930866556e-05,9.3956994370142724e-05,0.00013748533488738794,0.00013748533488738794,0,22,9.9999999999999998e-13
84,4,"DenseLayer( 7202,128 )","biases",0.0056356624911281803,1.7239146794172475e-05,0.0030585154709805332,0.0031015828231437297,0.0046758613460749741,0.0046758613460749741,0,22,9.9999999999999998e-13
84,7,"DenseLayer( 128,64 )","all",9.2664675423022462,0.00018893767145605425,2.0389387795784922e-05,2.0698743758989646e-05,2.9212939226813532e-05,2.9212939226813532e-05,0,22,9.9999999999999998e-13
84,7,"DenseLayer( 128,64 )","weights",9.266448090182319,0.00018805203186210174,2.0293855788775101e-05,2.0601033486740597e-05,2.9083704779329812e-05,2.9083704779329812e-05,0,22,9.9999999999999998e-13
84,7,"DenseLayer( 128,64 )","biases",0.018986838633244352,1.8207774821008203e-05,0.00095873327139437705,0.00098008879669533064,0.0013311865279400021,0.0013311865279400021,0,22,9.9999999999999998e-13
84,10,"DenseLayer( 64,1 )","all",1.3472173654315696,1.8027519219140368e-05,1.3381309098522271e-05,1.3621926299078384e-05,1.9631295843146607e-05,1.9631295843146607e-05,0,22,9.9999999999999998e-13
84,10,"DenseLayer( 64,1 )","weights",1.3472172739463733,1.7980012510898351e-05,1.3346047213786258e-05,1.3584762847212796e-05,1.9555573074857017e-05,1.9555573074857017e-05,0,22,9.9999999999999998e-13
84,10,"DenseLayer( 64,1 )","biases",0.00049647669815881682,1.1844385880976915e-06,0.0023811148643918308,0.0027177050691850856,0.0054742485835586364,0.004602548521274002,0,22,9.9999999999999998e-13
85,0,"Conv2DLayer(1,8,5, stride=5, padding=0)","all",1.32795014815357,2.1326211347740824e-05,1.6059501793805641e-05,1.733926250836816e-05,3.7887339163422768e-05,1.4208204827173702e-05,0,22,9.9999999999999998e-13
85,0,"Conv2DLayer(1,8,5, stride=5, padding=0)","weights",1.3279470087854623,2.097133353399532e-05,1.5792301956698832e-05,1.708541509758208e-05,3.7577600803060706e-05,1.3996660120679262e-05,0,22,9.9999999999999998e-13
85,0,"Conv2DLayer(1,8,5, stride=5, padding=0)","biases",0.0028875263157611924,3.7958184562454428e-06,0.0013143744975585871,0.0013592089493422274,0.0022201760041509378,0.0011267496217853112,0,22,9.9999999999999998e-13
85,4,"DenseLayer( 7202,128 )","all",15.871150866265696,0.0017083411931849246,0.00010763816074750338,0.00010876305249441135,0.00016468542497231084,0.00011302643057720864,0,22,9.9999999999999998e-13
85,4,"DenseLayer( 7202,128 )","weights",15.871149861264929,0.001708225995125649,0.00010763090923169007,0.00010875564484839225,0.00016467298628554476,0.00011301768640078764,0,22,9.9999999999999998e-13
85,4,"DenseLayer( 7202,128 )","biases",0.0056480782987477149,1.9791187842328132e-05,0.0035045137700377817,0.0035693119315681468,0.0056790090050065972,0.0039652361613777632,0,22,9.9999999999999998e-13
85,7,"DenseLayer( 128,64 )","all",9.2666722402273454,0.00019112889309147148,2.0625420998993239e-05,2.0963698991250273e-05,3.3022129817583342e-05,2.1199874751846816e-05,0,22,9.9999999999999998e-13
85,7,"DenseLayer( 128,64 )","weights",9.2666523108350169,0.00019052013074353163,2.0559771429994273e-05,2.0895377457267535e-05,3.287428291423922e-05,2.1064981851094921e-05,0,22,9.9999999999999998e-13
85,7,"DenseLayer( 128,64 )","biases",0.019218633845877492,1.5039227737293656e-05,0.00078264333997765212,0.000816012888602694,0.0015125292428575625,0.0011462711360489364,0,22,9.9999999999999998e-13
85,10,"DenseLayer( 64,1 )","all",1.3472518899344026,1.8309577049962823e-05,1.3590326273809963e-05,1.3873379994733595e-05,2.3509212449168146e-05,1.3308499234642377e-05,0,22,9.9999999999999998e-13
85,10,"DenseLayer( 64,1 )","weights",1.3472517934815018,1.826229649613178e-05,1.3555233067582435e-05,1.3835048103472156e-05,2.3387200747850775e-05,1.3143146119462249e-05,0,22,9.9999999999999998e-13
85,10,"DenseLayer( 64,1 )","biases",0.00050978750964118672,1.0875439990989186e-06,0.002133916953330327,0.0027267889346750344,0.0063619927326312945,0.0055426046944393841,0,22,9.9999999999999998e-13
86,0,"Conv2DLayer(1,8,5, stride=5, padding=0)","all",1.3279393119835021,2.405138537016338e-05,1.8111792936026287e-05,1.9165035717882852e-05,3.4253214474821264e-05,2.6052017941436122e-05,0,22,9.9999999999999998e-13
86,0,"Conv2DLayer(1,8,5, stride=5, padding=0)","weights",1.3279361741701357,2.3640886174469462e-05,1.7802709847384052e-05,1.8874530601250717e-05,3.4011180790481595e-05,2.5554910834381896e-05,0,22,9.9999999999999998e-13
86,0,"Conv2DLayer(1,8,5, stride=5, padding=0)","biases",0.0028867991437075626,4.30594303477839e-06,0.0014915173143047356,0.0015291096336946032,0.0023210560462666044,0.0023210560462666044,0,22,9.9999999999999998e-13
86,4,"DenseLayer( 7202,128 )","all",15.871206532903971,0.0018326058275633587,0.00011546734809722247,0.00011749851373738487,0.00016383343576180701,9.3284116605015421e-05,0,22,9.9999999999999998e-13
86,4,"DenseLayer( 7202,128 )","weights",15.871205520344809,0.0018324676737929558,0.00011545865077526035,0.0001174895376692719,0.00016381890700596606,9.3277916780188584e-05,0,22,9.9999999999999998e-13
86,4,"DenseLayer( 7202,128 )","biases",0.0056692830016730582,2.2470963636235125e-05,0.0039656968124253678,0.0040718128815975287,0.006137413455374734,0.0030029587962471919,0,22,9.9999999999999998e-13
86,7,"DenseLayer( 128,64 )","all",9.2668308239001558,0.00019215565784926357,2.0735861234644141e-05,2.1102797947057427e-05,2.7279843177143768e-05,2.3303891819377336e-05,0,22,9.9999999999999998e-13
86,7,"DenseLayer( 128,64 )","weights",9.2668104034731851,0.00019102064189414677,2.0613424867654781e-05,2.0971626534346691e-05,2.699640207722542e-05,2.3225263853515956e-05,0,22,9.9999999999999998e-13
86,7,"DenseLayer( 128,64 )","biases",0.019454039301585159,2.0486365674834329e-05,0.0010538193041618414,0.0011208468944296267,0.0018770358545589789,0.00090613424159439581,0,22,9.9999999999999998e-13
86,10,"DenseLayer( 64,1 )","all",1.3472518526696948,1.8772302175355206e-05,1.3933776317613306e-05,1.418743775415093e-05,1.9142908829019573e-05,1.5728020169540929e-05,0,22,9.9999999999999998e-13
86,10,"DenseLayer( 64,1 )","weights",1.3472517499539207,1.8600777192523755e-05,1.3806462497938694e-05,1.4043919638030403e-05,1.8651620903911082e-05,1.5727202759511238e-05,0,22,9.9999999999999998e-13
86,10,"DenseLayer( 64,1 )","biases",0.00052601296391168774,2.2177304014224899e-06,0.0042253996705852058,0.005178265235309041,0.011142137211080693,0.00041892607387311256,0,22,9.9999999999999998e-13
87,0,"Conv2DLayer(1,8,5, stride=5, padding=0)","all",1.3279485509665374,2.0365850692844806e-05,1.5336332034424044e-05,1.5984328603439765e-05,2.4992625775253499e-05,1.397197531886079e-05,0,22,9.9999999999999998e-13
87,0,"Conv2DLayer(1,8,5, stride=5, padding=0)","weights",1.3279453585432119,1.9919538697547843e-05,1.500027673969195e-05,1.565241096391439e-05,2.4533564082927575e-05,1.3657192620310847e-05,0,22,9.9999999999999998e-13
87,0,"Conv2DLayer(1,8,5, stride=5, padding=0)","biases",0.0029118138372443885,4.1836914509863499e-06,0.0014368845473250048,0.0014781291194478987,0.002183309834827861,0.0013368908581605382,0,22,9.9999999999999998e-13
87,4,"DenseLayer( 7202,128 )","all",15.871350272991068,0.0014412924530697313,9.0810961238392559e-05,9.1151790017965036e-05,0.00011389753441366616,8.4812531072134837e-05,0,22,9.9999999999999998e-13
87,4,"DenseLayer( 7202,128 )","weights",15.871349251804659,0.0014411880008768766,9.0804385901710198e-05,9.1145164680993e-05,0.00011388822013052979,8.4806297685379033e-05,0,22,9.9999999999999998e-13
87,4,"DenseLayer( 7202,128 )","biases",0.0056934338505693167,1.7344416852137354e-05,0.0030463520281777141,0.0030648886669456658,0.0040614208237644139,0.0028696279477366596,0,22,9.9999999999999998e-13
87,7,"DenseLayer( 128,64 )","all",9.2670363122298518,0.00020769624147112602,2.2412365173069536e-05,2.25157895265178e-05,2.8344947322541912e-05,2.2992391914713796e-05,0,22,9.9999999999999998e-13
87,7,"DenseLayer( 128,64 )","weights",9.2670153506456199,0.00020686705734477811,2.2322938932842386e-05,2.2425803972062332e-05,2.8242833675220659e-05,2.2897324913332009e-05,0,22,9.9999999999999998e-13
87,7,"DenseLayer( 128,64 )","biases",0.019710347446386989,1.8442382973103849e-05,0.00093566434098494764,0.00094575404280210446,0.0012187596721717326,0.00097574391144494334,0,22,9.9999999999999998e-13
87,10,"DenseLayer( 64,1 )","all",1.3472804544910422,1.9239108981115026e-05,1.4279958734864183e-05,1.4402948261291552e-05,1.8249309392678501e-05,1.6364046974357561e-05,0,22,9.9999999999999998e-13
87,10,"DenseLayer( 64,1 )","weights",1.347280350912188,1.9162416556947502e-05,1.4223035896357749e-05,1.434786882596543e-05,1.8234764233078871e-05,1.6361481783623136e-05,0,22,9.9999999999999998e-13
87,10,"DenseLayer( 64,1 )","biases",0.00052826267413117671,1.4543739697811278e-06,0.0027538756384250058,0.0032109503178382585,0.0058035575929317063,0.00073995999053539545,0,22,9.9999999999999998e-13
88,0,"Conv2DLayer(1,8,5, stride=5, padding=0)","all",1.3279499176766503,1.8114526975885434e-05,1.3640979609034141e-05,1.4791486485548016e-05,3.163509986265818e-05,3.163509986265818e-05,0,22,9.9999999999999998e-13
88,0,"Conv2DLayer(1,8,5, stride=5, padding=0)","weights",1.3279466640656226,1.7826530834702318e-05,1.3424139300613071e-05,1.45594196244344e-05,3.1074602305798262e-05,3.1074602305798262e-05,0,22,9.9999999999999998e-13
88,0,"Conv2DLayer(1,8,5, stride=5, padding=0)","biases",0.0029395962908367124,3.0849063125759582e-06,0.0010487656219198868,0.0011772258402977522,0.0026660909494784432,0.0026660909494784432,0,22,9.9999999999999998e-13
88,4,"DenseLayer( 7202,128 )","all",15.871495620712965,0.0014433163969163239,9.0937638844762166e-05,9.1315987248789124e-05,0.0001156269314196522,0.0001156269314196522,0,22,9.9999999999999998e-13
88,4,"DenseLayer( 7202,128 )","weights",15.871494598139638,0.0014432179687526396,9.09314431354562e-05,9.1309762638571519e-05,0.0001156188772508557,0.0001156188772508557,0,22,9.9999999999999998e-13
88,4,"DenseLayer( 7202,128 )","biases",0.0056973253112172235,1.6848017918532684e-05,0.0029571345973656033,0.0029714851834399744,0.003797469650804919,0.003797469650804919,0,22,9.9999999999999998e-13
88,7,"DenseLayer( 128,64 )","all",9.2672332251843414,0.00018648699493487296,2.0123262783109207e-05,2.0289281875956954e-05,2.9044125633543406e-05,2.9044125633543406e-05,0,22,9.9999999999999998e-13
88,7,"DenseLayer( 128,64 )","weights",9.2672117006431574,0.00018584617963277953,2.0054160882814451e-05,2.0219260691973434e-05,2.8937987130324497e-05,2.8937987130324497e-05,0,22,9.9999999999999998e-13
88,7,"DenseLayer( 128,64 )","biases",0.019973506978276146,1.5422685044480105e-05,0.00077205314399930041,0.00078141422679979967,0.0011445719043537389,0.0011445719043537389,0,22,9.9999999999999998e-13
88,10,"DenseLayer( 64,1 )","all",1.3472894611843962,1.6965235184804148e-05,1.259211988461579e-05,1.2754100554654945e-05,1.8440578797684876e-05,1.8440578797684876e-05,0,22,9.9999999999999998e-13
88,10,"DenseLayer( 64,1 )","weights",1.3472893569129392,1.6948743422078934e-05,1.257988017403945e-05,1.2741821000961906e-05,1.8434999561346389e-05,1.8434999561346389e-05,0,22,9.9999999999999998e-13
88,10,"DenseLayer( 64,1 )","biases",0.00053006234388290477,6.5632048062980175e-07,0.001238410131823841,0.0014230184816633527,0.0028563326215104582,0.0011532003616436335,0,22,9.9999999999999998e-13
89,0,"Conv2DLayer(1,8,5, stride=5, padding=0)","all",1.3279465664147179,3.0843345746243941e-05,2.3226328242382467e-05,2.4797138472185195e-05,4.3287553854409757e-05,1.4471283410174814e-05,0,22,9.9999999999999998e-13
89,0,"Conv2DLayer(1,8,5, stride=5, padding=0)","weights",1.3279432499203376,3.0382976036448974e-05,2.2879708036607066e-05,2.4442924048925255e-05,4.2584704973560815e-05,1.4324098088453067e-05,0,22,9.9999999999999998e-13
89,0,"Conv2DLayer(1,8,5, stride=5, padding=0)","biases",0.0029678651165064517,5.2089446624118399e-06,0.0017557917471621384,0.0018704769937511162,0.0034914889117372669,0.00091908021194825405,0,22,9.9999999999999998e-13
89,4,"DenseLayer( 7202,128 )","all",15.871617166114307,0.0016460711307179673,0.00010371163006699021,0.00010510274935506958,0.00013396371607763978,9.1705056752449166e-05,0,22,9.9999999999999998e-13
89,4,"DenseLayer( 7202,128 )","weights",15.871616139609776,0.0016459472460042595,0.00010370383134902669,0.00010509477693103945,0.00013395260167507281,9.1698403765903621e-05,0,22,9.9999999999999998e-13
89,4,"DenseLayer( 7202,128 )","biases",0.0057082814156266129,2.0183071291415554e-05,0.0035356097573318421,0.0036004897980277564,0.0047935724422823985,0.0030729830888432961,0,22,9.9999999999999998e-13
89,7,"DenseLayer( 128,64 )","all",9.2674090356079386,0.00020243925054946166,2.1844219003179855e-05,2.2192153617341971e-05,3.2141656938033265e-05,2.1851473674979758e-05,0,22,9.9999999999999998e-13
89,7,"DenseLayer( 128,64 )","weights",9.2673869662989645,0.00020159694258809664,2.1753381523421305e-05,2.2100671317448224e-05,3.2020659287862397e-05,2.1749281454361161e-05,0,22,9.9999999999999998e-13
89,7,"DenseLayer( 128,64 )","biases",0.020224896918810058,1.8388007266780254e-05,0.00090926762775052133,0.00092287414038343184,0.0012842830796210532,0.00096182682849457095,0,22,9.9999999999999998e-13
89,10,"DenseLayer( 64,1 )","all",1.3472829022607746,1.9772555713539787e-05,1.4675883228141638e-05,1.4858490935056634e-05,2.0970448821736189e-05,1.4849067276735174e-05,0,22,9.9999999999999998e-13
89,10,"DenseLayer( 64,1 )","weights",1.3472827988271259,1.9722668902638721e-05,1.4638856656199995e-05,1.482154148842941e-05,2.0947672864115731e-05,1.4821165959189273e-05,0,22,9.9999999999999998e-13
89,10,"DenseLayer( 64,1 )","biases",0.00052790330797010529,1.2797642160545697e-06,0.0024234914982656369,0.0026704635296679949,0.0042114240292917002,0.0023240677409465645,0,22,9.9999999999999998e-13
90,0,"Conv2DLayer(1,8,5, stride=5, padding=0)","all",1.3279552208218175,2.3286098092101774e-05,1.753530801512792e-05,1.85546459108983e-05,3.1720383765814436e-05,3.1720383765814436e-05,0,22,9.9999999999999998e-13
90,0,"Conv2DLayer(1,8,5, stride=5, padding=0)","weights",1.3279518505621517,2.2826102452501864e-05,1.7188957396422485e-05,1.8211794946179635e-05,3.1061973026662931e-05,3.1061973026662931e-05,0,22,9.9999999999999998e-13
90,0,"Conv2DLayer(1,8,5, stride=5, padding=0)","biases",0.0029918222767029868,4.5348731914909414e-06,0.0015153725276504432,0.0015751430155256517,0.0028501077777165662,0.0028501077777165662,0,22,9.9999999999999998e-13
90,4,"DenseLayer( 7202,128 )","all",15.871776334128235,0.0016788435886847504,0.00010577537546958503,0.00010772054502670163,0.00017994701526534242,0.00017994701526534242,0,22,9.9999999999999998e-13
90,4,"DenseLayer( 7202,128 )","weights",15.871775305322625,0.0016787270404667594,0.00010576803921691474,0.0001077129806021998,0.00017993313336840246,0.00017993313336840246,0,22,9.9999999999999998e-13
90,4,"DenseLayer( 7202,128 )","biases",0.0057147116131957129,1.9748306606099635e-05,0.0034560191492585702,0.0035479084471717478,0.0062198075120386918,0.0062198075120386918,0,22,9.9999999999999998e-13
90,7,"DenseLayer( 128,64 )","all",9.267610573444907,0.00021038495402354095,2.2701097490627209e-05,2.2964730010881598e-05,2.9761294958754634e-05,2.9761294958754634e-05,0,22,9.9999999999999998e-13
90,7,"DenseLayer( 128,64 )","weights",9.2675879515845025,0.00020959928698306921,2.2616377152003247e-05,2.2877465401027823e-05,2.9570161830894466e-05,2.9570161830894466e-05,0,22,9.9999999999999998e-13
90,7,"DenseLayer( 128,64 )","biases",0.020476735280790536,1.8040243357358743e-05,0.0008809093885374594,0.00090517678820393923,0.0015179787579783902,0.0015179787579783902,0,22,9.9999999999999998e-13
90,10,"DenseLayer( 64,1 )","all",1.3472991828628866,1.8767305516376522e-05,1.3929588303927729e-05,1.4212258779973286e-05,2.2336665782291041e-05,2.2336665782291041e-05,0,22,9.9999999999999998e-13
90,10,"DenseLayer( 64,1 )","weights",1.3472990773009266,1.87043669312732e-05,1.3882874503319296e-05,1.4156442415091295e-05,2.2057883788369198e-05,2.2057883788369198e-05,0,22,9.9999999999999998e-13
90,10,"DenseLayer( 64,1 )","biases",0.0005333244229074229,1.3001686470075087e-06,0.0024490850095769626,0.0032091698461826179,0.0090474284177183336,0.0090474284177183336,0,22,9.9999999999999998e-13
91,0,"Conv2DLayer(1,8,5, stride=5, padding=0)","all",1.3279433209395259,2.4764183412028467e-05,1.8648520891384857e-05,1.9372893654396442e-05,3.1373388544673079e-05,1.9120800302989182e-05,0,22,9.9999999999999998e-13
91,0,"Conv2DLayer(1,8,5, stride=5, padding=0)","weights",1.3279400102372498,2.4185269952542416e-05,1.8212618960929258e-05,1.8934551592870458e-05,3.0688206739810941e-05,1.8642977408228459e-05,0,22,9.9999999999999998e-13
91,0,"Conv2DLayer(1,8,5, stride=5, padding=0)","biases",0.0029652320545008478,5.2844383020868641e-06,0.0017817519916739151,0.0018342488408218418,0.0029178182890345129,0.0019169446859054473,0,22,9.9999999999999998e-13
91,4,"DenseLayer( 7202,128 )","all",15.871846003549361,0.0022526600615170233,0.00014192805786367255,0.00014362172721968684,0.00018962997683309705,0.0001496105217106803,0,22,9.9999999999999998e-13
91,4,"DenseLayer( 7202,128 )","weights",15.871844983092009,0.0022524883035792607,0.00014191724544101897,0.00014361072477542432,0.00018961414085769541,0.00014959864557399376,0,22,9.9999999999999998e-13
91,4,"DenseLayer( 7202,128 )","biases",0.0056914898710905939,2.7799607256458073e-05,0.0048842069092304439,0.0049591318781362255,0.0068311193250158962,0.0052698555775024213,0,22,9.9999999999999998e-13
91,7,"DenseLayer( 128,64 )","all",9.267775793416039,0.00022026191130490802,2.3766416983342785e-05,2.4012312207610947e-05,3.301936216012876e-05,3.301936216012876e-05,0,22,9.9999999999999998e-13
91,7,"DenseLayer( 128,64 )","weights",9.2677527315372661,0.00021899632362895063,2.362991805297931e-05,2.3872708187210756e-05,3.2808743734224504e-05,3.2808743734224504e-05,0,22,9.9999999999999998e-13
91,7,"DenseLayer( 128,64 )","biases",0.020675111085842603,2.3250040587798099e-05,0.0011242093043818092,0.0011584778989458119,0.0016603898449160399,0.0016603898449160399,0,22,9.9999999999999998e-13
91,10,"DenseLayer( 64,1 )","all",1.3472925683866108,2.0051921438726181e-05,1.48831201895692e-05,1.5102246222417574e-05,2.1528573444642362e-05,2.1528573444642362e-05,0,22,9.9999999999999998e-13
91,10,"DenseLayer( 64,1 )","weights",1.3472924641754749,1.9751497949875748e-05,1.4660138840082188e-05,1.4873257280964282e-05,2.1150964542978127e-05,2.1150964542978127e-05,0,22,9.9999999999999998e-13
91,10,"DenseLayer( 64,1 )","biases",0.00052975122658112514,3.1484947116537527e-06,0.0059408553729813829,0.0066611985134156053,0.010247480367322138,0.010247480367322138,0,22,9.9999999999999998e-13
92,0,"Conv2DLayer(1,8,5, stride=5, padding=0)","all",1.3279641755312861,2.2928289620209544e-05,1.7265717176534182e-05,1.8387490531963676e-05,3.1906040943302726e-05,1.9781114877663642e-05,0,22,9.9999999999999998e-13
92,0,"Conv2DLayer(1,8,5, stride=5, padding=0)","weights",1.3279609391049594,2.2434044031754204e-05,1.6893575228417978e-05,1.8028367954141413e-05,3.1474496812879007e-05,1.954527937947776e-05,0,22,9.9999999999999998e-13
92,0,"Conv2DLayer(1,8,5, stride=5, padding=0)","biases",0.0029318381758913149,4.6198195738297865e-06,0.0015762304487259985,0.0016389633967375137,0.0023741417547786308,0.0013811289092362392,0,22,9.9999999999999998e-13
92,4,"DenseLayer( 7202,128 )","all",15.872033897314809,0.0018801940419684272,0.00011845955618363251,0.00012077942024484019,0.00016168483667111406,0.00011512252296715915,0,22,9.9999999999999998e-13
92,4,"DenseLayer( 7202,128 )","weights",15.872032875766017,0.0018800509230690889,0.00011845054675824542,0.00012077011484937794,0.00016167104568047072,0.00011511325709651623,0,22,9.9999999999999998e-13
92,4,"DenseLayer( 7202,128 )","biases",0.0056945431071813053,2.3168231847493558e-05,0.0040684202992021436,0.0041806952626977619,0.0059079233607415692,0.0040593568799512656,0,22,9.9999999999999998e-13
92,7,"DenseLayer( 128,64 )","all",9.2680041675416494,0.00021937414007353268,2.3670067935237902e-05,2.4065334882645087e-05,3.3490970082212631e-05,2.0468788240574925e-05,0,22,9.9999999999999998e-13
92,7,"DenseLayer( 128,64 )","weights",9.2679805425094717,0.00021827053036943528,2.3551050320246907e-05,2.3939744387134366e-05,3.326691679444129e-05,2.0369946528534033e-05,0,22,9.9999999999999998e-13
92,7,"DenseLayer( 128,64 )","biases",0.020926260723412162,2.1648230066579025e-05,0.0010351107657746554,0.0010890407348592406,0.0017513018904807484,0.00088582044097608394,0,22,9.9999999999999998e-13
92,10,"DenseLayer( 64,1 )","all",1.347341569451302,1.9940454673246856e-05,1.4799874046592329e-05,1.5243073525516133e-05,2.2341129688935591e-05,1.1659202130077078e-05,0,22,9.9999999999999998e-13
92,10,"DenseLayer( 64,1 )","weights",1.3473414682719365,1.9716881400391375e-05,1.4633937554059843e-05,1.5055173346612268e-05,2.1949042824790734e-05,1.1522588935511354e-05,0,22,9.9999999999999998e-13
92,10,"DenseLayer( 64,1 )","biases",0.00052200049288909543,2.6966312857852741e-06,0.0051787380798084337,0.0061817089615986099,0.011624827911210689,0.0044950159043664712,0,22,9.9999999999999998e-13
93,0,"Conv2DLayer(1,8,5, stride=5, padding=0)","all",1.3279536603513558,2.1100993286655659e-05,1.5889849553040062e-05,1.6599491542772653e-05,2.9212089996237433e-05,1.2211408660235641e-05,0,22,9.9999999999999998e-13
93,0,"Conv2DLayer(1,8,5, stride=5, padding=0)","weights",1.3279504559122366,2.0741238690372992e-05,1.5618978582388766e-05,1.6329960841668168e-05,2.888969150695064e-05,1.2037874472766739e-05,0,22,9.9999999999999998e-13
93,0,"Conv2DLayer(1,8,5, stride=5, padding=0)","biases",0.0029172989387749493,3.8305740082800443e-06,0.0013126789032981993,0.0013554071429924587,0.0019674909064122939,0.00093479534389342772,0,22,9.9999999999999998e-13
93,4,"DenseLayer( 7202,128 )","all",15.872134860481506,0.00156095103942716,9.834537929659574e-05,9.892768637059889e-05,0.00012949600731813812,9.8138783588506894e-05,0,22,9.9999999999999998e-13
93,4,"DenseLayer( 7202,128 )","weights",15.872133831532754,0.0015608465303857452,9.8338801234785096e-05,9.892105057508516e-05,0.0001294855173892349,9.8132246294032561e-05,0,22,9.9999999999999998e-13
93,4,"DenseLayer( 7202,128 )","biases",0.0057151570571529631,1.8046083848603414e-05,0.0031578749393719923,0.0031842695929293692,0.004582921701318121,0.0031335512251009895,0,22,9.9999999999999998e-13
93,7,"DenseLayer( 128,64 )","all",9.2681793240982344,0.00019066691273675747,2.0572213488341316e-05,2.0686580720504238e-05,2.5106780755693787e-05,1.9537270665051108e-05,0,22,9.9999999999999998e-13
93,7,"DenseLayer( 128,64 )","weights",9.2681551817971233,0.00018992479029464465,2.0492194696880074e-05,2.060485206480918e-05,2.4956031847618692e-05,1.9459918210619088e-05,0,22,9.9999999999999998e-13
93,7,"DenseLayer( 128,64 )","biases",0.021154291088673234,1.6722215757831835e-05,0.0007907888412357377,0.00080572146884160965,0.0012107962346144063,0.00075706083583354218,0,22,9.9999999999999998e-13
93,10,"DenseLayer( 64,1 )","all",1.3473370490682948,1.63447693962916e-05,1.2131164699570088e-05,1.2203326193591843e-05,1.5389649096680073e-05,1.2803592178057913e-05,0,22,9.9999999999999998e-13
93,10,"DenseLayer( 64,1 )","weights",1.3473369459190696,1.6277219721568786e-05,1.2081030016926663e-05,1.2150388176985114e-05,1.5170382471523916e-05,1.2803449918197797e-05,0,22,9.9999999999999998e-13
93,10,"DenseLayer( 64,1 )","biases",0.00052718522122383797,1.2929535428570076e-06,0.0024526004880510437,0.0028983215073453005,0.0065679362513711287,0.00015248584557208078,0,22,9.9999999999999998e-13
94,0,"Conv2DLayer(1,8,5, stride=5, padding=0)","all",1.3279458783915683,2.704144304724461e-05,2.0363376420823346e-05,2.1361843543374035e-05,3.4712789334034877e-05,1.7416320791547857e-05,0,22,9.9999999999999998e-13
94,0,"Conv2DLayer(1,8,5, stride=5, padding=0)","weights",1.3279426137734371,2.641750636406404e-05,1.9893574849695139e-05,2.0903409809599287e-05,3.4280334803199566e-05,1.6963335817866591e-05,0,22,9.9999999999999998e-13
94,0,"Conv2DLayer(1,8,5, stride=5, padding=0)","biases",0.0029444801307985137,5.691384848477378e-06,0.0019322322973823799,0.0019840089587565557,0.0026211547387043929,0.0017596996027722581,0,22,9.9999999999999998e-13
94,4,"DenseLayer( 7202,128 )","all",15.872287147660382,0.0016994619065194728,0.0001070710167731411,0.0001083058612532683,0.00014262773955950217,0.00011902350411540025,0,22,9.9999999999999998e-13
94,4,"DenseLayer( 7202,128 )","weights",15.872286107881473,0.0016993353669107298,0.00010706305142599422,0.00010829772153991168,0.00014261630129719388,0.00011901454693323633,0,22,9.9999999999999998e-13
94,4,"DenseLayer( 7202,128 )","biases",0.0057452008553745557,2.0721096663491492e-05,0.0036066184324892166,0.0036698071191564072,0.0049901367837041676,0.0040367507481634448,0,22,9.9999999999999998e-13
94,7,"DenseLayer( 128,64 )","all",9.2683771187527118,0.00019798870883926578,2.1361771075344482e-05,2.1883669024343751e-05,2.9992131414496672e-05,1.8189114371627418e-05,0,22,9.9999999999999998e-13
94,7,"DenseLayer( 128,64 )","weights",9.2683523333453603,0.00019711397391958908,2.1267449289087567e-05,2.1786446694121401e-05,2.9848684583804486e-05,1.8119386321656733e-05,0,22,9.9999999999999998e-13
94,7,"DenseLayer( 128,64 )","biases",0.021434413693106797,1.8519000425348741e-05,0.00086467213825680903,0.00089262963894402609,0.0013432160588567139,0.00068535365216137903,0,22,9.9999999999999998e-13
94,10,"DenseLayer( 64,1 )","all",1.3473471922246401,1.8590704361541698e-05,1.3798023753238116e-05,1.4072973254966218e-05,1.9545918859885061e-05,1.2024475666165632e-05,0,22,9.9999999999999998e-13
94,10,"DenseLayer( 64,1 )","weights",1.3473470881244065,1.8510716810607362e-05,1.3738658250888311e-05,1.4013259821972833e-05,1.938906249765618e-05,1.1980370665341913e-05,0,22,9.9999999999999998e-13
94,10,"DenseLayer( 64,1 )","biases",0.00052960804102688348,1.4893091495402835e-06,0.0028089641664599051,0.0032914673978634485,0.0062780205078564431,0.0025674880573051,0,22,9.9999999999999998e-13
95,0,"Conv2DLayer(1,8,5, stride=5, padding=0)","all",1.3279207380196518,1.9840504898760994e-05,1.4941028914870445e-05,1.5464126020892167e-05,2.1840260124332784e-05,2.0338136457066906e-05,0,22,9.9999999999999998e-13
95,0,"Conv2DLayer(1,8,5, stride=5, padding=0)","weights",1.3279173658196228,1.9267732670427085e-05,1.450973568086034e-05,1.5052140796847547e-05,2.1441015248325213e-05,1.9933528757872177e-05,0,22,9.9999999999999998e-13
95,0,"Conv2DLayer(1,8,5, stride=5, padding=0)","biases",0.0029926499051618626,4.6632898654565464e-06,0.0015582591426459582,0.0015734216282390116,0.0018772355101664578,0.0017850583351036282,0,22,9.9999999999999998e-13
95,4,"DenseLayer( 7202,128 )","all",15.872414252226623,0.0015529398752656856,9.7838917665263257e-05,9.8087133807990497e-05,0.00011420917547074299,9.6199537213982925e-05,0,22,9.9999999999999998e-13
95,4,"DenseLayer( 7202,128 )","weights",15.87241320981579,0.001552836684100014,9.783242280074615e-05,9.8080636501370879e-05,0.00011420170879623312,9.6192541240632516e-05,0,22,9.9999999999999998e-13
95,4,"DenseLayer( 7202,128 )","biases",0.005752484643301586,1.7888465523451729e-05,0.0031097140756498843,0.0031166566545259827,0.0036060707102165781,0.0031961507998683092,0,22,9.9999999999999998e-13
95,7,"DenseLayer( 128,64 )","all",9.2685356549089963,0.00020422331673522674,2.2034042539437321e-05,2.214823725201734e-05,2.7101599192852687e-05,2.0413872985784928e-05,0,22,9.9999999999999998e-13
95,7,"DenseLayer( 128,64 )","weights",9.2685102926184388,0.00020342704951535433,2.194819181369497e-05,2.2061870811422673e-05,2.70130783746864e-05,2.0349215357884318e-05,0,22,9.9999999999999998e-13
95,7,"DenseLayer( 128,64 )","biases",0.021682563770023408,1.7989395621802676e-05,0.00082967322243603862,0.00083558247905481304,0.0010276217160516863,0.00068938434345458522,0,22,9.9999999999999998e-13
95,10,"DenseLayer( 64,1 )","all",1.3473364372005256,1.962399385335998e-05,1.4565024869590913e-05,1.4643562741319833e-05,1.7914838711171624e-05,1.4644506488720643e-05,0,22,9.9999999999999998e-13
95,10,"DenseLayer( 64,1 )","weights",1.347336329119013,1.9607690209862633e-05,1.4552925380779537e-05,1.463134269291731e-05,1.7912240602099293e-05,1.46439455438684e-05,0,22,9.9999999999999998e-13
95,10,"DenseLayer( 64,1 )","biases",0.00053966553109189999,6.4473715610802174e-07,0.0011931612272728055,0.0014905498628488662,0.0030183466891833001,0.00032232053420558842,0,22,9.9999999999999998e-13
96,0,"Conv2DLayer(1,8,5, stride=5, padding=0)","all",1.3278972900214137,2.1660261838106081e-05,1.6311684000570492e-05,1.806156968630573e-05,4.0428082057672018e-05,9.2163362108380172e-06,0,22,9.9999999999999998e-13
96,0,"Conv2DLayer(1,8,5, stride=5, padding=0)","weights",1.3278939077706284,2.1064604726668806e-05,1.5863152398357342e-05,1.7652661718424609e-05,3.9804409750159455e-05,9.0513872488054256e-06,0,22,9.9999999999999998e-13
96,0,"Conv2DLayer(1,8,5, stride=5, padding=0)","biases",0.0029970863795154702,4.8444606348085303e-06,0.0016160423531027884,0.0016925494614216401,0.0031289788431222766,0.00077148916618915097,0,22,9.9999999999999998e-13
96,4,"DenseLayer( 7202,128 )","all",15.872472326219219,0.0015168399884896724,9.5564183749899325e-05,9.611887715096802e-05,0.0001289739972191503,9.0205430686017673e-05,0,22,9.9999999999999998e-13
96,4,"DenseLayer( 7202,128 )","weights",15.872471288290894,0.001516729750812454,9.5557244789506611e-05,9.6111839729573178e-05,0.00012896312066942926,9.0199163427134288e-05,0,22,9.9999999999999998e-13
96,4,"DenseLayer( 7202,128 )","biases",0.005740102602857804,1.8265644880028771e-05,0.0031816853120647461,0.0032167658957580835,0.0046248073688299656,0.0029504998196929165,0,22,9.9999999999999998e-13
96,7,"DenseLayer( 128,64 )","all",9.2687160101311985,0.00019452526300204397,2.0987289437224389e-05,2.1138038370368355e-05,2.7857489301235042e-05,2.1115333083147964e-05,0,22,9.9999999999999998e-13
96,7,"DenseLayer( 128,64 )","weights",9.268690040341129,0.00019374056438996952,2.0902687049469106e-05,2.1052712954148858e-05,2.7734214160071122e-05,2.1034135950761308e-05,0,22,9.9999999999999998e-13
96,7,"DenseLayer( 128,64 )","biases",0.02194103718968517,1.7365090015583587e-05,0.00079139322700840279,0.00080166078244735294,0.0011020022333047079,0.00077753427416123806,0,22,9.9999999999999998e-13
96,10,"DenseLayer( 64,1 )","all",1.3473277071701988,1.8195255180018119e-05,1.3504693286804376e-05,1.3607460846637442e-05,1.755833755860831e-05,1.2767364313491253e-05,0,22,9.9999999999999998e-13
96,10,"DenseLayer( 64,1 )","weights",1.3473275959405755,1.8141953716613602e-05,1.3465133847295481e-05,1.3567591136074014e-05,1.7526195118269592e-05,1.2733753736882955e-05,0,22,9.9999999999999998e-13
96,10,"DenseLayer( 64,1 )","biases",0.00054744959925301373,1.1908176185732537e-06,0.0021816427013119236,0.0025746686845595991,0.0047206187591038746,0.002260983547889383,0,22,9.9999999999999998e-13
97,0,"Conv2DLayer(1,8,5, stride=5, padding=0)","all",1.3279037164620482,1.9882585326401284e-05,1.4972903267630361e-05,1.5610080763974462e-05,2.5846593632602554e-05,8.5901258585163146e-06,0,22,9.9999999999999998e-13
97,0,"Conv2DLayer(1,8,5, stride=5, padding=0)","weights",1.3279003860880199,1.9521353809940348e-05,1.4700908516677718e-05,1.534543767351455e-05,2.5521952635160577e-05,8.2466480981253242e-06,0,22,9.9999999999999998e-13
97,0,"Conv2DLayer(1,8,5, stride=5, padding=0)","biases",0.0029740177697967518,3.6963557002202765e-06,0.0012427456905804023,0.0012778425222622117,0.0018278603379737295,0.0010736521377152069,0,22,9.9999999999999998e-13
97,4,"DenseLayer( 7202,128 )","all",15.872557062114256,0.0014659293457337315,9.235622038228376e-05,9.275060539068202e-05,0.00011068146488868093,0.00010502992540177023,0,22,9.9999999999999998e-13
97,4,"DenseLayer( 7202,128 )","weights",15.872556037428019,0.0014658258059466712,9.2349703149201414e-05,9.2744037815268784e-05,0.00011067291078051347,0.00010502226512046916,0,22,9.9999999999999998e-13
97,4,"DenseLayer( 7202,128 )","biases",0.0057033876064788826,1.7411032162524864e-05,0.0030527947075591594,0.0030732433513155017,0.0038396507906204255,0.0035360929709914138,0,22,9.9999999999999998e-13
97,7,"DenseLayer( 128,64 )","all",9.2689406128450944,0.00019192272991954345,2.0706012732884471e-05,2.0872417574963651e-05,2.6131933962431357e-05,2.3468787375395094e-05,0,22,9.9999999999999998e-13
97,7,"DenseLayer( 128,64 )","weights",9.268914090630803,0.00019134491384285523,2.064373277048548e-05,2.0808307543161522e-05,2.6039349135758826e-05,2.3396742642288615e-05,0,22,9.9999999999999998e-13
97,7,"DenseLayer( 128,64 )","biases",0.022173474663793324,1.4769834337678919e-05,0.00066628047179484592,0.00068401053514701143,0.00092252543267623793,0.00076608416502570251,0,22,9.9999999999999998e-13
97,10,"DenseLayer( 64,1 )","all",1.3473597095339933,1.5557268992768185e-05,1.1546484493040037e-05,1.1755852353934912e-05,1.6494018989199751e-05,1.3953276192241375e-05,0,22,9.9999999999999998e-13
97,10,"DenseLayer( 64,1 )","weights",1.3473595998816184,1.5492812998866464e-05,1.1498646887036566e-05,1.1708190801965235e-05,1.6487676531366932e-05,1.3921509223584572e-05,0,22,9.9999999999999998e-13
97,10,"DenseLayer( 64,1 )","biases",0.00054354042830792343,1.236841357736425e-06,0.0022735048957237768,0.002617604555423962,0.0046607056371950357,0.0023448521603115849,0,22,9.9999999999999998e-13
98,0,"Conv2DLayer(1,8,5, stride=5, padding=0)","all",1.3278926069226062,2.2977316749585379e-05,1.7303582880906326e-05,1.8019218419476785e-05,2.9911860777665663e-05,1.8177871323869961e-05,0,22,9.9999999999999998e-13
98,0,"Conv2DLayer(1,8,5, stride=5, padding=0)","weights",1.3278892509020304,2.2475217268263904e-05,1.692550816658075e-05,1.763832051765962e-05,2.9356022826372521e-05,1.7888957098494143e-05,0,22,9.9999999999999998e-13
98,0,"Conv2DLayer(1,8,5, stride=5, padding=0)","biases",0.0029854351318177666,4.7475493320926888e-06,0.0015901032734171238,0.0016390757218521415,0.0025519447706216303,0.001439215942632415,0,22,9.9999999999999998e-13
98,4,"DenseLayer( 7202,128 )","all",15.872624043197371,0.0016848882807945513,0.0001061505840709237,0.00010673030551189984,0.00012659790962473528,9.8043046429509281e-05,0,22,9.9999999999999998e-13
98,4,"DenseLayer( 7202,128 )","weights",15.872623019693094,0.0016847630973533389,0.00010614270416374702,0.00010672236133138044,0.00012658838076943859,9.8036963257974857e-05,0,22,9.9999999999999998e-13
98,4,"DenseLayer( 7202,128 )","biases",0.0057001143310057758,2.0527738840025207e-05,0.0036011224315842796,0.0036273597406024805,0.0043240004378796775,0.0030519830208159192,0,22,9.9999999999999998e-13
98,7,"DenseLayer( 128,64 )","all",9.2691355895344341,0.00021360018650094185,2.3044247321029238e-05,2.3179431025845921e-05,2.7952337655614375e-05,2.0439068574054531e-05,0,22,9.9999999999999998e-13
98,7,"DenseLayer( 128,64 )","weights",9.269108539900877,0.00021259028283358082,2.2935360833916738e-05,2.3069229222135185e-05,2.7806310764780802e-05,2.03529462346715e-05,0,22,9.9999999999999998e-13
98,7,"DenseLayer( 128,64 )","biases",0.022392982189594568,2.0704026734996419e-05,0.0009247269893078049,0.00093502608926242887,0.001230377810195329,0.0007717754194870041,0,22,9.9999999999999998e-13
98,10,"DenseLayer( 64,1 )","all",1.3473653093587961,1.9500716742772185e-05,1.4473217589893396e-05,1.4580800880091004e-05,1.8368612190316199e-05,1.3500326301310918e-05,0,22,9.9999999999999998e-13
98,10,"DenseLayer( 64,1 )","weights",1.347365198575085,1.9378703169291328e-05,1.4382661587668874e-05,1.4488229016599659e-05,1.8233221575853256e-05,1.3391304725347827e-05,0,22,9.9999999999999998e-13
98,10,"DenseLayer( 64,1 )","biases",0.00054635567886924207,2.0680626303973524e-06,0.0037874343315789909,0.0040510442370798117,0.0064183592059049886,0.0041885735240810747,0,22,9.9999999999999998e-13
99,0,"Conv2DLayer(1,8,5, stride=5, padding=0)","all",1.3278764866994148,2.1026678866130904e-05,1.5834807212925399e-05,1.6297906198427217e-05,2.2592017713439744e-05,1.0591779807201668e-05,0,22,9.9999999999999998e-13
99,0,"Conv2DLayer(1,8,5, stride=5, padding=0)","weights",1.327873106481134,2.0474778491942308e-05,1.541921986227924e-05,1.5910216919190704e-05,2.23045813086429e-05,9.912715250636331e-06,0,22,9.9999999999999998e-13
99,0,"Conv2DLayer(1,8,5, stride=5, padding=0)","biases",0.0029961402430751876,4.6480683206990858e-06,0.0015510577771134125,0.0015656017318554016,0.0019929109860121717,0.0016415433988737423,0,22,9.9999999999999998e-13
99,4,"DenseLayer( 7202,128 )","all",15.872682928602044,0.0014727040231702806,9.2782302098609062e-05,9.2957832675380237e-05,0.00010141612797049681,0.00010141612797049681,0,22,9.9999999999999998e-13
99,4,"DenseLayer( 7202,128 )","weights",15.872681916657143,0.0014726068149374138,9.2776183766938048e-05,9.2951692812535041e-05,0.00010140886936632162,0.00010140886936632162,0,22,9.9999999999999998e-13
99,4,"DenseLayer( 7202,128 )","biases",0.0056678511879621587,1.6911345701342509e-05,0.002983660839282842,0.0029933078436524007,0.0033962416882453474,0.0033962416882453474,0,22,9.9999999999999998e-13
99,7,"DenseLayer( 128,64 )","all",9.269313534403647,0.0001985997534169524,2.1425511645742466e-05,2.158423814296899e-05,2.6150818016200484e-05,2.1631183316727477e-05,0,22,9.9999999999999998e-13
99,7,"DenseLayer( 128,64 )","weights",9.2692858334400547,0.00019785240673205292,2.1344949476555892e-05,2.1502800214915657e-05,2.6046319987202463e-05,2.1551217298133698e-05,0,22,9.9999999999999998e-13
99,7,"DenseLayer( 128,64 )","biases",0.022661234013490128,1.7138949638897908e-05,0.00075647889122349668,0.00076686329456704936,0.00095897433059479581,0.00075627864152085574,0,22,9.9999999999999998e-13
99,10,"DenseLayer( 64,1 )","all",1.3473495368383883,1.7972560534396968e-05,1.3339195571254375e-05,1.3473384399729239e-05,1.6855227828828672e-05,1.2186350335005514e-05,0,22,9.9999999999999998e-13
99,10,"DenseLayer( 64,1 )","weights",1.3473494204851679,1.7905523104324687e-05,1.3289441524470757e-05,1.3422976429356936e-05,1.6851151161179814e-05,1.2126481595023669e-05,0,22,9.9999999999999998e-13
99,10,"DenseLayer( 64,1 )","biases",0.00055992669447071171,1.299523071131923e-06,0.0023266416249850155,0.0028111075150804104,0.0050640263661273464,0.0029247878044297545,0,22,9.9999999999999998e-13
100,0,"Conv2DLayer(1,8,5, stride=5, padding=0)","all",1.3278638355891101,1.6368888848324861e-05,1.2327227553752226e-05,1.3062463556861899e-05,2.1088392882683139e-05,9.6464145541692505e-06,0,22,9.9999999999999998e-13
100,0,"Conv2DLayer(1,8,5, stride=5, padding=0)","weights",1.3278603745015478,1.5865153194302338e-05,1.1947901140908644e-05,1.2709250370982674e-05,2.0908677414820595e-05,9.4697159467469376e-06,0,22,9.9999999999999998e-13
100,0,"Conv2DLayer(1,8,5, stride=5, padding=0)","biases",0.0030317760370436888,3.8293690530165142e-06,0.0012635533024237229,0.0013223838461603576,0.0019148415749788217,0.00080343674378360007,0,22,9.9999999999999998e-13
100,4,"DenseLayer( 7202,128 )","all",15.872853145665625,0.0016628236919033433,0.0001047589941980943,0.00010585650711215462,0.00013890195408435571,9.0966523419604259e-05,0,22,9.9999999999999998e-13
100,4,"DenseLayer( 7202,128 )","weights",15.87285212381051,0.0016627194769682377,0.00010475243532957106,0.00010584987136426652,0.00013889343400243706,9.0960981301569892e-05,0,22,9.9999999999999998e-13
100,4,"DenseLayer( 7202,128 )","biases",0.0056955529415826361,1.8581382944988837e-05,0.0032630750577725322,0.0033060976877691867,0.004300043690592178,0.0027899966258585797,0,22,9.9999999999999998e-13
100,7,"DenseLayer( 128,64 )","all",9.2694705995013944,0.00019549354688078245,2.1090045060730503e-05,2.1192101443661437e-05,2.5705591851058524e-05,1.9874508629487117e-05,0,22,9.9999999999999998e-13
100,7,"DenseLayer( 128,64 )","weights",9.2694422693984038,0.00019465291416500993,2.0999420920323698e-05,2.1101042011758378e-05,2.5584958638048264e-05,1.9821880927523479e-05,0,22,9.9999999999999998e-13
100,7,"DenseLayer( 128,64 )","biases",0.022917326305730099,1.8004825393878546e-05,0.00078566784435844122,0.00079406719522830138,0.0010072884446680585,0.00058188142775864721,0,22,9.9999999999999998e-13
100,10,"DenseLayer( 64,1 )","all",1.3473431712242905,1.7428577557588502e-05,1.2935513784612085e-05,1.306499163172889e-05,1.6306180646199757e-05,1.1489766200240056e-05,0,22,9.9999999999999998e-13
100,10,"DenseLayer( 64,1 )","weights",1.347343053168865,1.7334775070417275e-05,1.2865894683217811e-05,1.2994462718060285e-05,1.6242638947515981e-05,1.1437578328807279e-05,0,22,9.9999999999999998e-13
100,10,"DenseLayer( 64,1 )","biases",0.00056397490764290774,1.5780043957585639e-06,0.0027926273414418234,0.0032305465877563357,0.0057985846044700372,0.0025414838009516312,0,22,9.9999999999999998e-13
