epoch,layer_index,layer_name,phase,bin_edges,counts,total_population
1,1,"LeakyReLULayer( 0.050000 )",pre_activation,"-10;-9.6875;-9.375;-9.0625;-8.75;-8.4375;-8.125;-7.8125;-7.5;-7.1875;-6.875;-6.5625;-6.25;-5.9375;-5.625;-5.3125;-5;-4.6875;-4.375;-4.0625;-3.75;-3.4375;-3.125;-2.8125;-2.5;-2.1875;-1.875;-1.5625;-1.25;-0.9375;-0.625;-0.3125;0;0.3125;0.625;0.9375;1.25;1.5625;1.875;2.1875;2.5;2.8125;3.125;3.4375;3.75;4.0625;4.375;4.6875;5;5.3125;5.625;5.9375;6.25;6.5625;6.875;7.1875;7.5;7.8125;8.125;8.4375;8.75;9.0625;9.375;9.6875;10","0;0;0;0;0;0;0;0;0;0;0;0;0;0;0;0;0;0;0;54;457;1498;3544;7105;13116;29505;61235;108710;201102;415000;1058188;2975276;2995216;1172492;411214;210230;102672;69499;24144;3743;0;0;0;0;0;0;0;0;0;0;0;0;0;0;0;0;0;0;0;0;0;0;0;0",9864000
1,1,"LeakyReLULayer( 0.050000 )",post_activation,"-10;-9.6875;-9.375;-9.0625;-8.75;-8.4375;-8.125;-7.8125;-7.5;-7.1875;-6.875;-6.5625;-6.25;-5.9375;-5.625;-5.3125;-5;-4.6875;-4.375;-4.0625;-3.75;-3.4375;-3.125;-2.8125;-2.5;-2.1875;-1.875;-1.5625;-1.25;-0.9375;-0.625;-0.3125;0;0.3125;0.625;0.9375;1.25;1.5625;1.875;2.1875;2.5;2.8125;3.125;3.4375;3.75;4.0625;4.375;4.6875;5;5.3125;5.625;5.9375;6.25;6.5625;6.875;7.1875;7.5;7.8125;8.125;8.4375;8.75;9.0625;9.375;9.6875;10","0;0;0;0;0;0;0;0;0;0;0;0;0;0;0;0;0;0;0;0;0;0;0;0;0;0;0;0;0;0;0;4874790;2995216;1172492;411214;210230;102672;69499;24144;3743;0;0;0;0;0;0;0;0;0;0;0;0;0;0;0;0;0;0;0;0;0;0;0;0",9864000
1,5,"LeakyReLULayer( 0.050000 )",pre_activation,"-10;-9.6875;-9.375;-9.0625;-8.75;-8.4375;-8.125;-7.8125;-7.5;-7.1875;-6.875;-6.5625;-6.25;-5.9375;-5.625;-5.3125;-5;-4.6875;-4.375;-4.0625;-3.75;-3.4375;-3.125;-2.8125;-2.5;-2.1875;-1.875;-1.5625;-1.25;-0.9375;-0.625;-0.3125;0;0.3125;0.625;0.9375;1.25;1.5625;1.875;2.1875;2.5;2.8125;3.125;3.4375;3.75;4.0625;4.375;4.6875;5;5.3125;5.625;5.9375;6.25;6.5625;6.875;7.1875;7.5;7.8125;8.125;8.4375;8.75;9.0625;9.375;9.6875;10","0;0;0;0;0;0;0;0;0;0;0;0;0;0;0;0;0;0;0;0;0;0;0;0;0;3;58;538;3389;13713;26437;41654;45935;28099;9361;4287;1702;184;0;0;0;0;0;0;0;0;0;0;0;0;0;0;0;0;0;0;0;0;0;0;0;0;0;0",175360
1,5,"LeakyReLULayer( 0.050000 )",post_activation,"-10;-9.6875;-9.375;-9.0625;-8.75;-8.4375;-8.125;-7.8125;-7.5;-7.1875;-6.875;-6.5625;-6.25;-5.9375;-5.625;-5.3125;-5;-4.6875;-4.375;-4.0625;-3.75;-3.4375;-3.125;-2.8125;-2.5;-2.1875;-1.875;-1.5625;-1.25;-0.9375;-0.625;-0.3125;0;0.3125;0.625;0.9375;1.25;1.5625;1.875;2.1875;2.5;2.8125;3.125;3.4375;3.75;4.0625;4.375;4.6875;5;5.3125;5.625;5.9375;6.25;6.5625;6.875;7.1875;7.5;7.8125;8.125;8.4375;8.75;9.0625;9.375;9.6875;10","0;0;0;0;0;0;0;0;0;0;0;0;0;0;0;0;0;0;0;0;0;0;0;0;0;0;0;0;0;0;0;85792;45935;28099;9361;4287;1702;184;0;0;0;0;0;0;0;0;0;0;0;0;0;0;0;0;0;0;0;0;0;0;0;0;0;0",175360
1,8,"LeakyReLULayer( 0.050000 )",pre_activation,"-10;-9.6875;-9.375;-9.0625;-8.75;-8.4375;-8.125;-7.8125;-7.5;-7.1875;-6.875;-6.5625;-6.25;-5.9375;-5.625;-5.3125;-5;-4.6875;-4.375;-4.0625;-3.75;-3.4375;-3.125;-2.8125;-2.5;-2.1875;-1.875;-1.5625;-1.25;-0.9375;-0.625;-0.3125;0;0.3125;0.625;0.9375;1.25;1.5625;1.875;2.1875;2.5;2.8125;3.125;3.4375;3.75;4.0625;4.375;4.6875;5;5.3125;5.625;5.9375;6.25;6.5625;6.875;7.1875;7.5;7.8125;8.125;8.4375;8.75;9.0625;9.375;9.6875;10","0;0;0;0;0;0;0;0;0;0;0;0;0;0;0;0;0;0;0;0;0;0;0;0;0;0;0;47;743;4713;12305;25266;24732;15167;3650;913;143;1;0;0;0;0;0;0;0;0;0;0;0;0;0;0;0;0;0;0;0;0;0;0;0;0;0;0",87680
1,8,"LeakyReLULayer( 0.050000 )",post_activation,"-10;-9.6875;-9.375;-9.0625;-8.75;-8.4375;-8.125;-7.8125;-7.5;-7.1875;-6.875;-6.5625;-6.25;-5.9375;-5.625;-5.3125;-5;-4.6875;-4.375;-4.0625;-3.75;-3.4375;-3.125;-2.8125;-2.5;-2.1875;-1.875;-1.5625;-1.25;-0.9375;-0.625;-0.3125;0;0.3125;0.625;0.9375;1.25;1.5625;1.875;2.1875;2.5;2.8125;3.125;3.4375;3.75;4.0625;4.375;4.6875;5;5.3125;5.625;5.9375;6.25;6.5625;6.875;7.1875;7.5;7.8125;8.125;8.4375;8.75;9.0625;9.375;9.6875;10","0;0;0;0;0;0;0;0;0;0;0;0;0;0;0;0;0;0;0;0;0;0;0;0;0;0;0;0;0;0;0;43074;24732;15167;3650;913;143;1;0;0;0;0;0;0;0;0;0;0;0;0;0;0;0;0;0;0;0;0;0;0;0;0;0;0",87680
2,1,"LeakyReLULayer( 0.050000 )",pre_activation,"-10;-9.6875;-9.375;-9.0625;-8.75;-8.4375;-8.125;-7.8125;-7.5;-7.1875;-6.875;-6.5625;-6.25;-5.9375;-5.625;-5.3125;-5;-4.6875;-4.375;-4.0625;-3.75;-3.4375;-3.125;-2.8125;-2.5;-2.1875;-1.875;-1.5625;-1.25;-0.9375;-0.625;-0.3125;0;0.3125;0.625;0.9375;1.25;1.5625;1.875;2.1875;2.5;2.8125;3.125;3.4375;3.75;4.0625;4.375;4.6875;5;5.3125;5.625;5.9375;6.25;6.5625;6.875;7.1875;7.5;7.8125;8.125;8.4375;8.75;9.0625;9.375;9.6875;10","0;0;0;0;0;0;0;0;0;0;0;0;0;0;0;0;0;0;0;58;461;1521;3555;7127;13225;29714;61771;109969;203220;419084;1059272;2965224;2984507;1175655;414747;213229;103897;69599;24384;3781;0;0;0;0;0;0;0;0;0;0;0;0;0;0;0;0;0;0;0;0;0;0;0;0",9864000
2,1,"LeakyReLULayer( 0.050000 )",post_activation,"-10;-9.6875;-9.375;-9.0625;-8.75;-8.4375;-8.125;-7.8125;-7.5;-7.1875;-6.875;-6.5625;-6.25;-5.9375;-5.625;-5.3125;-5;-4.6875;-4.375;-4.0625;-3.75;-3.4375;-3.125;-2.8125;-2.5;-2.1875;-1.875;-1.5625;-1.25;-0.9375;-0.625;-0.3125;0;0.3125;0.625;0.9375;1.25;1.5625;1.875;2.1875;2.5;2.8125;3.125;3.4375;3.75;4.0625;4.375;4.6875;5;5.3125;5.625;5.9375;6.25;6.5625;6.875;7.1875;7.5;7.8125;8.125;8.4375;8.75;9.0625;9.375;9.6875;10","0;0;0;0;0;0;0;0;0;0;0;0;0;0;0;0;0;0;0;0;0;0;0;0;0;0;0;0;0;0;0;4874201;2984507;1175655;414747;213229;103897;69599;24384;3781;0;0;0;0;0;0;0;0;0;0;0;0;0;0;0;0;0;0;0;0;0;0;0;0",9864000
2,5,"LeakyReLULayer( 0.050000 )",pre_activation,"-10;-9.6875;-9.375;-9.0625;-8.75;-8.4375;-8.125;-7.8125;-7.5;-7.1875;-6.875;-6.5625;-6.25;-5.9375;-5.625;-5.3125;-5;-4.6875;-4.375;-4.0625;-3.75;-3.4375;-3.125;-2.8125;-2.5;-2.1875;-1.875;-1.5625;-1.25;-0.9375;-0.625;-0.3125;0;0.3125;0.625;0.9375;1.25;1.5625;1.875;2.1875;2.5;2.8125;3.125;3.4375;3.75;4.0625;4.375;4.6875;5;5.3125;5.625;5.9375;6.25;6.5625;6.875;7.1875;7.5;7.8125;8.125;8.4375;8.75;9.0625;9.375;9.6875;10","0;0;0;0;0;0;0;0;0;0;0;0;0;0;0;0;0;0;0;0;0;0;0;0;0;20;142;967;3934;13895;25431;35730;41668;34874;11018;4749;2429;503;0;0;0;0;0;0;0;0;0;0;0;0;0;0;0;0;0;0;0;0;0;0;0;0;0;0",175360
2,5,"LeakyReLULayer( 0.050000 )",post_activation,"-10;-9.6875;-9.375;-9.0625;-8.75;-8.4375;-8.125;-7.8125;-7.5;-7.1875;-6.875;-6.5625;-6.25;-5.9375;-5.625;-5.3125;-5;-4.6875;-4.375;-4.0625;-3.75;-3.4375;-3.125;-2.8125;-2.5;-2.1875;-1.875;-1.5625;-1.25;-0.9375;-0.625;-0.3125;0;0.3125;0.625;0.9375;1.25;1.5625;1.875;2.1875;2.5;2.8125;3.125;3.4375;3.75;4.0625;4.375;4.6875;5;5.3125;5.625;5.9375;6.25;6.5625;6.875;7.1875;7.5;7.8125;8.125;8.4375;8.75;9.0625;9.375;9.6875;10","0;0;0;0;0;0;0;0;0;0;0;0;0;0;0;0;0;0;0;0;0;0;0;0;0;0;0;0;0;0;0;80119;41668;34874;11018;4749;2429;503;0;0;0;0;0;0;0;0;0;0;0;0;0;0;0;0;0;0;0;0;0;0;0;0;0;0",175360
2,8,"LeakyReLULayer( 0.050000 )",pre_activation,"-10;-9.6875;-9.375;-9.0625;-8.75;-8.4375;-8.125;-7.8125;-7.5;-7.1875;-6.875;-6.5625;-6.25;-5.9375;-5.625;-5.3125;-5;-4.6875;-4.375;-4.0625;-3.75;-3.4375;-3.125;-2.8125;-2.5;-2.1875;-1.875;-1.5625;-1.25;-0.9375;-0.625;-0.3125;0;0.3125;0.625;0.9375;1.25;1.5625;1.875;2.1875;2.5;2.8125;3.125;3.4375;3.75;4.0625;4.375;4.6875;5;5.3125;5.625;5.9375;6.25;6.5625;6.875;7.1875;7.5;7.8125;8.125;8.4375;8.75;9.0625;9.375;9.6875;10","0;0;0;0;0;0;0;0;0;0;0;0;0;0;0;0;0;0;0;0;0;0;0;0;0;0;0;150;1418;6482;11205;25232;19933;13734;6571;2177;578;173;27;0;0;0;0;0;0;0;0;0;0;0;0;0;0;0;0;0;0;0;0;0;0;0;0;0",87680
2,8,"LeakyReLULayer( 0.050000 )",post_activation,"-10;-9.6875;-9.375;-9.0625;-8.75;-8.4375;-8.125;-7.8125;-7.5;-7.1875;-6.875;-6.5625;-6.25;-5.9375;-5.625;-5.3125;-5;-4.6875;-4.375;-4.0625;-3.75;-3.4375;-3.125;-2.8125;-2.5;-2.1875;-1.875;-1.5625;-1.25;-0.9375;-0.625;-0.3125;0;0.3125;0.625;0.9375;1.25;1.5625;1.875;2.1875;2.5;2.8125;3.125;3.4375;3.75;4.0625;4.375;4.6875;5;5.3125;5.625;5.9375;6.25;6.5625;6.875;7.1875;7.5;7.8125;8.125;8.4375;8.75;9.0625;9.375;9.6875;10","0;0;0;0;0;0;0;0;0;0;0;0;0;0;0;0;0;0;0;0;0;0;0;0;0;0;0;0;0;0;0;44487;19933;13734;6571;2177;578;173;27;0;0;0;0;0;0;0;0;0;0;0;0;0;0;0;0;0;0;0;0;0;0;0;0;0",87680
3,1,"LeakyReLULayer( 0.050000 )",pre_activation,"-10;-9.6875;-9.375;-9.0625;-8.75;-8.4375;-8.125;-7.8125;-7.5;-7.1875;-6.875;-6.5625;-6.25;-5.9375;-5.625;-5.3125;-5;-4.6875;-4.375;-4.0625;-3.75;-3.4375;-3.125;-2.8125;-2.5;-2.1875;-1.875;-1.5625;-1.25;-0.9375;-0.625;-0.3125;0;0.3125;0.625;0.9375;1.25;1.5625;1.875;2.1875;2.5;2.8125;3.125;3.4375;3.75;4.0625;4.375;4.6875;5;5.3125;5.625;5.9375;6.25;6.5625;6.875;7.1875;7.5;7.8125;8.125;8.4375;8.75;9.0625;9.375;9.6875;10","0;0;0;0;0;0;0;0;0;0;0;0;0;0;0;0;0;0;0;61;485;1548;3619;7165;13424;29895;62288;110673;204286;421418;1059750;2958105;2979417;1177384;416572;214779;104318;69883;24940;3990;0;0;0;0;0;0;0;0;0;0;0;0;0;0;0;0;0;0;0;0;0;0;0;0",9864000
3,1,"LeakyReLULayer( 0.050000 )",post_activation,"-10;-9.6875;-9.375;-9.0625;-8.75;-8.4375;-8.125;-7.8125;-7.5;-7.1875;-6.875;-6.5625;-6.25;-5.9375;-5.625;-5.3125;-5;-4.6875;-4.375;-4.0625;-3.75;-3.4375;-3.125;-2.8125;-2.5;-2.1875;-1.875;-1.5625;-1.25;-0.9375;-0.625;-0.3125;0;0.3125;0.625;0.9375;1.25;1.5625;1.875;2.1875;2.5;2.8125;3.125;3.4375;3.75;4.0625;4.375;4.6875;5;5.3125;5.625;5.9375;6.25;6.5625;6.875;7.1875;7.5;7.8125;8.125;8.4375;8.75;9.0625;9.375;9.6875;10","0;0;0;0;0;0;0;0;0;0;0;0;0;0;0;0;0;0;0;0;0;0;0;0;0;0;0;0;0;0;0;4872717;2979417;1177384;416572;214779;104318;69883;24940;3990;0;0;0;0;0;0;0;0;0;0;0;0;0;0;0;0;0;0;0;0;0;0;0;0",9864000
3,5,"LeakyReLULayer( 0.050000 )",pre_activation,"-10;-9.6875;-9.375;-9.0625;-8.75;-8.4375;-8.125;-7.8125;-7.5;-7.1875;-6.875;-6.5625;-6.25;-5.9375;-5.625;-5.3125;-5;-4.6875;-4.375;-4.0625;-3.75;-3.4375;-3.125;-2.8125;-2.5;-2.1875;-1.875;-1.5625;-1.25;-0.9375;-0.625;-0.3125;0;0.3125;0.625;0.9375;1.25;1.5625;1.875;2.1875;2.5;2.8125;3.125;3.4375;3.75;4.0625;4.375;4.6875;5;5.3125;5.625;5.9375;6.25;6.5625;6.875;7.1875;7.5;7.8125;8.125;8.4375;8.75;9.0625;9.375;9.6875;10","0;0;0;0;0;0;0;0;0;0;0;0;0;0;0;0;0;0;0;0;0;0;0;0;0;36;187;1280;4725;13172;24962;31419;40372;37114;12996;5460;2865;766;6;0;0;0;0;0;0;0;0;0;0;0;0;0;0;0;0;0;0;0;0;0;0;0;0;0",175360
3,5,"LeakyReLULayer( 0.050000 )",post_activation,"-10;-9.6875;-9.375;-9.0625;-8.75;-8.4375;-8.125;-7.8125;-7.5;-7.1875;-6.875;-6.5625;-6.25;-5.9375;-5.625;-5.3125;-5;-4.6875;-4.375;-4.0625;-3.75;-3.4375;-3.125;-2.8125;-2.5;-2.1875;-1.875;-1.5625;-1.25;-0.9375;-0.625;-0.3125;0;0.3125;0.625;0.9375;1.25;1.5625;1.875;2.1875;2.5;2.8125;3.125;3.4375;3.75;4.0625;4.375;4.6875;5;5.3125;5.625;5.9375;6.25;6.5625;6.875;7.1875;7.5;7.8125;8.125;8.4375;8.75;9.0625;9.375;9.6875;10","0;0;0;0;0;0;0;0;0;0;0;0;0;0;0;0;0;0;0;0;0;0;0;0;0;0;0;0;0;0;0;75781;40372;37114;12996;5460;2865;766;6;0;0;0;0;0;0;0;0;0;0;0;0;0;0;0;0;0;0;0;0;0;0;0;0;0",175360
3,8,"LeakyReLULayer( 0.050000 )",pre_activation,"-10;-9.6875;-9.375;-9.0625;-8.75;-8.4375;-8.125;-7.8125;-7.5;-7.1875;-6.875;-6.5625;-6.25;-5.9375;-5.625;-5.3125;-5;-4.6875;-4.375;-4.0625;-3.75;-3.4375;-3.125;-2.8125;-2.5;-2.1875;-1.875;-1.5625;-1.25;-0.9375;-0.625;-0.3125;0;0.3125;0.625;0.9375;1.25;1.5625;1.875;2.1875;2.5;2.8125;3.125;3.4375;3.75;4.0625;4.375;4.6875;5;5.3125;5.625;5.9375;6.25;6.5625;6.875;7.1875;7.5;7.8125;8.125;8.4375;8.75;9.0625;9.375;9.6875;10","0;0;0;0;0;0;0;0;0;0;0;0;0;0;0;0;0;0;0;0;0;0;0;0;0;0;0;349;1943;6651;10334;22615;21026;12080;7986;3162;1103;297;134;0;0;0;0;0;0;0;0;0;0;0;0;0;0;0;0;0;0;0;0;0;0;0;0;0",87680
3,8,"LeakyReLULayer( 0.050000 )",post_activation,"-10;-9.6875;-9.375;-9.0625;-8.75;-8.4375;-8.125;-7.8125;-7.5;-7.1875;-6.875;-6.5625;-6.25;-5.9375;-5.625;-5.3125;-5;-4.6875;-4.375;-4.0625;-3.75;-3.4375;-3.125;-2.8125;-2.5;-2.1875;-1.875;-1.5625;-1.25;-0.9375;-0.625;-0.3125;0;0.3125;0.625;0.9375;1.25;1.5625;1.875;2.1875;2.5;2.8125;3.125;3.4375;3.75;4.0625;4.375;4.6875;5;5.3125;5.625;5.9375;6.25;6.5625;6.875;7.1875;7.5;7.8125;8.125;8.4375;8.75;9.0625;9.375;9.6875;10","0;0;0;0;0;0;0;0;0;0;0;0;0;0;0;0;0;0;0;0;0;0;0;0;0;0;0;0;0;0;0;41892;21026;12080;7986;3162;1103;297;134;0;0;0;0;0;0;0;0;0;0;0;0;0;0;0;0;0;0;0;0;0;0;0;0;0",87680
4,1,"LeakyReLULayer( 0.050000 )",pre_activation,"-10;-9.6875;-9.375;-9.0625;-8.75;-8.4375;-8.125;-7.8125;-7.5;-7.1875;-6.875;-6.5625;-6.25;-5.9375;-5.625;-5.3125;-5;-4.6875;-4.375;-4.0625;-3.75;-3.4375;-3.125;-2.8125;-2.5;-2.1875;-1.875;-1.5625;-1.25;-0.9375;-0.625;-0.3125;0;0.3125;0.625;0.9375;1.25;1.5625;1.875;2.1875;2.5;2.8125;3.125;3.4375;3.75;4.0625;4.375;4.6875;5;5.3125;5.625;5.9375;6.25;6.5625;6.875;7.1875;7.5;7.8125;8.125;8.4375;8.75;9.0625;9.375;9.6875;10","0;0;0;0;0;0;0;0;0;0;0;0;0;0;0;0;0;0;0;61;482;1549;3608;7159;13391;29888;62254;110528;204217;421365;1060003;2958097;2979536;1177720;416553;214589;104287;69837;24924;3952;0;0;0;0;0;0;0;0;0;0;0;0;0;0;0;0;0;0;0;0;0;0;0;0",9864000
4,1,"LeakyReLULayer( 0.050000 )",post_activation,"-10;-9.6875;-9.375;-9.0625;-8.75;-8.4375;-8.125;-7.8125;-7.5;-7.1875;-6.875;-6.5625;-6.25;-5.9375;-5.625;-5.3125;-5;-4.6875;-4.375;-4.0625;-3.75;-3.4375;-3.125;-2.8125;-2.5;-2.1875;-1.875;-1.5625;-1.25;-0.9375;-0.625;-0.3125;0;0.3125;0.625;0.9375;1.25;1.5625;1.875;2.1875;2.5;2.8125;3.125;3.4375;3.75;4.0625;4.375;4.6875;5;5.3125;5.625;5.9375;6.25;6.5625;6.875;7.1875;7.5;7.8125;8.125;8.4375;8.75;9.0625;9.375;9.6875;10","0;0;0;0;0;0;0;0;0;0;0;0;0;0;0;0;0;0;0;0;0;0;0;0;0;0;0;0;0;0;0;4872602;2979536;1177720;416553;214589;104287;69837;24924;3952;0;0;0;0;0;0;0;0;0;0;0;0;0;0;0;0;0;0;0;0;0;0;0;0",9864000
4,5,"LeakyReLULayer( 0.050000 )",pre_activation,"-10;-9.6875;-9.375;-9.0625;-8.75;-8.4375;-8.125;-7.8125;-7.5;-7.1875;-6.875;-6.5625;-6.25;-5.9375;-5.625;-5.3125;-5;-4.6875;-4.375;-4.0625;-3.75;-3.4375;-3.125;-2.8125;-2.5;-2.1875;-1.875;-1.5625;-1.25;-0.9375;-0.625;-0.3125;0;0.3125;0.625;0.9375;1.25;1.5625;1.875;2.1875;2.5;2.8125;3.125;3.4375;3.75;4.0625;4.375;4.6875;5;5.3125;5.625;5.9375;6.25;6.5625;6.875;7.1875;7.5;7.8125;8.125;8.4375;8.75;9.0625;9.375;9.6875;10","0;0;0;0;0;0;0;0;0;0;0;0;0;0;0;0;0;0;0;0;0;0;0;0;0;36;239;1450;4693;13012;24585;30699;40286;37716;13325;5608;2856;841;14;0;0;0;0;0;0;0;0;0;0;0;0;0;0;0;0;0;0;0;0;0;0;0;0;0",175360
4,5,"LeakyReLULayer( 0.050000 )",post_activation,"-10;-9.6875;-9.375;-9.0625;-8.75;-8.4375;-8.125;-7.8125;-7.5;-7.1875;-6.875;-6.5625;-6.25;-5.9375;-5.625;-5.3125;-5;-4.6875;-4.375;-4.0625;-3.75;-3.4375;-3.125;-2.8125;-2.5;-2.1875;-1.875;-1.5625;-1.25;-0.9375;-0.625;-0.3125;0;0.3125;0.625;0.9375;1.25;1.5625;1.875;2.1875;2.5;2.8125;3.125;3.4375;3.75;4.0625;4.375;4.6875;5;5.3125;5.625;5.9375;6.25;6.5625;6.875;7.1875;7.5;7.8125;8.125;8.4375;8.75;9.0625;9.375;9.6875;10","0;0;0;0;0;0;0;0;0;0;0;0;0;0;0;0;0;0;0;0;0;0;0;0;0;0;0;0;0;0;0;74714;40286;37716;13325;5608;2856;841;14;0;0;0;0;0;0;0;0;0;0;0;0;0;0;0;0;0;0;0;0;0;0;0;0;0",175360
4,8,"LeakyReLULayer( 0.050000 )",pre_activation,"-10;-9.6875;-9.375;-9.0625;-8.75;-8.4375;-8.125;-7.8125;-7.5;-7.1875;-6.875;-6.5625;-6.25;-5.9375;-5.625;-5.3125;-5;-4.6875;-4.375;-4.0625;-3.75;-3.4375;-3.125;-2.8125;-2.5;-2.1875;-1.875;-1.5625;-1.25;-0.9375;-0.625;-0.3125;0;0.3125;0.625;0.9375;1.25;1.5625;1.875;2.1875;2.5;2.8125;3.125;3.4375;3.75;4.0625;4.375;4.6875;5;5.3125;5.625;5.9375;6.25;6.5625;6.875;7.1875;7.5;7.8125;8.125;8.4375;8.75;9.0625;9.375;9.6875;10","0;0;0;0;0;0;0;0;0;0;0;0;0;0;0;0;0;0;0;0;0;0;0;0;0;0;0;469;1880;6667;9966;21292;22454;11610;8230;3361;1253;361;137;0;0;0;0;0;0;0;0;0;0;0;0;0;0;0;0;0;0;0;0;0;0;0;0;0",87680
4,8,"LeakyReLULayer( 0.050000 )",post_activation,"-10;-9.6875;-9.375;-9.0625;-8.75;-8.4375;-8.125;-7.8125;-7.5;-7.1875;-6.875;-6.5625;-6.25;-5.9375;-5.625;-5.3125;-5;-4.6875;-4.375;-4.0625;-3.75;-3.4375;-3.125;-2.8125;-2.5;-2.1875;-1.875;-1.5625;-1.25;-0.9375;-0.625;-0.3125;0;0.3125;0.625;0.9375;1.25;1.5625;1.875;2.1875;2.5;2.8125;3.125;3.4375;3.75;4.0625;4.375;4.6875;5;5.3125;5.625;5.9375;6.25;6.5625;6.875;7.1875;7.5;7.8125;8.125;8.4375;8.75;9.0625;9.375;9.6875;10","0;0;0;0;0;0;0;0;0;0;0;0;0;0;0;0;0;0;0;0;0;0;0;0;0;0;0;0;0;0;0;40274;22454;11610;8230;3361;1253;361;137;0;0;0;0;0;0;0;0;0;0;0;0;0;0;0;0;0;0;0;0;0;0;0;0;0",87680
5,1,"LeakyReLULayer( 0.050000 )",pre_activation,"-10;-9.6875;-9.375;-9.0625;-8.75;-8.4375;-8.125;-7.8125;-7.5;-7.1875;-6.875;-6.5625;-6.25;-5.9375;-5.625;-5.3125;-5;-4.6875;-4.375;-4.0625;-3.75;-3.4375;-3.125;-2.8125;-2.5;-2.1875;-1.875;-1.5625;-1.25;-0.9375;-0.625;-0.3125;0;0.3125;0.625;0.9375;1.25;1.5625;1.875;2.1875;2.5;2.8125;3.125;3.4375;3.75;4.0625;4.375;4.6875;5;5.3125;5.625;5.9375;6.25;6.5625;6.875;7.1875;7.5;7.8125;8.125;8.4375;8.75;9.0625;9.375;9.6875;10","0;0;0;0;0;0;0;0;0;0;0;0;0;0;0;0;0;0;0;61;484;1549;3614;7169;13415;29889;62272;110606;204247;421616;1060217;2957285;2978957;1178154;416699;214672;104279;69888;24939;3988;0;0;0;0;0;0;0;0;0;0;0;0;0;0;0;0;0;0;0;0;0;0;0;0",9864000
5,1,"LeakyReLULayer( 0.050000 )",post_activation,"-10;-9.6875;-9.375;-9.0625;-8.75;-8.4375;-8.125;-7.8125;-7.5;-7.1875;-6.875;-6.5625;-6.25;-5.9375;-5.625;-5.3125;-5;-4.6875;-4.375;-4.0625;-3.75;-3.4375;-3.125;-2.8125;-2.5;-2.1875;-1.875;-1.5625;-1.25;-0.9375;-0.625;-0.3125;0;0.3125;0.625;0.9375;1.25;1.5625;1.875;2.1875;2.5;2.8125;3.125;3.4375;3.75;4.0625;4.375;4.6875;5;5.3125;5.625;5.9375;6.25;6.5625;6.875;7.1875;7.5;7.8125;8.125;8.4375;8.75;9.0625;9.375;9.6875;10","0;0;0;0;0;0;0;0;0;0;0;0;0;0;0;0;0;0;0;0;0;0;0;0;0;0;0;0;0;0;0;4872424;2978957;1178154;416699;214672;104279;69888;24939;3988;0;0;0;0;0;0;0;0;0;0;0;0;0;0;0;0;0;0;0;0;0;0;0;0",9864000
5,5,"LeakyReLULayer( 0.050000 )",pre_activation,"-10;-9.6875;-9.375;-9.0625;-8.75;-8.4375;-8.125;-7.8125;-7.5;-7.1875;-6.875;-6.5625;-6.25;-5.9375;-5.625;-5.3125;-5;-4.6875;-4.375;-4.0625;-3.75;-3.4375;-3.125;-2.8125;-2.5;-2.1875;-1.875;-1.5625;-1.25;-0.9375;-0.625;-0.3125;0;0.3125;0.625;0.9375;1.25;1.5625;1.875;2.1875;2.5;2.8125;3.125;3.4375;3.75;4.0625;4.375;4.6875;5;5.3125;5.625;5.9375;6.25;6.5625;6.875;7.1875;7.5;7.8125;8.125;8.4375;8.75;9.0625;9.375;9.6875;10","0;0;0;0;0;0;0;0;0;0;0;0;0;0;0;0;0;0;0;0;0;0;0;0;1;36;248;1450;4667;13049;24619;29997;40304;38096;13339;5786;2867;861;40;0;0;0;0;0;0;0;0;0;0;0;0;0;0;0;0;0;0;0;0;0;0;0;0;0",175360
5,5,"LeakyReLULayer( 0.050000 )",post_activation,"-10;-9.6875;-9.375;-9.0625;-8.75;-8.4375;-8.125;-7.8125;-7.5;-7.1875;-6.875;-6.5625;-6.25;-5.9375;-5.625;-5.3125;-5;-4.6875;-4.375;-4.0625;-3.75;-3.4375;-3.125;-2.8125;-2.5;-2.1875;-1.875;-1.5625;-1.25;-0.9375;-0.625;-0.3125;0;0.3125;0.625;0.9375;1.25;1.5625;1.875;2.1875;2.5;2.8125;3.125;3.4375;3.75;4.0625;4.375;4.6875;5;5.3125;5.625;5.9375;6.25;6.5625;6.875;7.1875;7.5;7.8125;8.125;8.4375;8.75;9.0625;9.375;9.6875;10","0;0;0;0;0;0;0;0;0;0;0;0;0;0;0;0;0;0;0;0;0;0;0;0;0;0;0;0;0;0;0;74067;40304;38096;13339;5786;2867;861;40;0;0;0;0;0;0;0;0;0;0;0;0;0;0;0;0;0;0;0;0;0;0;0;0;0",175360
5,8,"LeakyReLULayer( 0.050000 )",pre_activation,"-10;-9.6875;-9.375;-9.0625;-8.75;-8.4375;-8.125;-7.8125;-7.5;-7.1875;-6.875;-6.5625;-6.25;-5.9375;-5.625;-5.3125;-5;-4.6875;-4.375;-4.0625;-3.75;-3.4375;-3.125;-2.8125;-2.5;-2.1875;-1.875;-1.5625;-1.25;-0.9375;-0.625;-0.3125;0;0.3125;0.625;0.9375;1.25;1.5625;1.875;2.1875;2.5;2.8125;3.125;3.4375;3.75;4.0625;4.375;4.6875;5;5.3125;5.625;5.9375;6.25;6.5625;6.875;7.1875;7.5;7.8125;8.125;8.4375;8.75;9.0625;9.375;9.6875;10","0;0;0;0;0;0;0;0;0;0;0;0;0;0;0;0;0;0;0;0;0;0;0;0;0;0;0;499;1894;6683;9953;21216;22469;11395;8318;3387;1331;402;133;0;0;0;0;0;0;0;0;0;0;0;0;0;0;0;0;0;0;0;0;0;0;0;0;0",87680
5,8,"LeakyReLULayer( 0.050000 )",post_activation,"-10;-9.6875;-9.375;-9.0625;-8.75;-8.4375;-8.125;-7.8125;-7.5;-7.1875;-6.875;-6.5625;-6.25;-5.9375;-5.625;-5.3125;-5;-4.6875;-4.375;-4.0625;-3.75;-3.4375;-3.125;-2.8125;-2.5;-2.1875;-1.875;-1.5625;-1.25;-0.9375;-0.625;-0.3125;0;0.3125;0.625;0.9375;1.25;1.5625;1.875;2.1875;2.5;2.8125;3.125;3.4375;3.75;4.0625;4.375;4.6875;5;5.3125;5.625;5.9375;6.25;6.5625;6.875;7.1875;7.5;7.8125;8.125;8.4375;8.75;9.0625;9.375;9.6875;10","0;0;0;0;0;0;0;0;0;0;0;0;0;0;0;0;0;0;0;0;0;0;0;0;0;0;0;0;0;0;0;40245;22469;11395;8318;3387;1331;402;133;0;0;0;0;0;0;0;0;0;0;0;0;0;0;0;0;0;0;0;0;0;0;0;0;0",87680
6,1,"LeakyReLULayer( 0.050000 )",pre_activation,"-10;-9.6875;-9.375;-9.0625;-8.75;-8.4375;-8.125;-7.8125;-7.5;-7.1875;-6.875;-6.5625;-6.25;-5.9375;-5.625;-5.3125;-5;-4.6875;-4.375;-4.0625;-3.75;-3.4375;-3.125;-2.8125;-2.5;-2.1875;-1.875;-1.5625;-1.25;-0.9375;-0.625;-0.3125;0;0.3125;0.625;0.9375;1.25;1.5625;1.875;2.1875;2.5;2.8125;3.125;3.4375;3.75;4.0625;4.375;4.6875;5;5.3125;5.625;5.9375;6.25;6.5625;6.875;7.1875;7.5;7.8125;8.125;8.4375;8.75;9.0625;9.375;9.6875;10","0;0;0;0;0;0;0;0;0;0;0;0;0;0;0;0;0;0;0;61;485;1550;3627;7169;13420;29904;62298;110618;204270;421733;1060340;2956846;2978563;1178491;416748;214720;104252;69911;24981;4013;0;0;0;0;0;0;0;0;0;0;0;0;0;0;0;0;0;0;0;0;0;0;0;0",9864000
6,1,"LeakyReLULayer( 0.050000 )",post_activation,"-10;-9.6875;-9.375;-9.0625;-8.75;-8.4375;-8.125;-7.8125;-7.5;-7.1875;-6.875;-6.5625;-6.25;-5.9375;-5.625;-5.3125;-5;-4.6875;-4.375;-4.0625;-3.75;-3.4375;-3.125;-2.8125;-2.5;-2.1875;-1.875;-1.5625;-1.25;-0.9375;-0.625;-0.3125;0;0.3125;0.625;0.9375;1.25;1.5625;1.875;2.1875;2.5;2.8125;3.125;3.4375;3.75;4.0625;4.375;4.6875;5;5.3125;5.625;5.9375;6.25;6.5625;6.875;7.1875;7.5;7.8125;8.125;8.4375;8.75;9.0625;9.375;9.6875;10","0;0;0;0;0;0;0;0;0;0;0;0;0;0;0;0;0;0;0;0;0;0;0;0;0;0;0;0;0;0;0;4872321;2978563;1178491;416748;214720;104252;69911;24981;4013;0;0;0;0;0;0;0;0;0;0;0;0;0;0;0;0;0;0;0;0;0;0;0;0",9864000
6,5,"LeakyReLULayer( 0.050000 )",pre_activation,"-10;-9.6875;-9.375;-9.0625;-8.75;-8.4375;-8.125;-7.8125;-7.5;-7.1875;-6.875;-6.5625;-6.25;-5.9375;-5.625;-5.3125;-5;-4.6875;-4.375;-4.0625;-3.75;-3.4375;-3.125;-2.8125;-2.5;-2.1875;-1.875;-1.5625;-1.25;-0.9375;-0.625;-0.3125;0;0.3125;0.625;0.9375;1.25;1.5625;1.875;2.1875;2.5;2.8125;3.125;3.4375;3.75;4.0625;4.375;4.6875;5;5.3125;5.625;5.9375;6.25;6.5625;6.875;7.1875;7.5;7.8125;8.125;8.4375;8.75;9.0625;9.375;9.6875;10","0;0;0;0;0;0;0;0;0;0;0;0;0;0;0;0;0;0;0;0;0;0;0;0;1;36;248;1449;4677;13045;24618;29734;40226;38289;13334;5876;2893;880;54;0;0;0;0;0;0;0;0;0;0;0;0;0;0;0;0;0;0;0;0;0;0;0;0;0",175360
6,5,"LeakyReLULayer( 0.050000 )",post_activation,"-10;-9.6875;-9.375;-9.0625;-8.75;-8.4375;-8.125;-7.8125;-7.5;-7.1875;-6.875;-6.5625;-6.25;-5.9375;-5.625;-5.3125;-5;-4.6875;-4.375;-4.0625;-3.75;-3.4375;-3.125;-2.8125;-2.5;-2.1875;-1.875;-1.5625;-1.25;-0.9375;-0.625;-0.3125;0;0.3125;0.625;0.9375;1.25;1.5625;1.875;2.1875;2.5;2.8125;3.125;3.4375;3.75;4.0625;4.375;4.6875;5;5.3125;5.625;5.9375;6.25;6.5625;6.875;7.1875;7.5;7.8125;8.125;8.4375;8.75;9.0625;9.375;9.6875;10","0;0;0;0;0;0;0;0;0;0;0;0;0;0;0;0;0;0;0;0;0;0;0;0;0;0;0;0;0;0;0;73808;40226;38289;13334;5876;2893;880;54;0;0;0;0;0;0;0;0;0;0;0;0;0;0;0;0;0;0;0;0;0;0;0;0;0",175360
6,8,"LeakyReLULayer( 0.050000 )",pre_activation,"-10;-9.6875;-9.375;-9.0625;-8.75;-8.4375;-8.125;-7.8125;-7.5;-7.1875;-6.875;-6.5625;-6.25;-5.9375;-5.625;-5.3125;-5;-4.6875;-4.375;-4.0625;-3.75;-3.4375;-3.125;-2.8125;-2.5;-2.1875;-1.875;-1.5625;-1.25;-0.9375;-0.625;-0.3125;0;0.3125;0.625;0.9375;1.25;1.5625;1.875;2.1875;2.5;2.8125;3.125;3.4375;3.75;4.0625;4.375;4.6875;5;5.3125;5.625;5.9375;6.25;6.5625;6.875;7.1875;7.5;7.8125;8.125;8.4375;8.75;9.0625;9.375;9.6875;10","0;0;0;0;0;0;0;0;0;0;0;0;0;0;0;0;0;0;0;0;0;0;0;0;0;0;0;519;1911;6675;9932;21160;22494;11329;8335;3403;1368;424;130;0;0;0;0;0;0;0;0;0;0;0;0;0;0;0;0;0;0;0;0;0;0;0;0;0",87680
6,8,"LeakyReLULayer( 0.050000 )",post_activation,"-10;-9.6875;-9.375;-9.0625;-8.75;-8.4375;-8.125;-7.8125;-7.5;-7.1875;-6.875;-6.5625;-6.25;-5.9375;-5.625;-5.3125;-5;-4.6875;-4.375;-4.0625;-3.75;-3.4375;-3.125;-2.8125;-2.5;-2.1875;-1.875;-1.5625;-1.25;-0.9375;-0.625;-0.3125;0;0.3125;0.625;0.9375;1.25;1.5625;1.875;2.1875;2.5;2.8125;3.125;3.4375;3.75;4.0625;4.375;4.6875;5;5.3125;5.625;5.9375;6.25;6.5625;6.875;7.1875;7.5;7.8125;8.125;8.4375;8.75;9.0625;9.375;9.6875;10","0;0;0;0;0;0;0;0;0;0;0;0;0;0;0;0;0;0;0;0;0;0;0;0;0;0;0;0;0;0;0;40197;22494;11329;8335;3403;1368;424;130;0;0;0;0;0;0;0;0;0;0;0;0;0;0;0;0;0;0;0;0;0;0;0;0;0",87680
7,1,"LeakyReLULayer( 0.050000 )",pre_activation,"-10;-9.6875;-9.375;-9.0625;-8.75;-8.4375;-8.125;-7.8125;-7.5;-7.1875;-6.875;-6.5625;-6.25;-5.9375;-5.625;-5.3125;-5;-4.6875;-4.375;-4.0625;-3.75;-3.4375;-3.125;-2.8125;-2.5;-2.1875;-1.875;-1.5625;-1.25;-0.9375;-0.625;-0.3125;0;0.3125;0.625;0.9375;1.25;1.5625;1.875;2.1875;2.5;2.8125;3.125;3.4375;3.75;4.0625;4.375;4.6875;5;5.3125;5.625;5.9375;6.25;6.5625;6.875;7.1875;7.5;7.8125;8.125;8.4375;8.75;9.0625;9.375;9.6875;10","0;0;0;0;0;0;0;0;0;0;0;0;0;0;0;0;0;0;0;61;485;1553;3637;7185;13425;29927;62307;110630;204303;421872;1060462;2956382;2978181;1178747;416848;214749;104210;69960;25045;4031;0;0;0;0;0;0;0;0;0;0;0;0;0;0;0;0;0;0;0;0;0;0;0;0",9864000
7,1,"LeakyReLULayer( 0.050000 )",post_activation,"-10;-9.6875;-9.375;-9.0625;-8.75;-8.4375;-8.125;-7.8125;-7.5;-7.1875;-6.875;-6.5625;-6.25;-5.9375;-5.625;-5.3125;-5;-4.6875;-4.375;-4.0625;-3.75;-3.4375;-3.125;-2.8125;-2.5;-2.1875;-1.875;-1.5625;-1.25;-0.9375;-0.625;-0.3125;0;0.3125;0.625;0.9375;1.25;1.5625;1.875;2.1875;2.5;2.8125;3.125;3.4375;3.75;4.0625;4.375;4.6875;5;5.3125;5.625;5.9375;6.25;6.5625;6.875;7.1875;7.5;7.8125;8.125;8.4375;8.75;9.0625;9.375;9.6875;10","0;0;0;0;0;0;0;0;0;0;0;0;0;0;0;0;0;0;0;0;0;0;0;0;0;0;0;0;0;0;0;4872229;2978181;1178747;416848;214749;104210;69960;25045;4031;0;0;0;0;0;0;0;0;0;0;0;0;0;0;0;0;0;0;0;0;0;0;0;0",9864000
7,5,"LeakyReLULayer( 0.050000 )",pre_activation,"-10;-9.6875;-9.375;-9.0625;-8.75;-8.4375;-8.125;-7.8125;-7.5;-7.1875;-6.875;-6.5625;-6.25;-5.9375;-5.625;-5.3125;-5;-4.6875;-4.375;-4.0625;-3.75;-3.4375;-3.125;-2.8125;-2.5;-2.1875;-1.875;-1.5625;-1.25;-0.9375;-0.625;-0.3125;0;0.3125;0.625;0.9375;1.25;1.5625;1.875;2.1875;2.5;2.8125;3.125;3.4375;3.75;4.0625;4.375;4.6875;5;5.3125;5.625;5.9375;6.25;6.5625;6.875;7.1875;7.5;7.8125;8.125;8.4375;8.75;9.0625;9.375;9.6875;10","0;0;0;0;0;0;0;0;0;0;0;0;0;0;0;0;0;0;0;0;0;0;0;0;1;36;251;1434;4706;13133;24628;29493;40092;38439;13321;5952;2924;874;76;0;0;0;0;0;0;0;0;0;0;0;0;0;0;0;0;0;0;0;0;0;0;0;0;0",175360
7,5,"LeakyReLULayer( 0.050000 )",post_activation,"-10;-9.6875;-9.375;-9.0625;-8.75;-8.4375;-8.125;-7.8125;-7.5;-7.1875;-6.875;-6.5625;-6.25;-5.9375;-5.625;-5.3125;-5;-4.6875;-4.375;-4.0625;-3.75;-3.4375;-3.125;-2.8125;-2.5;-2.1875;-1.875;-1.5625;-1.25;-0.9375;-0.625;-0.3125;0;0.3125;0.625;0.9375;1.25;1.5625;1.875;2.1875;2.5;2.8125;3.125;3.4375;3.75;4.0625;4.375;4.6875;5;5.3125;5.625;5.9375;6.25;6.5625;6.875;7.1875;7.5;7.8125;8.125;8.4375;8.75;9.0625;9.375;9.6875;10","0;0;0;0;0;0;0;0;0;0;0;0;0;0;0;0;0;0;0;0;0;0;0;0;0;0;0;0;0;0;0;73682;40092;38439;13321;5952;2924;874;76;0;0;0;0;0;0;0;0;0;0;0;0;0;0;0;0;0;0;0;0;0;0;0;0;0",175360
7,8,"LeakyReLULayer( 0.050000 )",pre_activation,"-10;-9.6875;-9.375;-9.0625;-8.75;-8.4375;-8.125;-7.8125;-7.5;-7.1875;-6.875;-6.5625;-6.25;-5.9375;-5.625;-5.3125;-5;-4.6875;-4.375;-4.0625;-3.75;-3.4375;-3.125;-2.8125;-2.5;-2.1875;-1.875;-1.5625;-1.25;-0.9375;-0.625;-0.3125;0;0.3125;0.625;0.9375;1.25;1.5625;1.875;2.1875;2.5;2.8125;3.125;3.4375;3.75;4.0625;4.375;4.6875;5;5.3125;5.625;5.9375;6.25;6.5625;6.875;7.1875;7.5;7.8125;8.125;8.4375;8.75;9.0625;9.375;9.6875;10","0;0;0;0;0;0;0;0;0;0;0;0;0;0;0;0;0;0;0;0;0;0;0;0;0;0;0;525;1949;6656;9902;21121;22488;11328;8331;3426;1380;444;130;0;0;0;0;0;0;0;0;0;0;0;0;0;0;0;0;0;0;0;0;0;0;0;0;0",87680
7,8,"LeakyReLULayer( 0.050000 )",post_activation,"-10;-9.6875;-9.375;-9.0625;-8.75;-8.4375;-8.125;-7.8125;-7.5;-7.1875;-6.875;-6.5625;-6.25;-5.9375;-5.625;-5.3125;-5;-4.6875;-4.375;-4.0625;-3.75;-3.4375;-3.125;-2.8125;-2.5;-2.1875;-1.875;-1.5625;-1.25;-0.9375;-0.625;-0.3125;0;0.3125;0.625;0.9375;1.25;1.5625;1.875;2.1875;2.5;2.8125;3.125;3.4375;3.75;4.0625;4.375;4.6875;5;5.3125;5.625;5.9375;6.25;6.5625;6.875;7.1875;7.5;7.8125;8.125;8.4375;8.75;9.0625;9.375;9.6875;10","0;0;0;0;0;0;0;0;0;0;0;0;0;0;0;0;0;0;0;0;0;0;0;0;0;0;0;0;0;0;0;40153;22488;11328;8331;3426;1380;444;130;0;0;0;0;0;0;0;0;0;0;0;0;0;0;0;0;0;0;0;0;0;0;0;0;0",87680
8,1,"LeakyReLULayer( 0.050000 )",pre_activation,"-10;-9.6875;-9.375;-9.0625;-8.75;-8.4375;-8.125;-7.8125;-7.5;-7.1875;-6.875;-6.5625;-6.25;-5.9375;-5.625;-5.3125;-5;-4.6875;-4.375;-4.0625;-3.75;-3.4375;-3.125;-2.8125;-2.5;-2.1875;-1.875;-1.5625;-1.25;-0.9375;-0.625;-0.3125;0;0.3125;0.625;0.9375;1.25;1.5625;1.875;2.1875;2.5;2.8125;3.125;3.4375;3.75;4.0625;4.375;4.6875;5;5.3125;5.625;5.9375;6.25;6.5625;6.875;7.1875;7.5;7.8125;8.125;8.4375;8.75;9.0625;9.375;9.6875;10","0;0;0;0;0;0;0;0;0;0;0;0;0;0;0;0;0;0;0;61;487;1555;3642;7190;13461;29928;62309;110682;204322;422001;1060598;2955829;2977820;1178986;417001;214770;104235;70001;25074;4048;0;0;0;0;0;0;0;0;0;0;0;0;0;0;0;0;0;0;0;0;0;0;0;0",9864000
8,1,"LeakyReLULayer( 0.050000 )",post_activation,"-10;-9.6875;-9.375;-9.0625;-8.75;-8.4375;-8.125;-7.8125;-7.5;-7.1875;-6.875;-6.5625;-6.25;-5.9375;-5.625;-5.3125;-5;-4.6875;-4.375;-4.0625;-3.75;-3.4375;-3.125;-2.8125;-2.5;-2.1875;-1.875;-1.5625;-1.25;-0.9375;-0.625;-0.3125;0;0.3125;0.625;0.9375;1.25;1.5625;1.875;2.1875;2.5;2.8125;3.125;3.4375;3.75;4.0625;4.375;4.6875;5;5.3125;5.625;5.9375;6.25;6.5625;6.875;7.1875;7.5;7.8125;8.125;8.4375;8.75;9.0625;9.375;9.6875;10","0;0;0;0;0;0;0;0;0;0;0;0;0;0;0;0;0;0;0;0;0;0;0;0;0;0;0;0;0;0;0;4872065;2977820;1178986;417001;214770;104235;70001;25074;4048;0;0;0;0;0;0;0;0;0;0;0;0;0;0;0;0;0;0;0;0;0;0;0;0",9864000
8,5,"LeakyReLULayer( 0.050000 )",pre_activation,"-10;-9.6875;-9.375;-9.0625;-8.75;-8.4375;-8.125;-7.8125;-7.5;-7.1875;-6.875;-6.5625;-6.25;-5.9375;-5.625;-5.3125;-5;-4.6875;-4.375;-4.0625;-3.75;-3.4375;-3.125;-2.8125;-2.5;-2.1875;-1.875;-1.5625;-1.25;-0.9375;-0.625;-0.3125;0;0.3125;0.625;0.9375;1.25;1.5625;1.875;2.1875;2.5;2.8125;3.125;3.4375;3.75;4.0625;4.375;4.6875;5;5.3125;5.625;5.9375;6.25;6.5625;6.875;7.1875;7.5;7.8125;8.125;8.4375;8.75;9.0625;9.375;9.6875;10","0;0;0;0;0;0;0;0;0;0;0;0;0;0;0;0;0;0;0;0;0;0;0;0;1;37;253;1415;4739;13192;24642;29328;39858;38597;13369;5987;2974;879;89;0;0;0;0;0;0;0;0;0;0;0;0;0;0;0;0;0;0;0;0;0;0;0;0;0",175360
8,5,"LeakyReLULayer( 0.050000 )",post_activation,"-10;-9.6875;-9.375;-9.0625;-8.75;-8.4375;-8.125;-7.8125;-7.5;-7.1875;-6.875;-6.5625;-6.25;-5.9375;-5.625;-5.3125;-5;-4.6875;-4.375;-4.0625;-3.75;-3.4375;-3.125;-2.8125;-2.5;-2.1875;-1.875;-1.5625;-1.25;-0.9375;-0.625;-0.3125;0;0.3125;0.625;0.9375;1.25;1.5625;1.875;2.1875;2.5;2.8125;3.125;3.4375;3.75;4.0625;4.375;4.6875;5;5.3125;5.625;5.9375;6.25;6.5625;6.875;7.1875;7.5;7.8125;8.125;8.4375;8.75;9.0625;9.375;9.6875;10","0;0;0;0;0;0;0;0;0;0;0;0;0;0;0;0;0;0;0;0;0;0;0;0;0;0;0;0;0;0;0;73607;39858;38597;13369;5987;2974;879;89;0;0;0;0;0;0;0;0;0;0;0;0;0;0;0;0;0;0;0;0;0;0;0;0;0",175360
8,8,"LeakyReLULayer( 0.050000 )",pre_activation,"-10;-9.6875;-9.375;-9.0625;-8.75;-8.4375;-8.125;-7.8125;-7.5;-7.1875;-6.875;-6.5625;-6.25;-5.9375;-5.625;-5.3125;-5;-4.6875;-4.375;-4.0625;-3.75;-3.4375;-3.125;-2.8125;-2.5;-2.1875;-1.875;-1.5625;-1.25;-0.9375;-0.625;-0.3125;0;0.3125;0.625;0.9375;1.25;1.5625;1.875;2.1875;2.5;2.8125;3.125;3.4375;3.75;4.0625;4.375;4.6875;5;5.3125;5.625;5.9375;6.25;6.5625;6.875;7.1875;7.5;7.8125;8.125;8.4375;8.75;9.0625;9.375;9.6875;10","0;0;0;0;0;0;0;0;0;0;0;0;0;0;0;0;0;0;0;0;0;0;0;0;0;0;0;549;1991;6615;9840;21208;22409;11283;8344;3438;1421;452;130;0;0;0;0;0;0;0;0;0;0;0;0;0;0;0;0;0;0;0;0;0;0;0;0;0",87680
8,8,"LeakyReLULayer( 0.050000 )",post_activation,"-10;-9.6875;-9.375;-9.0625;-8.75;-8.4375;-8.125;-7.8125;-7.5;-7.1875;-6.875;-6.5625;-6.25;-5.9375;-5.625;-5.3125;-5;-4.6875;-4.375;-4.0625;-3.75;-3.4375;-3.125;-2.8125;-2.5;-2.1875;-1.875;-1.5625;-1.25;-0.9375;-0.625;-0.3125;0;0.3125;0.625;0.9375;1.25;1.5625;1.875;2.1875;2.5;2.8125;3.125;3.4375;3.75;4.0625;4.375;4.6875;5;5.3125;5.625;5.9375;6.25;6.5625;6.875;7.1875;7.5;7.8125;8.125;8.4375;8.75;9.0625;9.375;9.6875;10","0;0;0;0;0;0;0;0;0;0;0;0;0;0;0;0;0;0;0;0;0;0;0;0;0;0;0;0;0;0;0;40203;22409;11283;8344;3438;1421;452;130;0;0;0;0;0;0;0;0;0;0;0;0;0;0;0;0;0;0;0;0;0;0;0;0;0",87680
9,1,"LeakyReLULayer( 0.050000 )",pre_activation,"-10;-9.6875;-9.375;-9.0625;-8.75;-8.4375;-8.125;-7.8125;-7.5;-7.1875;-6.875;-6.5625;-6.25;-5.9375;-5.625;-5.3125;-5;-4.6875;-4.375;-4.0625;-3.75;-3.4375;-3.125;-2.8125;-2.5;-2.1875;-1.875;-1.5625;-1.25;-0.9375;-0.625;-0.3125;0;0.3125;0.625;0.9375;1.25;1.5625;1.875;2.1875;2.5;2.8125;3.125;3.4375;3.75;4.0625;4.375;4.6875;5;5.3125;5.625;5.9375;6.25;6.5625;6.875;7.1875;7.5;7.8125;8.125;8.4375;8.75;9.0625;9.375;9.6875;10","0;0;0;0;0;0;0;0;0;0;0;0;0;0;0;0;0;0;0;61;488;1556;3644;7201;13462;29943;62308;110685;204318;422053;1060717;2955536;2977569;1179290;417017;214720;104248;70037;25095;4052;0;0;0;0;0;0;0;0;0;0;0;0;0;0;0;0;0;0;0;0;0;0;0;0",9864000
9,1,"LeakyReLULayer( 0.050000 )",post_activation,"-10;-9.6875;-9.375;-9.0625;-8.75;-8.4375;-8.125;-7.8125;-7.5;-7.1875;-6.875;-6.5625;-6.25;-5.9375;-5.625;-5.3125;-5;-4.6875;-4.375;-4.0625;-3.75;-3.4375;-3.125;-2.8125;-2.5;-2.1875;-1.875;-1.5625;-1.25;-0.9375;-0.625;-0.3125;0;0.3125;0.625;0.9375;1.25;1.5625;1.875;2.1875;2.5;2.8125;3.125;3.4375;3.75;4.0625;4.375;4.6875;5;5.3125;5.625;5.9375;6.25;6.5625;6.875;7.1875;7.5;7.8125;8.125;8.4375;8.75;9.0625;9.375;9.6875;10","0;0;0;0;0;0;0;0;0;0;0;0;0;0;0;0;0;0;0;0;0;0;0;0;0;0;0;0;0;0;0;4871972;2977569;1179290;417017;214720;104248;70037;25095;4052;0;0;0;0;0;0;0;0;0;0;0;0;0;0;0;0;0;0;0;0;0;0;0;0",9864000
9,5,"LeakyReLULayer( 0.050000 )",pre_activation,"-10;-9.6875;-9.375;-9.0625;-8.75;-8.4375;-8.125;-7.8125;-7.5;-7.1875;-6.875;-6.5625;-6.25;-5.9375;-5.625;-5.3125;-5;-4.6875;-4.375;-4.0625;-3.75;-3.4375;-3.125;-2.8125;-2.5;-2.1875;-1.875;-1.5625;-1.25;-0.9375;-0.625;-0.3125;0;0.3125;0.625;0.9375;1.25;1.5625;1.875;2.1875;2.5;2.8125;3.125;3.4375;3.75;4.0625;4.375;4.6875;5;5.3125;5.625;5.9375;6.25;6.5625;6.875;7.1875;7.5;7.8125;8.125;8.4375;8.75;9.0625;9.375;9.6875;10","0;0;0;0;0;0;0;0;0;0;0;0;0;0;0;0;0;0;0;0;0;0;0;0;1;37;253;1410;4752;13151;24687;29303;39508;38871;13395;6042;2971;881;98;0;0;0;0;0;0;0;0;0;0;0;0;0;0;0;0;0;0;0;0;0;0;0;0;0",175360
9,5,"LeakyReLULayer( 0.050000 )",post_activation,"-10;-9.6875;-9.375;-9.0625;-8.75;-8.4375;-8.125;-7.8125;-7.5;-7.1875;-6.875;-6.5625;-6.25;-5.9375;-5.625;-5.3125;-5;-4.6875;-4.375;-4.0625;-3.75;-3.4375;-3.125;-2.8125;-2.5;-2.1875;-1.875;-1.5625;-1.25;-0.9375;-0.625;-0.3125;0;0.3125;0.625;0.9375;1.25;1.5625;1.875;2.1875;2.5;2.8125;3.125;3.4375;3.75;4.0625;4.375;4.6875;5;5.3125;5.625;5.9375;6.25;6.5625;6.875;7.1875;7.5;7.8125;8.125;8.4375;8.75;9.0625;9.375;9.6875;10","0;0;0;0;0;0;0;0;0;0;0;0;0;0;0;0;0;0;0;0;0;0;0;0;0;0;0;0;0;0;0;73594;39508;38871;13395;6042;2971;881;98;0;0;0;0;0;0;0;0;0;0;0;0;0;0;0;0;0;0;0;0;0;0;0;0;0",175360
9,8,"LeakyReLULayer( 0.050000 )",pre_activation,"-10;-9.6875;-9.375;-9.0625;-8.75;-8.4375;-8.125;-7.8125;-7.5;-7.1875;-6.875;-6.5625;-6.25;-5.9375;-5.625;-5.3125;-5;-4.6875;-4.375;-4.0625;-3.75;-3.4375;-3.125;-2.8125;-2.5;-2.1875;-1.875;-1.5625;-1.25;-0.9375;-0.625;-0.3125;0;0.3125;0.625;0.9375;1.25;1.5625;1.875;2.1875;2.5;2.8125;3.125;3.4375;3.75;4.0625;4.375;4.6875;5;5.3125;5.625;5.9375;6.25;6.5625;6.875;7.1875;7.5;7.8125;8.125;8.4375;8.75;9.0625;9.375;9.6875;10","0;0;0;0;0;0;0;0;0;0;0;0;0;0;0;0;0;0;0;0;0;0;0;0;0;0;0;561;1984;6592;9770;21225;22342;11374;8366;3447;1435;459;125;0;0;0;0;0;0;0;0;0;0;0;0;0;0;0;0;0;0;0;0;0;0;0;0;0",87680
9,8,"LeakyReLULayer( 0.050000 )",post_activation,"-10;-9.6875;-9.375;-9.0625;-8.75;-8.4375;-8.125;-7.8125;-7.5;-7.1875;-6.875;-6.5625;-6.25;-5.9375;-5.625;-5.3125;-5;-4.6875;-4.375;-4.0625;-3.75;-3.4375;-3.125;-2.8125;-2.5;-2.1875;-1.875;-1.5625;-1.25;-0.9375;-0.625;-0.3125;0;0.3125;0.625;0.9375;1.25;1.5625;1.875;2.1875;2.5;2.8125;3.125;3.4375;3.75;4.0625;4.375;4.6875;5;5.3125;5.625;5.9375;6.25;6.5625;6.875;7.1875;7.5;7.8125;8.125;8.4375;8.75;9.0625;9.375;9.6875;10","0;0;0;0;0;0;0;0;0;0;0;0;0;0;0;0;0;0;0;0;0;0;0;0;0;0;0;0;0;0;0;40132;22342;11374;8366;3447;1435;459;125;0;0;0;0;0;0;0;0;0;0;0;0;0;0;0;0;0;0;0;0;0;0;0;0;0",87680
10,1,"LeakyReLULayer( 0.050000 )",pre_activation,"-10;-9.6875;-9.375;-9.0625;-8.75;-8.4375;-8.125;-7.8125;-7.5;-7.1875;-6.875;-6.5625;-6.25;-5.9375;-5.625;-5.3125;-5;-4.6875;-4.375;-4.0625;-3.75;-3.4375;-3.125;-2.8125;-2.5;-2.1875;-1.875;-1.5625;-1.25;-0.9375;-0.625;-0.3125;0;0.3125;0.625;0.9375;1.25;1.5625;1.875;2.1875;2.5;2.8125;3.125;3.4375;3.75;4.0625;4.375;4.6875;5;5.3125;5.625;5.9375;6.25;6.5625;6.875;7.1875;7.5;7.8125;8.125;8.4375;8.75;9.0625;9.375;9.6875;10","0;0;0;0;0;0;0;0;0;0;0;0;0;0;0;0;0;0;0;61;489;1557;3646;7201;13464;29970;62323;110719;204312;422086;1060777;2955331;2977373;1179386;417070;214713;104292;70052;25112;4066;0;0;0;0;0;0;0;0;0;0;0;0;0;0;0;0;0;0;0;0;0;0;0;0",9864000
10,1,"LeakyReLULayer( 0.050000 )",post_activation,"-10;-9.6875;-9.375;-9.0625;-8.75;-8.4375;-8.125;-7.8125;-7.5;-7.1875;-6.875;-6.5625;-6.25;-5.9375;-5.625;-5.3125;-5;-4.6875;-4.375;-4.0625;-3.75;-3.4375;-3.125;-2.8125;-2.5;-2.1875;-1.875;-1.5625;-1.25;-0.9375;-0.625;-0.3125;0;0.3125;0.625;0.9375;1.25;1.5625;1.875;2.1875;2.5;2.8125;3.125;3.4375;3.75;4.0625;4.375;4.6875;5;5.3125;5.625;5.9375;6.25;6.5625;6.875;7.1875;7.5;7.8125;8.125;8.4375;8.75;9.0625;9.375;9.6875;10","0;0;0;0;0;0;0;0;0;0;0;0;0;0;0;0;0;0;0;0;0;0;0;0;0;0;0;0;0;0;0;4871936;2977373;1179386;417070;214713;104292;70052;25112;4066;0;0;0;0;0;0;0;0;0;0;0;0;0;0;0;0;0;0;0;0;0;0;0;0",9864000
10,5,"LeakyReLULayer( 0.050000 )",pre_activation,"-10;-9.6875;-9.375;-9.0625;-8.75;-8.4375;-8.125;-7.8125;-7.5;-7.1875;-6.875;-6.5625;-6.25;-5.9375;-5.625;-5.3125;-5;-4.6875;-4.375;-4.0625;-3.75;-3.4375;-3.125;-2.8125;-2.5;-2.1875;-1.875;-1.5625;-1.25;-0.9375;-0.625;-0.3125;0;0.3125;0.625;0.9375;1.25;1.5625;1.875;2.1875;2.5;2.8125;3.125;3.4375;3.75;4.0625;4.375;4.6875;5;5.3125;5.625;5.9375;6.25;6.5625;6.875;7.1875;7.5;7.8125;8.125;8.4375;8.75;9.0625;9.375;9.6875;10","0;0;0;0;0;0;0;0;0;0;0;0;0;0;0;0;0;0;0;0;0;0;0;0;1;36;251;1389;4763;13157;24835;29260;39387;38825;13394;6077;2997;884;104;0;0;0;0;0;0;0;0;0;0;0;0;0;0;0;0;0;0;0;0;0;0;0;0;0",175360
10,5,"LeakyReLULayer( 0.050000 )",post_activation,"-10;-9.6875;-9.375;-9.0625;-8.75;-8.4375;-8.125;-7.8125;-7.5;-7.1875;-6.875;-6.5625;-6.25;-5.9375;-5.625;-5.3125;-5;-4.6875;-4.375;-4.0625;-3.75;-3.4375;-3.125;-2.8125;-2.5;-2.1875;-1.875;-1.5625;-1.25;-0.9375;-0.625;-0.3125;0;0.3125;0.625;0.9375;1.25;1.5625;1.875;2.1875;2.5;2.8125;3.125;3.4375;3.75;4.0625;4.375;4.6875;5;5.3125;5.625;5.9375;6.25;6.5625;6.875;7.1875;7.5;7.8125;8.125;8.4375;8.75;9.0625;9.375;9.6875;10","0;0;0;0;0;0;0;0;0;0;0;0;0;0;0;0;0;0;0;0;0;0;0;0;0;0;0;0;0;0;0;73692;39387;38825;13394;6077;2997;884;104;0;0;0;0;0;0;0;0;0;0;0;0;0;0;0;0;0;0;0;0;0;0;0;0;0",175360
10,8,"LeakyReLULayer( 0.050000 )",pre_activation,"-10;-9.6875;-9.375;-9.0625;-8.75;-8.4375;-8.125;-7.8125;-7.5;-7.1875;-6.875;-6.5625;-6.25;-5.9375;-5.625;-5.3125;-5;-4.6875;-4.375;-4.0625;-3.75;-3.4375;-3.125;-2.8125;-2.5;-2.1875;-1.875;-1.5625;-1.25;-0.9375;-0.625;-0.3125;0;0.3125;0.625;0.9375;1.25;1.5625;1.875;2.1875;2.5;2.8125;3.125;3.4375;3.75;4.0625;4.375;4.6875;5;5.3125;5.625;5.9375;6.25;6.5625;6.875;7.1875;7.5;7.8125;8.125;8.4375;8.75;9.0625;9.375;9.6875;10","0;0;0;0;0;0;0;0;0;0;0;0;0;0;0;0;0;0;0;0;0;0;0;0;0;0;0;557;1964;6606;9681;21250;22308;11496;8354;3462;1428;460;114;0;0;0;0;0;0;0;0;0;0;0;0;0;0;0;0;0;0;0;0;0;0;0;0;0",87680
10,8,"LeakyReLULayer( 0.050000 )",post_activation,"-10;-9.6875;-9.375;-9.0625;-8.75;-8.4375;-8.125;-7.8125;-7.5;-7.1875;-6.875;-6.5625;-6.25;-5.9375;-5.625;-5.3125;-5;-4.6875;-4.375;-4.0625;-3.75;-3.4375;-3.125;-2.8125;-2.5;-2.1875;-1.875;-1.5625;-1.25;-0.9375;-0.625;-0.3125;0;0.3125;0.625;0.9375;1.25;1.5625;1.875;2.1875;2.5;2.8125;3.125;3.4375;3.75;4.0625;4.375;4.6875;5;5.3125;5.625;5.9375;6.25;6.5625;6.875;7.1875;7.5;7.8125;8.125;8.4375;8.75;9.0625;9.375;9.6875;10","0;0;0;0;0;0;0;0;0;0;0;0;0;0;0;0;0;0;0;0;0;0;0;0;0;0;0;0;0;0;0;40058;22308;11496;8354;3462;1428;460;114;0;0;0;0;0;0;0;0;0;0;0;0;0;0;0;0;0;0;0;0;0;0;0;0;0",87680
11,1,"LeakyReLULayer( 0.050000 )",pre_activation,"-10;-9.6875;-9.375;-9.0625;-8.75;-8.4375;-8.125;-7.8125;-7.5;-7.1875;-6.875;-6.5625;-6.25;-5.9375;-5.625;-5.3125;-5;-4.6875;-4.375;-4.0625;-3.75;-3.4375;-3.125;-2.8125;-2.5;-2.1875;-1.875;-1.5625;-1.25;-0.9375;-0.625;-0.3125;0;0.3125;0.625;0.9375;1.25;1.5625;1.875;2.1875;2.5;2.8125;3.125;3.4375;3.75;4.0625;4.375;4.6875;5;5.3125;5.625;5.9375;6.25;6.5625;6.875;7.1875;7.5;7.8125;8.125;8.4375;8.75;9.0625;9.375;9.6875;10","0;0;0;0;0;0;0;0;0;0;0;0;0;0;0;0;0;0;0;61;489;1558;3650;7206;13473;29972;62363;110749;204403;422264;1060891;2954788;2976866;1179655;417209;214824;104290;70063;25155;4071;0;0;0;0;0;0;0;0;0;0;0;0;0;0;0;0;0;0;0;0;0;0;0;0",9864000
11,1,"LeakyReLULayer( 0.050000 )",post_activation,"-10;-9.6875;-9.375;-9.0625;-8.75;-8.4375;-8.125;-7.8125;-7.5;-7.1875;-6.875;-6.5625;-6.25;-5.9375;-5.625;-5.3125;-5;-4.6875;-4.375;-4.0625;-3.75;-3.4375;-3.125;-2.8125;-2.5;-2.1875;-1.875;-1.5625;-1.25;-0.9375;-0.625;-0.3125;0;0.3125;0.625;0.9375;1.25;1.5625;1.875;2.1875;2.5;2.8125;3.125;3.4375;3.75;4.0625;4.375;4.6875;5;5.3125;5.625;5.9375;6.25;6.5625;6.875;7.1875;7.5;7.8125;8.125;8.4375;8.75;9.0625;9.375;9.6875;10","0;0;0;0;0;0;0;0;0;0;0;0;0;0;0;0;0;0;0;0;0;0;0;0;0;0;0;0;0;0;0;4871867;2976866;1179655;417209;214824;104290;70063;25155;4071;0;0;0;0;0;0;0;0;0;0;0;0;0;0;0;0;0;0;0;0;0;0;0;0",9864000
11,5,"LeakyReLULayer( 0.050000 )",pre_activation,"-10;-9.6875;-9.375;-9.0625;-8.75;-8.4375;-8.125;-7.8125;-7.5;-7.1875;-6.875;-6.5625;-6.25;-5.9375;-5.625;-5.3125;-5;-4.6875;-4.375;-4.0625;-3.75;-3.4375;-3.125;-2.8125;-2.5;-2.1875;-1.875;-1.5625;-1.25;-0.9375;-0.625;-0.3125;0;0.3125;0.625;0.9375;1.25;1.5625;1.875;2.1875;2.5;2.8125;3.125;3.4375;3.75;4.0625;4.375;4.6875;5;5.3125;5.625;5.9375;6.25;6.5625;6.875;7.1875;7.5;7.8125;8.125;8.4375;8.75;9.0625;9.375;9.6875;10","0;0;0;0;0;0;0;0;0;0;0;0;0;0;0;0;0;0;0;0;0;0;0;0;1;38;255;1401;4757;13194;24914;29098;39150;38975;13437;6133;3004;885;118;0;0;0;0;0;0;0;0;0;0;0;0;0;0;0;0;0;0;0;0;0;0;0;0;0",175360
11,5,"LeakyReLULayer( 0.050000 )",post_activation,"-10;-9.6875;-9.375;-9.0625;-8.75;-8.4375;-8.125;-7.8125;-7.5;-7.1875;-6.875;-6.5625;-6.25;-5.9375;-5.625;-5.3125;-5;-4.6875;-4.375;-4.0625;-3.75;-3.4375;-3.125;-2.8125;-2.5;-2.1875;-1.875;-1.5625;-1.25;-0.9375;-0.625;-0.3125;0;0.3125;0.625;0.9375;1.25;1.5625;1.875;2.1875;2.5;2.8125;3.125;3.4375;3.75;4.0625;4.375;4.6875;5;5.3125;5.625;5.9375;6.25;6.5625;6.875;7.1875;7.5;7.8125;8.125;8.4375;8.75;9.0625;9.375;9.6875;10","0;0;0;0;0;0;0;0;0;0;0;0;0;0;0;0;0;0;0;0;0;0;0;0;0;0;0;0;0;0;0;73658;39150;38975;13437;6133;3004;885;118;0;0;0;0;0;0;0;0;0;0;0;0;0;0;0;0;0;0;0;0;0;0;0;0;0",175360
11,8,"LeakyReLULayer( 0.050000 )",pre_activation,"-10;-9.6875;-9.375;-9.0625;-8.75;-8.4375;-8.125;-7.8125;-7.5;-7.1875;-6.875;-6.5625;-6.25;-5.9375;-5.625;-5.3125;-5;-4.6875;-4.375;-4.0625;-3.75;-3.4375;-3.125;-2.8125;-2.5;-2.1875;-1.875;-1.5625;-1.25;-0.9375;-0.625;-0.3125;0;0.3125;0.625;0.9375;1.25;1.5625;1.875;2.1875;2.5;2.8125;3.125;3.4375;3.75;4.0625;4.375;4.6875;5;5.3125;5.625;5.9375;6.25;6.5625;6.875;7.1875;7.5;7.8125;8.125;8.4375;8.75;9.0625;9.375;9.6875;10","0;0;0;0;0;0;0;0;0;0;0;0;0;0;0;0;0;0;0;0;0;0;0;0;0;0;0;557;1974;6614;9602;21343;22136;11588;8363;3470;1450;466;117;0;0;0;0;0;0;0;0;0;0;0;0;0;0;0;0;0;0;0;0;0;0;0;0;0",87680
11,8,"LeakyReLULayer( 0.050000 )",post_activation,"-10;-9.6875;-9.375;-9.0625;-8.75;-8.4375;-8.125;-7.8125;-7.5;-7.1875;-6.875;-6.5625;-6.25;-5.9375;-5.625;-5.3125;-5;-4.6875;-4.375;-4.0625;-3.75;-3.4375;-3.125;-2.8125;-2.5;-2.1875;-1.875;-1.5625;-1.25;-0.9375;-0.625;-0.3125;0;0.3125;0.625;0.9375;1.25;1.5625;1.875;2.1875;2.5;2.8125;3.125;3.4375;3.75;4.0625;4.375;4.6875;5;5.3125;5.625;5.9375;6.25;6.5625;6.875;7.1875;7.5;7.8125;8.125;8.4375;8.75;9.0625;9.375;9.6875;10","0;0;0;0;0;0;0;0;0;0;0;0;0;0;0;0;0;0;0;0;0;0;0;0;0;0;0;0;0;0;0;40090;22136;11588;8363;3470;1450;466;117;0;0;0;0;0;0;0;0;0;0;0;0;0;0;0;0;0;0;0;0;0;0;0;0;0",87680
12,1,"LeakyReLULayer( 0.050000 )",pre_activation,"-10;-9.6875;-9.375;-9.0625;-8.75;-8.4375;-8.125;-7.8125;-7.5;-7.1875;-6.875;-6.5625;-6.25;-5.9375;-5.625;-5.3125;-5;-4.6875;-4.375;-4.0625;-3.75;-3.4375;-3.125;-2.8125;-2.5;-2.1875;-1.875;-1.5625;-1.25;-0.9375;-0.625;-0.3125;0;0.3125;0.625;0.9375;1.25;1.5625;1.875;2.1875;2.5;2.8125;3.125;3.4375;3.75;4.0625;4.375;4.6875;5;5.3125;5.625;5.9375;6.25;6.5625;6.875;7.1875;7.5;7.8125;8.125;8.4375;8.75;9.0625;9.375;9.6875;10","0;0;0;0;0;0;0;0;0;0;0;0;0;0;0;0;0;0;0;61;489;1557;3654;7203;13473;29974;62366;110748;204407;422282;1061049;2954617;2976600;1179898;417215;214814;104293;70062;25159;4079;0;0;0;0;0;0;0;0;0;0;0;0;0;0;0;0;0;0;0;0;0;0;0;0",9864000
12,1,"LeakyReLULayer( 0.050000 )",post_activation,"-10;-9.6875;-9.375;-9.0625;-8.75;-8.4375;-8.125;-7.8125;-7.5;-7.1875;-6.875;-6.5625;-6.25;-5.9375;-5.625;-5.3125;-5;-4.6875;-4.375;-4.0625;-3.75;-3.4375;-3.125;-2.8125;-2.5;-2.1875;-1.875;-1.5625;-1.25;-0.9375;-0.625;-0.3125;0;0.3125;0.625;0.9375;1.25;1.5625;1.875;2.1875;2.5;2.8125;3.125;3.4375;3.75;4.0625;4.375;4.6875;5;5.3125;5.625;5.9375;6.25;6.5625;6.875;7.1875;7.5;7.8125;8.125;8.4375;8.75;9.0625;9.375;9.6875;10","0;0;0;0;0;0;0;0;0;0;0;0;0;0;0;0;0;0;0;0;0;0;0;0;0;0;0;0;0;0;0;4871880;2976600;1179898;417215;214814;104293;70062;25159;4079;0;0;0;0;0;0;0;0;0;0;0;0;0;0;0;0;0;0;0;0;0;0;0;0",9864000
12,5,"LeakyReLULayer( 0.050000 )",pre_activation,"-10;-9.6875;-9.375;-9.0625;-8.75;-8.4375;-8.125;-7.8125;-7.5;-7.1875;-6.875;-6.5625;-6.25;-5.9375;-5.625;-5.3125;-5;-4.6875;-4.375;-4.0625;-3.75;-3.4375;-3.125;-2.8125;-2.5;-2.1875;-1.875;-1.5625;-1.25;-0.9375;-0.625;-0.3125;0;0.3125;0.625;0.9375;1.25;1.5625;1.875;2.1875;2.5;2.8125;3.125;3.4375;3.75;4.0625;4.375;4.6875;5;5.3125;5.625;5.9375;6.25;6.5625;6.875;7.1875;7.5;7.8125;8.125;8.4375;8.75;9.0625;9.375;9.6875;10","0;0;0;0;0;0;0;0;0;0;0;0;0;0;0;0;0;0;0;0;0;0;0;0;1;38;254;1410;4757;13220;25015;28958;39015;39100;13398;6162;3024;882;126;0;0;0;0;0;0;0;0;0;0;0;0;0;0;0;0;0;0;0;0;0;0;0;0;0",175360
12,5,"LeakyReLULayer( 0.050000 )",post_activation,"-10;-9.6875;-9.375;-9.0625;-8.75;-8.4375;-8.125;-7.8125;-7.5;-7.1875;-6.875;-6.5625;-6.25;-5.9375;-5.625;-5.3125;-5;-4.6875;-4.375;-4.0625;-3.75;-3.4375;-3.125;-2.8125;-2.5;-2.1875;-1.875;-1.5625;-1.25;-0.9375;-0.625;-0.3125;0;0.3125;0.625;0.9375;1.25;1.5625;1.875;2.1875;2.5;2.8125;3.125;3.4375;3.75;4.0625;4.375;4.6875;5;5.3125;5.625;5.9375;6.25;6.5625;6.875;7.1875;7.5;7.8125;8.125;8.4375;8.75;9.0625;9.375;9.6875;10","0;0;0;0;0;0;0;0;0;0;0;0;0;0;0;0;0;0;0;0;0;0;0;0;0;0;0;0;0;0;0;73653;39015;39100;13398;6162;3024;882;126;0;0;0;0;0;0;0;0;0;0;0;0;0;0;0;0;0;0;0;0;0;0;0;0;0",175360
12,8,"LeakyReLULayer( 0.050000 )",pre_activation,"-10;-9.6875;-9.375;-9.0625;-8.75;-8.4375;-8.125;-7.8125;-7.5;-7.1875;-6.875;-6.5625;-6.25;-5.9375;-5.625;-5.3125;-5;-4.6875;-4.375;-4.0625;-3.75;-3.4375;-3.125;-2.8125;-2.5;-2.1875;-1.875;-1.5625;-1.25;-0.9375;-0.625;-0.3125;0;0.3125;0.625;0.9375;1.25;1.5625;1.875;2.1875;2.5;2.8125;3.125;3.4375;3.75;4.0625;4.375;4.6875;5;5.3125;5.625;5.9375;6.25;6.5625;6.875;7.1875;7.5;7.8125;8.125;8.4375;8.75;9.0625;9.375;9.6875;10","0;0;0;0;0;0;0;0;0;0;0;0;0;0;0;0;0;0;0;0;0;0;0;0;0;0;0;567;1947;6626;9521;21460;22046;11691;8284;3518;1445;468;107;0;0;0;0;0;0;0;0;0;0;0;0;0;0;0;0;0;0;0;0;0;0;0;0;0",87680
12,8,"LeakyReLULayer( 0.050000 )",post_activation,"-10;-9.6875;-9.375;-9.0625;-8.75;-8.4375;-8.125;-7.8125;-7.5;-7.1875;-6.875;-6.5625;-6.25;-5.9375;-5.625;-5.3125;-5;-4.6875;-4.375;-4.0625;-3.75;-3.4375;-3.125;-2.8125;-2.5;-2.1875;-1.875;-1.5625;-1.25;-0.9375;-0.625;-0.3125;0;0.3125;0.625;0.9375;1.25;1.5625;1.875;2.1875;2.5;2.8125;3.125;3.4375;3.75;4.0625;4.375;4.6875;5;5.3125;5.625;5.9375;6.25;6.5625;6.875;7.1875;7.5;7.8125;8.125;8.4375;8.75;9.0625;9.375;9.6875;10","0;0;0;0;0;0;0;0;0;0;0;0;0;0;0;0;0;0;0;0;0;0;0;0;0;0;0;0;0;0;0;40121;22046;11691;8284;3518;1445;468;107;0;0;0;0;0;0;0;0;0;0;0;0;0;0;0;0;0;0;0;0;0;0;0;0;0",87680
13,1,"LeakyReLULayer( 0.050000 )",pre_activation,"-10;-9.6875;-9.375;-9.0625;-8.75;-8.4375;-8.125;-7.8125;-7.5;-7.1875;-6.875;-6.5625;-6.25;-5.9375;-5.625;-5.3125;-5;-4.6875;-4.375;-4.0625;-3.75;-3.4375;-3.125;-2.8125;-2.5;-2.1875;-1.875;-1.5625;-1.25;-0.9375;-0.625;-0.3125;0;0.3125;0.625;0.9375;1.25;1.5625;1.875;2.1875;2.5;2.8125;3.125;3.4375;3.75;4.0625;4.375;4.6875;5;5.3125;5.625;5.9375;6.25;6.5625;6.875;7.1875;7.5;7.8125;8.125;8.4375;8.75;9.0625;9.375;9.6875;10","0;0;0;0;0;0;0;0;0;0;0;0;0;0;0;0;0;0;0;61;489;1559;3654;7204;13480;29981;62379;110784;204426;422401;1061073;2954337;2976321;1180067;417289;214856;104310;70062;25187;4080;0;0;0;0;0;0;0;0;0;0;0;0;0;0;0;0;0;0;0;0;0;0;0;0",9864000
13,1,"LeakyReLULayer( 0.050000 )",post_activation,"-10;-9.6875;-9.375;-9.0625;-8.75;-8.4375;-8.125;-7.8125;-7.5;-7.1875;-6.875;-6.5625;-6.25;-5.9375;-5.625;-5.3125;-5;-4.6875;-4.375;-4.0625;-3.75;-3.4375;-3.125;-2.8125;-2.5;-2.1875;-1.875;-1.5625;-1.25;-0.9375;-0.625;-0.3125;0;0.3125;0.625;0.9375;1.25;1.5625;1.875;2.1875;2.5;2.8125;3.125;3.4375;3.75;4.0625;4.375;4.6875;5;5.3125;5.625;5.9375;6.25;6.5625;6.875;7.1875;7.5;7.8125;8.125;8.4375;8.75;9.0625;9.375;9.6875;10","0;0;0;0;0;0;0;0;0;0;0;0;0;0;0;0;0;0;0;0;0;0;0;0;0;0;0;0;0;0;0;4871828;2976321;1180067;417289;214856;104310;70062;25187;4080;0;0;0;0;0;0;0;0;0;0;0;0;0;0;0;0;0;0;0;0;0;0;0;0",9864000
13,5,"LeakyReLULayer( 0.050000 )",pre_activation,"-10;-9.6875;-9.375;-9.0625;-8.75;-8.4375;-8.125;-7.8125;-7.5;-7.1875;-6.875;-6.5625;-6.25;-5.9375;-5.625;-5.3125;-5;-4.6875;-4.375;-4.0625;-3.75;-3.4375;-3.125;-2.8125;-2.5;-2.1875;-1.875;-1.5625;-1.25;-0.9375;-0.625;-0.3125;0;0.3125;0.625;0.9375;1.25;1.5625;1.875;2.1875;2.5;2.8125;3.125;3.4375;3.75;4.0625;4.375;4.6875;5;5.3125;5.625;5.9375;6.25;6.5625;6.875;7.1875;7.5;7.8125;8.125;8.4375;8.75;9.0625;9.375;9.6875;10","0;0;0;0;0;0;0;0;0;0;0;0;0;0;0;0;0;0;0;0;0;0;0;0;1;40;253;1398;4773;13271;25101;28876;38893;39148;13352;6208;3022;894;130;0;0;0;0;0;0;0;0;0;0;0;0;0;0;0;0;0;0;0;0;0;0;0;0;0",175360
13,5,"LeakyReLULayer( 0.050000 )",post_activation,"-10;-9.6875;-9.375;-9.0625;-8.75;-8.4375;-8.125;-7.8125;-7.5;-7.1875;-6.875;-6.5625;-6.25;-5.9375;-5.625;-5.3125;-5;-4.6875;-4.375;-4.0625;-3.75;-3.4375;-3.125;-2.8125;-2.5;-2.1875;-1.875;-1.5625;-1.25;-0.9375;-0.625;-0.3125;0;0.3125;0.625;0.9375;1.25;1.5625;1.875;2.1875;2.5;2.8125;3.125;3.4375;3.75;4.0625;4.375;4.6875;5;5.3125;5.625;5.9375;6.25;6.5625;6.875;7.1875;7.5;7.8125;8.125;8.4375;8.75;9.0625;9.375;9.6875;10","0;0;0;0;0;0;0;0;0;0;0;0;0;0;0;0;0;0;0;0;0;0;0;0;0;0;0;0;0;0;0;73713;38893;39148;13352;6208;3022;894;130;0;0;0;0;0;0;0;0;0;0;0;0;0;0;0;0;0;0;0;0;0;0;0;0;0",175360
13,8,"LeakyReLULayer( 0.050000 )",pre_activation,"-10;-9.6875;-9.375;-9.0625;-8.75;-8.4375;-8.125;-7.8125;-7.5;-7.1875;-6.875;-6.5625;-6.25;-5.9375;-5.625;-5.3125;-5;-4.6875;-4.375;-4.0625;-3.75;-3.4375;-3.125;-2.8125;-2.5;-2.1875;-1.875;-1.5625;-1.25;-0.9375;-0.625;-0.3125;0;0.3125;0.625;0.9375;1.25;1.5625;1.875;2.1875;2.5;2.8125;3.125;3.4375;3.75;4.0625;4.375;4.6875;5;5.3125;5.625;5.9375;6.25;6.5625;6.875;7.1875;7.5;7.8125;8.125;8.4375;8.75;9.0625;9.375;9.6875;10","0;0;0;0;0;0;0;0;0;0;0;0;0;0;0;0;0;0;0;0;0;0;0;0;0;0;0;567;1947;6630;9487;21465;21996;11725;8240;3591;1464;462;106;0;0;0;0;0;0;0;0;0;0;0;0;0;0;0;0;0;0;0;0;0;0;0;0;0",87680
13,8,"LeakyReLULayer( 0.050000 )",post_activation,"-10;-9.6875;-9.375;-9.0625;-8.75;-8.4375;-8.125;-7.8125;-7.5;-7.1875;-6.875;-6.5625;-6.25;-5.9375;-5.625;-5.3125;-5;-4.6875;-4.375;-4.0625;-3.75;-3.4375;-3.125;-2.8125;-2.5;-2.1875;-1.875;-1.5625;-1.25;-0.9375;-0.625;-0.3125;0;0.3125;0.625;0.9375;1.25;1.5625;1.875;2.1875;2.5;2.8125;3.125;3.4375;3.75;4.0625;4.375;4.6875;5;5.3125;5.625;5.9375;6.25;6.5625;6.875;7.1875;7.5;7.8125;8.125;8.4375;8.75;9.0625;9.375;9.6875;10","0;0;0;0;0;0;0;0;0;0;0;0;0;0;0;0;0;0;0;0;0;0;0;0;0;0;0;0;0;0;0;40096;21996;11725;8240;3591;1464;462;106;0;0;0;0;0;0;0;0;0;0;0;0;0;0;0;0;0;0;0;0;0;0;0;0;0",87680
14,1,"LeakyReLULayer( 0.050000 )",pre_activation,"-10;-9.6875;-9.375;-9.0625;-8.75;-8.4375;-8.125;-7.8125;-7.5;-7.1875;-6.875;-6.5625;-6.25;-5.9375;-5.625;-5.3125;-5;-4.6875;-4.375;-4.0625;-3.75;-3.4375;-3.125;-2.8125;-2.5;-2.1875;-1.875;-1.5625;-1.25;-0.9375;-0.625;-0.3125;0;0.3125;0.625;0.9375;1.25;1.5625;1.875;2.1875;2.5;2.8125;3.125;3.4375;3.75;4.0625;4.375;4.6875;5;5.3125;5.625;5.9375;6.25;6.5625;6.875;7.1875;7.5;7.8125;8.125;8.4375;8.75;9.0625;9.375;9.6875;10","0;0;0;0;0;0;0;0;0;0;0;0;0;0;0;0;0;0;0;61;489;1562;3654;7203;13489;29997;62393;110793;204451;422499;1061142;2953965;2976170;1180203;417353;214892;104329;70057;25203;4095;0;0;0;0;0;0;0;0;0;0;0;0;0;0;0;0;0;0;0;0;0;0;0;0",9864000
14,1,"LeakyReLULayer( 0.050000 )",post_activation,"-10;-9.6875;-9.375;-9.0625;-8.75;-8.4375;-8.125;-7.8125;-7.5;-7.1875;-6.875;-6.5625;-6.25;-5.9375;-5.625;-5.3125;-5;-4.6875;-4.375;-4.0625;-3.75;-3.4375;-3.125;-2.8125;-2.5;-2.1875;-1.875;-1.5625;-1.25;-0.9375;-0.625;-0.3125;0;0.3125;0.625;0.9375;1.25;1.5625;1.875;2.1875;2.5;2.8125;3.125;3.4375;3.75;4.0625;4.375;4.6875;5;5.3125;5.625;5.9375;6.25;6.5625;6.875;7.1875;7.5;7.8125;8.125;8.4375;8.75;9.0625;9.375;9.6875;10","0;0;0;0;0;0;0;0;0;0;0;0;0;0;0;0;0;0;0;0;0;0;0;0;0;0;0;0;0;0;0;4871698;2976170;1180203;417353;214892;104329;70057;25203;4095;0;0;0;0;0;0;0;0;0;0;0;0;0;0;0;0;0;0;0;0;0;0;0;0",9864000
14,5,"LeakyReLULayer( 0.050000 )",pre_activation,"-10;-9.6875;-9.375;-9.0625;-8.75;-8.4375;-8.125;-7.8125;-7.5;-7.1875;-6.875;-6.5625;-6.25;-5.9375;-5.625;-5.3125;-5;-4.6875;-4.375;-4.0625;-3.75;-3.4375;-3.125;-2.8125;-2.5;-2.1875;-1.875;-1.5625;-1.25;-0.9375;-0.625;-0.3125;0;0.3125;0.625;0.9375;1.25;1.5625;1.875;2.1875;2.5;2.8125;3.125;3.4375;3.75;4.0625;4.375;4.6875;5;5.3125;5.625;5.9375;6.25;6.5625;6.875;7.1875;7.5;7.8125;8.125;8.4375;8.75;9.0625;9.375;9.6875;10","0;0;0;0;0;0;0;0;0;0;0;0;0;0;0;0;0;0;0;0;0;0;0;0;1;40;254;1391;4767;13347;25220;28654;38878;39190;13338;6239;3015;889;137;0;0;0;0;0;0;0;0;0;0;0;0;0;0;0;0;0;0;0;0;0;0;0;0;0",175360
14,5,"LeakyReLULayer( 0.050000 )",post_activation,"-10;-9.6875;-9.375;-9.0625;-8.75;-8.4375;-8.125;-7.8125;-7.5;-7.1875;-6.875;-6.5625;-6.25;-5.9375;-5.625;-5.3125;-5;-4.6875;-4.375;-4.0625;-3.75;-3.4375;-3.125;-2.8125;-2.5;-2.1875;-1.875;-1.5625;-1.25;-0.9375;-0.625;-0.3125;0;0.3125;0.625;0.9375;1.25;1.5625;1.875;2.1875;2.5;2.8125;3.125;3.4375;3.75;4.0625;4.375;4.6875;5;5.3125;5.625;5.9375;6.25;6.5625;6.875;7.1875;7.5;7.8125;8.125;8.4375;8.75;9.0625;9.375;9.6875;10","0;0;0;0;0;0;0;0;0;0;0;0;0;0;0;0;0;0;0;0;0;0;0;0;0;0;0;0;0;0;0;73674;38878;39190;13338;6239;3015;889;137;0;0;0;0;0;0;0;0;0;0;0;0;0;0;0;0;0;0;0;0;0;0;0;0;0",175360
14,8,"LeakyReLULayer( 0.050000 )",pre_activation,"-10;-9.6875;-9.375;-9.0625;-8.75;-8.4375;-8.125;-7.8125;-7.5;-7.1875;-6.875;-6.5625;-6.25;-5.9375;-5.625;-5.3125;-5;-4.6875;-4.375;-4.0625;-3.75;-3.4375;-3.125;-2.8125;-2.5;-2.1875;-1.875;-1.5625;-1.25;-0.9375;-0.625;-0.3125;0;0.3125;0.625;0.9375;1.25;1.5625;1.875;2.1875;2.5;2.8125;3.125;3.4375;3.75;4.0625;4.375;4.6875;5;5.3125;5.625;5.9375;6.25;6.5625;6.875;7.1875;7.5;7.8125;8.125;8.4375;8.75;9.0625;9.375;9.6875;10","0;0;0;0;0;0;0;0;0;0;0;0;0;0;0;0;0;0;0;0;0;0;0;0;0;0;0;569;1950;6633;9389;21578;22003;11720;8186;3621;1457;468;106;0;0;0;0;0;0;0;0;0;0;0;0;0;0;0;0;0;0;0;0;0;0;0;0;0",87680
14,8,"LeakyReLULayer( 0.050000 )",post_activation,"-10;-9.6875;-9.375;-9.0625;-8.75;-8.4375;-8.125;-7.8125;-7.5;-7.1875;-6.875;-6.5625;-6.25;-5.9375;-5.625;-5.3125;-5;-4.6875;-4.375;-4.0625;-3.75;-3.4375;-3.125;-2.8125;-2.5;-2.1875;-1.875;-1.5625;-1.25;-0.9375;-0.625;-0.3125;0;0.3125;0.625;0.9375;1.25;1.5625;1.875;2.1875;2.5;2.8125;3.125;3.4375;3.75;4.0625;4.375;4.6875;5;5.3125;5.625;5.9375;6.25;6.5625;6.875;7.1875;7.5;7.8125;8.125;8.4375;8.75;9.0625;9.375;9.6875;10","0;0;0;0;0;0;0;0;0;0;0;0;0;0;0;0;0;0;0;0;0;0;0;0;0;0;0;0;0;0;0;40119;22003;11720;8186;3621;1457;468;106;0;0;0;0;0;0;0;0;0;0;0;0;0;0;0;0;0;0;0;0;0;0;0;0;0",87680
15,1,"LeakyReLULayer( 0.050000 )",pre_activation,"-10;-9.6875;-9.375;-9.0625;-8.75;-8.4375;-8.125;-7.8125;-7.5;-7.1875;-6.875;-6.5625;-6.25;-5.9375;-5.625;-5.3125;-5;-4.6875;-4.375;-4.0625;-3.75;-3.4375;-3.125;-2.8125;-2.5;-2.1875;-1.875;-1.5625;-1.25;-0.9375;-0.625;-0.3125;0;0.3125;0.625;0.9375;1.25;1.5625;1.875;2.1875;2.5;2.8125;3.125;3.4375;3.75;4.0625;4.375;4.6875;5;5.3125;5.625;5.9375;6.25;6.5625;6.875;7.1875;7.5;7.8125;8.125;8.4375;8.75;9.0625;9.375;9.6875;10","0;0;0;0;0;0;0;0;0;0;0;0;0;0;0;0;0;0;0;62;488;1563;3655;7207;13505;29984;62427;110814;204489;422683;1061267;2953441;2975799;1180500;417423;214925;104357;70078;25233;4100;0;0;0;0;0;0;0;0;0;0;0;0;0;0;0;0;0;0;0;0;0;0;0;0",9864000
15,1,"LeakyReLULayer( 0.050000 )",post_activation,"-10;-9.6875;-9.375;-9.0625;-8.75;-8.4375;-8.125;-7.8125;-7.5;-7.1875;-6.875;-6.5625;-6.25;-5.9375;-5.625;-5.3125;-5;-4.6875;-4.375;-4.0625;-3.75;-3.4375;-3.125;-2.8125;-2.5;-2.1875;-1.875;-1.5625;-1.25;-0.9375;-0.625;-0.3125;0;0.3125;0.625;0.9375;1.25;1.5625;1.875;2.1875;2.5;2.8125;3.125;3.4375;3.75;4.0625;4.375;4.6875;5;5.3125;5.625;5.9375;6.25;6.5625;6.875;7.1875;7.5;7.8125;8.125;8.4375;8.75;9.0625;9.375;9.6875;10","0;0;0;0;0;0;0;0;0;0;0;0;0;0;0;0;0;0;0;0;0;0;0;0;0;0;0;0;0;0;0;4871585;2975799;1180500;417423;214925;104357;70078;25233;4100;0;0;0;0;0;0;0;0;0;0;0;0;0;0;0;0;0;0;0;0;0;0;0;0",9864000
15,5,"LeakyReLULayer( 0.050000 )",pre_activation,"-10;-9.6875;-9.375;-9.0625;-8.75;-8.4375;-8.125;-7.8125;-7.5;-7.1875;-6.875;-6.5625;-6.25;-5.9375;-5.625;-5.3125;-5;-4.6875;-4.375;-4.0625;-3.75;-3.4375;-3.125;-2.8125;-2.5;-2.1875;-1.875;-1.5625;-1.25;-0.9375;-0.625;-0.3125;0;0.3125;0.625;0.9375;1.25;1.5625;1.875;2.1875;2.5;2.8125;3.125;3.4375;3.75;4.0625;4.375;4.6875;5;5.3125;5.625;5.9375;6.25;6.5625;6.875;7.1875;7.5;7.8125;8.125;8.4375;8.75;9.0625;9.375;9.6875;10","0;0;0;0;0;0;0;0;0;0;0;0;0;0;0;0;0;0;0;0;0;0;0;0;1;40;254;1402;4762;13389;25222;28557;38707;39360;13328;6271;3013;909;145;0;0;0;0;0;0;0;0;0;0;0;0;0;0;0;0;0;0;0;0;0;0;0;0;0",175360
15,5,"LeakyReLULayer( 0.050000 )",post_activation,"-10;-9.6875;-9.375;-9.0625;-8.75;-8.4375;-8.125;-7.8125;-7.5;-7.1875;-6.875;-6.5625;-6.25;-5.9375;-5.625;-5.3125;-5;-4.6875;-4.375;-4.0625;-3.75;-3.4375;-3.125;-2.8125;-2.5;-2.1875;-1.875;-1.5625;-1.25;-0.9375;-0.625;-0.3125;0;0.3125;0.625;0.9375;1.25;1.5625;1.875;2.1875;2.5;2.8125;3.125;3.4375;3.75;4.0625;4.375;4.6875;5;5.3125;5.625;5.9375;6.25;6.5625;6.875;7.1875;7.5;7.8125;8.125;8.4375;8.75;9.0625;9.375;9.6875;10","0;0;0;0;0;0;0;0;0;0;0;0;0;0;0;0;0;0;0;0;0;0;0;0;0;0;0;0;0;0;0;73627;38707;39360;13328;6271;3013;909;145;0;0;0;0;0;0;0;0;0;0;0;0;0;0;0;0;0;0;0;0;0;0;0;0;0",175360
15,8,"LeakyReLULayer( 0.050000 )",pre_activation,"-10;-9.6875;-9.375;-9.0625;-8.75;-8.4375;-8.125;-7.8125;-7.5;-7.1875;-6.875;-6.5625;-6.25;-5.9375;-5.625;-5.3125;-5;-4.6875;-4.375;-4.0625;-3.75;-3.4375;-3.125;-2.8125;-2.5;-2.1875;-1.875;-1.5625;-1.25;-0.9375;-0.625;-0.3125;0;0.3125;0.625;0.9375;1.25;1.5625;1.875;2.1875;2.5;2.8125;3.125;3.4375;3.75;4.0625;4.375;4.6875;5;5.3125;5.625;5.9375;6.25;6.5625;6.875;7.1875;7.5;7.8125;8.125;8.4375;8.75;9.0625;9.375;9.6875;10","0;0;0;0;0;0;0;0;0;0;0;0;0;0;0;0;0;0;0;0;0;0;0;0;0;0;0;572;1944;6625;9438;21529;21888;11785;8194;3657;1467;474;107;0;0;0;0;0;0;0;0;0;0;0;0;0;0;0;0;0;0;0;0;0;0;0;0;0",87680
15,8,"LeakyReLULayer( 0.050000 )",post_activation,"-10;-9.6875;-9.375;-9.0625;-8.75;-8.4375;-8.125;-7.8125;-7.5;-7.1875;-6.875;-6.5625;-6.25;-5.9375;-5.625;-5.3125;-5;-4.6875;-4.375;-4.0625;-3.75;-3.4375;-3.125;-2.8125;-2.5;-2.1875;-1.875;-1.5625;-1.25;-0.9375;-0.625;-0.3125;0;0.3125;0.625;0.9375;1.25;1.5625;1.875;2.1875;2.5;2.8125;3.125;3.4375;3.75;4.0625;4.375;4.6875;5;5.3125;5.625;5.9375;6.25;6.5625;6.875;7.1875;7.5;7.8125;8.125;8.4375;8.75;9.0625;9.375;9.6875;10","0;0;0;0;0;0;0;0;0;0;0;0;0;0;0;0;0;0;0;0;0;0;0;0;0;0;0;0;0;0;0;40108;21888;11785;8194;3657;1467;474;107;0;0;0;0;0;0;0;0;0;0;0;0;0;0;0;0;0;0;0;0;0;0;0;0;0",87680
16,1,"LeakyReLULayer( 0.050000 )",pre_activation,"-10;-9.6875;-9.375;-9.0625;-8.75;-8.4375;-8.125;-7.8125;-7.5;-7.1875;-6.875;-6.5625;-6.25;-5.9375;-5.625;-5.3125;-5;-4.6875;-4.375;-4.0625;-3.75;-3.4375;-3.125;-2.8125;-2.5;-2.1875;-1.875;-1.5625;-1.25;-0.9375;-0.625;-0.3125;0;0.3125;0.625;0.9375;1.25;1.5625;1.875;2.1875;2.5;2.8125;3.125;3.4375;3.75;4.0625;4.375;4.6875;5;5.3125;5.625;5.9375;6.25;6.5625;6.875;7.1875;7.5;7.8125;8.125;8.4375;8.75;9.0625;9.375;9.6875;10","0;0;0;0;0;0;0;0;0;0;0;0;0;0;0;0;0;0;0;63;488;1564;3656;7208;13511;29993;62437;110810;204485;422657;1061340;2953362;2975686;1180589;417427;214909;104373;70096;25230;4116;0;0;0;0;0;0;0;0;0;0;0;0;0;0;0;0;0;0;0;0;0;0;0;0",9864000
16,1,"LeakyReLULayer( 0.050000 )",post_activation,"-10;-9.6875;-9.375;-9.0625;-8.75;-8.4375;-8.125;-7.8125;-7.5;-7.1875;-6.875;-6.5625;-6.25;-5.9375;-5.625;-5.3125;-5;-4.6875;-4.375;-4.0625;-3.75;-3.4375;-3.125;-2.8125;-2.5;-2.1875;-1.875;-1.5625;-1.25;-0.9375;-0.625;-0.3125;0;0.3125;0.625;0.9375;1.25;1.5625;1.875;2.1875;2.5;2.8125;3.125;3.4375;3.75;4.0625;4.375;4.6875;5;5.3125;5.625;5.9375;6.25;6.5625;6.875;7.1875;7.5;7.8125;8.125;8.4375;8.75;9.0625;9.375;9.6875;10","0;0;0;0;0;0;0;0;0;0;0;0;0;0;0;0;0;0;0;0;0;0;0;0;0;0;0;0;0;0;0;4871574;2975686;1180589;417427;214909;104373;70096;25230;4116;0;0;0;0;0;0;0;0;0;0;0;0;0;0;0;0;0;0;0;0;0;0;0;0",9864000
16,5,"LeakyReLULayer( 0.050000 )",pre_activation,"-10;-9.6875;-9.375;-9.0625;-8.75;-8.4375;-8.125;-7.8125;-7.5;-7.1875;-6.875;-6.5625;-6.25;-5.9375;-5.625;-5.3125;-5;-4.6875;-4.375;-4.0625;-3.75;-3.4375;-3.125;-2.8125;-2.5;-2.1875;-1.875;-1.5625;-1.25;-0.9375;-0.625;-0.3125;0;0.3125;0.625;0.9375;1.25;1.5625;1.875;2.1875;2.5;2.8125;3.125;3.4375;3.75;4.0625;4.375;4.6875;5;5.3125;5.625;5.9375;6.25;6.5625;6.875;7.1875;7.5;7.8125;8.125;8.4375;8.75;9.0625;9.375;9.6875;10","0;0;0;0;0;0;0;0;0;0;0;0;0;0;0;0;0;0;0;0;0;0;0;0;1;40;252;1379;4792;13408;25351;28422;38640;39402;13295;6318;3008;904;148;0;0;0;0;0;0;0;0;0;0;0;0;0;0;0;0;0;0;0;0;0;0;0;0;0",175360
16,5,"LeakyReLULayer( 0.050000 )",post_activation,"-10;-9.6875;-9.375;-9.0625;-8.75;-8.4375;-8.125;-7.8125;-7.5;-7.1875;-6.875;-6.5625;-6.25;-5.9375;-5.625;-5.3125;-5;-4.6875;-4.375;-4.0625;-3.75;-3.4375;-3.125;-2.8125;-2.5;-2.1875;-1.875;-1.5625;-1.25;-0.9375;-0.625;-0.3125;0;0.3125;0.625;0.9375;1.25;1.5625;1.875;2.1875;2.5;2.8125;3.125;3.4375;3.75;4.0625;4.375;4.6875;5;5.3125;5.625;5.9375;6.25;6.5625;6.875;7.1875;7.5;7.8125;8.125;8.4375;8.75;9.0625;9.375;9.6875;10","0;0;0;0;0;0;0;0;0;0;0;0;0;0;0;0;0;0;0;0;0;0;0;0;0;0;0;0;0;0;0;73645;38640;39402;13295;6318;3008;904;148;0;0;0;0;0;0;0;0;0;0;0;0;0;0;0;0;0;0;0;0;0;0;0;0;0",175360
16,8,"LeakyReLULayer( 0.050000 )",pre_activation,"-10;-9.6875;-9.375;-9.0625;-8.75;-8.4375;-8.125;-7.8125;-7.5;-7.1875;-6.875;-6.5625;-6.25;-5.9375;-5.625;-5.3125;-5;-4.6875;-4.375;-4.0625;-3.75;-3.4375;-3.125;-2.8125;-2.5;-2.1875;-1.875;-1.5625;-1.25;-0.9375;-0.625;-0.3125;0;0.3125;0.625;0.9375;1.25;1.5625;1.875;2.1875;2.5;2.8125;3.125;3.4375;3.75;4.0625;4.375;4.6875;5;5.3125;5.625;5.9375;6.25;6.5625;6.875;7.1875;7.5;7.8125;8.125;8.4375;8.75;9.0625;9.375;9.6875;10","0;0;0;0;0;0;0;0;0;0;0;0;0;0;0;0;0;0;0;0;0;0;0;0;0;0;0;585;1925;6616;9367;21640;21856;11849;8151;3643;1475;472;101;0;0;0;0;0;0;0;0;0;0;0;0;0;0;0;0;0;0;0;0;0;0;0;0;0",87680
16,8,"LeakyReLULayer( 0.050000 )",post_activation,"-10;-9.6875;-9.375;-9.0625;-8.75;-8.4375;-8.125;-7.8125;-7.5;-7.1875;-6.875;-6.5625;-6.25;-5.9375;-5.625;-5.3125;-5;-4.6875;-4.375;-4.0625;-3.75;-3.4375;-3.125;-2.8125;-2.5;-2.1875;-1.875;-1.5625;-1.25;-0.9375;-0.625;-0.3125;0;0.3125;0.625;0.9375;1.25;1.5625;1.875;2.1875;2.5;2.8125;3.125;3.4375;3.75;4.0625;4.375;4.6875;5;5.3125;5.625;5.9375;6.25;6.5625;6.875;7.1875;7.5;7.8125;8.125;8.4375;8.75;9.0625;9.375;9.6875;10","0;0;0;0;0;0;0;0;0;0;0;0;0;0;0;0;0;0;0;0;0;0;0;0;0;0;0;0;0;0;0;40133;21856;11849;8151;3643;1475;472;101;0;0;0;0;0;0;0;0;0;0;0;0;0;0;0;0;0;0;0;0;0;0;0;0;0",87680
17,1,"LeakyReLULayer( 0.050000 )",pre_activation,"-10;-9.6875;-9.375;-9.0625;-8.75;-8.4375;-8.125;-7.8125;-7.5;-7.1875;-6.875;-6.5625;-6.25;-5.9375;-5.625;-5.3125;-5;-4.6875;-4.375;-4.0625;-3.75;-3.4375;-3.125;-2.8125;-2.5;-2.1875;-1.875;-1.5625;-1.25;-0.9375;-0.625;-0.3125;0;0.3125;0.625;0.9375;1.25;1.5625;1.875;2.1875;2.5;2.8125;3.125;3.4375;3.75;4.0625;4.375;4.6875;5;5.3125;5.625;5.9375;6.25;6.5625;6.875;7.1875;7.5;7.8125;8.125;8.4375;8.75;9.0625;9.375;9.6875;10","0;0;0;0;0;0;0;0;0;0;0;0;0;0;0;0;0;0;0;63;489;1561;3659;7206;13518;29997;62453;110823;204499;422750;1061411;2953017;2975525;1180732;417509;214946;104374;70102;25243;4123;0;0;0;0;0;0;0;0;0;0;0;0;0;0;0;0;0;0;0;0;0;0;0;0",9864000
17,1,"LeakyReLULayer( 0.050000 )",post_activation,"-10;-9.6875;-9.375;-9.0625;-8.75;-8.4375;-8.125;-7.8125;-7.5;-7.1875;-6.875;-6.5625;-6.25;-5.9375;-5.625;-5.3125;-5;-4.6875;-4.375;-4.0625;-3.75;-3.4375;-3.125;-2.8125;-2.5;-2.1875;-1.875;-1.5625;-1.25;-0.9375;-0.625;-0.3125;0;0.3125;0.625;0.9375;1.25;1.5625;1.875;2.1875;2.5;2.8125;3.125;3.4375;3.75;4.0625;4.375;4.6875;5;5.3125;5.625;5.9375;6.25;6.5625;6.875;7.1875;7.5;7.8125;8.125;8.4375;8.75;9.0625;9.375;9.6875;10","0;0;0;0;0;0;0;0;0;0;0;0;0;0;0;0;0;0;0;0;0;0;0;0;0;0;0;0;0;0;0;4871446;2975525;1180732;417509;214946;104374;70102;25243;4123;0;0;0;0;0;0;0;0;0;0;0;0;0;0;0;0;0;0;0;0;0;0;0;0",9864000
17,5,"LeakyReLULayer( 0.050000 )",pre_activation,"-10;-9.6875;-9.375;-9.0625;-8.75;-8.4375;-8.125;-7.8125;-7.5;-7.1875;-6.875;-6.5625;-6.25;-5.9375;-5.625;-5.3125;-5;-4.6875;-4.375;-4.0625;-3.75;-3.4375;-3.125;-2.8125;-2.5;-2.1875;-1.875;-1.5625;-1.25;-0.9375;-0.625;-0.3125;0;0.3125;0.625;0.9375;1.25;1.5625;1.875;2.1875;2.5;2.8125;3.125;3.4375;3.75;4.0625;4.375;4.6875;5;5.3125;5.625;5.9375;6.25;6.5625;6.875;7.1875;7.5;7.8125;8.125;8.4375;8.75;9.0625;9.375;9.6875;10","0;0;0;0;0;0;0;0;0;0;0;0;0;0;0;0;0;0;0;0;0;0;0;0;1;40;253;1382;4796;13434;25394;28329;38508;39517;13296;6352;2986;914;158;0;0;0;0;0;0;0;0;0;0;0;0;0;0;0;0;0;0;0;0;0;0;0;0;0",175360
17,5,"LeakyReLULayer( 0.050000 )",post_activation,"-10;-9.6875;-9.375;-9.0625;-8.75;-8.4375;-8.125;-7.8125;-7.5;-7.1875;-6.875;-6.5625;-6.25;-5.9375;-5.625;-5.3125;-5;-4.6875;-4.375;-4.0625;-3.75;-3.4375;-3.125;-2.8125;-2.5;-2.1875;-1.875;-1.5625;-1.25;-0.9375;-0.625;-0.3125;0;0.3125;0.625;0.9375;1.25;1.5625;1.875;2.1875;2.5;2.8125;3.125;3.4375;3.75;4.0625;4.375;4.6875;5;5.3125;5.625;5.9375;6.25;6.5625;6.875;7.1875;7.5;7.8125;8.125;8.4375;8.75;9.0625;9.375;9.6875;10","0;0;0;0;0;0;0;0;0;0;0;0;0;0;0;0;0;0;0;0;0;0;0;0;0;0;0;0;0;0;0;73629;38508;39517;13296;6352;2986;914;158;0;0;0;0;0;0;0;0;0;0;0;0;0;0;0;0;0;0;0;0;0;0;0;0;0",175360
17,8,"LeakyReLULayer( 0.050000 )",pre_activation,"-10;-9.6875;-9.375;-9.0625;-8.75;-8.4375;-8.125;-7.8125;-7.5;-7.1875;-6.875;-6.5625;-6.25;-5.9375;-5.625;-5.3125;-5;-4.6875;-4.375;-4.0625;-3.75;-3.4375;-3.125;-2.8125;-2.5;-2.1875;-1.875;-1.5625;-1.25;-0.9375;-0.625;-0.3125;0;0.3125;0.625;0.9375;1.25;1.5625;1.875;2.1875;2.5;2.8125;3.125;3.4375;3.75;4.0625;4.375;4.6875;5;5.3125;5.625;5.9375;6.25;6.5625;6.875;7.1875;7.5;7.8125;8.125;8.4375;8.75;9.0625;9.375;9.6875;10","0;0;0;0;0;0;0;0;0;0;0;0;0;0;0;0;0;0;0;0;0;0;0;0;0;0;0;595;1940;6608;9397;21639;21736;11855;8165;3690;1477;475;103;0;0;0;0;0;0;0;0;0;0;0;0;0;0;0;0;0;0;0;0;0;0;0;0;0",87680
17,8,"LeakyReLULayer( 0.050000 )",post_activation,"-10;-9.6875;-9.375;-9.0625;-8.75;-8.4375;-8.125;-7.8125;-7.5;-7.1875;-6.875;-6.5625;-6.25;-5.9375;-5.625;-5.3125;-5;-4.6875;-4.375;-4.0625;-3.75;-3.4375;-3.125;-2.8125;-2.5;-2.1875;-1.875;-1.5625;-1.25;-0.9375;-0.625;-0.3125;0;0.3125;0.625;0.9375;1.25;1.5625;1.875;2.1875;2.5;2.8125;3.125;3.4375;3.75;4.0625;4.375;4.6875;5;5.3125;5.625;5.9375;6.25;6.5625;6.875;7.1875;7.5;7.8125;8.125;8.4375;8.75;9.0625;9.375;9.6875;10","0;0;0;0;0;0;0;0;0;0;0;0;0;0;0;0;0;0;0;0;0;0;0;0;0;0;0;0;0;0;0;40179;21736;11855;8165;3690;1477;475;103;0;0;0;0;0;0;0;0;0;0;0;0;0;0;0;0;0;0;0;0;0;0;0;0;0",87680
18,1,"LeakyReLULayer( 0.050000 )",pre_activation,"-10;-9.6875;-9.375;-9.0625;-8.75;-8.4375;-8.125;-7.8125;-7.5;-7.1875;-6.875;-6.5625;-6.25;-5.9375;-5.625;-5.3125;-5;-4.6875;-4.375;-4.0625;-3.75;-3.4375;-3.125;-2.8125;-2.5;-2.1875;-1.875;-1.5625;-1.25;-0.9375;-0.625;-0.3125;0;0.3125;0.625;0.9375;1.25;1.5625;1.875;2.1875;2.5;2.8125;3.125;3.4375;3.75;4.0625;4.375;4.6875;5;5.3125;5.625;5.9375;6.25;6.5625;6.875;7.1875;7.5;7.8125;8.125;8.4375;8.75;9.0625;9.375;9.6875;10","0;0;0;0;0;0;0;0;0;0;0;0;0;0;0;0;0;0;0;64;489;1562;3658;7210;13526;30011;62443;110849;204507;422782;1061433;2952751;2975526;1180796;417537;214955;104414;70105;25250;4132;0;0;0;0;0;0;0;0;0;0;0;0;0;0;0;0;0;0;0;0;0;0;0;0",9864000
18,1,"LeakyReLULayer( 0.050000 )",post_activation,"-10;-9.6875;-9.375;-9.0625;-8.75;-8.4375;-8.125;-7.8125;-7.5;-7.1875;-6.875;-6.5625;-6.25;-5.9375;-5.625;-5.3125;-5;-4.6875;-4.375;-4.0625;-3.75;-3.4375;-3.125;-2.8125;-2.5;-2.1875;-1.875;-1.5625;-1.25;-0.9375;-0.625;-0.3125;0;0.3125;0.625;0.9375;1.25;1.5625;1.875;2.1875;2.5;2.8125;3.125;3.4375;3.75;4.0625;4.375;4.6875;5;5.3125;5.625;5.9375;6.25;6.5625;6.875;7.1875;7.5;7.8125;8.125;8.4375;8.75;9.0625;9.375;9.6875;10","0;0;0;0;0;0;0;0;0;0;0;0;0;0;0;0;0;0;0;0;0;0;0;0;0;0;0;0;0;0;0;4871285;2975526;1180796;417537;214955;104414;70105;25250;4132;0;0;0;0;0;0;0;0;0;0;0;0;0;0;0;0;0;0;0;0;0;0;0;0",9864000
18,5,"LeakyReLULayer( 0.050000 )",pre_activation,"-10;-9.6875;-9.375;-9.0625;-8.75;-8.4375;-8.125;-7.8125;-7.5;-7.1875;-6.875;-6.5625;-6.25;-5.9375;-5.625;-5.3125;-5;-4.6875;-4.375;-4.0625;-3.75;-3.4375;-3.125;-2.8125;-2.5;-2.1875;-1.875;-1.5625;-1.25;-0.9375;-0.625;-0.3125;0;0.3125;0.625;0.9375;1.25;1.5625;1.875;2.1875;2.5;2.8125;3.125;3.4375;3.75;4.0625;4.375;4.6875;5;5.3125;5.625;5.9375;6.25;6.5625;6.875;7.1875;7.5;7.8125;8.125;8.4375;8.75;9.0625;9.375;9.6875;10","0;0;0;0;0;0;0;0;0;0;0;0;0;0;0;0;0;0;0;0;0;0;0;0;1;40;255;1380;4798;13490;25369;28398;38319;39612;13259;6382;2988;907;162;0;0;0;0;0;0;0;0;0;0;0;0;0;0;0;0;0;0;0;0;0;0;0;0;0",175360
18,5,"LeakyReLULayer( 0.050000 )",post_activation,"-10;-9.6875;-9.375;-9.0625;-8.75;-8.4375;-8.125;-7.8125;-7.5;-7.1875;-6.875;-6.5625;-6.25;-5.9375;-5.625;-5.3125;-5;-4.6875;-4.375;-4.0625;-3.75;-3.4375;-3.125;-2.8125;-2.5;-2.1875;-1.875;-1.5625;-1.25;-0.9375;-0.625;-0.3125;0;0.3125;0.625;0.9375;1.25;1.5625;1.875;2.1875;2.5;2.8125;3.125;3.4375;3.75;4.0625;4.375;4.6875;5;5.3125;5.625;5.9375;6.25;6.5625;6.875;7.1875;7.5;7.8125;8.125;8.4375;8.75;9.0625;9.375;9.6875;10","0;0;0;0;0;0;0;0;0;0;0;0;0;0;0;0;0;0;0;0;0;0;0;0;0;0;0;0;0;0;0;73731;38319;39612;13259;6382;2988;907;162;0;0;0;0;0;0;0;0;0;0;0;0;0;0;0;0;0;0;0;0;0;0;0;0;0",175360
18,8,"LeakyReLULayer( 0.050000 )",pre_activation,"-10;-9.6875;-9.375;-9.0625;-8.75;-8.4375;-8.125;-7.8125;-7.5;-7.1875;-6.875;-6.5625;-6.25;-5.9375;-5.625;-5.3125;-5;-4.6875;-4.375;-4.0625;-3.75;-3.4375;-3.125;-2.8125;-2.5;-2.1875;-1.875;-1.5625;-1.25;-0.9375;-0.625;-0.3125;0;0.3125;0.625;0.9375;1.25;1.5625;1.875;2.1875;2.5;2.8125;3.125;3.4375;3.75;4.0625;4.375;4.6875;5;5.3125;5.625;5.9375;6.25;6.5625;6.875;7.1875;7.5;7.8125;8.125;8.4375;8.75;9.0625;9.375;9.6875;10","0;0;0;0;0;0;0;0;0;0;0;0;0;0;0;0;0;0;0;0;0;0;0;0;0;0;7;591;1920;6591;9420;21675;21703;11857;8165;3697;1471;481;102;0;0;0;0;0;0;0;0;0;0;0;0;0;0;0;0;0;0;0;0;0;0;0;0;0",87680
18,8,"LeakyReLULayer( 0.050000 )",post_activation,"-10;-9.6875;-9.375;-9.0625;-8.75;-8.4375;-8.125;-7.8125;-7.5;-7.1875;-6.875;-6.5625;-6.25;-5.9375;-5.625;-5.3125;-5;-4.6875;-4.375;-4.0625;-3.75;-3.4375;-3.125;-2.8125;-2.5;-2.1875;-1.875;-1.5625;-1.25;-0.9375;-0.625;-0.3125;0;0.3125;0.625;0.9375;1.25;1.5625;1.875;2.1875;2.5;2.8125;3.125;3.4375;3.75;4.0625;4.375;4.6875;5;5.3125;5.625;5.9375;6.25;6.5625;6.875;7.1875;7.5;7.8125;8.125;8.4375;8.75;9.0625;9.375;9.6875;10","0;0;0;0;0;0;0;0;0;0;0;0;0;0;0;0;0;0;0;0;0;0;0;0;0;0;0;0;0;0;0;40204;21703;11857;8165;3697;1471;481;102;0;0;0;0;0;0;0;0;0;0;0;0;0;0;0;0;0;0;0;0;0;0;0;0;0",87680
19,1,"LeakyReLULayer( 0.050000 )",pre_activation,"-10;-9.6875;-9.375;-9.0625;-8.75;-8.4375;-8.125;-7.8125;-7.5;-7.1875;-6.875;-6.5625;-6.25;-5.9375;-5.625;-5.3125;-5;-4.6875;-4.375;-4.0625;-3.75;-3.4375;-3.125;-2.8125;-2.5;-2.1875;-1.875;-1.5625;-1.25;-0.9375;-0.625;-0.3125;0;0.3125;0.625;0.9375;1.25;1.5625;1.875;2.1875;2.5;2.8125;3.125;3.4375;3.75;4.0625;4.375;4.6875;5;5.3125;5.625;5.9375;6.25;6.5625;6.875;7.1875;7.5;7.8125;8.125;8.4375;8.75;9.0625;9.375;9.6875;10","0;0;0;0;0;0;0;0;0;0;0;0;0;0;0;0;0;0;0;65;490;1563;3656;7216;13538;30031;62447;110875;204526;422895;1061569;2952265;2975272;1180982;417655;214975;104463;70115;25253;4149;0;0;0;0;0;0;0;0;0;0;0;0;0;0;0;0;0;0;0;0;0;0;0;0",9864000
19,1,"LeakyReLULayer( 0.050000 )",post_activation,"-10;-9.6875;-9.375;-9.0625;-8.75;-8.4375;-8.125;-7.8125;-7.5;-7.1875;-6.875;-6.5625;-6.25;-5.9375;-5.625;-5.3125;-5;-4.6875;-4.375;-4.0625;-3.75;-3.4375;-3.125;-2.8125;-2.5;-2.1875;-1.875;-1.5625;-1.25;-0.9375;-0.625;-0.3125;0;0.3125;0.625;0.9375;1.25;1.5625;1.875;2.1875;2.5;2.8125;3.125;3.4375;3.75;4.0625;4.375;4.6875;5;5.3125;5.625;5.9375;6.25;6.5625;6.875;7.1875;7.5;7.8125;8.125;8.4375;8.75;9.0625;9.375;9.6875;10","0;0;0;0;0;0;0;0;0;0;0;0;0;0;0;0;0;0;0;0;0;0;0;0;0;0;0;0;0;0;0;4871136;2975272;1180982;417655;214975;104463;70115;25253;4149;0;0;0;0;0;0;0;0;0;0;0;0;0;0;0;0;0;0;0;0;0;0;0;0",9864000
19,5,"LeakyReLULayer( 0.050000 )",pre_activation,"-10;-9.6875;-9.375;-9.0625;-8.75;-8.4375;-8.125;-7.8125;-7.5;-7.1875;-6.875;-6.5625;-6.25;-5.9375;-5.625;-5.3125;-5;-4.6875;-4.375;-4.0625;-3.75;-3.4375;-3.125;-2.8125;-2.5;-2.1875;-1.875;-1.5625;-1.25;-0.9375;-0.625;-0.3125;0;0.3125;0.625;0.9375;1.25;1.5625;1.875;2.1875;2.5;2.8125;3.125;3.4375;3.75;4.0625;4.375;4.6875;5;5.3125;5.625;5.9375;6.25;6.5625;6.875;7.1875;7.5;7.8125;8.125;8.4375;8.75;9.0625;9.375;9.6875;10","0;0;0;0;0;0;0;0;0;0;0;0;0;0;0;0;0;0;0;0;0;0;0;0;1;40;257;1393;4786;13558;25398;28335;38193;39650;13249;6438;2975;921;166;0;0;0;0;0;0;0;0;0;0;0;0;0;0;0;0;0;0;0;0;0;0;0;0;0",175360
19,5,"LeakyReLULayer( 0.050000 )",post_activation,"-10;-9.6875;-9.375;-9.0625;-8.75;-8.4375;-8.125;-7.8125;-7.5;-7.1875;-6.875;-6.5625;-6.25;-5.9375;-5.625;-5.3125;-5;-4.6875;-4.375;-4.0625;-3.75;-3.4375;-3.125;-2.8125;-2.5;-2.1875;-1.875;-1.5625;-1.25;-0.9375;-0.625;-0.3125;0;0.3125;0.625;0.9375;1.25;1.5625;1.875;2.1875;2.5;2.8125;3.125;3.4375;3.75;4.0625;4.375;4.6875;5;5.3125;5.625;5.9375;6.25;6.5625;6.875;7.1875;7.5;7.8125;8.125;8.4375;8.75;9.0625;9.375;9.6875;10","0;0;0;0;0;0;0;0;0;0;0;0;0;0;0;0;0;0;0;0;0;0;0;0;0;0;0;0;0;0;0;73768;38193;39650;13249;6438;2975;921;166;0;0;0;0;0;0;0;0;0;0;0;0;0;0;0;0;0;0;0;0;0;0;0;0;0",175360
19,8,"LeakyReLULayer( 0.050000 )",pre_activation,"-10;-9.6875;-9.375;-9.0625;-8.75;-8.4375;-8.125;-7.8125;-7.5;-7.1875;-6.875;-6.5625;-6.25;-5.9375;-5.625;-5.3125;-5;-4.6875;-4.375;-4.0625;-3.75;-3.4375;-3.125;-2.8125;-2.5;-2.1875;-1.875;-1.5625;-1.25;-0.9375;-0.625;-0.3125;0;0.3125;0.625;0.9375;1.25;1.5625;1.875;2.1875;2.5;2.8125;3.125;3.4375;3.75;4.0625;4.375;4.6875;5;5.3125;5.625;5.9375;6.25;6.5625;6.875;7.1875;7.5;7.8125;8.125;8.4375;8.75;9.0625;9.375;9.6875;10","0;0;0;0;0;0;0;0;0;0;0;0;0;0;0;0;0;0;0;0;0;0;0;0;0;0;9;585;1957;6574;9416;21673;21632;11865;8180;3725;1475;482;107;0;0;0;0;0;0;0;0;0;0;0;0;0;0;0;0;0;0;0;0;0;0;0;0;0",87680
19,8,"LeakyReLULayer( 0.050000 )",post_activation,"-10;-9.6875;-9.375;-9.0625;-8.75;-8.4375;-8.125;-7.8125;-7.5;-7.1875;-6.875;-6.5625;-6.25;-5.9375;-5.625;-5.3125;-5;-4.6875;-4.375;-4.0625;-3.75;-3.4375;-3.125;-2.8125;-2.5;-2.1875;-1.875;-1.5625;-1.25;-0.9375;-0.625;-0.3125;0;0.3125;0.625;0.9375;1.25;1.5625;1.875;2.1875;2.5;2.8125;3.125;3.4375;3.75;4.0625;4.375;4.6875;5;5.3125;5.625;5.9375;6.25;6.5625;6.875;7.1875;7.5;7.8125;8.125;8.4375;8.75;9.0625;9.375;9.6875;10","0;0;0;0;0;0;0;0;0;0;0;0;0;0;0;0;0;0;0;0;0;0;0;0;0;0;0;0;0;0;0;40214;21632;11865;8180;3725;1475;482;107;0;0;0;0;0;0;0;0;0;0;0;0;0;0;0;0;0;0;0;0;0;0;0;0;0",87680
20,1,"LeakyReLULayer( 0.050000 )",pre_activation,"-10;-9.6875;-9.375;-9.0625;-8.75;-8.4375;-8.125;-7.8125;-7.5;-7.1875;-6.875;-6.5625;-6.25;-5.9375;-5.625;-5.3125;-5;-4.6875;-4.375;-4.0625;-3.75;-3.4375;-3.125;-2.8125;-2.5;-2.1875;-1.875;-1.5625;-1.25;-0.9375;-0.625;-0.3125;0;0.3125;0.625;0.9375;1.25;1.5625;1.875;2.1875;2.5;2.8125;3.125;3.4375;3.75;4.0625;4.375;4.6875;5;5.3125;5.625;5.9375;6.25;6.5625;6.875;7.1875;7.5;7.8125;8.125;8.4375;8.75;9.0625;9.375;9.6875;10","0;0;0;0;0;0;0;0;0;0;0;0;0;0;0;0;0;0;0;65;488;1563;3659;7214;13531;30018;62446;110824;204499;422827;1061636;2952230;2975432;1181156;417559;214902;104437;70121;25249;4144;0;0;0;0;0;0;0;0;0;0;0;0;0;0;0;0;0;0;0;0;0;0;0;0",9864000
20,1,"LeakyReLULayer( 0.050000 )",post_activation,"-10;-9.6875;-9.375;-9.0625;-8.75;-8.4375;-8.125;-7.8125;-7.5;-7.1875;-6.875;-6.5625;-6.25;-5.9375;-5.625;-5.3125;-5;-4.6875;-4.375;-4.0625;-3.75;-3.4375;-3.125;-2.8125;-2.5;-2.1875;-1.875;-1.5625;-1.25;-0.9375;-0.625;-0.3125;0;0.3125;0.625;0.9375;1.25;1.5625;1.875;2.1875;2.5;2.8125;3.125;3.4375;3.75;4.0625;4.375;4.6875;5;5.3125;5.625;5.9375;6.25;6.5625;6.875;7.1875;7.5;7.8125;8.125;8.4375;8.75;9.0625;9.375;9.6875;10","0;0;0;0;0;0;0;0;0;0;0;0;0;0;0;0;0;0;0;0;0;0;0;0;0;0;0;0;0;0;0;4871000;2975432;1181156;417559;214902;104437;70121;25249;4144;0;0;0;0;0;0;0;0;0;0;0;0;0;0;0;0;0;0;0;0;0;0;0;0",9864000
20,5,"LeakyReLULayer( 0.050000 )",pre_activation,"-10;-9.6875;-9.375;-9.0625;-8.75;-8.4375;-8.125;-7.8125;-7.5;-7.1875;-6.875;-6.5625;-6.25;-5.9375;-5.625;-5.3125;-5;-4.6875;-4.375;-4.0625;-3.75;-3.4375;-3.125;-2.8125;-2.5;-2.1875;-1.875;-1.5625;-1.25;-0.9375;-0.625;-0.3125;0;0.3125;0.625;0.9375;1.25;1.5625;1.875;2.1875;2.5;2.8125;3.125;3.4375;3.75;4.0625;4.375;4.6875;5;5.3125;5.625;5.9375;6.25;6.5625;6.875;7.1875;7.5;7.8125;8.125;8.4375;8.75;9.0625;9.375;9.6875;10","0;0;0;0;0;0;0;0;0;0;0;0;0;0;0;0;0;0;0;0;0;0;0;0;1;40;259;1394;4776;13591;25443;28239;38156;39757;13215;6428;2971;921;169;0;0;0;0;0;0;0;0;0;0;0;0;0;0;0;0;0;0;0;0;0;0;0;0;0",175360
20,5,"LeakyReLULayer( 0.050000 )",post_activation,"-10;-9.6875;-9.375;-9.0625;-8.75;-8.4375;-8.125;-7.8125;-7.5;-7.1875;-6.875;-6.5625;-6.25;-5.9375;-5.625;-5.3125;-5;-4.6875;-4.375;-4.0625;-3.75;-3.4375;-3.125;-2.8125;-2.5;-2.1875;-1.875;-1.5625;-1.25;-0.9375;-0.625;-0.3125;0;0.3125;0.625;0.9375;1.25;1.5625;1.875;2.1875;2.5;2.8125;3.125;3.4375;3.75;4.0625;4.375;4.6875;5;5.3125;5.625;5.9375;6.25;6.5625;6.875;7.1875;7.5;7.8125;8.125;8.4375;8.75;9.0625;9.375;9.6875;10","0;0;0;0;0;0;0;0;0;0;0;0;0;0;0;0;0;0;0;0;0;0;0;0;0;0;0;0;0;0;0;73743;38156;39757;13215;6428;2971;921;169;0;0;0;0;0;0;0;0;0;0;0;0;0;0;0;0;0;0;0;0;0;0;0;0;0",175360
20,8,"LeakyReLULayer( 0.050000 )",pre_activation,"-10;-9.6875;-9.375;-9.0625;-8.75;-8.4375;-8.125;-7.8125;-7.5;-7.1875;-6.875;-6.5625;-6.25;-5.9375;-5.625;-5.3125;-5;-4.6875;-4.375;-4.0625;-3.75;-3.4375;-3.125;-2.8125;-2.5;-2.1875;-1.875;-1.5625;-1.25;-0.9375;-0.625;-0.3125;0;0.3125;0.625;0.9375;1.25;1.5625;1.875;2.1875;2.5;2.8125;3.125;3.4375;3.75;4.0625;4.375;4.6875;5;5.3125;5.625;5.9375;6.25;6.5625;6.875;7.1875;7.5;7.8125;8.125;8.4375;8.75;9.0625;9.375;9.6875;10","0;0;0;0;0;0;0;0;0;0;0;0;0;0;0;0;0;0;0;0;0;0;0;0;0;0;30;570;1935;6594;9429;21780;21429;12007;8149;3706;1487;478;86;0;0;0;0;0;0;0;0;0;0;0;0;0;0;0;0;0;0;0;0;0;0;0;0;0",87680
20,8,"LeakyReLULayer( 0.050000 )",post_activation,"-10;-9.6875;-9.375;-9.0625;-8.75;-8.4375;-8.125;-7.8125;-7.5;-7.1875;-6.875;-6.5625;-6.25;-5.9375;-5.625;-5.3125;-5;-4.6875;-4.375;-4.0625;-3.75;-3.4375;-3.125;-2.8125;-2.5;-2.1875;-1.875;-1.5625;-1.25;-0.9375;-0.625;-0.3125;0;0.3125;0.625;0.9375;1.25;1.5625;1.875;2.1875;2.5;2.8125;3.125;3.4375;3.75;4.0625;4.375;4.6875;5;5.3125;5.625;5.9375;6.25;6.5625;6.875;7.1875;7.5;7.8125;8.125;8.4375;8.75;9.0625;9.375;9.6875;10","0;0;0;0;0;0;0;0;0;0;0;0;0;0;0;0;0;0;0;0;0;0;0;0;0;0;0;0;0;0;0;40338;21429;12007;8149;3706;1487;478;86;0;0;0;0;0;0;0;0;0;0;0;0;0;0;0;0;0;0;0;0;0;0;0;0;0",87680
21,1,"LeakyReLULayer( 0.050000 )",pre_activation,"-10;-9.6875;-9.375;-9.0625;-8.75;-8.4375;-8.125;-7.8125;-7.5;-7.1875;-6.875;-6.5625;-6.25;-5.9375;-5.625;-5.3125;-5;-4.6875;-4.375;-4.0625;-3.75;-3.4375;-3.125;-2.8125;-2.5;-2.1875;-1.875;-1.5625;-1.25;-0.9375;-0.625;-0.3125;0;0.3125;0.625;0.9375;1.25;1.5625;1.875;2.1875;2.5;2.8125;3.125;3.4375;3.75;4.0625;4.375;4.6875;5;5.3125;5.625;5.9375;6.25;6.5625;6.875;7.1875;7.5;7.8125;8.125;8.4375;8.75;9.0625;9.375;9.6875;10","0;0;0;0;0;0;0;0;0;0;0;0;0;0;0;0;0;0;0;67;487;1563;3660;7219;13529;30040;62456;110845;204508;422985;1061708;2951820;2975157;1181350;417658;214940;104473;70131;25253;4151;0;0;0;0;0;0;0;0;0;0;0;0;0;0;0;0;0;0;0;0;0;0;0;0",9864000
21,1,"LeakyReLULayer( 0.050000 )",post_activation,"-10;-9.6875;-9.375;-9.0625;-8.75;-8.4375;-8.125;-7.8125;-7.5;-7.1875;-6.875;-6.5625;-6.25;-5.9375;-5.625;-5.3125;-5;-4.6875;-4.375;-4.0625;-3.75;-3.4375;-3.125;-2.8125;-2.5;-2.1875;-1.875;-1.5625;-1.25;-0.9375;-0.625;-0.3125;0;0.3125;0.625;0.9375;1.25;1.5625;1.875;2.1875;2.5;2.8125;3.125;3.4375;3.75;4.0625;4.375;4.6875;5;5.3125;5.625;5.9375;6.25;6.5625;6.875;7.1875;7.5;7.8125;8.125;8.4375;8.75;9.0625;9.375;9.6875;10","0;0;0;0;0;0;0;0;0;0;0;0;0;0;0;0;0;0;0;0;0;0;0;0;0;0;0;0;0;0;0;4870887;2975157;1181350;417658;214940;104473;70131;25253;4151;0;0;0;0;0;0;0;0;0;0;0;0;0;0;0;0;0;0;0;0;0;0;0;0",9864000
21,5,"LeakyReLULayer( 0.050000 )",pre_activation,"-10;-9.6875;-9.375;-9.0625;-8.75;-8.4375;-8.125;-7.8125;-7.5;-7.1875;-6.875;-6.5625;-6.25;-5.9375;-5.625;-5.3125;-5;-4.6875;-4.375;-4.0625;-3.75;-3.4375;-3.125;-2.8125;-2.5;-2.1875;-1.875;-1.5625;-1.25;-0.9375;-0.625;-0.3125;0;0.3125;0.625;0.9375;1.25;1.5625;1.875;2.1875;2.5;2.8125;3.125;3.4375;3.75;4.0625;4.375;4.6875;5;5.3125;5.625;5.9375;6.25;6.5625;6.875;7.1875;7.5;7.8125;8.125;8.4375;8.75;9.0625;9.375;9.6875;10","0;0;0;0;0;0;0;0;0;0;0;0;0;0;0;0;0;0;0;0;0;0;0;0;1;40;262;1398;4786;13615;25451;28208;38006;39879;13191;6451;2972;926;174;0;0;0;0;0;0;0;0;0;0;0;0;0;0;0;0;0;0;0;0;0;0;0;0;0",175360
21,5,"LeakyReLULayer( 0.050000 )",post_activation,"-10;-9.6875;-9.375;-9.0625;-8.75;-8.4375;-8.125;-7.8125;-7.5;-7.1875;-6.875;-6.5625;-6.25;-5.9375;-5.625;-5.3125;-5;-4.6875;-4.375;-4.0625;-3.75;-3.4375;-3.125;-2.8125;-2.5;-2.1875;-1.875;-1.5625;-1.25;-0.9375;-0.625;-0.3125;0;0.3125;0.625;0.9375;1.25;1.5625;1.875;2.1875;2.5;2.8125;3.125;3.4375;3.75;4.0625;4.375;4.6875;5;5.3125;5.625;5.9375;6.25;6.5625;6.875;7.1875;7.5;7.8125;8.125;8.4375;8.75;9.0625;9.375;9.6875;10","0;0;0;0;0;0;0;0;0;0;0;0;0;0;0;0;0;0;0;0;0;0;0;0;0;0;0;0;0;0;0;73761;38006;39879;13191;6451;2972;926;174;0;0;0;0;0;0;0;0;0;0;0;0;0;0;0;0;0;0;0;0;0;0;0;0;0",175360
21,8,"LeakyReLULayer( 0.050000 )",pre_activation,"-10;-9.6875;-9.375;-9.0625;-8.75;-8.4375;-8.125;-7.8125;-7.5;-7.1875;-6.875;-6.5625;-6.25;-5.9375;-5.625;-5.3125;-5;-4.6875;-4.375;-4.0625;-3.75;-3.4375;-3.125;-2.8125;-2.5;-2.1875;-1.875;-1.5625;-1.25;-0.9375;-0.625;-0.3125;0;0.3125;0.625;0.9375;1.25;1.5625;1.875;2.1875;2.5;2.8125;3.125;3.4375;3.75;4.0625;4.375;4.6875;5;5.3125;5.625;5.9375;6.25;6.5625;6.875;7.1875;7.5;7.8125;8.125;8.4375;8.75;9.0625;9.375;9.6875;10","0;0;0;0;0;0;0;0;0;0;0;0;0;0;0;0;0;0;0;0;0;0;0;0;0;0;34;571;1944;6577;9439;21792;21430;11928;8171;3734;1477;489;94;0;0;0;0;0;0;0;0;0;0;0;0;0;0;0;0;0;0;0;0;0;0;0;0;0",87680
21,8,"LeakyReLULayer( 0.050000 )",post_activation,"-10;-9.6875;-9.375;-9.0625;-8.75;-8.4375;-8.125;-7.8125;-7.5;-7.1875;-6.875;-6.5625;-6.25;-5.9375;-5.625;-5.3125;-5;-4.6875;-4.375;-4.0625;-3.75;-3.4375;-3.125;-2.8125;-2.5;-2.1875;-1.875;-1.5625;-1.25;-0.9375;-0.625;-0.3125;0;0.3125;0.625;0.9375;1.25;1.5625;1.875;2.1875;2.5;2.8125;3.125;3.4375;3.75;4.0625;4.375;4.6875;5;5.3125;5.625;5.9375;6.25;6.5625;6.875;7.1875;7.5;7.8125;8.125;8.4375;8.75;9.0625;9.375;9.6875;10","0;0;0;0;0;0;0;0;0;0;0;0;0;0;0;0;0;0;0;0;0;0;0;0;0;0;0;0;0;0;0;40357;21430;11928;8171;3734;1477;489;94;0;0;0;0;0;0;0;0;0;0;0;0;0;0;0;0;0;0;0;0;0;0;0;0;0",87680
22,1,"LeakyReLULayer( 0.050000 )",pre_activation,"-10;-9.6875;-9.375;-9.0625;-8.75;-8.4375;-8.125;-7.8125;-7.5;-7.1875;-6.875;-6.5625;-6.25;-5.9375;-5.625;-5.3125;-5;-4.6875;-4.375;-4.0625;-3.75;-3.4375;-3.125;-2.8125;-2.5;-2.1875;-1.875;-1.5625;-1.25;-0.9375;-0.625;-0.3125;0;0.3125;0.625;0.9375;1.25;1.5625;1.875;2.1875;2.5;2.8125;3.125;3.4375;3.75;4.0625;4.375;4.6875;5;5.3125;5.625;5.9375;6.25;6.5625;6.875;7.1875;7.5;7.8125;8.125;8.4375;8.75;9.0625;9.375;9.6875;10","0;0;0;0;0;0;0;0;0;0;0;0;0;0;0;0;0;0;0;67;488;1565;3663;7221;13537;30042;62466;110858;204509;423061;1061823;2951500;2974963;1181559;417662;214957;104491;70150;25257;4161;0;0;0;0;0;0;0;0;0;0;0;0;0;0;0;0;0;0;0;0;0;0;0;0",9864000
22,1,"LeakyReLULayer( 0.050000 )",post_activation,"-10;-9.6875;-9.375;-9.0625;-8.75;-8.4375;-8.125;-7.8125;-7.5;-7.1875;-6.875;-6.5625;-6.25;-5.9375;-5.625;-5.3125;-5;-4.6875;-4.375;-4.0625;-3.75;-3.4375;-3.125;-2.8125;-2.5;-2.1875;-1.875;-1.5625;-1.25;-0.9375;-0.625;-0.3125;0;0.3125;0.625;0.9375;1.25;1.5625;1.875;2.1875;2.5;2.8125;3.125;3.4375;3.75;4.0625;4.375;4.6875;5;5.3125;5.625;5.9375;6.25;6.5625;6.875;7.1875;7.5;7.8125;8.125;8.4375;8.75;9.0625;9.375;9.6875;10","0;0;0;0;0;0;0;0;0;0;0;0;0;0;0;0;0;0;0;0;0;0;0;0;0;0;0;0;0;0;0;4870800;2974963;1181559;417662;214957;104491;70150;25257;4161;0;0;0;0;0;0;0;0;0;0;0;0;0;0;0;0;0;0;0;0;0;0;0;0",9864000
22,5,"LeakyReLULayer( 0.050000 )",pre_activation,"-10;-9.6875;-9.375;-9.0625;-8.75;-8.4375;-8.125;-7.8125;-7.5;-7.1875;-6.875;-6.5625;-6.25;-5.9375;-5.625;-5.3125;-5;-4.6875;-4.375;-4.0625;-3.75;-3.4375;-3.125;-2.8125;-2.5;-2.1875;-1.875;-1.5625;-1.25;-0.9375;-0.625;-0.3125;0;0.3125;0.625;0.9375;1.25;1.5625;1.875;2.1875;2.5;2.8125;3.125;3.4375;3.75;4.0625;4.375;4.6875;5;5.3125;5.625;5.9375;6.25;6.5625;6.875;7.1875;7.5;7.8125;8.125;8.4375;8.75;9.0625;9.375;9.6875;10","0;0;0;0;0;0;0;0;0;0;0;0;0;0;0;0;0;0;0;0;0;0;0;0;1;40;263;1411;4777;13684;25428;28142;37910;40004;13179;6449;2953;942;177;0;0;0;0;0;0;0;0;0;0;0;0;0;0;0;0;0;0;0;0;0;0;0;0;0",175360
22,5,"LeakyReLULayer( 0.050000 )",post_activation,"-10;-9.6875;-9.375;-9.0625;-8.75;-8.4375;-8.125;-7.8125;-7.5;-7.1875;-6.875;-6.5625;-6.25;-5.9375;-5.625;-5.3125;-5;-4.6875;-4.375;-4.0625;-3.75;-3.4375;-3.125;-2.8125;-2.5;-2.1875;-1.875;-1.5625;-1.25;-0.9375;-0.625;-0.3125;0;0.3125;0.625;0.9375;1.25;1.5625;1.875;2.1875;2.5;2.8125;3.125;3.4375;3.75;4.0625;4.375;4.6875;5;5.3125;5.625;5.9375;6.25;6.5625;6.875;7.1875;7.5;7.8125;8.125;8.4375;8.75;9.0625;9.375;9.6875;10","0;0;0;0;0;0;0;0;0;0;0;0;0;0;0;0;0;0;0;0;0;0;0;0;0;0;0;0;0;0;0;73746;37910;40004;13179;6449;2953;942;177;0;0;0;0;0;0;0;0;0;0;0;0;0;0;0;0;0;0;0;0;0;0;0;0;0",175360
22,8,"LeakyReLULayer( 0.050000 )",pre_activation,"-10;-9.6875;-9.375;-9.0625;-8.75;-8.4375;-8.125;-7.8125;-7.5;-7.1875;-6.875;-6.5625;-6.25;-5.9375;-5.625;-5.3125;-5;-4.6875;-4.375;-4.0625;-3.75;-3.4375;-3.125;-2.8125;-2.5;-2.1875;-1.875;-1.5625;-1.25;-0.9375;-0.625;-0.3125;0;0.3125;0.625;0.9375;1.25;1.5625;1.875;2.1875;2.5;2.8125;3.125;3.4375;3.75;4.0625;4.375;4.6875;5;5.3125;5.625;5.9375;6.25;6.5625;6.875;7.1875;7.5;7.8125;8.125;8.4375;8.75;9.0625;9.375;9.6875;10","0;0;0;0;0;0;0;0;0;0;0;0;0;0;0;0;0;0;0;0;0;0;0;0;0;0;37;568;1938;6595;9467;21852;21270;11983;8173;3735;1490;480;92;0;0;0;0;0;0;0;0;0;0;0;0;0;0;0;0;0;0;0;0;0;0;0;0;0",87680
22,8,"LeakyReLULayer( 0.050000 )",post_activation,"-10;-9.6875;-9.375;-9.0625;-8.75;-8.4375;-8.125;-7.8125;-7.5;-7.1875;-6.875;-6.5625;-6.25;-5.9375;-5.625;-5.3125;-5;-4.6875;-4.375;-4.0625;-3.75;-3.4375;-3.125;-2.8125;-2.5;-2.1875;-1.875;-1.5625;-1.25;-0.9375;-0.625;-0.3125;0;0.3125;0.625;0.9375;1.25;1.5625;1.875;2.1875;2.5;2.8125;3.125;3.4375;3.75;4.0625;4.375;4.6875;5;5.3125;5.625;5.9375;6.25;6.5625;6.875;7.1875;7.5;7.8125;8.125;8.4375;8.75;9.0625;9.375;9.6875;10","0;0;0;0;0;0;0;0;0;0;0;0;0;0;0;0;0;0;0;0;0;0;0;0;0;0;0;0;0;0;0;40457;21270;11983;8173;3735;1490;480;92;0;0;0;0;0;0;0;0;0;0;0;0;0;0;0;0;0;0;0;0;0;0;0;0;0",87680
23,1,"LeakyReLULayer( 0.050000 )",pre_activation,"-10;-9.6875;-9.375;-9.0625;-8.75;-8.4375;-8.125;-7.8125;-7.5;-7.1875;-6.875;-6.5625;-6.25;-5.9375;-5.625;-5.3125;-5;-4.6875;-4.375;-4.0625;-3.75;-3.4375;-3.125;-2.8125;-2.5;-2.1875;-1.875;-1.5625;-1.25;-0.9375;-0.625;-0.3125;0;0.3125;0.625;0.9375;1.25;1.5625;1.875;2.1875;2.5;2.8125;3.125;3.4375;3.75;4.0625;4.375;4.6875;5;5.3125;5.625;5.9375;6.25;6.5625;6.875;7.1875;7.5;7.8125;8.125;8.4375;8.75;9.0625;9.375;9.6875;10","0;0;0;0;0;0;0;0;0;0;0;0;0;0;0;0;0;0;0;67;488;1565;3660;7221;13537;30045;62464;110862;204515;423099;1061783;2951406;2974940;1181626;417689;214967;104497;70150;25257;4162;0;0;0;0;0;0;0;0;0;0;0;0;0;0;0;0;0;0;0;0;0;0;0;0",9864000
23,1,"LeakyReLULayer( 0.050000 )",post_activation,"-10;-9.6875;-9.375;-9.0625;-8.75;-8.4375;-8.125;-7.8125;-7.5;-7.1875;-6.875;-6.5625;-6.25;-5.9375;-5.625;-5.3125;-5;-4.6875;-4.375;-4.0625;-3.75;-3.4375;-3.125;-2.8125;-2.5;-2.1875;-1.875;-1.5625;-1.25;-0.9375;-0.625;-0.3125;0;0.3125;0.625;0.9375;1.25;1.5625;1.875;2.1875;2.5;2.8125;3.125;3.4375;3.75;4.0625;4.375;4.6875;5;5.3125;5.625;5.9375;6.25;6.5625;6.875;7.1875;7.5;7.8125;8.125;8.4375;8.75;9.0625;9.375;9.6875;10","0;0;0;0;0;0;0;0;0;0;0;0;0;0;0;0;0;0;0;0;0;0;0;0;0;0;0;0;0;0;0;4870712;2974940;1181626;417689;214967;104497;70150;25257;4162;0;0;0;0;0;0;0;0;0;0;0;0;0;0;0;0;0;0;0;0;0;0;0;0",9864000
23,5,"LeakyReLULayer( 0.050000 )",pre_activation,"-10;-9.6875;-9.375;-9.0625;-8.75;-8.4375;-8.125;-7.8125;-7.5;-7.1875;-6.875;-6.5625;-6.25;-5.9375;-5.625;-5.3125;-5;-4.6875;-4.375;-4.0625;-3.75;-3.4375;-3.125;-2.8125;-2.5;-2.1875;-1.875;-1.5625;-1.25;-0.9375;-0.625;-0.3125;0;0.3125;0.625;0.9375;1.25;1.5625;1.875;2.1875;2.5;2.8125;3.125;3.4375;3.75;4.0625;4.375;4.6875;5;5.3125;5.625;5.9375;6.25;6.5625;6.875;7.1875;7.5;7.8125;8.125;8.4375;8.75;9.0625;9.375;9.6875;10","0;0;0;0;0;0;0;0;0;0;0;0;0;0;0;0;0;0;0;0;0;0;0;0;1;40;269;1409;4759;13692;25460;28129;37794;40082;13173;6500;2933;936;183;0;0;0;0;0;0;0;0;0;0;0;0;0;0;0;0;0;0;0;0;0;0;0;0;0",175360
23,5,"LeakyReLULayer( 0.050000 )",post_activation,"-10;-9.6875;-9.375;-9.0625;-8.75;-8.4375;-8.125;-7.8125;-7.5;-7.1875;-6.875;-6.5625;-6.25;-5.9375;-5.625;-5.3125;-5;-4.6875;-4.375;-4.0625;-3.75;-3.4375;-3.125;-2.8125;-2.5;-2.1875;-1.875;-1.5625;-1.25;-0.9375;-0.625;-0.3125;0;0.3125;0.625;0.9375;1.25;1.5625;1.875;2.1875;2.5;2.8125;3.125;3.4375;3.75;4.0625;4.375;4.6875;5;5.3125;5.625;5.9375;6.25;6.5625;6.875;7.1875;7.5;7.8125;8.125;8.4375;8.75;9.0625;9.375;9.6875;10","0;0;0;0;0;0;0;0;0;0;0;0;0;0;0;0;0;0;0;0;0;0;0;0;0;0;0;0;0;0;0;73759;37794;40082;13173;6500;2933;936;183;0;0;0;0;0;0;0;0;0;0;0;0;0;0;0;0;0;0;0;0;0;0;0;0;0",175360
23,8,"LeakyReLULayer( 0.050000 )",pre_activation,"-10;-9.6875;-9.375;-9.0625;-8.75;-8.4375;-8.125;-7.8125;-7.5;-7.1875;-6.875;-6.5625;-6.25;-5.9375;-5.625;-5.3125;-5;-4.6875;-4.375;-4.0625;-3.75;-3.4375;-3.125;-2.8125;-2.5;-2.1875;-1.875;-1.5625;-1.25;-0.9375;-0.625;-0.3125;0;0.3125;0.625;0.9375;1.25;1.5625;1.875;2.1875;2.5;2.8125;3.125;3.4375;3.75;4.0625;4.375;4.6875;5;5.3125;5.625;5.9375;6.25;6.5625;6.875;7.1875;7.5;7.8125;8.125;8.4375;8.75;9.0625;9.375;9.6875;10","0;0;0;0;0;0;0;0;0;0;0;0;0;0;0;0;0;0;0;0;0;0;0;0;0;0;35;568;1942;6538;9510;21842;21285;11974;8158;3747;1503;485;93;0;0;0;0;0;0;0;0;0;0;0;0;0;0;0;0;0;0;0;0;0;0;0;0;0",87680
23,8,"LeakyReLULayer( 0.050000 )",post_activation,"-10;-9.6875;-9.375;-9.0625;-8.75;-8.4375;-8.125;-7.8125;-7.5;-7.1875;-6.875;-6.5625;-6.25;-5.9375;-5.625;-5.3125;-5;-4.6875;-4.375;-4.0625;-3.75;-3.4375;-3.125;-2.8125;-2.5;-2.1875;-1.875;-1.5625;-1.25;-0.9375;-0.625;-0.3125;0;0.3125;0.625;0.9375;1.25;1.5625;1.875;2.1875;2.5;2.8125;3.125;3.4375;3.75;4.0625;4.375;4.6875;5;5.3125;5.625;5.9375;6.25;6.5625;6.875;7.1875;7.5;7.8125;8.125;8.4375;8.75;9.0625;9.375;9.6875;10","0;0;0;0;0;0;0;0;0;0;0;0;0;0;0;0;0;0;0;0;0;0;0;0;0;0;0;0;0;0;0;40435;21285;11974;8158;3747;1503;485;93;0;0;0;0;0;0;0;0;0;0;0;0;0;0;0;0;0;0;0;0;0;0;0;0;0",87680
24,1,"LeakyReLULayer( 0.050000 )",pre_activation,"-10;-9.6875;-9.375;-9.0625;-8.75;-8.4375;-8.125;-7.8125;-7.5;-7.1875;-6.875;-6.5625;-6.25;-5.9375;-5.625;-5.3125;-5;-4.6875;-4.375;-4.0625;-3.75;-3.4375;-3.125;-2.8125;-2.5;-2.1875;-1.875;-1.5625;-1.25;-0.9375;-0.625;-0.3125;0;0.3125;0.625;0.9375;1.25;1.5625;1.875;2.1875;2.5;2.8125;3.125;3.4375;3.75;4.0625;4.375;4.6875;5;5.3125;5.625;5.9375;6.25;6.5625;6.875;7.1875;7.5;7.8125;8.125;8.4375;8.75;9.0625;9.375;9.6875;10","0;0;0;0;0;0;0;0;0;0;0;0;0;0;0;0;0;0;0;67;488;1564;3664;7222;13545;30047;62478;110859;204566;423108;1061835;2951269;2974794;1181733;417653;215002;104518;70160;25265;4163;0;0;0;0;0;0;0;0;0;0;0;0;0;0;0;0;0;0;0;0;0;0;0;0",9864000
24,1,"LeakyReLULayer( 0.050000 )",post_activation,"-10;-9.6875;-9.375;-9.0625;-8.75;-8.4375;-8.125;-7.8125;-7.5;-7.1875;-6.875;-6.5625;-6.25;-5.9375;-5.625;-5.3125;-5;-4.6875;-4.375;-4.0625;-3.75;-3.4375;-3.125;-2.8125;-2.5;-2.1875;-1.875;-1.5625;-1.25;-0.9375;-0.625;-0.3125;0;0.3125;0.625;0.9375;1.25;1.5625;1.875;2.1875;2.5;2.8125;3.125;3.4375;3.75;4.0625;4.375;4.6875;5;5.3125;5.625;5.9375;6.25;6.5625;6.875;7.1875;7.5;7.8125;8.125;8.4375;8.75;9.0625;9.375;9.6875;10","0;0;0;0;0;0;0;0;0;0;0;0;0;0;0;0;0;0;0;0;0;0;0;0;0;0;0;0;0;0;0;4870712;2974794;1181733;417653;215002;104518;70160;25265;4163;0;0;0;0;0;0;0;0;0;0;0;0;0;0;0;0;0;0;0;0;0;0;0;0",9864000
24,5,"LeakyReLULayer( 0.050000 )",pre_activation,"-10;-9.6875;-9.375;-9.0625;-8.75;-8.4375;-8.125;-7.8125;-7.5;-7.1875;-6.875;-6.5625;-6.25;-5.9375;-5.625;-5.3125;-5;-4.6875;-4.375;-4.0625;-3.75;-3.4375;-3.125;-2.8125;-2.5;-2.1875;-1.875;-1.5625;-1.25;-0.9375;-0.625;-0.3125;0;0.3125;0.625;0.9375;1.25;1.5625;1.875;2.1875;2.5;2.8125;3.125;3.4375;3.75;4.0625;4.375;4.6875;5;5.3125;5.625;5.9375;6.25;6.5625;6.875;7.1875;7.5;7.8125;8.125;8.4375;8.75;9.0625;9.375;9.6875;10","0;0;0;0;0;0;0;0;0;0;0;0;0;0;0;0;0;0;0;0;0;0;0;0;1;40;268;1409;4750;13800;25427;28080;37779;40109;13124;6507;2951;933;182;0;0;0;0;0;0;0;0;0;0;0;0;0;0;0;0;0;0;0;0;0;0;0;0;0",175360
24,5,"LeakyReLULayer( 0.050000 )",post_activation,"-10;-9.6875;-9.375;-9.0625;-8.75;-8.4375;-8.125;-7.8125;-7.5;-7.1875;-6.875;-6.5625;-6.25;-5.9375;-5.625;-5.3125;-5;-4.6875;-4.375;-4.0625;-3.75;-3.4375;-3.125;-2.8125;-2.5;-2.1875;-1.875;-1.5625;-1.25;-0.9375;-0.625;-0.3125;0;0.3125;0.625;0.9375;1.25;1.5625;1.875;2.1875;2.5;2.8125;3.125;3.4375;3.75;4.0625;4.375;4.6875;5;5.3125;5.625;5.9375;6.25;6.5625;6.875;7.1875;7.5;7.8125;8.125;8.4375;8.75;9.0625;9.375;9.6875;10","0;0;0;0;0;0;0;0;0;0;0;0;0;0;0;0;0;0;0;0;0;0;0;0;0;0;0;0;0;0;0;73775;37779;40109;13124;6507;2951;933;182;0;0;0;0;0;0;0;0;0;0;0;0;0;0;0;0;0;0;0;0;0;0;0;0;0",175360
24,8,"LeakyReLULayer( 0.050000 )",pre_activation,"-10;-9.6875;-9.375;-9.0625;-8.75;-8.4375;-8.125;-7.8125;-7.5;-7.1875;-6.875;-6.5625;-6.25;-5.9375;-5.625;-5.3125;-5;-4.6875;-4.375;-4.0625;-3.75;-3.4375;-3.125;-2.8125;-2.5;-2.1875;-1.875;-1.5625;-1.25;-0.9375;-0.625;-0.3125;0;0.3125;0.625;0.9375;1.25;1.5625;1.875;2.1875;2.5;2.8125;3.125;3.4375;3.75;4.0625;4.375;4.6875;5;5.3125;5.625;5.9375;6.25;6.5625;6.875;7.1875;7.5;7.8125;8.125;8.4375;8.75;9.0625;9.375;9.6875;10","0;0;0;0;0;0;0;0;0;0;0;0;0;0;0;0;0;0;0;0;0;0;0;0;0;0;37;567;1948;6537;9417;22015;21209;11954;8146;3773;1505;482;90;0;0;0;0;0;0;0;0;0;0;0;0;0;0;0;0;0;0;0;0;0;0;0;0;0",87680
24,8,"LeakyReLULayer( 0.050000 )",post_activation,"-10;-9.6875;-9.375;-9.0625;-8.75;-8.4375;-8.125;-7.8125;-7.5;-7.1875;-6.875;-6.5625;-6.25;-5.9375;-5.625;-5.3125;-5;-4.6875;-4.375;-4.0625;-3.75;-3.4375;-3.125;-2.8125;-2.5;-2.1875;-1.875;-1.5625;-1.25;-0.9375;-0.625;-0.3125;0;0.3125;0.625;0.9375;1.25;1.5625;1.875;2.1875;2.5;2.8125;3.125;3.4375;3.75;4.0625;4.375;4.6875;5;5.3125;5.625;5.9375;6.25;6.5625;6.875;7.1875;7.5;7.8125;8.125;8.4375;8.75;9.0625;9.375;9.6875;10","0;0;0;0;0;0;0;0;0;0;0;0;0;0;0;0;0;0;0;0;0;0;0;0;0;0;0;0;0;0;0;40521;21209;11954;8146;3773;1505;482;90;0;0;0;0;0;0;0;0;0;0;0;0;0;0;0;0;0;0;0;0;0;0;0;0;0",87680
25,1,"LeakyReLULayer( 0.050000 )",pre_activation,"-10;-9.6875;-9.375;-9.0625;-8.75;-8.4375;-8.125;-7.8125;-7.5;-7.1875;-6.875;-6.5625;-6.25;-5.9375;-5.625;-5.3125;-5;-4.6875;-4.375;-4.0625;-3.75;-3.4375;-3.125;-2.8125;-2.5;-2.1875;-1.875;-1.5625;-1.25;-0.9375;-0.625;-0.3125;0;0.3125;0.625;0.9375;1.25;1.5625;1.875;2.1875;2.5;2.8125;3.125;3.4375;3.75;4.0625;4.375;4.6875;5;5.3125;5.625;5.9375;6.25;6.5625;6.875;7.1875;7.5;7.8125;8.125;8.4375;8.75;9.0625;9.375;9.6875;10","0;0;0;0;0;0;0;0;0;0;0;0;0;0;0;0;0;0;0;67;488;1564;3670;7214;13545;30058;62481;110857;204577;423106;1061919;2951044;2974734;1181912;417649;215003;104518;70167;25265;4162;0;0;0;0;0;0;0;0;0;0;0;0;0;0;0;0;0;0;0;0;0;0;0;0",9864000
25,1,"LeakyReLULayer( 0.050000 )",post_activation,"-10;-9.6875;-9.375;-9.0625;-8.75;-8.4375;-8.125;-7.8125;-7.5;-7.1875;-6.875;-6.5625;-6.25;-5.9375;-5.625;-5.3125;-5;-4.6875;-4.375;-4.0625;-3.75;-3.4375;-3.125;-2.8125;-2.5;-2.1875;-1.875;-1.5625;-1.25;-0.9375;-0.625;-0.3125;0;0.3125;0.625;0.9375;1.25;1.5625;1.875;2.1875;2.5;2.8125;3.125;3.4375;3.75;4.0625;4.375;4.6875;5;5.3125;5.625;5.9375;6.25;6.5625;6.875;7.1875;7.5;7.8125;8.125;8.4375;8.75;9.0625;9.375;9.6875;10","0;0;0;0;0;0;0;0;0;0;0;0;0;0;0;0;0;0;0;0;0;0;0;0;0;0;0;0;0;0;0;4870590;2974734;1181912;417649;215003;104518;70167;25265;4162;0;0;0;0;0;0;0;0;0;0;0;0;0;0;0;0;0;0;0;0;0;0;0;0",9864000
25,5,"LeakyReLULayer( 0.050000 )",pre_activation,"-10;-9.6875;-9.375;-9.0625;-8.75;-8.4375;-8.125;-7.8125;-7.5;-7.1875;-6.875;-6.5625;-6.25;-5.9375;-5.625;-5.3125;-5;-4.6875;-4.375;-4.0625;-3.75;-3.4375;-3.125;-2.8125;-2.5;-2.1875;-1.875;-1.5625;-1.25;-0.9375;-0.625;-0.3125;0;0.3125;0.625;0.9375;1.25;1.5625;1.875;2.1875;2.5;2.8125;3.125;3.4375;3.75;4.0625;4.375;4.6875;5;5.3125;5.625;5.9375;6.25;6.5625;6.875;7.1875;7.5;7.8125;8.125;8.4375;8.75;9.0625;9.375;9.6875;10","0;0;0;0;0;0;0;0;0;0;0;0;0;0;0;0;0;0;0;0;0;0;0;0;1;40;272;1410;4747;13888;25379;28059;37646;40248;13099;6529;2916;938;188;0;0;0;0;0;0;0;0;0;0;0;0;0;0;0;0;0;0;0;0;0;0;0;0;0",175360
25,5,"LeakyReLULayer( 0.050000 )",post_activation,"-10;-9.6875;-9.375;-9.0625;-8.75;-8.4375;-8.125;-7.8125;-7.5;-7.1875;-6.875;-6.5625;-6.25;-5.9375;-5.625;-5.3125;-5;-4.6875;-4.375;-4.0625;-3.75;-3.4375;-3.125;-2.8125;-2.5;-2.1875;-1.875;-1.5625;-1.25;-0.9375;-0.625;-0.3125;0;0.3125;0.625;0.9375;1.25;1.5625;1.875;2.1875;2.5;2.8125;3.125;3.4375;3.75;4.0625;4.375;4.6875;5;5.3125;5.625;5.9375;6.25;6.5625;6.875;7.1875;7.5;7.8125;8.125;8.4375;8.75;9.0625;9.375;9.6875;10","0;0;0;0;0;0;0;0;0;0;0;0;0;0;0;0;0;0;0;0;0;0;0;0;0;0;0;0;0;0;0;73796;37646;40248;13099;6529;2916;938;188;0;0;0;0;0;0;0;0;0;0;0;0;0;0;0;0;0;0;0;0;0;0;0;0;0",175360
25,8,"LeakyReLULayer( 0.050000 )",pre_activation,"-10;-9.6875;-9.375;-9.0625;-8.75;-8.4375;-8.125;-7.8125;-7.5;-7.1875;-6.875;-6.5625;-6.25;-5.9375;-5.625;-5.3125;-5;-4.6875;-4.375;-4.0625;-3.75;-3.4375;-3.125;-2.8125;-2.5;-2.1875;-1.875;-1.5625;-1.25;-0.9375;-0.625;-0.3125;0;0.3125;0.625;0.9375;1.25;1.5625;1.875;2.1875;2.5;2.8125;3.125;3.4375;3.75;4.0625;4.375;4.6875;5;5.3125;5.625;5.9375;6.25;6.5625;6.875;7.1875;7.5;7.8125;8.125;8.4375;8.75;9.0625;9.375;9.6875;10","0;0;0;0;0;0;0;0;0;0;0;0;0;0;0;0;0;0;0;0;0;0;0;0;0;0;39;569;1968;6549;9421;21994;21131;12003;8127;3791;1518;481;89;0;0;0;0;0;0;0;0;0;0;0;0;0;0;0;0;0;0;0;0;0;0;0;0;0",87680
25,8,"LeakyReLULayer( 0.050000 )",post_activation,"-10;-9.6875;-9.375;-9.0625;-8.75;-8.4375;-8.125;-7.8125;-7.5;-7.1875;-6.875;-6.5625;-6.25;-5.9375;-5.625;-5.3125;-5;-4.6875;-4.375;-4.0625;-3.75;-3.4375;-3.125;-2.8125;-2.5;-2.1875;-1.875;-1.5625;-1.25;-0.9375;-0.625;-0.3125;0;0.3125;0.625;0.9375;1.25;1.5625;1.875;2.1875;2.5;2.8125;3.125;3.4375;3.75;4.0625;4.375;4.6875;5;5.3125;5.625;5.9375;6.25;6.5625;6.875;7.1875;7.5;7.8125;8.125;8.4375;8.75;9.0625;9.375;9.6875;10","0;0;0;0;0;0;0;0;0;0;0;0;0;0;0;0;0;0;0;0;0;0;0;0;0;0;0;0;0;0;0;40540;21131;12003;8127;3791;1518;481;89;0;0;0;0;0;0;0;0;0;0;0;0;0;0;0;0;0;0;0;0;0;0;0;0;0",87680
26,1,"LeakyReLULayer( 0.050000 )",pre_activation,"-10;-9.6875;-9.375;-9.0625;-8.75;-8.4375;-8.125;-7.8125;-7.5;-7.1875;-6.875;-6.5625;-6.25;-5.9375;-5.625;-5.3125;-5;-4.6875;-4.375;-4.0625;-3.75;-3.4375;-3.125;-2.8125;-2.5;-2.1875;-1.875;-1.5625;-1.25;-0.9375;-0.625;-0.3125;0;0.3125;0.625;0.9375;1.25;1.5625;1.875;2.1875;2.5;2.8125;3.125;3.4375;3.75;4.0625;4.375;4.6875;5;5.3125;5.625;5.9375;6.25;6.5625;6.875;7.1875;7.5;7.8125;8.125;8.4375;8.75;9.0625;9.375;9.6875;10","0;0;0;0;0;0;0;0;0;0;0;0;0;0;0;0;0;0;0;67;488;1569;3671;7212;13576;30082;62505;110873;204632;423253;1062004;2950519;2974332;1182266;417699;215038;104562;70177;25299;4176;0;0;0;0;0;0;0;0;0;0;0;0;0;0;0;0;0;0;0;0;0;0;0;0",9864000
26,1,"LeakyReLULayer( 0.050000 )",post_activation,"-10;-9.6875;-9.375;-9.0625;-8.75;-8.4375;-8.125;-7.8125;-7.5;-7.1875;-6.875;-6.5625;-6.25;-5.9375;-5.625;-5.3125;-5;-4.6875;-4.375;-4.0625;-3.75;-3.4375;-3.125;-2.8125;-2.5;-2.1875;-1.875;-1.5625;-1.25;-0.9375;-0.625;-0.3125;0;0.3125;0.625;0.9375;1.25;1.5625;1.875;2.1875;2.5;2.8125;3.125;3.4375;3.75;4.0625;4.375;4.6875;5;5.3125;5.625;5.9375;6.25;6.5625;6.875;7.1875;7.5;7.8125;8.125;8.4375;8.75;9.0625;9.375;9.6875;10","0;0;0;0;0;0;0;0;0;0;0;0;0;0;0;0;0;0;0;0;0;0;0;0;0;0;0;0;0;0;0;4870451;2974332;1182266;417699;215038;104562;70177;25299;4176;0;0;0;0;0;0;0;0;0;0;0;0;0;0;0;0;0;0;0;0;0;0;0;0",9864000
26,5,"LeakyReLULayer( 0.050000 )",pre_activation,"-10;-9.6875;-9.375;-9.0625;-8.75;-8.4375;-8.125;-7.8125;-7.5;-7.1875;-6.875;-6.5625;-6.25;-5.9375;-5.625;-5.3125;-5;-4.6875;-4.375;-4.0625;-3.75;-3.4375;-3.125;-2.8125;-2.5;-2.1875;-1.875;-1.5625;-1.25;-0.9375;-0.625;-0.3125;0;0.3125;0.625;0.9375;1.25;1.5625;1.875;2.1875;2.5;2.8125;3.125;3.4375;3.75;4.0625;4.375;4.6875;5;5.3125;5.625;5.9375;6.25;6.5625;6.875;7.1875;7.5;7.8125;8.125;8.4375;8.75;9.0625;9.375;9.6875;10","0;0;0;0;0;0;0;0;0;0;0;0;0;0;0;0;0;0;0;0;0;0;0;0;1;40;276;1424;4773;13998;25291;27827;37433;40568;13123;6568;2892;944;202;0;0;0;0;0;0;0;0;0;0;0;0;0;0;0;0;0;0;0;0;0;0;0;0;0",175360
26,5,"LeakyReLULayer( 0.050000 )",post_activation,"-10;-9.6875;-9.375;-9.0625;-8.75;-8.4375;-8.125;-7.8125;-7.5;-7.1875;-6.875;-6.5625;-6.25;-5.9375;-5.625;-5.3125;-5;-4.6875;-4.375;-4.0625;-3.75;-3.4375;-3.125;-2.8125;-2.5;-2.1875;-1.875;-1.5625;-1.25;-0.9375;-0.625;-0.3125;0;0.3125;0.625;0.9375;1.25;1.5625;1.875;2.1875;2.5;2.8125;3.125;3.4375;3.75;4.0625;4.375;4.6875;5;5.3125;5.625;5.9375;6.25;6.5625;6.875;7.1875;7.5;7.8125;8.125;8.4375;8.75;9.0625;9.375;9.6875;10","0;0;0;0;0;0;0;0;0;0;0;0;0;0;0;0;0;0;0;0;0;0;0;0;0;0;0;0;0;0;0;73630;37433;40568;13123;6568;2892;944;202;0;0;0;0;0;0;0;0;0;0;0;0;0;0;0;0;0;0;0;0;0;0;0;0;0",175360
26,8,"LeakyReLULayer( 0.050000 )",pre_activation,"-10;-9.6875;-9.375;-9.0625;-8.75;-8.4375;-8.125;-7.8125;-7.5;-7.1875;-6.875;-6.5625;-6.25;-5.9375;-5.625;-5.3125;-5;-4.6875;-4.375;-4.0625;-3.75;-3.4375;-3.125;-2.8125;-2.5;-2.1875;-1.875;-1.5625;-1.25;-0.9375;-0.625;-0.3125;0;0.3125;0.625;0.9375;1.25;1.5625;1.875;2.1875;2.5;2.8125;3.125;3.4375;3.75;4.0625;4.375;4.6875;5;5.3125;5.625;5.9375;6.25;6.5625;6.875;7.1875;7.5;7.8125;8.125;8.4375;8.75;9.0625;9.375;9.6875;10","0;0;0;0;0;0;0;0;0;0;0;0;0;0;0;0;0;0;0;0;0;0;0;0;0;0;40;586;2005;6534;9531;21969;21013;11984;8084;3831;1530;489;84;0;0;0;0;0;0;0;0;0;0;0;0;0;0;0;0;0;0;0;0;0;0;0;0;0",87680
26,8,"LeakyReLULayer( 0.050000 )",post_activation,"-10;-9.6875;-9.375;-9.0625;-8.75;-8.4375;-8.125;-7.8125;-7.5;-7.1875;-6.875;-6.5625;-6.25;-5.9375;-5.625;-5.3125;-5;-4.6875;-4.375;-4.0625;-3.75;-3.4375;-3.125;-2.8125;-2.5;-2.1875;-1.875;-1.5625;-1.25;-0.9375;-0.625;-0.3125;0;0.3125;0.625;0.9375;1.25;1.5625;1.875;2.1875;2.5;2.8125;3.125;3.4375;3.75;4.0625;4.375;4.6875;5;5.3125;5.625;5.9375;6.25;6.5625;6.875;7.1875;7.5;7.8125;8.125;8.4375;8.75;9.0625;9.375;9.6875;10","0;0;0;0;0;0;0;0;0;0;0;0;0;0;0;0;0;0;0;0;0;0;0;0;0;0;0;0;0;0;0;40665;21013;11984;8084;3831;1530;489;84;0;0;0;0;0;0;0;0;0;0;0;0;0;0;0;0;0;0;0;0;0;0;0;0;0",87680
27,1,"LeakyReLULayer( 0.050000 )",pre_activation,"-10;-9.6875;-9.375;-9.0625;-8.75;-8.4375;-8.125;-7.8125;-7.5;-7.1875;-6.875;-6.5625;-6.25;-5.9375;-5.625;-5.3125;-5;-4.6875;-4.375;-4.0625;-3.75;-3.4375;-3.125;-2.8125;-2.5;-2.1875;-1.875;-1.5625;-1.25;-0.9375;-0.625;-0.3125;0;0.3125;0.625;0.9375;1.25;1.5625;1.875;2.1875;2.5;2.8125;3.125;3.4375;3.75;4.0625;4.375;4.6875;5;5.3125;5.625;5.9375;6.25;6.5625;6.875;7.1875;7.5;7.8125;8.125;8.4375;8.75;9.0625;9.375;9.6875;10","0;0;0;0;0;0;0;0;0;0;0;0;0;0;0;0;0;0;0;67;490;1566;3669;7214;13570;30081;62510;110874;204638;423260;1062024;2950429;2974306;1182334;417705;215034;104575;70186;25295;4173;0;0;0;0;0;0;0;0;0;0;0;0;0;0;0;0;0;0;0;0;0;0;0;0",9864000
27,1,"LeakyReLULayer( 0.050000 )",post_activation,"-10;-9.6875;-9.375;-9.0625;-8.75;-8.4375;-8.125;-7.8125;-7.5;-7.1875;-6.875;-6.5625;-6.25;-5.9375;-5.625;-5.3125;-5;-4.6875;-4.375;-4.0625;-3.75;-3.4375;-3.125;-2.8125;-2.5;-2.1875;-1.875;-1.5625;-1.25;-0.9375;-0.625;-0.3125;0;0.3125;0.625;0.9375;1.25;1.5625;1.875;2.1875;2.5;2.8125;3.125;3.4375;3.75;4.0625;4.375;4.6875;5;5.3125;5.625;5.9375;6.25;6.5625;6.875;7.1875;7.5;7.8125;8.125;8.4375;8.75;9.0625;9.375;9.6875;10","0;0;0;0;0;0;0;0;0;0;0;0;0;0;0;0;0;0;0;0;0;0;0;0;0;0;0;0;0;0;0;4870392;2974306;1182334;417705;215034;104575;70186;25295;4173;0;0;0;0;0;0;0;0;0;0;0;0;0;0;0;0;0;0;0;0;0;0;0;0",9864000
27,5,"LeakyReLULayer( 0.050000 )",pre_activation,"-10;-9.6875;-9.375;-9.0625;-8.75;-8.4375;-8.125;-7.8125;-7.5;-7.1875;-6.875;-6.5625;-6.25;-5.9375;-5.625;-5.3125;-5;-4.6875;-4.375;-4.0625;-3.75;-3.4375;-3.125;-2.8125;-2.5;-2.1875;-1.875;-1.5625;-1.25;-0.9375;-0.625;-0.3125;0;0.3125;0.625;0.9375;1.25;1.5625;1.875;2.1875;2.5;2.8125;3.125;3.4375;3.75;4.0625;4.375;4.6875;5;5.3125;5.625;5.9375;6.25;6.5625;6.875;7.1875;7.5;7.8125;8.125;8.4375;8.75;9.0625;9.375;9.6875;10","0;0;0;0;0;0;0;0;0;0;0;0;0;0;0;0;0;0;0;0;0;0;0;0;1;40;277;1411;4795;14072;25308;27825;37277;40639;13137;6543;2878;952;205;0;0;0;0;0;0;0;0;0;0;0;0;0;0;0;0;0;0;0;0;0;0;0;0;0",175360
27,5,"LeakyReLULayer( 0.050000 )",post_activation,"-10;-9.6875;-9.375;-9.0625;-8.75;-8.4375;-8.125;-7.8125;-7.5;-7.1875;-6.875;-6.5625;-6.25;-5.9375;-5.625;-5.3125;-5;-4.6875;-4.375;-4.0625;-3.75;-3.4375;-3.125;-2.8125;-2.5;-2.1875;-1.875;-1.5625;-1.25;-0.9375;-0.625;-0.3125;0;0.3125;0.625;0.9375;1.25;1.5625;1.875;2.1875;2.5;2.8125;3.125;3.4375;3.75;4.0625;4.375;4.6875;5;5.3125;5.625;5.9375;6.25;6.5625;6.875;7.1875;7.5;7.8125;8.125;8.4375;8.75;9.0625;9.375;9.6875;10","0;0;0;0;0;0;0;0;0;0;0;0;0;0;0;0;0;0;0;0;0;0;0;0;0;0;0;0;0;0;0;73729;37277;40639;13137;6543;2878;952;205;0;0;0;0;0;0;0;0;0;0;0;0;0;0;0;0;0;0;0;0;0;0;0;0;0",175360
27,8,"LeakyReLULayer( 0.050000 )",pre_activation,"-10;-9.6875;-9.375;-9.0625;-8.75;-8.4375;-8.125;-7.8125;-7.5;-7.1875;-6.875;-6.5625;-6.25;-5.9375;-5.625;-5.3125;-5;-4.6875;-4.375;-4.0625;-3.75;-3.4375;-3.125;-2.8125;-2.5;-2.1875;-1.875;-1.5625;-1.25;-0.9375;-0.625;-0.3125;0;0.3125;0.625;0.9375;1.25;1.5625;1.875;2.1875;2.5;2.8125;3.125;3.4375;3.75;4.0625;4.375;4.6875;5;5.3125;5.625;5.9375;6.25;6.5625;6.875;7.1875;7.5;7.8125;8.125;8.4375;8.75;9.0625;9.375;9.6875;10","0;0;0;0;0;0;0;0;0;0;0;0;0;0;0;0;0;0;0;0;0;0;0;0;0;0;43;577;2012;6486;9581;21911;21062;11976;8054;3864;1542;496;76;0;0;0;0;0;0;0;0;0;0;0;0;0;0;0;0;0;0;0;0;0;0;0;0;0",87680
27,8,"LeakyReLULayer( 0.050000 )",post_activation,"-10;-9.6875;-9.375;-9.0625;-8.75;-8.4375;-8.125;-7.8125;-7.5;-7.1875;-6.875;-6.5625;-6.25;-5.9375;-5.625;-5.3125;-5;-4.6875;-4.375;-4.0625;-3.75;-3.4375;-3.125;-2.8125;-2.5;-2.1875;-1.875;-1.5625;-1.25;-0.9375;-0.625;-0.3125;0;0.3125;0.625;0.9375;1.25;1.5625;1.875;2.1875;2.5;2.8125;3.125;3.4375;3.75;4.0625;4.375;4.6875;5;5.3125;5.625;5.9375;6.25;6.5625;6.875;7.1875;7.5;7.8125;8.125;8.4375;8.75;9.0625;9.375;9.6875;10","0;0;0;0;0;0;0;0;0;0;0;0;0;0;0;0;0;0;0;0;0;0;0;0;0;0;0;0;0;0;0;40610;21062;11976;8054;3864;1542;496;76;0;0;0;0;0;0;0;0;0;0;0;0;0;0;0;0;0;0;0;0;0;0;0;0;0",87680
28,1,"LeakyReLULayer( 0.050000 )",pre_activation,"-10;-9.6875;-9.375;-9.0625;-8.75;-8.4375;-8.125;-7.8125;-7.5;-7.1875;-6.875;-6.5625;-6.25;-5.9375;-5.625;-5.3125;-5;-4.6875;-4.375;-4.0625;-3.75;-3.4375;-3.125;-2.8125;-2.5;-2.1875;-1.875;-1.5625;-1.25;-0.9375;-0.625;-0.3125;0;0.3125;0.625;0.9375;1.25;1.5625;1.875;2.1875;2.5;2.8125;3.125;3.4375;3.75;4.0625;4.375;4.6875;5;5.3125;5.625;5.9375;6.25;6.5625;6.875;7.1875;7.5;7.8125;8.125;8.4375;8.75;9.0625;9.375;9.6875;10","0;0;0;0;0;0;0;0;0;0;0;0;0;0;0;0;0;0;0;67;488;1565;3668;7218;13561;30069;62506;110890;204644;423253;1062044;2950382;2974293;1182394;417657;215085;104582;70179;25289;4166;0;0;0;0;0;0;0;0;0;0;0;0;0;0;0;0;0;0;0;0;0;0;0;0",9864000
28,1,"LeakyReLULayer( 0.050000 )",post_activation,"-10;-9.6875;-9.375;-9.0625;-8.75;-8.4375;-8.125;-7.8125;-7.5;-7.1875;-6.875;-6.5625;-6.25;-5.9375;-5.625;-5.3125;-5;-4.6875;-4.375;-4.0625;-3.75;-3.4375;-3.125;-2.8125;-2.5;-2.1875;-1.875;-1.5625;-1.25;-0.9375;-0.625;-0.3125;0;0.3125;0.625;0.9375;1.25;1.5625;1.875;2.1875;2.5;2.8125;3.125;3.4375;3.75;4.0625;4.375;4.6875;5;5.3125;5.625;5.9375;6.25;6.5625;6.875;7.1875;7.5;7.8125;8.125;8.4375;8.75;9.0625;9.375;9.6875;10","0;0;0;0;0;0;0;0;0;0;0;0;0;0;0;0;0;0;0;0;0;0;0;0;0;0;0;0;0;0;0;4870355;2974293;1182394;417657;215085;104582;70179;25289;4166;0;0;0;0;0;0;0;0;0;0;0;0;0;0;0;0;0;0;0;0;0;0;0;0",9864000
28,5,"LeakyReLULayer( 0.050000 )",pre_activation,"-10;-9.6875;-9.375;-9.0625;-8.75;-8.4375;-8.125;-7.8125;-7.5;-7.1875;-6.875;-6.5625;-6.25;-5.9375;-5.625;-5.3125;-5;-4.6875;-4.375;-4.0625;-3.75;-3.4375;-3.125;-2.8125;-2.5;-2.1875;-1.875;-1.5625;-1.25;-0.9375;-0.625;-0.3125;0;0.3125;0.625;0.9375;1.25;1.5625;1.875;2.1875;2.5;2.8125;3.125;3.4375;3.75;4.0625;4.375;4.6875;5;5.3125;5.625;5.9375;6.25;6.5625;6.875;7.1875;7.5;7.8125;8.125;8.4375;8.75;9.0625;9.375;9.6875;10","0;0;0;0;0;0;0;0;0;0;0;0;0;0;0;0;0;0;0;0;0;0;0;0;1;40;281;1421;4775;14212;25218;27907;36976;40740;13187;6578;2863;952;209;0;0;0;0;0;0;0;0;0;0;0;0;0;0;0;0;0;0;0;0;0;0;0;0;0",175360
28,5,"LeakyReLULayer( 0.050000 )",post_activation,"-10;-9.6875;-9.375;-9.0625;-8.75;-8.4375;-8.125;-7.8125;-7.5;-7.1875;-6.875;-6.5625;-6.25;-5.9375;-5.625;-5.3125;-5;-4.6875;-4.375;-4.0625;-3.75;-3.4375;-3.125;-2.8125;-2.5;-2.1875;-1.875;-1.5625;-1.25;-0.9375;-0.625;-0.3125;0;0.3125;0.625;0.9375;1.25;1.5625;1.875;2.1875;2.5;2.8125;3.125;3.4375;3.75;4.0625;4.375;4.6875;5;5.3125;5.625;5.9375;6.25;6.5625;6.875;7.1875;7.5;7.8125;8.125;8.4375;8.75;9.0625;9.375;9.6875;10","0;0;0;0;0;0;0;0;0;0;0;0;0;0;0;0;0;0;0;0;0;0;0;0;0;0;0;0;0;0;0;73855;36976;40740;13187;6578;2863;952;209;0;0;0;0;0;0;0;0;0;0;0;0;0;0;0;0;0;0;0;0;0;0;0;0;0",175360
28,8,"LeakyReLULayer( 0.050000 )",pre_activation,"-10;-9.6875;-9.375;-9.0625;-8.75;-8.4375;-8.125;-7.8125;-7.5;-7.1875;-6.875;-6.5625;-6.25;-5.9375;-5.625;-5.3125;-5;-4.6875;-4.375;-4.0625;-3.75;-3.4375;-3.125;-2.8125;-2.5;-2.1875;-1.875;-1.5625;-1.25;-0.9375;-0.625;-0.3125;0;0.3125;0.625;0.9375;1.25;1.5625;1.875;2.1875;2.5;2.8125;3.125;3.4375;3.75;4.0625;4.375;4.6875;5;5.3125;5.625;5.9375;6.25;6.5625;6.875;7.1875;7.5;7.8125;8.125;8.4375;8.75;9.0625;9.375;9.6875;10","0;0;0;0;0;0;0;0;0;0;0;0;0;0;0;0;0;0;0;0;0;0;0;0;0;0;46;583;2056;6453;9539;21836;21163;11938;8021;3886;1572;501;86;0;0;0;0;0;0;0;0;0;0;0;0;0;0;0;0;0;0;0;0;0;0;0;0;0",87680
28,8,"LeakyReLULayer( 0.050000 )",post_activation,"-10;-9.6875;-9.375;-9.0625;-8.75;-8.4375;-8.125;-7.8125;-7.5;-7.1875;-6.875;-6.5625;-6.25;-5.9375;-5.625;-5.3125;-5;-4.6875;-4.375;-4.0625;-3.75;-3.4375;-3.125;-2.8125;-2.5;-2.1875;-1.875;-1.5625;-1.25;-0.9375;-0.625;-0.3125;0;0.3125;0.625;0.9375;1.25;1.5625;1.875;2.1875;2.5;2.8125;3.125;3.4375;3.75;4.0625;4.375;4.6875;5;5.3125;5.625;5.9375;6.25;6.5625;6.875;7.1875;7.5;7.8125;8.125;8.4375;8.75;9.0625;9.375;9.6875;10","0;0;0;0;0;0;0;0;0;0;0;0;0;0;0;0;0;0;0;0;0;0;0;0;0;0;0;0;0;0;0;40513;21163;11938;8021;3886;1572;501;86;0;0;0;0;0;0;0;0;0;0;0;0;0;0;0;0;0;0;0;0;0;0;0;0;0",87680
29,1,"LeakyReLULayer( 0.050000 )",pre_activation,"-10;-9.6875;-9.375;-9.0625;-8.75;-8.4375;-8.125;-7.8125;-7.5;-7.1875;-6.875;-6.5625;-6.25;-5.9375;-5.625;-5.3125;-5;-4.6875;-4.375;-4.0625;-3.75;-3.4375;-3.125;-2.8125;-2.5;-2.1875;-1.875;-1.5625;-1.25;-0.9375;-0.625;-0.3125;0;0.3125;0.625;0.9375;1.25;1.5625;1.875;2.1875;2.5;2.8125;3.125;3.4375;3.75;4.0625;4.375;4.6875;5;5.3125;5.625;5.9375;6.25;6.5625;6.875;7.1875;7.5;7.8125;8.125;8.4375;8.75;9.0625;9.375;9.6875;10","0;0;0;0;0;0;0;0;0;0;0;0;0;0;0;0;0;0;0;67;490;1569;3672;7211;13574;30101;62536;110895;204657;423295;1062027;2950201;2974121;1182541;417667;215091;104607;70194;25303;4181;0;0;0;0;0;0;0;0;0;0;0;0;0;0;0;0;0;0;0;0;0;0;0;0",9864000
29,1,"LeakyReLULayer( 0.050000 )",post_activation,"-10;-9.6875;-9.375;-9.0625;-8.75;-8.4375;-8.125;-7.8125;-7.5;-7.1875;-6.875;-6.5625;-6.25;-5.9375;-5.625;-5.3125;-5;-4.6875;-4.375;-4.0625;-3.75;-3.4375;-3.125;-2.8125;-2.5;-2.1875;-1.875;-1.5625;-1.25;-0.9375;-0.625;-0.3125;0;0.3125;0.625;0.9375;1.25;1.5625;1.875;2.1875;2.5;2.8125;3.125;3.4375;3.75;4.0625;4.375;4.6875;5;5.3125;5.625;5.9375;6.25;6.5625;6.875;7.1875;7.5;7.8125;8.125;8.4375;8.75;9.0625;9.375;9.6875;10","0;0;0;0;0;0;0;0;0;0;0;0;0;0;0;0;0;0;0;0;0;0;0;0;0;0;0;0;0;0;0;4870295;2974121;1182541;417667;215091;104607;70194;25303;4181;0;0;0;0;0;0;0;0;0;0;0;0;0;0;0;0;0;0;0;0;0;0;0;0",9864000
29,5,"LeakyReLULayer( 0.050000 )",pre_activation,"-10;-9.6875;-9.375;-9.0625;-8.75;-8.4375;-8.125;-7.8125;-7.5;-7.1875;-6.875;-6.5625;-6.25;-5.9375;-5.625;-5.3125;-5;-4.6875;-4.375;-4.0625;-3.75;-3.4375;-3.125;-2.8125;-2.5;-2.1875;-1.875;-1.5625;-1.25;-0.9375;-0.625;-0.3125;0;0.3125;0.625;0.9375;1.25;1.5625;1.875;2.1875;2.5;2.8125;3.125;3.4375;3.75;4.0625;4.375;4.6875;5;5.3125;5.625;5.9375;6.25;6.5625;6.875;7.1875;7.5;7.8125;8.125;8.4375;8.75;9.0625;9.375;9.6875;10","0;0;0;0;0;0;0;0;0;0;0;0;0;0;0;0;0;0;0;0;0;0;0;0;1;40;285;1421;4775;14235;25216;27855;36955;40798;13164;6589;2855;959;212;0;0;0;0;0;0;0;0;0;0;0;0;0;0;0;0;0;0;0;0;0;0;0;0;0",175360
29,5,"LeakyReLULayer( 0.050000 )",post_activation,"-10;-9.6875;-9.375;-9.0625;-8.75;-8.4375;-8.125;-7.8125;-7.5;-7.1875;-6.875;-6.5625;-6.25;-5.9375;-5.625;-5.3125;-5;-4.6875;-4.375;-4.0625;-3.75;-3.4375;-3.125;-2.8125;-2.5;-2.1875;-1.875;-1.5625;-1.25;-0.9375;-0.625;-0.3125;0;0.3125;0.625;0.9375;1.25;1.5625;1.875;2.1875;2.5;2.8125;3.125;3.4375;3.75;4.0625;4.375;4.6875;5;5.3125;5.625;5.9375;6.25;6.5625;6.875;7.1875;7.5;7.8125;8.125;8.4375;8.75;9.0625;9.375;9.6875;10","0;0;0;0;0;0;0;0;0;0;0;0;0;0;0;0;0;0;0;0;0;0;0;0;0;0;0;0;0;0;0;73828;36955;40798;13164;6589;2855;959;212;0;0;0;0;0;0;0;0;0;0;0;0;0;0;0;0;0;0;0;0;0;0;0;0;0",175360
29,8,"LeakyReLULayer( 0.050000 )",pre_activation,"-10;-9.6875;-9.375;-9.0625;-8.75;-8.4375;-8.125;-7.8125;-7.5;-7.1875;-6.875;-6.5625;-6.25;-5.9375;-5.625;-5.3125;-5;-4.6875;-4.375;-4.0625;-3.75;-3.4375;-3.125;-2.8125;-2.5;-2.1875;-1.875;-1.5625;-1.25;-0.9375;-0.625;-0.3125;0;0.3125;0.625;0.9375;1.25;1.5625;1.875;2.1875;2.5;2.8125;3.125;3.4375;3.75;4.0625;4.375;4.6875;5;5.3125;5.625;5.9375;6.25;6.5625;6.875;7.1875;7.5;7.8125;8.125;8.4375;8.75;9.0625;9.375;9.6875;10","0;0;0;0;0;0;0;0;0;0;0;0;0;0;0;0;0;0;0;0;0;0;0;0;0;0;46;586;2028;6424;9579;21911;21068;11921;8056;3923;1565;496;77;0;0;0;0;0;0;0;0;0;0;0;0;0;0;0;0;0;0;0;0;0;0;0;0;0",87680
29,8,"LeakyReLULayer( 0.050000 )",post_activation,"-10;-9.6875;-9.375;-9.0625;-8.75;-8.4375;-8.125;-7.8125;-7.5;-7.1875;-6.875;-6.5625;-6.25;-5.9375;-5.625;-5.3125;-5;-4.6875;-4.375;-4.0625;-3.75;-3.4375;-3.125;-2.8125;-2.5;-2.1875;-1.875;-1.5625;-1.25;-0.9375;-0.625;-0.3125;0;0.3125;0.625;0.9375;1.25;1.5625;1.875;2.1875;2.5;2.8125;3.125;3.4375;3.75;4.0625;4.375;4.6875;5;5.3125;5.625;5.9375;6.25;6.5625;6.875;7.1875;7.5;7.8125;8.125;8.4375;8.75;9.0625;9.375;9.6875;10","0;0;0;0;0;0;0;0;0;0;0;0;0;0;0;0;0;0;0;0;0;0;0;0;0;0;0;0;0;0;0;40574;21068;11921;8056;3923;1565;496;77;0;0;0;0;0;0;0;0;0;0;0;0;0;0;0;0;0;0;0;0;0;0;0;0;0",87680
30,1,"LeakyReLULayer( 0.050000 )",pre_activation,"-10;-9.6875;-9.375;-9.0625;-8.75;-8.4375;-8.125;-7.8125;-7.5;-7.1875;-6.875;-6.5625;-6.25;-5.9375;-5.625;-5.3125;-5;-4.6875;-4.375;-4.0625;-3.75;-3.4375;-3.125;-2.8125;-2.5;-2.1875;-1.875;-1.5625;-1.25;-0.9375;-0.625;-0.3125;0;0.3125;0.625;0.9375;1.25;1.5625;1.875;2.1875;2.5;2.8125;3.125;3.4375;3.75;4.0625;4.375;4.6875;5;5.3125;5.625;5.9375;6.25;6.5625;6.875;7.1875;7.5;7.8125;8.125;8.4375;8.75;9.0625;9.375;9.6875;10","0;0;0;0;0;0;0;0;0;0;0;0;0;0;0;0;0;0;0;67;490;1568;3670;7213;13575;30100;62534;110897;204663;423291;1062096;2950003;2974121;1182642;417681;215086;104626;70180;25316;4181;0;0;0;0;0;0;0;0;0;0;0;0;0;0;0;0;0;0;0;0;0;0;0;0",9864000
30,1,"LeakyReLULayer( 0.050000 )",post_activation,"-10;-9.6875;-9.375;-9.0625;-8.75;-8.4375;-8.125;-7.8125;-7.5;-7.1875;-6.875;-6.5625;-6.25;-5.9375;-5.625;-5.3125;-5;-4.6875;-4.375;-4.0625;-3.75;-3.4375;-3.125;-2.8125;-2.5;-2.1875;-1.875;-1.5625;-1.25;-0.9375;-0.625;-0.3125;0;0.3125;0.625;0.9375;1.25;1.5625;1.875;2.1875;2.5;2.8125;3.125;3.4375;3.75;4.0625;4.375;4.6875;5;5.3125;5.625;5.9375;6.25;6.5625;6.875;7.1875;7.5;7.8125;8.125;8.4375;8.75;9.0625;9.375;9.6875;10","0;0;0;0;0;0;0;0;0;0;0;0;0;0;0;0;0;0;0;0;0;0;0;0;0;0;0;0;0;0;0;4870167;2974121;1182642;417681;215086;104626;70180;25316;4181;0;0;0;0;0;0;0;0;0;0;0;0;0;0;0;0;0;0;0;0;0;0;0;0",9864000
30,5,"LeakyReLULayer( 0.050000 )",pre_activation,"-10;-9.6875;-9.375;-9.0625;-8.75;-8.4375;-8.125;-7.8125;-7.5;-7.1875;-6.875;-6.5625;-6.25;-5.9375;-5.625;-5.3125;-5;-4.6875;-4.375;-4.0625;-3.75;-3.4375;-3.125;-2.8125;-2.5;-2.1875;-1.875;-1.5625;-1.25;-0.9375;-0.625;-0.3125;0;0.3125;0.625;0.9375;1.25;1.5625;1.875;2.1875;2.5;2.8125;3.125;3.4375;3.75;4.0625;4.375;4.6875;5;5.3125;5.625;5.9375;6.25;6.5625;6.875;7.1875;7.5;7.8125;8.125;8.4375;8.75;9.0625;9.375;9.6875;10","0;0;0;0;0;0;0;0;0;0;0;0;0;0;0;0;0;0;0;0;0;0;0;0;1;40;286;1421;4791;14301;25153;27907;36902;40789;13179;6559;2857;962;212;0;0;0;0;0;0;0;0;0;0;0;0;0;0;0;0;0;0;0;0;0;0;0;0;0",175360
30,5,"LeakyReLULayer( 0.050000 )",post_activation,"-10;-9.6875;-9.375;-9.0625;-8.75;-8.4375;-8.125;-7.8125;-7.5;-7.1875;-6.875;-6.5625;-6.25;-5.9375;-5.625;-5.3125;-5;-4.6875;-4.375;-4.0625;-3.75;-3.4375;-3.125;-2.8125;-2.5;-2.1875;-1.875;-1.5625;-1.25;-0.9375;-0.625;-0.3125;0;0.3125;0.625;0.9375;1.25;1.5625;1.875;2.1875;2.5;2.8125;3.125;3.4375;3.75;4.0625;4.375;4.6875;5;5.3125;5.625;5.9375;6.25;6.5625;6.875;7.1875;7.5;7.8125;8.125;8.4375;8.75;9.0625;9.375;9.6875;10","0;0;0;0;0;0;0;0;0;0;0;0;0;0;0;0;0;0;0;0;0;0;0;0;0;0;0;0;0;0;0;73900;36902;40789;13179;6559;2857;962;212;0;0;0;0;0;0;0;0;0;0;0;0;0;0;0;0;0;0;0;0;0;0;0;0;0",175360
30,8,"LeakyReLULayer( 0.050000 )",pre_activation,"-10;-9.6875;-9.375;-9.0625;-8.75;-8.4375;-8.125;-7.8125;-7.5;-7.1875;-6.875;-6.5625;-6.25;-5.9375;-5.625;-5.3125;-5;-4.6875;-4.375;-4.0625;-3.75;-3.4375;-3.125;-2.8125;-2.5;-2.1875;-1.875;-1.5625;-1.25;-0.9375;-0.625;-0.3125;0;0.3125;0.625;0.9375;1.25;1.5625;1.875;2.1875;2.5;2.8125;3.125;3.4375;3.75;4.0625;4.375;4.6875;5;5.3125;5.625;5.9375;6.25;6.5625;6.875;7.1875;7.5;7.8125;8.125;8.4375;8.75;9.0625;9.375;9.6875;10","0;0;0;0;0;0;0;0;0;0;0;0;0;0;0;0;0;0;0;0;0;0;0;0;0;0;46;594;2026;6408;9587;21956;21012;11958;8053;3914;1549;501;76;0;0;0;0;0;0;0;0;0;0;0;0;0;0;0;0;0;0;0;0;0;0;0;0;0",87680
30,8,"LeakyReLULayer( 0.050000 )",post_activation,"-10;-9.6875;-9.375;-9.0625;-8.75;-8.4375;-8.125;-7.8125;-7.5;-7.1875;-6.875;-6.5625;-6.25;-5.9375;-5.625;-5.3125;-5;-4.6875;-4.375;-4.0625;-3.75;-3.4375;-3.125;-2.8125;-2.5;-2.1875;-1.875;-1.5625;-1.25;-0.9375;-0.625;-0.3125;0;0.3125;0.625;0.9375;1.25;1.5625;1.875;2.1875;2.5;2.8125;3.125;3.4375;3.75;4.0625;4.375;4.6875;5;5.3125;5.625;5.9375;6.25;6.5625;6.875;7.1875;7.5;7.8125;8.125;8.4375;8.75;9.0625;9.375;9.6875;10","0;0;0;0;0;0;0;0;0;0;0;0;0;0;0;0;0;0;0;0;0;0;0;0;0;0;0;0;0;0;0;40617;21012;11958;8053;3914;1549;501;76;0;0;0;0;0;0;0;0;0;0;0;0;0;0;0;0;0;0;0;0;0;0;0;0;0",87680
31,1,"LeakyReLULayer( 0.050000 )",pre_activation,"-10;-9.6875;-9.375;-9.0625;-8.75;-8.4375;-8.125;-7.8125;-7.5;-7.1875;-6.875;-6.5625;-6.25;-5.9375;-5.625;-5.3125;-5;-4.6875;-4.375;-4.0625;-3.75;-3.4375;-3.125;-2.8125;-2.5;-2.1875;-1.875;-1.5625;-1.25;-0.9375;-0.625;-0.3125;0;0.3125;0.625;0.9375;1.25;1.5625;1.875;2.1875;2.5;2.8125;3.125;3.4375;3.75;4.0625;4.375;4.6875;5;5.3125;5.625;5.9375;6.25;6.5625;6.875;7.1875;7.5;7.8125;8.125;8.4375;8.75;9.0625;9.375;9.6875;10","0;0;0;0;0;0;0;0;0;0;0;0;0;0;0;0;0;0;0;67;489;1568;3671;7212;13572;30105;62531;110895;204664;423296;1062091;2949894;2974281;1182589;417654;215131;104628;70190;25299;4173;0;0;0;0;0;0;0;0;0;0;0;0;0;0;0;0;0;0;0;0;0;0;0;0",9864000
31,1,"LeakyReLULayer( 0.050000 )",post_activation,"-10;-9.6875;-9.375;-9.0625;-8.75;-8.4375;-8.125;-7.8125;-7.5;-7.1875;-6.875;-6.5625;-6.25;-5.9375;-5.625;-5.3125;-5;-4.6875;-4.375;-4.0625;-3.75;-3.4375;-3.125;-2.8125;-2.5;-2.1875;-1.875;-1.5625;-1.25;-0.9375;-0.625;-0.3125;0;0.3125;0.625;0.9375;1.25;1.5625;1.875;2.1875;2.5;2.8125;3.125;3.4375;3.75;4.0625;4.375;4.6875;5;5.3125;5.625;5.9375;6.25;6.5625;6.875;7.1875;7.5;7.8125;8.125;8.4375;8.75;9.0625;9.375;9.6875;10","0;0;0;0;0;0;0;0;0;0;0;0;0;0;0;0;0;0;0;0;0;0;0;0;0;0;0;0;0;0;0;4870055;2974281;1182589;417654;215131;104628;70190;25299;4173;0;0;0;0;0;0;0;0;0;0;0;0;0;0;0;0;0;0;0;0;0;0;0;0",9864000
31,5,"LeakyReLULayer( 0.050000 )",pre_activation,"-10;-9.6875;-9.375;-9.0625;-8.75;-8.4375;-8.125;-7.8125;-7.5;-7.1875;-6.875;-6.5625;-6.25;-5.9375;-5.625;-5.3125;-5;-4.6875;-4.375;-4.0625;-3.75;-3.4375;-3.125;-2.8125;-2.5;-2.1875;-1.875;-1.5625;-1.25;-0.9375;-0.625;-0.3125;0;0.3125;0.625;0.9375;1.25;1.5625;1.875;2.1875;2.5;2.8125;3.125;3.4375;3.75;4.0625;4.375;4.6875;5;5.3125;5.625;5.9375;6.25;6.5625;6.875;7.1875;7.5;7.8125;8.125;8.4375;8.75;9.0625;9.375;9.6875;10","0;0;0;0;0;0;0;0;0;0;0;0;0;0;0;0;0;0;0;0;0;0;0;0;1;41;288;1429;4784;14400;25084;27884;36912;40689;13216;6614;2843;962;213;0;0;0;0;0;0;0;0;0;0;0;0;0;0;0;0;0;0;0;0;0;0;0;0;0",175360
31,5,"LeakyReLULayer( 0.050000 )",post_activation,"-10;-9.6875;-9.375;-9.0625;-8.75;-8.4375;-8.125;-7.8125;-7.5;-7.1875;-6.875;-6.5625;-6.25;-5.9375;-5.625;-5.3125;-5;-4.6875;-4.375;-4.0625;-3.75;-3.4375;-3.125;-2.8125;-2.5;-2.1875;-1.875;-1.5625;-1.25;-0.9375;-0.625;-0.3125;0;0.3125;0.625;0.9375;1.25;1.5625;1.875;2.1875;2.5;2.8125;3.125;3.4375;3.75;4.0625;4.375;4.6875;5;5.3125;5.625;5.9375;6.25;6.5625;6.875;7.1875;7.5;7.8125;8.125;8.4375;8.75;9.0625;9.375;9.6875;10","0;0;0;0;0;0;0;0;0;0;0;0;0;0;0;0;0;0;0;0;0;0;0;0;0;0;0;0;0;0;0;73911;36912;40689;13216;6614;2843;962;213;0;0;0;0;0;0;0;0;0;0;0;0;0;0;0;0;0;0;0;0;0;0;0;0;0",175360
31,8,"LeakyReLULayer( 0.050000 )",pre_activation,"-10;-9.6875;-9.375;-9.0625;-8.75;-8.4375;-8.125;-7.8125;-7.5;-7.1875;-6.875;-6.5625;-6.25;-5.9375;-5.625;-5.3125;-5;-4.6875;-4.375;-4.0625;-3.75;-3.4375;-3.125;-2.8125;-2.5;-2.1875;-1.875;-1.5625;-1.25;-0.9375;-0.625;-0.3125;0;0.3125;0.625;0.9375;1.25;1.5625;1.875;2.1875;2.5;2.8125;3.125;3.4375;3.75;4.0625;4.375;4.6875;5;5.3125;5.625;5.9375;6.25;6.5625;6.875;7.1875;7.5;7.8125;8.125;8.4375;8.75;9.0625;9.375;9.6875;10","0;0;0;0;0;0;0;0;0;0;0;0;0;0;0;0;0;0;0;0;0;0;0;0;0;0;48;592;2056;6386;9521;21875;21086;11970;8063;3916;1587;495;85;0;0;0;0;0;0;0;0;0;0;0;0;0;0;0;0;0;0;0;0;0;0;0;0;0",87680
31,8,"LeakyReLULayer( 0.050000 )",post_activation,"-10;-9.6875;-9.375;-9.0625;-8.75;-8.4375;-8.125;-7.8125;-7.5;-7.1875;-6.875;-6.5625;-6.25;-5.9375;-5.625;-5.3125;-5;-4.6875;-4.375;-4.0625;-3.75;-3.4375;-3.125;-2.8125;-2.5;-2.1875;-1.875;-1.5625;-1.25;-0.9375;-0.625;-0.3125;0;0.3125;0.625;0.9375;1.25;1.5625;1.875;2.1875;2.5;2.8125;3.125;3.4375;3.75;4.0625;4.375;4.6875;5;5.3125;5.625;5.9375;6.25;6.5625;6.875;7.1875;7.5;7.8125;8.125;8.4375;8.75;9.0625;9.375;9.6875;10","0;0;0;0;0;0;0;0;0;0;0;0;0;0;0;0;0;0;0;0;0;0;0;0;0;0;0;0;0;0;0;40478;21086;11970;8063;3916;1587;495;85;0;0;0;0;0;0;0;0;0;0;0;0;0;0;0;0;0;0;0;0;0;0;0;0;0",87680
32,1,"LeakyReLULayer( 0.050000 )",pre_activation,"-10;-9.6875;-9.375;-9.0625;-8.75;-8.4375;-8.125;-7.8125;-7.5;-7.1875;-6.875;-6.5625;-6.25;-5.9375;-5.625;-5.3125;-5;-4.6875;-4.375;-4.0625;-3.75;-3.4375;-3.125;-2.8125;-2.5;-2.1875;-1.875;-1.5625;-1.25;-0.9375;-0.625;-0.3125;0;0.3125;0.625;0.9375;1.25;1.5625;1.875;2.1875;2.5;2.8125;3.125;3.4375;3.75;4.0625;4.375;4.6875;5;5.3125;5.625;5.9375;6.25;6.5625;6.875;7.1875;7.5;7.8125;8.125;8.4375;8.75;9.0625;9.375;9.6875;10","0;0;0;0;0;0;0;0;0;0;0;0;0;0;0;0;0;0;0;67;493;1566;3675;7210;13579;30120;62549;110914;204662;423348;1062185;2949603;2974108;1182769;417659;215139;104659;70182;25328;4185;0;0;0;0;0;0;0;0;0;0;0;0;0;0;0;0;0;0;0;0;0;0;0;0",9864000
32,1,"LeakyReLULayer( 0.050000 )",post_activation,"-10;-9.6875;-9.375;-9.0625;-8.75;-8.4375;-8.125;-7.8125;-7.5;-7.1875;-6.875;-6.5625;-6.25;-5.9375;-5.625;-5.3125;-5;-4.6875;-4.375;-4.0625;-3.75;-3.4375;-3.125;-2.8125;-2.5;-2.1875;-1.875;-1.5625;-1.25;-0.9375;-0.625;-0.3125;0;0.3125;0.625;0.9375;1.25;1.5625;1.875;2.1875;2.5;2.8125;3.125;3.4375;3.75;4.0625;4.375;4.6875;5;5.3125;5.625;5.9375;6.25;6.5625;6.875;7.1875;7.5;7.8125;8.125;8.4375;8.75;9.0625;9.375;9.6875;10","0;0;0;0;0;0;0;0;0;0;0;0;0;0;0;0;0;0;0;0;0;0;0;0;0;0;0;0;0;0;0;4869971;2974108;1182769;417659;215139;104659;70182;25328;4185;0;0;0;0;0;0;0;0;0;0;0;0;0;0;0;0;0;0;0;0;0;0;0;0",9864000
32,5,"LeakyReLULayer( 0.050000 )",pre_activation,"-10;-9.6875;-9.375;-9.0625;-8.75;-8.4375;-8.125;-7.8125;-7.5;-7.1875;-6.875;-6.5625;-6.25;-5.9375;-5.625;-5.3125;-5;-4.6875;-4.375;-4.0625;-3.75;-3.4375;-3.125;-2.8125;-2.5;-2.1875;-1.875;-1.5625;-1.25;-0.9375;-0.625;-0.3125;0;0.3125;0.625;0.9375;1.25;1.5625;1.875;2.1875;2.5;2.8125;3.125;3.4375;3.75;4.0625;4.375;4.6875;5;5.3125;5.625;5.9375;6.25;6.5625;6.875;7.1875;7.5;7.8125;8.125;8.4375;8.75;9.0625;9.375;9.6875;10","0;0;0;0;0;0;0;0;0;0;0;0;0;0;0;0;0;0;0;0;0;0;0;0;1;40;291;1433;4804;14480;25066;27769;36824;40796;13205;6616;2847;965;223;0;0;0;0;0;0;0;0;0;0;0;0;0;0;0;0;0;0;0;0;0;0;0;0;0",175360
32,5,"LeakyReLULayer( 0.050000 )",post_activation,"-10;-9.6875;-9.375;-9.0625;-8.75;-8.4375;-8.125;-7.8125;-7.5;-7.1875;-6.875;-6.5625;-6.25;-5.9375;-5.625;-5.3125;-5;-4.6875;-4.375;-4.0625;-3.75;-3.4375;-3.125;-2.8125;-2.5;-2.1875;-1.875;-1.5625;-1.25;-0.9375;-0.625;-0.3125;0;0.3125;0.625;0.9375;1.25;1.5625;1.875;2.1875;2.5;2.8125;3.125;3.4375;3.75;4.0625;4.375;4.6875;5;5.3125;5.625;5.9375;6.25;6.5625;6.875;7.1875;7.5;7.8125;8.125;8.4375;8.75;9.0625;9.375;9.6875;10","0;0;0;0;0;0;0;0;0;0;0;0;0;0;0;0;0;0;0;0;0;0;0;0;0;0;0;0;0;0;0;73884;36824;40796;13205;6616;2847;965;223;0;0;0;0;0;0;0;0;0;0;0;0;0;0;0;0;0;0;0;0;0;0;0;0;0",175360
32,8,"LeakyReLULayer( 0.050000 )",pre_activation,"-10;-9.6875;-9.375;-9.0625;-8.75;-8.4375;-8.125;-7.8125;-7.5;-7.1875;-6.875;-6.5625;-6.25;-5.9375;-5.625;-5.3125;-5;-4.6875;-4.375;-4.0625;-3.75;-3.4375;-3.125;-2.8125;-2.5;-2.1875;-1.875;-1.5625;-1.25;-0.9375;-0.625;-0.3125;0;0.3125;0.625;0.9375;1.25;1.5625;1.875;2.1875;2.5;2.8125;3.125;3.4375;3.75;4.0625;4.375;4.6875;5;5.3125;5.625;5.9375;6.25;6.5625;6.875;7.1875;7.5;7.8125;8.125;8.4375;8.75;9.0625;9.375;9.6875;10","0;0;0;0;0;0;0;0;0;0;0;0;0;0;0;0;0;0;0;0;0;0;0;0;0;0;46;591;2069;6387;9655;21824;20937;12047;8044;3932;1580;491;77;0;0;0;0;0;0;0;0;0;0;0;0;0;0;0;0;0;0;0;0;0;0;0;0;0",87680
32,8,"LeakyReLULayer( 0.050000 )",post_activation,"-10;-9.6875;-9.375;-9.0625;-8.75;-8.4375;-8.125;-7.8125;-7.5;-7.1875;-6.875;-6.5625;-6.25;-5.9375;-5.625;-5.3125;-5;-4.6875;-4.375;-4.0625;-3.75;-3.4375;-3.125;-2.8125;-2.5;-2.1875;-1.875;-1.5625;-1.25;-0.9375;-0.625;-0.3125;0;0.3125;0.625;0.9375;1.25;1.5625;1.875;2.1875;2.5;2.8125;3.125;3.4375;3.75;4.0625;4.375;4.6875;5;5.3125;5.625;5.9375;6.25;6.5625;6.875;7.1875;7.5;7.8125;8.125;8.4375;8.75;9.0625;9.375;9.6875;10","0;0;0;0;0;0;0;0;0;0;0;0;0;0;0;0;0;0;0;0;0;0;0;0;0;0;0;0;0;0;0;40572;20937;12047;8044;3932;1580;491;77;0;0;0;0;0;0;0;0;0;0;0;0;0;0;0;0;0;0;0;0;0;0;0;0;0",87680
33,1,"LeakyReLULayer( 0.050000 )",pre_activation,"-10;-9.6875;-9.375;-9.0625;-8.75;-8.4375;-8.125;-7.8125;-7.5;-7.1875;-6.875;-6.5625;-6.25;-5.9375;-5.625;-5.3125;-5;-4.6875;-4.375;-4.0625;-3.75;-3.4375;-3.125;-2.8125;-2.5;-2.1875;-1.875;-1.5625;-1.25;-0.9375;-0.625;-0.3125;0;0.3125;0.625;0.9375;1.25;1.5625;1.875;2.1875;2.5;2.8125;3.125;3.4375;3.75;4.0625;4.375;4.6875;5;5.3125;5.625;5.9375;6.25;6.5625;6.875;7.1875;7.5;7.8125;8.125;8.4375;8.75;9.0625;9.375;9.6875;10","0;0;0;0;0;0;0;0;0;0;0;0;0;0;0;0;0;0;0;68;492;1567;3672;7213;13576;30117;62561;110912;204686;423362;1062211;2949552;2973989;1182829;417663;215177;104662;70181;25323;4187;0;0;0;0;0;0;0;0;0;0;0;0;0;0;0;0;0;0;0;0;0;0;0;0",9864000
33,1,"LeakyReLULayer( 0.050000 )",post_activation,"-10;-9.6875;-9.375;-9.0625;-8.75;-8.4375;-8.125;-7.8125;-7.5;-7.1875;-6.875;-6.5625;-6.25;-5.9375;-5.625;-5.3125;-5;-4.6875;-4.375;-4.0625;-3.75;-3.4375;-3.125;-2.8125;-2.5;-2.1875;-1.875;-1.5625;-1.25;-0.9375;-0.625;-0.3125;0;0.3125;0.625;0.9375;1.25;1.5625;1.875;2.1875;2.5;2.8125;3.125;3.4375;3.75;4.0625;4.375;4.6875;5;5.3125;5.625;5.9375;6.25;6.5625;6.875;7.1875;7.5;7.8125;8.125;8.4375;8.75;9.0625;9.375;9.6875;10","0;0;0;0;0;0;0;0;0;0;0;0;0;0;0;0;0;0;0;0;0;0;0;0;0;0;0;0;0;0;0;4869989;2973989;1182829;417663;215177;104662;70181;25323;4187;0;0;0;0;0;0;0;0;0;0;0;0;0;0;0;0;0;0;0;0;0;0;0;0",9864000
33,5,"LeakyReLULayer( 0.050000 )",pre_activation,"-10;-9.6875;-9.375;-9.0625;-8.75;-8.4375;-8.125;-7.8125;-7.5;-7.1875;-6.875;-6.5625;-6.25;-5.9375;-5.625;-5.3125;-5;-4.6875;-4.375;-4.0625;-3.75;-3.4375;-3.125;-2.8125;-2.5;-2.1875;-1.875;-1.5625;-1.25;-0.9375;-0.625;-0.3125;0;0.3125;0.625;0.9375;1.25;1.5625;1.875;2.1875;2.5;2.8125;3.125;3.4375;3.75;4.0625;4.375;4.6875;5;5.3125;5.625;5.9375;6.25;6.5625;6.875;7.1875;7.5;7.8125;8.125;8.4375;8.75;9.0625;9.375;9.6875;10","0;0;0;0;0;0;0;0;0;0;0;0;0;0;0;0;0;0;0;0;0;0;0;0;1;40;291;1426;4813;14491;25105;27814;36759;40724;13254;6612;2840;968;222;0;0;0;0;0;0;0;0;0;0;0;0;0;0;0;0;0;0;0;0;0;0;0;0;0",175360
33,5,"LeakyReLULayer( 0.050000 )",post_activation,"-10;-9.6875;-9.375;-9.0625;-8.75;-8.4375;-8.125;-7.8125;-7.5;-7.1875;-6.875;-6.5625;-6.25;-5.9375;-5.625;-5.3125;-5;-4.6875;-4.375;-4.0625;-3.75;-3.4375;-3.125;-2.8125;-2.5;-2.1875;-1.875;-1.5625;-1.25;-0.9375;-0.625;-0.3125;0;0.3125;0.625;0.9375;1.25;1.5625;1.875;2.1875;2.5;2.8125;3.125;3.4375;3.75;4.0625;4.375;4.6875;5;5.3125;5.625;5.9375;6.25;6.5625;6.875;7.1875;7.5;7.8125;8.125;8.4375;8.75;9.0625;9.375;9.6875;10","0;0;0;0;0;0;0;0;0;0;0;0;0;0;0;0;0;0;0;0;0;0;0;0;0;0;0;0;0;0;0;73981;36759;40724;13254;6612;2840;968;222;0;0;0;0;0;0;0;0;0;0;0;0;0;0;0;0;0;0;0;0;0;0;0;0;0",175360
33,8,"LeakyReLULayer( 0.050000 )",pre_activation,"-10;-9.6875;-9.375;-9.0625;-8.75;-8.4375;-8.125;-7.8125;-7.5;-7.1875;-6.875;-6.5625;-6.25;-5.9375;-5.625;-5.3125;-5;-4.6875;-4.375;-4.0625;-3.75;-3.4375;-3.125;-2.8125;-2.5;-2.1875;-1.875;-1.5625;-1.25;-0.9375;-0.625;-0.3125;0;0.3125;0.625;0.9375;1.25;1.5625;1.875;2.1875;2.5;2.8125;3.125;3.4375;3.75;4.0625;4.375;4.6875;5;5.3125;5.625;5.9375;6.25;6.5625;6.875;7.1875;7.5;7.8125;8.125;8.4375;8.75;9.0625;9.375;9.6875;10","0;0;0;0;0;0;0;0;0;0;0;0;0;0;0;0;0;0;0;0;0;0;0;0;0;0;47;594;2052;6334;9627;21850;20963;12011;8097;3947;1583;495;80;0;0;0;0;0;0;0;0;0;0;0;0;0;0;0;0;0;0;0;0;0;0;0;0;0",87680
33,8,"LeakyReLULayer( 0.050000 )",post_activation,"-10;-9.6875;-9.375;-9.0625;-8.75;-8.4375;-8.125;-7.8125;-7.5;-7.1875;-6.875;-6.5625;-6.25;-5.9375;-5.625;-5.3125;-5;-4.6875;-4.375;-4.0625;-3.75;-3.4375;-3.125;-2.8125;-2.5;-2.1875;-1.875;-1.5625;-1.25;-0.9375;-0.625;-0.3125;0;0.3125;0.625;0.9375;1.25;1.5625;1.875;2.1875;2.5;2.8125;3.125;3.4375;3.75;4.0625;4.375;4.6875;5;5.3125;5.625;5.9375;6.25;6.5625;6.875;7.1875;7.5;7.8125;8.125;8.4375;8.75;9.0625;9.375;9.6875;10","0;0;0;0;0;0;0;0;0;0;0;0;0;0;0;0;0;0;0;0;0;0;0;0;0;0;0;0;0;0;0;40504;20963;12011;8097;3947;1583;495;80;0;0;0;0;0;0;0;0;0;0;0;0;0;0;0;0;0;0;0;0;0;0;0;0;0",87680
34,1,"LeakyReLULayer( 0.050000 )",pre_activation,"-10;-9.6875;-9.375;-9.0625;-8.75;-8.4375;-8.125;-7.8125;-7.5;-7.1875;-6.875;-6.5625;-6.25;-5.9375;-5.625;-5.3125;-5;-4.6875;-4.375;-4.0625;-3.75;-3.4375;-3.125;-2.8125;-2.5;-2.1875;-1.875;-1.5625;-1.25;-0.9375;-0.625;-0.3125;0;0.3125;0.625;0.9375;1.25;1.5625;1.875;2.1875;2.5;2.8125;3.125;3.4375;3.75;4.0625;4.375;4.6875;5;5.3125;5.625;5.9375;6.25;6.5625;6.875;7.1875;7.5;7.8125;8.125;8.4375;8.75;9.0625;9.375;9.6875;10","0;0;0;0;0;0;0;0;0;0;0;0;0;0;0;0;0;0;0;67;489;1565;3674;7212;13576;30109;62554;110917;204669;423343;1062203;2949588;2974051;1182793;417658;215196;104666;70178;25312;4180;0;0;0;0;0;0;0;0;0;0;0;0;0;0;0;0;0;0;0;0;0;0;0;0",9864000
34,1,"LeakyReLULayer( 0.050000 )",post_activation,"-10;-9.6875;-9.375;-9.0625;-8.75;-8.4375;-8.125;-7.8125;-7.5;-7.1875;-6.875;-6.5625;-6.25;-5.9375;-5.625;-5.3125;-5;-4.6875;-4.375;-4.0625;-3.75;-3.4375;-3.125;-2.8125;-2.5;-2.1875;-1.875;-1.5625;-1.25;-0.9375;-0.625;-0.3125;0;0.3125;0.625;0.9375;1.25;1.5625;1.875;2.1875;2.5;2.8125;3.125;3.4375;3.75;4.0625;4.375;4.6875;5;5.3125;5.625;5.9375;6.25;6.5625;6.875;7.1875;7.5;7.8125;8.125;8.4375;8.75;9.0625;9.375;9.6875;10","0;0;0;0;0;0;0;0;0;0;0;0;0;0;0;0;0;0;0;0;0;0;0;0;0;0;0;0;0;0;0;4869966;2974051;1182793;417658;215196;104666;70178;25312;4180;0;0;0;0;0;0;0;0;0;0;0;0;0;0;0;0;0;0;0;0;0;0;0;0",9864000
34,5,"LeakyReLULayer( 0.050000 )",pre_activation,"-10;-9.6875;-9.375;-9.0625;-8.75;-8.4375;-8.125;-7.8125;-7.5;-7.1875;-6.875;-6.5625;-6.25;-5.9375;-5.625;-5.3125;-5;-4.6875;-4.375;-4.0625;-3.75;-3.4375;-3.125;-2.8125;-2.5;-2.1875;-1.875;-1.5625;-1.25;-0.9375;-0.625;-0.3125;0;0.3125;0.625;0.9375;1.25;1.5625;1.875;2.1875;2.5;2.8125;3.125;3.4375;3.75;4.0625;4.375;4.6875;5;5.3125;5.625;5.9375;6.25;6.5625;6.875;7.1875;7.5;7.8125;8.125;8.4375;8.75;9.0625;9.375;9.6875;10","0;0;0;0;0;0;0;0;0;0;0;0;0;0;0;0;0;0;0;0;0;0;0;0;1;40;293;1433;4797;14572;25067;27808;36773;40688;13240;6616;2850;960;222;0;0;0;0;0;0;0;0;0;0;0;0;0;0;0;0;0;0;0;0;0;0;0;0;0",175360
34,5,"LeakyReLULayer( 0.050000 )",post_activation,"-10;-9.6875;-9.375;-9.0625;-8.75;-8.4375;-8.125;-7.8125;-7.5;-7.1875;-6.875;-6.5625;-6.25;-5.9375;-5.625;-5.3125;-5;-4.6875;-4.375;-4.0625;-3.75;-3.4375;-3.125;-2.8125;-2.5;-2.1875;-1.875;-1.5625;-1.25;-0.9375;-0.625;-0.3125;0;0.3125;0.625;0.9375;1.25;1.5625;1.875;2.1875;2.5;2.8125;3.125;3.4375;3.75;4.0625;4.375;4.6875;5;5.3125;5.625;5.9375;6.25;6.5625;6.875;7.1875;7.5;7.8125;8.125;8.4375;8.75;9.0625;9.375;9.6875;10","0;0;0;0;0;0;0;0;0;0;0;0;0;0;0;0;0;0;0;0;0;0;0;0;0;0;0;0;0;0;0;74011;36773;40688;13240;6616;2850;960;222;0;0;0;0;0;0;0;0;0;0;0;0;0;0;0;0;0;0;0;0;0;0;0;0;0",175360
34,8,"LeakyReLULayer( 0.050000 )",pre_activation,"-10;-9.6875;-9.375;-9.0625;-8.75;-8.4375;-8.125;-7.8125;-7.5;-7.1875;-6.875;-6.5625;-6.25;-5.9375;-5.625;-5.3125;-5;-4.6875;-4.375;-4.0625;-3.75;-3.4375;-3.125;-2.8125;-2.5;-2.1875;-1.875;-1.5625;-1.25;-0.9375;-0.625;-0.3125;0;0.3125;0.625;0.9375;1.25;1.5625;1.875;2.1875;2.5;2.8125;3.125;3.4375;3.75;4.0625;4.375;4.6875;5;5.3125;5.625;5.9375;6.25;6.5625;6.875;7.1875;7.5;7.8125;8.125;8.4375;8.75;9.0625;9.375;9.6875;10","0;0;0;0;0;0;0;0;0;0;0;0;0;0;0;0;0;0;0;0;0;0;0;0;0;0;46;595;2076;6328;9609;21873;20953;12041;8061;3936;1580;498;84;0;0;0;0;0;0;0;0;0;0;0;0;0;0;0;0;0;0;0;0;0;0;0;0;0",87680
34,8,"LeakyReLULayer( 0.050000 )",post_activation,"-10;-9.6875;-9.375;-9.0625;-8.75;-8.4375;-8.125;-7.8125;-7.5;-7.1875;-6.875;-6.5625;-6.25;-5.9375;-5.625;-5.3125;-5;-4.6875;-4.375;-4.0625;-3.75;-3.4375;-3.125;-2.8125;-2.5;-2.1875;-1.875;-1.5625;-1.25;-0.9375;-0.625;-0.3125;0;0.3125;0.625;0.9375;1.25;1.5625;1.875;2.1875;2.5;2.8125;3.125;3.4375;3.75;4.0625;4.375;4.6875;5;5.3125;5.625;5.9375;6.25;6.5625;6.875;7.1875;7.5;7.8125;8.125;8.4375;8.75;9.0625;9.375;9.6875;10","0;0;0;0;0;0;0;0;0;0;0;0;0;0;0;0;0;0;0;0;0;0;0;0;0;0;0;0;0;0;0;40527;20953;12041;8061;3936;1580;498;84;0;0;0;0;0;0;0;0;0;0;0;0;0;0;0;0;0;0;0;0;0;0;0;0;0",87680
35,1,"LeakyReLULayer( 0.050000 )",pre_activation,"-10;-9.6875;-9.375;-9.0625;-8.75;-8.4375;-8.125;-7.8125;-7.5;-7.1875;-6.875;-6.5625;-6.25;-5.9375;-5.625;-5.3125;-5;-4.6875;-4.375;-4.0625;-3.75;-3.4375;-3.125;-2.8125;-2.5;-2.1875;-1.875;-1.5625;-1.25;-0.9375;-0.625;-0.3125;0;0.3125;0.625;0.9375;1.25;1.5625;1.875;2.1875;2.5;2.8125;3.125;3.4375;3.75;4.0625;4.375;4.6875;5;5.3125;5.625;5.9375;6.25;6.5625;6.875;7.1875;7.5;7.8125;8.125;8.4375;8.75;9.0625;9.375;9.6875;10","0;0;0;0;0;0;0;0;0;0;0;0;0;0;0;0;0;0;0;68;493;1565;3677;7208;13579;30124;62592;110917;204695;423361;1062298;2949332;2973884;1182915;417695;215211;104677;70178;25343;4188;0;0;0;0;0;0;0;0;0;0;0;0;0;0;0;0;0;0;0;0;0;0;0;0",9864000
35,1,"LeakyReLULayer( 0.050000 )",post_activation,"-10;-9.6875;-9.375;-9.0625;-8.75;-8.4375;-8.125;-7.8125;-7.5;-7.1875;-6.875;-6.5625;-6.25;-5.9375;-5.625;-5.3125;-5;-4.6875;-4.375;-4.0625;-3.75;-3.4375;-3.125;-2.8125;-2.5;-2.1875;-1.875;-1.5625;-1.25;-0.9375;-0.625;-0.3125;0;0.3125;0.625;0.9375;1.25;1.5625;1.875;2.1875;2.5;2.8125;3.125;3.4375;3.75;4.0625;4.375;4.6875;5;5.3125;5.625;5.9375;6.25;6.5625;6.875;7.1875;7.5;7.8125;8.125;8.4375;8.75;9.0625;9.375;9.6875;10","0;0;0;0;0;0;0;0;0;0;0;0;0;0;0;0;0;0;0;0;0;0;0;0;0;0;0;0;0;0;0;4869909;2973884;1182915;417695;215211;104677;70178;25343;4188;0;0;0;0;0;0;0;0;0;0;0;0;0;0;0;0;0;0;0;0;0;0;0;0",9864000
35,5,"LeakyReLULayer( 0.050000 )",pre_activation,"-10;-9.6875;-9.375;-9.0625;-8.75;-8.4375;-8.125;-7.8125;-7.5;-7.1875;-6.875;-6.5625;-6.25;-5.9375;-5.625;-5.3125;-5;-4.6875;-4.375;-4.0625;-3.75;-3.4375;-3.125;-2.8125;-2.5;-2.1875;-1.875;-1.5625;-1.25;-0.9375;-0.625;-0.3125;0;0.3125;0.625;0.9375;1.25;1.5625;1.875;2.1875;2.5;2.8125;3.125;3.4375;3.75;4.0625;4.375;4.6875;5;5.3125;5.625;5.9375;6.25;6.5625;6.875;7.1875;7.5;7.8125;8.125;8.4375;8.75;9.0625;9.375;9.6875;10","0;0;0;0;0;0;0;0;0;0;0;0;0;0;0;0;0;0;0;0;0;0;0;0;1;41;294;1434;4830;14573;25005;27794;36780;40726;13247;6600;2837;970;228;0;0;0;0;0;0;0;0;0;0;0;0;0;0;0;0;0;0;0;0;0;0;0;0;0",175360
35,5,"LeakyReLULayer( 0.050000 )",post_activation,"-10;-9.6875;-9.375;-9.0625;-8.75;-8.4375;-8.125;-7.8125;-7.5;-7.1875;-6.875;-6.5625;-6.25;-5.9375;-5.625;-5.3125;-5;-4.6875;-4.375;-4.0625;-3.75;-3.4375;-3.125;-2.8125;-2.5;-2.1875;-1.875;-1.5625;-1.25;-0.9375;-0.625;-0.3125;0;0.3125;0.625;0.9375;1.25;1.5625;1.875;2.1875;2.5;2.8125;3.125;3.4375;3.75;4.0625;4.375;4.6875;5;5.3125;5.625;5.9375;6.25;6.5625;6.875;7.1875;7.5;7.8125;8.125;8.4375;8.75;9.0625;9.375;9.6875;10","0;0;0;0;0;0;0;0;0;0;0;0;0;0;0;0;0;0;0;0;0;0;0;0;0;0;0;0;0;0;0;73972;36780;40726;13247;6600;2837;970;228;0;0;0;0;0;0;0;0;0;0;0;0;0;0;0;0;0;0;0;0;0;0;0;0;0",175360
35,8,"LeakyReLULayer( 0.050000 )",pre_activation,"-10;-9.6875;-9.375;-9.0625;-8.75;-8.4375;-8.125;-7.8125;-7.5;-7.1875;-6.875;-6.5625;-6.25;-5.9375;-5.625;-5.3125;-5;-4.6875;-4.375;-4.0625;-3.75;-3.4375;-3.125;-2.8125;-2.5;-2.1875;-1.875;-1.5625;-1.25;-0.9375;-0.625;-0.3125;0;0.3125;0.625;0.9375;1.25;1.5625;1.875;2.1875;2.5;2.8125;3.125;3.4375;3.75;4.0625;4.375;4.6875;5;5.3125;5.625;5.9375;6.25;6.5625;6.875;7.1875;7.5;7.8125;8.125;8.4375;8.75;9.0625;9.375;9.6875;10","0;0;0;0;0;0;0;0;0;0;0;0;0;0;0;0;0;0;0;0;0;0;0;0;0;0;46;594;2053;6322;9696;21860;20881;12021;8095;3976;1567;492;77;0;0;0;0;0;0;0;0;0;0;0;0;0;0;0;0;0;0;0;0;0;0;0;0;0",87680
35,8,"LeakyReLULayer( 0.050000 )",post_activation,"-10;-9.6875;-9.375;-9.0625;-8.75;-8.4375;-8.125;-7.8125;-7.5;-7.1875;-6.875;-6.5625;-6.25;-5.9375;-5.625;-5.3125;-5;-4.6875;-4.375;-4.0625;-3.75;-3.4375;-3.125;-2.8125;-2.5;-2.1875;-1.875;-1.5625;-1.25;-0.9375;-0.625;-0.3125;0;0.3125;0.625;0.9375;1.25;1.5625;1.875;2.1875;2.5;2.8125;3.125;3.4375;3.75;4.0625;4.375;4.6875;5;5.3125;5.625;5.9375;6.25;6.5625;6.875;7.1875;7.5;7.8125;8.125;8.4375;8.75;9.0625;9.375;9.6875;10","0;0;0;0;0;0;0;0;0;0;0;0;0;0;0;0;0;0;0;0;0;0;0;0;0;0;0;0;0;0;0;40571;20881;12021;8095;3976;1567;492;77;0;0;0;0;0;0;0;0;0;0;0;0;0;0;0;0;0;0;0;0;0;0;0;0;0",87680
36,1,"LeakyReLULayer( 0.050000 )",pre_activation,"-10;-9.6875;-9.375;-9.0625;-8.75;-8.4375;-8.125;-7.8125;-7.5;-7.1875;-6.875;-6.5625;-6.25;-5.9375;-5.625;-5.3125;-5;-4.6875;-4.375;-4.0625;-3.75;-3.4375;-3.125;-2.8125;-2.5;-2.1875;-1.875;-1.5625;-1.25;-0.9375;-0.625;-0.3125;0;0.3125;0.625;0.9375;1.25;1.5625;1.875;2.1875;2.5;2.8125;3.125;3.4375;3.75;4.0625;4.375;4.6875;5;5.3125;5.625;5.9375;6.25;6.5625;6.875;7.1875;7.5;7.8125;8.125;8.4375;8.75;9.0625;9.375;9.6875;10","0;0;0;0;0;0;0;0;0;0;0;0;0;0;0;0;0;0;0;67;495;1564;3680;7205;13579;30135;62589;110957;204698;423397;1062277;2949147;2973902;1182942;417687;215261;104702;70195;25334;4187;0;0;0;0;0;0;0;0;0;0;0;0;0;0;0;0;0;0;0;0;0;0;0;0",9864000
36,1,"LeakyReLULayer( 0.050000 )",post_activation,"-10;-9.6875;-9.375;-9.0625;-8.75;-8.4375;-8.125;-7.8125;-7.5;-7.1875;-6.875;-6.5625;-6.25;-5.9375;-5.625;-5.3125;-5;-4.6875;-4.375;-4.0625;-3.75;-3.4375;-3.125;-2.8125;-2.5;-2.1875;-1.875;-1.5625;-1.25;-0.9375;-0.625;-0.3125;0;0.3125;0.625;0.9375;1.25;1.5625;1.875;2.1875;2.5;2.8125;3.125;3.4375;3.75;4.0625;4.375;4.6875;5;5.3125;5.625;5.9375;6.25;6.5625;6.875;7.1875;7.5;7.8125;8.125;8.4375;8.75;9.0625;9.375;9.6875;10","0;0;0;0;0;0;0;0;0;0;0;0;0;0;0;0;0;0;0;0;0;0;0;0;0;0;0;0;0;0;0;4869790;2973902;1182942;417687;215261;104702;70195;25334;4187;0;0;0;0;0;0;0;0;0;0;0;0;0;0;0;0;0;0;0;0;0;0;0;0",9864000
36,5,"LeakyReLULayer( 0.050000 )",pre_activation,"-10;-9.6875;-9.375;-9.0625;-8.75;-8.4375;-8.125;-7.8125;-7.5;-7.1875;-6.875;-6.5625;-6.25;-5.9375;-5.625;-5.3125;-5;-4.6875;-4.375;-4.0625;-3.75;-3.4375;-3.125;-2.8125;-2.5;-2.1875;-1.875;-1.5625;-1.25;-0.9375;-0.625;-0.3125;0;0.3125;0.625;0.9375;1.25;1.5625;1.875;2.1875;2.5;2.8125;3.125;3.4375;3.75;4.0625;4.375;4.6875;5;5.3125;5.625;5.9375;6.25;6.5625;6.875;7.1875;7.5;7.8125;8.125;8.4375;8.75;9.0625;9.375;9.6875;10","0;0;0;0;0;0;0;0;0;0;0;0;0;0;0;0;0;0;0;0;0;0;0;0;1;42;301;1423;4852;14599;24941;27753;36787;40757;13283;6587;2829;973;232;0;0;0;0;0;0;0;0;0;0;0;0;0;0;0;0;0;0;0;0;0;0;0;0;0",175360
36,5,"LeakyReLULayer( 0.050000 )",post_activation,"-10;-9.6875;-9.375;-9.0625;-8.75;-8.4375;-8.125;-7.8125;-7.5;-7.1875;-6.875;-6.5625;-6.25;-5.9375;-5.625;-5.3125;-5;-4.6875;-4.375;-4.0625;-3.75;-3.4375;-3.125;-2.8125;-2.5;-2.1875;-1.875;-1.5625;-1.25;-0.9375;-0.625;-0.3125;0;0.3125;0.625;0.9375;1.25;1.5625;1.875;2.1875;2.5;2.8125;3.125;3.4375;3.75;4.0625;4.375;4.6875;5;5.3125;5.625;5.9375;6.25;6.5625;6.875;7.1875;7.5;7.8125;8.125;8.4375;8.75;9.0625;9.375;9.6875;10","0;0;0;0;0;0;0;0;0;0;0;0;0;0;0;0;0;0;0;0;0;0;0;0;0;0;0;0;0;0;0;73912;36787;40757;13283;6587;2829;973;232;0;0;0;0;0;0;0;0;0;0;0;0;0;0;0;0;0;0;0;0;0;0;0;0;0",175360
36,8,"LeakyReLULayer( 0.050000 )",pre_activation,"-10;-9.6875;-9.375;-9.0625;-8.75;-8.4375;-8.125;-7.8125;-7.5;-7.1875;-6.875;-6.5625;-6.25;-5.9375;-5.625;-5.3125;-5;-4.6875;-4.375;-4.0625;-3.75;-3.4375;-3.125;-2.8125;-2.5;-2.1875;-1.875;-1.5625;-1.25;-0.9375;-0.625;-0.3125;0;0.3125;0.625;0.9375;1.25;1.5625;1.875;2.1875;2.5;2.8125;3.125;3.4375;3.75;4.0625;4.375;4.6875;5;5.3125;5.625;5.9375;6.25;6.5625;6.875;7.1875;7.5;7.8125;8.125;8.4375;8.75;9.0625;9.375;9.6875;10","0;0;0;0;0;0;0;0;0;0;0;0;0;0;0;0;0;0;0;0;0;0;0;0;0;0;46;597;2074;6293;9698;21874;20845;12011;8113;3982;1576;494;77;0;0;0;0;0;0;0;0;0;0;0;0;0;0;0;0;0;0;0;0;0;0;0;0;0",87680
36,8,"LeakyReLULayer( 0.050000 )",post_activation,"-10;-9.6875;-9.375;-9.0625;-8.75;-8.4375;-8.125;-7.8125;-7.5;-7.1875;-6.875;-6.5625;-6.25;-5.9375;-5.625;-5.3125;-5;-4.6875;-4.375;-4.0625;-3.75;-3.4375;-3.125;-2.8125;-2.5;-2.1875;-1.875;-1.5625;-1.25;-0.9375;-0.625;-0.3125;0;0.3125;0.625;0.9375;1.25;1.5625;1.875;2.1875;2.5;2.8125;3.125;3.4375;3.75;4.0625;4.375;4.6875;5;5.3125;5.625;5.9375;6.25;6.5625;6.875;7.1875;7.5;7.8125;8.125;8.4375;8.75;9.0625;9.375;9.6875;10","0;0;0;0;0;0;0;0;0;0;0;0;0;0;0;0;0;0;0;0;0;0;0;0;0;0;0;0;0;0;0;40582;20845;12011;8113;3982;1576;494;77;0;0;0;0;0;0;0;0;0;0;0;0;0;0;0;0;0;0;0;0;0;0;0;0;0",87680
37,1,"LeakyReLULayer( 0.050000 )",pre_activation,"-10;-9.6875;-9.375;-9.0625;-8.75;-8.4375;-8.125;-7.8125;-7.5;-7.1875;-6.875;-6.5625;-6.25;-5.9375;-5.625;-5.3125;-5;-4.6875;-4.375;-4.0625;-3.75;-3.4375;-3.125;-2.8125;-2.5;-2.1875;-1.875;-1.5625;-1.25;-0.9375;-0.625;-0.3125;0;0.3125;0.625;0.9375;1.25;1.5625;1.875;2.1875;2.5;2.8125;3.125;3.4375;3.75;4.0625;4.375;4.6875;5;5.3125;5.625;5.9375;6.25;6.5625;6.875;7.1875;7.5;7.8125;8.125;8.4375;8.75;9.0625;9.375;9.6875;10","0;0;0;0;0;0;0;0;0;0;0;0;0;0;0;0;0;0;0;68;493;1565;3672;7213;13572;30139;62565;110973;204679;423368;1062299;2949193;2973852;1183001;417663;215293;104685;70206;25317;4184;0;0;0;0;0;0;0;0;0;0;0;0;0;0;0;0;0;0;0;0;0;0;0;0",9864000
37,1,"LeakyReLULayer( 0.050000 )",post_activation,"-10;-9.6875;-9.375;-9.0625;-8.75;-8.4375;-8.125;-7.8125;-7.5;-7.1875;-6.875;-6.5625;-6.25;-5.9375;-5.625;-5.3125;-5;-4.6875;-4.375;-4.0625;-3.75;-3.4375;-3.125;-2.8125;-2.5;-2.1875;-1.875;-1.5625;-1.25;-0.9375;-0.625;-0.3125;0;0.3125;0.625;0.9375;1.25;1.5625;1.875;2.1875;2.5;2.8125;3.125;3.4375;3.75;4.0625;4.375;4.6875;5;5.3125;5.625;5.9375;6.25;6.5625;6.875;7.1875;7.5;7.8125;8.125;8.4375;8.75;9.0625;9.375;9.6875;10","0;0;0;0;0;0;0;0;0;0;0;0;0;0;0;0;0;0;0;0;0;0;0;0;0;0;0;0;0;0;0;4869799;2973852;1183001;417663;215293;104685;70206;25317;4184;0;0;0;0;0;0;0;0;0;0;0;0;0;0;0;0;0;0;0;0;0;0;0;0",9864000
37,5,"LeakyReLULayer( 0.050000 )",pre_activation,"-10;-9.6875;-9.375;-9.0625;-8.75;-8.4375;-8.125;-7.8125;-7.5;-7.1875;-6.875;-6.5625;-6.25;-5.9375;-5.625;-5.3125;-5;-4.6875;-4.375;-4.0625;-3.75;-3.4375;-3.125;-2.8125;-2.5;-2.1875;-1.875;-1.5625;-1.25;-0.9375;-0.625;-0.3125;0;0.3125;0.625;0.9375;1.25;1.5625;1.875;2.1875;2.5;2.8125;3.125;3.4375;3.75;4.0625;4.375;4.6875;5;5.3125;5.625;5.9375;6.25;6.5625;6.875;7.1875;7.5;7.8125;8.125;8.4375;8.75;9.0625;9.375;9.6875;10","0;0;0;0;0;0;0;0;0;0;0;0;0;0;0;0;0;0;0;0;0;0;0;0;1;41;301;1440;4834;14686;24960;27683;36809;40687;13289;6613;2809;977;230;0;0;0;0;0;0;0;0;0;0;0;0;0;0;0;0;0;0;0;0;0;0;0;0;0",175360
37,5,"LeakyReLULayer( 0.050000 )",post_activation,"-10;-9.6875;-9.375;-9.0625;-8.75;-8.4375;-8.125;-7.8125;-7.5;-7.1875;-6.875;-6.5625;-6.25;-5.9375;-5.625;-5.3125;-5;-4.6875;-4.375;-4.0625;-3.75;-3.4375;-3.125;-2.8125;-2.5;-2.1875;-1.875;-1.5625;-1.25;-0.9375;-0.625;-0.3125;0;0.3125;0.625;0.9375;1.25;1.5625;1.875;2.1875;2.5;2.8125;3.125;3.4375;3.75;4.0625;4.375;4.6875;5;5.3125;5.625;5.9375;6.25;6.5625;6.875;7.1875;7.5;7.8125;8.125;8.4375;8.75;9.0625;9.375;9.6875;10","0;0;0;0;0;0;0;0;0;0;0;0;0;0;0;0;0;0;0;0;0;0;0;0;0;0;0;0;0;0;0;73946;36809;40687;13289;6613;2809;977;230;0;0;0;0;0;0;0;0;0;0;0;0;0;0;0;0;0;0;0;0;0;0;0;0;0",175360
37,8,"LeakyReLULayer( 0.050000 )",pre_activation,"-10;-9.6875;-9.375;-9.0625;-8.75;-8.4375;-8.125;-7.8125;-7.5;-7.1875;-6.875;-6.5625;-6.25;-5.9375;-5.625;-5.3125;-5;-4.6875;-4.375;-4.0625;-3.75;-3.4375;-3.125;-2.8125;-2.5;-2.1875;-1.875;-1.5625;-1.25;-0.9375;-0.625;-0.3125;0;0.3125;0.625;0.9375;1.25;1.5625;1.875;2.1875;2.5;2.8125;3.125;3.4375;3.75;4.0625;4.375;4.6875;5;5.3125;5.625;5.9375;6.25;6.5625;6.875;7.1875;7.5;7.8125;8.125;8.4375;8.75;9.0625;9.375;9.6875;10","0;0;0;0;0;0;0;0;0;0;0;0;0;0;0;0;0;0;0;0;0;0;0;0;0;0;46;602;2093;6273;9676;21849;20853;12064;8084;3983;1585;496;76;0;0;0;0;0;0;0;0;0;0;0;0;0;0;0;0;0;0;0;0;0;0;0;0;0",87680
37,8,"LeakyReLULayer( 0.050000 )",post_activation,"-10;-9.6875;-9.375;-9.0625;-8.75;-8.4375;-8.125;-7.8125;-7.5;-7.1875;-6.875;-6.5625;-6.25;-5.9375;-5.625;-5.3125;-5;-4.6875;-4.375;-4.0625;-3.75;-3.4375;-3.125;-2.8125;-2.5;-2.1875;-1.875;-1.5625;-1.25;-0.9375;-0.625;-0.3125;0;0.3125;0.625;0.9375;1.25;1.5625;1.875;2.1875;2.5;2.8125;3.125;3.4375;3.75;4.0625;4.375;4.6875;5;5.3125;5.625;5.9375;6.25;6.5625;6.875;7.1875;7.5;7.8125;8.125;8.4375;8.75;9.0625;9.375;9.6875;10","0;0;0;0;0;0;0;0;0;0;0;0;0;0;0;0;0;0;0;0;0;0;0;0;0;0;0;0;0;0;0;40539;20853;12064;8084;3983;1585;496;76;0;0;0;0;0;0;0;0;0;0;0;0;0;0;0;0;0;0;0;0;0;0;0;0;0",87680
38,1,"LeakyReLULayer( 0.050000 )",pre_activation,"-10;-9.6875;-9.375;-9.0625;-8.75;-8.4375;-8.125;-7.8125;-7.5;-7.1875;-6.875;-6.5625;-6.25;-5.9375;-5.625;-5.3125;-5;-4.6875;-4.375;-4.0625;-3.75;-3.4375;-3.125;-2.8125;-2.5;-2.1875;-1.875;-1.5625;-1.25;-0.9375;-0.625;-0.3125;0;0.3125;0.625;0.9375;1.25;1.5625;1.875;2.1875;2.5;2.8125;3.125;3.4375;3.75;4.0625;4.375;4.6875;5;5.3125;5.625;5.9375;6.25;6.5625;6.875;7.1875;7.5;7.8125;8.125;8.4375;8.75;9.0625;9.375;9.6875;10","0;0;0;0;0;0;0;0;0;0;0;0;0;0;0;0;0;0;0;68;493;1567;3679;7204;13582;30154;62588;110996;204673;423426;1062245;2949023;2973861;1182980;417695;215296;104739;70196;25340;4195;0;0;0;0;0;0;0;0;0;0;0;0;0;0;0;0;0;0;0;0;0;0;0;0",9864000
38,1,"LeakyReLULayer( 0.050000 )",post_activation,"-10;-9.6875;-9.375;-9.0625;-8.75;-8.4375;-8.125;-7.8125;-7.5;-7.1875;-6.875;-6.5625;-6.25;-5.9375;-5.625;-5.3125;-5;-4.6875;-4.375;-4.0625;-3.75;-3.4375;-3.125;-2.8125;-2.5;-2.1875;-1.875;-1.5625;-1.25;-0.9375;-0.625;-0.3125;0;0.3125;0.625;0.9375;1.25;1.5625;1.875;2.1875;2.5;2.8125;3.125;3.4375;3.75;4.0625;4.375;4.6875;5;5.3125;5.625;5.9375;6.25;6.5625;6.875;7.1875;7.5;7.8125;8.125;8.4375;8.75;9.0625;9.375;9.6875;10","0;0;0;0;0;0;0;0;0;0;0;0;0;0;0;0;0;0;0;0;0;0;0;0;0;0;0;0;0;0;0;4869698;2973861;1182980;417695;215296;104739;70196;25340;4195;0;0;0;0;0;0;0;0;0;0;0;0;0;0;0;0;0;0;0;0;0;0;0;0",9864000
38,5,"LeakyReLULayer( 0.050000 )",pre_activation,"-10;-9.6875;-9.375;-9.0625;-8.75;-8.4375;-8.125;-7.8125;-7.5;-7.1875;-6.875;-6.5625;-6.25;-5.9375;-5.625;-5.3125;-5;-4.6875;-4.375;-4.0625;-3.75;-3.4375;-3.125;-2.8125;-2.5;-2.1875;-1.875;-1.5625;-1.25;-0.9375;-0.625;-0.3125;0;0.3125;0.625;0.9375;1.25;1.5625;1.875;2.1875;2.5;2.8125;3.125;3.4375;3.75;4.0625;4.375;4.6875;5;5.3125;5.625;5.9375;6.25;6.5625;6.875;7.1875;7.5;7.8125;8.125;8.4375;8.75;9.0625;9.375;9.6875;10","0;0;0;0;0;0;0;0;0;0;0;0;0;0;0;0;0;0;0;0;0;0;0;0;1;42;303;1450;4849;14720;24895;27695;36799;40660;13303;6628;2798;980;237;0;0;0;0;0;0;0;0;0;0;0;0;0;0;0;0;0;0;0;0;0;0;0;0;0",175360
38,5,"LeakyReLULayer( 0.050000 )",post_activation,"-10;-9.6875;-9.375;-9.0625;-8.75;-8.4375;-8.125;-7.8125;-7.5;-7.1875;-6.875;-6.5625;-6.25;-5.9375;-5.625;-5.3125;-5;-4.6875;-4.375;-4.0625;-3.75;-3.4375;-3.125;-2.8125;-2.5;-2.1875;-1.875;-1.5625;-1.25;-0.9375;-0.625;-0.3125;0;0.3125;0.625;0.9375;1.25;1.5625;1.875;2.1875;2.5;2.8125;3.125;3.4375;3.75;4.0625;4.375;4.6875;5;5.3125;5.625;5.9375;6.25;6.5625;6.875;7.1875;7.5;7.8125;8.125;8.4375;8.75;9.0625;9.375;9.6875;10","0;0;0;0;0;0;0;0;0;0;0;0;0;0;0;0;0;0;0;0;0;0;0;0;0;0;0;0;0;0;0;73955;36799;40660;13303;6628;2798;980;237;0;0;0;0;0;0;0;0;0;0;0;0;0;0;0;0;0;0;0;0;0;0;0;0;0",175360
38,8,"LeakyReLULayer( 0.050000 )",pre_activation,"-10;-9.6875;-9.375;-9.0625;-8.75;-8.4375;-8.125;-7.8125;-7.5;-7.1875;-6.875;-6.5625;-6.25;-5.9375;-5.625;-5.3125;-5;-4.6875;-4.375;-4.0625;-3.75;-3.4375;-3.125;-2.8125;-2.5;-2.1875;-1.875;-1.5625;-1.25;-0.9375;-0.625;-0.3125;0;0.3125;0.625;0.9375;1.25;1.5625;1.875;2.1875;2.5;2.8125;3.125;3.4375;3.75;4.0625;4.375;4.6875;5;5.3125;5.625;5.9375;6.25;6.5625;6.875;7.1875;7.5;7.8125;8.125;8.4375;8.75;9.0625;9.375;9.6875;10","0;0;0;0;0;0;0;0;0;0;0;0;0;0;0;0;0;0;0;0;0;0;0;0;0;0;46;608;2085;6196;9765;21800;20867;12010;8146;3979;1608;494;76;0;0;0;0;0;0;0;0;0;0;0;0;0;0;0;0;0;0;0;0;0;0;0;0;0",87680
38,8,"LeakyReLULayer( 0.050000 )",post_activation,"-10;-9.6875;-9.375;-9.0625;-8.75;-8.4375;-8.125;-7.8125;-7.5;-7.1875;-6.875;-6.5625;-6.25;-5.9375;-5.625;-5.3125;-5;-4.6875;-4.375;-4.0625;-3.75;-3.4375;-3.125;-2.8125;-2.5;-2.1875;-1.875;-1.5625;-1.25;-0.9375;-0.625;-0.3125;0;0.3125;0.625;0.9375;1.25;1.5625;1.875;2.1875;2.5;2.8125;3.125;3.4375;3.75;4.0625;4.375;4.6875;5;5.3125;5.625;5.9375;6.25;6.5625;6.875;7.1875;7.5;7.8125;8.125;8.4375;8.75;9.0625;9.375;9.6875;10","0;0;0;0;0;0;0;0;0;0;0;0;0;0;0;0;0;0;0;0;0;0;0;0;0;0;0;0;0;0;0;40500;20867;12010;8146;3979;1608;494;76;0;0;0;0;0;0;0;0;0;0;0;0;0;0;0;0;0;0;0;0;0;0;0;0;0",87680
39,1,"LeakyReLULayer( 0.050000 )",pre_activation,"-10;-9.6875;-9.375;-9.0625;-8.75;-8.4375;-8.125;-7.8125;-7.5;-7.1875;-6.875;-6.5625;-6.25;-5.9375;-5.625;-5.3125;-5;-4.6875;-4.375;-4.0625;-3.75;-3.4375;-3.125;-2.8125;-2.5;-2.1875;-1.875;-1.5625;-1.25;-0.9375;-0.625;-0.3125;0;0.3125;0.625;0.9375;1.25;1.5625;1.875;2.1875;2.5;2.8125;3.125;3.4375;3.75;4.0625;4.375;4.6875;5;5.3125;5.625;5.9375;6.25;6.5625;6.875;7.1875;7.5;7.8125;8.125;8.4375;8.75;9.0625;9.375;9.6875;10","0;0;0;0;0;0;0;0;0;0;0;0;0;0;0;0;0;0;0;67;495;1565;3676;7210;13581;30147;62588;111010;204660;423419;1062248;2949015;2973829;1183032;417683;215296;104752;70196;25341;4190;0;0;0;0;0;0;0;0;0;0;0;0;0;0;0;0;0;0;0;0;0;0;0;0",9864000
39,1,"LeakyReLULayer( 0.050000 )",post_activation,"-10;-9.6875;-9.375;-9.0625;-8.75;-8.4375;-8.125;-7.8125;-7.5;-7.1875;-6.875;-6.5625;-6.25;-5.9375;-5.625;-5.3125;-5;-4.6875;-4.375;-4.0625;-3.75;-3.4375;-3.125;-2.8125;-2.5;-2.1875;-1.875;-1.5625;-1.25;-0.9375;-0.625;-0.3125;0;0.3125;0.625;0.9375;1.25;1.5625;1.875;2.1875;2.5;2.8125;3.125;3.4375;3.75;4.0625;4.375;4.6875;5;5.3125;5.625;5.9375;6.25;6.5625;6.875;7.1875;7.5;7.8125;8.125;8.4375;8.75;9.0625;9.375;9.6875;10","0;0;0;0;0;0;0;0;0;0;0;0;0;0;0;0;0;0;0;0;0;0;0;0;0;0;0;0;0;0;0;4869681;2973829;1183032;417683;215296;104752;70196;25341;4190;0;0;0;0;0;0;0;0;0;0;0;0;0;0;0;0;0;0;0;0;0;0;0;0",9864000
39,5,"LeakyReLULayer( 0.050000 )",pre_activation,"-10;-9.6875;-9.375;-9.0625;-8.75;-8.4375;-8.125;-7.8125;-7.5;-7.1875;-6.875;-6.5625;-6.25;-5.9375;-5.625;-5.3125;-5;-4.6875;-4.375;-4.0625;-3.75;-3.4375;-3.125;-2.8125;-2.5;-2.1875;-1.875;-1.5625;-1.25;-0.9375;-0.625;-0.3125;0;0.3125;0.625;0.9375;1.25;1.5625;1.875;2.1875;2.5;2.8125;3.125;3.4375;3.75;4.0625;4.375;4.6875;5;5.3125;5.625;5.9375;6.25;6.5625;6.875;7.1875;7.5;7.8125;8.125;8.4375;8.75;9.0625;9.375;9.6875;10","0;0;0;0;0;0;0;0;0;0;0;0;0;0;0;0;0;0;0;0;0;0;0;0;1;44;305;1452;4878;14713;24858;27660;36830;40687;13306;6600;2802;979;245;0;0;0;0;0;0;0;0;0;0;0;0;0;0;0;0;0;0;0;0;0;0;0;0;0",175360
39,5,"LeakyReLULayer( 0.050000 )",post_activation,"-10;-9.6875;-9.375;-9.0625;-8.75;-8.4375;-8.125;-7.8125;-7.5;-7.1875;-6.875;-6.5625;-6.25;-5.9375;-5.625;-5.3125;-5;-4.6875;-4.375;-4.0625;-3.75;-3.4375;-3.125;-2.8125;-2.5;-2.1875;-1.875;-1.5625;-1.25;-0.9375;-0.625;-0.3125;0;0.3125;0.625;0.9375;1.25;1.5625;1.875;2.1875;2.5;2.8125;3.125;3.4375;3.75;4.0625;4.375;4.6875;5;5.3125;5.625;5.9375;6.25;6.5625;6.875;7.1875;7.5;7.8125;8.125;8.4375;8.75;9.0625;9.375;9.6875;10","0;0;0;0;0;0;0;0;0;0;0;0;0;0;0;0;0;0;0;0;0;0;0;0;0;0;0;0;0;0;0;73911;36830;40687;13306;6600;2802;979;245;0;0;0;0;0;0;0;0;0;0;0;0;0;0;0;0;0;0;0;0;0;0;0;0;0",175360
39,8,"LeakyReLULayer( 0.050000 )",pre_activation,"-10;-9.6875;-9.375;-9.0625;-8.75;-8.4375;-8.125;-7.8125;-7.5;-7.1875;-6.875;-6.5625;-6.25;-5.9375;-5.625;-5.3125;-5;-4.6875;-4.375;-4.0625;-3.75;-3.4375;-3.125;-2.8125;-2.5;-2.1875;-1.875;-1.5625;-1.25;-0.9375;-0.625;-0.3125;0;0.3125;0.625;0.9375;1.25;1.5625;1.875;2.1875;2.5;2.8125;3.125;3.4375;3.75;4.0625;4.375;4.6875;5;5.3125;5.625;5.9375;6.25;6.5625;6.875;7.1875;7.5;7.8125;8.125;8.4375;8.75;9.0625;9.375;9.6875;10","0;0;0;0;0;0;0;0;0;0;0;0;0;0;0;0;0;0;0;0;0;0;0;0;0;0;46;609;2110;6191;9818;21779;20815;12034;8123;3973;1608;497;77;0;0;0;0;0;0;0;0;0;0;0;0;0;0;0;0;0;0;0;0;0;0;0;0;0",87680
39,8,"LeakyReLULayer( 0.050000 )",post_activation,"-10;-9.6875;-9.375;-9.0625;-8.75;-8.4375;-8.125;-7.8125;-7.5;-7.1875;-6.875;-6.5625;-6.25;-5.9375;-5.625;-5.3125;-5;-4.6875;-4.375;-4.0625;-3.75;-3.4375;-3.125;-2.8125;-2.5;-2.1875;-1.875;-1.5625;-1.25;-0.9375;-0.625;-0.3125;0;0.3125;0.625;0.9375;1.25;1.5625;1.875;2.1875;2.5;2.8125;3.125;3.4375;3.75;4.0625;4.375;4.6875;5;5.3125;5.625;5.9375;6.25;6.5625;6.875;7.1875;7.5;7.8125;8.125;8.4375;8.75;9.0625;9.375;9.6875;10","0;0;0;0;0;0;0;0;0;0;0;0;0;0;0;0;0;0;0;0;0;0;0;0;0;0;0;0;0;0;0;40553;20815;12034;8123;3973;1608;497;77;0;0;0;0;0;0;0;0;0;0;0;0;0;0;0;0;0;0;0;0;0;0;0;0;0",87680
40,1,"LeakyReLULayer( 0.050000 )",pre_activation,"-10;-9.6875;-9.375;-9.0625;-8.75;-8.4375;-8.125;-7.8125;-7.5;-7.1875;-6.875;-6.5625;-6.25;-5.9375;-5.625;-5.3125;-5;-4.6875;-4.375;-4.0625;-3.75;-3.4375;-3.125;-2.8125;-2.5;-2.1875;-1.875;-1.5625;-1.25;-0.9375;-0.625;-0.3125;0;0.3125;0.625;0.9375;1.25;1.5625;1.875;2.1875;2.5;2.8125;3.125;3.4375;3.75;4.0625;4.375;4.6875;5;5.3125;5.625;5.9375;6.25;6.5625;6.875;7.1875;7.5;7.8125;8.125;8.4375;8.75;9.0625;9.375;9.6875;10","0;0;0;0;0;0;0;0;0;0;0;0;0;0;0;0;0;0;0;67;491;1568;3670;7213;13574;30134;62580;111015;204661;423322;1062140;2949345;2974037;1182818;417586;215317;104769;70193;25317;4183;0;0;0;0;0;0;0;0;0;0;0;0;0;0;0;0;0;0;0;0;0;0;0;0",9864000
40,1,"LeakyReLULayer( 0.050000 )",post_activation,"-10;-9.6875;-9.375;-9.0625;-8.75;-8.4375;-8.125;-7.8125;-7.5;-7.1875;-6.875;-6.5625;-6.25;-5.9375;-5.625;-5.3125;-5;-4.6875;-4.375;-4.0625;-3.75;-3.4375;-3.125;-2.8125;-2.5;-2.1875;-1.875;-1.5625;-1.25;-0.9375;-0.625;-0.3125;0;0.3125;0.625;0.9375;1.25;1.5625;1.875;2.1875;2.5;2.8125;3.125;3.4375;3.75;4.0625;4.375;4.6875;5;5.3125;5.625;5.9375;6.25;6.5625;6.875;7.1875;7.5;7.8125;8.125;8.4375;8.75;9.0625;9.375;9.6875;10","0;0;0;0;0;0;0;0;0;0;0;0;0;0;0;0;0;0;0;0;0;0;0;0;0;0;0;0;0;0;0;4869780;2974037;1182818;417586;215317;104769;70193;25317;4183;0;0;0;0;0;0;0;0;0;0;0;0;0;0;0;0;0;0;0;0;0;0;0;0",9864000
40,5,"LeakyReLULayer( 0.050000 )",pre_activation,"-10;-9.6875;-9.375;-9.0625;-8.75;-8.4375;-8.125;-7.8125;-7.5;-7.1875;-6.875;-6.5625;-6.25;-5.9375;-5.625;-5.3125;-5;-4.6875;-4.375;-4.0625;-3.75;-3.4375;-3.125;-2.8125;-2.5;-2.1875;-1.875;-1.5625;-1.25;-0.9375;-0.625;-0.3125;0;0.3125;0.625;0.9375;1.25;1.5625;1.875;2.1875;2.5;2.8125;3.125;3.4375;3.75;4.0625;4.375;4.6875;5;5.3125;5.625;5.9375;6.25;6.5625;6.875;7.1875;7.5;7.8125;8.125;8.4375;8.75;9.0625;9.375;9.6875;10","0;0;0;0;0;0;0;0;0;0;0;0;0;0;0;0;0;0;0;0;0;0;0;0;1;43;300;1468;4851;14750;24864;27791;36801;40623;13226;6615;2799;984;244;0;0;0;0;0;0;0;0;0;0;0;0;0;0;0;0;0;0;0;0;0;0;0;0;0",175360
40,5,"LeakyReLULayer( 0.050000 )",post_activation,"-10;-9.6875;-9.375;-9.0625;-8.75;-8.4375;-8.125;-7.8125;-7.5;-7.1875;-6.875;-6.5625;-6.25;-5.9375;-5.625;-5.3125;-5;-4.6875;-4.375;-4.0625;-3.75;-3.4375;-3.125;-2.8125;-2.5;-2.1875;-1.875;-1.5625;-1.25;-0.9375;-0.625;-0.3125;0;0.3125;0.625;0.9375;1.25;1.5625;1.875;2.1875;2.5;2.8125;3.125;3.4375;3.75;4.0625;4.375;4.6875;5;5.3125;5.625;5.9375;6.25;6.5625;6.875;7.1875;7.5;7.8125;8.125;8.4375;8.75;9.0625;9.375;9.6875;10","0;0;0;0;0;0;0;0;0;0;0;0;0;0;0;0;0;0;0;0;0;0;0;0;0;0;0;0;0;0;0;74068;36801;40623;13226;6615;2799;984;244;0;0;0;0;0;0;0;0;0;0;0;0;0;0;0;0;0;0;0;0;0;0;0;0;0",175360
40,8,"LeakyReLULayer( 0.050000 )",pre_activation,"-10;-9.6875;-9.375;-9.0625;-8.75;-8.4375;-8.125;-7.8125;-7.5;-7.1875;-6.875;-6.5625;-6.25;-5.9375;-5.625;-5.3125;-5;-4.6875;-4.375;-4.0625;-3.75;-3.4375;-3.125;-2.8125;-2.5;-2.1875;-1.875;-1.5625;-1.25;-0.9375;-0.625;-0.3125;0;0.3125;0.625;0.9375;1.25;1.5625;1.875;2.1875;2.5;2.8125;3.125;3.4375;3.75;4.0625;4.375;4.6875;5;5.3125;5.625;5.9375;6.25;6.5625;6.875;7.1875;7.5;7.8125;8.125;8.4375;8.75;9.0625;9.375;9.6875;10","0;0;0;0;0;0;0;0;0;0;0;0;0;0;0;0;0;0;0;0;0;0;0;0;0;0;44;607;2100;6129;9826;21822;20857;12020;8137;3962;1605;492;79;0;0;0;0;0;0;0;0;0;0;0;0;0;0;0;0;0;0;0;0;0;0;0;0;0",87680
40,8,"LeakyReLULayer( 0.050000 )",post_activation,"-10;-9.6875;-9.375;-9.0625;-8.75;-8.4375;-8.125;-7.8125;-7.5;-7.1875;-6.875;-6.5625;-6.25;-5.9375;-5.625;-5.3125;-5;-4.6875;-4.375;-4.0625;-3.75;-3.4375;-3.125;-2.8125;-2.5;-2.1875;-1.875;-1.5625;-1.25;-0.9375;-0.625;-0.3125;0;0.3125;0.625;0.9375;1.25;1.5625;1.875;2.1875;2.5;2.8125;3.125;3.4375;3.75;4.0625;4.375;4.6875;5;5.3125;5.625;5.9375;6.25;6.5625;6.875;7.1875;7.5;7.8125;8.125;8.4375;8.75;9.0625;9.375;9.6875;10","0;0;0;0;0;0;0;0;0;0;0;0;0;0;0;0;0;0;0;0;0;0;0;0;0;0;0;0;0;0;0;40528;20857;12020;8137;3962;1605;492;79;0;0;0;0;0;0;0;0;0;0;0;0;0;0;0;0;0;0;0;0;0;0;0;0;0",87680
41,1,"LeakyReLULayer( 0.050000 )",pre_activation,"-10;-9.6875;-9.375;-9.0625;-8.75;-8.4375;-8.125;-7.8125;-7.5;-7.1875;-6.875;-6.5625;-6.25;-5.9375;-5.625;-5.3125;-5;-4.6875;-4.375;-4.0625;-3.75;-3.4375;-3.125;-2.8125;-2.5;-2.1875;-1.875;-1.5625;-1.25;-0.9375;-0.625;-0.3125;0;0.3125;0.625;0.9375;1.25;1.5625;1.875;2.1875;2.5;2.8125;3.125;3.4375;3.75;4.0625;4.375;4.6875;5;5.3125;5.625;5.9375;6.25;6.5625;6.875;7.1875;7.5;7.8125;8.125;8.4375;8.75;9.0625;9.375;9.6875;10","0;0;0;0;0;0;0;0;0;0;0;0;0;0;0;0;0;0;0;67;489;1568;3674;7211;13578;30123;62578;111017;204644;423331;1062218;2949274;2973944;1182945;417554;215322;104788;70188;25306;4181;0;0;0;0;0;0;0;0;0;0;0;0;0;0;0;0;0;0;0;0;0;0;0;0",9864000
41,1,"LeakyReLULayer( 0.050000 )",post_activation,"-10;-9.6875;-9.375;-9.0625;-8.75;-8.4375;-8.125;-7.8125;-7.5;-7.1875;-6.875;-6.5625;-6.25;-5.9375;-5.625;-5.3125;-5;-4.6875;-4.375;-4.0625;-3.75;-3.4375;-3.125;-2.8125;-2.5;-2.1875;-1.875;-1.5625;-1.25;-0.9375;-0.625;-0.3125;0;0.3125;0.625;0.9375;1.25;1.5625;1.875;2.1875;2.5;2.8125;3.125;3.4375;3.75;4.0625;4.375;4.6875;5;5.3125;5.625;5.9375;6.25;6.5625;6.875;7.1875;7.5;7.8125;8.125;8.4375;8.75;9.0625;9.375;9.6875;10","0;0;0;0;0;0;0;0;0;0;0;0;0;0;0;0;0;0;0;0;0;0;0;0;0;0;0;0;0;0;0;4869772;2973944;1182945;417554;215322;104788;70188;25306;4181;0;0;0;0;0;0;0;0;0;0;0;0;0;0;0;0;0;0;0;0;0;0;0;0",9864000
41,5,"LeakyReLULayer( 0.050000 )",pre_activation,"-10;-9.6875;-9.375;-9.0625;-8.75;-8.4375;-8.125;-7.8125;-7.5;-7.1875;-6.875;-6.5625;-6.25;-5.9375;-5.625;-5.3125;-5;-4.6875;-4.375;-4.0625;-3.75;-3.4375;-3.125;-2.8125;-2.5;-2.1875;-1.875;-1.5625;-1.25;-0.9375;-0.625;-0.3125;0;0.3125;0.625;0.9375;1.25;1.5625;1.875;2.1875;2.5;2.8125;3.125;3.4375;3.75;4.0625;4.375;4.6875;5;5.3125;5.625;5.9375;6.25;6.5625;6.875;7.1875;7.5;7.8125;8.125;8.4375;8.75;9.0625;9.375;9.6875;10","0;0;0;0;0;0;0;0;0;0;0;0;0;0;0;0;0;0;0;0;0;0;0;0;1;43;306;1494;4835;14795;24849;27656;36795;40725;13237;6587;2800;981;256;0;0;0;0;0;0;0;0;0;0;0;0;0;0;0;0;0;0;0;0;0;0;0;0;0",175360
41,5,"LeakyReLULayer( 0.050000 )",post_activation,"-10;-9.6875;-9.375;-9.0625;-8.75;-8.4375;-8.125;-7.8125;-7.5;-7.1875;-6.875;-6.5625;-6.25;-5.9375;-5.625;-5.3125;-5;-4.6875;-4.375;-4.0625;-3.75;-3.4375;-3.125;-2.8125;-2.5;-2.1875;-1.875;-1.5625;-1.25;-0.9375;-0.625;-0.3125;0;0.3125;0.625;0.9375;1.25;1.5625;1.875;2.1875;2.5;2.8125;3.125;3.4375;3.75;4.0625;4.375;4.6875;5;5.3125;5.625;5.9375;6.25;6.5625;6.875;7.1875;7.5;7.8125;8.125;8.4375;8.75;9.0625;9.375;9.6875;10","0;0;0;0;0;0;0;0;0;0;0;0;0;0;0;0;0;0;0;0;0;0;0;0;0;0;0;0;0;0;0;73979;36795;40725;13237;6587;2800;981;256;0;0;0;0;0;0;0;0;0;0;0;0;0;0;0;0;0;0;0;0;0;0;0;0;0",175360
41,8,"LeakyReLULayer( 0.050000 )",pre_activation,"-10;-9.6875;-9.375;-9.0625;-8.75;-8.4375;-8.125;-7.8125;-7.5;-7.1875;-6.875;-6.5625;-6.25;-5.9375;-5.625;-5.3125;-5;-4.6875;-4.375;-4.0625;-3.75;-3.4375;-3.125;-2.8125;-2.5;-2.1875;-1.875;-1.5625;-1.25;-0.9375;-0.625;-0.3125;0;0.3125;0.625;0.9375;1.25;1.5625;1.875;2.1875;2.5;2.8125;3.125;3.4375;3.75;4.0625;4.375;4.6875;5;5.3125;5.625;5.9375;6.25;6.5625;6.875;7.1875;7.5;7.8125;8.125;8.4375;8.75;9.0625;9.375;9.6875;10","0;0;0;0;0;0;0;0;0;0;0;0;0;0;0;0;0;0;0;0;0;0;0;0;0;0;40;609;2140;6092;9967;21744;20786;12064;8100;3953;1621;485;79;0;0;0;0;0;0;0;0;0;0;0;0;0;0;0;0;0;0;0;0;0;0;0;0;0",87680
41,8,"LeakyReLULayer( 0.050000 )",post_activation,"-10;-9.6875;-9.375;-9.0625;-8.75;-8.4375;-8.125;-7.8125;-7.5;-7.1875;-6.875;-6.5625;-6.25;-5.9375;-5.625;-5.3125;-5;-4.6875;-4.375;-4.0625;-3.75;-3.4375;-3.125;-2.8125;-2.5;-2.1875;-1.875;-1.5625;-1.25;-0.9375;-0.625;-0.3125;0;0.3125;0.625;0.9375;1.25;1.5625;1.875;2.1875;2.5;2.8125;3.125;3.4375;3.75;4.0625;4.375;4.6875;5;5.3125;5.625;5.9375;6.25;6.5625;6.875;7.1875;7.5;7.8125;8.125;8.4375;8.75;9.0625;9.375;9.6875;10","0;0;0;0;0;0;0;0;0;0;0;0;0;0;0;0;0;0;0;0;0;0;0;0;0;0;0;0;0;0;0;40592;20786;12064;8100;3953;1621;485;79;0;0;0;0;0;0;0;0;0;0;0;0;0;0;0;0;0;0;0;0;0;0;0;0;0",87680
42,1,"LeakyReLULayer( 0.050000 )",pre_activation,"-10;-9.6875;-9.375;-9.0625;-8.75;-8.4375;-8.125;-7.8125;-7.5;-7.1875;-6.875;-6.5625;-6.25;-5.9375;-5.625;-5.3125;-5;-4.6875;-4.375;-4.0625;-3.75;-3.4375;-3.125;-2.8125;-2.5;-2.1875;-1.875;-1.5625;-1.25;-0.9375;-0.625;-0.3125;0;0.3125;0.625;0.9375;1.25;1.5625;1.875;2.1875;2.5;2.8125;3.125;3.4375;3.75;4.0625;4.375;4.6875;5;5.3125;5.625;5.9375;6.25;6.5625;6.875;7.1875;7.5;7.8125;8.125;8.4375;8.75;9.0625;9.375;9.6875;10","0;0;0;0;0;0;0;0;0;0;0;0;0;0;0;0;0;0;0;67;488;1569;3668;7216;13576;30112;62572;111034;204670;423385;1062275;2949048;2973853;1183063;417601;215342;104802;70185;25296;4178;0;0;0;0;0;0;0;0;0;0;0;0;0;0;0;0;0;0;0;0;0;0;0;0",9864000
42,1,"LeakyReLULayer( 0.050000 )",post_activation,"-10;-9.6875;-9.375;-9.0625;-8.75;-8.4375;-8.125;-7.8125;-7.5;-7.1875;-6.875;-6.5625;-6.25;-5.9375;-5.625;-5.3125;-5;-4.6875;-4.375;-4.0625;-3.75;-3.4375;-3.125;-2.8125;-2.5;-2.1875;-1.875;-1.5625;-1.25;-0.9375;-0.625;-0.3125;0;0.3125;0.625;0.9375;1.25;1.5625;1.875;2.1875;2.5;2.8125;3.125;3.4375;3.75;4.0625;4.375;4.6875;5;5.3125;5.625;5.9375;6.25;6.5625;6.875;7.1875;7.5;7.8125;8.125;8.4375;8.75;9.0625;9.375;9.6875;10","0;0;0;0;0;0;0;0;0;0;0;0;0;0;0;0;0;0;0;0;0;0;0;0;0;0;0;0;0;0;0;4869680;2973853;1183063;417601;215342;104802;70185;25296;4178;0;0;0;0;0;0;0;0;0;0;0;0;0;0;0;0;0;0;0;0;0;0;0;0",9864000
42,5,"LeakyReLULayer( 0.050000 )",pre_activation,"-10;-9.6875;-9.375;-9.0625;-8.75;-8.4375;-8.125;-7.8125;-7.5;-7.1875;-6.875;-6.5625;-6.25;-5.9375;-5.625;-5.3125;-5;-4.6875;-4.375;-4.0625;-3.75;-3.4375;-3.125;-2.8125;-2.5;-2.1875;-1.875;-1.5625;-1.25;-0.9375;-0.625;-0.3125;0;0.3125;0.625;0.9375;1.25;1.5625;1.875;2.1875;2.5;2.8125;3.125;3.4375;3.75;4.0625;4.375;4.6875;5;5.3125;5.625;5.9375;6.25;6.5625;6.875;7.1875;7.5;7.8125;8.125;8.4375;8.75;9.0625;9.375;9.6875;10","0;0;0;0;0;0;0;0;0;0;0;0;0;0;0;0;0;0;0;0;0;0;0;0;1;44;305;1503;4874;14733;24780;27635;36942;40701;13236;6573;2784;994;255;0;0;0;0;0;0;0;0;0;0;0;0;0;0;0;0;0;0;0;0;0;0;0;0;0",175360
42,5,"LeakyReLULayer( 0.050000 )",post_activation,"-10;-9.6875;-9.375;-9.0625;-8.75;-8.4375;-8.125;-7.8125;-7.5;-7.1875;-6.875;-6.5625;-6.25;-5.9375;-5.625;-5.3125;-5;-4.6875;-4.375;-4.0625;-3.75;-3.4375;-3.125;-2.8125;-2.5;-2.1875;-1.875;-1.5625;-1.25;-0.9375;-0.625;-0.3125;0;0.3125;0.625;0.9375;1.25;1.5625;1.875;2.1875;2.5;2.8125;3.125;3.4375;3.75;4.0625;4.375;4.6875;5;5.3125;5.625;5.9375;6.25;6.5625;6.875;7.1875;7.5;7.8125;8.125;8.4375;8.75;9.0625;9.375;9.6875;10","0;0;0;0;0;0;0;0;0;0;0;0;0;0;0;0;0;0;0;0;0;0;0;0;0;0;0;0;0;0;0;73875;36942;40701;13236;6573;2784;994;255;0;0;0;0;0;0;0;0;0;0;0;0;0;0;0;0;0;0;0;0;0;0;0;0;0",175360
42,8,"LeakyReLULayer( 0.050000 )",pre_activation,"-10;-9.6875;-9.375;-9.0625;-8.75;-8.4375;-8.125;-7.8125;-7.5;-7.1875;-6.875;-6.5625;-6.25;-5.9375;-5.625;-5.3125;-5;-4.6875;-4.375;-4.0625;-3.75;-3.4375;-3.125;-2.8125;-2.5;-2.1875;-1.875;-1.5625;-1.25;-0.9375;-0.625;-0.3125;0;0.3125;0.625;0.9375;1.25;1.5625;1.875;2.1875;2.5;2.8125;3.125;3.4375;3.75;4.0625;4.375;4.6875;5;5.3125;5.625;5.9375;6.25;6.5625;6.875;7.1875;7.5;7.8125;8.125;8.4375;8.75;9.0625;9.375;9.6875;10","0;0;0;0;0;0;0;0;0;0;0;0;0;0;0;0;0;0;0;0;0;0;0;0;0;0;38;614;2140;6061;10053;21736;20722;11995;8166;3943;1640;490;82;0;0;0;0;0;0;0;0;0;0;0;0;0;0;0;0;0;0;0;0;0;0;0;0;0",87680
42,8,"LeakyReLULayer( 0.050000 )",post_activation,"-10;-9.6875;-9.375;-9.0625;-8.75;-8.4375;-8.125;-7.8125;-7.5;-7.1875;-6.875;-6.5625;-6.25;-5.9375;-5.625;-5.3125;-5;-4.6875;-4.375;-4.0625;-3.75;-3.4375;-3.125;-2.8125;-2.5;-2.1875;-1.875;-1.5625;-1.25;-0.9375;-0.625;-0.3125;0;0.3125;0.625;0.9375;1.25;1.5625;1.875;2.1875;2.5;2.8125;3.125;3.4375;3.75;4.0625;4.375;4.6875;5;5.3125;5.625;5.9375;6.25;6.5625;6.875;7.1875;7.5;7.8125;8.125;8.4375;8.75;9.0625;9.375;9.6875;10","0;0;0;0;0;0;0;0;0;0;0;0;0;0;0;0;0;0;0;0;0;0;0;0;0;0;0;0;0;0;0;40642;20722;11995;8166;3943;1640;490;82;0;0;0;0;0;0;0;0;0;0;0;0;0;0;0;0;0;0;0;0;0;0;0;0;0",87680
43,1,"LeakyReLULayer( 0.050000 )",pre_activation,"-10;-9.6875;-9.375;-9.0625;-8.75;-8.4375;-8.125;-7.8125;-7.5;-7.1875;-6.875;-6.5625;-6.25;-5.9375;-5.625;-5.3125;-5;-4.6875;-4.375;-4.0625;-3.75;-3.4375;-3.125;-2.8125;-2.5;-2.1875;-1.875;-1.5625;-1.25;-0.9375;-0.625;-0.3125;0;0.3125;0.625;0.9375;1.25;1.5625;1.875;2.1875;2.5;2.8125;3.125;3.4375;3.75;4.0625;4.375;4.6875;5;5.3125;5.625;5.9375;6.25;6.5625;6.875;7.1875;7.5;7.8125;8.125;8.4375;8.75;9.0625;9.375;9.6875;10","0;0;0;0;0;0;0;0;0;0;0;0;0;0;0;0;0;0;0;67;488;1565;3671;7215;13568;30112;62560;111045;204682;423463;1062369;2948845;2973682;1183237;417600;215352;104836;70190;25285;4168;0;0;0;0;0;0;0;0;0;0;0;0;0;0;0;0;0;0;0;0;0;0;0;0",9864000
43,1,"LeakyReLULayer( 0.050000 )",post_activation,"-10;-9.6875;-9.375;-9.0625;-8.75;-8.4375;-8.125;-7.8125;-7.5;-7.1875;-6.875;-6.5625;-6.25;-5.9375;-5.625;-5.3125;-5;-4.6875;-4.375;-4.0625;-3.75;-3.4375;-3.125;-2.8125;-2.5;-2.1875;-1.875;-1.5625;-1.25;-0.9375;-0.625;-0.3125;0;0.3125;0.625;0.9375;1.25;1.5625;1.875;2.1875;2.5;2.8125;3.125;3.4375;3.75;4.0625;4.375;4.6875;5;5.3125;5.625;5.9375;6.25;6.5625;6.875;7.1875;7.5;7.8125;8.125;8.4375;8.75;9.0625;9.375;9.6875;10","0;0;0;0;0;0;0;0;0;0;0;0;0;0;0;0;0;0;0;0;0;0;0;0;0;0;0;0;0;0;0;4869650;2973682;1183237;417600;215352;104836;70190;25285;4168;0;0;0;0;0;0;0;0;0;0;0;0;0;0;0;0;0;0;0;0;0;0;0;0",9864000
43,5,"LeakyReLULayer( 0.050000 )",pre_activation,"-10;-9.6875;-9.375;-9.0625;-8.75;-8.4375;-8.125;-7.8125;-7.5;-7.1875;-6.875;-6.5625;-6.25;-5.9375;-5.625;-5.3125;-5;-4.6875;-4.375;-4.0625;-3.75;-3.4375;-3.125;-2.8125;-2.5;-2.1875;-1.875;-1.5625;-1.25;-0.9375;-0.625;-0.3125;0;0.3125;0.625;0.9375;1.25;1.5625;1.875;2.1875;2.5;2.8125;3.125;3.4375;3.75;4.0625;4.375;4.6875;5;5.3125;5.625;5.9375;6.25;6.5625;6.875;7.1875;7.5;7.8125;8.125;8.4375;8.75;9.0625;9.375;9.6875;10","0;0;0;0;0;0;0;0;0;0;0;0;0;0;0;0;0;0;0;0;0;0;0;0;1;45;310;1507;4933;14640;24772;27646;36854;40757;13310;6547;2773;996;269;0;0;0;0;0;0;0;0;0;0;0;0;0;0;0;0;0;0;0;0;0;0;0;0;0",175360
43,5,"LeakyReLULayer( 0.050000 )",post_activation,"-10;-9.6875;-9.375;-9.0625;-8.75;-8.4375;-8.125;-7.8125;-7.5;-7.1875;-6.875;-6.5625;-6.25;-5.9375;-5.625;-5.3125;-5;-4.6875;-4.375;-4.0625;-3.75;-3.4375;-3.125;-2.8125;-2.5;-2.1875;-1.875;-1.5625;-1.25;-0.9375;-0.625;-0.3125;0;0.3125;0.625;0.9375;1.25;1.5625;1.875;2.1875;2.5;2.8125;3.125;3.4375;3.75;4.0625;4.375;4.6875;5;5.3125;5.625;5.9375;6.25;6.5625;6.875;7.1875;7.5;7.8125;8.125;8.4375;8.75;9.0625;9.375;9.6875;10","0;0;0;0;0;0;0;0;0;0;0;0;0;0;0;0;0;0;0;0;0;0;0;0;0;0;0;0;0;0;0;73854;36854;40757;13310;6547;2773;996;269;0;0;0;0;0;0;0;0;0;0;0;0;0;0;0;0;0;0;0;0;0;0;0;0;0",175360
43,8,"LeakyReLULayer( 0.050000 )",pre_activation,"-10;-9.6875;-9.375;-9.0625;-8.75;-8.4375;-8.125;-7.8125;-7.5;-7.1875;-6.875;-6.5625;-6.25;-5.9375;-5.625;-5.3125;-5;-4.6875;-4.375;-4.0625;-3.75;-3.4375;-3.125;-2.8125;-2.5;-2.1875;-1.875;-1.5625;-1.25;-0.9375;-0.625;-0.3125;0;0.3125;0.625;0.9375;1.25;1.5625;1.875;2.1875;2.5;2.8125;3.125;3.4375;3.75;4.0625;4.375;4.6875;5;5.3125;5.625;5.9375;6.25;6.5625;6.875;7.1875;7.5;7.8125;8.125;8.4375;8.75;9.0625;9.375;9.6875;10","0;0;0;0;0;0;0;0;0;0;0;0;0;0;0;0;0;0;0;0;0;0;0;0;0;0;39;613;2146;6000;10198;21684;20645;12014;8174;3962;1631;497;77;0;0;0;0;0;0;0;0;0;0;0;0;0;0;0;0;0;0;0;0;0;0;0;0;0",87680
43,8,"LeakyReLULayer( 0.050000 )",post_activation,"-10;-9.6875;-9.375;-9.0625;-8.75;-8.4375;-8.125;-7.8125;-7.5;-7.1875;-6.875;-6.5625;-6.25;-5.9375;-5.625;-5.3125;-5;-4.6875;-4.375;-4.0625;-3.75;-3.4375;-3.125;-2.8125;-2.5;-2.1875;-1.875;-1.5625;-1.25;-0.9375;-0.625;-0.3125;0;0.3125;0.625;0.9375;1.25;1.5625;1.875;2.1875;2.5;2.8125;3.125;3.4375;3.75;4.0625;4.375;4.6875;5;5.3125;5.625;5.9375;6.25;6.5625;6.875;7.1875;7.5;7.8125;8.125;8.4375;8.75;9.0625;9.375;9.6875;10","0;0;0;0;0;0;0;0;0;0;0;0;0;0;0;0;0;0;0;0;0;0;0;0;0;0;0;0;0;0;0;40680;20645;12014;8174;3962;1631;497;77;0;0;0;0;0;0;0;0;0;0;0;0;0;0;0;0;0;0;0;0;0;0;0;0;0",87680
44,1,"LeakyReLULayer( 0.050000 )",pre_activation,"-10;-9.6875;-9.375;-9.0625;-8.75;-8.4375;-8.125;-7.8125;-7.5;-7.1875;-6.875;-6.5625;-6.25;-5.9375;-5.625;-5.3125;-5;-4.6875;-4.375;-4.0625;-3.75;-3.4375;-3.125;-2.8125;-2.5;-2.1875;-1.875;-1.5625;-1.25;-0.9375;-0.625;-0.3125;0;0.3125;0.625;0.9375;1.25;1.5625;1.875;2.1875;2.5;2.8125;3.125;3.4375;3.75;4.0625;4.375;4.6875;5;5.3125;5.625;5.9375;6.25;6.5625;6.875;7.1875;7.5;7.8125;8.125;8.4375;8.75;9.0625;9.375;9.6875;10","0;0;0;0;0;0;0;0;0;0;0;0;0;0;0;0;0;0;0;67;488;1564;3666;7219;13555;30117;62549;111055;204675;423433;1062335;2948947;2973704;1183255;417553;215342;104847;70185;25275;4169;0;0;0;0;0;0;0;0;0;0;0;0;0;0;0;0;0;0;0;0;0;0;0;0",9864000
44,1,"LeakyReLULayer( 0.050000 )",post_activation,"-10;-9.6875;-9.375;-9.0625;-8.75;-8.4375;-8.125;-7.8125;-7.5;-7.1875;-6.875;-6.5625;-6.25;-5.9375;-5.625;-5.3125;-5;-4.6875;-4.375;-4.0625;-3.75;-3.4375;-3.125;-2.8125;-2.5;-2.1875;-1.875;-1.5625;-1.25;-0.9375;-0.625;-0.3125;0;0.3125;0.625;0.9375;1.25;1.5625;1.875;2.1875;2.5;2.8125;3.125;3.4375;3.75;4.0625;4.375;4.6875;5;5.3125;5.625;5.9375;6.25;6.5625;6.875;7.1875;7.5;7.8125;8.125;8.4375;8.75;9.0625;9.375;9.6875;10","0;0;0;0;0;0;0;0;0;0;0;0;0;0;0;0;0;0;0;0;0;0;0;0;0;0;0;0;0;0;0;4869670;2973704;1183255;417553;215342;104847;70185;25275;4169;0;0;0;0;0;0;0;0;0;0;0;0;0;0;0;0;0;0;0;0;0;0;0;0",9864000
44,5,"LeakyReLULayer( 0.050000 )",pre_activation,"-10;-9.6875;-9.375;-9.0625;-8.75;-8.4375;-8.125;-7.8125;-7.5;-7.1875;-6.875;-6.5625;-6.25;-5.9375;-5.625;-5.3125;-5;-4.6875;-4.375;-4.0625;-3.75;-3.4375;-3.125;-2.8125;-2.5;-2.1875;-1.875;-1.5625;-1.25;-0.9375;-0.625;-0.3125;0;0.3125;0.625;0.9375;1.25;1.5625;1.875;2.1875;2.5;2.8125;3.125;3.4375;3.75;4.0625;4.375;4.6875;5;5.3125;5.625;5.9375;6.25;6.5625;6.875;7.1875;7.5;7.8125;8.125;8.4375;8.75;9.0625;9.375;9.6875;10","0;0;0;0;0;0;0;0;0;0;0;0;0;0;0;0;0;0;0;0;0;0;0;0;1;45;314;1517;4931;14657;24727;27693;36915;40663;13330;6534;2772;992;269;0;0;0;0;0;0;0;0;0;0;0;0;0;0;0;0;0;0;0;0;0;0;0;0;0",175360
44,5,"LeakyReLULayer( 0.050000 )",post_activation,"-10;-9.6875;-9.375;-9.0625;-8.75;-8.4375;-8.125;-7.8125;-7.5;-7.1875;-6.875;-6.5625;-6.25;-5.9375;-5.625;-5.3125;-5;-4.6875;-4.375;-4.0625;-3.75;-3.4375;-3.125;-2.8125;-2.5;-2.1875;-1.875;-1.5625;-1.25;-0.9375;-0.625;-0.3125;0;0.3125;0.625;0.9375;1.25;1.5625;1.875;2.1875;2.5;2.8125;3.125;3.4375;3.75;4.0625;4.375;4.6875;5;5.3125;5.625;5.9375;6.25;6.5625;6.875;7.1875;7.5;7.8125;8.125;8.4375;8.75;9.0625;9.375;9.6875;10","0;0;0;0;0;0;0;0;0;0;0;0;0;0;0;0;0;0;0;0;0;0;0;0;0;0;0;0;0;0;0;73885;36915;40663;13330;6534;2772;992;269;0;0;0;0;0;0;0;0;0;0;0;0;0;0;0;0;0;0;0;0;0;0;0;0;0",175360
44,8,"LeakyReLULayer( 0.050000 )",pre_activation,"-10;-9.6875;-9.375;-9.0625;-8.75;-8.4375;-8.125;-7.8125;-7.5;-7.1875;-6.875;-6.5625;-6.25;-5.9375;-5.625;-5.3125;-5;-4.6875;-4.375;-4.0625;-3.75;-3.4375;-3.125;-2.8125;-2.5;-2.1875;-1.875;-1.5625;-1.25;-0.9375;-0.625;-0.3125;0;0.3125;0.625;0.9375;1.25;1.5625;1.875;2.1875;2.5;2.8125;3.125;3.4375;3.75;4.0625;4.375;4.6875;5;5.3125;5.625;5.9375;6.25;6.5625;6.875;7.1875;7.5;7.8125;8.125;8.4375;8.75;9.0625;9.375;9.6875;10","0;0;0;0;0;0;0;0;0;0;0;0;0;0;0;0;0;0;0;0;0;0;0;0;0;0;37;615;2118;5970;10252;21584;20700;12075;8164;3969;1621;496;79;0;0;0;0;0;0;0;0;0;0;0;0;0;0;0;0;0;0;0;0;0;0;0;0;0",87680
44,8,"LeakyReLULayer( 0.050000 )",post_activation,"-10;-9.6875;-9.375;-9.0625;-8.75;-8.4375;-8.125;-7.8125;-7.5;-7.1875;-6.875;-6.5625;-6.25;-5.9375;-5.625;-5.3125;-5;-4.6875;-4.375;-4.0625;-3.75;-3.4375;-3.125;-2.8125;-2.5;-2.1875;-1.875;-1.5625;-1.25;-0.9375;-0.625;-0.3125;0;0.3125;0.625;0.9375;1.25;1.5625;1.875;2.1875;2.5;2.8125;3.125;3.4375;3.75;4.0625;4.375;4.6875;5;5.3125;5.625;5.9375;6.25;6.5625;6.875;7.1875;7.5;7.8125;8.125;8.4375;8.75;9.0625;9.375;9.6875;10","0;0;0;0;0;0;0;0;0;0;0;0;0;0;0;0;0;0;0;0;0;0;0;0;0;0;0;0;0;0;0;40576;20700;12075;8164;3969;1621;496;79;0;0;0;0;0;0;0;0;0;0;0;0;0;0;0;0;0;0;0;0;0;0;0;0;0",87680
45,1,"LeakyReLULayer( 0.050000 )",pre_activation,"-10;-9.6875;-9.375;-9.0625;-8.75;-8.4375;-8.125;-7.8125;-7.5;-7.1875;-6.875;-6.5625;-6.25;-5.9375;-5.625;-5.3125;-5;-4.6875;-4.375;-4.0625;-3.75;-3.4375;-3.125;-2.8125;-2.5;-2.1875;-1.875;-1.5625;-1.25;-0.9375;-0.625;-0.3125;0;0.3125;0.625;0.9375;1.25;1.5625;1.875;2.1875;2.5;2.8125;3.125;3.4375;3.75;4.0625;4.375;4.6875;5;5.3125;5.625;5.9375;6.25;6.5625;6.875;7.1875;7.5;7.8125;8.125;8.4375;8.75;9.0625;9.375;9.6875;10","0;0;0;0;0;0;0;0;0;0;0;0;0;0;0;0;0;0;0;67;488;1567;3668;7214;13561;30134;62563;111061;204713;423494;1062295;2948795;2973614;1183300;417568;215384;104877;70174;25291;4172;0;0;0;0;0;0;0;0;0;0;0;0;0;0;0;0;0;0;0;0;0;0;0;0",9864000
45,1,"LeakyReLULayer( 0.050000 )",post_activation,"-10;-9.6875;-9.375;-9.0625;-8.75;-8.4375;-8.125;-7.8125;-7.5;-7.1875;-6.875;-6.5625;-6.25;-5.9375;-5.625;-5.3125;-5;-4.6875;-4.375;-4.0625;-3.75;-3.4375;-3.125;-2.8125;-2.5;-2.1875;-1.875;-1.5625;-1.25;-0.9375;-0.625;-0.3125;0;0.3125;0.625;0.9375;1.25;1.5625;1.875;2.1875;2.5;2.8125;3.125;3.4375;3.75;4.0625;4.375;4.6875;5;5.3125;5.625;5.9375;6.25;6.5625;6.875;7.1875;7.5;7.8125;8.125;8.4375;8.75;9.0625;9.375;9.6875;10","0;0;0;0;0;0;0;0;0;0;0;0;0;0;0;0;0;0;0;0;0;0;0;0;0;0;0;0;0;0;0;4869620;2973614;1183300;417568;215384;104877;70174;25291;4172;0;0;0;0;0;0;0;0;0;0;0;0;0;0;0;0;0;0;0;0;0;0;0;0",9864000
45,5,"LeakyReLULayer( 0.050000 )",pre_activation,"-10;-9.6875;-9.375;-9.0625;-8.75;-8.4375;-8.125;-7.8125;-7.5;-7.1875;-6.875;-6.5625;-6.25;-5.9375;-5.625;-5.3125;-5;-4.6875;-4.375;-4.0625;-3.75;-3.4375;-3.125;-2.8125;-2.5;-2.1875;-1.875;-1.5625;-1.25;-0.9375;-0.625;-0.3125;0;0.3125;0.625;0.9375;1.25;1.5625;1.875;2.1875;2.5;2.8125;3.125;3.4375;3.75;4.0625;4.375;4.6875;5;5.3125;5.625;5.9375;6.25;6.5625;6.875;7.1875;7.5;7.8125;8.125;8.4375;8.75;9.0625;9.375;9.6875;10","0;0;0;0;0;0;0;0;0;0;0;0;0;0;0;0;0;0;0;0;0;0;0;0;1;45;316;1525;4970;14625;24708;27723;36791;40744;13347;6541;2744;1007;273;0;0;0;0;0;0;0;0;0;0;0;0;0;0;0;0;0;0;0;0;0;0;0;0;0",175360
45,5,"LeakyReLULayer( 0.050000 )",post_activation,"-10;-9.6875;-9.375;-9.0625;-8.75;-8.4375;-8.125;-7.8125;-7.5;-7.1875;-6.875;-6.5625;-6.25;-5.9375;-5.625;-5.3125;-5;-4.6875;-4.375;-4.0625;-3.75;-3.4375;-3.125;-2.8125;-2.5;-2.1875;-1.875;-1.5625;-1.25;-0.9375;-0.625;-0.3125;0;0.3125;0.625;0.9375;1.25;1.5625;1.875;2.1875;2.5;2.8125;3.125;3.4375;3.75;4.0625;4.375;4.6875;5;5.3125;5.625;5.9375;6.25;6.5625;6.875;7.1875;7.5;7.8125;8.125;8.4375;8.75;9.0625;9.375;9.6875;10","0;0;0;0;0;0;0;0;0;0;0;0;0;0;0;0;0;0;0;0;0;0;0;0;0;0;0;0;0;0;0;73913;36791;40744;13347;6541;2744;1007;273;0;0;0;0;0;0;0;0;0;0;0;0;0;0;0;0;0;0;0;0;0;0;0;0;0",175360
45,8,"LeakyReLULayer( 0.050000 )",pre_activation,"-10;-9.6875;-9.375;-9.0625;-8.75;-8.4375;-8.125;-7.8125;-7.5;-7.1875;-6.875;-6.5625;-6.25;-5.9375;-5.625;-5.3125;-5;-4.6875;-4.375;-4.0625;-3.75;-3.4375;-3.125;-2.8125;-2.5;-2.1875;-1.875;-1.5625;-1.25;-0.9375;-0.625;-0.3125;0;0.3125;0.625;0.9375;1.25;1.5625;1.875;2.1875;2.5;2.8125;3.125;3.4375;3.75;4.0625;4.375;4.6875;5;5.3125;5.625;5.9375;6.25;6.5625;6.875;7.1875;7.5;7.8125;8.125;8.4375;8.75;9.0625;9.375;9.6875;10","0;0;0;0;0;0;0;0;0;0;0;0;0;0;0;0;0;0;0;0;0;0;0;0;0;0;36;617;2126;5964;10281;21527;20688;12053;8192;4000;1629;483;84;0;0;0;0;0;0;0;0;0;0;0;0;0;0;0;0;0;0;0;0;0;0;0;0;0",87680
45,8,"LeakyReLULayer( 0.050000 )",post_activation,"-10;-9.6875;-9.375;-9.0625;-8.75;-8.4375;-8.125;-7.8125;-7.5;-7.1875;-6.875;-6.5625;-6.25;-5.9375;-5.625;-5.3125;-5;-4.6875;-4.375;-4.0625;-3.75;-3.4375;-3.125;-2.8125;-2.5;-2.1875;-1.875;-1.5625;-1.25;-0.9375;-0.625;-0.3125;0;0.3125;0.625;0.9375;1.25;1.5625;1.875;2.1875;2.5;2.8125;3.125;3.4375;3.75;4.0625;4.375;4.6875;5;5.3125;5.625;5.9375;6.25;6.5625;6.875;7.1875;7.5;7.8125;8.125;8.4375;8.75;9.0625;9.375;9.6875;10","0;0;0;0;0;0;0;0;0;0;0;0;0;0;0;0;0;0;0;0;0;0;0;0;0;0;0;0;0;0;0;40551;20688;12053;8192;4000;1629;483;84;0;0;0;0;0;0;0;0;0;0;0;0;0;0;0;0;0;0;0;0;0;0;0;0;0",87680
46,1,"LeakyReLULayer( 0.050000 )",pre_activation,"-10;-9.6875;-9.375;-9.0625;-8.75;-8.4375;-8.125;-7.8125;-7.5;-7.1875;-6.875;-6.5625;-6.25;-5.9375;-5.625;-5.3125;-5;-4.6875;-4.375;-4.0625;-3.75;-3.4375;-3.125;-2.8125;-2.5;-2.1875;-1.875;-1.5625;-1.25;-0.9375;-0.625;-0.3125;0;0.3125;0.625;0.9375;1.25;1.5625;1.875;2.1875;2.5;2.8125;3.125;3.4375;3.75;4.0625;4.375;4.6875;5;5.3125;5.625;5.9375;6.25;6.5625;6.875;7.1875;7.5;7.8125;8.125;8.4375;8.75;9.0625;9.375;9.6875;10","0;0;0;0;0;0;0;0;0;0;0;0;0;0;0;0;0;0;0;67;488;1564;3662;7222;13559;30128;62553;111080;204673;423470;1062296;2948924;2973644;1183218;417508;215435;104891;70179;25272;4167;0;0;0;0;0;0;0;0;0;0;0;0;0;0;0;0;0;0;0;0;0;0;0;0",9864000
46,1,"LeakyReLULayer( 0.050000 )",post_activation,"-10;-9.6875;-9.375;-9.0625;-8.75;-8.4375;-8.125;-7.8125;-7.5;-7.1875;-6.875;-6.5625;-6.25;-5.9375;-5.625;-5.3125;-5;-4.6875;-4.375;-4.0625;-3.75;-3.4375;-3.125;-2.8125;-2.5;-2.1875;-1.875;-1.5625;-1.25;-0.9375;-0.625;-0.3125;0;0.3125;0.625;0.9375;1.25;1.5625;1.875;2.1875;2.5;2.8125;3.125;3.4375;3.75;4.0625;4.375;4.6875;5;5.3125;5.625;5.9375;6.25;6.5625;6.875;7.1875;7.5;7.8125;8.125;8.4375;8.75;9.0625;9.375;9.6875;10","0;0;0;0;0;0;0;0;0;0;0;0;0;0;0;0;0;0;0;0;0;0;0;0;0;0;0;0;0;0;0;4869686;2973644;1183218;417508;215435;104891;70179;25272;4167;0;0;0;0;0;0;0;0;0;0;0;0;0;0;0;0;0;0;0;0;0;0;0;0",9864000
46,5,"LeakyReLULayer( 0.050000 )",pre_activation,"-10;-9.6875;-9.375;-9.0625;-8.75;-8.4375;-8.125;-7.8125;-7.5;-7.1875;-6.875;-6.5625;-6.25;-5.9375;-5.625;-5.3125;-5;-4.6875;-4.375;-4.0625;-3.75;-3.4375;-3.125;-2.8125;-2.5;-2.1875;-1.875;-1.5625;-1.25;-0.9375;-0.625;-0.3125;0;0.3125;0.625;0.9375;1.25;1.5625;1.875;2.1875;2.5;2.8125;3.125;3.4375;3.75;4.0625;4.375;4.6875;5;5.3125;5.625;5.9375;6.25;6.5625;6.875;7.1875;7.5;7.8125;8.125;8.4375;8.75;9.0625;9.375;9.6875;10","0;0;0;0;0;0;0;0;0;0;0;0;0;0;0;0;0;0;0;0;0;0;0;0;1;44;316;1535;4956;14678;24654;27697;36839;40685;13397;6537;2743;1007;271;0;0;0;0;0;0;0;0;0;0;0;0;0;0;0;0;0;0;0;0;0;0;0;0;0",175360
46,5,"LeakyReLULayer( 0.050000 )",post_activation,"-10;-9.6875;-9.375;-9.0625;-8.75;-8.4375;-8.125;-7.8125;-7.5;-7.1875;-6.875;-6.5625;-6.25;-5.9375;-5.625;-5.3125;-5;-4.6875;-4.375;-4.0625;-3.75;-3.4375;-3.125;-2.8125;-2.5;-2.1875;-1.875;-1.5625;-1.25;-0.9375;-0.625;-0.3125;0;0.3125;0.625;0.9375;1.25;1.5625;1.875;2.1875;2.5;2.8125;3.125;3.4375;3.75;4.0625;4.375;4.6875;5;5.3125;5.625;5.9375;6.25;6.5625;6.875;7.1875;7.5;7.8125;8.125;8.4375;8.75;9.0625;9.375;9.6875;10","0;0;0;0;0;0;0;0;0;0;0;0;0;0;0;0;0;0;0;0;0;0;0;0;0;0;0;0;0;0;0;73881;36839;40685;13397;6537;2743;1007;271;0;0;0;0;0;0;0;0;0;0;0;0;0;0;0;0;0;0;0;0;0;0;0;0;0",175360
46,8,"LeakyReLULayer( 0.050000 )",pre_activation,"-10;-9.6875;-9.375;-9.0625;-8.75;-8.4375;-8.125;-7.8125;-7.5;-7.1875;-6.875;-6.5625;-6.25;-5.9375;-5.625;-5.3125;-5;-4.6875;-4.375;-4.0625;-3.75;-3.4375;-3.125;-2.8125;-2.5;-2.1875;-1.875;-1.5625;-1.25;-0.9375;-0.625;-0.3125;0;0.3125;0.625;0.9375;1.25;1.5625;1.875;2.1875;2.5;2.8125;3.125;3.4375;3.75;4.0625;4.375;4.6875;5;5.3125;5.625;5.9375;6.25;6.5625;6.875;7.1875;7.5;7.8125;8.125;8.4375;8.75;9.0625;9.375;9.6875;10","0;0;0;0;0;0;0;0;0;0;0;0;0;0;0;0;0;0;0;0;0;0;0;0;0;0;41;622;2113;5946;10311;21626;20642;12007;8190;3960;1651;489;82;0;0;0;0;0;0;0;0;0;0;0;0;0;0;0;0;0;0;0;0;0;0;0;0;0",87680
46,8,"LeakyReLULayer( 0.050000 )",post_activation,"-10;-9.6875;-9.375;-9.0625;-8.75;-8.4375;-8.125;-7.8125;-7.5;-7.1875;-6.875;-6.5625;-6.25;-5.9375;-5.625;-5.3125;-5;-4.6875;-4.375;-4.0625;-3.75;-3.4375;-3.125;-2.8125;-2.5;-2.1875;-1.875;-1.5625;-1.25;-0.9375;-0.625;-0.3125;0;0.3125;0.625;0.9375;1.25;1.5625;1.875;2.1875;2.5;2.8125;3.125;3.4375;3.75;4.0625;4.375;4.6875;5;5.3125;5.625;5.9375;6.25;6.5625;6.875;7.1875;7.5;7.8125;8.125;8.4375;8.75;9.0625;9.375;9.6875;10","0;0;0;0;0;0;0;0;0;0;0;0;0;0;0;0;0;0;0;0;0;0;0;0;0;0;0;0;0;0;0;40659;20642;12007;8190;3960;1651;489;82;0;0;0;0;0;0;0;0;0;0;0;0;0;0;0;0;0;0;0;0;0;0;0;0;0",87680
47,1,"LeakyReLULayer( 0.050000 )",pre_activation,"-10;-9.6875;-9.375;-9.0625;-8.75;-8.4375;-8.125;-7.8125;-7.5;-7.1875;-6.875;-6.5625;-6.25;-5.9375;-5.625;-5.3125;-5;-4.6875;-4.375;-4.0625;-3.75;-3.4375;-3.125;-2.8125;-2.5;-2.1875;-1.875;-1.5625;-1.25;-0.9375;-0.625;-0.3125;0;0.3125;0.625;0.9375;1.25;1.5625;1.875;2.1875;2.5;2.8125;3.125;3.4375;3.75;4.0625;4.375;4.6875;5;5.3125;5.625;5.9375;6.25;6.5625;6.875;7.1875;7.5;7.8125;8.125;8.4375;8.75;9.0625;9.375;9.6875;10","0;0;0;0;0;0;0;0;0;0;0;0;0;0;0;0;0;0;0;67;488;1563;3664;7220;13560;30106;62560;111081;204687;423460;1062271;2948997;2973603;1183231;417491;215451;104899;70170;25266;4165;0;0;0;0;0;0;0;0;0;0;0;0;0;0;0;0;0;0;0;0;0;0;0;0",9864000
47,1,"LeakyReLULayer( 0.050000 )",post_activation,"-10;-9.6875;-9.375;-9.0625;-8.75;-8.4375;-8.125;-7.8125;-7.5;-7.1875;-6.875;-6.5625;-6.25;-5.9375;-5.625;-5.3125;-5;-4.6875;-4.375;-4.0625;-3.75;-3.4375;-3.125;-2.8125;-2.5;-2.1875;-1.875;-1.5625;-1.25;-0.9375;-0.625;-0.3125;0;0.3125;0.625;0.9375;1.25;1.5625;1.875;2.1875;2.5;2.8125;3.125;3.4375;3.75;4.0625;4.375;4.6875;5;5.3125;5.625;5.9375;6.25;6.5625;6.875;7.1875;7.5;7.8125;8.125;8.4375;8.75;9.0625;9.375;9.6875;10","0;0;0;0;0;0;0;0;0;0;0;0;0;0;0;0;0;0;0;0;0;0;0;0;0;0;0;0;0;0;0;4869724;2973603;1183231;417491;215451;104899;70170;25266;4165;0;0;0;0;0;0;0;0;0;0;0;0;0;0;0;0;0;0;0;0;0;0;0;0",9864000
47,5,"LeakyReLULayer( 0.050000 )",pre_activation,"-10;-9.6875;-9.375;-9.0625;-8.75;-8.4375;-8.125;-7.8125;-7.5;-7.1875;-6.875;-6.5625;-6.25;-5.9375;-5.625;-5.3125;-5;-4.6875;-4.375;-4.0625;-3.75;-3.4375;-3.125;-2.8125;-2.5;-2.1875;-1.875;-1.5625;-1.25;-0.9375;-0.625;-0.3125;0;0.3125;0.625;0.9375;1.25;1.5625;1.875;2.1875;2.5;2.8125;3.125;3.4375;3.75;4.0625;4.375;4.6875;5;5.3125;5.625;5.9375;6.25;6.5625;6.875;7.1875;7.5;7.8125;8.125;8.4375;8.75;9.0625;9.375;9.6875;10","0;0;0;0;0;0;0;0;0;0;0;0;0;0;0;0;0;0;0;0;0;0;0;0;1;46;316;1552;4993;14675;24612;27638;36814;40757;13393;6552;2729;1009;273;0;0;0;0;0;0;0;0;0;0;0;0;0;0;0;0;0;0;0;0;0;0;0;0;0",175360
47,5,"LeakyReLULayer( 0.050000 )",post_activation,"-10;-9.6875;-9.375;-9.0625;-8.75;-8.4375;-8.125;-7.8125;-7.5;-7.1875;-6.875;-6.5625;-6.25;-5.9375;-5.625;-5.3125;-5;-4.6875;-4.375;-4.0625;-3.75;-3.4375;-3.125;-2.8125;-2.5;-2.1875;-1.875;-1.5625;-1.25;-0.9375;-0.625;-0.3125;0;0.3125;0.625;0.9375;1.25;1.5625;1.875;2.1875;2.5;2.8125;3.125;3.4375;3.75;4.0625;4.375;4.6875;5;5.3125;5.625;5.9375;6.25;6.5625;6.875;7.1875;7.5;7.8125;8.125;8.4375;8.75;9.0625;9.375;9.6875;10","0;0;0;0;0;0;0;0;0;0;0;0;0;0;0;0;0;0;0;0;0;0;0;0;0;0;0;0;0;0;0;73833;36814;40757;13393;6552;2729;1009;273;0;0;0;0;0;0;0;0;0;0;0;0;0;0;0;0;0;0;0;0;0;0;0;0;0",175360
47,8,"LeakyReLULayer( 0.050000 )",pre_activation,"-10;-9.6875;-9.375;-9.0625;-8.75;-8.4375;-8.125;-7.8125;-7.5;-7.1875;-6.875;-6.5625;-6.25;-5.9375;-5.625;-5.3125;-5;-4.6875;-4.375;-4.0625;-3.75;-3.4375;-3.125;-2.8125;-2.5;-2.1875;-1.875;-1.5625;-1.25;-0.9375;-0.625;-0.3125;0;0.3125;0.625;0.9375;1.25;1.5625;1.875;2.1875;2.5;2.8125;3.125;3.4375;3.75;4.0625;4.375;4.6875;5;5.3125;5.625;5.9375;6.25;6.5625;6.875;7.1875;7.5;7.8125;8.125;8.4375;8.75;9.0625;9.375;9.6875;10","0;0;0;0;0;0;0;0;0;0;0;0;0;0;0;0;0;0;0;0;0;0;0;0;0;0;35;627;2143;5923;10334;21476;20736;11971;8211;3987;1660;493;84;0;0;0;0;0;0;0;0;0;0;0;0;0;0;0;0;0;0;0;0;0;0;0;0;0",87680
47,8,"LeakyReLULayer( 0.050000 )",post_activation,"-10;-9.6875;-9.375;-9.0625;-8.75;-8.4375;-8.125;-7.8125;-7.5;-7.1875;-6.875;-6.5625;-6.25;-5.9375;-5.625;-5.3125;-5;-4.6875;-4.375;-4.0625;-3.75;-3.4375;-3.125;-2.8125;-2.5;-2.1875;-1.875;-1.5625;-1.25;-0.9375;-0.625;-0.3125;0;0.3125;0.625;0.9375;1.25;1.5625;1.875;2.1875;2.5;2.8125;3.125;3.4375;3.75;4.0625;4.375;4.6875;5;5.3125;5.625;5.9375;6.25;6.5625;6.875;7.1875;7.5;7.8125;8.125;8.4375;8.75;9.0625;9.375;9.6875;10","0;0;0;0;0;0;0;0;0;0;0;0;0;0;0;0;0;0;0;0;0;0;0;0;0;0;0;0;0;0;0;40538;20736;11971;8211;3987;1660;493;84;0;0;0;0;0;0;0;0;0;0;0;0;0;0;0;0;0;0;0;0;0;0;0;0;0",87680
48,1,"LeakyReLULayer( 0.050000 )",pre_activation,"-10;-9.6875;-9.375;-9.0625;-8.75;-8.4375;-8.125;-7.8125;-7.5;-7.1875;-6.875;-6.5625;-6.25;-5.9375;-5.625;-5.3125;-5;-4.6875;-4.375;-4.0625;-3.75;-3.4375;-3.125;-2.8125;-2.5;-2.1875;-1.875;-1.5625;-1.25;-0.9375;-0.625;-0.3125;0;0.3125;0.625;0.9375;1.25;1.5625;1.875;2.1875;2.5;2.8125;3.125;3.4375;3.75;4.0625;4.375;4.6875;5;5.3125;5.625;5.9375;6.25;6.5625;6.875;7.1875;7.5;7.8125;8.125;8.4375;8.75;9.0625;9.375;9.6875;10","0;0;0;0;0;0;0;0;0;0;0;0;0;0;0;0;0;0;0;67;488;1564;3661;7222;13560;30118;62556;111087;204688;423400;1062243;2949017;2973715;1183189;417470;215439;104913;70164;25275;4164;0;0;0;0;0;0;0;0;0;0;0;0;0;0;0;0;0;0;0;0;0;0;0;0",9864000
48,1,"LeakyReLULayer( 0.050000 )",post_activation,"-10;-9.6875;-9.375;-9.0625;-8.75;-8.4375;-8.125;-7.8125;-7.5;-7.1875;-6.875;-6.5625;-6.25;-5.9375;-5.625;-5.3125;-5;-4.6875;-4.375;-4.0625;-3.75;-3.4375;-3.125;-2.8125;-2.5;-2.1875;-1.875;-1.5625;-1.25;-0.9375;-0.625;-0.3125;0;0.3125;0.625;0.9375;1.25;1.5625;1.875;2.1875;2.5;2.8125;3.125;3.4375;3.75;4.0625;4.375;4.6875;5;5.3125;5.625;5.9375;6.25;6.5625;6.875;7.1875;7.5;7.8125;8.125;8.4375;8.75;9.0625;9.375;9.6875;10","0;0;0;0;0;0;0;0;0;0;0;0;0;0;0;0;0;0;0;0;0;0;0;0;0;0;0;0;0;0;0;4869671;2973715;1183189;417470;215439;104913;70164;25275;4164;0;0;0;0;0;0;0;0;0;0;0;0;0;0;0;0;0;0;0;0;0;0;0;0",9864000
48,5,"LeakyReLULayer( 0.050000 )",pre_activation,"-10;-9.6875;-9.375;-9.0625;-8.75;-8.4375;-8.125;-7.8125;-7.5;-7.1875;-6.875;-6.5625;-6.25;-5.9375;-5.625;-5.3125;-5;-4.6875;-4.375;-4.0625;-3.75;-3.4375;-3.125;-2.8125;-2.5;-2.1875;-1.875;-1.5625;-1.25;-0.9375;-0.625;-0.3125;0;0.3125;0.625;0.9375;1.25;1.5625;1.875;2.1875;2.5;2.8125;3.125;3.4375;3.75;4.0625;4.375;4.6875;5;5.3125;5.625;5.9375;6.25;6.5625;6.875;7.1875;7.5;7.8125;8.125;8.4375;8.75;9.0625;9.375;9.6875;10","0;0;0;0;0;0;0;0;0;0;0;0;0;0;0;0;0;0;0;0;0;0;0;0;1;44;318;1559;5004;14697;24497;27703;36828;40786;13366;6548;2719;1015;275;0;0;0;0;0;0;0;0;0;0;0;0;0;0;0;0;0;0;0;0;0;0;0;0;0",175360
48,5,"LeakyReLULayer( 0.050000 )",post_activation,"-10;-9.6875;-9.375;-9.0625;-8.75;-8.4375;-8.125;-7.8125;-7.5;-7.1875;-6.875;-6.5625;-6.25;-5.9375;-5.625;-5.3125;-5;-4.6875;-4.375;-4.0625;-3.75;-3.4375;-3.125;-2.8125;-2.5;-2.1875;-1.875;-1.5625;-1.25;-0.9375;-0.625;-0.3125;0;0.3125;0.625;0.9375;1.25;1.5625;1.875;2.1875;2.5;2.8125;3.125;3.4375;3.75;4.0625;4.375;4.6875;5;5.3125;5.625;5.9375;6.25;6.5625;6.875;7.1875;7.5;7.8125;8.125;8.4375;8.75;9.0625;9.375;9.6875;10","0;0;0;0;0;0;0;0;0;0;0;0;0;0;0;0;0;0;0;0;0;0;0;0;0;0;0;0;0;0;0;73823;36828;40786;13366;6548;2719;1015;275;0;0;0;0;0;0;0;0;0;0;0;0;0;0;0;0;0;0;0;0;0;0;0;0;0",175360
48,8,"LeakyReLULayer( 0.050000 )",pre_activation,"-10;-9.6875;-9.375;-9.0625;-8.75;-8.4375;-8.125;-7.8125;-7.5;-7.1875;-6.875;-6.5625;-6.25;-5.9375;-5.625;-5.3125;-5;-4.6875;-4.375;-4.0625;-3.75;-3.4375;-3.125;-2.8125;-2.5;-2.1875;-1.875;-1.5625;-1.25;-0.9375;-0.625;-0.3125;0;0.3125;0.625;0.9375;1.25;1.5625;1.875;2.1875;2.5;2.8125;3.125;3.4375;3.75;4.0625;4.375;4.6875;5;5.3125;5.625;5.9375;6.25;6.5625;6.875;7.1875;7.5;7.8125;8.125;8.4375;8.75;9.0625;9.375;9.6875;10","0;0;0;0;0;0;0;0;0;0;0;0;0;0;0;0;0;0;0;0;0;0;0;0;0;0;34;628;2115;5961;10328;21555;20632;12052;8180;4004;1629;482;80;0;0;0;0;0;0;0;0;0;0;0;0;0;0;0;0;0;0;0;0;0;0;0;0;0",87680
48,8,"LeakyReLULayer( 0.050000 )",post_activation,"-10;-9.6875;-9.375;-9.0625;-8.75;-8.4375;-8.125;-7.8125;-7.5;-7.1875;-6.875;-6.5625;-6.25;-5.9375;-5.625;-5.3125;-5;-4.6875;-4.375;-4.0625;-3.75;-3.4375;-3.125;-2.8125;-2.5;-2.1875;-1.875;-1.5625;-1.25;-0.9375;-0.625;-0.3125;0;0.3125;0.625;0.9375;1.25;1.5625;1.875;2.1875;2.5;2.8125;3.125;3.4375;3.75;4.0625;4.375;4.6875;5;5.3125;5.625;5.9375;6.25;6.5625;6.875;7.1875;7.5;7.8125;8.125;8.4375;8.75;9.0625;9.375;9.6875;10","0;0;0;0;0;0;0;0;0;0;0;0;0;0;0;0;0;0;0;0;0;0;0;0;0;0;0;0;0;0;0;40621;20632;12052;8180;4004;1629;482;80;0;0;0;0;0;0;0;0;0;0;0;0;0;0;0;0;0;0;0;0;0;0;0;0;0",87680
49,1,"LeakyReLULayer( 0.050000 )",pre_activation,"-10;-9.6875;-9.375;-9.0625;-8.75;-8.4375;-8.125;-7.8125;-7.5;-7.1875;-6.875;-6.5625;-6.25;-5.9375;-5.625;-5.3125;-5;-4.6875;-4.375;-4.0625;-3.75;-3.4375;-3.125;-2.8125;-2.5;-2.1875;-1.875;-1.5625;-1.25;-0.9375;-0.625;-0.3125;0;0.3125;0.625;0.9375;1.25;1.5625;1.875;2.1875;2.5;2.8125;3.125;3.4375;3.75;4.0625;4.375;4.6875;5;5.3125;5.625;5.9375;6.25;6.5625;6.875;7.1875;7.5;7.8125;8.125;8.4375;8.75;9.0625;9.375;9.6875;10","0;0;0;0;0;0;0;0;0;0;0;0;0;0;0;0;0;0;0;67;487;1564;3658;7220;13547;30113;62547;111110;204644;423392;1062174;2949200;2973842;1183051;417438;215451;104932;70147;25260;4156;0;0;0;0;0;0;0;0;0;0;0;0;0;0;0;0;0;0;0;0;0;0;0;0",9864000
49,1,"LeakyReLULayer( 0.050000 )",post_activation,"-10;-9.6875;-9.375;-9.0625;-8.75;-8.4375;-8.125;-7.8125;-7.5;-7.1875;-6.875;-6.5625;-6.25;-5.9375;-5.625;-5.3125;-5;-4.6875;-4.375;-4.0625;-3.75;-3.4375;-3.125;-2.8125;-2.5;-2.1875;-1.875;-1.5625;-1.25;-0.9375;-0.625;-0.3125;0;0.3125;0.625;0.9375;1.25;1.5625;1.875;2.1875;2.5;2.8125;3.125;3.4375;3.75;4.0625;4.375;4.6875;5;5.3125;5.625;5.9375;6.25;6.5625;6.875;7.1875;7.5;7.8125;8.125;8.4375;8.75;9.0625;9.375;9.6875;10","0;0;0;0;0;0;0;0;0;0;0;0;0;0;0;0;0;0;0;0;0;0;0;0;0;0;0;0;0;0;0;4869723;2973842;1183051;417438;215451;104932;70147;25260;4156;0;0;0;0;0;0;0;0;0;0;0;0;0;0;0;0;0;0;0;0;0;0;0;0",9864000
49,5,"LeakyReLULayer( 0.050000 )",pre_activation,"-10;-9.6875;-9.375;-9.0625;-8.75;-8.4375;-8.125;-7.8125;-7.5;-7.1875;-6.875;-6.5625;-6.25;-5.9375;-5.625;-5.3125;-5;-4.6875;-4.375;-4.0625;-3.75;-3.4375;-3.125;-2.8125;-2.5;-2.1875;-1.875;-1.5625;-1.25;-0.9375;-0.625;-0.3125;0;0.3125;0.625;0.9375;1.25;1.5625;1.875;2.1875;2.5;2.8125;3.125;3.4375;3.75;4.0625;4.375;4.6875;5;5.3125;5.625;5.9375;6.25;6.5625;6.875;7.1875;7.5;7.8125;8.125;8.4375;8.75;9.0625;9.375;9.6875;10","0;0;0;0;0;0;0;0;0;0;0;0;0;0;0;0;0;0;0;0;0;0;0;0;1;44;318;1568;5023;14731;24530;27691;36824;40673;13409;6554;2699;1020;275;0;0;0;0;0;0;0;0;0;0;0;0;0;0;0;0;0;0;0;0;0;0;0;0;0",175360
49,5,"LeakyReLULayer( 0.050000 )",post_activation,"-10;-9.6875;-9.375;-9.0625;-8.75;-8.4375;-8.125;-7.8125;-7.5;-7.1875;-6.875;-6.5625;-6.25;-5.9375;-5.625;-5.3125;-5;-4.6875;-4.375;-4.0625;-3.75;-3.4375;-3.125;-2.8125;-2.5;-2.1875;-1.875;-1.5625;-1.25;-0.9375;-0.625;-0.3125;0;0.3125;0.625;0.9375;1.25;1.5625;1.875;2.1875;2.5;2.8125;3.125;3.4375;3.75;4.0625;4.375;4.6875;5;5.3125;5.625;5.9375;6.25;6.5625;6.875;7.1875;7.5;7.8125;8.125;8.4375;8.75;9.0625;9.375;9.6875;10","0;0;0;0;0;0;0;0;0;0;0;0;0;0;0;0;0;0;0;0;0;0;0;0;0;0;0;0;0;0;0;73906;36824;40673;13409;6554;2699;1020;275;0;0;0;0;0;0;0;0;0;0;0;0;0;0;0;0;0;0;0;0;0;0;0;0;0",175360
49,8,"LeakyReLULayer( 0.050000 )",pre_activation,"-10;-9.6875;-9.375;-9.0625;-8.75;-8.4375;-8.125;-7.8125;-7.5;-7.1875;-6.875;-6.5625;-6.25;-5.9375;-5.625;-5.3125;-5;-4.6875;-4.375;-4.0625;-3.75;-3.4375;-3.125;-2.8125;-2.5;-2.1875;-1.875;-1.5625;-1.25;-0.9375;-0.625;-0.3125;0;0.3125;0.625;0.9375;1.25;1.5625;1.875;2.1875;2.5;2.8125;3.125;3.4375;3.75;4.0625;4.375;4.6875;5;5.3125;5.625;5.9375;6.25;6.5625;6.875;7.1875;7.5;7.8125;8.125;8.4375;8.75;9.0625;9.375;9.6875;10","0;0;0;0;0;0;0;0;0;0;0;0;0;0;0;0;0;0;0;0;0;0;0;0;0;0;31;633;2116;5941;10311;21507;20670;12054;8212;3992;1641;484;88;0;0;0;0;0;0;0;0;0;0;0;0;0;0;0;0;0;0;0;0;0;0;0;0;0",87680
49,8,"LeakyReLULayer( 0.050000 )",post_activation,"-10;-9.6875;-9.375;-9.0625;-8.75;-8.4375;-8.125;-7.8125;-7.5;-7.1875;-6.875;-6.5625;-6.25;-5.9375;-5.625;-5.3125;-5;-4.6875;-4.375;-4.0625;-3.75;-3.4375;-3.125;-2.8125;-2.5;-2.1875;-1.875;-1.5625;-1.25;-0.9375;-0.625;-0.3125;0;0.3125;0.625;0.9375;1.25;1.5625;1.875;2.1875;2.5;2.8125;3.125;3.4375;3.75;4.0625;4.375;4.6875;5;5.3125;5.625;5.9375;6.25;6.5625;6.875;7.1875;7.5;7.8125;8.125;8.4375;8.75;9.0625;9.375;9.6875;10","0;0;0;0;0;0;0;0;0;0;0;0;0;0;0;0;0;0;0;0;0;0;0;0;0;0;0;0;0;0;0;40539;20670;12054;8212;3992;1641;484;88;0;0;0;0;0;0;0;0;0;0;0;0;0;0;0;0;0;0;0;0;0;0;0;0;0",87680
50,1,"LeakyReLULayer( 0.050000 )",pre_activation,"-10;-9.6875;-9.375;-9.0625;-8.75;-8.4375;-8.125;-7.8125;-7.5;-7.1875;-6.875;-6.5625;-6.25;-5.9375;-5.625;-5.3125;-5;-4.6875;-4.375;-4.0625;-3.75;-3.4375;-3.125;-2.8125;-2.5;-2.1875;-1.875;-1.5625;-1.25;-0.9375;-0.625;-0.3125;0;0.3125;0.625;0.9375;1.25;1.5625;1.875;2.1875;2.5;2.8125;3.125;3.4375;3.75;4.0625;4.375;4.6875;5;5.3125;5.625;5.9375;6.25;6.5625;6.875;7.1875;7.5;7.8125;8.125;8.4375;8.75;9.0625;9.375;9.6875;10","0;0;0;0;0;0;0;0;0;0;0;0;0;0;0;0;0;0;0;66;487;1563;3657;7214;13544;30112;62540;111128;204632;423348;1062130;2949308;2973936;1183035;417361;215437;104963;70136;25255;4148;0;0;0;0;0;0;0;0;0;0;0;0;0;0;0;0;0;0;0;0;0;0;0;0",9864000
50,1,"LeakyReLULayer( 0.050000 )",post_activation,"-10;-9.6875;-9.375;-9.0625;-8.75;-8.4375;-8.125;-7.8125;-7.5;-7.1875;-6.875;-6.5625;-6.25;-5.9375;-5.625;-5.3125;-5;-4.6875;-4.375;-4.0625;-3.75;-3.4375;-3.125;-2.8125;-2.5;-2.1875;-1.875;-1.5625;-1.25;-0.9375;-0.625;-0.3125;0;0.3125;0.625;0.9375;1.25;1.5625;1.875;2.1875;2.5;2.8125;3.125;3.4375;3.75;4.0625;4.375;4.6875;5;5.3125;5.625;5.9375;6.25;6.5625;6.875;7.1875;7.5;7.8125;8.125;8.4375;8.75;9.0625;9.375;9.6875;10","0;0;0;0;0;0;0;0;0;0;0;0;0;0;0;0;0;0;0;0;0;0;0;0;0;0;0;0;0;0;0;4869729;2973936;1183035;417361;215437;104963;70136;25255;4148;0;0;0;0;0;0;0;0;0;0;0;0;0;0;0;0;0;0;0;0;0;0;0;0",9864000
50,5,"LeakyReLULayer( 0.050000 )",pre_activation,"-10;-9.6875;-9.375;-9.0625;-8.75;-8.4375;-8.125;-7.8125;-7.5;-7.1875;-6.875;-6.5625;-6.25;-5.9375;-5.625;-5.3125;-5;-4.6875;-4.375;-4.0625;-3.75;-3.4375;-3.125;-2.8125;-2.5;-2.1875;-1.875;-1.5625;-1.25;-0.9375;-0.625;-0.3125;0;0.3125;0.625;0.9375;1.25;1.5625;1.875;2.1875;2.5;2.8125;3.125;3.4375;3.75;4.0625;4.375;4.6875;5;5.3125;5.625;5.9375;6.25;6.5625;6.875;7.1875;7.5;7.8125;8.125;8.4375;8.75;9.0625;9.375;9.6875;10","0;0;0;0;0;0;0;0;0;0;0;0;0;0;0;0;0;0;0;0;0;0;0;0;1;43;321;1578;5004;14751;24533;27586;36802;40753;13463;6530;2691;1031;273;0;0;0;0;0;0;0;0;0;0;0;0;0;0;0;0;0;0;0;0;0;0;0;0;0",175360
50,5,"LeakyReLULayer( 0.050000 )",post_activation,"-10;-9.6875;-9.375;-9.0625;-8.75;-8.4375;-8.125;-7.8125;-7.5;-7.1875;-6.875;-6.5625;-6.25;-5.9375;-5.625;-5.3125;-5;-4.6875;-4.375;-4.0625;-3.75;-3.4375;-3.125;-2.8125;-2.5;-2.1875;-1.875;-1.5625;-1.25;-0.9375;-0.625;-0.3125;0;0.3125;0.625;0.9375;1.25;1.5625;1.875;2.1875;2.5;2.8125;3.125;3.4375;3.75;4.0625;4.375;4.6875;5;5.3125;5.625;5.9375;6.25;6.5625;6.875;7.1875;7.5;7.8125;8.125;8.4375;8.75;9.0625;9.375;9.6875;10","0;0;0;0;0;0;0;0;0;0;0;0;0;0;0;0;0;0;0;0;0;0;0;0;0;0;0;0;0;0;0;73817;36802;40753;13463;6530;2691;1031;273;0;0;0;0;0;0;0;0;0;0;0;0;0;0;0;0;0;0;0;0;0;0;0;0;0",175360
50,8,"LeakyReLULayer( 0.050000 )",pre_activation,"-10;-9.6875;-9.375;-9.0625;-8.75;-8.4375;-8.125;-7.8125;-7.5;-7.1875;-6.875;-6.5625;-6.25;-5.9375;-5.625;-5.3125;-5;-4.6875;-4.375;-4.0625;-3.75;-3.4375;-3.125;-2.8125;-2.5;-2.1875;-1.875;-1.5625;-1.25;-0.9375;-0.625;-0.3125;0;0.3125;0.625;0.9375;1.25;1.5625;1.875;2.1875;2.5;2.8125;3.125;3.4375;3.75;4.0625;4.375;4.6875;5;5.3125;5.625;5.9375;6.25;6.5625;6.875;7.1875;7.5;7.8125;8.125;8.4375;8.75;9.0625;9.375;9.6875;10","0;0;0;0;0;0;0;0;0;0;0;0;0;0;0;0;0;0;0;0;0;0;0;0;0;0;28;636;2156;5949;10310;21503;20653;12049;8179;3991;1652;485;89;0;0;0;0;0;0;0;0;0;0;0;0;0;0;0;0;0;0;0;0;0;0;0;0;0",87680
50,8,"LeakyReLULayer( 0.050000 )",post_activation,"-10;-9.6875;-9.375;-9.0625;-8.75;-8.4375;-8.125;-7.8125;-7.5;-7.1875;-6.875;-6.5625;-6.25;-5.9375;-5.625;-5.3125;-5;-4.6875;-4.375;-4.0625;-3.75;-3.4375;-3.125;-2.8125;-2.5;-2.1875;-1.875;-1.5625;-1.25;-0.9375;-0.625;-0.3125;0;0.3125;0.625;0.9375;1.25;1.5625;1.875;2.1875;2.5;2.8125;3.125;3.4375;3.75;4.0625;4.375;4.6875;5;5.3125;5.625;5.9375;6.25;6.5625;6.875;7.1875;7.5;7.8125;8.125;8.4375;8.75;9.0625;9.375;9.6875;10","0;0;0;0;0;0;0;0;0;0;0;0;0;0;0;0;0;0;0;0;0;0;0;0;0;0;0;0;0;0;0;40582;20653;12049;8179;3991;1652;485;89;0;0;0;0;0;0;0;0;0;0;0;0;0;0;0;0;0;0;0;0;0;0;0;0;0",87680
51,1,"LeakyReLULayer( 0.050000 )",pre_activation,"-10;-9.6875;-9.375;-9.0625;-8.75;-8.4375;-8.125;-7.8125;-7.5;-7.1875;-6.875;-6.5625;-6.25;-5.9375;-5.625;-5.3125;-5;-4.6875;-4.375;-4.0625;-3.75;-3.4375;-3.125;-2.8125;-2.5;-2.1875;-1.875;-1.5625;-1.25;-0.9375;-0.625;-0.3125;0;0.3125;0.625;0.9375;1.25;1.5625;1.875;2.1875;2.5;2.8125;3.125;3.4375;3.75;4.0625;4.375;4.6875;5;5.3125;5.625;5.9375;6.25;6.5625;6.875;7.1875;7.5;7.8125;8.125;8.4375;8.75;9.0625;9.375;9.6875;10","0;0;0;0;0;0;0;0;0;0;0;0;0;0;0;0;0;0;0;66;487;1562;3657;7218;13539;30102;62552;111144;204632;423346;1062091;2949329;2973971;1182966;417375;215441;104994;70125;25259;4144;0;0;0;0;0;0;0;0;0;0;0;0;0;0;0;0;0;0;0;0;0;0;0;0",9864000
51,1,"LeakyReLULayer( 0.050000 )",post_activation,"-10;-9.6875;-9.375;-9.0625;-8.75;-8.4375;-8.125;-7.8125;-7.5;-7.1875;-6.875;-6.5625;-6.25;-5.9375;-5.625;-5.3125;-5;-4.6875;-4.375;-4.0625;-3.75;-3.4375;-3.125;-2.8125;-2.5;-2.1875;-1.875;-1.5625;-1.25;-0.9375;-0.625;-0.3125;0;0.3125;0.625;0.9375;1.25;1.5625;1.875;2.1875;2.5;2.8125;3.125;3.4375;3.75;4.0625;4.375;4.6875;5;5.3125;5.625;5.9375;6.25;6.5625;6.875;7.1875;7.5;7.8125;8.125;8.4375;8.75;9.0625;9.375;9.6875;10","0;0;0;0;0;0;0;0;0;0;0;0;0;0;0;0;0;0;0;0;0;0;0;0;0;0;0;0;0;0;0;4869725;2973971;1182966;417375;215441;104994;70125;25259;4144;0;0;0;0;0;0;0;0;0;0;0;0;0;0;0;0;0;0;0;0;0;0;0;0",9864000
51,5,"LeakyReLULayer( 0.050000 )",pre_activation,"-10;-9.6875;-9.375;-9.0625;-8.75;-8.4375;-8.125;-7.8125;-7.5;-7.1875;-6.875;-6.5625;-6.25;-5.9375;-5.625;-5.3125;-5;-4.6875;-4.375;-4.0625;-3.75;-3.4375;-3.125;-2.8125;-2.5;-2.1875;-1.875;-1.5625;-1.25;-0.9375;-0.625;-0.3125;0;0.3125;0.625;0.9375;1.25;1.5625;1.875;2.1875;2.5;2.8125;3.125;3.4375;3.75;4.0625;4.375;4.6875;5;5.3125;5.625;5.9375;6.25;6.5625;6.875;7.1875;7.5;7.8125;8.125;8.4375;8.75;9.0625;9.375;9.6875;10","0;0;0;0;0;0;0;0;0;0;0;0;0;0;0;0;0;0;0;0;0;0;0;0;1;43;320;1562;5018;14718;24536;27592;36779;40853;13413;6535;2693;1022;275;0;0;0;0;0;0;0;0;0;0;0;0;0;0;0;0;0;0;0;0;0;0;0;0;0",175360
51,5,"LeakyReLULayer( 0.050000 )",post_activation,"-10;-9.6875;-9.375;-9.0625;-8.75;-8.4375;-8.125;-7.8125;-7.5;-7.1875;-6.875;-6.5625;-6.25;-5.9375;-5.625;-5.3125;-5;-4.6875;-4.375;-4.0625;-3.75;-3.4375;-3.125;-2.8125;-2.5;-2.1875;-1.875;-1.5625;-1.25;-0.9375;-0.625;-0.3125;0;0.3125;0.625;0.9375;1.25;1.5625;1.875;2.1875;2.5;2.8125;3.125;3.4375;3.75;4.0625;4.375;4.6875;5;5.3125;5.625;5.9375;6.25;6.5625;6.875;7.1875;7.5;7.8125;8.125;8.4375;8.75;9.0625;9.375;9.6875;10","0;0;0;0;0;0;0;0;0;0;0;0;0;0;0;0;0;0;0;0;0;0;0;0;0;0;0;0;0;0;0;73790;36779;40853;13413;6535;2693;1022;275;0;0;0;0;0;0;0;0;0;0;0;0;0;0;0;0;0;0;0;0;0;0;0;0;0",175360
51,8,"LeakyReLULayer( 0.050000 )",pre_activation,"-10;-9.6875;-9.375;-9.0625;-8.75;-8.4375;-8.125;-7.8125;-7.5;-7.1875;-6.875;-6.5625;-6.25;-5.9375;-5.625;-5.3125;-5;-4.6875;-4.375;-4.0625;-3.75;-3.4375;-3.125;-2.8125;-2.5;-2.1875;-1.875;-1.5625;-1.25;-0.9375;-0.625;-0.3125;0;0.3125;0.625;0.9375;1.25;1.5625;1.875;2.1875;2.5;2.8125;3.125;3.4375;3.75;4.0625;4.375;4.6875;5;5.3125;5.625;5.9375;6.25;6.5625;6.875;7.1875;7.5;7.8125;8.125;8.4375;8.75;9.0625;9.375;9.6875;10","0;0;0;0;0;0;0;0;0;0;0;0;0;0;0;0;0;0;0;0;0;0;0;0;0;0;22;639;2152;5937;10294;21545;20610;12078;8179;4032;1626;479;87;0;0;0;0;0;0;0;0;0;0;0;0;0;0;0;0;0;0;0;0;0;0;0;0;0",87680
51,8,"LeakyReLULayer( 0.050000 )",post_activation,"-10;-9.6875;-9.375;-9.0625;-8.75;-8.4375;-8.125;-7.8125;-7.5;-7.1875;-6.875;-6.5625;-6.25;-5.9375;-5.625;-5.3125;-5;-4.6875;-4.375;-4.0625;-3.75;-3.4375;-3.125;-2.8125;-2.5;-2.1875;-1.875;-1.5625;-1.25;-0.9375;-0.625;-0.3125;0;0.3125;0.625;0.9375;1.25;1.5625;1.875;2.1875;2.5;2.8125;3.125;3.4375;3.75;4.0625;4.375;4.6875;5;5.3125;5.625;5.9375;6.25;6.5625;6.875;7.1875;7.5;7.8125;8.125;8.4375;8.75;9.0625;9.375;9.6875;10","0;0;0;0;0;0;0;0;0;0;0;0;0;0;0;0;0;0;0;0;0;0;0;0;0;0;0;0;0;0;0;40589;20610;12078;8179;4032;1626;479;87;0;0;0;0;0;0;0;0;0;0;0;0;0;0;0;0;0;0;0;0;0;0;0;0;0",87680
52,1,"LeakyReLULayer( 0.050000 )",pre_activation,"-10;-9.6875;-9.375;-9.0625;-8.75;-8.4375;-8.125;-7.8125;-7.5;-7.1875;-6.875;-6.5625;-6.25;-5.9375;-5.625;-5.3125;-5;-4.6875;-4.375;-4.0625;-3.75;-3.4375;-3.125;-2.8125;-2.5;-2.1875;-1.875;-1.5625;-1.25;-0.9375;-0.625;-0.3125;0;0.3125;0.625;0.9375;1.25;1.5625;1.875;2.1875;2.5;2.8125;3.125;3.4375;3.75;4.0625;4.375;4.6875;5;5.3125;5.625;5.9375;6.25;6.5625;6.875;7.1875;7.5;7.8125;8.125;8.4375;8.75;9.0625;9.375;9.6875;10","0;0;0;0;0;0;0;0;0;0;0;0;0;0;0;0;0;0;0;65;488;1563;3657;7217;13554;30100;62565;111167;204680;423435;1062048;2949159;2973822;1183004;417404;215521;105006;70138;25259;4148;0;0;0;0;0;0;0;0;0;0;0;0;0;0;0;0;0;0;0;0;0;0;0;0",9864000
52,1,"LeakyReLULayer( 0.050000 )",post_activation,"-10;-9.6875;-9.375;-9.0625;-8.75;-8.4375;-8.125;-7.8125;-7.5;-7.1875;-6.875;-6.5625;-6.25;-5.9375;-5.625;-5.3125;-5;-4.6875;-4.375;-4.0625;-3.75;-3.4375;-3.125;-2.8125;-2.5;-2.1875;-1.875;-1.5625;-1.25;-0.9375;-0.625;-0.3125;0;0.3125;0.625;0.9375;1.25;1.5625;1.875;2.1875;2.5;2.8125;3.125;3.4375;3.75;4.0625;4.375;4.6875;5;5.3125;5.625;5.9375;6.25;6.5625;6.875;7.1875;7.5;7.8125;8.125;8.4375;8.75;9.0625;9.375;9.6875;10","0;0;0;0;0;0;0;0;0;0;0;0;0;0;0;0;0;0;0;0;0;0;0;0;0;0;0;0;0;0;0;4869698;2973822;1183004;417404;215521;105006;70138;25259;4148;0;0;0;0;0;0;0;0;0;0;0;0;0;0;0;0;0;0;0;0;0;0;0;0",9864000
52,5,"LeakyReLULayer( 0.050000 )",pre_activation,"-10;-9.6875;-9.375;-9.0625;-8.75;-8.4375;-8.125;-7.8125;-7.5;-7.1875;-6.875;-6.5625;-6.25;-5.9375;-5.625;-5.3125;-5;-4.6875;-4.375;-4.0625;-3.75;-3.4375;-3.125;-2.8125;-2.5;-2.1875;-1.875;-1.5625;-1.25;-0.9375;-0.625;-0.3125;0;0.3125;0.625;0.9375;1.25;1.5625;1.875;2.1875;2.5;2.8125;3.125;3.4375;3.75;4.0625;4.375;4.6875;5;5.3125;5.625;5.9375;6.25;6.5625;6.875;7.1875;7.5;7.8125;8.125;8.4375;8.75;9.0625;9.375;9.6875;10","0;0;0;0;0;0;0;0;0;0;0;0;0;0;0;0;0;0;0;0;0;0;0;0;1;45;319;1574;5055;14693;24571;27532;36758;40855;13415;6551;2685;1028;278;0;0;0;0;0;0;0;0;0;0;0;0;0;0;0;0;0;0;0;0;0;0;0;0;0",175360
52,5,"LeakyReLULayer( 0.050000 )",post_activation,"-10;-9.6875;-9.375;-9.0625;-8.75;-8.4375;-8.125;-7.8125;-7.5;-7.1875;-6.875;-6.5625;-6.25;-5.9375;-5.625;-5.3125;-5;-4.6875;-4.375;-4.0625;-3.75;-3.4375;-3.125;-2.8125;-2.5;-2.1875;-1.875;-1.5625;-1.25;-0.9375;-0.625;-0.3125;0;0.3125;0.625;0.9375;1.25;1.5625;1.875;2.1875;2.5;2.8125;3.125;3.4375;3.75;4.0625;4.375;4.6875;5;5.3125;5.625;5.9375;6.25;6.5625;6.875;7.1875;7.5;7.8125;8.125;8.4375;8.75;9.0625;9.375;9.6875;10","0;0;0;0;0;0;0;0;0;0;0;0;0;0;0;0;0;0;0;0;0;0;0;0;0;0;0;0;0;0;0;73790;36758;40855;13415;6551;2685;1028;278;0;0;0;0;0;0;0;0;0;0;0;0;0;0;0;0;0;0;0;0;0;0;0;0;0",175360
52,8,"LeakyReLULayer( 0.050000 )",pre_activation,"-10;-9.6875;-9.375;-9.0625;-8.75;-8.4375;-8.125;-7.8125;-7.5;-7.1875;-6.875;-6.5625;-6.25;-5.9375;-5.625;-5.3125;-5;-4.6875;-4.375;-4.0625;-3.75;-3.4375;-3.125;-2.8125;-2.5;-2.1875;-1.875;-1.5625;-1.25;-0.9375;-0.625;-0.3125;0;0.3125;0.625;0.9375;1.25;1.5625;1.875;2.1875;2.5;2.8125;3.125;3.4375;3.75;4.0625;4.375;4.6875;5;5.3125;5.625;5.9375;6.25;6.5625;6.875;7.1875;7.5;7.8125;8.125;8.4375;8.75;9.0625;9.375;9.6875;10","0;0;0;0;0;0;0;0;0;0;0;0;0;0;0;0;0;0;0;0;0;0;0;0;0;0;18;649;2161;5924;10220;21628;20592;12069;8167;4064;1613;482;93;0;0;0;0;0;0;0;0;0;0;0;0;0;0;0;0;0;0;0;0;0;0;0;0;0",87680
52,8,"LeakyReLULayer( 0.050000 )",post_activation,"-10;-9.6875;-9.375;-9.0625;-8.75;-8.4375;-8.125;-7.8125;-7.5;-7.1875;-6.875;-6.5625;-6.25;-5.9375;-5.625;-5.3125;-5;-4.6875;-4.375;-4.0625;-3.75;-3.4375;-3.125;-2.8125;-2.5;-2.1875;-1.875;-1.5625;-1.25;-0.9375;-0.625;-0.3125;0;0.3125;0.625;0.9375;1.25;1.5625;1.875;2.1875;2.5;2.8125;3.125;3.4375;3.75;4.0625;4.375;4.6875;5;5.3125;5.625;5.9375;6.25;6.5625;6.875;7.1875;7.5;7.8125;8.125;8.4375;8.75;9.0625;9.375;9.6875;10","0;0;0;0;0;0;0;0;0;0;0;0;0;0;0;0;0;0;0;0;0;0;0;0;0;0;0;0;0;0;0;40600;20592;12069;8167;4064;1613;482;93;0;0;0;0;0;0;0;0;0;0;0;0;0;0;0;0;0;0;0;0;0;0;0;0;0",87680
53,1,"LeakyReLULayer( 0.050000 )",pre_activation,"-10;-9.6875;-9.375;-9.0625;-8.75;-8.4375;-8.125;-7.8125;-7.5;-7.1875;-6.875;-6.5625;-6.25;-5.9375;-5.625;-5.3125;-5;-4.6875;-4.375;-4.0625;-3.75;-3.4375;-3.125;-2.8125;-2.5;-2.1875;-1.875;-1.5625;-1.25;-0.9375;-0.625;-0.3125;0;0.3125;0.625;0.9375;1.25;1.5625;1.875;2.1875;2.5;2.8125;3.125;3.4375;3.75;4.0625;4.375;4.6875;5;5.3125;5.625;5.9375;6.25;6.5625;6.875;7.1875;7.5;7.8125;8.125;8.4375;8.75;9.0625;9.375;9.6875;10","0;0;0;0;0;0;0;0;0;0;0;0;0;0;0;0;0;0;0;63;490;1561;3659;7206;13548;30085;62551;111159;204616;423356;1061988;2949470;2974044;1182902;417315;215478;105018;70109;25244;4138;0;0;0;0;0;0;0;0;0;0;0;0;0;0;0;0;0;0;0;0;0;0;0;0",9864000
53,1,"LeakyReLULayer( 0.050000 )",post_activation,"-10;-9.6875;-9.375;-9.0625;-8.75;-8.4375;-8.125;-7.8125;-7.5;-7.1875;-6.875;-6.5625;-6.25;-5.9375;-5.625;-5.3125;-5;-4.6875;-4.375;-4.0625;-3.75;-3.4375;-3.125;-2.8125;-2.5;-2.1875;-1.875;-1.5625;-1.25;-0.9375;-0.625;-0.3125;0;0.3125;0.625;0.9375;1.25;1.5625;1.875;2.1875;2.5;2.8125;3.125;3.4375;3.75;4.0625;4.375;4.6875;5;5.3125;5.625;5.9375;6.25;6.5625;6.875;7.1875;7.5;7.8125;8.125;8.4375;8.75;9.0625;9.375;9.6875;10","0;0;0;0;0;0;0;0;0;0;0;0;0;0;0;0;0;0;0;0;0;0;0;0;0;0;0;0;0;0;0;4869752;2974044;1182902;417315;215478;105018;70109;25244;4138;0;0;0;0;0;0;0;0;0;0;0;0;0;0;0;0;0;0;0;0;0;0;0;0",9864000
53,5,"LeakyReLULayer( 0.050000 )",pre_activation,"-10;-9.6875;-9.375;-9.0625;-8.75;-8.4375;-8.125;-7.8125;-7.5;-7.1875;-6.875;-6.5625;-6.25;-5.9375;-5.625;-5.3125;-5;-4.6875;-4.375;-4.0625;-3.75;-3.4375;-3.125;-2.8125;-2.5;-2.1875;-1.875;-1.5625;-1.25;-0.9375;-0.625;-0.3125;0;0.3125;0.625;0.9375;1.25;1.5625;1.875;2.1875;2.5;2.8125;3.125;3.4375;3.75;4.0625;4.375;4.6875;5;5.3125;5.625;5.9375;6.25;6.5625;6.875;7.1875;7.5;7.8125;8.125;8.4375;8.75;9.0625;9.375;9.6875;10","0;0;0;0;0;0;0;0;0;0;0;0;0;0;0;0;0;0;0;0;0;0;0;0;1;43;320;1580;4972;14777;24620;27425;36808;40809;13482;6536;2656;1055;276;0;0;0;0;0;0;0;0;0;0;0;0;0;0;0;0;0;0;0;0;0;0;0;0;0",175360
53,5,"LeakyReLULayer( 0.050000 )",post_activation,"-10;-9.6875;-9.375;-9.0625;-8.75;-8.4375;-8.125;-7.8125;-7.5;-7.1875;-6.875;-6.5625;-6.25;-5.9375;-5.625;-5.3125;-5;-4.6875;-4.375;-4.0625;-3.75;-3.4375;-3.125;-2.8125;-2.5;-2.1875;-1.875;-1.5625;-1.25;-0.9375;-0.625;-0.3125;0;0.3125;0.625;0.9375;1.25;1.5625;1.875;2.1875;2.5;2.8125;3.125;3.4375;3.75;4.0625;4.375;4.6875;5;5.3125;5.625;5.9375;6.25;6.5625;6.875;7.1875;7.5;7.8125;8.125;8.4375;8.75;9.0625;9.375;9.6875;10","0;0;0;0;0;0;0;0;0;0;0;0;0;0;0;0;0;0;0;0;0;0;0;0;0;0;0;0;0;0;0;73738;36808;40809;13482;6536;2656;1055;276;0;0;0;0;0;0;0;0;0;0;0;0;0;0;0;0;0;0;0;0;0;0;0;0;0",175360
53,8,"LeakyReLULayer( 0.050000 )",pre_activation,"-10;-9.6875;-9.375;-9.0625;-8.75;-8.4375;-8.125;-7.8125;-7.5;-7.1875;-6.875;-6.5625;-6.25;-5.9375;-5.625;-5.3125;-5;-4.6875;-4.375;-4.0625;-3.75;-3.4375;-3.125;-2.8125;-2.5;-2.1875;-1.875;-1.5625;-1.25;-0.9375;-0.625;-0.3125;0;0.3125;0.625;0.9375;1.25;1.5625;1.875;2.1875;2.5;2.8125;3.125;3.4375;3.75;4.0625;4.375;4.6875;5;5.3125;5.625;5.9375;6.25;6.5625;6.875;7.1875;7.5;7.8125;8.125;8.4375;8.75;9.0625;9.375;9.6875;10","0;0;0;0;0;0;0;0;0;0;0;0;0;0;0;0;0;0;0;0;0;0;0;0;0;0;20;655;2163;5928;10171;21614;20597;12153;8147;4036;1624;485;87;0;0;0;0;0;0;0;0;0;0;0;0;0;0;0;0;0;0;0;0;0;0;0;0;0",87680
53,8,"LeakyReLULayer( 0.050000 )",post_activation,"-10;-9.6875;-9.375;-9.0625;-8.75;-8.4375;-8.125;-7.8125;-7.5;-7.1875;-6.875;-6.5625;-6.25;-5.9375;-5.625;-5.3125;-5;-4.6875;-4.375;-4.0625;-3.75;-3.4375;-3.125;-2.8125;-2.5;-2.1875;-1.875;-1.5625;-1.25;-0.9375;-0.625;-0.3125;0;0.3125;0.625;0.9375;1.25;1.5625;1.875;2.1875;2.5;2.8125;3.125;3.4375;3.75;4.0625;4.375;4.6875;5;5.3125;5.625;5.9375;6.25;6.5625;6.875;7.1875;7.5;7.8125;8.125;8.4375;8.75;9.0625;9.375;9.6875;10","0;0;0;0;0;0;0;0;0;0;0;0;0;0;0;0;0;0;0;0;0;0;0;0;0;0;0;0;0;0;0;40551;20597;12153;8147;4036;1624;485;87;0;0;0;0;0;0;0;0;0;0;0;0;0;0;0;0;0;0;0;0;0;0;0;0;0",87680
54,1,"LeakyReLULayer( 0.050000 )",pre_activation,"-10;-9.6875;-9.375;-9.0625;-8.75;-8.4375;-8.125;-7.8125;-7.5;-7.1875;-6.875;-6.5625;-6.25;-5.9375;-5.625;-5.3125;-5;-4.6875;-4.375;-4.0625;-3.75;-3.4375;-3.125;-2.8125;-2.5;-2.1875;-1.875;-1.5625;-1.25;-0.9375;-0.625;-0.3125;0;0.3125;0.625;0.9375;1.25;1.5625;1.875;2.1875;2.5;2.8125;3.125;3.4375;3.75;4.0625;4.375;4.6875;5;5.3125;5.625;5.9375;6.25;6.5625;6.875;7.1875;7.5;7.8125;8.125;8.4375;8.75;9.0625;9.375;9.6875;10","0;0;0;0;0;0;0;0;0;0;0;0;0;0;0;0;0;0;0;63;490;1562;3658;7209;13549;30093;62563;111145;204612;423308;1061911;2949531;2974261;1182778;417261;215477;105023;70117;25248;4141;0;0;0;0;0;0;0;0;0;0;0;0;0;0;0;0;0;0;0;0;0;0;0;0",9864000
54,1,"LeakyReLULayer( 0.050000 )",post_activation,"-10;-9.6875;-9.375;-9.0625;-8.75;-8.4375;-8.125;-7.8125;-7.5;-7.1875;-6.875;-6.5625;-6.25;-5.9375;-5.625;-5.3125;-5;-4.6875;-4.375;-4.0625;-3.75;-3.4375;-3.125;-2.8125;-2.5;-2.1875;-1.875;-1.5625;-1.25;-0.9375;-0.625;-0.3125;0;0.3125;0.625;0.9375;1.25;1.5625;1.875;2.1875;2.5;2.8125;3.125;3.4375;3.75;4.0625;4.375;4.6875;5;5.3125;5.625;5.9375;6.25;6.5625;6.875;7.1875;7.5;7.8125;8.125;8.4375;8.75;9.0625;9.375;9.6875;10","0;0;0;0;0;0;0;0;0;0;0;0;0;0;0;0;0;0;0;0;0;0;0;0;0;0;0;0;0;0;0;4869694;2974261;1182778;417261;215477;105023;70117;25248;4141;0;0;0;0;0;0;0;0;0;0;0;0;0;0;0;0;0;0;0;0;0;0;0;0",9864000
54,5,"LeakyReLULayer( 0.050000 )",pre_activation,"-10;-9.6875;-9.375;-9.0625;-8.75;-8.4375;-8.125;-7.8125;-7.5;-7.1875;-6.875;-6.5625;-6.25;-5.9375;-5.625;-5.3125;-5;-4.6875;-4.375;-4.0625;-3.75;-3.4375;-3.125;-2.8125;-2.5;-2.1875;-1.875;-1.5625;-1.25;-0.9375;-0.625;-0.3125;0;0.3125;0.625;0.9375;1.25;1.5625;1.875;2.1875;2.5;2.8125;3.125;3.4375;3.75;4.0625;4.375;4.6875;5;5.3125;5.625;5.9375;6.25;6.5625;6.875;7.1875;7.5;7.8125;8.125;8.4375;8.75;9.0625;9.375;9.6875;10","0;0;0;0;0;0;0;0;0;0;0;0;0;0;0;0;0;0;0;0;0;0;0;0;1;42;319;1597;4919;14798;24623;27495;36671;40930;13448;6532;2644;1060;281;0;0;0;0;0;0;0;0;0;0;0;0;0;0;0;0;0;0;0;0;0;0;0;0;0",175360
54,5,"LeakyReLULayer( 0.050000 )",post_activation,"-10;-9.6875;-9.375;-9.0625;-8.75;-8.4375;-8.125;-7.8125;-7.5;-7.1875;-6.875;-6.5625;-6.25;-5.9375;-5.625;-5.3125;-5;-4.6875;-4.375;-4.0625;-3.75;-3.4375;-3.125;-2.8125;-2.5;-2.1875;-1.875;-1.5625;-1.25;-0.9375;-0.625;-0.3125;0;0.3125;0.625;0.9375;1.25;1.5625;1.875;2.1875;2.5;2.8125;3.125;3.4375;3.75;4.0625;4.375;4.6875;5;5.3125;5.625;5.9375;6.25;6.5625;6.875;7.1875;7.5;7.8125;8.125;8.4375;8.75;9.0625;9.375;9.6875;10","0;0;0;0;0;0;0;0;0;0;0;0;0;0;0;0;0;0;0;0;0;0;0;0;0;0;0;0;0;0;0;73794;36671;40930;13448;6532;2644;1060;281;0;0;0;0;0;0;0;0;0;0;0;0;0;0;0;0;0;0;0;0;0;0;0;0;0",175360
54,8,"LeakyReLULayer( 0.050000 )",pre_activation,"-10;-9.6875;-9.375;-9.0625;-8.75;-8.4375;-8.125;-7.8125;-7.5;-7.1875;-6.875;-6.5625;-6.25;-5.9375;-5.625;-5.3125;-5;-4.6875;-4.375;-4.0625;-3.75;-3.4375;-3.125;-2.8125;-2.5;-2.1875;-1.875;-1.5625;-1.25;-0.9375;-0.625;-0.3125;0;0.3125;0.625;0.9375;1.25;1.5625;1.875;2.1875;2.5;2.8125;3.125;3.4375;3.75;4.0625;4.375;4.6875;5;5.3125;5.625;5.9375;6.25;6.5625;6.875;7.1875;7.5;7.8125;8.125;8.4375;8.75;9.0625;9.375;9.6875;10","0;0;0;0;0;0;0;0;0;0;0;0;0;0;0;0;0;0;0;0;0;0;0;0;0;0;14;653;2179;5897;10206;21566;20573;12233;8141;4053;1603;476;86;0;0;0;0;0;0;0;0;0;0;0;0;0;0;0;0;0;0;0;0;0;0;0;0;0",87680
54,8,"LeakyReLULayer( 0.050000 )",post_activation,"-10;-9.6875;-9.375;-9.0625;-8.75;-8.4375;-8.125;-7.8125;-7.5;-7.1875;-6.875;-6.5625;-6.25;-5.9375;-5.625;-5.3125;-5;-4.6875;-4.375;-4.0625;-3.75;-3.4375;-3.125;-2.8125;-2.5;-2.1875;-1.875;-1.5625;-1.25;-0.9375;-0.625;-0.3125;0;0.3125;0.625;0.9375;1.25;1.5625;1.875;2.1875;2.5;2.8125;3.125;3.4375;3.75;4.0625;4.375;4.6875;5;5.3125;5.625;5.9375;6.25;6.5625;6.875;7.1875;7.5;7.8125;8.125;8.4375;8.75;9.0625;9.375;9.6875;10","0;0;0;0;0;0;0;0;0;0;0;0;0;0;0;0;0;0;0;0;0;0;0;0;0;0;0;0;0;0;0;40515;20573;12233;8141;4053;1603;476;86;0;0;0;0;0;0;0;0;0;0;0;0;0;0;0;0;0;0;0;0;0;0;0;0;0",87680
55,1,"LeakyReLULayer( 0.050000 )",pre_activation,"-10;-9.6875;-9.375;-9.0625;-8.75;-8.4375;-8.125;-7.8125;-7.5;-7.1875;-6.875;-6.5625;-6.25;-5.9375;-5.625;-5.3125;-5;-4.6875;-4.375;-4.0625;-3.75;-3.4375;-3.125;-2.8125;-2.5;-2.1875;-1.875;-1.5625;-1.25;-0.9375;-0.625;-0.3125;0;0.3125;0.625;0.9375;1.25;1.5625;1.875;2.1875;2.5;2.8125;3.125;3.4375;3.75;4.0625;4.375;4.6875;5;5.3125;5.625;5.9375;6.25;6.5625;6.875;7.1875;7.5;7.8125;8.125;8.4375;8.75;9.0625;9.375;9.6875;10","0;0;0;0;0;0;0;0;0;0;0;0;0;0;0;0;0;0;0;63;489;1562;3658;7207;13550;30085;62573;111165;204587;423270;1061796;2949779;2974394;1182595;417204;215486;105038;70117;25244;4138;0;0;0;0;0;0;0;0;0;0;0;0;0;0;0;0;0;0;0;0;0;0;0;0",9864000
55,1,"LeakyReLULayer( 0.050000 )",post_activation,"-10;-9.6875;-9.375;-9.0625;-8.75;-8.4375;-8.125;-7.8125;-7.5;-7.1875;-6.875;-6.5625;-6.25;-5.9375;-5.625;-5.3125;-5;-4.6875;-4.375;-4.0625;-3.75;-3.4375;-3.125;-2.8125;-2.5;-2.1875;-1.875;-1.5625;-1.25;-0.9375;-0.625;-0.3125;0;0.3125;0.625;0.9375;1.25;1.5625;1.875;2.1875;2.5;2.8125;3.125;3.4375;3.75;4.0625;4.375;4.6875;5;5.3125;5.625;5.9375;6.25;6.5625;6.875;7.1875;7.5;7.8125;8.125;8.4375;8.75;9.0625;9.375;9.6875;10","0;0;0;0;0;0;0;0;0;0;0;0;0;0;0;0;0;0;0;0;0;0;0;0;0;0;0;0;0;0;0;4869784;2974394;1182595;417204;215486;105038;70117;25244;4138;0;0;0;0;0;0;0;0;0;0;0;0;0;0;0;0;0;0;0;0;0;0;0;0",9864000
55,5,"LeakyReLULayer( 0.050000 )",pre_activation,"-10;-9.6875;-9.375;-9.0625;-8.75;-8.4375;-8.125;-7.8125;-7.5;-7.1875;-6.875;-6.5625;-6.25;-5.9375;-5.625;-5.3125;-5;-4.6875;-4.375;-4.0625;-3.75;-3.4375;-3.125;-2.8125;-2.5;-2.1875;-1.875;-1.5625;-1.25;-0.9375;-0.625;-0.3125;0;0.3125;0.625;0.9375;1.25;1.5625;1.875;2.1875;2.5;2.8125;3.125;3.4375;3.75;4.0625;4.375;4.6875;5;5.3125;5.625;5.9375;6.25;6.5625;6.875;7.1875;7.5;7.8125;8.125;8.4375;8.75;9.0625;9.375;9.6875;10","0;0;0;0;0;0;0;0;0;0;0;0;0;0;0;0;0;0;0;0;0;0;0;0;1;44;317;1581;4936;14788;24578;27393;36912;40797;13486;6567;2654;1026;280;0;0;0;0;0;0;0;0;0;0;0;0;0;0;0;0;0;0;0;0;0;0;0;0;0",175360
55,5,"LeakyReLULayer( 0.050000 )",post_activation,"-10;-9.6875;-9.375;-9.0625;-8.75;-8.4375;-8.125;-7.8125;-7.5;-7.1875;-6.875;-6.5625;-6.25;-5.9375;-5.625;-5.3125;-5;-4.6875;-4.375;-4.0625;-3.75;-3.4375;-3.125;-2.8125;-2.5;-2.1875;-1.875;-1.5625;-1.25;-0.9375;-0.625;-0.3125;0;0.3125;0.625;0.9375;1.25;1.5625;1.875;2.1875;2.5;2.8125;3.125;3.4375;3.75;4.0625;4.375;4.6875;5;5.3125;5.625;5.9375;6.25;6.5625;6.875;7.1875;7.5;7.8125;8.125;8.4375;8.75;9.0625;9.375;9.6875;10","0;0;0;0;0;0;0;0;0;0;0;0;0;0;0;0;0;0;0;0;0;0;0;0;0;0;0;0;0;0;0;73638;36912;40797;13486;6567;2654;1026;280;0;0;0;0;0;0;0;0;0;0;0;0;0;0;0;0;0;0;0;0;0;0;0;0;0",175360
55,8,"LeakyReLULayer( 0.050000 )",pre_activation,"-10;-9.6875;-9.375;-9.0625;-8.75;-8.4375;-8.125;-7.8125;-7.5;-7.1875;-6.875;-6.5625;-6.25;-5.9375;-5.625;-5.3125;-5;-4.6875;-4.375;-4.0625;-3.75;-3.4375;-3.125;-2.8125;-2.5;-2.1875;-1.875;-1.5625;-1.25;-0.9375;-0.625;-0.3125;0;0.3125;0.625;0.9375;1.25;1.5625;1.875;2.1875;2.5;2.8125;3.125;3.4375;3.75;4.0625;4.375;4.6875;5;5.3125;5.625;5.9375;6.25;6.5625;6.875;7.1875;7.5;7.8125;8.125;8.4375;8.75;9.0625;9.375;9.6875;10","0;0;0;0;0;0;0;0;0;0;0;0;0;0;0;0;0;0;0;0;0;0;0;0;0;0;15;660;2160;5839;10150;21564;20743;12184;8143;4056;1592;482;92;0;0;0;0;0;0;0;0;0;0;0;0;0;0;0;0;0;0;0;0;0;0;0;0;0",87680
55,8,"LeakyReLULayer( 0.050000 )",post_activation,"-10;-9.6875;-9.375;-9.0625;-8.75;-8.4375;-8.125;-7.8125;-7.5;-7.1875;-6.875;-6.5625;-6.25;-5.9375;-5.625;-5.3125;-5;-4.6875;-4.375;-4.0625;-3.75;-3.4375;-3.125;-2.8125;-2.5;-2.1875;-1.875;-1.5625;-1.25;-0.9375;-0.625;-0.3125;0;0.3125;0.625;0.9375;1.25;1.5625;1.875;2.1875;2.5;2.8125;3.125;3.4375;3.75;4.0625;4.375;4.6875;5;5.3125;5.625;5.9375;6.25;6.5625;6.875;7.1875;7.5;7.8125;8.125;8.4375;8.75;9.0625;9.375;9.6875;10","0;0;0;0;0;0;0;0;0;0;0;0;0;0;0;0;0;0;0;0;0;0;0;0;0;0;0;0;0;0;0;40388;20743;12184;8143;4056;1592;482;92;0;0;0;0;0;0;0;0;0;0;0;0;0;0;0;0;0;0;0;0;0;0;0;0;0",87680
56,1,"LeakyReLULayer( 0.050000 )",pre_activation,"-10;-9.6875;-9.375;-9.0625;-8.75;-8.4375;-8.125;-7.8125;-7.5;-7.1875;-6.875;-6.5625;-6.25;-5.9375;-5.625;-5.3125;-5;-4.6875;-4.375;-4.0625;-3.75;-3.4375;-3.125;-2.8125;-2.5;-2.1875;-1.875;-1.5625;-1.25;-0.9375;-0.625;-0.3125;0;0.3125;0.625;0.9375;1.25;1.5625;1.875;2.1875;2.5;2.8125;3.125;3.4375;3.75;4.0625;4.375;4.6875;5;5.3125;5.625;5.9375;6.25;6.5625;6.875;7.1875;7.5;7.8125;8.125;8.4375;8.75;9.0625;9.375;9.6875;10","0;0;0;0;0;0;0;0;0;0;0;0;0;0;0;0;0;0;0;63;488;1562;3658;7205;13527;30089;62564;111158;204593;423209;1061741;2949918;2974525;1182584;417147;215487;105017;70105;25243;4117;0;0;0;0;0;0;0;0;0;0;0;0;0;0;0;0;0;0;0;0;0;0;0;0",9864000
56,1,"LeakyReLULayer( 0.050000 )",post_activation,"-10;-9.6875;-9.375;-9.0625;-8.75;-8.4375;-8.125;-7.8125;-7.5;-7.1875;-6.875;-6.5625;-6.25;-5.9375;-5.625;-5.3125;-5;-4.6875;-4.375;-4.0625;-3.75;-3.4375;-3.125;-2.8125;-2.5;-2.1875;-1.875;-1.5625;-1.25;-0.9375;-0.625;-0.3125;0;0.3125;0.625;0.9375;1.25;1.5625;1.875;2.1875;2.5;2.8125;3.125;3.4375;3.75;4.0625;4.375;4.6875;5;5.3125;5.625;5.9375;6.25;6.5625;6.875;7.1875;7.5;7.8125;8.125;8.4375;8.75;9.0625;9.375;9.6875;10","0;0;0;0;0;0;0;0;0;0;0;0;0;0;0;0;0;0;0;0;0;0;0;0;0;0;0;0;0;0;0;4869775;2974525;1182584;417147;215487;105017;70105;25243;4117;0;0;0;0;0;0;0;0;0;0;0;0;0;0;0;0;0;0;0;0;0;0;0;0",9864000
56,5,"LeakyReLULayer( 0.050000 )",pre_activation,"-10;-9.6875;-9.375;-9.0625;-8.75;-8.4375;-8.125;-7.8125;-7.5;-7.1875;-6.875;-6.5625;-6.25;-5.9375;-5.625;-5.3125;-5;-4.6875;-4.375;-4.0625;-3.75;-3.4375;-3.125;-2.8125;-2.5;-2.1875;-1.875;-1.5625;-1.25;-0.9375;-0.625;-0.3125;0;0.3125;0.625;0.9375;1.25;1.5625;1.875;2.1875;2.5;2.8125;3.125;3.4375;3.75;4.0625;4.375;4.6875;5;5.3125;5.625;5.9375;6.25;6.5625;6.875;7.1875;7.5;7.8125;8.125;8.4375;8.75;9.0625;9.375;9.6875;10","0;0;0;0;0;0;0;0;0;0;0;0;0;0;0;0;0;0;0;0;0;0;0;0;1;44;318;1587;4884;14869;24535;27197;36890;41016;13493;6567;2646;1034;279;0;0;0;0;0;0;0;0;0;0;0;0;0;0;0;0;0;0;0;0;0;0;0;0;0",175360
56,5,"LeakyReLULayer( 0.050000 )",post_activation,"-10;-9.6875;-9.375;-9.0625;-8.75;-8.4375;-8.125;-7.8125;-7.5;-7.1875;-6.875;-6.5625;-6.25;-5.9375;-5.625;-5.3125;-5;-4.6875;-4.375;-4.0625;-3.75;-3.4375;-3.125;-2.8125;-2.5;-2.1875;-1.875;-1.5625;-1.25;-0.9375;-0.625;-0.3125;0;0.3125;0.625;0.9375;1.25;1.5625;1.875;2.1875;2.5;2.8125;3.125;3.4375;3.75;4.0625;4.375;4.6875;5;5.3125;5.625;5.9375;6.25;6.5625;6.875;7.1875;7.5;7.8125;8.125;8.4375;8.75;9.0625;9.375;9.6875;10","0;0;0;0;0;0;0;0;0;0;0;0;0;0;0;0;0;0;0;0;0;0;0;0;0;0;0;0;0;0;0;73435;36890;41016;13493;6567;2646;1034;279;0;0;0;0;0;0;0;0;0;0;0;0;0;0;0;0;0;0;0;0;0;0;0;0;0",175360
56,8,"LeakyReLULayer( 0.050000 )",pre_activation,"-10;-9.6875;-9.375;-9.0625;-8.75;-8.4375;-8.125;-7.8125;-7.5;-7.1875;-6.875;-6.5625;-6.25;-5.9375;-5.625;-5.3125;-5;-4.6875;-4.375;-4.0625;-3.75;-3.4375;-3.125;-2.8125;-2.5;-2.1875;-1.875;-1.5625;-1.25;-0.9375;-0.625;-0.3125;0;0.3125;0.625;0.9375;1.25;1.5625;1.875;2.1875;2.5;2.8125;3.125;3.4375;3.75;4.0625;4.375;4.6875;5;5.3125;5.625;5.9375;6.25;6.5625;6.875;7.1875;7.5;7.8125;8.125;8.4375;8.75;9.0625;9.375;9.6875;10","0;0;0;0;0;0;0;0;0;0;0;0;0;0;0;0;0;0;0;0;0;0;0;0;0;0;17;660;2195;5816;10212;21507;20757;12157;8131;4057;1591;491;89;0;0;0;0;0;0;0;0;0;0;0;0;0;0;0;0;0;0;0;0;0;0;0;0;0",87680
56,8,"LeakyReLULayer( 0.050000 )",post_activation,"-10;-9.6875;-9.375;-9.0625;-8.75;-8.4375;-8.125;-7.8125;-7.5;-7.1875;-6.875;-6.5625;-6.25;-5.9375;-5.625;-5.3125;-5;-4.6875;-4.375;-4.0625;-3.75;-3.4375;-3.125;-2.8125;-2.5;-2.1875;-1.875;-1.5625;-1.25;-0.9375;-0.625;-0.3125;0;0.3125;0.625;0.9375;1.25;1.5625;1.875;2.1875;2.5;2.8125;3.125;3.4375;3.75;4.0625;4.375;4.6875;5;5.3125;5.625;5.9375;6.25;6.5625;6.875;7.1875;7.5;7.8125;8.125;8.4375;8.75;9.0625;9.375;9.6875;10","0;0;0;0;0;0;0;0;0;0;0;0;0;0;0;0;0;0;0;0;0;0;0;0;0;0;0;0;0;0;0;40407;20757;12157;8131;4057;1591;491;89;0;0;0;0;0;0;0;0;0;0;0;0;0;0;0;0;0;0;0;0;0;0;0;0;0",87680
57,1,"LeakyReLULayer( 0.050000 )",pre_activation,"-10;-9.6875;-9.375;-9.0625;-8.75;-8.4375;-8.125;-7.8125;-7.5;-7.1875;-6.875;-6.5625;-6.25;-5.9375;-5.625;-5.3125;-5;-4.6875;-4.375;-4.0625;-3.75;-3.4375;-3.125;-2.8125;-2.5;-2.1875;-1.875;-1.5625;-1.25;-0.9375;-0.625;-0.3125;0;0.3125;0.625;0.9375;1.25;1.5625;1.875;2.1875;2.5;2.8125;3.125;3.4375;3.75;4.0625;4.375;4.6875;5;5.3125;5.625;5.9375;6.25;6.5625;6.875;7.1875;7.5;7.8125;8.125;8.4375;8.75;9.0625;9.375;9.6875;10","0;0;0;0;0;0;0;0;0;0;0;0;0;0;0;0;0;0;0;61;489;1562;3654;7206;13521;30088;62541;111172;204582;423202;1061789;2949892;2974556;1182599;417130;215500;105025;70091;25236;4104;0;0;0;0;0;0;0;0;0;0;0;0;0;0;0;0;0;0;0;0;0;0;0;0",9864000
57,1,"LeakyReLULayer( 0.050000 )",post_activation,"-10;-9.6875;-9.375;-9.0625;-8.75;-8.4375;-8.125;-7.8125;-7.5;-7.1875;-6.875;-6.5625;-6.25;-5.9375;-5.625;-5.3125;-5;-4.6875;-4.375;-4.0625;-3.75;-3.4375;-3.125;-2.8125;-2.5;-2.1875;-1.875;-1.5625;-1.25;-0.9375;-0.625;-0.3125;0;0.3125;0.625;0.9375;1.25;1.5625;1.875;2.1875;2.5;2.8125;3.125;3.4375;3.75;4.0625;4.375;4.6875;5;5.3125;5.625;5.9375;6.25;6.5625;6.875;7.1875;7.5;7.8125;8.125;8.4375;8.75;9.0625;9.375;9.6875;10","0;0;0;0;0;0;0;0;0;0;0;0;0;0;0;0;0;0;0;0;0;0;0;0;0;0;0;0;0;0;0;4869759;2974556;1182599;417130;215500;105025;70091;25236;4104;0;0;0;0;0;0;0;0;0;0;0;0;0;0;0;0;0;0;0;0;0;0;0;0",9864000
57,5,"LeakyReLULayer( 0.050000 )",pre_activation,"-10;-9.6875;-9.375;-9.0625;-8.75;-8.4375;-8.125;-7.8125;-7.5;-7.1875;-6.875;-6.5625;-6.25;-5.9375;-5.625;-5.3125;-5;-4.6875;-4.375;-4.0625;-3.75;-3.4375;-3.125;-2.8125;-2.5;-2.1875;-1.875;-1.5625;-1.25;-0.9375;-0.625;-0.3125;0;0.3125;0.625;0.9375;1.25;1.5625;1.875;2.1875;2.5;2.8125;3.125;3.4375;3.75;4.0625;4.375;4.6875;5;5.3125;5.625;5.9375;6.25;6.5625;6.875;7.1875;7.5;7.8125;8.125;8.4375;8.75;9.0625;9.375;9.6875;10","0;0;0;0;0;0;0;0;0;0;0;0;0;0;0;0;0;0;0;0;0;0;0;0;1;44;319;1583;4919;14842;24502;27100;36966;41000;13558;6589;2640;1019;278;0;0;0;0;0;0;0;0;0;0;0;0;0;0;0;0;0;0;0;0;0;0;0;0;0",175360
57,5,"LeakyReLULayer( 0.050000 )",post_activation,"-10;-9.6875;-9.375;-9.0625;-8.75;-8.4375;-8.125;-7.8125;-7.5;-7.1875;-6.875;-6.5625;-6.25;-5.9375;-5.625;-5.3125;-5;-4.6875;-4.375;-4.0625;-3.75;-3.4375;-3.125;-2.8125;-2.5;-2.1875;-1.875;-1.5625;-1.25;-0.9375;-0.625;-0.3125;0;0.3125;0.625;0.9375;1.25;1.5625;1.875;2.1875;2.5;2.8125;3.125;3.4375;3.75;4.0625;4.375;4.6875;5;5.3125;5.625;5.9375;6.25;6.5625;6.875;7.1875;7.5;7.8125;8.125;8.4375;8.75;9.0625;9.375;9.6875;10","0;0;0;0;0;0;0;0;0;0;0;0;0;0;0;0;0;0;0;0;0;0;0;0;0;0;0;0;0;0;0;73310;36966;41000;13558;6589;2640;1019;278;0;0;0;0;0;0;0;0;0;0;0;0;0;0;0;0;0;0;0;0;0;0;0;0;0",175360
57,8,"LeakyReLULayer( 0.050000 )",pre_activation,"-10;-9.6875;-9.375;-9.0625;-8.75;-8.4375;-8.125;-7.8125;-7.5;-7.1875;-6.875;-6.5625;-6.25;-5.9375;-5.625;-5.3125;-5;-4.6875;-4.375;-4.0625;-3.75;-3.4375;-3.125;-2.8125;-2.5;-2.1875;-1.875;-1.5625;-1.25;-0.9375;-0.625;-0.3125;0;0.3125;0.625;0.9375;1.25;1.5625;1.875;2.1875;2.5;2.8125;3.125;3.4375;3.75;4.0625;4.375;4.6875;5;5.3125;5.625;5.9375;6.25;6.5625;6.875;7.1875;7.5;7.8125;8.125;8.4375;8.75;9.0625;9.375;9.6875;10","0;0;0;0;0;0;0;0;0;0;0;0;0;0;0;0;0;0;0;0;0;0;0;0;0;0;16;667;2210;5797;10236;21407;20771;12128;8145;4112;1612;488;91;0;0;0;0;0;0;0;0;0;0;0;0;0;0;0;0;0;0;0;0;0;0;0;0;0",87680
57,8,"LeakyReLULayer( 0.050000 )",post_activation,"-10;-9.6875;-9.375;-9.0625;-8.75;-8.4375;-8.125;-7.8125;-7.5;-7.1875;-6.875;-6.5625;-6.25;-5.9375;-5.625;-5.3125;-5;-4.6875;-4.375;-4.0625;-3.75;-3.4375;-3.125;-2.8125;-2.5;-2.1875;-1.875;-1.5625;-1.25;-0.9375;-0.625;-0.3125;0;0.3125;0.625;0.9375;1.25;1.5625;1.875;2.1875;2.5;2.8125;3.125;3.4375;3.75;4.0625;4.375;4.6875;5;5.3125;5.625;5.9375;6.25;6.5625;6.875;7.1875;7.5;7.8125;8.125;8.4375;8.75;9.0625;9.375;9.6875;10","0;0;0;0;0;0;0;0;0;0;0;0;0;0;0;0;0;0;0;0;0;0;0;0;0;0;0;0;0;0;0;40333;20771;12128;8145;4112;1612;488;91;0;0;0;0;0;0;0;0;0;0;0;0;0;0;0;0;0;0;0;0;0;0;0;0;0",87680
58,1,"LeakyReLULayer( 0.050000 )",pre_activation,"-10;-9.6875;-9.375;-9.0625;-8.75;-8.4375;-8.125;-7.8125;-7.5;-7.1875;-6.875;-6.5625;-6.25;-5.9375;-5.625;-5.3125;-5;-4.6875;-4.375;-4.0625;-3.75;-3.4375;-3.125;-2.8125;-2.5;-2.1875;-1.875;-1.5625;-1.25;-0.9375;-0.625;-0.3125;0;0.3125;0.625;0.9375;1.25;1.5625;1.875;2.1875;2.5;2.8125;3.125;3.4375;3.75;4.0625;4.375;4.6875;5;5.3125;5.625;5.9375;6.25;6.5625;6.875;7.1875;7.5;7.8125;8.125;8.4375;8.75;9.0625;9.375;9.6875;10","0;0;0;0;0;0;0;0;0;0;0;0;0;0;0;0;0;0;0;63;487;1562;3652;7206;13510;30095;62521;111170;204570;423082;1061719;2950279;2974688;1182431;417059;215485;105025;70069;25228;4099;0;0;0;0;0;0;0;0;0;0;0;0;0;0;0;0;0;0;0;0;0;0;0;0",9864000
58,1,"LeakyReLULayer( 0.050000 )",post_activation,"-10;-9.6875;-9.375;-9.0625;-8.75;-8.4375;-8.125;-7.8125;-7.5;-7.1875;-6.875;-6.5625;-6.25;-5.9375;-5.625;-5.3125;-5;-4.6875;-4.375;-4.0625;-3.75;-3.4375;-3.125;-2.8125;-2.5;-2.1875;-1.875;-1.5625;-1.25;-0.9375;-0.625;-0.3125;0;0.3125;0.625;0.9375;1.25;1.5625;1.875;2.1875;2.5;2.8125;3.125;3.4375;3.75;4.0625;4.375;4.6875;5;5.3125;5.625;5.9375;6.25;6.5625;6.875;7.1875;7.5;7.8125;8.125;8.4375;8.75;9.0625;9.375;9.6875;10","0;0;0;0;0;0;0;0;0;0;0;0;0;0;0;0;0;0;0;0;0;0;0;0;0;0;0;0;0;0;0;4869916;2974688;1182431;417059;215485;105025;70069;25228;4099;0;0;0;0;0;0;0;0;0;0;0;0;0;0;0;0;0;0;0;0;0;0;0;0",9864000
58,5,"LeakyReLULayer( 0.050000 )",pre_activation,"-10;-9.6875;-9.375;-9.0625;-8.75;-8.4375;-8.125;-7.8125;-7.5;-7.1875;-6.875;-6.5625;-6.25;-5.9375;-5.625;-5.3125;-5;-4.6875;-4.375;-4.0625;-3.75;-3.4375;-3.125;-2.8125;-2.5;-2.1875;-1.875;-1.5625;-1.25;-0.9375;-0.625;-0.3125;0;0.3125;0.625;0.9375;1.25;1.5625;1.875;2.1875;2.5;2.8125;3.125;3.4375;3.75;4.0625;4.375;4.6875;5;5.3125;5.625;5.9375;6.25;6.5625;6.875;7.1875;7.5;7.8125;8.125;8.4375;8.75;9.0625;9.375;9.6875;10","0;0;0;0;0;0;0;0;0;0;0;0;0;0;0;0;0;0;0;0;0;0;0;0;1;44;317;1590;4904;14969;24519;26890;37255;40820;13511;6585;2634;1043;278;0;0;0;0;0;0;0;0;0;0;0;0;0;0;0;0;0;0;0;0;0;0;0;0;0",175360
58,5,"LeakyReLULayer( 0.050000 )",post_activation,"-10;-9.6875;-9.375;-9.0625;-8.75;-8.4375;-8.125;-7.8125;-7.5;-7.1875;-6.875;-6.5625;-6.25;-5.9375;-5.625;-5.3125;-5;-4.6875;-4.375;-4.0625;-3.75;-3.4375;-3.125;-2.8125;-2.5;-2.1875;-1.875;-1.5625;-1.25;-0.9375;-0.625;-0.3125;0;0.3125;0.625;0.9375;1.25;1.5625;1.875;2.1875;2.5;2.8125;3.125;3.4375;3.75;4.0625;4.375;4.6875;5;5.3125;5.625;5.9375;6.25;6.5625;6.875;7.1875;7.5;7.8125;8.125;8.4375;8.75;9.0625;9.375;9.6875;10","0;0;0;0;0;0;0;0;0;0;0;0;0;0;0;0;0;0;0;0;0;0;0;0;0;0;0;0;0;0;0;73234;37255;40820;13511;6585;2634;1043;278;0;0;0;0;0;0;0;0;0;0;0;0;0;0;0;0;0;0;0;0;0;0;0;0;0",175360
58,8,"LeakyReLULayer( 0.050000 )",pre_activation,"-10;-9.6875;-9.375;-9.0625;-8.75;-8.4375;-8.125;-7.8125;-7.5;-7.1875;-6.875;-6.5625;-6.25;-5.9375;-5.625;-5.3125;-5;-4.6875;-4.375;-4.0625;-3.75;-3.4375;-3.125;-2.8125;-2.5;-2.1875;-1.875;-1.5625;-1.25;-0.9375;-0.625;-0.3125;0;0.3125;0.625;0.9375;1.25;1.5625;1.875;2.1875;2.5;2.8125;3.125;3.4375;3.75;4.0625;4.375;4.6875;5;5.3125;5.625;5.9375;6.25;6.5625;6.875;7.1875;7.5;7.8125;8.125;8.4375;8.75;9.0625;9.375;9.6875;10","0;0;0;0;0;0;0;0;0;0;0;0;0;0;0;0;0;0;0;0;0;0;0;0;0;0;4;673;2187;5760;10336;21349;20838;12250;8042;4064;1603;483;91;0;0;0;0;0;0;0;0;0;0;0;0;0;0;0;0;0;0;0;0;0;0;0;0;0",87680
58,8,"LeakyReLULayer( 0.050000 )",post_activation,"-10;-9.6875;-9.375;-9.0625;-8.75;-8.4375;-8.125;-7.8125;-7.5;-7.1875;-6.875;-6.5625;-6.25;-5.9375;-5.625;-5.3125;-5;-4.6875;-4.375;-4.0625;-3.75;-3.4375;-3.125;-2.8125;-2.5;-2.1875;-1.875;-1.5625;-1.25;-0.9375;-0.625;-0.3125;0;0.3125;0.625;0.9375;1.25;1.5625;1.875;2.1875;2.5;2.8125;3.125;3.4375;3.75;4.0625;4.375;4.6875;5;5.3125;5.625;5.9375;6.25;6.5625;6.875;7.1875;7.5;7.8125;8.125;8.4375;8.75;9.0625;9.375;9.6875;10","0;0;0;0;0;0;0;0;0;0;0;0;0;0;0;0;0;0;0;0;0;0;0;0;0;0;0;0;0;0;0;40309;20838;12250;8042;4064;1603;483;91;0;0;0;0;0;0;0;0;0;0;0;0;0;0;0;0;0;0;0;0;0;0;0;0;0",87680
59,1,"LeakyReLULayer( 0.050000 )",pre_activation,"-10;-9.6875;-9.375;-9.0625;-8.75;-8.4375;-8.125;-7.8125;-7.5;-7.1875;-6.875;-6.5625;-6.25;-5.9375;-5.625;-5.3125;-5;-4.6875;-4.375;-4.0625;-3.75;-3.4375;-3.125;-2.8125;-2.5;-2.1875;-1.875;-1.5625;-1.25;-0.9375;-0.625;-0.3125;0;0.3125;0.625;0.9375;1.25;1.5625;1.875;2.1875;2.5;2.8125;3.125;3.4375;3.75;4.0625;4.375;4.6875;5;5.3125;5.625;5.9375;6.25;6.5625;6.875;7.1875;7.5;7.8125;8.125;8.4375;8.75;9.0625;9.375;9.6875;10","0;0;0;0;0;0;0;0;0;0;0;0;0;0;0;0;0;0;0;61;489;1561;3653;7206;13511;30089;62517;111177;204543;423075;1061708;2950345;2974731;1182385;417050;215476;105014;70097;25213;4099;0;0;0;0;0;0;0;0;0;0;0;0;0;0;0;0;0;0;0;0;0;0;0;0",9864000
59,1,"LeakyReLULayer( 0.050000 )",post_activation,"-10;-9.6875;-9.375;-9.0625;-8.75;-8.4375;-8.125;-7.8125;-7.5;-7.1875;-6.875;-6.5625;-6.25;-5.9375;-5.625;-5.3125;-5;-4.6875;-4.375;-4.0625;-3.75;-3.4375;-3.125;-2.8125;-2.5;-2.1875;-1.875;-1.5625;-1.25;-0.9375;-0.625;-0.3125;0;0.3125;0.625;0.9375;1.25;1.5625;1.875;2.1875;2.5;2.8125;3.125;3.4375;3.75;4.0625;4.375;4.6875;5;5.3125;5.625;5.9375;6.25;6.5625;6.875;7.1875;7.5;7.8125;8.125;8.4375;8.75;9.0625;9.375;9.6875;10","0;0;0;0;0;0;0;0;0;0;0;0;0;0;0;0;0;0;0;0;0;0;0;0;0;0;0;0;0;0;0;4869935;2974731;1182385;417050;215476;105014;70097;25213;4099;0;0;0;0;0;0;0;0;0;0;0;0;0;0;0;0;0;0;0;0;0;0;0;0",9864000
59,5,"LeakyReLULayer( 0.050000 )",pre_activation,"-10;-9.6875;-9.375;-9.0625;-8.75;-8.4375;-8.125;-7.8125;-7.5;-7.1875;-6.875;-6.5625;-6.25;-5.9375;-5.625;-5.3125;-5;-4.6875;-4.375;-4.0625;-3.75;-3.4375;-3.125;-2.8125;-2.5;-2.1875;-1.875;-1.5625;-1.25;-0.9375;-0.625;-0.3125;0;0.3125;0.625;0.9375;1.25;1.5625;1.875;2.1875;2.5;2.8125;3.125;3.4375;3.75;4.0625;4.375;4.6875;5;5.3125;5.625;5.9375;6.25;6.5625;6.875;7.1875;7.5;7.8125;8.125;8.4375;8.75;9.0625;9.375;9.6875;10","0;0;0;0;0;0;0;0;0;0;0;0;0;0;0;0;0;0;0;0;0;0;0;0;1;42;319;1595;4908;14965;24444;27059;36947;40998;13550;6590;2622;1037;283;0;0;0;0;0;0;0;0;0;0;0;0;0;0;0;0;0;0;0;0;0;0;0;0;0",175360
59,5,"LeakyReLULayer( 0.050000 )",post_activation,"-10;-9.6875;-9.375;-9.0625;-8.75;-8.4375;-8.125;-7.8125;-7.5;-7.1875;-6.875;-6.5625;-6.25;-5.9375;-5.625;-5.3125;-5;-4.6875;-4.375;-4.0625;-3.75;-3.4375;-3.125;-2.8125;-2.5;-2.1875;-1.875;-1.5625;-1.25;-0.9375;-0.625;-0.3125;0;0.3125;0.625;0.9375;1.25;1.5625;1.875;2.1875;2.5;2.8125;3.125;3.4375;3.75;4.0625;4.375;4.6875;5;5.3125;5.625;5.9375;6.25;6.5625;6.875;7.1875;7.5;7.8125;8.125;8.4375;8.75;9.0625;9.375;9.6875;10","0;0;0;0;0;0;0;0;0;0;0;0;0;0;0;0;0;0;0;0;0;0;0;0;0;0;0;0;0;0;0;73333;36947;40998;13550;6590;2622;1037;283;0;0;0;0;0;0;0;0;0;0;0;0;0;0;0;0;0;0;0;0;0;0;0;0;0",175360
59,8,"LeakyReLULayer( 0.050000 )",pre_activation,"-10;-9.6875;-9.375;-9.0625;-8.75;-8.4375;-8.125;-7.8125;-7.5;-7.1875;-6.875;-6.5625;-6.25;-5.9375;-5.625;-5.3125;-5;-4.6875;-4.375;-4.0625;-3.75;-3.4375;-3.125;-2.8125;-2.5;-2.1875;-1.875;-1.5625;-1.25;-0.9375;-0.625;-0.3125;0;0.3125;0.625;0.9375;1.25;1.5625;1.875;2.1875;2.5;2.8125;3.125;3.4375;3.75;4.0625;4.375;4.6875;5;5.3125;5.625;5.9375;6.25;6.5625;6.875;7.1875;7.5;7.8125;8.125;8.4375;8.75;9.0625;9.375;9.6875;10","0;0;0;0;0;0;0;0;0;0;0;0;0;0;0;0;0;0;0;0;0;0;0;0;0;0;5;669;2195;5826;10342;21343;20731;12190;8144;4077;1583;489;86;0;0;0;0;0;0;0;0;0;0;0;0;0;0;0;0;0;0;0;0;0;0;0;0;0",87680
59,8,"LeakyReLULayer( 0.050000 )",post_activation,"-10;-9.6875;-9.375;-9.0625;-8.75;-8.4375;-8.125;-7.8125;-7.5;-7.1875;-6.875;-6.5625;-6.25;-5.9375;-5.625;-5.3125;-5;-4.6875;-4.375;-4.0625;-3.75;-3.4375;-3.125;-2.8125;-2.5;-2.1875;-1.875;-1.5625;-1.25;-0.9375;-0.625;-0.3125;0;0.3125;0.625;0.9375;1.25;1.5625;1.875;2.1875;2.5;2.8125;3.125;3.4375;3.75;4.0625;4.375;4.6875;5;5.3125;5.625;5.9375;6.25;6.5625;6.875;7.1875;7.5;7.8125;8.125;8.4375;8.75;9.0625;9.375;9.6875;10","0;0;0;0;0;0;0;0;0;0;0;0;0;0;0;0;0;0;0;0;0;0;0;0;0;0;0;0;0;0;0;40380;20731;12190;8144;4077;1583;489;86;0;0;0;0;0;0;0;0;0;0;0;0;0;0;0;0;0;0;0;0;0;0;0;0;0",87680
60,1,"LeakyReLULayer( 0.050000 )",pre_activation,"-10;-9.6875;-9.375;-9.0625;-8.75;-8.4375;-8.125;-7.8125;-7.5;-7.1875;-6.875;-6.5625;-6.25;-5.9375;-5.625;-5.3125;-5;-4.6875;-4.375;-4.0625;-3.75;-3.4375;-3.125;-2.8125;-2.5;-2.1875;-1.875;-1.5625;-1.25;-0.9375;-0.625;-0.3125;0;0.3125;0.625;0.9375;1.25;1.5625;1.875;2.1875;2.5;2.8125;3.125;3.4375;3.75;4.0625;4.375;4.6875;5;5.3125;5.625;5.9375;6.25;6.5625;6.875;7.1875;7.5;7.8125;8.125;8.4375;8.75;9.0625;9.375;9.6875;10","0;0;0;0;0;0;0;0;0;0;0;0;0;0;0;0;0;0;0;62;488;1560;3653;7200;13513;30096;62516;111168;204564;423022;1061631;2950505;2974832;1182222;417036;215508;105040;70087;25203;4094;0;0;0;0;0;0;0;0;0;0;0;0;0;0;0;0;0;0;0;0;0;0;0;0",9864000
60,1,"LeakyReLULayer( 0.050000 )",post_activation,"-10;-9.6875;-9.375;-9.0625;-8.75;-8.4375;-8.125;-7.8125;-7.5;-7.1875;-6.875;-6.5625;-6.25;-5.9375;-5.625;-5.3125;-5;-4.6875;-4.375;-4.0625;-3.75;-3.4375;-3.125;-2.8125;-2.5;-2.1875;-1.875;-1.5625;-1.25;-0.9375;-0.625;-0.3125;0;0.3125;0.625;0.9375;1.25;1.5625;1.875;2.1875;2.5;2.8125;3.125;3.4375;3.75;4.0625;4.375;4.6875;5;5.3125;5.625;5.9375;6.25;6.5625;6.875;7.1875;7.5;7.8125;8.125;8.4375;8.75;9.0625;9.375;9.6875;10","0;0;0;0;0;0;0;0;0;0;0;0;0;0;0;0;0;0;0;0;0;0;0;0;0;0;0;0;0;0;0;4869978;2974832;1182222;417036;215508;105040;70087;25203;4094;0;0;0;0;0;0;0;0;0;0;0;0;0;0;0;0;0;0;0;0;0;0;0;0",9864000
60,5,"LeakyReLULayer( 0.050000 )",pre_activation,"-10;-9.6875;-9.375;-9.0625;-8.75;-8.4375;-8.125;-7.8125;-7.5;-7.1875;-6.875;-6.5625;-6.25;-5.9375;-5.625;-5.3125;-5;-4.6875;-4.375;-4.0625;-3.75;-3.4375;-3.125;-2.8125;-2.5;-2.1875;-1.875;-1.5625;-1.25;-0.9375;-0.625;-0.3125;0;0.3125;0.625;0.9375;1.25;1.5625;1.875;2.1875;2.5;2.8125;3.125;3.4375;3.75;4.0625;4.375;4.6875;5;5.3125;5.625;5.9375;6.25;6.5625;6.875;7.1875;7.5;7.8125;8.125;8.4375;8.75;9.0625;9.375;9.6875;10","0;0;0;0;0;0;0;0;0;0;0;0;0;0;0;0;0;0;0;0;0;0;0;0;1;42;316;1597;4884;15079;24330;26951;37111;40910;13613;6600;2614;1030;282;0;0;0;0;0;0;0;0;0;0;0;0;0;0;0;0;0;0;0;0;0;0;0;0;0",175360
60,5,"LeakyReLULayer( 0.050000 )",post_activation,"-10;-9.6875;-9.375;-9.0625;-8.75;-8.4375;-8.125;-7.8125;-7.5;-7.1875;-6.875;-6.5625;-6.25;-5.9375;-5.625;-5.3125;-5;-4.6875;-4.375;-4.0625;-3.75;-3.4375;-3.125;-2.8125;-2.5;-2.1875;-1.875;-1.5625;-1.25;-0.9375;-0.625;-0.3125;0;0.3125;0.625;0.9375;1.25;1.5625;1.875;2.1875;2.5;2.8125;3.125;3.4375;3.75;4.0625;4.375;4.6875;5;5.3125;5.625;5.9375;6.25;6.5625;6.875;7.1875;7.5;7.8125;8.125;8.4375;8.75;9.0625;9.375;9.6875;10","0;0;0;0;0;0;0;0;0;0;0;0;0;0;0;0;0;0;0;0;0;0;0;0;0;0;0;0;0;0;0;73200;37111;40910;13613;6600;2614;1030;282;0;0;0;0;0;0;0;0;0;0;0;0;0;0;0;0;0;0;0;0;0;0;0;0;0",175360
60,8,"LeakyReLULayer( 0.050000 )",pre_activation,"-10;-9.6875;-9.375;-9.0625;-8.75;-8.4375;-8.125;-7.8125;-7.5;-7.1875;-6.875;-6.5625;-6.25;-5.9375;-5.625;-5.3125;-5;-4.6875;-4.375;-4.0625;-3.75;-3.4375;-3.125;-2.8125;-2.5;-2.1875;-1.875;-1.5625;-1.25;-0.9375;-0.625;-0.3125;0;0.3125;0.625;0.9375;1.25;1.5625;1.875;2.1875;2.5;2.8125;3.125;3.4375;3.75;4.0625;4.375;4.6875;5;5.3125;5.625;5.9375;6.25;6.5625;6.875;7.1875;7.5;7.8125;8.125;8.4375;8.75;9.0625;9.375;9.6875;10","0;0;0;0;0;0;0;0;0;0;0;0;0;0;0;0;0;0;0;0;0;0;0;0;0;0;0;677;2187;5778;10306;21366;20789;12166;8128;4097;1610;484;92;0;0;0;0;0;0;0;0;0;0;0;0;0;0;0;0;0;0;0;0;0;0;0;0;0",87680
60,8,"LeakyReLULayer( 0.050000 )",post_activation,"-10;-9.6875;-9.375;-9.0625;-8.75;-8.4375;-8.125;-7.8125;-7.5;-7.1875;-6.875;-6.5625;-6.25;-5.9375;-5.625;-5.3125;-5;-4.6875;-4.375;-4.0625;-3.75;-3.4375;-3.125;-2.8125;-2.5;-2.1875;-1.875;-1.5625;-1.25;-0.9375;-0.625;-0.3125;0;0.3125;0.625;0.9375;1.25;1.5625;1.875;2.1875;2.5;2.8125;3.125;3.4375;3.75;4.0625;4.375;4.6875;5;5.3125;5.625;5.9375;6.25;6.5625;6.875;7.1875;7.5;7.8125;8.125;8.4375;8.75;9.0625;9.375;9.6875;10","0;0;0;0;0;0;0;0;0;0;0;0;0;0;0;0;0;0;0;0;0;0;0;0;0;0;0;0;0;0;0;40314;20789;12166;8128;4097;1610;484;92;0;0;0;0;0;0;0;0;0;0;0;0;0;0;0;0;0;0;0;0;0;0;0;0;0",87680
61,1,"LeakyReLULayer( 0.050000 )",pre_activation,"-10;-9.6875;-9.375;-9.0625;-8.75;-8.4375;-8.125;-7.8125;-7.5;-7.1875;-6.875;-6.5625;-6.25;-5.9375;-5.625;-5.3125;-5;-4.6875;-4.375;-4.0625;-3.75;-3.4375;-3.125;-2.8125;-2.5;-2.1875;-1.875;-1.5625;-1.25;-0.9375;-0.625;-0.3125;0;0.3125;0.625;0.9375;1.25;1.5625;1.875;2.1875;2.5;2.8125;3.125;3.4375;3.75;4.0625;4.375;4.6875;5;5.3125;5.625;5.9375;6.25;6.5625;6.875;7.1875;7.5;7.8125;8.125;8.4375;8.75;9.0625;9.375;9.6875;10","0;0;0;0;0;0;0;0;0;0;0;0;0;0;0;0;0;0;0;61;489;1559;3652;7207;13506;30090;62511;111176;204551;422965;1061615;2950634;2974927;1182169;416969;215507;105038;70073;25204;4097;0;0;0;0;0;0;0;0;0;0;0;0;0;0;0;0;0;0;0;0;0;0;0;0",9864000
61,1,"LeakyReLULayer( 0.050000 )",post_activation,"-10;-9.6875;-9.375;-9.0625;-8.75;-8.4375;-8.125;-7.8125;-7.5;-7.1875;-6.875;-6.5625;-6.25;-5.9375;-5.625;-5.3125;-5;-4.6875;-4.375;-4.0625;-3.75;-3.4375;-3.125;-2.8125;-2.5;-2.1875;-1.875;-1.5625;-1.25;-0.9375;-0.625;-0.3125;0;0.3125;0.625;0.9375;1.25;1.5625;1.875;2.1875;2.5;2.8125;3.125;3.4375;3.75;4.0625;4.375;4.6875;5;5.3125;5.625;5.9375;6.25;6.5625;6.875;7.1875;7.5;7.8125;8.125;8.4375;8.75;9.0625;9.375;9.6875;10","0;0;0;0;0;0;0;0;0;0;0;0;0;0;0;0;0;0;0;0;0;0;0;0;0;0;0;0;0;0;0;4870016;2974927;1182169;416969;215507;105038;70073;25204;4097;0;0;0;0;0;0;0;0;0;0;0;0;0;0;0;0;0;0;0;0;0;0;0;0",9864000
61,5,"LeakyReLULayer( 0.050000 )",pre_activation,"-10;-9.6875;-9.375;-9.0625;-8.75;-8.4375;-8.125;-7.8125;-7.5;-7.1875;-6.875;-6.5625;-6.25;-5.9375;-5.625;-5.3125;-5;-4.6875;-4.375;-4.0625;-3.75;-3.4375;-3.125;-2.8125;-2.5;-2.1875;-1.875;-1.5625;-1.25;-0.9375;-0.625;-0.3125;0;0.3125;0.625;0.9375;1.25;1.5625;1.875;2.1875;2.5;2.8125;3.125;3.4375;3.75;4.0625;4.375;4.6875;5;5.3125;5.625;5.9375;6.25;6.5625;6.875;7.1875;7.5;7.8125;8.125;8.4375;8.75;9.0625;9.375;9.6875;10","0;0;0;0;0;0;0;0;0;0;0;0;0;0;0;0;0;0;0;0;0;0;0;0;1;42;321;1603;4895;15169;24331;26906;36949;40929;13658;6638;2609;1025;284;0;0;0;0;0;0;0;0;0;0;0;0;0;0;0;0;0;0;0;0;0;0;0;0;0",175360
61,5,"LeakyReLULayer( 0.050000 )",post_activation,"-10;-9.6875;-9.375;-9.0625;-8.75;-8.4375;-8.125;-7.8125;-7.5;-7.1875;-6.875;-6.5625;-6.25;-5.9375;-5.625;-5.3125;-5;-4.6875;-4.375;-4.0625;-3.75;-3.4375;-3.125;-2.8125;-2.5;-2.1875;-1.875;-1.5625;-1.25;-0.9375;-0.625;-0.3125;0;0.3125;0.625;0.9375;1.25;1.5625;1.875;2.1875;2.5;2.8125;3.125;3.4375;3.75;4.0625;4.375;4.6875;5;5.3125;5.625;5.9375;6.25;6.5625;6.875;7.1875;7.5;7.8125;8.125;8.4375;8.75;9.0625;9.375;9.6875;10","0;0;0;0;0;0;0;0;0;0;0;0;0;0;0;0;0;0;0;0;0;0;0;0;0;0;0;0;0;0;0;73268;36949;40929;13658;6638;2609;1025;284;0;0;0;0;0;0;0;0;0;0;0;0;0;0;0;0;0;0;0;0;0;0;0;0;0",175360
61,8,"LeakyReLULayer( 0.050000 )",pre_activation,"-10;-9.6875;-9.375;-9.0625;-8.75;-8.4375;-8.125;-7.8125;-7.5;-7.1875;-6.875;-6.5625;-6.25;-5.9375;-5.625;-5.3125;-5;-4.6875;-4.375;-4.0625;-3.75;-3.4375;-3.125;-2.8125;-2.5;-2.1875;-1.875;-1.5625;-1.25;-0.9375;-0.625;-0.3125;0;0.3125;0.625;0.9375;1.25;1.5625;1.875;2.1875;2.5;2.8125;3.125;3.4375;3.75;4.0625;4.375;4.6875;5;5.3125;5.625;5.9375;6.25;6.5625;6.875;7.1875;7.5;7.8125;8.125;8.4375;8.75;9.0625;9.375;9.6875;10","0;0;0;0;0;0;0;0;0;0;0;0;0;0;0;0;0;0;0;0;0;0;0;0;0;0;0;676;2213;5802;10350;21260;20794;12102;8192;4093;1623;485;90;0;0;0;0;0;0;0;0;0;0;0;0;0;0;0;0;0;0;0;0;0;0;0;0;0",87680
61,8,"LeakyReLULayer( 0.050000 )",post_activation,"-10;-9.6875;-9.375;-9.0625;-8.75;-8.4375;-8.125;-7.8125;-7.5;-7.1875;-6.875;-6.5625;-6.25;-5.9375;-5.625;-5.3125;-5;-4.6875;-4.375;-4.0625;-3.75;-3.4375;-3.125;-2.8125;-2.5;-2.1875;-1.875;-1.5625;-1.25;-0.9375;-0.625;-0.3125;0;0.3125;0.625;0.9375;1.25;1.5625;1.875;2.1875;2.5;2.8125;3.125;3.4375;3.75;4.0625;4.375;4.6875;5;5.3125;5.625;5.9375;6.25;6.5625;6.875;7.1875;7.5;7.8125;8.125;8.4375;8.75;9.0625;9.375;9.6875;10","0;0;0;0;0;0;0;0;0;0;0;0;0;0;0;0;0;0;0;0;0;0;0;0;0;0;0;0;0;0;0;40301;20794;12102;8192;4093;1623;485;90;0;0;0;0;0;0;0;0;0;0;0;0;0;0;0;0;0;0;0;0;0;0;0;0;0",87680
62,1,"LeakyReLULayer( 0.050000 )",pre_activation,"-10;-9.6875;-9.375;-9.0625;-8.75;-8.4375;-8.125;-7.8125;-7.5;-7.1875;-6.875;-6.5625;-6.25;-5.9375;-5.625;-5.3125;-5;-4.6875;-4.375;-4.0625;-3.75;-3.4375;-3.125;-2.8125;-2.5;-2.1875;-1.875;-1.5625;-1.25;-0.9375;-0.625;-0.3125;0;0.3125;0.625;0.9375;1.25;1.5625;1.875;2.1875;2.5;2.8125;3.125;3.4375;3.75;4.0625;4.375;4.6875;5;5.3125;5.625;5.9375;6.25;6.5625;6.875;7.1875;7.5;7.8125;8.125;8.4375;8.75;9.0625;9.375;9.6875;10","0;0;0;0;0;0;0;0;0;0;0;0;0;0;0;0;0;0;0;61;489;1560;3654;7206;13509;30091;62532;111177;204533;422952;1061558;2950708;2974983;1182092;416957;215482;105053;70085;25220;4098;0;0;0;0;0;0;0;0;0;0;0;0;0;0;0;0;0;0;0;0;0;0;0;0",9864000
62,1,"LeakyReLULayer( 0.050000 )",post_activation,"-10;-9.6875;-9.375;-9.0625;-8.75;-8.4375;-8.125;-7.8125;-7.5;-7.1875;-6.875;-6.5625;-6.25;-5.9375;-5.625;-5.3125;-5;-4.6875;-4.375;-4.0625;-3.75;-3.4375;-3.125;-2.8125;-2.5;-2.1875;-1.875;-1.5625;-1.25;-0.9375;-0.625;-0.3125;0;0.3125;0.625;0.9375;1.25;1.5625;1.875;2.1875;2.5;2.8125;3.125;3.4375;3.75;4.0625;4.375;4.6875;5;5.3125;5.625;5.9375;6.25;6.5625;6.875;7.1875;7.5;7.8125;8.125;8.4375;8.75;9.0625;9.375;9.6875;10","0;0;0;0;0;0;0;0;0;0;0;0;0;0;0;0;0;0;0;0;0;0;0;0;0;0;0;0;0;0;0;4870030;2974983;1182092;416957;215482;105053;70085;25220;4098;0;0;0;0;0;0;0;0;0;0;0;0;0;0;0;0;0;0;0;0;0;0;0;0",9864000
62,5,"LeakyReLULayer( 0.050000 )",pre_activation,"-10;-9.6875;-9.375;-9.0625;-8.75;-8.4375;-8.125;-7.8125;-7.5;-7.1875;-6.875;-6.5625;-6.25;-5.9375;-5.625;-5.3125;-5;-4.6875;-4.375;-4.0625;-3.75;-3.4375;-3.125;-2.8125;-2.5;-2.1875;-1.875;-1.5625;-1.25;-0.9375;-0.625;-0.3125;0;0.3125;0.625;0.9375;1.25;1.5625;1.875;2.1875;2.5;2.8125;3.125;3.4375;3.75;4.0625;4.375;4.6875;5;5.3125;5.625;5.9375;6.25;6.5625;6.875;7.1875;7.5;7.8125;8.125;8.4375;8.75;9.0625;9.375;9.6875;10","0;0;0;0;0;0;0;0;0;0;0;0;0;0;0;0;0;0;0;0;0;0;0;0;1;42;322;1611;4842;15170;24332;26883;36919;40966;13716;6626;2625;1022;283;0;0;0;0;0;0;0;0;0;0;0;0;0;0;0;0;0;0;0;0;0;0;0;0;0",175360
62,5,"LeakyReLULayer( 0.050000 )",post_activation,"-10;-9.6875;-9.375;-9.0625;-8.75;-8.4375;-8.125;-7.8125;-7.5;-7.1875;-6.875;-6.5625;-6.25;-5.9375;-5.625;-5.3125;-5;-4.6875;-4.375;-4.0625;-3.75;-3.4375;-3.125;-2.8125;-2.5;-2.1875;-1.875;-1.5625;-1.25;-0.9375;-0.625;-0.3125;0;0.3125;0.625;0.9375;1.25;1.5625;1.875;2.1875;2.5;2.8125;3.125;3.4375;3.75;4.0625;4.375;4.6875;5;5.3125;5.625;5.9375;6.25;6.5625;6.875;7.1875;7.5;7.8125;8.125;8.4375;8.75;9.0625;9.375;9.6875;10","0;0;0;0;0;0;0;0;0;0;0;0;0;0;0;0;0;0;0;0;0;0;0;0;0;0;0;0;0;0;0;73203;36919;40966;13716;6626;2625;1022;283;0;0;0;0;0;0;0;0;0;0;0;0;0;0;0;0;0;0;0;0;0;0;0;0;0",175360
62,8,"LeakyReLULayer( 0.050000 )",pre_activation,"-10;-9.6875;-9.375;-9.0625;-8.75;-8.4375;-8.125;-7.8125;-7.5;-7.1875;-6.875;-6.5625;-6.25;-5.9375;-5.625;-5.3125;-5;-4.6875;-4.375;-4.0625;-3.75;-3.4375;-3.125;-2.8125;-2.5;-2.1875;-1.875;-1.5625;-1.25;-0.9375;-0.625;-0.3125;0;0.3125;0.625;0.9375;1.25;1.5625;1.875;2.1875;2.5;2.8125;3.125;3.4375;3.75;4.0625;4.375;4.6875;5;5.3125;5.625;5.9375;6.25;6.5625;6.875;7.1875;7.5;7.8125;8.125;8.4375;8.75;9.0625;9.375;9.6875;10","0;0;0;0;0;0;0;0;0;0;0;0;0;0;0;0;0;0;0;0;0;0;0;0;0;0;0;681;2231;5763;10386;21283;20745;12129;8176;4096;1621;479;90;0;0;0;0;0;0;0;0;0;0;0;0;0;0;0;0;0;0;0;0;0;0;0;0;0",87680
62,8,"LeakyReLULayer( 0.050000 )",post_activation,"-10;-9.6875;-9.375;-9.0625;-8.75;-8.4375;-8.125;-7.8125;-7.5;-7.1875;-6.875;-6.5625;-6.25;-5.9375;-5.625;-5.3125;-5;-4.6875;-4.375;-4.0625;-3.75;-3.4375;-3.125;-2.8125;-2.5;-2.1875;-1.875;-1.5625;-1.25;-0.9375;-0.625;-0.3125;0;0.3125;0.625;0.9375;1.25;1.5625;1.875;2.1875;2.5;2.8125;3.125;3.4375;3.75;4.0625;4.375;4.6875;5;5.3125;5.625;5.9375;6.25;6.5625;6.875;7.1875;7.5;7.8125;8.125;8.4375;8.75;9.0625;9.375;9.6875;10","0;0;0;0;0;0;0;0;0;0;0;0;0;0;0;0;0;0;0;0;0;0;0;0;0;0;0;0;0;0;0;40344;20745;12129;8176;4096;1621;479;90;0;0;0;0;0;0;0;0;0;0;0;0;0;0;0;0;0;0;0;0;0;0;0;0;0",87680
63,1,"LeakyReLULayer( 0.050000 )",pre_activation,"-10;-9.6875;-9.375;-9.0625;-8.75;-8.4375;-8.125;-7.8125;-7.5;-7.1875;-6.875;-6.5625;-6.25;-5.9375;-5.625;-5.3125;-5;-4.6875;-4.375;-4.0625;-3.75;-3.4375;-3.125;-2.8125;-2.5;-2.1875;-1.875;-1.5625;-1.25;-0.9375;-0.625;-0.3125;0;0.3125;0.625;0.9375;1.25;1.5625;1.875;2.1875;2.5;2.8125;3.125;3.4375;3.75;4.0625;4.375;4.6875;5;5.3125;5.625;5.9375;6.25;6.5625;6.875;7.1875;7.5;7.8125;8.125;8.4375;8.75;9.0625;9.375;9.6875;10","0;0;0;0;0;0;0;0;0;0;0;0;0;0;0;0;0;0;0;61;489;1562;3656;7207;13519;30093;62546;111194;204568;422969;1061540;2950606;2974926;1182068;416961;215528;105071;70095;25232;4109;0;0;0;0;0;0;0;0;0;0;0;0;0;0;0;0;0;0;0;0;0;0;0;0",9864000
63,1,"LeakyReLULayer( 0.050000 )",post_activation,"-10;-9.6875;-9.375;-9.0625;-8.75;-8.4375;-8.125;-7.8125;-7.5;-7.1875;-6.875;-6.5625;-6.25;-5.9375;-5.625;-5.3125;-5;-4.6875;-4.375;-4.0625;-3.75;-3.4375;-3.125;-2.8125;-2.5;-2.1875;-1.875;-1.5625;-1.25;-0.9375;-0.625;-0.3125;0;0.3125;0.625;0.9375;1.25;1.5625;1.875;2.1875;2.5;2.8125;3.125;3.4375;3.75;4.0625;4.375;4.6875;5;5.3125;5.625;5.9375;6.25;6.5625;6.875;7.1875;7.5;7.8125;8.125;8.4375;8.75;9.0625;9.375;9.6875;10","0;0;0;0;0;0;0;0;0;0;0;0;0;0;0;0;0;0;0;0;0;0;0;0;0;0;0;0;0;0;0;4870010;2974926;1182068;416961;215528;105071;70095;25232;4109;0;0;0;0;0;0;0;0;0;0;0;0;0;0;0;0;0;0;0;0;0;0;0;0",9864000
63,5,"LeakyReLULayer( 0.050000 )",pre_activation,"-10;-9.6875;-9.375;-9.0625;-8.75;-8.4375;-8.125;-7.8125;-7.5;-7.1875;-6.875;-6.5625;-6.25;-5.9375;-5.625;-5.3125;-5;-4.6875;-4.375;-4.0625;-3.75;-3.4375;-3.125;-2.8125;-2.5;-2.1875;-1.875;-1.5625;-1.25;-0.9375;-0.625;-0.3125;0;0.3125;0.625;0.9375;1.25;1.5625;1.875;2.1875;2.5;2.8125;3.125;3.4375;3.75;4.0625;4.375;4.6875;5;5.3125;5.625;5.9375;6.25;6.5625;6.875;7.1875;7.5;7.8125;8.125;8.4375;8.75;9.0625;9.375;9.6875;10","0;0;0;0;0;0;0;0;0;0;0;0;0;0;0;0;0;0;0;0;0;0;0;0;1;42;320;1612;4865;15178;24323;26901;36857;41000;13686;6634;2615;1041;285;0;0;0;0;0;0;0;0;0;0;0;0;0;0;0;0;0;0;0;0;0;0;0;0;0",175360
63,5,"LeakyReLULayer( 0.050000 )",post_activation,"-10;-9.6875;-9.375;-9.0625;-8.75;-8.4375;-8.125;-7.8125;-7.5;-7.1875;-6.875;-6.5625;-6.25;-5.9375;-5.625;-5.3125;-5;-4.6875;-4.375;-4.0625;-3.75;-3.4375;-3.125;-2.8125;-2.5;-2.1875;-1.875;-1.5625;-1.25;-0.9375;-0.625;-0.3125;0;0.3125;0.625;0.9375;1.25;1.5625;1.875;2.1875;2.5;2.8125;3.125;3.4375;3.75;4.0625;4.375;4.6875;5;5.3125;5.625;5.9375;6.25;6.5625;6.875;7.1875;7.5;7.8125;8.125;8.4375;8.75;9.0625;9.375;9.6875;10","0;0;0;0;0;0;0;0;0;0;0;0;0;0;0;0;0;0;0;0;0;0;0;0;0;0;0;0;0;0;0;73242;36857;41000;13686;6634;2615;1041;285;0;0;0;0;0;0;0;0;0;0;0;0;0;0;0;0;0;0;0;0;0;0;0;0;0",175360
63,8,"LeakyReLULayer( 0.050000 )",pre_activation,"-10;-9.6875;-9.375;-9.0625;-8.75;-8.4375;-8.125;-7.8125;-7.5;-7.1875;-6.875;-6.5625;-6.25;-5.9375;-5.625;-5.3125;-5;-4.6875;-4.375;-4.0625;-3.75;-3.4375;-3.125;-2.8125;-2.5;-2.1875;-1.875;-1.5625;-1.25;-0.9375;-0.625;-0.3125;0;0.3125;0.625;0.9375;1.25;1.5625;1.875;2.1875;2.5;2.8125;3.125;3.4375;3.75;4.0625;4.375;4.6875;5;5.3125;5.625;5.9375;6.25;6.5625;6.875;7.1875;7.5;7.8125;8.125;8.4375;8.75;9.0625;9.375;9.6875;10","0;0;0;0;0;0;0;0;0;0;0;0;0;0;0;0;0;0;0;0;0;0;0;0;0;0;0;681;2220;5726;10413;21309;20756;12069;8197;4123;1601;494;91;0;0;0;0;0;0;0;0;0;0;0;0;0;0;0;0;0;0;0;0;0;0;0;0;0",87680
63,8,"LeakyReLULayer( 0.050000 )",post_activation,"-10;-9.6875;-9.375;-9.0625;-8.75;-8.4375;-8.125;-7.8125;-7.5;-7.1875;-6.875;-6.5625;-6.25;-5.9375;-5.625;-5.3125;-5;-4.6875;-4.375;-4.0625;-3.75;-3.4375;-3.125;-2.8125;-2.5;-2.1875;-1.875;-1.5625;-1.25;-0.9375;-0.625;-0.3125;0;0.3125;0.625;0.9375;1.25;1.5625;1.875;2.1875;2.5;2.8125;3.125;3.4375;3.75;4.0625;4.375;4.6875;5;5.3125;5.625;5.9375;6.25;6.5625;6.875;7.1875;7.5;7.8125;8.125;8.4375;8.75;9.0625;9.375;9.6875;10","0;0;0;0;0;0;0;0;0;0;0;0;0;0;0;0;0;0;0;0;0;0;0;0;0;0;0;0;0;0;0;40349;20756;12069;8197;4123;1601;494;91;0;0;0;0;0;0;0;0;0;0;0;0;0;0;0;0;0;0;0;0;0;0;0;0;0",87680
64,1,"LeakyReLULayer( 0.050000 )",pre_activation,"-10;-9.6875;-9.375;-9.0625;-8.75;-8.4375;-8.125;-7.8125;-7.5;-7.1875;-6.875;-6.5625;-6.25;-5.9375;-5.625;-5.3125;-5;-4.6875;-4.375;-4.0625;-3.75;-3.4375;-3.125;-2.8125;-2.5;-2.1875;-1.875;-1.5625;-1.25;-0.9375;-0.625;-0.3125;0;0.3125;0.625;0.9375;1.25;1.5625;1.875;2.1875;2.5;2.8125;3.125;3.4375;3.75;4.0625;4.375;4.6875;5;5.3125;5.625;5.9375;6.25;6.5625;6.875;7.1875;7.5;7.8125;8.125;8.4375;8.75;9.0625;9.375;9.6875;10","0;0;0;0;0;0;0;0;0;0;0;0;0;0;0;0;0;0;0;61;489;1556;3655;7203;13509;30097;62501;111174;204556;422855;1061432;2951024;2975120;1181974;416866;215486;105071;70080;25205;4086;0;0;0;0;0;0;0;0;0;0;0;0;0;0;0;0;0;0;0;0;0;0;0;0",9864000
64,1,"LeakyReLULayer( 0.050000 )",post_activation,"-10;-9.6875;-9.375;-9.0625;-8.75;-8.4375;-8.125;-7.8125;-7.5;-7.1875;-6.875;-6.5625;-6.25;-5.9375;-5.625;-5.3125;-5;-4.6875;-4.375;-4.0625;-3.75;-3.4375;-3.125;-2.8125;-2.5;-2.1875;-1.875;-1.5625;-1.25;-0.9375;-0.625;-0.3125;0;0.3125;0.625;0.9375;1.25;1.5625;1.875;2.1875;2.5;2.8125;3.125;3.4375;3.75;4.0625;4.375;4.6875;5;5.3125;5.625;5.9375;6.25;6.5625;6.875;7.1875;7.5;7.8125;8.125;8.4375;8.75;9.0625;9.375;9.6875;10","0;0;0;0;0;0;0;0;0;0;0;0;0;0;0;0;0;0;0;0;0;0;0;0;0;0;0;0;0;0;0;4870112;2975120;1181974;416866;215486;105071;70080;25205;4086;0;0;0;0;0;0;0;0;0;0;0;0;0;0;0;0;0;0;0;0;0;0;0;0",9864000
64,5,"LeakyReLULayer( 0.050000 )",pre_activation,"-10;-9.6875;-9.375;-9.0625;-8.75;-8.4375;-8.125;-7.8125;-7.5;-7.1875;-6.875;-6.5625;-6.25;-5.9375;-5.625;-5.3125;-5;-4.6875;-4.375;-4.0625;-3.75;-3.4375;-3.125;-2.8125;-2.5;-2.1875;-1.875;-1.5625;-1.25;-0.9375;-0.625;-0.3125;0;0.3125;0.625;0.9375;1.25;1.5625;1.875;2.1875;2.5;2.8125;3.125;3.4375;3.75;4.0625;4.375;4.6875;5;5.3125;5.625;5.9375;6.25;6.5625;6.875;7.1875;7.5;7.8125;8.125;8.4375;8.75;9.0625;9.375;9.6875;10","0;0;0;0;0;0;0;0;0;0;0;0;0;0;0;0;0;0;0;0;0;0;0;0;1;43;317;1610;4865;15360;24263;26899;36930;40857;13673;6596;2629;1033;284;0;0;0;0;0;0;0;0;0;0;0;0;0;0;0;0;0;0;0;0;0;0;0;0;0",175360
64,5,"LeakyReLULayer( 0.050000 )",post_activation,"-10;-9.6875;-9.375;-9.0625;-8.75;-8.4375;-8.125;-7.8125;-7.5;-7.1875;-6.875;-6.5625;-6.25;-5.9375;-5.625;-5.3125;-5;-4.6875;-4.375;-4.0625;-3.75;-3.4375;-3.125;-2.8125;-2.5;-2.1875;-1.875;-1.5625;-1.25;-0.9375;-0.625;-0.3125;0;0.3125;0.625;0.9375;1.25;1.5625;1.875;2.1875;2.5;2.8125;3.125;3.4375;3.75;4.0625;4.375;4.6875;5;5.3125;5.625;5.9375;6.25;6.5625;6.875;7.1875;7.5;7.8125;8.125;8.4375;8.75;9.0625;9.375;9.6875;10","0;0;0;0;0;0;0;0;0;0;0;0;0;0;0;0;0;0;0;0;0;0;0;0;0;0;0;0;0;0;0;73358;36930;40857;13673;6596;2629;1033;284;0;0;0;0;0;0;0;0;0;0;0;0;0;0;0;0;0;0;0;0;0;0;0;0;0",175360
64,8,"LeakyReLULayer( 0.050000 )",pre_activation,"-10;-9.6875;-9.375;-9.0625;-8.75;-8.4375;-8.125;-7.8125;-7.5;-7.1875;-6.875;-6.5625;-6.25;-5.9375;-5.625;-5.3125;-5;-4.6875;-4.375;-4.0625;-3.75;-3.4375;-3.125;-2.8125;-2.5;-2.1875;-1.875;-1.5625;-1.25;-0.9375;-0.625;-0.3125;0;0.3125;0.625;0.9375;1.25;1.5625;1.875;2.1875;2.5;2.8125;3.125;3.4375;3.75;4.0625;4.375;4.6875;5;5.3125;5.625;5.9375;6.25;6.5625;6.875;7.1875;7.5;7.8125;8.125;8.4375;8.75;9.0625;9.375;9.6875;10","0;0;0;0;0;0;0;0;0;0;0;0;0;0;0;0;0;0;0;0;0;0;0;0;0;0;0;679;2197;5762;10387;21404;20665;12130;8184;4112;1587;486;87;0;0;0;0;0;0;0;0;0;0;0;0;0;0;0;0;0;0;0;0;0;0;0;0;0",87680
64,8,"LeakyReLULayer( 0.050000 )",post_activation,"-10;-9.6875;-9.375;-9.0625;-8.75;-8.4375;-8.125;-7.8125;-7.5;-7.1875;-6.875;-6.5625;-6.25;-5.9375;-5.625;-5.3125;-5;-4.6875;-4.375;-4.0625;-3.75;-3.4375;-3.125;-2.8125;-2.5;-2.1875;-1.875;-1.5625;-1.25;-0.9375;-0.625;-0.3125;0;0.3125;0.625;0.9375;1.25;1.5625;1.875;2.1875;2.5;2.8125;3.125;3.4375;3.75;4.0625;4.375;4.6875;5;5.3125;5.625;5.9375;6.25;6.5625;6.875;7.1875;7.5;7.8125;8.125;8.4375;8.75;9.0625;9.375;9.6875;10","0;0;0;0;0;0;0;0;0;0;0;0;0;0;0;0;0;0;0;0;0;0;0;0;0;0;0;0;0;0;0;40429;20665;12130;8184;4112;1587;486;87;0;0;0;0;0;0;0;0;0;0;0;0;0;0;0;0;0;0;0;0;0;0;0;0;0",87680
65,1,"LeakyReLULayer( 0.050000 )",pre_activation,"-10;-9.6875;-9.375;-9.0625;-8.75;-8.4375;-8.125;-7.8125;-7.5;-7.1875;-6.875;-6.5625;-6.25;-5.9375;-5.625;-5.3125;-5;-4.6875;-4.375;-4.0625;-3.75;-3.4375;-3.125;-2.8125;-2.5;-2.1875;-1.875;-1.5625;-1.25;-0.9375;-0.625;-0.3125;0;0.3125;0.625;0.9375;1.25;1.5625;1.875;2.1875;2.5;2.8125;3.125;3.4375;3.75;4.0625;4.375;4.6875;5;5.3125;5.625;5.9375;6.25;6.5625;6.875;7.1875;7.5;7.8125;8.125;8.4375;8.75;9.0625;9.375;9.6875;10","0;0;0;0;0;0;0;0;0;0;0;0;0;0;0;0;0;0;0;61;489;1558;3651;7204;13501;30096;62496;111172;204521;422809;1061272;2951364;2975232;1181795;416907;215478;105048;70069;25193;4084;0;0;0;0;0;0;0;0;0;0;0;0;0;0;0;0;0;0;0;0;0;0;0;0",9864000
65,1,"LeakyReLULayer( 0.050000 )",post_activation,"-10;-9.6875;-9.375;-9.0625;-8.75;-8.4375;-8.125;-7.8125;-7.5;-7.1875;-6.875;-6.5625;-6.25;-5.9375;-5.625;-5.3125;-5;-4.6875;-4.375;-4.0625;-3.75;-3.4375;-3.125;-2.8125;-2.5;-2.1875;-1.875;-1.5625;-1.25;-0.9375;-0.625;-0.3125;0;0.3125;0.625;0.9375;1.25;1.5625;1.875;2.1875;2.5;2.8125;3.125;3.4375;3.75;4.0625;4.375;4.6875;5;5.3125;5.625;5.9375;6.25;6.5625;6.875;7.1875;7.5;7.8125;8.125;8.4375;8.75;9.0625;9.375;9.6875;10","0;0;0;0;0;0;0;0;0;0;0;0;0;0;0;0;0;0;0;0;0;0;0;0;0;0;0;0;0;0;0;4870194;2975232;1181795;416907;215478;105048;70069;25193;4084;0;0;0;0;0;0;0;0;0;0;0;0;0;0;0;0;0;0;0;0;0;0;0;0",9864000
65,5,"LeakyReLULayer( 0.050000 )",pre_activation,"-10;-9.6875;-9.375;-9.0625;-8.75;-8.4375;-8.125;-7.8125;-7.5;-7.1875;-6.875;-6.5625;-6.25;-5.9375;-5.625;-5.3125;-5;-4.6875;-4.375;-4.0625;-3.75;-3.4375;-3.125;-2.8125;-2.5;-2.1875;-1.875;-1.5625;-1.25;-0.9375;-0.625;-0.3125;0;0.3125;0.625;0.9375;1.25;1.5625;1.875;2.1875;2.5;2.8125;3.125;3.4375;3.75;4.0625;4.375;4.6875;5;5.3125;5.625;5.9375;6.25;6.5625;6.875;7.1875;7.5;7.8125;8.125;8.4375;8.75;9.0625;9.375;9.6875;10","0;0;0;0;0;0;0;0;0;0;0;0;0;0;0;0;0;0;0;0;0;0;0;0;0;43;322;1616;4880;15410;24219;26778;37067;40872;13600;6620;2611;1032;290;0;0;0;0;0;0;0;0;0;0;0;0;0;0;0;0;0;0;0;0;0;0;0;0;0",175360
65,5,"LeakyReLULayer( 0.050000 )",post_activation,"-10;-9.6875;-9.375;-9.0625;-8.75;-8.4375;-8.125;-7.8125;-7.5;-7.1875;-6.875;-6.5625;-6.25;-5.9375;-5.625;-5.3125;-5;-4.6875;-4.375;-4.0625;-3.75;-3.4375;-3.125;-2.8125;-2.5;-2.1875;-1.875;-1.5625;-1.25;-0.9375;-0.625;-0.3125;0;0.3125;0.625;0.9375;1.25;1.5625;1.875;2.1875;2.5;2.8125;3.125;3.4375;3.75;4.0625;4.375;4.6875;5;5.3125;5.625;5.9375;6.25;6.5625;6.875;7.1875;7.5;7.8125;8.125;8.4375;8.75;9.0625;9.375;9.6875;10","0;0;0;0;0;0;0;0;0;0;0;0;0;0;0;0;0;0;0;0;0;0;0;0;0;0;0;0;0;0;0;73268;37067;40872;13600;6620;2611;1032;290;0;0;0;0;0;0;0;0;0;0;0;0;0;0;0;0;0;0;0;0;0;0;0;0;0",175360
65,8,"LeakyReLULayer( 0.050000 )",pre_activation,"-10;-9.6875;-9.375;-9.0625;-8.75;-8.4375;-8.125;-7.8125;-7.5;-7.1875;-6.875;-6.5625;-6.25;-5.9375;-5.625;-5.3125;-5;-4.6875;-4.375;-4.0625;-3.75;-3.4375;-3.125;-2.8125;-2.5;-2.1875;-1.875;-1.5625;-1.25;-0.9375;-0.625;-0.3125;0;0.3125;0.625;0.9375;1.25;1.5625;1.875;2.1875;2.5;2.8125;3.125;3.4375;3.75;4.0625;4.375;4.6875;5;5.3125;5.625;5.9375;6.25;6.5625;6.875;7.1875;7.5;7.8125;8.125;8.4375;8.75;9.0625;9.375;9.6875;10","0;0;0;0;0;0;0;0;0;0;0;0;0;0;0;0;0;0;0;0;0;0;0;0;0;0;0;670;2183;5742;10465;21270;20791;12126;8166;4098;1591;490;88;0;0;0;0;0;0;0;0;0;0;0;0;0;0;0;0;0;0;0;0;0;0;0;0;0",87680
65,8,"LeakyReLULayer( 0.050000 )",post_activation,"-10;-9.6875;-9.375;-9.0625;-8.75;-8.4375;-8.125;-7.8125;-7.5;-7.1875;-6.875;-6.5625;-6.25;-5.9375;-5.625;-5.3125;-5;-4.6875;-4.375;-4.0625;-3.75;-3.4375;-3.125;-2.8125;-2.5;-2.1875;-1.875;-1.5625;-1.25;-0.9375;-0.625;-0.3125;0;0.3125;0.625;0.9375;1.25;1.5625;1.875;2.1875;2.5;2.8125;3.125;3.4375;3.75;4.0625;4.375;4.6875;5;5.3125;5.625;5.9375;6.25;6.5625;6.875;7.1875;7.5;7.8125;8.125;8.4375;8.75;9.0625;9.375;9.6875;10","0;0;0;0;0;0;0;0;0;0;0;0;0;0;0;0;0;0;0;0;0;0;0;0;0;0;0;0;0;0;0;40330;20791;12126;8166;4098;1591;490;88;0;0;0;0;0;0;0;0;0;0;0;0;0;0;0;0;0;0;0;0;0;0;0;0;0",87680
66,1,"LeakyReLULayer( 0.050000 )",pre_activation,"-10;-9.6875;-9.375;-9.0625;-8.75;-8.4375;-8.125;-7.8125;-7.5;-7.1875;-6.875;-6.5625;-6.25;-5.9375;-5.625;-5.3125;-5;-4.6875;-4.375;-4.0625;-3.75;-3.4375;-3.125;-2.8125;-2.5;-2.1875;-1.875;-1.5625;-1.25;-0.9375;-0.625;-0.3125;0;0.3125;0.625;0.9375;1.25;1.5625;1.875;2.1875;2.5;2.8125;3.125;3.4375;3.75;4.0625;4.375;4.6875;5;5.3125;5.625;5.9375;6.25;6.5625;6.875;7.1875;7.5;7.8125;8.125;8.4375;8.75;9.0625;9.375;9.6875;10","0;0;0;0;0;0;0;0;0;0;0;0;0;0;0;0;0;0;0;61;489;1558;3649;7206;13502;30094;62504;111168;204509;422786;1061220;2951472;2975333;1181699;416879;215475;105048;70068;25191;4089;0;0;0;0;0;0;0;0;0;0;0;0;0;0;0;0;0;0;0;0;0;0;0;0",9864000
66,1,"LeakyReLULayer( 0.050000 )",post_activation,"-10;-9.6875;-9.375;-9.0625;-8.75;-8.4375;-8.125;-7.8125;-7.5;-7.1875;-6.875;-6.5625;-6.25;-5.9375;-5.625;-5.3125;-5;-4.6875;-4.375;-4.0625;-3.75;-3.4375;-3.125;-2.8125;-2.5;-2.1875;-1.875;-1.5625;-1.25;-0.9375;-0.625;-0.3125;0;0.3125;0.625;0.9375;1.25;1.5625;1.875;2.1875;2.5;2.8125;3.125;3.4375;3.75;4.0625;4.375;4.6875;5;5.3125;5.625;5.9375;6.25;6.5625;6.875;7.1875;7.5;7.8125;8.125;8.4375;8.75;9.0625;9.375;9.6875;10","0;0;0;0;0;0;0;0;0;0;0;0;0;0;0;0;0;0;0;0;0;0;0;0;0;0;0;0;0;0;0;4870218;2975333;1181699;416879;215475;105048;70068;25191;4089;0;0;0;0;0;0;0;0;0;0;0;0;0;0;0;0;0;0;0;0;0;0;0;0",9864000
66,5,"LeakyReLULayer( 0.050000 )",pre_activation,"-10;-9.6875;-9.375;-9.0625;-8.75;-8.4375;-8.125;-7.8125;-7.5;-7.1875;-6.875;-6.5625;-6.25;-5.9375;-5.625;-5.3125;-5;-4.6875;-4.375;-4.0625;-3.75;-3.4375;-3.125;-2.8125;-2.5;-2.1875;-1.875;-1.5625;-1.25;-0.9375;-0.625;-0.3125;0;0.3125;0.625;0.9375;1.25;1.5625;1.875;2.1875;2.5;2.8125;3.125;3.4375;3.75;4.0625;4.375;4.6875;5;5.3125;5.625;5.9375;6.25;6.5625;6.875;7.1875;7.5;7.8125;8.125;8.4375;8.75;9.0625;9.375;9.6875;10","0;0;0;0;0;0;0;0;0;0;0;0;0;0;0;0;0;0;0;0;0;0;0;0;1;42;317;1614;4866;15421;24256;26828;36918;40885;13652;6632;2616;1026;286;0;0;0;0;0;0;0;0;0;0;0;0;0;0;0;0;0;0;0;0;0;0;0;0;0",175360
66,5,"LeakyReLULayer( 0.050000 )",post_activation,"-10;-9.6875;-9.375;-9.0625;-8.75;-8.4375;-8.125;-7.8125;-7.5;-7.1875;-6.875;-6.5625;-6.25;-5.9375;-5.625;-5.3125;-5;-4.6875;-4.375;-4.0625;-3.75;-3.4375;-3.125;-2.8125;-2.5;-2.1875;-1.875;-1.5625;-1.25;-0.9375;-0.625;-0.3125;0;0.3125;0.625;0.9375;1.25;1.5625;1.875;2.1875;2.5;2.8125;3.125;3.4375;3.75;4.0625;4.375;4.6875;5;5.3125;5.625;5.9375;6.25;6.5625;6.875;7.1875;7.5;7.8125;8.125;8.4375;8.75;9.0625;9.375;9.6875;10","0;0;0;0;0;0;0;0;0;0;0;0;0;0;0;0;0;0;0;0;0;0;0;0;0;0;0;0;0;0;0;73345;36918;40885;13652;6632;2616;1026;286;0;0;0;0;0;0;0;0;0;0;0;0;0;0;0;0;0;0;0;0;0;0;0;0;0",175360
66,8,"LeakyReLULayer( 0.050000 )",pre_activation,"-10;-9.6875;-9.375;-9.0625;-8.75;-8.4375;-8.125;-7.8125;-7.5;-7.1875;-6.875;-6.5625;-6.25;-5.9375;-5.625;-5.3125;-5;-4.6875;-4.375;-4.0625;-3.75;-3.4375;-3.125;-2.8125;-2.5;-2.1875;-1.875;-1.5625;-1.25;-0.9375;-0.625;-0.3125;0;0.3125;0.625;0.9375;1.25;1.5625;1.875;2.1875;2.5;2.8125;3.125;3.4375;3.75;4.0625;4.375;4.6875;5;5.3125;5.625;5.9375;6.25;6.5625;6.875;7.1875;7.5;7.8125;8.125;8.4375;8.75;9.0625;9.375;9.6875;10","0;0;0;0;0;0;0;0;0;0;0;0;0;0;0;0;0;0;0;0;0;0;0;0;0;0;0;676;2191;5743;10479;21346;20676;12036;8244;4148;1570;484;87;0;0;0;0;0;0;0;0;0;0;0;0;0;0;0;0;0;0;0;0;0;0;0;0;0",87680
66,8,"LeakyReLULayer( 0.050000 )",post_activation,"-10;-9.6875;-9.375;-9.0625;-8.75;-8.4375;-8.125;-7.8125;-7.5;-7.1875;-6.875;-6.5625;-6.25;-5.9375;-5.625;-5.3125;-5;-4.6875;-4.375;-4.0625;-3.75;-3.4375;-3.125;-2.8125;-2.5;-2.1875;-1.875;-1.5625;-1.25;-0.9375;-0.625;-0.3125;0;0.3125;0.625;0.9375;1.25;1.5625;1.875;2.1875;2.5;2.8125;3.125;3.4375;3.75;4.0625;4.375;4.6875;5;5.3125;5.625;5.9375;6.25;6.5625;6.875;7.1875;7.5;7.8125;8.125;8.4375;8.75;9.0625;9.375;9.6875;10","0;0;0;0;0;0;0;0;0;0;0;0;0;0;0;0;0;0;0;0;0;0;0;0;0;0;0;0;0;0;0;40435;20676;12036;8244;4148;1570;484;87;0;0;0;0;0;0;0;0;0;0;0;0;0;0;0;0;0;0;0;0;0;0;0;0;0",87680
67,1,"LeakyReLULayer( 0.050000 )",pre_activation,"-10;-9.6875;-9.375;-9.0625;-8.75;-8.4375;-8.125;-7.8125;-7.5;-7.1875;-6.875;-6.5625;-6.25;-5.9375;-5.625;-5.3125;-5;-4.6875;-4.375;-4.0625;-3.75;-3.4375;-3.125;-2.8125;-2.5;-2.1875;-1.875;-1.5625;-1.25;-0.9375;-0.625;-0.3125;0;0.3125;0.625;0.9375;1.25;1.5625;1.875;2.1875;2.5;2.8125;3.125;3.4375;3.75;4.0625;4.375;4.6875;5;5.3125;5.625;5.9375;6.25;6.5625;6.875;7.1875;7.5;7.8125;8.125;8.4375;8.75;9.0625;9.375;9.6875;10","0;0;0;0;0;0;0;0;0;0;0;0;0;0;0;0;0;0;0;61;489;1558;3648;7209;13502;30095;62495;111173;204507;422792;1061173;2951557;2975382;1181614;416843;215495;105055;70072;25191;4089;0;0;0;0;0;0;0;0;0;0;0;0;0;0;0;0;0;0;0;0;0;0;0;0",9864000
67,1,"LeakyReLULayer( 0.050000 )",post_activation,"-10;-9.6875;-9.375;-9.0625;-8.75;-8.4375;-8.125;-7.8125;-7.5;-7.1875;-6.875;-6.5625;-6.25;-5.9375;-5.625;-5.3125;-5;-4.6875;-4.375;-4.0625;-3.75;-3.4375;-3.125;-2.8125;-2.5;-2.1875;-1.875;-1.5625;-1.25;-0.9375;-0.625;-0.3125;0;0.3125;0.625;0.9375;1.25;1.5625;1.875;2.1875;2.5;2.8125;3.125;3.4375;3.75;4.0625;4.375;4.6875;5;5.3125;5.625;5.9375;6.25;6.5625;6.875;7.1875;7.5;7.8125;8.125;8.4375;8.75;9.0625;9.375;9.6875;10","0;0;0;0;0;0;0;0;0;0;0;0;0;0;0;0;0;0;0;0;0;0;0;0;0;0;0;0;0;0;0;4870259;2975382;1181614;416843;215495;105055;70072;25191;4089;0;0;0;0;0;0;0;0;0;0;0;0;0;0;0;0;0;0;0;0;0;0;0;0",9864000
67,5,"LeakyReLULayer( 0.050000 )",pre_activation,"-10;-9.6875;-9.375;-9.0625;-8.75;-8.4375;-8.125;-7.8125;-7.5;-7.1875;-6.875;-6.5625;-6.25;-5.9375;-5.625;-5.3125;-5;-4.6875;-4.375;-4.0625;-3.75;-3.4375;-3.125;-2.8125;-2.5;-2.1875;-1.875;-1.5625;-1.25;-0.9375;-0.625;-0.3125;0;0.3125;0.625;0.9375;1.25;1.5625;1.875;2.1875;2.5;2.8125;3.125;3.4375;3.75;4.0625;4.375;4.6875;5;5.3125;5.625;5.9375;6.25;6.5625;6.875;7.1875;7.5;7.8125;8.125;8.4375;8.75;9.0625;9.375;9.6875;10","0;0;0;0;0;0;0;0;0;0;0;0;0;0;0;0;0;0;0;0;0;0;0;0;1;42;319;1621;4832;15500;24088;26896;36958;40794;13712;6676;2618;1021;282;0;0;0;0;0;0;0;0;0;0;0;0;0;0;0;0;0;0;0;0;0;0;0;0;0",175360
67,5,"LeakyReLULayer( 0.050000 )",post_activation,"-10;-9.6875;-9.375;-9.0625;-8.75;-8.4375;-8.125;-7.8125;-7.5;-7.1875;-6.875;-6.5625;-6.25;-5.9375;-5.625;-5.3125;-5;-4.6875;-4.375;-4.0625;-3.75;-3.4375;-3.125;-2.8125;-2.5;-2.1875;-1.875;-1.5625;-1.25;-0.9375;-0.625;-0.3125;0;0.3125;0.625;0.9375;1.25;1.5625;1.875;2.1875;2.5;2.8125;3.125;3.4375;3.75;4.0625;4.375;4.6875;5;5.3125;5.625;5.9375;6.25;6.5625;6.875;7.1875;7.5;7.8125;8.125;8.4375;8.75;9.0625;9.375;9.6875;10","0;0;0;0;0;0;0;0;0;0;0;0;0;0;0;0;0;0;0;0;0;0;0;0;0;0;0;0;0;0;0;73299;36958;40794;13712;6676;2618;1021;282;0;0;0;0;0;0;0;0;0;0;0;0;0;0;0;0;0;0;0;0;0;0;0;0;0",175360
67,8,"LeakyReLULayer( 0.050000 )",pre_activation,"-10;-9.6875;-9.375;-9.0625;-8.75;-8.4375;-8.125;-7.8125;-7.5;-7.1875;-6.875;-6.5625;-6.25;-5.9375;-5.625;-5.3125;-5;-4.6875;-4.375;-4.0625;-3.75;-3.4375;-3.125;-2.8125;-2.5;-2.1875;-1.875;-1.5625;-1.25;-0.9375;-0.625;-0.3125;0;0.3125;0.625;0.9375;1.25;1.5625;1.875;2.1875;2.5;2.8125;3.125;3.4375;3.75;4.0625;4.375;4.6875;5;5.3125;5.625;5.9375;6.25;6.5625;6.875;7.1875;7.5;7.8125;8.125;8.4375;8.75;9.0625;9.375;9.6875;10","0;0;0;0;0;0;0;0;0;0;0;0;0;0;0;0;0;0;0;0;0;0;0;0;0;0;0;678;2215;5724;10441;21328;20694;12075;8203;4156;1588;488;90;0;0;0;0;0;0;0;0;0;0;0;0;0;0;0;0;0;0;0;0;0;0;0;0;0",87680
67,8,"LeakyReLULayer( 0.050000 )",post_activation,"-10;-9.6875;-9.375;-9.0625;-8.75;-8.4375;-8.125;-7.8125;-7.5;-7.1875;-6.875;-6.5625;-6.25;-5.9375;-5.625;-5.3125;-5;-4.6875;-4.375;-4.0625;-3.75;-3.4375;-3.125;-2.8125;-2.5;-2.1875;-1.875;-1.5625;-1.25;-0.9375;-0.625;-0.3125;0;0.3125;0.625;0.9375;1.25;1.5625;1.875;2.1875;2.5;2.8125;3.125;3.4375;3.75;4.0625;4.375;4.6875;5;5.3125;5.625;5.9375;6.25;6.5625;6.875;7.1875;7.5;7.8125;8.125;8.4375;8.75;9.0625;9.375;9.6875;10","0;0;0;0;0;0;0;0;0;0;0;0;0;0;0;0;0;0;0;0;0;0;0;0;0;0;0;0;0;0;0;40386;20694;12075;8203;4156;1588;488;90;0;0;0;0;0;0;0;0;0;0;0;0;0;0;0;0;0;0;0;0;0;0;0;0;0",87680
68,1,"LeakyReLULayer( 0.050000 )",pre_activation,"-10;-9.6875;-9.375;-9.0625;-8.75;-8.4375;-8.125;-7.8125;-7.5;-7.1875;-6.875;-6.5625;-6.25;-5.9375;-5.625;-5.3125;-5;-4.6875;-4.375;-4.0625;-3.75;-3.4375;-3.125;-2.8125;-2.5;-2.1875;-1.875;-1.5625;-1.25;-0.9375;-0.625;-0.3125;0;0.3125;0.625;0.9375;1.25;1.5625;1.875;2.1875;2.5;2.8125;3.125;3.4375;3.75;4.0625;4.375;4.6875;5;5.3125;5.625;5.9375;6.25;6.5625;6.875;7.1875;7.5;7.8125;8.125;8.4375;8.75;9.0625;9.375;9.6875;10","0;0;0;0;0;0;0;0;0;0;0;0;0;0;0;0;0;0;0;61;489;1558;3650;7200;13504;30093;62476;111158;204480;422669;1061082;2951929;2975610;1181409;416825;215430;105040;70072;25181;4084;0;0;0;0;0;0;0;0;0;0;0;0;0;0;0;0;0;0;0;0;0;0;0;0",9864000
68,1,"LeakyReLULayer( 0.050000 )",post_activation,"-10;-9.6875;-9.375;-9.0625;-8.75;-8.4375;-8.125;-7.8125;-7.5;-7.1875;-6.875;-6.5625;-6.25;-5.9375;-5.625;-5.3125;-5;-4.6875;-4.375;-4.0625;-3.75;-3.4375;-3.125;-2.8125;-2.5;-2.1875;-1.875;-1.5625;-1.25;-0.9375;-0.625;-0.3125;0;0.3125;0.625;0.9375;1.25;1.5625;1.875;2.1875;2.5;2.8125;3.125;3.4375;3.75;4.0625;4.375;4.6875;5;5.3125;5.625;5.9375;6.25;6.5625;6.875;7.1875;7.5;7.8125;8.125;8.4375;8.75;9.0625;9.375;9.6875;10","0;0;0;0;0;0;0;0;0;0;0;0;0;0;0;0;0;0;0;0;0;0;0;0;0;0;0;0;0;0;0;4870349;2975610;1181409;416825;215430;105040;70072;25181;4084;0;0;0;0;0;0;0;0;0;0;0;0;0;0;0;0;0;0;0;0;0;0;0;0",9864000
68,5,"LeakyReLULayer( 0.050000 )",pre_activation,"-10;-9.6875;-9.375;-9.0625;-8.75;-8.4375;-8.125;-7.8125;-7.5;-7.1875;-6.875;-6.5625;-6.25;-5.9375;-5.625;-5.3125;-5;-4.6875;-4.375;-4.0625;-3.75;-3.4375;-3.125;-2.8125;-2.5;-2.1875;-1.875;-1.5625;-1.25;-0.9375;-0.625;-0.3125;0;0.3125;0.625;0.9375;1.25;1.5625;1.875;2.1875;2.5;2.8125;3.125;3.4375;3.75;4.0625;4.375;4.6875;5;5.3125;5.625;5.9375;6.25;6.5625;6.875;7.1875;7.5;7.8125;8.125;8.4375;8.75;9.0625;9.375;9.6875;10","0;0;0;0;0;0;0;0;0;0;0;0;0;0;0;0;0;0;0;0;0;0;0;0;1;42;313;1620;4852;15483;24050;26934;36952;40731;13779;6672;2632;1015;284;0;0;0;0;0;0;0;0;0;0;0;0;0;0;0;0;0;0;0;0;0;0;0;0;0",175360
68,5,"LeakyReLULayer( 0.050000 )",post_activation,"-10;-9.6875;-9.375;-9.0625;-8.75;-8.4375;-8.125;-7.8125;-7.5;-7.1875;-6.875;-6.5625;-6.25;-5.9375;-5.625;-5.3125;-5;-4.6875;-4.375;-4.0625;-3.75;-3.4375;-3.125;-2.8125;-2.5;-2.1875;-1.875;-1.5625;-1.25;-0.9375;-0.625;-0.3125;0;0.3125;0.625;0.9375;1.25;1.5625;1.875;2.1875;2.5;2.8125;3.125;3.4375;3.75;4.0625;4.375;4.6875;5;5.3125;5.625;5.9375;6.25;6.5625;6.875;7.1875;7.5;7.8125;8.125;8.4375;8.75;9.0625;9.375;9.6875;10","0;0;0;0;0;0;0;0;0;0;0;0;0;0;0;0;0;0;0;0;0;0;0;0;0;0;0;0;0;0;0;73295;36952;40731;13779;6672;2632;1015;284;0;0;0;0;0;0;0;0;0;0;0;0;0;0;0;0;0;0;0;0;0;0;0;0;0",175360
68,8,"LeakyReLULayer( 0.050000 )",pre_activation,"-10;-9.6875;-9.375;-9.0625;-8.75;-8.4375;-8.125;-7.8125;-7.5;-7.1875;-6.875;-6.5625;-6.25;-5.9375;-5.625;-5.3125;-5;-4.6875;-4.375;-4.0625;-3.75;-3.4375;-3.125;-2.8125;-2.5;-2.1875;-1.875;-1.5625;-1.25;-0.9375;-0.625;-0.3125;0;0.3125;0.625;0.9375;1.25;1.5625;1.875;2.1875;2.5;2.8125;3.125;3.4375;3.75;4.0625;4.375;4.6875;5;5.3125;5.625;5.9375;6.25;6.5625;6.875;7.1875;7.5;7.8125;8.125;8.4375;8.75;9.0625;9.375;9.6875;10","0;0;0;0;0;0;0;0;0;0;0;0;0;0;0;0;0;0;0;0;0;0;0;0;0;0;0;675;2214;5737;10437;21415;20590;12133;8191;4142;1581;483;82;0;0;0;0;0;0;0;0;0;0;0;0;0;0;0;0;0;0;0;0;0;0;0;0;0",87680
68,8,"LeakyReLULayer( 0.050000 )",post_activation,"-10;-9.6875;-9.375;-9.0625;-8.75;-8.4375;-8.125;-7.8125;-7.5;-7.1875;-6.875;-6.5625;-6.25;-5.9375;-5.625;-5.3125;-5;-4.6875;-4.375;-4.0625;-3.75;-3.4375;-3.125;-2.8125;-2.5;-2.1875;-1.875;-1.5625;-1.25;-0.9375;-0.625;-0.3125;0;0.3125;0.625;0.9375;1.25;1.5625;1.875;2.1875;2.5;2.8125;3.125;3.4375;3.75;4.0625;4.375;4.6875;5;5.3125;5.625;5.9375;6.25;6.5625;6.875;7.1875;7.5;7.8125;8.125;8.4375;8.75;9.0625;9.375;9.6875;10","0;0;0;0;0;0;0;0;0;0;0;0;0;0;0;0;0;0;0;0;0;0;0;0;0;0;0;0;0;0;0;40478;20590;12133;8191;4142;1581;483;82;0;0;0;0;0;0;0;0;0;0;0;0;0;0;0;0;0;0;0;0;0;0;0;0;0",87680
69,1,"LeakyReLULayer( 0.050000 )",pre_activation,"-10;-9.6875;-9.375;-9.0625;-8.75;-8.4375;-8.125;-7.8125;-7.5;-7.1875;-6.875;-6.5625;-6.25;-5.9375;-5.625;-5.3125;-5;-4.6875;-4.375;-4.0625;-3.75;-3.4375;-3.125;-2.8125;-2.5;-2.1875;-1.875;-1.5625;-1.25;-0.9375;-0.625;-0.3125;0;0.3125;0.625;0.9375;1.25;1.5625;1.875;2.1875;2.5;2.8125;3.125;3.4375;3.75;4.0625;4.375;4.6875;5;5.3125;5.625;5.9375;6.25;6.5625;6.875;7.1875;7.5;7.8125;8.125;8.4375;8.75;9.0625;9.375;9.6875;10","0;0;0;0;0;0;0;0;0;0;0;0;0;0;0;0;0;0;0;61;488;1558;3648;7205;13498;30088;62478;111131;204483;422626;1060944;2952073;2975865;1181216;416842;215437;105034;70071;25172;4082;0;0;0;0;0;0;0;0;0;0;0;0;0;0;0;0;0;0;0;0;0;0;0;0",9864000
69,1,"LeakyReLULayer( 0.050000 )",post_activation,"-10;-9.6875;-9.375;-9.0625;-8.75;-8.4375;-8.125;-7.8125;-7.5;-7.1875;-6.875;-6.5625;-6.25;-5.9375;-5.625;-5.3125;-5;-4.6875;-4.375;-4.0625;-3.75;-3.4375;-3.125;-2.8125;-2.5;-2.1875;-1.875;-1.5625;-1.25;-0.9375;-0.625;-0.3125;0;0.3125;0.625;0.9375;1.25;1.5625;1.875;2.1875;2.5;2.8125;3.125;3.4375;3.75;4.0625;4.375;4.6875;5;5.3125;5.625;5.9375;6.25;6.5625;6.875;7.1875;7.5;7.8125;8.125;8.4375;8.75;9.0625;9.375;9.6875;10","0;0;0;0;0;0;0;0;0;0;0;0;0;0;0;0;0;0;0;0;0;0;0;0;0;0;0;0;0;0;0;4870281;2975865;1181216;416842;215437;105034;70071;25172;4082;0;0;0;0;0;0;0;0;0;0;0;0;0;0;0;0;0;0;0;0;0;0;0;0",9864000
69,5,"LeakyReLULayer( 0.050000 )",pre_activation,"-10;-9.6875;-9.375;-9.0625;-8.75;-8.4375;-8.125;-7.8125;-7.5;-7.1875;-6.875;-6.5625;-6.25;-5.9375;-5.625;-5.3125;-5;-4.6875;-4.375;-4.0625;-3.75;-3.4375;-3.125;-2.8125;-2.5;-2.1875;-1.875;-1.5625;-1.25;-0.9375;-0.625;-0.3125;0;0.3125;0.625;0.9375;1.25;1.5625;1.875;2.1875;2.5;2.8125;3.125;3.4375;3.75;4.0625;4.375;4.6875;5;5.3125;5.625;5.9375;6.25;6.5625;6.875;7.1875;7.5;7.8125;8.125;8.4375;8.75;9.0625;9.375;9.6875;10","0;0;0;0;0;0;0;0;0;0;0;0;0;0;0;0;0;0;0;0;0;0;0;0;1;42;315;1616;4873;15475;24053;26958;36695;40992;13755;6663;2611;1025;286;0;0;0;0;0;0;0;0;0;0;0;0;0;0;0;0;0;0;0;0;0;0;0;0;0",175360
69,5,"LeakyReLULayer( 0.050000 )",post_activation,"-10;-9.6875;-9.375;-9.0625;-8.75;-8.4375;-8.125;-7.8125;-7.5;-7.1875;-6.875;-6.5625;-6.25;-5.9375;-5.625;-5.3125;-5;-4.6875;-4.375;-4.0625;-3.75;-3.4375;-3.125;-2.8125;-2.5;-2.1875;-1.875;-1.5625;-1.25;-0.9375;-0.625;-0.3125;0;0.3125;0.625;0.9375;1.25;1.5625;1.875;2.1875;2.5;2.8125;3.125;3.4375;3.75;4.0625;4.375;4.6875;5;5.3125;5.625;5.9375;6.25;6.5625;6.875;7.1875;7.5;7.8125;8.125;8.4375;8.75;9.0625;9.375;9.6875;10","0;0;0;0;0;0;0;0;0;0;0;0;0;0;0;0;0;0;0;0;0;0;0;0;0;0;0;0;0;0;0;73333;36695;40992;13755;6663;2611;1025;286;0;0;0;0;0;0;0;0;0;0;0;0;0;0;0;0;0;0;0;0;0;0;0;0;0",175360
69,8,"LeakyReLULayer( 0.050000 )",pre_activation,"-10;-9.6875;-9.375;-9.0625;-8.75;-8.4375;-8.125;-7.8125;-7.5;-7.1875;-6.875;-6.5625;-6.25;-5.9375;-5.625;-5.3125;-5;-4.6875;-4.375;-4.0625;-3.75;-3.4375;-3.125;-2.8125;-2.5;-2.1875;-1.875;-1.5625;-1.25;-0.9375;-0.625;-0.3125;0;0.3125;0.625;0.9375;1.25;1.5625;1.875;2.1875;2.5;2.8125;3.125;3.4375;3.75;4.0625;4.375;4.6875;5;5.3125;5.625;5.9375;6.25;6.5625;6.875;7.1875;7.5;7.8125;8.125;8.4375;8.75;9.0625;9.375;9.6875;10","0;0;0;0;0;0;0;0;0;0;0;0;0;0;0;0;0;0;0;0;0;0;0;0;0;0;0;687;2234;5694;10475;21473;20504;12146;8160;4139;1593;484;91;0;0;0;0;0;0;0;0;0;0;0;0;0;0;0;0;0;0;0;0;0;0;0;0;0",87680
69,8,"LeakyReLULayer( 0.050000 )",post_activation,"-10;-9.6875;-9.375;-9.0625;-8.75;-8.4375;-8.125;-7.8125;-7.5;-7.1875;-6.875;-6.5625;-6.25;-5.9375;-5.625;-5.3125;-5;-4.6875;-4.375;-4.0625;-3.75;-3.4375;-3.125;-2.8125;-2.5;-2.1875;-1.875;-1.5625;-1.25;-0.9375;-0.625;-0.3125;0;0.3125;0.625;0.9375;1.25;1.5625;1.875;2.1875;2.5;2.8125;3.125;3.4375;3.75;4.0625;4.375;4.6875;5;5.3125;5.625;5.9375;6.25;6.5625;6.875;7.1875;7.5;7.8125;8.125;8.4375;8.75;9.0625;9.375;9.6875;10","0;0;0;0;0;0;0;0;0;0;0;0;0;0;0;0;0;0;0;0;0;0;0;0;0;0;0;0;0;0;0;40563;20504;12146;8160;4139;1593;484;91;0;0;0;0;0;0;0;0;0;0;0;0;0;0;0;0;0;0;0;0;0;0;0;0;0",87680
70,1,"LeakyReLULayer( 0.050000 )",pre_activation,"-10;-9.6875;-9.375;-9.0625;-8.75;-8.4375;-8.125;-7.8125;-7.5;-7.1875;-6.875;-6.5625;-6.25;-5.9375;-5.625;-5.3125;-5;-4.6875;-4.375;-4.0625;-3.75;-3.4375;-3.125;-2.8125;-2.5;-2.1875;-1.875;-1.5625;-1.25;-0.9375;-0.625;-0.3125;0;0.3125;0.625;0.9375;1.25;1.5625;1.875;2.1875;2.5;2.8125;3.125;3.4375;3.75;4.0625;4.375;4.6875;5;5.3125;5.625;5.9375;6.25;6.5625;6.875;7.1875;7.5;7.8125;8.125;8.4375;8.75;9.0625;9.375;9.6875;10","0;0;0;0;0;0;0;0;0;0;0;0;0;0;0;0;0;0;0;61;488;1557;3644;7203;13495;30096;62446;111110;204457;422427;1060652;2952745;2976408;1180734;416765;215392;105033;70068;25148;4071;0;0;0;0;0;0;0;0;0;0;0;0;0;0;0;0;0;0;0;0;0;0;0;0",9864000
70,1,"LeakyReLULayer( 0.050000 )",post_activation,"-10;-9.6875;-9.375;-9.0625;-8.75;-8.4375;-8.125;-7.8125;-7.5;-7.1875;-6.875;-6.5625;-6.25;-5.9375;-5.625;-5.3125;-5;-4.6875;-4.375;-4.0625;-3.75;-3.4375;-3.125;-2.8125;-2.5;-2.1875;-1.875;-1.5625;-1.25;-0.9375;-0.625;-0.3125;0;0.3125;0.625;0.9375;1.25;1.5625;1.875;2.1875;2.5;2.8125;3.125;3.4375;3.75;4.0625;4.375;4.6875;5;5.3125;5.625;5.9375;6.25;6.5625;6.875;7.1875;7.5;7.8125;8.125;8.4375;8.75;9.0625;9.375;9.6875;10","0;0;0;0;0;0;0;0;0;0;0;0;0;0;0;0;0;0;0;0;0;0;0;0;0;0;0;0;0;0;0;4870381;2976408;1180734;416765;215392;105033;70068;25148;4071;0;0;0;0;0;0;0;0;0;0;0;0;0;0;0;0;0;0;0;0;0;0;0;0",9864000
70,5,"LeakyReLULayer( 0.050000 )",pre_activation,"-10;-9.6875;-9.375;-9.0625;-8.75;-8.4375;-8.125;-7.8125;-7.5;-7.1875;-6.875;-6.5625;-6.25;-5.9375;-5.625;-5.3125;-5;-4.6875;-4.375;-4.0625;-3.75;-3.4375;-3.125;-2.8125;-2.5;-2.1875;-1.875;-1.5625;-1.25;-0.9375;-0.625;-0.3125;0;0.3125;0.625;0.9375;1.25;1.5625;1.875;2.1875;2.5;2.8125;3.125;3.4375;3.75;4.0625;4.375;4.6875;5;5.3125;5.625;5.9375;6.25;6.5625;6.875;7.1875;7.5;7.8125;8.125;8.4375;8.75;9.0625;9.375;9.6875;10","0;0;0;0;0;0;0;0;0;0;0;0;0;0;0;0;0;0;0;0;0;0;0;0;0;43;314;1610;4823;15493;24162;26970;36708;40836;13817;6720;2603;981;280;0;0;0;0;0;0;0;0;0;0;0;0;0;0;0;0;0;0;0;0;0;0;0;0;0",175360
70,5,"LeakyReLULayer( 0.050000 )",post_activation,"-10;-9.6875;-9.375;-9.0625;-8.75;-8.4375;-8.125;-7.8125;-7.5;-7.1875;-6.875;-6.5625;-6.25;-5.9375;-5.625;-5.3125;-5;-4.6875;-4.375;-4.0625;-3.75;-3.4375;-3.125;-2.8125;-2.5;-2.1875;-1.875;-1.5625;-1.25;-0.9375;-0.625;-0.3125;0;0.3125;0.625;0.9375;1.25;1.5625;1.875;2.1875;2.5;2.8125;3.125;3.4375;3.75;4.0625;4.375;4.6875;5;5.3125;5.625;5.9375;6.25;6.5625;6.875;7.1875;7.5;7.8125;8.125;8.4375;8.75;9.0625;9.375;9.6875;10","0;0;0;0;0;0;0;0;0;0;0;0;0;0;0;0;0;0;0;0;0;0;0;0;0;0;0;0;0;0;0;73415;36708;40836;13817;6720;2603;981;280;0;0;0;0;0;0;0;0;0;0;0;0;0;0;0;0;0;0;0;0;0;0;0;0;0",175360
70,8,"LeakyReLULayer( 0.050000 )",pre_activation,"-10;-9.6875;-9.375;-9.0625;-8.75;-8.4375;-8.125;-7.8125;-7.5;-7.1875;-6.875;-6.5625;-6.25;-5.9375;-5.625;-5.3125;-5;-4.6875;-4.375;-4.0625;-3.75;-3.4375;-3.125;-2.8125;-2.5;-2.1875;-1.875;-1.5625;-1.25;-0.9375;-0.625;-0.3125;0;0.3125;0.625;0.9375;1.25;1.5625;1.875;2.1875;2.5;2.8125;3.125;3.4375;3.75;4.0625;4.375;4.6875;5;5.3125;5.625;5.9375;6.25;6.5625;6.875;7.1875;7.5;7.8125;8.125;8.4375;8.75;9.0625;9.375;9.6875;10","0;0;0;0;0;0;0;0;0;0;0;0;0;0;0;0;0;0;0;0;0;0;0;0;0;0;0;681;2212;5601;10633;21346;20682;12182;8056;4110;1598;487;92;0;0;0;0;0;0;0;0;0;0;0;0;0;0;0;0;0;0;0;0;0;0;0;0;0",87680
70,8,"LeakyReLULayer( 0.050000 )",post_activation,"-10;-9.6875;-9.375;-9.0625;-8.75;-8.4375;-8.125;-7.8125;-7.5;-7.1875;-6.875;-6.5625;-6.25;-5.9375;-5.625;-5.3125;-5;-4.6875;-4.375;-4.0625;-3.75;-3.4375;-3.125;-2.8125;-2.5;-2.1875;-1.875;-1.5625;-1.25;-0.9375;-0.625;-0.3125;0;0.3125;0.625;0.9375;1.25;1.5625;1.875;2.1875;2.5;2.8125;3.125;3.4375;3.75;4.0625;4.375;4.6875;5;5.3125;5.625;5.9375;6.25;6.5625;6.875;7.1875;7.5;7.8125;8.125;8.4375;8.75;9.0625;9.375;9.6875;10","0;0;0;0;0;0;0;0;0;0;0;0;0;0;0;0;0;0;0;0;0;0;0;0;0;0;0;0;0;0;0;40473;20682;12182;8056;4110;1598;487;92;0;0;0;0;0;0;0;0;0;0;0;0;0;0;0;0;0;0;0;0;0;0;0;0;0",87680
71,1,"LeakyReLULayer( 0.050000 )",pre_activation,"-10;-9.6875;-9.375;-9.0625;-8.75;-8.4375;-8.125;-7.8125;-7.5;-7.1875;-6.875;-6.5625;-6.25;-5.9375;-5.625;-5.3125;-5;-4.6875;-4.375;-4.0625;-3.75;-3.4375;-3.125;-2.8125;-2.5;-2.1875;-1.875;-1.5625;-1.25;-0.9375;-0.625;-0.3125;0;0.3125;0.625;0.9375;1.25;1.5625;1.875;2.1875;2.5;2.8125;3.125;3.4375;3.75;4.0625;4.375;4.6875;5;5.3125;5.625;5.9375;6.25;6.5625;6.875;7.1875;7.5;7.8125;8.125;8.4375;8.75;9.0625;9.375;9.6875;10","0;0;0;0;0;0;0;0;0;0;0;0;0;0;0;0;0;0;0;61;489;1556;3643;7204;13491;30078;62443;111090;204430;422338;1060544;2953069;2976633;1180546;416730;215363;105024;70059;25140;4069;0;0;0;0;0;0;0;0;0;0;0;0;0;0;0;0;0;0;0;0;0;0;0;0",9864000
71,1,"LeakyReLULayer( 0.050000 )",post_activation,"-10;-9.6875;-9.375;-9.0625;-8.75;-8.4375;-8.125;-7.8125;-7.5;-7.1875;-6.875;-6.5625;-6.25;-5.9375;-5.625;-5.3125;-5;-4.6875;-4.375;-4.0625;-3.75;-3.4375;-3.125;-2.8125;-2.5;-2.1875;-1.875;-1.5625;-1.25;-0.9375;-0.625;-0.3125;0;0.3125;0.625;0.9375;1.25;1.5625;1.875;2.1875;2.5;2.8125;3.125;3.4375;3.75;4.0625;4.375;4.6875;5;5.3125;5.625;5.9375;6.25;6.5625;6.875;7.1875;7.5;7.8125;8.125;8.4375;8.75;9.0625;9.375;9.6875;10","0;0;0;0;0;0;0;0;0;0;0;0;0;0;0;0;0;0;0;0;0;0;0;0;0;0;0;0;0;0;0;4870436;2976633;1180546;416730;215363;105024;70059;25140;4069;0;0;0;0;0;0;0;0;0;0;0;0;0;0;0;0;0;0;0;0;0;0;0;0",9864000
71,5,"LeakyReLULayer( 0.050000 )",pre_activation,"-10;-9.6875;-9.375;-9.0625;-8.75;-8.4375;-8.125;-7.8125;-7.5;-7.1875;-6.875;-6.5625;-6.25;-5.9375;-5.625;-5.3125;-5;-4.6875;-4.375;-4.0625;-3.75;-3.4375;-3.125;-2.8125;-2.5;-2.1875;-1.875;-1.5625;-1.25;-0.9375;-0.625;-0.3125;0;0.3125;0.625;0.9375;1.25;1.5625;1.875;2.1875;2.5;2.8125;3.125;3.4375;3.75;4.0625;4.375;4.6875;5;5.3125;5.625;5.9375;6.25;6.5625;6.875;7.1875;7.5;7.8125;8.125;8.4375;8.75;9.0625;9.375;9.6875;10","0;0;0;0;0;0;0;0;0;0;0;0;0;0;0;0;0;0;0;0;0;0;0;0;0;42;309;1610;4772;15528;24192;27044;36613;40873;13796;6713;2613;978;277;0;0;0;0;0;0;0;0;0;0;0;0;0;0;0;0;0;0;0;0;0;0;0;0;0",175360
71,5,"LeakyReLULayer( 0.050000 )",post_activation,"-10;-9.6875;-9.375;-9.0625;-8.75;-8.4375;-8.125;-7.8125;-7.5;-7.1875;-6.875;-6.5625;-6.25;-5.9375;-5.625;-5.3125;-5;-4.6875;-4.375;-4.0625;-3.75;-3.4375;-3.125;-2.8125;-2.5;-2.1875;-1.875;-1.5625;-1.25;-0.9375;-0.625;-0.3125;0;0.3125;0.625;0.9375;1.25;1.5625;1.875;2.1875;2.5;2.8125;3.125;3.4375;3.75;4.0625;4.375;4.6875;5;5.3125;5.625;5.9375;6.25;6.5625;6.875;7.1875;7.5;7.8125;8.125;8.4375;8.75;9.0625;9.375;9.6875;10","0;0;0;0;0;0;0;0;0;0;0;0;0;0;0;0;0;0;0;0;0;0;0;0;0;0;0;0;0;0;0;73497;36613;40873;13796;6713;2613;978;277;0;0;0;0;0;0;0;0;0;0;0;0;0;0;0;0;0;0;0;0;0;0;0;0;0",175360
71,8,"LeakyReLULayer( 0.050000 )",pre_activation,"-10;-9.6875;-9.375;-9.0625;-8.75;-8.4375;-8.125;-7.8125;-7.5;-7.1875;-6.875;-6.5625;-6.25;-5.9375;-5.625;-5.3125;-5;-4.6875;-4.375;-4.0625;-3.75;-3.4375;-3.125;-2.8125;-2.5;-2.1875;-1.875;-1.5625;-1.25;-0.9375;-0.625;-0.3125;0;0.3125;0.625;0.9375;1.25;1.5625;1.875;2.1875;2.5;2.8125;3.125;3.4375;3.75;4.0625;4.375;4.6875;5;5.3125;5.625;5.9375;6.25;6.5625;6.875;7.1875;7.5;7.8125;8.125;8.4375;8.75;9.0625;9.375;9.6875;10","0;0;0;0;0;0;0;0;0;0;0;0;0;0;0;0;0;0;0;0;0;0;0;0;0;0;0;667;2221;5604;10662;21381;20576;12202;8115;4091;1587;489;85;0;0;0;0;0;0;0;0;0;0;0;0;0;0;0;0;0;0;0;0;0;0;0;0;0",87680
71,8,"LeakyReLULayer( 0.050000 )",post_activation,"-10;-9.6875;-9.375;-9.0625;-8.75;-8.4375;-8.125;-7.8125;-7.5;-7.1875;-6.875;-6.5625;-6.25;-5.9375;-5.625;-5.3125;-5;-4.6875;-4.375;-4.0625;-3.75;-3.4375;-3.125;-2.8125;-2.5;-2.1875;-1.875;-1.5625;-1.25;-0.9375;-0.625;-0.3125;0;0.3125;0.625;0.9375;1.25;1.5625;1.875;2.1875;2.5;2.8125;3.125;3.4375;3.75;4.0625;4.375;4.6875;5;5.3125;5.625;5.9375;6.25;6.5625;6.875;7.1875;7.5;7.8125;8.125;8.4375;8.75;9.0625;9.375;9.6875;10","0;0;0;0;0;0;0;0;0;0;0;0;0;0;0;0;0;0;0;0;0;0;0;0;0;0;0;0;0;0;0;40535;20576;12202;8115;4091;1587;489;85;0;0;0;0;0;0;0;0;0;0;0;0;0;0;0;0;0;0;0;0;0;0;0;0;0",87680
72,1,"LeakyReLULayer( 0.050000 )",pre_activation,"-10;-9.6875;-9.375;-9.0625;-8.75;-8.4375;-8.125;-7.8125;-7.5;-7.1875;-6.875;-6.5625;-6.25;-5.9375;-5.625;-5.3125;-5;-4.6875;-4.375;-4.0625;-3.75;-3.4375;-3.125;-2.8125;-2.5;-2.1875;-1.875;-1.5625;-1.25;-0.9375;-0.625;-0.3125;0;0.3125;0.625;0.9375;1.25;1.5625;1.875;2.1875;2.5;2.8125;3.125;3.4375;3.75;4.0625;4.375;4.6875;5;5.3125;5.625;5.9375;6.25;6.5625;6.875;7.1875;7.5;7.8125;8.125;8.4375;8.75;9.0625;9.375;9.6875;10","0;0;0;0;0;0;0;0;0;0;0;0;0;0;0;0;0;0;0;61;488;1556;3646;7198;13491;30076;62449;111074;204455;422314;1060508;2953175;2976653;1180471;416719;215372;105041;70053;25131;4069;0;0;0;0;0;0;0;0;0;0;0;0;0;0;0;0;0;0;0;0;0;0;0;0",9864000
72,1,"LeakyReLULayer( 0.050000 )",post_activation,"-10;-9.6875;-9.375;-9.0625;-8.75;-8.4375;-8.125;-7.8125;-7.5;-7.1875;-6.875;-6.5625;-6.25;-5.9375;-5.625;-5.3125;-5;-4.6875;-4.375;-4.0625;-3.75;-3.4375;-3.125;-2.8125;-2.5;-2.1875;-1.875;-1.5625;-1.25;-0.9375;-0.625;-0.3125;0;0.3125;0.625;0.9375;1.25;1.5625;1.875;2.1875;2.5;2.8125;3.125;3.4375;3.75;4.0625;4.375;4.6875;5;5.3125;5.625;5.9375;6.25;6.5625;6.875;7.1875;7.5;7.8125;8.125;8.4375;8.75;9.0625;9.375;9.6875;10","0;0;0;0;0;0;0;0;0;0;0;0;0;0;0;0;0;0;0;0;0;0;0;0;0;0;0;0;0;0;0;4870491;2976653;1180471;416719;215372;105041;70053;25131;4069;0;0;0;0;0;0;0;0;0;0;0;0;0;0;0;0;0;0;0;0;0;0;0;0",9864000
72,5,"LeakyReLULayer( 0.050000 )",pre_activation,"-10;-9.6875;-9.375;-9.0625;-8.75;-8.4375;-8.125;-7.8125;-7.5;-7.1875;-6.875;-6.5625;-6.25;-5.9375;-5.625;-5.3125;-5;-4.6875;-4.375;-4.0625;-3.75;-3.4375;-3.125;-2.8125;-2.5;-2.1875;-1.875;-1.5625;-1.25;-0.9375;-0.625;-0.3125;0;0.3125;0.625;0.9375;1.25;1.5625;1.875;2.1875;2.5;2.8125;3.125;3.4375;3.75;4.0625;4.375;4.6875;5;5.3125;5.625;5.9375;6.25;6.5625;6.875;7.1875;7.5;7.8125;8.125;8.4375;8.75;9.0625;9.375;9.6875;10","0;0;0;0;0;0;0;0;0;0;0;0;0;0;0;0;0;0;0;0;0;0;0;0;0;42;305;1615;4791;15538;24177;26914;36694;40872;13848;6712;2591;980;281;0;0;0;0;0;0;0;0;0;0;0;0;0;0;0;0;0;0;0;0;0;0;0;0;0",175360
72,5,"LeakyReLULayer( 0.050000 )",post_activation,"-10;-9.6875;-9.375;-9.0625;-8.75;-8.4375;-8.125;-7.8125;-7.5;-7.1875;-6.875;-6.5625;-6.25;-5.9375;-5.625;-5.3125;-5;-4.6875;-4.375;-4.0625;-3.75;-3.4375;-3.125;-2.8125;-2.5;-2.1875;-1.875;-1.5625;-1.25;-0.9375;-0.625;-0.3125;0;0.3125;0.625;0.9375;1.25;1.5625;1.875;2.1875;2.5;2.8125;3.125;3.4375;3.75;4.0625;4.375;4.6875;5;5.3125;5.625;5.9375;6.25;6.5625;6.875;7.1875;7.5;7.8125;8.125;8.4375;8.75;9.0625;9.375;9.6875;10","0;0;0;0;0;0;0;0;0;0;0;0;0;0;0;0;0;0;0;0;0;0;0;0;0;0;0;0;0;0;0;73382;36694;40872;13848;6712;2591;980;281;0;0;0;0;0;0;0;0;0;0;0;0;0;0;0;0;0;0;0;0;0;0;0;0;0",175360
72,8,"LeakyReLULayer( 0.050000 )",pre_activation,"-10;-9.6875;-9.375;-9.0625;-8.75;-8.4375;-8.125;-7.8125;-7.5;-7.1875;-6.875;-6.5625;-6.25;-5.9375;-5.625;-5.3125;-5;-4.6875;-4.375;-4.0625;-3.75;-3.4375;-3.125;-2.8125;-2.5;-2.1875;-1.875;-1.5625;-1.25;-0.9375;-0.625;-0.3125;0;0.3125;0.625;0.9375;1.25;1.5625;1.875;2.1875;2.5;2.8125;3.125;3.4375;3.75;4.0625;4.375;4.6875;5;5.3125;5.625;5.9375;6.25;6.5625;6.875;7.1875;7.5;7.8125;8.125;8.4375;8.75;9.0625;9.375;9.6875;10","0;0;0;0;0;0;0;0;0;0;0;0;0;0;0;0;0;0;0;0;0;0;0;0;0;0;0;667;2240;5595;10735;21310;20524;12264;8057;4098;1615;491;84;0;0;0;0;0;0;0;0;0;0;0;0;0;0;0;0;0;0;0;0;0;0;0;0;0",87680
72,8,"LeakyReLULayer( 0.050000 )",post_activation,"-10;-9.6875;-9.375;-9.0625;-8.75;-8.4375;-8.125;-7.8125;-7.5;-7.1875;-6.875;-6.5625;-6.25;-5.9375;-5.625;-5.3125;-5;-4.6875;-4.375;-4.0625;-3.75;-3.4375;-3.125;-2.8125;-2.5;-2.1875;-1.875;-1.5625;-1.25;-0.9375;-0.625;-0.3125;0;0.3125;0.625;0.9375;1.25;1.5625;1.875;2.1875;2.5;2.8125;3.125;3.4375;3.75;4.0625;4.375;4.6875;5;5.3125;5.625;5.9375;6.25;6.5625;6.875;7.1875;7.5;7.8125;8.125;8.4375;8.75;9.0625;9.375;9.6875;10","0;0;0;0;0;0;0;0;0;0;0;0;0;0;0;0;0;0;0;0;0;0;0;0;0;0;0;0;0;0;0;40547;20524;12264;8057;4098;1615;491;84;0;0;0;0;0;0;0;0;0;0;0;0;0;0;0;0;0;0;0;0;0;0;0;0;0",87680
73,1,"LeakyReLULayer( 0.050000 )",pre_activation,"-10;-9.6875;-9.375;-9.0625;-8.75;-8.4375;-8.125;-7.8125;-7.5;-7.1875;-6.875;-6.5625;-6.25;-5.9375;-5.625;-5.3125;-5;-4.6875;-4.375;-4.0625;-3.75;-3.4375;-3.125;-2.8125;-2.5;-2.1875;-1.875;-1.5625;-1.25;-0.9375;-0.625;-0.3125;0;0.3125;0.625;0.9375;1.25;1.5625;1.875;2.1875;2.5;2.8125;3.125;3.4375;3.75;4.0625;4.375;4.6875;5;5.3125;5.625;5.9375;6.25;6.5625;6.875;7.1875;7.5;7.8125;8.125;8.4375;8.75;9.0625;9.375;9.6875;10","0;0;0;0;0;0;0;0;0;0;0;0;0;0;0;0;0;0;0;61;486;1558;3643;7197;13482;30082;62429;111091;204415;422287;1060399;2953391;2976851;1180263;416711;215380;105042;70051;25114;4067;0;0;0;0;0;0;0;0;0;0;0;0;0;0;0;0;0;0;0;0;0;0;0;0",9864000
73,1,"LeakyReLULayer( 0.050000 )",post_activation,"-10;-9.6875;-9.375;-9.0625;-8.75;-8.4375;-8.125;-7.8125;-7.5;-7.1875;-6.875;-6.5625;-6.25;-5.9375;-5.625;-5.3125;-5;-4.6875;-4.375;-4.0625;-3.75;-3.4375;-3.125;-2.8125;-2.5;-2.1875;-1.875;-1.5625;-1.25;-0.9375;-0.625;-0.3125;0;0.3125;0.625;0.9375;1.25;1.5625;1.875;2.1875;2.5;2.8125;3.125;3.4375;3.75;4.0625;4.375;4.6875;5;5.3125;5.625;5.9375;6.25;6.5625;6.875;7.1875;7.5;7.8125;8.125;8.4375;8.75;9.0625;9.375;9.6875;10","0;0;0;0;0;0;0;0;0;0;0;0;0;0;0;0;0;0;0;0;0;0;0;0;0;0;0;0;0;0;0;4870521;2976851;1180263;416711;215380;105042;70051;25114;4067;0;0;0;0;0;0;0;0;0;0;0;0;0;0;0;0;0;0;0;0;0;0;0;0",9864000
73,5,"LeakyReLULayer( 0.050000 )",pre_activation,"-10;-9.6875;-9.375;-9.0625;-8.75;-8.4375;-8.125;-7.8125;-7.5;-7.1875;-6.875;-6.5625;-6.25;-5.9375;-5.625;-5.3125;-5;-4.6875;-4.375;-4.0625;-3.75;-3.4375;-3.125;-2.8125;-2.5;-2.1875;-1.875;-1.5625;-1.25;-0.9375;-0.625;-0.3125;0;0.3125;0.625;0.9375;1.25;1.5625;1.875;2.1875;2.5;2.8125;3.125;3.4375;3.75;4.0625;4.375;4.6875;5;5.3125;5.625;5.9375;6.25;6.5625;6.875;7.1875;7.5;7.8125;8.125;8.4375;8.75;9.0625;9.375;9.6875;10","0;0;0;0;0;0;0;0;0;0;0;0;0;0;0;0;0;0;0;0;0;0;0;0;0;41;299;1612;4809;15549;24238;26965;36593;40903;13802;6691;2603;979;276;0;0;0;0;0;0;0;0;0;0;0;0;0;0;0;0;0;0;0;0;0;0;0;0;0",175360
73,5,"LeakyReLULayer( 0.050000 )",post_activation,"-10;-9.6875;-9.375;-9.0625;-8.75;-8.4375;-8.125;-7.8125;-7.5;-7.1875;-6.875;-6.5625;-6.25;-5.9375;-5.625;-5.3125;-5;-4.6875;-4.375;-4.0625;-3.75;-3.4375;-3.125;-2.8125;-2.5;-2.1875;-1.875;-1.5625;-1.25;-0.9375;-0.625;-0.3125;0;0.3125;0.625;0.9375;1.25;1.5625;1.875;2.1875;2.5;2.8125;3.125;3.4375;3.75;4.0625;4.375;4.6875;5;5.3125;5.625;5.9375;6.25;6.5625;6.875;7.1875;7.5;7.8125;8.125;8.4375;8.75;9.0625;9.375;9.6875;10","0;0;0;0;0;0;0;0;0;0;0;0;0;0;0;0;0;0;0;0;0;0;0;0;0;0;0;0;0;0;0;73513;36593;40903;13802;6691;2603;979;276;0;0;0;0;0;0;0;0;0;0;0;0;0;0;0;0;0;0;0;0;0;0;0;0;0",175360
73,8,"LeakyReLULayer( 0.050000 )",pre_activation,"-10;-9.6875;-9.375;-9.0625;-8.75;-8.4375;-8.125;-7.8125;-7.5;-7.1875;-6.875;-6.5625;-6.25;-5.9375;-5.625;-5.3125;-5;-4.6875;-4.375;-4.0625;-3.75;-3.4375;-3.125;-2.8125;-2.5;-2.1875;-1.875;-1.5625;-1.25;-0.9375;-0.625;-0.3125;0;0.3125;0.625;0.9375;1.25;1.5625;1.875;2.1875;2.5;2.8125;3.125;3.4375;3.75;4.0625;4.375;4.6875;5;5.3125;5.625;5.9375;6.25;6.5625;6.875;7.1875;7.5;7.8125;8.125;8.4375;8.75;9.0625;9.375;9.6875;10","0;0;0;0;0;0;0;0;0;0;0;0;0;0;0;0;0;0;0;0;0;0;0;0;0;0;0;660;2188;5612;10762;21399;20494;12268;8028;4100;1604;483;82;0;0;0;0;0;0;0;0;0;0;0;0;0;0;0;0;0;0;0;0;0;0;0;0;0",87680
73,8,"LeakyReLULayer( 0.050000 )",post_activation,"-10;-9.6875;-9.375;-9.0625;-8.75;-8.4375;-8.125;-7.8125;-7.5;-7.1875;-6.875;-6.5625;-6.25;-5.9375;-5.625;-5.3125;-5;-4.6875;-4.375;-4.0625;-3.75;-3.4375;-3.125;-2.8125;-2.5;-2.1875;-1.875;-1.5625;-1.25;-0.9375;-0.625;-0.3125;0;0.3125;0.625;0.9375;1.25;1.5625;1.875;2.1875;2.5;2.8125;3.125;3.4375;3.75;4.0625;4.375;4.6875;5;5.3125;5.625;5.9375;6.25;6.5625;6.875;7.1875;7.5;7.8125;8.125;8.4375;8.75;9.0625;9.375;9.6875;10","0;0;0;0;0;0;0;0;0;0;0;0;0;0;0;0;0;0;0;0;0;0;0;0;0;0;0;0;0;0;0;40621;20494;12268;8028;4100;1604;483;82;0;0;0;0;0;0;0;0;0;0;0;0;0;0;0;0;0;0;0;0;0;0;0;0;0",87680
74,1,"LeakyReLULayer( 0.050000 )",pre_activation,"-10;-9.6875;-9.375;-9.0625;-8.75;-8.4375;-8.125;-7.8125;-7.5;-7.1875;-6.875;-6.5625;-6.25;-5.9375;-5.625;-5.3125;-5;-4.6875;-4.375;-4.0625;-3.75;-3.4375;-3.125;-2.8125;-2.5;-2.1875;-1.875;-1.5625;-1.25;-0.9375;-0.625;-0.3125;0;0.3125;0.625;0.9375;1.25;1.5625;1.875;2.1875;2.5;2.8125;3.125;3.4375;3.75;4.0625;4.375;4.6875;5;5.3125;5.625;5.9375;6.25;6.5625;6.875;7.1875;7.5;7.8125;8.125;8.4375;8.75;9.0625;9.375;9.6875;10","0;0;0;0;0;0;0;0;0;0;0;0;0;0;0;0;0;0;0;61;486;1557;3643;7196;13487;30052;62446;111070;204447;422253;1060395;2953390;2976904;1180246;416728;215370;105045;70057;25107;4060;0;0;0;0;0;0;0;0;0;0;0;0;0;0;0;0;0;0;0;0;0;0;0;0",9864000
74,1,"LeakyReLULayer( 0.050000 )",post_activation,"-10;-9.6875;-9.375;-9.0625;-8.75;-8.4375;-8.125;-7.8125;-7.5;-7.1875;-6.875;-6.5625;-6.25;-5.9375;-5.625;-5.3125;-5;-4.6875;-4.375;-4.0625;-3.75;-3.4375;-3.125;-2.8125;-2.5;-2.1875;-1.875;-1.5625;-1.25;-0.9375;-0.625;-0.3125;0;0.3125;0.625;0.9375;1.25;1.5625;1.875;2.1875;2.5;2.8125;3.125;3.4375;3.75;4.0625;4.375;4.6875;5;5.3125;5.625;5.9375;6.25;6.5625;6.875;7.1875;7.5;7.8125;8.125;8.4375;8.75;9.0625;9.375;9.6875;10","0;0;0;0;0;0;0;0;0;0;0;0;0;0;0;0;0;0;0;0;0;0;0;0;0;0;0;0;0;0;0;4870483;2976904;1180246;416728;215370;105045;70057;25107;4060;0;0;0;0;0;0;0;0;0;0;0;0;0;0;0;0;0;0;0;0;0;0;0;0",9864000
74,5,"LeakyReLULayer( 0.050000 )",pre_activation,"-10;-9.6875;-9.375;-9.0625;-8.75;-8.4375;-8.125;-7.8125;-7.5;-7.1875;-6.875;-6.5625;-6.25;-5.9375;-5.625;-5.3125;-5;-4.6875;-4.375;-4.0625;-3.75;-3.4375;-3.125;-2.8125;-2.5;-2.1875;-1.875;-1.5625;-1.25;-0.9375;-0.625;-0.3125;0;0.3125;0.625;0.9375;1.25;1.5625;1.875;2.1875;2.5;2.8125;3.125;3.4375;3.75;4.0625;4.375;4.6875;5;5.3125;5.625;5.9375;6.25;6.5625;6.875;7.1875;7.5;7.8125;8.125;8.4375;8.75;9.0625;9.375;9.6875;10","0;0;0;0;0;0;0;0;0;0;0;0;0;0;0;0;0;0;0;0;0;0;0;0;0;42;301;1621;4843;15526;24241;26975;36236;41094;13930;6720;2571;976;284;0;0;0;0;0;0;0;0;0;0;0;0;0;0;0;0;0;0;0;0;0;0;0;0;0",175360
74,5,"LeakyReLULayer( 0.050000 )",post_activation,"-10;-9.6875;-9.375;-9.0625;-8.75;-8.4375;-8.125;-7.8125;-7.5;-7.1875;-6.875;-6.5625;-6.25;-5.9375;-5.625;-5.3125;-5;-4.6875;-4.375;-4.0625;-3.75;-3.4375;-3.125;-2.8125;-2.5;-2.1875;-1.875;-1.5625;-1.25;-0.9375;-0.625;-0.3125;0;0.3125;0.625;0.9375;1.25;1.5625;1.875;2.1875;2.5;2.8125;3.125;3.4375;3.75;4.0625;4.375;4.6875;5;5.3125;5.625;5.9375;6.25;6.5625;6.875;7.1875;7.5;7.8125;8.125;8.4375;8.75;9.0625;9.375;9.6875;10","0;0;0;0;0;0;0;0;0;0;0;0;0;0;0;0;0;0;0;0;0;0;0;0;0;0;0;0;0;0;0;73549;36236;41094;13930;6720;2571;976;284;0;0;0;0;0;0;0;0;0;0;0;0;0;0;0;0;0;0;0;0;0;0;0;0;0",175360
74,8,"LeakyReLULayer( 0.050000 )",pre_activation,"-10;-9.6875;-9.375;-9.0625;-8.75;-8.4375;-8.125;-7.8125;-7.5;-7.1875;-6.875;-6.5625;-6.25;-5.9375;-5.625;-5.3125;-5;-4.6875;-4.375;-4.0625;-3.75;-3.4375;-3.125;-2.8125;-2.5;-2.1875;-1.875;-1.5625;-1.25;-0.9375;-0.625;-0.3125;0;0.3125;0.625;0.9375;1.25;1.5625;1.875;2.1875;2.5;2.8125;3.125;3.4375;3.75;4.0625;4.375;4.6875;5;5.3125;5.625;5.9375;6.25;6.5625;6.875;7.1875;7.5;7.8125;8.125;8.4375;8.75;9.0625;9.375;9.6875;10","0;0;0;0;0;0;0;0;0;0;0;0;0;0;0;0;0;0;0;0;0;0;0;0;0;0;0;662;2243;5618;10830;21266;20446;12186;8120;4118;1617;487;87;0;0;0;0;0;0;0;0;0;0;0;0;0;0;0;0;0;0;0;0;0;0;0;0;0",87680
74,8,"LeakyReLULayer( 0.050000 )",post_activation,"-10;-9.6875;-9.375;-9.0625;-8.75;-8.4375;-8.125;-7.8125;-7.5;-7.1875;-6.875;-6.5625;-6.25;-5.9375;-5.625;-5.3125;-5;-4.6875;-4.375;-4.0625;-3.75;-3.4375;-3.125;-2.8125;-2.5;-2.1875;-1.875;-1.5625;-1.25;-0.9375;-0.625;-0.3125;0;0.3125;0.625;0.9375;1.25;1.5625;1.875;2.1875;2.5;2.8125;3.125;3.4375;3.75;4.0625;4.375;4.6875;5;5.3125;5.625;5.9375;6.25;6.5625;6.875;7.1875;7.5;7.8125;8.125;8.4375;8.75;9.0625;9.375;9.6875;10","0;0;0;0;0;0;0;0;0;0;0;0;0;0;0;0;0;0;0;0;0;0;0;0;0;0;0;0;0;0;0;40619;20446;12186;8120;4118;1617;487;87;0;0;0;0;0;0;0;0;0;0;0;0;0;0;0;0;0;0;0;0;0;0;0;0;0",87680
75,1,"LeakyReLULayer( 0.050000 )",pre_activation,"-10;-9.6875;-9.375;-9.0625;-8.75;-8.4375;-8.125;-7.8125;-7.5;-7.1875;-6.875;-6.5625;-6.25;-5.9375;-5.625;-5.3125;-5;-4.6875;-4.375;-4.0625;-3.75;-3.4375;-3.125;-2.8125;-2.5;-2.1875;-1.875;-1.5625;-1.25;-0.9375;-0.625;-0.3125;0;0.3125;0.625;0.9375;1.25;1.5625;1.875;2.1875;2.5;2.8125;3.125;3.4375;3.75;4.0625;4.375;4.6875;5;5.3125;5.625;5.9375;6.25;6.5625;6.875;7.1875;7.5;7.8125;8.125;8.4375;8.75;9.0625;9.375;9.6875;10","0;0;0;0;0;0;0;0;0;0;0;0;0;0;0;0;0;0;0;61;486;1555;3640;7193;13463;30069;62449;111074;204412;422235;1060216;2953745;2977090;1179989;416677;215420;105042;70033;25096;4055;0;0;0;0;0;0;0;0;0;0;0;0;0;0;0;0;0;0;0;0;0;0;0;0",9864000
75,1,"LeakyReLULayer( 0.050000 )",post_activation,"-10;-9.6875;-9.375;-9.0625;-8.75;-8.4375;-8.125;-7.8125;-7.5;-7.1875;-6.875;-6.5625;-6.25;-5.9375;-5.625;-5.3125;-5;-4.6875;-4.375;-4.0625;-3.75;-3.4375;-3.125;-2.8125;-2.5;-2.1875;-1.875;-1.5625;-1.25;-0.9375;-0.625;-0.3125;0;0.3125;0.625;0.9375;1.25;1.5625;1.875;2.1875;2.5;2.8125;3.125;3.4375;3.75;4.0625;4.375;4.6875;5;5.3125;5.625;5.9375;6.25;6.5625;6.875;7.1875;7.5;7.8125;8.125;8.4375;8.75;9.0625;9.375;9.6875;10","0;0;0;0;0;0;0;0;0;0;0;0;0;0;0;0;0;0;0;0;0;0;0;0;0;0;0;0;0;0;0;4870598;2977090;1179989;416677;215420;105042;70033;25096;4055;0;0;0;0;0;0;0;0;0;0;0;0;0;0;0;0;0;0;0;0;0;0;0;0",9864000
75,5,"LeakyReLULayer( 0.050000 )",pre_activation,"-10;-9.6875;-9.375;-9.0625;-8.75;-8.4375;-8.125;-7.8125;-7.5;-7.1875;-6.875;-6.5625;-6.25;-5.9375;-5.625;-5.3125;-5;-4.6875;-4.375;-4.0625;-3.75;-3.4375;-3.125;-2.8125;-2.5;-2.1875;-1.875;-1.5625;-1.25;-0.9375;-0.625;-0.3125;0;0.3125;0.625;0.9375;1.25;1.5625;1.875;2.1875;2.5;2.8125;3.125;3.4375;3.75;4.0625;4.375;4.6875;5;5.3125;5.625;5.9375;6.25;6.5625;6.875;7.1875;7.5;7.8125;8.125;8.4375;8.75;9.0625;9.375;9.6875;10","0;0;0;0;0;0;0;0;0;0;0;0;0;0;0;0;0;0;0;0;0;0;0;0;0;41;290;1607;4925;15476;24259;26913;36520;40846;13948;6693;2601;962;279;0;0;0;0;0;0;0;0;0;0;0;0;0;0;0;0;0;0;0;0;0;0;0;0;0",175360
75,5,"LeakyReLULayer( 0.050000 )",post_activation,"-10;-9.6875;-9.375;-9.0625;-8.75;-8.4375;-8.125;-7.8125;-7.5;-7.1875;-6.875;-6.5625;-6.25;-5.9375;-5.625;-5.3125;-5;-4.6875;-4.375;-4.0625;-3.75;-3.4375;-3.125;-2.8125;-2.5;-2.1875;-1.875;-1.5625;-1.25;-0.9375;-0.625;-0.3125;0;0.3125;0.625;0.9375;1.25;1.5625;1.875;2.1875;2.5;2.8125;3.125;3.4375;3.75;4.0625;4.375;4.6875;5;5.3125;5.625;5.9375;6.25;6.5625;6.875;7.1875;7.5;7.8125;8.125;8.4375;8.75;9.0625;9.375;9.6875;10","0;0;0;0;0;0;0;0;0;0;0;0;0;0;0;0;0;0;0;0;0;0;0;0;0;0;0;0;0;0;0;73511;36520;40846;13948;6693;2601;962;279;0;0;0;0;0;0;0;0;0;0;0;0;0;0;0;0;0;0;0;0;0;0;0;0;0",175360
75,8,"LeakyReLULayer( 0.050000 )",pre_activation,"-10;-9.6875;-9.375;-9.0625;-8.75;-8.4375;-8.125;-7.8125;-7.5;-7.1875;-6.875;-6.5625;-6.25;-5.9375;-5.625;-5.3125;-5;-4.6875;-4.375;-4.0625;-3.75;-3.4375;-3.125;-2.8125;-2.5;-2.1875;-1.875;-1.5625;-1.25;-0.9375;-0.625;-0.3125;0;0.3125;0.625;0.9375;1.25;1.5625;1.875;2.1875;2.5;2.8125;3.125;3.4375;3.75;4.0625;4.375;4.6875;5;5.3125;5.625;5.9375;6.25;6.5625;6.875;7.1875;7.5;7.8125;8.125;8.4375;8.75;9.0625;9.375;9.6875;10","0;0;0;0;0;0;0;0;0;0;0;0;0;0;0;0;0;0;0;0;0;0;0;0;0;0;0;659;2208;5619;10710;21460;20428;12319;7999;4097;1616;481;84;0;0;0;0;0;0;0;0;0;0;0;0;0;0;0;0;0;0;0;0;0;0;0;0;0",87680
75,8,"LeakyReLULayer( 0.050000 )",post_activation,"-10;-9.6875;-9.375;-9.0625;-8.75;-8.4375;-8.125;-7.8125;-7.5;-7.1875;-6.875;-6.5625;-6.25;-5.9375;-5.625;-5.3125;-5;-4.6875;-4.375;-4.0625;-3.75;-3.4375;-3.125;-2.8125;-2.5;-2.1875;-1.875;-1.5625;-1.25;-0.9375;-0.625;-0.3125;0;0.3125;0.625;0.9375;1.25;1.5625;1.875;2.1875;2.5;2.8125;3.125;3.4375;3.75;4.0625;4.375;4.6875;5;5.3125;5.625;5.9375;6.25;6.5625;6.875;7.1875;7.5;7.8125;8.125;8.4375;8.75;9.0625;9.375;9.6875;10","0;0;0;0;0;0;0;0;0;0;0;0;0;0;0;0;0;0;0;0;0;0;0;0;0;0;0;0;0;0;0;40656;20428;12319;7999;4097;1616;481;84;0;0;0;0;0;0;0;0;0;0;0;0;0;0;0;0;0;0;0;0;0;0;0;0;0",87680
76,1,"LeakyReLULayer( 0.050000 )",pre_activation,"-10;-9.6875;-9.375;-9.0625;-8.75;-8.4375;-8.125;-7.8125;-7.5;-7.1875;-6.875;-6.5625;-6.25;-5.9375;-5.625;-5.3125;-5;-4.6875;-4.375;-4.0625;-3.75;-3.4375;-3.125;-2.8125;-2.5;-2.1875;-1.875;-1.5625;-1.25;-0.9375;-0.625;-0.3125;0;0.3125;0.625;0.9375;1.25;1.5625;1.875;2.1875;2.5;2.8125;3.125;3.4375;3.75;4.0625;4.375;4.6875;5;5.3125;5.625;5.9375;6.25;6.5625;6.875;7.1875;7.5;7.8125;8.125;8.4375;8.75;9.0625;9.375;9.6875;10","0;0;0;0;0;0;0;0;0;0;0;0;0;0;0;0;0;0;0;61;485;1556;3641;7188;13473;30054;62444;111057;204374;422056;1060076;2954249;2977462;1179623;416610;215380;105024;70040;25093;4054;0;0;0;0;0;0;0;0;0;0;0;0;0;0;0;0;0;0;0;0;0;0;0;0",9864000
76,1,"LeakyReLULayer( 0.050000 )",post_activation,"-10;-9.6875;-9.375;-9.0625;-8.75;-8.4375;-8.125;-7.8125;-7.5;-7.1875;-6.875;-6.5625;-6.25;-5.9375;-5.625;-5.3125;-5;-4.6875;-4.375;-4.0625;-3.75;-3.4375;-3.125;-2.8125;-2.5;-2.1875;-1.875;-1.5625;-1.25;-0.9375;-0.625;-0.3125;0;0.3125;0.625;0.9375;1.25;1.5625;1.875;2.1875;2.5;2.8125;3.125;3.4375;3.75;4.0625;4.375;4.6875;5;5.3125;5.625;5.9375;6.25;6.5625;6.875;7.1875;7.5;7.8125;8.125;8.4375;8.75;9.0625;9.375;9.6875;10","0;0;0;0;0;0;0;0;0;0;0;0;0;0;0;0;0;0;0;0;0;0;0;0;0;0;0;0;0;0;0;4870714;2977462;1179623;416610;215380;105024;70040;25093;4054;0;0;0;0;0;0;0;0;0;0;0;0;0;0;0;0;0;0;0;0;0;0;0;0",9864000
76,5,"LeakyReLULayer( 0.050000 )",pre_activation,"-10;-9.6875;-9.375;-9.0625;-8.75;-8.4375;-8.125;-7.8125;-7.5;-7.1875;-6.875;-6.5625;-6.25;-5.9375;-5.625;-5.3125;-5;-4.6875;-4.375;-4.0625;-3.75;-3.4375;-3.125;-2.8125;-2.5;-2.1875;-1.875;-1.5625;-1.25;-0.9375;-0.625;-0.3125;0;0.3125;0.625;0.9375;1.25;1.5625;1.875;2.1875;2.5;2.8125;3.125;3.4375;3.75;4.0625;4.375;4.6875;5;5.3125;5.625;5.9375;6.25;6.5625;6.875;7.1875;7.5;7.8125;8.125;8.4375;8.75;9.0625;9.375;9.6875;10","0;0;0;0;0;0;0;0;0;0;0;0;0;0;0;0;0;0;0;0;0;0;0;0;0;41;293;1610;4901;15518;24182;26931;36507;40958;13878;6699;2597;970;275;0;0;0;0;0;0;0;0;0;0;0;0;0;0;0;0;0;0;0;0;0;0;0;0;0",175360
76,5,"LeakyReLULayer( 0.050000 )",post_activation,"-10;-9.6875;-9.375;-9.0625;-8.75;-8.4375;-8.125;-7.8125;-7.5;-7.1875;-6.875;-6.5625;-6.25;-5.9375;-5.625;-5.3125;-5;-4.6875;-4.375;-4.0625;-3.75;-3.4375;-3.125;-2.8125;-2.5;-2.1875;-1.875;-1.5625;-1.25;-0.9375;-0.625;-0.3125;0;0.3125;0.625;0.9375;1.25;1.5625;1.875;2.1875;2.5;2.8125;3.125;3.4375;3.75;4.0625;4.375;4.6875;5;5.3125;5.625;5.9375;6.25;6.5625;6.875;7.1875;7.5;7.8125;8.125;8.4375;8.75;9.0625;9.375;9.6875;10","0;0;0;0;0;0;0;0;0;0;0;0;0;0;0;0;0;0;0;0;0;0;0;0;0;0;0;0;0;0;0;73476;36507;40958;13878;6699;2597;970;275;0;0;0;0;0;0;0;0;0;0;0;0;0;0;0;0;0;0;0;0;0;0;0;0;0",175360
76,8,"LeakyReLULayer( 0.050000 )",pre_activation,"-10;-9.6875;-9.375;-9.0625;-8.75;-8.4375;-8.125;-7.8125;-7.5;-7.1875;-6.875;-6.5625;-6.25;-5.9375;-5.625;-5.3125;-5;-4.6875;-4.375;-4.0625;-3.75;-3.4375;-3.125;-2.8125;-2.5;-2.1875;-1.875;-1.5625;-1.25;-0.9375;-0.625;-0.3125;0;0.3125;0.625;0.9375;1.25;1.5625;1.875;2.1875;2.5;2.8125;3.125;3.4375;3.75;4.0625;4.375;4.6875;5;5.3125;5.625;5.9375;6.25;6.5625;6.875;7.1875;7.5;7.8125;8.125;8.4375;8.75;9.0625;9.375;9.6875;10","0;0;0;0;0;0;0;0;0;0;0;0;0;0;0;0;0;0;0;0;0;0;0;0;0;0;0;656;2207;5605;10778;21478;20385;12367;7958;4091;1590;479;86;0;0;0;0;0;0;0;0;0;0;0;0;0;0;0;0;0;0;0;0;0;0;0;0;0",87680
76,8,"LeakyReLULayer( 0.050000 )",post_activation,"-10;-9.6875;-9.375;-9.0625;-8.75;-8.4375;-8.125;-7.8125;-7.5;-7.1875;-6.875;-6.5625;-6.25;-5.9375;-5.625;-5.3125;-5;-4.6875;-4.375;-4.0625;-3.75;-3.4375;-3.125;-2.8125;-2.5;-2.1875;-1.875;-1.5625;-1.25;-0.9375;-0.625;-0.3125;0;0.3125;0.625;0.9375;1.25;1.5625;1.875;2.1875;2.5;2.8125;3.125;3.4375;3.75;4.0625;4.375;4.6875;5;5.3125;5.625;5.9375;6.25;6.5625;6.875;7.1875;7.5;7.8125;8.125;8.4375;8.75;9.0625;9.375;9.6875;10","0;0;0;0;0;0;0;0;0;0;0;0;0;0;0;0;0;0;0;0;0;0;0;0;0;0;0;0;0;0;0;40724;20385;12367;7958;4091;1590;479;86;0;0;0;0;0;0;0;0;0;0;0;0;0;0;0;0;0;0;0;0;0;0;0;0;0",87680
77,1,"LeakyReLULayer( 0.050000 )",pre_activation,"-10;-9.6875;-9.375;-9.0625;-8.75;-8.4375;-8.125;-7.8125;-7.5;-7.1875;-6.875;-6.5625;-6.25;-5.9375;-5.625;-5.3125;-5;-4.6875;-4.375;-4.0625;-3.75;-3.4375;-3.125;-2.8125;-2.5;-2.1875;-1.875;-1.5625;-1.25;-0.9375;-0.625;-0.3125;0;0.3125;0.625;0.9375;1.25;1.5625;1.875;2.1875;2.5;2.8125;3.125;3.4375;3.75;4.0625;4.375;4.6875;5;5.3125;5.625;5.9375;6.25;6.5625;6.875;7.1875;7.5;7.8125;8.125;8.4375;8.75;9.0625;9.375;9.6875;10","0;0;0;0;0;0;0;0;0;0;0;0;0;0;0;0;0;0;0;61;485;1556;3640;7188;13453;30066;62440;111047;204357;422007;1059952;2954519;2977627;1179475;416572;215378;105011;70031;25086;4049;0;0;0;0;0;0;0;0;0;0;0;0;0;0;0;0;0;0;0;0;0;0;0;0",9864000
77,1,"LeakyReLULayer( 0.050000 )",post_activation,"-10;-9.6875;-9.375;-9.0625;-8.75;-8.4375;-8.125;-7.8125;-7.5;-7.1875;-6.875;-6.5625;-6.25;-5.9375;-5.625;-5.3125;-5;-4.6875;-4.375;-4.0625;-3.75;-3.4375;-3.125;-2.8125;-2.5;-2.1875;-1.875;-1.5625;-1.25;-0.9375;-0.625;-0.3125;0;0.3125;0.625;0.9375;1.25;1.5625;1.875;2.1875;2.5;2.8125;3.125;3.4375;3.75;4.0625;4.375;4.6875;5;5.3125;5.625;5.9375;6.25;6.5625;6.875;7.1875;7.5;7.8125;8.125;8.4375;8.75;9.0625;9.375;9.6875;10","0;0;0;0;0;0;0;0;0;0;0;0;0;0;0;0;0;0;0;0;0;0;0;0;0;0;0;0;0;0;0;4870771;2977627;1179475;416572;215378;105011;70031;25086;4049;0;0;0;0;0;0;0;0;0;0;0;0;0;0;0;0;0;0;0;0;0;0;0;0",9864000
77,5,"LeakyReLULayer( 0.050000 )",pre_activation,"-10;-9.6875;-9.375;-9.0625;-8.75;-8.4375;-8.125;-7.8125;-7.5;-7.1875;-6.875;-6.5625;-6.25;-5.9375;-5.625;-5.3125;-5;-4.6875;-4.375;-4.0625;-3.75;-3.4375;-3.125;-2.8125;-2.5;-2.1875;-1.875;-1.5625;-1.25;-0.9375;-0.625;-0.3125;0;0.3125;0.625;0.9375;1.25;1.5625;1.875;2.1875;2.5;2.8125;3.125;3.4375;3.75;4.0625;4.375;4.6875;5;5.3125;5.625;5.9375;6.25;6.5625;6.875;7.1875;7.5;7.8125;8.125;8.4375;8.75;9.0625;9.375;9.6875;10","0;0;0;0;0;0;0;0;0;0;0;0;0;0;0;0;0;0;0;0;0;0;0;0;0;41;295;1616;4968;15598;24046;26924;36396;40995;13936;6711;2597;958;279;0;0;0;0;0;0;0;0;0;0;0;0;0;0;0;0;0;0;0;0;0;0;0;0;0",175360
77,5,"LeakyReLULayer( 0.050000 )",post_activation,"-10;-9.6875;-9.375;-9.0625;-8.75;-8.4375;-8.125;-7.8125;-7.5;-7.1875;-6.875;-6.5625;-6.25;-5.9375;-5.625;-5.3125;-5;-4.6875;-4.375;-4.0625;-3.75;-3.4375;-3.125;-2.8125;-2.5;-2.1875;-1.875;-1.5625;-1.25;-0.9375;-0.625;-0.3125;0;0.3125;0.625;0.9375;1.25;1.5625;1.875;2.1875;2.5;2.8125;3.125;3.4375;3.75;4.0625;4.375;4.6875;5;5.3125;5.625;5.9375;6.25;6.5625;6.875;7.1875;7.5;7.8125;8.125;8.4375;8.75;9.0625;9.375;9.6875;10","0;0;0;0;0;0;0;0;0;0;0;0;0;0;0;0;0;0;0;0;0;0;0;0;0;0;0;0;0;0;0;73488;36396;40995;13936;6711;2597;958;279;0;0;0;0;0;0;0;0;0;0;0;0;0;0;0;0;0;0;0;0;0;0;0;0;0",175360
77,8,"LeakyReLULayer( 0.050000 )",pre_activation,"-10;-9.6875;-9.375;-9.0625;-8.75;-8.4375;-8.125;-7.8125;-7.5;-7.1875;-6.875;-6.5625;-6.25;-5.9375;-5.625;-5.3125;-5;-4.6875;-4.375;-4.0625;-3.75;-3.4375;-3.125;-2.8125;-2.5;-2.1875;-1.875;-1.5625;-1.25;-0.9375;-0.625;-0.3125;0;0.3125;0.625;0.9375;1.25;1.5625;1.875;2.1875;2.5;2.8125;3.125;3.4375;3.75;4.0625;4.375;4.6875;5;5.3125;5.625;5.9375;6.25;6.5625;6.875;7.1875;7.5;7.8125;8.125;8.4375;8.75;9.0625;9.375;9.6875;10","0;0;0;0;0;0;0;0;0;0;0;0;0;0;0;0;0;0;0;0;0;0;0;0;0;0;0;652;2246;5647;10730;21468;20370;12272;7995;4122;1606;485;87;0;0;0;0;0;0;0;0;0;0;0;0;0;0;0;0;0;0;0;0;0;0;0;0;0",87680
77,8,"LeakyReLULayer( 0.050000 )",post_activation,"-10;-9.6875;-9.375;-9.0625;-8.75;-8.4375;-8.125;-7.8125;-7.5;-7.1875;-6.875;-6.5625;-6.25;-5.9375;-5.625;-5.3125;-5;-4.6875;-4.375;-4.0625;-3.75;-3.4375;-3.125;-2.8125;-2.5;-2.1875;-1.875;-1.5625;-1.25;-0.9375;-0.625;-0.3125;0;0.3125;0.625;0.9375;1.25;1.5625;1.875;2.1875;2.5;2.8125;3.125;3.4375;3.75;4.0625;4.375;4.6875;5;5.3125;5.625;5.9375;6.25;6.5625;6.875;7.1875;7.5;7.8125;8.125;8.4375;8.75;9.0625;9.375;9.6875;10","0;0;0;0;0;0;0;0;0;0;0;0;0;0;0;0;0;0;0;0;0;0;0;0;0;0;0;0;0;0;0;40743;20370;12272;7995;4122;1606;485;87;0;0;0;0;0;0;0;0;0;0;0;0;0;0;0;0;0;0;0;0;0;0;0;0;0",87680
78,1,"LeakyReLULayer( 0.050000 )",pre_activation,"-10;-9.6875;-9.375;-9.0625;-8.75;-8.4375;-8.125;-7.8125;-7.5;-7.1875;-6.875;-6.5625;-6.25;-5.9375;-5.625;-5.3125;-5;-4.6875;-4.375;-4.0625;-3.75;-3.4375;-3.125;-2.8125;-2.5;-2.1875;-1.875;-1.5625;-1.25;-0.9375;-0.625;-0.3125;0;0.3125;0.625;0.9375;1.25;1.5625;1.875;2.1875;2.5;2.8125;3.125;3.4375;3.75;4.0625;4.375;4.6875;5;5.3125;5.625;5.9375;6.25;6.5625;6.875;7.1875;7.5;7.8125;8.125;8.4375;8.75;9.0625;9.375;9.6875;10","0;0;0;0;0;0;0;0;0;0;0;0;0;0;0;0;0;0;0;61;485;1553;3637;7182;13463;30049;62412;111060;204311;421894;1059825;2954889;2977949;1179243;416497;215370;104997;70000;25078;4045;0;0;0;0;0;0;0;0;0;0;0;0;0;0;0;0;0;0;0;0;0;0;0;0",9864000
78,1,"LeakyReLULayer( 0.050000 )",post_activation,"-10;-9.6875;-9.375;-9.0625;-8.75;-8.4375;-8.125;-7.8125;-7.5;-7.1875;-6.875;-6.5625;-6.25;-5.9375;-5.625;-5.3125;-5;-4.6875;-4.375;-4.0625;-3.75;-3.4375;-3.125;-2.8125;-2.5;-2.1875;-1.875;-1.5625;-1.25;-0.9375;-0.625;-0.3125;0;0.3125;0.625;0.9375;1.25;1.5625;1.875;2.1875;2.5;2.8125;3.125;3.4375;3.75;4.0625;4.375;4.6875;5;5.3125;5.625;5.9375;6.25;6.5625;6.875;7.1875;7.5;7.8125;8.125;8.4375;8.75;9.0625;9.375;9.6875;10","0;0;0;0;0;0;0;0;0;0;0;0;0;0;0;0;0;0;0;0;0;0;0;0;0;0;0;0;0;0;0;4870821;2977949;1179243;416497;215370;104997;70000;25078;4045;0;0;0;0;0;0;0;0;0;0;0;0;0;0;0;0;0;0;0;0;0;0;0;0",9864000
78,5,"LeakyReLULayer( 0.050000 )",pre_activation,"-10;-9.6875;-9.375;-9.0625;-8.75;-8.4375;-8.125;-7.8125;-7.5;-7.1875;-6.875;-6.5625;-6.25;-5.9375;-5.625;-5.3125;-5;-4.6875;-4.375;-4.0625;-3.75;-3.4375;-3.125;-2.8125;-2.5;-2.1875;-1.875;-1.5625;-1.25;-0.9375;-0.625;-0.3125;0;0.3125;0.625;0.9375;1.25;1.5625;1.875;2.1875;2.5;2.8125;3.125;3.4375;3.75;4.0625;4.375;4.6875;5;5.3125;5.625;5.9375;6.25;6.5625;6.875;7.1875;7.5;7.8125;8.125;8.4375;8.75;9.0625;9.375;9.6875;10","0;0;0;0;0;0;0;0;0;0;0;0;0;0;0;0;0;0;0;0;0;0;0;0;0;42;290;1607;4948;15632;24004;26889;36541;40831;14064;6688;2615;944;265;0;0;0;0;0;0;0;0;0;0;0;0;0;0;0;0;0;0;0;0;0;0;0;0;0",175360
78,5,"LeakyReLULayer( 0.050000 )",post_activation,"-10;-9.6875;-9.375;-9.0625;-8.75;-8.4375;-8.125;-7.8125;-7.5;-7.1875;-6.875;-6.5625;-6.25;-5.9375;-5.625;-5.3125;-5;-4.6875;-4.375;-4.0625;-3.75;-3.4375;-3.125;-2.8125;-2.5;-2.1875;-1.875;-1.5625;-1.25;-0.9375;-0.625;-0.3125;0;0.3125;0.625;0.9375;1.25;1.5625;1.875;2.1875;2.5;2.8125;3.125;3.4375;3.75;4.0625;4.375;4.6875;5;5.3125;5.625;5.9375;6.25;6.5625;6.875;7.1875;7.5;7.8125;8.125;8.4375;8.75;9.0625;9.375;9.6875;10","0;0;0;0;0;0;0;0;0;0;0;0;0;0;0;0;0;0;0;0;0;0;0;0;0;0;0;0;0;0;0;73412;36541;40831;14064;6688;2615;944;265;0;0;0;0;0;0;0;0;0;0;0;0;0;0;0;0;0;0;0;0;0;0;0;0;0",175360
78,8,"LeakyReLULayer( 0.050000 )",pre_activation,"-10;-9.6875;-9.375;-9.0625;-8.75;-8.4375;-8.125;-7.8125;-7.5;-7.1875;-6.875;-6.5625;-6.25;-5.9375;-5.625;-5.3125;-5;-4.6875;-4.375;-4.0625;-3.75;-3.4375;-3.125;-2.8125;-2.5;-2.1875;-1.875;-1.5625;-1.25;-0.9375;-0.625;-0.3125;0;0.3125;0.625;0.9375;1.25;1.5625;1.875;2.1875;2.5;2.8125;3.125;3.4375;3.75;4.0625;4.375;4.6875;5;5.3125;5.625;5.9375;6.25;6.5625;6.875;7.1875;7.5;7.8125;8.125;8.4375;8.75;9.0625;9.375;9.6875;10","0;0;0;0;0;0;0;0;0;0;0;0;0;0;0;0;0;0;0;0;0;0;0;0;0;0;0;644;2249;5627;10758;21369;20476;12388;7902;4081;1615;482;89;0;0;0;0;0;0;0;0;0;0;0;0;0;0;0;0;0;0;0;0;0;0;0;0;0",87680
78,8,"LeakyReLULayer( 0.050000 )",post_activation,"-10;-9.6875;-9.375;-9.0625;-8.75;-8.4375;-8.125;-7.8125;-7.5;-7.1875;-6.875;-6.5625;-6.25;-5.9375;-5.625;-5.3125;-5;-4.6875;-4.375;-4.0625;-3.75;-3.4375;-3.125;-2.8125;-2.5;-2.1875;-1.875;-1.5625;-1.25;-0.9375;-0.625;-0.3125;0;0.3125;0.625;0.9375;1.25;1.5625;1.875;2.1875;2.5;2.8125;3.125;3.4375;3.75;4.0625;4.375;4.6875;5;5.3125;5.625;5.9375;6.25;6.5625;6.875;7.1875;7.5;7.8125;8.125;8.4375;8.75;9.0625;9.375;9.6875;10","0;0;0;0;0;0;0;0;0;0;0;0;0;0;0;0;0;0;0;0;0;0;0;0;0;0;0;0;0;0;0;40647;20476;12388;7902;4081;1615;482;89;0;0;0;0;0;0;0;0;0;0;0;0;0;0;0;0;0;0;0;0;0;0;0;0;0",87680
79,1,"LeakyReLULayer( 0.050000 )",pre_activation,"-10;-9.6875;-9.375;-9.0625;-8.75;-8.4375;-8.125;-7.8125;-7.5;-7.1875;-6.875;-6.5625;-6.25;-5.9375;-5.625;-5.3125;-5;-4.6875;-4.375;-4.0625;-3.75;-3.4375;-3.125;-2.8125;-2.5;-2.1875;-1.875;-1.5625;-1.25;-0.9375;-0.625;-0.3125;0;0.3125;0.625;0.9375;1.25;1.5625;1.875;2.1875;2.5;2.8125;3.125;3.4375;3.75;4.0625;4.375;4.6875;5;5.3125;5.625;5.9375;6.25;6.5625;6.875;7.1875;7.5;7.8125;8.125;8.4375;8.75;9.0625;9.375;9.6875;10","0;0;0;0;0;0;0;0;0;0;0;0;0;0;0;0;0;0;0;61;485;1554;3634;7179;13446;30057;62415;111030;204314;421786;1059740;2955275;2978055;1179082;416439;215340;104997;69992;25076;4043;0;0;0;0;0;0;0;0;0;0;0;0;0;0;0;0;0;0;0;0;0;0;0;0",9864000
79,1,"LeakyReLULayer( 0.050000 )",post_activation,"-10;-9.6875;-9.375;-9.0625;-8.75;-8.4375;-8.125;-7.8125;-7.5;-7.1875;-6.875;-6.5625;-6.25;-5.9375;-5.625;-5.3125;-5;-4.6875;-4.375;-4.0625;-3.75;-3.4375;-3.125;-2.8125;-2.5;-2.1875;-1.875;-1.5625;-1.25;-0.9375;-0.625;-0.3125;0;0.3125;0.625;0.9375;1.25;1.5625;1.875;2.1875;2.5;2.8125;3.125;3.4375;3.75;4.0625;4.375;4.6875;5;5.3125;5.625;5.9375;6.25;6.5625;6.875;7.1875;7.5;7.8125;8.125;8.4375;8.75;9.0625;9.375;9.6875;10","0;0;0;0;0;0;0;0;0;0;0;0;0;0;0;0;0;0;0;0;0;0;0;0;0;0;0;0;0;0;0;4870976;2978055;1179082;416439;215340;104997;69992;25076;4043;0;0;0;0;0;0;0;0;0;0;0;0;0;0;0;0;0;0;0;0;0;0;0;0",9864000
79,5,"LeakyReLULayer( 0.050000 )",pre_activation,"-10;-9.6875;-9.375;-9.0625;-8.75;-8.4375;-8.125;-7.8125;-7.5;-7.1875;-6.875;-6.5625;-6.25;-5.9375;-5.625;-5.3125;-5;-4.6875;-4.375;-4.0625;-3.75;-3.4375;-3.125;-2.8125;-2.5;-2.1875;-1.875;-1.5625;-1.25;-0.9375;-0.625;-0.3125;0;0.3125;0.625;0.9375;1.25;1.5625;1.875;2.1875;2.5;2.8125;3.125;3.4375;3.75;4.0625;4.375;4.6875;5;5.3125;5.625;5.9375;6.25;6.5625;6.875;7.1875;7.5;7.8125;8.125;8.4375;8.75;9.0625;9.375;9.6875;10","0;0;0;0;0;0;0;0;0;0;0;0;0;0;0;0;0;0;0;0;0;0;0;0;0;40;288;1615;4955;15656;23986;26895;36505;40915;14005;6678;2606;944;272;0;0;0;0;0;0;0;0;0;0;0;0;0;0;0;0;0;0;0;0;0;0;0;0;0",175360
79,5,"LeakyReLULayer( 0.050000 )",post_activation,"-10;-9.6875;-9.375;-9.0625;-8.75;-8.4375;-8.125;-7.8125;-7.5;-7.1875;-6.875;-6.5625;-6.25;-5.9375;-5.625;-5.3125;-5;-4.6875;-4.375;-4.0625;-3.75;-3.4375;-3.125;-2.8125;-2.5;-2.1875;-1.875;-1.5625;-1.25;-0.9375;-0.625;-0.3125;0;0.3125;0.625;0.9375;1.25;1.5625;1.875;2.1875;2.5;2.8125;3.125;3.4375;3.75;4.0625;4.375;4.6875;5;5.3125;5.625;5.9375;6.25;6.5625;6.875;7.1875;7.5;7.8125;8.125;8.4375;8.75;9.0625;9.375;9.6875;10","0;0;0;0;0;0;0;0;0;0;0;0;0;0;0;0;0;0;0;0;0;0;0;0;0;0;0;0;0;0;0;73435;36505;40915;14005;6678;2606;944;272;0;0;0;0;0;0;0;0;0;0;0;0;0;0;0;0;0;0;0;0;0;0;0;0;0",175360
79,8,"LeakyReLULayer( 0.050000 )",pre_activation,"-10;-9.6875;-9.375;-9.0625;-8.75;-8.4375;-8.125;-7.8125;-7.5;-7.1875;-6.875;-6.5625;-6.25;-5.9375;-5.625;-5.3125;-5;-4.6875;-4.375;-4.0625;-3.75;-3.4375;-3.125;-2.8125;-2.5;-2.1875;-1.875;-1.5625;-1.25;-0.9375;-0.625;-0.3125;0;0.3125;0.625;0.9375;1.25;1.5625;1.875;2.1875;2.5;2.8125;3.125;3.4375;3.75;4.0625;4.375;4.6875;5;5.3125;5.625;5.9375;6.25;6.5625;6.875;7.1875;7.5;7.8125;8.125;8.4375;8.75;9.0625;9.375;9.6875;10","0;0;0;0;0;0;0;0;0;0;0;0;0;0;0;0;0;0;0;0;0;0;0;0;0;0;0;632;2272;5656;10765;21470;20323;12403;7919;4080;1593;478;89;0;0;0;0;0;0;0;0;0;0;0;0;0;0;0;0;0;0;0;0;0;0;0;0;0",87680
79,8,"LeakyReLULayer( 0.050000 )",post_activation,"-10;-9.6875;-9.375;-9.0625;-8.75;-8.4375;-8.125;-7.8125;-7.5;-7.1875;-6.875;-6.5625;-6.25;-5.9375;-5.625;-5.3125;-5;-4.6875;-4.375;-4.0625;-3.75;-3.4375;-3.125;-2.8125;-2.5;-2.1875;-1.875;-1.5625;-1.25;-0.9375;-0.625;-0.3125;0;0.3125;0.625;0.9375;1.25;1.5625;1.875;2.1875;2.5;2.8125;3.125;3.4375;3.75;4.0625;4.375;4.6875;5;5.3125;5.625;5.9375;6.25;6.5625;6.875;7.1875;7.5;7.8125;8.125;8.4375;8.75;9.0625;9.375;9.6875;10","0;0;0;0;0;0;0;0;0;0;0;0;0;0;0;0;0;0;0;0;0;0;0;0;0;0;0;0;0;0;0;40795;20323;12403;7919;4080;1593;478;89;0;0;0;0;0;0;0;0;0;0;0;0;0;0;0;0;0;0;0;0;0;0;0;0;0",87680
80,1,"LeakyReLULayer( 0.050000 )",pre_activation,"-10;-9.6875;-9.375;-9.0625;-8.75;-8.4375;-8.125;-7.8125;-7.5;-7.1875;-6.875;-6.5625;-6.25;-5.9375;-5.625;-5.3125;-5;-4.6875;-4.375;-4.0625;-3.75;-3.4375;-3.125;-2.8125;-2.5;-2.1875;-1.875;-1.5625;-1.25;-0.9375;-0.625;-0.3125;0;0.3125;0.625;0.9375;1.25;1.5625;1.875;2.1875;2.5;2.8125;3.125;3.4375;3.75;4.0625;4.375;4.6875;5;5.3125;5.625;5.9375;6.25;6.5625;6.875;7.1875;7.5;7.8125;8.125;8.4375;8.75;9.0625;9.375;9.6875;10","0;0;0;0;0;0;0;0;0;0;0;0;0;0;0;0;0;0;0;61;485;1552;3632;7173;13448;30045;62411;111013;204285;421746;1059631;2955583;2978210;1178894;416418;215364;104981;69974;25059;4035;0;0;0;0;0;0;0;0;0;0;0;0;0;0;0;0;0;0;0;0;0;0;0;0",9864000
80,1,"LeakyReLULayer( 0.050000 )",post_activation,"-10;-9.6875;-9.375;-9.0625;-8.75;-8.4375;-8.125;-7.8125;-7.5;-7.1875;-6.875;-6.5625;-6.25;-5.9375;-5.625;-5.3125;-5;-4.6875;-4.375;-4.0625;-3.75;-3.4375;-3.125;-2.8125;-2.5;-2.1875;-1.875;-1.5625;-1.25;-0.9375;-0.625;-0.3125;0;0.3125;0.625;0.9375;1.25;1.5625;1.875;2.1875;2.5;2.8125;3.125;3.4375;3.75;4.0625;4.375;4.6875;5;5.3125;5.625;5.9375;6.25;6.5625;6.875;7.1875;7.5;7.8125;8.125;8.4375;8.75;9.0625;9.375;9.6875;10","0;0;0;0;0;0;0;0;0;0;0;0;0;0;0;0;0;0;0;0;0;0;0;0;0;0;0;0;0;0;0;4871065;2978210;1178894;416418;215364;104981;69974;25059;4035;0;0;0;0;0;0;0;0;0;0;0;0;0;0;0;0;0;0;0;0;0;0;0;0",9864000
80,5,"LeakyReLULayer( 0.050000 )",pre_activation,"-10;-9.6875;-9.375;-9.0625;-8.75;-8.4375;-8.125;-7.8125;-7.5;-7.1875;-6.875;-6.5625;-6.25;-5.9375;-5.625;-5.3125;-5;-4.6875;-4.375;-4.0625;-3.75;-3.4375;-3.125;-2.8125;-2.5;-2.1875;-1.875;-1.5625;-1.25;-0.9375;-0.625;-0.3125;0;0.3125;0.625;0.9375;1.25;1.5625;1.875;2.1875;2.5;2.8125;3.125;3.4375;3.75;4.0625;4.375;4.6875;5;5.3125;5.625;5.9375;6.25;6.5625;6.875;7.1875;7.5;7.8125;8.125;8.4375;8.75;9.0625;9.375;9.6875;10","0;0;0;0;0;0;0;0;0;0;0;0;0;0;0;0;0;0;0;0;0;0;0;0;0;42;282;1599;4999;15701;23911;26939;36489;40852;14051;6687;2618;923;267;0;0;0;0;0;0;0;0;0;0;0;0;0;0;0;0;0;0;0;0;0;0;0;0;0",175360
80,5,"LeakyReLULayer( 0.050000 )",post_activation,"-10;-9.6875;-9.375;-9.0625;-8.75;-8.4375;-8.125;-7.8125;-7.5;-7.1875;-6.875;-6.5625;-6.25;-5.9375;-5.625;-5.3125;-5;-4.6875;-4.375;-4.0625;-3.75;-3.4375;-3.125;-2.8125;-2.5;-2.1875;-1.875;-1.5625;-1.25;-0.9375;-0.625;-0.3125;0;0.3125;0.625;0.9375;1.25;1.5625;1.875;2.1875;2.5;2.8125;3.125;3.4375;3.75;4.0625;4.375;4.6875;5;5.3125;5.625;5.9375;6.25;6.5625;6.875;7.1875;7.5;7.8125;8.125;8.4375;8.75;9.0625;9.375;9.6875;10","0;0;0;0;0;0;0;0;0;0;0;0;0;0;0;0;0;0;0;0;0;0;0;0;0;0;0;0;0;0;0;73473;36489;40852;14051;6687;2618;923;267;0;0;0;0;0;0;0;0;0;0;0;0;0;0;0;0;0;0;0;0;0;0;0;0;0",175360
80,8,"LeakyReLULayer( 0.050000 )",pre_activation,"-10;-9.6875;-9.375;-9.0625;-8.75;-8.4375;-8.125;-7.8125;-7.5;-7.1875;-6.875;-6.5625;-6.25;-5.9375;-5.625;-5.3125;-5;-4.6875;-4.375;-4.0625;-3.75;-3.4375;-3.125;-2.8125;-2.5;-2.1875;-1.875;-1.5625;-1.25;-0.9375;-0.625;-0.3125;0;0.3125;0.625;0.9375;1.25;1.5625;1.875;2.1875;2.5;2.8125;3.125;3.4375;3.75;4.0625;4.375;4.6875;5;5.3125;5.625;5.9375;6.25;6.5625;6.875;7.1875;7.5;7.8125;8.125;8.4375;8.75;9.0625;9.375;9.6875;10","0;0;0;0;0;0;0;0;0;0;0;0;0;0;0;0;0;0;0;0;0;0;0;0;0;0;0;628;2265;5664;10775;21422;20380;12438;7858;4067;1611;479;93;0;0;0;0;0;0;0;0;0;0;0;0;0;0;0;0;0;0;0;0;0;0;0;0;0",87680
80,8,"LeakyReLULayer( 0.050000 )",post_activation,"-10;-9.6875;-9.375;-9.0625;-8.75;-8.4375;-8.125;-7.8125;-7.5;-7.1875;-6.875;-6.5625;-6.25;-5.9375;-5.625;-5.3125;-5;-4.6875;-4.375;-4.0625;-3.75;-3.4375;-3.125;-2.8125;-2.5;-2.1875;-1.875;-1.5625;-1.25;-0.9375;-0.625;-0.3125;0;0.3125;0.625;0.9375;1.25;1.5625;1.875;2.1875;2.5;2.8125;3.125;3.4375;3.75;4.0625;4.375;4.6875;5;5.3125;5.625;5.9375;6.25;6.5625;6.875;7.1875;7.5;7.8125;8.125;8.4375;8.75;9.0625;9.375;9.6875;10","0;0;0;0;0;0;0;0;0;0;0;0;0;0;0;0;0;0;0;0;0;0;0;0;0;0;0;0;0;0;0;40754;20380;12438;7858;4067;1611;479;93;0;0;0;0;0;0;0;0;0;0;0;0;0;0;0;0;0;0;0;0;0;0;0;0;0",87680
81,1,"LeakyReLULayer( 0.050000 )",pre_activation,"-10;-9.6875;-9.375;-9.0625;-8.75;-8.4375;-8.125;-7.8125;-7.5;-7.1875;-6.875;-6.5625;-6.25;-5.9375;-5.625;-5.3125;-5;-4.6875;-4.375;-4.0625;-3.75;-3.4375;-3.125;-2.8125;-2.5;-2.1875;-1.875;-1.5625;-1.25;-0.9375;-0.625;-0.3125;0;0.3125;0.625;0.9375;1.25;1.5625;1.875;2.1875;2.5;2.8125;3.125;3.4375;3.75;4.0625;4.375;4.6875;5;5.3125;5.625;5.9375;6.25;6.5625;6.875;7.1875;7.5;7.8125;8.125;8.4375;8.75;9.0625;9.375;9.6875;10","0;0;0;0;0;0;0;0;0;0;0;0;0;0;0;0;0;0;0;61;485;1554;3636;7183;13449;30058;62427;111029;204322;421786;1059692;2955370;2977979;1179050;416447;215351;104997;70003;25072;4049;0;0;0;0;0;0;0;0;0;0;0;0;0;0;0;0;0;0;0;0;0;0;0;0",9864000
81,1,"LeakyReLULayer( 0.050000 )",post_activation,"-10;-9.6875;-9.375;-9.0625;-8.75;-8.4375;-8.125;-7.8125;-7.5;-7.1875;-6.875;-6.5625;-6.25;-5.9375;-5.625;-5.3125;-5;-4.6875;-4.375;-4.0625;-3.75;-3.4375;-3.125;-2.8125;-2.5;-2.1875;-1.875;-1.5625;-1.25;-0.9375;-0.625;-0.3125;0;0.3125;0.625;0.9375;1.25;1.5625;1.875;2.1875;2.5;2.8125;3.125;3.4375;3.75;4.0625;4.375;4.6875;5;5.3125;5.625;5.9375;6.25;6.5625;6.875;7.1875;7.5;7.8125;8.125;8.4375;8.75;9.0625;9.375;9.6875;10","0;0;0;0;0;0;0;0;0;0;0;0;0;0;0;0;0;0;0;0;0;0;0;0;0;0;0;0;0;0;0;4871052;2977979;1179050;416447;215351;104997;70003;25072;4049;0;0;0;0;0;0;0;0;0;0;0;0;0;0;0;0;0;0;0;0;0;0;0;0",9864000
81,5,"LeakyReLULayer( 0.050000 )",pre_activation,"-10;-9.6875;-9.375;-9.0625;-8.75;-8.4375;-8.125;-7.8125;-7.5;-7.1875;-6.875;-6.5625;-6.25;-5.9375;-5.625;-5.3125;-5;-4.6875;-4.375;-4.0625;-3.75;-3.4375;-3.125;-2.8125;-2.5;-2.1875;-1.875;-1.5625;-1.25;-0.9375;-0.625;-0.3125;0;0.3125;0.625;0.9375;1.25;1.5625;1.875;2.1875;2.5;2.8125;3.125;3.4375;3.75;4.0625;4.375;4.6875;5;5.3125;5.625;5.9375;6.25;6.5625;6.875;7.1875;7.5;7.8125;8.125;8.4375;8.75;9.0625;9.375;9.6875;10","0;0;0;0;0;0;0;0;0;0;0;0;0;0;0;0;0;0;0;0;0;0;0;0;0;43;287;1602;5090;15646;23774;26955;36308;41022;14105;6707;2607;936;278;0;0;0;0;0;0;0;0;0;0;0;0;0;0;0;0;0;0;0;0;0;0;0;0;0",175360
81,5,"LeakyReLULayer( 0.050000 )",post_activation,"-10;-9.6875;-9.375;-9.0625;-8.75;-8.4375;-8.125;-7.8125;-7.5;-7.1875;-6.875;-6.5625;-6.25;-5.9375;-5.625;-5.3125;-5;-4.6875;-4.375;-4.0625;-3.75;-3.4375;-3.125;-2.8125;-2.5;-2.1875;-1.875;-1.5625;-1.25;-0.9375;-0.625;-0.3125;0;0.3125;0.625;0.9375;1.25;1.5625;1.875;2.1875;2.5;2.8125;3.125;3.4375;3.75;4.0625;4.375;4.6875;5;5.3125;5.625;5.9375;6.25;6.5625;6.875;7.1875;7.5;7.8125;8.125;8.4375;8.75;9.0625;9.375;9.6875;10","0;0;0;0;0;0;0;0;0;0;0;0;0;0;0;0;0;0;0;0;0;0;0;0;0;0;0;0;0;0;0;73397;36308;41022;14105;6707;2607;936;278;0;0;0;0;0;0;0;0;0;0;0;0;0;0;0;0;0;0;0;0;0;0;0;0;0",175360
81,8,"LeakyReLULayer( 0.050000 )",pre_activation,"-10;-9.6875;-9.375;-9.0625;-8.75;-8.4375;-8.125;-7.8125;-7.5;-7.1875;-6.875;-6.5625;-6.25;-5.9375;-5.625;-5.3125;-5;-4.6875;-4.375;-4.0625;-3.75;-3.4375;-3.125;-2.8125;-2.5;-2.1875;-1.875;-1.5625;-1.25;-0.9375;-0.625;-0.3125;0;0.3125;0.625;0.9375;1.25;1.5625;1.875;2.1875;2.5;2.8125;3.125;3.4375;3.75;4.0625;4.375;4.6875;5;5.3125;5.625;5.9375;6.25;6.5625;6.875;7.1875;7.5;7.8125;8.125;8.4375;8.75;9.0625;9.375;9.6875;10","0;0;0;0;0;0;0;0;0;0;0;0;0;0;0;0;0;0;0;0;0;0;0;0;0;0;0;648;2282;5669;10770;21542;20214;12396;7879;4079;1627;480;94;0;0;0;0;0;0;0;0;0;0;0;0;0;0;0;0;0;0;0;0;0;0;0;0;0",87680
81,8,"LeakyReLULayer( 0.050000 )",post_activation,"-10;-9.6875;-9.375;-9.0625;-8.75;-8.4375;-8.125;-7.8125;-7.5;-7.1875;-6.875;-6.5625;-6.25;-5.9375;-5.625;-5.3125;-5;-4.6875;-4.375;-4.0625;-3.75;-3.4375;-3.125;-2.8125;-2.5;-2.1875;-1.875;-1.5625;-1.25;-0.9375;-0.625;-0.3125;0;0.3125;0.625;0.9375;1.25;1.5625;1.875;2.1875;2.5;2.8125;3.125;3.4375;3.75;4.0625;4.375;4.6875;5;5.3125;5.625;5.9375;6.25;6.5625;6.875;7.1875;7.5;7.8125;8.125;8.4375;8.75;9.0625;9.375;9.6875;10","0;0;0;0;0;0;0;0;0;0;0;0;0;0;0;0;0;0;0;0;0;0;0;0;0;0;0;0;0;0;0;40911;20214;12396;7879;4079;1627;480;94;0;0;0;0;0;0;0;0;0;0;0;0;0;0;0;0;0;0;0;0;0;0;0;0;0",87680
82,1,"LeakyReLULayer( 0.050000 )",pre_activation,"-10;-9.6875;-9.375;-9.0625;-8.75;-8.4375;-8.125;-7.8125;-7.5;-7.1875;-6.875;-6.5625;-6.25;-5.9375;-5.625;-5.3125;-5;-4.6875;-4.375;-4.0625;-3.75;-3.4375;-3.125;-2.8125;-2.5;-2.1875;-1.875;-1.5625;-1.25;-0.9375;-0.625;-0.3125;0;0.3125;0.625;0.9375;1.25;1.5625;1.875;2.1875;2.5;2.8125;3.125;3.4375;3.75;4.0625;4.375;4.6875;5;5.3125;5.625;5.9375;6.25;6.5625;6.875;7.1875;7.5;7.8125;8.125;8.4375;8.75;9.0625;9.375;9.6875;10","0;0;0;0;0;0;0;0;0;0;0;0;0;0;0;0;0;0;0;61;485;1553;3639;7178;13443;30051;62421;111027;204270;421737;1059616;2955605;2978148;1178904;416424;215340;104989;69991;25075;4043;0;0;0;0;0;0;0;0;0;0;0;0;0;0;0;0;0;0;0;0;0;0;0;0",9864000
82,1,"LeakyReLULayer( 0.050000 )",post_activation,"-10;-9.6875;-9.375;-9.0625;-8.75;-8.4375;-8.125;-7.8125;-7.5;-7.1875;-6.875;-6.5625;-6.25;-5.9375;-5.625;-5.3125;-5;-4.6875;-4.375;-4.0625;-3.75;-3.4375;-3.125;-2.8125;-2.5;-2.1875;-1.875;-1.5625;-1.25;-0.9375;-0.625;-0.3125;0;0.3125;0.625;0.9375;1.25;1.5625;1.875;2.1875;2.5;2.8125;3.125;3.4375;3.75;4.0625;4.375;4.6875;5;5.3125;5.625;5.9375;6.25;6.5625;6.875;7.1875;7.5;7.8125;8.125;8.4375;8.75;9.0625;9.375;9.6875;10","0;0;0;0;0;0;0;0;0;0;0;0;0;0;0;0;0;0;0;0;0;0;0;0;0;0;0;0;0;0;0;4871086;2978148;1178904;416424;215340;104989;69991;25075;4043;0;0;0;0;0;0;0;0;0;0;0;0;0;0;0;0;0;0;0;0;0;0;0;0",9864000
82,5,"LeakyReLULayer( 0.050000 )",pre_activation,"-10;-9.6875;-9.375;-9.0625;-8.75;-8.4375;-8.125;-7.8125;-7.5;-7.1875;-6.875;-6.5625;-6.25;-5.9375;-5.625;-5.3125;-5;-4.6875;-4.375;-4.0625;-3.75;-3.4375;-3.125;-2.8125;-2.5;-2.1875;-1.875;-1.5625;-1.25;-0.9375;-0.625;-0.3125;0;0.3125;0.625;0.9375;1.25;1.5625;1.875;2.1875;2.5;2.8125;3.125;3.4375;3.75;4.0625;4.375;4.6875;5;5.3125;5.625;5.9375;6.25;6.5625;6.875;7.1875;7.5;7.8125;8.125;8.4375;8.75;9.0625;9.375;9.6875;10","0;0;0;0;0;0;0;0;0;0;0;0;0;0;0;0;0;0;0;0;0;0;0;0;0;41;289;1600;5120;15622;23820;26877;36381;40925;14176;6690;2614;933;272;0;0;0;0;0;0;0;0;0;0;0;0;0;0;0;0;0;0;0;0;0;0;0;0;0",175360
82,5,"LeakyReLULayer( 0.050000 )",post_activation,"-10;-9.6875;-9.375;-9.0625;-8.75;-8.4375;-8.125;-7.8125;-7.5;-7.1875;-6.875;-6.5625;-6.25;-5.9375;-5.625;-5.3125;-5;-4.6875;-4.375;-4.0625;-3.75;-3.4375;-3.125;-2.8125;-2.5;-2.1875;-1.875;-1.5625;-1.25;-0.9375;-0.625;-0.3125;0;0.3125;0.625;0.9375;1.25;1.5625;1.875;2.1875;2.5;2.8125;3.125;3.4375;3.75;4.0625;4.375;4.6875;5;5.3125;5.625;5.9375;6.25;6.5625;6.875;7.1875;7.5;7.8125;8.125;8.4375;8.75;9.0625;9.375;9.6875;10","0;0;0;0;0;0;0;0;0;0;0;0;0;0;0;0;0;0;0;0;0;0;0;0;0;0;0;0;0;0;0;73369;36381;40925;14176;6690;2614;933;272;0;0;0;0;0;0;0;0;0;0;0;0;0;0;0;0;0;0;0;0;0;0;0;0;0",175360
82,8,"LeakyReLULayer( 0.050000 )",pre_activation,"-10;-9.6875;-9.375;-9.0625;-8.75;-8.4375;-8.125;-7.8125;-7.5;-7.1875;-6.875;-6.5625;-6.25;-5.9375;-5.625;-5.3125;-5;-4.6875;-4.375;-4.0625;-3.75;-3.4375;-3.125;-2.8125;-2.5;-2.1875;-1.875;-1.5625;-1.25;-0.9375;-0.625;-0.3125;0;0.3125;0.625;0.9375;1.25;1.5625;1.875;2.1875;2.5;2.8125;3.125;3.4375;3.75;4.0625;4.375;4.6875;5;5.3125;5.625;5.9375;6.25;6.5625;6.875;7.1875;7.5;7.8125;8.125;8.4375;8.75;9.0625;9.375;9.6875;10","0;0;0;0;0;0;0;0;0;0;0;0;0;0;0;0;0;0;0;0;0;0;0;0;0;0;0;646;2284;5647;10768;21465;20320;12444;7842;4054;1631;483;96;0;0;0;0;0;0;0;0;0;0;0;0;0;0;0;0;0;0;0;0;0;0;0;0;0",87680
82,8,"LeakyReLULayer( 0.050000 )",post_activation,"-10;-9.6875;-9.375;-9.0625;-8.75;-8.4375;-8.125;-7.8125;-7.5;-7.1875;-6.875;-6.5625;-6.25;-5.9375;-5.625;-5.3125;-5;-4.6875;-4.375;-4.0625;-3.75;-3.4375;-3.125;-2.8125;-2.5;-2.1875;-1.875;-1.5625;-1.25;-0.9375;-0.625;-0.3125;0;0.3125;0.625;0.9375;1.25;1.5625;1.875;2.1875;2.5;2.8125;3.125;3.4375;3.75;4.0625;4.375;4.6875;5;5.3125;5.625;5.9375;6.25;6.5625;6.875;7.1875;7.5;7.8125;8.125;8.4375;8.75;9.0625;9.375;9.6875;10","0;0;0;0;0;0;0;0;0;0;0;0;0;0;0;0;0;0;0;0;0;0;0;0;0;0;0;0;0;0;0;40810;20320;12444;7842;4054;1631;483;96;0;0;0;0;0;0;0;0;0;0;0;0;0;0;0;0;0;0;0;0;0;0;0;0;0",87680
83,1,"LeakyReLULayer( 0.050000 )",pre_activation,"-10;-9.6875;-9.375;-9.0625;-8.75;-8.4375;-8.125;-7.8125;-7.5;-7.1875;-6.875;-6.5625;-6.25;-5.9375;-5.625;-5.3125;-5;-4.6875;-4.375;-4.0625;-3.75;-3.4375;-3.125;-2.8125;-2.5;-2.1875;-1.875;-1.5625;-1.25;-0.9375;-0.625;-0.3125;0;0.3125;0.625;0.9375;1.25;1.5625;1.875;2.1875;2.5;2.8125;3.125;3.4375;3.75;4.0625;4.375;4.6875;5;5.3125;5.625;5.9375;6.25;6.5625;6.875;7.1875;7.5;7.8125;8.125;8.4375;8.75;9.0625;9.375;9.6875;10","0;0;0;0;0;0;0;0;0;0;0;0;0;0;0;0;0;0;0;61;485;1553;3633;7192;13449;30040;62433;111020;204288;421696;1059554;2955685;2978314;1178690;416453;215330;104993;70008;25078;4045;0;0;0;0;0;0;0;0;0;0;0;0;0;0;0;0;0;0;0;0;0;0;0;0",9864000
83,1,"LeakyReLULayer( 0.050000 )",post_activation,"-10;-9.6875;-9.375;-9.0625;-8.75;-8.4375;-8.125;-7.8125;-7.5;-7.1875;-6.875;-6.5625;-6.25;-5.9375;-5.625;-5.3125;-5;-4.6875;-4.375;-4.0625;-3.75;-3.4375;-3.125;-2.8125;-2.5;-2.1875;-1.875;-1.5625;-1.25;-0.9375;-0.625;-0.3125;0;0.3125;0.625;0.9375;1.25;1.5625;1.875;2.1875;2.5;2.8125;3.125;3.4375;3.75;4.0625;4.375;4.6875;5;5.3125;5.625;5.9375;6.25;6.5625;6.875;7.1875;7.5;7.8125;8.125;8.4375;8.75;9.0625;9.375;9.6875;10","0;0;0;0;0;0;0;0;0;0;0;0;0;0;0;0;0;0;0;0;0;0;0;0;0;0;0;0;0;0;0;4871089;2978314;1178690;416453;215330;104993;70008;25078;4045;0;0;0;0;0;0;0;0;0;0;0;0;0;0;0;0;0;0;0;0;0;0;0;0",9864000
83,5,"LeakyReLULayer( 0.050000 )",pre_activation,"-10;-9.6875;-9.375;-9.0625;-8.75;-8.4375;-8.125;-7.8125;-7.5;-7.1875;-6.875;-6.5625;-6.25;-5.9375;-5.625;-5.3125;-5;-4.6875;-4.375;-4.0625;-3.75;-3.4375;-3.125;-2.8125;-2.5;-2.1875;-1.875;-1.5625;-1.25;-0.9375;-0.625;-0.3125;0;0.3125;0.625;0.9375;1.25;1.5625;1.875;2.1875;2.5;2.8125;3.125;3.4375;3.75;4.0625;4.375;4.6875;5;5.3125;5.625;5.9375;6.25;6.5625;6.875;7.1875;7.5;7.8125;8.125;8.4375;8.75;9.0625;9.375;9.6875;10","0;0;0;0;0;0;0;0;0;0;0;0;0;0;0;0;0;0;0;0;0;0;0;0;0;42;296;1606;5079;15729;23767;26913;36269;40997;14169;6679;2606;934;274;0;0;0;0;0;0;0;0;0;0;0;0;0;0;0;0;0;0;0;0;0;0;0;0;0",175360
83,5,"LeakyReLULayer( 0.050000 )",post_activation,"-10;-9.6875;-9.375;-9.0625;-8.75;-8.4375;-8.125;-7.8125;-7.5;-7.1875;-6.875;-6.5625;-6.25;-5.9375;-5.625;-5.3125;-5;-4.6875;-4.375;-4.0625;-3.75;-3.4375;-3.125;-2.8125;-2.5;-2.1875;-1.875;-1.5625;-1.25;-0.9375;-0.625;-0.3125;0;0.3125;0.625;0.9375;1.25;1.5625;1.875;2.1875;2.5;2.8125;3.125;3.4375;3.75;4.0625;4.375;4.6875;5;5.3125;5.625;5.9375;6.25;6.5625;6.875;7.1875;7.5;7.8125;8.125;8.4375;8.75;9.0625;9.375;9.6875;10","0;0;0;0;0;0;0;0;0;0;0;0;0;0;0;0;0;0;0;0;0;0;0;0;0;0;0;0;0;0;0;73432;36269;40997;14169;6679;2606;934;274;0;0;0;0;0;0;0;0;0;0;0;0;0;0;0;0;0;0;0;0;0;0;0;0;0",175360
83,8,"LeakyReLULayer( 0.050000 )",pre_activation,"-10;-9.6875;-9.375;-9.0625;-8.75;-8.4375;-8.125;-7.8125;-7.5;-7.1875;-6.875;-6.5625;-6.25;-5.9375;-5.625;-5.3125;-5;-4.6875;-4.375;-4.0625;-3.75;-3.4375;-3.125;-2.8125;-2.5;-2.1875;-1.875;-1.5625;-1.25;-0.9375;-0.625;-0.3125;0;0.3125;0.625;0.9375;1.25;1.5625;1.875;2.1875;2.5;2.8125;3.125;3.4375;3.75;4.0625;4.375;4.6875;5;5.3125;5.625;5.9375;6.25;6.5625;6.875;7.1875;7.5;7.8125;8.125;8.4375;8.75;9.0625;9.375;9.6875;10","0;0;0;0;0;0;0;0;0;0;0;0;0;0;0;0;0;0;0;0;0;0;0;0;0;0;0;629;2304;5613;10836;21386;20358;12472;7842;4048;1611;482;99;0;0;0;0;0;0;0;0;0;0;0;0;0;0;0;0;0;0;0;0;0;0;0;0;0",87680
83,8,"LeakyReLULayer( 0.050000 )",post_activation,"-10;-9.6875;-9.375;-9.0625;-8.75;-8.4375;-8.125;-7.8125;-7.5;-7.1875;-6.875;-6.5625;-6.25;-5.9375;-5.625;-5.3125;-5;-4.6875;-4.375;-4.0625;-3.75;-3.4375;-3.125;-2.8125;-2.5;-2.1875;-1.875;-1.5625;-1.25;-0.9375;-0.625;-0.3125;0;0.3125;0.625;0.9375;1.25;1.5625;1.875;2.1875;2.5;2.8125;3.125;3.4375;3.75;4.0625;4.375;4.6875;5;5.3125;5.625;5.9375;6.25;6.5625;6.875;7.1875;7.5;7.8125;8.125;8.4375;8.75;9.0625;9.375;9.6875;10","0;0;0;0;0;0;0;0;0;0;0;0;0;0;0;0;0;0;0;0;0;0;0;0;0;0;0;0;0;0;0;40768;20358;12472;7842;4048;1611;482;99;0;0;0;0;0;0;0;0;0;0;0;0;0;0;0;0;0;0;0;0;0;0;0;0;0",87680
84,1,"LeakyReLULayer( 0.050000 )",pre_activation,"-10;-9.6875;-9.375;-9.0625;-8.75;-8.4375;-8.125;-7.8125;-7.5;-7.1875;-6.875;-6.5625;-6.25;-5.9375;-5.625;-5.3125;-5;-4.6875;-4.375;-4.0625;-3.75;-3.4375;-3.125;-2.8125;-2.5;-2.1875;-1.875;-1.5625;-1.25;-0.9375;-0.625;-0.3125;0;0.3125;0.625;0.9375;1.25;1.5625;1.875;2.1875;2.5;2.8125;3.125;3.4375;3.75;4.0625;4.375;4.6875;5;5.3125;5.625;5.9375;6.25;6.5625;6.875;7.1875;7.5;7.8125;8.125;8.4375;8.75;9.0625;9.375;9.6875;10","0;0;0;0;0;0;0;0;0;0;0;0;0;0;0;0;0;0;0;61;485;1554;3636;7187;13452;30056;62417;111007;204255;421621;1059456;2956096;2978388;1178475;416430;215312;104970;70018;25077;4047;0;0;0;0;0;0;0;0;0;0;0;0;0;0;0;0;0;0;0;0;0;0;0;0",9864000
84,1,"LeakyReLULayer( 0.050000 )",post_activation,"-10;-9.6875;-9.375;-9.0625;-8.75;-8.4375;-8.125;-7.8125;-7.5;-7.1875;-6.875;-6.5625;-6.25;-5.9375;-5.625;-5.3125;-5;-4.6875;-4.375;-4.0625;-3.75;-3.4375;-3.125;-2.8125;-2.5;-2.1875;-1.875;-1.5625;-1.25;-0.9375;-0.625;-0.3125;0;0.3125;0.625;0.9375;1.25;1.5625;1.875;2.1875;2.5;2.8125;3.125;3.4375;3.75;4.0625;4.375;4.6875;5;5.3125;5.625;5.9375;6.25;6.5625;6.875;7.1875;7.5;7.8125;8.125;8.4375;8.75;9.0625;9.375;9.6875;10","0;0;0;0;0;0;0;0;0;0;0;0;0;0;0;0;0;0;0;0;0;0;0;0;0;0;0;0;0;0;0;4871283;2978388;1178475;416430;215312;104970;70018;25077;4047;0;0;0;0;0;0;0;0;0;0;0;0;0;0;0;0;0;0;0;0;0;0;0;0",9864000
84,5,"LeakyReLULayer( 0.050000 )",pre_activation,"-10;-9.6875;-9.375;-9.0625;-8.75;-8.4375;-8.125;-7.8125;-7.5;-7.1875;-6.875;-6.5625;-6.25;-5.9375;-5.625;-5.3125;-5;-4.6875;-4.375;-4.0625;-3.75;-3.4375;-3.125;-2.8125;-2.5;-2.1875;-1.875;-1.5625;-1.25;-0.9375;-0.625;-0.3125;0;0.3125;0.625;0.9375;1.25;1.5625;1.875;2.1875;2.5;2.8125;3.125;3.4375;3.75;4.0625;4.375;4.6875;5;5.3125;5.625;5.9375;6.25;6.5625;6.875;7.1875;7.5;7.8125;8.125;8.4375;8.75;9.0625;9.375;9.6875;10","0;0;0;0;0;0;0;0;0;0;0;0;0;0;0;0;0;0;0;0;0;0;0;0;0;42;294;1593;5126;15688;23752;26956;36301;40963;14127;6703;2597;943;275;0;0;0;0;0;0;0;0;0;0;0;0;0;0;0;0;0;0;0;0;0;0;0;0;0",175360
84,5,"LeakyReLULayer( 0.050000 )",post_activation,"-10;-9.6875;-9.375;-9.0625;-8.75;-8.4375;-8.125;-7.8125;-7.5;-7.1875;-6.875;-6.5625;-6.25;-5.9375;-5.625;-5.3125;-5;-4.6875;-4.375;-4.0625;-3.75;-3.4375;-3.125;-2.8125;-2.5;-2.1875;-1.875;-1.5625;-1.25;-0.9375;-0.625;-0.3125;0;0.3125;0.625;0.9375;1.25;1.5625;1.875;2.1875;2.5;2.8125;3.125;3.4375;3.75;4.0625;4.375;4.6875;5;5.3125;5.625;5.9375;6.25;6.5625;6.875;7.1875;7.5;7.8125;8.125;8.4375;8.75;9.0625;9.375;9.6875;10","0;0;0;0;0;0;0;0;0;0;0;0;0;0;0;0;0;0;0;0;0;0;0;0;0;0;0;0;0;0;0;73451;36301;40963;14127;6703;2597;943;275;0;0;0;0;0;0;0;0;0;0;0;0;0;0;0;0;0;0;0;0;0;0;0;0;0",175360
84,8,"LeakyReLULayer( 0.050000 )",pre_activation,"-10;-9.6875;-9.375;-9.0625;-8.75;-8.4375;-8.125;-7.8125;-7.5;-7.1875;-6.875;-6.5625;-6.25;-5.9375;-5.625;-5.3125;-5;-4.6875;-4.375;-4.0625;-3.75;-3.4375;-3.125;-2.8125;-2.5;-2.1875;-1.875;-1.5625;-1.25;-0.9375;-0.625;-0.3125;0;0.3125;0.625;0.9375;1.25;1.5625;1.875;2.1875;2.5;2.8125;3.125;3.4375;3.75;4.0625;4.375;4.6875;5;5.3125;5.625;5.9375;6.25;6.5625;6.875;7.1875;7.5;7.8125;8.125;8.4375;8.75;9.0625;9.375;9.6875;10","0;0;0;0;0;0;0;0;0;0;0;0;0;0;0;0;0;0;0;0;0;0;0;0;0;0;0;629;2300;5632;10780;21448;20265;12452;7925;4072;1601;480;96;0;0;0;0;0;0;0;0;0;0;0;0;0;0;0;0;0;0;0;0;0;0;0;0;0",87680
84,8,"LeakyReLULayer( 0.050000 )",post_activation,"-10;-9.6875;-9.375;-9.0625;-8.75;-8.4375;-8.125;-7.8125;-7.5;-7.1875;-6.875;-6.5625;-6.25;-5.9375;-5.625;-5.3125;-5;-4.6875;-4.375;-4.0625;-3.75;-3.4375;-3.125;-2.8125;-2.5;-2.1875;-1.875;-1.5625;-1.25;-0.9375;-0.625;-0.3125;0;0.3125;0.625;0.9375;1.25;1.5625;1.875;2.1875;2.5;2.8125;3.125;3.4375;3.75;4.0625;4.375;4.6875;5;5.3125;5.625;5.9375;6.25;6.5625;6.875;7.1875;7.5;7.8125;8.125;8.4375;8.75;9.0625;9.375;9.6875;10","0;0;0;0;0;0;0;0;0;0;0;0;0;0;0;0;0;0;0;0;0;0;0;0;0;0;0;0;0;0;0;40789;20265;12452;7925;4072;1601;480;96;0;0;0;0;0;0;0;0;0;0;0;0;0;0;0;0;0;0;0;0;0;0;0;0;0",87680
85,1,"LeakyReLULayer( 0.050000 )",pre_activation,"-10;-9.6875;-9.375;-9.0625;-8.75;-8.4375;-8.125;-7.8125;-7.5;-7.1875;-6.875;-6.5625;-6.25;-5.9375;-5.625;-5.3125;-5;-4.6875;-4.375;-4.0625;-3.75;-3.4375;-3.125;-2.8125;-2.5;-2.1875;-1.875;-1.5625;-1.25;-0.9375;-0.625;-0.3125;0;0.3125;0.625;0.9375;1.25;1.5625;1.875;2.1875;2.5;2.8125;3.125;3.4375;3.75;4.0625;4.375;4.6875;5;5.3125;5.625;5.9375;6.25;6.5625;6.875;7.1875;7.5;7.8125;8.125;8.4375;8.75;9.0625;9.375;9.6875;10","0;0;0;0;0;0;0;0;0;0;0;0;0;0;0;0;0;0;0;61;485;1553;3635;7180;13449;30056;62416;111015;204256;421548;1059397;2956137;2978611;1178397;416381;215305;104982;70016;25075;4045;0;0;0;0;0;0;0;0;0;0;0;0;0;0;0;0;0;0;0;0;0;0;0;0",9864000
85,1,"LeakyReLULayer( 0.050000 )",post_activation,"-10;-9.6875;-9.375;-9.0625;-8.75;-8.4375;-8.125;-7.8125;-7.5;-7.1875;-6.875;-6.5625;-6.25;-5.9375;-5.625;-5.3125;-5;-4.6875;-4.375;-4.0625;-3.75;-3.4375;-3.125;-2.8125;-2.5;-2.1875;-1.875;-1.5625;-1.25;-0.9375;-0.625;-0.3125;0;0.3125;0.625;0.9375;1.25;1.5625;1.875;2.1875;2.5;2.8125;3.125;3.4375;3.75;4.0625;4.375;4.6875;5;5.3125;5.625;5.9375;6.25;6.5625;6.875;7.1875;7.5;7.8125;8.125;8.4375;8.75;9.0625;9.375;9.6875;10","0;0;0;0;0;0;0;0;0;0;0;0;0;0;0;0;0;0;0;0;0;0;0;0;0;0;0;0;0;0;0;4871188;2978611;1178397;416381;215305;104982;70016;25075;4045;0;0;0;0;0;0;0;0;0;0;0;0;0;0;0;0;0;0;0;0;0;0;0;0",9864000
85,5,"LeakyReLULayer( 0.050000 )",pre_activation,"-10;-9.6875;-9.375;-9.0625;-8.75;-8.4375;-8.125;-7.8125;-7.5;-7.1875;-6.875;-6.5625;-6.25;-5.9375;-5.625;-5.3125;-5;-4.6875;-4.375;-4.0625;-3.75;-3.4375;-3.125;-2.8125;-2.5;-2.1875;-1.875;-1.5625;-1.25;-0.9375;-0.625;-0.3125;0;0.3125;0.625;0.9375;1.25;1.5625;1.875;2.1875;2.5;2.8125;3.125;3.4375;3.75;4.0625;4.375;4.6875;5;5.3125;5.625;5.9375;6.25;6.5625;6.875;7.1875;7.5;7.8125;8.125;8.4375;8.75;9.0625;9.375;9.6875;10","0;0;0;0;0;0;0;0;0;0;0;0;0;0;0;0;0;0;0;0;0;0;0;0;0;39;299;1585;5170;15664;23756;26897;36266;40983;14142;6750;2612;922;275;0;0;0;0;0;0;0;0;0;0;0;0;0;0;0;0;0;0;0;0;0;0;0;0;0",175360
85,5,"LeakyReLULayer( 0.050000 )",post_activation,"-10;-9.6875;-9.375;-9.0625;-8.75;-8.4375;-8.125;-7.8125;-7.5;-7.1875;-6.875;-6.5625;-6.25;-5.9375;-5.625;-5.3125;-5;-4.6875;-4.375;-4.0625;-3.75;-3.4375;-3.125;-2.8125;-2.5;-2.1875;-1.875;-1.5625;-1.25;-0.9375;-0.625;-0.3125;0;0.3125;0.625;0.9375;1.25;1.5625;1.875;2.1875;2.5;2.8125;3.125;3.4375;3.75;4.0625;4.375;4.6875;5;5.3125;5.625;5.9375;6.25;6.5625;6.875;7.1875;7.5;7.8125;8.125;8.4375;8.75;9.0625;9.375;9.6875;10","0;0;0;0;0;0;0;0;0;0;0;0;0;0;0;0;0;0;0;0;0;0;0;0;0;0;0;0;0;0;0;73410;36266;40983;14142;6750;2612;922;275;0;0;0;0;0;0;0;0;0;0;0;0;0;0;0;0;0;0;0;0;0;0;0;0;0",175360
85,8,"LeakyReLULayer( 0.050000 )",pre_activation,"-10;-9.6875;-9.375;-9.0625;-8.75;-8.4375;-8.125;-7.8125;-7.5;-7.1875;-6.875;-6.5625;-6.25;-5.9375;-5.625;-5.3125;-5;-4.6875;-4.375;-4.0625;-3.75;-3.4375;-3.125;-2.8125;-2.5;-2.1875;-1.875;-1.5625;-1.25;-0.9375;-0.625;-0.3125;0;0.3125;0.625;0.9375;1.25;1.5625;1.875;2.1875;2.5;2.8125;3.125;3.4375;3.75;4.0625;4.375;4.6875;5;5.3125;5.625;5.9375;6.25;6.5625;6.875;7.1875;7.5;7.8125;8.125;8.4375;8.75;9.0625;9.375;9.6875;10","0;0;0;0;0;0;0;0;0;0;0;0;0;0;0;0;0;0;0;0;0;0;0;0;0;0;0;643;2284;5650;10801;21540;20186;12430;7925;4054;1591;476;100;0;0;0;0;0;0;0;0;0;0;0;0;0;0;0;0;0;0;0;0;0;0;0;0;0",87680
85,8,"LeakyReLULayer( 0.050000 )",post_activation,"-10;-9.6875;-9.375;-9.0625;-8.75;-8.4375;-8.125;-7.8125;-7.5;-7.1875;-6.875;-6.5625;-6.25;-5.9375;-5.625;-5.3125;-5;-4.6875;-4.375;-4.0625;-3.75;-3.4375;-3.125;-2.8125;-2.5;-2.1875;-1.875;-1.5625;-1.25;-0.9375;-0.625;-0.3125;0;0.3125;0.625;0.9375;1.25;1.5625;1.875;2.1875;2.5;2.8125;3.125;3.4375;3.75;4.0625;4.375;4.6875;5;5.3125;5.625;5.9375;6.25;6.5625;6.875;7.1875;7.5;7.8125;8.125;8.4375;8.75;9.0625;9.375;9.6875;10","0;0;0;0;0;0;0;0;0;0;0;0;0;0;0;0;0;0;0;0;0;0;0;0;0;0;0;0;0;0;0;40918;20186;12430;7925;4054;1591;476;100;0;0;0;0;0;0;0;0;0;0;0;0;0;0;0;0;0;0;0;0;0;0;0;0;0",87680
86,1,"LeakyReLULayer( 0.050000 )",pre_activation,"-10;-9.6875;-9.375;-9.0625;-8.75;-8.4375;-8.125;-7.8125;-7.5;-7.1875;-6.875;-6.5625;-6.25;-5.9375;-5.625;-5.3125;-5;-4.6875;-4.375;-4.0625;-3.75;-3.4375;-3.125;-2.8125;-2.5;-2.1875;-1.875;-1.5625;-1.25;-0.9375;-0.625;-0.3125;0;0.3125;0.625;0.9375;1.25;1.5625;1.875;2.1875;2.5;2.8125;3.125;3.4375;3.75;4.0625;4.375;4.6875;5;5.3125;5.625;5.9375;6.25;6.5625;6.875;7.1875;7.5;7.8125;8.125;8.4375;8.75;9.0625;9.375;9.6875;10","0;0;0;0;0;0;0;0;0;0;0;0;0;0;0;0;0;0;0;61;485;1553;3639;7181;13444;30055;62411;110989;204228;421424;1059136;2956637;2979055;1177951;416385;215295;104945;70004;25076;4046;0;0;0;0;0;0;0;0;0;0;0;0;0;0;0;0;0;0;0;0;0;0;0;0",9864000
86,1,"LeakyReLULayer( 0.050000 )",post_activation,"-10;-9.6875;-9.375;-9.0625;-8.75;-8.4375;-8.125;-7.8125;-7.5;-7.1875;-6.875;-6.5625;-6.25;-5.9375;-5.625;-5.3125;-5;-4.6875;-4.375;-4.0625;-3.75;-3.4375;-3.125;-2.8125;-2.5;-2.1875;-1.875;-1.5625;-1.25;-0.9375;-0.625;-0.3125;0;0.3125;0.625;0.9375;1.25;1.5625;1.875;2.1875;2.5;2.8125;3.125;3.4375;3.75;4.0625;4.375;4.6875;5;5.3125;5.625;5.9375;6.25;6.5625;6.875;7.1875;7.5;7.8125;8.125;8.4375;8.75;9.0625;9.375;9.6875;10","0;0;0;0;0;0;0;0;0;0;0;0;0;0;0;0;0;0;0;0;0;0;0;0;0;0;0;0;0;0;0;4871243;2979055;1177951;416385;215295;104945;70004;25076;4046;0;0;0;0;0;0;0;0;0;0;0;0;0;0;0;0;0;0;0;0;0;0;0;0",9864000
86,5,"LeakyReLULayer( 0.050000 )",pre_activation,"-10;-9.6875;-9.375;-9.0625;-8.75;-8.4375;-8.125;-7.8125;-7.5;-7.1875;-6.875;-6.5625;-6.25;-5.9375;-5.625;-5.3125;-5;-4.6875;-4.375;-4.0625;-3.75;-3.4375;-3.125;-2.8125;-2.5;-2.1875;-1.875;-1.5625;-1.25;-0.9375;-0.625;-0.3125;0;0.3125;0.625;0.9375;1.25;1.5625;1.875;2.1875;2.5;2.8125;3.125;3.4375;3.75;4.0625;4.375;4.6875;5;5.3125;5.625;5.9375;6.25;6.5625;6.875;7.1875;7.5;7.8125;8.125;8.4375;8.75;9.0625;9.375;9.6875;10","0;0;0;0;0;0;0;0;0;0;0;0;0;0;0;0;0;0;0;0;0;0;0;0;0;41;298;1584;5123;15684;23667;26901;36197;41066;14239;6764;2618;909;269;0;0;0;0;0;0;0;0;0;0;0;0;0;0;0;0;0;0;0;0;0;0;0;0;0",175360
86,5,"LeakyReLULayer( 0.050000 )",post_activation,"-10;-9.6875;-9.375;-9.0625;-8.75;-8.4375;-8.125;-7.8125;-7.5;-7.1875;-6.875;-6.5625;-6.25;-5.9375;-5.625;-5.3125;-5;-4.6875;-4.375;-4.0625;-3.75;-3.4375;-3.125;-2.8125;-2.5;-2.1875;-1.875;-1.5625;-1.25;-0.9375;-0.625;-0.3125;0;0.3125;0.625;0.9375;1.25;1.5625;1.875;2.1875;2.5;2.8125;3.125;3.4375;3.75;4.0625;4.375;4.6875;5;5.3125;5.625;5.9375;6.25;6.5625;6.875;7.1875;7.5;7.8125;8.125;8.4375;8.75;9.0625;9.375;9.6875;10","0;0;0;0;0;0;0;0;0;0;0;0;0;0;0;0;0;0;0;0;0;0;0;0;0;0;0;0;0;0;0;73298;36197;41066;14239;6764;2618;909;269;0;0;0;0;0;0;0;0;0;0;0;0;0;0;0;0;0;0;0;0;0;0;0;0;0",175360
86,8,"LeakyReLULayer( 0.050000 )",pre_activation,"-10;-9.6875;-9.375;-9.0625;-8.75;-8.4375;-8.125;-7.8125;-7.5;-7.1875;-6.875;-6.5625;-6.25;-5.9375;-5.625;-5.3125;-5;-4.6875;-4.375;-4.0625;-3.75;-3.4375;-3.125;-2.8125;-2.5;-2.1875;-1.875;-1.5625;-1.25;-0.9375;-0.625;-0.3125;0;0.3125;0.625;0.9375;1.25;1.5625;1.875;2.1875;2.5;2.8125;3.125;3.4375;3.75;4.0625;4.375;4.6875;5;5.3125;5.625;5.9375;6.25;6.5625;6.875;7.1875;7.5;7.8125;8.125;8.4375;8.75;9.0625;9.375;9.6875;10","0;0;0;0;0;0;0;0;0;0;0;0;0;0;0;0;0;0;0;0;0;0;0;0;0;0;0;656;2291;5583;10814;21406;20357;12475;7876;4041;1601;477;103;0;0;0;0;0;0;0;0;0;0;0;0;0;0;0;0;0;0;0;0;0;0;0;0;0",87680
86,8,"LeakyReLULayer( 0.050000 )",post_activation,"-10;-9.6875;-9.375;-9.0625;-8.75;-8.4375;-8.125;-7.8125;-7.5;-7.1875;-6.875;-6.5625;-6.25;-5.9375;-5.625;-5.3125;-5;-4.6875;-4.375;-4.0625;-3.75;-3.4375;-3.125;-2.8125;-2.5;-2.1875;-1.875;-1.5625;-1.25;-0.9375;-0.625;-0.3125;0;0.3125;0.625;0.9375;1.25;1.5625;1.875;2.1875;2.5;2.8125;3.125;3.4375;3.75;4.0625;4.375;4.6875;5;5.3125;5.625;5.9375;6.25;6.5625;6.875;7.1875;7.5;7.8125;8.125;8.4375;8.75;9.0625;9.375;9.6875;10","0;0;0;0;0;0;0;0;0;0;0;0;0;0;0;0;0;0;0;0;0;0;0;0;0;0;0;0;0;0;0;40750;20357;12475;7876;4041;1601;477;103;0;0;0;0;0;0;0;0;0;0;0;0;0;0;0;0;0;0;0;0;0;0;0;0;0",87680
87,1,"LeakyReLULayer( 0.050000 )",pre_activation,"-10;-9.6875;-9.375;-9.0625;-8.75;-8.4375;-8.125;-7.8125;-7.5;-7.1875;-6.875;-6.5625;-6.25;-5.9375;-5.625;-5.3125;-5;-4.6875;-4.375;-4.0625;-3.75;-3.4375;-3.125;-2.8125;-2.5;-2.1875;-1.875;-1.5625;-1.25;-0.9375;-0.625;-0.3125;0;0.3125;0.625;0.9375;1.25;1.5625;1.875;2.1875;2.5;2.8125;3.125;3.4375;3.75;4.0625;4.375;4.6875;5;5.3125;5.625;5.9375;6.25;6.5625;6.875;7.1875;7.5;7.8125;8.125;8.4375;8.75;9.0625;9.375;9.6875;10","0;0;0;0;0;0;0;0;0;0;0;0;0;0;0;0;0;0;0;61;485;1554;3633;7181;13443;30049;62411;110968;204210;421392;1059009;2956953;2979254;1177713;416355;215296;104935;69995;25060;4043;0;0;0;0;0;0;0;0;0;0;0;0;0;0;0;0;0;0;0;0;0;0;0;0",9864000
87,1,"LeakyReLULayer( 0.050000 )",post_activation,"-10;-9.6875;-9.375;-9.0625;-8.75;-8.4375;-8.125;-7.8125;-7.5;-7.1875;-6.875;-6.5625;-6.25;-5.9375;-5.625;-5.3125;-5;-4.6875;-4.375;-4.0625;-3.75;-3.4375;-3.125;-2.8125;-2.5;-2.1875;-1.875;-1.5625;-1.25;-0.9375;-0.625;-0.3125;0;0.3125;0.625;0.9375;1.25;1.5625;1.875;2.1875;2.5;2.8125;3.125;3.4375;3.75;4.0625;4.375;4.6875;5;5.3125;5.625;5.9375;6.25;6.5625;6.875;7.1875;7.5;7.8125;8.125;8.4375;8.75;9.0625;9.375;9.6875;10","0;0;0;0;0;0;0;0;0;0;0;0;0;0;0;0;0;0;0;0;0;0;0;0;0;0;0;0;0;0;0;4871349;2979254;1177713;416355;215296;104935;69995;25060;4043;0;0;0;0;0;0;0;0;0;0;0;0;0;0;0;0;0;0;0;0;0;0;0;0",9864000
87,5,"LeakyReLULayer( 0.050000 )",pre_activation,"-10;-9.6875;-9.375;-9.0625;-8.75;-8.4375;-8.125;-7.8125;-7.5;-7.1875;-6.875;-6.5625;-6.25;-5.9375;-5.625;-5.3125;-5;-4.6875;-4.375;-4.0625;-3.75;-3.4375;-3.125;-2.8125;-2.5;-2.1875;-1.875;-1.5625;-1.25;-0.9375;-0.625;-0.3125;0;0.3125;0.625;0.9375;1.25;1.5625;1.875;2.1875;2.5;2.8125;3.125;3.4375;3.75;4.0625;4.375;4.6875;5;5.3125;5.625;5.9375;6.25;6.5625;6.875;7.1875;7.5;7.8125;8.125;8.4375;8.75;9.0625;9.375;9.6875;10","0;0;0;0;0;0;0;0;0;0;0;0;0;0;0;0;0;0;0;0;0;0;0;0;0;42;293;1579;5117;15709;23683;26815;36299;41072;14169;6781;2640;899;262;0;0;0;0;0;0;0;0;0;0;0;0;0;0;0;0;0;0;0;0;0;0;0;0;0",175360
87,5,"LeakyReLULayer( 0.050000 )",post_activation,"-10;-9.6875;-9.375;-9.0625;-8.75;-8.4375;-8.125;-7.8125;-7.5;-7.1875;-6.875;-6.5625;-6.25;-5.9375;-5.625;-5.3125;-5;-4.6875;-4.375;-4.0625;-3.75;-3.4375;-3.125;-2.8125;-2.5;-2.1875;-1.875;-1.5625;-1.25;-0.9375;-0.625;-0.3125;0;0.3125;0.625;0.9375;1.25;1.5625;1.875;2.1875;2.5;2.8125;3.125;3.4375;3.75;4.0625;4.375;4.6875;5;5.3125;5.625;5.9375;6.25;6.5625;6.875;7.1875;7.5;7.8125;8.125;8.4375;8.75;9.0625;9.375;9.6875;10","0;0;0;0;0;0;0;0;0;0;0;0;0;0;0;0;0;0;0;0;0;0;0;0;0;0;0;0;0;0;0;73238;36299;41072;14169;6781;2640;899;262;0;0;0;0;0;0;0;0;0;0;0;0;0;0;0;0;0;0;0;0;0;0;0;0;0",175360
87,8,"LeakyReLULayer( 0.050000 )",pre_activation,"-10;-9.6875;-9.375;-9.0625;-8.75;-8.4375;-8.125;-7.8125;-7.5;-7.1875;-6.875;-6.5625;-6.25;-5.9375;-5.625;-5.3125;-5;-4.6875;-4.375;-4.0625;-3.75;-3.4375;-3.125;-2.8125;-2.5;-2.1875;-1.875;-1.5625;-1.25;-0.9375;-0.625;-0.3125;0;0.3125;0.625;0.9375;1.25;1.5625;1.875;2.1875;2.5;2.8125;3.125;3.4375;3.75;4.0625;4.375;4.6875;5;5.3125;5.625;5.9375;6.25;6.5625;6.875;7.1875;7.5;7.8125;8.125;8.4375;8.75;9.0625;9.375;9.6875;10","0;0;0;0;0;0;0;0;0;0;0;0;0;0;0;0;0;0;0;0;0;0;0;0;0;0;0;668;2262;5583;10782;21497;20377;12461;7828;4068;1577;479;98;0;0;0;0;0;0;0;0;0;0;0;0;0;0;0;0;0;0;0;0;0;0;0;0;0",87680
87,8,"LeakyReLULayer( 0.050000 )",post_activation,"-10;-9.6875;-9.375;-9.0625;-8.75;-8.4375;-8.125;-7.8125;-7.5;-7.1875;-6.875;-6.5625;-6.25;-5.9375;-5.625;-5.3125;-5;-4.6875;-4.375;-4.0625;-3.75;-3.4375;-3.125;-2.8125;-2.5;-2.1875;-1.875;-1.5625;-1.25;-0.9375;-0.625;-0.3125;0;0.3125;0.625;0.9375;1.25;1.5625;1.875;2.1875;2.5;2.8125;3.125;3.4375;3.75;4.0625;4.375;4.6875;5;5.3125;5.625;5.9375;6.25;6.5625;6.875;7.1875;7.5;7.8125;8.125;8.4375;8.75;9.0625;9.375;9.6875;10","0;0;0;0;0;0;0;0;0;0;0;0;0;0;0;0;0;0;0;0;0;0;0;0;0;0;0;0;0;0;0;40792;20377;12461;7828;4068;1577;479;98;0;0;0;0;0;0;0;0;0;0;0;0;0;0;0;0;0;0;0;0;0;0;0;0;0",87680
88,1,"LeakyReLULayer( 0.050000 )",pre_activation,"-10;-9.6875;-9.375;-9.0625;-8.75;-8.4375;-8.125;-7.8125;-7.5;-7.1875;-6.875;-6.5625;-6.25;-5.9375;-5.625;-5.3125;-5;-4.6875;-4.375;-4.0625;-3.75;-3.4375;-3.125;-2.8125;-2.5;-2.1875;-1.875;-1.5625;-1.25;-0.9375;-0.625;-0.3125;0;0.3125;0.625;0.9375;1.25;1.5625;1.875;2.1875;2.5;2.8125;3.125;3.4375;3.75;4.0625;4.375;4.6875;5;5.3125;5.625;5.9375;6.25;6.5625;6.875;7.1875;7.5;7.8125;8.125;8.4375;8.75;9.0625;9.375;9.6875;10","0;0;0;0;0;0;0;0;0;0;0;0;0;0;0;0;0;0;0;61;485;1552;3634;7181;13437;30053;62392;110953;204184;421312;1058932;2957296;2979454;1177544;416292;215231;104924;69985;25058;4040;0;0;0;0;0;0;0;0;0;0;0;0;0;0;0;0;0;0;0;0;0;0;0;0",9864000
88,1,"LeakyReLULayer( 0.050000 )",post_activation,"-10;-9.6875;-9.375;-9.0625;-8.75;-8.4375;-8.125;-7.8125;-7.5;-7.1875;-6.875;-6.5625;-6.25;-5.9375;-5.625;-5.3125;-5;-4.6875;-4.375;-4.0625;-3.75;-3.4375;-3.125;-2.8125;-2.5;-2.1875;-1.875;-1.5625;-1.25;-0.9375;-0.625;-0.3125;0;0.3125;0.625;0.9375;1.25;1.5625;1.875;2.1875;2.5;2.8125;3.125;3.4375;3.75;4.0625;4.375;4.6875;5;5.3125;5.625;5.9375;6.25;6.5625;6.875;7.1875;7.5;7.8125;8.125;8.4375;8.75;9.0625;9.375;9.6875;10","0;0;0;0;0;0;0;0;0;0;0;0;0;0;0;0;0;0;0;0;0;0;0;0;0;0;0;0;0;0;0;4871472;2979454;1177544;416292;215231;104924;69985;25058;4040;0;0;0;0;0;0;0;0;0;0;0;0;0;0;0;0;0;0;0;0;0;0;0;0",9864000
88,5,"LeakyReLULayer( 0.050000 )",pre_activation,"-10;-9.6875;-9.375;-9.0625;-8.75;-8.4375;-8.125;-7.8125;-7.5;-7.1875;-6.875;-6.5625;-6.25;-5.9375;-5.625;-5.3125;-5;-4.6875;-4.375;-4.0625;-3.75;-3.4375;-3.125;-2.8125;-2.5;-2.1875;-1.875;-1.5625;-1.25;-0.9375;-0.625;-0.3125;0;0.3125;0.625;0.9375;1.25;1.5625;1.875;2.1875;2.5;2.8125;3.125;3.4375;3.75;4.0625;4.375;4.6875;5;5.3125;5.625;5.9375;6.25;6.5625;6.875;7.1875;7.5;7.8125;8.125;8.4375;8.75;9.0625;9.375;9.6875;10","0;0;0;0;0;0;0;0;0;0;0;0;0;0;0;0;0;0;0;0;0;0;0;0;0;41;295;1591;5083;15816;23723;26876;36052;41233;14088;6778;2595;912;277;0;0;0;0;0;0;0;0;0;0;0;0;0;0;0;0;0;0;0;0;0;0;0;0;0",175360
88,5,"LeakyReLULayer( 0.050000 )",post_activation,"-10;-9.6875;-9.375;-9.0625;-8.75;-8.4375;-8.125;-7.8125;-7.5;-7.1875;-6.875;-6.5625;-6.25;-5.9375;-5.625;-5.3125;-5;-4.6875;-4.375;-4.0625;-3.75;-3.4375;-3.125;-2.8125;-2.5;-2.1875;-1.875;-1.5625;-1.25;-0.9375;-0.625;-0.3125;0;0.3125;0.625;0.9375;1.25;1.5625;1.875;2.1875;2.5;2.8125;3.125;3.4375;3.75;4.0625;4.375;4.6875;5;5.3125;5.625;5.9375;6.25;6.5625;6.875;7.1875;7.5;7.8125;8.125;8.4375;8.75;9.0625;9.375;9.6875;10","0;0;0;0;0;0;0;0;0;0;0;0;0;0;0;0;0;0;0;0;0;0;0;0;0;0;0;0;0;0;0;73425;36052;41233;14088;6778;2595;912;277;0;0;0;0;0;0;0;0;0;0;0;0;0;0;0;0;0;0;0;0;0;0;0;0;0",175360
88,8,"LeakyReLULayer( 0.050000 )",pre_activation,"-10;-9.6875;-9.375;-9.0625;-8.75;-8.4375;-8.125;-7.8125;-7.5;-7.1875;-6.875;-6.5625;-6.25;-5.9375;-5.625;-5.3125;-5;-4.6875;-4.375;-4.0625;-3.75;-3.4375;-3.125;-2.8125;-2.5;-2.1875;-1.875;-1.5625;-1.25;-0.9375;-0.625;-0.3125;0;0.3125;0.625;0.9375;1.25;1.5625;1.875;2.1875;2.5;2.8125;3.125;3.4375;3.75;4.0625;4.375;4.6875;5;5.3125;5.625;5.9375;6.25;6.5625;6.875;7.1875;7.5;7.8125;8.125;8.4375;8.75;9.0625;9.375;9.6875;10","0;0;0;0;0;0;0;0;0;0;0;0;0;0;0;0;0;0;0;0;0;0;0;0;0;0;0;629;2301;5545;10879;21501;20243;12455;7917;4103;1543;473;91;0;0;0;0;0;0;0;0;0;0;0;0;0;0;0;0;0;0;0;0;0;0;0;0;0",87680
88,8,"LeakyReLULayer( 0.050000 )",post_activation,"-10;-9.6875;-9.375;-9.0625;-8.75;-8.4375;-8.125;-7.8125;-7.5;-7.1875;-6.875;-6.5625;-6.25;-5.9375;-5.625;-5.3125;-5;-4.6875;-4.375;-4.0625;-3.75;-3.4375;-3.125;-2.8125;-2.5;-2.1875;-1.875;-1.5625;-1.25;-0.9375;-0.625;-0.3125;0;0.3125;0.625;0.9375;1.25;1.5625;1.875;2.1875;2.5;2.8125;3.125;3.4375;3.75;4.0625;4.375;4.6875;5;5.3125;5.625;5.9375;6.25;6.5625;6.875;7.1875;7.5;7.8125;8.125;8.4375;8.75;9.0625;9.375;9.6875;10","0;0;0;0;0;0;0;0;0;0;0;0;0;0;0;0;0;0;0;0;0;0;0;0;0;0;0;0;0;0;0;40855;20243;12455;7917;4103;1543;473;91;0;0;0;0;0;0;0;0;0;0;0;0;0;0;0;0;0;0;0;0;0;0;0;0;0",87680
89,1,"LeakyReLULayer( 0.050000 )",pre_activation,"-10;-9.6875;-9.375;-9.0625;-8.75;-8.4375;-8.125;-7.8125;-7.5;-7.1875;-6.875;-6.5625;-6.25;-5.9375;-5.625;-5.3125;-5;-4.6875;-4.375;-4.0625;-3.75;-3.4375;-3.125;-2.8125;-2.5;-2.1875;-1.875;-1.5625;-1.25;-0.9375;-0.625;-0.3125;0;0.3125;0.625;0.9375;1.25;1.5625;1.875;2.1875;2.5;2.8125;3.125;3.4375;3.75;4.0625;4.375;4.6875;5;5.3125;5.625;5.9375;6.25;6.5625;6.875;7.1875;7.5;7.8125;8.125;8.4375;8.75;9.0625;9.375;9.6875;10","0;0;0;0;0;0;0;0;0;0;0;0;0;0;0;0;0;0;0;61;485;1553;3630;7168;13440;30033;62397;110926;204167;421201;1058828;2957590;2979801;1177247;416297;215237;104898;69968;25041;4032;0;0;0;0;0;0;0;0;0;0;0;0;0;0;0;0;0;0;0;0;0;0;0;0",9864000
89,1,"LeakyReLULayer( 0.050000 )",post_activation,"-10;-9.6875;-9.375;-9.0625;-8.75;-8.4375;-8.125;-7.8125;-7.5;-7.1875;-6.875;-6.5625;-6.25;-5.9375;-5.625;-5.3125;-5;-4.6875;-4.375;-4.0625;-3.75;-3.4375;-3.125;-2.8125;-2.5;-2.1875;-1.875;-1.5625;-1.25;-0.9375;-0.625;-0.3125;0;0.3125;0.625;0.9375;1.25;1.5625;1.875;2.1875;2.5;2.8125;3.125;3.4375;3.75;4.0625;4.375;4.6875;5;5.3125;5.625;5.9375;6.25;6.5625;6.875;7.1875;7.5;7.8125;8.125;8.4375;8.75;9.0625;9.375;9.6875;10","0;0;0;0;0;0;0;0;0;0;0;0;0;0;0;0;0;0;0;0;0;0;0;0;0;0;0;0;0;0;0;4871479;2979801;1177247;416297;215237;104898;69968;25041;4032;0;0;0;0;0;0;0;0;0;0;0;0;0;0;0;0;0;0;0;0;0;0;0;0",9864000
89,5,"LeakyReLULayer( 0.050000 )",pre_activation,"-10;-9.6875;-9.375;-9.0625;-8.75;-8.4375;-8.125;-7.8125;-7.5;-7.1875;-6.875;-6.5625;-6.25;-5.9375;-5.625;-5.3125;-5;-4.6875;-4.375;-4.0625;-3.75;-3.4375;-3.125;-2.8125;-2.5;-2.1875;-1.875;-1.5625;-1.25;-0.9375;-0.625;-0.3125;0;0.3125;0.625;0.9375;1.25;1.5625;1.875;2.1875;2.5;2.8125;3.125;3.4375;3.75;4.0625;4.375;4.6875;5;5.3125;5.625;5.9375;6.25;6.5625;6.875;7.1875;7.5;7.8125;8.125;8.4375;8.75;9.0625;9.375;9.6875;10","0;0;0;0;0;0;0;0;0;0;0;0;0;0;0;0;0;0;0;0;0;0;0;0;0;42;295;1567;5185;15801;23701;26793;36295;40945;14170;6762;2625;909;270;0;0;0;0;0;0;0;0;0;0;0;0;0;0;0;0;0;0;0;0;0;0;0;0;0",175360
89,5,"LeakyReLULayer( 0.050000 )",post_activation,"-10;-9.6875;-9.375;-9.0625;-8.75;-8.4375;-8.125;-7.8125;-7.5;-7.1875;-6.875;-6.5625;-6.25;-5.9375;-5.625;-5.3125;-5;-4.6875;-4.375;-4.0625;-3.75;-3.4375;-3.125;-2.8125;-2.5;-2.1875;-1.875;-1.5625;-1.25;-0.9375;-0.625;-0.3125;0;0.3125;0.625;0.9375;1.25;1.5625;1.875;2.1875;2.5;2.8125;3.125;3.4375;3.75;4.0625;4.375;4.6875;5;5.3125;5.625;5.9375;6.25;6.5625;6.875;7.1875;7.5;7.8125;8.125;8.4375;8.75;9.0625;9.375;9.6875;10","0;0;0;0;0;0;0;0;0;0;0;0;0;0;0;0;0;0;0;0;0;0;0;0;0;0;0;0;0;0;0;73384;36295;40945;14170;6762;2625;909;270;0;0;0;0;0;0;0;0;0;0;0;0;0;0;0;0;0;0;0;0;0;0;0;0;0",175360
89,8,"LeakyReLULayer( 0.050000 )",pre_activation,"-10;-9.6875;-9.375;-9.0625;-8.75;-8.4375;-8.125;-7.8125;-7.5;-7.1875;-6.875;-6.5625;-6.25;-5.9375;-5.625;-5.3125;-5;-4.6875;-4.375;-4.0625;-3.75;-3.4375;-3.125;-2.8125;-2.5;-2.1875;-1.875;-1.5625;-1.25;-0.9375;-0.625;-0.3125;0;0.3125;0.625;0.9375;1.25;1.5625;1.875;2.1875;2.5;2.8125;3.125;3.4375;3.75;4.0625;4.375;4.6875;5;5.3125;5.625;5.9375;6.25;6.5625;6.875;7.1875;7.5;7.8125;8.125;8.4375;8.75;9.0625;9.375;9.6875;10","0;0;0;0;0;0;0;0;0;0;0;0;0;0;0;0;0;0;0;0;0;0;0;0;0;0;0;646;2285;5618;10665;21598;20306;12489;7873;4066;1556;480;98;0;0;0;0;0;0;0;0;0;0;0;0;0;0;0;0;0;0;0;0;0;0;0;0;0",87680
89,8,"LeakyReLULayer( 0.050000 )",post_activation,"-10;-9.6875;-9.375;-9.0625;-8.75;-8.4375;-8.125;-7.8125;-7.5;-7.1875;-6.875;-6.5625;-6.25;-5.9375;-5.625;-5.3125;-5;-4.6875;-4.375;-4.0625;-3.75;-3.4375;-3.125;-2.8125;-2.5;-2.1875;-1.875;-1.5625;-1.25;-0.9375;-0.625;-0.3125;0;0.3125;0.625;0.9375;1.25;1.5625;1.875;2.1875;2.5;2.8125;3.125;3.4375;3.75;4.0625;4.375;4.6875;5;5.3125;5.625;5.9375;6.25;6.5625;6.875;7.1875;7.5;7.8125;8.125;8.4375;8.75;9.0625;9.375;9.6875;10","0;0;0;0;0;0;0;0;0;0;0;0;0;0;0;0;0;0;0;0;0;0;0;0;0;0;0;0;0;0;0;40812;20306;12489;7873;4066;1556;480;98;0;0;0;0;0;0;0;0;0;0;0;0;0;0;0;0;0;0;0;0;0;0;0;0;0",87680
90,1,"LeakyReLULayer( 0.050000 )",pre_activation,"-10;-9.6875;-9.375;-9.0625;-8.75;-8.4375;-8.125;-7.8125;-7.5;-7.1875;-6.875;-6.5625;-6.25;-5.9375;-5.625;-5.3125;-5;-4.6875;-4.375;-4.0625;-3.75;-3.4375;-3.125;-2.8125;-2.5;-2.1875;-1.875;-1.5625;-1.25;-0.9375;-0.625;-0.3125;0;0.3125;0.625;0.9375;1.25;1.5625;1.875;2.1875;2.5;2.8125;3.125;3.4375;3.75;4.0625;4.375;4.6875;5;5.3125;5.625;5.9375;6.25;6.5625;6.875;7.1875;7.5;7.8125;8.125;8.4375;8.75;9.0625;9.375;9.6875;10","0;0;0;0;0;0;0;0;0;0;0;0;0;0;0;0;0;0;0;61;485;1548;3621;7172;13429;30029;62373;110911;204121;421079;1058654;2958125;2980198;1176963;416147;215194;104897;69947;25021;4025;0;0;0;0;0;0;0;0;0;0;0;0;0;0;0;0;0;0;0;0;0;0;0;0",9864000
90,1,"LeakyReLULayer( 0.050000 )",post_activation,"-10;-9.6875;-9.375;-9.0625;-8.75;-8.4375;-8.125;-7.8125;-7.5;-7.1875;-6.875;-6.5625;-6.25;-5.9375;-5.625;-5.3125;-5;-4.6875;-4.375;-4.0625;-3.75;-3.4375;-3.125;-2.8125;-2.5;-2.1875;-1.875;-1.5625;-1.25;-0.9375;-0.625;-0.3125;0;0.3125;0.625;0.9375;1.25;1.5625;1.875;2.1875;2.5;2.8125;3.125;3.4375;3.75;4.0625;4.375;4.6875;5;5.3125;5.625;5.9375;6.25;6.5625;6.875;7.1875;7.5;7.8125;8.125;8.4375;8.75;9.0625;9.375;9.6875;10","0;0;0;0;0;0;0;0;0;0;0;0;0;0;0;0;0;0;0;0;0;0;0;0;0;0;0;0;0;0;0;4871608;2980198;1176963;416147;215194;104897;69947;25021;4025;0;0;0;0;0;0;0;0;0;0;0;0;0;0;0;0;0;0;0;0;0;0;0;0",9864000
90,5,"LeakyReLULayer( 0.050000 )",pre_activation,"-10;-9.6875;-9.375;-9.0625;-8.75;-8.4375;-8.125;-7.8125;-7.5;-7.1875;-6.875;-6.5625;-6.25;-5.9375;-5.625;-5.3125;-5;-4.6875;-4.375;-4.0625;-3.75;-3.4375;-3.125;-2.8125;-2.5;-2.1875;-1.875;-1.5625;-1.25;-0.9375;-0.625;-0.3125;0;0.3125;0.625;0.9375;1.25;1.5625;1.875;2.1875;2.5;2.8125;3.125;3.4375;3.75;4.0625;4.375;4.6875;5;5.3125;5.625;5.9375;6.25;6.5625;6.875;7.1875;7.5;7.8125;8.125;8.4375;8.75;9.0625;9.375;9.6875;10","0;0;0;0;0;0;0;0;0;0;0;0;0;0;0;0;0;0;0;0;0;0;0;0;0;39;296;1569;5181;15801;23713;26901;36183;41023;14100;6772;2615;894;273;0;0;0;0;0;0;0;0;0;0;0;0;0;0;0;0;0;0;0;0;0;0;0;0;0",175360
90,5,"LeakyReLULayer( 0.050000 )",post_activation,"-10;-9.6875;-9.375;-9.0625;-8.75;-8.4375;-8.125;-7.8125;-7.5;-7.1875;-6.875;-6.5625;-6.25;-5.9375;-5.625;-5.3125;-5;-4.6875;-4.375;-4.0625;-3.75;-3.4375;-3.125;-2.8125;-2.5;-2.1875;-1.875;-1.5625;-1.25;-0.9375;-0.625;-0.3125;0;0.3125;0.625;0.9375;1.25;1.5625;1.875;2.1875;2.5;2.8125;3.125;3.4375;3.75;4.0625;4.375;4.6875;5;5.3125;5.625;5.9375;6.25;6.5625;6.875;7.1875;7.5;7.8125;8.125;8.4375;8.75;9.0625;9.375;9.6875;10","0;0;0;0;0;0;0;0;0;0;0;0;0;0;0;0;0;0;0;0;0;0;0;0;0;0;0;0;0;0;0;73500;36183;41023;14100;6772;2615;894;273;0;0;0;0;0;0;0;0;0;0;0;0;0;0;0;0;0;0;0;0;0;0;0;0;0",175360
90,8,"LeakyReLULayer( 0.050000 )",pre_activation,"-10;-9.6875;-9.375;-9.0625;-8.75;-8.4375;-8.125;-7.8125;-7.5;-7.1875;-6.875;-6.5625;-6.25;-5.9375;-5.625;-5.3125;-5;-4.6875;-4.375;-4.0625;-3.75;-3.4375;-3.125;-2.8125;-2.5;-2.1875;-1.875;-1.5625;-1.25;-0.9375;-0.625;-0.3125;0;0.3125;0.625;0.9375;1.25;1.5625;1.875;2.1875;2.5;2.8125;3.125;3.4375;3.75;4.0625;4.375;4.6875;5;5.3125;5.625;5.9375;6.25;6.5625;6.875;7.1875;7.5;7.8125;8.125;8.4375;8.75;9.0625;9.375;9.6875;10","0;0;0;0;0;0;0;0;0;0;0;0;0;0;0;0;0;0;0;0;0;0;0;0;0;0;0;636;2285;5551;10786;21600;20263;12526;7850;4063;1548;482;90;0;0;0;0;0;0;0;0;0;0;0;0;0;0;0;0;0;0;0;0;0;0;0;0;0",87680
90,8,"LeakyReLULayer( 0.050000 )",post_activation,"-10;-9.6875;-9.375;-9.0625;-8.75;-8.4375;-8.125;-7.8125;-7.5;-7.1875;-6.875;-6.5625;-6.25;-5.9375;-5.625;-5.3125;-5;-4.6875;-4.375;-4.0625;-3.75;-3.4375;-3.125;-2.8125;-2.5;-2.1875;-1.875;-1.5625;-1.25;-0.9375;-0.625;-0.3125;0;0.3125;0.625;0.9375;1.25;1.5625;1.875;2.1875;2.5;2.8125;3.125;3.4375;3.75;4.0625;4.375;4.6875;5;5.3125;5.625;5.9375;6.25;6.5625;6.875;7.1875;7.5;7.8125;8.125;8.4375;8.75;9.0625;9.375;9.6875;10","0;0;0;0;0;0;0;0;0;0;0;0;0;0;0;0;0;0;0;0;0;0;0;0;0;0;0;0;0;0;0;40858;20263;12526;7850;4063;1548;482;90;0;0;0;0;0;0;0;0;0;0;0;0;0;0;0;0;0;0;0;0;0;0;0;0;0",87680
91,1,"LeakyReLULayer( 0.050000 )",pre_activation,"-10;-9.6875;-9.375;-9.0625;-8.75;-8.4375;-8.125;-7.8125;-7.5;-7.1875;-6.875;-6.5625;-6.25;-5.9375;-5.625;-5.3125;-5;-4.6875;-4.375;-4.0625;-3.75;-3.4375;-3.125;-2.8125;-2.5;-2.1875;-1.875;-1.5625;-1.25;-0.9375;-0.625;-0.3125;0;0.3125;0.625;0.9375;1.25;1.5625;1.875;2.1875;2.5;2.8125;3.125;3.4375;3.75;4.0625;4.375;4.6875;5;5.3125;5.625;5.9375;6.25;6.5625;6.875;7.1875;7.5;7.8125;8.125;8.4375;8.75;9.0625;9.375;9.6875;10","0;0;0;0;0;0;0;0;0;0;0;0;0;0;0;0;0;0;0;61;485;1549;3627;7165;13435;30035;62376;110898;204104;421087;1058556;2958273;2980308;1176790;416170;215188;104887;69960;25018;4028;0;0;0;0;0;0;0;0;0;0;0;0;0;0;0;0;0;0;0;0;0;0;0;0",9864000
91,1,"LeakyReLULayer( 0.050000 )",post_activation,"-10;-9.6875;-9.375;-9.0625;-8.75;-8.4375;-8.125;-7.8125;-7.5;-7.1875;-6.875;-6.5625;-6.25;-5.9375;-5.625;-5.3125;-5;-4.6875;-4.375;-4.0625;-3.75;-3.4375;-3.125;-2.8125;-2.5;-2.1875;-1.875;-1.5625;-1.25;-0.9375;-0.625;-0.3125;0;0.3125;0.625;0.9375;1.25;1.5625;1.875;2.1875;2.5;2.8125;3.125;3.4375;3.75;4.0625;4.375;4.6875;5;5.3125;5.625;5.9375;6.25;6.5625;6.875;7.1875;7.5;7.8125;8.125;8.4375;8.75;9.0625;9.375;9.6875;10","0;0;0;0;0;0;0;0;0;0;0;0;0;0;0;0;0;0;0;0;0;0;0;0;0;0;0;0;0;0;0;4871651;2980308;1176790;416170;215188;104887;69960;25018;4028;0;0;0;0;0;0;0;0;0;0;0;0;0;0;0;0;0;0;0;0;0;0;0;0",9864000
91,5,"LeakyReLULayer( 0.050000 )",pre_activation,"-10;-9.6875;-9.375;-9.0625;-8.75;-8.4375;-8.125;-7.8125;-7.5;-7.1875;-6.875;-6.5625;-6.25;-5.9375;-5.625;-5.3125;-5;-4.6875;-4.375;-4.0625;-3.75;-3.4375;-3.125;-2.8125;-2.5;-2.1875;-1.875;-1.5625;-1.25;-0.9375;-0.625;-0.3125;0;0.3125;0.625;0.9375;1.25;1.5625;1.875;2.1875;2.5;2.8125;3.125;3.4375;3.75;4.0625;4.375;4.6875;5;5.3125;5.625;5.9375;6.25;6.5625;6.875;7.1875;7.5;7.8125;8.125;8.4375;8.75;9.0625;9.375;9.6875;10","0;0;0;0;0;0;0;0;0;0;0;0;0;0;0;0;0;0;0;0;0;0;0;0;0;40;291;1553;5259;15762;23570;26991;36136;40966;14209;6779;2620;907;277;0;0;0;0;0;0;0;0;0;0;0;0;0;0;0;0;0;0;0;0;0;0;0;0;0",175360
91,5,"LeakyReLULayer( 0.050000 )",post_activation,"-10;-9.6875;-9.375;-9.0625;-8.75;-8.4375;-8.125;-7.8125;-7.5;-7.1875;-6.875;-6.5625;-6.25;-5.9375;-5.625;-5.3125;-5;-4.6875;-4.375;-4.0625;-3.75;-3.4375;-3.125;-2.8125;-2.5;-2.1875;-1.875;-1.5625;-1.25;-0.9375;-0.625;-0.3125;0;0.3125;0.625;0.9375;1.25;1.5625;1.875;2.1875;2.5;2.8125;3.125;3.4375;3.75;4.0625;4.375;4.6875;5;5.3125;5.625;5.9375;6.25;6.5625;6.875;7.1875;7.5;7.8125;8.125;8.4375;8.75;9.0625;9.375;9.6875;10","0;0;0;0;0;0;0;0;0;0;0;0;0;0;0;0;0;0;0;0;0;0;0;0;0;0;0;0;0;0;0;73466;36136;40966;14209;6779;2620;907;277;0;0;0;0;0;0;0;0;0;0;0;0;0;0;0;0;0;0;0;0;0;0;0;0;0",175360
91,8,"LeakyReLULayer( 0.050000 )",pre_activation,"-10;-9.6875;-9.375;-9.0625;-8.75;-8.4375;-8.125;-7.8125;-7.5;-7.1875;-6.875;-6.5625;-6.25;-5.9375;-5.625;-5.3125;-5;-4.6875;-4.375;-4.0625;-3.75;-3.4375;-3.125;-2.8125;-2.5;-2.1875;-1.875;-1.5625;-1.25;-0.9375;-0.625;-0.3125;0;0.3125;0.625;0.9375;1.25;1.5625;1.875;2.1875;2.5;2.8125;3.125;3.4375;3.75;4.0625;4.375;4.6875;5;5.3125;5.625;5.9375;6.25;6.5625;6.875;7.1875;7.5;7.8125;8.125;8.4375;8.75;9.0625;9.375;9.6875;10","0;0;0;0;0;0;0;0;0;0;0;0;0;0;0;0;0;0;0;0;0;0;0;0;0;0;0;642;2303;5571;10734;21691;20193;12404;7906;4102;1556;481;97;0;0;0;0;0;0;0;0;0;0;0;0;0;0;0;0;0;0;0;0;0;0;0;0;0",87680
91,8,"LeakyReLULayer( 0.050000 )",post_activation,"-10;-9.6875;-9.375;-9.0625;-8.75;-8.4375;-8.125;-7.8125;-7.5;-7.1875;-6.875;-6.5625;-6.25;-5.9375;-5.625;-5.3125;-5;-4.6875;-4.375;-4.0625;-3.75;-3.4375;-3.125;-2.8125;-2.5;-2.1875;-1.875;-1.5625;-1.25;-0.9375;-0.625;-0.3125;0;0.3125;0.625;0.9375;1.25;1.5625;1.875;2.1875;2.5;2.8125;3.125;3.4375;3.75;4.0625;4.375;4.6875;5;5.3125;5.625;5.9375;6.25;6.5625;6.875;7.1875;7.5;7.8125;8.125;8.4375;8.75;9.0625;9.375;9.6875;10","0;0;0;0;0;0;0;0;0;0;0;0;0;0;0;0;0;0;0;0;0;0;0;0;0;0;0;0;0;0;0;40941;20193;12404;7906;4102;1556;481;97;0;0;0;0;0;0;0;0;0;0;0;0;0;0;0;0;0;0;0;0;0;0;0;0;0",87680
92,1,"LeakyReLULayer( 0.050000 )",pre_activation,"-10;-9.6875;-9.375;-9.0625;-8.75;-8.4375;-8.125;-7.8125;-7.5;-7.1875;-6.875;-6.5625;-6.25;-5.9375;-5.625;-5.3125;-5;-4.6875;-4.375;-4.0625;-3.75;-3.4375;-3.125;-2.8125;-2.5;-2.1875;-1.875;-1.5625;-1.25;-0.9375;-0.625;-0.3125;0;0.3125;0.625;0.9375;1.25;1.5625;1.875;2.1875;2.5;2.8125;3.125;3.4375;3.75;4.0625;4.375;4.6875;5;5.3125;5.625;5.9375;6.25;6.5625;6.875;7.1875;7.5;7.8125;8.125;8.4375;8.75;9.0625;9.375;9.6875;10","0;0;0;0;0;0;0;0;0;0;0;0;0;0;0;0;0;0;0;61;485;1549;3624;7172;13439;30016;62368;110905;204058;421000;1058329;2958701;2980737;1176411;416126;215146;104886;69946;25017;4024;0;0;0;0;0;0;0;0;0;0;0;0;0;0;0;0;0;0;0;0;0;0;0;0",9864000
92,1,"LeakyReLULayer( 0.050000 )",post_activation,"-10;-9.6875;-9.375;-9.0625;-8.75;-8.4375;-8.125;-7.8125;-7.5;-7.1875;-6.875;-6.5625;-6.25;-5.9375;-5.625;-5.3125;-5;-4.6875;-4.375;-4.0625;-3.75;-3.4375;-3.125;-2.8125;-2.5;-2.1875;-1.875;-1.5625;-1.25;-0.9375;-0.625;-0.3125;0;0.3125;0.625;0.9375;1.25;1.5625;1.875;2.1875;2.5;2.8125;3.125;3.4375;3.75;4.0625;4.375;4.6875;5;5.3125;5.625;5.9375;6.25;6.5625;6.875;7.1875;7.5;7.8125;8.125;8.4375;8.75;9.0625;9.375;9.6875;10","0;0;0;0;0;0;0;0;0;0;0;0;0;0;0;0;0;0;0;0;0;0;0;0;0;0;0;0;0;0;0;4871707;2980737;1176411;416126;215146;104886;69946;25017;4024;0;0;0;0;0;0;0;0;0;0;0;0;0;0;0;0;0;0;0;0;0;0;0;0",9864000
92,5,"LeakyReLULayer( 0.050000 )",pre_activation,"-10;-9.6875;-9.375;-9.0625;-8.75;-8.4375;-8.125;-7.8125;-7.5;-7.1875;-6.875;-6.5625;-6.25;-5.9375;-5.625;-5.3125;-5;-4.6875;-4.375;-4.0625;-3.75;-3.4375;-3.125;-2.8125;-2.5;-2.1875;-1.875;-1.5625;-1.25;-0.9375;-0.625;-0.3125;0;0.3125;0.625;0.9375;1.25;1.5625;1.875;2.1875;2.5;2.8125;3.125;3.4375;3.75;4.0625;4.375;4.6875;5;5.3125;5.625;5.9375;6.25;6.5625;6.875;7.1875;7.5;7.8125;8.125;8.4375;8.75;9.0625;9.375;9.6875;10","0;0;0;0;0;0;0;0;0;0;0;0;0;0;0;0;0;0;0;0;0;0;0;0;0;42;298;1554;5238;15813;23516;26964;36168;40935;14241;6788;2620;907;276;0;0;0;0;0;0;0;0;0;0;0;0;0;0;0;0;0;0;0;0;0;0;0;0;0",175360
92,5,"LeakyReLULayer( 0.050000 )",post_activation,"-10;-9.6875;-9.375;-9.0625;-8.75;-8.4375;-8.125;-7.8125;-7.5;-7.1875;-6.875;-6.5625;-6.25;-5.9375;-5.625;-5.3125;-5;-4.6875;-4.375;-4.0625;-3.75;-3.4375;-3.125;-2.8125;-2.5;-2.1875;-1.875;-1.5625;-1.25;-0.9375;-0.625;-0.3125;0;0.3125;0.625;0.9375;1.25;1.5625;1.875;2.1875;2.5;2.8125;3.125;3.4375;3.75;4.0625;4.375;4.6875;5;5.3125;5.625;5.9375;6.25;6.5625;6.875;7.1875;7.5;7.8125;8.125;8.4375;8.75;9.0625;9.375;9.6875;10","0;0;0;0;0;0;0;0;0;0;0;0;0;0;0;0;0;0;0;0;0;0;0;0;0;0;0;0;0;0;0;73425;36168;40935;14241;6788;2620;907;276;0;0;0;0;0;0;0;0;0;0;0;0;0;0;0;0;0;0;0;0;0;0;0;0;0",175360
92,8,"LeakyReLULayer( 0.050000 )",pre_activation,"-10;-9.6875;-9.375;-9.0625;-8.75;-8.4375;-8.125;-7.8125;-7.5;-7.1875;-6.875;-6.5625;-6.25;-5.9375;-5.625;-5.3125;-5;-4.6875;-4.375;-4.0625;-3.75;-3.4375;-3.125;-2.8125;-2.5;-2.1875;-1.875;-1.5625;-1.25;-0.9375;-0.625;-0.3125;0;0.3125;0.625;0.9375;1.25;1.5625;1.875;2.1875;2.5;2.8125;3.125;3.4375;3.75;4.0625;4.375;4.6875;5;5.3125;5.625;5.9375;6.25;6.5625;6.875;7.1875;7.5;7.8125;8.125;8.4375;8.75;9.0625;9.375;9.6875;10","0;0;0;0;0;0;0;0;0;0;0;0;0;0;0;0;0;0;0;0;0;0;0;0;0;0;0;644;2299;5570;10704;21627;20272;12481;7866;4085;1547;489;96;0;0;0;0;0;0;0;0;0;0;0;0;0;0;0;0;0;0;0;0;0;0;0;0;0",87680
92,8,"LeakyReLULayer( 0.050000 )",post_activation,"-10;-9.6875;-9.375;-9.0625;-8.75;-8.4375;-8.125;-7.8125;-7.5;-7.1875;-6.875;-6.5625;-6.25;-5.9375;-5.625;-5.3125;-5;-4.6875;-4.375;-4.0625;-3.75;-3.4375;-3.125;-2.8125;-2.5;-2.1875;-1.875;-1.5625;-1.25;-0.9375;-0.625;-0.3125;0;0.3125;0.625;0.9375;1.25;1.5625;1.875;2.1875;2.5;2.8125;3.125;3.4375;3.75;4.0625;4.375;4.6875;5;5.3125;5.625;5.9375;6.25;6.5625;6.875;7.1875;7.5;7.8125;8.125;8.4375;8.75;9.0625;9.375;9.6875;10","0;0;0;0;0;0;0;0;0;0;0;0;0;0;0;0;0;0;0;0;0;0;0;0;0;0;0;0;0;0;0;40844;20272;12481;7866;4085;1547;489;96;0;0;0;0;0;0;0;0;0;0;0;0;0;0;0;0;0;0;0;0;0;0;0;0;0",87680
93,1,"LeakyReLULayer( 0.050000 )",pre_activation,"-10;-9.6875;-9.375;-9.0625;-8.75;-8.4375;-8.125;-7.8125;-7.5;-7.1875;-6.875;-6.5625;-6.25;-5.9375;-5.625;-5.3125;-5;-4.6875;-4.375;-4.0625;-3.75;-3.4375;-3.125;-2.8125;-2.5;-2.1875;-1.875;-1.5625;-1.25;-0.9375;-0.625;-0.3125;0;0.3125;0.625;0.9375;1.25;1.5625;1.875;2.1875;2.5;2.8125;3.125;3.4375;3.75;4.0625;4.375;4.6875;5;5.3125;5.625;5.9375;6.25;6.5625;6.875;7.1875;7.5;7.8125;8.125;8.4375;8.75;9.0625;9.375;9.6875;10","0;0;0;0;0;0;0;0;0;0;0;0;0;0;0;0;0;0;0;61;485;1547;3618;7168;13428;30028;62338;110877;204084;420891;1058355;2958918;2980804;1176297;416157;215121;104864;69942;24998;4019;0;0;0;0;0;0;0;0;0;0;0;0;0;0;0;0;0;0;0;0;0;0;0;0",9864000
93,1,"LeakyReLULayer( 0.050000 )",post_activation,"-10;-9.6875;-9.375;-9.0625;-8.75;-8.4375;-8.125;-7.8125;-7.5;-7.1875;-6.875;-6.5625;-6.25;-5.9375;-5.625;-5.3125;-5;-4.6875;-4.375;-4.0625;-3.75;-3.4375;-3.125;-2.8125;-2.5;-2.1875;-1.875;-1.5625;-1.25;-0.9375;-0.625;-0.3125;0;0.3125;0.625;0.9375;1.25;1.5625;1.875;2.1875;2.5;2.8125;3.125;3.4375;3.75;4.0625;4.375;4.6875;5;5.3125;5.625;5.9375;6.25;6.5625;6.875;7.1875;7.5;7.8125;8.125;8.4375;8.75;9.0625;9.375;9.6875;10","0;0;0;0;0;0;0;0;0;0;0;0;0;0;0;0;0;0;0;0;0;0;0;0;0;0;0;0;0;0;0;4871798;2980804;1176297;416157;215121;104864;69942;24998;4019;0;0;0;0;0;0;0;0;0;0;0;0;0;0;0;0;0;0;0;0;0;0;0;0",9864000
93,5,"LeakyReLULayer( 0.050000 )",pre_activation,"-10;-9.6875;-9.375;-9.0625;-8.75;-8.4375;-8.125;-7.8125;-7.5;-7.1875;-6.875;-6.5625;-6.25;-5.9375;-5.625;-5.3125;-5;-4.6875;-4.375;-4.0625;-3.75;-3.4375;-3.125;-2.8125;-2.5;-2.1875;-1.875;-1.5625;-1.25;-0.9375;-0.625;-0.3125;0;0.3125;0.625;0.9375;1.25;1.5625;1.875;2.1875;2.5;2.8125;3.125;3.4375;3.75;4.0625;4.375;4.6875;5;5.3125;5.625;5.9375;6.25;6.5625;6.875;7.1875;7.5;7.8125;8.125;8.4375;8.75;9.0625;9.375;9.6875;10","0;0;0;0;0;0;0;0;0;0;0;0;0;0;0;0;0;0;0;0;0;0;0;0;0;42;279;1528;5213;15759;23559;27018;36180;40881;14294;6803;2641;888;275;0;0;0;0;0;0;0;0;0;0;0;0;0;0;0;0;0;0;0;0;0;0;0;0;0",175360
93,5,"LeakyReLULayer( 0.050000 )",post_activation,"-10;-9.6875;-9.375;-9.0625;-8.75;-8.4375;-8.125;-7.8125;-7.5;-7.1875;-6.875;-6.5625;-6.25;-5.9375;-5.625;-5.3125;-5;-4.6875;-4.375;-4.0625;-3.75;-3.4375;-3.125;-2.8125;-2.5;-2.1875;-1.875;-1.5625;-1.25;-0.9375;-0.625;-0.3125;0;0.3125;0.625;0.9375;1.25;1.5625;1.875;2.1875;2.5;2.8125;3.125;3.4375;3.75;4.0625;4.375;4.6875;5;5.3125;5.625;5.9375;6.25;6.5625;6.875;7.1875;7.5;7.8125;8.125;8.4375;8.75;9.0625;9.375;9.6875;10","0;0;0;0;0;0;0;0;0;0;0;0;0;0;0;0;0;0;0;0;0;0;0;0;0;0;0;0;0;0;0;73398;36180;40881;14294;6803;2641;888;275;0;0;0;0;0;0;0;0;0;0;0;0;0;0;0;0;0;0;0;0;0;0;0;0;0",175360
93,8,"LeakyReLULayer( 0.050000 )",pre_activation,"-10;-9.6875;-9.375;-9.0625;-8.75;-8.4375;-8.125;-7.8125;-7.5;-7.1875;-6.875;-6.5625;-6.25;-5.9375;-5.625;-5.3125;-5;-4.6875;-4.375;-4.0625;-3.75;-3.4375;-3.125;-2.8125;-2.5;-2.1875;-1.875;-1.5625;-1.25;-0.9375;-0.625;-0.3125;0;0.3125;0.625;0.9375;1.25;1.5625;1.875;2.1875;2.5;2.8125;3.125;3.4375;3.75;4.0625;4.375;4.6875;5;5.3125;5.625;5.9375;6.25;6.5625;6.875;7.1875;7.5;7.8125;8.125;8.4375;8.75;9.0625;9.375;9.6875;10","0;0;0;0;0;0;0;0;0;0;0;0;0;0;0;0;0;0;0;0;0;0;0;0;0;0;0;657;2299;5524;10664;21780;20178;12497;7886;4066;1551;487;91;0;0;0;0;0;0;0;0;0;0;0;0;0;0;0;0;0;0;0;0;0;0;0;0;0",87680
93,8,"LeakyReLULayer( 0.050000 )",post_activation,"-10;-9.6875;-9.375;-9.0625;-8.75;-8.4375;-8.125;-7.8125;-7.5;-7.1875;-6.875;-6.5625;-6.25;-5.9375;-5.625;-5.3125;-5;-4.6875;-4.375;-4.0625;-3.75;-3.4375;-3.125;-2.8125;-2.5;-2.1875;-1.875;-1.5625;-1.25;-0.9375;-0.625;-0.3125;0;0.3125;0.625;0.9375;1.25;1.5625;1.875;2.1875;2.5;2.8125;3.125;3.4375;3.75;4.0625;4.375;4.6875;5;5.3125;5.625;5.9375;6.25;6.5625;6.875;7.1875;7.5;7.8125;8.125;8.4375;8.75;9.0625;9.375;9.6875;10","0;0;0;0;0;0;0;0;0;0;0;0;0;0;0;0;0;0;0;0;0;0;0;0;0;0;0;0;0;0;0;40924;20178;12497;7886;4066;1551;487;91;0;0;0;0;0;0;0;0;0;0;0;0;0;0;0;0;0;0;0;0;0;0;0;0;0",87680
94,1,"LeakyReLULayer( 0.050000 )",pre_activation,"-10;-9.6875;-9.375;-9.0625;-8.75;-8.4375;-8.125;-7.8125;-7.5;-7.1875;-6.875;-6.5625;-6.25;-5.9375;-5.625;-5.3125;-5;-4.6875;-4.375;-4.0625;-3.75;-3.4375;-3.125;-2.8125;-2.5;-2.1875;-1.875;-1.5625;-1.25;-0.9375;-0.625;-0.3125;0;0.3125;0.625;0.9375;1.25;1.5625;1.875;2.1875;2.5;2.8125;3.125;3.4375;3.75;4.0625;4.375;4.6875;5;5.3125;5.625;5.9375;6.25;6.5625;6.875;7.1875;7.5;7.8125;8.125;8.4375;8.75;9.0625;9.375;9.6875;10","0;0;0;0;0;0;0;0;0;0;0;0;0;0;0;0;0;0;0;61;483;1548;3620;7165;13425;30024;62332;110875;204077;420859;1058257;2959148;2980915;1176213;416052;215146;104863;69935;24985;4017;0;0;0;0;0;0;0;0;0;0;0;0;0;0;0;0;0;0;0;0;0;0;0;0",9864000
94,1,"LeakyReLULayer( 0.050000 )",post_activation,"-10;-9.6875;-9.375;-9.0625;-8.75;-8.4375;-8.125;-7.8125;-7.5;-7.1875;-6.875;-6.5625;-6.25;-5.9375;-5.625;-5.3125;-5;-4.6875;-4.375;-4.0625;-3.75;-3.4375;-3.125;-2.8125;-2.5;-2.1875;-1.875;-1.5625;-1.25;-0.9375;-0.625;-0.3125;0;0.3125;0.625;0.9375;1.25;1.5625;1.875;2.1875;2.5;2.8125;3.125;3.4375;3.75;4.0625;4.375;4.6875;5;5.3125;5.625;5.9375;6.25;6.5625;6.875;7.1875;7.5;7.8125;8.125;8.4375;8.75;9.0625;9.375;9.6875;10","0;0;0;0;0;0;0;0;0;0;0;0;0;0;0;0;0;0;0;0;0;0;0;0;0;0;0;0;0;0;0;4871874;2980915;1176213;416052;215146;104863;69935;24985;4017;0;0;0;0;0;0;0;0;0;0;0;0;0;0;0;0;0;0;0;0;0;0;0;0",9864000
94,5,"LeakyReLULayer( 0.050000 )",pre_activation,"-10;-9.6875;-9.375;-9.0625;-8.75;-8.4375;-8.125;-7.8125;-7.5;-7.1875;-6.875;-6.5625;-6.25;-5.9375;-5.625;-5.3125;-5;-4.6875;-4.375;-4.0625;-3.75;-3.4375;-3.125;-2.8125;-2.5;-2.1875;-1.875;-1.5625;-1.25;-0.9375;-0.625;-0.3125;0;0.3125;0.625;0.9375;1.25;1.5625;1.875;2.1875;2.5;2.8125;3.125;3.4375;3.75;4.0625;4.375;4.6875;5;5.3125;5.625;5.9375;6.25;6.5625;6.875;7.1875;7.5;7.8125;8.125;8.4375;8.75;9.0625;9.375;9.6875;10","0;0;0;0;0;0;0;0;0;0;0;0;0;0;0;0;0;0;0;0;0;0;0;0;0;41;280;1531;5299;15767;23554;26885;36265;40934;14204;6799;2624;903;274;0;0;0;0;0;0;0;0;0;0;0;0;0;0;0;0;0;0;0;0;0;0;0;0;0",175360
94,5,"LeakyReLULayer( 0.050000 )",post_activation,"-10;-9.6875;-9.375;-9.0625;-8.75;-8.4375;-8.125;-7.8125;-7.5;-7.1875;-6.875;-6.5625;-6.25;-5.9375;-5.625;-5.3125;-5;-4.6875;-4.375;-4.0625;-3.75;-3.4375;-3.125;-2.8125;-2.5;-2.1875;-1.875;-1.5625;-1.25;-0.9375;-0.625;-0.3125;0;0.3125;0.625;0.9375;1.25;1.5625;1.875;2.1875;2.5;2.8125;3.125;3.4375;3.75;4.0625;4.375;4.6875;5;5.3125;5.625;5.9375;6.25;6.5625;6.875;7.1875;7.5;7.8125;8.125;8.4375;8.75;9.0625;9.375;9.6875;10","0;0;0;0;0;0;0;0;0;0;0;0;0;0;0;0;0;0;0;0;0;0;0;0;0;0;0;0;0;0;0;73357;36265;40934;14204;6799;2624;903;274;0;0;0;0;0;0;0;0;0;0;0;0;0;0;0;0;0;0;0;0;0;0;0;0;0",175360
94,8,"LeakyReLULayer( 0.050000 )",pre_activation,"-10;-9.6875;-9.375;-9.0625;-8.75;-8.4375;-8.125;-7.8125;-7.5;-7.1875;-6.875;-6.5625;-6.25;-5.9375;-5.625;-5.3125;-5;-4.6875;-4.375;-4.0625;-3.75;-3.4375;-3.125;-2.8125;-2.5;-2.1875;-1.875;-1.5625;-1.25;-0.9375;-0.625;-0.3125;0;0.3125;0.625;0.9375;1.25;1.5625;1.875;2.1875;2.5;2.8125;3.125;3.4375;3.75;4.0625;4.375;4.6875;5;5.3125;5.625;5.9375;6.25;6.5625;6.875;7.1875;7.5;7.8125;8.125;8.4375;8.75;9.0625;9.375;9.6875;10","0;0;0;0;0;0;0;0;0;0;0;0;0;0;0;0;0;0;0;0;0;0;0;0;0;0;0;666;2269;5559;10641;21758;20303;12482;7788;4073;1561;480;100;0;0;0;0;0;0;0;0;0;0;0;0;0;0;0;0;0;0;0;0;0;0;0;0;0",87680
94,8,"LeakyReLULayer( 0.050000 )",post_activation,"-10;-9.6875;-9.375;-9.0625;-8.75;-8.4375;-8.125;-7.8125;-7.5;-7.1875;-6.875;-6.5625;-6.25;-5.9375;-5.625;-5.3125;-5;-4.6875;-4.375;-4.0625;-3.75;-3.4375;-3.125;-2.8125;-2.5;-2.1875;-1.875;-1.5625;-1.25;-0.9375;-0.625;-0.3125;0;0.3125;0.625;0.9375;1.25;1.5625;1.875;2.1875;2.5;2.8125;3.125;3.4375;3.75;4.0625;4.375;4.6875;5;5.3125;5.625;5.9375;6.25;6.5625;6.875;7.1875;7.5;7.8125;8.125;8.4375;8.75;9.0625;9.375;9.6875;10","0;0;0;0;0;0;0;0;0;0;0;0;0;0;0;0;0;0;0;0;0;0;0;0;0;0;0;0;0;0;0;40893;20303;12482;7788;4073;1561;480;100;0;0;0;0;0;0;0;0;0;0;0;0;0;0;0;0;0;0;0;0;0;0;0;0;0",87680
95,1,"LeakyReLULayer( 0.050000 )",pre_activation,"-10;-9.6875;-9.375;-9.0625;-8.75;-8.4375;-8.125;-7.8125;-7.5;-7.1875;-6.875;-6.5625;-6.25;-5.9375;-5.625;-5.3125;-5;-4.6875;-4.375;-4.0625;-3.75;-3.4375;-3.125;-2.8125;-2.5;-2.1875;-1.875;-1.5625;-1.25;-0.9375;-0.625;-0.3125;0;0.3125;0.625;0.9375;1.25;1.5625;1.875;2.1875;2.5;2.8125;3.125;3.4375;3.75;4.0625;4.375;4.6875;5;5.3125;5.625;5.9375;6.25;6.5625;6.875;7.1875;7.5;7.8125;8.125;8.4375;8.75;9.0625;9.375;9.6875;10","0;0;0;0;0;0;0;0;0;0;0;0;0;0;0;0;0;0;0;61;482;1550;3617;7161;13419;30024;62329;110854;204030;420706;1058204;2959465;2981240;1176007;416002;215072;104853;69940;24978;4006;0;0;0;0;0;0;0;0;0;0;0;0;0;0;0;0;0;0;0;0;0;0;0;0",9864000
95,1,"LeakyReLULayer( 0.050000 )",post_activation,"-10;-9.6875;-9.375;-9.0625;-8.75;-8.4375;-8.125;-7.8125;-7.5;-7.1875;-6.875;-6.5625;-6.25;-5.9375;-5.625;-5.3125;-5;-4.6875;-4.375;-4.0625;-3.75;-3.4375;-3.125;-2.8125;-2.5;-2.1875;-1.875;-1.5625;-1.25;-0.9375;-0.625;-0.3125;0;0.3125;0.625;0.9375;1.25;1.5625;1.875;2.1875;2.5;2.8125;3.125;3.4375;3.75;4.0625;4.375;4.6875;5;5.3125;5.625;5.9375;6.25;6.5625;6.875;7.1875;7.5;7.8125;8.125;8.4375;8.75;9.0625;9.375;9.6875;10","0;0;0;0;0;0;0;0;0;0;0;0;0;0;0;0;0;0;0;0;0;0;0;0;0;0;0;0;0;0;0;4871902;2981240;1176007;416002;215072;104853;69940;24978;4006;0;0;0;0;0;0;0;0;0;0;0;0;0;0;0;0;0;0;0;0;0;0;0;0",9864000
95,5,"LeakyReLULayer( 0.050000 )",pre_activation,"-10;-9.6875;-9.375;-9.0625;-8.75;-8.4375;-8.125;-7.8125;-7.5;-7.1875;-6.875;-6.5625;-6.25;-5.9375;-5.625;-5.3125;-5;-4.6875;-4.375;-4.0625;-3.75;-3.4375;-3.125;-2.8125;-2.5;-2.1875;-1.875;-1.5625;-1.25;-0.9375;-0.625;-0.3125;0;0.3125;0.625;0.9375;1.25;1.5625;1.875;2.1875;2.5;2.8125;3.125;3.4375;3.75;4.0625;4.375;4.6875;5;5.3125;5.625;5.9375;6.25;6.5625;6.875;7.1875;7.5;7.8125;8.125;8.4375;8.75;9.0625;9.375;9.6875;10","0;0;0;0;0;0;0;0;0;0;0;0;0;0;0;0;0;0;0;0;0;0;0;0;0;39;296;1547;5271;15838;23567;26972;35873;41079;14280;6809;2609;907;273;0;0;0;0;0;0;0;0;0;0;0;0;0;0;0;0;0;0;0;0;0;0;0;0;0",175360
95,5,"LeakyReLULayer( 0.050000 )",post_activation,"-10;-9.6875;-9.375;-9.0625;-8.75;-8.4375;-8.125;-7.8125;-7.5;-7.1875;-6.875;-6.5625;-6.25;-5.9375;-5.625;-5.3125;-5;-4.6875;-4.375;-4.0625;-3.75;-3.4375;-3.125;-2.8125;-2.5;-2.1875;-1.875;-1.5625;-1.25;-0.9375;-0.625;-0.3125;0;0.3125;0.625;0.9375;1.25;1.5625;1.875;2.1875;2.5;2.8125;3.125;3.4375;3.75;4.0625;4.375;4.6875;5;5.3125;5.625;5.9375;6.25;6.5625;6.875;7.1875;7.5;7.8125;8.125;8.4375;8.75;9.0625;9.375;9.6875;10","0;0;0;0;0;0;0;0;0;0;0;0;0;0;0;0;0;0;0;0;0;0;0;0;0;0;0;0;0;0;0;73530;35873;41079;14280;6809;2609;907;273;0;0;0;0;0;0;0;0;0;0;0;0;0;0;0;0;0;0;0;0;0;0;0;0;0",175360
95,8,"LeakyReLULayer( 0.050000 )",pre_activation,"-10;-9.6875;-9.375;-9.0625;-8.75;-8.4375;-8.125;-7.8125;-7.5;-7.1875;-6.875;-6.5625;-6.25;-5.9375;-5.625;-5.3125;-5;-4.6875;-4.375;-4.0625;-3.75;-3.4375;-3.125;-2.8125;-2.5;-2.1875;-1.875;-1.5625;-1.25;-0.9375;-0.625;-0.3125;0;0.3125;0.625;0.9375;1.25;1.5625;1.875;2.1875;2.5;2.8125;3.125;3.4375;3.75;4.0625;4.375;4.6875;5;5.3125;5.625;5.9375;6.25;6.5625;6.875;7.1875;7.5;7.8125;8.125;8.4375;8.75;9.0625;9.375;9.6875;10","0;0;0;0;0;0;0;0;0;0;0;0;0;0;0;0;0;0;0;0;0;0;0;0;0;0;0;661;2297;5514;10756;21491;20390;12496;7851;4061;1575;488;100;0;0;0;0;0;0;0;0;0;0;0;0;0;0;0;0;0;0;0;0;0;0;0;0;0",87680
95,8,"LeakyReLULayer( 0.050000 )",post_activation,"-10;-9.6875;-9.375;-9.0625;-8.75;-8.4375;-8.125;-7.8125;-7.5;-7.1875;-6.875;-6.5625;-6.25;-5.9375;-5.625;-5.3125;-5;-4.6875;-4.375;-4.0625;-3.75;-3.4375;-3.125;-2.8125;-2.5;-2.1875;-1.875;-1.5625;-1.25;-0.9375;-0.625;-0.3125;0;0.3125;0.625;0.9375;1.25;1.5625;1.875;2.1875;2.5;2.8125;3.125;3.4375;3.75;4.0625;4.375;4.6875;5;5.3125;5.625;5.9375;6.25;6.5625;6.875;7.1875;7.5;7.8125;8.125;8.4375;8.75;9.0625;9.375;9.6875;10","0;0;0;0;0;0;0;0;0;0;0;0;0;0;0;0;0;0;0;0;0;0;0;0;0;0;0;0;0;0;0;40719;20390;12496;7851;4061;1575;488;100;0;0;0;0;0;0;0;0;0;0;0;0;0;0;0;0;0;0;0;0;0;0;0;0;0",87680
96,1,"LeakyReLULayer( 0.050000 )",pre_activation,"-10;-9.6875;-9.375;-9.0625;-8.75;-8.4375;-8.125;-7.8125;-7.5;-7.1875;-6.875;-6.5625;-6.25;-5.9375;-5.625;-5.3125;-5;-4.6875;-4.375;-4.0625;-3.75;-3.4375;-3.125;-2.8125;-2.5;-2.1875;-1.875;-1.5625;-1.25;-0.9375;-0.625;-0.3125;0;0.3125;0.625;0.9375;1.25;1.5625;1.875;2.1875;2.5;2.8125;3.125;3.4375;3.75;4.0625;4.375;4.6875;5;5.3125;5.625;5.9375;6.25;6.5625;6.875;7.1875;7.5;7.8125;8.125;8.4375;8.75;9.0625;9.375;9.6875;10","0;0;0;0;0;0;0;0;0;0;0;0;0;0;0;0;0;0;0;61;485;1547;3619;7169;13424;30015;62343;110869;203994;420653;1058096;2959664;2981399;1175794;415996;215113;104813;69931;25000;4015;0;0;0;0;0;0;0;0;0;0;0;0;0;0;0;0;0;0;0;0;0;0;0;0",9864000
96,1,"LeakyReLULayer( 0.050000 )",post_activation,"-10;-9.6875;-9.375;-9.0625;-8.75;-8.4375;-8.125;-7.8125;-7.5;-7.1875;-6.875;-6.5625;-6.25;-5.9375;-5.625;-5.3125;-5;-4.6875;-4.375;-4.0625;-3.75;-3.4375;-3.125;-2.8125;-2.5;-2.1875;-1.875;-1.5625;-1.25;-0.9375;-0.625;-0.3125;0;0.3125;0.625;0.9375;1.25;1.5625;1.875;2.1875;2.5;2.8125;3.125;3.4375;3.75;4.0625;4.375;4.6875;5;5.3125;5.625;5.9375;6.25;6.5625;6.875;7.1875;7.5;7.8125;8.125;8.4375;8.75;9.0625;9.375;9.6875;10","0;0;0;0;0;0;0;0;0;0;0;0;0;0;0;0;0;0;0;0;0;0;0;0;0;0;0;0;0;0;0;4871939;2981399;1175794;415996;215113;104813;69931;25000;4015;0;0;0;0;0;0;0;0;0;0;0;0;0;0;0;0;0;0;0;0;0;0;0;0",9864000
96,5,"LeakyReLULayer( 0.050000 )",pre_activation,"-10;-9.6875;-9.375;-9.0625;-8.75;-8.4375;-8.125;-7.8125;-7.5;-7.1875;-6.875;-6.5625;-6.25;-5.9375;-5.625;-5.3125;-5;-4.6875;-4.375;-4.0625;-3.75;-3.4375;-3.125;-2.8125;-2.5;-2.1875;-1.875;-1.5625;-1.25;-0.9375;-0.625;-0.3125;0;0.3125;0.625;0.9375;1.25;1.5625;1.875;2.1875;2.5;2.8125;3.125;3.4375;3.75;4.0625;4.375;4.6875;5;5.3125;5.625;5.9375;6.25;6.5625;6.875;7.1875;7.5;7.8125;8.125;8.4375;8.75;9.0625;9.375;9.6875;10","0;0;0;0;0;0;0;0;0;0;0;0;0;0;0;0;0;0;0;0;0;0;0;0;0;40;299;1534;5256;15846;23587;26977;35982;40957;14265;6812;2629;897;279;0;0;0;0;0;0;0;0;0;0;0;0;0;0;0;0;0;0;0;0;0;0;0;0;0",175360
96,5,"LeakyReLULayer( 0.050000 )",post_activation,"-10;-9.6875;-9.375;-9.0625;-8.75;-8.4375;-8.125;-7.8125;-7.5;-7.1875;-6.875;-6.5625;-6.25;-5.9375;-5.625;-5.3125;-5;-4.6875;-4.375;-4.0625;-3.75;-3.4375;-3.125;-2.8125;-2.5;-2.1875;-1.875;-1.5625;-1.25;-0.9375;-0.625;-0.3125;0;0.3125;0.625;0.9375;1.25;1.5625;1.875;2.1875;2.5;2.8125;3.125;3.4375;3.75;4.0625;4.375;4.6875;5;5.3125;5.625;5.9375;6.25;6.5625;6.875;7.1875;7.5;7.8125;8.125;8.4375;8.75;9.0625;9.375;9.6875;10","0;0;0;0;0;0;0;0;0;0;0;0;0;0;0;0;0;0;0;0;0;0;0;0;0;0;0;0;0;0;0;73539;35982;40957;14265;6812;2629;897;279;0;0;0;0;0;0;0;0;0;0;0;0;0;0;0;0;0;0;0;0;0;0;0;0;0",175360
96,8,"LeakyReLULayer( 0.050000 )",pre_activation,"-10;-9.6875;-9.375;-9.0625;-8.75;-8.4375;-8.125;-7.8125;-7.5;-7.1875;-6.875;-6.5625;-6.25;-5.9375;-5.625;-5.3125;-5;-4.6875;-4.375;-4.0625;-3.75;-3.4375;-3.125;-2.8125;-2.5;-2.1875;-1.875;-1.5625;-1.25;-0.9375;-0.625;-0.3125;0;0.3125;0.625;0.9375;1.25;1.5625;1.875;2.1875;2.5;2.8125;3.125;3.4375;3.75;4.0625;4.375;4.6875;5;5.3125;5.625;5.9375;6.25;6.5625;6.875;7.1875;7.5;7.8125;8.125;8.4375;8.75;9.0625;9.375;9.6875;10","0;0;0;0;0;0;0;0;0;0;0;0;0;0;0;0;0;0;0;0;0;0;0;0;0;0;0;641;2315;5533;10709;21560;20366;12490;7863;4063;1557;482;101;0;0;0;0;0;0;0;0;0;0;0;0;0;0;0;0;0;0;0;0;0;0;0;0;0",87680
96,8,"LeakyReLULayer( 0.050000 )",post_activation,"-10;-9.6875;-9.375;-9.0625;-8.75;-8.4375;-8.125;-7.8125;-7.5;-7.1875;-6.875;-6.5625;-6.25;-5.9375;-5.625;-5.3125;-5;-4.6875;-4.375;-4.0625;-3.75;-3.4375;-3.125;-2.8125;-2.5;-2.1875;-1.875;-1.5625;-1.25;-0.9375;-0.625;-0.3125;0;0.3125;0.625;0.9375;1.25;1.5625;1.875;2.1875;2.5;2.8125;3.125;3.4375;3.75;4.0625;4.375;4.6875;5;5.3125;5.625;5.9375;6.25;6.5625;6.875;7.1875;7.5;7.8125;8.125;8.4375;8.75;9.0625;9.375;9.6875;10","0;0;0;0;0;0;0;0;0;0;0;0;0;0;0;0;0;0;0;0;0;0;0;0;0;0;0;0;0;0;0;40758;20366;12490;7863;4063;1557;482;101;0;0;0;0;0;0;0;0;0;0;0;0;0;0;0;0;0;0;0;0;0;0;0;0;0",87680
97,1,"LeakyReLULayer( 0.050000 )",pre_activation,"-10;-9.6875;-9.375;-9.0625;-8.75;-8.4375;-8.125;-7.8125;-7.5;-7.1875;-6.875;-6.5625;-6.25;-5.9375;-5.625;-5.3125;-5;-4.6875;-4.375;-4.0625;-3.75;-3.4375;-3.125;-2.8125;-2.5;-2.1875;-1.875;-1.5625;-1.25;-0.9375;-0.625;-0.3125;0;0.3125;0.625;0.9375;1.25;1.5625;1.875;2.1875;2.5;2.8125;3.125;3.4375;3.75;4.0625;4.375;4.6875;5;5.3125;5.625;5.9375;6.25;6.5625;6.875;7.1875;7.5;7.8125;8.125;8.4375;8.75;9.0625;9.375;9.6875;10","0;0;0;0;0;0;0;0;0;0;0;0;0;0;0;0;0;0;0;61;483;1548;3612;7163;13417;30020;62320;110829;203978;420558;1057986;2960078;2981719;1175522;415924;215085;104811;69913;24968;4005;0;0;0;0;0;0;0;0;0;0;0;0;0;0;0;0;0;0;0;0;0;0;0;0",9864000
97,1,"LeakyReLULayer( 0.050000 )",post_activation,"-10;-9.6875;-9.375;-9.0625;-8.75;-8.4375;-8.125;-7.8125;-7.5;-7.1875;-6.875;-6.5625;-6.25;-5.9375;-5.625;-5.3125;-5;-4.6875;-4.375;-4.0625;-3.75;-3.4375;-3.125;-2.8125;-2.5;-2.1875;-1.875;-1.5625;-1.25;-0.9375;-0.625;-0.3125;0;0.3125;0.625;0.9375;1.25;1.5625;1.875;2.1875;2.5;2.8125;3.125;3.4375;3.75;4.0625;4.375;4.6875;5;5.3125;5.625;5.9375;6.25;6.5625;6.875;7.1875;7.5;7.8125;8.125;8.4375;8.75;9.0625;9.375;9.6875;10","0;0;0;0;0;0;0;0;0;0;0;0;0;0;0;0;0;0;0;0;0;0;0;0;0;0;0;0;0;0;0;4872053;2981719;1175522;415924;215085;104811;69913;24968;4005;0;0;0;0;0;0;0;0;0;0;0;0;0;0;0;0;0;0;0;0;0;0;0;0",9864000
97,5,"LeakyReLULayer( 0.050000 )",pre_activation,"-10;-9.6875;-9.375;-9.0625;-8.75;-8.4375;-8.125;-7.8125;-7.5;-7.1875;-6.875;-6.5625;-6.25;-5.9375;-5.625;-5.3125;-5;-4.6875;-4.375;-4.0625;-3.75;-3.4375;-3.125;-2.8125;-2.5;-2.1875;-1.875;-1.5625;-1.25;-0.9375;-0.625;-0.3125;0;0.3125;0.625;0.9375;1.25;1.5625;1.875;2.1875;2.5;2.8125;3.125;3.4375;3.75;4.0625;4.375;4.6875;5;5.3125;5.625;5.9375;6.25;6.5625;6.875;7.1875;7.5;7.8125;8.125;8.4375;8.75;9.0625;9.375;9.6875;10","0;0;0;0;0;0;0;0;0;0;0;0;0;0;0;0;0;0;0;0;0;0;0;0;0;39;283;1535;5238;15867;23538;27018;36119;40818;14271;6820;2651;887;276;0;0;0;0;0;0;0;0;0;0;0;0;0;0;0;0;0;0;0;0;0;0;0;0;0",175360
97,5,"LeakyReLULayer( 0.050000 )",post_activation,"-10;-9.6875;-9.375;-9.0625;-8.75;-8.4375;-8.125;-7.8125;-7.5;-7.1875;-6.875;-6.5625;-6.25;-5.9375;-5.625;-5.3125;-5;-4.6875;-4.375;-4.0625;-3.75;-3.4375;-3.125;-2.8125;-2.5;-2.1875;-1.875;-1.5625;-1.25;-0.9375;-0.625;-0.3125;0;0.3125;0.625;0.9375;1.25;1.5625;1.875;2.1875;2.5;2.8125;3.125;3.4375;3.75;4.0625;4.375;4.6875;5;5.3125;5.625;5.9375;6.25;6.5625;6.875;7.1875;7.5;7.8125;8.125;8.4375;8.75;9.0625;9.375;9.6875;10","0;0;0;0;0;0;0;0;0;0;0;0;0;0;0;0;0;0;0;0;0;0;0;0;0;0;0;0;0;0;0;73518;36119;40818;14271;6820;2651;887;276;0;0;0;0;0;0;0;0;0;0;0;0;0;0;0;0;0;0;0;0;0;0;0;0;0",175360
97,8,"LeakyReLULayer( 0.050000 )",pre_activation,"-10;-9.6875;-9.375;-9.0625;-8.75;-8.4375;-8.125;-7.8125;-7.5;-7.1875;-6.875;-6.5625;-6.25;-5.9375;-5.625;-5.3125;-5;-4.6875;-4.375;-4.0625;-3.75;-3.4375;-3.125;-2.8125;-2.5;-2.1875;-1.875;-1.5625;-1.25;-0.9375;-0.625;-0.3125;0;0.3125;0.625;0.9375;1.25;1.5625;1.875;2.1875;2.5;2.8125;3.125;3.4375;3.75;4.0625;4.375;4.6875;5;5.3125;5.625;5.9375;6.25;6.5625;6.875;7.1875;7.5;7.8125;8.125;8.4375;8.75;9.0625;9.375;9.6875;10","0;0;0;0;0;0;0;0;0;0;0;0;0;0;0;0;0;0;0;0;0;0;0;0;0;0;0;660;2290;5569;10569;21746;20311;12501;7830;4079;1544;484;97;0;0;0;0;0;0;0;0;0;0;0;0;0;0;0;0;0;0;0;0;0;0;0;0;0",87680
97,8,"LeakyReLULayer( 0.050000 )",post_activation,"-10;-9.6875;-9.375;-9.0625;-8.75;-8.4375;-8.125;-7.8125;-7.5;-7.1875;-6.875;-6.5625;-6.25;-5.9375;-5.625;-5.3125;-5;-4.6875;-4.375;-4.0625;-3.75;-3.4375;-3.125;-2.8125;-2.5;-2.1875;-1.875;-1.5625;-1.25;-0.9375;-0.625;-0.3125;0;0.3125;0.625;0.9375;1.25;1.5625;1.875;2.1875;2.5;2.8125;3.125;3.4375;3.75;4.0625;4.375;4.6875;5;5.3125;5.625;5.9375;6.25;6.5625;6.875;7.1875;7.5;7.8125;8.125;8.4375;8.75;9.0625;9.375;9.6875;10","0;0;0;0;0;0;0;0;0;0;0;0;0;0;0;0;0;0;0;0;0;0;0;0;0;0;0;0;0;0;0;40834;20311;12501;7830;4079;1544;484;97;0;0;0;0;0;0;0;0;0;0;0;0;0;0;0;0;0;0;0;0;0;0;0;0;0",87680
98,1,"LeakyReLULayer( 0.050000 )",pre_activation,"-10;-9.6875;-9.375;-9.0625;-8.75;-8.4375;-8.125;-7.8125;-7.5;-7.1875;-6.875;-6.5625;-6.25;-5.9375;-5.625;-5.3125;-5;-4.6875;-4.375;-4.0625;-3.75;-3.4375;-3.125;-2.8125;-2.5;-2.1875;-1.875;-1.5625;-1.25;-0.9375;-0.625;-0.3125;0;0.3125;0.625;0.9375;1.25;1.5625;1.875;2.1875;2.5;2.8125;3.125;3.4375;3.75;4.0625;4.375;4.6875;5;5.3125;5.625;5.9375;6.25;6.5625;6.875;7.1875;7.5;7.8125;8.125;8.4375;8.75;9.0625;9.375;9.6875;10","0;0;0;0;0;0;0;0;0;0;0;0;0;0;0;0;0;0;0;61;482;1550;3613;7163;13410;30005;62344;110788;203984;420501;1057901;2960247;2981991;1175308;415910;215068;104791;69922;24959;4002;0;0;0;0;0;0;0;0;0;0;0;0;0;0;0;0;0;0;0;0;0;0;0;0",9864000
98,1,"LeakyReLULayer( 0.050000 )",post_activation,"-10;-9.6875;-9.375;-9.0625;-8.75;-8.4375;-8.125;-7.8125;-7.5;-7.1875;-6.875;-6.5625;-6.25;-5.9375;-5.625;-5.3125;-5;-4.6875;-4.375;-4.0625;-3.75;-3.4375;-3.125;-2.8125;-2.5;-2.1875;-1.875;-1.5625;-1.25;-0.9375;-0.625;-0.3125;0;0.3125;0.625;0.9375;1.25;1.5625;1.875;2.1875;2.5;2.8125;3.125;3.4375;3.75;4.0625;4.375;4.6875;5;5.3125;5.625;5.9375;6.25;6.5625;6.875;7.1875;7.5;7.8125;8.125;8.4375;8.75;9.0625;9.375;9.6875;10","0;0;0;0;0;0;0;0;0;0;0;0;0;0;0;0;0;0;0;0;0;0;0;0;0;0;0;0;0;0;0;4872049;2981991;1175308;415910;215068;104791;69922;24959;4002;0;0;0;0;0;0;0;0;0;0;0;0;0;0;0;0;0;0;0;0;0;0;0;0",9864000
98,5,"LeakyReLULayer( 0.050000 )",pre_activation,"-10;-9.6875;-9.375;-9.0625;-8.75;-8.4375;-8.125;-7.8125;-7.5;-7.1875;-6.875;-6.5625;-6.25;-5.9375;-5.625;-5.3125;-5;-4.6875;-4.375;-4.0625;-3.75;-3.4375;-3.125;-2.8125;-2.5;-2.1875;-1.875;-1.5625;-1.25;-0.9375;-0.625;-0.3125;0;0.3125;0.625;0.9375;1.25;1.5625;1.875;2.1875;2.5;2.8125;3.125;3.4375;3.75;4.0625;4.375;4.6875;5;5.3125;5.625;5.9375;6.25;6.5625;6.875;7.1875;7.5;7.8125;8.125;8.4375;8.75;9.0625;9.375;9.6875;10","0;0;0;0;0;0;0;0;0;0;0;0;0;0;0;0;0;0;0;0;0;0;0;0;0;38;291;1539;5193;15928;23522;26964;35987;40915;14350;6830;2639;887;277;0;0;0;0;0;0;0;0;0;0;0;0;0;0;0;0;0;0;0;0;0;0;0;0;0",175360
98,5,"LeakyReLULayer( 0.050000 )",post_activation,"-10;-9.6875;-9.375;-9.0625;-8.75;-8.4375;-8.125;-7.8125;-7.5;-7.1875;-6.875;-6.5625;-6.25;-5.9375;-5.625;-5.3125;-5;-4.6875;-4.375;-4.0625;-3.75;-3.4375;-3.125;-2.8125;-2.5;-2.1875;-1.875;-1.5625;-1.25;-0.9375;-0.625;-0.3125;0;0.3125;0.625;0.9375;1.25;1.5625;1.875;2.1875;2.5;2.8125;3.125;3.4375;3.75;4.0625;4.375;4.6875;5;5.3125;5.625;5.9375;6.25;6.5625;6.875;7.1875;7.5;7.8125;8.125;8.4375;8.75;9.0625;9.375;9.6875;10","0;0;0;0;0;0;0;0;0;0;0;0;0;0;0;0;0;0;0;0;0;0;0;0;0;0;0;0;0;0;0;73475;35987;40915;14350;6830;2639;887;277;0;0;0;0;0;0;0;0;0;0;0;0;0;0;0;0;0;0;0;0;0;0;0;0;0",175360
98,8,"LeakyReLULayer( 0.050000 )",pre_activation,"-10;-9.6875;-9.375;-9.0625;-8.75;-8.4375;-8.125;-7.8125;-7.5;-7.1875;-6.875;-6.5625;-6.25;-5.9375;-5.625;-5.3125;-5;-4.6875;-4.375;-4.0625;-3.75;-3.4375;-3.125;-2.8125;-2.5;-2.1875;-1.875;-1.5625;-1.25;-0.9375;-0.625;-0.3125;0;0.3125;0.625;0.9375;1.25;1.5625;1.875;2.1875;2.5;2.8125;3.125;3.4375;3.75;4.0625;4.375;4.6875;5;5.3125;5.625;5.9375;6.25;6.5625;6.875;7.1875;7.5;7.8125;8.125;8.4375;8.75;9.0625;9.375;9.6875;10","0;0;0;0;0;0;0;0;0;0;0;0;0;0;0;0;0;0;0;0;0;0;0;0;0;0;0;664;2306;5506;10700;21618;20303;12503;7872;4066;1560;489;93;0;0;0;0;0;0;0;0;0;0;0;0;0;0;0;0;0;0;0;0;0;0;0;0;0",87680
98,8,"LeakyReLULayer( 0.050000 )",post_activation,"-10;-9.6875;-9.375;-9.0625;-8.75;-8.4375;-8.125;-7.8125;-7.5;-7.1875;-6.875;-6.5625;-6.25;-5.9375;-5.625;-5.3125;-5;-4.6875;-4.375;-4.0625;-3.75;-3.4375;-3.125;-2.8125;-2.5;-2.1875;-1.875;-1.5625;-1.25;-0.9375;-0.625;-0.3125;0;0.3125;0.625;0.9375;1.25;1.5625;1.875;2.1875;2.5;2.8125;3.125;3.4375;3.75;4.0625;4.375;4.6875;5;5.3125;5.625;5.9375;6.25;6.5625;6.875;7.1875;7.5;7.8125;8.125;8.4375;8.75;9.0625;9.375;9.6875;10","0;0;0;0;0;0;0;0;0;0;0;0;0;0;0;0;0;0;0;0;0;0;0;0;0;0;0;0;0;0;0;40794;20303;12503;7872;4066;1560;489;93;0;0;0;0;0;0;0;0;0;0;0;0;0;0;0;0;0;0;0;0;0;0;0;0;0",87680
99,1,"LeakyReLULayer( 0.050000 )",pre_activation,"-10;-9.6875;-9.375;-9.0625;-8.75;-8.4375;-8.125;-7.8125;-7.5;-7.1875;-6.875;-6.5625;-6.25;-5.9375;-5.625;-5.3125;-5;-4.6875;-4.375;-4.0625;-3.75;-3.4375;-3.125;-2.8125;-2.5;-2.1875;-1.875;-1.5625;-1.25;-0.9375;-0.625;-0.3125;0;0.3125;0.625;0.9375;1.25;1.5625;1.875;2.1875;2.5;2.8125;3.125;3.4375;3.75;4.0625;4.375;4.6875;5;5.3125;5.625;5.9375;6.25;6.5625;6.875;7.1875;7.5;7.8125;8.125;8.4375;8.75;9.0625;9.375;9.6875;10","0;0;0;0;0;0;0;0;0;0;0;0;0;0;0;0;0;0;0;61;483;1548;3613;7161;13416;30002;62330;110780;203953;420400;1057798;2960579;2982268;1175024;415867;215056;104788;69903;24970;4000;0;0;0;0;0;0;0;0;0;0;0;0;0;0;0;0;0;0;0;0;0;0;0;0",9864000
99,1,"LeakyReLULayer( 0.050000 )",post_activation,"-10;-9.6875;-9.375;-9.0625;-8.75;-8.4375;-8.125;-7.8125;-7.5;-7.1875;-6.875;-6.5625;-6.25;-5.9375;-5.625;-5.3125;-5;-4.6875;-4.375;-4.0625;-3.75;-3.4375;-3.125;-2.8125;-2.5;-2.1875;-1.875;-1.5625;-1.25;-0.9375;-0.625;-0.3125;0;0.3125;0.625;0.9375;1.25;1.5625;1.875;2.1875;2.5;2.8125;3.125;3.4375;3.75;4.0625;4.375;4.6875;5;5.3125;5.625;5.9375;6.25;6.5625;6.875;7.1875;7.5;7.8125;8.125;8.4375;8.75;9.0625;9.375;9.6875;10","0;0;0;0;0;0;0;0;0;0;0;0;0;0;0;0;0;0;0;0;0;0;0;0;0;0;0;0;0;0;0;4872124;2982268;1175024;415867;215056;104788;69903;24970;4000;0;0;0;0;0;0;0;0;0;0;0;0;0;0;0;0;0;0;0;0;0;0;0;0",9864000
99,5,"LeakyReLULayer( 0.050000 )",pre_activation,"-10;-9.6875;-9.375;-9.0625;-8.75;-8.4375;-8.125;-7.8125;-7.5;-7.1875;-6.875;-6.5625;-6.25;-5.9375;-5.625;-5.3125;-5;-4.6875;-4.375;-4.0625;-3.75;-3.4375;-3.125;-2.8125;-2.5;-2.1875;-1.875;-1.5625;-1.25;-0.9375;-0.625;-0.3125;0;0.3125;0.625;0.9375;1.25;1.5625;1.875;2.1875;2.5;2.8125;3.125;3.4375;3.75;4.0625;4.375;4.6875;5;5.3125;5.625;5.9375;6.25;6.5625;6.875;7.1875;7.5;7.8125;8.125;8.4375;8.75;9.0625;9.375;9.6875;10","0;0;0;0;0;0;0;0;0;0;0;0;0;0;0;0;0;0;0;0;0;0;0;0;0;38;285;1537;5224;15963;23452;26933;35982;40923;14399;6824;2635;893;272;0;0;0;0;0;0;0;0;0;0;0;0;0;0;0;0;0;0;0;0;0;0;0;0;0",175360
99,5,"LeakyReLULayer( 0.050000 )",post_activation,"-10;-9.6875;-9.375;-9.0625;-8.75;-8.4375;-8.125;-7.8125;-7.5;-7.1875;-6.875;-6.5625;-6.25;-5.9375;-5.625;-5.3125;-5;-4.6875;-4.375;-4.0625;-3.75;-3.4375;-3.125;-2.8125;-2.5;-2.1875;-1.875;-1.5625;-1.25;-0.9375;-0.625;-0.3125;0;0.3125;0.625;0.9375;1.25;1.5625;1.875;2.1875;2.5;2.8125;3.125;3.4375;3.75;4.0625;4.375;4.6875;5;5.3125;5.625;5.9375;6.25;6.5625;6.875;7.1875;7.5;7.8125;8.125;8.4375;8.75;9.0625;9.375;9.6875;10","0;0;0;0;0;0;0;0;0;0;0;0;0;0;0;0;0;0;0;0;0;0;0;0;0;0;0;0;0;0;0;73432;35982;40923;14399;6824;2635;893;272;0;0;0;0;0;0;0;0;0;0;0;0;0;0;0;0;0;0;0;0;0;0;0;0;0",175360
99,8,"LeakyReLULayer( 0.050000 )",pre_activation,"-10;-9.6875;-9.375;-9.0625;-8.75;-8.4375;-8.125;-7.8125;-7.5;-7.1875;-6.875;-6.5625;-6.25;-5.9375;-5.625;-5.3125;-5;-4.6875;-4.375;-4.0625;-3.75;-3.4375;-3.125;-2.8125;-2.5;-2.1875;-1.875;-1.5625;-1.25;-0.9375;-0.625;-0.3125;0;0.3125;0.625;0.9375;1.25;1.5625;1.875;2.1875;2.5;2.8125;3.125;3.4375;3.75;4.0625;4.375;4.6875;5;5.3125;5.625;5.9375;6.25;6.5625;6.875;7.1875;7.5;7.8125;8.125;8.4375;8.75;9.0625;9.375;9.6875;10","0;0;0;0;0;0;0;0;0;0;0;0;0;0;0;0;0;0;0;0;0;0;0;0;0;0;0;660;2317;5503;10730;21575;20343;12436;7908;4061;1562;487;98;0;0;0;0;0;0;0;0;0;0;0;0;0;0;0;0;0;0;0;0;0;0;0;0;0",87680
99,8,"LeakyReLULayer( 0.050000 )",post_activation,"-10;-9.6875;-9.375;-9.0625;-8.75;-8.4375;-8.125;-7.8125;-7.5;-7.1875;-6.875;-6.5625;-6.25;-5.9375;-5.625;-5.3125;-5;-4.6875;-4.375;-4.0625;-3.75;-3.4375;-3.125;-2.8125;-2.5;-2.1875;-1.875;-1.5625;-1.25;-0.9375;-0.625;-0.3125;0;0.3125;0.625;0.9375;1.25;1.5625;1.875;2.1875;2.5;2.8125;3.125;3.4375;3.75;4.0625;4.375;4.6875;5;5.3125;5.625;5.9375;6.25;6.5625;6.875;7.1875;7.5;7.8125;8.125;8.4375;8.75;9.0625;9.375;9.6875;10","0;0;0;0;0;0;0;0;0;0;0;0;0;0;0;0;0;0;0;0;0;0;0;0;0;0;0;0;0;0;0;40785;20343;12436;7908;4061;1562;487;98;0;0;0;0;0;0;0;0;0;0;0;0;0;0;0;0;0;0;0;0;0;0;0;0;0",87680
100,1,"LeakyReLULayer( 0.050000 )",pre_activation,"-10;-9.6875;-9.375;-9.0625;-8.75;-8.4375;-8.125;-7.8125;-7.5;-7.1875;-6.875;-6.5625;-6.25;-5.9375;-5.625;-5.3125;-5;-4.6875;-4.375;-4.0625;-3.75;-3.4375;-3.125;-2.8125;-2.5;-2.1875;-1.875;-1.5625;-1.25;-0.9375;-0.625;-0.3125;0;0.3125;0.625;0.9375;1.25;1.5625;1.875;2.1875;2.5;2.8125;3.125;3.4375;3.75;4.0625;4.375;4.6875;5;5.3125;5.625;5.9375;6.25;6.5625;6.875;7.1875;7.5;7.8125;8.125;8.4375;8.75;9.0625;9.375;9.6875;10","0;0;0;0;0;0;0;0;0;0;0;0;0;0;0;0;0;0;0;61;483;1548;3609;7161;13407;30011;62322;110752;203965;420319;1057707;2960815;2982482;1174842;415853;215040;104771;69902;24956;3994;0;0;0;0;0;0;0;0;0;0;0;0;0;0;0;0;0;0;0;0;0;0;0;0",9864000
100,1,"LeakyReLULayer( 0.050000 )",post_activation,"-10;-9.6875;-9.375;-9.0625;-8.75;-8.4375;-8.125;-7.8125;-7.5;-7.1875;-6.875;-6.5625;-6.25;-5.9375;-5.625;-5.3125;-5;-4.6875;-4.375;-4.0625;-3.75;-3.4375;-3.125;-2.8125;-2.5;-2.1875;-1.875;-1.5625;-1.25;-0.9375;-0.625;-0.3125;0;0.3125;0.625;0.9375;1.25;1.5625;1.875;2.1875;2.5;2.8125;3.125;3.4375;3.75;4.0625;4.375;4.6875;5;5.3125;5.625;5.9375;6.25;6.5625;6.875;7.1875;7.5;7.8125;8.125;8.4375;8.75;9.0625;9.375;9.6875;10","0;0;0;0;0;0;0;0;0;0;0;0;0;0;0;0;0;0;0;0;0;0;0;0;0;0;0;0;0;0;0;4872160;2982482;1174842;415853;215040;104771;69902;24956;3994;0;0;0;0;0;0;0;0;0;0;0;0;0;0;0;0;0;0;0;0;0;0;0;0",9864000
100,5,"LeakyReLULayer( 0.050000 )",pre_activation,"-10;-9.6875;-9.375;-9.0625;-8.75;-8.4375;-8.125;-7.8125;-7.5;-7.1875;-6.875;-6.5625;-6.25;-5.9375;-5.625;-5.3125;-5;-4.6875;-4.375;-4.0625;-3.75;-3.4375;-3.125;-2.8125;-2.5;-2.1875;-1.875;-1.5625;-1.25;-0.9375;-0.625;-0.3125;0;0.3125;0.625;0.9375;1.25;1.5625;1.875;2.1875;2.5;2.8125;3.125;3.4375;3.75;4.0625;4.375;4.6875;5;5.3125;5.625;5.9375;6.25;6.5625;6.875;7.1875;7.5;7.8125;8.125;8.4375;8.75;9.0625;9.375;9.6875;10","0;0;0;0;0;0;0;0;0;0;0;0;0;0;0;0;0;0;0;0;0;0;0;0;0;37;292;1532;5214;15940;23493;27040;35874;40955;14370;6806;2645;884;278;0;0;0;0;0;0;0;0;0;0;0;0;0;0;0;0;0;0;0;0;0;0;0;0;0",175360
100,5,"LeakyReLULayer( 0.050000 )",post_activation,"-10;-9.6875;-9.375;-9.0625;-8.75;-8.4375;-8.125;-7.8125;-7.5;-7.1875;-6.875;-6.5625;-6.25;-5.9375;-5.625;-5.3125;-5;-4.6875;-4.375;-4.0625;-3.75;-3.4375;-3.125;-2.8125;-2.5;-2.1875;-1.875;-1.5625;-1.25;-0.9375;-0.625;-0.3125;0;0.3125;0.625;0.9375;1.25;1.5625;1.875;2.1875;2.5;2.8125;3.125;3.4375;3.75;4.0625;4.375;4.6875;5;5.3125;5.625;5.9375;6.25;6.5625;6.875;7.1875;7.5;7.8125;8.125;8.4375;8.75;9.0625;9.375;9.6875;10","0;0;0;0;0;0;0;0;0;0;0;0;0;0;0;0;0;0;0;0;0;0;0;0;0;0;0;0;0;0;0;73548;35874;40955;14370;6806;2645;884;278;0;0;0;0;0;0;0;0;0;0;0;0;0;0;0;0;0;0;0;0;0;0;0;0;0",175360
100,8,"LeakyReLULayer( 0.050000 )",pre_activation,"-10;-9.6875;-9.375;-9.0625;-8.75;-8.4375;-8.125;-7.8125;-7.5;-7.1875;-6.875;-6.5625;-6.25;-5.9375;-5.625;-5.3125;-5;-4.6875;-4.375;-4.0625;-3.75;-3.4375;-3.125;-2.8125;-2.5;-2.1875;-1.875;-1.5625;-1.25;-0.9375;-0.625;-0.3125;0;0.3125;0.625;0.9375;1.25;1.5625;1.875;2.1875;2.5;2.8125;3.125;3.4375;3.75;4.0625;4.375;4.6875;5;5.3125;5.625;5.9375;6.25;6.5625;6.875;7.1875;7.5;7.8125;8.125;8.4375;8.75;9.0625;9.375;9.6875;10","0;0;0;0;0;0;0;0;0;0;0;0;0;0;0;0;0;0;0;0;0;0;0;0;0;0;0;648;2313;5515;10810;21514;20277;12454;7945;4062;1559;491;92;0;0;0;0;0;0;0;0;0;0;0;0;0;0;0;0;0;0;0;0;0;0;0;0;0",87680
100,8,"LeakyReLULayer( 0.050000 )",post_activation,"-10;-9.6875;-9.375;-9.0625;-8.75;-8.4375;-8.125;-7.8125;-7.5;-7.1875;-6.875;-6.5625;-6.25;-5.9375;-5.625;-5.3125;-5;-4.6875;-4.375;-4.0625;-3.75;-3.4375;-3.125;-2.8125;-2.5;-2.1875;-1.875;-1.5625;-1.25;-0.9375;-0.625;-0.3125;0;0.3125;0.625;0.9375;1.25;1.5625;1.875;2.1875;2.5;2.8125;3.125;3.4375;3.75;4.0625;4.375;4.6875;5;5.3125;5.625;5.9375;6.25;6.5625;6.875;7.1875;7.5;7.8125;8.125;8.4375;8.75;9.0625;9.375;9.6875;10","0;0;0;0;0;0;0;0;0;0;0;0;0;0;0;0;0;0;0;0;0;0;0;0;0;0;0;0;0;0;0;40800;20277;12454;7945;4062;1559;491;92;0;0;0;0;0;0;0;0;0;0;0;0;0;0;0;0;0;0;0;0;0;0;0;0;0",87680
