epoch,layer_index,layer_name,parameter_scope,mean_norm,rms_norm,maximum_norm,last_norm,optimizer_steps
1,0,"Conv2DLayer(1,8,5, stride=5, padding=0)","all",3.0438907529594732,4.5519959193759529,16.275137771173132,0.84276664070519414,25
1,0,"Conv2DLayer(1,8,5, stride=5, padding=0)","weights",2.9719545019619393,4.4701327086575517,16.105209706136602,0.8203649452162991,25
1,0,"Conv2DLayer(1,8,5, stride=5, padding=0)","biases",0.62382849047966149,0.85940701475216164,2.3457045406507819,0.19302063968854813,25
1,4,"DenseLayer( 7202,128 )","all",6.9340743599791619,10.958131675199041,27.606954048307902,1.3456836926255011,25
1,4,"DenseLayer( 7202,128 )","weights",6.9301708013749872,10.952924460740402,27.592782848876247,1.3443009136612778,25
1,4,"DenseLayer( 7202,128 )","biases",0.22916991632003678,0.33778035513499777,0.8844469911446462,0.060988967261773552,25
1,6,"DenseLayer( 128,64 )","all",5.4084157225733236,7.0646338155383708,17.496149819709384,2.3116147335139243,25
1,6,"DenseLayer( 128,64 )","weights",5.3928073034261264,7.0427372809342188,17.437568374621861,2.3070758727663545,25
1,6,"DenseLayer( 128,64 )","biases",0.40424507401576365,0.55579001375297221,1.4905479965207498,0.14478809860625813,25
1,8,"DenseLayer( 64,1 )","all",4.1134574200713674,5.264457162668192,12.918570841308419,1.9043105520722372,25
1,8,"DenseLayer( 64,1 )","weights",4.0741569393909041,5.2114658779060479,12.779562744192901,1.8891396631362087,25
1,8,"DenseLayer( 64,1 )","biases",0.55784454427659513,0.7450722253509201,1.9292248487472534,0.23989583551883698,25
2,0,"Conv2DLayer(1,8,5, stride=5, padding=0)","all",0.59014460184582307,0.67207532338317744,1.322007596133826,0.80104130079773428,25
2,0,"Conv2DLayer(1,8,5, stride=5, padding=0)","weights",0.58233189197098667,0.66355930656108508,1.3071739204101644,0.79092272751214776,25
2,0,"Conv2DLayer(1,8,5, stride=5, padding=0)","biases",0.095189143693659856,0.10665030228168364,0.19748525523455684,0.12691889019555344,25
2,4,"DenseLayer( 7202,128 )","all",0.45066580585224486,0.4935073761119716,0.78742536498803561,0.46286726897452823,25
2,4,"DenseLayer( 7202,128 )","weights",0.4502112861326697,0.49301098875353344,0.78676216056457415,0.46241082350003249,25
2,4,"DenseLayer( 7202,128 )","biases",0.020210194258355095,0.022129058840952606,0.034944286051752503,0.020550888009038246,25
2,6,"DenseLayer( 128,64 )","all",0.67440625864056125,0.74485131309209163,1.2668533611553898,0.70626578544404306,25
2,6,"DenseLayer( 128,64 )","weights",0.67325245791193655,0.74352675507397492,1.2638490018185744,0.70499871459271735,25
2,6,"DenseLayer( 128,64 )","biases",0.039107856751950235,0.044400935848001151,0.087195981976816508,0.042286784123497373,25
2,8,"DenseLayer( 64,1 )","all",0.51955370866100714,0.57759659315404277,0.9962802304446241,0.50682511661151508,25
2,8,"DenseLayer( 64,1 )","weights",0.5165860194427756,0.5739672939720637,0.98574277505852637,0.50380445822372211,25
2,8,"DenseLayer( 64,1 )","biases",0.050905747853685172,0.064648046169574563,0.14451809227466583,0.055251847952604294,25
3,0,"Conv2DLayer(1,8,5, stride=5, padding=0)","all",0.31071185036851295,0.37289631726079037,0.89719849285925934,0.80301982156943041,25
3,0,"Conv2DLayer(1,8,5, stride=5, padding=0)","weights",0.30608946901177242,0.36788477081211673,0.88639790608307745,0.79236120813929034,25
3,0,"Conv2DLayer(1,8,5, stride=5, padding=0)","biases",0.05275109852599396,0.060929950198374473,0.13879440795818146,0.13040149412274418,25
3,4,"DenseLayer( 7202,128 )","all",0.2671834360619515,0.2888788447394815,0.61244909953227744,0.61244909953227744,25
3,4,"DenseLayer( 7202,128 )","weights",0.26690449496701407,0.28857839032590415,0.61181696960778065,0.61181696960778065,25
3,4,"DenseLayer( 7202,128 )","biases",0.012188379719329685,0.013171923736780449,0.027818972264437049,0.027818972264437049,25
3,6,"DenseLayer( 128,64 )","all",0.43629259427554296,0.47958365047041895,1.0833424461659822,1.0833424461659822,25
3,6,"DenseLayer( 128,64 )","weights",0.4355800061755859,0.47881255341328272,1.0818573032962966,1.0818573032962966,25
3,6,"DenseLayer( 128,64 )","biases",0.024760615543462282,0.027184857777543547,0.056706533744875165,0.056706533744875165,25
3,8,"DenseLayer( 64,1 )","all",0.35149493762538125,0.392171260662946,0.93207655870209838,0.93207655870209838,25
3,8,"DenseLayer( 64,1 )","weights",0.34951328285477384,0.39000529319099597,0.9280107998334608,0.9280107998334608,25
3,8,"DenseLayer( 64,1 )","biases",0.035178381786681714,0.041160283927222763,0.08696359395980835,0.08696359395980835,25
4,0,"Conv2DLayer(1,8,5, stride=5, padding=0)","all",0.35463121403204079,0.39312722688975649,0.75307304686204235,0.11775218366735506,25
4,0,"Conv2DLayer(1,8,5, stride=5, padding=0)","weights",0.34923560676539206,0.38758117191111563,0.74231308570930377,0.1146163194571727,25
4,0,"Conv2DLayer(1,8,5, stride=5, padding=0)","biases",0.060618561238243128,0.065801608658423119,0.12684753326262088,0.026994000676480917,25
4,4,"DenseLayer( 7202,128 )","all",0.29552377316986134,0.31656699942890087,0.55415917376651558,0.16001670868536752,25
4,4,"DenseLayer( 7202,128 )","weights",0.29520711956577855,0.31622366491121989,0.55351158064218187,0.15984516089147816,25
4,4,"DenseLayer( 7202,128 )","biases",0.013658525179400203,0.01473970411962895,0.02678282965970125,0.0074075365726561969,25
4,6,"DenseLayer( 128,64 )","all",0.47070064249310956,0.53028307978629863,1.072445633467201,0.3228953118029394,25
4,6,"DenseLayer( 128,64 )","weights",0.46993857374613274,0.5293946604720442,1.0705931353801219,0.32230147687699928,25
4,6,"DenseLayer( 128,64 )","biases",0.02657973449692147,0.03068286445772456,0.063007739364509679,0.019573972188152957,25
4,8,"DenseLayer( 64,1 )","all",0.37609462998611859,0.43101349827245161,0.89525810367305192,0.27012184237022635,25
4,8,"DenseLayer( 64,1 )","weights",0.37405649692644588,0.42840973633439644,0.8893592856564988,0.26812227887715756,25
4,8,"DenseLayer( 64,1 )","biases",0.036627185237593951,0.047304688001820444,0.10260181874036789,0.03280629962682724,25
5,0,"Conv2DLayer(1,8,5, stride=5, padding=0)","all",0.28759048516259361,0.31701960330337958,0.52091689591571777,0.35385528264873534,25
5,0,"Conv2DLayer(1,8,5, stride=5, padding=0)","weights",0.28211827112926163,0.31139743525407571,0.51124179072696196,0.350416653247907,25
5,0,"Conv2DLayer(1,8,5, stride=5, padding=0)","biases",0.054428783404716866,0.05943960124206657,0.10153922603998111,0.049211077868224797,25
5,4,"DenseLayer( 7202,128 )","all",0.28530181291791923,0.31124992903263127,0.61093886526945573,0.20907007396027005,25
5,4,"DenseLayer( 7202,128 )","weights",0.28496800701807062,0.31087636685309855,0.61013743943787357,0.20888500104419189,25
5,4,"DenseLayer( 7202,128 )","biases",0.013775253142227053,0.015244764840288296,0.031282616465466116,0.0087950079318184701,25
5,6,"DenseLayer( 128,64 )","all",0.49090789222107756,0.5564621706759636,1.1620993741861085,0.25701886439838795,25
5,6,"DenseLayer( 128,64 )","weights",0.48992822801699459,0.55532359498289863,1.1594345230771745,0.25673435866604549,25
5,6,"DenseLayer( 128,64 )","biases",0.030850297513769089,0.03557881741534985,0.078654575077042418,0.012089902273022358,25
5,8,"DenseLayer( 64,1 )","all",0.37932640149480196,0.4372793438007303,0.90700290077771728,0.18686992572763425,25
5,8,"DenseLayer( 64,1 )","weights",0.37624220152950316,0.43356011610035178,0.89751411544749748,0.18682266967462122,25
5,8,"DenseLayer( 64,1 )","biases",0.046992133697494866,0.056910897390981,0.13085363805294037,0.0042022895067930222,25
6,0,"Conv2DLayer(1,8,5, stride=5, padding=0)","all",0.29807780762943503,0.33103399329242528,0.56168234315515164,0.25920429791075378,25
6,0,"Conv2DLayer(1,8,5, stride=5, padding=0)","weights",0.29216360929268226,0.32487266397588521,0.5550791382240392,0.25613247298368558,25
6,0,"Conv2DLayer(1,8,5, stride=5, padding=0)","biases",0.057666849788331601,0.063570881041095123,0.10931396054704862,0.039787238389568831,25
6,4,"DenseLayer( 7202,128 )","all",0.31612311786949038,0.35410111463067723,0.66056361181127421,0.21132751902541624,25
6,4,"DenseLayer( 7202,128 )","weights",0.31574651096521705,0.35366803493223492,0.65974487183951769,0.21110911978827859,25
6,4,"DenseLayer( 7202,128 )","biases",0.015393490962181951,0.01750772543363344,0.032878402190708748,0.0096051985745168808,25
6,6,"DenseLayer( 128,64 )","all",0.55316309343171932,0.65129218296514091,1.2723786919063209,0.19751758392928578,25
6,6,"DenseLayer( 128,64 )","weights",0.55210463328047399,0.65000669382369836,1.2699457027224221,0.19731431068604871,25
6,6,"DenseLayer( 128,64 )","biases",0.03403200439969193,0.040899945915411698,0.078647617599602218,0.0089587253419166988,25
6,8,"DenseLayer( 64,1 )","all",0.44155995774571377,0.5295805168199702,1.0538351274982216,0.15936384835432471,25
6,8,"DenseLayer( 64,1 )","weights",0.43823292869722358,0.52534059290956658,1.0457718266105556,0.15936351775327556,25
6,8,"DenseLayer( 64,1 )","biases",0.052538475384935737,0.066878884834690344,0.13011442124843597,0.00032460992224514484,25
7,0,"Conv2DLayer(1,8,5, stride=5, padding=0)","all",0.31250721204692794,0.36183592283770644,0.63606168672097596,0.26907119501687904,25
7,0,"Conv2DLayer(1,8,5, stride=5, padding=0)","weights",0.30599068730667001,0.35554430631114869,0.62833755541763947,0.25831327967086209,25
7,0,"Conv2DLayer(1,8,5, stride=5, padding=0)","biases",0.061107413913779565,0.067182447897785949,0.10254760281107414,0.075323021271682541,25
7,4,"DenseLayer( 7202,128 )","all",0.32061353269901399,0.34911697530175562,0.5025191575682435,0.49477014894417859,25
7,4,"DenseLayer( 7202,128 )","weights",0.32022635925131765,0.3486888284680979,0.50194090123840573,0.49408462845403045,25
7,4,"DenseLayer( 7202,128 )","biases",0.015728005872312347,0.017284772066533619,0.026036132809757803,0.026036132809757803,25
7,6,"DenseLayer( 128,64 )","all",0.55661041674212564,0.62863148089578313,1.0144781929914322,0.95698494855723326,25
7,6,"DenseLayer( 128,64 )","weights",0.55557169304065201,0.62742913208943452,1.0124049574681588,0.95490636008813923,25
7,6,"DenseLayer( 128,64 )","biases",0.033802740512322502,0.038861587444729909,0.064824425559020737,0.063039949463109077,25
7,8,"DenseLayer( 64,1 )","all",0.44164707908471557,0.50516606613864112,0.84020018415772935,0.78399102408767973,25
7,8,"DenseLayer( 64,1 )","weights",0.43845743671954479,0.50134101986232193,0.83301173954159324,0.7766467112478298,25
7,8,"DenseLayer( 64,1 )","biases",0.051421854458749292,0.062047853962863497,0.10967128723859787,0.10705985128879547,25
8,0,"Conv2DLayer(1,8,5, stride=5, padding=0)","all",0.21632410238163591,0.24708967808357452,0.51394093793728191,0.30543834873010856,25
8,0,"Conv2DLayer(1,8,5, stride=5, padding=0)","weights",0.21026624055574628,0.24163334433128722,0.50882621620852708,0.30235119660969884,25
8,0,"Conv2DLayer(1,8,5, stride=5, padding=0)","biases",0.047092156042891471,0.051639480271610735,0.091556843477411526,0.043316726372830558,25
8,4,"DenseLayer( 7202,128 )","all",0.26727366786366319,0.29234968329105321,0.54899556630917024,0.18466818198541984,25
8,4,"DenseLayer( 7202,128 )","weights",0.26693880942130149,0.29197429183968221,0.54829709935966398,0.18448444099610412,25
8,4,"DenseLayer( 7202,128 )","biases",0.01334749253045304,0.014810476869270289,0.027684339632820045,0.0082358040381692258,25
8,6,"DenseLayer( 128,64 )","all",0.48868788990278578,0.55325307517499067,1.0562300932685755,0.25727072743185703,25
8,6,"DenseLayer( 128,64 )","weights",0.48768974990838693,0.55208499722954341,1.0541543456235818,0.25686204229113863,25
8,6,"DenseLayer( 128,64 )","biases",0.031077400692273015,0.035932172556623926,0.066186294117905983,0.014495462163801331,25
8,8,"DenseLayer( 64,1 )","all",0.38470269948825953,0.4419702284887021,0.85498711065684174,0.17299153012981672,25
8,8,"DenseLayer( 64,1 )","weights",0.38145218012899906,0.43799876726447573,0.84793413671397844,0.17259811558148716,25
8,8,"DenseLayer( 64,1 )","biases",0.048648096984252334,0.059116518378158518,0.11284780502319336,0.011660188436508179,25
9,0,"Conv2DLayer(1,8,5, stride=5, padding=0)","all",0.22885047925903843,0.26865741549517058,0.5544243364178213,0.16086847481249747,25
9,0,"Conv2DLayer(1,8,5, stride=5, padding=0)","weights",0.22405570113159395,0.26402580139926196,0.54729980210130502,0.1582610577627524,25
9,0,"Conv2DLayer(1,8,5, stride=5, padding=0)","biases",0.044884548916214871,0.049670746884078597,0.088596114092062792,0.028846209184464407,25
9,4,"DenseLayer( 7202,128 )","all",0.23646446211836897,0.25381071035361014,0.43795619638808292,0.14202095466122341,25
9,4,"DenseLayer( 7202,128 )","weights",0.23617095940112082,0.25349343340639829,0.43734806540554194,0.14184719783875299,25
9,4,"DenseLayer( 7202,128 )","biases",0.011751301785445015,0.012686840033676122,0.023071619811943247,0.0070231067327035396,25
9,6,"DenseLayer( 128,64 )","all",0.39021618169129924,0.43286456764298575,0.85699324510128794,0.15642586272503731,25
9,6,"DenseLayer( 128,64 )","weights",0.38941689931611606,0.43196193943362626,0.85512123710611443,0.15611158642786388,25
9,6,"DenseLayer( 128,64 )","biases",0.024806053528409394,0.027939520423392206,0.056613531945503844,0.0099107574003103431,25
9,8,"DenseLayer( 64,1 )","all",0.29710781183635432,0.3362955529558333,0.68679929440381604,0.096677905438477152,25
9,8,"DenseLayer( 64,1 )","weights",0.29468487381636543,0.33341407518963917,0.68018285521144772,0.09593322173727413,25
9,8,"DenseLayer( 64,1 )","biases",0.03638765847310424,0.043928958595752458,0.095102861523628235,0.011976408772170544,25
10,0,"Conv2DLayer(1,8,5, stride=5, padding=0)","all",0.36844264550202188,0.43601183173363839,0.88642413131201192,0.55980990446715639,25
10,0,"Conv2DLayer(1,8,5, stride=5, padding=0)","weights",0.36054276354914699,0.4284618479470591,0.87531743904291459,0.55287510940419204,25
10,0,"Conv2DLayer(1,8,5, stride=5, padding=0)","biases",0.072984694471011233,0.080788379520286432,0.14569771578511345,0.087842145584163714,25
10,4,"DenseLayer( 7202,128 )","all",0.36089077850195667,0.38672417439628359,0.71496286527995778,0.41297907419481528,25
10,4,"DenseLayer( 7202,128 )","weights",0.36041997689375266,0.38621813353884737,0.71402671184701783,0.41248081105731776,25
10,4,"DenseLayer( 7202,128 )","biases",0.018394079349764954,0.019777269484341185,0.036575312688517936,0.02028043964770147,25
10,6,"DenseLayer( 128,64 )","all",0.62700882977843142,0.68710346394249355,1.4518102032685027,0.69357220490523031,25
10,6,"DenseLayer( 128,64 )","weights",0.62566862972641724,0.685615545893561,1.44878495846459,0.69241878214779928,25
10,6,"DenseLayer( 128,64 )","biases",0.040752743684244495,0.045193953034094146,0.093675025707427417,0.039982915677339075,25
10,8,"DenseLayer( 64,1 )","all",0.48629985297207551,0.53944360506720979,1.2050120727525788,0.58089658850988901,25
10,8,"DenseLayer( 64,1 )","weights",0.48214608860461161,0.53471601727120355,1.1947368682176787,0.57783636923348514,25
10,8,"DenseLayer( 64,1 )","biases",0.061633216217160225,0.071261377488298985,0.15702837705612183,0.059548106044530869,25
11,0,"Conv2DLayer(1,8,5, stride=5, padding=0)","all",0.27296954271766233,0.31651361773941117,0.75974622155386851,0.14410641599066232,25
11,0,"Conv2DLayer(1,8,5, stride=5, padding=0)","weights",0.26542371097868717,0.30989864451672861,0.75141609675126297,0.14249996861254341,25
11,0,"Conv2DLayer(1,8,5, stride=5, padding=0)","biases",0.058873012153007082,0.064371580229044809,0.11556152815178727,0.021457354801977861,25
11,4,"DenseLayer( 7202,128 )","all",0.32597049024230051,0.36408637574284675,0.74936841497114293,0.14220085140713862,25
11,4,"DenseLayer( 7202,128 )","weights",0.32551974187364341,0.36357465643585346,0.74827462684913415,0.1420282420883211,25
11,4,"DenseLayer( 7202,128 )","biases",0.017105387849679576,0.01929658516713435,0.040473499603471838,0.0070043265355329452,25
11,6,"DenseLayer( 128,64 )","all",0.58811826576837722,0.67716658001164809,1.4239767708493256,0.14318023708159777,25
11,6,"DenseLayer( 128,64 )","weights",0.58678952708627863,0.67562244771559954,1.420750604639998,0.14295716226509009,25
11,6,"DenseLayer( 128,64 )","biases",0.039346063349511608,0.045704323947016005,0.095799599861131624,0.0079893709298822172,25
11,8,"DenseLayer( 64,1 )","all",0.46773737678440402,0.54363337114645105,1.1534849868728334,0.084163280620940376,25
11,8,"DenseLayer( 64,1 )","weights",0.46334361317555228,0.53841640717370376,1.1426188270900008,0.084062471715334292,25
11,8,"DenseLayer( 64,1 )","biases",0.062871574312448497,0.07513331291920633,0.15795515477657318,0.0041180886328220367,25
12,0,"Conv2DLayer(1,8,5, stride=5, padding=0)","all",0.276330567759413,0.34670641932948032,0.87054525455831377,0.14676683878542163,25
12,0,"Conv2DLayer(1,8,5, stride=5, padding=0)","weights",0.26992957827153108,0.34059023503662844,0.86000751751599125,0.13954229142714691,25
12,0,"Conv2DLayer(1,8,5, stride=5, padding=0)","biases",0.054878630774391597,0.064835430144047412,0.13504114206411799,0.045480258028370316,25
12,4,"DenseLayer( 7202,128 )","all",0.27844340064384959,0.30896848375282998,0.51223577582995228,0.26568588790645176,25
12,4,"DenseLayer( 7202,128 )","weights",0.27806746236751861,0.30854284507161872,0.51149819236099003,0.2652670342299156,25
12,4,"DenseLayer( 7202,128 )","biases",0.014432084749900138,0.016212239439197116,0.027478887378362557,0.014912799318183862,25
12,6,"DenseLayer( 128,64 )","all",0.48080620699135401,0.55508695508975492,0.98640060223494908,0.52877374387892317,25
12,6,"DenseLayer( 128,64 )","weights",0.47973608580983479,0.55380414391375565,0.98378550860868597,0.52732446851756187,25
12,6,"DenseLayer( 128,64 )","biases",0.031827805641035697,0.037716016422308596,0.07177897422657524,0.039122590895848387,25
12,8,"DenseLayer( 64,1 )","all",0.37512686922145339,0.43951411381967004,0.77619588885217339,0.41942438926200321,25
12,8,"DenseLayer( 64,1 )","weights",0.37169245266582918,0.43525911711393372,0.76948084618019053,0.41417092808044031,25
12,8,"DenseLayer( 64,1 )","biases",0.049223252106457949,0.061009484638773891,0.1183202862739563,0.066175982356071472,25
13,0,"Conv2DLayer(1,8,5, stride=5, padding=0)","all",0.249119854091368,0.28667646853976353,0.53476594407376798,0.53476594407376798,25
13,0,"Conv2DLayer(1,8,5, stride=5, padding=0)","weights",0.24411599823733543,0.28189928615709936,0.52838048756366285,0.52838048756366285,25
13,0,"Conv2DLayer(1,8,5, stride=5, padding=0)","biases",0.047478195406206146,0.052117080487570043,0.082393417838406841,0.082393417838406841,25
13,4,"DenseLayer( 7202,128 )","all",0.23236645484211654,0.24760739534459408,0.41367034140587799,0.27829946416041035,25
13,4,"DenseLayer( 7202,128 )","weights",0.23205399399246082,0.24726961078132334,0.41305735973496743,0.27798203806923161,25
13,4,"DenseLayer( 7202,128 )","biases",0.012014482677309819,0.012929107215387236,0.022511528771572989,0.013288275390274228,25
13,6,"DenseLayer( 128,64 )","all",0.38713017136005629,0.42378078403466307,0.76325673827650753,0.35046084622580964,25
13,6,"DenseLayer( 128,64 )","weights",0.38625590006806165,0.42280432843445631,0.76155989176031869,0.35005374678781837,25
13,6,"DenseLayer( 128,64 )","biases",0.02584379491433255,0.028751569941868334,0.052169399362929886,0.016887246581977947,25
13,8,"DenseLayer( 64,1 )","all",0.29875355279992283,0.33267332208454442,0.62498954231287374,0.28371477304125092,25
13,8,"DenseLayer( 64,1 )","weights",0.2960445240492855,0.32952858870127294,0.61936815786367516,0.28371326795025831,25
13,8,"DenseLayer( 64,1 )","biases",0.038475233931094407,0.045633852076220366,0.087363481521606445,0.00092413788661360741,25
14,0,"Conv2DLayer(1,8,5, stride=5, padding=0)","all",0.28593713557265843,0.32666271778873479,0.6780086417152662,0.43562388168821009,25
14,0,"Conv2DLayer(1,8,5, stride=5, padding=0)","weights",0.28057100916965855,0.32139417130513054,0.66760148729247826,0.42951572517316167,25
14,0,"Conv2DLayer(1,8,5, stride=5, padding=0)","biases",0.053253872274853301,0.05843216446625097,0.11833838094824173,0.072693934589322634,25
14,4,"DenseLayer( 7202,128 )","all",0.26988698675349515,0.28784969843848129,0.47989245205709125,0.34448758965413268,25
14,4,"DenseLayer( 7202,128 )","weights",0.26950200581792216,0.28743716521060281,0.47922049356456436,0.34401134458736005,25
14,4,"DenseLayer( 7202,128 )","biases",0.014401018535827311,0.015405354485283521,0.025386691180675207,0.018107849704223012,25
14,6,"DenseLayer( 128,64 )","all",0.45643302385609208,0.50375482299696805,0.86340454921226784,0.63720850472400037,25
14,6,"DenseLayer( 128,64 )","weights",0.45540828266857625,0.50262335702820382,0.86166224554384541,0.63594409332897206,25
14,6,"DenseLayer( 128,64 )","biases",0.030463708091747522,0.033744372307177639,0.059020138910728971,0.040122171583652395,25
14,8,"DenseLayer( 64,1 )","all",0.35980362514941155,0.40480040953219454,0.71989312824489449,0.54161214892032317,25
14,8,"DenseLayer( 64,1 )","weights",0.35669656953181311,0.40125977315974637,0.7144814725641444,0.53774681064841634,25
14,8,"DenseLayer( 64,1 )","biases",0.046011749389581386,0.053422523351310508,0.09938996285200119,0.064591698348522186,25
15,0,"Conv2DLayer(1,8,5, stride=5, padding=0)","all",0.27659850863185237,0.33769419907741333,0.76452032784086621,0.70246332199446115,25
15,0,"Conv2DLayer(1,8,5, stride=5, padding=0)","weights",0.2684624566273523,0.32975898225496841,0.75426813154712513,0.69503458928265183,25
15,0,"Conv2DLayer(1,8,5, stride=5, padding=0)","biases",0.06262951803001042,0.072776271632332731,0.13310856437468938,0.10189032558682617,25
15,4,"DenseLayer( 7202,128 )","all",0.30693196679546969,0.34800138083546067,0.72852981075003009,0.41303614757340557,25
15,4,"DenseLayer( 7202,128 )","weights",0.30647065634123966,0.34746974157861316,0.72739523125521566,0.41245986284759845,25
15,4,"DenseLayer( 7202,128 )","biases",0.016792504001459724,0.019228618012720716,0.040643113791218446,0.02181102340607511,25
15,6,"DenseLayer( 128,64 )","all",0.5487981263489925,0.65327109486023505,1.5314821042411868,0.6532976434591361,25
15,6,"DenseLayer( 128,64 )","weights",0.54739762819327353,0.65157841678869521,1.5276722799149294,0.65222118360556658,25
15,6,"DenseLayer( 128,64 )","biases",0.038999046482630861,0.046996703661295117,0.10795758792477272,0.037487846102629091,25
15,8,"DenseLayer( 64,1 )","all",0.42734626117242142,0.51491121616981572,1.2469684424725767,0.53150069367778907,25
15,8,"DenseLayer( 64,1 )","weights",0.42275831402927838,0.50918543434549091,1.2336420087976656,0.5294236139236963,25
15,8,"DenseLayer( 64,1 )","biases",0.060554237060714514,0.076575152548803191,0.18181774020195007,0.046942777931690216,25
16,0,"Conv2DLayer(1,8,5, stride=5, padding=0)","all",0.26246988383492703,0.30644526584723142,0.71354242881034313,0.10094676542813565,25
16,0,"Conv2DLayer(1,8,5, stride=5, padding=0)","weights",0.2573444955208925,0.30133016789872397,0.70098597370041549,0.09753520607688379,25
16,0,"Conv2DLayer(1,8,5, stride=5, padding=0)","biases",0.049231523871743281,0.05575689082353099,0.13327213657717027,0.026021779838105868,25
16,4,"DenseLayer( 7202,128 )","all",0.22717527695314263,0.237285463131929,0.39190972142265385,0.20662543286716023,25
16,4,"DenseLayer( 7202,128 )","weights",0.2268466205681437,0.23694011448587474,0.39135930248995249,0.20632253727619015,25
16,4,"DenseLayer( 7202,128 )","biases",0.012192890849851373,0.012797388841267564,0.021534539660681206,0.011183922364558162,25
16,6,"DenseLayer( 128,64 )","all",0.34670526175822874,0.37085228928830594,0.73663260619357507,0.32373494985921175,25
16,6,"DenseLayer( 128,64 )","weights",0.34583449367768726,0.36990504957328524,0.73459459698065499,0.32294121716436369,25
16,6,"DenseLayer( 128,64 )","biases",0.024380959464163073,0.026489144390914723,0.054757415884679375,0.022655860538625481,25
16,8,"DenseLayer( 64,1 )","all",0.25759682826795566,0.2801221865200596,0.59548723961444028,0.23176802079431721,25
16,8,"DenseLayer( 64,1 )","weights",0.25505256443227692,0.27723971950173354,0.58815820583175049,0.22924599706291557,25
16,8,"DenseLayer( 64,1 )","biases",0.03393569633481093,0.04008213207127552,0.093139559030532837,0.034098215401172638,25
17,0,"Conv2DLayer(1,8,5, stride=5, padding=0)","all",0.23530559052890124,0.2677583095083032,0.46842823349187784,0.33026414589620118,25
17,0,"Conv2DLayer(1,8,5, stride=5, padding=0)","weights",0.22890230469966302,0.26190758936673281,0.46408189681075884,0.32570011365280538,25
17,0,"Conv2DLayer(1,8,5, stride=5, padding=0)","biases",0.050663066827803499,0.055668006456591985,0.099738318983008958,0.054716012565764791,25
17,4,"DenseLayer( 7202,128 )","all",0.2536287458316922,0.2762506814743354,0.52442994546751442,0.23318613228834359,25
17,4,"DenseLayer( 7202,128 )","weights",0.25321734889363029,0.27579290148097219,0.52345263650162543,0.23284334144455454,25
17,4,"DenseLayer( 7202,128 )","biases",0.014420252847626384,0.015896996815169144,0.032001641247869875,0.012639249840535181,25
17,6,"DenseLayer( 128,64 )","all",0.44822899463459598,0.50425865711048767,1.0196445672132086,0.40554271306763251,25
17,6,"DenseLayer( 128,64 )","weights",0.44703677901075456,0.50288256896869699,1.0165064708788425,0.40467230015964145,25
17,6,"DenseLayer( 128,64 )","biases",0.032547575383535032,0.037227880658400596,0.079935211946003268,0.026556008844725535,25
17,8,"DenseLayer( 64,1 )","all",0.35392956222183447,0.402071664260642,0.80616522437296279,0.35277041582685253,25
17,8,"DenseLayer( 64,1 )","weights",0.35000198053144427,0.39740798961341656,0.79490388352353636,0.35013932387210828,25
17,8,"DenseLayer( 64,1 )","biases",0.051917364948894831,0.061061550854404428,0.13427652418613434,0.043004885315895081,25
18,0,"Conv2DLayer(1,8,5, stride=5, padding=0)","all",0.28086417206177133,0.31732322593021461,0.58824480346540775,0.29061768268613219,25
18,0,"Conv2DLayer(1,8,5, stride=5, padding=0)","weights",0.27555480351251788,0.31186538794904928,0.58150237356434109,0.28697495831285424,25
18,0,"Conv2DLayer(1,8,5, stride=5, padding=0)","biases",0.053044798882644822,0.058600422474134183,0.1061135575111645,0.045869497394161615,25
18,4,"DenseLayer( 7202,128 )","all",0.25100309060732062,0.26448408666432655,0.4020784690382434,0.15610123646424762,25
18,4,"DenseLayer( 7202,128 )","weights",0.25060031624871826,0.26405157668718426,0.40138159811398927,0.15594206001397759,25
18,4,"DenseLayer( 7202,128 )","biases",0.014190832615414505,0.015119422861837213,0.023801170928649067,0.007047690704334056,25
18,6,"DenseLayer( 128,64 )","all",0.4221134369443954,0.45837839076083198,0.73149095057510716,0.17615390137532771,25
18,6,"DenseLayer( 128,64 )","weights",0.42100677520772267,0.45713498168555733,0.72940118846918689,0.17593768970281953,25
18,6,"DenseLayer( 128,64 )","biases",0.030377583376972845,0.033739555951955567,0.056323697301422136,0.008725039357107247,25
18,8,"DenseLayer( 64,1 )","all",0.32395560244782146,0.35548120799545652,0.58931305762443886,0.13293886857475751,25
18,8,"DenseLayer( 64,1 )","weights",0.32046033549469649,0.3514669882472467,0.58300487379003563,0.13289499124332288,25
18,8,"DenseLayer( 64,1 )","biases",0.046162560814991593,0.053271431464892618,0.091358155012130737,0.0034152716398239136,25
19,0,"Conv2DLayer(1,8,5, stride=5, padding=0)","all",0.38501963273891338,0.42695542115261498,0.80224770352310337,0.17025765526716208,25
19,0,"Conv2DLayer(1,8,5, stride=5, padding=0)","weights",0.37724860372146163,0.41961454172955948,0.78974727770299968,0.16749376733616739,25
19,0,"Conv2DLayer(1,8,5, stride=5, padding=0)","biases",0.073457098001933674,0.078832531487315768,0.14106954018778894,0.030553348108016354,25
19,4,"DenseLayer( 7202,128 )","all",0.38055706877328638,0.41623055071336529,0.72729442288333357,0.16381081652547855,25
19,4,"DenseLayer( 7202,128 )","weights",0.37989688315836584,0.41549879429750497,0.72597787441450146,0.16353018484604856,25
19,4,"DenseLayer( 7202,128 )","biases",0.022386544991261685,0.024670291535995252,0.043741323914618074,0.00958447990040074,25
19,6,"DenseLayer( 128,64 )","all",0.6887066850333684,0.77494761659838751,1.3904260139519971,0.30227405892346149,25
19,6,"DenseLayer( 128,64 )","weights",0.68684254864945693,0.77280676273818505,1.3865272972187148,0.30143939319263935,25
19,6,"DenseLayer( 128,64 )","biases",0.050486611288421586,0.057563147391780978,0.10405072965532107,0.022447693193681038,25
19,8,"DenseLayer( 64,1 )","all",0.55075290800576193,0.62494080021265308,1.1086532266113645,0.25495695031667887,25
19,8,"DenseLayer( 64,1 )","weights",0.54484338402701893,0.61788630768189623,1.0952144879928627,0.2520205453436275,25
19,8,"DenseLayer( 64,1 )","biases",0.07867911402136088,0.093635007073552934,0.17209649085998535,0.038583561778068542,25
20,0,"Conv2DLayer(1,8,5, stride=5, padding=0)","all",0.27214128959814837,0.32012918242869037,0.61832761547540593,0.12300253815393743,25
20,0,"Conv2DLayer(1,8,5, stride=5, padding=0)","weights",0.26679416580809528,0.3147415067169852,0.61118239913015349,0.11367382178687353,25
20,0,"Conv2DLayer(1,8,5, stride=5, padding=0)","biases",0.05170245435418689,0.058484847541766513,0.096425312243412442,0.046988154173971862,25
20,4,"DenseLayer( 7202,128 )","all",0.21200286908187024,0.2224351070767619,0.32063462101812207,0.27200762191492234,25
20,4,"DenseLayer( 7202,128 )","weights",0.21162579435978324,0.2220379187490813,0.32005093673260848,0.271494717599363,25
20,4,"DenseLayer( 7202,128 )","biases",0.01262198086127095,0.01328681669275599,0.019337996070291474,0.016696247945377111,25
20,6,"DenseLayer( 128,64 )","all",0.36572071702304876,0.39174956263750105,0.57414834611715948,0.57414834611715948,25
20,6,"DenseLayer( 128,64 )","weights",0.36459800770164952,0.39053001241255025,0.57229124222584205,0.57229124222584205,25
20,6,"DenseLayer( 128,64 )","biases",0.028509282190516776,0.030887363625384225,0.046897363154251269,0.046141710205323712,25
20,8,"DenseLayer( 64,1 )","all",0.27564078031561856,0.29679660585189238,0.4527342857179027,0.4527342857179027,25
20,8,"DenseLayer( 64,1 )","weights",0.27208655853352304,0.29292367780391643,0.44619235403118973,0.44619235403118973,25
20,8,"DenseLayer( 64,1 )","biases",0.043146578562445942,0.04779062907130377,0.076685830950737,0.076685830950737,25
21,0,"Conv2DLayer(1,8,5, stride=5, padding=0)","all",0.26283268304324964,0.30055877100740802,0.65059561420868994,0.48328268508146521,25
21,0,"Conv2DLayer(1,8,5, stride=5, padding=0)","weights",0.2583410107239657,0.29608550627222263,0.64390186478839528,0.47529502100058491,25
21,0,"Conv2DLayer(1,8,5, stride=5, padding=0)","biases",0.047061900309319567,0.051661860254980686,0.093086206011468609,0.087503124010541514,25
21,4,"DenseLayer( 7202,128 )","all",0.19866398057264192,0.21271802836410386,0.35378603145987286,0.23171218534627214,25
21,4,"DenseLayer( 7202,128 )","weights",0.19831238105545834,0.21233593433894801,0.35314001840938442,0.23131215495951968,25
21,4,"DenseLayer( 7202,128 )","biases",0.011787235826265677,0.012744040941461705,0.021370153343993399,0.013609695291531072,25
21,6,"DenseLayer( 128,64 )","all",0.31722206868680353,0.34525317128277727,0.62501319291858404,0.35176061148848198,25
21,6,"DenseLayer( 128,64 )","weights",0.31629269103774454,0.3442189437407896,0.62289644212491335,0.35065761832049797,25
21,6,"DenseLayer( 128,64 )","biases",0.024092323345968714,0.026703390248990145,0.051395658478198956,0.027834556014902249,25
21,8,"DenseLayer( 64,1 )","all",0.23894051534292327,0.26456359227794002,0.49227625752350734,0.24203408842535865,25
21,8,"DenseLayer( 64,1 )","weights",0.23625245977948078,0.26145944852817465,0.48493683366107687,0.23943345248368958,25
21,8,"DenseLayer( 64,1 )","biases",0.034277212382294239,0.040408552737643065,0.084688730537891388,0.035385333001613617,25
22,0,"Conv2DLayer(1,8,5, stride=5, padding=0)","all",0.30675735184643149,0.35982544212372275,0.83915942168120705,0.23156905150804533,25
22,0,"Conv2DLayer(1,8,5, stride=5, padding=0)","weights",0.30004830898024032,0.35344641687463635,0.82839612121160322,0.22033634056832493,25
22,0,"Conv2DLayer(1,8,5, stride=5, padding=0)","biases",0.061729781284587226,0.067453533621400233,0.13397164385760366,0.071246913205379472,25
22,4,"DenseLayer( 7202,128 )","all",0.26534218337050036,0.28023080384149091,0.43131133107424757,0.43131133107424757,25
22,4,"DenseLayer( 7202,128 )","weights",0.26483742346156014,0.27969241761019514,0.43043683543893108,0.43043683543893108,25
22,4,"DenseLayer( 7202,128 )","biases",0.016327832948783223,0.017362458150053842,0.027451685018551671,0.027451685018551671,25
22,6,"DenseLayer( 128,64 )","all",0.46766411675880504,0.50259505522165382,0.81507891633480911,0.81507891633480911,25
22,6,"DenseLayer( 128,64 )","weights",0.4661213760972055,0.50092737922394548,0.81237942114539452,0.81237942114539452,25
22,6,"DenseLayer( 128,64 )","biases",0.037820665030925363,0.040909048841139418,0.066282093758422658,0.066282093758422658,25
22,8,"DenseLayer( 64,1 )","all",0.35762922522798962,0.38666216353853355,0.63547719152432103,0.63547719152432103,25
22,8,"DenseLayer( 64,1 )","weights",0.35264269987038965,0.381197191387315,0.6261801459962465,0.6261801459962465,25
22,8,"DenseLayer( 64,1 )","biases",0.058181105253752322,0.064779086059641056,0.10830367356538773,0.10830367356538773,25
23,0,"Conv2DLayer(1,8,5, stride=5, padding=0)","all",0.36823662268588142,0.42128551531635489,0.79288935244072689,0.25121919201194914,25
23,0,"Conv2DLayer(1,8,5, stride=5, padding=0)","weights",0.36288572096620436,0.41572889993647566,0.78480269831637861,0.24752551950008883,25
23,0,"Conv2DLayer(1,8,5, stride=5, padding=0)","biases",0.061550083956140061,0.068197999772533976,0.12010560605286456,0.042920853106010293,25
23,4,"DenseLayer( 7202,128 )","all",0.23212794682050331,0.24851871808270123,0.43503330910149629,0.18645825555262507,25
23,4,"DenseLayer( 7202,128 )","weights",0.23171628976250666,0.24807291960789432,0.4341332691781738,0.18613184002815125,25
23,4,"DenseLayer( 7202,128 )","biases",0.013799878725941364,0.014878837141535038,0.027969351448850519,0.011028109151742726,25
23,6,"DenseLayer( 128,64 )","all",0.36691055490623276,0.39929486389155106,0.7453924012133164,0.31043244778757345,25
23,6,"DenseLayer( 128,64 )","weights",0.36583697292162709,0.39811431941851877,0.74257906588553546,0.30963899609890144,25
23,6,"DenseLayer( 128,64 )","biases",0.027865667020806062,0.030681867676233161,0.064700561783644667,0.02218099939698457,25
23,8,"DenseLayer( 64,1 )","all",0.27973890012601899,0.30769128689524122,0.56510097330373443,0.24110389526733475,25
23,8,"DenseLayer( 64,1 )","weights",0.27665904523656953,0.30427873600355493,0.55734237619973459,0.23878753169569253,25
23,8,"DenseLayer( 64,1 )","biases",0.039910125844180584,0.045698783871439996,0.10285765677690506,0.033340711146593094,25
24,0,"Conv2DLayer(1,8,5, stride=5, padding=0)","all",0.36016508092786176,0.42383760404690546,0.79668205034259609,0.08594051423877129,25
24,0,"Conv2DLayer(1,8,5, stride=5, padding=0)","weights",0.35379810209690721,0.41758845270880474,0.78520602567687725,0.080998471825899698,25
24,0,"Conv2DLayer(1,8,5, stride=5, padding=0)","biases",0.064400000031345897,0.072513438537196384,0.13473598843221515,0.028723153543672421,25
24,4,"DenseLayer( 7202,128 )","all",0.23509210743654049,0.25233029929122669,0.43411223802498883,0.17675807277801739,25
24,4,"DenseLayer( 7202,128 )","weights",0.23463798290254703,0.25183857640866797,0.43317409572062182,0.17637010290225291,25
24,4,"DenseLayer( 7202,128 )","biases",0.014577771565972212,0.015745201581927229,0.028524340477671276,0.011704832098224293,25
24,6,"DenseLayer( 128,64 )","all",0.387438711363919,0.42832431888459971,0.84301714960304575,0.26636886405960331,25
24,6,"DenseLayer( 128,64 )","weights",0.38620069992501987,0.42692535149627375,0.83999215994309617,0.26535478310966992,25
24,6,"DenseLayer( 128,64 )","biases",0.030739195745182368,0.034589975393737905,0.071351844818308169,0.023220913445070566,25
24,8,"DenseLayer( 64,1 )","all",0.30013978958741711,0.33432530923487058,0.66469048500132433,0.18028762607693952,25
24,8,"DenseLayer( 64,1 )","weights",0.2963755878914292,0.32995862820978394,0.65375841067570706,0.1768691571006763,25
24,8,"DenseLayer( 64,1 )","biases",0.045913279168307779,0.053858296156761194,0.12005574256181717,0.034941799938678741,25
25,0,"Conv2DLayer(1,8,5, stride=5, padding=0)","all",0.32642673582068588,0.37601378210328978,1.0119392868918096,0.18862705197627311,25
25,0,"Conv2DLayer(1,8,5, stride=5, padding=0)","weights",0.32147595159774772,0.37067133444613731,0.99745942193540815,0.18496906509643687,25
25,0,"Conv2DLayer(1,8,5, stride=5, padding=0)","biases",0.055360031930190207,0.063159529380293025,0.17057497456363804,0.036967684463727696,25
25,4,"DenseLayer( 7202,128 )","all",0.22564979895700032,0.25396011938044205,0.54490693202028329,0.1573357460518508,25
25,4,"DenseLayer( 7202,128 )","weights",0.22521005594923518,0.25345258856110531,0.54376105808072794,0.15701473571639096,25
25,4,"DenseLayer( 7202,128 )","biases",0.014058433613809335,0.016047666104560012,0.035319630217272885,0.010045384691707054,25
25,6,"DenseLayer( 128,64 )","all",0.37334638139325849,0.43350392166519425,1.0048805821764606,0.24177970710367269,25
25,6,"DenseLayer( 128,64 )","weights",0.37212403717376308,0.43205974379072709,1.0015320441514106,0.24086899131565359,25
25,6,"DenseLayer( 128,64 )","biases",0.030085652347270151,0.035355733546260475,0.081966755292613158,0.020965585842455264,25
25,8,"DenseLayer( 64,1 )","all",0.28259262243438021,0.33372114909346134,0.79515994933118994,0.17104783641846971,25
25,8,"DenseLayer( 64,1 )","weights",0.27891179883806266,0.32919633391675934,0.78389882572524305,0.16788965519176979,25
25,8,"DenseLayer( 64,1 )","biases",0.044204922821372748,0.054768413232681487,0.13334907591342926,0.032717365771532059,25
26,0,"Conv2DLayer(1,8,5, stride=5, padding=0)","all",0.31768439749080246,0.38990725362861717,1.0366715929589121,0.16475953126837389,25
26,0,"Conv2DLayer(1,8,5, stride=5, padding=0)","weights",0.31314689652748401,0.38525795236155191,1.027142160465083,0.16313065319170678,25
26,0,"Conv2DLayer(1,8,5, stride=5, padding=0)","biases",0.051854269744146739,0.060033128973883999,0.14023898831312828,0.023110455058725395,25
26,4,"DenseLayer( 7202,128 )","all",0.20342426664940544,0.2207116050681262,0.40375385191555418,0.13991237113401139,25
26,4,"DenseLayer( 7202,128 )","weights",0.2030372180439047,0.22028712560092362,0.40315327787755867,0.13966959611497407,25
26,4,"DenseLayer( 7202,128 )","biases",0.012508444562679532,0.013681918952815489,0.023472699713472819,0.0082386599287362673,25
26,6,"DenseLayer( 128,64 )","all",0.32250068407522819,0.35852009856305866,0.64143631833610348,0.14216236332625171,25
26,6,"DenseLayer( 128,64 )","weights",0.3215532323700061,0.35744034053736617,0.63913945929603255,0.14174110808708981,25
26,6,"DenseLayer( 128,64 )","biases",0.024444816849458127,0.027804029028128101,0.054233772239723352,0.01093598759825168,25
26,8,"DenseLayer( 64,1 )","all",0.2537541494183877,0.2867492568735075,0.53648314832727684,0.063818837891707822,25
26,8,"DenseLayer( 64,1 )","weights",0.25112126152944936,0.28363126895245855,0.52890247212068853,0.063802259096959829,25
26,8,"DenseLayer( 64,1 )","biases",0.033834033543244005,0.042171549531964288,0.08986847847700119,0.0014545803423970938,25
27,0,"Conv2DLayer(1,8,5, stride=5, padding=0)","all",0.38443190142367678,0.45264977440406767,0.82481259449150213,0.093512175724777699,25
27,0,"Conv2DLayer(1,8,5, stride=5, padding=0)","weights",0.37839581388074656,0.44634915268648057,0.81588830458232731,0.090566332917874956,25
27,0,"Conv2DLayer(1,8,5, stride=5, padding=0)","biases",0.065768966858072306,0.075261226166693507,0.13971628310961265,0.023286613119780645,25
27,4,"DenseLayer( 7202,128 )","all",0.22282027137178317,0.23988991069216503,0.42273956364078225,0.16460765383573547,25
27,4,"DenseLayer( 7202,128 )","weights",0.22238505903631911,0.23941537509128102,0.42175135366944277,0.1642526151794941,25
27,4,"DenseLayer( 7202,128 )","biases",0.013889869639123654,0.015081360077795083,0.028888308105384092,0.010805466579576532,25
27,6,"DenseLayer( 128,64 )","all",0.36150935847043414,0.40335954942430702,0.78501458077027053,0.28885653104777392,25
27,6,"DenseLayer( 128,64 )","weights",0.36031271094161121,0.40199703695980854,0.78161347667828518,0.28788707260429586,25
27,6,"DenseLayer( 128,64 )","biases",0.029194196225414335,0.033125645462605997,0.072994966242935333,0.023645907812610622,25
27,8,"DenseLayer( 64,1 )","all",0.27546241893825157,0.3146229279847545,0.58615360288014007,0.21677419071297629,25
27,8,"DenseLayer( 64,1 )","weights",0.27196099733010681,0.31050169124700328,0.57436221936822252,0.21347488616907001,25
27,8,"DenseLayer( 64,1 )","biases",0.041623207164811903,0.050757132961295651,0.11697900295257568,0.037676554173231125,25
28,0,"Conv2DLayer(1,8,5, stride=5, padding=0)","all",0.46583610473624887,0.56379502565067607,1.1084116577614274,0.14350919748992214,25
28,0,"Conv2DLayer(1,8,5, stride=5, padding=0)","weights",0.45823026959176733,0.55610704544910849,1.0955082617366911,0.13631930489389957,25
28,0,"Conv2DLayer(1,8,5, stride=5, padding=0)","biases",0.080637342661662795,0.092788926873359406,0.16863585481174853,0.044854619354594019,25
28,4,"DenseLayer( 7202,128 )","all",0.2804702869482904,0.30053439891406902,0.47866758771329443,0.25337556919490078,25
28,4,"DenseLayer( 7202,128 )","weights",0.27989868033217485,0.29992162299813879,0.47766556448742548,0.25278339261203037,25
28,4,"DenseLayer( 7202,128 )","biases",0.017867776128865028,0.019181892211224794,0.03095590460919528,0.0173128704838936,25
28,6,"DenseLayer( 128,64 )","all",0.47813203157002926,0.51443392207989846,0.82649791079984181,0.47062283943169686,25
28,6,"DenseLayer( 128,64 )","weights",0.47657877621833805,0.51275753474565178,0.82353554166241871,0.46874778940127204,25
28,6,"DenseLayer( 128,64 )","biases",0.038272823871947047,0.041496635382508119,0.069914291638332765,0.04196864217690905,25
28,8,"DenseLayer( 64,1 )","all",0.37433747008588242,0.40540393547764803,0.67848950876288094,0.38079990241845935,25
28,8,"DenseLayer( 64,1 )","weights",0.36964514200152893,0.40036823172112213,0.67191508055646509,0.37422223125247539,25
28,8,"DenseLayer( 64,1 )","biases",0.056455600936897096,0.063699528485435947,0.10495348274707794,0.070471890270709991,25
29,0,"Conv2DLayer(1,8,5, stride=5, padding=0)","all",0.34948513347599069,0.41753575645091745,0.90385328920503893,0.086259134450520303,25
29,0,"Conv2DLayer(1,8,5, stride=5, padding=0)","weights",0.34346910899008587,0.41173633745441462,0.89467839497612511,0.082561132446055382,25
29,0,"Conv2DLayer(1,8,5, stride=5, padding=0)","biases",0.061871607094656104,0.069349090366523508,0.12845753372111898,0.024985949759371563,25
29,4,"DenseLayer( 7202,128 )","all",0.26224021630230904,0.28253091706416161,0.45152673905899648,0.17630976057618411,25
29,4,"DenseLayer( 7202,128 )","weights",0.26167955015234662,0.28191993605045507,0.45046423682116388,0.175893479692911,25
29,4,"DenseLayer( 7202,128 )","biases",0.017115266151692825,0.018570642272777979,0.03095751008039092,0.012108487764822984,25
29,6,"DenseLayer( 128,64 )","all",0.44263106176045897,0.48866416099131754,0.84062192151268833,0.35788447401387002,25
29,6,"DenseLayer( 128,64 )","weights",0.44112219964182126,0.48697458916744601,0.83748012689847418,0.35631571078484681,25
29,6,"DenseLayer( 128,64 )","biases",0.036367101373654891,0.040600637218466074,0.072610274602152677,0.033472540806962908,25
29,8,"DenseLayer( 64,1 )","all",0.35189426674740409,0.39345823044625122,0.68878300555969318,0.29199551220095893,25
29,8,"DenseLayer( 64,1 )","weights",0.34729613677291649,0.38808168610605059,0.67794502751199492,0.28626023182607752,25
29,8,"DenseLayer( 64,1 )","biases",0.05442881519906223,0.06482271218469772,0.12170689553022385,0.05758870393037796,25
30,0,"Conv2DLayer(1,8,5, stride=5, padding=0)","all",0.27377096253610306,0.31899363339240033,0.67841307090862391,0.18570091059941168,25
30,0,"Conv2DLayer(1,8,5, stride=5, padding=0)","weights",0.26764261725041344,0.31368882230845718,0.67184348342136724,0.17892942414548652,25
30,0,"Conv2DLayer(1,8,5, stride=5, padding=0)","biases",0.054326694534734883,0.057933245236377648,0.10546668911212087,0.049689932304394127,25
30,4,"DenseLayer( 7202,128 )","all",0.23848059200512953,0.25433608597555935,0.41935906279998231,0.25892249482350632,25
30,4,"DenseLayer( 7202,128 )","weights",0.23793418650913692,0.25374994749232488,0.41829643599832966,0.25828616586169473,25
30,4,"DenseLayer( 7202,128 )","biases",0.016109186299052929,0.017257136987620041,0.029834798198996284,0.018141522816283718,25
30,6,"DenseLayer( 128,64 )","all",0.41503441300698773,0.45207584816816215,0.79667825855511609,0.53750745226855579,25
30,6,"DenseLayer( 128,64 )","weights",0.4134219476826641,0.45031071108743947,0.79353165078044074,0.53527079333013972,25
30,6,"DenseLayer( 128,64 )","biases",0.036423328266135327,0.039910349245374961,0.070737308855236367,0.048984069369098236,25
30,8,"DenseLayer( 64,1 )","all",0.32519090434339482,0.35970785442809905,0.65889666458905216,0.42842749593293089,25
30,8,"DenseLayer( 64,1 )","weights",0.31974540652152023,0.35368274529133059,0.64761348212727987,0.42015134393603726,25
30,8,"DenseLayer( 64,1 )","biases",0.058167672085692172,0.065561087700359913,0.12141495943069458,0.083803147077560425,25
31,0,"Conv2DLayer(1,8,5, stride=5, padding=0)","all",0.49762568627419063,0.58933575519717862,1.1482551667793111,0.87913651235304591,25
31,0,"Conv2DLayer(1,8,5, stride=5, padding=0)","weights",0.48822150898692679,0.57916373133899546,1.1297121633231233,0.86359923263522842,25
31,0,"Conv2DLayer(1,8,5, stride=5, padding=0)","biases",0.094329788992845512,0.10902295471743878,0.20552458751977074,0.16455203658454617,25
31,4,"DenseLayer( 7202,128 )","all",0.29568025111238649,0.32120636985554035,0.54532910492709252,0.35523374785666134,25
31,4,"DenseLayer( 7202,128 )","weights",0.29497411377212385,0.3204257398893724,0.54381287972273695,0.35439817257168166,25
31,4,"DenseLayer( 7202,128 )","biases",0.020393046172051871,0.022380287132261409,0.040637230814216503,0.024350583034962296,25
31,6,"DenseLayer( 128,64 )","all",0.51000465716264376,0.56041045762396802,0.98912477763215634,0.63555134688156856,25
31,6,"DenseLayer( 128,64 )","weights",0.5078387063962958,0.55794967961176345,0.98402001097442049,0.63272421814297308,25
31,6,"DenseLayer( 128,64 )","biases",0.046776339835140963,0.052459851652818835,0.10036156499260053,0.05987969854916915,25
31,8,"DenseLayer( 64,1 )","all",0.38868431961905142,0.4251546579127185,0.73748149559871623,0.49045783976027924,25
31,8,"DenseLayer( 64,1 )","weights",0.38146497147706732,0.41680923306770495,0.71891371278878347,0.48028714522715016,25
31,8,"DenseLayer( 64,1 )","biases",0.07342363655567169,0.083824497459825439,0.16444461047649384,0.099363729357719421,25
32,0,"Conv2DLayer(1,8,5, stride=5, padding=0)","all",0.45578199754680471,0.5235537329459623,0.997781596469967,0.25051957887814685,25
32,0,"Conv2DLayer(1,8,5, stride=5, padding=0)","weights",0.4501003420813337,0.5176043088525164,0.98803858612669515,0.2482022185717834,25
32,0,"Conv2DLayer(1,8,5, stride=5, padding=0)","biases",0.070571509076711475,0.078703816546345298,0.13909660879732905,0.033995854119711538,25
32,4,"DenseLayer( 7202,128 )","all",0.21353786598062877,0.22696546244829488,0.3950448144428329,0.14697819469245327,25
32,4,"DenseLayer( 7202,128 )","weights",0.21307254948723253,0.22647038502622946,0.39410174202899123,0.14669449179554628,25
32,4,"DenseLayer( 7202,128 )","biases",0.014047597398685788,0.014982851879389988,0.027280438924011791,0.0091277484572649444,25
32,6,"DenseLayer( 128,64 )","all",0.34667671037763381,0.37247230810240994,0.69709078211447928,0.25548621531967308,25
32,6,"DenseLayer( 128,64 )","weights",0.34546192403626708,0.37116964535393793,0.6945266140424935,0.25443999658781835,25
32,6,"DenseLayer( 128,64 )","biases",0.028667071389273609,0.031124181450578634,0.059735591531729193,0.023097496720669495,25
32,8,"DenseLayer( 64,1 )","all",0.28359989250242834,0.30833380641334451,0.5813303571995091,0.18603542026013203,25
32,8,"DenseLayer( 64,1 )","weights",0.28012717900520784,0.30461817693844051,0.57310739768607921,0.182720708608058,25
32,8,"DenseLayer( 64,1 )","biases",0.041402731044217947,0.047723185728142513,0.097431488335132599,0.034961696714162827,25
33,0,"Conv2DLayer(1,8,5, stride=5, padding=0)","all",0.36937915256867371,0.40889230451963987,0.67763621628611626,0.21644150723358296,25
33,0,"Conv2DLayer(1,8,5, stride=5, padding=0)","weights",0.36324538962820146,0.40273180393433416,0.6689736835854746,0.20641356743563977,25
33,0,"Conv2DLayer(1,8,5, stride=5, padding=0)","biases",0.065167236167890233,0.070710754452055574,0.12307974777949293,0.065118086827222893,25
33,4,"DenseLayer( 7202,128 )","all",0.2361584468001377,0.2545344806349259,0.42486416761723289,0.34707786887190184,25
33,4,"DenseLayer( 7202,128 )","weights",0.23558763936085542,0.25390555994581782,0.42375262055520807,0.34613150954384392,25
33,4,"DenseLayer( 7202,128 )","biases",0.01638065623982889,0.01788207092850758,0.030712823017072712,0.025612988141974699,25
33,6,"DenseLayer( 128,64 )","all",0.40736471165263299,0.44715314419050717,0.7482396550749103,0.63601382808996632,25
33,6,"DenseLayer( 128,64 )","weights",0.40569610470083772,0.44525820303966429,0.7449556930404938,0.63298924200508644,25
33,6,"DenseLayer( 128,64 )","biases",0.036655399599980147,0.041122584857296779,0.070025686952562102,0.061953281006572512,25
33,8,"DenseLayer( 64,1 )","all",0.32503010646563235,0.35664152026748658,0.58076099913283064,0.48638695520696112,25
33,8,"DenseLayer( 64,1 )","weights",0.31957376010485838,0.35030085576930242,0.56909254703393775,0.47543610351277721,25
33,8,"DenseLayer( 64,1 )","biases",0.058058128133416174,0.066951358656852006,0.11583182215690613,0.10262934118509293,25
34,0,"Conv2DLayer(1,8,5, stride=5, padding=0)","all",0.30901331187227649,0.35922315304871827,0.63049886052881865,0.13358234993293247,25
34,0,"Conv2DLayer(1,8,5, stride=5, padding=0)","weights",0.30368813832763614,0.35380331009859767,0.62132744078478441,0.12543165420655283,25
34,0,"Conv2DLayer(1,8,5, stride=5, padding=0)","biases",0.055683613234367782,0.0621650339784224,0.10714954249071218,0.045947190736890325,25
34,4,"DenseLayer( 7202,128 )","all",0.18639956524560194,0.20217967768267875,0.34605443034595373,0.30754948343659716,25
34,4,"DenseLayer( 7202,128 )","weights",0.18595267564704762,0.20168188643723478,0.34515842735272001,0.30673784344380917,25
34,4,"DenseLayer( 7202,128 )","biases",0.012875882878496399,0.014178813454947552,0.02488631731413142,0.022328908651319077,25
34,6,"DenseLayer( 128,64 )","all",0.31019121982277037,0.34874172156235933,0.64814046459235675,0.53727451371478985,25
34,6,"DenseLayer( 128,64 )","weights",0.30889997183480211,0.3472257501794826,0.64538160852662241,0.53473481930618294,25
34,6,"DenseLayer( 128,64 )","biases",0.028111375130381918,0.032481791369530395,0.059738105239331818,0.052178310714775779,25
34,8,"DenseLayer( 64,1 )","all",0.24464419960601336,0.27667065963935844,0.54286973188732324,0.4182715681599512,25
34,8,"DenseLayer( 64,1 )","weights",0.24051905079309235,0.27162917587119084,0.53345837483092129,0.40914122911937145,25
34,8,"DenseLayer( 64,1 )","biases",0.043158599296584728,0.052576085065507025,0.10064645111560822,0.0869169682264328,25
35,0,"Conv2DLayer(1,8,5, stride=5, padding=0)","all",0.2925091516250537,0.34091752689988492,0.71645097872601182,0.20097557273339237,25
35,0,"Conv2DLayer(1,8,5, stride=5, padding=0)","weights",0.28807471823903141,0.33619993645231122,0.70819277775674316,0.19802932421184774,25
35,0,"Conv2DLayer(1,8,5, stride=5, padding=0)","biases",0.049442868524216109,0.056518694933585176,0.11833160972994439,0.034286551120139883,25
35,4,"DenseLayer( 7202,128 )","all",0.16597612560257591,0.18163882642432513,0.33757799562906204,0.20887295112586948,25
35,4,"DenseLayer( 7202,128 )","weights",0.16558762382072489,0.18120341697023401,0.33665498954513423,0.20832649233971934,25
35,4,"DenseLayer( 7202,128 )","biases",0.011319582280366771,0.012569206145083878,0.024946365412632492,0.015099082801902947,25
35,6,"DenseLayer( 128,64 )","all",0.2554933091814296,0.2889400404711967,0.59337575112672558,0.36971147474278626,25
35,6,"DenseLayer( 128,64 )","weights",0.25451505878557112,0.28780360760819629,0.59071020034807742,0.36809972637154603,25
35,6,"DenseLayer( 128,64 )","biases",0.022115833399270434,0.025601375650620435,0.056180434583047272,0.034484286300848113,25
35,8,"DenseLayer( 64,1 )","all",0.20481670102062408,0.23438914709818143,0.48545366207102847,0.29846183186506486,25
35,8,"DenseLayer( 64,1 )","weights",0.20197673284483547,0.23098426959985943,0.47607168410750872,0.29306417643472804,25
35,8,"DenseLayer( 64,1 )","biases",0.032274478184990588,0.039806274314891511,0.094978995621204376,0.056505341082811356,25
36,0,"Conv2DLayer(1,8,5, stride=5, padding=0)","all",0.23167405051860815,0.26192442930002569,0.49606435138395805,0.13493404332398501,25
36,0,"Conv2DLayer(1,8,5, stride=5, padding=0)","weights",0.22762669830416588,0.25813574522381577,0.48892812211141079,0.13358495512341198,25
36,0,"Conv2DLayer(1,8,5, stride=5, padding=0)","biases",0.0411875815959886,0.044388553726039018,0.08383991962422406,0.019033019004747225,25
36,4,"DenseLayer( 7202,128 )","all",0.17581400854557303,0.18600928660149144,0.30425303300164708,0.13239547444013561,25
36,4,"DenseLayer( 7202,128 )","weights",0.17538135530397977,0.18554076381347648,0.30344098191746732,0.13207704168432061,25
36,4,"DenseLayer( 7202,128 )","biases",0.012302829144106919,0.013193925325979594,0.022214377859049325,0.0091769663912885501,25
36,6,"DenseLayer( 128,64 )","all",0.28317042289070105,0.31300847071188259,0.55684616273875476,0.24175532831972865,25
36,6,"DenseLayer( 128,64 )","weights",0.28195635036056632,0.31161516870477807,0.55435145184829204,0.24073269089174174,25
36,6,"DenseLayer( 128,64 )","biases",0.026034430996197795,0.0295006672887945,0.052650895439359989,0.022212841038483127,25
36,8,"DenseLayer( 64,1 )","all",0.22397405317167057,0.25011555307945532,0.46071250582000978,0.20411073564298354,25
36,8,"DenseLayer( 64,1 )","weights",0.22008176994654544,0.2454612525781919,0.45192304341708395,0.20069746077316053,25
36,8,"DenseLayer( 64,1 )","biases",0.04036376885138452,0.048026694399957479,0.089563250541687012,0.037171516567468643,25
37,0,"Conv2DLayer(1,8,5, stride=5, padding=0)","all",0.42457068539499604,0.49513324605702169,1.1454092025627458,0.14810627738210072,25
37,0,"Conv2DLayer(1,8,5, stride=5, padding=0)","weights",0.41796754031266892,0.48860932877840502,1.1327507382918756,0.14072700942603647,25
37,0,"Conv2DLayer(1,8,5, stride=5, padding=0)","biases",0.072556784917208239,0.080111517160017173,0.16981756745000329,0.046166851939329831,25
37,4,"DenseLayer( 7202,128 )","all",0.22638833746173606,0.24157299224158371,0.42737749673886866,0.3655169314813127,25
37,4,"DenseLayer( 7202,128 )","weights",0.22584066365046021,0.24098180931275015,0.42627077717851303,0.3644688062936593,25
37,4,"DenseLayer( 7202,128 )","biases",0.015693969895087076,0.016890179421947767,0.030736773454743488,0.027660738211221576,25
37,6,"DenseLayer( 128,64 )","all",0.36681200874488312,0.39973997389663979,0.78889673332913501,0.63338450947919234,25
37,6,"DenseLayer( 128,64 )","weights",0.36532237601396578,0.39807425394392781,0.78558389864446998,0.63018278292581109,25
37,6,"DenseLayer( 128,64 )","biases",0.03264352741587611,0.036454561825257754,0.072221839134263541,0.063605007287768744,25
37,8,"DenseLayer( 64,1 )","all",0.29544548343788773,0.32442153023057407,0.65916906634737904,0.49214265778159977,25
37,8,"DenseLayer( 64,1 )","weights",0.2908029855391544,0.31912076049638533,0.64784790329605757,0.48061102963800018,25
37,8,"DenseLayer( 64,1 )","biases",0.048885899614542726,0.058406074147779964,0.12164272367954254,0.10591238737106323,25
38,0,"Conv2DLayer(1,8,5, stride=5, padding=0)","all",0.3158158738751623,0.40657079243803673,0.91536506855189026,0.53118462335680305,25
38,0,"Conv2DLayer(1,8,5, stride=5, padding=0)","weights",0.31093289749206132,0.40140676868776937,0.90400355662666299,0.5256785585726319,25
38,0,"Conv2DLayer(1,8,5, stride=5, padding=0)","biases",0.053196193603143822,0.064594235929661542,0.14377335751574621,0.076283400210718708,25
38,4,"DenseLayer( 7202,128 )","all",0.18179200022907349,0.19724401507497197,0.35356997253472044,0.14657559600663972,25
38,4,"DenseLayer( 7202,128 )","weights",0.1813532962392862,0.1967609133908661,0.35282049997458204,0.14627611358537804,25
38,4,"DenseLayer( 7202,128 )","biases",0.01258607171968025,0.01379653740935924,0.023009134618427574,0.0093650381237474246,25
38,6,"DenseLayer( 128,64 )","all",0.29118890840282768,0.32565099502065747,0.60694636076484099,0.21915842230687929,25
38,6,"DenseLayer( 128,64 )","weights",0.29004660641733515,0.32434761502222798,0.60518203926218217,0.21846746269345316,25
38,6,"DenseLayer( 128,64 )","biases",0.025533120658267759,0.029106617586673801,0.04738422655778942,0.017389129142228281,25
38,8,"DenseLayer( 64,1 )","all",0.23617536731617453,0.2677154626463536,0.53797229213791564,0.16533264471816114,25
38,8,"DenseLayer( 64,1 )","weights",0.2327702890410453,0.26373041296797523,0.53298523697360334,0.16438215772765638,25
38,8,"DenseLayer( 64,1 )","biases",0.037609073538333176,0.046019976267838082,0.078238733112812042,0.017702814191579819,25
39,0,"Conv2DLayer(1,8,5, stride=5, padding=0)","all",0.38339776172806228,0.46836857273631505,1.1086540263898885,0.08813769587863246,25
39,0,"Conv2DLayer(1,8,5, stride=5, padding=0)","weights",0.37777441531077305,0.46248135499001164,1.0957095233145346,0.085962239264634199,25
39,0,"Conv2DLayer(1,8,5, stride=5, padding=0)","biases",0.063020841014645848,0.074027807029896975,0.16892125605839883,0.019461419665689497,25
39,4,"DenseLayer( 7202,128 )","all",0.17036172940630273,0.18403948938270279,0.31556412560384539,0.12592159437070852,25
39,4,"DenseLayer( 7202,128 )","weights",0.16995397002797558,0.18359347996402445,0.31471639496406545,0.12561356959393882,25
39,4,"DenseLayer( 7202,128 )","biases",0.011751532258918696,0.012804989923671375,0.023115105644185386,0.0088022191934726633,25
39,6,"DenseLayer( 128,64 )","all",0.26090003243870996,0.28908774775189611,0.57506746896819483,0.17722172073548464,25
39,6,"DenseLayer( 128,64 )","weights",0.25982786400681851,0.28786734438161166,0.5725566252540415,0.17643680442837914,25
39,6,"DenseLayer( 128,64 )","biases",0.023427955987807104,0.026535220725340043,0.053679649246141804,0.016661102711045397,25
39,8,"DenseLayer( 64,1 )","all",0.20137065439773086,0.22669408795854373,0.47252162186073604,0.10978701336068711,25
39,8,"DenseLayer( 64,1 )","weights",0.19838583039021584,0.22319053569746075,0.46368435143427106,0.10744917077335088,25
39,8,"DenseLayer( 64,1 )","biases",0.032768678013235332,0.039701313459839856,0.090958811342716217,0.022535838186740875,25
40,0,"Conv2DLayer(1,8,5, stride=5, padding=0)","all",0.30011023251837587,0.36149520769541194,0.73311603607949238,0.070397958586199558,25
40,0,"Conv2DLayer(1,8,5, stride=5, padding=0)","weights",0.29468579139330525,0.35614464559809911,0.72393664656713042,0.067918936174974034,25
40,0,"Conv2DLayer(1,8,5, stride=5, padding=0)","biases",0.054368142356153906,0.061965930950429703,0.11820268733214311,0.018517307632700621,25
40,4,"DenseLayer( 7202,128 )","all",0.21174627650171465,0.22642976657861619,0.36296101038022938,0.1102218228855032,25
40,4,"DenseLayer( 7202,128 )","weights",0.21119124083046859,0.22581820300017821,0.36188610787503894,0.11001802258353832,25
40,4,"DenseLayer( 7202,128 )","biases",0.015278815079555415,0.016630646007203369,0.02791307907223152,0.0066996229006779217,25
40,6,"DenseLayer( 128,64 )","all",0.34958503827397813,0.38617179888197117,0.64214080384307926,0.13114293916476025,25
40,6,"DenseLayer( 128,64 )","weights",0.34799098855117983,0.38433099370544371,0.63877541034894592,0.13071466758648875,25
40,6,"DenseLayer( 128,64 )","biases",0.03311757015892499,0.037660928415584417,0.066010120739854974,0.010589908900729717,25
40,8,"DenseLayer( 64,1 )","all",0.27524125884188916,0.30527782527458636,0.51346339924069961,0.071144685290286711,25
40,8,"DenseLayer( 64,1 )","weights",0.26998932865741282,0.29905368015453826,0.50135893846673507,0.070673436246350238,25
40,8,"DenseLayer( 64,1 )","biases",0.051918277181684971,0.061330636637882567,0.11083265393972397,0.0081750629469752312,25
41,0,"Conv2DLayer(1,8,5, stride=5, padding=0)","all",0.37427631986205206,0.46371592586931382,0.99940201019854669,0.16923436312162665,25
41,0,"Conv2DLayer(1,8,5, stride=5, padding=0)","weights",0.36920898842194749,0.45800544278592298,0.98873082581856064,0.16476770192511592,25
41,0,"Conv2DLayer(1,8,5, stride=5, padding=0)","biases",0.060118063744232536,0.072549805535959605,0.15138905613177556,0.038624785611039193,25
41,4,"DenseLayer( 7202,128 )","all",0.19625746821623813,0.22351593012016527,0.44851062211435727,0.35988763127367657,25
41,4,"DenseLayer( 7202,128 )","weights",0.19575481828293068,0.22293043369517626,0.4473360099850045,0.35880881358943956,25
41,4,"DenseLayer( 7202,128 )","biases",0.014006230376752422,0.016167645158254248,0.032438747203055007,0.027844971436807593,25
41,6,"DenseLayer( 128,64 )","all",0.32271884383854516,0.37803909686667042,0.77242059372758376,0.63810667790215647,25
41,6,"DenseLayer( 128,64 )","weights",0.32132231269966893,0.37633520062541498,0.76922103808817288,0.63474849826923474,25
41,6,"DenseLayer( 128,64 )","biases",0.029766041779242726,0.035852134246045747,0.074524708598220385,0.065379479412714936,25
41,8,"DenseLayer( 64,1 )","all",0.25859225604851421,0.30243376426097096,0.65630299253077751,0.49106200208609452,25
41,8,"DenseLayer( 64,1 )","weights",0.25431113640471298,0.29700814026612066,0.64601552148360397,0.47903318969175285,25
41,8,"DenseLayer( 64,1 )","biases",0.044683965556323528,0.05702934666223123,0.12647254765033722,0.10802357643842697,25
42,0,"Conv2DLayer(1,8,5, stride=5, padding=0)","all",0.43928011539220618,0.51352728519366131,1.0381019946048067,0.87996154495960099,25
42,0,"Conv2DLayer(1,8,5, stride=5, padding=0)","weights",0.43334233554427098,0.50710599278854973,1.0254822672438157,0.86823423903708008,25
42,0,"Conv2DLayer(1,8,5, stride=5, padding=0)","biases",0.070954158783288868,0.080955448959976348,0.16137493848476353,0.14318389145218244,25
42,4,"DenseLayer( 7202,128 )","all",0.20951161538217633,0.22165826696851545,0.38517059984759644,0.23486414778089301,25
42,4,"DenseLayer( 7202,128 )","weights",0.20897614387249228,0.22108844101873915,0.38409482412188922,0.23438326218984928,25
42,4,"DenseLayer( 7202,128 )","biases",0.014926342358037989,0.015883594158413252,0.028767291664879412,0.015021794769251928,25
42,6,"DenseLayer( 128,64 )","all",0.33087181798089799,0.35660050178816943,0.64559754366527133,0.31256707988723925,25
42,6,"DenseLayer( 128,64 )","weights",0.32941084675739374,0.3549688590526125,0.64214739461689574,0.31182022664456949,25
42,6,"DenseLayer( 128,64 )","biases",0.030693356409611749,0.034073845959338954,0.066655172142638039,0.021594575350423875,25
42,8,"DenseLayer( 64,1 )","all",0.26029606947939288,0.28148555488046273,0.47893035782971477,0.27085159560668964,25
42,8,"DenseLayer( 64,1 )","weights",0.25577807589758206,0.27635548468600268,0.46631235393378923,0.2705528919274014,25
42,8,"DenseLayer( 64,1 )","biases",0.044593818616122008,0.053495454856711908,0.10921115428209305,0.012716898694634438,25
43,0,"Conv2DLayer(1,8,5, stride=5, padding=0)","all",0.4730887869849465,0.51971511483083532,0.84283965787605997,0.11389648626027718,25
43,0,"Conv2DLayer(1,8,5, stride=5, padding=0)","weights",0.46583138891321912,0.51220266525152969,0.83392262821584429,0.10285985051374603,25
43,0,"Conv2DLayer(1,8,5, stride=5, padding=0)","biases",0.080792738890481497,0.088046750609308222,0.13591423567612079,0.048910742528889578,25
43,4,"DenseLayer( 7202,128 )","all",0.22777964157094735,0.24508650517215494,0.39444351297039854,0.088349503280054559,25
43,4,"DenseLayer( 7202,128 )","weights",0.22715661601159604,0.24440259004300144,0.39330926035488756,0.088152793899473475,25
43,4,"DenseLayer( 7202,128 )","biases",0.016815884918871135,0.018296693629541037,0.029891648390817073,0.0058923388861573016,25
43,6,"DenseLayer( 128,64 )","all",0.37084902644689571,0.40945928626328515,0.68949944453046985,0.08884356472779005,25
43,6,"DenseLayer( 128,64 )","weights",0.36900300093016358,0.40735233307245394,0.68565672052992166,0.088530353372137688,25
43,6,"DenseLayer( 128,64 )","biases",0.036794551482351105,0.041484742347849893,0.072693504523989538,0.0074535578984433444,25
43,8,"DenseLayer( 64,1 )","all",0.29454384675706058,0.32524714219211071,0.54769297546423579,0.073510242958258601,25
43,8,"DenseLayer( 64,1 )","weights",0.28836737330095663,0.31803629560508845,0.53397622589342963,0.072693161628335806,25
43,8,"DenseLayer( 64,1 )","biases",0.058134137045126405,0.068107401814544749,0.12336879223585129,0.010929779149591923,25
44,0,"Conv2DLayer(1,8,5, stride=5, padding=0)","all",0.22371922602506075,0.27380191688936789,0.70639172812730955,0.50992779061501292,25
44,0,"Conv2DLayer(1,8,5, stride=5, padding=0)","weights",0.22115722292311268,0.2709015219066695,0.69992164557823555,0.50235646126196931,25
44,0,"Conv2DLayer(1,8,5, stride=5, padding=0)","biases",0.033068593492584848,0.039747391372800603,0.095388487867990313,0.087546201915673902,25
44,4,"DenseLayer( 7202,128 )","all",0.12397358349852747,0.13254781081153436,0.23616226438193832,0.21854979529962637,25
44,4,"DenseLayer( 7202,128 )","weights",0.1236575653607062,0.13220880433458432,0.2356015610381928,0.21798707913045368,25
44,4,"DenseLayer( 7202,128 )","biases",0.0088363674416984724,0.0094738697135811657,0.016264057131332593,0.015673109381418724,25
44,6,"DenseLayer( 128,64 )","all",0.17923158245244059,0.19912875007644951,0.37437514348624945,0.37437514348624945,25
44,6,"DenseLayer( 128,64 )","weights",0.17843669724740499,0.19826399041760112,0.37286689545528801,0.37286689545528801,25
44,6,"DenseLayer( 128,64 )","biases",0.016772594260491925,0.018537777933141392,0.033571212874800985,0.033571212874800985,25
44,8,"DenseLayer( 64,1 )","all",0.14004358414605078,0.16212587047234217,0.33232519608596561,0.33232519608596561,25
44,8,"DenseLayer( 64,1 )","weights",0.13776617173518366,0.15959347832492138,0.32930571480106863,0.32769342052089101,25
44,8,"DenseLayer( 64,1 )","biases",0.024288795590400696,0.028543292602072372,0.055290669202804565,0.055290669202804565,25
45,0,"Conv2DLayer(1,8,5, stride=5, padding=0)","all",0.26087550896488287,0.33881988570215926,0.89138063550596602,0.15244122041227362,25
45,0,"Conv2DLayer(1,8,5, stride=5, padding=0)","weights",0.25660641772651682,0.334585110307481,0.88039354032625139,0.14751733186128813,25
45,0,"Conv2DLayer(1,8,5, stride=5, padding=0)","biases",0.044696509687103689,0.053401487879599807,0.13952294258231865,0.038431269577129133,25
45,4,"DenseLayer( 7202,128 )","all",0.18566527431902208,0.20514524386873334,0.43755099893375177,0.2142259984500911,25
45,4,"DenseLayer( 7202,128 )","weights",0.18514213315989733,0.20456726054236296,0.43632990000931543,0.21354144015592477,25
45,4,"DenseLayer( 7202,128 )","biases",0.013903616270916198,0.015388534568147233,0.032666420461765502,0.017112327371577408,25
45,6,"DenseLayer( 128,64 )","all",0.2976022343222276,0.33592158570926639,0.72031073955699432,0.39053527269843208,25
45,6,"DenseLayer( 128,64 )","weights",0.29614336626417082,0.33430417610807234,0.71711999230357437,0.38817064239948146,25
45,6,"DenseLayer( 128,64 )","biases",0.02928178355439183,0.032924604509864383,0.067723542137616888,0.042910972965112419,25
45,8,"DenseLayer( 64,1 )","all",0.24052691911690793,0.27555991714137323,0.61527448434553988,0.32357570784717526,25
45,8,"DenseLayer( 64,1 )","weights",0.23574736192680742,0.27034257369170112,0.60569228891721472,0.31459540213719644,25
45,8,"DenseLayer( 64,1 )","biases",0.046688567288219927,0.053368162650663201,0.10816442221403122,0.075703181326389313,25
46,0,"Conv2DLayer(1,8,5, stride=5, padding=0)","all",0.31734256494025048,0.38471858194248282,0.83269498957820343,0.36380726703570931,25
46,0,"Conv2DLayer(1,8,5, stride=5, padding=0)","weights",0.31236156688285827,0.37954879127625274,0.82176932131228675,0.35953745474951759,25
46,0,"Conv2DLayer(1,8,5, stride=5, padding=0)","biases",0.053524251499505793,0.062857794525185376,0.13444749242208923,0.05557469010467337,25
46,4,"DenseLayer( 7202,128 )","all",0.18231779557616168,0.2001556753229948,0.3429728499941278,0.12009029227504514,25
46,4,"DenseLayer( 7202,128 )","weights",0.18180079036785593,0.19957882141876665,0.34204496729170908,0.11983546774654999,25
46,4,"DenseLayer( 7202,128 )","biases",0.013696734690102205,0.015185137638499081,0.026689807039435107,0.0078191411722350768,25
46,6,"DenseLayer( 128,64 )","all",0.2908442883236822,0.33144015025690421,0.65050018565414414,0.16795777814796398,25
46,6,"DenseLayer( 128,64 )","weights",0.28935629077479696,0.32970001671983368,0.64673160735975244,0.1675614588467452,25
46,6,"DenseLayer( 128,64 )","biases",0.029169882637049442,0.033918611075052021,0.069919379130159151,0.011531381077355926,25
46,8,"DenseLayer( 64,1 )","all",0.23279093865294345,0.26848497217876161,0.52212619615127653,0.14882379417324088,25
46,8,"DenseLayer( 64,1 )","weights",0.22782509350546823,0.26258941679904885,0.51371575821073168,0.14801721064099851,25
46,8,"DenseLayer( 64,1 )","biases",0.046313307173550131,0.05595514695687772,0.12084386497735977,0.015473430976271629,25
47,0,"Conv2DLayer(1,8,5, stride=5, padding=0)","all",0.23357101199181748,0.28155050782636187,0.62173663893421283,0.54917782752304878,25
47,0,"Conv2DLayer(1,8,5, stride=5, padding=0)","weights",0.23038936998412524,0.27797075719435249,0.61613980787051259,0.54217168321350884,25
47,0,"Conv2DLayer(1,8,5, stride=5, padding=0)","biases",0.037520732530343,0.044754291437588391,0.089880244627904643,0.087442279043756635,25
47,4,"DenseLayer( 7202,128 )","all",0.19207864896396987,0.21944798977047192,0.39157562179694827,0.20132743334126663,25
47,4,"DenseLayer( 7202,128 )","weights",0.19150651613982983,0.21877767705344389,0.39040326067472431,0.20071229130285187,25
47,4,"DenseLayer( 7202,128 )","biases",0.014791815433090398,0.017139085080603019,0.030926378455435298,0.015726141794517895,25
47,6,"DenseLayer( 128,64 )","all",0.31159422362263256,0.3671737228208693,0.67366371423820648,0.35457460052393058,25
47,6,"DenseLayer( 128,64 )","weights",0.30990845827168012,0.36512459117759172,0.66968648755557481,0.35246024500618756,25
47,6,"DenseLayer( 128,64 )","biases",0.032227691903929212,0.038737264326912359,0.073094515982342109,0.038664234466535337,25
47,8,"DenseLayer( 64,1 )","all",0.24478786000502145,0.29012160449808683,0.54169369123836997,0.2834797667897721,25
47,8,"DenseLayer( 64,1 )","weights",0.23905088317919224,0.2828976633599784,0.53083927534341657,0.27602449397162865,25
47,8,"DenseLayer( 64,1 )","biases",0.051535837473347786,0.064338615636401864,0.12581188976764679,0.064585268497467041,25
48,0,"Conv2DLayer(1,8,5, stride=5, padding=0)","all",0.37637675494242895,0.43969300745517309,0.82371569498094954,0.74652000495517179,25
48,0,"Conv2DLayer(1,8,5, stride=5, padding=0)","weights",0.36984162572443791,0.43329117033614273,0.81538996021979193,0.73959498868988549,25
48,0,"Conv2DLayer(1,8,5, stride=5, padding=0)","biases",0.066873170281152694,0.074757625120857332,0.13603919746357349,0.10144639226250438,25
48,4,"DenseLayer( 7202,128 )","all",0.27692729670375044,0.30901558034094079,0.62093299273245661,0.28941097305975294,25
48,4,"DenseLayer( 7202,128 )","weights",0.2760439798898297,0.30801058973062079,0.61880184973024255,0.28855886511502665,25
48,4,"DenseLayer( 7202,128 )","biases",0.022079790738858171,0.024901917742287106,0.05140089721118981,0.022192176344849809,25
48,6,"DenseLayer( 128,64 )","all",0.47006793544038289,0.53222013945557523,1.0708500368961287,0.49715299733393348,25
48,6,"DenseLayer( 128,64 )","weights",0.467419478970095,0.52915137474076324,1.0649246718843373,0.49488391709123197,25
48,6,"DenseLayer( 128,64 )","biases",0.049692438385161838,0.05707100360141186,0.11602386625905418,0.047444824402169697,25
48,8,"DenseLayer( 64,1 )","all",0.3795743978369111,0.43126051128589354,0.89915642401006113,0.44180513048542142,25
48,8,"DenseLayer( 64,1 )","weights",0.37042272087817618,0.42047903260393948,0.87756532322058234,0.43489151664761333,25
48,8,"DenseLayer( 64,1 )","biases",0.081913626119494432,0.095828032094087745,0.1958606094121933,0.077853336930274963,25
49,0,"Conv2DLayer(1,8,5, stride=5, padding=0)","all",0.38345711946105732,0.46667145533381438,0.96024081901038483,0.29859292592541731,25
49,0,"Conv2DLayer(1,8,5, stride=5, padding=0)","weights",0.37907557212487503,0.46148915864238715,0.94665567476154355,0.29620544278002209,25
49,0,"Conv2DLayer(1,8,5, stride=5, padding=0)","biases",0.057008652899357602,0.069354190060312196,0.16403398566867664,0.037683830487263578,25
49,4,"DenseLayer( 7202,128 )","all",0.16072861871028135,0.17834344157137419,0.3856785485774919,0.11958325034266788,25
49,4,"DenseLayer( 7202,128 )","weights",0.16025051661999681,0.17780657458468307,0.38437975411868525,0.11919467376832454,25
49,4,"DenseLayer( 7202,128 )","biases",0.012362944312635698,0.013827696336834311,0.03162510800771802,0.0096324196222891158,25
49,6,"DenseLayer( 128,64 )","all",0.238727706246952,0.27501656749613695,0.65095206438936293,0.2079887267428947,25
49,6,"DenseLayer( 128,64 )","weights",0.23757183404133811,0.27364983688842315,0.64710352394657922,0.20671482963610702,25
49,6,"DenseLayer( 128,64 )","biases",0.023147326963177738,0.027383921711410481,0.070679696014429944,0.022984552652722465,25
49,8,"DenseLayer( 64,1 )","all",0.19521913934431312,0.22661569898102171,0.51875518187294489,0.16009908421114902,25
49,8,"DenseLayer( 64,1 )","weights",0.19197460507772474,0.22266286098679788,0.50569995964878389,0.15568045147063334,25
49,8,"DenseLayer( 64,1 )","biases",0.032208630917593836,0.042141729459420282,0.11564812809228897,0.037353899329900742,25
50,0,"Conv2DLayer(1,8,5, stride=5, padding=0)","all",0.35359201288371034,0.43750124920196748,0.93039752866052838,0.018173365353008692,25
50,0,"Conv2DLayer(1,8,5, stride=5, padding=0)","weights",0.34844849716377724,0.43115770338744003,0.9177444948953164,0.017728103862593974,25
50,0,"Conv2DLayer(1,8,5, stride=5, padding=0)","biases",0.059194563462666709,0.07423191943463664,0.17114526468433092,0.0039981923029060685,25
50,4,"DenseLayer( 7202,128 )","all",0.16668859581155446,0.18410104035856464,0.32861072436233629,0.041973636357232454,25
50,4,"DenseLayer( 7202,128 )","weights",0.16616685033562675,0.18352317498335188,0.32750605850869458,0.041860977513088787,25
50,4,"DenseLayer( 7202,128 )","biases",0.013157315721427308,0.014575229162378597,0.026921920548855331,0.0030732248043156252,25
50,6,"DenseLayer( 128,64 )","all",0.26441025555165709,0.29247041233598065,0.53189196091065494,0.063913764418714963,25
50,6,"DenseLayer( 128,64 )","weights",0.26294340871250443,0.29084013607298181,0.52915202847139697,0.063553243746968038,25
50,6,"DenseLayer( 128,64 )","biases",0.02760371079831642,0.030837596226488979,0.056692476353520121,0.0067789742151348822,25
50,8,"DenseLayer( 64,1 )","all",0.21708063487368739,0.24077088888034451,0.46350951425070136,0.055635651213808153,25
50,8,"DenseLayer( 64,1 )","weights",0.21241118736308021,0.23562656470976728,0.45535581613275344,0.054369660074864823,25
50,8,"DenseLayer( 64,1 )","biases",0.043264170791953799,0.049504978894097711,0.090584471821784973,0.011801091022789478,25
51,0,"Conv2DLayer(1,8,5, stride=5, padding=0)","all",0.34735051229370573,0.43131037415781343,0.95627632046920141,0.65194911226896712,25
51,0,"Conv2DLayer(1,8,5, stride=5, padding=0)","weights",0.34147328936722315,0.42550295285726591,0.94356857930580751,0.6461142415481429,25
51,0,"Conv2DLayer(1,8,5, stride=5, padding=0)","biases",0.060858616036960606,0.070539889182648516,0.15537933336494539,0.087028913913494155,25
51,4,"DenseLayer( 7202,128 )","all",0.13628233903640127,0.1454108702984972,0.23804753151340147,0.18509214228203114,25
51,4,"DenseLayer( 7202,128 )","weights",0.13588229044662403,0.14498526040625156,0.23746742050544961,0.1846395425541365,25
51,4,"DenseLayer( 7202,128 )","biases",0.010407601974580322,0.011117349769517854,0.01904476869872956,0.012936014067357785,25
51,6,"DenseLayer( 128,64 )","all",0.20675301327349149,0.22348251115445794,0.3942101550472128,0.22839419344822992,25
51,6,"DenseLayer( 128,64 )","weights",0.20574740590908017,0.22239658893070804,0.39173127344120195,0.22758224567484703,25
51,6,"DenseLayer( 128,64 )","biases",0.020127753375299491,0.022004318300917123,0.044139050176479927,0.01924133712768002,25
51,8,"DenseLayer( 64,1 )","all",0.17221723995437746,0.18735320021350904,0.32052528118989382,0.18764988992194578,25
51,8,"DenseLayer( 64,1 )","weights",0.16945538655890374,0.18434291672792377,0.31149556650268301,0.18654990360135182,25
51,8,"DenseLayer( 64,1 )","biases",0.027989685032516719,0.033450122308968787,0.075544476509094238,0.020288288593292236,25
52,0,"Conv2DLayer(1,8,5, stride=5, padding=0)","all",0.57489705825558135,0.67777113652208276,1.4633223463149714,0.48385751747964417,25
52,0,"Conv2DLayer(1,8,5, stride=5, padding=0)","weights",0.56833174857994795,0.67073147276212319,1.4495023266446563,0.4776518237170097,25
52,0,"Conv2DLayer(1,8,5, stride=5, padding=0)","biases",0.085281204353777673,0.097432052984574372,0.20063722056607908,0.077245275074783029,25
52,4,"DenseLayer( 7202,128 )","all",0.1833220245924608,0.19767892616048316,0.3769003356746693,0.1703022465395039,25
52,4,"DenseLayer( 7202,128 )","weights",0.18282258255243175,0.19714480472656237,0.3758865989689486,0.16982971460085444,25
52,4,"DenseLayer( 7202,128 )","biases",0.013497501259930761,0.014521839321770966,0.027624766917301088,0.01267766599158914,25
52,6,"DenseLayer( 128,64 )","all",0.26022972054065308,0.28238370803614354,0.49425714306899937,0.23422520394379273,25
52,6,"DenseLayer( 128,64 )","weights",0.25915536634232661,0.28126369473827889,0.49297775837957336,0.23330399612369282,25
52,6,"DenseLayer( 128,64 )","biases",0.023271133066236273,0.02512553653982786,0.039276557047723683,0.020753109531518897,25
52,8,"DenseLayer( 64,1 )","all",0.21570909334666091,0.23845904062689963,0.43810658354798954,0.20176852805433432,25
52,8,"DenseLayer( 64,1 )","weights",0.21330340234613948,0.23610212304565098,0.4378679671020656,0.19989284392156229,25
52,8,"DenseLayer( 64,1 )","biases",0.027711648250115104,0.033444006190013198,0.060374721884727478,0.027447948232293129,25
53,0,"Conv2DLayer(1,8,5, stride=5, padding=0)","all",0.44499168155348989,0.54567573729310148,1.2332595458256115,0.088665705225144845,25
53,0,"Conv2DLayer(1,8,5, stride=5, padding=0)","weights",0.43934576588765317,0.53947643750318619,1.2197566318031405,0.087766766708510691,25
53,0,"Conv2DLayer(1,8,5, stride=5, padding=0)","biases",0.069170971583527335,0.08201941019807947,0.1819968860784478,0.012593726398732715,25
53,4,"DenseLayer( 7202,128 )","all",0.19470285302388024,0.21025423336037372,0.39403403288497163,0.097262112615119342,25
53,4,"DenseLayer( 7202,128 )","weights",0.19411633548222978,0.2096075773276832,0.39264402854165692,0.096933468097358061,25
53,4,"DenseLayer( 7202,128 )","biases",0.015064372058409256,0.016477444364275628,0.033067898665827176,0.007988824254834128,25
53,6,"DenseLayer( 128,64 )","all",0.29492862948756787,0.32379684329203839,0.60610162342939355,0.14443029928264334,25
53,6,"DenseLayer( 128,64 )","weights",0.29346960414247636,0.32212840104406648,0.60240973413624965,0.14339470232269949,25
53,6,"DenseLayer( 128,64 )","biases",0.028933645495394098,0.032828173368037401,0.066795884166910763,0.017264724053929439,25
53,8,"DenseLayer( 64,1 )","all",0.24130186480529386,0.26512677650559402,0.49297371903318954,0.10982288342559428,25
53,8,"DenseLayer( 64,1 )","weights",0.23712784455786343,0.26024695599107572,0.48119623053764649,0.10594256695608775,25
53,8,"DenseLayer( 64,1 )","biases",0.040077082654461263,0.050633284681386052,0.10711337625980377,0.028935069218277931,25
54,0,"Conv2DLayer(1,8,5, stride=5, padding=0)","all",0.37303926128385118,0.46107415172217669,1.153100258213043,0.41000875750849686,25
54,0,"Conv2DLayer(1,8,5, stride=5, padding=0)","weights",0.36712048320917778,0.45419514857409327,1.1319967830804298,0.40499833157533893,25
54,0,"Conv2DLayer(1,8,5, stride=5, padding=0)","biases",0.064747156047935031,0.079348222400266413,0.21959847127551901,0.063902524635989291,25
54,4,"DenseLayer( 7202,128 )","all",0.16172086379629971,0.17636183754110793,0.39902337257634374,0.18889739939965969,25
54,4,"DenseLayer( 7202,128 )","weights",0.16122350242460531,0.17582237253392544,0.39787592586455778,0.18829619917948154,25
54,4,"DenseLayer( 7202,128 )","biases",0.012646229785162369,0.013783724366719241,0.030239038999620174,0.015058847051337533,25
54,6,"DenseLayer( 128,64 )","all",0.25160434684675798,0.27919058541262703,0.61493135814540245,0.33943644113638205,25
54,6,"DenseLayer( 128,64 )","weights",0.25033272140097407,0.27778692802120647,0.61230459784760616,0.33773145798111337,25
54,6,"DenseLayer( 128,64 )","biases",0.02496551510335503,0.027960786891402474,0.056777237386390185,0.033978814889339647,25
54,8,"DenseLayer( 64,1 )","all",0.21140418697050423,0.23834305236561509,0.55173651010520208,0.30277028140629514,25
54,8,"DenseLayer( 64,1 )","weights",0.20761271909150394,0.23417699163724245,0.54463713382019263,0.29724308328169119,25
54,8,"DenseLayer( 64,1 )","biases",0.036784489050041884,0.044368313002515869,0.088224537670612335,0.057588130235671997,25
55,0,"Conv2DLayer(1,8,5, stride=5, padding=0)","all",0.33146465062407765,0.41219666317395376,0.95558921103157768,0.048526237164139889,25
55,0,"Conv2DLayer(1,8,5, stride=5, padding=0)","weights",0.32657833990994289,0.40689461143815198,0.94506258804095922,0.046583212050932493,25
55,0,"Conv2DLayer(1,8,5, stride=5, padding=0)","biases",0.055451886048070165,0.065900412095351885,0.14144767557396379,0.013594118151914414,25
55,4,"DenseLayer( 7202,128 )","all",0.15217543833777492,0.16563936863397835,0.2960038015078541,0.058166163229257307,25
55,4,"DenseLayer( 7202,128 )","weights",0.15168446823253648,0.16509358658681297,0.29488052936055092,0.05797605219183511,25
55,4,"DenseLayer( 7202,128 )","biases",0.012189391622521636,0.013435330638486591,0.025762839733662127,0.0046989272246137333,25
55,6,"DenseLayer( 128,64 )","all",0.23376058281269427,0.26259725626635627,0.53435586458332618,0.11009554329064372,25
55,6,"DenseLayer( 128,64 )","weights",0.232337360791983,0.26093862962474274,0.53048102722790824,0.10944686937317288,25
55,6,"DenseLayer( 128,64 )","biases",0.025578449581678646,0.029467788654388857,0.064234490469041103,0.011933626308613767,25
55,8,"DenseLayer( 64,1 )","all",0.18337894086049725,0.20968655781792936,0.4318064464487173,0.090474408889229405,25
55,8,"DenseLayer( 64,1 )","weights",0.1786735309682882,0.20405423171942666,0.41754028219551004,0.088135973004278154,25
55,8,"DenseLayer( 64,1 )","biases",0.039826509542763233,0.048273419673007988,0.11007688194513321,0.020436950027942657,25
56,0,"Conv2DLayer(1,8,5, stride=5, padding=0)","all",0.49324408746343446,0.5781531156299935,1.1359759463722436,0.68970631480271272,25
56,0,"Conv2DLayer(1,8,5, stride=5, padding=0)","weights",0.48732953112648936,0.57148221159148982,1.1261694959270896,0.68264788243604346,25
56,0,"Conv2DLayer(1,8,5, stride=5, padding=0)","biases",0.074730330030527051,0.087573437452051317,0.18840004677718075,0.098420878294823141,25
56,4,"DenseLayer( 7202,128 )","all",0.19258840383663525,0.20133575249415231,0.30483337044872116,0.27079689118736266,25
56,4,"DenseLayer( 7202,128 )","weights",0.19199845262480858,0.20072486823019817,0.30400897468284793,0.26992627778273415,25
56,4,"DenseLayer( 7202,128 )","biases",0.015035702513718571,0.015672029426852686,0.022403728515825366,0.021697023738259269,25
56,6,"DenseLayer( 128,64 )","all",0.30517693725333539,0.32020923164110082,0.4557635800502215,0.42725267736270389,25
56,6,"DenseLayer( 128,64 )","weights",0.30366835694363109,0.31863734002241123,0.45426265052498943,0.42521512076930146,25
56,6,"DenseLayer( 128,64 )","biases",0.030007639628546086,0.031689076534768865,0.049597404313160037,0.041676748706528037,25
56,8,"DenseLayer( 64,1 )","all",0.25844026278463927,0.2728032391268001,0.40499235105471348,0.37342612909522532,25
56,8,"DenseLayer( 64,1 )","weights",0.25399501844690991,0.26822725584854262,0.40204240209213199,0.36775122502557811,25
56,8,"DenseLayer( 64,1 )","biases",0.045086617507040502,0.049756873877229615,0.085958264768123627,0.064854532480239868,25
57,0,"Conv2DLayer(1,8,5, stride=5, padding=0)","all",0.39524075811455539,0.44772970639003501,0.88994143333551456,0.51681219310610715,25
57,0,"Conv2DLayer(1,8,5, stride=5, padding=0)","weights",0.38856990170892608,0.44132885142314698,0.88038291946634317,0.5113418442952693,25
57,0,"Conv2DLayer(1,8,5, stride=5, padding=0)","biases",0.06911439745214866,0.075436959679144142,0.13985798919850531,0.074995741318136286,25
57,4,"DenseLayer( 7202,128 )","all",0.21636438591520069,0.23552610697162077,0.47866448938473544,0.13813419198593865,25
57,4,"DenseLayer( 7202,128 )","weights",0.21562043153909924,0.23470418650501554,0.47689355127692906,0.13768591407033531,25
57,4,"DenseLayer( 7202,128 )","biases",0.01790336296525763,0.019659397300686068,0.041136773675490741,0.011119535162244553,25
57,6,"DenseLayer( 128,64 )","all",0.35419664627442754,0.39391186888696533,0.82824216638159542,0.23180546921283593,25
57,6,"DenseLayer( 128,64 )","weights",0.35204916468770714,0.39149191740174205,0.82276494193793692,0.23038335708131927,25
57,6,"DenseLayer( 128,64 )","biases",0.038784288621170143,0.043596319330069001,0.095094355722838378,0.02563755715594537,25
57,8,"DenseLayer( 64,1 )","all",0.29524892058053098,0.33055547875031133,0.69448048388757333,0.18690124885553677,25
57,8,"DenseLayer( 64,1 )","weights",0.28803204283673228,0.32230314598314092,0.67457827581013097,0.18188598492882901,25
57,8,"DenseLayer( 64,1 )","biases",0.063799586370587344,0.073400317582539606,0.16506753861904144,0.043006572872400284,25
58,0,"Conv2DLayer(1,8,5, stride=5, padding=0)","all",0.2253894022240934,0.26670090826613729,0.60431763036123254,0.28541641001443357,25
58,0,"Conv2DLayer(1,8,5, stride=5, padding=0)","weights",0.22099846561257927,0.26303591290787315,0.59705911986376514,0.28263298603021519,25
58,0,"Conv2DLayer(1,8,5, stride=5, padding=0)","biases",0.040531184942940342,0.044062262659835733,0.093382041918783229,0.039763328748627876,25
58,4,"DenseLayer( 7202,128 )","all",0.159259115005429,0.17818613056529839,0.34326952428779917,0.12581889528583237,25
58,4,"DenseLayer( 7202,128 )","weights",0.15868400203934138,0.17752232442544125,0.34192289908108375,0.12539231885486277,25
58,4,"DenseLayer( 7202,128 )","biases",0.013497494416806352,0.015366244057086831,0.030375934368492192,0.010351849262217602,25
58,6,"DenseLayer( 128,64 )","all",0.26204177462711703,0.30159770594309909,0.61825108618909819,0.19666997727500321,25
58,6,"DenseLayer( 128,64 )","weights",0.26032995402529585,0.29955321824951603,0.61384616609442155,0.19539955725888317,25
58,6,"DenseLayer( 128,64 )","biases",0.029725980358986766,0.035057747595900364,0.073670142833983543,0.022317996872092329,25
58,8,"DenseLayer( 64,1 )","all",0.21400655894027423,0.24757429756653165,0.51124122676623007,0.14739210184715074,25
58,8,"DenseLayer( 64,1 )","weights",0.20803845386715439,0.24031233502654248,0.49518328970641767,0.14284768290020999,25
58,8,"DenseLayer( 64,1 )","biases",0.048874785983935,0.059523226136125769,0.12712632119655609,0.036317642778158188,25
59,0,"Conv2DLayer(1,8,5, stride=5, padding=0)","all",0.39498887121784826,0.46554597995361074,1.0391808931059465,0.24651435247661904,25
59,0,"Conv2DLayer(1,8,5, stride=5, padding=0)","weights",0.38969780467655801,0.45975545377741966,1.0269531678113457,0.24449182638005776,25
59,0,"Conv2DLayer(1,8,5, stride=5, padding=0)","biases",0.062774445508697943,0.073198238864651863,0.15894690849058593,0.031513057774682315,25
59,4,"DenseLayer( 7202,128 )","all",0.1967293418161711,0.21416730688791741,0.35573957330290285,0.1780464712413509,25
59,4,"DenseLayer( 7202,128 )","weights",0.19601900098897429,0.21337924110674153,0.35439919241332479,0.17735014026203633,25
59,4,"DenseLayer( 7202,128 )","biases",0.016673137445937392,0.018355783947695329,0.031567357088486701,0.015731295894910759,25
59,6,"DenseLayer( 128,64 )","all",0.3220779862621877,0.35793017920903158,0.61166798466775707,0.26212017034444396,25
59,6,"DenseLayer( 128,64 )","weights",0.31992903926170063,0.35548384034075192,0.60692745861779374,0.26019756600516175,25
59,6,"DenseLayer( 128,64 )","biases",0.036984459527508916,0.041776218656075968,0.076005154057220026,0.031689278098274883,25
59,8,"DenseLayer( 64,1 )","all",0.26572989678298609,0.29695963300457212,0.50637927571967822,0.1922016617756131,25
59,8,"DenseLayer( 64,1 )","weights",0.25837847452259766,0.28848711661065435,0.48861429520986815,0.1857994353807553,25
59,8,"DenseLayer( 64,1 )","biases",0.061157452818006275,0.07042873833798878,0.1329512745141983,0.049193989485502243,25
60,0,"Conv2DLayer(1,8,5, stride=5, padding=0)","all",0.38433456453672776,0.45172565709358065,0.94836681116007238,0.4547233800920063,25
60,0,"Conv2DLayer(1,8,5, stride=5, padding=0)","weights",0.37846268638809638,0.44489313813635356,0.9317028102264322,0.44943530724917519,25
60,0,"Conv2DLayer(1,8,5, stride=5, padding=0)","biases",0.065775657912979138,0.078269821232800685,0.17700136136790903,0.069146634047788091,25
60,4,"DenseLayer( 7202,128 )","all",0.19948527059430088,0.21303823124219709,0.32874255075029984,0.2554129864951355,25
60,4,"DenseLayer( 7202,128 )","weights",0.19873573129319808,0.2122294340847522,0.32743858624994415,0.25437862258720523,25
60,4,"DenseLayer( 7202,128 )","biases",0.017258462564414555,0.01854603135092963,0.029251271911685531,0.022963232372653204,25
60,6,"DenseLayer( 128,64 )","all",0.3260245904791233,0.35193024012716895,0.57290949137915781,0.40541875534255806,25
60,6,"DenseLayer( 128,64 )","weights",0.3238556893432098,0.34955160780098898,0.56883201737788769,0.40263229451932075,25
60,6,"DenseLayer( 128,64 )","biases",0.037369607888096325,0.040848101543528297,0.068230647938647943,0.047451054715526825,25
60,8,"DenseLayer( 64,1 )","all",0.26977579359890524,0.29153552771008645,0.47922842433906848,0.34954107448784644,25
60,8,"DenseLayer( 64,1 )","weights",0.26267034496721159,0.28367639261608696,0.46458642580456661,0.34073404893884174,25
60,8,"DenseLayer( 64,1 )","biases",0.060077300854027273,0.067235914432111923,0.11755567044019699,0.077969677746295929,25
61,0,"Conv2DLayer(1,8,5, stride=5, padding=0)","all",0.64526496907032616,0.77505971102933713,1.4731979548635548,0.23186905641753025,25
61,0,"Conv2DLayer(1,8,5, stride=5, padding=0)","weights",0.63731380086579692,0.76629896650569085,1.4576839753151263,0.22567197427094055,25
61,0,"Conv2DLayer(1,8,5, stride=5, padding=0)","biases",0.099656924498200405,0.11620434412357211,0.21503443968094255,0.053248655876104327,25
61,4,"DenseLayer( 7202,128 )","all",0.21885054466321119,0.23856623956128681,0.42653989011779803,0.24930667043992252,25
61,4,"DenseLayer( 7202,128 )","weights",0.21805703453367761,0.23770290383038994,0.42490245068154653,0.24822263477177811,25
61,4,"DenseLayer( 7202,128 )","biases",0.018578411184157088,0.020277577986872259,0.037338790373003902,0.023223684307115938,25
61,6,"DenseLayer( 128,64 )","all",0.34313123369729825,0.37615264365937617,0.68324108968348585,0.42554504769539919,25
61,6,"DenseLayer( 128,64 )","weights",0.34118033598360376,0.37400695595876388,0.67907264520068111,0.42198825396988326,25
61,6,"DenseLayer( 128,64 )","biases",0.03606273966854967,0.040119923060704617,0.075357343185829734,0.054904472764328333,25
61,8,"DenseLayer( 64,1 )","all",0.29422402452712604,0.32388237894538935,0.59723204953810871,0.34629531380392531,25
61,8,"DenseLayer( 64,1 )","weights",0.2887743522594815,0.31795872617017218,0.58523486375171541,0.33345018276070904,25
61,8,"DenseLayer( 64,1 )","biases",0.051829265395645051,0.061660715561581619,0.11910615116357803,0.093442067503929138,25
62,0,"Conv2DLayer(1,8,5, stride=5, padding=0)","all",0.2516967886256582,0.30112422455011106,0.73696376267829977,0.21394203932933464,25
62,0,"Conv2DLayer(1,8,5, stride=5, padding=0)","weights",0.24659244672004155,0.29593853165929918,0.7268780394191573,0.2037457037006602,25
62,0,"Conv2DLayer(1,8,5, stride=5, padding=0)","biases",0.048681778701475734,0.055643365195175924,0.12150680355897515,0.065260128837731815,25
62,4,"DenseLayer( 7202,128 )","all",0.17255248343797946,0.18552385528652526,0.3001964990624203,0.23924300247527397,25
62,4,"DenseLayer( 7202,128 )","weights",0.17186283775670391,0.18477451175892556,0.298900682254224,0.23813665369769496,25
62,4,"DenseLayer( 7202,128 )","biases",0.015399595765052806,0.016657751487708428,0.027862523168103989,0.022981479479094694,25
62,6,"DenseLayer( 128,64 )","all",0.2860947196154987,0.31422024086200007,0.50557377290187799,0.37986083703500728,25
62,6,"DenseLayer( 128,64 )","weights",0.28405289130173178,0.31195308356827606,0.50215344825694908,0.37623861378215662,25
62,6,"DenseLayer( 128,64 )","biases",0.034011829905150982,0.037678023032233908,0.062413950522133443,0.05233317315257624,25
62,8,"DenseLayer( 64,1 )","all",0.24101557240153859,0.26587723589028123,0.44222501653904234,0.31261824373111341,25
62,8,"DenseLayer( 64,1 )","weights",0.23417025025037508,0.25818192982759874,0.43055802598345444,0.29950691134128488,25
62,8,"DenseLayer( 64,1 )","biases",0.056463176123797892,0.06350429650939482,0.10793043673038483,0.089586697518825531,25
63,0,"Conv2DLayer(1,8,5, stride=5, padding=0)","all",0.72436978395573492,0.83641534567709952,1.5321407044920525,0.047764248723213346,25
63,0,"Conv2DLayer(1,8,5, stride=5, padding=0)","weights",0.71591187386021571,0.82708162377217498,1.5165133136504585,0.045825862220642534,25
63,0,"Conv2DLayer(1,8,5, stride=5, padding=0)","biases",0.10985547806547186,0.12460585099634862,0.22296035004680839,0.013468994313892721,25
63,4,"DenseLayer( 7202,128 )","all",0.17775118555625308,0.19616178265120693,0.37874904950988109,0.036273839291401946,25
63,4,"DenseLayer( 7202,128 )","weights",0.17717424808525048,0.19553264075174634,0.37756555790891588,0.036141455177652979,25
63,4,"DenseLayer( 7202,128 )","biases",0.014285345630372129,0.015698132804504362,0.029918087933011737,0.0030962290903866754,25
63,6,"DenseLayer( 128,64 )","all",0.26041132461046074,0.28998453459938361,0.59251317186742503,0.030010732528304912,25
63,6,"DenseLayer( 128,64 )","weights",0.25922231601723905,0.2887208325687276,0.59016387407432003,0.029836415352297349,25
63,6,"DenseLayer( 128,64 )","biases",0.024423155842869079,0.027042765162643211,0.052711104845058344,0.0032299204031452154,25
63,8,"DenseLayer( 64,1 )","all",0.22526332225842385,0.25515061514276266,0.53314905022148862,0.012907782614131251,25
63,8,"DenseLayer( 64,1 )","weights",0.22275080403986727,0.25270174394423744,0.52822207492658313,0.012714355509249254,25
63,8,"DenseLayer( 64,1 )","biases",0.028419211721047759,0.035265635047043012,0.072314240038394928,0.0022262111306190491,25
64,0,"Conv2DLayer(1,8,5, stride=5, padding=0)","all",0.495060713540801,0.59682013206062856,1.3372960231577289,0.050847619328618594,25
64,0,"Conv2DLayer(1,8,5, stride=5, padding=0)","weights",0.48875282344490967,0.59006393112324307,1.3235360069765689,0.050023038879624573,25
64,0,"Conv2DLayer(1,8,5, stride=5, padding=0)","biases",0.0762748594855331,0.089547904611167517,0.19134547757916032,0.0091200862186536294,25
64,4,"DenseLayer( 7202,128 )","all",0.14180129391458932,0.1540565665648094,0.27196462690543816,0.072083365622489529,25
64,4,"DenseLayer( 7202,128 )","weights",0.1413310765372687,0.15354539260001679,0.27120717639426595,0.071795805922774916,25
64,4,"DenseLayer( 7202,128 )","biases",0.011510040223392535,0.012539462231063288,0.021940143316640161,0.00643225087856065,25
64,6,"DenseLayer( 128,64 )","all",0.21059380063213362,0.23362091988864794,0.42212976043717204,0.093918819471964829,25
64,6,"DenseLayer( 128,64 )","weights",0.20957791004896975,0.23248038554263259,0.42088927412760346,0.093113977878054172,25
64,6,"DenseLayer( 128,64 )","biases",0.020331342636462326,0.023056551077014095,0.044746787832026215,0.012269139119463713,25
64,8,"DenseLayer( 64,1 )","all",0.17883370302800938,0.20092131468492719,0.38341035975449456,0.070465739650953887,25
64,8,"DenseLayer( 64,1 )","weights",0.17645277503742743,0.19820844964166617,0.38200947652531386,0.067755627255637052,25
64,8,"DenseLayer( 64,1 )","biases",0.025877147195860744,0.03290570141125438,0.071479856967926025,0.019354468211531639,25
65,0,"Conv2DLayer(1,8,5, stride=5, padding=0)","all",0.34813476905336682,0.43382478799249224,1.0213689637635102,0.087821926001055428,25
65,0,"Conv2DLayer(1,8,5, stride=5, padding=0)","weights",0.34308227681924752,0.42852621116317974,1.0114445443506201,0.081890543575390884,25
65,0,"Conv2DLayer(1,8,5, stride=5, padding=0)","biases",0.0571771334150959,0.067596102127716884,0.1420369453442048,0.031727425982292702,25
65,4,"DenseLayer( 7202,128 )","all",0.13137983650652324,0.14255201968635783,0.28140714086161434,0.058609727412113864,25
65,4,"DenseLayer( 7202,128 )","weights",0.13092329560158344,0.14205811083056288,0.28044383799546252,0.058401105686647678,25
65,4,"DenseLayer( 7202,128 )","biases",0.010922384231670659,0.011856283731054492,0.023264407542063666,0.004940749123290877,25
65,6,"DenseLayer( 128,64 )","all",0.19790400312858525,0.22107177075699572,0.4850020425207125,0.067013258985977889,25
65,6,"DenseLayer( 128,64 )","weights",0.19676004884741291,0.21981274251896668,0.48225002078690254,0.066564210435331617,25
65,6,"DenseLayer( 128,64 )","biases",0.020997357536987383,0.023560264258367665,0.051593591659188559,0.007744854359033289,25
65,8,"DenseLayer( 64,1 )","all",0.16643889938474973,0.19091110772064215,0.44595157700980664,0.026947000897457996,25
65,8,"DenseLayer( 64,1 )","weights",0.16323879427578925,0.18734657511066147,0.43710466530113856,0.026945285384975714,25
65,8,"DenseLayer( 64,1 )","biases",0.029912762268213555,0.036719366081509601,0.088387332856655121,0.00030406066798605025,25
66,0,"Conv2DLayer(1,8,5, stride=5, padding=0)","all",0.37557586106907692,0.435962835791458,0.93434684210587748,0.24283090605903773,25
66,0,"Conv2DLayer(1,8,5, stride=5, padding=0)","weights",0.36953987591613663,0.43007309386443587,0.92158914509025203,0.23802476215633797,25
66,0,"Conv2DLayer(1,8,5, stride=5, padding=0)","biases",0.06433368243477143,0.071419381999579729,0.15387484851347205,0.048073501410568688,25
66,4,"DenseLayer( 7202,128 )","all",0.20774682660241484,0.22963858670281126,0.46672950430139354,0.083325745397219361,25
66,4,"DenseLayer( 7202,128 )","weights",0.20691850376104201,0.22870661727402433,0.46497300398815367,0.083033161620691534,25
66,4,"DenseLayer( 7202,128 )","biases",0.018503288228676959,0.020667939373278606,0.040454119044381426,0.0069766694972845942,25
66,6,"DenseLayer( 128,64 )","all",0.34066432843345301,0.38428292919006823,0.79924874055618322,0.091459982295599276,25
66,6,"DenseLayer( 128,64 )","weights",0.3382308732751706,0.3814861043645037,0.79415854624897497,0.0909217666011186,25
66,6,"DenseLayer( 128,64 )","biases",0.040392394824257438,0.046278740731506486,0.090059717412169296,0.0099076091789618449,25
66,8,"DenseLayer( 64,1 )","all",0.28473892047039734,0.32318469390645843,0.70552937206891331,0.068160467373416037,25
66,8,"DenseLayer( 64,1 )","weights",0.27669363004427627,0.31383306358738028,0.68882140093373678,0.067472336588866838,25
66,8,"DenseLayer( 64,1 )","biases",0.065340782045386736,0.077182605389884223,0.15263280272483826,0.009660906158387661,25
67,0,"Conv2DLayer(1,8,5, stride=5, padding=0)","all",0.5263027401187621,0.64806753404478668,1.4415538750027423,0.20245952001384687,25
67,0,"Conv2DLayer(1,8,5, stride=5, padding=0)","weights",0.51988983855359694,0.64146587346831263,1.42865884548439,0.20089238281847105,25
67,0,"Conv2DLayer(1,8,5, stride=5, padding=0)","biases",0.079385068356048319,0.092266255253073678,0.19238367330579645,0.025141753513908661,25
67,4,"DenseLayer( 7202,128 )","all",0.16691551414478992,0.18293598150166518,0.35282735484240774,0.11391520792231907,25
67,4,"DenseLayer( 7202,128 )","weights",0.16632063312657336,0.18228541499139114,0.35150418224599878,0.11342473847898656,25
67,4,"DenseLayer( 7202,128 )","biases",0.014038132870908736,0.015414305349054665,0.030527891978680645,0.010559512155336086,25
67,6,"DenseLayer( 128,64 )","all",0.24994029870769363,0.2789663041248342,0.5184521768514686,0.1759376994351966,25
67,6,"DenseLayer( 128,64 )","weights",0.24854624066430483,0.27741430173446791,0.51578110104583241,0.17458849751819436,25
67,6,"DenseLayer( 128,64 )","biases",0.025916790548904039,0.029385439085490857,0.058744179823701816,0.021746967993010555,25
67,8,"DenseLayer( 64,1 )","all",0.21593732959995743,0.24402398447644533,0.46127847616677808,0.15280134251050789,25
67,8,"DenseLayer( 64,1 )","weights",0.21225464830846053,0.23992571978077587,0.45456050693360683,0.14858524863162356,25
67,8,"DenseLayer( 64,1 )","biases",0.035475773066282273,0.044534862607142386,0.099601790308952332,0.03564651682972908,25
68,0,"Conv2DLayer(1,8,5, stride=5, padding=0)","all",0.48369171384559706,0.58989947354618655,1.3664730517524972,0.25899015543139331,25
68,0,"Conv2DLayer(1,8,5, stride=5, padding=0)","weights",0.47731873163015137,0.58304935989784956,1.3538241208766753,0.25719208688875628,25
68,0,"Conv2DLayer(1,8,5, stride=5, padding=0)","biases",0.075423861077544549,0.089637228944094538,0.18549622879800054,0.030465243346864908,25
68,4,"DenseLayer( 7202,128 )","all",0.13441512286420049,0.14425378716583867,0.26084268043235392,0.1122159231699707,25
68,4,"DenseLayer( 7202,128 )","weights",0.13395015004927668,0.14375697495123813,0.26011621472203333,0.11181331763522792,25
68,4,"DenseLayer( 7202,128 )","biases",0.01114689562930422,0.011961908901014756,0.019454016906956948,0.0094971265281871518,25
68,6,"DenseLayer( 128,64 )","all",0.19670065837288461,0.21583387102283635,0.38177431619660751,0.15552185237499019,25
68,6,"DenseLayer( 128,64 )","weights",0.19564821623019993,0.21470727883579332,0.38083209108702254,0.15467553251464736,25
68,6,"DenseLayer( 128,64 )","biases",0.019971321769968641,0.02202372120308577,0.039906290840385439,0.0162026605055622,25
68,8,"DenseLayer( 64,1 )","all",0.16650403639162528,0.18624978585322063,0.35413522590948415,0.1257868666374421,25
68,8,"DenseLayer( 64,1 )","weights",0.16395738232355178,0.18359278569226975,0.35360684183896224,0.12372121134869364,25
68,8,"DenseLayer( 64,1 )","biases",0.025771178035065533,0.031347595954440699,0.067613467574119568,0.022702371701598167,25
69,0,"Conv2DLayer(1,8,5, stride=5, padding=0)","all",0.49542269394650351,0.59828374827371189,1.2622918961058742,0.91341912871336906,25
69,0,"Conv2DLayer(1,8,5, stride=5, padding=0)","weights",0.48900397257060296,0.59089033683310899,1.2520954922801013,0.88805254526991906,25
69,0,"Conv2DLayer(1,8,5, stride=5, padding=0)","biases",0.077817048362231425,0.093765949500324255,0.2137689910606978,0.2137689910606978,25
69,4,"DenseLayer( 7202,128 )","all",0.14838115503249791,0.16279464368850302,0.290950080606457,0.290950080606457,25
69,4,"DenseLayer( 7202,128 )","weights",0.14785300061153114,0.16222014709620453,0.29004571634053117,0.29004571634053117,25
69,4,"DenseLayer( 7202,128 )","biases",0.012478444920200719,0.013664548647958474,0.023141121933641283,0.022922300002660115,25
69,6,"DenseLayer( 128,64 )","all",0.22690232342015329,0.25312949546410285,0.45540454309776446,0.42388927286382311,25
69,6,"DenseLayer( 128,64 )","weights",0.22557297388442157,0.25164167782136376,0.45169301765962205,0.42182244773203698,25
69,6,"DenseLayer( 128,64 )","biases",0.024190194369848473,0.027404515269572171,0.058023406239447586,0.041808351299395426,25
69,8,"DenseLayer( 64,1 )","all",0.19302068904109937,0.21768990478260217,0.38809246897608035,0.38809246897608035,25
69,8,"DenseLayer( 64,1 )","weights",0.18935275370731539,0.21350289109761364,0.381948405482187,0.381948405482187,25
69,8,"DenseLayer( 64,1 )","biases",0.034156362917856314,0.042490118112555694,0.1008080393075943,0.068783573806285858,25
70,0,"Conv2DLayer(1,8,5, stride=5, padding=0)","all",0.40381250063091562,0.48317866250437558,1.1059566847891791,0.43588614858821084,25
70,0,"Conv2DLayer(1,8,5, stride=5, padding=0)","weights",0.39783293831661937,0.47711841344078071,1.0945606357478792,0.43062494108429772,25
70,0,"Conv2DLayer(1,8,5, stride=5, padding=0)","biases",0.066303648417199379,0.076286561432991298,0.15835783309034573,0.06751958713742949,25
70,4,"DenseLayer( 7202,128 )","all",0.13291043669492508,0.14595652861395758,0.27775269955435905,0.16618248597228188,25
70,4,"DenseLayer( 7202,128 )","weights",0.1324391420786058,0.14543287221916054,0.27654545861428859,0.16558518269341815,25
70,4,"DenseLayer( 7202,128 )","biases",0.011156542434974942,0.012352648425432527,0.025868348025083889,0.014077141624456125,25
70,6,"DenseLayer( 128,64 )","all",0.19936901083065342,0.22635852387404778,0.47545981788638447,0.27264381081843025,25
70,6,"DenseLayer( 128,64 )","weights",0.19817139485935972,0.22496704528908079,0.47184775081195468,0.27105674259121565,25
70,6,"DenseLayer( 128,64 )","biases",0.021553330541350085,0.025060124986490646,0.058495627855878272,0.029374987207409161,25
70,8,"DenseLayer( 64,1 )","all",0.16783738371543122,0.19249636354545416,0.41253958477038544,0.24753787720659012,25
70,8,"DenseLayer( 64,1 )","weights",0.16448188995829296,0.18846246409116604,0.40064451154656505,0.24274344914141777,25
70,8,"DenseLayer( 64,1 )","biases",0.031482606851495801,0.039201398022386931,0.098350822925567627,0.048483178019523621,25
71,0,"Conv2DLayer(1,8,5, stride=5, padding=0)","all",0.55900364663792212,0.65258054572713298,1.2623777622087251,0.14340850119721402,25
71,0,"Conv2DLayer(1,8,5, stride=5, padding=0)","weights",0.55207991622474029,0.64522858400440197,1.2497102043510249,0.13761497824821395,25
71,0,"Conv2DLayer(1,8,5, stride=5, padding=0)","biases",0.086333101428366185,0.097680310427419648,0.17838727437804663,0.040349919174329639,25
71,4,"DenseLayer( 7202,128 )","all",0.15990103361351629,0.17072725259916319,0.29158072464193369,0.19125060994018755,25
71,4,"DenseLayer( 7202,128 )","weights",0.15934006813453677,0.17013152660776859,0.29066238075045558,0.19038923021632034,25
71,4,"DenseLayer( 7202,128 )","biases",0.01334577885419303,0.01424985733853521,0.023123568046309769,0.018131100907852915,25
71,6,"DenseLayer( 128,64 )","all",0.2352774568611842,0.25463051291136646,0.48105877714405265,0.3093945904223645,25
71,6,"DenseLayer( 128,64 )","weights",0.23397654874895052,0.25320983268268338,0.47863188057112971,0.30675106105156369,25
71,6,"DenseLayer( 128,64 )","biases",0.024368145645211826,0.026860356258118969,0.048260438956511172,0.04035838359452168,25
71,8,"DenseLayer( 64,1 )","all",0.20213657386563325,0.21997226030937223,0.43510956666230743,0.25788185414574821,25
71,8,"DenseLayer( 64,1 )","weights",0.19891262009162686,0.2163585926372541,0.42800785077366943,0.24881887715771261,25
71,8,"DenseLayer( 64,1 )","biases",0.032849610769189894,0.03970837062435275,0.078291855752468109,0.067765899002552032,25
72,0,"Conv2DLayer(1,8,5, stride=5, padding=0)","all",0.45955993361486347,0.55815466111995837,1.0403840124802408,0.55806639173844463,25
72,0,"Conv2DLayer(1,8,5, stride=5, padding=0)","weights",0.452511383416837,0.55142174327118842,1.0257060029560421,0.55089300100507843,25
72,0,"Conv2DLayer(1,8,5, stride=5, padding=0)","biases",0.075183263711508741,0.086433134721002808,0.17414387420872818,0.089190801272249209,25
72,4,"DenseLayer( 7202,128 )","all",0.2059313824108065,0.22390649674741028,0.36811822601482114,0.2868881012880013,25
72,4,"DenseLayer( 7202,128 )","weights",0.20511411781655178,0.22300865858889954,0.36680721550977757,0.2856272795785289,25
72,4,"DenseLayer( 7202,128 )","biases",0.018292993188777567,0.020031412333574972,0.031373608428577768,0.026867076900983632,25
72,6,"DenseLayer( 128,64 )","all",0.33260734955177024,0.37065626686411385,0.61259854275655945,0.50388031663230426,25
72,6,"DenseLayer( 128,64 )","weights",0.33024956095244212,0.36797486360130116,0.60903474642701561,0.49965397892146279,25
72,6,"DenseLayer( 128,64 )","biases",0.039249501873629078,0.044503572027928193,0.072126774496276302,0.065125070728726378,25
72,8,"DenseLayer( 64,1 )","all",0.28016711325398208,0.31575381093430033,0.56299461644496007,0.425717307566435,25
72,8,"DenseLayer( 64,1 )","weights",0.27259796790606261,0.30694225832148425,0.55216473226818374,0.41040566823463093,25
72,8,"DenseLayer( 64,1 )","biases",0.062436673976480964,0.0740737414745678,0.12545329332351685,0.11314775049686432,25
73,0,"Conv2DLayer(1,8,5, stride=5, padding=0)","all",0.61254939957957777,0.73106648311800637,1.51907402375643,0.80546085195235084,25
73,0,"Conv2DLayer(1,8,5, stride=5, padding=0)","weights",0.60337122347706351,0.72057681320899669,1.4897157039414941,0.79764404724256022,25
73,0,"Conv2DLayer(1,8,5, stride=5, padding=0)","biases",0.10260349268954526,0.12339878039955227,0.29720869953897622,0.11194265463314364,25
73,4,"DenseLayer( 7202,128 )","all",0.16977818543057974,0.18431418444015271,0.32312204469205136,0.25136176328119564,25
73,4,"DenseLayer( 7202,128 )","weights",0.16915849039070757,0.18363858878794781,0.32203235986443801,0.25044788284375213,25
73,4,"DenseLayer( 7202,128 )","biases",0.014450684490102205,0.015766651318832276,0.029920290062566798,0.021414808402458921,25
73,6,"DenseLayer( 128,64 )","all",0.25173650746490817,0.27770099565495554,0.5356361590557781,0.36478176355598785,25
73,6,"DenseLayer( 128,64 )","weights",0.25022662413282659,0.27597638845057032,0.53053471011925923,0.3629298584720223,25
73,6,"DenseLayer( 128,64 )","biases",0.027040747461675368,0.030901068032246851,0.073749686417640639,0.036710391614561855,25
73,8,"DenseLayer( 64,1 )","all",0.21281750645141592,0.23707902929173602,0.44327865121346194,0.30601555207804965,25
73,8,"DenseLayer( 64,1 )","weights",0.20873557478565749,0.23229889131030659,0.42478875856260651,0.30203637891662932,25
73,8,"DenseLayer( 64,1 )","biases",0.037000891447532921,0.047367617904156632,0.12669046223163605,0.049188859760761261,25
74,0,"Conv2DLayer(1,8,5, stride=5, padding=0)","all",0.33900735771470858,0.39245956100921792,0.86028956649179333,0.86028956649179333,25
74,0,"Conv2DLayer(1,8,5, stride=5, padding=0)","weights",0.33357043792420787,0.3872522117710725,0.84948321025101647,0.84948321025101647,25
74,0,"Conv2DLayer(1,8,5, stride=5, padding=0)","biases",0.057054841994660474,0.063719945903621442,0.13592797253054698,0.13592797253054698,25
74,4,"DenseLayer( 7202,128 )","all",0.12250682394860635,0.12963035640963755,0.203307187822444,0.17440321175610193,25
74,4,"DenseLayer( 7202,128 )","weights",0.12206413795896381,0.12915357538767902,0.20244594445941658,0.17387077876486334,25
74,4,"DenseLayer( 7202,128 )","biases",0.010377421911884259,0.011107802098920028,0.018693640421419955,0.013617362539922207,25
74,6,"DenseLayer( 128,64 )","all",0.18417039293047166,0.20038221294318065,0.35684880880517722,0.24160271656792442,25
74,6,"DenseLayer( 128,64 )","weights",0.18299162478778747,0.19903614705620359,0.35419560985502552,0.24084139580691608,25
74,6,"DenseLayer( 128,64 )","biases",0.020515154178750092,0.02318713930236958,0.043434344764258705,0.019164934614477793,25
74,8,"DenseLayer( 64,1 )","all",0.15098822318360247,0.16529208575878121,0.29822110594868173,0.21277355289089112,25
74,8,"DenseLayer( 64,1 )","weights",0.14757229083957712,0.16120013915056317,0.28914510878298072,0.21243294861905113,25
74,8,"DenseLayer( 64,1 )","biases",0.028958877614350058,0.03655117990335402,0.073013246059417725,0.012034415267407894,25
75,0,"Conv2DLayer(1,8,5, stride=5, padding=0)","all",0.28548747686073728,0.34647121302345574,0.70297663118500531,0.10758245268439266,25
75,0,"Conv2DLayer(1,8,5, stride=5, padding=0)","weights",0.28021003401472877,0.34201990651078318,0.69723053960168102,0.10248143341523867,25
75,0,"Conv2DLayer(1,8,5, stride=5, padding=0)","biases",0.050471166642800255,0.055359597219452411,0.091980606093376091,0.032734384532897363,25
75,4,"DenseLayer( 7202,128 )","all",0.13407223094906154,0.14430902646039709,0.25610955885977771,0.14386790888558459,25
75,4,"DenseLayer( 7202,128 )","weights",0.13355332148255317,0.14374051086378065,0.25505989723128264,0.14322825635627465,25
75,4,"DenseLayer( 7202,128 )","biases",0.011761988587073216,0.012796900193677664,0.023163656095648577,0.013551449673453363,25
75,6,"DenseLayer( 128,64 )","all",0.20284253902521501,0.2245831245166004,0.41987795043129383,0.24162545568122798,25
75,6,"DenseLayer( 128,64 )","weights",0.20140770353562032,0.22294105565895966,0.41653143720554675,0.2397112851737925,25
75,6,"DenseLayer( 128,64 )","biases",0.023886516635114156,0.027108403112457369,0.052906096792956901,0.030353922209325576,25
75,8,"DenseLayer( 64,1 )","all",0.16413377459982534,0.18472466734245324,0.3582579923907348,0.20275564422856487,25
75,8,"DenseLayer( 64,1 )","weights",0.15958544925393903,0.17934495039991957,0.34640392916772889,0.19621665488290105,25
75,8,"DenseLayer( 64,1 )","biases",0.037083244367968289,0.044255976893865921,0.091395333409309387,0.051077153533697128,25
76,0,"Conv2DLayer(1,8,5, stride=5, padding=0)","all",0.36344608678107321,0.42674934788757063,0.84184016767780523,0.4769583040282514,25
76,0,"Conv2DLayer(1,8,5, stride=5, padding=0)","weights",0.35771258664753636,0.42037217728632009,0.8277616116948483,0.47110128078088165,25
76,0,"Conv2DLayer(1,8,5, stride=5, padding=0)","biases",0.063067545211198645,0.07349992167360099,0.15331530295486648,0.074517159286427589,25
76,4,"DenseLayer( 7202,128 )","all",0.14690178393039499,0.15751362193060253,0.25354564979543687,0.15255449660955966,25
76,4,"DenseLayer( 7202,128 )","weights",0.14632634106351305,0.15688543901971691,0.25243272318730936,0.15190249785280266,25
76,4,"DenseLayer( 7202,128 )","biases",0.012963716276760779,0.014053473495455724,0.023730082056949799,0.014089200895559309,25
76,6,"DenseLayer( 128,64 )","all",0.2345757499071201,0.25707563580841142,0.43790702329814329,0.26853837231682082,25
76,6,"DenseLayer( 128,64 )","weights",0.23291290147347413,0.25519361042094291,0.43415868740789493,0.26637112451167699,25
76,6,"DenseLayer( 128,64 )","biases",0.027666274341126632,0.031050019752376829,0.057173378438696548,0.034048222170212104,25
76,8,"DenseLayer( 64,1 )","all",0.19828476835287431,0.21799708731709072,0.36427619732406563,0.22611655512251994,25
76,8,"DenseLayer( 64,1 )","weights",0.19299493653235938,0.21187259953960508,0.35066808982528341,0.21875655489244122,25
76,8,"DenseLayer( 64,1 )","biases",0.044078179001808167,0.051310151462117266,0.09863588958978653,0.057221204042434692,25
77,0,"Conv2DLayer(1,8,5, stride=5, padding=0)","all",0.3896155328828258,0.47067299503497229,0.85176933637139574,0.69800481069270892,25
77,0,"Conv2DLayer(1,8,5, stride=5, padding=0)","weights",0.38388891044461798,0.46475568850274357,0.84572405712601939,0.6872071659571416,25
77,0,"Conv2DLayer(1,8,5, stride=5, padding=0)","biases",0.063693040433487128,0.074399047436992549,0.15575960385772486,0.12229892398266622,25
77,4,"DenseLayer( 7202,128 )","all",0.12937456155299584,0.13643123621549902,0.22584984261089056,0.21530911359521235,25
77,4,"DenseLayer( 7202,128 )","weights",0.12889574369866696,0.1359305565544239,0.22502784770312248,0.21469277467619552,25
77,4,"DenseLayer( 7202,128 )","biases",0.011091418207039853,0.011677585799036303,0.019251471773980063,0.016279646771118698,25
77,6,"DenseLayer( 128,64 )","all",0.19091929590164664,0.20638105931400108,0.34504135335813735,0.32196169822273324,25
77,6,"DenseLayer( 128,64 )","weights",0.18972500390386784,0.20507838777544599,0.34325070229745197,0.32043049105832178,25
77,6,"DenseLayer( 128,64 )","biases",0.0210119968453794,0.023151598454384293,0.040324537987700595,0.031362964186905616,25
77,8,"DenseLayer( 64,1 )","all",0.16071854486783838,0.17653464414819245,0.30783811332409428,0.28922965909599663,25
77,8,"DenseLayer( 64,1 )","weights",0.15742959705316037,0.17282482842921962,0.30313556055790269,0.28520566898984551,25
77,8,"DenseLayer( 64,1 )","biases",0.029259475732687862,0.036000823086975928,0.068151906132698059,0.048078291118144989,25
78,0,"Conv2DLayer(1,8,5, stride=5, padding=0)","all",0.36655779174012015,0.44660838467148734,0.96845338337923748,0.73558462392833113,25
78,0,"Conv2DLayer(1,8,5, stride=5, padding=0)","weights",0.36021973282224434,0.44073305368668608,0.95097245997596247,0.72853190184088301,25
78,0,"Conv2DLayer(1,8,5, stride=5, padding=0)","biases",0.062801517272599292,0.072204048687617914,0.1831756974763816,0.10161696196939955,25
78,4,"DenseLayer( 7202,128 )","all",0.18532789046215403,0.19878020995874732,0.35958527678697333,0.28651981023662459,25
78,4,"DenseLayer( 7202,128 )","weights",0.1845494378496699,0.19792762085658702,0.35791107036687864,0.28522032444835099,25
78,4,"DenseLayer( 7202,128 )","biases",0.016928035950228574,0.018390997071795832,0.034658865976824431,0.027257442646161485,25
78,6,"DenseLayer( 128,64 )","all",0.29946412338639772,0.33075654403647714,0.63305719141255623,0.52888277567712561,25
78,6,"DenseLayer( 128,64 )","weights",0.29725756664691122,0.32820402573212881,0.6277383636757714,0.52457750209826015,25
78,6,"DenseLayer( 128,64 )","biases",0.035987224867177349,0.041012302010228437,0.081889891737741097,0.067345636089434432,25
78,8,"DenseLayer( 64,1 )","all",0.25711654369310349,0.28555988723396097,0.54862732994829211,0.45629836446472222,25
78,8,"DenseLayer( 64,1 )","weights",0.25001933229334,0.27708677253922831,0.53040155544207646,0.44113407609488603,25
78,8,"DenseLayer( 64,1 )","biases",0.05761558586265892,0.069046141679795892,0.14023600518703461,0.11665729433298111,25
79,0,"Conv2DLayer(1,8,5, stride=5, padding=0)","all",0.38352442645989676,0.46770013330720284,1.1377478064792794,0.41773388117667687,25
79,0,"Conv2DLayer(1,8,5, stride=5, padding=0)","weights",0.37738688511652457,0.46164456990525082,1.1270344800191834,0.40881434476564449,25
79,0,"Conv2DLayer(1,8,5, stride=5, padding=0)","biases",0.066004437953351383,0.075018036315084427,0.15576697980092252,0.085862838275745271,25
79,4,"DenseLayer( 7202,128 )","all",0.14851987074761014,0.16273392750029303,0.26489636484856971,0.24111343377379046,25
79,4,"DenseLayer( 7202,128 )","weights",0.14788362357189688,0.16202462946031104,0.26367227918565295,0.24001546432388982,25
79,4,"DenseLayer( 7202,128 )","biases",0.013708037820422502,0.015177305687095258,0.025436456102013331,0.022984012521220374,25
79,6,"DenseLayer( 128,64 )","all",0.23420998131158677,0.26310015556236793,0.47683992456881363,0.39851989159209411,25
79,6,"DenseLayer( 128,64 )","weights",0.23236364774776946,0.26096481506238184,0.47253669556471262,0.39524415481490166,25
79,6,"DenseLayer( 128,64 )","biases",0.029042190810843759,0.03345231167496597,0.063917016572849969,0.050991784428753698,25
79,8,"DenseLayer( 64,1 )","all",0.19735237348155216,0.22353770747541654,0.41561979380197794,0.3429517852174086,25
79,8,"DenseLayer( 64,1 )","weights",0.19150151673748594,0.21662527826319766,0.40007883603555222,0.33231409703173836,25
79,8,"DenseLayer( 64,1 )","biases",0.045288296258077024,0.055159726982256602,0.11259102076292038,0.084754161536693573,25
80,0,"Conv2DLayer(1,8,5, stride=5, padding=0)","all",0.24037988950552397,0.2982484981035351,0.72021301866789289,0.091082399221632332,25
80,0,"Conv2DLayer(1,8,5, stride=5, padding=0)","weights",0.23520212794179751,0.29333886520361596,0.71045361821142805,0.082936925769003383,25
80,0,"Conv2DLayer(1,8,5, stride=5, padding=0)","biases",0.046546039868541375,0.053893197920231367,0.11816280560738668,0.037649300019464295,25
80,4,"DenseLayer( 7202,128 )","all",0.1261933912584601,0.13673570557870968,0.21209771514769285,0.051736039939759733,25
80,4,"DenseLayer( 7202,128 )","weights",0.12565309693037638,0.13613709321735479,0.21110888833533106,0.051564846105934516,25
80,4,"DenseLayer( 7202,128 )","biases",0.011634621883922794,0.012780650626506894,0.020456735729157526,0.0042052912764401901,25
80,6,"DenseLayer( 128,64 )","all",0.19536689561494441,0.21915365880563745,0.37980793669863394,0.077789324584310857,25
80,6,"DenseLayer( 128,64 )","weights",0.19377987787473433,0.21731760841563635,0.37668156642162415,0.07727441189393959,25
80,6,"DenseLayer( 128,64 )","biases",0.02465438654539024,0.02830871315347773,0.048631947292136095,0.008935562977733208,25
80,8,"DenseLayer( 64,1 )","all",0.16620081875926176,0.18859672060134852,0.32995134389838654,0.056851034907888447,25
80,8,"DenseLayer( 64,1 )","weights",0.16108354301788894,0.18251508085883272,0.31947369936928771,0.055530293062129601,25
80,8,"DenseLayer( 64,1 )","biases",0.039742179601453244,0.047507560247574007,0.082960911095142365,0.012183050625026226,25
81,0,"Conv2DLayer(1,8,5, stride=5, padding=0)","all",0.3215693923740181,0.40141196166929616,0.91262216669113227,0.13690551702178572,25
81,0,"Conv2DLayer(1,8,5, stride=5, padding=0)","weights",0.31277779798675082,0.394201666223291,0.90263940508068896,0.11479516589858091,25
81,0,"Conv2DLayer(1,8,5, stride=5, padding=0)","biases",0.063405889459127104,0.075740407432054208,0.18226155876546882,0.074600204271300402,25
81,4,"DenseLayer( 7202,128 )","all",0.1084788642219093,0.12034324280257401,0.23920832723144958,0.13686042942946902,25
81,4,"DenseLayer( 7202,128 )","weights",0.10806711151848408,0.11988984356777305,0.23845393938496909,0.13617585706453461,25
81,4,"DenseLayer( 7202,128 )","biases",0.0094226235098336386,0.010436546245487134,0.019695771040509857,0.013671616450080514,25
81,6,"DenseLayer( 128,64 )","all",0.14805195919040301,0.16973945266558374,0.35436200283405178,0.22061971367747857,25
81,6,"DenseLayer( 128,64 )","weights",0.14713473171339975,0.16863457580344243,0.35122575908190812,0.21834313511049061,25
81,6,"DenseLayer( 128,64 )","biases",0.016200589394330323,0.019335501927929669,0.047041420151797603,0.031612235182831842,25
81,8,"DenseLayer( 64,1 )","all",0.12297837802650374,0.1448848446493789,0.30479811856486638,0.1857919084551175,25
81,8,"DenseLayer( 64,1 )","weights",0.12070914322764192,0.14188520915082672,0.29410194115248739,0.1785453746692329,25
81,8,"DenseLayer( 64,1 )","biases",0.021639605807140468,0.029329262406354795,0.080037124454975128,0.051382705569267273,25
82,0,"Conv2DLayer(1,8,5, stride=5, padding=0)","all",0.64456102543975957,0.72640271661823796,1.3856191274780414,0.68424379221724096,25
82,0,"Conv2DLayer(1,8,5, stride=5, padding=0)","weights",0.63627561666788668,0.7172252789622735,1.3691401174146667,0.67346615646734942,25
82,0,"Conv2DLayer(1,8,5, stride=5, padding=0)","biases",0.10151927423079925,0.1151034574973539,0.22642058677912977,0.12096653785624568,25
82,4,"DenseLayer( 7202,128 )","all",0.16353871272895615,0.17578165031187465,0.26906308044833843,0.13916625707792252,25
82,4,"DenseLayer( 7202,128 )","weights",0.16290680182913622,0.17509349159982654,0.26797441051826359,0.13865947537496051,25
82,4,"DenseLayer( 7202,128 )","biases",0.014345275627223958,0.015538911987254831,0.024179672614370793,0.011865791074308364,25
82,6,"DenseLayer( 128,64 )","all",0.2361732160353886,0.26176372063518438,0.44981268255806939,0.20633953671164193,25
82,6,"DenseLayer( 128,64 )","weights",0.23490334849421227,0.26028359323306544,0.44711399079242931,0.20547000491975725,25
82,6,"DenseLayer( 128,64 )","biases",0.024199095094224975,0.027797419564753973,0.054503835774302893,0.018923041210385877,25
82,8,"DenseLayer( 64,1 )","all",0.20127566425358664,0.22518168648999404,0.40636663689772917,0.18342808862136892,25
82,8,"DenseLayer( 64,1 )","weights",0.19858554248156213,0.22174608536869589,0.39868938275808369,0.18251056189629897,25
82,8,"DenseLayer( 64,1 )","biases",0.029001734154298901,0.03918501695976416,0.092038020491600037,0.018323713913559914,25
83,0,"Conv2DLayer(1,8,5, stride=5, padding=0)","all",0.50229141616381734,0.61577669193154805,1.4738115512866325,0.53560432172219841,25
83,0,"Conv2DLayer(1,8,5, stride=5, padding=0)","weights",0.49215300089469888,0.60681140850108539,1.4582548375337836,0.52485864954575223,25
83,0,"Conv2DLayer(1,8,5, stride=5, padding=0)","biases",0.092012188595522848,0.10469407260723712,0.21357274525376196,0.10674918006479257,25
83,4,"DenseLayer( 7202,128 )","all",0.17167496775496152,0.1832389689089805,0.31364404235555865,0.20722115561228771,25
83,4,"DenseLayer( 7202,128 )","weights",0.17093156309632254,0.18243377294463736,0.31204897711342305,0.20628042407509481,25
83,4,"DenseLayer( 7202,128 )","biases",0.01592613866942999,0.017159202079666414,0.031591473336991679,0.019722930225780259,25
83,6,"DenseLayer( 128,64 )","all",0.27775941921419822,0.30105271395370781,0.54787534475837862,0.3123059560318614,25
83,6,"DenseLayer( 128,64 )","weights",0.27572328997094092,0.29876314359979478,0.54273639244417105,0.30994589559059615,25
83,6,"DenseLayer( 128,64 )","biases",0.03322499611667256,0.037058340562704996,0.074863887895292941,0.038321690718419982,25
83,8,"DenseLayer( 64,1 )","all",0.23906501567104424,0.25883252737170159,0.45121296238424835,0.27010457979638658,25
83,8,"DenseLayer( 64,1 )","weights",0.23286064288067373,0.25177109995768715,0.43357289278815025,0.26334407649006897,25
83,8,"DenseLayer( 64,1 )","biases",0.051397104682400822,0.060046569025373482,0.12493071705102921,0.060053154826164246,25
84,0,"Conv2DLayer(1,8,5, stride=5, padding=0)","all",0.49354155715493475,0.58016790829878218,1.3482445804800023,0.96793820493533911,25
84,0,"Conv2DLayer(1,8,5, stride=5, padding=0)","weights",0.48619074295635195,0.57202461836834051,1.3322952921283124,0.95661493486180649,25
84,0,"Conv2DLayer(1,8,5, stride=5, padding=0)","biases",0.083063144459055702,0.096864017056585885,0.20676726860514438,0.14762193256013248,25
84,4,"DenseLayer( 7202,128 )","all",0.14644021143000846,0.15404446317785481,0.24746267618473433,0.20048950492291182,25
84,4,"DenseLayer( 7202,128 )","weights",0.14584575252898141,0.15341719665689191,0.24640915135805436,0.19965053831081639,25
84,4,"DenseLayer( 7202,128 )","biases",0.013155218541774793,0.013887418971645636,0.022810222083840766,0.0183222306621088,25
84,6,"DenseLayer( 128,64 )","all",0.21884829805976772,0.23397614284992579,0.41304085786340822,0.34534338819763472,25
84,6,"DenseLayer( 128,64 )","weights",0.21742162663811521,0.23243942653052999,0.41010587107052526,0.34265222607034274,25
84,6,"DenseLayer( 128,64 )","biases",0.024634020706382528,0.026772157497804167,0.04915205771914237,0.043029149897028676,25
84,8,"DenseLayer( 64,1 )","all",0.19017766234756517,0.20446150992625886,0.38165082261161976,0.27491065049336172,25
84,8,"DenseLayer( 64,1 )","weights",0.18632519181243051,0.20030307045601933,0.37240388233488386,0.26640902316849208,25
84,8,"DenseLayer( 64,1 )","biases",0.035393577953800562,0.041026686524951055,0.083502687513828278,0.067838765680789948,25
85,0,"Conv2DLayer(1,8,5, stride=5, padding=0)","all",0.51946621796829739,0.62889969739373497,1.3333453686951535,0.37964523447822235,25
85,0,"Conv2DLayer(1,8,5, stride=5, padding=0)","weights",0.51094992450075427,0.62036188666719139,1.3165480605151871,0.37303043092584243,25
85,0,"Conv2DLayer(1,8,5, stride=5, padding=0)","biases",0.090599864678437753,0.10327612963630194,0.21097648346323819,0.070560624042767292,25
85,4,"DenseLayer( 7202,128 )","all",0.18133702539787888,0.19979587065444115,0.3712716383433794,0.10481076736177944,25
85,4,"DenseLayer( 7202,128 )","weights",0.18056222573584643,0.19892433831446643,0.36950406274975867,0.10435441996803112,25
85,4,"DenseLayer( 7202,128 )","biases",0.016698733844294499,0.018641286348261486,0.036774174801416655,0.0097699533315588043,25
85,6,"DenseLayer( 128,64 )","all",0.28371714172881379,0.31863248735396194,0.61850920459765446,0.17508902726278303,25
85,6,"DenseLayer( 128,64 )","weights",0.28164962283263145,0.31623620576904438,0.61342964044706305,0.17379081500122565,25
85,6,"DenseLayer( 128,64 )","biases",0.033898917546693788,0.03900415565258844,0.080224657856523454,0.021281919298722314,25
85,8,"DenseLayer( 64,1 )","all",0.24494352950765155,0.27756857780387867,0.54117211384130792,0.15400667458280387,25
85,8,"DenseLayer( 64,1 )","weights",0.23872789922865517,0.27028756853993635,0.52457144441829473,0.14988060414235987,25
85,8,"DenseLayer( 64,1 )","biases",0.053404162637889385,0.063158100643045376,0.13442249596118927,0.035409890115261078,25
86,0,"Conv2DLayer(1,8,5, stride=5, padding=0)","all",0.3807183021576927,0.47611019868230448,1.1830834031716095,0.48186080671039588,25
86,0,"Conv2DLayer(1,8,5, stride=5, padding=0)","weights",0.37244626754101279,0.46847642247788701,1.1690780319621916,0.47781458446768965,25
86,0,"Conv2DLayer(1,8,5, stride=5, padding=0)","biases",0.07467211870839402,0.084916210888285285,0.18150177421591646,0.06231420314472931,25
86,4,"DenseLayer( 7202,128 )","all",0.14640070100270419,0.15998793533280639,0.30912685773136994,0.10072818255153436,25
86,4,"DenseLayer( 7202,128 )","weights",0.14573038782333597,0.15923751382769033,0.30751488696842222,0.10029667773608537,25
86,4,"DenseLayer( 7202,128 )","biases",0.013969934679289073,0.015477520538844979,0.03152789976622556,0.0093136026992280373,25
86,6,"DenseLayer( 128,64 )","all",0.22793376568291421,0.25869797564172714,0.54934781715033232,0.13813386785469445,25
86,6,"DenseLayer( 128,64 )","weights",0.22607666661044812,0.25648791619751726,0.54403167416158726,0.13712548179021336,25
86,6,"DenseLayer( 128,64 )","biases",0.028843433700525365,0.033743020697368363,0.076240158163368765,0.016660362910214617,25
86,8,"DenseLayer( 64,1 )","all",0.18763939580881758,0.21756094490964395,0.46451131971312509,0.10801759428919566,25
86,8,"DenseLayer( 64,1 )","weights",0.18191605293017676,0.21032494651465208,0.44635485900785138,0.1054563195678011,25
86,8,"DenseLayer( 64,1 )","biases",0.044325983287999408,0.055643343030284079,0.12860056757926941,0.023383013904094696,25
87,0,"Conv2DLayer(1,8,5, stride=5, padding=0)","all",0.62723866526166372,0.74249894013697304,1.3967856585743685,0.094437604317453266,25
87,0,"Conv2DLayer(1,8,5, stride=5, padding=0)","weights",0.61880809543377868,0.73339414736640463,1.3809327563505238,0.092341799064934421,25
87,0,"Conv2DLayer(1,8,5, stride=5, padding=0)","biases",0.099797872955824554,0.11592109692904257,0.20984493903160342,0.019785177650735002,25
87,4,"DenseLayer( 7202,128 )","all",0.13216662441218802,0.14367796583860223,0.2549860084127315,0.054604967418607236,25
87,4,"DenseLayer( 7202,128 )","weights",0.13168539206610724,0.14316154596291228,0.25415457334551655,0.054389449557788315,25
87,4,"DenseLayer( 7202,128 )","biases",0.011243409606269515,0.012170851450392048,0.020574677003929603,0.0048466734558827223,25
87,6,"DenseLayer( 128,64 )","all",0.18359318370056615,0.20240792108261552,0.35131416163992524,0.092505354288042255,25
87,6,"DenseLayer( 128,64 )","weights",0.18275648829240942,0.2015104477167059,0.34954934082201017,0.091762910351806184,25
87,6,"DenseLayer( 128,64 )","biases",0.017243749631640468,0.019039589753958745,0.035169567806012311,0.011696531781797439,25
87,8,"DenseLayer( 64,1 )","all",0.1586565475097011,0.17748686520380433,0.30339803201236892,0.080552183412320455,25
87,8,"DenseLayer( 64,1 )","weights",0.15744018706270144,0.17623752793049907,0.30314988962041634,0.07804530665119272,25
87,8,"DenseLayer( 64,1 )","biases",0.015713060580892488,0.021021918771129633,0.047422129660844803,0.019939517602324486,25
88,0,"Conv2DLayer(1,8,5, stride=5, padding=0)","all",0.36733258903342736,0.43694217324528667,0.83228127323140266,0.25588104543462648,25
88,0,"Conv2DLayer(1,8,5, stride=5, padding=0)","weights",0.36005795468573448,0.43025758809918824,0.82268440684684685,0.24018859720389735,25
88,0,"Conv2DLayer(1,8,5, stride=5, padding=0)","biases",0.067587881163447869,0.076137183053902074,0.13544609462076543,0.088230080958487972,25
88,4,"DenseLayer( 7202,128 )","all",0.14988010396617896,0.16047375909424449,0.24863769814169884,0.24863769814169884,25
88,4,"DenseLayer( 7202,128 )","weights",0.14917481076865266,0.15970286307790355,0.24739912676593537,0.24739912676593537,25
88,4,"DenseLayer( 7202,128 )","biases",0.014490735221317197,0.015710597778506377,0.024786629715538085,0.024786629715538085,25
88,6,"DenseLayer( 128,64 )","all",0.25077355310298427,0.27394253829265308,0.41704841718200053,0.41553682847174023,25
88,6,"DenseLayer( 128,64 )","weights",0.24870655001480943,0.27160946438777889,0.41333518389543833,0.41150907906160461,25
88,6,"DenseLayer( 128,64 )","biases",0.031895663989909742,0.035676506852627576,0.057715974099226304,0.057715974099226304,25
88,8,"DenseLayer( 64,1 )","all",0.21500250756157349,0.23551909988138434,0.36106881774432259,0.35706734961623077,25
88,8,"DenseLayer( 64,1 )","weights",0.20833647946122891,0.227860044947058,0.34856380076514248,0.34259008002951996,25
88,8,"DenseLayer( 64,1 )","biases",0.051403911418747159,0.059573872844244417,0.1006435751914978,0.1006435751914978,25
89,0,"Conv2DLayer(1,8,5, stride=5, padding=0)","all",0.55568536787423728,0.64727922344061761,1.332364062894404,0.24981610091917156,25
89,0,"Conv2DLayer(1,8,5, stride=5, padding=0)","weights",0.54720764506329866,0.63879606717372861,1.3167687699771282,0.24625407998751653,25
89,0,"Conv2DLayer(1,8,5, stride=5, padding=0)","biases",0.09346729568214969,0.1044508384900099,0.20325846232175504,0.04203584622628085,25
89,4,"DenseLayer( 7202,128 )","all",0.13946887708298214,0.15632410008204858,0.33798992617635948,0.049020099273385215,25
89,4,"DenseLayer( 7202,128 )","weights",0.13885241517472882,0.155612431124589,0.33629194506936116,0.048827698161495889,25
89,4,"DenseLayer( 7202,128 )","biases",0.013064954309548762,0.014899514957118068,0.033836635148411058,0.0043388967517552874,25
89,6,"DenseLayer( 128,64 )","all",0.21553818958622012,0.25349473141215279,0.59944869887983221,0.069263055703263479,25
89,6,"DenseLayer( 128,64 )","weights",0.2139497864815324,0.25146908922983163,0.5941732284720338,0.06889888545596061,25
89,6,"DenseLayer( 128,64 )","biases",0.025722010491403519,0.031982432922441378,0.079353116862818165,0.0070932692236937286,25
89,8,"DenseLayer( 64,1 )","all",0.18504513407960102,0.21859018427303087,0.52742597916758494,0.056953794092698802,25
89,8,"DenseLayer( 64,1 )","weights",0.18040504275461114,0.21229447029172402,0.50933147805745527,0.056446618512128219,25
89,8,"DenseLayer( 64,1 )","biases",0.038237674736010377,0.052083841487297187,0.13696572184562683,0.0075837932527065277,25
90,0,"Conv2DLayer(1,8,5, stride=5, padding=0)","all",0.57012231465883623,0.72668037117728812,1.702534955106636,1.361979288930218,25
90,0,"Conv2DLayer(1,8,5, stride=5, padding=0)","weights",0.55975534296287288,0.71709554785357832,1.6761173790120527,1.3511823866024886,25
90,0,"Conv2DLayer(1,8,5, stride=5, padding=0)","biases",0.097551672139714496,0.11763646162197156,0.298757100557831,0.17115414575775129,25
90,4,"DenseLayer( 7202,128 )","all",0.15550544869794955,0.17623964475171744,0.40249337531736812,0.25547034944519242,25
90,4,"DenseLayer( 7202,128 )","weights",0.15482860301047338,0.175478439804967,0.40076565531661451,0.25449007464352963,25
90,4,"DenseLayer( 7202,128 )","biases",0.014465436588934495,0.016362443149668757,0.037253277614356053,0.022358473865168513,25
90,6,"DenseLayer( 128,64 )","all",0.23282419809906157,0.26736353273133701,0.64478779538438757,0.39098036942718334,25
90,6,"DenseLayer( 128,64 )","weights",0.23128064713192062,0.26565088827056937,0.64070123715216498,0.38945429532794573,25
90,6,"DenseLayer( 128,64 )","biases",0.026365041911797889,0.030213642541709381,0.072479140367033637,0.034510884196583089,25
90,8,"DenseLayer( 64,1 )","all",0.20445515608619685,0.24031646978753576,0.60510701064135264,0.38031997539649876,25
90,8,"DenseLayer( 64,1 )","weights",0.20042820624016344,0.23595199414174181,0.5933067118790275,0.3777547454312748,25
90,8,"DenseLayer( 64,1 )","biases",0.037137974123470488,0.045592347073593796,0.11891862750053406,0.044098027050495148,25
91,0,"Conv2DLayer(1,8,5, stride=5, padding=0)","all",0.46740145890701817,0.52810929852659105,1.1007561525786052,0.56316176360434678,25
91,0,"Conv2DLayer(1,8,5, stride=5, padding=0)","weights",0.45926407720749285,0.52109352212867865,1.0896012635854875,0.55709564953865021,25
91,0,"Conv2DLayer(1,8,5, stride=5, padding=0)","biases",0.079874490927684713,0.085796109386010747,0.15631120827554995,0.082435485387468976,25
91,4,"DenseLayer( 7202,128 )","all",0.12082610635092299,0.12714047475096116,0.22874174664560032,0.1116575458632815,25
91,4,"DenseLayer( 7202,128 )","weights",0.12034043605389104,0.12662707918204663,0.22784432574712385,0.11119546861009562,25
91,4,"DenseLayer( 7202,128 )","biases",0.010810169375935444,0.011414163908210215,0.02024227959787462,0.010147675043676311,25
91,6,"DenseLayer( 128,64 )","all",0.17566790547766431,0.18810503632332745,0.34232769869058627,0.16856213042825652,25
91,6,"DenseLayer( 128,64 )","weights",0.17464381068093549,0.18701660487280711,0.34072757790442382,0.167253396547551,25
91,6,"DenseLayer( 128,64 )","biases",0.018743325490946074,0.020206290902802338,0.036905361252889665,0.020964092105794151,25
91,8,"DenseLayer( 64,1 )","all",0.15048423713512943,0.16460192535841248,0.31750511785749791,0.13806504133896438,25
91,8,"DenseLayer( 64,1 )","weights",0.14827252975467853,0.16215059113586908,0.31415777232577324,0.13419763414701191,25
91,8,"DenseLayer( 64,1 )","biases",0.023364350055344402,0.028301583453662217,0.054888740181922913,0.032449200749397278,25
92,0,"Conv2DLayer(1,8,5, stride=5, padding=0)","all",0.54644806255152367,0.63916510248715797,1.239763575645991,1.2113054389611917,25
92,0,"Conv2DLayer(1,8,5, stride=5, padding=0)","weights",0.53994436715156047,0.63209736678429052,1.2273346472602065,1.1950651036113602,25
92,0,"Conv2DLayer(1,8,5, stride=5, padding=0)","biases",0.081607031309889499,0.094788961075566683,0.19768728989829809,0.19768728989829809,25
92,4,"DenseLayer( 7202,128 )","all",0.14184912877494021,0.15023350559388843,0.23812748246377116,0.23083763476975844,25
92,4,"DenseLayer( 7202,128 )","weights",0.14119067077579603,0.14952783127149077,0.23697043004648857,0.2296478513592054,25
92,4,"DenseLayer( 7202,128 )","biases",0.013623905436803778,0.014544204284645167,0.023445963151807588,0.023406793718847848,25
92,6,"DenseLayer( 128,64 )","all",0.22194004382579163,0.23983269131498391,0.40357139755667543,0.38145963123954807,25
92,6,"DenseLayer( 128,64 )","weights",0.22027594981703114,0.23797633798759629,0.40031206051154328,0.37826036294932364,25
92,6,"DenseLayer( 128,64 )","biases",0.026750842292349686,0.029782249434884757,0.051187177445632351,0.049300589112686727,25
92,8,"DenseLayer( 64,1 )","all",0.19163254070190111,0.20741165148597276,0.35025361713618253,0.32379506236536748,25
92,8,"DenseLayer( 64,1 )","weights",0.18690613705197834,0.20205298574163638,0.33989889240518772,0.31499931068178938,25
92,8,"DenseLayer( 64,1 )","biases",0.03878399114124477,0.046842119134692425,0.084536023437976837,0.07495783269405365,25
93,0,"Conv2DLayer(1,8,5, stride=5, padding=0)","all",0.56319958756455146,0.62123801508206811,1.1346837794271103,0.83639277271172208,25
93,0,"Conv2DLayer(1,8,5, stride=5, padding=0)","weights",0.55556133832199539,0.61366156482282208,1.1245336247693702,0.82451474098018596,25
93,0,"Conv2DLayer(1,8,5, stride=5, padding=0)","biases",0.089532418838121422,0.096727220792873478,0.15143119248705683,0.14045751012594285,25
93,4,"DenseLayer( 7202,128 )","all",0.15206603624228315,0.16286018873724509,0.25254048877568963,0.15173453854171751,25
93,4,"DenseLayer( 7202,128 )","weights",0.15134989824511663,0.16207650734970919,0.25131912627994579,0.15116247771382438,25
93,4,"DenseLayer( 7202,128 )","biases",0.014709772581765966,0.015957657749518066,0.02620177563928117,0.013163415889711011,25
93,6,"DenseLayer( 128,64 )","all",0.24220753820306656,0.26579583567754372,0.43069580746804714,0.205138250972177,25
93,6,"DenseLayer( 128,64 )","weights",0.2402535253122022,0.26353713661840233,0.42694479534172419,0.20426129339834845,25
93,6,"DenseLayer( 128,64 )","biases",0.030375911956315421,0.03457750549847935,0.061289977990492676,0.018947982245022369,25
93,8,"DenseLayer( 64,1 )","all",0.20597255786183663,0.22687596028655432,0.37242254514778544,0.1720217805386596,25
93,8,"DenseLayer( 64,1 )","weights",0.20002503075448472,0.21977792066251023,0.35984906610948564,0.17115675926640495,25
93,8,"DenseLayer( 64,1 )","biases",0.046616486178245396,0.056306011625842665,0.1027994230389595,0.017229530960321426,25
94,0,"Conv2DLayer(1,8,5, stride=5, padding=0)","all",0.52413153456120565,0.59333494754972704,1.0414936973817133,0.4340573272493215,25
94,0,"Conv2DLayer(1,8,5, stride=5, padding=0)","weights",0.51520005750927389,0.58447857837023698,1.0325559620192271,0.42259417055410753,25
94,0,"Conv2DLayer(1,8,5, stride=5, padding=0)","biases",0.091455491571552208,0.10213300842599334,0.20468520534458942,0.099095561719536304,25
94,4,"DenseLayer( 7202,128 )","all",0.16086020802133,0.16936295179677036,0.25460119385432239,0.14788521923948422,25
94,4,"DenseLayer( 7202,128 )","weights",0.16007185025629883,0.16852415120194644,0.25320642595508774,0.14716917193981147,25
94,4,"DenseLayer( 7202,128 )","biases",0.015885745013010294,0.016835079535857785,0.026613413292866473,0.014535229618431494,25
94,6,"DenseLayer( 128,64 )","all",0.27110125969287385,0.29420961226837578,0.49827157084135237,0.21514238741519387,25
94,6,"DenseLayer( 128,64 )","weights",0.26882132095684325,0.29165199985976958,0.4940725441691256,0.21341019380552695,25
94,6,"DenseLayer( 128,64 )","biases",0.034886271841980593,0.038709261539132886,0.064551370294954002,0.027245844501442927,25
94,8,"DenseLayer( 64,1 )","all",0.23474593999153481,0.25534865945694213,0.43392137964155025,0.17398220931809349,25
94,8,"DenseLayer( 64,1 )","weights",0.22740286085296163,0.24688531430220312,0.41881632873104535,0.16920520982397896,25
94,8,"DenseLayer( 64,1 )","biases",0.056561740040779115,0.065196468219987175,0.1134929358959198,0.040489580482244492,25
95,0,"Conv2DLayer(1,8,5, stride=5, padding=0)","all",0.51100602445556675,0.64686205109522088,1.2969173480143199,0.36592605884210577,25
95,0,"Conv2DLayer(1,8,5, stride=5, padding=0)","weights",0.50238060808261653,0.63862293013581817,1.2760430045915219,0.35801472009571167,25
95,0,"Conv2DLayer(1,8,5, stride=5, padding=0)","biases",0.086364483384858401,0.10291387783898774,0.23175171631195629,0.075679196180360453,25
95,4,"DenseLayer( 7202,128 )","all",0.13592143158988165,0.14757679450031344,0.25812582862348271,0.089567875596946345,25
95,4,"DenseLayer( 7202,128 )","weights",0.13528248733606849,0.14688933771169047,0.25680312879251194,0.089144546836463848,25
95,4,"DenseLayer( 7202,128 )","biases",0.013128721431402431,0.014227886055513979,0.026097824524969476,0.0086979370123931674,25
95,6,"DenseLayer( 128,64 )","all",0.21922691025964622,0.23830280351278274,0.43111400200831246,0.14684007848728445,25
95,6,"DenseLayer( 128,64 )","weights",0.21756615759706274,0.23650129788652138,0.42730764609213312,0.14581994539881199,25
95,6,"DenseLayer( 128,64 )","biases",0.026530977037403456,0.02924657689444737,0.057161685759112804,0.01727866239149739,25
95,8,"DenseLayer( 64,1 )","all",0.19022250645297681,0.20824903474249074,0.36953886243947071,0.12198736150215661,25
95,8,"DenseLayer( 64,1 )","weights",0.18518972678176884,0.20286730838256078,0.35674275282542306,0.11944245850848034,25
95,8,"DenseLayer( 64,1 )","biases",0.040956607554107904,0.047037385777635478,0.096403211355209351,0.024787405505776405,25
96,0,"Conv2DLayer(1,8,5, stride=5, padding=0)","all",0.39025970220839207,0.47876797897108753,1.0982416517910896,0.97011128256029755,25
96,0,"Conv2DLayer(1,8,5, stride=5, padding=0)","weights",0.38093765453030953,0.47117482939767114,1.0860997020717107,0.95968624197009311,25
96,0,"Conv2DLayer(1,8,5, stride=5, padding=0)","biases",0.075671234483687164,0.084929722889782372,0.16285626450511975,0.14183870249020641,25
96,4,"DenseLayer( 7202,128 )","all",0.11239230367723853,0.11898311455534626,0.22365213524800404,0.22365213524800404,25
96,4,"DenseLayer( 7202,128 )","weights",0.11188488730345962,0.11844216329365173,0.22272931451016437,0.22272931451016437,25
96,4,"DenseLayer( 7202,128 )","biases",0.010632715801367796,0.011332938877916402,0.020296060179842205,0.020296060179842205,25
96,6,"DenseLayer( 128,64 )","all",0.171398370797957,0.18686692336988553,0.32987980169996595,0.32987980169996595,25
96,6,"DenseLayer( 128,64 )","weights",0.17014733293444526,0.18546033298563624,0.32814686353176387,0.32814686353176387,25
96,6,"DenseLayer( 128,64 )","biases",0.020273786361142673,0.022884753408843828,0.043585384056273019,0.033768617440972884,25
96,8,"DenseLayer( 64,1 )","all",0.14885389171720054,0.16420877145685089,0.32801946929037723,0.32801946929037723,25
96,8,"DenseLayer( 64,1 )","weights",0.14514013469773285,0.16006485721051847,0.3235859270773862,0.3235859270773862,25
96,8,"DenseLayer( 64,1 )","biases",0.03056198373902589,0.036657360918983584,0.073556691408157349,0.053748674690723419,25
97,0,"Conv2DLayer(1,8,5, stride=5, padding=0)","all",0.81762176738523595,0.95885029547007594,1.6020100783176541,0.365214483069494,25
97,0,"Conv2DLayer(1,8,5, stride=5, padding=0)","weights",0.8062608756503209,0.94640410623105475,1.5872411801516435,0.35888748797288406,25
97,0,"Conv2DLayer(1,8,5, stride=5, padding=0)","biases",0.13210396303121077,0.15399076865854811,0.28444461662349974,0.067685963243723807,25
97,4,"DenseLayer( 7202,128 )","all",0.15317380093422972,0.16829193499541314,0.26600192947916829,0.12511721601533488,25
97,4,"DenseLayer( 7202,128 )","weights",0.15253785760903429,0.16760103353125078,0.265045211617224,0.12448875542574006,25
97,4,"DenseLayer( 7202,128 )","biases",0.013927177399776223,0.015233809233311102,0.023878554491110971,0.012524676282373227,25
97,6,"DenseLayer( 128,64 )","all",0.2299470534592753,0.25454210678934541,0.40500831619134769,0.23798432488313417,25
97,6,"DenseLayer( 128,64 )","weights",0.22869452805695351,0.25319425437123461,0.40282464517749922,0.23574956482838241,25
97,6,"DenseLayer( 128,64 )","biases",0.023679486165478856,0.026160154474946646,0.046179675208542457,0.032537387315355798,25
97,8,"DenseLayer( 64,1 )","all",0.20493919687842083,0.22786144461418492,0.35398691388809789,0.20964828501655289,25
97,8,"DenseLayer( 64,1 )","weights",0.2023401917257506,0.22519951419832387,0.35214732403537224,0.20188129465297405,25
97,8,"DenseLayer( 64,1 )","biases",0.028974743121070786,0.034727751820441619,0.077314123511314392,0.056536238640546799,25
98,0,"Conv2DLayer(1,8,5, stride=5, padding=0)","all",0.42522194677967817,0.50904964339211345,1.1067748087207487,0.91770753535863592,25
98,0,"Conv2DLayer(1,8,5, stride=5, padding=0)","weights",0.41730881518940943,0.50148841523338517,1.0910944449892763,0.90744760780304912,25
98,0,"Conv2DLayer(1,8,5, stride=5, padding=0)","biases",0.076881758252440979,0.087412292181052745,0.18564317744639386,0.136842827895895,25
98,4,"DenseLayer( 7202,128 )","all",0.11411256370751142,0.1236137405631296,0.23141406231078587,0.23141406231078587,25
98,4,"DenseLayer( 7202,128 )","weights",0.11359852763273266,0.12306178815797626,0.2303659032187346,0.2303659032187346,25
98,4,"DenseLayer( 7202,128 )","biases",0.010805432743263189,0.011668468252949369,0.022000428845749636,0.022000428845749636,25
98,6,"DenseLayer( 128,64 )","all",0.17693413870496835,0.1945821461115598,0.37818517870182505,0.37818517870182505,25
98,6,"DenseLayer( 128,64 )","weights",0.17571747425161649,0.19331885199600515,0.37589557240664678,0.37589557240664678,25
98,6,"DenseLayer( 128,64 )","biases",0.020492140558127661,0.022136690094209321,0.041551751284521377,0.041551751284521377,25
98,8,"DenseLayer( 64,1 )","all",0.15454124063546498,0.173715111201171,0.34372313510888625,0.34372313510888625,25
98,8,"DenseLayer( 64,1 )","weights",0.15119255923215522,0.17040171849770075,0.33788515746934078,0.33788515746934078,25
98,8,"DenseLayer( 64,1 )","biases",0.030675783036276699,0.033766761654999665,0.063081011176109314,0.063081011176109314,25
99,0,"Conv2DLayer(1,8,5, stride=5, padding=0)","all",0.75450700205986887,0.85748619525753622,1.6772785675531778,0.31694060644467703,25
99,0,"Conv2DLayer(1,8,5, stride=5, padding=0)","weights",0.74461394623635235,0.84681453815167662,1.6486831248819678,0.30393368781824404,25
99,0,"Conv2DLayer(1,8,5, stride=5, padding=0)","biases",0.11909762600850653,0.13486182941146896,0.30839479065423636,0.08986468395716872,25
99,4,"DenseLayer( 7202,128 )","all",0.15732446466500027,0.17417531558046515,0.35652078954344801,0.11671424240912889,25
99,4,"DenseLayer( 7202,128 )","weights",0.1566725083067817,0.17344988554935195,0.35494660975448844,0.11613775562383354,25
99,4,"DenseLayer( 7202,128 )","biases",0.014290347516281127,0.015880105807938819,0.033466066402827455,0.011586030372635165,25
99,6,"DenseLayer( 128,64 )","all",0.24210045949069775,0.27238690388299364,0.5575259262819442,0.2033237472880503,25
99,6,"DenseLayer( 128,64 )","weights",0.24077853107859898,0.27087287498550289,0.55425553700204877,0.20155274566239273,25
99,6,"DenseLayer( 128,64 )","biases",0.024835357523624452,0.028679452645602298,0.060298906947891188,0.02677754520499916,25
99,8,"DenseLayer( 64,1 )","all",0.21893727344675731,0.25213695656422463,0.52807021748960536,0.18699510657606647,25
99,8,"DenseLayer( 64,1 )","weights",0.21606374827809582,0.24877225850002477,0.52083807112617286,0.18173921543930188,25
99,8,"DenseLayer( 64,1 )","biases",0.030994048352586106,0.041053724146130316,0.090066947042942047,0.044023033231496811,25
100,0,"Conv2DLayer(1,8,5, stride=5, padding=0)","all",0.58840600454078773,0.67985620833538307,1.4474849270080283,0.59692298423075585,25
100,0,"Conv2DLayer(1,8,5, stride=5, padding=0)","weights",0.57951688974770876,0.67078830804223921,1.4324467521114725,0.58123109852039845,25
100,0,"Conv2DLayer(1,8,5, stride=5, padding=0)","biases",0.098674853565638002,0.11066846798430824,0.20810794381938097,0.13596859643212494,25
100,4,"DenseLayer( 7202,128 )","all",0.14308448011041358,0.15028426975359663,0.24430187034182652,0.16299603728423256,25
100,4,"DenseLayer( 7202,128 )","weights",0.14246836022362827,0.14963102492170238,0.24328483402689252,0.16237480221234585,25
100,4,"DenseLayer( 7202,128 )","biases",0.013229993124067292,0.013997075274952036,0.024384112396307788,0.014217305541645296,25
100,6,"DenseLayer( 128,64 )","all",0.21457800680174277,0.22612645251287924,0.40745926777893532,0.17569022884079011,25
100,6,"DenseLayer( 128,64 )","weights",0.21328017112700268,0.22474529456534947,0.40412459776054405,0.17525630575353512,25
100,6,"DenseLayer( 128,64 )","biases",0.023107053413632068,0.024954460458878412,0.052022729492257301,0.012340332400409692,25
100,8,"DenseLayer( 64,1 )","all",0.19117791282086996,0.20328150538419093,0.37723680137278798,0.16377277652483452,25
100,8,"DenseLayer( 64,1 )","weights",0.18803133130577224,0.19995963140345277,0.36671317383488955,0.16362429036480067,25
100,8,"DenseLayer( 64,1 )","biases",0.030477645406499505,0.036599402184436726,0.088481932878494263,0.006972369272261858,25
101,0,"Conv2DLayer(1,8,5, stride=5, padding=0)","all",0.63269428521101378,0.73082220438202783,1.4305871277838051,1.1947272292172093,25
101,0,"Conv2DLayer(1,8,5, stride=5, padding=0)","weights",0.62250657313109614,0.7198615400958972,1.4114783228111729,1.184087248373572,25
101,0,"Conv2DLayer(1,8,5, stride=5, padding=0)","biases",0.1093752084496626,0.12609701625561701,0.2505117741950954,0.15909286744581769,25
101,4,"DenseLayer( 7202,128 )","all",0.20988214534136126,0.22878351198467076,0.46232004716074204,0.19770868126936481,25
101,4,"DenseLayer( 7202,128 )","weights",0.20881809805106175,0.22760196076525469,0.4597596408345504,0.19679068671457364,25
101,4,"DenseLayer( 7202,128 )","biases",0.021076620500625406,0.023221602267101439,0.048589079703117745,0.019030193684716173,25
101,6,"DenseLayer( 128,64 )","all",0.34616274435611472,0.38562139498960102,0.80585095620650526,0.30317864581461712,25
101,6,"DenseLayer( 128,64 )","weights",0.34336157589541344,0.38237205864005103,0.79784873770745601,0.3014887891971566,25
101,6,"DenseLayer( 128,64 )","biases",0.043656592848827384,0.04995466990277541,0.11328351758997321,0.031965626326063257,25
101,8,"DenseLayer( 64,1 )","all",0.31151173427383105,0.34969623891488627,0.72759294023003318,0.2741363139013947,25
101,8,"DenseLayer( 64,1 )","weights",0.30312309013925304,0.33982937670690844,0.70223129971249509,0.27035768400705107,25
101,8,"DenseLayer( 64,1 )","biases",0.070331163480877881,0.082483054248804963,0.19042764604091644,0.04535902664065361,25
102,0,"Conv2DLayer(1,8,5, stride=5, padding=0)","all",0.66460075824188891,0.77654250736335595,1.5389885680907467,0.37969205300694164,25
102,0,"Conv2DLayer(1,8,5, stride=5, padding=0)","weights",0.65629644832374723,0.76745515240532713,1.5195375258167438,0.37749766904807758,25
102,0,"Conv2DLayer(1,8,5, stride=5, padding=0)","biases",0.10194224847986705,0.11845190918125355,0.24390883614321113,0.040762298510931182,25
102,4,"DenseLayer( 7202,128 )","all",0.13888121406134873,0.15319199779637219,0.30462079240409057,0.077035416795563236,25
102,4,"DenseLayer( 7202,128 )","weights",0.13823236854566234,0.1524559456531405,0.30293918038283785,0.076690811704724346,25
102,4,"DenseLayer( 7202,128 )","biases",0.013376204536752234,0.014999094100990715,0.031963731851435709,0.0072783817526054922,25
102,6,"DenseLayer( 128,64 )","all",0.215100183022849,0.24113781754797889,0.48502667391232779,0.1363811574361008,25
102,6,"DenseLayer( 128,64 )","weights",0.21381877391230764,0.23963196235783515,0.48156912002427388,0.13544355696081564,25
102,6,"DenseLayer( 128,64 )","biases",0.023070714507010041,0.026906684454526011,0.064038792082889678,0.015964428627821249,25
102,8,"DenseLayer( 64,1 )","all",0.19771235227398209,0.22438908169421898,0.47461767117602649,0.12194700040547037,25
102,8,"DenseLayer( 64,1 )","weights",0.19474260418169292,0.2208274792709517,0.46536896357530616,0.11910507333910886,25
102,8,"DenseLayer( 64,1 )","biases",0.031336930748075247,0.039820652712032126,0.10926958918571472,0.026173505932092667,25
103,0,"Conv2DLayer(1,8,5, stride=5, padding=0)","all",0.39326480796592145,0.45999565238616108,0.78461866005586201,0.26860973893128848,25
103,0,"Conv2DLayer(1,8,5, stride=5, padding=0)","weights",0.3854558109496079,0.45220298288277178,0.76740068506113834,0.26063368222984923,25
103,0,"Conv2DLayer(1,8,5, stride=5, padding=0)","biases",0.073920996431232858,0.084311698394075499,0.16347057923538355,0.064971343960587222,25
103,4,"DenseLayer( 7202,128 )","all",0.10403196865644546,0.11569989095761063,0.23663215594194692,0.12821685252444379,25
103,4,"DenseLayer( 7202,128 )","weights",0.10351555176434978,0.11512803759572918,0.23552733421043054,0.12748652550649633,25
103,4,"DenseLayer( 7202,128 )","biases",0.010335769172177777,0.011489113410501246,0.022839703707842721,0.013665543734386344,25
103,6,"DenseLayer( 128,64 )","all",0.15860766275902549,0.17960891091453723,0.39048510282813376,0.21664195921834675,25
103,6,"DenseLayer( 128,64 )","weights",0.15733665602383823,0.17813596313786106,0.38717410248405859,0.21432021712887814,25
103,6,"DenseLayer( 128,64 )","biases",0.019855567777555989,0.022955163185060749,0.050742781716830554,0.031631993674037469,25
103,8,"DenseLayer( 64,1 )","all",0.13627198609572999,0.15808175205882849,0.35488918182251417,0.18735788765457093,25
103,8,"DenseLayer( 64,1 )","weights",0.13276350746080498,0.15388978359031039,0.34426235973570773,0.17924031773528015,25
103,8,"DenseLayer( 64,1 )","biases",0.029531006729230286,0.036163169669103344,0.086196050047874451,0.054551687091588974,25
104,0,"Conv2DLayer(1,8,5, stride=5, padding=0)","all",0.53140282023376872,0.69540285939424018,2.0685690942872794,0.91392989689050352,25
104,0,"Conv2DLayer(1,8,5, stride=5, padding=0)","weights",0.52241848800896673,0.68522579218637447,2.0405922671922996,0.90190947731777715,25
104,0,"Conv2DLayer(1,8,5, stride=5, padding=0)","biases",0.09338409474312151,0.11853586198379346,0.33905942976930487,0.14774014740300079,25
104,4,"DenseLayer( 7202,128 )","all",0.13420770527032327,0.14658045166069586,0.3136074211037907,0.18012916833919623,25
104,4,"DenseLayer( 7202,128 )","weights",0.13353644054197131,0.14584240416879651,0.3121242144976204,0.17920555827037171,25
104,4,"DenseLayer( 7202,128 )","biases",0.013379498159144555,0.014690880004921608,0.030464558024264482,0.018217715871505783,25
104,6,"DenseLayer( 128,64 )","all",0.2207678954504424,0.24255435494996794,0.48331287647059268,0.26408603332635355,25
104,6,"DenseLayer( 128,64 )","weights",0.21913840934088147,0.24075988164635831,0.48092080074086441,0.26196106338997788,25
104,6,"DenseLayer( 128,64 )","biases",0.026423496044206494,0.029449864088422671,0.05645955327432764,0.03343402855834024,25
104,8,"DenseLayer( 64,1 )","all",0.19810468654043131,0.21771855695861358,0.44792156800124205,0.21317640545621797,25
104,8,"DenseLayer( 64,1 )","weights",0.19372240751425762,0.21301903424159555,0.44549121994045937,0.20851962020791182,25
104,8,"DenseLayer( 64,1 )","biases",0.038497946579009297,0.044991789194463193,0.098923467099666595,0.044314194470643997,25
105,0,"Conv2DLayer(1,8,5, stride=5, padding=0)","all",0.43177321982866834,0.52735541267473751,1.0406666014484651,1.0071767713828887,25
105,0,"Conv2DLayer(1,8,5, stride=5, padding=0)","weights",0.42489320696228827,0.51968474297726031,1.0268637864014849,0.99538488215221543,25
105,0,"Conv2DLayer(1,8,5, stride=5, padding=0)","biases",0.073843673038582705,0.089618631957878406,0.19628301841332704,0.15366842615215448,25
105,4,"DenseLayer( 7202,128 )","all",0.12292445749617067,0.13886039826022714,0.27983207780066199,0.23837439491086829,25
105,4,"DenseLayer( 7202,128 )","weights",0.12232429763135853,0.13817686423695688,0.27842590001400874,0.23720256499442932,25
105,4,"DenseLayer( 7202,128 )","biases",0.012100246290337298,0.013760973607651297,0.02801802933157424,0.023607102939287656,25
105,6,"DenseLayer( 128,64 )","all",0.19730743946656087,0.22637136858192089,0.46156563792257732,0.3963040101227534,25
105,6,"DenseLayer( 128,64 )","weights",0.19576822835979146,0.22455444432269492,0.45747161479737136,0.3937255177435689,25
105,6,"DenseLayer( 128,64 )","biases",0.024299213651778045,0.028623382898909519,0.061339707902477447,0.045134079329637859,25
105,8,"DenseLayer( 64,1 )","all",0.1784094737788075,0.20944129282557433,0.44295054179836596,0.38703730822772864,25
105,8,"DenseLayer( 64,1 )","weights",0.17399732341321741,0.20419580932104367,0.43041415732800131,0.38053608065854316,25
105,8,"DenseLayer( 64,1 )","biases",0.037618784662336112,0.046580324131246069,0.10463668406009674,0.070641130208969116,25
106,0,"Conv2DLayer(1,8,5, stride=5, padding=0)","all",0.34305816395919009,0.40661996096132774,0.87909330025377896,0.085824926164781823,25
106,0,"Conv2DLayer(1,8,5, stride=5, padding=0)","weights",0.33461609101128098,0.39924543925742473,0.86298010460294317,0.07797576842144549,25
106,0,"Conv2DLayer(1,8,5, stride=5, padding=0)","biases",0.068572974293272998,0.077090024544928429,0.16754214278972948,0.035856624078060617,25
106,4,"DenseLayer( 7202,128 )","all",0.11819693628930224,0.1240117916210494,0.19630370541134076,0.12277889136976886,25
106,4,"DenseLayer( 7202,128 )","weights",0.11758653742796762,0.12337012678499464,0.19532336565825381,0.12207330141157362,25
106,4,"DenseLayer( 7202,128 )","biases",0.011970370154437266,0.012599058620267084,0.019594070178360928,0.013144019494378479,25
106,6,"DenseLayer( 128,64 )","all",0.19549491912963132,0.21096394467994525,0.32324170579825512,0.23636461647027626,25
106,6,"DenseLayer( 128,64 )","weights",0.19381195977841426,0.20909999892233586,0.32082693440857424,0.23403085552111588,25
106,6,"DenseLayer( 128,64 )","biases",0.025380765388519806,0.027981715558595344,0.045216454050189397,0.033132922949769605,25
106,8,"DenseLayer( 64,1 )","all",0.17153986721303713,0.18820761828533064,0.30755101441668853,0.21466492307639712,25
106,8,"DenseLayer( 64,1 )","weights",0.16641037751548138,0.18240304150719105,0.30101109494388145,0.2069429100704076,25
106,8,"DenseLayer( 64,1 )","biases",0.040177447817986829,0.046381440572309265,0.07815156877040863,0.05705840140581131,25
107,0,"Conv2DLayer(1,8,5, stride=5, padding=0)","all",0.52466394927983429,0.65652026047195133,1.5575468741682037,0.81910069308715661,25
107,0,"Conv2DLayer(1,8,5, stride=5, padding=0)","weights",0.51553113347263813,0.64579186947962564,1.5273482978633528,0.80897920852265148,25
107,0,"Conv2DLayer(1,8,5, stride=5, padding=0)","biases",0.09394357022134224,0.11820200389235826,0.30522031754957224,0.12836894326091708,25
107,4,"DenseLayer( 7202,128 )","all",0.13635999117288561,0.14497176673966275,0.264713835147452,0.16171708829610798,25
107,4,"DenseLayer( 7202,128 )","weights",0.13567091434643719,0.14424415051979489,0.26349132444812357,0.16085985896144844,25
107,4,"DenseLayer( 7202,128 )","biases",0.013655966154622246,0.014506487943053146,0.025411345085336715,0.016628963343338656,25
107,6,"DenseLayer( 128,64 )","all",0.21996700788713533,0.23664790350712889,0.38293674032361141,0.27227821699214821,25
107,6,"DenseLayer( 128,64 )","weights",0.21830813849724529,0.2348560881410259,0.38096627855571946,0.27041047578741478,25
107,6,"DenseLayer( 128,64 )","biases",0.026587605830922768,0.029066270786154546,0.051197360111762076,0.03183711721948624,25
107,8,"DenseLayer( 64,1 )","all",0.19761618063941855,0.21509192511341979,0.36802687808660672,0.25498957320829163,25
107,8,"DenseLayer( 64,1 )","weights",0.19309763891864565,0.21026905764874168,0.36478130816860749,0.25095826475659527,25
107,8,"DenseLayer( 64,1 )","biases",0.039352022362872961,0.045293041899469845,0.085492327809333801,0.045162282884120941,25
108,0,"Conv2DLayer(1,8,5, stride=5, padding=0)","all",0.60134147720157627,0.75200992714743231,1.7242170741535217,0.40980656623923167,25
108,0,"Conv2DLayer(1,8,5, stride=5, padding=0)","weights",0.59028166550656669,0.7414388247845245,1.7018258875791255,0.40282069202520121,25
108,0,"Conv2DLayer(1,8,5, stride=5, padding=0)","biases",0.10616565863520659,0.12564791932391753,0.276971419406502,0.075345283920944833,25
108,4,"DenseLayer( 7202,128 )","all",0.15137712350394139,0.16670744615418912,0.30125826002596801,0.10680366242434135,25
108,4,"DenseLayer( 7202,128 )","weights",0.15059877828746712,0.16585674304219319,0.29995348163936414,0.10623519623674939,25
108,4,"DenseLayer( 7202,128 )","biases",0.015301057677138637,0.0168200294496701,0.028724127992774573,0.011004789311568614,25
108,6,"DenseLayer( 128,64 )","all",0.25157831258220892,0.2828492336755008,0.53377059366992829,0.16621890516672458,25
108,6,"DenseLayer( 128,64 )","weights",0.24962129922857787,0.28069220755779661,0.53050535753636774,0.16469118423051515,25
108,6,"DenseLayer( 128,64 )","biases",0.031012869303815322,0.034865077185471174,0.064367416820104759,0.022484178249940399,25
108,8,"DenseLayer( 64,1 )","all",0.22937737571573924,0.26335393798414741,0.51865722174751439,0.13874231137040952,25
108,8,"DenseLayer( 64,1 )","weights",0.22382562326586469,0.2573268101189598,0.51012411190452556,0.13367221330530632,25
108,8,"DenseLayer( 64,1 )","biases",0.048325466066598891,0.056019723720837571,0.11237306892871857,0.037164073437452316,25
109,0,"Conv2DLayer(1,8,5, stride=5, padding=0)","all",0.45336107803977149,0.5367066017234301,0.88706308441487114,0.52603784333339709,25
109,0,"Conv2DLayer(1,8,5, stride=5, padding=0)","weights",0.44636577850195652,0.53010644478410529,0.87621643347890055,0.51907639036198727,25
109,0,"Conv2DLayer(1,8,5, stride=5, padding=0)","biases",0.075095890143375338,0.083911462458170827,0.13829561610239302,0.085296621196981337,25
109,4,"DenseLayer( 7202,128 )","all",0.10801798185873013,0.11394841304051799,0.19243698558478253,0.094332499155300426,25
109,4,"DenseLayer( 7202,128 )","weights",0.10748358446104424,0.11337539554435497,0.19123967443703191,0.093888273692040475,25
109,4,"DenseLayer( 7202,128 )","biases",0.010708408541968209,0.011413173073845111,0.021433159873799287,0.0091439849088488668,25
109,6,"DenseLayer( 128,64 )","all",0.17285671556225207,0.18476327213841257,0.35181803571044629,0.14446318371402742,25
109,6,"DenseLayer( 128,64 )","weights",0.17156602335495913,0.18333110969265171,0.34799689285970048,0.14354571128569751,25
109,6,"DenseLayer( 128,64 )","biases",0.020761155107767302,0.022960203617433499,0.05171163129462257,0.016255467396418019,25
109,8,"DenseLayer( 64,1 )","all",0.15107201601719483,0.16168443046031414,0.30369742930524557,0.12855556517408767,25
109,8,"DenseLayer( 64,1 )","weights",0.1474900518207484,0.15765767559833729,0.29075288719538173,0.1260578492827146,25
109,8,"DenseLayer( 64,1 )","biases",0.030138408630155027,0.03585962044146028,0.087720505893230438,0.025218088179826736,25
110,0,"Conv2DLayer(1,8,5, stride=5, padding=0)","all",0.34501839903156312,0.42468126707053211,0.76752753433313792,0.76752753433313792,25
110,0,"Conv2DLayer(1,8,5, stride=5, padding=0)","weights",0.33718594510445465,0.41813144638408972,0.75372451094614423,0.75372451094614423,25
110,0,"Conv2DLayer(1,8,5, stride=5, padding=0)","biases",0.065356599166423279,0.074298533938306766,0.14490644415795279,0.14490644415795279,25
110,4,"DenseLayer( 7202,128 )","all",0.093990011443291513,0.099583329697397707,0.19262648504734306,0.14007617143687567,25
110,4,"DenseLayer( 7202,128 )","weights",0.093532035348809314,0.099087876547437045,0.19148842999785298,0.13943984875963264,25
110,4,"DenseLayer( 7202,128 )","biases",0.009244892877931097,0.0099213040947492108,0.020907986958376572,0.013336505625678551,25
110,6,"DenseLayer( 128,64 )","all",0.14085811348574179,0.152912814661497,0.33123012240731053,0.19088761353309877,25
110,6,"DenseLayer( 128,64 )","weights",0.13977946336688502,0.15168989193831264,0.32782110412451371,0.19020926140450323,25
110,6,"DenseLayer( 128,64 )","biases",0.017060387381048332,0.019300403401078539,0.047399553590162243,0.016078491108155575,25
110,8,"DenseLayer( 64,1 )","all",0.12150350838115337,0.13349542640791448,0.28708931639313628,0.17300380907069596,25
110,8,"DenseLayer( 64,1 )","weights",0.11849262203473615,0.13002585230065697,0.27587917802879119,0.17296617706612491,25
110,8,"DenseLayer( 64,1 )","biases",0.0239923474797979,0.030237503291750938,0.07944151759147644,0.0036082605365663767,25
111,0,"Conv2DLayer(1,8,5, stride=5, padding=0)","all",0.495015478936981,0.58335420649988945,1.0599216008376935,0.25717312448876761,25
111,0,"Conv2DLayer(1,8,5, stride=5, padding=0)","weights",0.48692640069187748,0.57533511224765566,1.0464681507754257,0.25484817782842861,25
111,0,"Conv2DLayer(1,8,5, stride=5, padding=0)","biases",0.084886403865120294,0.096393147350281316,0.16833956556614887,0.034502495806025199,25
111,4,"DenseLayer( 7202,128 )","all",0.12922684607455182,0.14347032933409054,0.27414157183420818,0.045298018254999572,25
111,4,"DenseLayer( 7202,128 )","weights",0.12858072800948372,0.14273600153404842,0.27258521440314426,0.045104707406089337,25
111,4,"DenseLayer( 7202,128 )","biases",0.012867197545217403,0.014497215777677236,0.029170229627519029,0.0041804099848393268,25
111,6,"DenseLayer( 128,64 )","all",0.21046857333886074,0.24077255370929243,0.49897257442420268,0.065135736539714453,25
111,6,"DenseLayer( 128,64 )","weights",0.20890548974504086,0.23887932388619151,0.49411078310663065,0.064951654354129154,25
111,6,"DenseLayer( 128,64 )","biases",0.025153043379380971,0.030134552251031128,0.069484991510891866,0.0048935438317059734,25
111,8,"DenseLayer( 64,1 )","all",0.1901111926235472,0.22077138159508664,0.47610747153259736,0.055306100698681186,25
111,8,"DenseLayer( 64,1 )","weights",0.18589667741469126,0.21543271150352067,0.4603381052501615,0.055298328440076448,25
111,8,"DenseLayer( 64,1 )","biases",0.036321074750740083,0.048257121191013677,0.12152017652988434,0.00092717108782380819,25
112,0,"Conv2DLayer(1,8,5, stride=5, padding=0)","all",0.56102927900734656,0.63856016299940199,1.0978945292762738,0.32389498079436257,25
112,0,"Conv2DLayer(1,8,5, stride=5, padding=0)","weights",0.55200873168028675,0.63032896272504491,1.0887589726429108,0.32185703264801779,25
112,0,"Conv2DLayer(1,8,5, stride=5, padding=0)","biases",0.09466916930823914,0.10219824127543393,0.15849321048060869,0.036276839978053338,25
112,4,"DenseLayer( 7202,128 )","all",0.16839688324156443,0.18038928124333584,0.28353346466426782,0.065268544872750758,25
112,4,"DenseLayer( 7202,128 )","weights",0.16746051129360362,0.179362184886458,0.28183115825517452,0.065053440926181913,25
112,4,"DenseLayer( 7202,128 )","biases",0.017695803259921313,0.019222367706486259,0.031022956356066136,0.0052945985183052262,25
112,6,"DenseLayer( 128,64 )","all",0.29731403669668038,0.32348225726033392,0.53819079372918899,0.12213151645426223,25
112,6,"DenseLayer( 128,64 )","weights",0.29476636703391323,0.32057228252309822,0.53313749218824913,0.12154558743803361,25
112,6,"DenseLayer( 128,64 )","biases",0.038488770410391081,0.043291828792183885,0.073578154897218626,0.011948953333286313,25
112,8,"DenseLayer( 64,1 )","all",0.27204507869440736,0.29662986781490464,0.49217373984167312,0.085901501948019307,25
112,8,"DenseLayer( 64,1 )","weights",0.26446591845432055,0.28773477358348226,0.47527559979323936,0.084887417481967695,25
112,8,"DenseLayer( 64,1 )","biases",0.061583978887647391,0.072097007918151615,0.12785966694355011,0.013160333968698978,25
113,0,"Conv2DLayer(1,8,5, stride=5, padding=0)","all",0.77009570189117504,0.8572875386018558,1.5383843743304997,0.9961487806964302,25
113,0,"Conv2DLayer(1,8,5, stride=5, padding=0)","weights",0.75644677008670624,0.84257817917914135,1.5079697729145234,0.97396686686983047,25
113,0,"Conv2DLayer(1,8,5, stride=5, padding=0)","biases",0.1420740233835007,0.15812632865272996,0.30439061608460277,0.20904768719780276,25
113,4,"DenseLayer( 7202,128 )","all",0.20100747128660382,0.22117125311323538,0.42128401456545311,0.27618376770515057,25
113,4,"DenseLayer( 7202,128 )","weights",0.19987501568162142,0.21991296603328875,0.41877361220585935,0.27441200553995609,25
113,4,"DenseLayer( 7202,128 )","biases",0.021272658681098955,0.023558662400917717,0.045922572319518462,0.031233391736276213,25
113,6,"DenseLayer( 128,64 )","all",0.34705272545899973,0.38570162670490116,0.74976557583022918,0.46545967696615698,25
113,6,"DenseLayer( 128,64 )","weights",0.34404419592225383,0.38228191488763158,0.74283509731851138,0.46040952076846736,25
113,6,"DenseLayer( 128,64 )","biases",0.045348489368603064,0.051247267172529004,0.10170760488691598,0.068379705082644501,25
113,8,"DenseLayer( 64,1 )","all",0.32641109257297002,0.36368120384846664,0.69559308259803121,0.41484036885219727,25
113,8,"DenseLayer( 64,1 )","weights",0.31770684670233262,0.35368393938407156,0.67430839415659238,0.39946665777109841,25
113,8,"DenseLayer( 64,1 )","biases",0.073602122813463206,0.084685825581583302,0.17075692117214203,0.11188798397779465,25
114,0,"Conv2DLayer(1,8,5, stride=5, padding=0)","all",0.63511883319825413,0.78990946449688448,2.013759243876502,0.96560904662765545,25
114,0,"Conv2DLayer(1,8,5, stride=5, padding=0)","weights",0.62542625043215605,0.77848095297084063,1.9909811468973411,0.9552066398975394,25
114,0,"Conv2DLayer(1,8,5, stride=5, padding=0)","biases",0.10844974051853377,0.13388191798509083,0.3063403737012077,0.14135454016345572,25
114,4,"DenseLayer( 7202,128 )","all",0.12417255026488808,0.14251033487921427,0.28911535031900848,0.14296498245143516,25
114,4,"DenseLayer( 7202,128 )","weights",0.12352679551264512,0.14176478299544196,0.28779781139401844,0.14227628572610204,25
114,4,"DenseLayer( 7202,128 )","biases",0.012629785518065784,0.014558222750083453,0.029097133243737004,0.014015874119145554,25
114,6,"DenseLayer( 128,64 )","all",0.20173402127031578,0.23436203015042109,0.46837144740392245,0.21485494199237881,25
114,6,"DenseLayer( 128,64 )","weights",0.20035265895955542,0.23275152476834185,0.46491233176345886,0.21394532966376248,25
114,6,"DenseLayer( 128,64 )","biases",0.023347185771180983,0.027427885340266984,0.060078347913472864,0.019749481350467304,25
114,8,"DenseLayer( 64,1 )","all",0.18678432830641825,0.22234973423844076,0.46823123140948547,0.20599896023138548,25
114,8,"DenseLayer( 64,1 )","weights",0.18352639761756492,0.2184729773387887,0.45935451190698734,0.2056727978731607,25
114,8,"DenseLayer( 64,1 )","biases",0.033030841723084452,0.041339599521891285,0.10072458535432816,0.011587572284042835,25
115,0,"Conv2DLayer(1,8,5, stride=5, padding=0)","all",0.4108462856003523,0.46664992434708036,0.93969252896452993,0.38460996533557429,25
115,0,"Conv2DLayer(1,8,5, stride=5, padding=0)","weights",0.40212582233761107,0.45796963113086242,0.93039967754565389,0.37728809911278327,25
115,0,"Conv2DLayer(1,8,5, stride=5, padding=0)","biases",0.080493582291681132,0.089587771793909643,0.15540213503907696,0.074689461795452106,25
115,4,"DenseLayer( 7202,128 )","all",0.10420967760414115,0.11032673156641806,0.16652015508105353,0.14762204578915331,25
115,4,"DenseLayer( 7202,128 )","weights",0.1036318236102788,0.10971125692843102,0.16562560450349184,0.14657642097822099,25
115,4,"DenseLayer( 7202,128 )","biases",0.010935969772698884,0.011637345114426451,0.017539133849486903,0.017539133849486903,25
115,6,"DenseLayer( 128,64 )","all",0.16632493898777512,0.18066400767895893,0.29419628751803334,0.25704431962719554,25
115,6,"DenseLayer( 128,64 )","weights",0.16493819786894523,0.17911409989208893,0.29173850915749594,0.25415904089571034,25
115,6,"DenseLayer( 128,64 )","biases",0.021194188931809341,0.023614040113240461,0.038405262446447659,0.038405262446447659,25
115,8,"DenseLayer( 64,1 )","all",0.15036574010593662,0.16681134803550426,0.27215343333600583,0.22159653169622001,25
115,8,"DenseLayer( 64,1 )","weights",0.14662026588250424,0.16253086524300028,0.26568077558597192,0.21251366341927727,25
115,8,"DenseLayer( 64,1 )","biases",0.031599627915420571,0.037546553460788022,0.062793038785457611,0.062793038785457611,25
116,0,"Conv2DLayer(1,8,5, stride=5, padding=0)","all",0.62855668713339741,0.73165619401388937,1.3559152061811437,0.1114337787863396,25
116,0,"Conv2DLayer(1,8,5, stride=5, padding=0)","weights",0.61972993485058303,0.72225382666874616,1.3403094726132805,0.10975563716648298,25
116,0,"Conv2DLayer(1,8,5, stride=5, padding=0)","biases",0.10272925432880735,0.11691961384320018,0.20512572724152237,0.019266218227306755,25
116,4,"DenseLayer( 7202,128 )","all",0.13356028472506129,0.14255363267073801,0.23762526600905745,0.038914713147130665,25
116,4,"DenseLayer( 7202,128 )","weights",0.13278286993012109,0.14171905263338308,0.23633737509503328,0.038732864889378049,25
116,4,"DenseLayer( 7202,128 )","biases",0.014367698811105714,0.015402866886398225,0.024706520982624155,0.0037576690626835566,25
116,6,"DenseLayer( 128,64 )","all",0.2249379020964356,0.24380430988583268,0.43234860279083043,0.051336343039100271,25
116,6,"DenseLayer( 128,64 )","weights",0.2229617584241535,0.24161946346690627,0.42882426838525911,0.051118168277136153,25
116,6,"DenseLayer( 128,64 )","biases",0.029522078019667303,0.032566491872344359,0.05658018952586967,0.0047278947342945426,25
116,8,"DenseLayer( 64,1 )","all",0.19349927339767872,0.21142983433548398,0.37169725314228313,0.034439846588500168,25
116,8,"DenseLayer( 64,1 )","weights",0.18782917692418893,0.20498840434248142,0.36089809079697133,0.034221580739846602,25
116,8,"DenseLayer( 64,1 )","biases",0.04499707787297666,0.051791205163169783,0.097319670021533966,0.003871232969686389,25
117,0,"Conv2DLayer(1,8,5, stride=5, padding=0)","all",0.33578917196901592,0.39538242482799746,0.90774548196958738,0.31196641793922747,25
117,0,"Conv2DLayer(1,8,5, stride=5, padding=0)","weights",0.32871419964897097,0.38898495317614445,0.89529634652247825,0.29650381897575445,25
117,0,"Conv2DLayer(1,8,5, stride=5, padding=0)","biases",0.061967885454704934,0.070837617587125146,0.14982093291560153,0.09699758375663689,25
117,4,"DenseLayer( 7202,128 )","all",0.089299439442232398,0.097908788914364345,0.19264269734246989,0.10583323211308407,25
117,4,"DenseLayer( 7202,128 )","weights",0.088831808249115393,0.097376273447060152,0.19142453295457285,0.10528840502773228,25
117,4,"DenseLayer( 7202,128 )","biases",0.0091057273730949483,0.010197662292943556,0.021630002831856183,0.010724960895878871,25
117,6,"DenseLayer( 128,64 )","all",0.13657024762262845,0.15596051099101857,0.32882691564953159,0.10815124099644095,25
117,6,"DenseLayer( 128,64 )","weights",0.13549901887700583,0.15460343229973628,0.32494082650964118,0.10736952786770147,25
117,6,"DenseLayer( 128,64 )","biases",0.016790931648856817,0.0205294839126678,0.050404362140745437,0.012979807954554886,25
117,8,"DenseLayer( 64,1 )","all",0.12058933666826496,0.14068104282252464,0.29524215666001757,0.086867799728824718,25
117,8,"DenseLayer( 64,1 )","weights",0.11777542099121199,0.13685457872709553,0.28245360949692766,0.084934632898749834,25
117,8,"DenseLayer( 64,1 )","biases",0.023988205343484878,0.032588036011122617,0.085952833294868469,0.018224235624074936,25
118,0,"Conv2DLayer(1,8,5, stride=5, padding=0)","all",0.31068193837841873,0.36742732487601365,0.80296550209405149,0.088362682239456439,25
118,0,"Conv2DLayer(1,8,5, stride=5, padding=0)","weights",0.30212949078006024,0.35881630004388376,0.79291071154506509,0.081145497743778383,25
118,0,"Conv2DLayer(1,8,5, stride=5, padding=0)","biases",0.067997015266182459,0.079080350836103638,0.18559579470486701,0.03497673238691127,25
118,4,"DenseLayer( 7202,128 )","all",0.089789099786680135,0.094905883703165661,0.16220974912208128,0.10501342121366901,25
118,4,"DenseLayer( 7202,128 )","weights",0.089303627079538567,0.094392112605863637,0.16145854820312008,0.10434027242384245,25
118,4,"DenseLayer( 7202,128 )","biases",0.0093074524513280538,0.0098618375205012099,0.015592944634971691,0.011871233529747964,25
118,6,"DenseLayer( 128,64 )","all",0.1323701033943521,0.1457392857502626,0.24122370348900066,0.19266515701258646,25
118,6,"DenseLayer( 128,64 )","weights",0.1312891034164651,0.14449510619797029,0.23875903543430391,0.19071375557529821,25
118,6,"DenseLayer( 128,64 )","biases",0.016679386066582216,0.019002728641802448,0.034394739763953977,0.02735189501753045,25
118,8,"DenseLayer( 64,1 )","all",0.11529953217534111,0.12987591865863007,0.22938662785941419,0.17799287556278515,25
118,8,"DenseLayer( 64,1 )","weights",0.11244679597418368,0.12638144478704813,0.22154318464869246,0.17177928888077626,25
118,8,"DenseLayer( 64,1 )","biases",0.023874595719389616,0.029924649721615872,0.059471357613801956,0.046619091182947159,25
119,0,"Conv2DLayer(1,8,5, stride=5, padding=0)","all",0.54991721930476645,0.65532388230267291,1.4172820014569043,1.4172820014569043,25
119,0,"Conv2DLayer(1,8,5, stride=5, padding=0)","weights",0.53955414798554047,0.643916847261782,1.396232987296995,1.396232987296995,25
119,0,"Conv2DLayer(1,8,5, stride=5, padding=0)","biases",0.10162323065676628,0.12173941238848844,0.25709194561459781,0.24335512494582495,25
119,4,"DenseLayer( 7202,128 )","all",0.106081693488239,0.11204275459343781,0.19362431306726366,0.19362431306726366,25
119,4,"DenseLayer( 7202,128 )","weights",0.10553808605840803,0.11147488554014376,0.19276725980788606,0.19276725980788606,25
119,4,"DenseLayer( 7202,128 )","biases",0.010706002376217648,0.011266266049458297,0.018197751425071296,0.018197751425071296,25
119,6,"DenseLayer( 128,64 )","all",0.16427445838754201,0.17529978624791628,0.2873879238862091,0.2873879238862091,25
119,6,"DenseLayer( 128,64 )","weights",0.16323054038710536,0.17422052403848726,0.28639383026996285,0.28639383026996285,25
119,6,"DenseLayer( 128,64 )","biases",0.018173172931809641,0.019422256880188449,0.033529967861766471,0.02388289720543205,25
119,8,"DenseLayer( 64,1 )","all",0.14598254710253633,0.15713031952705966,0.27083505673304931,0.27083505673304931,25
119,8,"DenseLayer( 64,1 )","weights",0.14382712382876978,0.15501040181756565,0.27078471634126311,0.27078471634126311,25
119,8,"DenseLayer( 64,1 )","biases",0.021732983766851247,0.025723775831567017,0.055556640028953552,0.0052216234616935253,25
120,0,"Conv2DLayer(1,8,5, stride=5, padding=0)","all",0.61228828211849506,0.73543779070304094,1.8197353867207813,0.31813993736654933,25
120,0,"Conv2DLayer(1,8,5, stride=5, padding=0)","weights",0.60155012824893328,0.72496184707662958,1.7999359586666333,0.31263417595847198,25
120,0,"Conv2DLayer(1,8,5, stride=5, padding=0)","biases",0.10684311897333723,0.12368938627631457,0.27022719798370082,0.058931246129359453,25
120,4,"DenseLayer( 7202,128 )","all",0.1414339028430267,0.14931062351508717,0.27169491995850292,0.12930971225854967,25
120,4,"DenseLayer( 7202,128 )","weights",0.14065359614044481,0.14847669740781785,0.26997073579773645,0.12845808337033193,25
120,4,"DenseLayer( 7202,128 )","biases",0.014805357773503438,0.015758572947173751,0.030560290314165579,0.014816291749616677,25
120,6,"DenseLayer( 128,64 )","all",0.242727223348113,0.2611631282067709,0.52468793526045199,0.21166427228234166,25
120,6,"DenseLayer( 128,64 )","weights",0.2407732656738534,0.25897205862878692,0.51917942315654664,0.20919929794577716,25
120,6,"DenseLayer( 128,64 )","biases",0.030248378890479672,0.033758737895756542,0.07582978292670807,0.032208972349443761,25
120,8,"DenseLayer( 64,1 )","all",0.21964043161440419,0.23853754065586671,0.4966490407370388,0.19097893737299884,25
120,8,"DenseLayer( 64,1 )","weights",0.21425328177516165,0.23233062789789755,0.47936678331803806,0.18387966628411545,25
120,8,"DenseLayer( 64,1 )","biases",0.044389969705371186,0.054061424719645916,0.12987592816352844,0.051587041467428207,25
121,0,"Conv2DLayer(1,8,5, stride=5, padding=0)","all",0.38687509499713341,0.48650375061784712,1.01469050021633,0.066539193216886741,25
121,0,"Conv2DLayer(1,8,5, stride=5, padding=0)","weights",0.37519258666134458,0.47613082528123357,1.005260389858293,0.059438690028899469,25
121,0,"Conv2DLayer(1,8,5, stride=5, padding=0)","biases",0.085963806409140711,0.099926656014517945,0.21716469910232725,0.029908299209460115,25
121,4,"DenseLayer( 7202,128 )","all",0.13513517059176675,0.14879138291326099,0.25409694873542937,0.054494282866890641,25
121,4,"DenseLayer( 7202,128 )","weights",0.13431847500444413,0.14787204881393165,0.25252304550749788,0.054188545462407679,25
121,4,"DenseLayer( 7202,128 )","biases",0.014796287507902696,0.016514624089299507,0.028237755652204023,0.005764408542536373,25
121,6,"DenseLayer( 128,64 )","all",0.232306689734712,0.26140724064479398,0.44121514738519785,0.088281462302698788,25
121,6,"DenseLayer( 128,64 )","weights",0.23000225421209863,0.25873157398578356,0.43586822838460626,0.087524143385191211,25
121,6,"DenseLayer( 128,64 )","biases",0.032424738052754129,0.03730573795496106,0.068481338823117341,0.011538670243633638,25
121,8,"DenseLayer( 64,1 )","all",0.20894384313625844,0.23964436613650414,0.41082918724821532,0.063786522792129666,25
121,8,"DenseLayer( 64,1 )","weights",0.20206937214911808,0.23152008751135678,0.39633077598344335,0.061849053877532548,25
121,8,"DenseLayer( 64,1 )","biases",0.051820968165993693,0.061869793111829254,0.11702867597341537,0.015601763501763344,25
122,0,"Conv2DLayer(1,8,5, stride=5, padding=0)","all",0.58853608330404272,0.66769689298412793,1.3707362491898127,0.64202129172425393,25
122,0,"Conv2DLayer(1,8,5, stride=5, padding=0)","weights",0.57516169705703546,0.65613979234886866,1.3611483151046984,0.63258317724495705,25
122,0,"Conv2DLayer(1,8,5, stride=5, padding=0)","biases",0.11434556065589159,0.1236920118562288,0.25836253022796363,0.10968073164396219,25
122,4,"DenseLayer( 7202,128 )","all",0.13531601847943012,0.14312484725020319,0.22564342964236656,0.10587776843814312,25
122,4,"DenseLayer( 7202,128 )","weights",0.13452945166954666,0.14228460571494467,0.22424709535010592,0.10526767874554169,25
122,4,"DenseLayer( 7202,128 )","biases",0.014534414031296242,0.015485892836279552,0.025063869769254139,0.011349786824715526,25
122,6,"DenseLayer( 128,64 )","all",0.23114691362339104,0.24993822659811119,0.41720730270460205,0.15590753344279276,25
122,6,"DenseLayer( 128,64 )","weights",0.2292126047039578,0.24776065671177458,0.41318997751853354,0.15482968621926071,25
122,6,"DenseLayer( 128,64 )","biases",0.029361141382833928,0.032920724487152019,0.058130475537887069,0.018301017716531979,25
122,8,"DenseLayer( 64,1 )","all",0.21819688929357486,0.23862681545521297,0.4079900557492625,0.13831451982334045,25
122,8,"DenseLayer( 64,1 )","weights",0.21284932594681566,0.23241999601815719,0.3963831625392894,0.13645075030855383,25
122,8,"DenseLayer( 64,1 )","biases",0.044562355891685002,0.054071272457896377,0.10136707872152328,0.02262960746884346,25
123,0,"Conv2DLayer(1,8,5, stride=5, padding=0)","all",0.39816613968987358,0.47461687719433238,1.0393091742960203,0.55302358485541347,25
123,0,"Conv2DLayer(1,8,5, stride=5, padding=0)","weights",0.38683676950906959,0.46616948238477213,1.0301687707973375,0.54462566045705108,25
123,0,"Conv2DLayer(1,8,5, stride=5, padding=0)","biases",0.080476271759259616,0.089147034784190088,0.2002570648066189,0.096010287876110628,25
123,4,"DenseLayer( 7202,128 )","all",0.10172759118592033,0.10927119160549281,0.20433285947159133,0.11880364622252255,25
123,4,"DenseLayer( 7202,128 )","weights",0.10110348229292328,0.10859116468622083,0.20305517749076857,0.1180737225550598,25
123,4,"DenseLayer( 7202,128 )","biases",0.011237682821687314,0.012171781585880835,0.022814739841373576,0.013149235633947012,25
123,6,"DenseLayer( 128,64 )","all",0.17655177151310736,0.19451604595182603,0.40014283460972783,0.20337035863842612,25
123,6,"DenseLayer( 128,64 )","weights",0.17487292882481717,0.19260859167085198,0.39576046715632685,0.20156989660553568,25
123,6,"DenseLayer( 128,64 )","biases",0.024117925885361369,0.027173931392124664,0.059058790418649053,0.027001473203433077,25
123,8,"DenseLayer( 64,1 )","all",0.15719099308880538,0.17621074242066276,0.37419487898857484,0.22715326736111763,25
123,8,"DenseLayer( 64,1 )","weights",0.15225663295209621,0.1704280546912563,0.359467436929854,0.22184470214951763,25
123,8,"DenseLayer( 64,1 )","biases",0.037969106282107534,0.044771686573048766,0.10394695401191711,0.048821460455656052,25
124,0,"Conv2DLayer(1,8,5, stride=5, padding=0)","all",0.63358184669167916,0.72367418958916652,1.6428041542674221,0.86609561140284053,25
124,0,"Conv2DLayer(1,8,5, stride=5, padding=0)","weights",0.62166088546036136,0.71167129792177342,1.6146133117776287,0.85595066560968336,25
124,0,"Conv2DLayer(1,8,5, stride=5, padding=0)","biases",0.11519923704104323,0.13125660513618115,0.30303356696705747,0.13217437775000157,25
124,4,"DenseLayer( 7202,128 )","all",0.1170410997755876,0.12411632132175199,0.2125640255942817,0.10247974546087339,25
124,4,"DenseLayer( 7202,128 )","weights",0.11635725552375223,0.12337939154237665,0.21154228732050176,0.10188870303389352,25
124,4,"DenseLayer( 7202,128 )","biases",0.012596183519284472,0.013505071679828368,0.022950487948912759,0.010990469680430298,25
124,6,"DenseLayer( 128,64 )","all",0.19407003501030876,0.21127422717226954,0.34973517558854234,0.16144390159447627,25
124,6,"DenseLayer( 128,64 )","weights",0.1925865807630642,0.20955567301468386,0.34547958771912618,0.16052536808325427,25
124,6,"DenseLayer( 128,64 )","biases",0.023348230158085903,0.026892730887781859,0.054392531779382303,0.017197080094675039,25
124,8,"DenseLayer( 64,1 )","all",0.17430832969469925,0.19127874449310717,0.35203614610782191,0.14619391305093141,25
124,8,"DenseLayer( 64,1 )","weights",0.17068460046736927,0.18676912540827675,0.33844992152103603,0.1455840006049986,25
124,8,"DenseLayer( 64,1 )","biases",0.030912219425663353,0.041289852132052628,0.096856072545051575,0.013340126723051071,25
125,0,"Conv2DLayer(1,8,5, stride=5, padding=0)","all",0.35585354577994782,0.4000531480927863,0.84385484435103997,0.22902856357383936,25
125,0,"Conv2DLayer(1,8,5, stride=5, padding=0)","weights",0.34668928419889838,0.39203510544310755,0.83122549687117298,0.22440665381584557,25
125,0,"Conv2DLayer(1,8,5, stride=5, padding=0)","biases",0.073858442912332012,0.079693145245751246,0.1454481752583705,0.045779216418276765,25
125,4,"DenseLayer( 7202,128 )","all",0.0982225355846056,0.10419948988769513,0.17179726392652836,0.051729453514279621,25
125,4,"DenseLayer( 7202,128 )","weights",0.09759701886310912,0.10352893791451415,0.17053074401688759,0.051425635770998408,25
125,4,"DenseLayer( 7202,128 )","biases",0.01104584328390305,0.011802233142441956,0.020822229412049077,0.0055982449423569005,25
125,6,"DenseLayer( 128,64 )","all",0.16697949352769484,0.18209360337658545,0.32385270454960835,0.087296471724147034,25
125,6,"DenseLayer( 128,64 )","weights",0.1653202464063272,0.18022358692543911,0.3202612455192978,0.086796341692537485,25
125,6,"DenseLayer( 128,64 )","biases",0.023227517955660568,0.026029581371929626,0.048096869570939824,0.0093310794808040155,25
125,8,"DenseLayer( 64,1 )","all",0.15204013934868016,0.16861720901727512,0.29262447414756509,0.083250343155132744,25
125,8,"DenseLayer( 64,1 )","weights",0.14705291529913564,0.16285570598214033,0.28208848999403702,0.082429674748893941,25
125,8,"DenseLayer( 64,1 )","biases",0.036952140673529359,0.043701054973926061,0.082005076110363007,0.011660546995699406,25
126,0,"Conv2DLayer(1,8,5, stride=5, padding=0)","all",0.62017344871836821,0.71453722605046488,1.7060871410044272,0.30236510961575158,25
126,0,"Conv2DLayer(1,8,5, stride=5, padding=0)","weights",0.60968023443108532,0.70415542877867454,1.6872693887704462,0.28727625968663439,25
126,0,"Conv2DLayer(1,8,5, stride=5, padding=0)","biases",0.1080818240004128,0.12136135930935414,0.25269614642662347,0.094323963728221646,25
126,4,"DenseLayer( 7202,128 )","all",0.11729804150041344,0.12420284598622115,0.19945408699763634,0.055242095174682232,25
126,4,"DenseLayer( 7202,128 )","weights",0.11662474949856368,0.12348213429726526,0.19808024439981328,0.054909950319395287,25
126,4,"DenseLayer( 7202,128 )","biases",0.012516842429028298,0.013360743260354857,0.023369843785762224,0.0060486721857107798,25
126,6,"DenseLayer( 128,64 )","all",0.19611221024087,0.21258077856375626,0.40327136829670845,0.071795045326549678,25
126,6,"DenseLayer( 128,64 )","weights",0.1946402691411199,0.21088719302104653,0.39893223581379633,0.071375390240783695,25
126,6,"DenseLayer( 128,64 )","biases",0.023520663630575925,0.026780202285954256,0.058998878942782336,0.0077512709549571197,25
126,8,"DenseLayer( 64,1 )","all",0.18497385100172911,0.20289755703512283,0.36322167608180128,0.078838991637011205,25
126,8,"DenseLayer( 64,1 )","weights",0.18122465912796934,0.19839037008468316,0.34890503879782009,0.078283635997133005,25
126,8,"DenseLayer( 64,1 )","biases",0.033765136711299416,0.04252857519931013,0.10097157955169678,0.0093412492424249649,25
127,0,"Conv2DLayer(1,8,5, stride=5, padding=0)","all",0.78574961215213623,0.90567681479543249,1.7119981363630372,0.89695092212649818,25
127,0,"Conv2DLayer(1,8,5, stride=5, padding=0)","weights",0.77397464849036635,0.89284747897918837,1.6777809400512769,0.89246144004179451,25
127,0,"Conv2DLayer(1,8,5, stride=5, padding=0)","biases",0.13248217984276439,0.15190086286294749,0.34057119095890392,0.089629987962187477,25
127,4,"DenseLayer( 7202,128 )","all",0.13364477316977189,0.14337236402478684,0.23238548680311455,0.11794122474772251,25
127,4,"DenseLayer( 7202,128 )","weights",0.13293111367024218,0.14261478464448105,0.23127562937937721,0.11738348989351421,25
127,4,"DenseLayer( 7202,128 )","biases",0.013772049305133746,0.01471930592332008,0.022765957427646904,0.011456386664740172,25
127,6,"DenseLayer( 128,64 )","all",0.22463240647111779,0.24193607659397584,0.38126600311761222,0.18070345247499098,25
127,6,"DenseLayer( 128,64 )","weights",0.22316598921263345,0.24037652282110461,0.37920005820875763,0.180397911666665,25
127,6,"DenseLayer( 128,64 )","biases",0.025106000724186336,0.027426126852348742,0.051247128858175978,0.010503866082898225,25
127,8,"DenseLayer( 64,1 )","all",0.21589923576992381,0.23455594609186445,0.38822372958820139,0.18318714785664153,25
127,8,"DenseLayer( 64,1 )","weights",0.21253378127334177,0.2311259845543378,0.38390317079303077,0.18312355678119119,25
127,8,"DenseLayer( 64,1 )","biases",0.03435694133862853,0.039965874328452,0.085135728120803833,0.0048263953067362309,25
128,0,"Conv2DLayer(1,8,5, stride=5, padding=0)","all",0.49409603105504801,0.54704540531400037,0.93929037730963794,0.41117920611108955,25
128,0,"Conv2DLayer(1,8,5, stride=5, padding=0)","weights",0.48631979909337364,0.53918251553084728,0.92913142565627849,0.40551635031829525,25
128,0,"Conv2DLayer(1,8,5, stride=5, padding=0)","biases",0.084097716510331058,0.092416937955044826,0.16825589660843565,0.068006096511088632,25
128,4,"DenseLayer( 7202,128 )","all",0.10699973448907643,0.11184229916678096,0.16879568543838006,0.095873790453710889,25
128,4,"DenseLayer( 7202,128 )","weights",0.10632211973364702,0.11112705807848622,0.16764330811090922,0.095273467853445232,25
128,4,"DenseLayer( 7202,128 )","biases",0.011995549409071859,0.012628414220814919,0.019690217577348176,0.010712143536221073,25
128,6,"DenseLayer( 128,64 )","all",0.18125639292827608,0.19301671062134765,0.34354843775190252,0.18654739171432941,25
128,6,"DenseLayer( 128,64 )","weights",0.17956186449318015,0.19114877895428223,0.3394057509805995,0.18478742585834682,25
128,6,"DenseLayer( 128,64 )","biases",0.024515903420997392,0.026787961538198724,0.053190838337707214,0.025564361913911308,25
128,8,"DenseLayer( 64,1 )","all",0.16353907703898027,0.17568975874675777,0.30257999024128618,0.18946690083887877,25
128,8,"DenseLayer( 64,1 )","weights",0.15868074741345189,0.17020224220072799,0.28885976204168873,0.1844772833784428,25
128,8,"DenseLayer( 64,1 )","biases",0.038495737574994561,0.043567052669863673,0.090081565082073212,0.043195351958274841,25
129,0,"Conv2DLayer(1,8,5, stride=5, padding=0)","all",0.56541597350521622,0.67715942294414078,1.6315063391272753,0.3417831748047987,25
129,0,"Conv2DLayer(1,8,5, stride=5, padding=0)","weights",0.55289052086377921,0.66621484334961278,1.6158605502696344,0.33366046967884622,25
129,0,"Conv2DLayer(1,8,5, stride=5, padding=0)","biases",0.10917039702360209,0.1212545528328427,0.22540544956765843,0.074070436432758596,25
129,4,"DenseLayer( 7202,128 )","all",0.14281838528520877,0.15330008066949855,0.24405551724330887,0.13748167147921789,25
129,4,"DenseLayer( 7202,128 )","weights",0.14189677906835951,0.15230136092349164,0.24250808477443722,0.13647398258696741,25
129,4,"DenseLayer( 7202,128 )","biases",0.016178356936118212,0.017470266000467624,0.02830695009367392,0.016615115695405556,25
129,6,"DenseLayer( 128,64 )","all",0.26284024219448082,0.28641203239520835,0.47335354320643269,0.25449325920655602,25
129,6,"DenseLayer( 128,64 )","weights",0.26034887101590426,0.28363212061746801,0.46755702569265095,0.2515244871134385,25
129,6,"DenseLayer( 128,64 )","biases",0.035809503190988357,0.039807944619032545,0.073851232836871991,0.038758887547206772,25
129,8,"DenseLayer( 64,1 )","all",0.24940862081722459,0.27172432670813351,0.44038386117631667,0.22590093081298127,25
129,8,"DenseLayer( 64,1 )","weights",0.24219000276569011,0.26356760790163047,0.42157472675747948,0.2165520257581097,25
129,8,"DenseLayer( 64,1 )","biases",0.058018318712711334,0.066077422694902771,0.12732908129692078,0.064315244555473328,25
130,0,"Conv2DLayer(1,8,5, stride=5, padding=0)","all",0.71489043380274275,0.80080251910245892,1.5617387547187853,0.69440501498769869,25
130,0,"Conv2DLayer(1,8,5, stride=5, padding=0)","weights",0.70425814759122674,0.78969584814501503,1.5493851138516226,0.68708047363021107,25
130,0,"Conv2DLayer(1,8,5, stride=5, padding=0)","biases",0.11935609487581754,0.13291027809529879,0.27809104804771417,0.10059198574514254,25
130,4,"DenseLayer( 7202,128 )","all",0.14046236986861158,0.14804916330218626,0.24638185653884218,0.12295102866015392,25
130,4,"DenseLayer( 7202,128 )","weights",0.13960223112285924,0.14712694804136969,0.24453169288465021,0.12228030661487889,25
130,4,"DenseLayer( 7202,128 )","biases",0.015485179497761081,0.016498967074017441,0.030137524889972667,0.012825056052945509,25
130,6,"DenseLayer( 128,64 )","all",0.24989867872113791,0.26727635282459861,0.46245413825248988,0.19518768571825487,25
130,6,"DenseLayer( 128,64 )","weights",0.24785076608974368,0.26496085772106448,0.45701961812764319,0.19405323852222828,25
130,6,"DenseLayer( 128,64 )","biases",0.031432537974513439,0.035105450501840108,0.070688744742824508,0.021013644973764265,25
130,8,"DenseLayer( 64,1 )","all",0.23721010874641774,0.25473432690265851,0.4291431818116821,0.19803843123923515,25
130,8,"DenseLayer( 64,1 )","weights",0.2316026737847923,0.24825951361240339,0.41126293911212891,0.19557821968921052,25
130,8,"DenseLayer( 64,1 )","biases",0.048357385378330946,0.057068302966562665,0.1225832998752594,0.031118808314204216,25
131,0,"Conv2DLayer(1,8,5, stride=5, padding=0)","all",0.47596759591432392,0.54384038694094483,0.95645088661896127,0.49139369275476924,25
131,0,"Conv2DLayer(1,8,5, stride=5, padding=0)","weights",0.46491963588813578,0.53345362035468258,0.93807101203016685,0.48170189872489422,25
131,0,"Conv2DLayer(1,8,5, stride=5, padding=0)","biases",0.096274773293109184,0.10578091226000445,0.18660405918118603,0.097113552318923463,25
131,4,"DenseLayer( 7202,128 )","all",0.10332170259920143,0.11134863505082084,0.2238217899775258,0.13043230433070199,25
131,4,"DenseLayer( 7202,128 )","weights",0.10270270204500183,0.11066626067303208,0.22234344865465352,0.12957605133584499,25
131,4,"DenseLayer( 7202,128 )","biases",0.01127284816665786,0.012308422983038981,0.025682377403564563,0.014920889156726859,25
131,6,"DenseLayer( 128,64 )","all",0.16933010483777447,0.18957822176681177,0.40829803073942494,0.23281409081284127,25
131,6,"DenseLayer( 128,64 )","weights",0.16801036664486577,0.1879515600226625,0.40405375828751644,0.23062276255070671,25
131,6,"DenseLayer( 128,64 )","biases",0.020745929281376717,0.024781308547249092,0.058718330352843177,0.031867574028944322,25
131,8,"DenseLayer( 64,1 )","all",0.15649522068447427,0.18011503470308557,0.40707070083526364,0.22163986856443693,25
131,8,"DenseLayer( 64,1 )","weights",0.15325251458997863,0.17572085586032141,0.394843703212997,0.21530559248894726,25
131,8,"DenseLayer( 64,1 )","biases",0.029310747394338251,0.039542465044681625,0.099020227789878845,0.052609249949455261,25
132,0,"Conv2DLayer(1,8,5, stride=5, padding=0)","all",0.75756180790240069,0.86867151465358994,1.666505208063799,0.36741259176823621,25
132,0,"Conv2DLayer(1,8,5, stride=5, padding=0)","weights",0.74405192282397015,0.85469368269009083,1.6494292634664622,0.36266963241403344,25
132,0,"Conv2DLayer(1,8,5, stride=5, padding=0)","biases",0.13686054022568503,0.15520602159778635,0.34817749453779662,0.058845138410258423,25
132,4,"DenseLayer( 7202,128 )","all",0.1526722612073847,0.16598304732445901,0.29981109970564201,0.14306332818864681,25
132,4,"DenseLayer( 7202,128 )","weights",0.15173914170850486,0.16497579857359937,0.29825097621259283,0.14203037471243152,25
132,4,"DenseLayer( 7202,128 )","biases",0.016822533884432524,0.018258090922020468,0.030545878526272371,0.017160668153039901,25
132,6,"DenseLayer( 128,64 )","all",0.27146141584926509,0.297807223649449,0.51175634988456487,0.28645314243152947,25
132,6,"DenseLayer( 128,64 )","weights",0.26914082523498345,0.29520066434432363,0.50845710476046291,0.28333260860851328,25
132,6,"DenseLayer( 128,64 )","biases",0.035003978493710911,0.039315521470062148,0.070386051289337115,0.042166760700736029,25
132,8,"DenseLayer( 64,1 )","all",0.2600817467748951,0.2877933708221822,0.50776216906341476,0.27057591220665267,25
132,8,"DenseLayer( 64,1 )","weights",0.25376073264318028,0.28055328641483634,0.49948647964368009,0.26024246891088282,25
132,8,"DenseLayer( 64,1 )","biases",0.054845086075365541,0.064147313046057419,0.12120671570301056,0.074062012135982513,25
133,0,"Conv2DLayer(1,8,5, stride=5, padding=0)","all",0.52837916186857015,0.66239382810854608,1.5697960604452807,0.8030250090714991,25
133,0,"Conv2DLayer(1,8,5, stride=5, padding=0)","weights",0.51920545557694486,0.65313817843294553,1.5491909866812337,0.79369018219390741,25
133,0,"Conv2DLayer(1,8,5, stride=5, padding=0)","biases",0.093402567467880421,0.11034538227577942,0.25350928617143187,0.12208628048754462,25
133,4,"DenseLayer( 7202,128 )","all",0.12105629739821189,0.13217368593734724,0.2254081552341565,0.10354468541313724,25
133,4,"DenseLayer( 7202,128 )","weights",0.12025976463643265,0.13128976989704094,0.22401533257477169,0.10292893928460904,25
133,4,"DenseLayer( 7202,128 )","biases",0.013844726699461228,0.015260392349037144,0.026219193501099095,0.011275430592701264,25
133,6,"DenseLayer( 128,64 )","all",0.2135621359996987,0.23897794578165507,0.42668253382599264,0.15910614671154455,25
133,6,"DenseLayer( 128,64 )","weights",0.21147208352557437,0.2365474454221001,0.42306228125132767,0.15819038184722603,25
133,6,"DenseLayer( 128,64 )","biases",0.029497502886170111,0.033996538563481039,0.058588635779040825,0.017046084958850873,25
133,8,"DenseLayer( 64,1 )","all",0.19307515929968483,0.21783323415148065,0.38615992968112733,0.13727731494763706,25
133,8,"DenseLayer( 64,1 )","weights",0.18703041168949555,0.21053094413415757,0.3752549193531487,0.13646238338758818,25
133,8,"DenseLayer( 64,1 )","biases",0.045900291814468801,0.055928878612698962,0.10526903718709946,0.014935833401978016,25
134,0,"Conv2DLayer(1,8,5, stride=5, padding=0)","all",0.50607088318114513,0.60495575594988127,1.3845777339667191,0.73372049247980975,25
134,0,"Conv2DLayer(1,8,5, stride=5, padding=0)","weights",0.49669983593562933,0.59543073389549817,1.3634907538923224,0.72900492112063353,25
134,0,"Conv2DLayer(1,8,5, stride=5, padding=0)","biases",0.090799399680180456,0.10692851719518355,0.24072487500580581,0.083051707187229692,25
134,4,"DenseLayer( 7202,128 )","all",0.1061607731320075,0.11376085418897521,0.21380979978983111,0.097111856885301148,25
134,4,"DenseLayer( 7202,128 )","weights",0.1055073178563609,0.11305799348796287,0.21245540710551819,0.096625272372494742,25
134,4,"DenseLayer( 7202,128 )","biases",0.011744964838645554,0.01262624466264705,0.024027702299558151,0.0097092474812631394,25
134,6,"DenseLayer( 128,64 )","all",0.18517732836282741,0.20184406383297657,0.3677467762403499,0.15127594080655765,25
134,6,"DenseLayer( 128,64 )","weights",0.18358622396290675,0.2000624991700215,0.36477897452982389,0.15081702637502989,25
134,6,"DenseLayer( 128,64 )","biases",0.023864252365165577,0.026758597318541799,0.046626078283939408,0.011774328953391588,25
134,8,"DenseLayer( 64,1 )","all",0.1779008460695547,0.19553039609391129,0.36062838563828858,0.14883482645121288,25
134,8,"DenseLayer( 64,1 )","weights",0.17355787691250862,0.19063542226844787,0.35343011237526578,0.14839157796398644,25
134,8,"DenseLayer( 64,1 )","biases",0.03703053119825199,0.043477253514595471,0.073007456958293915,0.011478029191493988,25
135,0,"Conv2DLayer(1,8,5, stride=5, padding=0)","all",0.48215150044385152,0.54338585532532058,1.0650614177223723,0.59076955861871716,25
135,0,"Conv2DLayer(1,8,5, stride=5, padding=0)","weights",0.46961907063582459,0.5317359046218888,1.0482979819878475,0.57329369311313216,25
135,0,"Conv2DLayer(1,8,5, stride=5, padding=0)","biases",0.10008676432338066,0.11191566245870982,0.23344044697442839,0.14262893404656618,25
135,4,"DenseLayer( 7202,128 )","all",0.10731839765956003,0.11402827169050496,0.20623038645025216,0.11172768238407783,25
135,4,"DenseLayer( 7202,128 )","weights",0.10664308108309614,0.11329651366667735,0.20477598667599142,0.11101367258701318,25
135,4,"DenseLayer( 7202,128 )","biases",0.011997317810267472,0.012897547662249863,0.024449285803363172,0.012611086775564355,25
135,6,"DenseLayer( 128,64 )","all",0.1792008908177439,0.19621877048836439,0.35000551273136604,0.17377728613035975,25
135,6,"DenseLayer( 128,64 )","weights",0.17757822963895978,0.19433509701535553,0.34571051481107884,0.17232847859740086,25
135,6,"DenseLayer( 128,64 )","biases",0.023688812331103311,0.027123347138540595,0.054663506029208178,0.022392870274667392,25
135,8,"DenseLayer( 64,1 )","all",0.16149799239865276,0.17988977221495658,0.32521285481904405,0.12814352037759957,25
135,8,"DenseLayer( 64,1 )","weights",0.15714986935391367,0.17459861596375975,0.31599649554120768,0.12532601713214028,25
135,8,"DenseLayer( 64,1 )","biases",0.035042589968070387,0.043308814935166466,0.094760425388813019,0.026723608374595642,25
136,0,"Conv2DLayer(1,8,5, stride=5, padding=0)","all",0.72968037666673924,0.85282901993420634,2.0812317336179809,0.24781977702017363,25
136,0,"Conv2DLayer(1,8,5, stride=5, padding=0)","weights",0.71699446582597159,0.84036416660481505,2.0584344163189434,0.22778426030878565,25
136,0,"Conv2DLayer(1,8,5, stride=5, padding=0)","biases",0.13085518467827556,0.14527699311499259,0.30720234818796138,0.097616456798574475,25
136,4,"DenseLayer( 7202,128 )","all",0.14078000011931979,0.14894938109316594,0.25799056480565818,0.10209152909485247,25
136,4,"DenseLayer( 7202,128 )","weights",0.13987971323219534,0.14799886485703098,0.25674819693523776,0.10137784646902015,25
136,4,"DenseLayer( 7202,128 )","biases",0.015854909766428168,0.01680042050269762,0.027027267360124174,0.012050417346668393,25
136,6,"DenseLayer( 128,64 )","all",0.24423823339807207,0.2587850226995041,0.40122269002709232,0.19773749630827739,25
136,6,"DenseLayer( 128,64 )","weights",0.24216096283301092,0.2565148673604653,0.39683577414292176,0.19583121602625514,25
136,6,"DenseLayer( 128,64 )","biases",0.03115233880522178,0.034202496935541629,0.059283544144687429,0.027390733395515454,25
136,8,"DenseLayer( 64,1 )","all",0.22446444289483641,0.23715259381703468,0.36537875852390483,0.19907726990122129,25
136,8,"DenseLayer( 64,1 )","weights",0.2189639798149543,0.23105874781080177,0.36506516777451881,0.19339024893575382,25
136,8,"DenseLayer( 64,1 )","biases",0.044314757902175185,0.053415426744075976,0.10152944922447205,0.047243740409612656,25
137,0,"Conv2DLayer(1,8,5, stride=5, padding=0)","all",0.37793647927649449,0.48756741430039069,1.1586481448319015,0.43150425893658945,25
137,0,"Conv2DLayer(1,8,5, stride=5, padding=0)","weights",0.36553835899679588,0.47836347694139481,1.1451919693584123,0.41677841709719854,25
137,0,"Conv2DLayer(1,8,5, stride=5, padding=0)","biases",0.084302982078277452,0.094288744906847022,0.17607065865557509,0.11176616895272407,25
137,4,"DenseLayer( 7202,128 )","all",0.10964528430835641,0.11608442901425181,0.19585846829311943,0.12771102948841456,25
137,4,"DenseLayer( 7202,128 )","weights",0.10889837083641211,0.1152844090348213,0.19438079778157191,0.12678758252643249,25
137,4,"DenseLayer( 7202,128 )","biases",0.012750858769122157,0.013605134804803595,0.024013434904788456,0.015330230594931299,25
137,6,"DenseLayer( 128,64 )","all",0.20871621886628,0.22552686558212698,0.41606933134604912,0.24454035232535959,25
137,6,"DenseLayer( 128,64 )","weights",0.20674651629852536,0.2233436814167126,0.41113788434338255,0.24186932108116299,25
137,6,"DenseLayer( 128,64 )","biases",0.028254030294330223,0.031304425733891882,0.063869621451796629,0.036044631155669846,25
137,8,"DenseLayer( 64,1 )","all",0.19991318923471046,0.21755735055427394,0.39047767134169897,0.2520614454827782,25
137,8,"DenseLayer( 64,1 )","weights",0.19422650182345599,0.21112277984461694,0.37458832667533182,0.24387511468268563,25
137,8,"DenseLayer( 64,1 )","biases",0.045029116088990122,0.052520211451179979,0.11025605350732803,0.063717350363731384,25
138,0,"Conv2DLayer(1,8,5, stride=5, padding=0)","all",0.3314544762250401,0.39125054905752366,0.89976153226125177,0.20906588477355439,25
138,0,"Conv2DLayer(1,8,5, stride=5, padding=0)","weights",0.32311963363422874,0.38395091354155592,0.89172067212667649,0.20350240834583472,25
138,0,"Conv2DLayer(1,8,5, stride=5, padding=0)","biases",0.068527158345683015,0.075224252262274915,0.12826768880469597,0.047909435120801223,25
138,4,"DenseLayer( 7202,128 )","all",0.082833094705009436,0.089088177890115777,0.15299979180826706,0.080680485424598589,25
138,4,"DenseLayer( 7202,128 )","weights",0.08228795227091712,0.088486711603851201,0.15189254391442816,0.08015935869754906,25
138,4,"DenseLayer( 7202,128 )","biases",0.0094636780249134564,0.010334665418763211,0.018373660402232789,0.0091552138995510315,25
138,6,"DenseLayer( 128,64 )","all",0.1421119994677553,0.15552562474920456,0.25048424910677447,0.13977677410497866,25
138,6,"DenseLayer( 128,64 )","weights",0.14074794763939608,0.15392813384137782,0.24781318229691104,0.13846612816563808,25
138,6,"DenseLayer( 128,64 )","biases",0.019392359990136037,0.022233973233348827,0.04111318305234276,0.019096542357487666,25
138,8,"DenseLayer( 64,1 )","all",0.12929380738996904,0.14162675234240629,0.22807402484382314,0.11585619181063833,25
138,8,"DenseLayer( 64,1 )","weights",0.12533310585440818,0.13688763460833483,0.21927336654266869,0.11257329432239691,25
138,8,"DenseLayer( 64,1 )","biases",0.030262687308713794,0.036330599642619484,0.066729865968227386,0.027384495362639427,25
139,0,"Conv2DLayer(1,8,5, stride=5, padding=0)","all",0.36803540058840906,0.4348664109167763,0.89431796936140084,0.092953921297969047,25
139,0,"Conv2DLayer(1,8,5, stride=5, padding=0)","weights",0.3575396361494057,0.42509005852603421,0.88338615381589269,0.083864930302258042,25
139,0,"Conv2DLayer(1,8,5, stride=5, padding=0)","biases",0.079806379044174508,0.091690989120912766,0.18768887623676778,0.040088713499767274,25
139,4,"DenseLayer( 7202,128 )","all",0.077967315965172673,0.081344693917794406,0.1238632790564546,0.041001203596935661,25
139,4,"DenseLayer( 7202,128 )","weights",0.077497220712502465,0.080855223032503101,0.12313811015833169,0.040730915641895661,25
139,4,"DenseLayer( 7202,128 )","biases",0.0085357141188062945,0.0089102265371784339,0.013383487036333781,0.0047001284418778082,25
139,6,"DenseLayer( 128,64 )","all",0.12920318012292051,0.13768723047703454,0.21097763878681938,0.074968057429604482,25
139,6,"DenseLayer( 128,64 )","weights",0.12823166590188972,0.13661387523503957,0.20922271054171962,0.074182113861008758,25
139,6,"DenseLayer( 128,64 )","biases",0.015561740125699081,0.017158744992017198,0.030426026636971224,0.010826985632243529,25
139,8,"DenseLayer( 64,1 )","all",0.12051294823889785,0.13033347646605786,0.21047051715079615,0.065898610288649767,25
139,8,"DenseLayer( 64,1 )","weights",0.11817126929934266,0.12764736846573549,0.20572801071079463,0.063746722629415928,25
139,8,"DenseLayer( 64,1 )","biases",0.02159059975296259,0.026324217205858313,0.053332053124904633,0.016702760010957718,25
140,0,"Conv2DLayer(1,8,5, stride=5, padding=0)","all",0.5869080332784592,0.69613810040026725,1.409695047293392,0.087629359922241801,25
140,0,"Conv2DLayer(1,8,5, stride=5, padding=0)","weights",0.57596799804731613,0.68560922325167795,1.3952656333720093,0.071672862771858081,25
140,0,"Conv2DLayer(1,8,5, stride=5, padding=0)","biases",0.10581260962714123,0.12061611758435664,0.24718381259834624,0.050417313122261845,25
140,4,"DenseLayer( 7202,128 )","all",0.10643223279634452,0.11362405221035723,0.17571134012742551,0.06231494530460828,25
140,4,"DenseLayer( 7202,128 )","weights",0.10577932418999114,0.11291851869234294,0.17462742033272913,0.061925988171866932,25
140,4,"DenseLayer( 7202,128 )","biases",0.011747743773879117,0.012642522573797714,0.020485278835602458,0.0069515751635235721,25
140,6,"DenseLayer( 128,64 )","all",0.17817802271560995,0.19167611056106723,0.32814834584762276,0.102608711108283,25
140,6,"DenseLayer( 128,64 )","weights",0.17676793713997385,0.19013715679645404,0.32500844957650032,0.10145527372040362,25
140,6,"DenseLayer( 128,64 )","biases",0.022007275535301782,0.024240316936441086,0.045286251626851147,0.015341936957928569,25
140,8,"DenseLayer( 64,1 )","all",0.16294925047775399,0.17566685790004596,0.29364513026587491,0.10155243516149928,25
140,8,"DenseLayer( 64,1 )","weights",0.15940045323607177,0.17176815015415492,0.28461469057382549,0.09796630063716541,25
140,8,"DenseLayer( 64,1 )","biases",0.031152918701991439,0.036804178527643144,0.072262994945049286,0.02674885094165802,25
141,0,"Conv2DLayer(1,8,5, stride=5, padding=0)","all",0.92669788424532407,1.0766394411775237,2.2496998386525018,0.47082838842904573,25
141,0,"Conv2DLayer(1,8,5, stride=5, padding=0)","weights",0.91430212207214911,1.0639689796660317,2.2267250806506711,0.46767401992603019,25
141,0,"Conv2DLayer(1,8,5, stride=5, padding=0)","biases",0.14540706971394918,0.16468909073607238,0.33252336900055973,0.054409396586614769,25
141,4,"DenseLayer( 7202,128 )","all",0.15684264323374908,0.17105124175909486,0.30181030425437799,0.082754306327936247,25
141,4,"DenseLayer( 7202,128 )","weights",0.15579749158564954,0.16988866608486006,0.30002784633966312,0.082265890545463391,25
141,4,"DenseLayer( 7202,128 )","biases",0.018035441162902302,0.019909004074418958,0.035661202943687235,0.008977664984824529,25
141,6,"DenseLayer( 128,64 )","all",0.29003909019499907,0.31934964384641806,0.56737220707105607,0.14563727131780582,25
141,6,"DenseLayer( 128,64 )","weights",0.28746313542755708,0.31635794866119693,0.56132903790786137,0.14446148993986174,25
141,6,"DenseLayer( 128,64 )","biases",0.038028251439056561,0.04361012891191144,0.086603424067950588,0.018468695710618262,25
141,8,"DenseLayer( 64,1 )","all",0.26830805121784418,0.29424329877914418,0.51900224589562993,0.13320380703891047,25
141,8,"DenseLayer( 64,1 )","weights",0.26102854899406081,0.28564774018733158,0.49983519796083198,0.12952627217363957,25
141,8,"DenseLayer( 64,1 )","biases",0.059128918088972568,0.070600902276836491,0.14098779857158661,0.031083742156624794,25
142,0,"Conv2DLayer(1,8,5, stride=5, padding=0)","all",0.57658469283023961,0.67828447473035725,1.3305408101119633,0.40746152418684106,25
142,0,"Conv2DLayer(1,8,5, stride=5, padding=0)","weights",0.5652992816681669,0.6660659739285103,1.3067799840690524,0.40235828256683259,25
142,0,"Conv2DLayer(1,8,5, stride=5, padding=0)","biases",0.10816946402518469,0.12816375086155091,0.25032962391592123,0.064286127139006971,25
142,4,"DenseLayer( 7202,128 )","all",0.096160499990779108,0.10409808591006392,0.20544739081159943,0.068641950005227062,25
142,4,"DenseLayer( 7202,128 )","weights",0.095598645283863387,0.10349734487534482,0.20425858965313212,0.06821655298408652,25
142,4,"DenseLayer( 7202,128 )","biases",0.010366630784787584,0.011167412139479162,0.0220694119588054,0.0076301506858913303,25
142,6,"DenseLayer( 128,64 )","all",0.15258248594097759,0.16678495771286977,0.33005684380578282,0.12545981536296785,25
142,6,"DenseLayer( 128,64 )","weights",0.15160052295517873,0.1657406735697031,0.32729337908583933,0.12430433306993754,25
142,6,"DenseLayer( 128,64 )","biases",0.016986190540604556,0.018634678530763032,0.042621170204582524,0.016988173855597817,25
142,8,"DenseLayer( 64,1 )","all",0.13923903644989077,0.15492679220470254,0.30947677685725827,0.10602400926790531,25
142,8,"DenseLayer( 64,1 )","weights",0.13733756813898593,0.1530096006234804,0.30639961864987753,0.10269569146316505,25
142,8,"DenseLayer( 64,1 )","biases",0.020280314320698382,0.024297593705593683,0.064426414668560028,0.026356887072324753,25
143,0,"Conv2DLayer(1,8,5, stride=5, padding=0)","all",0.58065495658798916,0.71155197205537668,1.4618544282871861,0.29684870510787958,25
143,0,"Conv2DLayer(1,8,5, stride=5, padding=0)","weights",0.56784643986383843,0.70080686971669215,1.4477144381643776,0.29210810992071418,25
143,0,"Conv2DLayer(1,8,5, stride=5, padding=0)","biases",0.10928541914891751,0.12319066642317832,0.217195048384005,0.052839434542516051,25
143,4,"DenseLayer( 7202,128 )","all",0.11437105624527935,0.12410425246632341,0.21098715019841349,0.074626530339462066,25
143,4,"DenseLayer( 7202,128 )","weights",0.11362232709787924,0.12328259054187157,0.20935188769756302,0.074091206442200283,25
143,4,"DenseLayer( 7202,128 )","biases",0.013030734029649755,0.014257220960277496,0.026217640365121447,0.0089225645666429453,25
143,6,"DenseLayer( 128,64 )","all",0.20091761562473845,0.22140924355347064,0.42160426073818147,0.1403284704062514,25
143,6,"DenseLayer( 128,64 )","weights",0.19914301163831261,0.21937302243503545,0.41640118262215375,0.13881105125103388,25
143,6,"DenseLayer( 128,64 )","biases",0.026096471165356929,0.029958807697195181,0.066031869453016631,0.020580856569662527,25
143,8,"DenseLayer( 64,1 )","all",0.18734628229635766,0.21014111209654429,0.42557082959637343,0.13317906004228716,25
143,8,"DenseLayer( 64,1 )","weights",0.1827442965555458,0.20467923197235727,0.40907873567698688,0.12835456805938239,25
143,8,"DenseLayer( 64,1 )","biases",0.037666927492246031,0.047599359159324353,0.11732484400272369,0.035521358251571655,25
144,0,"Conv2DLayer(1,8,5, stride=5, padding=0)","all",0.40390617162383163,0.5248458073352148,1.1905163038741522,0.099535687611757032,25
144,0,"Conv2DLayer(1,8,5, stride=5, padding=0)","weights",0.39050969734990421,0.51348770735894467,1.1791919112967519,0.088854672505104676,25
144,0,"Conv2DLayer(1,8,5, stride=5, padding=0)","biases",0.090910030724667357,0.10859786309411551,0.25559382635583389,0.044857555465672425,25
144,4,"DenseLayer( 7202,128 )","all",0.081000991649345322,0.086157780812682952,0.13950196370443552,0.049062194741712153,25
144,4,"DenseLayer( 7202,128 )","weights",0.080514453204507577,0.085645171702176962,0.13872592087441293,0.048812463483747376,25
144,4,"DenseLayer( 7202,128 )","biases",0.0088450625601936058,0.0093844423740011233,0.014841232496421674,0.0049439216742902213,25
144,6,"DenseLayer( 128,64 )","all",0.13248870761409873,0.1443147125981841,0.25419773907464688,0.066185155416384894,25
144,6,"DenseLayer( 128,64 )","weights",0.13149533682793013,0.14326246769202627,0.25276810313342274,0.065722708773289021,25
144,6,"DenseLayer( 128,64 )","biases",0.015958804724487047,0.017395448343966356,0.036345246852953081,0.0078102720178275312,25
144,8,"DenseLayer( 64,1 )","all",0.1179684518955952,0.13220877302377534,0.22858059446164822,0.037673561445641317,25
144,8,"DenseLayer( 64,1 )","weights",0.11570350653933785,0.12981223644476231,0.22065398437970782,0.037314714567534317,25
144,8,"DenseLayer( 64,1 )","biases",0.021282009687274693,0.025058789549004125,0.062748439610004425,0.0051874183118343353,25
145,0,"Conv2DLayer(1,8,5, stride=5, padding=0)","all",0.45024377485461897,0.53660221178010226,1.1547467459022553,0.49783284891464535,25
145,0,"Conv2DLayer(1,8,5, stride=5, padding=0)","weights",0.43702936284020238,0.52302196177557614,1.1398913358917844,0.48653355806021364,25
145,0,"Conv2DLayer(1,8,5, stride=5, padding=0)","biases",0.096021753171072713,0.11995816432292335,0.28876564534738519,0.10546393857495007,25
145,4,"DenseLayer( 7202,128 )","all",0.10601909583575153,0.11515250319747737,0.18784392841040343,0.1038852887301349,25
145,4,"DenseLayer( 7202,128 )","weights",0.10531312872358693,0.11438270619369396,0.18668342521979372,0.10320027524323294,25
145,4,"DenseLayer( 7202,128 )","biases",0.012195505585105033,0.013292686577668236,0.02086685792127365,0.011910348620609671,25
145,6,"DenseLayer( 128,64 )","all",0.1765231752503969,0.19992171027263142,0.34497066744457516,0.19554691363652565,25
145,6,"DenseLayer( 128,64 )","weights",0.17484017162025028,0.19799941032142443,0.34273634495093142,0.19362494872806355,25
145,6,"DenseLayer( 128,64 )","biases",0.024083704178426896,0.027657254937939541,0.049868364427459295,0.027349125449008343,25
145,8,"DenseLayer( 64,1 )","all",0.16764233493200723,0.19761598631638744,0.37730518130660878,0.21376773342796995,25
145,8,"DenseLayer( 64,1 )","weights",0.16314911099506108,0.19242844902513548,0.37199542203344299,0.20848271239795477,25
145,8,"DenseLayer( 64,1 )","biases",0.036845572383608666,0.044981885838406774,0.08523993194103241,0.047239840030670166,25
146,0,"Conv2DLayer(1,8,5, stride=5, padding=0)","all",0.50471251687569751,0.57651861335029064,1.0443666419237256,0.19464263699824225,25
146,0,"Conv2DLayer(1,8,5, stride=5, padding=0)","weights",0.49299473071482802,0.56341292983907476,1.013598944409396,0.18011952722154512,25
146,0,"Conv2DLayer(1,8,5, stride=5, padding=0)","biases",0.10336790683404543,0.12222758293237959,0.2822112102297662,0.073774738570303158,25
146,4,"DenseLayer( 7202,128 )","all",0.10320387258114631,0.11727009717175485,0.26895331046589788,0.076205723194558872,25
146,4,"DenseLayer( 7202,128 )","weights",0.10254281027533325,0.11650889176129547,0.26729637555915092,0.075813516619313334,25
146,4,"DenseLayer( 7202,128 )","biases",0.011640367181250942,0.013339933704016694,0.029808234156135722,0.0077215895655512673,25
146,6,"DenseLayer( 128,64 )","all",0.17366633723871028,0.20200289667252794,0.4599439992136416,0.068717373706724483,25
146,6,"DenseLayer( 128,64 )","weights",0.1721099761010508,0.20006963824682081,0.4548959670124032,0.068145831995742562,25
146,6,"DenseLayer( 128,64 )","biases",0.022971871981240493,0.02788028184718119,0.067956909939232271,0.0088443784834015896,25
146,8,"DenseLayer( 64,1 )","all",0.16735433888313445,0.19920380167860724,0.47231958670193858,0.04034129420107245,25
146,8,"DenseLayer( 64,1 )","weights",0.16338758299895897,0.19390637528297119,0.45707248139549261,0.040338013221572898,25
146,8,"DenseLayer( 64,1 )","biases",0.034557424697559326,0.045634112545654117,0.11904007196426392,0.00051449699094519019,25
147,0,"Conv2DLayer(1,8,5, stride=5, padding=0)","all",0.51114935391495087,0.58596491837819686,1.1303463402089899,0.9080796729806675,25
147,0,"Conv2DLayer(1,8,5, stride=5, padding=0)","weights",0.49653363494895242,0.57075813260633779,1.0926942590584854,0.89645359817611936,25
147,0,"Conv2DLayer(1,8,5, stride=5, padding=0)","biases",0.11340049354725937,0.13262744675855401,0.28931316085599246,0.14484349760263585,25
147,4,"DenseLayer( 7202,128 )","all",0.1058449479469448,0.11838282737753648,0.23838841107906336,0.19467664082557617,25
147,4,"DenseLayer( 7202,128 )","weights",0.10514898552662252,0.11758447159518681,0.23649422319013172,0.19321703783981428,25
147,4,"DenseLayer( 7202,128 )","biases",0.012094414703714222,0.013725372766533853,0.029991947827653066,0.023794343267637418,25
147,6,"DenseLayer( 128,64 )","all",0.18022403586196897,0.20943425431101648,0.5059174238050248,0.37406567331538454,25
147,6,"DenseLayer( 128,64 )","weights",0.17857086787437942,0.20732741561538431,0.49983985138962977,0.37010669529055812,25
147,6,"DenseLayer( 128,64 )","biases",0.023947741115115596,0.029631901948022517,0.078182879662403823,0.054278559800292579,25
147,8,"DenseLayer( 64,1 )","all",0.169141397272,0.20008669053669809,0.4930441112882803,0.37706923331739495,25
147,8,"DenseLayer( 64,1 )","weights",0.16490966085361553,0.19420582540376749,0.47431344705683209,0.36538908932057546,25
147,8,"DenseLayer( 64,1 )","biases",0.034853477729484439,0.048153723731086125,0.13460776209831238,0.093123681843280792,25
148,0,"Conv2DLayer(1,8,5, stride=5, padding=0)","all",0.81370709719257528,0.93834179433732279,2.1137748668591745,0.36258866885140406,25
148,0,"Conv2DLayer(1,8,5, stride=5, padding=0)","weights",0.79741224652666576,0.92296806147771204,2.0886206611543048,0.34402712390737245,25
148,0,"Conv2DLayer(1,8,5, stride=5, padding=0)","biases",0.15547830863484577,0.16916051694252066,0.32512754661036497,0.11452458598682884,25
148,4,"DenseLayer( 7202,128 )","all",0.15833325302337159,0.17290089814192128,0.31983271858883566,0.13320784107522154,25
148,4,"DenseLayer( 7202,128 )","weights",0.1572184521144887,0.17166174098764139,0.31762432307482935,0.13217473349054279,25
148,4,"DenseLayer( 7202,128 )","biases",0.018727035103006048,0.020663186089636847,0.037520091566809695,0.016558041871714849,25
148,6,"DenseLayer( 128,64 )","all",0.29294796631668851,0.33048476743846489,0.66316539673384123,0.19173666043005377,25
148,6,"DenseLayer( 128,64 )","weights",0.29027696441164397,0.3273238644664731,0.65718648598473539,0.18936499280710101,25
148,6,"DenseLayer( 128,64 )","biases",0.038818445015570163,0.045599005028510664,0.088849682409045574,0.030064039183654943,25
148,8,"DenseLayer( 64,1 )","all",0.29726430872041781,0.33916808601325776,0.70267035750358997,0.18246597042585924,25
148,8,"DenseLayer( 64,1 )","weights",0.29000116824443434,0.33038065596506783,0.68538792102322676,0.17524673365058316,25
148,8,"DenseLayer( 64,1 )","biases",0.061580958911217752,0.076704711289386177,0.15488392114639282,0.050817444920539856,25
149,0,"Conv2DLayer(1,8,5, stride=5, padding=0)","all",0.38991387629871421,0.52329249332966332,1.3207532662642523,0.11604521100706491,25
149,0,"Conv2DLayer(1,8,5, stride=5, padding=0)","weights",0.37332081498302322,0.51251454714058331,1.3020427344459515,0.10358227223180365,25
149,0,"Conv2DLayer(1,8,5, stride=5, padding=0)","biases",0.093622670877176226,0.10565922839231076,0.22152631451861379,0.052318293903478343,25
149,4,"DenseLayer( 7202,128 )","all",0.084744530847471897,0.089635251537817845,0.14018680302368183,0.044169205549423073,25
149,4,"DenseLayer( 7202,128 )","weights",0.084161177445072163,0.089023118019810374,0.13925572847656764,0.043884708535925458,25
149,4,"DenseLayer( 7202,128 )","biases",0.0099137254740566394,0.01045766590969468,0.016130152772402335,0.0050051049523518578,25
149,6,"DenseLayer( 128,64 )","all",0.14372119414463083,0.15528506798755773,0.26529545147024042,0.066588882143626599,25
149,6,"DenseLayer( 128,64 )","weights",0.14233850502265324,0.15384323438708405,0.26242482364135389,0.066044106420631479,25
149,6,"DenseLayer( 128,64 )","biases",0.019588170893894398,0.021111882275655778,0.038921568668322998,0.0085003077731395059,25
149,8,"DenseLayer( 64,1 )","all",0.1347289377878885,0.15065802739409592,0.28285541620957594,0.047992918838121873,25
149,8,"DenseLayer( 64,1 )","weights",0.13094814065191238,0.1467664866109048,0.27645819859956638,0.046650823872724768,25
149,8,"DenseLayer( 64,1 )","biases",0.029632161846384408,0.0340211643858827,0.070310607552528381,0.011270354501903057,25
150,0,"Conv2DLayer(1,8,5, stride=5, padding=0)","all",0.5093897737322739,0.70416878850262199,2.183196151735983,1.4897141593025562,25
150,0,"Conv2DLayer(1,8,5, stride=5, padding=0)","weights",0.4967670996503199,0.69259461964208469,2.1552768787351289,1.4753151219698535,25
150,0,"Conv2DLayer(1,8,5, stride=5, padding=0)","biases",0.10247359820924515,0.12714706266401313,0.34803306300489018,0.20662421763578181,25
150,4,"DenseLayer( 7202,128 )","all",0.10874380100682655,0.1238495675610415,0.26331966930267264,0.16210866628889925,25
150,4,"DenseLayer( 7202,128 )","weights",0.10798449792852245,0.12298140428811195,0.26150268741101218,0.16118197377122875,25
150,4,"DenseLayer( 7202,128 )","biases",0.012809831412935161,0.014638633282548724,0.030880296606207471,0.017308697731967856,25
150,6,"DenseLayer( 128,64 )","all",0.19473083326332852,0.2289766321431308,0.49985357085822968,0.27903360468926447,25
150,6,"DenseLayer( 128,64 )","weights",0.19284099963497595,0.22676898777191998,0.49595849890596139,0.27809809762968368,25
150,6,"DenseLayer( 128,64 )","biases",0.026732438130772081,0.031719461731079847,0.068144819098476916,0.022829819110882645,25
150,8,"DenseLayer( 64,1 )","all",0.18816119490618266,0.2305741642093336,0.54779077754964456,0.2698665430057427,25
150,8,"DenseLayer( 64,1 )","weights",0.18321944062940018,0.22478500625543738,0.53886923787260999,0.26938726683028791,25
150,8,"DenseLayer( 64,1 )","biases",0.041211374346166847,0.05134341402337516,0.11758248507976532,0.016076426953077316,25
151,0,"Conv2DLayer(1,8,5, stride=5, padding=0)","all",0.73321473231286438,0.8785155611622586,2.0276340715404757,0.5665471459454684,25
151,0,"Conv2DLayer(1,8,5, stride=5, padding=0)","weights",0.72054096256629818,0.86579593739179161,1.9988202502663315,0.55312470966742,25
151,0,"Conv2DLayer(1,8,5, stride=5, padding=0)","biases",0.13072744878734266,0.14895296573115577,0.34061346890140237,0.12259169684072466,25
151,4,"DenseLayer( 7202,128 )","all",0.13561841572814951,0.14686886807998623,0.29294599994038517,0.1609648691204304,25
151,4,"DenseLayer( 7202,128 )","weights",0.13467167769394045,0.14583533978072422,0.29119124075271163,0.15963531009013471,25
151,4,"DenseLayer( 7202,128 )","biases",0.015934687238163218,0.017393046948051123,0.032015936499944712,0.020645989038644477,25
151,6,"DenseLayer( 128,64 )","all",0.24785394115475726,0.27563300855405554,0.54958541139778061,0.3393568884581597,25
151,6,"DenseLayer( 128,64 )","weights",0.24547542267036029,0.27295275266438401,0.54562866252905662,0.33548942068975712,25
151,6,"DenseLayer( 128,64 )","biases",0.033678433873921824,0.038345145944378232,0.077781383223359701,0.051087634015043459,25
151,8,"DenseLayer( 64,1 )","all",0.242935918585063,0.27594433148466641,0.5997846716862868,0.35371721029148118,25
151,8,"DenseLayer( 64,1 )","weights",0.23641256487910522,0.26849085732345174,0.59004493582683015,0.34201471389726618,25
151,8,"DenseLayer( 64,1 )","biases",0.052500504106283187,0.063701912155266965,0.13824138045310974,0.090231925249099731,25
152,0,"Conv2DLayer(1,8,5, stride=5, padding=0)","all",0.43984634157103808,0.49371836507598382,0.9597896430166587,0.49701677090076851,25
152,0,"Conv2DLayer(1,8,5, stride=5, padding=0)","weights",0.42967810042576421,0.48397065922564292,0.94363187523270331,0.48973176088743692,25
152,0,"Conv2DLayer(1,8,5, stride=5, padding=0)","biases",0.085449006093361049,0.097622871408287598,0.19473527486653289,0.084784862650813503,25
152,4,"DenseLayer( 7202,128 )","all",0.082652035839913762,0.087081507263144134,0.14680306992484532,0.074028584558693822,25
152,4,"DenseLayer( 7202,128 )","weights",0.08204376994957753,0.086428835030206277,0.14556194430871605,0.073495719435364093,25
152,4,"DenseLayer( 7202,128 )","biases",0.0099914110940588011,0.010641681377602583,0.019048929324906285,0.0088662594391280339,25
152,6,"DenseLayer( 128,64 )","all",0.14861921618769325,0.16187783559473573,0.32035012948524222,0.14921407629310104,25
152,6,"DenseLayer( 128,64 )","weights",0.14725799423783895,0.16028013791473614,0.31591985972471931,0.14779482156702001,25
152,6,"DenseLayer( 128,64 )","biases",0.019666363671222278,0.022687244144440694,0.053092821480169215,0.020531226996361042,25
152,8,"DenseLayer( 64,1 )","all",0.14284583472568901,0.15744589597326139,0.3077337145923319,0.16807765980776346,25
152,8,"DenseLayer( 64,1 )","weights",0.13931463927196774,0.15311387840628682,0.29315537994215823,0.16434382410615819,25
152,8,"DenseLayer( 64,1 )","biases",0.028663743597571737,0.036679018501152252,0.093594670295715332,0.035230770707130432,25
153,0,"Conv2DLayer(1,8,5, stride=5, padding=0)","all",0.75709929409519139,0.90954932977914782,2.1523692036569759,1.2561219868574824,25
153,0,"Conv2DLayer(1,8,5, stride=5, padding=0)","weights",0.74310128615754778,0.8964566648162241,2.1284880501619519,1.2337227145694465,25
153,0,"Conv2DLayer(1,8,5, stride=5, padding=0)","biases",0.13713323097811844,0.15377071050193222,0.32196142275062467,0.23615822963044392,25
153,4,"DenseLayer( 7202,128 )","all",0.13929914656905018,0.14920205167425032,0.24600232678141817,0.24475172678647883,25
153,4,"DenseLayer( 7202,128 )","weights",0.13821553979993456,0.1480424967521787,0.24421965870127979,0.24293228342773782,25
153,4,"DenseLayer( 7202,128 )","biases",0.017307414513305908,0.018565327338531428,0.029787806793190454,0.029787806793190454,25
153,6,"DenseLayer( 128,64 )","all",0.27325839860415857,0.29628246290201238,0.53643631488099464,0.53643631488099464,25
153,6,"DenseLayer( 128,64 )","weights",0.27052653668996846,0.29328316358979589,0.53074251771235559,0.53074251771235559,25
153,6,"DenseLayer( 128,64 )","biases",0.038002378477667749,0.042050966434118486,0.077950624214637304,0.077950624214637304,25
153,8,"DenseLayer( 64,1 )","all",0.27643697438527948,0.30279450859502477,0.54705656191745156,0.54705656191745156,25
153,8,"DenseLayer( 64,1 )","weights",0.26892251022113395,0.29455203691832066,0.53150241649825192,0.53150241649825192,25
153,8,"DenseLayer( 64,1 )","biases",0.061238961666822432,0.070168454326504925,0.12952244281768799,0.12952244281768799,25
154,0,"Conv2DLayer(1,8,5, stride=5, padding=0)","all",0.8625967888117605,0.98285227690511634,1.7730156998278668,0.65709919617655721,25
154,0,"Conv2DLayer(1,8,5, stride=5, padding=0)","weights",0.84968804276589971,0.97034447909438271,1.7559155701012827,0.634447886775932,25
154,0,"Conv2DLayer(1,8,5, stride=5, padding=0)","biases",0.14240163884295626,0.15630159982745709,0.24565256463547816,0.17104161067246676,25
154,4,"DenseLayer( 7202,128 )","all",0.12151631053513159,0.12856710666859933,0.19938304871207133,0.10227682943080618,25
154,4,"DenseLayer( 7202,128 )","weights",0.12068417332985446,0.1276852177901123,0.19805394134428386,0.10162300484219136,25
154,4,"DenseLayer( 7202,128 )","biases",0.014169775905277531,0.015032833233512146,0.022983394695196231,0.011546199602560769,25
154,6,"DenseLayer( 128,64 )","all",0.21976338697912684,0.23715035400816206,0.40469244303852409,0.18283787633272777,25
154,6,"DenseLayer( 128,64 )","weights",0.21813161071293877,0.23533525446759207,0.40158133826650338,0.18141199519498435,25
154,6,"DenseLayer( 128,64 )","biases",0.026145673716863542,0.029284951952671383,0.057006537980727336,0.022789844695320454,25
154,8,"DenseLayer( 64,1 )","all",0.22488151298448922,0.24588183881639161,0.45434386889241846,0.17564290651298856,25
154,8,"DenseLayer( 64,1 )","weights",0.22102735299690637,0.24156573072314505,0.44679721026712771,0.17253401807860436,25
154,8,"DenseLayer( 64,1 )","biases",0.038361594660673293,0.045868032440066146,0.097333520650863647,0.032900504767894745,25
155,0,"Conv2DLayer(1,8,5, stride=5, padding=0)","all",0.63139551393675653,0.74110138610291332,1.3614940306876526,0.41343618533603227,25
155,0,"Conv2DLayer(1,8,5, stride=5, padding=0)","weights",0.61850349872673749,0.72904215559886232,1.3422658024830845,0.39791029743475059,25
155,0,"Conv2DLayer(1,8,5, stride=5, padding=0)","biases",0.11871684118753369,0.13314953940372265,0.29289217071797069,0.1122357988370839,25
155,4,"DenseLayer( 7202,128 )","all",0.10975571808580875,0.11717372600514349,0.18198346211537353,0.14500675215870321,25
155,4,"DenseLayer( 7202,128 )","weights",0.10898065848629877,0.11633374933505031,0.18049515524872231,0.14386568290950641,25
155,4,"DenseLayer( 7202,128 )","biases",0.012994835462145801,0.014005028796047508,0.023226696175677262,0.018155535040227513,25
155,6,"DenseLayer( 128,64 )","all",0.18858752160455536,0.20564362935571578,0.34752826011064186,0.2492823892450568,25
155,6,"DenseLayer( 128,64 )","weights",0.18686497812240352,0.20368398576646257,0.34285470801410595,0.24612156159539811,25
155,6,"DenseLayer( 128,64 )","biases",0.024938102281298738,0.02832200976058152,0.056802647544741312,0.039571283850371342,25
155,8,"DenseLayer( 64,1 )","all",0.17330426421046902,0.18986615413661631,0.32939824719864597,0.23850942506425965,25
155,8,"DenseLayer( 64,1 )","weights",0.16877690420941577,0.18458025387184898,0.31454087903600664,0.22920640775383586,25
155,8,"DenseLayer( 64,1 )","biases",0.036671184320002798,0.04448917134801593,0.097812272608280182,0.065963387489318848,25
156,0,"Conv2DLayer(1,8,5, stride=5, padding=0)","all",0.4667873751614417,0.56652650832072071,1.2148538364997461,0.21329601661178527,25
156,0,"Conv2DLayer(1,8,5, stride=5, padding=0)","weights",0.45310986253505892,0.55496339254050353,1.1987427015027874,0.20305928290326627,25
156,0,"Conv2DLayer(1,8,5, stride=5, padding=0)","biases",0.10390667595959413,0.11387676483814652,0.19719477592459436,0.065284901235019496,25
156,4,"DenseLayer( 7202,128 )","all",0.10632433713569855,0.11595811561743141,0.23529564111991613,0.091271329566818299,25
156,4,"DenseLayer( 7202,128 )","weights",0.10549227655601397,0.11503195815480496,0.23319754353422961,0.090492810128260992,25
156,4,"DenseLayer( 7202,128 )","biases",0.013251252740980282,0.014626454820522701,0.031351944431461616,0.011895667950361781,25
156,6,"DenseLayer( 128,64 )","all",0.20645974522876531,0.22854942416950869,0.45966494862994872,0.17974548025558776,25
156,6,"DenseLayer( 128,64 )","weights",0.20426803090420106,0.22600199779116339,0.45360205345082394,0.17701697485770115,25
156,6,"DenseLayer( 128,64 )","biases",0.029659923592050309,0.034028462830650842,0.074411303604823578,0.031199812251676898,25
156,8,"DenseLayer( 64,1 )","all",0.20232553398089351,0.22719106074945988,0.43531372470808699,0.17487683962474626,25
156,8,"DenseLayer( 64,1 )","weights",0.19625522625526054,0.21980341165906275,0.41555415304235044,0.16665902354164694,25
156,8,"DenseLayer( 64,1 )","biases",0.047101551096420738,0.057465105129124887,0.12966412305831909,0.052978098392486572,25
157,0,"Conv2DLayer(1,8,5, stride=5, padding=0)","all",0.4545828359475424,0.52210979212283415,1.0778293437274451,0.43780084527182611,25
157,0,"Conv2DLayer(1,8,5, stride=5, padding=0)","weights",0.44359753179342531,0.51201166129584497,1.0692792721821593,0.431367730165369,25
157,0,"Conv2DLayer(1,8,5, stride=5, padding=0)","biases",0.091736809933677943,0.10218949910640544,0.19304347007534428,0.07477607567065013,25
157,4,"DenseLayer( 7202,128 )","all",0.089453020384227339,0.094930820875894717,0.15882143888876596,0.059621222998922051,25
157,4,"DenseLayer( 7202,128 )","weights",0.08877324147030205,0.094196957068369933,0.15750220358289069,0.059155978870718544,25
157,4,"DenseLayer( 7202,128 )","biases",0.010981687960935073,0.011781087862794425,0.020428052213357771,0.0074337336335311708,25
157,6,"DenseLayer( 128,64 )","all",0.16100496832612321,0.17631352112264012,0.32855435539096672,0.11116637918867334,25
157,6,"DenseLayer( 128,64 )","weights",0.15943165178512297,0.17447323626327477,0.32441277946502678,0.1100946513592078,25
157,6,"DenseLayer( 128,64 )","biases",0.021872796333889322,0.025407627958610401,0.052003009202829416,0.015399078024816576,25
157,8,"DenseLayer( 64,1 )","all",0.15230374698750865,0.1701141725045375,0.31720256274195696,0.10235100604692221,25
157,8,"DenseLayer( 64,1 )","weights",0.14821457669271756,0.16505017589891527,0.30522018212294477,0.099523829351228763,25
157,8,"DenseLayer( 64,1 )","biases",0.032158035319880582,0.041197950466505893,0.086360327899456024,0.023890078067779541,25
158,0,"Conv2DLayer(1,8,5, stride=5, padding=0)","all",0.45565799062127305,0.54184454349012201,1.4687168929271459,0.58037888888854217,25
158,0,"Conv2DLayer(1,8,5, stride=5, padding=0)","weights",0.44402658316989163,0.53223418436772807,1.4554145716370603,0.56160829431946246,25
158,0,"Conv2DLayer(1,8,5, stride=5, padding=0)","biases",0.094349412970848173,0.10159863335910579,0.19722509028032323,0.14640962543180924,25
158,4,"DenseLayer( 7202,128 )","all",0.091970412336760163,0.09605634936688498,0.16132828822245554,0.098756683276552557,25
158,4,"DenseLayer( 7202,128 )","weights",0.091286922193170583,0.09534090723481739,0.1599928586442895,0.098068858472472334,25
158,4,"DenseLayer( 7202,128 )","biases",0.011164920841506925,0.011701865720260546,0.02071477162838355,0.011635355159663439,25
158,6,"DenseLayer( 128,64 )","all",0.16632467483819621,0.17644409922044166,0.32012938500265553,0.16246332234249161,25
158,6,"DenseLayer( 128,64 )","weights",0.164685422412227,0.17467062867936939,0.31598061074128986,0.16085127858587639,25
158,6,"DenseLayer( 128,64 )","biases",0.022778130422596674,0.024953789821726899,0.051371945434643018,0.022829745593175597,25
158,8,"DenseLayer( 64,1 )","all",0.16217009319243844,0.17413424035778291,0.31298348982098706,0.14642622278028272,25
158,8,"DenseLayer( 64,1 )","weights",0.1577925949430023,0.16929722622700466,0.30006534217776265,0.1428585662887718,25
158,8,"DenseLayer( 64,1 )","biases",0.034824139038100839,0.040757611029408031,0.088991321623325348,0.032125826925039291,25
159,0,"Conv2DLayer(1,8,5, stride=5, padding=0)","all",0.52748531527812903,0.72675973870080501,2.0784578733887691,0.3264407945649675,25
159,0,"Conv2DLayer(1,8,5, stride=5, padding=0)","weights",0.50906802364627879,0.71068424974338684,2.0526649240565416,0.32466491023341493,25
159,0,"Conv2DLayer(1,8,5, stride=5, padding=0)","biases",0.12476911066151358,0.15201189086101724,0.33135390808500137,0.034004241196296574,25
159,4,"DenseLayer( 7202,128 )","all",0.10091681466023979,0.11423108678527234,0.22137466157846916,0.048127749296316198,25
159,4,"DenseLayer( 7202,128 )","weights",0.1001969328798465,0.11340961643208584,0.22000944614128498,0.047816957160619643,25
159,4,"DenseLayer( 7202,128 )","biases",0.012002577319049362,0.013674797580643982,0.024547594537688917,0.0054606648156181733,25
159,6,"DenseLayer( 128,64 )","all",0.17205930404934799,0.20724122723653332,0.41437890706843389,0.077154655380925544,25
159,6,"DenseLayer( 128,64 )","weights",0.17056136986560658,0.20541151842794855,0.41154526924159079,0.07691000615393985,25
159,6,"DenseLayer( 128,64 )","biases",0.022175181326945102,0.027477888631206558,0.060369279528166522,0.0061393648165193413,25
159,8,"DenseLayer( 64,1 )","all",0.16200393512152134,0.20413347220270964,0.44310542271350811,0.082754790250519114,25
159,8,"DenseLayer( 64,1 )","weights",0.15847570404355016,0.19964656522703519,0.43679560955767227,0.082711154131359904,25
159,8,"DenseLayer( 64,1 )","biases",0.030783715276047587,0.042564345015301409,0.10195208340883255,0.0026870600413531065,25
160,0,"Conv2DLayer(1,8,5, stride=5, padding=0)","all",0.29828878774076567,0.337870629903605,0.69184363965708151,0.40140505824711176,25
160,0,"Conv2DLayer(1,8,5, stride=5, padding=0)","weights",0.28634954488425196,0.32703480165323623,0.67503199072304354,0.39200748615638764,25
160,0,"Conv2DLayer(1,8,5, stride=5, padding=0)","biases",0.075813866371400751,0.084881099539810698,0.18309775136124185,0.086349010322740588,25
160,4,"DenseLayer( 7202,128 )","all",0.068017361725892483,0.070717385833440255,0.10472002109067609,0.044261790595870425,25
160,4,"DenseLayer( 7202,128 )","weights",0.067524807110339327,0.070201299481767954,0.10393390628813808,0.043936580185531524,25
160,4,"DenseLayer( 7202,128 )","biases",0.0081522848171476144,0.0085279663570385876,0.013063660716694552,0.0053556538679270689,25
160,6,"DenseLayer( 128,64 )","all",0.11501898414110913,0.12352340473866599,0.22688324599548354,0.069850007263902114,25
160,6,"DenseLayer( 128,64 )","weights",0.11388992302340607,0.12221636726987155,0.22402293486064989,0.06945443114877968,25
160,6,"DenseLayer( 128,64 )","biases",0.015825801420919092,0.017921804864135908,0.035912838510317131,0.0074233084650040457,25
160,8,"DenseLayer( 64,1 )","all",0.10859989389814019,0.11846095936827078,0.2251553531413451,0.061265712048883841,25
160,8,"DenseLayer( 64,1 )","weights",0.10558775783723807,0.11475057219221776,0.21648637486796452,0.061114700729048371,25
160,8,"DenseLayer( 64,1 )","biases",0.023256163065088913,0.029416068330246285,0.061875540763139725,0.0042989333160221577,25
161,0,"Conv2DLayer(1,8,5, stride=5, padding=0)","all",0.53981900416665818,0.72242096256999944,2.086140938274633,0.44197876624607862,25
161,0,"Conv2DLayer(1,8,5, stride=5, padding=0)","weights",0.52396501113890759,0.70877578969150334,2.0531830951769381,0.43495834745217893,25
161,0,"Conv2DLayer(1,8,5, stride=5, padding=0)","biases",0.11566248588059749,0.13974593771466276,0.36935510288205731,0.078463149274518515,25
161,4,"DenseLayer( 7202,128 )","all",0.091723312338961999,0.1014944470873945,0.22538383972699738,0.10023078583316768,25
161,4,"DenseLayer( 7202,128 )","weights",0.091043768969497965,0.10074827287563434,0.22389291627081206,0.099452055141467169,25
161,4,"DenseLayer( 7202,128 )","biases",0.011119867257931558,0.01228447402832703,0.025881214303737229,0.012469930106977419,25
161,6,"DenseLayer( 128,64 )","all",0.16401871076541349,0.18331973103757943,0.35539763533045254,0.22609994193079186,25
161,6,"DenseLayer( 128,64 )","weights",0.16252899753334943,0.1817559651329359,0.35412923772829968,0.22345986889805389,25
161,6,"DenseLayer( 128,64 )","biases",0.021492072659228291,0.023893365737908508,0.050459771247806123,0.034450990307566168,25
161,8,"DenseLayer( 64,1 )","all",0.15168742459927617,0.1749864850999571,0.36313740477972339,0.22981348531180512,25
161,8,"DenseLayer( 64,1 )","weights",0.14809778695254761,0.17128031846258324,0.35251560053175984,0.22138555610148083,25
161,8,"DenseLayer( 64,1 )","biases",0.028496858812868595,0.035823490547315151,0.087186731398105621,0.061665821820497513,25
162,0,"Conv2DLayer(1,8,5, stride=5, padding=0)","all",0.40172088606565509,0.46301749382426971,1.0277162671107747,0.15317401676671469,25
162,0,"Conv2DLayer(1,8,5, stride=5, padding=0)","weights",0.38516469670098069,0.44731675130481258,0.96706068748871321,0.1373719146072544,25
162,0,"Conv2DLayer(1,8,5, stride=5, padding=0)","biases",0.098848204950868046,0.11955301581062745,0.34784242466663384,0.067758663575863132,25
162,4,"DenseLayer( 7202,128 )","all",0.091251211800638082,0.10195747717060206,0.25177617056042556,0.092936785607877478,25
162,4,"DenseLayer( 7202,128 )","weights",0.090558751986700062,0.10116296149961489,0.24967269801398026,0.092119702289571948,25
162,4,"DenseLayer( 7202,128 )","biases",0.011193023378742803,0.012703636157465994,0.03247743722174383,0.012296608036577297,25
162,6,"DenseLayer( 128,64 )","all",0.16894607513441298,0.19305595914438256,0.4658828352844524,0.15277578537075362,25
162,6,"DenseLayer( 128,64 )","weights",0.16715526089473132,0.1908376882141542,0.45964929275103394,0.15042093997372399,25
162,6,"DenseLayer( 128,64 )","biases",0.024260254190763567,0.029181845696165009,0.07595619715437657,0.026720430630360312,25
162,8,"DenseLayer( 64,1 )","all",0.15921234763322495,0.18615636585201772,0.46251128445315842,0.13717987053374631,25
162,8,"DenseLayer( 64,1 )","weights",0.15418417028691339,0.17966776262849662,0.44449441435779374,0.13027184283809334,25
162,8,"DenseLayer( 64,1 )","biases",0.038580662515014408,0.048720505121565137,0.12783350050449371,0.042983297258615494,25
163,0,"Conv2DLayer(1,8,5, stride=5, padding=0)","all",0.40344811966817379,0.47991514456641177,1.3635341996183237,0.91194012483704567,25
163,0,"Conv2DLayer(1,8,5, stride=5, padding=0)","weights",0.39212911883004598,0.46804218303041689,1.3271020441672534,0.90287417110211632,25
163,0,"Conv2DLayer(1,8,5, stride=5, padding=0)","biases",0.087748605844432628,0.1060898717518392,0.31309052667859516,0.12826933555792949,25
163,4,"DenseLayer( 7202,128 )","all",0.088718087981295796,0.096457078254430589,0.20988426927416529,0.1271433566796632,25
163,4,"DenseLayer( 7202,128 )","weights",0.08804488067681418,0.095732051583067412,0.20848860372623573,0.12636701073249498,25
163,4,"DenseLayer( 7202,128 )","biases",0.010886531813678045,0.011804331623529842,0.02416420089791876,0.014028960984533137,25
163,6,"DenseLayer( 128,64 )","all",0.15242283481201735,0.1686268830007977,0.33104560032750174,0.18894290791773299,25
163,6,"DenseLayer( 128,64 )","weights",0.15080771117243313,0.16682907611458483,0.32840100373992653,0.18813912346388251,25
163,6,"DenseLayer( 128,64 )","biases",0.021901971112126436,0.024557789666799851,0.047721206741643825,0.017409556991804787,25
163,8,"DenseLayer( 64,1 )","all",0.14455012134611617,0.16534804813458942,0.3475424491151663,0.16117443286402597,25
163,8,"DenseLayer( 64,1 )","weights",0.14014476348761587,0.16036671382649012,0.33733713928378778,0.16115570920497416,25
163,8,"DenseLayer( 64,1 )","biases",0.034179398668929932,0.040280195113866046,0.083602681756019592,0.002456664340570569,25
164,0,"Conv2DLayer(1,8,5, stride=5, padding=0)","all",0.76266872553488985,0.88208923131926176,1.6013519476957663,0.34068697155648686,25
164,0,"Conv2DLayer(1,8,5, stride=5, padding=0)","weights",0.74855543403756697,0.86940668997015425,1.575980168543891,0.33123924957844486,25
164,0,"Conv2DLayer(1,8,5, stride=5, padding=0)","biases",0.13157328662696915,0.14904167016155667,0.32652853246954372,0.079675417332067899,25
164,4,"DenseLayer( 7202,128 )","all",0.10450041757441303,0.11441531708414004,0.22381817630478409,0.082828862283944218,25
164,4,"DenseLayer( 7202,128 )","weights",0.10373184824434177,0.11356230998490187,0.22223463216359621,0.08213118288500118,25
164,4,"DenseLayer( 7202,128 )","biases",0.012630695808739798,0.013945125827950279,0.026577138888723623,0.010727964632822258,25
164,6,"DenseLayer( 128,64 )","all",0.1889341178967878,0.21434416152022842,0.47165755818221367,0.15557042785958103,25
164,6,"DenseLayer( 128,64 )","weights",0.18749927131350055,0.21258087132388259,0.4676482795764268,0.15358423368480692,25
164,6,"DenseLayer( 128,64 )","biases",0.02257081504415057,0.027437068447424232,0.061866301281310744,0.024779854476241998,25
164,8,"DenseLayer( 64,1 )","all",0.18287048076994311,0.21125564743087968,0.49044922681261682,0.14509493657812061,25
164,8,"DenseLayer( 64,1 )","weights",0.17966769769546972,0.20704760693612045,0.48088735123547488,0.13916437666031953,25
164,8,"DenseLayer( 64,1 )","biases",0.029320736033841967,0.041955178863471727,0.11097992211580276,0.041058700531721115,25
165,0,"Conv2DLayer(1,8,5, stride=5, padding=0)","all",0.52982301433123102,0.62442183198205148,1.2850894943190776,0.9432427628912452,25
165,0,"Conv2DLayer(1,8,5, stride=5, padding=0)","weights",0.51634283964470429,0.61071922032801551,1.2695739068212315,0.92999097889933191,25
165,0,"Conv2DLayer(1,8,5, stride=5, padding=0)","biases",0.11088788001765514,0.13009480457636349,0.29496341376109569,0.15755535190075964,25
165,4,"DenseLayer( 7202,128 )","all",0.099566152289611201,0.10997371914405946,0.25291793544649466,0.1654337635637976,25
165,4,"DenseLayer( 7202,128 )","weights",0.098787257844080906,0.10909720989534617,0.25063407403515869,0.164302734069845,25
165,4,"DenseLayer( 7202,128 )","biases",0.012410052736565362,0.013857044974569913,0.033912283955166551,0.019311698632079915,25
165,6,"DenseLayer( 128,64 )","all",0.1806254489822299,0.20239607015911565,0.48709100664613841,0.31047962009574703,25
165,6,"DenseLayer( 128,64 )","weights",0.17879515100979282,0.20022870788300548,0.4804825296583623,0.30767180607556238,25
165,6,"DenseLayer( 128,64 )","biases",0.025247093094327266,0.029540375003640883,0.079963663301836282,0.041661183864611123,25
165,8,"DenseLayer( 64,1 )","all",0.17489583767830888,0.20078391377429794,0.50988305636339037,0.32719032206884807,25
165,8,"DenseLayer( 64,1 )","weights",0.17028374303072069,0.19500891627322717,0.49046128762481045,0.31964905633327867,25
165,8,"DenseLayer( 64,1 )","biases",0.037235961868427696,0.047809022207802754,0.13938599824905396,0.069842591881752014,25
166,0,"Conv2DLayer(1,8,5, stride=5, padding=0)","all",0.61132216997370603,0.7286949660580907,1.6959632941106459,0.11407861358545932,25
166,0,"Conv2DLayer(1,8,5, stride=5, padding=0)","weights",0.59827571104963695,0.71347998988974826,1.6571808743565009,0.10389835895864294,25
166,0,"Conv2DLayer(1,8,5, stride=5, padding=0)","biases",0.12165467134380925,0.14813054237842568,0.36061481477839585,0.047106911205061226,25
166,4,"DenseLayer( 7202,128 )","all",0.10154613998921491,0.1073853168360891,0.19772985856449576,0.099149375146319316,25
166,4,"DenseLayer( 7202,128 )","weights",0.10075679643606783,0.10655998275135733,0.19664916467948984,0.09826578881732706,25
166,4,"DenseLayer( 7202,128 )","biases",0.012597618141729095,0.013288203340469566,0.021090494434392169,0.013207321454937065,25
166,6,"DenseLayer( 128,64 )","all",0.19215643732888593,0.20345857294152003,0.32082049021893461,0.21900165780465852,25
166,6,"DenseLayer( 128,64 )","weights",0.19027727319142859,0.20146266081995134,0.31974227694970581,0.21645507266452374,25
166,6,"DenseLayer( 128,64 )","biases",0.026181203820731219,0.028428633430840067,0.052207889086961425,0.033300565145121766,25
166,8,"DenseLayer( 64,1 )","all",0.18723207214705778,0.20001700272166489,0.31787457778895761,0.22330928390310931,25
166,8,"DenseLayer( 64,1 )","weights",0.18223444710149697,0.19463936305912863,0.31706106351001789,0.21600782233472113,25
166,8,"DenseLayer( 64,1 )","biases",0.039676820514723661,0.046068641457017404,0.090079449117183685,0.056636180728673935,25
167,0,"Conv2DLayer(1,8,5, stride=5, padding=0)","all",0.48211016628320108,0.56481059478415907,1.1589329960996173,0.25760656617700195,25
167,0,"Conv2DLayer(1,8,5, stride=5, padding=0)","weights",0.46668802836340156,0.55013942823966089,1.1389425274718483,0.25274697337749413,25
167,0,"Conv2DLayer(1,8,5, stride=5, padding=0)","biases",0.11080541111548499,0.12789690174736298,0.23588479975460272,0.049800706681957421,25
167,4,"DenseLayer( 7202,128 )","all",0.0893296632154153,0.093936903893375806,0.15207988047360707,0.078266009828711222,25
167,4,"DenseLayer( 7202,128 )","weights",0.088646031088130225,0.093218833087523684,0.1508870971412673,0.077610313302799674,25
167,4,"DenseLayer( 7202,128 )","biases",0.011017211511325994,0.011592716285397609,0.019009838535568469,0.01010977564287145,25
167,6,"DenseLayer( 128,64 )","all",0.15804936552419629,0.16950152575220598,0.29904675118188295,0.12873483252195198,25
167,6,"DenseLayer( 128,64 )","weights",0.15646405409108216,0.16779688425508471,0.29620319989433136,0.1271637985388685,25
167,6,"DenseLayer( 128,64 )","biases",0.022007533772411225,0.023978591839627444,0.044957659880487555,0.020050572201837358,25
167,8,"DenseLayer( 64,1 )","all",0.1529023934128248,0.16530524473158434,0.28181438715346163,0.1301894378284783,25
167,8,"DenseLayer( 64,1 )","weights",0.14873154463253996,0.16076320872083236,0.27357554642322957,0.12587618413601798,25
167,8,"DenseLayer( 64,1 )","biases",0.033750769626349209,0.038483953247439251,0.074632883071899414,0.033233657479286194,25
168,0,"Conv2DLayer(1,8,5, stride=5, padding=0)","all",0.47840939822941098,0.60420709338922463,1.623591817747696,0.18130003243716272,25
168,0,"Conv2DLayer(1,8,5, stride=5, padding=0)","weights",0.46542555595297103,0.59209320868471871,1.5997642830673047,0.15074699582002044,25
168,0,"Conv2DLayer(1,8,5, stride=5, padding=0)","biases",0.1046195341487875,0.12038207479226046,0.27713648132178442,0.10072261420830474,25
168,4,"DenseLayer( 7202,128 )","all",0.081240005603067211,0.088986381681140106,0.16548749852767999,0.093505398920381996,25
168,4,"DenseLayer( 7202,128 )","weights",0.08065146155630902,0.088347444235919545,0.16455051137747409,0.092926553981101043,25
168,4,"DenseLayer( 7202,128 )","biases",0.0097300602825608658,0.010644492551673553,0.019532421450034494,0.010388223739277475,25
168,6,"DenseLayer( 128,64 )","all",0.14178978669384273,0.16305255948970487,0.31073171401983518,0.17006881515189018,25
168,6,"DenseLayer( 128,64 )","weights",0.14059460260446438,0.16163484582132684,0.30863511006638134,0.16821473513158741,25
168,6,"DenseLayer( 128,64 )","biases",0.017945707202858315,0.021454924200743426,0.049635996926325074,0.02504405661584562,25
168,8,"DenseLayer( 64,1 )","all",0.13664369350764194,0.16202524979568708,0.33434307358749615,0.17062193444597332,25
168,8,"DenseLayer( 64,1 )","weights",0.13392316903545362,0.15839848465671216,0.32904173390780617,0.16453778111964104,25
168,8,"DenseLayer( 64,1 )","biases",0.024504570495337247,0.034089611758013845,0.086513333022594452,0.045157093554735184,25
169,0,"Conv2DLayer(1,8,5, stride=5, padding=0)","all",0.41026577334975961,0.49764836217245501,0.95305813600108147,0.22536789509120428,25
169,0,"Conv2DLayer(1,8,5, stride=5, padding=0)","weights",0.39395388134297155,0.48374535537142599,0.94084630131704983,0.20649582846123762,25
169,0,"Conv2DLayer(1,8,5, stride=5, padding=0)","biases",0.10303013741047649,0.11680891887822492,0.24652483990563795,0.090278241929864694,25
169,4,"DenseLayer( 7202,128 )","all",0.090273920337996999,0.096569108079682692,0.17563653077363786,0.073417235680221946,25
169,4,"DenseLayer( 7202,128 )","weights",0.089556205097657701,0.095787743361328878,0.17399379443525642,0.072727504034303239,25
169,4,"DenseLayer( 7202,128 )","biases",0.011320302621013648,0.012259724998939917,0.023965609531592814,0.010039952782043362,25
169,6,"DenseLayer( 128,64 )","all",0.17062636168424827,0.18688248403816415,0.38734589118245388,0.13213846102052204,25
169,6,"DenseLayer( 128,64 )","weights",0.16876069094437759,0.18474326673742184,0.38204439408226465,0.13032446724504132,25
169,6,"DenseLayer( 128,64 )","biases",0.024829270737128432,0.028195535736362236,0.063866425970494758,0.021819856052874776,25
169,8,"DenseLayer( 64,1 )","all",0.16971711306628368,0.18984776091517405,0.40552764133926356,0.1180170720760932,25
169,8,"DenseLayer( 64,1 )","weights",0.16462479273488997,0.18387519059007962,0.38960155512074535,0.11275589564392419,25
169,8,"DenseLayer( 64,1 )","biases",0.039990114253014325,0.047244963858246058,0.11253131181001663,0.034844473004341125,25
170,0,"Conv2DLayer(1,8,5, stride=5, padding=0)","all",0.5996014926350246,0.73127171784458866,1.292445542366466,0.13267270953424057,25
170,0,"Conv2DLayer(1,8,5, stride=5, padding=0)","weights",0.58585508028120814,0.71973201267168607,1.2710664612517881,0.11599634054781216,25
170,0,"Conv2DLayer(1,8,5, stride=5, padding=0)","biases",0.11340859472276389,0.12939920886519996,0.25348202267599468,0.064396403895504564,25
170,4,"DenseLayer( 7202,128 )","all",0.10571402378431537,0.11128990017976509,0.16345098493866497,0.051907258905407559,25
170,4,"DenseLayer( 7202,128 )","weights",0.10484338224906875,0.11036532311554789,0.16203726263603821,0.051459163695806776,25
170,4,"DenseLayer( 7202,128 )","biases",0.013508922454082167,0.014315632561042685,0.021451107077241238,0.0068057327894338049,25
170,6,"DenseLayer( 128,64 )","all",0.1969634971058207,0.21200208789048486,0.32201469299765251,0.082734051154566085,25
170,6,"DenseLayer( 128,64 )","weights",0.19496447179859008,0.20982049313971754,0.31818290980217862,0.081506296283771817,25
170,6,"DenseLayer( 128,64 )","biases",0.027554909000052457,0.030335555517092685,0.049528763523744933,0.014200242482026894,25
170,8,"DenseLayer( 64,1 )","all",0.194186657109024,0.21389927100447331,0.34260665508103977,0.079468381465107263,25
170,8,"DenseLayer( 64,1 )","weights",0.18908633484330539,0.20814086057678294,0.33248176402681667,0.075781909746612447,25
170,8,"DenseLayer( 64,1 )","biases",0.041659087996813469,0.049297873124520553,0.082675248384475708,0.023923331871628761,25
171,0,"Conv2DLayer(1,8,5, stride=5, padding=0)","all",0.65529044997522345,0.79211902384238786,1.5007092847440122,0.67567148398574572,25
171,0,"Conv2DLayer(1,8,5, stride=5, padding=0)","weights",0.64117265761745645,0.77871419913324658,1.4790206778808332,0.65471294803125035,25
171,0,"Conv2DLayer(1,8,5, stride=5, padding=0)","biases",0.1265497644784053,0.14510942078750041,0.25421682028891268,0.16698176532702322,25
171,4,"DenseLayer( 7202,128 )","all",0.099219039655241634,0.10868847639140272,0.24840924302327405,0.1108120066771859,25
171,4,"DenseLayer( 7202,128 )","weights",0.098467521246870623,0.10786545178093883,0.2465306354381199,0.10988302302817765,25
171,4,"DenseLayer( 7202,128 )","biases",0.01217029131987855,0.01335025139757557,0.030492586146026551,0.014318591900521163,25
171,6,"DenseLayer( 128,64 )","all",0.17678719621788752,0.20409771140208788,0.52337141101457563,0.19760760841443825,25
171,6,"DenseLayer( 128,64 )","weights",0.17531567060547984,0.20234398857558372,0.51793016230130917,0.19551974645560502,25
171,6,"DenseLayer( 128,64 )","biases",0.022393495399031557,0.026698053990768741,0.075272709835154744,0.028649531395991475,25
171,8,"DenseLayer( 64,1 )","all",0.1752507873578939,0.20890398653536119,0.55368563480098187,0.19784587066558024,25
171,8,"DenseLayer( 64,1 )","weights",0.17215851460483558,0.20491682663339189,0.53896906801046185,0.1931681637258599,25
171,8,"DenseLayer( 64,1 )","biases",0.029750120235548821,0.040619819705000983,0.12680743634700775,0.04276738315820694,25
172,0,"Conv2DLayer(1,8,5, stride=5, padding=0)","all",0.7749152738390469,0.88661659247091351,1.5407523691139997,0.46766498525160238,25
172,0,"Conv2DLayer(1,8,5, stride=5, padding=0)","weights",0.75942372278861137,0.87313263084274639,1.5140278023377141,0.46176120049210734,25
172,0,"Conv2DLayer(1,8,5, stride=5, padding=0)","biases",0.14135998050534115,0.1540402252736543,0.29784085993792975,0.074075179044463813,25
172,4,"DenseLayer( 7202,128 )","all",0.13224677527997028,0.13886421484533285,0.24294456880301313,0.14220847366246128,25
172,4,"DenseLayer( 7202,128 )","weights",0.13112281082403934,0.13767166462729971,0.2405743589912166,0.14096368808042037,25
172,4,"DenseLayer( 7202,128 )","biases",0.017168635346270989,0.018159926303789486,0.033853231852324292,0.018774680401351461,25
172,6,"DenseLayer( 128,64 )","all",0.26332681824009269,0.27917107107957062,0.50565130161868221,0.29018001734016302,25
172,6,"DenseLayer( 128,64 )","weights",0.26043623566002705,0.27603139260618326,0.49927687063296905,0.28617966970143782,25
172,6,"DenseLayer( 128,64 )","biases",0.038385428239641833,0.041751134399028979,0.080036524659789304,0.048017071059293898,25
172,8,"DenseLayer( 64,1 )","all",0.27282277448379189,0.29062112601796869,0.50418717230296839,0.28451119026233357,25
172,8,"DenseLayer( 64,1 )","weights",0.26480455058312891,0.28186661543084018,0.48576460243996056,0.27185133852684046,25
172,8,"DenseLayer( 64,1 )","biases",0.063502422980964188,0.070794420638316397,0.13504612445831299,0.083925366401672363,25
173,0,"Conv2DLayer(1,8,5, stride=5, padding=0)","all",0.48031393709965736,0.54732410789994435,1.0618286764343581,0.60262618758313768,25
173,0,"Conv2DLayer(1,8,5, stride=5, padding=0)","weights",0.46807410826401696,0.53586363546805216,1.0498624357315558,0.59427488074690771,25
173,0,"Conv2DLayer(1,8,5, stride=5, padding=0)","biases",0.1003720263451657,0.1114174280417228,0.20163607394255223,0.099978438046589416,25
173,4,"DenseLayer( 7202,128 )","all",0.083909524928836687,0.089342381654981429,0.151760173274057,0.086209595709392337,25
173,4,"DenseLayer( 7202,128 )","weights",0.083239096351649819,0.088627239074640013,0.15069322700573617,0.085559145432782202,25
173,4,"DenseLayer( 7202,128 )","biases",0.010562881895054487,0.011281562559812604,0.018946396788809345,0.010570100528798291,25
173,6,"DenseLayer( 128,64 )","all",0.14992039092092646,0.16372975878983453,0.3022263325736288,0.17725125247499585,25
173,6,"DenseLayer( 128,64 )","weights",0.14833994910874676,0.16196150997511297,0.29816714771814529,0.17566316523677364,25
173,6,"DenseLayer( 128,64 )","biases",0.021433264506973384,0.023997983247739326,0.049367075288408856,0.023674012818968228,25
173,8,"DenseLayer( 64,1 )","all",0.1532372796609501,0.17155919103681144,0.34058053950733491,0.2039233041450578,25
173,8,"DenseLayer( 64,1 )","weights",0.14913212919309093,0.16684159429659667,0.32942881893007842,0.20007698174603178,25
173,8,"DenseLayer( 64,1 )","biases",0.033760536555200817,0.039955455719776385,0.086439326405525208,0.039419732987880707,25
174,0,"Conv2DLayer(1,8,5, stride=5, padding=0)","all",0.65001453487725513,0.80304258719975075,2.1232795499359804,1.2198050457033414,25
174,0,"Conv2DLayer(1,8,5, stride=5, padding=0)","weights",0.63493431703205261,0.78825148740235718,2.0913147157807663,1.2080742175656247,25
174,0,"Conv2DLayer(1,8,5, stride=5, padding=0)","biases",0.1310616149383019,0.15341769606026803,0.36704060638456765,0.16876324948440122,25
174,4,"DenseLayer( 7202,128 )","all",0.10018247642597607,0.10557304414814175,0.17283384698309445,0.11253488687052085,25
174,4,"DenseLayer( 7202,128 )","weights",0.099357773782600245,0.10470174508063385,0.17149041416505204,0.11162179219215138,25
174,4,"DenseLayer( 7202,128 )","biases",0.01278674894294516,0.013535591149833574,0.023529734454348555,0.014306511481598115,25
174,6,"DenseLayer( 128,64 )","all",0.18026815775254076,0.1940248728448026,0.35220684624223014,0.21627689554960594,25
174,6,"DenseLayer( 128,64 )","weights",0.1785669956257363,0.192196799732235,0.34695870904506976,0.21493266369103337,25
174,6,"DenseLayer( 128,64 )","biases",0.024139022685714571,0.026571440591901745,0.060574885535810946,0.024075830769722095,25
174,8,"DenseLayer( 64,1 )","all",0.16973547955323601,0.18531741932235299,0.36010576645329556,0.20301621942278947,25
174,8,"DenseLayer( 64,1 )","weights",0.16570442950721823,0.18095890981853868,0.34427413098924625,0.20040371456461398,25
174,8,"DenseLayer( 64,1 )","biases",0.032636127898003908,0.039955210693760616,0.10560059547424316,0.032464388757944107,25
175,0,"Conv2DLayer(1,8,5, stride=5, padding=0)","all",0.68202098314786774,0.82242565995942207,1.9708821934754539,0.75482200525999876,25
175,0,"Conv2DLayer(1,8,5, stride=5, padding=0)","weights",0.66603524252270341,0.80884118628299762,1.9546148878860796,0.7350030008260372,25
175,0,"Conv2DLayer(1,8,5, stride=5, padding=0)","biases",0.13360914213858865,0.14886202179200714,0.30302636488612927,0.17183378131626464,25
175,4,"DenseLayer( 7202,128 )","all",0.10079658231704636,0.10625817210397022,0.17368110696445974,0.092681385212280906,25
175,4,"DenseLayer( 7202,128 )","weights",0.099971222781341934,0.10538862503901704,0.17233152157639819,0.092067982146729274,25
175,4,"DenseLayer( 7202,128 )","biases",0.012843881409865405,0.013566018253799687,0.021609571665433626,0.010645460454895382,25
175,6,"DenseLayer( 128,64 )","all",0.19287037851437089,0.20511952100698522,0.34118865827403488,0.14155743658341294,25
175,6,"DenseLayer( 128,64 )","weights",0.19105478914021873,0.20323758738770936,0.33905609881997734,0.14079478439436882,25
175,6,"DenseLayer( 128,64 )","biases",0.025871578258584483,0.027721850063771886,0.045096784752656945,0.014674349709958954,25
175,8,"DenseLayer( 64,1 )","all",0.18795006790367608,0.20091155854260417,0.32765310198596043,0.11988796095112619,25
175,8,"DenseLayer( 64,1 )","weights",0.18333388031680461,0.19612927565984994,0.32272385527761499,0.11929473740704362,25
175,8,"DenseLayer( 64,1 )","biases",0.039073414430022241,0.043574781527402497,0.078744381666183472,0.011911708861589432,25
176,0,"Conv2DLayer(1,8,5, stride=5, padding=0)","all",0.54183629575848402,0.63896310403087819,1.3860134216272937,1.0489321713414153,25
176,0,"Conv2DLayer(1,8,5, stride=5, padding=0)","weights",0.5256707624381256,0.62554470710714372,1.3648128320208275,1.0341873578075722,25
176,0,"Conv2DLayer(1,8,5, stride=5, padding=0)","biases",0.11847955166226332,0.13026000047218078,0.241493557848416,0.17525755055348874,25
176,4,"DenseLayer( 7202,128 )","all",0.10219776236867835,0.1080322050103846,0.1644359376093896,0.12116846431018052,25
176,4,"DenseLayer( 7202,128 )","weights",0.10132436178641929,0.10709039804090305,0.16289585603697723,0.12022067277768182,25
176,4,"DenseLayer( 7202,128 )","biases",0.013308192568945259,0.014233902024628263,0.022452564741237451,0.015125692716998039,25
176,6,"DenseLayer( 128,64 )","all",0.1966200263840461,0.21257611591110662,0.36849426955686593,0.23160059166671695,25
176,6,"DenseLayer( 128,64 )","weights",0.19446266664158879,0.21013224545221854,0.3637788302503735,0.23021052888400276,25
176,6,"DenseLayer( 128,64 )","biases",0.028678244533832869,0.032141009272591475,0.058762142216890488,0.025336662197714421,25
176,8,"DenseLayer( 64,1 )","all",0.19256176523212337,0.2113721720213782,0.37209277052429002,0.21800095010878784,25
176,8,"DenseLayer( 64,1 )","weights",0.1868612690001297,0.20462610000315004,0.35856300978749456,0.21649311411495323,25
176,8,"DenseLayer( 64,1 )","biases",0.044672560393810269,0.052975034710096569,0.099803201854228973,0.025595815852284431,25
177,0,"Conv2DLayer(1,8,5, stride=5, padding=0)","all",0.81367861170443878,0.98241950284305368,2.0404374506660794,1.5349677152448891,25
177,0,"Conv2DLayer(1,8,5, stride=5, padding=0)","weights",0.7976204925927215,0.96763508644552365,2.0067749703966937,1.513362857452456,25
177,0,"Conv2DLayer(1,8,5, stride=5, padding=0)","biases",0.14945746774463403,0.16979522680557485,0.36910595805275087,0.25662959402113455,25
177,4,"DenseLayer( 7202,128 )","all",0.11288915529574704,0.1214333115944031,0.18973266215609999,0.14253052335060429,25
177,4,"DenseLayer( 7202,128 )","weights",0.11199211843498019,0.12046414608966476,0.18852906640389852,0.1414517639070193,25
177,4,"DenseLayer( 7202,128 )","biases",0.014172159539671023,0.015311390259258007,0.02410932001063144,0.017502816178833321,25
177,6,"DenseLayer( 128,64 )","all",0.21117852839001439,0.23034854371908636,0.37522162399364545,0.26371778515428301,25
177,6,"DenseLayer( 128,64 )","weights",0.20946688673745192,0.22844342132261319,0.37008081677249899,0.261924367198965,25
177,6,"DenseLayer( 128,64 )","biases",0.026109434407214853,0.029564418612969177,0.061898757414254151,0.0307033560722983,25
177,8,"DenseLayer( 64,1 )","all",0.20437305922671845,0.22849323493267645,0.40532591596182782,0.24457678185323095,25
177,8,"DenseLayer( 64,1 )","weights",0.2006298042685935,0.2241309728406024,0.39491984503418509,0.24184928870602196,25
177,8,"DenseLayer( 64,1 )","biases",0.034144666756037625,0.044434957224289258,0.10678905993700027,0.036424219608306885,25
178,0,"Conv2DLayer(1,8,5, stride=5, padding=0)","all",0.82149922151125943,0.96686110003713588,1.9751165644978399,0.62085085540609219,25
178,0,"Conv2DLayer(1,8,5, stride=5, padding=0)","weights",0.80382999590239512,0.95038042437286629,1.9533279560138632,0.60942062935453012,25
178,0,"Conv2DLayer(1,8,5, stride=5, padding=0)","biases",0.1563249150090319,0.17775667563799427,0.35520001831781645,0.11858448960806316,25
178,4,"DenseLayer( 7202,128 )","all",0.12645865819589985,0.13486087814528475,0.19702175674910544,0.12636310909781961,25
178,4,"DenseLayer( 7202,128 )","weights",0.12542819774817912,0.13375765127707837,0.19573344666436782,0.12540973286316634,25
178,4,"DenseLayer( 7202,128 )","biases",0.016065097304456665,0.017214737260755373,0.026660564361956265,0.015493038567586289,25
178,6,"DenseLayer( 128,64 )","all",0.24287984982603766,0.25893336528942351,0.38127742287105582,0.27477577335819314,25
178,6,"DenseLayer( 128,64 )","weights",0.2405667010290658,0.25643558181858095,0.37880532642363657,0.27180110504490801,25
178,6,"DenseLayer( 128,64 )","biases",0.03287547856288725,0.035878685001988285,0.065674289949946604,0.040322263341236279,25
178,8,"DenseLayer( 64,1 )","all",0.23310391390850888,0.24894506636954375,0.38109048619242819,0.32597878023325955,25
178,8,"DenseLayer( 64,1 )","weights",0.22689068750264121,0.24218258359766084,0.36414372325154881,0.31649834432717372,25
178,8,"DenseLayer( 64,1 )","biases",0.050594944059848788,0.057630220125369641,0.11238019168376923,0.078044623136520386,25
179,0,"Conv2DLayer(1,8,5, stride=5, padding=0)","all",0.45620223409011268,0.5125039965269641,0.99625571915704259,0.26737408959405806,25
179,0,"Conv2DLayer(1,8,5, stride=5, padding=0)","weights",0.44198061797438953,0.49867117347756784,0.97243262356777027,0.2608991194188417,25
179,0,"Conv2DLayer(1,8,5, stride=5, padding=0)","biases",0.10648666883178264,0.11826836939188748,0.21656465679842404,0.058485496259537362,25
179,4,"DenseLayer( 7202,128 )","all",0.092429837246075092,0.098682922249330007,0.16546873262832235,0.072700094493143047,25
179,4,"DenseLayer( 7202,128 )","weights",0.091570968216905038,0.097748428562276599,0.16393553467672567,0.072219694877310725,25
179,4,"DenseLayer( 7202,128 )","biases",0.012547380856056931,0.013548573994071032,0.022473138362927782,0.0083438247309052613,25
179,6,"DenseLayer( 128,64 )","all",0.18224291022373143,0.20218860027114058,0.37654351628063604,0.14150744309678107,25
179,6,"DenseLayer( 128,64 )","weights",0.1799748369540069,0.19959303958332775,0.37179097961883695,0.14058533276271495,25
179,6,"DenseLayer( 128,64 )","biases",0.028512801166267549,0.032293166916411681,0.059636290352864482,0.01612825668773402,25
179,8,"DenseLayer( 64,1 )","all",0.17410261033136887,0.19827247918638727,0.37572803249565528,0.092501474181810692,25
179,8,"DenseLayer( 64,1 )","weights",0.16763393290078657,0.19055207557115125,0.36089835234036122,0.091617065668002901,25
179,8,"DenseLayer( 64,1 )","biases",0.046583994757384062,0.054789437834701728,0.1045176237821579,0.012760721147060394,25
180,0,"Conv2DLayer(1,8,5, stride=5, padding=0)","all",0.74959813593330071,0.84289477361278242,1.5769578193524716,0.45497342048157635,25
180,0,"Conv2DLayer(1,8,5, stride=5, padding=0)","weights",0.73299176082062967,0.8273894352048099,1.5621005314398206,0.45327466810434824,25
180,0,"Conv2DLayer(1,8,5, stride=5, padding=0)","biases",0.14785451053362933,0.16092955569195355,0.23473617506826322,0.03927962066515181,25
180,4,"DenseLayer( 7202,128 )","all",0.10438348309546422,0.1090377098621774,0.18307702191590389,0.042179605090049192,25
180,4,"DenseLayer( 7202,128 )","weights",0.10348379812913583,0.1080909371962749,0.18125178130110628,0.04188195516742018,25
180,4,"DenseLayer( 7202,128 )","biases",0.013640091338399824,0.014337763703567298,0.025787355986457736,0.0050020912533369254,25
180,6,"DenseLayer( 128,64 )","all",0.19877994496383855,0.21311076219473871,0.41189783767141669,0.064663078192170917,25
180,6,"DenseLayer( 128,64 )","weights",0.19700458086506478,0.21110305671669055,0.40621185214658923,0.064437856235066232,25
180,6,"DenseLayer( 128,64 )","biases",0.025953021257611276,0.029183838131613255,0.068203811140040149,0.00539225046856556,25
180,8,"DenseLayer( 64,1 )","all",0.19089136509315552,0.20768019343227492,0.42096813202920141,0.067709327423232366,25
180,8,"DenseLayer( 64,1 )","weights",0.18685775336242541,0.20289030311158249,0.40521026576887864,0.067630788232606862,25
180,8,"DenseLayer( 64,1 )","biases",0.035351218098367096,0.044346224724967416,0.11409999430179596,0.0032602918799966574,25
181,0,"Conv2DLayer(1,8,5, stride=5, padding=0)","all",0.63667722684779471,0.72731366340546444,1.2729085227995254,0.23741565538208995,25
181,0,"Conv2DLayer(1,8,5, stride=5, padding=0)","weights",0.6184699199026481,0.71013188786659365,1.2624636143432801,0.20697128616361507,25
181,0,"Conv2DLayer(1,8,5, stride=5, padding=0)","biases",0.14073029348729651,0.15715554973116599,0.33983907085317255,0.11631457399778521,25
181,4,"DenseLayer( 7202,128 )","all",0.10247411770061825,0.10740041921513403,0.17569817677808114,0.086325240042140955,25
181,4,"DenseLayer( 7202,128 )","weights",0.10160441756839277,0.10648214028064135,0.17393283682123667,0.08541009068071477,25
181,4,"DenseLayer( 7202,128 )","biases",0.01328304071868862,0.014014415750945471,0.024843864402683109,0.012536485881032913,25
181,6,"DenseLayer( 128,64 )","all",0.19435166528777512,0.20717793987820313,0.37907262323649987,0.17918912990088964,25
181,6,"DenseLayer( 128,64 )","weights",0.19240260529046727,0.20501448970208908,0.37405385218036019,0.17660089782719604,25
181,6,"DenseLayer( 128,64 )","biases",0.026979665258284883,0.029862313781225502,0.061479828858208845,0.030345793139514018,25
181,8,"DenseLayer( 64,1 )","all",0.19738167301675894,0.21521623234110773,0.43065027851040577,0.18326745301378575,25
181,8,"DenseLayer( 64,1 )","weights",0.19250647080892722,0.20955569152628631,0.41638326630126288,0.17574178904957483,25
181,8,"DenseLayer( 64,1 )","biases",0.040766525841027031,0.049035077363471104,0.10993015021085739,0.05197867751121521,25
182,0,"Conv2DLayer(1,8,5, stride=5, padding=0)","all",0.43889597410436965,0.5261532407976256,1.1608206892132122,0.14290434350807549,25
182,0,"Conv2DLayer(1,8,5, stride=5, padding=0)","weights",0.42583635778632545,0.51518285254298879,1.1443630863911782,0.13085092327136499,25
182,0,"Conv2DLayer(1,8,5, stride=5, padding=0)","biases",0.096350619540644694,0.10688246463996415,0.21348747327537657,0.057442904457429597,25
182,4,"DenseLayer( 7202,128 )","all",0.075985770916522213,0.083513831162943239,0.15680928330051758,0.043224935599230213,25
182,4,"DenseLayer( 7202,128 )","weights",0.075291605342360429,0.082736923913404786,0.15525992189229335,0.042796708078617671,25
182,4,"DenseLayer( 7202,128 )","biases",0.010228523707926759,0.011364920451109924,0.021988814957176504,0.0060693356466075456,25
182,6,"DenseLayer( 128,64 )","all",0.14467113209743046,0.16866198215771822,0.35225053739401946,0.091935152457830224,25
182,6,"DenseLayer( 128,64 )","weights",0.14299305856958797,0.16657541899396799,0.34742543139097637,0.090902725412983568,25
182,6,"DenseLayer( 128,64 )","biases",0.021781472986306918,0.026447949114335113,0.05810344841030933,0.013739241970945759,25
182,8,"DenseLayer( 64,1 )","all",0.14300090281391001,0.17283923280846469,0.35414874029477872,0.092640016102611591,25
182,8,"DenseLayer( 64,1 )","weights",0.13853044470615605,0.16688433808553227,0.33941396488384012,0.090179798344897408,25
182,8,"DenseLayer( 64,1 )","biases",0.034354975009337069,0.044977973493393664,0.10109149664640427,0.021207936108112335,25
183,0,"Conv2DLayer(1,8,5, stride=5, padding=0)","all",0.51866366467390412,0.60854166411738098,1.5650714729041737,0.44978412385743327,25
183,0,"Conv2DLayer(1,8,5, stride=5, padding=0)","weights",0.50266438375944045,0.59492469735887299,1.5366449060998333,0.44314692795421362,25
183,0,"Conv2DLayer(1,8,5, stride=5, padding=0)","biases",0.11284340709608068,0.12801391111595942,0.29693626901386488,0.076984143295498769,25
183,4,"DenseLayer( 7202,128 )","all",0.077403686391000828,0.082374247713913482,0.14748741410135238,0.054813136719672688,25
183,4,"DenseLayer( 7202,128 )","weights",0.076736868401157343,0.081661859667535516,0.14624684163786936,0.054322961414184655,25
183,4,"DenseLayer( 7202,128 )","biases",0.010112720826847546,0.010810058375092907,0.019089228094707266,0.007314083691244924,25
183,6,"DenseLayer( 128,64 )","all",0.12767376628667462,0.13652034435224583,0.2286814644975064,0.1192627150229562,25
183,6,"DenseLayer( 128,64 )","weights",0.12651573174252675,0.13524720537462637,0.227503477938163,0.11843207401140879,25
183,6,"DenseLayer( 128,64 )","biases",0.016655161209354306,0.018601017725098219,0.038973494227571764,0.014051300295810818,25
183,8,"DenseLayer( 64,1 )","all",0.11688065913811212,0.12760109961971472,0.23062904676184168,0.13006882294710825,25
183,8,"DenseLayer( 64,1 )","weights",0.11428886703215216,0.12470862873799102,0.23026456926052558,0.12820461453651394,25
183,8,"DenseLayer( 64,1 )","biases",0.021001526899635792,0.027014783775745333,0.066036254167556763,0.02194255031645298,25
184,0,"Conv2DLayer(1,8,5, stride=5, padding=0)","all",0.39495127970944677,0.47986869669402143,1.2116415433436944,0.793045683318643,25
184,0,"Conv2DLayer(1,8,5, stride=5, padding=0)","weights",0.38331405785912631,0.46895251193427751,1.1810350555552669,0.78076605124108056,25
184,0,"Conv2DLayer(1,8,5, stride=5, padding=0)","biases",0.088359495282600037,0.10177184098438041,0.27061305789975709,0.13901736963323599,25
184,4,"DenseLayer( 7202,128 )","all",0.067119282971945804,0.075056566743467293,0.16135551950976437,0.16135551950976437,25
184,4,"DenseLayer( 7202,128 )","weights",0.066532465074692626,0.074379353310660951,0.15970613891482965,0.15970613891482965,25
184,4,"DenseLayer( 7202,128 )","biases",0.0088360244508266655,0.010059821688500732,0.023012015756623299,0.023012015756623299,25
184,6,"DenseLayer( 128,64 )","all",0.12116508272332539,0.14122516810806618,0.34588261523630603,0.34588261523630603,25
184,6,"DenseLayer( 128,64 )","weights",0.11993519153031847,0.13965880459749283,0.34121253639356841,0.34121253639356841,25
184,6,"DenseLayer( 128,64 )","biases",0.016903352799434189,0.020975376171856089,0.056646169601962275,0.056646169601962275,25
184,8,"DenseLayer( 64,1 )","all",0.11148541656528742,0.13511132362527861,0.34328542108982035,0.34328542108982035,25
184,8,"DenseLayer( 64,1 )","weights",0.10849803688174525,0.13077728513198716,0.32846549685296289,0.32846549685296289,25
184,8,"DenseLayer( 64,1 )","biases",0.023305051294155419,0.033946597256303897,0.099776238203048706,0.099776238203048706,25
185,0,"Conv2DLayer(1,8,5, stride=5, padding=0)","all",0.58724318761393279,0.66642813130659861,1.4252945802119446,0.5756555718444778,25
185,0,"Conv2DLayer(1,8,5, stride=5, padding=0)","weights",0.56496853224311661,0.64864535915931443,1.4044111996033646,0.55296288366079083,25
185,0,"Conv2DLayer(1,8,5, stride=5, padding=0)","biases",0.14212074673543354,0.15292368108925786,0.25363334244064445,0.16003557944761973,25
185,4,"DenseLayer( 7202,128 )","all",0.11856953304668898,0.12700731533739099,0.26234935845075646,0.069826769373296654,25
185,4,"DenseLayer( 7202,128 )","weights",0.11740888859740517,0.12574470750445749,0.25971187799418899,0.069185314694761024,25
185,4,"DenseLayer( 7202,128 )","biases",0.016510254619754968,0.017864117213842526,0.037106957679861052,0.0094429842580850739,25
185,6,"DenseLayer( 128,64 )","all",0.23968077376765023,0.26094838337217391,0.50431611776755136,0.11177635255598878,25
185,6,"DenseLayer( 128,64 )","weights",0.23671987568455718,0.25754053733404636,0.49677912263812335,0.11094319126701827,25
185,6,"DenseLayer( 128,64 )","biases",0.036956719512667477,0.042034871407460463,0.086863398224056976,0.013622088760924413,25
185,8,"DenseLayer( 64,1 )","all",0.23939711245288825,0.26479870233392899,0.50260058278992381,0.097840286908043181,25
185,8,"DenseLayer( 64,1 )","weights",0.23100575206044932,0.25486448795801003,0.48262813697749768,0.097086851952029693,25
185,8,"DenseLayer( 64,1 )","biases",0.059778783731162549,0.071850160303468219,0.15257376432418823,0.01211878377944231,25
186,0,"Conv2DLayer(1,8,5, stride=5, padding=0)","all",0.85905555458875715,1.0041311073071175,1.8709278137529053,0.28222108268269303,25
186,0,"Conv2DLayer(1,8,5, stride=5, padding=0)","weights",0.8405155063750489,0.98603482744161386,1.8444334124858808,0.26683808543329307,25
186,0,"Conv2DLayer(1,8,5, stride=5, padding=0)","biases",0.16728337509134913,0.1897751293874011,0.36894283741026512,0.091903077602907626,25
186,4,"DenseLayer( 7202,128 )","all",0.12004444353276687,0.13505505821432059,0.25599187428749198,0.078318367294730878,25
186,4,"DenseLayer( 7202,128 )","weights",0.1188834689459069,0.13373411746917144,0.25400956703838706,0.077484862322218781,25
186,4,"DenseLayer( 7202,128 )","biases",0.016600176859184381,0.018842891869757593,0.035711809189706907,0.011395734580059894,25
186,6,"DenseLayer( 128,64 )","all",0.24497221352867479,0.27984514051505116,0.51243179852022236,0.15275212561730017,25
186,6,"DenseLayer( 128,64 )","weights",0.24214150053199565,0.27648790022640268,0.5075715113767203,0.15045663794795941,25
186,6,"DenseLayer( 128,64 )","biases",0.036586694075080695,0.043217400410986179,0.087246748116097589,0.026382038928030243,25
186,8,"DenseLayer( 64,1 )","all",0.24582799591343185,0.28596503856484196,0.54981498157487751,0.15361537606983641,25
186,8,"DenseLayer( 64,1 )","weights",0.23820222758693071,0.27656918604927283,0.53725547835392728,0.14782408195506755,25
186,8,"DenseLayer( 64,1 )","biases",0.057722996328957381,0.072701365939260437,0.15357387065887451,0.041781868785619736,25
187,0,"Conv2DLayer(1,8,5, stride=5, padding=0)","all",0.88858021952315591,1.014447590848929,1.6958486349562414,0.55804400875444715,25
187,0,"Conv2DLayer(1,8,5, stride=5, padding=0)","weights",0.87001714805219987,0.99596363616052652,1.6501539285911715,0.53872696030592726,25
187,0,"Conv2DLayer(1,8,5, stride=5, padding=0)","biases",0.1702632706934479,0.19277020004424586,0.39101739684836373,0.14555541194428126,25
187,4,"DenseLayer( 7202,128 )","all",0.11344156577088739,0.12117244775246074,0.20641171051113816,0.15942970796175879,25
187,4,"DenseLayer( 7202,128 )","weights",0.11240081794129048,0.12004378245983169,0.20442570274591634,0.15761236684087584,25
187,4,"DenseLayer( 7202,128 )","biases",0.015292591236930142,0.016500072334975687,0.028564423553997336,0.024003616385638096,25
187,6,"DenseLayer( 128,64 )","all",0.22891443923427923,0.24750132037946027,0.43939555850080553,0.3316123088721642,25
187,6,"DenseLayer( 128,64 )","weights",0.22677117270170224,0.24509950601410363,0.434165534972768,0.32631823174014057,25
187,6,"DenseLayer( 128,64 )","biases",0.030621040468711284,0.034396740270243746,0.067592492719568742,0.059018090696968208,25
187,8,"DenseLayer( 64,1 )","all",0.23593204881451926,0.25823617302857776,0.48505284927965592,0.33748172607532195,25
187,8,"DenseLayer( 64,1 )","weights",0.23094834274410936,0.25251544417078942,0.47215988432207578,0.32174775116246263,25
187,8,"DenseLayer( 64,1 )","biases",0.045030352734029291,0.054054338546267296,0.11109144985675812,0.10184448957443237,25
188,0,"Conv2DLayer(1,8,5, stride=5, padding=0)","all",0.84290732518159972,0.98198395973322439,1.7482893082004431,0.71330256543332227,25
188,0,"Conv2DLayer(1,8,5, stride=5, padding=0)","weights",0.82166612475656675,0.96521946124805358,1.731398165294578,0.6986607327611174,25
188,0,"Conv2DLayer(1,8,5, stride=5, padding=0)","biases",0.16412551263275238,0.1806761987682938,0.30636075430097603,0.14378362337713421,25
188,4,"DenseLayer( 7202,128 )","all",0.11637700309253508,0.12324227941897477,0.1965435786695155,0.072671734703944071,25
188,4,"DenseLayer( 7202,128 )","weights",0.1152358046419415,0.12202143125415291,0.19469697226480187,0.071997083924134647,25
188,4,"DenseLayer( 7202,128 )","biases",0.016234313931440484,0.017304038576953343,0.026878751963939806,0.0098793183621919255,25
188,6,"DenseLayer( 128,64 )","all",0.23274733860415289,0.25072224125784537,0.38405584000130538,0.14743767646558939,25
188,6,"DenseLayer( 128,64 )","weights",0.23013791813103021,0.24780857751045812,0.37911461272141428,0.14632029589879442,25
188,6,"DenseLayer( 128,64 )","biases",0.034310783007272985,0.038112349358187032,0.06398715838672496,0.018117379768086094,25
188,8,"DenseLayer( 64,1 )","all",0.23299541294721618,0.25360324523428096,0.40142156474257268,0.1631588942389792,25
188,8,"DenseLayer( 64,1 )","weights",0.22615518745924273,0.24574949230384588,0.38585082458662556,0.16121425233421885,25
188,8,"DenseLayer( 64,1 )","biases",0.054139924831688405,0.062624220759709692,0.11071772128343582,0.025115525349974632,25
189,0,"Conv2DLayer(1,8,5, stride=5, padding=0)","all",0.47959853611911879,0.61402357742290592,1.3050834804143434,0.35514556441209655,25
189,0,"Conv2DLayer(1,8,5, stride=5, padding=0)","weights",0.46387359345132123,0.60005700918801053,1.2899346992502869,0.35085208682856656,25
189,0,"Conv2DLayer(1,8,5, stride=5, padding=0)","biases",0.10826794115614427,0.13021727748483736,0.28305417201368166,0.055056199375061968,25
189,4,"DenseLayer( 7202,128 )","all",0.075008235955444716,0.080817600484270946,0.1247680219193454,0.054181581412607954,25
189,4,"DenseLayer( 7202,128 )","weights",0.074290128965972077,0.080040114192893141,0.12359421287641099,0.053656587489226359,25
189,4,"DenseLayer( 7202,128 )","biases",0.010340782228651774,0.011183231555496739,0.018696750440833115,0.0075242530115660821,25
189,6,"DenseLayer( 128,64 )","all",0.13972764013123537,0.15844250322708572,0.29908239215408117,0.10289257354553098,25
189,6,"DenseLayer( 128,64 )","weights",0.13823344378034497,0.15670551617392164,0.2961174631810638,0.10177397136307116,25
189,6,"DenseLayer( 128,64 )","biases",0.02013138885398302,0.023396752542390285,0.045300745613346995,0.015130778030599413,25
189,8,"DenseLayer( 64,1 )","all",0.13272730030823476,0.15361120608361378,0.32803588454869875,0.10096667045414735,25
189,8,"DenseLayer( 64,1 )","weights",0.12907472470977963,0.14910715824662854,0.31816828576963607,0.097907306278163075,25
189,8,"DenseLayer( 64,1 )","biases",0.029264246126404034,0.036925032079570798,0.079852886497974396,0.024666331708431244,25
190,0,"Conv2DLayer(1,8,5, stride=5, padding=0)","all",0.43583451892180269,0.51375330759263982,1.2822629706716118,0.94413505658194563,25
190,0,"Conv2DLayer(1,8,5, stride=5, padding=0)","weights",0.42235780712372673,0.5014863335284987,1.2556852979706565,0.93435994763952857,25
190,0,"Conv2DLayer(1,8,5, stride=5, padding=0)","biases",0.098057801731251976,0.11159712517139943,0.25971668875128212,0.13550827765878787,25
190,4,"DenseLayer( 7202,128 )","all",0.069771445008307953,0.075401089823779854,0.1509172742901253,0.10348526752197219,25
190,4,"DenseLayer( 7202,128 )","weights",0.069123752673475244,0.074702465958663353,0.14941312995026648,0.10271529592071341,25
190,4,"DenseLayer( 7202,128 )","biases",0.0094653786206066459,0.010240406549959896,0.021254182591332483,0.012600340392799997,25
190,6,"DenseLayer( 128,64 )","all",0.13048514211809695,0.14180354869593798,0.29077687428520604,0.1795173291770589,25
190,6,"DenseLayer( 128,64 )","weights",0.12906626790287568,0.14019962667330149,0.28689982228854538,0.17836666629557141,25
190,6,"DenseLayer( 128,64 )","biases",0.018945148246711188,0.02126760690411917,0.047325284889534434,0.020292950240632567,25
190,8,"DenseLayer( 64,1 )","all",0.12630430119307209,0.13938750315926449,0.26655137116967015,0.18164978467970699,25
190,8,"DenseLayer( 64,1 )","weights",0.12266486402207459,0.13506360186380381,0.25498313280875945,0.17907716562287027,25
190,8,"DenseLayer( 64,1 )","biases",0.028890456855297088,0.034448504881197162,0.077673904597759247,0.030463306233286858,25
191,0,"Conv2DLayer(1,8,5, stride=5, padding=0)","all",0.68797426195380962,0.8834634684223851,2.1934908639827939,0.22906222491003078,25
191,0,"Conv2DLayer(1,8,5, stride=5, padding=0)","weights",0.67058153975733414,0.86893415011925723,2.1646179099662599,0.2060978129621921,25
191,0,"Conv2DLayer(1,8,5, stride=5, padding=0)","biases",0.13688775181377835,0.15956548120892178,0.35472732377036198,0.099965966073133142,25
191,4,"DenseLayer( 7202,128 )","all",0.091801096861664988,0.10143662663342592,0.23044118899011856,0.081378683653122147,25
191,4,"DenseLayer( 7202,128 )","weights",0.090961042350675522,0.10051274888644726,0.22830520520290157,0.08056766157605709,25
191,4,"DenseLayer( 7202,128 )","biases",0.012368009222999909,0.01365930210732039,0.031302952902890174,0.011460456416777703,25
191,6,"DenseLayer( 128,64 )","all",0.18007914704077899,0.20434090982693923,0.463360582721067,0.15774614410359206,25
191,6,"DenseLayer( 128,64 )","weights",0.17828559086366283,0.20233845356369251,0.45906880832622649,0.15532921114902834,25
191,6,"DenseLayer( 128,64 )","biases",0.024672943548269266,0.028536952156016246,0.062919463137769305,0.02750785603008353,25
191,8,"DenseLayer( 64,1 )","all",0.18598085024376962,0.21704786232935003,0.53739960652693552,0.16258339869530897,25
191,8,"DenseLayer( 64,1 )","weights",0.18175698893026804,0.21224482755537694,0.52739483720479152,0.15598569882030469,25
191,8,"DenseLayer( 64,1 )","biases",0.035666911313310262,0.045408234030061077,0.10321348160505295,0.045845646411180496,25
192,0,"Conv2DLayer(1,8,5, stride=5, padding=0)","all",1.0917258236577547,1.2935887677723399,2.5942865501076473,2.5942865501076473,25
192,0,"Conv2DLayer(1,8,5, stride=5, padding=0)","weights",1.0723894772913267,1.2737682848907821,2.5783133833322158,2.5783133833322158,25
192,0,"Conv2DLayer(1,8,5, stride=5, padding=0)","biases",0.19240049144445912,0.22557982293005777,0.45554322686077037,0.28744182263445955,25
192,4,"DenseLayer( 7202,128 )","all",0.11254883188468437,0.12202335290289645,0.20656990793048433,0.20656990793048433,25
192,4,"DenseLayer( 7202,128 )","weights",0.11157955597955585,0.12097763982927071,0.20474536629181295,0.20474536629181295,25
192,4,"DenseLayer( 7202,128 )","biases",0.014716123364430258,0.015940806598289243,0.027394558664817263,0.027394558664817263,25
192,6,"DenseLayer( 128,64 )","all",0.22386886326788299,0.2468694293901566,0.45070185467264767,0.45070185467264767,25
192,6,"DenseLayer( 128,64 )","weights",0.22225308761305981,0.24515351203348743,0.44842709108006512,0.44842709108006512,25
192,6,"DenseLayer( 128,64 )","biases",0.026100269259833414,0.029056336745506142,0.05207097096835378,0.045225057112572686,25
192,8,"DenseLayer( 64,1 )","all",0.22927485837971431,0.25202505066819197,0.44940009568379402,0.41657214066092085,25
192,8,"DenseLayer( 64,1 )","weights",0.2260004814999014,0.24868323512805982,0.44234869525466608,0.41372475288282667,25
192,8,"DenseLayer( 64,1 )","biases",0.034320911541581151,0.040905680907996664,0.087689675390720367,0.048622805625200272,25
193,0,"Conv2DLayer(1,8,5, stride=5, padding=0)","all",0.68247669915069509,0.87346948593409446,2.6563692834394037,0.22988830155321172,25
193,0,"Conv2DLayer(1,8,5, stride=5, padding=0)","weights",0.66457305982125936,0.85917949291011997,2.63282258299706,0.20988934422681838,25
193,0,"Conv2DLayer(1,8,5, stride=5, padding=0)","biases",0.14070949837598778,0.1573516502000549,0.35290652652091897,0.093782164461354581,25
193,4,"DenseLayer( 7202,128 )","all",0.10956647497948843,0.11793529197913478,0.21918258170893087,0.0652101902115238,25
193,4,"DenseLayer( 7202,128 )","weights",0.10853930609510461,0.11683933928441304,0.21762507961354818,0.064501339578965616,25
193,4,"DenseLayer( 7202,128 )","biases",0.014941629763565081,0.016040632462144096,0.026083114227196384,0.0095888529002210801,25
193,6,"DenseLayer( 128,64 )","all",0.23213995306098742,0.25474118794680484,0.44082279894352688,0.090817785458889619,25
193,6,"DenseLayer( 128,64 )","weights",0.2296945419590215,0.25211110966765249,0.43937817755491043,0.089527471796868666,25
193,6,"DenseLayer( 128,64 )","biases",0.033157986576500507,0.036511110893729978,0.062858224469008364,0.015254571423602443,25
193,8,"DenseLayer( 64,1 )","all",0.23386710940939934,0.25915676356969664,0.44418508361169351,0.061512253829003723,25
193,8,"DenseLayer( 64,1 )","weights",0.22708661147187359,0.25185671750749461,0.44360456663836095,0.058388222259713116,25
193,8,"DenseLayer( 64,1 )","biases",0.05394000492990017,0.061077180274384905,0.11117768287658691,0.01935388520359993,25
194,0,"Conv2DLayer(1,8,5, stride=5, padding=0)","all",0.72869005200697734,0.92439240602983364,1.8100330499861439,0.99580046143983603,25
194,0,"Conv2DLayer(1,8,5, stride=5, padding=0)","weights",0.70978961515486938,0.90580620012746216,1.7625384580101187,0.98552210228757975,25
194,0,"Conv2DLayer(1,8,5, stride=5, padding=0)","biases",0.14831510212274679,0.184435485024636,0.41191968401310419,0.14270509768911399,25
194,4,"DenseLayer( 7202,128 )","all",0.092364699038949144,0.10149103037023476,0.18558193336622866,0.098427625998086729,25
194,4,"DenseLayer( 7202,128 )","weights",0.091571221758483007,0.10063831539173566,0.18408938358379653,0.097432043688409201,25
194,4,"DenseLayer( 7202,128 )","biases",0.012056202988492241,0.013128546024806075,0.023489419824362361,0.013964040329330178,25
194,6,"DenseLayer( 128,64 )","all",0.16937696969960417,0.18666818047577519,0.31724078860257521,0.21988382101246398,25
194,6,"DenseLayer( 128,64 )","weights",0.16789823799109885,0.18515056096820889,0.31422156188024819,0.21760251131942204,25
194,6,"DenseLayer( 128,64 )","biases",0.021723480729895772,0.023754565356876731,0.043663806553267202,0.031591799735407607,25
194,8,"DenseLayer( 64,1 )","all",0.17107284642734555,0.19230446297962372,0.37389362321891262,0.21465387015513493,25
194,8,"DenseLayer( 64,1 )","weights",0.16780260186499951,0.18910176459810007,0.36859438098624275,0.20851775621652816,25
194,8,"DenseLayer( 64,1 )","biases",0.028746552094817163,0.034950380652665584,0.066113747656345367,0.050957132130861282,25
195,0,"Conv2DLayer(1,8,5, stride=5, padding=0)","all",0.55739423395324794,0.67074272588787276,1.449671124311936,1.449671124311936,25
195,0,"Conv2DLayer(1,8,5, stride=5, padding=0)","weights",0.54015564206676625,0.65412883807178079,1.4237323986891488,1.4237323986891488,25
195,0,"Conv2DLayer(1,8,5, stride=5, padding=0)","biases",0.12608729728294707,0.14836194773039327,0.30506140349708227,0.2730062738961786,25
195,4,"DenseLayer( 7202,128 )","all",0.07346398533034991,0.079221863558839187,0.15874518579520636,0.12927360843935268,25
195,4,"DenseLayer( 7202,128 )","weights",0.072821416698554811,0.078528797502586539,0.15736695775723047,0.1281804418050829,25
195,4,"DenseLayer( 7202,128 )","biases",0.0096800803069784364,0.01045617657335084,0.020872820111059068,0.01677617887317711,25
195,6,"DenseLayer( 128,64 )","all",0.13135738708366695,0.1432557882859658,0.29509923098677171,0.2626860325877492,25
195,6,"DenseLayer( 128,64 )","weights",0.13009561733281855,0.14189479886726039,0.29164090265197595,0.26082477206123417,25
195,6,"DenseLayer( 128,64 )","biases",0.017796720339101818,0.019699922128099172,0.045045976838389533,0.031215220580628051,25
195,8,"DenseLayer( 64,1 )","all",0.12666511568615857,0.14049857674416885,0.31342225021606746,0.24826954847328017,25
195,8,"DenseLayer( 64,1 )","weights",0.12392782002106034,0.13757890959422378,0.30453748122758484,0.2461547759115712,25
195,8,"DenseLayer( 64,1 )","biases",0.023517550687538458,0.02849374847227908,0.074097432196140289,0.032335661351680756,25
196,0,"Conv2DLayer(1,8,5, stride=5, padding=0)","all",0.68338848598651902,0.79849885731284631,2.0056464827494636,2.0056464827494636,25
196,0,"Conv2DLayer(1,8,5, stride=5, padding=0)","weights",0.66467390598261067,0.78310912669802768,1.9862072592688937,1.9862072592688937,25
196,0,"Conv2DLayer(1,8,5, stride=5, padding=0)","biases",0.13667332167182963,0.15601448910974211,0.347161388421034,0.27856513958649776,25
196,4,"DenseLayer( 7202,128 )","all",0.088384315150913495,0.094293899486535382,0.17623774684603152,0.17623774684603152,25
196,4,"DenseLayer( 7202,128 )","weights",0.087619571837151342,0.09347987944190507,0.17486387485976673,0.17486387485976673,25
196,4,"DenseLayer( 7202,128 )","biases",0.011575552921923202,0.012363317512048836,0.021962893306523498,0.021962893306523498,25
196,6,"DenseLayer( 128,64 )","all",0.16145132064017134,0.17503275302627957,0.3544965383790441,0.3544965383790441,25
196,6,"DenseLayer( 128,64 )","weights",0.16011008628601889,0.17358930578536677,0.35308385346772952,0.35308385346772952,25
196,6,"DenseLayer( 128,64 )","biases",0.020191528212322798,0.022432510981007122,0.045979620711072505,0.031616263901732382,25
196,8,"DenseLayer( 64,1 )","all",0.15569848975272005,0.17189643727034248,0.33801021073803,0.33801021073803,25
196,8,"DenseLayer( 64,1 )","weights",0.15282392914312007,0.16871309355417766,0.33795206906852299,0.33795206906852299,25
196,8,"DenseLayer( 64,1 )","biases",0.024940299498848618,0.032928364818437049,0.080046780407428741,0.0062690968625247478,25
197,0,"Conv2DLayer(1,8,5, stride=5, padding=0)","all",0.55505521827882753,0.67969680685903,1.9382484438415764,0.38928481630887318,25
197,0,"Conv2DLayer(1,8,5, stride=5, padding=0)","weights",0.54207930398968152,0.6654330087319954,1.8951665572470642,0.38623098995996824,25
197,0,"Conv2DLayer(1,8,5, stride=5, padding=0)","biases",0.11235254637433513,0.13851592018336983,0.40638743871655558,0.048665086080022874,25
197,4,"DenseLayer( 7202,128 )","all",0.072290102110931009,0.079710183810773411,0.17680498448126547,0.049820274500035816,25
197,4,"DenseLayer( 7202,128 )","weights",0.071624192854644206,0.078962460336518853,0.17506944093705767,0.049405991815804379,25
197,4,"DenseLayer( 7202,128 )","biases",0.0097625966717015348,0.01089234872518186,0.024712211301431572,0.0064115305470371147,25
197,6,"DenseLayer( 128,64 )","all",0.1317309927203146,0.15132709014445411,0.39272523777595586,0.10788027273324095,25
197,6,"DenseLayer( 128,64 )","weights",0.13050015888707936,0.14983859659670237,0.38864112826399522,0.1069081826261631,25
197,6,"DenseLayer( 128,64 )","biases",0.017537536594691382,0.021172698966320454,0.05649058158551637,0.014449696625514694,25
197,8,"DenseLayer( 64,1 )","all",0.12434173301513013,0.14528766710698179,0.38701311450500187,0.11496255169324204,25
197,8,"DenseLayer( 64,1 )","weights",0.12147204139862823,0.14169032890844385,0.3759951891620773,0.1120016513810103,25
197,8,"DenseLayer( 64,1 )","biases",0.02418384264688939,0.032130311346237533,0.091688431799411774,0.025923317298293114,25
198,0,"Conv2DLayer(1,8,5, stride=5, padding=0)","all",0.42358039371804379,0.48297040298551497,0.88840021674522418,0.54202593640587315,25
198,0,"Conv2DLayer(1,8,5, stride=5, padding=0)","weights",0.4076910063075081,0.46778266966675291,0.87889998354598908,0.52539412811122543,25
198,0,"Conv2DLayer(1,8,5, stride=5, padding=0)","biases",0.10668884947396268,0.12016565282740443,0.25801174808906596,0.13324085665781704,25
198,4,"DenseLayer( 7202,128 )","all",0.075768618657775705,0.082638933084528826,0.17284968534111392,0.065236517023421245,25
198,4,"DenseLayer( 7202,128 )","weights",0.075049698747181245,0.08182971014161429,0.17110917982987012,0.064584467205286766,25
198,4,"DenseLayer( 7202,128 )","biases",0.010384555683462868,0.011536541920723897,0.024467576514057503,0.009200529830198213,25
198,6,"DenseLayer( 128,64 )","all",0.13953166706659581,0.15938805571964706,0.35776280264396976,0.097564769661145745,25
198,6,"DenseLayer( 128,64 )","weights",0.13793137738301872,0.15742657129739532,0.35276761000871082,0.09664322485533007,25
198,6,"DenseLayer( 128,64 )","biases",0.020814617714447994,0.024928436686551859,0.059575467135475867,0.013378018111608986,25
198,8,"DenseLayer( 64,1 )","all",0.13381794118081405,0.16121929789042505,0.41083940864903667,0.088524417050774712,25
198,8,"DenseLayer( 64,1 )","weights",0.12983898592130433,0.15590276747198256,0.39650501136676886,0.086849391026698641,25
198,8,"DenseLayer( 64,1 )","biases",0.031319893533363938,0.041060797689019025,0.10757692903280258,0.01713930256664753,25
199,0,"Conv2DLayer(1,8,5, stride=5, padding=0)","all",0.56240017452375624,0.63041238220357498,1.2019131655208772,0.24982771515374802,25
199,0,"Conv2DLayer(1,8,5, stride=5, padding=0)","weights",0.53548187065457042,0.60760945395595833,1.1363814956350231,0.17997172313917578,25
199,0,"Conv2DLayer(1,8,5, stride=5, padding=0)","biases",0.14946119938577351,0.16801941286330119,0.3914490437218151,0.17327453976062995,25
199,4,"DenseLayer( 7202,128 )","all",0.10938310358358078,0.11853197133388092,0.22480478670526494,0.16604622952136885,25
199,4,"DenseLayer( 7202,128 )","weights",0.1082530231457822,0.11728104949310222,0.22264922141709187,0.16402856977631741,25
199,4,"DenseLayer( 7202,128 )","biases",0.015647153457810498,0.017175088299408361,0.031056663181392476,0.025806561867069491,25
199,6,"DenseLayer( 128,64 )","all",0.22737173864430368,0.24956528515527412,0.44505918003832834,0.36780087258619887,25
199,6,"DenseLayer( 128,64 )","weights",0.22437854268764063,0.24607952253302351,0.43903599077987071,0.36169799113728934,25
199,6,"DenseLayer( 128,64 )","biases",0.036215632417411305,0.041565612524687545,0.076627810037926458,0.066723647100699154,25
199,8,"DenseLayer( 64,1 )","all",0.24100341657960508,0.26634077980577719,0.48099405912435644,0.38815727595656341,25
199,8,"DenseLayer( 64,1 )","weights",0.23265812897286023,0.25653041820067507,0.46214872275065,0.37095123074120911,25
199,8,"DenseLayer( 64,1 )","biases",0.060678846044465898,0.071620915418167133,0.1359306126832962,0.11428584903478622,25
200,0,"Conv2DLayer(1,8,5, stride=5, padding=0)","all",0.52501908514683981,0.6315475904057658,1.6883918613344808,0.12227674791157069,25
200,0,"Conv2DLayer(1,8,5, stride=5, padding=0)","weights",0.50271421531546712,0.61362343951471088,1.6649833419322693,0.10925853614517077,25
200,0,"Conv2DLayer(1,8,5, stride=5, padding=0)","biases",0.13836022847018933,0.14939422152635262,0.28017413961421345,0.054901505983390102,25
200,4,"DenseLayer( 7202,128 )","all",0.10975392101477106,0.11761333153827425,0.19902584293902528,0.072358906065848674,25
200,4,"DenseLayer( 7202,128 )","weights",0.10852549644453856,0.11627879168543534,0.19670722979945243,0.071485535508522366,25
200,4,"DenseLayer( 7202,128 )","biases",0.016347934949085794,0.017667437836515844,0.030291119197133901,0.011208456633546795,25
200,6,"DenseLayer( 128,64 )","all",0.23341038474191705,0.25657640248196806,0.4542094465135697,0.17271757849044242,25
200,6,"DenseLayer( 128,64 )","weights",0.23005133793116542,0.25276271017482127,0.44643482253033923,0.1704576232249215,25
200,6,"DenseLayer( 128,64 )","biases",0.039114725841368853,0.044073378083239405,0.083678973072498025,0.02784888874107621,25
200,8,"DenseLayer( 64,1 )","all",0.25133572276229738,0.27840018944010336,0.48498385775004238,0.19321683676701393,25
200,8,"DenseLayer( 64,1 )","weights",0.24205052105130628,0.26770226538260078,0.46170973184911263,0.18713126129772226,25
200,8,"DenseLayer( 64,1 )","biases",0.066302383728325365,0.076434040775750153,0.14843674004077911,0.048110675066709518,25
