epoch,layer_index,layer_name,parameter_scope,mean_pre_update_norm,mean_update_norm,mean_ratio,rms_ratio,maximum_ratio,last_ratio,near_zero_denominator_steps,optimizer_steps,epsilon
1,0,"Conv2DLayer(1,8,5, stride=5, padding=0)","all",1.4471613423033476,0.0059682193637364458,0.0041154266197332527,0.0047415274940361971,0.009892259807100243,0.0014405469041853822,0,25,9.9999999999999998e-13
1,0,"Conv2DLayer(1,8,5, stride=5, padding=0)","weights",1.4470186211184564,0.0057981747566482091,0.0039982704527645584,0.0046291478599954838,0.009700158870474665,0.0013828268124230995,0,25,9.9999999999999998e-13
1,0,"Conv2DLayer(1,8,5, stride=5, padding=0)","biases",0.018107407856558073,0.0013668847470332736,113137049.33767642,565685246.02287102,2828426230.1143551,0.019190340344952924,1,25,9.9999999999999998e-13
1,4,"DenseLayer( 7202,128 )","all",16.18223090724975,0.22493849628730442,0.014015460679460953,0.018998132882834886,0.0605282751359279,0.0041012893708281184,0,25,9.9999999999999998e-13
1,4,"DenseLayer( 7202,128 )","weights",16.182185958396261,0.22492348705241907,0.014014547211490971,0.018996802788942266,0.060524071023672341,0.0041011242460138745,0,25,9.9999999999999998e-13
1,4,"DenseLayer( 7202,128 )","biases",0.036005978904834618,0.0025854571170275775,452544905.17534178,2262724525.4197774,11313622627.098888,0.012840376617664422,1,25,9.9999999999999998e-13
1,6,"DenseLayer( 128,64 )","all",9.1336333240108925,0.021408812417502473,0.002342603022240227,0.0031639490622433803,0.0099322244609651375,0.00072489731144044262,0,25,9.9999999999999998e-13
1,6,"DenseLayer( 128,64 )","weights",9.133609711962654,0.021342510361647658,0.0023353526936067,0.0031530563693559174,0.0098936475103297266,0.00072381174981954964,0,25,9.9999999999999998e-13
1,6,"DenseLayer( 128,64 )","biases",0.019717266741138315,0.0016739188895924277,319999195.15608162,1599995975.3019626,7999979876.5098124,0.013691371361562231,1,25,9.9999999999999998e-13
1,8,"DenseLayer( 64,1 )","all",1.2026769619613733,0.0019247283756996102,0.0015956465393491331,0.0021234521833838672,0.0066557892916697262,0.000437475580219889,0,25,9.9999999999999998e-13
1,8,"DenseLayer( 64,1 )","weights",1.2026768433724655,0.0019159732003738721,0.0015883890867408159,0.0021124121577768907,0.0066043923782182594,0.00043623102315521205,0,25,9.9999999999999998e-13
1,8,"DenseLayer( 64,1 )","biases",0.00043015187016862908,0.00017188183752296028,40000002.334120348,200000009.49949026,1000000047.4974513,2.0401400067910234,1,25,9.9999999999999998e-13
2,0,"Conv2DLayer(1,8,5, stride=5, padding=0)","all",1.4390024691763039,0.00082192692606685401,0.00057111665202049205,0.00062852494596388718,0.0010953089205563077,0.00034144711890698938,0,25,9.9999999999999998e-13
2,0,"Conv2DLayer(1,8,5, stride=5, padding=0)","weights",1.4385849529086994,0.00077564512148195258,0.00053911596804024904,0.00059682581486691683,0.0010359157127845342,0.0003335992892135269,0,25,9.9999999999999998e-13
2,0,"Conv2DLayer(1,8,5, stride=5, padding=0)","biases",0.034617833930270278,0.00025670405966122481,0.0076103857218022168,0.0086014713428807111,0.016585264420616943,0.0028666538945998476,0,25,9.9999999999999998e-13
2,4,"DenseLayer( 7202,128 )","all",16.480661266035831,0.032497667108545625,0.0019731826039701885,0.0021413817477692184,0.0038248444323993429,0.00091507673916070131,0,25,9.9999999999999998e-13
2,4,"DenseLayer( 7202,128 )","weights",16.480577136306675,0.032496185501691505,0.0019731025814870343,0.0021412998730808413,0.0038247026227186463,0.00091503816017480654,0,25,9.9999999999999998e-13
2,4,"DenseLayer( 7202,128 )","biases",0.052649356149979273,0.00030726843229944572,0.0058811572412987533,0.0063171220165460376,0.011455940968369365,0.0027283157642579666,0,25,9.9999999999999998e-13
2,6,"DenseLayer( 128,64 )","all",9.1254607062956072,0.0036362149385731524,0.00039846366974329755,0.00041919402356504386,0.00064070780293184473,0.00025061784717620957,0,25,9.9999999999999998e-13
2,6,"DenseLayer( 128,64 )","weights",9.1254170819730493,0.0036307393667414597,0.00039786553085259567,0.00041854955479658616,0.00063947382065438038,0.00025046333068270938,0,25,9.9999999999999998e-13
2,6,"DenseLayer( 128,64 )","biases",0.028208805723427322,0.00019457666713824457,0.0069672476112342743,0.007675698118619948,0.013600262780826912,0.0027814517787466413,0,25,9.9999999999999998e-13
2,8,"DenseLayer( 64,1 )","all",1.1954098746965574,0.00031322779145657797,0.0002619852812415459,0.00028017134010742455,0.00044698076575262085,0.00011243360224688174,0,25,9.9999999999999998e-13
2,8,"DenseLayer( 64,1 )","weights",1.1954098726443594,0.000312487537182735,0.00026136621788597951,0.00027947070408480644,0.0004453281296017204,0.00011238548877663214,0,25,9.9999999999999998e-13
2,8,"DenseLayer( 64,1 )","biases",6.1928256327519195e-05,1.9031543561141008e-05,0.48119111557631306,0.84329627644009164,2.982732633732823,0.076136771542595114,0,25,9.9999999999999998e-13
3,0,"Conv2DLayer(1,8,5, stride=5, padding=0)","all",1.4380053282336189,0.00032791051523699868,0.00022803342534288401,0.00025869515221706645,0.00051625508370517817,0.0002822500951104962,0,25,9.9999999999999998e-13
3,0,"Conv2DLayer(1,8,5, stride=5, padding=0)","weights",1.4375216044273251,0.00032218465474466218,0.00022412713292484113,0.00025491499709483478,0.00051060928617279746,0.00027827740728429543,0,25,9.9999999999999998e-13
3,0,"Conv2DLayer(1,8,5, stride=5, padding=0)","biases",0.037295047459356002,5.9474721504878195e-05,0.0015945987888241176,0.0017177400351191265,0.0029609015746340866,0.0018323708625482087,0,25,9.9999999999999998e-13
3,4,"DenseLayer( 7202,128 )","all",16.521206640292458,0.014261378589783071,0.00086320111704612688,0.00088578605308883005,0.0013013931653966604,0.00078244828885587231,0,25,9.9999999999999998e-13
3,4,"DenseLayer( 7202,128 )","weights",16.521117369864516,0.01426055890339388,0.00086315617026475088,0.00088573897011316521,0.0013013116198632433,0.00078237823578870564,0,25,9.9999999999999998e-13
3,4,"DenseLayer( 7202,128 )","biases",0.054311055461975816,0.00015199955068309341,0.0027979243384227822,0.0029145905058936641,0.0046090278417942323,0.0032729124177530203,0,25,9.9999999999999998e-13
3,6,"DenseLayer( 128,64 )","all",9.1245735374724877,0.0017209936466841115,0.00018861092812973011,0.00019450950125264878,0.00027534250869347751,0.00018421099806074996,0,25,9.9999999999999998e-13
3,6,"DenseLayer( 128,64 )","weights",9.1245268141295881,0.0017180912649141752,0.00018829380730785351,0.0001941827512539875,0.00027499956276398618,0.0001838000242599944,0,25,9.9999999999999998e-13
3,6,"DenseLayer( 128,64 )","biases",0.029200209318165578,9.8572195721855217e-05,0.0033760482856689945,0.0035276777267662634,0.0052844612667885061,0.0038371634554420094,0,25,9.9999999999999998e-13
3,8,"DenseLayer( 64,1 )","all",1.1944620619324,0.00016869309206799204,0.00014123129712202199,0.0001492421057039057,0.00024323537263410601,0.00017702602925439521,0,25,9.9999999999999998e-13
3,8,"DenseLayer( 64,1 )","weights",1.1944620580623997,0.00016812627481257262,0.00014075674158499707,0.00014872979374898308,0.00024186053180313315,0.00017601027425049944,0,25,9.9999999999999998e-13
3,8,"DenseLayer( 64,1 )","biases",9.0023304946953433e-05,1.2074184487573803e-05,0.15200805432500361,0.19945314316152307,0.62040327933366035,0.62040327933366035,0,25,9.9999999999999998e-13
4,0,"Conv2DLayer(1,8,5, stride=5, padding=0)","all",1.4377796942019219,0.00045268972117168193,0.00031485119446646637,0.00035041946655500164,0.00061159217609641479,0.00056216359615704318,0,25,9.9999999999999998e-13
4,0,"Conv2DLayer(1,8,5, stride=5, padding=0)","weights",1.437280797089155,0.00044650834388995918,0.00031065977084207232,0.00034596700026898392,0.00060408570042929104,0.00055503852421550422,0,25,9.9999999999999998e-13
4,0,"Conv2DLayer(1,8,5, stride=5, padding=0)","biases",0.037872622645296512,7.4125844398019875e-05,0.0019575519977124462,0.0021427539292222493,0.0037018986735082543,0.0034079434123571923,0,25,9.9999999999999998e-13
4,4,"DenseLayer( 7202,128 )","all",16.527040579429617,0.014722291504501689,0.00089080173541451876,0.0009124713293282463,0.0012319312813708452,0.0011585666507312347,0,25,9.9999999999999998e-13
4,4,"DenseLayer( 7202,128 )","weights",16.526951069505643,0.014720970810419605,0.00089072664880015531,0.00091239259740488439,0.0012318196691642467,0.0011584369709975771,0,25,9.9999999999999998e-13
4,4,"DenseLayer( 7202,128 )","biases",0.054393562155402864,0.00019629135799602957,0.0036086610325999787,0.003754423900936955,0.0053931607674594798,0.0053931607674594798,0,25,9.9999999999999998e-13
4,6,"DenseLayer( 128,64 )","all",9.1244735699646213,0.0021936149324693556,0.00024040992375500041,0.00024797752706449749,0.00033389232118977586,0.00032827778902567837,0,25,9.9999999999999998e-13
4,6,"DenseLayer( 128,64 )","weights",9.124426546733071,0.002190049647670948,0.00024002042179098291,0.00024757803515610365,0.00033339317894383086,0.0003277550207052666,0,25,9.9999999999999998e-13
4,6,"DenseLayer( 128,64 )","biases",0.029293704437662636,0.00012343625802662672,0.0042142448325316008,0.0043907001346089386,0.0074233603369510725,0.0057834238481026473,0,25,9.9999999999999998e-13
4,8,"DenseLayer( 64,1 )","all",1.1942973063781195,0.00021754938331079482,0.0001821553439915453,0.00019405515284453848,0.00029106973707574395,0.00029106973707574395,0,25,9.9999999999999998e-13
4,8,"DenseLayer( 64,1 )","weights",1.1942973035873112,0.00021682887654682746,0.00018155205888659238,0.00019339433736415988,0.0002903097060038521,0.00028988831201462808,0,25,9.9999999999999998e-13
4,8,"DenseLayer( 64,1 )","biases",7.7174807229312138e-05,1.5934841940179467e-05,0.23487206703966673,0.29966702889944802,0.70282816233223977,0.53666273998311931,0,25,9.9999999999999998e-13
5,0,"Conv2DLayer(1,8,5, stride=5, padding=0)","all",1.4375084878958486,0.00026400354407366347,0.00018365719156154299,0.00021256057735579518,0.00048176785908140342,0.00048176785908140342,0,25,9.9999999999999998e-13
5,0,"Conv2DLayer(1,8,5, stride=5, padding=0)","weights",1.4369979176356293,0.00025955821336046326,0.00018062897028863319,0.00020924992987455317,0.00047549548832312005,0.00047549548832312005,0,25,9.9999999999999998e-13
5,0,"Conv2DLayer(1,8,5, stride=5, padding=0)","biases",0.038309684427980717,4.783576834933183e-05,0.0012480239102084679,0.0014163371522550505,0.0029407317927420303,0.0029407317927420303,0,25,9.9999999999999998e-13
5,4,"DenseLayer( 7202,128 )","all",16.528558757982324,0.013580175822258409,0.00082161875283299015,0.00085060369163473138,0.0013182603714853183,0.0013182603714853183,0,25,9.9999999999999998e-13
5,4,"DenseLayer( 7202,128 )","weights",16.528469264376053,0.013578745069177231,0.00082153663872456748,0.00085051713753479872,0.0013181002137698935,0.0013181002137698935,0,25,9.9999999999999998e-13
5,4,"DenseLayer( 7202,128 )","biases",0.054391106279721983,0.00019616274516763774,0.0036065919675153757,0.003784355893645007,0.0063839707936225454,0.0063839707936225454,0,25,9.9999999999999998e-13
5,6,"DenseLayer( 128,64 )","all",9.1243947342962084,0.0021444831154364035,0.00023502772682303319,0.00024840114134419582,0.00042503843557297822,0.00042503843557297822,0,25,9.9999999999999998e-13
5,6,"DenseLayer( 128,64 )","weights",9.1243477965840771,0.0021397923082646336,0.00023451483713652331,0.00024783286633217025,0.00042389582679441546,0.00042389582679441546,0,25,9.9999999999999998e-13
5,6,"DenseLayer( 128,64 )","biases",0.0292669348775139,0.00013848005587476753,0.0047314054863670371,0.0052403135486521098,0.0096980279486262103,0.0096980279486262103,0,25,9.9999999999999998e-13
5,8,"DenseLayer( 64,1 )","all",1.1941387689630509,0.00021189102112913392,0.000177443961953757,0.00019250990390782969,0.00033988260531631954,0.00033988260531631954,0,25,9.9999999999999998e-13
5,8,"DenseLayer( 64,1 )","weights",1.1941387644866996,0.00021053739202169636,0.00017631038503958864,0.00019115312627508786,0.00033760066635097941,0.00033760066635097941,0,25,9.9999999999999998e-13
5,8,"DenseLayer( 64,1 )","biases",9.8856479598907751e-05,2.3032175668049605e-05,0.26477241536189,0.32266043913151232,0.7383227626992368,0.39804345274192166,0,25,9.9999999999999998e-13
6,0,"Conv2DLayer(1,8,5, stride=5, padding=0)","all",1.4373244587165839,0.00041229182370246373,0.00028684819250673741,0.00031879274658967136,0.00059984886804386221,0.00059984886804386221,0,25,9.9999999999999998e-13
6,0,"Conv2DLayer(1,8,5, stride=5, padding=0)","weights",1.4368029612597164,0.00040530056260100494,0.00028208651390304595,0.00031413030827211463,0.00059334109425395148,0.00059334109425395148,0,25,9.9999999999999998e-13
6,0,"Conv2DLayer(1,8,5, stride=5, padding=0)","biases",0.038714394296592382,7.3956073045615029e-05,0.0019108453860884461,0.0020420751601169249,0.0033036270591171642,0.0033036270591171642,0,25,9.9999999999999998e-13
6,4,"DenseLayer( 7202,128 )","all",16.531521780669522,0.014594758925944607,0.00088284410903671773,0.00089889350464797055,0.001363271314200156,0.0010174719783624638,0,25,9.9999999999999998e-13
6,4,"DenseLayer( 7202,128 )","weights",16.53143264238696,0.01459310882729634,0.00088274905361942981,0.00089879557143254286,0.0013630719208066976,0.0010173593521908678,0,25,9.9999999999999998e-13
6,4,"DenseLayer( 7202,128 )","biases",0.054287876297459244,0.00021790212226696737,0.0040138652660042509,0.0041393601332934326,0.0072324094503837819,0.0047229582149615427,0,25,9.9999999999999998e-13
6,6,"DenseLayer( 128,64 )","all",9.1245561106876973,0.0024887943592867535,0.00027275770334215014,0.00027947565874531324,0.0004177809872499049,0.00029737895862372559,0,25,9.9999999999999998e-13
6,6,"DenseLayer( 128,64 )","weights",9.1245089108008397,0.0024839814630250646,0.0002722316453950112,0.00027892481969056071,0.00041664071109618776,0.00029703454474748708,0,25,9.9999999999999998e-13
6,6,"DenseLayer( 128,64 )","biases",0.029348819569314448,0.00015157964431857107,0.0051644390939624904,0.0054592113746977445,0.0096058984380329396,0.0044562544985046844,0,25,9.9999999999999998e-13
6,8,"DenseLayer( 64,1 )","all",1.1941352989884086,0.00025955972577178672,0.00021736189648909136,0.00022845499241763503,0.00038720102947987643,0.0002548720186680961,0,25,9.9999999999999998e-13
6,8,"DenseLayer( 64,1 )","weights",1.1941352936439378,0.00025815198777677533,0.00021618301643117703,0.00022709025518089849,0.00038396442247434483,0.00025483328612878998,0,25,9.9999999999999998e-13
6,8,"DenseLayer( 64,1 )","biases",0.00010567511766566895,2.4017659889068455e-05,0.25392600242830521,0.31366734360768211,0.64976783381348313,0.050608823252626049,0,25,9.9999999999999998e-13
7,0,"Conv2DLayer(1,8,5, stride=5, padding=0)","all",1.4370624280704356,0.00047815545426639085,0.0003327305210829712,0.00036311240033923959,0.00059297218287755185,0.00014821729571102234,0,25,9.9999999999999998e-13
7,0,"Conv2DLayer(1,8,5, stride=5, padding=0)","weights",1.4365306007902496,0.00047059720357888423,0.00032759220598277145,0.00035799617268367489,0.00058523833043437699,0.00013946057944995248,0,25,9.9999999999999998e-13
7,0,"Conv2DLayer(1,8,5, stride=5, padding=0)","biases",0.039092689264123827,8.3047548020477854e-05,0.0021243759453023602,0.002261515768938625,0.0035568061538171695,0.0018365492863719674,0,25,9.9999999999999998e-13
7,4,"DenseLayer( 7202,128 )","all",16.533376637113172,0.01288588856678871,0.00077938722819874808,0.00080224203412754822,0.001146625863812306,0.00065190655693489702,0,25,9.9999999999999998e-13
7,4,"DenseLayer( 7202,128 )","weights",16.533287157085471,0.012883940083421003,0.00077927359432454382,0.00080212227120183709,0.0011464464478243479,0.00065179878917093312,0,25,9.9999999999999998e-13
7,4,"DenseLayer( 7202,128 )","biases",0.05439486886967386,0.00022295363069219293,0.0040986646266124548,0.0042885853573471919,0.0065057362296070701,0.0036592989043377567,0,25,9.9999999999999998e-13
7,6,"DenseLayer( 128,64 )","all",9.1246180886015811,0.0024924646641335296,0.000273158336071483,0.00028687974932963711,0.00042454890914359706,0.00026936025960061277,0,25,9.9999999999999998e-13
7,6,"DenseLayer( 128,64 )","weights",9.1245706879971138,0.0024867955149957613,0.00027253844951309988,0.00028621087412796919,0.00042343485239164765,0.00026845867207787454,0,25,9.9999999999999998e-13
7,6,"DenseLayer( 128,64 )","biases",0.029411235881913751,0.00016636652554087908,0.0056571335002847034,0.0060819349073825621,0.0095512361394048395,0.0068489743802479658,0,25,9.9999999999999998e-13
7,8,"DenseLayer( 64,1 )","all",1.1940778858170773,0.00027017816436912198,0.0002262654241081199,0.00024496299459921277,0.00039522133580335964,0.0002427016966389904,0,25,9.9999999999999998e-13
7,8,"DenseLayer( 64,1 )","weights",1.1940778801419625,0.00026865093233984725,0.00022498642358927321,0.0002434594638571249,0.00039198449335521378,0.00024000202310527381,0,25,9.9999999999999998e-13
7,8,"DenseLayer( 64,1 )","biases",0.00010745965591922868,2.6099621609319003e-05,0.38430809025366425,0.65079080221757457,2.2440846662108838,0.23183372804045407,0,25,9.9999999999999998e-13
8,0,"Conv2DLayer(1,8,5, stride=5, padding=0)","all",1.4367592013975936,0.00022873889262305599,0.00015920562071361166,0.00018015539753644098,0.00039831752189322333,0.00019652708607746603,0,25,9.9999999999999998e-13
8,0,"Conv2DLayer(1,8,5, stride=5, padding=0)","weights",1.4362119154225899,0.00022306148811488582,0.00015531332091565068,0.00017642786727395881,0.000392661016692261,0.00019440620139893721,0,25,9.9999999999999998e-13
8,0,"Conv2DLayer(1,8,5, stride=5, padding=0)","biases",0.039652530969313683,4.799857133300779e-05,0.0012106244553995681,0.0013331829593178776,0.0024496222828795581,0.0010559173191687597,0,25,9.9999999999999998e-13
8,4,"DenseLayer( 7202,128 )","all",16.535057024224052,0.010094510639354378,0.00061049271981216758,0.00062693674717734346,0.00095224897722773108,0.00064416473169180287,0,25,9.9999999999999998e-13
8,4,"DenseLayer( 7202,128 )","weights",16.534967632199713,0.01009303920874957,0.00061040703100687002,0.00062684487877503613,0.00095209039469821113,0.00064408995891770862,0,25,9.9999999999999998e-13
8,4,"DenseLayer( 7202,128 )","biases",0.054370894315479056,0.00017081911680771853,0.0031415065842478425,0.0033230618981955643,0.0054453815272793643,0.0030523810836604252,0,25,9.9999999999999998e-13
8,6,"DenseLayer( 128,64 )","all",9.1249069680283323,0.0022263204682298125,0.00024398296340394249,0.00025453491917855629,0.00043135249782500683,0.00020734498813507597,0,25,9.9999999999999998e-13
8,6,"DenseLayer( 128,64 )","weights",9.1248598591515258,0.002220031035885423,0.0002432949590925561,0.00025378625071022698,0.0004299089688124368,0.00020686776177665097,0,25,9.9999999999999998e-13
8,6,"DenseLayer( 128,64 )","biases",0.029321024885757729,0.00016604596548718765,0.0056627386352860656,0.0060750961739028265,0.010955368592605173,0.0043943862057992814,0,25,9.9999999999999998e-13
8,8,"DenseLayer( 64,1 )","all",1.1940753121030483,0.00023475459999263321,0.00019660027628380143,0.00021036894476193164,0.00037495907137500482,0.00018698947022348247,0,25,9.9999999999999998e-13
8,8,"DenseLayer( 64,1 )","weights",1.1940753053703439,0.00023277139393467017,0.00019493939238283541,0.00020843429893372217,0.00037066553522519598,0.00018576428478623403,0,25,9.9999999999999998e-13
8,8,"DenseLayer( 64,1 )","biases",0.00012030647965730168,2.929677051724866e-05,0.27839495257745978,0.33453920789596842,0.68374931240554504,0.43563183802428279,0,25,9.9999999999999998e-13
9,0,"Conv2DLayer(1,8,5, stride=5, padding=0)","all",1.4366135506191249,0.0002836188746740274,0.0001974203858134919,0.00022659422769140441,0.00044824230364505258,0.00044824230364505258,0,25,9.9999999999999998e-13
9,0,"Conv2DLayer(1,8,5, stride=5, padding=0)","weights",1.436062274481656,0.00027853436423534819,0.00019395556254996079,0.00022316893776678541,0.00044280172945265983,0.00044280172945265983,0,25,9.9999999999999998e-13
9,0,"Conv2DLayer(1,8,5, stride=5, padding=0)","biases",0.039794919620314263,5.2227914208725086e-05,0.0013126118611572427,0.0014348468058743211,0.0025562163063977844,0.0025562163063977844,0,25,9.9999999999999998e-13
9,4,"DenseLayer( 7202,128 )","all",16.537006162786625,0.011264193449712689,0.00068115048404580295,0.00069470084105193721,0.00099310835635165991,0.00072153733510452113,0,25,9.9999999999999998e-13
9,4,"DenseLayer( 7202,128 )","weights",16.536916702531499,0.011262688039047883,0.00068106313588774255,0.00069461034132431844,0.0009929665752154049,0.0007214299946349754,0,25,9.9999999999999998e-13
9,4,"DenseLayer( 7202,128 )","biases",0.054394860333140192,0.00018296812652836386,0.0033636187517554613,0.003478913489864083,0.0052009662872708777,0.0038492632351903614,0,25,9.9999999999999998e-13
9,6,"DenseLayer( 128,64 )","all",9.1252309232577939,0.0021553102966621863,0.00023619217256186755,0.00024259432337228679,0.00036588235494953021,0.00021824483686713048,0,25,9.9999999999999998e-13
9,6,"DenseLayer( 128,64 )","weights",9.1251843573828992,0.002150443790702269,0.00023566007325964293,0.00024205473674611774,0.00036518264878295089,0.00021775330176669312,0,25,9.9999999999999998e-13
9,6,"DenseLayer( 128,64 )","biases",0.029152089573276054,0.00014322577105615902,0.0049131843587081952,0.005068178330819767,0.0071055179763427146,0.0045810310532982176,0,25,9.9999999999999998e-13
9,8,"DenseLayer( 64,1 )","all",1.1941646151099399,0.00020285589521255106,0.00016987150517590066,0.00017555653027429658,0.00024555297414824429,0.00019079422315441388,0,25,9.9999999999999998e-13
9,8,"DenseLayer( 64,1 )","weights",1.1941646108155042,0.00020157542247871082,0.00016879921725401114,0.0001744515809448126,0.00024365697258418455,0.00019049053644388356,0,25,9.9999999999999998e-13
9,8,"DenseLayer( 64,1 )","biases",9.564446911099367e-05,2.0910359744448214e-05,0.24677157691154478,0.2963427702466806,0.81593620653006194,0.10623399388928259,0,25,9.9999999999999998e-13
10,0,"Conv2DLayer(1,8,5, stride=5, padding=0)","all",1.436351031874777,0.00069418858246538364,0.00048329078682603693,0.0005334739056870602,0.0008558379580011049,0.00041407240300197519,0,25,9.9999999999999998e-13
10,0,"Conv2DLayer(1,8,5, stride=5, padding=0)","weights",1.4357929618218703,0.00068313970756532516,0.00047578309722792734,0.00052600097562879931,0.00084346049132434295,0.00041032866122157029,0,25,9.9999999999999998e-13
10,0,"Conv2DLayer(1,8,5, stride=5, padding=0)","biases",0.040035363059615837,0.00012021328287129604,0.0030046314426450805,0.0032391800323414762,0.0052911802767735419,0.0020224073311470975,0,25,9.9999999999999998e-13
10,4,"DenseLayer( 7202,128 )","all",16.540385393363984,0.017623721332861206,0.0010655119410383266,0.001100152871401996,0.0016515927316534016,0.00085432253518834711,0,25,9.9999999999999998e-13
10,4,"DenseLayer( 7202,128 )","weights",16.540295780762914,0.017621008534945762,0.0010653537016872714,0.0010999896210686796,0.0016513758090886451,0.00085419072270344885,0,25,9.9999999999999998e-13
10,4,"DenseLayer( 7202,128 )","biases",0.054446708808156545,0.00030809373619327291,0.0056579692642420975,0.0058601930011341046,0.0082975079060981175,0.0046444763671890611,0,25,9.9999999999999998e-13
10,6,"DenseLayer( 128,64 )","all",9.1254830765911592,0.003647452095303115,0.00039969995544835379,0.0004156594362137257,0.00059901640196915237,0.00033202767337562581,0,25,9.9999999999999998e-13
10,6,"DenseLayer( 128,64 )","weights",9.1254363927217543,0.003637569740446408,0.00039861905255837048,0.00041450151415880831,0.00059697896081817249,0.00033126630607782572,0,25,9.9999999999999998e-13
10,6,"DenseLayer( 128,64 )","biases",0.029189427472624291,0.00026642010654566629,0.009126857916040107,0.0097013027443136526,0.015445261153893879,0.0070414083010430489,0,25,9.9999999999999998e-13
10,8,"DenseLayer( 64,1 )","all",1.1942648027077887,0.00038882714294033633,0.00032557792898912815,0.00034323170364901692,0.00050482215621547636,0.00031030688310408508,0,25,9.9999999999999998e-13
10,8,"DenseLayer( 64,1 )","weights",1.1942647953883114,0.00038669976936356039,0.00032379658876250598,0.00034126977397007239,0.00050068114904543528,0.00030865457081036024,0,25,9.9999999999999998e-13
10,8,"DenseLayer( 64,1 )","biases",0.00012142471576225943,3.7847463972866534e-05,0.40504368271961416,0.50913282337458921,1.265725065798132,0.2268960541496941,0,25,9.9999999999999998e-13
11,0,"Conv2DLayer(1,8,5, stride=5, padding=0)","all",1.4360457968023945,0.00049601328267877265,0.00034540436702419533,0.00037999716950869324,0.00066836757236014019,0.00046235063959730225,0,25,9.9999999999999998e-13
11,0,"Conv2DLayer(1,8,5, stride=5, padding=0)","weights",1.4354768099893185,0.00048762221028295696,0.00033969579045672654,0.00037449448286902629,0.00066147779186979201,0.00045510904003563083,0,25,9.9999999999999998e-13
11,0,"Conv2DLayer(1,8,5, stride=5, padding=0)","biases",0.040420725000524231,8.8464891367643378e-05,0.0021882179226338071,0.002318755756484824,0.0034532404399680284,0.0029194558200156804,0,25,9.9999999999999998e-13
11,4,"DenseLayer( 7202,128 )","all",16.545409217065512,0.014361766932041817,0.0008680189785940835,0.00088909543432134724,0.0012888476748063741,0.0010664891032234601,0,25,9.9999999999999998e-13
11,4,"DenseLayer( 7202,128 )","weights",16.545319813854057,0.01435940495835834,0.00086788091156759454,0.00088894964415622206,0.0012885876987351352,0.0010662510315044313,0,25,9.9999999999999998e-13
11,4,"DenseLayer( 7202,128 )","biases",0.054391324398319361,0.00025859869043987641,0.0047546584642509208,0.0049782656710696035,0.0079853780867412179,0.0069390196569011509,0,25,9.9999999999999998e-13
11,6,"DenseLayer( 128,64 )","all",9.1261191551909508,0.0033045018713049328,0.00036209264529077042,0.00037381272595136261,0.00060464186013563378,0.00044039657113368013,0,25,9.9999999999999998e-13
11,6,"DenseLayer( 128,64 )","weights",9.1260723247731956,0.0032941341844690865,0.000360958453208001,0.00037261968867714578,0.00060253508072691188,0.00043886066671676612,0,25,9.9999999999999998e-13
11,6,"DenseLayer( 128,64 )","biases",0.029236187321251553,0.00026058306792201398,0.0089125398598871204,0.0093214829731244567,0.015778626776259394,0.011435617097405697,0,25,9.9999999999999998e-13
11,8,"DenseLayer( 64,1 )","all",1.1942862378738057,0.00035565585717166695,0.00029779758537813196,0.0003102418172516573,0.0004649714107027722,0.00038002187082818059,0,25,9.9999999999999998e-13
11,8,"DenseLayer( 64,1 )","weights",1.1942862297835168,0.00035281080126641911,0.00029541537437365365,0.00030763343815250026,0.00046085176347490322,0.00037539463620909271,0,25,9.9999999999999998e-13
11,8,"DenseLayer( 64,1 )","biases",0.00012915853047161364,4.3674403277691456e-05,0.40442230282829494,0.47609065594372935,0.91677579258051989,0.44664259943747409,0,25,9.9999999999999998e-13
12,0,"Conv2DLayer(1,8,5, stride=5, padding=0)","all",1.4355900636696621,0.00045453132347918191,0.00031660364080050179,0.00040012379305454261,0.00090478150766217164,0.00014693333525379247,0,25,9.9999999999999998e-13
12,0,"Conv2DLayer(1,8,5, stride=5, padding=0)","weights",1.4350044495808605,0.00044663510937398363,0.00031123009223113751,0.00039455236904956521,0.00089545921703492576,0.0001442738486946673,0,25,9.9999999999999998e-13
12,0,"Conv2DLayer(1,8,5, stride=5, padding=0)","biases",0.041000485467073848,8.0876417257250564e-05,0.0019755979503036252,0.0023699460194932884,0.0049967241551699239,0.00098234508140423332,0,25,9.9999999999999998e-13
12,4,"DenseLayer( 7202,128 )","all",16.547717466627223,0.012693484868813151,0.00076709142453612307,0.00081827582592085312,0.0016026331285974691,0.0007270741637318269,0,25,9.9999999999999998e-13
12,4,"DenseLayer( 7202,128 )","weights",16.547628005217376,0.012691336045251321,0.00076696571291274965,0.00081814078640978275,0.0016023752272690331,0.00072694145181418962,0,25,9.9999999999999998e-13
12,4,"DenseLayer( 7202,128 )","biases",0.054412825282214222,0.00023250570580186938,0.0042730804473067466,0.0045944078407239176,0.008894214511677781,0.0042845253440898928,0,25,9.9999999999999998e-13
12,6,"DenseLayer( 128,64 )","all",9.1265029801101427,0.0024272241382972577,0.00026595416227365225,0.00028803590058363991,0.00055525908817971896,0.00015587536730561361,0,25,9.9999999999999998e-13
12,6,"DenseLayer( 128,64 )","weights",9.1264559508062852,0.0024206970458389284,0.00026524034538061736,0.000287224129793831,0.00055346205457972519,0.00015540605905939463,0,25,9.9999999999999998e-13
12,6,"DenseLayer( 128,64 )","biases",0.029298862244517936,0.0001750146624309214,0.0059738804668839031,0.0067381672473646936,0.013920420953468156,0.0037683376067123159,0,25,9.9999999999999998e-13
12,8,"DenseLayer( 64,1 )","all",1.1943217463844129,0.00026168772114514092,0.00021911080934854427,0.00024590611220871996,0.00047103965671324772,0.000107367277180274,0,25,9.9999999999999998e-13
12,8,"DenseLayer( 64,1 )","weights",1.1943217331995803,0.00026021153713501094,0.00021787480650512856,0.00024441083601567799,0.00046717641733879257,0.00010671957818299523,0,25,9.9999999999999998e-13
12,8,"DenseLayer( 64,1 )","biases",0.00017338131525320932,2.5041740154847503e-05,0.15963576923004322,0.21405786378623035,0.56952953646172633,0.057910407766950729,0,25,9.9999999999999998e-13
13,0,"Conv2DLayer(1,8,5, stride=5, padding=0)","all",1.4354117204863406,0.00042177120716715483,0.0002938319330240604,0.00033113601237011827,0.0006049384519659374,0.0002666002905714827,0,25,9.9999999999999998e-13
13,0,"Conv2DLayer(1,8,5, stride=5, padding=0)","weights",1.4348232581424736,0.00041514522613514675,0.0002893344335827406,0.00032649064608848206,0.00059672033292026993,0.00026371015912563173,0,25,9.9999999999999998e-13
13,0,"Conv2DLayer(1,8,5, stride=5, padding=0)","biases",0.041097655217415784,7.3231739621087009e-05,0.0017821655603010894,0.0019582680547044424,0.0035215362985793952,0.0013974456384896546,0,25,9.9999999999999998e-13
13,4,"DenseLayer( 7202,128 )","all",16.55092699373138,0.011765457440884662,0.00071086301325511462,0.0007249642489928832,0.0010265287966059345,0.00060773557479297123,0,25,9.9999999999999998e-13
13,4,"DenseLayer( 7202,128 )","weights",16.550837008043278,0.01176360218812186,0.00071075478384244393,0.00072485176740006829,0.0010263947161590521,0.00060761807453281816,0,25,9.9999999999999998e-13
13,4,"DenseLayer( 7202,128 )","biases",0.054577321474931696,0.00020776138525924312,0.0038068558632181233,0.003940174546386583,0.0058836384072940657,0.0036729611625700431,0,25,9.9999999999999998e-13
13,6,"DenseLayer( 128,64 )","all",9.1269771837682683,0.002111166057334293,0.00023131057002352947,0.00024189336805724082,0.00042287115995215028,0.00022274089795794904,0,25,9.9999999999999998e-13
13,6,"DenseLayer( 128,64 )","weights",9.1269303180208254,0.0021044704381007872,0.00023057814596776042,0.00024111166436325846,0.0004214173654442397,0.00022193687460041463,0,25,9.9999999999999998e-13
13,6,"DenseLayer( 128,64 )","biases",0.029248634358538871,0.00016660166794200848,0.0056961127942825656,0.006068437728949252,0.010942495205128605,0.0059065058997426747,0,25,9.9999999999999998e-13
13,8,"DenseLayer( 64,1 )","all",1.1944802842619056,0.00024799396390129131,0.00020761615528811747,0.00022047373216138206,0.00040625555269338211,0.00024033948718994521,0,25,9.9999999999999998e-13
13,8,"DenseLayer( 64,1 )","weights",1.1944802699555535,0.00024642402675021421,0.00020630182954317511,0.00021895749647098892,0.00040246012131745586,0.00023834577774050164,0,25,9.9999999999999998e-13
13,8,"DenseLayer( 64,1 )","biases",0.00018029085855232553,2.5584152317605913e-05,0.14462051348439622,0.17067898968222175,0.29933507800818526,0.19166888967649351,0,25,9.9999999999999998e-13
14,0,"Conv2DLayer(1,8,5, stride=5, padding=0)","all",1.4352385548964091,0.00049148234129324845,0.00034243074355846362,0.00040639286882008521,0.00085867627897200441,0.00030077312441749741,0,25,9.9999999999999998e-13
14,0,"Conv2DLayer(1,8,5, stride=5, padding=0)","weights",1.4346441352936068,0.00048375530355820022,0.00033718627630121461,0.00040113840436332315,0.00084908956929737815,0.00029526383392454182,0,25,9.9999999999999998e-13
14,0,"Conv2DLayer(1,8,5, stride=5, padding=0)","biases",0.041302260737892067,8.4262389200406997e-05,0.0020424078123487312,0.0023036800759375807,0.0045617401215611404,0.0019962720568601293,0,25,9.9999999999999998e-13
14,4,"DenseLayer( 7202,128 )","all",16.55429922763571,0.013089405167223993,0.00079069759893879183,0.00081436553671592935,0.00127457131294078,0.00071062842378721044,0,25,9.9999999999999998e-13
14,4,"DenseLayer( 7202,128 )","weights",16.554209155197256,0.013087043015072812,0.00079055920976504608,0.00081421873631903137,0.001274337160951208,0.00071048353601857179,0,25,9.9999999999999998e-13
14,4,"DenseLayer( 7202,128 )","biases",0.054609138499249574,0.0002474339072242446,0.004530812971373744,0.0047570712383843824,0.007511404696140876,0.0044203856897315702,0,25,9.9999999999999998e-13
14,6,"DenseLayer( 128,64 )","all",9.1274170579633704,0.0025043887861583066,0.00027438048208037043,0.00029080047379312346,0.00045206119212941326,0.00034214122953616011,0,25,9.9999999999999998e-13
14,6,"DenseLayer( 128,64 )","weights",9.1273703033209408,0.0024967559118385316,0.00027354562817126315,0.00028990229956660425,0.00045046480788481051,0.00034097439477521563,0,25,9.9999999999999998e-13
14,6,"DenseLayer( 128,64 )","biases",0.029214630633651047,0.00019444208458110462,0.0066546610651460943,0.0071393528709371079,0.011851097181180376,0.0088374911889371587,0,25,9.9999999999999998e-13
14,8,"DenseLayer( 64,1 )","all",1.1947225426456238,0.00027450692548776432,0.00022976501821602948,0.00025088617667089528,0.00045018200932888357,0.00029948930478124636,0,25,9.9999999999999998e-13
14,8,"DenseLayer( 64,1 )","weights",1.1947225211983945,0.0002724999219129603,0.00022808515743790841,0.00024900765779561104,0.00044596169150309684,0.00029637453052959727,0,25,9.9999999999999998e-13
14,8,"DenseLayer( 64,1 )","biases",0.00022211838979274034,3.0946879414841531e-05,0.148685133857239,0.17977098462070884,0.38093387565390013,0.17427332979551091,0,25,9.9999999999999998e-13
15,0,"Conv2DLayer(1,8,5, stride=5, padding=0)","all",1.4349156136026184,0.0005554205294950145,0.00038708425829606498,0.0004462858412170256,0.00084369005527523504,0.00015833904724509379,0,25,9.9999999999999998e-13
15,0,"Conv2DLayer(1,8,5, stride=5, padding=0)","weights",1.4343092471697951,0.00054319177812165408,0.00037872234830089156,0.00043801454738007911,0.00082966331011165599,0.0001567573537774451,0,25,9.9999999999999998e-13
15,0,"Conv2DLayer(1,8,5, stride=5, padding=0)","biases",0.041710283347256669,0.00011277016592653878,0.0027027699244026628,0.002971546822205184,0.0053329029034655936,0.0007725715965819234,0,25,9.9999999999999998e-13
15,4,"DenseLayer( 7202,128 )","all",16.558741686890624,0.016278499266013418,0.00098308120715052375,0.0010052637630244897,0.0014467243742199419,0.0011496826542377917,0,25,9.9999999999999998e-13
15,4,"DenseLayer( 7202,128 )","weights",16.558652119370262,0.016275249289441945,0.0009828902516415927,0.0010050654451242745,0.0014463584089032349,0.0011494768024247245,0,25,9.9999999999999998e-13
15,4,"DenseLayer( 7202,128 )","biases",0.054463167672159821,0.00032408107048089092,0.0059500420796711924,0.0061523886097910501,0.0099858686540947473,0.0067337977281760001,0,25,9.9999999999999998e-13
15,6,"DenseLayer( 128,64 )","all",9.1280661251631248,0.0035280712764036238,0.00038650913444133566,0.00039853866659208365,0.00061574864694237299,0.00033882600539053169,0,25,9.9999999999999998e-13
15,6,"DenseLayer( 128,64 )","weights",9.1280195592643736,0.0035151760825511435,0.00038509839469170749,0.000397049102432934,0.00061320151360830884,0.00033798333427832928,0,25,9.9999999999999998e-13
15,6,"DenseLayer( 128,64 )","biases",0.029156620327752632,0.000300065874465405,0.010293258243969748,0.010787755222862232,0.017542959797234747,0.0074754959673594698,0,25,9.9999999999999998e-13
15,8,"DenseLayer( 64,1 )","all",1.194910333393294,0.00039228654457420723,0.00032830111945983956,0.00034165771576349463,0.00055560689345595456,0.0002484170833613061,0,25,9.9999999999999998e-13
15,8,"DenseLayer( 64,1 )","weights",1.1949103187980918,0.00038867407490084685,0.00032527784516008559,0.00033833017133916873,0.00054894612631665519,0.00024754826784515724,0,25,9.9999999999999998e-13
15,8,"DenseLayer( 64,1 )","biases",0.00017593687705812046,5.0748746434692291e-05,0.35013401992723553,0.42684554255714774,0.89630584366775945,0.098837715030374085,0,25,9.9999999999999998e-13
16,0,"Conv2DLayer(1,8,5, stride=5, padding=0)","all",1.4344939833231629,0.00050140773282997644,0.0003495372639949249,0.00040979337163258325,0.0008133290255883691,0.00056643735592446561,0,25,9.9999999999999998e-13
16,0,"Conv2DLayer(1,8,5, stride=5, padding=0)","weights",1.4338672371150474,0.00049316407387995373,0.00034394081401602076,0.00040404269823356078,0.00080255350670713958,0.00055912874230528385,0,25,9.9999999999999998e-13
16,0,"Conv2DLayer(1,8,5, stride=5, padding=0)","biases",0.042399592572377597,8.6561783620267362e-05,0.002041744928745023,0.0023499739724545253,0.0045955339360896231,0.0031232567669124329,0,25,9.9999999999999998e-13
16,4,"DenseLayer( 7202,128 )","all",16.563834558944549,0.01986329440061519,0.0011991838892114717,0.0012373028721271895,0.0018575817182128033,0.0014745935529940123,0,25,9.9999999999999998e-13
16,4,"DenseLayer( 7202,128 )","weights",16.563745237787927,0.019859485282090628,0.0011989603950373572,0.0012370724588377032,0.0018573079493816387,0.0014743363100240847,0,25,9.9999999999999998e-13
16,4,"DenseLayer( 7202,128 )","biases",0.054396534616266611,0.00038740702492385626,0.0071206731078754162,0.0073734249469509074,0.011179809234470832,0.0084739105065492273,0,25,9.9999999999999998e-13
16,6,"DenseLayer( 128,64 )","all",9.1285046388258788,0.0036948029692973399,0.00040475329924031161,0.00041895875929888287,0.00059996514564494027,0.00041477316452159151,0,25,9.9999999999999998e-13
16,6,"DenseLayer( 128,64 )","weights",9.1284577115492027,0.0036841027237510446,0.00040358319726108621,0.00041773938858239855,0.00059759043002676024,0.00041367519343210867,0,25,9.9999999999999998e-13
16,6,"DenseLayer( 128,64 )","biases",0.029270242187205271,0.00027854270827478415,0.0095182532414337471,0.0099737732608598771,0.016632596848821606,0.0093918959743345878,0,25,9.9999999999999998e-13
16,8,"DenseLayer( 64,1 )","all",1.194965734732178,0.00028170933635045692,0.00023574577233010735,0.00024958138746539069,0.00037633655974749614,0.00030886164101050223,0,25,9.9999999999999998e-13
16,8,"DenseLayer( 64,1 )","weights",1.1949657126234019,0.00028025854499517651,0.00023453172622110984,0.00024828014770888861,0.00037292668214290514,0.00030571779267690973,0,25,9.9999999999999998e-13
16,8,"DenseLayer( 64,1 )","biases",0.00022615653870161623,2.5206942809745668e-05,0.12055310105145393,0.15066775756811426,0.35297782089163371,0.25793167414040674,0,25,9.9999999999999998e-13
17,0,"Conv2DLayer(1,8,5, stride=5, padding=0)","all",1.4342250216092711,0.0004396038219065754,0.00030651155719553448,0.0003432858709220867,0.00079592622070882835,0.00037510166803972892,0,25,9.9999999999999998e-13
17,0,"Conv2DLayer(1,8,5, stride=5, padding=0)","weights",1.4335931276279037,0.0004306902668381261,0.00030042916522892132,0.00033772489459416597,0.00078852278794145172,0.00037255385098075816,0,25,9.9999999999999998e-13
17,0,"Conv2DLayer(1,8,5, stride=5, padding=0)","biases",0.042569322134823721,8.3877778366557511e-05,0.001970562972124871,0.0021009144407634962,0.0037302129286520165,0.0015125985225909453,0,25,9.9999999999999998e-13
17,4,"DenseLayer( 7202,128 )","all",16.568943706712062,0.013993192221418222,0.00084455598887040872,0.00087864212357200138,0.0013159806993697852,0.00078829425944289971,0,25,9.9999999999999998e-13
17,4,"DenseLayer( 7202,128 )","weights",16.568852607099515,0.013989926325005118,0.00084436351605463543,0.00087843886399332225,0.0013156461638461681,0.00078815474104319838,0,25,9.9999999999999998e-13
17,4,"DenseLayer( 7202,128 )","biases",0.054943926810274164,0.00030119267023416112,0.0054832421921713875,0.0057689714062759629,0.0090583623219901762,0.0045350936376527496,0,25,9.9999999999999998e-13
17,6,"DenseLayer( 128,64 )","all",9.1289461877816969,0.0033750727749464779,0.00036971417824145804,0.00040401050474487497,0.00084387680026992012,0.00027027806516155632,0,25,9.9999999999999998e-13
17,6,"DenseLayer( 128,64 )","weights",9.1288980238276629,0.0033615566282980923,0.00036823551857347828,0.00040232106285679982,0.00083996507242627822,0.00026956798819133937,0,25,9.9999999999999998e-13
17,6,"DenseLayer( 128,64 )","biases",0.029653940446484901,0.00029988339012060723,0.010124187535833586,0.011396013470339722,0.025138818977121783,0.0060141246065769866,0,25,9.9999999999999998e-13
17,8,"DenseLayer( 64,1 )","all",1.19488294420415,0.00030210844253742163,0.00025283493353778908,0.00028226357425641585,0.00056158892627049934,0.00021541631315065576,0,25,9.9999999999999998e-13
17,8,"DenseLayer( 64,1 )","weights",1.1948829213193766,0.00029902926478122583,0.00025025795923519202,0.00027914351013149275,0.00055469230529301534,0.00021347197251923386,0,25,9.9999999999999998e-13
17,8,"DenseLayer( 64,1 )","biases",0.00022564124839846044,4.1456136386841536e-05,0.19316108637828341,0.23346302106482666,0.52726655060545147,0.12948312466690548,0,25,9.9999999999999998e-13
18,0,"Conv2DLayer(1,8,5, stride=5, padding=0)","all",1.4339488919483927,0.00064216096822987347,0.00044783205422748248,0.00050078440914626027,0.00097455375617771893,0.00040424769863209688,0,25,9.9999999999999998e-13
18,0,"Conv2DLayer(1,8,5, stride=5, padding=0)","weights",1.4333093466581583,0.00063322628955010793,0.00044179842471715855,0.00049442332905070619,0.00096168990712623085,0.00039774233066305475,0,25,9.9999999999999998e-13
18,0,"Conv2DLayer(1,8,5, stride=5, padding=0)","biases",0.04282182342234192,0.0001055395938701644,0.0024632206071986077,0.0027080500909217307,0.0053763934262488974,0.0024465064539744455,0,25,9.9999999999999998e-13
18,4,"DenseLayer( 7202,128 )","all",16.572874964839439,0.013422280159252094,0.00080988417355496508,0.00084438534670036602,0.0012703261276481069,0.0010895097720194195,0,25,9.9999999999999998e-13
18,4,"DenseLayer( 7202,128 )","weights",16.572783534306062,0.01341929047298283,0.00080970824591442057,0.00084419768790192735,0.0012700639273526427,0.0010891973316117004,0,25,9.9999999999999998e-13
18,4,"DenseLayer( 7202,128 )","biases",0.055050193684329132,0.00028198169031487064,0.0051228857068180448,0.0054266784274275472,0.0090862543083796744,0.0079305963615311174,0,25,9.9999999999999998e-13
18,6,"DenseLayer( 128,64 )","all",9.1295391647954318,0.0027238525496903424,0.00029835410652152974,0.00032002969842071546,0.00057181038855548874,0.00050935551300614794,0,25,9.9999999999999998e-13
18,6,"DenseLayer( 128,64 )","weights",9.1294909590969695,0.0027149376229377757,0.00029737919037836744,0.00031892247732701566,0.00056957661578863354,0.00050721610985036687,0,25,9.9999999999999998e-13
18,6,"DenseLayer( 128,64 )","biases",0.02966789899099272,0.00021870067295220785,0.0073748561071434399,0.0081983311158650499,0.015582046750917284,0.014370720878898466,0,25,9.9999999999999998e-13
18,8,"DenseLayer( 64,1 )","all",1.1950294180213163,0.00028741798702809287,0.00024050648686751056,0.00026680283420041638,0.00058079037078900624,0.00046263315673842449,0,25,9.9999999999999998e-13
18,8,"DenseLayer( 64,1 )","weights",1.1950293940239698,0.00028546372278899615,0.0002388712063682081,0.00026473497038833417,0.00057576935924534946,0.00045717941589555145,0,25,9.9999999999999998e-13
18,8,"DenseLayer( 64,1 )","biases",0.00023613540572114288,3.008039464475587e-05,0.13358634747864631,0.18539989103381269,0.50175568257334968,0.50175568257334968,0,25,9.9999999999999998e-13
19,0,"Conv2DLayer(1,8,5, stride=5, padding=0)","all",1.4335404293558098,0.00075878352808251952,0.00052930087485278095,0.00059913447189724456,0.0010458098105720554,0.00011751424239430879,0,25,9.9999999999999998e-13
19,0,"Conv2DLayer(1,8,5, stride=5, padding=0)","weights",1.4328820950326897,0.00074554143638757848,0.00052030205845162868,0.00059010475142344206,0.0010335921039864948,0.0001145561551991693,0,25,9.9999999999999998e-13
19,0,"Conv2DLayer(1,8,5, stride=5, padding=0)","biases",0.043439060790671211,0.00013763908322415855,0.0031710922357809121,0.0034762169419913216,0.0060700643290452581,0.00086407898604698137,0,25,9.9999999999999998e-13
19,4,"DenseLayer( 7202,128 )","all",16.57802908545327,0.019276677320374309,0.00116278897794895,0.0012031813795854544,0.0017082612244507867,0.00088447681489376101,0,25,9.9999999999999998e-13
19,4,"DenseLayer( 7202,128 )","weights",16.577937614069707,0.019271499300206392,0.0011624830437449974,0.0012028537730577283,0.0017076980450419124,0.00088433601450613002,0,25,9.9999999999999998e-13
19,4,"DenseLayer( 7202,128 )","biases",0.05507102629012741,0.00044427398122254307,0.0080683553722817256,0.0085383982219083537,0.013312630426195713,0.0048279261635042455,0,25,9.9999999999999998e-13
19,6,"DenseLayer( 128,64 )","all",9.1300862829349452,0.0044795202824180541,0.00049063347438240649,0.00052250244019213209,0.00080009168359763494,0.00044295178783466276,0,25,9.9999999999999998e-13
19,6,"DenseLayer( 128,64 )","weights",9.1300381805002377,0.0044624206322854435,0.00048876315131132146,0.00052041351052126215,0.00079626738817497851,0.00044176098501997403,0,25,9.9999999999999998e-13
19,6,"DenseLayer( 128,64 )","biases",0.029636989122554813,0.00038731715555743654,0.013073134089971543,0.014398107197400398,0.02411773258327762,0.009941985081088834,0,25,9.9999999999999998e-13
19,8,"DenseLayer( 64,1 )","all",1.1951698846615157,0.00050676722264677068,0.00042401404485404215,0.00046540804299949817,0.00084735180319724514,0.00030897632565943272,0,25,9.9999999999999998e-13
19,8,"DenseLayer( 64,1 )","weights",1.195169855102884,0.0005014169138556129,0.00041953741303305968,0.00046017178270265523,0.00083704635314141285,0.00030722228871887791,0,25,9.9999999999999998e-13
19,8,"DenseLayer( 64,1 )","biases",0.00024349047453142703,7.217948121251538e-05,0.38019533617981549,0.50524308740183765,1.4431919479716566,0.11815490514886177,0,25,9.9999999999999998e-13
20,0,"Conv2DLayer(1,8,5, stride=5, padding=0)","all",1.4330683835382956,0.00055572813254333039,0.00038778510992066646,0.00042783399652275008,0.00081640690823342054,0.00039944122586187418,0,25,9.9999999999999998e-13
20,0,"Conv2DLayer(1,8,5, stride=5, padding=0)","weights",1.4323814877851784,0.00054584456274756586,0.0003810708687570754,0.00042080610146014971,0.00080838536157215211,0.00039355597058835103,0,25,9.9999999999999998e-13
20,0,"Conv2DLayer(1,8,5, stride=5, padding=0)","biases",0.044364638289488723,0.00010279903840308041,0.0023191148431401199,0.0025339695287845327,0.0045417475323229579,0.0022374498313921815,0,25,9.9999999999999998e-13
20,4,"DenseLayer( 7202,128 )","all",16.583710648051181,0.01308673845299797,0.00078913294871568252,0.00080411854664877121,0.001074781867843968,0.00061923259790085236,0,25,9.9999999999999998e-13
20,4,"DenseLayer( 7202,128 )","weights",16.58361907392624,0.013083956569892891,0.00078896955689881974,0.00080395088644101532,0.0010745288905988071,0.0006191233197049336,0,25,9.9999999999999998e-13
20,4,"DenseLayer( 7202,128 )","biases",0.055111407619128062,0.00026829173493895603,0.0048682323983978556,0.0050059319554046286,0.0072309834444610338,0.0035537034859111152,0,25,9.9999999999999998e-13
20,6,"DenseLayer( 128,64 )","all",9.1305257490690792,0.0028379669903109152,0.00031082114005931497,0.00032892205045400165,0.00057341115888794481,0.00023118681928006282,0,25,9.9999999999999998e-13
20,6,"DenseLayer( 128,64 )","weights",9.1304765829774031,0.002826419178200448,0.00030955806388722074,0.0003275624725762231,0.00057064229642537275,0.00023032414685801282,0,25,9.9999999999999998e-13
20,6,"DenseLayer( 128,64 )","biases",0.029963641122006588,0.00025458730533050526,0.0084956643164425544,0.0091075629801667252,0.017162536824560117,0.0060928732395336199,0,25,9.9999999999999998e-13
20,8,"DenseLayer( 64,1 )","all",1.1952667618356054,0.00028284096286024929,0.00023663131617527238,0.00025439495413464951,0.00047002835435461796,0.00016281821232544606,0,25,9.9999999999999998e-13
20,8,"DenseLayer( 64,1 )","weights",1.1952667277859061,0.00028042454100905611,0.00023460970946824602,0.00025211229179384026,0.00046375709006532886,0.00016177729746088922,0,25,9.9999999999999998e-13
20,8,"DenseLayer( 64,1 )","biases",0.00028006870183162392,3.4117760078515859e-05,0.12680385356676632,0.15296914497526787,0.40144543649330278,0.16109688894426977,0,25,9.9999999999999998e-13
21,0,"Conv2DLayer(1,8,5, stride=5, padding=0)","all",1.4328522332710667,0.00052878024613130714,0.00036903990062523415,0.00040866304883405575,0.00071592496779612877,0.0001894560580195116,0,25,9.9999999999999998e-13
21,0,"Conv2DLayer(1,8,5, stride=5, padding=0)","weights",1.4321561995910181,0.00051995097754373013,0.00036305428523777917,0.00040271423159950778,0.00070855616260173909,0.00018252137120234826,0,25,9.9999999999999998e-13
21,0,"Conv2DLayer(1,8,5, stride=5, padding=0)","biases",0.044655725815980755,9.408620609108515e-05,0.0021069711217932339,0.0022655038249301241,0.0035477229442243616,0.0016314804710001168,0,25,9.9999999999999998e-13
21,4,"DenseLayer( 7202,128 )","all",16.589013109786844,0.014130029435026814,0.0008517781761603814,0.0008795762437115135,0.0014252740968188266,0.00066792414241299434,0,25,9.9999999999999998e-13
21,4,"DenseLayer( 7202,128 )","weights",16.588921708329654,0.014126970657504241,0.00085159848059143846,0.00087938490472922956,0.0014249037512827243,0.00066776965798767739,0,25,9.9999999999999998e-13
21,4,"DenseLayer( 7202,128 )","biases",0.055068234588921579,0.00029263658429249409,0.0053139933503956677,0.0055956747367301952,0.00988464924702806,0.0043757058053852634,0,25,9.9999999999999998e-13
21,6,"DenseLayer( 128,64 )","all",9.1311503172607864,0.0026696994340035494,0.00029237228296113564,0.00030192042994664969,0.0005022422814046927,0.00027605227297580097,0,25,9.9999999999999998e-13
21,6,"DenseLayer( 128,64 )","weights",9.1311012973109786,0.0026618667752597333,0.0002915160528688706,0.00030105769845590366,0.00050188493141540137,0.00027475777238213897,0,25,9.9999999999999998e-13
21,6,"DenseLayer( 128,64 )","biases",0.029920008663429514,0.00019679651334668464,0.0065764627922074905,0.006965588920943966,0.012872300286277727,0.0081332936564195765,0,25,9.9999999999999998e-13
21,8,"DenseLayer( 64,1 )","all",1.1955699840375056,0.00024310710265476311,0.00020334169076282929,0.00021243973583578838,0.00036032701070560803,0.00022688883353949563,0,25,9.9999999999999998e-13
21,8,"DenseLayer( 64,1 )","weights",1.1955699640016939,0.00024122718056245745,0.00020176928975301544,0.00021069418410234043,0.00035454972902482549,0.00022362840089835211,0,25,9.9999999999999998e-13
21,8,"DenseLayer( 64,1 )","biases",0.00021523009316297249,2.685110055608675e-05,0.13666013747205136,0.1777125583912898,0.51490066192869322,0.25295238431842537,0,25,9.9999999999999998e-13
22,0,"Conv2DLayer(1,8,5, stride=5, padding=0)","all",1.4327714177903232,0.00067214756318459087,0.00046911882828510438,0.00050617833730399033,0.00084917962642341914,0.00039787509422066172,0,25,9.9999999999999998e-13
22,0,"Conv2DLayer(1,8,5, stride=5, padding=0)","weights",1.4320670482322455,0.00065871060251503956,0.0004599664844071411,0.00049720774829958825,0.00083604149064760917,0.00039080459956584464,0,25,9.9999999999999998e-13
22,0,"Conv2DLayer(1,8,5, stride=5, padding=0)","biases",0.044920745692661301,0.0001297357012850985,0.0028891889777994664,0.0030688900853148232,0.0048496711131992571,0.0023981851620113116,0,25,9.9999999999999998e-13
22,4,"DenseLayer( 7202,128 )","all",16.594136731053208,0.018026585707434088,0.0010863093333383948,0.001122285024435196,0.0017387027435824217,0.0013540760491105076,0,25,9.9999999999999998e-13
22,4,"DenseLayer( 7202,128 )","weights",16.594045045317895,0.018022463093958364,0.0010860668998556007,0.0011220318460048531,0.0017383559313651482,0.0013537485850506536,0,25,9.9999999999999998e-13
22,4,"DenseLayer( 7202,128 )","biases",0.055162310689380815,0.00038430444908437122,0.0069667370093954182,0.0072580388675352273,0.010591528339582957,0.0090629788165430408,0,25,9.9999999999999998e-13
22,6,"DenseLayer( 128,64 )","all",9.1315989722688293,0.0035595375099281247,0.00038980369070187231,0.00040965768257817254,0.00067900705833158731,0.00041256001086717014,0,25,9.9999999999999998e-13
22,6,"DenseLayer( 128,64 )","weights",9.1315489767132778,0.0035455934224906988,0.0003882788079015152,0.00040803194738770436,0.00067720135747360703,0.00041081040248190957,0,25,9.9999999999999998e-13
22,6,"DenseLayer( 128,64 )","biases",0.030216862722182519,0.00030996463068206086,0.010251692541272828,0.011012938947166496,0.019430622634354307,0.011428080809256665,0,25,9.9999999999999998e-13
22,8,"DenseLayer( 64,1 )","all",1.1958253363724278,0.00035529347921755709,0.00029711101422585261,0.00032287647240414861,0.00064641310613604308,0.00034338039042315323,0,25,9.9999999999999998e-13
22,8,"DenseLayer( 64,1 )","weights",1.1958253156441925,0.00035163086192309021,0.00029404819360270037,0.00031936835003084865,0.00063888712747103458,0.00034103907581164891,0,25,9.9999999999999998e-13
22,8,"DenseLayer( 64,1 )","biases",0.00021372966788476332,4.8295610467903317e-05,0.24136456070091389,0.29109449324869419,0.70799370530832073,0.38057065248827532,0,25,9.9999999999999998e-13
23,0,"Conv2DLayer(1,8,5, stride=5, padding=0)","all",1.4325288047136817,0.00087336136899612404,0.00060966460319146639,0.00068400142799007778,0.0011703101064289177,0.00024658777809402805,0,25,9.9999999999999998e-13
23,0,"Conv2DLayer(1,8,5, stride=5, padding=0)","weights",1.4318097987096858,0.0008613040290072672,0.00060154974421259752,0.00067560878918424753,0.001156065721650598,0.00024295908126236492,0,25,9.9999999999999998e-13
23,0,"Conv2DLayer(1,8,5, stride=5, padding=0)","biases",0.04538094644539007,0.00014252768976889872,0.0031404854495794376,0.0034382261145897586,0.005837719552536277,0.0013471608337217397,0,25,9.9999999999999998e-13
23,4,"DenseLayer( 7202,128 )","all",16.601659879244874,0.018463146604551086,0.0011121313480793981,0.0011292504287991898,0.001444217645305162,0.00089340198124292398,0,25,9.9999999999999998e-13
23,4,"DenseLayer( 7202,128 )","weights",16.60156812302241,0.018458306580335454,0.0011118459553772185,0.0011289577225712692,0.0014438709499229416,0.00089319345118037911,0,25,9.9999999999999998e-13
23,4,"DenseLayer( 7202,128 )","biases",0.055195974503326056,0.00042128671382560241,0.0076322799964462498,0.0078142982190057015,0.011438317980318526,0.005861487129179041,0,25,9.9999999999999998e-13
23,6,"DenseLayer( 128,64 )","all",9.1323854359587244,0.0035243324222562142,0.00038591535320634142,0.00039529725287770344,0.00056588127483695383,0.00037597080243031875,0,25,9.9999999999999998e-13
23,6,"DenseLayer( 128,64 )","weights",9.1323344630945176,0.0035139688760826267,0.00038478269015656321,0.00039410808496899397,0.00056456127304202301,0.0003747193332310811,0,25,9.9999999999999998e-13
23,6,"DenseLayer( 128,64 )","biases",0.030512074751157636,0.00026584726761618251,0.0087117025965044257,0.0091775573969728949,0.01537425103377394,0.0091372372607631362,0,25,9.9999999999999998e-13
23,8,"DenseLayer( 64,1 )","all",1.1960825688092014,0.00035442284320857178,0.00029631907492901814,0.00031305607203311497,0.00058334612735334997,0.00026188414041990502,0,25,9.9999999999999998e-13
23,8,"DenseLayer( 64,1 )","weights",1.19608254306108,0.00035254532372680801,0.00029474936990708811,0.00031135790733460145,0.0005808340780041316,0.00025920726636416468,0,25,9.9999999999999998e-13
23,8,"DenseLayer( 64,1 )","biases",0.00024404148920439183,3.1822456512600184e-05,0.1387100149407815,0.17524094580231905,0.46302541527685209,0.18094507212761041,0,25,9.9999999999999998e-13
24,0,"Conv2DLayer(1,8,5, stride=5, padding=0)","all",1.4322394248972632,0.0008666320479840552,0.00060508404715346937,0.00067316194652018832,0.001408906494254066,0.00047067046778156632,0,25,9.9999999999999998e-13
24,0,"Conv2DLayer(1,8,5, stride=5, padding=0)","weights",1.4315020631428503,0.00085407190683341595,0.00059662142398071748,0.00066413941369956333,0.0013904493774873721,0.0004640066175477589,0,25,9.9999999999999998e-13
24,0,"Conv2DLayer(1,8,5, stride=5, padding=0)","biases",0.045951759863286985,0.00014561273058458435,0.0031704136695107905,0.003491551272495765,0.0072412270537090123,0.0024905827861823196,0,25,9.9999999999999998e-13
24,4,"DenseLayer( 7202,128 )","all",16.608051542513586,0.014328839319116434,0.00086276569576055468,0.00088924572945784156,0.0014437561155874288,0.00082359601681387875,0,25,9.9999999999999998e-13
24,4,"DenseLayer( 7202,128 )","weights",16.607959178100639,0.014324861927886297,0.00086253100799452641,0.00088900413237705765,0.0014433983296151072,0.0008233665357880299,0,25,9.9999999999999998e-13
24,4,"DenseLayer( 7202,128 )","biases",0.055389304260898074,0.00033669567460982826,0.0060784066134335103,0.0062776456885073407,0.0097390164635306059,0.0058816344667984343,0,25,9.9999999999999998e-13
24,6,"DenseLayer( 128,64 )","all",9.1331804220421038,0.0030099193370028798,0.00032955923836548766,0.00034354469712356801,0.00051996002809389155,0.00024870836009799379,0,25,9.9999999999999998e-13
24,6,"DenseLayer( 128,64 )","weights",9.1331280587075234,0.0029976850626198823,0.00032822157315913676,0.00034213340429910635,0.000518677864745839,0.00024758040306183988,0,25,9.9999999999999998e-13
24,6,"DenseLayer( 128,64 )","biases",0.030926430590090037,0.00026831911281595221,0.0086800735549664824,0.0092019785506862774,0.014553544048236363,0.0069250303313441184,0,25,9.9999999999999998e-13
24,8,"DenseLayer( 64,1 )","all",1.1962943028570112,0.00031684194226096413,0.00026485447092461655,0.00027823131665794448,0.0004235250671081817,0.00020031462630476846,0,25,9.9999999999999998e-13
24,8,"DenseLayer( 64,1 )","weights",1.1962942712203437,0.00031411476663051357,0.00026257475041548741,0.0002757955552035812,0.00042310725663331566,0.00019915825105408242,0,25,9.9999999999999998e-13
24,8,"DenseLayer( 64,1 )","biases",0.00027101769810542462,3.8336582365445791e-05,0.1420045593388779,0.16194419916821406,0.30317026961186533,0.12968070134315196,0,25,9.9999999999999998e-13
25,0,"Conv2DLayer(1,8,5, stride=5, padding=0)","all",1.4320698034465704,0.00071273134141714724,0.00049769253687800472,0.00057207527331244019,0.0010422266138493249,0.0010422266138493249,0,25,9.9999999999999998e-13
25,0,"Conv2DLayer(1,8,5, stride=5, padding=0)","weights",1.4313234656590688,0.00070192978050117314,0.00049040560169724386,0.00056461432047761879,0.0010306456403798134,0.0010306456403798134,0,25,9.9999999999999998e-13
25,0,"Conv2DLayer(1,8,5, stride=5, padding=0)","biases",0.046228088939607836,0.00012102270610323881,0.0026180841775361743,0.0029079351366583426,0.005164290093893853,0.0048926274203639755,0,25,9.9999999999999998e-13
25,4,"DenseLayer( 7202,128 )","all",16.613622954701878,0.016031560204542494,0.00096495114909789519,0.00099746122849821628,0.0016213304195036905,0.0010987752460942524,0,25,9.9999999999999998e-13
25,4,"DenseLayer( 7202,128 )","weights",16.613530419207443,0.016027692479819861,0.00096472372308399059,0.00099721936953856222,0.0016208225999502751,0.001098481136440574,0,25,9.9999999999999998e-13
25,4,"DenseLayer( 7202,128 )","biases",0.055449874585414546,0.00035073132970557763,0.0063249271610554512,0.0066557848929347536,0.012265847259851546,0.0077011028119652889,0,25,9.9999999999999998e-13
25,6,"DenseLayer( 128,64 )","all",9.1336584294610805,0.0031436857807674926,0.00034418583213678808,0.00036292442604899414,0.00063232846097537368,0.00046274212374497849,0,25,9.9999999999999998e-13
25,6,"DenseLayer( 128,64 )","weights",9.1336046654853433,0.0031305858436866158,0.00034275360967831061,0.00036135140457297553,0.00062880964731900474,0.00046104412787156015,0,25,9.9999999999999998e-13
25,6,"DenseLayer( 128,64 )","biases",0.031338754224902066,0.00028305653475089456,0.0090291582054032263,0.0098383982467997247,0.019405542001697626,0.011545574229858266,0,25,9.9999999999999998e-13
25,8,"DenseLayer( 64,1 )","all",1.1964783007410831,0.00033325685362389443,0.0002785273244499543,0.00029844620445429064,0.00053033354963848524,0.00042831609500406861,0,25,9.9999999999999998e-13
25,8,"DenseLayer( 64,1 )","weights",1.1964782700485284,0.00032998674949272059,0.00027579430820362982,0.00029519201625210622,0.0005244391399312269,0.00042575153495416309,0,25,9.9999999999999998e-13
25,8,"DenseLayer( 64,1 )","biases",0.00026390110957436264,4.2108630877919496e-05,0.16503768730682042,0.20815088950416727,0.47964994003211125,0.18845927462438949,0,25,9.9999999999999998e-13
26,0,"Conv2DLayer(1,8,5, stride=5, padding=0)","all",1.4319566207005427,0.0006904065861446638,0.00048214603003358318,0.00056246871593357501,0.0011302457127946562,0.00086065212030370542,0,25,9.9999999999999998e-13
26,0,"Conv2DLayer(1,8,5, stride=5, padding=0)","weights",1.4312011272394349,0.00068088238817420887,0.00047574596968216417,0.00055530432991751047,0.0011143413419749388,0.0008446870969391454,0,25,9.9999999999999998e-13
26,0,"Conv2DLayer(1,8,5, stride=5, padding=0)","biases",0.046508933086255567,0.00011258242829148749,0.0024200503874754003,0.0028091528880431903,0.0059070493197026543,0.0051585253947447444,0,25,9.9999999999999998e-13
26,4,"DenseLayer( 7202,128 )","all",16.621137054268932,0.012803480007837384,0.0007703062451057275,0.00079510553424587394,0.0011876339418232203,0.00090540004889010323,0,25,9.9999999999999998e-13
26,4,"DenseLayer( 7202,128 )","weights",16.621044615786346,0.012800283202252781,0.00077011819928461754,0.0007949047808576648,0.0011872808496670544,0.00090513440269485959,0,25,9.9999999999999998e-13
26,4,"DenseLayer( 7202,128 )","biases",0.055433341420584016,0.00028476433761835017,0.0051369747282732758,0.0054157543117278432,0.0092150220094361062,0.0066272254426312811,0,25,9.9999999999999998e-13
26,6,"DenseLayer( 128,64 )","all",9.1345903747140333,0.0023355546133087875,0.00025568116307235343,0.00026823809461058506,0.00049508918000017567,0.00030747161532076561,0,25,9.9999999999999998e-13
26,6,"DenseLayer( 128,64 )","weights",9.1345364562631577,0.0023266097644894772,0.00025470344286084376,0.00026719880768107541,0.00049284295738022735,0.00030629212616910153,0,25,9.9999999999999998e-13
26,6,"DenseLayer( 128,64 )","biases",0.031385379376617117,0.00020256158590221729,0.0064539730407726934,0.0068708899076122855,0.013710916602845014,0.0078211223259531792,0,25,9.9999999999999998e-13
26,8,"DenseLayer( 64,1 )","all",1.1969074619606861,0.00026404291512470787,0.00022059855015888204,0.0002393848120954518,0.00047976952801887304,0.00034231386123056306,0,25,9.9999999999999998e-13
26,8,"DenseLayer( 64,1 )","weights",1.196907438656367,0.00026237355507952091,0.00021920385952315906,0.0002377406794302281,0.00047394832284898336,0.00034144638782350169,0,25,9.9999999999999998e-13
26,8,"DenseLayer( 64,1 )","biases",0.0002335225761635229,2.6076497742906213e-05,0.11159156433497172,0.14638151218661274,0.44874815856145744,0.16909247034151301,0,25,9.9999999999999998e-13
27,0,"Conv2DLayer(1,8,5, stride=5, padding=0)","all",1.4318740025130112,0.00095125151368133506,0.00066433498891741512,0.00075044843916827881,0.0013798901017836904,0.00047266622592160977,0,25,9.9999999999999998e-13
27,0,"Conv2DLayer(1,8,5, stride=5, padding=0)","weights",1.4311174972361007,0.0009352485911004228,0.00065350367536547063,0.00073991706670909244,0.0013680465988133404,0.00046891564265021959,0,25,9.9999999999999998e-13
27,0,"Conv2DLayer(1,8,5, stride=5, padding=0)","biases",0.046538087677045453,0.00016712523802524907,0.0035948251641401727,0.0039313497308917375,0.0075291844393883941,0.0018720024976975514,0,25,9.9999999999999998e-13
27,4,"DenseLayer( 7202,128 )","all",16.628448202881458,0.017028375507520815,0.0010240549200572397,0.0010496346995929799,0.0015457120175690216,0.00075123409923483003,0,25,9.9999999999999998e-13
27,4,"DenseLayer( 7202,128 )","weights",16.628354971193961,0.017024522773597409,0.0010238289654585903,0.001049403812707938,0.0015454253304474854,0.00075102933791549665,0,25,9.9999999999999998e-13
27,4,"DenseLayer( 7202,128 )","biases",0.055682743015298533,0.0003611873808499905,0.0064864725035873776,0.0066574351959546038,0.0096886417472352541,0.0052755112697905329,0,25,9.9999999999999998e-13
27,6,"DenseLayer( 128,64 )","all",9.1353037198848899,0.0038768507523336206,0.00042438037384126965,0.00044809064235378247,0.00070580581117826973,0.00030090031297591016,0,25,9.9999999999999998e-13
27,6,"DenseLayer( 128,64 )","weights",9.1352488659241313,0.0038618063371667864,0.00042273606900154851,0.00044632989032532722,0.00070254280959889943,0.00029988559599881183,0,25,9.9999999999999998e-13
27,6,"DenseLayer( 128,64 )","biases",0.031656228234358992,0.00033895375277447597,0.010714087823760585,0.011476326816642126,0.019548700144570209,0.0070137086366899313,0,25,9.9999999999999998e-13
27,8,"DenseLayer( 64,1 )","all",1.1972361714135371,0.00034299995591478643,0.00028649102349468118,0.00030163006708948246,0.00050399592296835358,0.00021269307672679952,0,25,9.9999999999999998e-13
27,8,"DenseLayer( 64,1 )","weights",1.1972361591930136,0.00034048419920215569,0.00028438974205839928,0.00029931721699673748,0.000499335134332354,0.00021178120762081607,0,25,9.9999999999999998e-13
27,8,"DenseLayer( 64,1 )","biases",0.00016401779954321682,3.6823220434598624e-05,0.25486116027378514,0.3276717467586131,0.84251578784449599,0.12228109031689348,0,25,9.9999999999999998e-13
28,0,"Conv2DLayer(1,8,5, stride=5, padding=0)","all",1.4317169886527552,0.0012144281752006292,0.00084824740797416291,0.0009761608057446263,0.0017391151239693633,0.0015077087549054194,0,25,9.9999999999999998e-13
28,0,"Conv2DLayer(1,8,5, stride=5, padding=0)","weights",1.430935676427296,0.0011928108052970147,0.00083360423056077224,0.00096222692826372245,0.0017207102317243483,0.0014834737562495885,0,25,9.9999999999999998e-13
28,0,"Conv2DLayer(1,8,5, stride=5, padding=0)","biases",0.047292243619111024,0.00021891525140054326,0.0046260219171370279,0.0050616902466243535,0.0082872736160605059,0.0082440169537185363,0,25,9.9999999999999998e-13
28,4,"DenseLayer( 7202,128 )","all",16.634534029918594,0.017397391992331698,0.0010458501700660423,0.0010809259934999749,0.001515648561626869,0.0013933997205115714,0,25,9.9999999999999998e-13
28,4,"DenseLayer( 7202,128 )","weights",16.634440584774158,0.017392003728715574,0.0010455321208565056,0.0010805922220646423,0.0015150420659593468,0.0013929113843750109,0,25,9.9999999999999998e-13
28,4,"DenseLayer( 7202,128 )","biases",0.055756695623773854,0.00043107251926551921,0.0077323876712387654,0.0080884054534937147,0.012877143292836672,0.011129931777600128,0,25,9.9999999999999998e-13
28,6,"DenseLayer( 128,64 )","all",9.1356594350154161,0.0036513638545913564,0.00039968231060269021,0.00041806135604366412,0.000723613659620753,0.00048726215483387497,0,25,9.9999999999999998e-13
28,6,"DenseLayer( 128,64 )","weights",9.1356020848283261,0.0036353790795077175,0.00039793509733927594,0.00041622392219346744,0.00071991931672564632,0.00048536157244040494,0,25,9.9999999999999998e-13
28,6,"DenseLayer( 128,64 )","biases",0.032370555449258757,0.00033922070572788368,0.010478180325508483,0.011056467001337155,0.020670950748910517,0.012080273858332579,0,25,9.9999999999999998e-13
28,8,"DenseLayer( 64,1 )","all",1.1972113681301653,0.00040457398209619574,0.00033793114341094152,0.00036226332516474537,0.00066560408884076101,0.00046954810236789549,0,25,9.9999999999999998e-13
28,8,"DenseLayer( 64,1 )","weights",1.1972113511101896,0.00040110864901605212,0.00033503664012364022,0.00035902365333240411,0.00065580828086029956,0.00046848789334106103,0,25,9.9999999999999998e-13
28,8,"DenseLayer( 64,1 )","biases",0.00019055911950999872,4.7577726654708385e-05,0.27302297442474516,0.3340453208077756,0.70171413155970308,0.17390281156714318,0,25,9.9999999999999998e-13
29,0,"Conv2DLayer(1,8,5, stride=5, padding=0)","all",1.4315132271034581,0.00085593360954630798,0.00059792101530728708,0.00071236984552362239,0.0017739716836639432,0.00059538909744919334,0,25,9.9999999999999998e-13
29,0,"Conv2DLayer(1,8,5, stride=5, padding=0)","weights",1.4307171539421135,0.00083925372793920607,0.00058659518031555847,0.00070197957286226894,0.001755461835919674,0.00058626213185788262,0,25,9.9999999999999998e-13
29,0,"Conv2DLayer(1,8,5, stride=5, padding=0)","biases",0.047733354011609004,0.00015863702360048557,0.0033261426888215491,0.0037088297135277363,0.0079251211124562477,0.0031465482209551967,0,25,9.9999999999999998e-13
29,4,"DenseLayer( 7202,128 )","all",16.640976620627249,0.0167250483931368,0.0010050623897883309,0.0010389940487586214,0.0017503473647876538,0.0010579974380459892,0,25,9.9999999999999998e-13
29,4,"DenseLayer( 7202,128 )","weights",16.640883678398637,0.016720310855864135,0.001004783306544453,0.0010386962994161613,0.0017498767722556661,0.0010577392297583081,0,25,9.9999999999999998e-13
29,4,"DenseLayer( 7202,128 )","biases",0.055617303964015381,0.00039510517337135322,0.0071049585963222309,0.007515902714612898,0.012267000654419172,0.0070844950912078361,0,25,9.9999999999999998e-13
29,6,"DenseLayer( 128,64 )","all",9.1361952823448611,0.0036331351661085267,0.00039766418050327026,0.00041463930160843827,0.00068865243121299575,0.00024773415015163049,0,25,9.9999999999999998e-13
29,6,"DenseLayer( 128,64 )","weights",9.136136172227479,0.0036154787039020418,0.00039573415701838377,0.00041261999445097608,0.00068646179669007738,0.00024673470315706228,0,25,9.9999999999999998e-13
29,6,"DenseLayer( 128,64 )","biases",0.032864174405797385,0.00035575452843962898,0.010825760487954212,0.011370151449633983,0.017128015731694871,0.0061410974112057828,0,25,9.9999999999999998e-13
29,8,"DenseLayer( 64,1 )","all",1.1973250368078392,0.00039246390487978093,0.00032778358335736822,0.00034927055648202522,0.00062167312550649603,0.00018446133718317756,0,25,9.9999999999999998e-13
29,8,"DenseLayer( 64,1 )","weights",1.1973250212342557,0.00038810719628616273,0.00032414488593087229,0.00034522958336555742,0.00061867671880955015,0.00018253589956373933,0,25,9.9999999999999998e-13
29,8,"DenseLayer( 64,1 )","biases",0.00017867061833385379,5.4093725048005581e-05,0.36689651808682316,0.47616353315167953,1.3978531648467818,0.097343098070415274,0,25,9.9999999999999998e-13
30,0,"Conv2DLayer(1,8,5, stride=5, padding=0)","all",1.4312665114946992,0.00059229365263086388,0.00041382227775465922,0.00044896742701907021,0.00081530607795944295,0.000239650714292251,0,25,9.9999999999999998e-13
30,0,"Conv2DLayer(1,8,5, stride=5, padding=0)","weights",1.4304463250724391,0.00057884443101895871,0.00040465703147038332,0.00044050315128163616,0.00080438832889053195,0.00022802475278960505,0,25,9.9999999999999998e-13
30,0,"Conv2DLayer(1,8,5, stride=5, padding=0)","biases",0.048446823715356295,0.00011980899764108418,0.0024746665043078103,0.0026041564229248903,0.0040262731061474636,0.002177385580041085,0,25,9.9999999999999998e-13
30,4,"DenseLayer( 7202,128 )","all",16.647871998339248,0.016718187485302377,0.0010042355688126762,0.0010274003433033297,0.0013399021490972348,0.001252689383010237,0,25,9.9999999999999998e-13
30,4,"DenseLayer( 7202,128 )","weights",16.647778871274536,0.016713620942569701,0.0010039668819544643,0.0010271222483225948,0.0013395404799958809,0.0012522941192186379,0,25,9.9999999999999998e-13
30,4,"DenseLayer( 7202,128 )","biases",0.055684114131306514,0.00038886524837327394,0.0069838248771232191,0.007220422737451662,0.0095327144750475632,0.0094837041561417444,0,25,9.9999999999999998e-13
30,6,"DenseLayer( 128,64 )","all",9.1366828541789999,0.0034560160588638137,0.00037825743512666577,0.0003929907541607786,0.00055531136078907294,0.00048303927503190875,0,25,9.9999999999999998e-13
30,6,"DenseLayer( 128,64 )","weights",9.1366223551284875,0.0034364249948804046,0.00037611570441637598,0.00039070524302099518,0.00055173019503838134,0.00047972930017413991,0,25,9.9999999999999998e-13
30,6,"DenseLayer( 128,64 )","biases",0.033249160751769133,0.0003661424849295727,0.011013209290747552,0.011637060890621801,0.017254887389361352,0.015519258727486459,0,25,9.9999999999999998e-13
30,8,"DenseLayer( 64,1 )","all",1.1973244582089779,0.00037953184916048846,0.00031698443730031084,0.00033813211348095607,0.00051985347403349998,0.00047297237173684676,0,25,9.9999999999999998e-13
30,8,"DenseLayer( 64,1 )","weights",1.19732444980851,0.00037392582875548291,0.00031230233872698855,0.00033270575461937673,0.000510177650713532,0.00046348771800725457,0,25,9.9999999999999998e-13
30,8,"DenseLayer( 64,1 )","biases",0.0001159257013205206,6.153710521175526e-05,1.9918874802964039,6.5052667754757687,32.169006708500163,32.169006708500163,0,25,9.9999999999999998e-13
31,0,"Conv2DLayer(1,8,5, stride=5, padding=0)","all",1.4311152871508457,0.0012545058691865586,0.00087661059753825097,0.0010582812948774884,0.0022839310724193317,0.00089792162309584162,0,25,9.9999999999999998e-13
31,0,"Conv2DLayer(1,8,5, stride=5, padding=0)","weights",1.4302789265139011,0.001228694423600073,0.00085907740003155354,0.0010399250445939741,0.002247443922764554,0.00087242712280371278,0,25,9.9999999999999998e-13
31,0,"Conv2DLayer(1,8,5, stride=5, padding=0)","biases",0.048918886866360457,0.00024688054569610511,0.0050409684245260357,0.0058238117668553604,0.012117595297589186,0.0062962850640290186,0,25,9.9999999999999998e-13
31,4,"DenseLayer( 7202,128 )","all",16.655993929097008,0.02001962897928114,0.0012019183242414928,0.0012741405964680915,0.0022135842898025385,0.0012472825211913797,0,25,9.9999999999999998e-13
31,4,"DenseLayer( 7202,128 )","weights",16.655901488590697,0.020013239860024241,0.0012015414055385886,0.0012737306453534615,0.0022129281031831758,0.0012469302477286796,0,25,9.9999999999999998e-13
31,4,"DenseLayer( 7202,128 )","biases",0.055491909138438926,0.00050362116644540682,0.0090792812705164823,0.0097910953757364173,0.016365910365282878,0.0090060684357332159,0,25,9.9999999999999998e-13
31,6,"DenseLayer( 128,64 )","all",9.1376154411776191,0.0043524039435102659,0.00047631454272010094,0.00052472742681531823,0.00094536929683711754,0.00051082266561576983,0,25,9.9999999999999998e-13
31,6,"DenseLayer( 128,64 )","weights",9.1375550820558473,0.0043258070133706207,0.00047340697561662752,0.00052138155852252794,0.00093933086080674765,0.00050795240563631804,0,25,9.9999999999999998e-13
31,6,"DenseLayer( 128,64 )","biases",0.033212459328207891,0.0004777886391321169,0.014391281507568132,0.016297242800286084,0.029406446824600609,0.014805652438748634,0,25,9.9999999999999998e-13
31,8,"DenseLayer( 64,1 )","all",1.1978166251364248,0.00049385965001580955,0.00041229058484440581,0.00045089058760694066,0.00078794807239997806,0.00047185859151480856,0,25,9.9999999999999998e-13
31,8,"DenseLayer( 64,1 )","weights",1.1978166134050476,0.00048681198427355011,0.0004064068702986109,0.00044401646998302942,0.00077443408527637673,0.00046422430804847497,0,25,9.9999999999999998e-13
31,8,"DenseLayer( 64,1 )","biases",0.00014869481150526554,7.8672260278835887e-05,1.7521541046379421,5.4538558210651642,26.805383079877405,0.43938400169517189,0,25,9.9999999999999998e-13
32,0,"Conv2DLayer(1,8,5, stride=5, padding=0)","all",1.4308374432611743,0.0012530325290087483,0.00087572917281116328,0.0010424030850853866,0.0022342598359274936,0.00033429122154144953,0,25,9.9999999999999998e-13
32,0,"Conv2DLayer(1,8,5, stride=5, padding=0)","weights",1.4299599706284822,0.0012320215521559974,0.00086157080418531348,0.0010276111321347919,0.0022010190298987274,0.00032567382189124393,0,25,9.9999999999999998e-13
32,0,"Conv2DLayer(1,8,5, stride=5, padding=0)","biases",0.050101195813394624,0.00022316404966610687,0.0044669563076325716,0.0051318798400386894,0.011343834005179663,0.0021729971536866418,0,25,9.9999999999999998e-13
32,4,"DenseLayer( 7202,128 )","all",16.663294847110393,0.017992635821746209,0.0010797972386039751,0.001111928253561229,0.0017620575673022454,0.00088409210043880219,0,25,9.9999999999999998e-13
32,4,"DenseLayer( 7202,128 )","weights",16.663202984289022,0.01798823188548616,0.0010795388951514808,0.0011116632688953855,0.0017616608521759045,0.00088383338879913665,0,25,9.9999999999999998e-13
32,4,"DenseLayer( 7202,128 )","biases",0.055330438748985529,0.00039631074293995948,0.0071639888971579933,0.007397020710879232,0.011423202615088383,0.006489336906844694,0,25,9.9999999999999998e-13
32,6,"DenseLayer( 128,64 )","all",9.1383789668547184,0.0034250794373247161,0.0003748030740694802,0.00039430936332766903,0.00064041095289530889,0.00030638311569945292,0,25,9.9999999999999998e-13
32,6,"DenseLayer( 128,64 )","weights",9.1383170819542467,0.0034081461062184146,0.00037295259762924006,0.00039238656303550515,0.00063824355864019035,0.00030427672914719328,0,25,9.9999999999999998e-13
32,6,"DenseLayer( 128,64 )","biases",0.033630292843614767,0.00033567627785926763,0.0099905941915872949,0.010595524648753131,0.017197712901176859,0.0096398373263099461,0,25,9.9999999999999998e-13
32,8,"DenseLayer( 64,1 )","all",1.1979652991246721,0.00038948201201860613,0.00032512087871182854,0.00035276338502318973,0.00060117767401700328,0.00023364186561507233,0,25,9.9999999999999998e-13
32,8,"DenseLayer( 64,1 )","weights",1.197965279465558,0.00038590705789367564,0.00032213664097670595,0.00034970629489187267,0.00059818316957188156,0.00022907503517515833,0,25,9.9999999999999998e-13
32,8,"DenseLayer( 64,1 )","biases",0.00020299086230807006,4.6348795294761657e-05,0.30799363927374224,0.4859617893804446,1.8019445254897282,0.17042300986939574,0,25,9.9999999999999998e-13
33,0,"Conv2DLayer(1,8,5, stride=5, padding=0)","all",1.4308028058304647,0.00082800323429668232,0.00057869963240695255,0.00064574223596951328,0.001268501839576426,0.000785340864171819,0,25,9.9999999999999998e-13
33,0,"Conv2DLayer(1,8,5, stride=5, padding=0)","weights",1.4299176377946512,0.00081201242870829681,0.00056787475730334471,0.00063520358996065746,0.0012542279096202855,0.00077115533412494032,0,25,9.9999999999999998e-13
33,0,"Conv2DLayer(1,8,5, stride=5, padding=0)","biases",0.05032088897533539,0.00015691688699285774,0.0031182589499843642,0.0033643463242974095,0.0055424045862329735,0.0042835215556047395,0,25,9.9999999999999998e-13
33,4,"DenseLayer( 7202,128 )","all",16.670431908703922,0.016606921584704074,0.00099619876571542033,0.0010191673061433317,0.0014040787679400757,0.00090485185339539702,0,25,9.9999999999999998e-13
33,4,"DenseLayer( 7202,128 )","weights",16.670339543295771,0.016601737664539842,0.0009958933186347131,0.001018852297700293,0.0014035040802281684,0.00090453685411731577,0,25,9.9999999999999998e-13
33,4,"DenseLayer( 7202,128 )","biases",0.055493484032358743,0.00041300885915850104,0.0074430737073369864,0.0076807114877149325,0.012150811090496205,0.0072169053375157229,0,25,9.9999999999999998e-13
33,6,"DenseLayer( 128,64 )","all",9.1388945274009341,0.003445003710267098,0.00037696114028227357,0.00039405351577745688,0.00072582852934736529,0.0003921324988064476,0,25,9.9999999999999998e-13
33,6,"DenseLayer( 128,64 )","weights",9.1388314086396409,0.0034260524104309815,0.00037489002707619324,0.00039180578823144708,0.00072061965546961146,0.00038953049340682529,0,25,9.9999999999999998e-13
33,6,"DenseLayer( 128,64 )","biases",0.033965618512352504,0.00035779959173676794,0.010535937916346204,0.011318335366458673,0.023364894697845431,0.012135607804500965,0,25,9.9999999999999998e-13
33,8,"DenseLayer( 64,1 )","all",1.1981273656184166,0.00039153545130989732,0.00032679225293366589,0.00034563920619487684,0.00064485919960890581,0.00034351962841062673,0,25,9.9999999999999998e-13
33,8,"DenseLayer( 64,1 )","weights",1.1981273244398878,0.00038614170088146712,0.0003222903833570723,0.00034053787526108775,0.0006310837196079796,0.00033803016025426425,0,25,9.9999999999999998e-13
33,8,"DenseLayer( 64,1 )","biases",0.0003018882038304582,6.154154427349567e-05,0.22365740259179878,0.26744329961727875,0.56665584388554491,0.56665584388554491,0,25,9.9999999999999998e-13
34,0,"Conv2DLayer(1,8,5, stride=5, padding=0)","all",1.4306736483643496,0.00085338392693908016,0.00059649296851910401,0.00069686936053651094,0.0013507259895466589,0.00029070073407273426,0,25,9.9999999999999998e-13
34,0,"Conv2DLayer(1,8,5, stride=5, padding=0)","weights",1.4297815640368619,0.00083595200997821308,0.00058467318749796503,0.00068541952142525664,0.0013290326766325811,0.00027400882156265418,0,25,9.9999999999999998e-13
34,0,"Conv2DLayer(1,8,5, stride=5, padding=0)","biases",0.050514572490570987,0.00016405744974424315,0.003247513804095293,0.003628179203898298,0.0069866492581762123,0.0027528617166519089,0,25,9.9999999999999998e-13
34,4,"DenseLayer( 7202,128 )","all",16.678183611423439,0.014373581211331719,0.00086182530827645556,0.00088524845690009777,0.0011826346005909892,0.00092508760244646479,0,25,9.9999999999999998e-13
34,4,"DenseLayer( 7202,128 )","weights",16.678091440732693,0.014369448290645806,0.00086158226404295824,0.00088499319170782208,0.0011821720888114545,0.00092476344470435894,0,25,9.9999999999999998e-13
34,4,"DenseLayer( 7202,128 )","biases",0.055447867721706408,0.00034344503334335694,0.0061937849765191164,0.0064542687214421786,0.0099920265736934723,0.0074416773318371271,0,25,9.9999999999999998e-13
34,6,"DenseLayer( 128,64 )","all",9.1396165016637632,0.0028380976388853708,0.00031052776572315372,0.00032893636923393027,0.00057431914736873061,0.00028572376949274111,0,25,9.9999999999999998e-13
34,6,"DenseLayer( 128,64 )","weights",9.1395531725386103,0.0028227917736571941,0.0003088552265255819,0.00032708907875432161,0.00057028486542645761,0.00028358170079436534,0,25,9.9999999999999998e-13
34,6,"DenseLayer( 128,64 )","biases",0.034023530634734761,0.0002917707485719289,0.0085746704924546877,0.0093550400444501417,0.018264817779809792,0.0093685998371231746,0,25,9.9999999999999998e-13
34,8,"DenseLayer( 64,1 )","all",1.1985378424831687,0.00032208506012005266,0.00026873604283765969,0.00029046583864205994,0.00052452478641951258,0.00020405520380974859,0,25,9.9999999999999998e-13
34,8,"DenseLayer( 64,1 )","weights",1.198537805545443,0.00031806105224218293,0.0002653785937684382,0.00028665095629742764,0.00051401422286938617,0.00019792200350782641,0,25,9.9999999999999998e-13
34,8,"DenseLayer( 64,1 )","biases",0.00029055309772957116,4.7750278608873489e-05,0.17131752240000811,0.21528466787656284,0.61786533852937653,0.15536598872829011,0,25,9.9999999999999998e-13
35,0,"Conv2DLayer(1,8,5, stride=5, padding=0)","all",1.4305668321659315,0.00066630271156501949,0.00046575980990057645,0.00054372667268248395,0.001361689457072369,0.00021556039644517237,0,25,9.9999999999999998e-13
35,0,"Conv2DLayer(1,8,5, stride=5, padding=0)","weights",1.4296569118872864,0.00065078081737005521,0.00045519901110508982,0.00053332656835603843,0.001341263618573935,0.00020760905231456163,0,25,9.9999999999999998e-13
35,0,"Conv2DLayer(1,8,5, stride=5, padding=0)","biases",0.051015208597456986,0.00013739479159668511,0.0026942962044540454,0.0030170378759112196,0.0067254552807244601,0.0016393835701499755,0,25,9.9999999999999998e-13
35,4,"DenseLayer( 7202,128 )","all",16.684422788349153,0.014548986384326834,0.00087200847618621781,0.00088546614618718682,0.0011930208509238673,0.00083193640286651318,0,25,9.9999999999999998e-13
35,4,"DenseLayer( 7202,128 )","weights",16.684330779844142,0.014544416359723252,0.00087173937331648315,0.00088518755677787202,0.0011925524201158626,0.00083169404242105236,0,25,9.9999999999999998e-13
35,4,"DenseLayer( 7202,128 )","biases",0.055409446065756734,0.00036330906043043727,0.0065570157279139594,0.0067463464115414453,0.010124729860119606,0.0061060058965536129,0,25,9.9999999999999998e-13
35,6,"DenseLayer( 128,64 )","all",9.1404333490371332,0.0027698135721882958,0.00030302950441553518,0.00031329070764618593,0.00051035701831944938,0.00023430090043312756,0,25,9.9999999999999998e-13
35,6,"DenseLayer( 128,64 )","weights",9.140369844651298,0.0027549768950064215,0.00030140839993667392,0.00031158367683324791,0.00050677456175073933,0.00023283912218298911,0,25,9.9999999999999998e-13
35,6,"DenseLayer( 128,64 )","biases",0.034072117121531457,0.00028480847391493621,0.0083584557448474466,0.0087654469745279111,0.016174912590632525,0.0069996300728707508,0,25,9.9999999999999998e-13
35,8,"DenseLayer( 64,1 )","all",1.198990835143777,0.00029591725742042355,0.00024680816182522856,0.00025855532166661001,0.00041160492172684913,0.000184182479274607,0,25,9.9999999999999998e-13
35,8,"DenseLayer( 64,1 )","weights",1.1989907967772497,0.00029295337417761141,0.00024433602992709346,0.00025585458722355696,0.00040489938080049743,0.00018126017294217995,0,25,9.9999999999999998e-13
35,8,"DenseLayer( 64,1 )","biases",0.00029787254869006574,3.6267522955313328e-05,0.12868720459022831,0.16511392390950103,0.33631630129059908,0.11326204743320122,0,25,9.9999999999999998e-13
36,0,"Conv2DLayer(1,8,5, stride=5, padding=0)","all",1.4305116337727282,0.00060358761891386324,0.00042193701384960765,0.00048168705644093787,0.0010763424900655544,0.00038877910268692343,0,25,9.9999999999999998e-13
36,0,"Conv2DLayer(1,8,5, stride=5, padding=0)","weights",1.4296000733076379,0.00059309392272742848,0.00041486556163016245,0.00047490754239647425,0.0010661772537866525,0.00037818460983455687,0,25,9.9999999999999998e-13
36,0,"Conv2DLayer(1,8,5, stride=5, padding=0)","biases",0.051060199091728285,0.00010874571227228433,0.0021300320730691996,0.0023062308570936762,0.0042775325099662469,0.0025484004992010873,0,25,9.9999999999999998e-13
36,4,"DenseLayer( 7202,128 )","all",16.692716305403515,0.017793715349950456,0.0010659420996351691,0.0010917231090635706,0.0015515892034210583,0.0010547616757001967,0,25,9.9999999999999998e-13
36,4,"DenseLayer( 7202,128 )","weights",16.692624908688192,0.017788849662530307,0.0010656564511682697,0.0010914333070354597,0.0015511345500153688,0.001054462931939818,0,25,9.9999999999999998e-13
36,4,"DenseLayer( 7202,128 )","biases",0.055238621374879941,0.00041431155097003023,0.0075011279686810154,0.0076808371997386451,0.011474624148354028,0.0076557057184598902,0,25,9.9999999999999998e-13
36,6,"DenseLayer( 128,64 )","all",9.1412582495190016,0.003217959332968211,0.00035202565598496953,0.00036465382741239223,0.00061398228329456717,0.00039367262149733327,0,25,9.9999999999999998e-13
36,6,"DenseLayer( 128,64 )","weights",9.1411940686824664,0.0032009933974139755,0.00035017214096587319,0.00036269320932730362,0.00061004110507561886,0.00039074231041337742,0,25,9.9999999999999998e-13
36,6,"DenseLayer( 128,64 )","biases",0.034254609436137055,0.000327812381051292,0.0095702173135456953,0.010084908668879941,0.018545233307053276,0.012795219202033787,0,25,9.9999999999999998e-13
36,8,"DenseLayer( 64,1 )","all",1.1994375017500238,0.00032192182658732406,0.00026839415276666052,0.00028682872832166289,0.00051502109397700397,0.00035444583100858426,0,25,9.9999999999999998e-13
36,8,"DenseLayer( 64,1 )","weights",1.1994374669630687,0.00031820652904884474,0.00026529667492941313,0.00028325844361311639,0.00050565220523864942,0.00034678715904501418,0,25,9.9999999999999998e-13
36,8,"DenseLayer( 64,1 )","biases",0.00027911739074625074,4.4827043311670422e-05,0.17382854707814055,0.21806762809145924,0.45074564099065367,0.42699141268362456,0,25,9.9999999999999998e-13
37,0,"Conv2DLayer(1,8,5, stride=5, padding=0)","all",1.430362049524724,0.0010015778353551705,0.00070022307182643709,0.00083478666555620033,0.0019006195430951675,0.00033972399061355294,0,25,9.9999999999999998e-13
37,0,"Conv2DLayer(1,8,5, stride=5, padding=0)","weights",1.4294398062275495,0.00098267300694601049,0.00068744931108422633,0.00082157406284368061,0.0018777390467333776,0.00033207999982845607,0,25,9.9999999999999998e-13
37,0,"Conv2DLayer(1,8,5, stride=5, padding=0)","biases",0.051355375050889093,0.00018839804833254732,0.0036692958720425527,0.0042022574747658664,0.0083748640032719479,0.002017786968730517,0,25,9.9999999999999998e-13
37,4,"DenseLayer( 7202,128 )","all",16.701254986847754,0.016809931615712332,0.0010065121545951036,0.0010470739716012081,0.0018821750363575019,0.0009830289306716792,0,25,9.9999999999999998e-13
37,4,"DenseLayer( 7202,128 )","weights",16.701162996833013,0.016804769967919801,0.0010062086398263412,0.0010467533767292098,0.0018816387598745374,0.00098264718704301965,0,25,9.9999999999999998e-13
37,4,"DenseLayer( 7202,128 )","biases",0.055431745279865288,0.00041505628111796681,0.0074876463227743122,0.0078764158035244114,0.013692119637663052,0.0083125036567871253,0,25,9.9999999999999998e-13
37,6,"DenseLayer( 128,64 )","all",9.1419038922318645,0.0031784596791756673,0.00034767993078730844,0.00036849432366186795,0.00068760897206104139,0.00037929652254138998,0,25,9.9999999999999998e-13
37,6,"DenseLayer( 128,64 )","weights",9.1418391567651582,0.0031624005525800352,0.00034592573444352229,0.00036661586604028098,0.00068549960600225478,0.0003767086114685621,0,25,9.9999999999999998e-13
37,6,"DenseLayer( 128,64 )","biases",0.034403437778255969,0.00031579020158199435,0.0091783426442132981,0.0098791628569954923,0.018564330736967859,0.011695441532685938,0,25,9.9999999999999998e-13
37,8,"DenseLayer( 64,1 )","all",1.1997727939167815,0.00034674218977602067,0.00028900901692593912,0.00031792805481165476,0.00075325942885201341,0.00033325887556809135,0,25,9.9999999999999998e-13
37,8,"DenseLayer( 64,1 )","weights",1.1997727606041986,0.00034326059220006846,0.00028610713481268658,0.00031476372649526935,0.00075043673249728987,0.0003256663227221743,0,25,9.9999999999999998e-13
37,8,"DenseLayer( 64,1 )","biases",0.00027599243039730934,4.3828876223415136e-05,0.168842768790258,0.21251325261060564,0.48165072806534426,0.20120003861076588,0,25,9.9999999999999998e-13
38,0,"Conv2DLayer(1,8,5, stride=5, padding=0)","all",1.4302322713033948,0.00089593510609346728,0.00062643858439153874,0.00074091766931341579,0.0017925522358961167,0.0017925522358961167,0,25,9.9999999999999998e-13
38,0,"Conv2DLayer(1,8,5, stride=5, padding=0)","weights",1.4292945425714421,0.00087773403708702878,0.00061411590565508157,0.00072808095959027235,0.0017687519252121287,0.0017687519252121287,0,25,9.9999999999999998e-13
38,0,"Conv2DLayer(1,8,5, stride=5, padding=0)","biases",0.051782415188961539,0.00017419562163869216,0.003360929155109423,0.0038558728498746787,0.0082121943315618031,0.0082121943315618031,0,25,9.9999999999999998e-13
38,4,"DenseLayer( 7202,128 )","all",16.708556122114992,0.016141986063186283,0.00096608223107534522,0.00099932355244239921,0.0015236407724551738,0.0015236407724551738,0,25,9.9999999999999998e-13
38,4,"DenseLayer( 7202,128 )","weights",16.708464227487728,0.016136890043919824,0.0009657825441347468,0.00099900631752508563,0.0015232099689807086,0.0015232099689807086,0,25,9.9999999999999998e-13
38,4,"DenseLayer( 7202,128 )","biases",0.055415085645623946,0.0004032415611365503,0.0072777367867220139,0.0076586930796389008,0.0119861261096213,0.011051371961616353,0,25,9.9999999999999998e-13
38,6,"DenseLayer( 128,64 )","all",9.1426251618451531,0.0030336106761302264,0.00033180997246568547,0.00035367916393194481,0.00058091289569150528,0.00058091289569150528,0,25,9.9999999999999998e-13
38,6,"DenseLayer( 128,64 )","weights",9.1425601645776258,0.0030183455728475068,0.00033014264861550545,0.00035184081221664569,0.00057878710261740057,0.00057878710261740057,0,25,9.9999999999999998e-13
38,6,"DenseLayer( 128,64 )","biases",0.03447433438212185,0.00030028616072456113,0.0087115199551186361,0.0095594100201720524,0.015168243204912182,0.0131523185002823,0,25,9.9999999999999998e-13
38,8,"DenseLayer( 64,1 )","all",1.2000499185475835,0.00033714920213435214,0.00028094754162544808,0.00030668569847170838,0.00053180253704988585,0.00053180253704988585,0,25,9.9999999999999998e-13
38,8,"DenseLayer( 64,1 )","weights",1.2000498897507057,0.00033334782957150638,0.00027777974393521922,0.00030312254731032343,0.0005316296060954858,0.0005316296060954858,0,25,9.9999999999999998e-13
38,8,"DenseLayer( 64,1 )","biases",0.0002542498306138441,4.4937685597687963e-05,0.18004071844181851,0.23284351876796233,0.54468107876211758,0.090575834826070484,0,25,9.9999999999999998e-13
39,0,"Conv2DLayer(1,8,5, stride=5, padding=0)","all",1.4301718823144827,0.0010206133316519931,0.00071362661361369162,0.00079658714870673765,0.0015655154841724666,0.0011829369806465682,0,25,9.9999999999999998e-13
39,0,"Conv2DLayer(1,8,5, stride=5, padding=0)","weights",1.4292317290596586,0.001003877285252119,0.00070238620041819858,0.000784678549739354,0.0015470735820099311,0.0011612148123311876,0,25,9.9999999999999998e-13
39,0,"Conv2DLayer(1,8,5, stride=5, padding=0)","biases",0.051848225054446626,0.000182106256064855,0.0035129069217300513,0.0038663932998288975,0.0068019479637946413,0.0063444753041822363,0,25,9.9999999999999998e-13
39,4,"DenseLayer( 7202,128 )","all",16.71622226748174,0.015065190669909193,0.00090124226719664156,0.00092101975713814539,0.0014421310203389026,0.0010204138971927038,0,25,9.9999999999999998e-13
39,4,"DenseLayer( 7202,128 )","weights",16.716130158853524,0.01506047639564705,0.0009009652111348855,0.00092073225925729213,0.0014415622321811744,0.0010200264514133596,0,25,9.9999999999999998e-13
39,4,"DenseLayer( 7202,128 )","biases",0.055492383023190477,0.00037510725876470027,0.0067596725378656058,0.0069925546631301192,0.012291566382604641,0.0085087617100332823,0,25,9.9999999999999998e-13
39,6,"DenseLayer( 128,64 )","all",9.1431574961143589,0.0027489217814247306,0.000300653571980235,0.00031108774567730721,0.00047821596472897188,0.00041144074586168584,0,25,9.9999999999999998e-13
39,6,"DenseLayer( 128,64 )","weights",9.1430918376267183,0.0027349909794157209,0.00029913208462471774,0.00030948250859833866,0.00047437901817967357,0.00040903619299653341,0,25,9.9999999999999998e-13
39,6,"DenseLayer( 128,64 )","biases",0.034650246775992585,0.00027324984255300278,0.0078875081747512097,0.0083379097664493963,0.016025344846537119,0.01165689746356486,0,25,9.9999999999999998e-13
39,8,"DenseLayer( 64,1 )","all",1.2003026812964492,0.00029536205083971614,0.00024607326447809923,0.00026001681923946231,0.00041914828026277381,0.00037578719514712289,0,25,9.9999999999999998e-13
39,8,"DenseLayer( 64,1 )","weights",1.2003026539364046,0.00029271313169084015,0.00024386631397596507,0.00025761369163831597,0.00041183644062248685,0.00037282687786551914,0,25,9.9999999999999998e-13
39,8,"DenseLayer( 64,1 )","biases",0.00024721084424527361,3.4484974457882343e-05,0.15836308578951722,0.23679984530207257,0.88297493599393451,0.20658285557208109,0,25,9.9999999999999998e-13
40,0,"Conv2DLayer(1,8,5, stride=5, padding=0)","all",1.4301325868178401,0.00074585379772033476,0.00052152395725422389,0.00061121090051885051,0.0012541211339228437,0.00050609788848815453,0,25,9.9999999999999998e-13
40,0,"Conv2DLayer(1,8,5, stride=5, padding=0)","weights",1.4291922715861169,0.00072874714197641193,0.00050989745180039401,0.00059939799054745569,0.0012361506905190036,0.00049384043824608976,0,25,9.9999999999999998e-13
40,0,"Conv2DLayer(1,8,5, stride=5, padding=0)","biases",0.051851710243118992,0.00015353970227615927,0.0029603898325249291,0.0033517195753592919,0.0059952895084811209,0.0030555478198825365,0,25,9.9999999999999998e-13
40,4,"DenseLayer( 7202,128 )","all",16.724242159166625,0.016448553386150214,0.00098351105460061077,0.0010090077421035307,0.001535620898367481,0.00083318474718215778,0,25,9.9999999999999998e-13
40,4,"DenseLayer( 7202,128 )","weights",16.724149908557251,0.016442747838055511,0.00098316934774302089,0.001008649456788058,0.0015349171281275223,0.00083289688598042809,0,25,9.9999999999999998e-13
40,4,"DenseLayer( 7202,128 )","biases",0.055548378456393682,0.0004357363741379578,0.0078447591526398745,0.0081583332519332592,0.014084998705998426,0.0066721641465974221,0,25,9.9999999999999998e-13
40,6,"DenseLayer( 128,64 )","all",9.1439547683897775,0.0035687944119978028,0.0003902899029670227,0.00041159430488592666,0.00065864321040096335,0.00034314326158810439,0,25,9.9999999999999998e-13
40,6,"DenseLayer( 128,64 )","weights",9.14388863904734,0.0035457393246081815,0.00038777135914140035,0.00040885459672243405,0.00065437166286957461,0.0003404259453254955,0,25,9.9999999999999998e-13
40,6,"DenseLayer( 128,64 )","biases",0.034775798709004782,0.00040219082234725515,0.01156709576092233,0.012475538676827437,0.019686326765662145,0.011348500786692859,0,25,9.9999999999999998e-13
40,8,"DenseLayer( 64,1 )","all",1.2007390930670565,0.00039162256374814918,0.00032615193023042156,0.0003499068110824855,0.00057192323444708567,0.00026638861985200279,0,25,9.9999999999999998e-13
40,8,"DenseLayer( 64,1 )","weights",1.2007390478670363,0.00038514485385330368,0.00032075719372339238,0.00034372174456491906,0.00056016167309876942,0.00025952987669814668,0,25,9.9999999999999998e-13
40,8,"DenseLayer( 64,1 )","biases",0.00031184378545731308,6.8175970809534193e-05,0.24322007002667428,0.29003432883276181,0.61823864466906753,0.22972386188069532,0,25,9.9999999999999998e-13
41,0,"Conv2DLayer(1,8,5, stride=5, padding=0)","all",1.4299631929606604,0.00098430689400363361,0.00068833902029110262,0.0007420754581112562,0.0011038457481303771,0.00093157112088468059,0,25,9.9999999999999998e-13
41,0,"Conv2DLayer(1,8,5, stride=5, padding=0)","weights",1.4290017823890662,0.00096900214399733787,0.00067809182118055728,0.00073127775471661268,0.0010874149707260743,0.00091841481388927704,0,25,9.9999999999999998e-13
41,0,"Conv2DLayer(1,8,5, stride=5, padding=0)","biases",0.052427248171995025,0.000171337587650747,0.003268636892778707,0.0035175993685783711,0.0054478048604463354,0.0043573005918472055,0,25,9.9999999999999998e-13
41,4,"DenseLayer( 7202,128 )","all",16.732363982066527,0.015780589896928314,0.00094310312007285524,0.00098022794746476134,0.001704674542164223,0.00092037140294185774,0,25,9.9999999999999998e-13
41,4,"DenseLayer( 7202,128 )","weights",16.732272213717312,0.0157759367585887,0.00094283020654099565,0.00097993197214483086,0.0017040415953570732,0.00092013981061315954,0,25,9.9999999999999998e-13
41,4,"DenseLayer( 7202,128 )","biases",0.055416498481243193,0.00038012286946160616,0.0068582546618716931,0.0073360401174452361,0.014087715253182658,0.0062874483629950665,0,25,9.9999999999999998e-13
41,6,"DenseLayer( 128,64 )","all",9.1448188191280924,0.0030929102702074726,0.0003382128309840066,0.00036188864404711023,0.00072400020139621213,0.00030625190098103436,0,25,9.9999999999999998e-13
41,6,"DenseLayer( 128,64 )","weights",9.1447520960390367,0.0030765838328114339,0.00033642997632517594,0.00035988334669429797,0.00071946831223060771,0.00030481208354626274,0,25,9.9999999999999998e-13
41,6,"DenseLayer( 128,64 )","biases",0.034933241150923292,0.00031432446351344089,0.0089977420637814571,0.0099651730193961417,0.021152323995837892,0.0077832015676342044,0,25,9.9999999999999998e-13
41,8,"DenseLayer( 64,1 )","all",1.2011357794137898,0.00035557443231755046,0.00029602369991599747,0.00031999098878494187,0.00065857264454075514,0.00030064602668040296,0,25,9.9999999999999998e-13
41,8,"DenseLayer( 64,1 )","weights",1.2011357295535381,0.00035184787586271517,0.00029292140491040465,0.0003160597203114498,0.0006461389121432214,0.00030003500360289748,0,25,9.9999999999999998e-13
41,8,"DenseLayer( 64,1 )","biases",0.00033961167326197029,4.7373757697641847e-05,0.14117822116230019,0.18369647038068551,0.57679199982885931,0.093997135884556826,0,25,9.9999999999999998e-13
42,0,"Conv2DLayer(1,8,5, stride=5, padding=0)","all",1.4299189884783292,0.0010097203536118364,0.00070615553861268405,0.00085498654243078038,0.001762781825279981,0.00036587732968719824,0,25,9.9999999999999998e-13
42,0,"Conv2DLayer(1,8,5, stride=5, padding=0)","weights",1.4289510476232152,0.00099143230601264425,0.0006938364542297174,0.00084168508903528956,0.0017337729911039847,0.00035873421384729776,0,25,9.9999999999999998e-13
42,0,"Conv2DLayer(1,8,5, stride=5, padding=0)","biases",0.052603556745904709,0.00018592780505647036,0.0035304268699370913,0.0041614573253286038,0.0088032922860901575,0.0020048464585720126,0,25,9.9999999999999998e-13
42,4,"DenseLayer( 7202,128 )","all",16.741973725408755,0.0188282960518334,0.0011246045942587394,0.0011691502194517292,0.0018415568891669435,0.00074890194632728027,0,25,9.9999999999999998e-13
42,4,"DenseLayer( 7202,128 )","weights",16.741881414076619,0.018822037075889333,0.0011242369459660629,0.0011687647721578067,0.0018409601635930506,0.00074872355015363832,0,25,9.9999999999999998e-13
42,4,"DenseLayer( 7202,128 )","biases",0.055596152298179782,0.00048438566386563542,0.00871316430157296,0.009116386032380127,0.01425214797286305,0.0049608178598191501,0,25,9.9999999999999998e-13
42,6,"DenseLayer( 128,64 )","all",9.1457996848520846,0.0035606208664801299,0.00038931724853238681,0.00041195805423454061,0.0007031316325705533,0.00019155671588134678,0,25,9.9999999999999998e-13
42,6,"DenseLayer( 128,64 )","weights",9.145732940543402,0.003540025176982296,0.00038706814381539526,0.00040950883378460944,0.00069856677674582724,0.00019029350341341638,0,25,9.9999999999999998e-13
42,6,"DenseLayer( 128,64 )","biases",0.034940585259680579,0.00037848987028260474,0.01083212242988325,0.011747031825107803,0.020913631732538289,0.0057105876644478635,0,25,9.9999999999999998e-13
42,8,"DenseLayer( 64,1 )","all",1.2017726913407145,0.0004114547939727414,0.00034237214901271961,0.00036759630250072546,0.00069328318107999935,0.00012697544409608956,0,25,9.9999999999999998e-13
42,8,"DenseLayer( 64,1 )","weights",1.2017726430383999,0.0004070673593366222,0.00033872125284785675,0.00036349582695565475,0.00068322064883037323,0.00012695654163634613,0,25,9.9999999999999998e-13
42,8,"DenseLayer( 64,1 )","biases",0.00033085345872677861,5.3452780703082682e-05,0.18238952815750556,0.23288876811699655,0.46839840237354424,0.0080532794834626258,0,25,9.9999999999999998e-13
43,0,"Conv2DLayer(1,8,5, stride=5, padding=0)","all",1.4297457673147238,0.0012447262861612525,0.00087058214863367,0.00096450287042808432,0.0015741785692512814,0.0011645715460019866,0,25,9.9999999999999998e-13
43,0,"Conv2DLayer(1,8,5, stride=5, padding=0)","weights",1.428757974327751,0.0012133308554209523,0.00084920884037869866,0.00094481734703744861,0.0015448883900043052,0.0011451888631152502,0,25,9.9999999999999998e-13
43,0,"Conv2DLayer(1,8,5, stride=5, padding=0)","biases",0.053135991453945812,0.00026571342410633506,0.0050063572128895796,0.0053129461500628639,0.0083822652161145324,0.0057635757985263145,0,25,9.9999999999999998e-13
43,4,"DenseLayer( 7202,128 )","all",16.752583306899002,0.020414523084139959,0.0012186077289380504,0.0012498314349232633,0.0017672109147259447,0.0013683046945778053,0,25,9.9999999999999998e-13
43,4,"DenseLayer( 7202,128 )","weights",16.752490999038613,0.020407475762524486,0.0012181937644174332,0.0012494015761129094,0.0017666075407790248,0.0013679158659138043,0,25,9.9999999999999998e-13
43,4,"DenseLayer( 7202,128 )","biases",0.055612581712135997,0.00053489184171894792,0.0096157371960537193,0.0099468546346907737,0.014957083222360191,0.0099573577511654441,0,25,9.9999999999999998e-13
43,6,"DenseLayer( 128,64 )","all",9.1464643609567524,0.003977579500500864,0.00043487743631497841,0.00046094170651986001,0.00081219108608641076,0.00039438629900965128,0,25,9.9999999999999998e-13
43,6,"DenseLayer( 128,64 )","weights",9.1463958294756882,0.0039514860491431459,0.00043202780651106516,0.00045780472875147087,0.00080538427593967153,0.00039290808551109069,0,25,9.9999999999999998e-13
43,6,"DenseLayer( 128,64 )","biases",0.03540626450385996,0.00045137208121619746,0.012754516177127953,0.013892961490590234,0.027376811842499429,0.0087990528771165564,0,25,9.9999999999999998e-13
43,8,"DenseLayer( 64,1 )","all",1.2020370440244996,0.00044241072263630731,0.00036805201559572811,0.00039116622849919041,0.00066866487166072788,0.00038602910150077418,0,25,9.9999999999999998e-13
43,8,"DenseLayer( 64,1 )","weights",1.2020369911676954,0.00043561360117133342,0.00036239721189943195,0.00038466199698129354,0.00065236712283397807,0.00038392435765013093,0,25,9.9999999999999998e-13
43,8,"DenseLayer( 64,1 )","biases",0.00033940141496714205,7.3056481778621676e-05,0.26070038588430938,0.35312876430550799,1.0886081794017486,0.13027747228360181,0,25,9.9999999999999998e-13
44,0,"Conv2DLayer(1,8,5, stride=5, padding=0)","all",1.4296294203070941,0.00050494153108462524,0.00035320177521297149,0.0004077432117812945,0.00081587316193380811,0.00062783425791966281,0,25,9.9999999999999998e-13
44,0,"Conv2DLayer(1,8,5, stride=5, padding=0)","weights",1.4286276852948125,0.00049297126321847103,0.00034507067389348187,0.00040072850976700648,0.00080861155028577136,0.00061230436042550144,0,25,9.9999999999999998e-13
44,0,"Conv2DLayer(1,8,5, stride=5, padding=0)","biases",0.053508785505904828,9.9774283852836415e-05,0.0018642885282156199,0.0020511406566263886,0.0037817110899329674,0.0037817110899329674,0,25,9.9999999999999998e-13
44,4,"DenseLayer( 7202,128 )","all",16.763725174494933,0.015782526403778901,0.00094149303377816349,0.00096910426063222602,0.0014472340553790327,0.00094061116044683881,0,25,9.9999999999999998e-13
44,4,"DenseLayer( 7202,128 )","weights",16.763633032543076,0.015778496333402687,0.00094125778865389981,0.0009688537967553468,0.0014467375102603229,0.00094046040929793848,0,25,9.9999999999999998e-13
44,4,"DenseLayer( 7202,128 )","biases",0.055581056028861375,0.00035366749489315375,0.0063658403563453779,0.0067201764624465051,0.011536475089388905,0.0051388806412195152,0,25,9.9999999999999998e-13
44,6,"DenseLayer( 128,64 )","all",9.1471106817159082,0.0023401909067814254,0.00025583995868702419,0.00026332308823384052,0.00041155331236522965,0.00025433453323334777,0,25,9.9999999999999998e-13
44,6,"DenseLayer( 128,64 )","weights",9.1470405451335157,0.0023292640195610474,0.00025464733113368941,0.00026206294243682327,0.00040891643844407033,0.00025364700801057156,0,25,9.9999999999999998e-13
44,6,"DenseLayer( 128,64 )","biases",0.035820040338302807,0.0002240345683649805,0.0062588991535440803,0.0065864724247476549,0.012005173343910722,0.0047633149471739689,0,25,9.9999999999999998e-13
44,8,"DenseLayer( 64,1 )","all",1.2022737885031702,0.0002272540304055653,0.00018902216905529055,0.00020394122829186549,0.00040594248829511144,0.00021484353136312778,0,25,9.9999999999999998e-13
44,8,"DenseLayer( 64,1 )","weights",1.202273709987097,0.00022560644714284868,0.00018765175380239057,0.00020220485246684068,0.00039993838942651932,0.00021415754479695408,0,25,9.9999999999999998e-13
44,8,"DenseLayer( 64,1 )","biases",0.00043262993684038518,2.4204842047765852e-05,0.055132519775980812,0.071713705755532167,0.19914772124678692,0.051044959375793265,0,25,9.9999999999999998e-13
45,0,"Conv2DLayer(1,8,5, stride=5, padding=0)","all",1.4295895099147147,0.0007257212959436946,0.00050763928452274504,0.00057566071820709078,0.0013497002415691242,0.00080034692833811586,0,25,9.9999999999999998e-13
45,0,"Conv2DLayer(1,8,5, stride=5, padding=0)","weights",1.4285891220183711,0.00070049349223821466,0.0004903351882123365,0.00056132268318241489,0.001337134154706453,0.00078299244263628433,0,25,9.9999999999999998e-13
45,0,"Conv2DLayer(1,8,5, stride=5, padding=0)","biases",0.053472165894171218,0.00017134895825324258,0.003203439829498896,0.0034571480535586772,0.0062308604036648207,0.0044953715134003012,0,25,9.9999999999999998e-13
45,4,"DenseLayer( 7202,128 )","all",16.774085149379339,0.017157215156650092,0.0010228274271609839,0.0010527298601604037,0.0014832304516720822,0.0010141792345821693,0,25,9.9999999999999998e-13
45,4,"DenseLayer( 7202,128 )","weights",16.773992501597025,0.017151774307639322,0.0010225087247107698,0.0010523892593370947,0.0014827682619857389,0.0010137678031157374,0,25,9.9999999999999998e-13
45,4,"DenseLayer( 7202,128 )","biases",0.05575077137335336,0.00042858924747202415,0.0076870381162167422,0.0081244595318246543,0.013484114343544983,0.0087243562905271691,0,25,9.9999999999999998e-13
45,6,"DenseLayer( 128,64 )","all",9.1479975060842769,0.0032753573222585749,0.00035803974231344134,0.00038346042805802915,0.00058255435756394112,0.00028727140359808011,0,25,9.9999999999999998e-13
45,6,"DenseLayer( 128,64 )","weights",9.1479272081190022,0.0032560733038075875,0.00035593447547170701,0.00038111390605384082,0.00058054376668931868,0.00028586102540039711,0,25,9.9999999999999998e-13
45,6,"DenseLayer( 128,64 )","biases",0.035863116523330685,0.00035010061245591492,0.0097630445037035097,0.010812712078081307,0.018617353267724915,0.0072572184449751298,0,25,9.9999999999999998e-13
45,8,"DenseLayer( 64,1 )","all",1.2028470586238906,0.00035480637679068729,0.00029497383705573524,0.00031641802866138214,0.00052149885432585714,0.00023106074593351626,0,25,9.9999999999999998e-13
45,8,"DenseLayer( 64,1 )","weights",1.2028469688146699,0.00034971786141644375,0.00029074352381204804,0.00031135659858969939,0.00051289418897585586,0.00022981893736705834,0,25,9.9999999999999998e-13
45,8,"DenseLayer( 64,1 )","biases",0.00045854621799662709,5.5650930153205988e-05,0.12549318174452589,0.15220964110714494,0.33190987741283412,0.086869382184222327,0,25,9.9999999999999998e-13
46,0,"Conv2DLayer(1,8,5, stride=5, padding=0)","all",1.4294670037620574,0.00074454982245516794,0.00052086432963469216,0.00060767452009690174,0.0012212185382196286,0.00051783933067735071,0,25,9.9999999999999998e-13
46,0,"Conv2DLayer(1,8,5, stride=5, padding=0)","weights",1.4284550293722844,0.00072434389355805948,0.00050708869732226281,0.00059500052900345079,0.0011989631683879203,0.00050059270451415156,0,25,9.9999999999999998e-13
46,0,"Conv2DLayer(1,8,5, stride=5, padding=0)","biases",0.053777887908551467,0.00016185096536796569,0.0030072701371989144,0.0033318905794404458,0.0062972992980282402,0.0035431727927708735,0,25,9.9999999999999998e-13
46,4,"DenseLayer( 7202,128 )","all",16.783913383017332,0.017424272354242602,0.0010381497453845153,0.0010521451733038823,0.0013962580850703451,0.00098543968592421658,0,25,9.9999999999999998e-13
46,4,"DenseLayer( 7202,128 )","weights",16.783819723079795,0.017418743896917634,0.0010378261435762565,0.001051810744524554,0.0013956936501736063,0.00098522736600075334,0,25,9.9999999999999998e-13
46,4,"DenseLayer( 7202,128 )","biases",0.056070917642809553,0.00043683916739832075,0.0077906884962209043,0.0080090571037602573,0.01195262771101546,0.0062137056210400483,0,25,9.9999999999999998e-13
46,6,"DenseLayer( 128,64 )","all",9.1488311918042129,0.0033542092485439718,0.00036662810355822268,0.00038196303665095536,0.00059838947183699488,0.00027197509112453824,0,25,9.9999999999999998e-13
46,6,"DenseLayer( 128,64 )","weights",9.1487606490238136,0.003332068134389314,0.0003642107957660299,0.0003793093466612985,0.00059348330882936975,0.00027101827349932251,0,25,9.9999999999999998e-13
46,6,"DenseLayer( 128,64 )","biases",0.035927094277448689,0.00038125672230899897,0.010615803217318566,0.011458771993774243,0.01953066989782427,0.0057965934267781632,0,25,9.9999999999999998e-13
46,8,"DenseLayer( 64,1 )","all",1.2032260036768165,0.00037135794154843292,0.00030863887644962048,0.00032505701527554262,0.00051013054881096425,0.00023338022176803866,0,25,9.9999999999999998e-13
46,8,"DenseLayer( 64,1 )","weights",1.2032259209339622,0.00036540141906863847,0.00030368826160838506,0.00031928845263859553,0.00049753439430485569,0.00023264573363039593,0,25,9.9999999999999998e-13
46,8,"DenseLayer( 64,1 )","biases",0.00043735174345783891,6.2620883109048013e-05,0.15552494405442893,0.18730558481870788,0.3773516544375658,0.046646122289450115,0,25,9.9999999999999998e-13
47,0,"Conv2DLayer(1,8,5, stride=5, padding=0)","all",1.4293990249583588,0.00061159081987966846,0.00042786657191391439,0.00048327338014424946,0.00087623004585615858,0.00045858010302411223,0,25,9.9999999999999998e-13
47,0,"Conv2DLayer(1,8,5, stride=5, padding=0)","weights",1.4283846053682543,0.00059924793484301281,0.00041952912217394829,0.00047491390226267471,0.00086210707072250964,0.00045491164827299188,0,25,9.9999999999999998e-13
47,0,"Conv2DLayer(1,8,5, stride=5, padding=0)","biases",0.053842104379898559,0.00011701851536579691,0.0021724991658612471,0.0024213969657640292,0.0042500191432617617,0.0015935160743644054,0,25,9.9999999999999998e-13
47,4,"DenseLayer( 7202,128 )","all",16.794205081500213,0.020778924654793432,0.0012372184303086572,0.0013096388700016058,0.0018532120411649156,0.0018131330431195858,0,25,9.9999999999999998e-13
47,4,"DenseLayer( 7202,128 )","weights",16.794111840508318,0.020772219172177801,0.0012368260409928175,0.0013092104232337724,0.0018525824379668921,0.0018127082986354711,0,25,9.9999999999999998e-13
47,4,"DenseLayer( 7202,128 )","biases",0.055962501741399176,0.00052539665771507297,0.009388587498801039,0.010138645629718918,0.01557182881152612,0.011886819338204919,0,25,9.9999999999999998e-13
47,6,"DenseLayer( 128,64 )","all",9.1497145248179041,0.0039137818603755857,0.00042774645789867184,0.00046414822782589758,0.00072672281312387212,0.00054259714687135592,0,25,9.9999999999999998e-13
47,6,"DenseLayer( 128,64 )","weights",9.1496435504609313,0.0038892654291187573,0.0004250702992876674,0.00046111434666060212,0.0007213414376478404,0.00054093373099760843,0,25,9.9999999999999998e-13
47,6,"DenseLayer( 128,64 )","biases",0.036038558795692517,0.00043283284254300571,0.012010347275278593,0.013459772537771777,0.022476985952895163,0.010768135646996082,0,25,9.9999999999999998e-13
47,8,"DenseLayer( 64,1 )","all",1.2037204727343009,0.00040583670780030065,0.00033714234895898505,0.00037317342962978571,0.0006490400139622679,0.00041111013011316922,0,25,9.9999999999999998e-13
47,8,"DenseLayer( 64,1 )","weights",1.203720406041475,0.00039850627268303199,0.00033105279473033089,0.00036594010265591066,0.00063706367928918664,0.00040913842060428987,0,25,9.9999999999999998e-13
47,8,"DenseLayer( 64,1 )","biases",0.00038831091544125232,7.3240255005657673e-05,0.19887828436034341,0.24352050532705047,0.5336748533490846,0.23855220374913072,0,25,9.9999999999999998e-13
48,0,"Conv2DLayer(1,8,5, stride=5, padding=0)","all",1.4290897576520838,0.00080033074676971977,0.00056003379612150589,0.00062537316630163569,0.0012318632486910017,0.00049225804171982473,0,25,9.9999999999999998e-13
48,0,"Conv2DLayer(1,8,5, stride=5, padding=0)","weights",1.4280370211664548,0.00077785512195025484,0.00054470880368960085,0.00061042011664729965,0.0012066243870043757,0.00047643831030011577,0,25,9.9999999999999998e-13
48,0,"Conv2DLayer(1,8,5, stride=5, padding=0)","biases",0.054841407622413553,0.00017898787016540498,0.0032621093244443516,0.0035944206303351873,0.0066656196850573184,0.0032077029162127738,0,25,9.9999999999999998e-13
48,4,"DenseLayer( 7202,128 )","all",16.805272329156566,0.030666795399998323,0.0018248469929834023,0.0018677996055452009,0.0027840772670449862,0.0011803989354992443,0,25,9.9999999999999998e-13
48,4,"DenseLayer( 7202,128 )","weights",16.805177891243748,0.030657525597785097,0.0018243056356874146,0.001867236953381155,0.0027833237539470791,0.0011801401628107296,0,25,9.9999999999999998e-13
48,4,"DenseLayer( 7202,128 )","biases",0.056338965888879579,0.00074966077018528293,0.013307689142817689,0.013803217905498974,0.019510699018600062,0.0074693840603001632,0,25,9.9999999999999998e-13
48,6,"DenseLayer( 128,64 )","all",9.1503889347984426,0.0053564081980184784,0.00058537662878055136,0.00062234235311875192,0.0010460319826220556,0.00031922169369601536,0,25,9.9999999999999998e-13
48,6,"DenseLayer( 128,64 )","weights",9.150315856975908,0.0053197595288546461,0.00058137611090171542,0.00061786583622182366,0.0010373198666970684,0.00031756565374786917,0,25,9.9999999999999998e-13
48,6,"DenseLayer( 128,64 )","biases",0.036569468876295246,0.00062092204759360494,0.016982575283757736,0.01865717529286201,0.033726077826582629,0.0080506711535815578,0,25,9.9999999999999998e-13
48,8,"DenseLayer( 64,1 )","all",1.203902687958792,0.00056913538859723232,0.00047274391479238136,0.00051696554523812796,0.0009218473961166364,0.00028480224325269697,0,25,9.9999999999999998e-13
48,8,"DenseLayer( 64,1 )","weights",1.2039026242081183,0.00055743599288707649,0.00046302596503333042,0.00050555993665753001,0.0008997987144100945,0.00028384707693714865,0,25,9.9999999999999998e-13
48,8,"DenseLayer( 64,1 )","biases",0.00036011146439705042,0.00011159392190165818,0.54397369584257527,1.086659247191559,4.9042422357005728,0.059259751423774806,0,25,9.9999999999999998e-13
49,0,"Conv2DLayer(1,8,5, stride=5, padding=0)","all",1.4288069513026049,0.0011898777200383807,0.00083278142996393934,0.00091070725524422308,0.0013986828830079958,0.00080891022562854409,0,25,9.9999999999999998e-13
49,0,"Conv2DLayer(1,8,5, stride=5, padding=0)","weights",1.4277084365707939,0.0011670941067066589,0.00081746408206476487,0.00089650355853765188,0.0013834929521441407,0.00079394126041956487,0,25,9.9999999999999998e-13
49,0,"Conv2DLayer(1,8,5, stride=5, padding=0)","biases",0.056016667866526704,0.00021819420132627017,0.0038943612257123909,0.0041818957695535291,0.0069403388966008291,0.0040161098391562396,0,25,9.9999999999999998e-13
49,4,"DenseLayer( 7202,128 )","all",16.819742780492316,0.020952462072026119,0.0012457527125571126,0.0012814814423539897,0.0018443463270688863,0.00083977871179576774,0,25,9.9999999999999998e-13
49,4,"DenseLayer( 7202,128 )","weights",16.819647371443647,0.020946452744747733,0.0012454024862109416,0.0012811226212675368,0.0018438021490970514,0.00083951867289387065,0,25,9.9999999999999998e-13
49,4,"DenseLayer( 7202,128 )","biases",0.056652217041049641,0.00049971483238631434,0.0088241101206450231,0.0090996645112297308,0.013458662719787606,0.006237841462682618,0,25,9.9999999999999998e-13
49,6,"DenseLayer( 128,64 )","all",9.1514478411931233,0.0033372677345825399,0.00036467231382567662,0.0003755014662018332,0.000510800260843619,0.00026731081797724837,0,25,9.9999999999999998e-13
49,6,"DenseLayer( 128,64 )","weights",9.1513736133479799,0.0033202860338239293,0.00036281961611359836,0.00037356327273170456,0.00050807642268603027,0.00026655058023347883,0,25,9.9999999999999998e-13
49,6,"DenseLayer( 128,64 )","biases",0.036858732333162829,0.00033216779847547212,0.0090122673172384586,0.0094663251657154165,0.015003160391482291,0.0049941725725132216,0,25,9.9999999999999998e-13
49,8,"DenseLayer( 64,1 )","all",1.2043214431678571,0.00036283830027849162,0.00030128419664421163,0.00031383851442356471,0.00045351368100984314,0.00025230664157055015,0,25,9.9999999999999998e-13
49,8,"DenseLayer( 64,1 )","weights",1.2043213810787303,0.00035947626225040088,0.00029849248976533286,0.00031073267758145203,0.00044769302061061346,0.00025190134328758294,0,25,9.9999999999999998e-13
49,8,"DenseLayer( 64,1 )","biases",0.00037733654142357409,4.3118447065353395e-05,0.12035640738597267,0.15716551923293701,0.4571691856602601,0.06804202975781555,0,25,9.9999999999999998e-13
50,0,"Conv2DLayer(1,8,5, stride=5, padding=0)","all",1.4287954446241178,0.00082322099728820064,0.00057616241337071241,0.00073677552969024518,0.0018955449495075688,0.00015735413407448853,0,25,9.9999999999999998e-13
50,0,"Conv2DLayer(1,8,5, stride=5, padding=0)","weights",1.4276920815255361,0.0007908756079947635,0.00055395151576579965,0.00071916946084680763,0.0018459655851778499,0.0001240956412098077,0,25,9.9999999999999998e-13
50,0,"Conv2DLayer(1,8,5, stride=5, padding=0)","biases",0.056140068757432597,0.00020455941216495911,0.0036444807144638543,0.0041401802555269063,0.011135520087435475,0.0024626105701228665,0,25,9.9999999999999998e-13
50,4,"DenseLayer( 7202,128 )","all",16.833094115779847,0.016713961146978384,0.00099294212081580714,0.0010237784061259592,0.0016804902004147301,0.00082572081247039234,0,25,9.9999999999999998e-13
50,4,"DenseLayer( 7202,128 )","weights",16.832997415369825,0.01670739495525389,0.00099255773424340656,0.0010233763351063744,0.001679852880857663,0.00082541162786170259,0,25,9.9999999999999998e-13
50,4,"DenseLayer( 7202,128 )","biases",0.057057150037783076,0.00046717901134245179,0.0081893289328364999,0.0085284513150785616,0.013769286919925247,0.0067081789933029065,0,25,9.9999999999999998e-13
50,6,"DenseLayer( 128,64 )","all",9.1524635456191525,0.0032396335425257544,0.00035396401921715257,0.00036715707506082199,0.00053649508375056443,0.0003726893266489511,0,25,9.9999999999999998e-13
50,6,"DenseLayer( 128,64 )","weights",9.1523889552404203,0.0032172126490091668,0.0003515171721185446,0.00036458851957456686,0.00053194547327317491,0.00036935210956149159,0,25,9.9999999999999998e-13
50,6,"DenseLayer( 128,64 )","biases",0.036950623591524387,0.00037736559920324069,0.010211739163520932,0.010741710937821119,0.017250532682733251,0.012383550083935671,0,25,9.9999999999999998e-13
50,8,"DenseLayer( 64,1 )","all",1.2050501995947276,0.00036810449028770064,0.0003054717422750951,0.00031631489011376752,0.0004841835820278368,0.00029925818735256955,0,25,9.9999999999999998e-13
50,8,"DenseLayer( 64,1 )","weights",1.2050501492719374,0.00036267231226578623,0.00030096386756598933,0.00031152995429080339,0.00048366708212101047,0.00029135127014808996,0,25,9.9999999999999998e-13
50,8,"DenseLayer( 64,1 )","biases",0.00034061170881614087,5.7276819134131074e-05,0.17956190839104488,0.20959176979894145,0.38847165427925628,0.24340786072167556,0,25,9.9999999999999998e-13
51,0,"Conv2DLayer(1,8,5, stride=5, padding=0)","all",1.4287962536719647,0.00096795545501268394,0.00067746658329313552,0.00075200630629261014,0.0012845497776951113,0.00047007322942107296,0,25,9.9999999999999998e-13
51,0,"Conv2DLayer(1,8,5, stride=5, padding=0)","weights",1.4276962598100333,0.00093957766078676789,0.00065811180998211422,0.00073604438744637255,0.001269127173046402,0.00046559297504314732,0,25,9.9999999999999998e-13
51,0,"Conv2DLayer(1,8,5, stride=5, padding=0)","biases",0.056054049064651272,0.00020898457086785912,0.0037253660507101626,0.0039913389246311404,0.0066277254363605468,0.0017304736111569403,0,25,9.9999999999999998e-13
51,4,"DenseLayer( 7202,128 )","all",16.844505554712597,0.016544504081796769,0.00098217149964167525,0.00099798450376961212,0.0013531734704721875,0.0010358693841778649,0,25,9.9999999999999998e-13
51,4,"DenseLayer( 7202,128 )","weights",16.844408382441156,0.016538814562276499,0.00098183939894024323,0.00099764824761698688,0.0013527571315103842,0.0010356078886238687,0,25,9.9999999999999998e-13
51,4,"DenseLayer( 7202,128 )","biases",0.057215512738823589,0.000432987476773562,0.0075671386237914197,0.0076905208992349974,0.009951256007983994,0.006899450815345467,0,25,9.9999999999999998e-13
51,6,"DenseLayer( 128,64 )","all",9.1535286985197182,0.0027539583791383318,0.0003008624854234324,0.00030819874411112426,0.00044085782473291798,0.0003047785935702495,0,25,9.9999999999999998e-13
51,6,"DenseLayer( 128,64 )","weights",9.1534537530436353,0.0027387471616950316,0.00029920314932224679,0.00030649194256293215,0.00043827965617173589,0.00030271536098363508,0,25,9.9999999999999998e-13
51,6,"DenseLayer( 128,64 )","biases",0.037040520051065728,0.00028574083342698469,0.007714053659057904,0.0080097671172549706,0.011750294695455016,0.0086799095984850735,0,25,9.9999999999999998e-13
51,8,"DenseLayer( 64,1 )","all",1.205745772553565,0.0002974460784914631,0.00024668889707849299,0.0002540191763012018,0.00037129673998495121,0.0001708974569427766,0,25,9.9999999999999998e-13
51,8,"DenseLayer( 64,1 )","weights",1.205745700824256,0.00029464927615359849,0.00024436930305318837,0.00025165047465380803,0.00036843556454470739,0.00017015459729148306,0,25,9.9999999999999998e-13
51,8,"DenseLayer( 64,1 )","biases",0.00041344550671055911,3.6084501771256329e-05,0.088713925654190784,0.10307836453261782,0.18499687500306614,0.040966775258701724,0,25,9.9999999999999998e-13
52,0,"Conv2DLayer(1,8,5, stride=5, padding=0)","all",1.4288003496095361,0.0015512181112541136,0.0010856790871182794,0.0012089345956160648,0.0022299159903590728,0.0014889566175296698,0,25,9.9999999999999998e-13
52,0,"Conv2DLayer(1,8,5, stride=5, padding=0)","weights",1.4277048528438363,0.0015245676081761396,0.001067845286318205,0.0011916020313400097,0.002198698140938476,0.0014688983114540788,0,25,9.9999999999999998e-13
52,0,"Conv2DLayer(1,8,5, stride=5, padding=0)","biases",0.055939429377181805,0.00027733287775387792,0.0049575578810852929,0.0053445298744983988,0.0097645106319225617,0.0064210986766307316,0,25,9.9999999999999998e-13
52,4,"DenseLayer( 7202,128 )","all",16.857871945800891,0.022936036942753226,0.0013605703240736724,0.0013901450944109129,0.0020717110356408192,0.001486036389333797,0,25,9.9999999999999998e-13
52,4,"DenseLayer( 7202,128 )","weights",16.85777410053867,0.022928890908103811,0.0013601543238001435,0.0013897187343062472,0.0020710212177054966,0.0014856337874041032,0,25,9.9999999999999998e-13
52,4,"DenseLayer( 7202,128 )","biases",0.057436019055532118,0.00056839756934044783,0.0098965305573169918,0.010200934147638816,0.015845502830277029,0.010222043891638432,0,25,9.9999999999999998e-13
52,6,"DenseLayer( 128,64 )","all",9.1542794453620413,0.0040882527259890732,0.00044659394629944843,0.00046033709027324321,0.00064009093377594053,0.00051962905230936763,0,25,9.9999999999999998e-13
52,6,"DenseLayer( 128,64 )","weights",9.1542020896751986,0.0040681082291856617,0.00044439715404668456,0.00045814484300332736,0.00063842802681849157,0.0005176654237626227,0,25,9.9999999999999998e-13
52,6,"DenseLayer( 128,64 )","biases",0.037632543254926099,0.00040053093115209804,0.010640168014648248,0.01091947477998898,0.015594152724971113,0.010927190475543174,0,25,9.9999999999999998e-13
52,8,"DenseLayer( 64,1 )","all",1.206108182798181,0.00041558802105726058,0.00034456736702402608,0.00036122457427436249,0.00057775872530591217,0.0004195676978862286,0,25,9.9999999999999998e-13
52,8,"DenseLayer( 64,1 )","weights",1.2061080791938947,0.00041344996510880335,0.00034279476171017643,0.00035948804735885971,0.00057769165297154193,0.00041943399637018604,0,25,9.9999999999999998e-13
52,8,"DenseLayer( 64,1 )","biases",0.00049454369349405175,3.4443900221958754e-05,0.070167774802464486,0.086268442718962529,0.21675225899367623,0.024163570614370428,0,25,9.9999999999999998e-13
53,0,"Conv2DLayer(1,8,5, stride=5, padding=0)","all",1.4287413794684685,0.0012626270516393815,0.00088373013145533641,0.00099478356056976482,0.0018804538301109553,0.00059672577207588108,0,25,9.9999999999999998e-13
53,0,"Conv2DLayer(1,8,5, stride=5, padding=0)","weights",1.4276321385628317,0.0012382062812882329,0.0008673101850147476,0.00097930940262531117,0.0018570993807915822,0.00058581561087691118,0,25,9.9999999999999998e-13
53,0,"Conv2DLayer(1,8,5, stride=5, padding=0)","biases",0.05628807713701512,0.00023720388271600057,0.0042143533603964094,0.004544347658159551,0.0079602179072281194,0.0029242906559637846,0,25,9.9999999999999998e-13
53,4,"DenseLayer( 7202,128 )","all",16.868067669344658,0.020426615770144606,0.0012109781701265055,0.0012455006967430895,0.0017867776258451054,0.00080719174804128491,0,25,9.9999999999999998e-13
53,4,"DenseLayer( 7202,128 )","weights",16.867969268575731,0.020418856634735562,0.0012105252284153024,0.0012450323301528682,0.0017861623533672426,0.00080694491678469328,0,25,9.9999999999999998e-13
53,4,"DenseLayer( 7202,128 )","biases",0.05761598703240052,0.00056164836621711619,0.0097523386191537831,0.01008310478414296,0.013969205733752174,0.0058678974296998976,0,25,9.9999999999999998e-13
53,6,"DenseLayer( 128,64 )","all",9.1550169436564968,0.0039581153541044497,0.00043234616783605192,0.00045173225958698233,0.0006400876550613138,0.00020232438440092904,0,25,9.9999999999999998e-13
53,6,"DenseLayer( 128,64 )","weights",9.1549382325094886,0.0039354101791987074,0.00042986975924189791,0.00044914393285507226,0.00063697587209348295,0.00020123571919935837,0,25,9.9999999999999998e-13
53,6,"DenseLayer( 128,64 )","biases",0.037961866012637756,0.00041974124039543658,0.011073268571833408,0.011680985543052478,0.019224748405878001,0.0049901581216014873,0,25,9.9999999999999998e-13
53,8,"DenseLayer( 64,1 )","all",1.2063270871119169,0.00040931841537807605,0.00033931352672344974,0.00036116570457251062,0.00050346343944661137,0.00013921974711868172,0,25,9.9999999999999998e-13
53,8,"DenseLayer( 64,1 )","weights",1.2063269988752945,0.00040481515001658633,0.00033558037832131989,0.00035710263470244038,0.00050026368107783858,0.00013820734295992232,0,25,9.9999999999999998e-13
53,8,"DenseLayer( 64,1 )","biases",0.0004535216186195612,5.4323463700711727e-05,0.12222508540805434,0.15168067319523246,0.39936837951095705,0.049529954542641474,0,25,9.9999999999999998e-13
54,0,"Conv2DLayer(1,8,5, stride=5, padding=0)","all",1.4286748358447083,0.00095202644214729048,0.00066636835641481235,0.00078144748159062404,0.0015237588908296083,0.0014122234896074704,0,25,9.9999999999999998e-13
54,0,"Conv2DLayer(1,8,5, stride=5, padding=0)","weights",1.4275620921040906,0.0009206921476658255,0.00064493845622444371,0.00076188037432779884,0.0015009651295134875,0.0013892571159099024,0,25,9.9999999999999998e-13
54,0,"Conv2DLayer(1,8,5, stride=5, padding=0)","biases",0.056375627591559098,0.00022487403623335132,0.0039902420960313051,0.0044715271127794137,0.0090453819120308847,0.0065718871930624612,0,25,9.9999999999999998e-13
54,4,"DenseLayer( 7202,128 )","all",16.879826354697585,0.018540233836777841,0.0010983653063762746,0.00111893012450688,0.0016274358176265862,0.0010692658920104399,0,25,9.9999999999999998e-13
54,4,"DenseLayer( 7202,128 )","weights",16.879727235962207,0.018534127537598855,0.0010980100006671054,0.0011185647824379843,0.0016268541524059232,0.0010689908218382636,0,25,9.9999999999999998e-13
54,4,"DenseLayer( 7202,128 )","biases",0.057846263180035294,0.00047440580060467837,0.0081999105642325022,0.0084148893834959052,0.012734162961963811,0.0071476932415212658,0,25,9.9999999999999998e-13
54,6,"DenseLayer( 128,64 )","all",9.1561195040942351,0.0032558656402945411,0.00035559364975465163,0.00036868033693601173,0.00054128380019826143,0.00038404020197641979,0,25,9.9999999999999998e-13
54,6,"DenseLayer( 128,64 )","weights",9.156037428451393,0.0032364791679434695,0.00035347951099842491,0.00036643918585520328,0.00053775329238033704,0.00038274862025608486,0,25,9.9999999999999998e-13
54,6,"DenseLayer( 128,64 )","biases",0.038767844729074998,0.00035067093562407391,0.0090397482091681188,0.0095812774828961216,0.015384326297404521,0.0073882662642895764,0,25,9.9999999999999998e-13
54,8,"DenseLayer( 64,1 )","all",1.2067522549967391,0.0003538753259718202,0.00029324638982687953,0.00031051286247890723,0.00046632434104090667,0.00028767998684808339,0,25,9.9999999999999998e-13
54,8,"DenseLayer( 64,1 )","weights",1.2067521792388698,0.00034907198269146261,0.00028926622278566827,0.00030631661019797597,0.0004620699393564641,0.00028748220962204849,0,25,9.9999999999999998e-13
54,8,"DenseLayer( 64,1 )","biases",0.00042114059440791609,5.3466237150132654e-05,0.12901369939628463,0.15071259836109913,0.30724259726557213,0.04508497249807504,0,25,9.9999999999999998e-13
55,0,"Conv2DLayer(1,8,5, stride=5, padding=0)","all",1.4285496849730679,0.00087280672381913479,0.00061097360057378494,0.00068326981369176492,0.0012381987526405643,0.0011633924137107641,0,25,9.9999999999999998e-13
55,0,"Conv2DLayer(1,8,5, stride=5, padding=0)","weights",1.4274201318001314,0.00084920102847220154,0.00059491938893580659,0.00066805479016735013,0.0012172825265438709,0.0011407200673262559,0,25,9.9999999999999998e-13
55,0,"Conv2DLayer(1,8,5, stride=5, padding=0)","biases",0.05679733481879011,0.00019126236307584891,0.0033682670274961402,0.0036692155351130159,0.0060118112021022635,0.0058661182940675074,0,25,9.9999999999999998e-13
55,4,"DenseLayer( 7202,128 )","all",16.892390833050747,0.019997821323586622,0.0011838461851811997,0.0012007588545623943,0.0016875551030106793,0.0012947118138723701,0,25,9.9999999999999998e-13
55,4,"DenseLayer( 7202,128 )","weights",16.892291142589137,0.01999085257510724,0.001183440634483657,0.0012003477326706386,0.0016870285956597864,0.0012941822498773168,0,25,9.9999999999999998e-13
55,4,"DenseLayer( 7202,128 )","biases",0.058034438435486203,0.00052702196151911381,0.0090811012318436184,0.0092234587187886748,0.012365930383346348,0.010867363486108972,0,25,9.9999999999999998e-13
55,6,"DenseLayer( 128,64 )","all",9.1568609224964064,0.0035865438577885262,0.00039167866927831919,0.00040776948515887325,0.00068090190670130554,0.0005896541476761853,0,25,9.9999999999999998e-13
55,6,"DenseLayer( 128,64 )","weights",9.1567769673083124,0.0035607504069024216,0.00038886538242140662,0.00040476339148547537,0.00067582156693449919,0.0005851636222718085,0,25,9.9999999999999998e-13
55,6,"DenseLayer( 128,64 )","biases",0.039211035400648721,0.00042710745347596286,0.010896087492632031,0.01155519958418226,0.019399020372776271,0.016885836243276636,0,25,9.9999999999999998e-13
55,8,"DenseLayer( 64,1 )","all",1.2070623569843133,0.00038682195703740156,0.0003204671210389979,0.00033861636258071775,0.000575136318814672,0.00049040937688577717,0,25,9.9999999999999998e-13
55,8,"DenseLayer( 64,1 )","weights",1.2070622511645159,0.00038045564376118848,0.00031519284498364404,0.00033269278568439915,0.0005648854719148439,0.00048129785803286974,0,25,9.9999999999999998e-13
55,8,"DenseLayer( 64,1 )","biases",0.00049319737241603433,6.7119821906089783e-05,0.15136824569671817,0.18340463786436725,0.39896586500265502,0.2153095231187106,0,25,9.9999999999999998e-13
56,0,"Conv2DLayer(1,8,5, stride=5, padding=0)","all",1.4285418821744562,0.0011701755989892457,0.0008191467458457275,0.00095695099419166197,0.0023725064901778466,0.00020257716940888024,0,25,9.9999999999999998e-13
56,0,"Conv2DLayer(1,8,5, stride=5, padding=0)","weights",1.4274088193828651,0.0011508782546100164,0.00080627922176555039,0.00094275694759117339,0.0023402746593212168,0.00019970784439861131,0,25,9.9999999999999998e-13
56,0,"Conv2DLayer(1,8,5, stride=5, padding=0)","biases",0.056884544372094621,0.0002043070856363592,0.0035897211328308602,0.0042266064191827301,0.01008479638936707,0.00087517142785160473,0,25,9.9999999999999998e-13
56,4,"DenseLayer( 7202,128 )","all",16.902997391942801,0.018700372823944347,0.001106321022445366,0.0011373718586809268,0.0017082454104176477,0.00090710003076598436,0,25,9.9999999999999998e-13
56,4,"DenseLayer( 7202,128 )","weights",16.902897185365791,0.018693759715082928,0.0011059363434345879,0.0011369709478364837,0.0017076953946548441,0.00090687134682032882,0,25,9.9999999999999998e-13
56,4,"DenseLayer( 7202,128 )","biases",0.058202706240133475,0.00049591291423095357,0.0085205481176982584,0.0088435722855001002,0.01412084631116391,0.0059605817520527651,0,25,9.9999999999999998e-13
56,6,"DenseLayer( 128,64 )","all",9.157807282441377,0.0034052403624520583,0.00037183981773226862,0.00039272571114865295,0.00066517721623933035,0.00016245174516368567,0,25,9.9999999999999998e-13
56,6,"DenseLayer( 128,64 )","weights",9.1577218325139231,0.0033880155670976205,0.00036996238408291309,0.00039073470603454593,0.0006630541238409896,0.00016190150031444007,0,25,9.9999999999999998e-13
56,6,"DenseLayer( 128,64 )","biases",0.039560736524353046,0.0003375727531870228,0.0085342894013290486,0.0091537727635078898,0.014522439175037823,0.0030912411723308269,0,25,9.9999999999999998e-13
56,8,"DenseLayer( 64,1 )","all",1.2076139345527899,0.00036439306356033464,0.00030174432732136723,0.00032571671730868482,0.00062386520812453803,0.00016463872335757443,0,25,9.9999999999999998e-13
56,8,"DenseLayer( 64,1 )","weights",1.2076137922769945,0.00036068032103309339,0.00029866986028266146,0.00032241891408824194,0.00062334512298007239,0.00016448442597760741,0,25,9.9999999999999998e-13
56,8,"DenseLayer( 64,1 )","biases",0.00058194199460558592,4.6319072134792803e-05,0.081278310655324065,0.099792103512524238,0.19375617083445745,0.018593336906677992,0,25,9.9999999999999998e-13
57,0,"Conv2DLayer(1,8,5, stride=5, padding=0)","all",1.428419180812321,0.0008996868977332261,0.0006298407840974068,0.00071233481167545592,0.0016475293630535668,0.00045994561535857347,0,25,9.9999999999999998e-13
57,0,"Conv2DLayer(1,8,5, stride=5, padding=0)","weights",1.427268184390853,0.00086044344460565493,0.00060285183045939348,0.00068810052934958183,0.0016283033480018164,0.00045811409407594026,0,25,9.9999999999999998e-13
57,0,"Conv2DLayer(1,8,5, stride=5, padding=0)","biases",0.057329962844787447,0.00024052105911254385,0.0042008657127272399,0.0046520323142989744,0.0075490581502609235,0.0011048957512438974,0,25,9.9999999999999998e-13
57,4,"DenseLayer( 7202,128 )","all",16.917202139865282,0.025404967500753689,0.0015017951061095122,0.0015570722276684367,0.0022610041304551554,0.00080214018266501052,0,25,9.9999999999999998e-13
57,4,"DenseLayer( 7202,128 )","weights",16.917101456558001,0.025396778292226505,0.0015013199634784937,0.0015565887407089482,0.0022603092468977451,0.00080184650581010598,0,25,9.9999999999999998e-13
57,4,"DenseLayer( 7202,128 )","biases",0.058365562223508936,0.00064119641523475957,0.010985704817381944,0.011352752619287438,0.016523475086178702,0.0063449764817455172,0,25,9.9999999999999998e-13
57,6,"DenseLayer( 128,64 )","all",9.1589464925367743,0.0044468799062239587,0.00048552529168797775,0.00051136097072871885,0.00084358739470537128,0.00025966940873909511,0,25,9.9999999999999998e-13
57,6,"DenseLayer( 128,64 )","weights",9.158860645493661,0.0044145066387538999,0.00048199519123631745,0.00050752077246219861,0.00083681177344949534,0.00025860205427629817,0,25,9.9999999999999998e-13
57,6,"DenseLayer( 128,64 )","biases",0.039654537931329212,0.00053084322194564798,0.013393445334421744,0.014466662647604035,0.024739014321629983,0.0054001505287595867,0,25,9.9999999999999998e-13
57,8,"DenseLayer( 64,1 )","all",1.2080863735024883,0.00047965000151289601,0.00039703885573705072,0.00042536479091621389,0.00069392313255079482,0.00013979919182380502,0,25,9.9999999999999998e-13
57,8,"DenseLayer( 64,1 )","weights",1.2080862874714964,0.00047000606575953326,0.00038905609348062866,0.00041628776488244416,0.00067638694838450229,0.00013959926291993245,0,25,9.9999999999999998e-13
57,8,"DenseLayer( 64,1 )","biases",0.00044043726637028158,9.0248073684051638e-05,0.21680830660030154,0.25808886670388997,0.46165814371584962,0.025497098723596151,0,25,9.9999999999999998e-13
58,0,"Conv2DLayer(1,8,5, stride=5, padding=0)","all",1.4282814892083258,0.0005216265587905328,0.00036521468480469845,0.00039885885133579985,0.0008541887746450524,0.00026602680156862402,0,25,9.9999999999999998e-13
58,0,"Conv2DLayer(1,8,5, stride=5, padding=0)","weights",1.4270962773829665,0.00050152516062094011,0.00035143245969369971,0.00038550200531672451,0.00084078125676796548,0.00025473644165977373,0,25,9.9999999999999998e-13
58,0,"Conv2DLayer(1,8,5, stride=5, padding=0)","biases",0.058173935502059626,0.00013453846684199154,0.0023117981323466374,0.0025405071107935592,0.0046006064452092845,0.0019097523650236897,0,25,9.9999999999999998e-13
58,4,"DenseLayer( 7202,128 )","all",16.930201603191058,0.018297570488176835,0.0010807590672176732,0.0011171405696507682,0.0017273719363039015,0.00095023513907609831,0,25,9.9999999999999998e-13
58,4,"DenseLayer( 7202,128 )","weights",16.930100687739451,0.018290602313826218,0.0010803539111076896,0.0011167111528986701,0.0017266642080650417,0.00094995903867152269,0,25,9.9999999999999998e-13
58,4,"DenseLayer( 7202,128 )","biases",0.058455319679030275,0.00050206343460470039,0.0085888486086434113,0.0090391242470199504,0.015737659822725479,0.0066947049457632812,0,25,9.9999999999999998e-13
58,6,"DenseLayer( 128,64 )","all",9.1600645876298028,0.0036657155149724127,0.00040018648664040871,0.00042555997236379717,0.00076526123103675444,0.00023495470298526188,0,25,9.9999999999999998e-13
58,6,"DenseLayer( 128,64 )","weights",9.1599761378440849,0.0036379832691713185,0.00039716278197830308,0.00042219430737456198,0.00075793139583724654,0.00023395879266776651,0,25,9.9999999999999998e-13
58,6,"DenseLayer( 128,64 )","biases",0.040254000105367477,0.00044758510580691739,0.011118137669340536,0.012158130212282842,0.024037553024144794,0.0048989475687089496,0,25,9.9999999999999998e-13
58,8,"DenseLayer( 64,1 )","all",1.2087627018200409,0.00040898854188046253,0.00033836530774544027,0.00036533104513904256,0.00062282000143359039,0.00013569681114176753,0,25,9.9999999999999998e-13
58,8,"DenseLayer( 64,1 )","weights",1.2087625714324612,0.00040117229740981221,0.00033189849282693238,0.00035775892131267021,0.00060329262267813872,0.00013470206792057368,0,25,9.9999999999999998e-13
58,8,"DenseLayer( 64,1 )","biases",0.00055043657193891708,7.734347716905177e-05,0.15020009780077773,0.18118911523904044,0.47591302301684052,0.031881769556851035,0,25,9.9999999999999998e-13
59,0,"Conv2DLayer(1,8,5, stride=5, padding=0)","all",1.4282064874181868,0.00095201308417957198,0.00066658373426749186,0.0007593432706514599,0.0014413645640135454,0.00078833213954159983,0,25,9.9999999999999998e-13
59,0,"Conv2DLayer(1,8,5, stride=5, padding=0)","weights",1.4270095142608763,0.00092720960873865195,0.00064976228282819513,0.00074323455907223475,0.0014173503247150588,0.00077426923783664313,0,25,9.9999999999999998e-13
59,0,"Conv2DLayer(1,8,5, stride=5, padding=0)","biases",0.058459186128322883,0.00020598295734495172,0.0035199447729882989,0.0038664020467936268,0.0070868914088877584,0.0036950048451136297,0,25,9.9999999999999998e-13
59,4,"DenseLayer( 7202,128 )","all",16.94365478754473,0.023224774033857712,0.0013706790722117345,0.0014113570032889618,0.0020358489559383704,0.0013052367232059821,0,25,9.9999999999999998e-13
59,4,"DenseLayer( 7202,128 )","weights",16.943553656894316,0.023215909720401374,0.0013701641035129702,0.0014108123680578993,0.0020349278473387189,0.0013048905976561316,0,25,9.9999999999999998e-13
59,4,"DenseLayer( 7202,128 )","biases",0.058540774707323197,0.00063846687622757788,0.01090595743180019,0.011434002236570902,0.018205778943164282,0.0087839702864962819,0,25,9.9999999999999998e-13
59,6,"DenseLayer( 128,64 )","all",9.1610616543942545,0.0046589935805488696,0.00050856307203015145,0.00053946324252376388,0.00088377762397576047,0.00046721333052470056,0,25,9.9999999999999998e-13
59,6,"DenseLayer( 128,64 )","weights",9.1609714500432382,0.0046221077135283201,0.00050454168463747351,0.00053504146166588216,0.00087610192520922489,0.00046506040270624107,0,25,9.9999999999999998e-13
59,6,"DenseLayer( 128,64 )","biases",0.040653302488029154,0.00058228261160092804,0.014315726427488042,0.01553053378079312,0.026457529224117197,0.01010799248299904,0,25,9.9999999999999998e-13
59,8,"DenseLayer( 64,1 )","all",1.2093219537778093,0.00050480629371294362,0.00041742813089428978,0.0004510030844799345,0.00071637828508136752,0.00041101155272394796,0,25,9.9999999999999998e-13
59,8,"DenseLayer( 64,1 )","weights",1.2093217171929098,0.00049408032904710059,0.00040855878301297098,0.00044083376011161358,0.00069573298882334375,0.00040615097341279767,0,25,9.9999999999999998e-13
59,8,"DenseLayer( 64,1 )","biases",0.00073867505183443426,0.0001020302134566009,0.14161995469356931,0.16185189968997524,0.30832240581768189,0.10831657105592669,0,25,9.9999999999999998e-13
60,0,"Conv2DLayer(1,8,5, stride=5, padding=0)","all",1.4280303153187444,0.0010224882946237527,0.00071602405247856002,0.00082370715623472841,0.001735863049036632,0.00092083177086530041,0,25,9.9999999999999998e-13
60,0,"Conv2DLayer(1,8,5, stride=5, padding=0)","weights",1.4267979661392813,0.00098493397207860024,0.00069032267600402299,0.00080120646741013832,0.001702028004227198,0.00089796699538887445,0,25,9.9999999999999998e-13
60,0,"Conv2DLayer(1,8,5, stride=5, padding=0)","biases",0.05931249152764842,0.00025354585243646748,0.0042707940334556849,0.0046631214732336668,0.0087270190295394724,0.004946064172214863,0,25,9.9999999999999998e-13
60,4,"DenseLayer( 7202,128 )","all",16.956973998735183,0.023853472781593894,0.0014067046459604936,0.0014442066389602725,0.0022092024988772251,0.0014189480341929035,0,25,9.9999999999999998e-13
60,4,"DenseLayer( 7202,128 )","weights",16.956872776125206,0.023845067303920456,0.0014062173488785768,0.0014437000225119006,0.0022084416948506855,0.0014185129345120299,0,25,9.9999999999999998e-13
60,4,"DenseLayer( 7202,128 )","biases",0.058590303414828807,0.00063047525939212467,0.010760480309796044,0.01116319528501857,0.016879975834947998,0.010324052748461009,0,25,9.9999999999999998e-13
60,6,"DenseLayer( 128,64 )","all",9.1621151919275103,0.0045678272133225272,0.00049855614603448663,0.00051728936144503209,0.00076735751733550731,0.00044367253329577976,0,25,9.9999999999999998e-13
60,6,"DenseLayer( 128,64 )","weights",9.1620226139710965,0.0045330465556716829,0.00049476499645087458,0.00051326490887351078,0.00076031099266195301,0.0004403494157397769,0,25,9.9999999999999998e-13
60,6,"DenseLayer( 128,64 )","biases",0.041186754236970956,0.00055903582678173286,0.013580519117871458,0.014351316666632129,0.023317026503927238,0.012110908067404856,0,25,9.9999999999999998e-13
60,8,"DenseLayer( 64,1 )","all",1.2097338610234514,0.00047400475921860333,0.00039182449979825685,0.00041075013212286119,0.00061230525029540891,0.00032448460426828422,0,25,9.9999999999999998e-13
60,8,"DenseLayer( 64,1 )","weights",1.2097335723238387,0.00046484833897777268,0.00038425554972442328,0.00040229758791033887,0.00059385103353904573,0.00031958086132595438,0,25,9.9999999999999998e-13
60,8,"DenseLayer( 64,1 )","biases",0.0008263040729798377,8.7553837802261113e-05,0.10891838810669857,0.12679701533223445,0.25548190417677563,0.066261833584581264,0,25,9.9999999999999998e-13
61,0,"Conv2DLayer(1,8,5, stride=5, padding=0)","all",1.4278876927501805,0.0016432896030108331,0.0011508422803863528,0.0013257407783291719,0.0029023171480936452,0.00058711383184671835,0,25,9.9999999999999998e-13
61,0,"Conv2DLayer(1,8,5, stride=5, padding=0)","weights",1.4266095951264472,0.0015951473655645746,0.0011181219616879954,0.0012986666650065203,0.0028638258396815426,0.0005743322167843743,0,25,9.9999999999999998e-13
61,0,"Conv2DLayer(1,8,5, stride=5, padding=0)","biases",0.060398805316088704,0.00036187131616830908,0.0059982456281571237,0.0064469980103277376,0.011641417478844431,0.0028956000699137557,0,25,9.9999999999999998e-13
61,4,"DenseLayer( 7202,128 )","all",16.97042067290911,0.027947237412403146,0.0016468719254530252,0.0017033823208825554,0.0025564670921617264,0.00097429556172304451,0,25,9.9999999999999998e-13
61,4,"DenseLayer( 7202,128 )","weights",16.970318904626499,0.027937035902469147,0.0016462806312459281,0.0017027545701404927,0.0025555262795638983,0.00097400907551231577,0,25,9.9999999999999998e-13
61,4,"DenseLayer( 7202,128 )","biases",0.05877089905104093,0.00075190216711570022,0.012802645556098294,0.013477572708258737,0.020982444519226817,0.0068559457626855636,0,25,9.9999999999999998e-13
61,6,"DenseLayer( 128,64 )","all",9.162858658921623,0.0049547883510965771,0.00054075002414336027,0.00056986991957908451,0.00098414945604949648,0.0003043847902778025,0,25,9.9999999999999998e-13
61,6,"DenseLayer( 128,64 )","weights",9.1627657357078824,0.0049240496990930645,0.00053740073988070363,0.00056635498782673711,0.00098012456866347956,0.00030247739841657956,0,25,9.9999999999999998e-13
61,6,"DenseLayer( 128,64 )","biases",0.041264919752178067,0.00054025291131727378,0.013106524744136663,0.014070655611130059,0.022872101281822207,0.0074942155797003748,0,25,9.9999999999999998e-13
61,8,"DenseLayer( 64,1 )","all",1.2097794321356365,0.0005344848896352266,0.00044180320703621911,0.00046751235711247496,0.00075384169678492088,0.00024239586179453633,0,25,9.9999999999999998e-13
61,8,"DenseLayer( 64,1 )","weights",1.2097792234455294,0.00052629912161570767,0.00043503681449631927,0.0004600549557968072,0.00074713447745143244,0.00024061844634520253,0,25,9.9999999999999998e-13
61,8,"DenseLayer( 64,1 )","biases",0.00069461266626603903,8.7307658977806563e-05,0.12520425239454874,0.14026322346819148,0.23693559348188173,0.073093509982103871,0,25,9.9999999999999998e-13
62,0,"Conv2DLayer(1,8,5, stride=5, padding=0)","all",1.427855833011797,0.00066930525328200683,0.00046874868575693957,0.0004992166709943467,0.00092187183184701488,0.00062888815354986171,0,25,9.9999999999999998e-13
62,0,"Conv2DLayer(1,8,5, stride=5, padding=0)","weights",1.426540691438047,0.00064602770266094654,0.00045286344870903262,0.00048189552316092271,0.00087881608412965055,0.00059607943317012597,0,25,9.9999999999999998e-13
62,0,"Conv2DLayer(1,8,5, stride=5, padding=0)","biases",0.061268893476695167,0.0001637597954809749,0.0026728457861142788,0.003075886568879123,0.0065465705310273486,0.0046809231805499049,0,25,9.9999999999999998e-13
62,4,"DenseLayer( 7202,128 )","all",16.986141100552885,0.020864821120539639,0.0012283495668942756,0.0012666784374185313,0.0018823552533586204,0.0014321308272804852,0,25,9.9999999999999998e-13
62,4,"DenseLayer( 7202,128 )","weights",16.986037229717841,0.020855922004282178,0.0012278331600888424,0.001266142621628938,0.001881444865282739,0.0014316948698295795,0,25,9.9999999999999998e-13
62,4,"DenseLayer( 7202,128 )","biases",0.059402703777120529,0.00060723179523111041,0.010224576334836415,0.010614199027540959,0.016935772799731397,0.010246601838981167,0,25,9.9999999999999998e-13
62,6,"DenseLayer( 128,64 )","all",9.1637963952048498,0.0040993258737413163,0.00044733927718922355,0.00047147758249454575,0.00080583979812965463,0.00056567190366433923,0,25,9.9999999999999998e-13
62,6,"DenseLayer( 128,64 )","weights",9.163699100708989,0.0040679074618250478,0.00044391545483757951,0.00046772440990649875,0.00079867690800419604,0.00056014650728803295,0,25,9.9999999999999998e-13
62,6,"DenseLayer( 128,64 )","biases",0.042226991242061016,0.00050333170359209147,0.011925790915664669,0.01290603431332182,0.023377473515997182,0.017082158817186256,0,25,9.9999999999999998e-13
62,8,"DenseLayer( 64,1 )","all",1.2098943332210417,0.00044525057696475782,0.00036800695823925139,0.00039662934833163959,0.00073574076532685411,0.0005418771273097468,0,25,9.9999999999999998e-13
62,8,"DenseLayer( 64,1 )","weights",1.2098941788475654,0.00043619761401593552,0.00036052456338167148,0.00038822554067130782,0.00071783759890096976,0.00053260256242519243,0,25,9.9999999999999998e-13
62,8,"DenseLayer( 64,1 )","biases",0.00060011871741153303,8.4820117335766555e-05,0.14572813468606913,0.16918051248628949,0.31242560885125553,0.17794880725972645,0,25,9.9999999999999998e-13
63,0,"Conv2DLayer(1,8,5, stride=5, padding=0)","all",1.4277932365069432,0.0018599382341614832,0.0013026595930823591,0.0014670444958073665,0.0026298648069014476,0.0015744304850983087,0,25,9.9999999999999998e-13
63,0,"Conv2DLayer(1,8,5, stride=5, padding=0)","weights",1.4264594045083052,0.0018246035038240026,0.0012791061412512903,0.0014456648970989714,0.0025958360534326665,0.0015507376460081642,0,25,9.9999999999999998e-13
63,0,"Conv2DLayer(1,8,5, stride=5, padding=0)","biases",0.061700538815516556,0.00033964507976355792,0.0055044708522822595,0.0059522774211720328,0.010071205384504881,0.0064384051203916952,0,25,9.9999999999999998e-13
63,4,"DenseLayer( 7202,128 )","all",17.003817126122549,0.02653757926722897,0.0015606801573492598,0.0016110519189827643,0.002335153367270343,0.0014768719487807463,0,25,9.9999999999999998e-13
63,4,"DenseLayer( 7202,128 )","weights",17.003713696942217,0.026529584285905235,0.001560219488015647,0.0016105760504614242,0.0023345631368218395,0.0014760665081102072,0,25,9.9999999999999998e-13
63,4,"DenseLayer( 7202,128 )","biases",0.059306912287596658,0.00064457865113845287,0.010867414415303672,0.011339569907909228,0.017343479068723442,0.013964931992947537,0,25,9.9999999999999998e-13
63,6,"DenseLayer( 128,64 )","all",9.1648912411119348,0.0047245491156896096,0.00051550382121640852,0.00053621017288731651,0.00081488165917305636,0.00052580377207073561,0,25,9.9999999999999998e-13
63,6,"DenseLayer( 128,64 )","weights",9.1647942310053718,0.004702501213167321,0.00051310355421029484,0.00053377710153322479,0.00081299382825775874,0.00052294641492205574,0,25,9.9999999999999998e-13
63,6,"DenseLayer( 128,64 )","biases",0.042167752659336463,0.00044723201216087088,0.010606551056618814,0.011105741305403979,0.017503595646291968,0.011803065540044238,0,25,9.9999999999999998e-13
63,8,"DenseLayer( 64,1 )","all",1.210304763219076,0.00047508729962678271,0.00039253499730100046,0.00040933149579267084,0.00056450973439040974,0.00038883310923288852,0,25,9.9999999999999998e-13
63,8,"DenseLayer( 64,1 )","weights",1.2103046531990576,0.00047199126244527591,0.00038997688836061586,0.00040679251143014043,0.00056394169701672633,0.00038637559482208189,0,25,9.9999999999999998e-13
63,8,"DenseLayer( 64,1 )","biases",0.00050981700187548997,4.4737556017935275e-05,0.08677381983446622,0.10633792972027648,0.20751363716957558,0.12218670297097953,0,25,9.9999999999999998e-13
64,0,"Conv2DLayer(1,8,5, stride=5, padding=0)","all",1.4277871123818502,0.0010696779117850019,0.00074918692868822636,0.00092939746648354991,0.0018905410566375138,0.0001546254219260434,0,25,9.9999999999999998e-13
64,0,"Conv2DLayer(1,8,5, stride=5, padding=0)","weights",1.4264346584697583,0.0010431646352320439,0.00073131038103100275,0.00091621968810677112,0.0018656571740740362,0.00010451872018797493,0,25,9.9999999999999998e-13
64,0,"Conv2DLayer(1,8,5, stride=5, padding=0)","biases",0.062130190811719721,0.00020366885470625917,0.0032782078931227394,0.0036987039855935714,0.0072495516898268882,0.0026243151113472846,0,25,9.9999999999999998e-13
64,4,"DenseLayer( 7202,128 )","all",17.018048505489961,0.018066181781167784,0.0010616160252781795,0.0010939976067140293,0.0014921725400312814,0.0008230294858810643,0,25,9.9999999999999998e-13
64,4,"DenseLayer( 7202,128 )","weights",17.017941420234855,0.018059519027503232,0.0010612311740306269,0.0010936023747379763,0.0014916553068826269,0.00082271421657520178,0,25,9.9999999999999998e-13
64,4,"DenseLayer( 7202,128 )","biases",0.060371030125248082,0.00048821782751136666,0.0080916554715912588,0.0083692124058048854,0.01212314630199232,0.0064446509153632432,0,25,9.9999999999999998e-13
64,6,"DenseLayer( 128,64 )","all",9.1655046608807815,0.0033212719823912332,0.00036236747162685752,0.00038559887353213927,0.00066640697822033083,0.00026957523445294548,0,25,9.9999999999999998e-13
64,6,"DenseLayer( 128,64 )","weights",9.16540383028787,0.0033038616224946209,0.00036047187695340411,0.00038368627121296376,0.00066409003733783095,0.00026739761535109734,0,25,9.9999999999999998e-13
64,6,"DenseLayer( 128,64 )","biases",0.042991593086457079,0.00033522402313343436,0.0078002623044764697,0.0081924112312988951,0.013815864615222806,0.0072482241999666406,0,25,9.9999999999999998e-13
64,8,"DenseLayer( 64,1 )","all",1.2103066531253892,0.00035196934731153201,0.00029081346105659271,0.0003205356462942598,0.00061213457203949733,0.00017307602429228385,0,25,9.9999999999999998e-13
64,8,"DenseLayer( 64,1 )","weights",1.2103065830618394,0.00035000294497638667,0.0002891887301701688,0.00031889543324226436,0.00061178655663936081,0.00017083365267338505,0,25,9.9999999999999998e-13
64,8,"DenseLayer( 64,1 )","biases",0.00040799009613692763,2.9629712225869299e-05,0.076100307808753598,0.10338326096155442,0.31848563673521685,0.081296720372369555,0,25,9.9999999999999998e-13
65,0,"Conv2DLayer(1,8,5, stride=5, padding=0)","all",1.4278515007447978,0.00083017165514228004,0.00058141447723421584,0.00065480802030872551,0.0013157719446365273,0.00023609604857232426,0,25,9.9999999999999998e-13
65,0,"Conv2DLayer(1,8,5, stride=5, padding=0)","weights",1.4265115388270695,0.00079540468751545222,0.0005575886761651121,0.00063620449937820559,0.0013031209658882301,0.00018970996315721168,0,25,9.9999999999999998e-13
65,0,"Conv2DLayer(1,8,5, stride=5, padding=0)","biases",0.061844294326432972,0.00021349035673444937,0.0034521258448657996,0.0036341447560339639,0.0053283841173881671,0.0032503687045786454,0,25,9.9999999999999998e-13
65,4,"DenseLayer( 7202,128 )","all",17.029562769947617,0.018115025472381516,0.0010637330197222983,0.001081866917733358,0.0014813452339823084,0.0010521171563686379,0,25,9.9999999999999998e-13
65,4,"DenseLayer( 7202,128 )","weights",17.029454701614092,0.018107793968222846,0.0010633151263280303,0.0010814398890229781,0.0014807722394868765,0.0010517936341124694,0,25,9.9999999999999998e-13
65,4,"DenseLayer( 7202,128 )","biases",0.060668616105468143,0.00051073152928564336,0.0084183840018081189,0.0085997882502020125,0.011655586679227798,0.0073972832472577656,0,25,9.9999999999999998e-13
65,6,"DenseLayer( 128,64 )","all",9.1666087232016622,0.003343833513896991,0.00036478271585375243,0.00037938583935829043,0.00056255159828911042,0.00048046889430657433,0,25,9.9999999999999998e-13
65,6,"DenseLayer( 128,64 )","weights",9.1665061902737168,0.0033247513729372383,0.00036270507561179531,0.00037716977437572821,0.00055805193750056898,0.00047756536933395974,0,25,9.9999999999999998e-13
65,6,"DenseLayer( 128,64 )","biases",0.043355897126171938,0.00035285756655762453,0.0081383589958996597,0.0086648063203435127,0.015028764741978756,0.01111683834897772,0,25,9.9999999999999998e-13
65,8,"DenseLayer( 64,1 )","all",1.2110042310795055,0.00033657610752466826,0.00027792477688747935,0.00029985256999674764,0.00054413323065871471,0.00033302172879371816,0,25,9.9999999999999998e-13
65,8,"DenseLayer( 64,1 )","weights",1.2110041562145863,0.00033280106145095942,0.00027480766526085309,0.0002960836836694335,0.00053293889838266931,0.00032743929306676113,0,25,9.9999999999999998e-13
65,8,"DenseLayer( 64,1 )","biases",0.00041773654287680984,4.3922244803979995e-05,0.11206013829985645,0.15744841514977623,0.48910964241186222,0.15994016991682869,0,25,9.9999999999999998e-13
66,0,"Conv2DLayer(1,8,5, stride=5, padding=0)","all",1.4277842465610433,0.00084080890676940345,0.00058889556227856266,0.00067011673387575249,0.0014556591857880269,0.00019611350453278522,0,25,9.9999999999999998e-13
66,0,"Conv2DLayer(1,8,5, stride=5, padding=0)","weights",1.4264233277353624,0.00081990715689196343,0.00057480481931663,0.000657648990803999,0.0014381636478323916,0.00018655935888206788,0,25,9.9999999999999998e-13
66,0,"Conv2DLayer(1,8,5, stride=5, padding=0)","biases",0.062324128774152984,0.00017561878195606628,0.002817947610818391,0.0030201991482509041,0.0053503284567345249,0.0013890695310559255,0,25,9.9999999999999998e-13
66,4,"DenseLayer( 7202,128 )","all",17.039245754557598,0.023688328798449676,0.0013901867853503933,0.0014339014315494767,0.0021050643171793022,0.0013032286558920692,0,25,9.9999999999999998e-13
66,4,"DenseLayer( 7202,128 )","weights",17.039137271237983,0.023678728517401965,0.0013896322117717605,0.0014333209580138849,0.0021041719102817989,0.0013028478702797682,0,25,9.9999999999999998e-13
66,4,"DenseLayer( 7202,128 )","biases",0.060802231451292002,0.00067010098205918535,0.011020704737351813,0.011521970993366871,0.017243665553732617,0.0089301396706481864,0,25,9.9999999999999998e-13
66,6,"DenseLayer( 128,64 )","all",9.1678937379974066,0.0049004441426422568,0.00053452206038500543,0.00055655382284048205,0.00078419240679372866,0.00036795539044269364,0,25,9.9999999999999998e-13
66,6,"DenseLayer( 128,64 )","weights",9.167788449926956,0.0048622604271682723,0.00053036321976146072,0.00055208421141361231,0.00077685402431645662,0.00036490467584624018,0,25,9.9999999999999998e-13
66,6,"DenseLayer( 128,64 )","biases",0.043937003695037107,0.00060603849309514473,0.013791156116108273,0.014693886264097639,0.022336756967648891,0.0098089526559408668,0,25,9.9999999999999998e-13
66,8,"DenseLayer( 64,1 )","all",1.2115688267723734,0.0005116438462244874,0.00042229583830978671,0.00044938680878096193,0.00066210786407112866,0.00025738345974514655,0,25,9.9999999999999998e-13
66,8,"DenseLayer( 64,1 )","weights",1.2115687383624161,0.00050040560303193731,0.00041302015451593954,0.00043890066842852948,0.00064342487279921341,0.00025020668177413367,0,25,9.9999999999999998e-13
66,8,"DenseLayer( 64,1 )","biases",0.00044422348961234095,0.00010296429740265011,0.25300899065755239,0.29572151870770019,0.59724971890914702,0.19503341232918983,0,25,9.9999999999999998e-13
67,0,"Conv2DLayer(1,8,5, stride=5, padding=0)","all",1.4276880272935037,0.001421123514210292,0.00099539987007133519,0.0011806148324178577,0.0022483319252769346,0.0012518784685866071,0,25,9.9999999999999998e-13
67,0,"Conv2DLayer(1,8,5, stride=5, padding=0)","weights",1.4263115384329581,0.0013979558751754391,0.00098011892339634928,0.0011656181319914395,0.0022239229889222082,0.0012290858935790159,0,25,9.9999999999999998e-13
67,0,"Conv2DLayer(1,8,5, stride=5, padding=0)","biases",0.062677050485443225,0.00024564788744050497,0.0039168594884759602,0.0044253435266580913,0.007840818717198229,0.0055126515434654067,0,25,9.9999999999999998e-13
67,4,"DenseLayer( 7202,128 )","all",17.052673804315365,0.023598290590929754,0.0013838288629129359,0.0014263133345815272,0.0021509333617587153,0.0012633200863843579,0,25,9.9999999999999998e-13
67,4,"DenseLayer( 7202,128 )","weights",17.052564705335584,0.023590709737148555,0.0013833931839019647,0.0014258505868016934,0.0021501246515688256,0.0012628179758248453,0,25,9.9999999999999998e-13
67,4,"DenseLayer( 7202,128 )","biases",0.060997995193999198,0.00059360073520977057,0.0097279022678371432,0.010249501530814002,0.016513592852885339,0.010004199035861644,0,25,9.9999999999999998e-13
67,6,"DenseLayer( 128,64 )","all",9.1691961518535905,0.0040524709541742672,0.000441961576212776,0.00047210565050105966,0.00082905346617642998,0.00041136468025955588,0,25,9.9999999999999998e-13
67,6,"DenseLayer( 128,64 )","weights",9.1690872908868197,0.0040288155215205991,0.00043938693817978635,0.00046949671625728977,0.00082555051619415706,0.00040883604554067495,0,25,9.9999999999999998e-13
67,6,"DenseLayer( 128,64 )","biases",0.044678626853633455,0.00043075003524925597,0.0096315212394794073,0.010164645101858511,0.016674351784467106,0.0092541198486391502,0,25,9.9999999999999998e-13
67,8,"DenseLayer( 64,1 )","all",1.2119845234902398,0.00039582108342107872,0.0003265825936421579,0.0003509387089206247,0.0006155535205598794,0.00030406817254897208,0,25,9.9999999999999998e-13
67,8,"DenseLayer( 64,1 )","weights",1.2119844448526831,0.00039081149226520459,0.00032244921048446047,0.0003466804379298343,0.00060879501647257664,0.00030171333381389954,0,25,9.9999999999999998e-13
67,8,"DenseLayer( 64,1 )","biases",0.00042829352663829921,5.7044846471399069e-05,0.14402450740509906,0.17224055675224359,0.37689083419782565,0.08329930804478565,0,25,9.9999999999999998e-13
68,0,"Conv2DLayer(1,8,5, stride=5, padding=0)","all",1.4276774404605532,0.0012334965706764143,0.00086398834014367472,0.00095120006717485154,0.0015623591904673124,0.00091842297650747298,0,25,9.9999999999999998e-13
68,0,"Conv2DLayer(1,8,5, stride=5, padding=0)","weights",1.4262735339415282,0.0012082869390015489,0.0008471635670105808,0.00093490823679635382,0.0015444058264681569,0.0009035989535353346,0,25,9.9999999999999998e-13
68,0,"Conv2DLayer(1,8,5, stride=5, padding=0)","biases",0.063297972318850676,0.00024199346859457116,0.0038226297847843149,0.0040623450728997828,0.0065740054380282404,0.0038153997287408816,0,25,9.9999999999999998e-13
68,4,"DenseLayer( 7202,128 )","all",17.06788757787205,0.019561669372922409,0.0011461124868480739,0.0011619007067183126,0.001578479834480795,0.0012756893846035012,0,25,9.9999999999999998e-13
68,4,"DenseLayer( 7202,128 )","weights",17.067776765717511,0.019555218180150626,0.0011457419412384453,0.0011615222535659765,0.001578085477133555,0.0012752413118775287,0,25,9.9999999999999998e-13
68,4,"DenseLayer( 7202,128 )","biases",0.061502953082641379,0.00049930582245675723,0.0081197939554938023,0.0083132500425729793,0.0111295156444602,0.0094188880604170206,0,25,9.9999999999999998e-13
68,6,"DenseLayer( 128,64 )","all",9.1700713782809284,0.0033428048402677972,0.00036453537653471013,0.00037630190315505568,0.00056027367749420648,0.00036063401730682901,0,25,9.9999999999999998e-13
68,6,"DenseLayer( 128,64 )","weights",9.1699604030207134,0.0033252765984951149,0.00036262829853846759,0.00037432613976389129,0.00055570116903135448,0.00035813261699535833,0,25,9.9999999999999998e-13
68,6,"DenseLayer( 128,64 )","biases",0.045113939194066879,0.00033610237101324645,0.0074489479406691806,0.0078340931365896808,0.014482265067984675,0.0085923312005033638,0,25,9.9999999999999998e-13
68,8,"DenseLayer( 64,1 )","all",1.2122277297298896,0.00035183630944878871,0.00029023992449428258,0.00030484044794488709,0.00047497748981871664,0.00037081190755392781,0,25,9.9999999999999998e-13
68,8,"DenseLayer( 64,1 )","weights",1.2122276125304241,0.00034898671469266212,0.00028788910470566091,0.00030222178315785343,0.00046408116969877226,0.00036900544441252636,0,25,9.9999999999999998e-13
68,8,"DenseLayer( 64,1 )","biases",0.00052902678027749066,3.726575057953596e-05,0.074018323512168083,0.09920284939705272,0.27704096605659828,0.082600007916801998,0,25,9.9999999999999998e-13
69,0,"Conv2DLayer(1,8,5, stride=5, padding=0)","all",1.427711509803582,0.0010911715304671491,0.00076427460967320743,0.00085573821466893572,0.0015373964897297519,0.00094952042408993681,0,25,9.9999999999999998e-13
69,0,"Conv2DLayer(1,8,5, stride=5, padding=0)","weights",1.4263012339700967,0.001069415695386107,0.00074977563889639558,0.00084094305212343472,0.0015224928449201244,0.0008646342384153494,0,25,9.9999999999999998e-13
69,0,"Conv2DLayer(1,8,5, stride=5, padding=0)","biases",0.063441990115332109,0.00020461009091055535,0.0032264137086628637,0.0036645014451635104,0.0088420303508917348,0.0088420303508917348,0,25,9.9999999999999998e-13
69,4,"DenseLayer( 7202,128 )","all",17.082958337445067,0.020549630231085383,0.0012029456365630113,0.0012443559687294785,0.0022515866971348527,0.0022515866971348527,0,25,9.9999999999999998e-13
69,4,"DenseLayer( 7202,128 )","weights",17.082845892357973,0.02054320607969657,0.0012025774848883476,0.0012439712501398417,0.0022508916811286384,0.0022508916811286384,0,25,9.9999999999999998e-13
69,4,"DenseLayer( 7202,128 )","biases",0.061981683997805966,0.00051281383072583142,0.0082764307071596724,0.0086219653872123686,0.015545751468502188,0.015545751468502188,0,25,9.9999999999999998e-13
69,6,"DenseLayer( 128,64 )","all",9.1709702918842666,0.0036662030517394099,0.00039976318007857274,0.00041988457325861959,0.00072771474598985254,0.00072771474598985254,0,25,9.9999999999999998e-13
69,6,"DenseLayer( 128,64 )","weights",9.1708572778248705,0.0036442242707707753,0.00039737150210520733,0.0004174170922517111,0.00072195622633702101,0.00072195622633702101,0,25,9.9999999999999998e-13
69,6,"DenseLayer( 128,64 )","biases",0.04552837889680638,0.00039295033064513127,0.0086378951067314427,0.0091772960819358762,0.018383145050454394,0.018383145050454394,0,25,9.9999999999999998e-13
69,8,"DenseLayer( 64,1 )","all",1.2127133173789015,0.00038062408271623006,0.00031386036452522837,0.00033682030233554109,0.00060474292039241974,0.00060474292039241974,0,25,9.9999999999999998e-13
69,8,"DenseLayer( 64,1 )","weights",1.2127131996816325,0.00037591869616206234,0.00030998028123264943,0.00033269578687880532,0.0005913574930468935,0.0005913574930468935,0,25,9.9999999999999998e-13
69,8,"DenseLayer( 64,1 )","biases",0.00052893133601173759,5.42722805403173e-05,0.1063673467647351,0.12600355374761193,0.26991179933793963,0.26991179933793963,0,25,9.9999999999999998e-13
70,0,"Conv2DLayer(1,8,5, stride=5, padding=0)","all",1.4277511476817843,0.00088041642574892903,0.00061663809489858007,0.00068970962187640274,0.0013912716014110359,0.0013912716014110359,0,25,9.9999999999999998e-13
70,0,"Conv2DLayer(1,8,5, stride=5, padding=0)","weights",1.4263468809340598,0.00084557464418965125,0.00059281668440441099,0.00067174418883716492,0.0013740194877851655,0.0013740194877851655,0,25,9.9999999999999998e-13
70,0,"Conv2DLayer(1,8,5, stride=5, padding=0)","biases",0.063307809585608874,0.00021557679771413955,0.0034046353859185233,0.0035888255485615459,0.0051163811990747737,0.0051163811990747737,0,25,9.9999999999999998e-13
70,4,"DenseLayer( 7202,128 )","all",17.099525914871265,0.021947183618272827,0.0012834694828359351,0.0013056607136312909,0.0019867085934376747,0.0017161258505179406,0,25,9.9999999999999998e-13
70,4,"DenseLayer( 7202,128 )","weights",17.099412387707641,0.02194185238609982,0.0012831662232051526,0.0013053532918518398,0.001986214916068537,0.0017157404707647209,0,25,9.9999999999999998e-13
70,4,"DenseLayer( 7202,128 )","biases",0.062309561543422605,0.00048192907311217454,0.00773459674383824,0.0078841072957072465,0.012269749283067691,0.010108996318580794,0,25,9.9999999999999998e-13
70,6,"DenseLayer( 128,64 )","all",9.1721637822456685,0.0030767247664709716,0.00033543986353819889,0.00035690535160468452,0.00074162821047601068,0.00058541397477253365,0,25,9.9999999999999998e-13
70,6,"DenseLayer( 128,64 )","weights",9.1720496316405224,0.0030595372508160305,0.00033357013857780347,0.00035488122918837903,0.00073661480889622845,0.00058314669045678982,0,25,9.9999999999999998e-13
70,6,"DenseLayer( 128,64 )","biases",0.045760150012725868,0.00032124538028787433,0.0070209630851575796,0.0076173990120286623,0.017240804478951075,0.010353003598933765,0,25,9.9999999999999998e-13
70,8,"DenseLayer( 64,1 )","all",1.2132229192233714,0.0003063818745956086,0.00025252894843962639,0.00028026112979268758,0.00064513781758998893,0.00051743859771183549,0,25,9.9999999999999998e-13
70,8,"DenseLayer( 64,1 )","weights",1.2132227885460367,0.00030359739241048764,0.00025023379732998208,0.00027750575498136252,0.00063682211827336506,0.00051625918449837624,0,25,9.9999999999999998e-13
70,8,"DenseLayer( 64,1 )","biases",0.00055713508627377453,3.6351853050291536e-05,0.06389297767984746,0.081083837715213311,0.20447073684410474,0.086917822304346956,0,25,9.9999999999999998e-13
71,0,"Conv2DLayer(1,8,5, stride=5, padding=0)","all",1.4277210229704385,0.0013852188466232248,0.00097022216108118699,0.0010656986669743864,0.0018070844144990235,0.0012250469468210016,0,25,9.9999999999999998e-13
71,0,"Conv2DLayer(1,8,5, stride=5, padding=0)","weights",1.4263083992853245,0.0013600173519737607,0.00095351328857391576,0.0010486142019573558,0.0017717838704346131,0.0012079324877768533,0,25,9.9999999999999998e-13
71,0,"Conv2DLayer(1,8,5, stride=5, padding=0)","biases",0.063494760609561413,0.00025315487581298074,0.0039872283201732323,0.0044002326230283438,0.0081657756607168303,0.0047294063056690719,0,25,9.9999999999999998e-13
71,4,"DenseLayer( 7202,128 )","all",17.11631183197828,0.025084917927099059,0.0014655345307766519,0.0014902001026056095,0.0019701381791749689,0.0017384437922014701,0,25,9.9999999999999998e-13
71,4,"DenseLayer( 7202,128 )","weights",17.116197920973715,0.025077812471161243,0.0014651291486791976,0.0014897899556054097,0.0019697700155764,0.0017378791807496621,0,25,9.9999999999999998e-13
71,4,"DenseLayer( 7202,128 )","biases",0.062444893815930845,0.00059371698209379896,0.0095098619831567692,0.0097012097325105857,0.013753194261748185,0.012214583845405911,0,25,9.9999999999999998e-13
71,6,"DenseLayer( 128,64 )","all",9.1733974601668216,0.0041918896894880984,0.00045696171760687814,0.00046790371374361454,0.00069352071529822331,0.00054086995159163852,0,25,9.9999999999999998e-13
71,6,"DenseLayer( 128,64 )","weights",9.1732811181389948,0.0041691347745287065,0.00045448693215742735,0.00046539422274564425,0.00069030220758265056,0.00053730802410692415,0,25,9.9999999999999998e-13
71,6,"DenseLayer( 128,64 )","biases",0.046198111913571205,0.00042804707388134882,0.0092749222401530447,0.0096365854931002425,0.014024132662148175,0.012132150393136903,0,25,9.9999999999999998e-13
71,8,"DenseLayer( 64,1 )","all",1.2139365882982556,0.00041654604594491476,0.00034314056885874805,0.00036085381682044202,0.00053705206227266955,0.00041526961878684464,0,25,9.9999999999999998e-13
71,8,"DenseLayer( 64,1 )","weights",1.2139364632382565,0.0004132836914254802,0.00034045316516723227,0.00035797341011547477,0.00053348746175156962,0.00040848215536308719,0,25,9.9999999999999998e-13
71,8,"DenseLayer( 64,1 )","biases",0.00054699286934919652,4.6151340939104557e-05,0.086139688264347605,0.10386260705804135,0.1928355541159123,0.13120005544768454,0,25,9.9999999999999998e-13
72,0,"Conv2DLayer(1,8,5, stride=5, padding=0)","all",1.4277400716582016,0.0012853863516076062,0.00090029576558878135,0.00096500610108602206,0.0019912883251382131,0.00077215943914416712,0,25,9.9999999999999998e-13
72,0,"Conv2DLayer(1,8,5, stride=5, padding=0)","weights",1.4263096831083024,0.0012633511597040278,0.00088574895006082646,0.00094906902582497072,0.0019475149628338496,0.00076241690884858138,0,25,9.9999999999999998e-13
72,0,"Conv2DLayer(1,8,5, stride=5, padding=0)","biases",0.063892104198526742,0.00022976515031580353,0.0035961990990411256,0.0040177771476083172,0.00951178404642683,0.0028102752848100281,0,25,9.9999999999999998e-13
72,4,"DenseLayer( 7202,128 )","all",17.134666075522272,0.029026459847366747,0.0016939696907946581,0.0017401186531817139,0.0025575042616905169,0.001209654532774083,0,25,9.9999999999999998e-13
72,4,"DenseLayer( 7202,128 )","weights",17.134549809293205,0.029017118944049319,0.0016934360450877454,0.0017395699220674214,0.0025568121648813042,0.0012093481820069046,0,25,9.9999999999999998e-13
72,4,"DenseLayer( 7202,128 )","biases",0.063121409454172189,0.00073190811975656228,0.011595198301328153,0.011988491726385882,0.016868227565289506,0.0074720094310632866,0,25,9.9999999999999998e-13
72,6,"DenseLayer( 128,64 )","all",9.1747931251467847,0.0052621386914503037,0.00057354205917651559,0.00059551088857594118,0.00087888011547378544,0.0003698410626634566,0,25,9.9999999999999998e-13
72,6,"DenseLayer( 128,64 )","weights",9.1746728175683359,0.0052227937872904454,0.00056926117568598784,0.00059080531053477532,0.00087059973981939531,0.00036761766144621007,0,25,9.9999999999999998e-13
72,6,"DenseLayer( 128,64 )","biases",0.046984399708307936,0.00063365582349722343,0.013487116017021168,0.014602072935873636,0.023768687459452802,0.0078434762978775285,0,25,9.9999999999999998e-13
72,8,"DenseLayer( 64,1 )","all",1.2143986938476907,0.00054283153002681207,0.0004469926873326262,0.00047593744218515704,0.00078106814117238303,0.00028617453288488123,0,25,9.9999999999999998e-13
72,8,"DenseLayer( 64,1 )","weights",1.2143985680105396,0.00053223014331538806,0.00043826310303613251,0.00046565613241421393,0.00076203724156491274,0.00028285685918311133,0,25,9.9999999999999998e-13
72,8,"DenseLayer( 64,1 )","biases",0.00053536889026872814,0.00010102326981723309,0.20634331743665862,0.25559785233292831,0.49566009692838331,0.064866058250921343,0,25,9.9999999999999998e-13
73,0,"Conv2DLayer(1,8,5, stride=5, padding=0)","all",1.4276586475367217,0.0014415879569050589,0.0010097564776779862,0.0011609394777460323,0.0021723684489888891,0.0012805766938924102,0,25,9.9999999999999998e-13
73,0,"Conv2DLayer(1,8,5, stride=5, padding=0)","weights",1.4261884505450488,0.0013956500741340782,0.00097858661785118453,0.0011325201952655437,0.0021296826255328026,0.0012675809707899861,0,25,9.9999999999999998e-13
73,0,"Conv2DLayer(1,8,5, stride=5, padding=0)","biases",0.064773795869192283,0.00034356985209336158,0.0053040589010818432,0.0057405687151263207,0.0097162516228374886,0.0041989438408173534,0,25,9.9999999999999998e-13
73,4,"DenseLayer( 7202,128 )","all",17.153497230537322,0.023956162888814237,0.0013966056127303398,0.001430227986630791,0.0020934292643410351,0.0014424698558604539,0,25,9.9999999999999998e-13
73,4,"DenseLayer( 7202,128 )","weights",17.153380426190033,0.023947180016490405,0.0013960914265880732,0.001429692306514161,0.002092507693938967,0.0014419935826845674,0,25,9.9999999999999998e-13
73,4,"DenseLayer( 7202,128 )","biases",0.063301952156874203,0.00065437860161932473,0.010338679343000073,0.010704594063193868,0.016967819307335721,0.010174557633141075,0,25,9.9999999999999998e-13
73,6,"DenseLayer( 128,64 )","all",9.1761941391830604,0.0045574043710732452,0.00049665580632531287,0.00051386074198933975,0.00082659976376254758,0.00050661706924082413,0,25,9.9999999999999998e-13
73,6,"DenseLayer( 128,64 )","weights",9.1760721814459103,0.004530889901650589,0.00049377285391878883,0.00051078255717613866,0.00081922909355603498,0.00050455501431167366,0,25,9.9999999999999998e-13
73,6,"DenseLayer( 128,64 )","biases",0.047307889926938157,0.00047648045253025713,0.010072175763061363,0.01090934729696702,0.021365495303704525,0.0087380728111488663,0,25,9.9999999999999998e-13
73,8,"DenseLayer( 64,1 )","all",1.2146785380485052,0.0004525795271456193,0.00037259537994816584,0.00039505767211431449,0.00072175098809935598,0.00030984700652857562,0,25,9.9999999999999998e-13
73,8,"DenseLayer( 64,1 )","weights",1.2146783397745764,0.00044749766329606119,0.00036841146414744099,0.00039013050364091866,0.0007035126177619694,0.00030755201047272582,0,25,9.9999999999999998e-13
73,8,"DenseLayer( 64,1 )","biases",0.00068725659861229365,5.4024825803935525e-05,0.086531365485540732,0.12711397019706777,0.32018786329469839,0.057778879712933308,0,25,9.9999999999999998e-13
74,0,"Conv2DLayer(1,8,5, stride=5, padding=0)","all",1.4277166973477555,0.00077429790136325678,0.00054233118892850246,0.00059711053236625848,0.001010714626667597,0.00097829237583004348,0,25,9.9999999999999998e-13
74,0,"Conv2DLayer(1,8,5, stride=5, padding=0)","weights",1.4262491320643251,0.00075513646637673736,0.00052945436309995478,0.00058517194007535545,0.0010000176633409167,0.00096554435940178008,0,25,9.9999999999999998e-13
74,0,"Conv2DLayer(1,8,5, stride=5, padding=0)","biases",0.064717631727725405,0.00016014488242073428,0.0024746953868691399,0.0026858827229063677,0.0044676164534313617,0.0035979726373383913,0,25,9.9999999999999998e-13
74,4,"DenseLayer( 7202,128 )","all",17.170002666172561,0.019243133848458709,0.0011207605794757223,0.0011397484930634116,0.0016347487872341636,0.0011751919162037343,0,25,9.9999999999999998e-13
74,4,"DenseLayer( 7202,128 )","weights",17.169884062590736,0.019237567880989997,0.001120444140226286,0.0011394214287042928,0.0016342552709494159,0.0011748614414442042,0,25,9.9999999999999998e-13
74,4,"DenseLayer( 7202,128 )","biases",0.063818482370624999,0.00046106886352112936,0.0072269137254896299,0.0074373664017596004,0.010912775387781314,0.0075966869893696921,0,25,9.9999999999999998e-13
74,6,"DenseLayer( 128,64 )","all",9.1769329979337879,0.0030362724191438082,0.00033085921946346343,0.00034064827230756808,0.00048595913516464554,0.00044640842938341573,0,25,9.9999999999999998e-13
74,6,"DenseLayer( 128,64 )","weights",9.1768065254107913,0.0030195615425200272,0.00032904278815468701,0.00033877435748829468,0.00048177704462632116,0.00044459558762303226,0,25,9.9999999999999998e-13
74,6,"DenseLayer( 128,64 )","biases",0.048179102435349418,0.00031341284450174582,0.0065064860987421209,0.0068072111728473238,0.012123941746046881,0.0077191783014888956,0,25,9.9999999999999998e-13
74,8,"DenseLayer( 64,1 )","all",1.2150485079051141,0.0003002069640146477,0.00024707333069040339,0.00025816279887106613,0.00038330242012538232,0.00035469515084542814,0,25,9.9999999999999998e-13
74,8,"DenseLayer( 64,1 )","weights",1.2150482553602526,0.00029691137421742855,0.00024436102978998592,0.00025529467482842538,0.00038245906098763034,0.00035261925082538692,0,25,9.9999999999999998e-13
74,8,"DenseLayer( 64,1 )","biases",0.0007817499060183763,3.9953244850039483e-05,0.051395373443288705,0.060748554773542844,0.12929706306772629,0.05977752560090497,0,25,9.9999999999999998e-13
75,0,"Conv2DLayer(1,8,5, stride=5, padding=0)","all",1.4277322720571466,0.00079678012878459505,0.0005580740957054248,0.00060405610401117484,0.0010856398692769566,0.00071058694514299948,0,25,9.9999999999999998e-13
75,0,"Conv2DLayer(1,8,5, stride=5, padding=0)","weights",1.4262602390987948,0.00076317933485492656,0.00053509105622245976,0.00058224881094105817,0.0010705102143461858,0.00068921698559040224,0,25,9.9999999999999998e-13
75,0,"Conv2DLayer(1,8,5, stride=5, padding=0)","biases",0.064816159154147943,0.00020760643852924429,0.0032022625092920482,0.0035892092340497504,0.0068545219057368168,0.0038595906054361942,0,25,9.9999999999999998e-13
75,4,"DenseLayer( 7202,128 )","all",17.183395386029868,0.023673606956108723,0.0013776649450815601,0.0014067014888390491,0.0020339725578664902,0.0015477812039052022,0,25,9.9999999999999998e-13
75,4,"DenseLayer( 7202,128 )","weights",17.183276160262935,0.02366711004120501,0.0013772964047078986,0.0014063358173903957,0.0020334664187634595,0.001547413719611232,0,25,9.9999999999999998e-13
75,4,"DenseLayer( 7202,128 )","biases",0.064010791380076509,0.00055035140277704861,0.0085981688057023848,0.0087246053920594351,0.012343778666092485,0.0092160593765156333,0,25,9.9999999999999998e-13
75,6,"DenseLayer( 128,64 )","all",9.1780069470210304,0.0036624994536072885,0.0003990528309967322,0.00041309962268450188,0.00064595251317700381,0.00036835538082864689,0,25,9.9999999999999998e-13
75,6,"DenseLayer( 128,64 )","weights",9.1778785133204792,0.0036385251909608484,0.0003964462199550654,0.00041033240180745814,0.00064125400308378557,0.00036699532877128223,0,25,9.9999999999999998e-13
75,6,"DenseLayer( 128,64 )","biases",0.048553698643701078,0.00041409970049787338,0.0085347786425107753,0.0090448445132301977,0.014723411036876686,0.0059919704010440731,0,25,9.9999999999999998e-13
75,8,"DenseLayer( 64,1 )","all",1.215650719841763,0.00037149297579870704,0.00030559430916803467,0.00032060469441175948,0.00053099049530293577,0.0002252717543980194,0,25,9.9999999999999998e-13
75,8,"DenseLayer( 64,1 )","weights",1.2156504594983184,0.00036626710369847297,0.00030129552884629329,0.00031569266796391472,0.00051870411941432536,0.00022458977526936954,0,25,9.9999999999999998e-13
75,8,"DenseLayer( 64,1 )","biases",0.00079147638985887169,5.7059037499129775e-05,0.073104622716883796,0.087400627880324072,0.16362017010149194,0.023394397996977772,0,25,9.9999999999999998e-13
76,0,"Conv2DLayer(1,8,5, stride=5, padding=0)","all",1.4276981194034062,0.00082305642931435128,0.00057649108347846041,0.00061434704899536669,0.0010030777644085697,0.00082819272681397093,0,25,9.9999999999999998e-13
76,0,"Conv2DLayer(1,8,5, stride=5, padding=0)","weights",1.4262055789914354,0.00080306243399229816,0.00056307557837831335,0.00060127576824585297,0.00098295256623853701,0.00080169064370566893,0,25,9.9999999999999998e-13
76,0,"Conv2DLayer(1,8,5, stride=5, padding=0)","biases",0.065264895582338167,0.00017030869311884168,0.0026094049183419928,0.0028223327892648404,0.0046458433125377762,0.0046458433125377762,0,25,9.9999999999999998e-13
76,4,"DenseLayer( 7202,128 )","all",17.20049472237277,0.021550703383530444,0.0012529107534373781,0.0012764799326731638,0.0018475585900166196,0.0014381041553324966,0,25,9.9999999999999998e-13
76,4,"DenseLayer( 7202,128 )","weights",17.200374940156969,0.021543782806144361,0.001252517127932125,0.0012760773993285512,0.0018469863093933264,0.001437795975701546,0,25,9.9999999999999998e-13
76,4,"DenseLayer( 7202,128 )","biases",0.064191476891763313,0.00054433137214324439,0.0084788740979204018,0.0086814873941434643,0.012683348802366781,0.0080551088857254236,0,25,9.9999999999999998e-13
76,6,"DenseLayer( 128,64 )","all",9.1795690757692938,0.0039053967976197339,0.00042544521933220896,0.00044122717030394931,0.00075165448319764459,0.00042777858773365029,0,25,9.9999999999999998e-13
76,6,"DenseLayer( 128,64 )","weights",9.1794386583611125,0.003879008967003445,0.00042257658644068234,0.00043816182308359955,0.00074589045997865264,0.00042570726012435429,0,25,9.9999999999999998e-13
76,6,"DenseLayer( 128,64 )","biases",0.048931630992664447,0.00044825917129152882,0.0091652514523627038,0.0097594220990836131,0.017546126637006366,0.0078624552439609998,0,25,9.9999999999999998e-13
76,8,"DenseLayer( 64,1 )","all",1.2161791792765524,0.0004138065236163319,0.00034024711905130013,0.0003565292233024898,0.00061972295065756706,0.00036571370316216027,0,25,9.9999999999999998e-13
76,8,"DenseLayer( 64,1 )","weights",1.2161788657265289,0.00040756630005721518,0.0003351162415349659,0.00035074810839318799,0.00060685802271527784,0.00036476014493563202,0,25,9.9999999999999998e-13
76,8,"DenseLayer( 64,1 )","biases",0.00086873646825551991,6.7827252205461267e-05,0.079610940454749701,0.092926241100910578,0.20077270908700073,0.037486878349044885,0,25,9.9999999999999998e-13
77,0,"Conv2DLayer(1,8,5, stride=5, padding=0)","all",1.4276341440024616,0.0010341915565130065,0.00072440881747289857,0.0007703484987118572,0.0014003430567190445,0.0012247069791840304,0,25,9.9999999999999998e-13
77,0,"Conv2DLayer(1,8,5, stride=5, padding=0)","weights",1.426142187316912,0.001003736352653108,0.00070381148034856056,0.00075158498631719254,0.0013843718596433208,0.001206803537579824,0,25,9.9999999999999998e-13
77,0,"Conv2DLayer(1,8,5, stride=5, padding=0)","biases",0.065250764916477327,0.00022804207881525505,0.003493574744141002,0.0037698503289658159,0.0065143155005569237,0.0046935874025066963,0,25,9.9999999999999998e-13
77,4,"DenseLayer( 7202,128 )","all",17.216451245310612,0.024611902333195892,0.0014295592910907756,0.0014396572014561486,0.0017407441894385532,0.0014626360628580354,0,25,9.9999999999999998e-13
77,4,"DenseLayer( 7202,128 )","weights",17.216329648914446,0.024605284123650765,0.0014291849716707528,0.0014392796508129234,0.001740282640030268,0.0014621898812414832,0,25,9.9999999999999998e-13
77,4,"DenseLayer( 7202,128 )","biases",0.064705999721440671,0.0005691624579227491,0.0087971410393098051,0.0088913606737729117,0.011386730269742155,0.0097394831229139864,0,25,9.9999999999999998e-13
77,6,"DenseLayer( 128,64 )","all",9.18083875327304,0.0038200957746256153,0.00041609547410397657,0.00042550210504444273,0.00056921837675247885,0.00056151180143205266,0,25,9.9999999999999998e-13
77,6,"DenseLayer( 128,64 )","weights",9.1807045517671888,0.003798108133588485,0.00041370655462854406,0.00042303704902989117,0.00056456668413795144,0.00055863661188853783,0,25,9.9999999999999998e-13
77,6,"DenseLayer( 128,64 )","biases",0.049638856089836439,0.000403830807558571,0.0081411081125559691,0.0084817546920371214,0.013612511247990167,0.010461282752133488,0,25,9.9999999999999998e-13
77,8,"DenseLayer( 64,1 )","all",1.2167734706067068,0.00036213216513519451,0.00029761673453510348,0.00031013071159598606,0.00049904039122649268,0.00049904039122649268,0,25,9.9999999999999998e-13
77,8,"DenseLayer( 64,1 )","weights",1.2167730975567905,0.00035808257137292371,0.00029428867792844014,0.00030654584939548009,0.00049731712542972438,0.00049731712542972438,0,25,9.9999999999999998e-13
77,8,"DenseLayer( 64,1 )","biases",0.0009464494441635907,4.7591878101229667e-05,0.052973788383495743,0.066169475064767377,0.14801367194560139,0.0487064561320419,0,25,9.9999999999999998e-13
78,0,"Conv2DLayer(1,8,5, stride=5, padding=0)","all",1.4276221833473979,0.00090947453119820778,0.00063705880975336161,0.00070882138631579662,0.0013870879377377951,0.00047097280564628325,0,25,9.9999999999999998e-13
78,0,"Conv2DLayer(1,8,5, stride=5, padding=0)","weights",1.4261008620726312,0.00088003068046535536,0.00061709236388136197,0.0006896032656373846,0.0013515719134658639,0.00037926621552173713,0,25,9.9999999999999998e-13
78,0,"Conv2DLayer(1,8,5, stride=5, padding=0)","biases",0.065887770009837837,0.00021579434934280666,0.0032714001522243818,0.0036091555499681723,0.006812496539843939,0.006038667906566873,0,25,9.9999999999999998e-13
78,4,"DenseLayer( 7202,128 )","all",17.233430323566957,0.034146086527099787,0.0019813698329938859,0.0020134183099512716,0.002620233487136945,0.001785602742663634,0,25,9.9999999999999998e-13
78,4,"DenseLayer( 7202,128 )","weights",17.233307865612034,0.034136278756762749,0.0019808148246996784,0.0020128571462506057,0.0026197732093283859,0.0017848458032481041,0,25,9.9999999999999998e-13
78,4,"DenseLayer( 7202,128 )","biases",0.064966796041080715,0.00080517996276035478,0.012390494318199394,0.012762315613585663,0.018777329420478286,0.013822718748247293,0,25,9.9999999999999998e-13
78,6,"DenseLayer( 128,64 )","all",9.1817261706528139,0.0052850664745039697,0.00057560444940061065,0.00060098742868007645,0.00096705050848940196,0.00065916538034984555,0,25,9.9999999999999998e-13
78,6,"DenseLayer( 128,64 )","weights",9.1815905392110722,0.0052453591173165608,0.00057128832408178038,0.00059623073605554128,0.00095781734953245411,0.00065408196325004932,0,25,9.9999999999999998e-13
78,6,"DenseLayer( 128,64 )","biases",0.049905445393733712,0.00064016891088878767,0.012821644398850777,0.013884559637929521,0.024529612524657313,0.014778386408463325,0,25,9.9999999999999998e-13
78,8,"DenseLayer( 64,1 )","all",1.2172447429256363,0.00054928281096381433,0.00045125246256652498,0.00047986308862452208,0.00080641037941480093,0.00050992965737686074,0,25,9.9999999999999998e-13
78,8,"DenseLayer( 64,1 )","weights",1.2172443473970618,0.00053839489905895205,0.00044230782274142801,0.00046935872348206718,0.00078251785580861271,0.00049820025303203919,0,25,9.9999999999999998e-13
78,8,"DenseLayer( 64,1 )","biases",0.00096936105284839869,0.0001034831115975976,0.10930598702988487,0.13005885350239907,0.30278868798938491,0.10300306354468766,0,25,9.9999999999999998e-13
79,0,"Conv2DLayer(1,8,5, stride=5, padding=0)","all",1.4274874958344066,0.0010138781583140491,0.00071025351997698681,0.00076789395552070668,0.0014699711006017956,0.00038105022505792723,0,25,9.9999999999999998e-13
79,0,"Conv2DLayer(1,8,5, stride=5, padding=0)","weights",1.4259414282200842,0.00097777599008931518,0.00068570521187209983,0.00074680288742266278,0.0014512451427879966,0.00035797374675116712,0,25,9.9999999999999998e-13
79,0,"Conv2DLayer(1,8,5, stride=5, padding=0)","biases",0.066419683288221371,0.00024681451591657052,0.0037156906774784147,0.0039128023790543894,0.0063611528128889013,0.0028321330825561318,0,25,9.9999999999999998e-13
79,4,"DenseLayer( 7202,128 )","all",17.25365811643659,0.027122960432575689,0.0015720730707554022,0.0016052383229857756,0.0021327177016713301,0.00089814403859805891,0,25,9.9999999999999998e-13
79,4,"DenseLayer( 7202,128 )","weights",17.253532981370743,0.027116094978851247,0.0015716865302126859,0.0016048438053823696,0.0021323759926895193,0.0008979140169742911,0,25,9.9999999999999998e-13
79,4,"DenseLayer( 7202,128 )","biases",0.065711666800190471,0.00060050466261840109,0.0091409515399908693,0.0094846524331390659,0.016561648981144029,0.0054142487549443613,0,25,9.9999999999999998e-13
79,6,"DenseLayer( 128,64 )","all",9.1829749681772661,0.0040595499074056384,0.00044207493223515461,0.00046200110426820152,0.00086239061112416569,0.00020454957201053472,0,25,9.9999999999999998e-13
79,6,"DenseLayer( 128,64 )","weights",9.1828355350078361,0.004031259500519478,0.0004390008451462543,0.00045865371393032474,0.0008551360508215187,0.00020367655232106117,0,25,9.9999999999999998e-13
79,6,"DenseLayer( 128,64 )","biases",0.050604134638406219,0.00047083802134191343,0.0093038108491959419,0.010080862314667241,0.020204271067284573,0.0034181462754777742,0,25,9.9999999999999998e-13
79,8,"DenseLayer( 64,1 )","all",1.2177483920148784,0.00042697498450217433,0.00035063642512010246,0.00036936673280299498,0.0006995662091876572,0.00013551181278675169,0,25,9.9999999999999998e-13
79,8,"DenseLayer( 64,1 )","weights",1.217747826134983,0.00041920686420425729,0.00034425747946274104,0.00036198884512948472,0.00068140711296725109,0.00013522444195844188,0,25,9.9999999999999998e-13
79,8,"DenseLayer( 64,1 )","biases",0.0011673708469606937,7.7330148778855806e-05,0.067536426194698976,0.078701802486067646,0.16722579232915805,0.0071491210815589597,0,25,9.9999999999999998e-13
80,0,"Conv2DLayer(1,8,5, stride=5, padding=0)","all",1.4275135176461882,0.00071168879257267809,0.00049855163669109369,0.00051967440954362018,0.00081621888043825221,0.00051629593124105113,0,25,9.9999999999999998e-13
80,0,"Conv2DLayer(1,8,5, stride=5, padding=0)","weights",1.4259739820230946,0.00069098818147146125,0.00048457326684508414,0.00050620956234872236,0.00080412098971565748,0.0005113596804175904,0,25,9.9999999999999998e-13
80,0,"Conv2DLayer(1,8,5, stride=5, padding=0)","biases",0.066279978315884544,0.00016080486495629914,0.0024261196927593686,0.0025814387003891162,0.0047378376002485201,0.0016128692251131361,0,25,9.9999999999999998e-13
80,4,"DenseLayer( 7202,128 )","all",17.277673602663903,0.024955157165476725,0.0014443409071102341,0.001480505646332256,0.0022029023661657588,0.0013339487669362723,0,25,9.9999999999999998e-13
80,4,"DenseLayer( 7202,128 )","weights",17.277547054453901,0.024948484272357293,0.001443965227616013,0.001480129090296723,0.0022023759337102006,0.0013336505155814215,0,25,9.9999999999999998e-13
80,4,"DenseLayer( 7202,128 )","biases",0.066127703714268418,0.00056676658110763056,0.0085740766150264273,0.0088542721677757896,0.012745699928955641,0.0074902643217066075,0,25,9.9999999999999998e-13
80,6,"DenseLayer( 128,64 )","all",9.1839645050905201,0.0043926051763717756,0.00047829378061923909,0.00050631433142305719,0.00084349157951017209,0.00026894995664684528,0,25,9.9999999999999998e-13
80,6,"DenseLayer( 128,64 )","weights",9.1838216670493402,0.0043637099290664222,0.00047515484516300738,0.0005028568622648873,0.00083644104371582712,0.00026755315449358781,0,25,9.9999999999999998e-13
80,6,"DenseLayer( 128,64 )","biases",0.05121942642281728,0.00050006386433974423,0.0097846504620244888,0.010642156454676479,0.019563404812449284,0.0048447351041844182,0,25,9.9999999999999998e-13
80,8,"DenseLayer( 64,1 )","all",1.2186825763470266,0.00040562974285901949,0.00033285872051425384,0.00036566683770195371,0.00064586380956596829,0.00014779198401112403,0,25,9.9999999999999998e-13
80,8,"DenseLayer( 64,1 )","weights",1.2186817999788986,0.00039909051871212496,0.00032749281220259698,0.00035919182316772737,0.00062926803712879612,0.00014646716680967868,0,25,9.9999999999999998e-13
80,8,"DenseLayer( 64,1 )","biases",0.0013716725632548332,6.9211241789162163e-05,0.051047091843281357,0.061829252797747328,0.1330577895077559,0.017215302939258784,0,25,9.9999999999999998e-13
81,0,"Conv2DLayer(1,8,5, stride=5, padding=0)","all",1.4274893046260551,0.0008150678673449767,0.00057097995614375369,0.00061098275927204914,0.0011057339036345027,0.00049292916340522839,0,25,9.9999999999999998e-13
81,0,"Conv2DLayer(1,8,5, stride=5, padding=0)","weights",1.4259359969009027,0.00078035538623359604,0.00054725820238758576,0.00058843058338075649,0.0010880418723348748,0.00048669530130454527,0,25,9.9999999999999998e-13
81,0,"Conv2DLayer(1,8,5, stride=5, padding=0)","biases",0.066575007149569501,0.00021968053606497505,0.0032991941346724005,0.00357418857788899,0.0073879737931476126,0.0017409628986934172,0,25,9.9999999999999998e-13
81,4,"DenseLayer( 7202,128 )","all",17.298289627038866,0.026177764927734926,0.0015132136548613527,0.0015991744210993157,0.0030157349639119528,0.0025812666013246047,0,25,9.9999999999999998e-13
81,4,"DenseLayer( 7202,128 )","weights",17.298162255451217,0.026171074509011131,0.0015128380527492749,0.0015987676937578086,0.003014876503135892,0.0025805194817675311,0,25,9.9999999999999998e-13
81,4,"DenseLayer( 7202,128 )","biases",0.066382094222358495,0.00058884951771966283,0.0088699814566456873,0.0095324799157583129,0.018954782096109776,0.01639845486430834,0,25,9.9999999999999998e-13
81,6,"DenseLayer( 128,64 )","all",9.1850647904404212,0.0034672007938666336,0.00037747990011243008,0.00040309584858135163,0.00083794988085855011,0.00059349922072747389,0,25,9.9999999999999998e-13
81,6,"DenseLayer( 128,64 )","weights",9.1849173280253478,0.0034499066568062352,0.0003756030849784581,0.00040103982787508121,0.00083277775514078859,0.00058994032207909956,0,25,9.9999999999999998e-13
81,6,"DenseLayer( 128,64 )","biases",0.052046739434415477,0.00034405989759935776,0.0066143916624856192,0.0071958488295925573,0.016462420598022897,0.011515267173068717,0,25,9.9999999999999998e-13
81,8,"DenseLayer( 64,1 )","all",1.2194457772690539,0.00029325502532562313,0.00024047144080330122,0.00026653817117992329,0.00063125036679530732,0.00033925434237174759,0,25,9.9999999999999998e-13
81,8,"DenseLayer( 64,1 )","weights",1.2194449616742784,0.00029126259596938271,0.00023883795746938946,0.00026422193431504089,0.00062183363159269245,0.00033199511114769085,0,25,9.9999999999999998e-13
81,8,"DenseLayer( 64,1 )","biases",0.0014093022653833031,2.9306882061064245e-05,0.020756789394783842,0.030055934781190518,0.092043742302072434,0.05435662498143088,0,25,9.9999999999999998e-13
82,0,"Conv2DLayer(1,8,5, stride=5, padding=0)","all",1.4273976927690339,0.0015109030860335768,0.0010585091145430354,0.0011828554017495113,0.0018438392429958291,0.00038818234498785528,0,25,9.9999999999999998e-13
82,0,"Conv2DLayer(1,8,5, stride=5, padding=0)","weights",1.4258054034028924,0.0014833763273520576,0.0010403856442263559,0.0011650971916740297,0.0018264859433692253,0.00035403912236099455,0,25,9.9999999999999998e-13
82,0,"Conv2DLayer(1,8,5, stride=5, padding=0)","biases",0.067401344860334472,0.00027724844441545258,0.0041141168051158925,0.0044790426256084452,0.0074453817026349772,0.0033700702509886424,0,25,9.9999999999999998e-13
82,4,"DenseLayer( 7202,128 )","all",17.314942376311688,0.027832373948776756,0.0016074784107719797,0.0016500692393621268,0.002403036679954014,0.001117406146654459,0,25,9.9999999999999998e-13
82,4,"DenseLayer( 7202,128 )","weights",17.314812249861021,0.027821564925025927,0.0016068661844801536,0.0016494374467833292,0.0024021722763908249,0.0011171066898484113,0,25,9.9999999999999998e-13
82,4,"DenseLayer( 7202,128 )","biases",0.067126406610780953,0.00077360405992104762,0.01153698356847636,0.011914408594951671,0.017415748873253246,0.0067005362371793482,0,25,9.9999999999999998e-13
82,6,"DenseLayer( 128,64 )","all",9.1858339302873322,0.0048300212011481783,0.0005258141204433403,0.00054551746260876946,0.00079926240980534408,0.00033980534666380556,0,25,9.9999999999999998e-13
82,6,"DenseLayer( 128,64 )","weights",9.1856833671037119,0.0048080078581140499,0.00052342621234829966,0.00054308561680121493,0.00079677988793253648,0.00033879273796658338,0,25,9.9999999999999998e-13
82,6,"DenseLayer( 128,64 )","biases",0.052591115910566387,0.0004555493994889889,0.0086778302585157167,0.0090335288536438612,0.014237995155183173,0.0045266341230660069,0,25,9.9999999999999998e-13
82,8,"DenseLayer( 64,1 )","all",1.2201449093425472,0.00044762313697485433,0.00036686602901283086,0.00038732786317336685,0.00056144644711024808,0.00019722511022482496,0,25,9.9999999999999998e-13
82,8,"DenseLayer( 64,1 )","weights",1.2201441982558368,0.00044417641630420911,0.0003640412452209288,0.0003842956592983679,0.0005579712907284451,0.00019627367524479463,0,25,9.9999999999999998e-13
82,8,"DenseLayer( 64,1 )","biases",0.0013145956816151738,4.7467020340263841e-05,0.036019739613243042,0.044676958244684012,0.10093535645058702,0.018456132044185173,0,25,9.9999999999999998e-13
83,0,"Conv2DLayer(1,8,5, stride=5, padding=0)","all",1.4274066317246967,0.0011287339265056307,0.00079076618899068317,0.00095512164211443646,0.0021761770371901603,0.0013928170674011458,0,25,9.9999999999999998e-13
83,0,"Conv2DLayer(1,8,5, stride=5, padding=0)","weights",1.425797195768864,0.001086908263075828,0.00076232530133528225,0.0009305217033630474,0.0021439275433298433,0.001364310409276524,0,25,9.9999999999999998e-13
83,0,"Conv2DLayer(1,8,5, stride=5, padding=0)","biases",0.067764121614617756,0.00027495959070887284,0.0040523451225090608,0.004619635924290948,0.010121699715543917,0.0060476210015271972,0,25,9.9999999999999998e-13
83,4,"DenseLayer( 7202,128 )","all",17.335566844562706,0.024333787438793022,0.0014036250610292825,0.0014506149427631668,0.0021891873487931575,0.0015308310349797982,0,25,9.9999999999999998e-13
83,4,"DenseLayer( 7202,128 )","weights",17.33543317081481,0.024324613669339187,0.0014031067357474284,0.0014500723419488297,0.0021884618530607471,0.0015302438954696012,0,25,9.9999999999999998e-13
83,4,"DenseLayer( 7202,128 )","biases",0.068077450342841239,0.00066580578128521079,0.0097763208792734212,0.010200401062255724,0.014411595396558079,0.01085487670597805,0,25,9.9999999999999998e-13
83,6,"DenseLayer( 128,64 )","all",9.1868136132439933,0.0049343205885740296,0.00053710563746020307,0.00056568734607487855,0.00097652949876392281,0.00052470089590910722,0,25,9.9999999999999998e-13
83,6,"DenseLayer( 128,64 )","weights",9.1866574348531174,0.0049000295174315761,0.00053338207696045526,0.0005616760050690836,0.00096876714342919608,0.00052278733704689683,0,25,9.9999999999999998e-13
83,6,"DenseLayer( 128,64 )","biases",0.053567217427355346,0.000573464635124082,0.010705509478792122,0.011547645211182414,0.020963379822078805,0.0076120943779109133,0,25,9.9999999999999998e-13
83,8,"DenseLayer( 64,1 )","all",1.2206921737620393,0.00049535367773426142,0.00040578979909900283,0.00043537379628178023,0.00084805416511279127,0.00038696760923774245,0,25,9.9999999999999998e-13
83,8,"DenseLayer( 64,1 )","weights",1.2206915178014415,0.00048676126396613974,0.00039875099188055264,0.00042740843209531385,0.00083207340485259092,0.0003855704566280224,0,25,9.9999999999999998e-13
83,8,"DenseLayer( 64,1 )","biases",0.0012605594424530864,8.6618750356137755e-05,0.069449704321538644,0.081454358520184886,0.1622988832696815,0.033573834698545156,0,25,9.9999999999999998e-13
84,0,"Conv2DLayer(1,8,5, stride=5, padding=0)","all",1.4274440810447631,0.0012247130606595472,0.00085798171374791435,0.00093071759169471087,0.0016543504515882962,0.0011501413962797702,0,25,9.9999999999999998e-13
84,0,"Conv2DLayer(1,8,5, stride=5, padding=0)","weights",1.4258206037158889,0.0011989210447849387,0.00084086877023895035,0.00091403744027893411,0.0016337628820688626,0.0011300151836526745,0,25,9.9999999999999998e-13
84,0,"Conv2DLayer(1,8,5, stride=5, padding=0)","biases",0.068059944211560225,0.00024052266617699411,0.003534532640420484,0.0037913290716246545,0.0062580912363683801,0.0046295100672558709,0,25,9.9999999999999998e-13
84,4,"DenseLayer( 7202,128 )","all",17.355673094889688,0.02319291622668113,0.00133635220597618,0.001364704304649834,0.0018506547756075489,0.0011376377848387334,0,25,9.9999999999999998e-13
84,4,"DenseLayer( 7202,128 )","weights",17.355537803597709,0.023184234697195719,0.0013358623896861095,0.0013642009817215739,0.0018498974174893654,0.001137285849334921,0,25,9.9999999999999998e-13
84,4,"DenseLayer( 7202,128 )","biases",0.068527150800886658,0.00063162062040095733,0.0092209959045116124,0.0094914068070919393,0.013714231466923623,0.0071880656387345579,0,25,9.9999999999999998e-13
84,6,"DenseLayer( 128,64 )","all",9.1879109645943355,0.0041455194531603116,0.000451193777424254,0.00046840188642743283,0.00067837017021055493,0.0004996853988732487,0,25,9.9999999999999998e-13
84,6,"DenseLayer( 128,64 )","weights",9.1877485993466266,0.004121673804138741,0.00044860636539229709,0.00046568469847157779,0.00067332069775143794,0.0004970685827078964,0,25,9.9999999999999998e-13
84,6,"DenseLayer( 128,64 )","biases",0.054621399004625669,0.00043554098350458538,0.0079743945249188784,0.0084869589982203945,0.013879455621944925,0.0085469033273391157,0,25,9.9999999999999998e-13
84,8,"DenseLayer( 64,1 )","all",1.2209525745657233,0.00039833197953422904,0.00032624973480181247,0.00034399256282839885,0.00052181292578830482,0.00039649887077519881,0,25,9.9999999999999998e-13
84,8,"DenseLayer( 64,1 )","weights",1.2209517828512684,0.00039301402899680205,0.0003218942825383119,0.00033893078209935824,0.00050892676021552382,0.00039376556817822286,0,25,9.9999999999999998e-13
84,8,"DenseLayer( 64,1 )","biases",0.001387514411471784,5.9370771050453184e-05,0.042672607201014935,0.051526613760480552,0.10602418536958992,0.03903745006904355,0,25,9.9999999999999998e-13
85,0,"Conv2DLayer(1,8,5, stride=5, padding=0)","all",1.4273130919876409,0.0011807943825903539,0.00082726582831797713,0.00095307954189982364,0.002380074825661192,0.00034775753975537996,0,25,9.9999999999999998e-13
85,0,"Conv2DLayer(1,8,5, stride=5, padding=0)","weights",1.4256333912723065,0.0011417204011650033,0.00080082803790127919,0.00092678642082468453,0.0023449958981023216,0.00029408136693833678,0,25,9.9999999999999998e-13
85,0,"Conv2DLayer(1,8,5, stride=5, padding=0)","biases",0.069223120842124439,0.00028798664137703558,0.0041685800712098564,0.0046939444546330164,0.0090526490666395058,0.0038056896157716139,0,25,9.9999999999999998e-13
85,4,"DenseLayer( 7202,128 )","all",17.370072058374255,0.031707412518663089,0.0018254214442475286,0.0018742929334610579,0.0027439083087963715,0.0016832958908046005,0,25,9.9999999999999998e-13
85,4,"DenseLayer( 7202,128 )","weights",17.36993415332422,0.031696165040098742,0.0018247884151875516,0.0018736399399613389,0.0027430163961614023,0.0016826337473476718,0,25,9.9999999999999998e-13
85,4,"DenseLayer( 7202,128 )","biases",0.069214928550362126,0.00084140691912613333,0.012157094310777274,0.012557413998894389,0.017898183389484262,0.011976727679987606,0,25,9.9999999999999998e-13
85,6,"DenseLayer( 128,64 )","all",9.1890287502018815,0.0060403278518138467,0.00065733974546871806,0.00068448221383385507,0.00095581793891347472,0.00058782487072996223,0,25,9.9999999999999998e-13
85,6,"DenseLayer( 128,64 )","weights",9.1888626632468622,0.0060025169743641018,0.00065323680396990028,0.00068009248330407014,0.000948531902276048,0.00058313780941170103,0,25,9.9999999999999998e-13
85,6,"DenseLayer( 128,64 )","biases",0.05524620213869031,0.00066743552461878859,0.012074485749441264,0.012877651177901937,0.0194722194072579,0.012266233990825203,0,25,9.9999999999999998e-13
85,8,"DenseLayer( 64,1 )","all",1.2211027504459209,0.00060109033854355038,0.00049225086230346058,0.00051960093685486707,0.00081718857779926552,0.0004398335565457235,0,25,9.9999999999999998e-13
85,8,"DenseLayer( 64,1 )","weights",1.2211019796750899,0.00059203799813041698,0.00048483807318111869,0.0005111623495835326,0.0008031633101823418,0.00042922857660567621,0,25,9.9999999999999998e-13
85,8,"DenseLayer( 64,1 )","biases",0.00136577473487705,9.7023006528615955e-05,0.071438483360350163,0.084244093926895081,0.14731686028946464,0.10511622353809735,0,25,9.9999999999999998e-13
86,0,"Conv2DLayer(1,8,5, stride=5, padding=0)","all",1.4272513407574403,0.0010178224758723496,0.00071312761355187774,0.00081415599760326725,0.0015035933698363236,0.00066452533493829456,0,25,9.9999999999999998e-13
86,0,"Conv2DLayer(1,8,5, stride=5, padding=0)","weights",1.4255258155402935,0.0009899765173815927,0.00069445500754722344,0.00079725965889749682,0.0014842017514506349,0.00064159990294838248,0,25,9.9999999999999998e-13
86,0,"Conv2DLayer(1,8,5, stride=5, padding=0)","biases",0.070159942254879579,0.00022270633467264141,0.0031756858553020342,0.0034523657414996093,0.0051707587785382036,0.0035524577591259563,0,25,9.9999999999999998e-13
86,4,"DenseLayer( 7202,128 )","all",17.3867220646103,0.024648956661817732,0.0014177122615533864,0.0014555956762682099,0.0022434952697514034,0.0016116655110556292,0,25,9.9999999999999998e-13
86,4,"DenseLayer( 7202,128 )","weights",17.386583475606372,0.024638277090047137,0.001417109305714669,0.0014549712145717447,0.0022424797041377242,0.001610964248787914,0,25,9.9999999999999998e-13
86,4,"DenseLayer( 7202,128 )","biases",0.069420026780903032,0.00072465293605990494,0.010441640835755151,0.010782262157494955,0.017092196885757773,0.01200764129704499,0,25,9.9999999999999998e-13
86,6,"DenseLayer( 128,64 )","all",9.1903444029109806,0.0048896837999461455,0.00053204732467025131,0.00056068779950987717,0.00097636092730420522,0.00045540820349868462,0,25,9.9999999999999998e-13
86,6,"DenseLayer( 128,64 )","weights",9.1901756992358941,0.0048548348611351265,0.00052826509662039028,0.00055662948722091119,0.00096827079655656585,0.00045218152851515884,0,25,9.9999999999999998e-13
86,6,"DenseLayer( 128,64 )","biases",0.055684769794740921,0.00057893842690390522,0.010398596589065173,0.011132264056934458,0.02077526948439716,0.0088836176821452863,0,25,9.9999999999999998e-13
86,8,"DenseLayer( 64,1 )","all",1.2216559014344515,0.0005246567615326299,0.00042945803153779263,0.00046218147544593559,0.00077066441156084737,0.00022026898096939225,0,25,9.9999999999999998e-13
86,8,"DenseLayer( 64,1 )","weights",1.2216552757131884,0.00051788592442571853,0.00042391588061033424,0.00045578954577547425,0.00075222775359626054,0.00021733628831907596,0,25,9.9999999999999998e-13
86,8,"DenseLayer( 64,1 )","biases",0.0012298374203965068,7.8169689513742926e-05,0.064980769907012056,0.079038273715595395,0.186605767517253,0.033354682516527429,0,25,9.9999999999999998e-13
87,0,"Conv2DLayer(1,8,5, stride=5, padding=0)","all",1.4272030756314378,0.0014987312661124531,0.0010501288126908549,0.0011512396218895603,0.0023662678876849559,0.00081012050773547725,0,25,9.9999999999999998e-13
87,0,"Conv2DLayer(1,8,5, stride=5, padding=0)","weights",1.4254925660593374,0.0014543701272757695,0.0010202698956862965,0.001123414798427892,0.0023271957651737536,0.00080245339359467493,0,25,9.9999999999999998e-13
87,0,"Conv2DLayer(1,8,5, stride=5, padding=0)","biases",0.069852532070961218,0.00034383383151757261,0.0049231812147873767,0.0052635129053269876,0.0090868765695545067,0.0024058429888412615,0,25,9.9999999999999998e-13
87,4,"DenseLayer( 7202,128 )","all",17.406099627857678,0.03069680185443428,0.0017634766920619084,0.0018032667929692473,0.0024666838200899021,0.0019989365041110556,0,25,9.9999999999999998e-13
87,4,"DenseLayer( 7202,128 )","weights",17.405958381108292,0.030688359732280068,0.0017630060137672158,0.0018027875690152719,0.0024662898293463902,0.0019986488803456237,0,25,9.9999999999999998e-13
87,4,"DenseLayer( 7202,128 )","biases",0.07012051749394195,0.00071381088147032896,0.010176479603982996,0.010469824802547798,0.014578412152923307,0.008618427396776325,0,25,9.9999999999999998e-13
87,6,"DenseLayer( 128,64 )","all",9.1915698598381912,0.0048543038793341566,0.00052812421744553341,0.0005467528542536477,0.0008812999082321723,0.00052945859058998079,0,25,9.9999999999999998e-13
87,6,"DenseLayer( 128,64 )","weights",9.1913921439766124,0.0048305086935623827,0.00052554558969988082,0.00054409106400431229,0.00087759789848288708,0.00052725294584552817,0,25,9.9999999999999998e-13
87,6,"DenseLayer( 128,64 )","biases",0.057155825724126641,0.00047290172740559454,0.0082675804436872311,0.008671054818873673,0.012937897829335521,0.0077152167816457416,0,25,9.9999999999999998e-13
87,8,"DenseLayer( 64,1 )","all",1.2217438894571371,0.00045878490760996397,0.00037551106625824626,0.00039803883158193241,0.00075745719625578095,0.00034405504444988703,0,25,9.9999999999999998e-13
87,8,"DenseLayer( 64,1 )","weights",1.2217429961616741,0.00045725534804788375,0.00037425933200122967,0.00039676846938622393,0.00075716662196664375,0.00034357706168829295,0,25,9.9999999999999998e-13
87,8,"DenseLayer( 64,1 )","biases",0.0014741304144263267,3.2818522304296496e-05,0.022471677605674697,0.026811077692015624,0.059803547460931909,0.014421335730411178,0,25,9.9999999999999998e-13
88,0,"Conv2DLayer(1,8,5, stride=5, padding=0)","all",1.4271700187502532,0.00073510399773481282,0.00051508050939526599,0.00058940921414817223,0.0012671392319841951,0.00036227396806379897,0,25,9.9999999999999998e-13
88,0,"Conv2DLayer(1,8,5, stride=5, padding=0)","weights",1.4254538523242259,0.00070296504177727983,0.00049315414228087858,0.00056807259839910303,0.0012383346413308994,0.00032778300320565032,0,25,9.9999999999999998e-13
88,0,"Conv2DLayer(1,8,5, stride=5, padding=0)","biases",0.069968323726862056,0.00019894314810572889,0.0028426595046537793,0.0032540243451976889,0.0063711760783252396,0.0031646501601716999,0,25,9.9999999999999998e-13
88,4,"DenseLayer( 7202,128 )","all",17.426623299081204,0.023549909602975296,0.0013513417187250589,0.0014027873266491441,0.002531169284905206,0.002531169284905206,0,25,9.9999999999999998e-13
88,4,"DenseLayer( 7202,128 )","weights",17.42647920982127,0.023541517642085865,0.00135087135682103,0.0014023018878415419,0.0025304730551530545,0.0025304730551530545,0,25,9.9999999999999998e-13
88,4,"DenseLayer( 7202,128 )","biases",0.070865496919029242,0.00061934528926133482,0.0087368867602918288,0.009176763203592923,0.015748943224524421,0.014822505809463716,0,25,9.9999999999999998e-13
88,6,"DenseLayer( 128,64 )","all",9.1929938683957033,0.0044171462395362184,0.00048048826149638726,0.00050782567356022728,0.00084720324554495778,0.00084720324554495778,0,25,9.9999999999999998e-13
88,6,"DenseLayer( 128,64 )","weights",9.1928115858328638,0.0043837860168792937,0.00047686888720768647,0.0005038155692521141,0.00083919479830657604,0.00083919479830657604,0,25,9.9999999999999998e-13
88,6,"DenseLayer( 128,64 )","biases",0.057891119992572182,0.00053608759027598627,0.0092576845597295322,0.010120672195852366,0.01874853837592607,0.018379699879765784,0,25,9.9999999999999998e-13
88,8,"DenseLayer( 64,1 )","all",1.2221424275584827,0.00045551865790238819,0.00037271382604257998,0.00040098439591104452,0.00072831513913279111,0.00071886177939092018,0,25,9.9999999999999998e-13
88,8,"DenseLayer( 64,1 )","weights",1.2221415334947463,0.00044658765763554463,0.00036540679631224746,0.0003923318884894793,0.00070796999825947424,0.00070012615741133388,0,25,9.9999999999999998e-13
88,8,"DenseLayer( 64,1 )","biases",0.0014745086431503297,8.361908141523599e-05,0.057356154798565352,0.070130425725999881,0.15605057164101349,0.12380935991159925,0,25,9.9999999999999998e-13
89,0,"Conv2DLayer(1,8,5, stride=5, padding=0)","all",1.4271482331995613,0.0012027388626342076,0.00084275838622529641,0.00091677192619333159,0.0016953923497703433,0.00050737566688622096,0,25,9.9999999999999998e-13
89,0,"Conv2DLayer(1,8,5, stride=5, padding=0)","weights",1.4254241640562921,0.0011765955809592415,0.00082543651231587443,0.00090012089747625631,0.0016761339486207605,0.00050116161928662997,0,25,9.9999999999999998e-13
89,0,"Conv2DLayer(1,8,5, stride=5, padding=0)","biases",0.070128438723333977,0.00023613470976022836,0.0033668717057187868,0.0036518011612202131,0.0073393424761393827,0.0016847263097368847,0,25,9.9999999999999998e-13
89,4,"DenseLayer( 7202,128 )","all",17.44683903221113,0.024884574049442606,0.0014263850792465074,0.0014816983036184512,0.0023293903032615996,0.00089776949967250626,0,25,9.9999999999999998e-13
89,4,"DenseLayer( 7202,128 )","weights",17.446695111671652,0.024877028442629647,0.0014259643367571101,0.0014812698327197891,0.002328802952936145,0.0008976132561455798,0,25,9.9999999999999998e-13
89,4,"DenseLayer( 7202,128 )","biases",0.070865069317791948,0.00060794805741820341,0.0085818112972916097,0.0089008707904301241,0.013074766069860142,0.0042011633341252639,0,25,9.9999999999999998e-13
89,6,"DenseLayer( 128,64 )","all",9.1947622274247394,0.0042871851466183726,0.00046626717330412395,0.0004840089248899942,0.00076169846256250577,0.00035247485748862912,0,25,9.9999999999999998e-13
89,6,"DenseLayer( 128,64 )","weights",9.1945748910983358,0.0042588377702893121,0.00046319355162063424,0.00048070357795453012,0.0007573174668286367,0.00035119835679018268,0,25,9.9999999999999998e-13
89,6,"DenseLayer( 128,64 )","biases",0.058692221132641935,0.00048485556362193029,0.0082750156916265982,0.0088864627293101534,0.015765756066800078,0.0046578641741020959,0,25,9.9999999999999998e-13
89,8,"DenseLayer( 64,1 )","all",1.2226836804678696,0.00042463516436405809,0.00034730655502339148,0.00036890523651765582,0.00066431594623313737,0.00024505369639074901,0,25,9.9999999999999998e-13
89,8,"DenseLayer( 64,1 )","weights",1.2226826387228278,0.00041784001240570943,0.00034174899289382554,0.00036281921577320178,0.00065751758386826638,0.00024376064980092898,0,25,9.9999999999999998e-13
89,8,"DenseLayer( 64,1 )","biases",0.0015919182123616338,7.2359098121523862e-05,0.046389311159446771,0.053180774196708712,0.11799515936031485,0.018985227817918168,0,25,9.9999999999999998e-13
90,0,"Conv2DLayer(1,8,5, stride=5, padding=0)","all",1.4271626337774923,0.0014417220800341827,0.0010101959721067111,0.0011392238855687676,0.0023379639313663371,0.00065970092882889091,0,25,9.9999999999999998e-13
90,0,"Conv2DLayer(1,8,5, stride=5, padding=0)","weights",1.425429026748148,0.0013944529149402035,0.00097826392635570725,0.0011079898826720845,0.0023057732192554533,0.00064496474668273608,0,25,9.9999999999999998e-13
90,0,"Conv2DLayer(1,8,5, stride=5, padding=0)","biases",0.070322259623741556,0.00033113600641138558,0.0047071507199109384,0.0054861422698627826,0.011702149651498246,0.0028635082929815616,0,25,9.9999999999999998e-13
90,4,"DenseLayer( 7202,128 )","all",17.461913941101685,0.026988702479717373,0.0015455268269519121,0.0015736614970185106,0.0022132458338661497,0.0013285912014877161,0,25,9.9999999999999998e-13
90,4,"DenseLayer( 7202,128 )","weights",17.461768321272192,0.026979524128323388,0.0015450141547701422,0.0015731181982455999,0.0022123305094024449,0.0013280788285621877,0,25,9.9999999999999998e-13
90,4,"DenseLayer( 7202,128 )","biases",0.071312252914877972,0.00069130161306799824,0.0096914494091044062,0.01024299850063449,0.015675776282485458,0.0091440468243839425,0,25,9.9999999999999998e-13
90,6,"DenseLayer( 128,64 )","all",9.1961625573386865,0.0045543384060103232,0.00049523827222033173,0.00052085967428760712,0.00083127426795132943,0.00042654843748705695,0,25,9.9999999999999998e-13
90,6,"DenseLayer( 128,64 )","weights",9.1959728323963148,0.0045260581777685502,0.00049217323349029995,0.00051769561978805181,0.00082876886000786615,0.0004237074954516522,0,25,9.9999999999999998e-13
90,6,"DenseLayer( 128,64 )","biases",0.059070912875912457,0.00049840899595042303,0.0084344990770138968,0.0089326411722727411,0.013997575174057217,0.0076405282339530277,0,25,9.9999999999999998e-13
90,8,"DenseLayer( 64,1 )","all",1.223337946362042,0.00045097987381438267,0.00036863216331841774,0.00039263145955781102,0.00063778265376776067,0.00025354676428721934,0,25,9.9999999999999998e-13
90,8,"DenseLayer( 64,1 )","weights",1.2233367539741449,0.00044500958898384949,0.00036375235673452734,0.00038729542333010465,0.00062681368040863746,0.00024823946505246624,0,25,9.9999999999999998e-13
90,8,"DenseLayer( 64,1 )","biases",0.0017057403782382607,6.4936280250549319e-05,0.038218352466505665,0.046690541648431387,0.09168504213645462,0.035325389464884643,0,25,9.9999999999999998e-13
91,0,"Conv2DLayer(1,8,5, stride=5, padding=0)","all",1.4272079310795198,0.0010326929228847046,0.00072357997652970716,0.00083396644040876176,0.0015595809476976062,0.00058998323501258858,0,25,9.9999999999999998e-13
91,0,"Conv2DLayer(1,8,5, stride=5, padding=0)","weights",1.4254653721586898,0.00099821026991270896,0.00070027469793468278,0.00081398115249265487,0.0015390997893496277,0.00057485579163946252,0,25,9.9999999999999998e-13
91,0,"Conv2DLayer(1,8,5, stride=5, padding=0)","biases",0.07050472383528579,0.00024375079348549209,0.0034563496756461636,0.0037612030466566159,0.0068747297287763236,0.0027576817677301985,0,25,9.9999999999999998e-13
91,4,"DenseLayer( 7202,128 )","all",17.481654591919582,0.029428828452911442,0.0016834818178999404,0.0017185339141131768,0.002351598166101275,0.0012220837208770765,0,25,9.9999999999999998e-13
91,4,"DenseLayer( 7202,128 )","weights",17.481504852918082,0.029416146412281002,0.0016827707390913306,0.0017178049589818853,0.0023506225109500042,0.0012214955946535852,0,25,9.9999999999999998e-13
91,4,"DenseLayer( 7202,128 )","biases",0.07235343324051792,0.00086143029628795635,0.011916151308073913,0.012233845728557083,0.017092221631866467,0.0091296042660063519,0,25,9.9999999999999998e-13
91,6,"DenseLayer( 128,64 )","all",9.1970187550671785,0.0049406078666735511,0.00053719929493214742,0.00054937297488366816,0.00076346633477210064,0.00041669928306950434,0,25,9.9999999999999998e-13
91,6,"DenseLayer( 128,64 )","weights",9.1968243606442677,0.0049178481372991615,0.00053473588949485976,0.00054683715044057579,0.00076014166602971368,0.00041413718614589706,0,25,9.9999999999999998e-13
91,6,"DenseLayer( 128,64 )","biases",0.059795805545889778,0.00046676882640397141,0.0078120888011742459,0.0081392804934813569,0.013656968130833219,0.0070520418860510288,0,25,9.9999999999999998e-13
91,8,"DenseLayer( 64,1 )","all",1.2236654507703137,0.00043738859346382429,0.00035744889144863107,0.00037673237217079094,0.00059752255061622283,0.00027921280923397398,0,25,9.9999999999999998e-13
91,8,"DenseLayer( 64,1 )","weights",1.2236642574757712,0.0004355587370188766,0.00035595388456889968,0.00037504060407717249,0.00059410170307544073,0.00027407110319435126,0,25,9.9999999999999998e-13
91,8,"DenseLayer( 64,1 )","biases",0.0017072081472724676,3.3656186424195767e-05,0.01961656485084038,0.025327123132176988,0.053935612126566904,0.037610979592907101,0,25,9.9999999999999998e-13
92,0,"Conv2DLayer(1,8,5, stride=5, padding=0)","all",1.4271150443589533,0.0013309643944477911,0.00093262533984097748,0.0010085914666710417,0.0016515381268561321,0.0011406790968882048,0,25,9.9999999999999998e-13
92,0,"Conv2DLayer(1,8,5, stride=5, padding=0)","weights",1.4253600815625311,0.0012976243199227517,0.00091038330626800842,0.0009897955196992768,0.0016268087799876326,0.0011155040092377876,0,25,9.9999999999999998e-13
92,0,"Conv2DLayer(1,8,5, stride=5, padding=0)","biases",0.070752636179070891,0.00026869714954670649,0.0037984104275639134,0.004033951493688309,0.0065547014500265876,0.0049098611939473406,0,25,9.9999999999999998e-13
92,4,"DenseLayer( 7202,128 )","all",17.49852998216155,0.025299987936726762,0.0014458190937876249,0.0014613046510106266,0.0017817317227429466,0.0016023507960594907,0,25,9.9999999999999998e-13
92,4,"DenseLayer( 7202,128 )","weights",17.498376452485282,0.025288961182631201,0.0014452016269261405,0.0014606761400855299,0.0017808675069388336,0.0016015152748802596,0,25,9.9999999999999998e-13
92,4,"DenseLayer( 7202,128 )","biases",0.073300402592077332,0.0007444700093479392,0.010158466685742591,0.010337940423102036,0.01337285740311955,0.012454492517576101,0,25,9.9999999999999998e-13
92,6,"DenseLayer( 128,64 )","all",9.1982704388222736,0.0052173742871324804,0.00056721140888431364,0.00058111183416496089,0.00080861658821202418,0.00055150850470550138,0,25,9.9999999999999998e-13
92,6,"DenseLayer( 128,64 )","weights",9.1980725200374476,0.0051879006125089815,0.00056401927903583363,0.00057777329277874413,0.00080101237683200975,0.00054788768898637505,0,25,9.9999999999999998e-13
92,6,"DenseLayer( 128,64 )","biases",0.060339629669990257,0.0005448211017234384,0.0090300695937468069,0.0094996563614960262,0.016820127124594193,0.0096167704863618676,0,25,9.9999999999999998e-13
92,8,"DenseLayer( 64,1 )","all",1.2237469257807994,0.00048809174357541333,0.00039885282759200957,0.000415249479688824,0.00062246712444966414,0.00036055202395035476,0,25,9.9999999999999998e-13
92,8,"DenseLayer( 64,1 )","weights",1.2237458393554825,0.00048195915718192873,0.00039384175194843014,0.00040954883552247258,0.0006039227331329658,0.00035894343992471045,0,25,9.9999999999999998e-13
92,8,"DenseLayer( 64,1 )","biases",0.0016273277951404453,7.0495218969881529e-05,0.043524764598758446,0.051465507280210217,0.10834920966949194,0.027413039706653406,0,25,9.9999999999999998e-13
93,0,"Conv2DLayer(1,8,5, stride=5, padding=0)","all",1.4271370155119543,0.0012442839384267739,0.00087187775676681747,0.00098299089753938287,0.0018920092283623319,0.0011700854462180861,0,25,9.9999999999999998e-13
93,0,"Conv2DLayer(1,8,5, stride=5, padding=0)","weights",1.4253817316406212,0.0011861706637756968,0.00083218130118017822,0.00095429094650688697,0.001861947296626393,0.0010661402749346639,0,25,9.9999999999999998e-13
93,0,"Conv2DLayer(1,8,5, stride=5, padding=0)","biases",0.070759398554684383,0.00031787868521713104,0.0044907892209961929,0.0048464592991794312,0.0097467100940285909,0.0097467100940285909,0,25,9.9999999999999998e-13
93,4,"DenseLayer( 7202,128 )","all",17.514056114926941,0.026751940565242056,0.001527473537638922,0.0015651940709692144,0.0021718272574449693,0.0017506514924494527,0,25,9.9999999999999998e-13
93,4,"DenseLayer( 7202,128 )","weights",17.513898751221696,0.026740508995673082,0.0015268345304147017,0.0015645266725875003,0.0021706767154036229,0.0017498905778526935,0,25,9.9999999999999998e-13
93,4,"DenseLayer( 7202,128 )","biases",0.074243276488243276,0.00077912679877481224,0.010496616572989496,0.010899314781670595,0.016827823729493166,0.012246731528758844,0,25,9.9999999999999998e-13
93,6,"DenseLayer( 128,64 )","all",9.1994363902147196,0.0056536894863500288,0.00061457114737485934,0.00063673111599349571,0.00099068960508478035,0.00059058297825679456,0,25,9.9999999999999998e-13
93,6,"DenseLayer( 128,64 )","weights",9.199229853671504,0.0056171374497277207,0.00061061152804408529,0.00063244275087563477,0.00098252291080598597,0.00058757817228254007,0,25,9.9999999999999998e-13
93,6,"DenseLayer( 128,64 )","biases",0.06164262759362954,0.00063322995383646697,0.01028372762149196,0.011053024890089301,0.019798577946980259,0.0087832158247129789,0,25,9.9999999999999998e-13
93,8,"DenseLayer( 64,1 )","all",1.2238744092678124,0.00052832867351920016,0.00043168907552909694,0.00045836419451184061,0.00077574002331289808,0.00039527263641323944,0,25,9.9999999999999998e-13
93,8,"DenseLayer( 64,1 )","weights",1.2238730776077256,0.00051978153635530444,0.0004247057942076777,0.00045026370960492458,0.0007572377999482292,0.0003945005314208265,0,25,9.9999999999999998e-13
93,8,"DenseLayer( 64,1 )","biases",0.0017982511688023806,8.9116562157869332e-05,0.051053553807622637,0.061605720894352713,0.13326659754893944,0.014512518276130048,0,25,9.9999999999999998e-13
94,0,"Conv2DLayer(1,8,5, stride=5, padding=0)","all",1.427089849706614,0.001212696326251805,0.0008497686456615225,0.00092448218169886983,0.0018519066660255463,0.0013091614327989723,0,25,9.9999999999999998e-13
94,0,"Conv2DLayer(1,8,5, stride=5, padding=0)","weights",1.4253280816359202,0.0011532818159250291,0.00080913377320309169,0.00088962146824749335,0.0018273348839819258,0.0012607249903156656,0,25,9.9999999999999998e-13
94,0,"Conv2DLayer(1,8,5, stride=5, padding=0)","biases",0.070888989210919462,0.00034416921473712632,0.0048537530479480949,0.005137173563556573,0.0086261439531384859,0.0071936941362633691,0,25,9.9999999999999998e-13
94,4,"DenseLayer( 7202,128 )","all",17.529671455355903,0.029296484800343334,0.0016712421599110643,0.0017043922182990606,0.0027509392422790024,0.0018303032337092934,0,25,9.9999999999999998e-13
94,4,"DenseLayer( 7202,128 )","weights",17.529513586007745,0.029282926794878046,0.00167048376417635,0.0017036181597422774,0.0027497808748315326,0.0018293827899128353,0,25,9.9999999999999998e-13
94,4,"DenseLayer( 7202,128 )","biases",0.074395653741545539,0.00088900971730629971,0.011951518543204481,0.012225166763717189,0.019017139805019703,0.013814918973101099,0,25,9.9999999999999998e-13
94,6,"DenseLayer( 128,64 )","all",9.2002543646494583,0.0059916112808103515,0.00065124422574301742,0.00068020950062288048,0.0013760231456700714,0.00074464478323915944,0,25,9.9999999999999998e-13
94,6,"DenseLayer( 128,64 )","weights",9.2000427105335341,0.0059515082267624711,0.00064690019127484303,0.00067548761124591457,0.0013656849782001002,0.0007385736513545073,0,25,9.9999999999999998e-13
94,6,"DenseLayer( 128,64 )","biases",0.062405419139276899,0.00068368219639857667,0.010956220458482154,0.011812851930415614,0.02473383753587163,0.013985202260128457,0,25,9.9999999999999998e-13
94,8,"DenseLayer( 64,1 )","all",1.2241646883049997,0.00057654758218427524,0.00047096329827369765,0.00051621104873091691,0.0012343202333302335,0.00059659568916775574,0,25,9.9999999999999998e-13
94,8,"DenseLayer( 64,1 )","weights",1.2241628074493833,0.0005665268346014855,0.00046277834749659861,0.00050696192483587195,0.0012146923791210146,0.00058581494380668465,0,25,9.9999999999999998e-13
94,8,"DenseLayer( 64,1 )","biases",0.0021413773903623222,0.00010423986241221428,0.048943121610911876,0.055651227905202251,0.11483017045199906,0.060204834105990916,0,25,9.9999999999999998e-13
95,0,"Conv2DLayer(1,8,5, stride=5, padding=0)","all",1.4269901568136831,0.0010787998361255779,0.00075598511291781283,0.00094854211131992997,0.0022741925030787496,0.00034038709829613349,0,25,9.9999999999999998e-13
95,0,"Conv2DLayer(1,8,5, stride=5, padding=0)","weights",1.4251997554883822,0.00098898953898738122,0.00069391403547620033,0.00090640481879716557,0.002248480942465225,0.00016510550223263842,0,25,9.9999999999999998e-13
95,0,"Conv2DLayer(1,8,5, stride=5, padding=0)","biases",0.071459183899371836,0.00034833854791865664,0.0048823303850569809,0.0056700392676848604,0.0099338405544999089,0.0059247117581108805,0,25,9.9999999999999998e-13
95,4,"DenseLayer( 7202,128 )","all",17.541587939790684,0.025987952755645902,0.0014815325043054078,0.001529032296443196,0.0022471652316104966,0.0015498604964684474,0,25,9.9999999999999998e-13
95,4,"DenseLayer( 7202,128 )","weights",17.541426255419545,0.025977525655279624,0.0014809517051928298,0.0015284266164469853,0.0022464077804840959,0.0015492913112746878,0,25,9.9999999999999998e-13
95,4,"DenseLayer( 7202,128 )","biases",0.075314065578634667,0.0007337883353360819,0.0097485453684422289,0.010148872279409294,0.014207651945149649,0.0098518433627411001,0,25,9.9999999999999998e-13
95,6,"DenseLayer( 128,64 )","all",9.200657997484095,0.0049917574604457166,0.00054254660891530845,0.0005646329069797666,0.00079024951279763425,0.00051335511571885394,0,25,9.9999999999999998e-13
95,6,"DenseLayer( 128,64 )","weights",9.2004369345334247,0.0049621773187621407,0.00053934449720378246,0.00056123811527452,0.00078675016875195177,0.00051039894487623825,0,25,9.9999999999999998e-13
95,6,"DenseLayer( 128,64 )","biases",0.063774424705350607,0.00053674506128726317,0.008433022843368566,0.0089681362873829489,0.014210984116599351,0.0078360341978769288,0,25,9.9999999999999998e-13
95,8,"DenseLayer( 64,1 )","all",1.2244574299016828,0.0004486781755514192,0.00036642457419946728,0.00039141322407447725,0.0006368684959463561,0.00029179772952501391,0,25,9.9999999999999998e-13
95,8,"DenseLayer( 64,1 )","weights",1.2244549672909499,0.00044331584578979097,0.0003620459988747343,0.00038664676910588942,0.00063535109032208752,0.00029083936335444195,0,25,9.9999999999999998e-13
95,8,"DenseLayer( 64,1 )","biases",0.0024535328894853591,6.1517823487520213e-05,0.025192945153779348,0.030586528428975593,0.062511988578552377,0.010961893187211203,0,25,9.9999999999999998e-13
96,0,"Conv2DLayer(1,8,5, stride=5, padding=0)","all",1.4269356152864965,0.00084447405363543301,0.00059180614851177813,0.00067956680403583785,0.0013283517219985662,0.0013283517219985662,0,25,9.9999999999999998e-13
96,0,"Conv2DLayer(1,8,5, stride=5, padding=0)","weights",1.4251717413103906,0.00076882902621410517,0.0005394593647326737,0.00064272558603580855,0.0013045295490642559,0.0013045295490642559,0,25,9.9999999999999998e-13
96,0,"Conv2DLayer(1,8,5, stride=5, padding=0)","biases",0.070927377312312134,0.00029742834397126897,0.0041940090640834871,0.0044881055606204642,0.0075087556271366826,0.0052078454321105045,0,25,9.9999999999999998e-13
96,4,"DenseLayer( 7202,128 )","all",17.562057495507581,0.022172488761284925,0.0012625168534118473,0.0012811364397742869,0.001984661719475526,0.001984661719475526,0,25,9.9999999999999998e-13
96,4,"DenseLayer( 7202,128 )","weights",17.561891877718988,0.022163426132724647,0.0012620127226486608,0.0012806177841828748,0.0019836721922535171,0.0019836721922535171,0,25,9.9999999999999998e-13
96,4,"DenseLayer( 7202,128 )","biases",0.076269809586808651,0.00063264373756460684,0.0082944967672673071,0.0084889955711517778,0.014506330871586719,0.014506330871586719,0,25,9.9999999999999998e-13
96,6,"DenseLayer( 128,64 )","all",9.2015589615502567,0.0039271188591321927,0.00042678752309011157,0.00043671465995460458,0.00064498255754071076,0.00055710986247406165,0,25,9.9999999999999998e-13
96,6,"DenseLayer( 128,64 )","weights",9.2013321466464078,0.0039041699144989361,0.00042430393856252567,0.00043416238841510968,0.00064137809970199488,0.00055439265283877394,0,25,9.9999999999999998e-13
96,6,"DenseLayer( 128,64 )","biases",0.064606749541885902,0.00041848639894876278,0.0064779101498487661,0.006729550860932426,0.0097161594708033497,0.0078693387483744007,0,25,9.9999999999999998e-13
96,8,"DenseLayer( 64,1 )","all",1.2248581553125413,0.00036402740801695199,0.00029719617236730755,0.00030986932804690013,0.00049733289326023061,0.00044815419331873882,0,25,9.9999999999999998e-13
96,8,"DenseLayer( 64,1 )","weights",1.2248553022156718,0.00036051186280138231,0.00029432649467685951,0.00030667768585267944,0.00049119226326633711,0.00044628000677133796,0,25,9.9999999999999998e-13
96,8,"DenseLayer( 64,1 )","biases",0.0026430737134069205,4.5535713434219359e-05,0.017265885672058872,0.020592000737129829,0.039995149107224487,0.019662542863599041,0,25,9.9999999999999998e-13
97,0,"Conv2DLayer(1,8,5, stride=5, padding=0)","all",1.4269683734255743,0.0016673944249436441,0.00116849191682476,0.001333618469139722,0.0027654420803397591,0.00058934399075873144,0,25,9.9999999999999998e-13
97,0,"Conv2DLayer(1,8,5, stride=5, padding=0)","weights",1.4252176648203585,0.0016164475388131491,0.0011341815889509533,0.0013053653481694988,0.0027282309558749086,0.00056535905320138327,0,25,9.9999999999999998e-13
97,0,"Conv2DLayer(1,8,5, stride=5, padding=0)","biases",0.070662811522062052,0.00037430392645750228,0.0052984592258423302,0.0056687889573386581,0.0095752093905366112,0.0034284519056093032,0,25,9.9999999999999998e-13
97,4,"DenseLayer( 7202,128 )","all",17.580394576889226,0.031325659787645024,0.0017819551475822546,0.0018487812767313807,0.0029082001025197831,0.0011486275433802266,0,25,9.9999999999999998e-13
97,4,"DenseLayer( 7202,128 )","weights",17.580228736198496,0.0313128846746899,0.0017812452338050639,0.0018480323780806773,0.0029070157918499326,0.0011483487503217568,0,25,9.9999999999999998e-13
97,4,"DenseLayer( 7202,128 )","biases",0.076360365561382551,0.00089245580903355272,0.011688707324996649,0.012253322074945835,0.019179408212940001,0.005902521047382773,0,25,9.9999999999999998e-13
97,6,"DenseLayer( 128,64 )","all",9.2026533674983035,0.0056452946412057512,0.00061344409814868914,0.00063341253790693381,0.00092179978012657039,0.00038881291689644624,0,25,9.9999999999999998e-13
97,6,"DenseLayer( 128,64 )","weights",9.202422040260565,0.0056199897669931501,0.00061070968628672566,0.00063062818258588732,0.00091926383760949177,0.00038784713751133763,0,25,9.9999999999999998e-13
97,6,"DenseLayer( 128,64 )","biases",0.065245849955937199,0.0005254056320791174,0.0080555686173374805,0.0083973437183717543,0.012910218180124885,0.003797808739165881,0,25,9.9999999999999998e-13
97,8,"DenseLayer( 64,1 )","all",1.2255476003742225,0.00050399287399217885,0.0004112352661882665,0.0004312002053029988,0.00070603442717480553,0.00018620057150392277,0,25,9.9999999999999998e-13
97,8,"DenseLayer( 64,1 )","weights",1.2255447003511133,0.00050087879331668812,0.00040869540103786675,0.00042879229614832006,0.00070603236081431798,0.00018576784112759039,0,25,9.9999999999999998e-13
97,8,"DenseLayer( 64,1 )","biases",0.0026652736961841582,4.7769611701369289e-05,0.017906681101247518,0.020910245359805915,0.038157283474919278,0.0054558052099302331,0,25,9.9999999999999998e-13
98,0,"Conv2DLayer(1,8,5, stride=5, padding=0)","all",1.4270050978941624,0.0010857316398087918,0.00076084209913502112,0.00084414017409136649,0.0019080612531723142,0.0019080612531723142,0,25,9.9999999999999998e-13
98,0,"Conv2DLayer(1,8,5, stride=5, padding=0)","weights",1.4252552881269651,0.0010387484150719579,0.00072881355988157906,0.0008200087040650298,0.0018830781800479235,0.0018830781800479235,0,25,9.9999999999999998e-13
98,0,"Conv2DLayer(1,8,5, stride=5, padding=0)","biases",0.070645822951353882,0.00027336751366386432,0.0038696661752111849,0.00413139014583564,0.0067050790554124759,0.0064735831088603901,0,25,9.9999999999999998e-13
98,4,"DenseLayer( 7202,128 )","all",17.600725529830417,0.026287759394503282,0.0014935564896086831,0.0015178610186050703,0.0022562136752102414,0.0022562136752102414,0,25,9.9999999999999998e-13
98,4,"DenseLayer( 7202,128 )","weights",17.600554652886252,0.026279004086941837,0.0014930735759180675,0.0015173691637481357,0.0022553888371302198,0.0022553888371302198,0,25,9.9999999999999998e-13
98,4,"DenseLayer( 7202,128 )","biases",0.07755567818088295,0.0006737457454732644,0.0086820743241137581,0.0088879788948537271,0.013889575718997195,0.013889575718997195,0,25,9.9999999999999998e-13
98,6,"DenseLayer( 128,64 )","all",9.2034967838756021,0.0043586590020554235,0.00047358366881625392,0.00049644608136294481,0.00097141861630699506,0.00097141861630699506,0,25,9.9999999999999998e-13
98,6,"DenseLayer( 128,64 )","weights",9.2032490985550233,0.0043354581557492784,0.00047107550550625675,0.00049393926825720116,0.00096886142726241588,0.00096886142726241588,0,25,9.9999999999999998e-13
98,6,"DenseLayer( 128,64 )","biases",0.067519747644533321,0.00044110072049033909,0.0065282963783405857,0.0068009549961611238,0.011326746448727299,0.009624637298989068,0,25,9.9999999999999998e-13
98,8,"DenseLayer( 64,1 )","all",1.2256977312126549,0.00038116092561244565,0.00031096248620966392,0.00033936254173938226,0.00074834959450398504,0.00074834959450398504,0,25,9.9999999999999998e-13
98,8,"DenseLayer( 64,1 )","weights",1.2256944930387816,0.00037676510282796873,0.00030737699976251029,0.00033557526009172833,0.00074499361812132734,0.00074499361812132734,0,25,9.9999999999999998e-13
98,8,"DenseLayer( 64,1 )","biases",0.0028161376807838679,5.3114732727408411e-05,0.018865558884141841,0.022031561308845517,0.03986931068186169,0.03096993315858497,0,25,9.9999999999999998e-13
99,0,"Conv2DLayer(1,8,5, stride=5, padding=0)","all",1.4269941870751841,0.0015879941950310526,0.0011128224660812661,0.0012435110582812514,0.0024798026786885048,0.00080345514797608604,0,25,9.9999999999999998e-13
99,0,"Conv2DLayer(1,8,5, stride=5, padding=0)","weights",1.4252161033857285,0.0015528377904584711,0.0010895429611864869,0.001221288989913766,0.0024353399306143064,0.00079612841881706903,0,25,9.9999999999999998e-13
99,0,"Conv2DLayer(1,8,5, stride=5, padding=0)","biases",0.071213839596433598,0.00031343072839464111,0.0044017847155263063,0.0048469569419256819,0.0096722657006213554,0.0023115291593949192,0,25,9.9999999999999998e-13
99,4,"DenseLayer( 7202,128 )","all",17.619084095721696,0.028131682943195322,0.0015966475452369529,0.0016523543265444789,0.0027411250192932988,0.0015136346949505886,0,25,9.9999999999999998e-13
99,4,"DenseLayer( 7202,128 )","weights",17.618910083689798,0.028120505866791844,0.0015960289427150831,0.0016517006559873609,0.002739833309800304,0.0015130391745938093,0,25,9.9999999999999998e-13
99,4,"DenseLayer( 7202,128 )","biases",0.078304608596218045,0.00079053381525265917,0.010099690904808478,0.01059580347991473,0.019143582730354058,0.009589890652016252,0,25,9.9999999999999998e-13
99,6,"DenseLayer( 128,64 )","all",9.2043985415214955,0.0058460206842081688,0.00063513573923154164,0.00065744568003049935,0.0010692604974474971,0.00065329873239804007,0,25,9.9999999999999998e-13
99,6,"DenseLayer( 128,64 )","weights",9.204146576540527,0.0058208269413078158,0.00063241588311896098,0.0006545806066818406,0.0010633308118834603,0.00065025487107520802,0,25,9.9999999999999998e-13
99,6,"DenseLayer( 128,64 )","biases",0.068103171998191395,0.00053731035308139294,0.0078946571754434577,0.0083214675677426592,0.015216620165971879,0.0084249829208688752,0,25,9.9999999999999998e-13
99,8,"DenseLayer( 64,1 )","all",1.2261350941808227,0.00053143132428566892,0.00043342573340057977,0.00045933440227949302,0.00076682701686737315,0.00053887399288660013,0,25,9.9999999999999998e-13
99,8,"DenseLayer( 64,1 )","weights",1.2261319407762716,0.00052832582424293048,0.00043089414560773493,0.00045650344393005258,0.00075964775560358221,0.0005342513902265386,0,25,9.9999999999999998e-13
99,8,"DenseLayer( 64,1 )","biases",0.0027797799278050663,4.9496581777930262e-05,0.017794994481332038,0.022347383526007597,0.048368844934691839,0.03233802181465216,0,25,9.9999999999999998e-13
100,0,"Conv2DLayer(1,8,5, stride=5, padding=0)","all",1.4269947619595074,0.0012399189189759711,0.00086889971925556214,0.00094413336927528342,0.0016479904534821418,0.00049528110888521549,0,25,9.9999999999999998e-13
100,0,"Conv2DLayer(1,8,5, stride=5, padding=0)","weights",1.4252053852629851,0.0011878530722317262,0.00083345753342901853,0.0009134093149853618,0.0016074454735421925,0.00048757864348960845,0,25,9.9999999999999998e-13
100,0,"Conv2DLayer(1,8,5, stride=5, padding=0)","biases",0.071439581132285254,0.00031368743037550606,0.004391247983196434,0.0048598012663874654,0.0091184998159847194,0.0017950344693789782,0,25,9.9999999999999998e-13
100,4,"DenseLayer( 7202,128 )","all",17.636353727954134,0.029079232130274375,0.0016487990985064609,0.0016720721991905834,0.0021702289515476971,0.0019295671347534598,0,25,9.9999999999999998e-13
100,4,"DenseLayer( 7202,128 )","weights",17.636174308641447,0.02906763077564414,0.0016481580775107804,0.0016714151920078923,0.0021692144769778665,0.0019286674809397683,0,25,9.9999999999999998e-13
100,4,"DenseLayer( 7202,128 )","biases",0.079551054099331928,0.00081968068084274214,0.010301854243748389,0.010520803931693516,0.014837684837552085,0.013216259761266563,0,25,9.9999999999999998e-13
100,6,"DenseLayer( 128,64 )","all",9.2052722082706886,0.0054233596097160849,0.00058915645653861959,0.00059818208996275616,0.00077705527020036102,0.00055640924291955492,0,25,9.9999999999999998e-13
100,6,"DenseLayer( 128,64 )","weights",9.2050080461612378,0.005394254909190245,0.00058601154663512215,0.00059493175103545219,0.00077072996629888829,0.00055382896582933515,0,25,9.9999999999999998e-13
100,6,"DenseLayer( 128,64 )","biases",0.069735531544345114,0.00055493922528927612,0.0079574329371200833,0.0082413671765485738,0.013042032481375023,0.0070244657448606685,0,25,9.9999999999999998e-13
100,8,"DenseLayer( 64,1 )","all",1.2259141150569857,0.0005270383196834664,0.00042990811778069026,0.0004426904473723407,0.00064725156404243673,0.00034452131696326984,0,25,9.9999999999999998e-13
100,8,"DenseLayer( 64,1 )","weights",1.2259109625932842,0.00052253799907485692,0.00042623804141896733,0.00043891750223747718,0.0006439284160321601,0.0003405628874822288,0,25,9.9999999999999998e-13
100,8,"DenseLayer( 64,1 )","biases",0.0027787442412227394,6.1105815693736072e-05,0.022005469162172265,0.025456182063275528,0.05419582767803819,0.022260415252293803,0,25,9.9999999999999998e-13
101,0,"Conv2DLayer(1,8,5, stride=5, padding=0)","all",1.4269071770642381,0.0015541617622025351,0.0010891808203702434,0.001196463409635569,0.002505050678755903,0.002505050678755903,0,25,9.9999999999999998e-13
101,0,"Conv2DLayer(1,8,5, stride=5, padding=0)","weights",1.4251015013722121,0.0014974479485093033,0.0010507679276105732,0.0011635409629855722,0.002469502681480433,0.002469502681480433,0,25,9.9999999999999998e-13
101,0,"Conv2DLayer(1,8,5, stride=5, padding=0)","biases",0.071760956716403132,0.00038059562981305074,0.0052999714458166714,0.0056573701209098768,0.0086301869165583394,0.0086301869165583394,0,25,9.9999999999999998e-13
101,4,"DenseLayer( 7202,128 )","all",17.657620007892632,0.044969197663605964,0.0025465667430608881,0.0026099449097190968,0.0034742352640362486,0.0028918307596263156,0,25,9.9999999999999998e-13
101,4,"DenseLayer( 7202,128 )","weights",17.657436389581839,0.044953230287246848,0.0025456890265732886,0.0026090480238041519,0.0034733467870819703,0.0028906266309615858,0,25,9.9999999999999998e-13
101,4,"DenseLayer( 7202,128 )","biases",0.080524024822617599,0.0011884859255566903,0.01474974754019432,0.015210625977005654,0.022207352937277571,0.018286014935633775,0,25,9.9999999999999998e-13
101,6,"DenseLayer( 128,64 )","all",9.2063550485020524,0.0077295961155391529,0.00083958750011196967,0.00088229766376367281,0.0013663139275793888,0.0011920732591174474,0,25,9.9999999999999998e-13
101,6,"DenseLayer( 128,64 )","weights",9.2060854115992665,0.0076742131296807792,0.00083359622400446573,0.00087566288769695916,0.0013563192994573822,0.0011864747388943108,0,25,9.9999999999999998e-13
101,6,"DenseLayer( 128,64 )","biases",0.070459885589663845,0.00091316281168203834,0.012962558453926246,0.014143606673477332,0.025794777864638799,0.014960830985067565,0,25,9.9999999999999998e-13
101,8,"DenseLayer( 64,1 )","all",1.2256822098503033,0.00078782844496539089,0.0006427722018061638,0.0006930319494799378,0.0011470622039136888,0.00093703912114357778,0,25,9.9999999999999998e-13
101,8,"DenseLayer( 64,1 )","weights",1.2256794036024932,0.00077431834428209564,0.00063175088851586379,0.00067960516951717667,0.0011245879543989713,0.00092652484057121687,0,25,9.9999999999999998e-13
101,8,"DenseLayer( 64,1 )","biases",0.0026140830852091311,0.00013778893277049064,0.053679845753196336,0.064749432449733163,0.12087030283793918,0.066803116717367106,0,25,9.9999999999999998e-13
102,0,"Conv2DLayer(1,8,5, stride=5, padding=0)","all",1.4267620079707641,0.0014456233491026071,0.0010132210967477582,0.0011743146501911306,0.0023915308002247261,0.00027525870349312005,0,25,9.9999999999999998e-13
102,0,"Conv2DLayer(1,8,5, stride=5, padding=0)","weights",1.4248917221611779,0.0013933793295899161,0.00097788495809276533,0.0011482765639601964,0.0023577381082077664,0.00018705366751520534,0,25,9.9999999999999998e-13
102,0,"Conv2DLayer(1,8,5, stride=5, padding=0)","biases",0.073029465286871667,0.00033054986851456839,0.0045241023662917689,0.0049352721115504036,0.0086279340688134015,0.0039366262201776794,0,25,9.9999999999999998e-13
102,4,"DenseLayer( 7202,128 )","all",17.683882578591263,0.029366639438316005,0.0016607764295552827,0.001719266228700966,0.0027268654805638671,0.00085684293967284129,0,25,9.9999999999999998e-13
102,4,"DenseLayer( 7202,128 )","weights",17.683692295841997,0.029355274803603469,0.0016601515145899443,0.0017186059812365174,0.0027256290571060697,0.0008565510704305352,0,25,9.9999999999999998e-13
102,4,"DenseLayer( 7202,128 )","biases",0.082031885170943036,0.00081512832339913498,0.0099574606564184851,0.010455881369466586,0.018153303563093266,0.0048726891219405205,0,25,9.9999999999999998e-13
102,6,"DenseLayer( 128,64 )","all",9.2071071120010455,0.0053240758705085092,0.00057826053893458211,0.00060278782136030423,0.00099452735481400439,0.00037413586252784032,0,25,9.9999999999999998e-13
102,6,"DenseLayer( 128,64 )","weights",9.2068266179111653,0.0052972273044260007,0.00057536192325527804,0.00059980856615803101,0.00099032289323322011,0.00037223158168267695,0,25,9.9999999999999998e-13
102,6,"DenseLayer( 128,64 )","biases",0.071865630220877205,0.00052722111931618912,0.0073472637872586113,0.0077167821152347941,0.014248376804944868,0.0047961759222544618,0,25,9.9999999999999998e-13
102,8,"DenseLayer( 64,1 )","all",1.2252065799049774,0.00051020183902304424,0.00041641534733898581,0.00043707535925331274,0.00067721174248194457,0.00029532532248592689,0,25,9.9999999999999998e-13
102,8,"DenseLayer( 64,1 )","weights",1.2252042298821124,0.00050690977247990323,0.00041372921986805768,0.00043394671917560974,0.0006725592127746927,0.00029388726097636151,0,25,9.9999999999999998e-13
102,8,"DenseLayer( 64,1 )","biases",0.0023959176521748306,4.7216312959790227e-05,0.01932913649455352,0.025609062365389519,0.069808113171330427,0.015795664386221209,0,25,9.9999999999999998e-13
103,0,"Conv2DLayer(1,8,5, stride=5, padding=0)","all",1.4267876236994275,0.00076963512731287418,0.00053942122402981791,0.00060164293909535877,0.0013207863292239957,0.00044859363506323589,0,25,9.9999999999999998e-13
103,0,"Conv2DLayer(1,8,5, stride=5, padding=0)","weights",1.424927402738867,0.00074165604431806185,0.00052049022383380238,0.00058589304390829896,0.0013039737155893386,0.00044366015007189465,0,25,9.9999999999999998e-13
103,0,"Conv2DLayer(1,8,5, stride=5, padding=0)","biases",0.072833908035391901,0.00018812660083584461,0.0025826583150796159,0.0027417945283743405,0.0043346657324968771,0.001377684665979099,0,25,9.9999999999999998e-13
103,4,"DenseLayer( 7202,128 )","all",17.705027950928283,0.021572134048948585,0.0012183649628853008,0.0012670323931925223,0.0019493357533923077,0.0011201960982157814,0,25,9.9999999999999998e-13
103,4,"DenseLayer( 7202,128 )","weights",17.704833153073551,0.021564882738975888,0.0012179688001234437,0.0012666302266695251,0.0019485326459241171,0.0011199275950997717,0,25,9.9999999999999998e-13
103,4,"DenseLayer( 7202,128 )","biases",0.083052257378176911,0.00055451228817905663,0.0066771138973873564,0.0069225329244272911,0.012069522262939052,0.0053277132434579409,0,25,9.9999999999999998e-13
103,6,"DenseLayer( 128,64 )","all",9.2083169855634281,0.0038271037356077441,0.00041561089541174867,0.00043408448839800325,0.00080807018024063723,0.00037761687127612292,0,25,9.9999999999999998e-13
103,6,"DenseLayer( 128,64 )","weights",9.2080323600224485,0.0038051971395577952,0.00041324466074113,0.00043163772147800929,0.00080213767498404866,0.00037471120411764039,0,25,9.9999999999999998e-13
103,6,"DenseLayer( 128,64 )","biases",0.072399771716874797,0.00040229693309480526,0.0055568585088772212,0.0058712984550423428,0.012488990954081193,0.005923110272982971,0,25,9.9999999999999998e-13
103,8,"DenseLayer( 64,1 )","all",1.2250610436826166,0.00034365617753395365,0.00028051723188890991,0.00030033215840698631,0.00066573577495609027,0.00029537219066744035,0,25,9.9999999999999998e-13
103,8,"DenseLayer( 64,1 )","weights",1.2250589850205882,0.00034029378269888604,0.00027777307692800014,0.00029701316367899619,0.00065328335640786486,0.00028971170435187289,0,25,9.9999999999999998e-13
103,8,"DenseLayer( 64,1 )","biases",0.0022452701907604931,4.2660133913159372e-05,0.019083538104659729,0.024650069626574254,0.07358203581053803,0.030929161557692288,0,25,9.9999999999999998e-13
104,0,"Conv2DLayer(1,8,5, stride=5, padding=0)","all",1.4267856673194805,0.001350064852143219,0.00094624002343023268,0.0011210628558725763,0.0024986473901622394,0.00081189749072967923,0,25,9.9999999999999998e-13
104,0,"Conv2DLayer(1,8,5, stride=5, padding=0)","weights",1.4249161975412719,0.0013067450630118648,0.00091708202306733184,0.0010951889143252481,0.0024639432663197932,0.00078021617079730634,0,25,9.9999999999999998e-13
104,0,"Conv2DLayer(1,8,5, stride=5, padding=0)","biases",0.073014605573225019,0.0003142416851606572,0.0043012224974307315,0.0048016991575129528,0.0084786322283308766,0.0044477355796722386,0,25,9.9999999999999998e-13
104,4,"DenseLayer( 7202,128 )","all",17.719189246990485,0.027517346049552884,0.0015529548158045618,0.0015891350745332246,0.0021313991542010959,0.0019890253543323761,0,25,9.9999999999999998e-13
104,4,"DenseLayer( 7202,128 )","weights",17.718992796070246,0.027506937140030788,0.0015523845630152045,0.0015885537462667408,0.0021305135625470113,0.0019886715043059174,0,25,9.9999999999999998e-13
104,4,"DenseLayer( 7202,128 )","biases",0.083437191904846802,0.00075218963719410174,0.0090177487122966894,0.0092695942402686946,0.013272028172042054,0.0082562376624684061,0,25,9.9999999999999998e-13
104,6,"DenseLayer( 128,64 )","all",9.2093908208585216,0.005099495587162264,0.00055372734053249582,0.00057233934678097302,0.00078312946385166251,0.00061457815740782653,0,25,9.9999999999999998e-13
104,6,"DenseLayer( 128,64 )","weights",9.2091043776283961,0.0050677137519086167,0.00055029341746823401,0.00056876564828830015,0.00078046527526441764,0.00060986345497543654,0,25,9.9999999999999998e-13
104,6,"DenseLayer( 128,64 )","biases",0.072634715354191692,0.00056195079502587323,0.0077381249152509044,0.0081198831737825886,0.012187998077905906,0.0096552460211933831,0,25,9.9999999999999998e-13
104,8,"DenseLayer( 64,1 )","all",1.2258002753760104,0.00051629719277194541,0.00042118986164581821,0.0004415203425824201,0.00067264209151874916,0.00047203227452296501,0,25,9.9999999999999998e-13
104,8,"DenseLayer( 64,1 )","weights",1.2257984058627824,0.00051033974593169278,0.00041633003858285319,0.0004362361804557505,0.00067237790185719856,0.00046433129038908491,0,25,9.9999999999999998e-13
104,8,"DenseLayer( 64,1 )","biases",0.00213912065140903,6.6976128146052367e-05,0.031184022314861379,0.038825248051199385,0.07953218624650249,0.048487501458412581,0,25,9.9999999999999998e-13
105,0,"Conv2DLayer(1,8,5, stride=5, padding=0)","all",1.4268833515840449,0.0010691153821121323,0.00074926886335159506,0.00080652028718549307,0.0013891492608037116,0.0010690661464395864,0,25,9.9999999999999998e-13
105,0,"Conv2DLayer(1,8,5, stride=5, padding=0)","weights",1.4250026329004375,0.0010435765531749915,0.00073233647803375341,0.00078960905460893026,0.0013681808874646043,0.0010607292973744029,0,25,9.9999999999999998e-13
105,0,"Conv2DLayer(1,8,5, stride=5, padding=0)","biases",0.073236310619595443,0.00022251933310367923,0.0030366208345836486,0.0032933232851749118,0.0059267846434041416,0.002802781758876439,0,25,9.9999999999999998e-13
105,4,"DenseLayer( 7202,128 )","all",17.738764931235092,0.033878210201010388,0.0019097968466908226,0.0019718226057690836,0.0035594442153066082,0.0019805329714943916,0,25,9.9999999999999998e-13
105,4,"DenseLayer( 7202,128 )","weights",17.738566438344812,0.033871247154320244,0.0019094256869629455,0.0019714496572045214,0.0035588577694195705,0.0019802612281170215,0,25,9.9999999999999998e-13
105,4,"DenseLayer( 7202,128 )","biases",0.083916121781872216,0.00068207955696421426,0.0081275787263130495,0.0083423669954221635,0.014138652443250629,0.0071563860514089863,0,25,9.9999999999999998e-13
105,6,"DenseLayer( 128,64 )","all",9.2107776221031568,0.0049675681504210917,0.0005393183657407838,0.00055246281754058383,0.00090236596731807289,0.00065930910850159059,0,25,9.9999999999999998e-13
105,6,"DenseLayer( 128,64 )","weights",9.2104852182627646,0.0049438505476487211,0.00053676045349715883,0.00054983794905431144,0.00089938913130139207,0.00065845417436256643,0,25,9.9999999999999998e-13
105,6,"DenseLayer( 128,64 )","biases",0.073391647878413027,0.0004721819145109558,0.0064303731940979604,0.0067642405412669223,0.012475797261752254,0.0042165727600465015,0,25,9.9999999999999998e-13
105,8,"DenseLayer( 64,1 )","all",1.2262768436979581,0.00042793324757313026,0.00034896492256353658,0.00036534646196271359,0.00065275318411210789,0.00026274699582223241,0,25,9.9999999999999998e-13
105,8,"DenseLayer( 64,1 )","weights",1.2262749994923827,0.00042304098852320455,0.00034497614670006565,0.00036062558659809388,0.00064003718326803333,0.00026261920492329558,0,25,9.9999999999999998e-13
105,8,"DenseLayer( 64,1 )","biases",0.0021253642998635769,5.8471923694014549e-05,0.027502976965965251,0.033690788634029301,0.069885266315934877,0.0051188614162949037,0,25,9.9999999999999998e-13
106,0,"Conv2DLayer(1,8,5, stride=5, padding=0)","all",1.4268411449091367,0.00099816344116452943,0.00069956251295223411,0.00075328975233119862,0.0012373053169002016,0.00070405138329805207,0,25,9.9999999999999998e-13
106,0,"Conv2DLayer(1,8,5, stride=5, padding=0)","weights",1.4249271716870362,0.00095870155055406399,0.00067280864400938976,0.00073128507224296576,0.0012201671542212541,0.00069228366501240422,0,25,9.9999999999999998e-13
106,0,"Conv2DLayer(1,8,5, stride=5, padding=0)","biases",0.073879505808263704,0.00024042729540876511,0.0032550775542300944,0.0035681330830886738,0.0074718198118198971,0.00256060167734362,0,25,9.9999999999999998e-13
106,4,"DenseLayer( 7202,128 )","all",17.754190030864077,0.036389736606996237,0.0020494981185080097,0.0021916578942250556,0.0042902012737560157,0.0024802315172536781,0,25,9.9999999999999998e-13
106,4,"DenseLayer( 7202,128 )","weights",17.753986880454111,0.036382876647488245,0.0020491351737110118,0.0021913397081221443,0.0042899932654356879,0.0024798486710643965,0,25,9.9999999999999998e-13
106,4,"DenseLayer( 7202,128 )","biases",0.084931976065609122,0.0006772887798675017,0.0079755797592006208,0.0081109963380710994,0.010664300371374127,0.0094314060131639142,0,25,9.9999999999999998e-13
106,6,"DenseLayer( 128,64 )","all",9.2124523817087933,0.0053656959919845077,0.00058244121152823043,0.00059641602102992856,0.00086046168867223184,0.00060798412713046663,0,25,9.9999999999999998e-13
106,6,"DenseLayer( 128,64 )","weights",9.2121472268954037,0.0053343330512351178,0.00057905599385116161,0.00059292665816513797,0.00085803010601719337,0.00060469377027429672,0,25,9.9999999999999998e-13
106,6,"DenseLayer( 128,64 )","biases",0.074981621445108379,0.0005730131744492924,0.0076413766658314213,0.0079353180117639321,0.013273039643945661,0.0077268487484524803,0,25,9.9999999999999998e-13
106,8,"DenseLayer( 64,1 )","all",1.2268614579443078,0.00047162791750689372,0.00038442082499925647,0.00039753816131592987,0.00058179288282812769,0.00037892493153917966,0,25,9.9999999999999998e-13
106,8,"DenseLayer( 64,1 )","weights",1.2268597852095873,0.00046453104058252726,0.00037863662294989269,0.00039111276918917757,0.00056978075650930234,0.00037274314695888325,0,25,9.9999999999999998e-13
106,8,"DenseLayer( 64,1 )","biases",0.0020228106528520583,7.6596019789576536e-05,0.037955819496370398,0.043231935213751661,0.073521253363234285,0.041347514253537235,0,25,9.9999999999999998e-13
107,0,"Conv2DLayer(1,8,5, stride=5, padding=0)","all",1.4268341647794187,0.001239691522187553,0.00086883582954175331,0.00096295282263434443,0.0016472061522644506,0.00043784472792161557,0,25,9.9999999999999998e-13
107,0,"Conv2DLayer(1,8,5, stride=5, padding=0)","weights",1.4248876783237341,0.0012057917058584022,0.00084623195173243171,0.00093983829867256815,0.0015985058352763698,0.00042093511671005996,0,25,9.9999999999999998e-13
107,0,"Conv2DLayer(1,8,5, stride=5, padding=0)","biases",0.074503641646523067,0.00027148087009003008,0.0036429733496824257,0.0041231006728439075,0.0077741303456790702,0.0023285410738045167,0,25,9.9999999999999998e-13
107,4,"DenseLayer( 7202,128 )","all",17.77772209731048,0.028793556800094371,0.0016196672342065133,0.0016634318439948659,0.0025647100628151693,0.0015465717320120936,0,25,9.9999999999999998e-13
107,4,"DenseLayer( 7202,128 )","weights",17.777518126806296,0.028784040518715869,0.0016191505769244628,0.0016629100900396919,0.0025642461691704342,0.0015458474453128662,0,25,9.9999999999999998e-13
107,4,"DenseLayer( 7202,128 )","biases",0.085159260345065754,0.00073198288114377681,0.008593139630215069,0.0088505907057077338,0.013675239403219332,0.010054369710078248,0,25,9.9999999999999998e-13
107,6,"DenseLayer( 128,64 )","all",9.213318279106355,0.004924182089463448,0.00053446270504638605,0.00054915465710134029,0.00085915134724211121,0.00056295250982198153,0,25,9.9999999999999998e-13
107,6,"DenseLayer( 128,64 )","weights",9.2130100638501453,0.0048946953878105147,0.00053128001392161741,0.00054581618093541885,0.00085394746830405783,0.00055810860561784784,0,25,9.9999999999999998e-13
107,6,"DenseLayer( 128,64 )","biases",0.075360397735254769,0.00053091250481021785,0.0070503701835210085,0.0074226178673900368,0.011630538849754169,0.0090971690909913763,0,25,9.9999999999999998e-13
107,8,"DenseLayer( 64,1 )","all",1.2274005311373721,0.00050403066037575856,0.00041063397984679331,0.00043437849974728101,0.00071969336879544382,0.00042632802425797206,0,25,9.9999999999999998e-13
107,8,"DenseLayer( 64,1 )","weights",1.2273988698740337,0.00049844792101058763,0.00040608623094242095,0.00042934164571849725,0.00071096853436972444,0.00041756853209869881,0,25,9.9999999999999998e-13
107,8,"DenseLayer( 64,1 )","biases",0.0020172385545447467,6.9057364016771315e-05,0.03453069173577427,0.040652079762274723,0.080436247409991751,0.050823842577748558,0,25,9.9999999999999998e-13
108,0,"Conv2DLayer(1,8,5, stride=5, padding=0)","all",1.426846614180624,0.0011949013693208106,0.00083744325346401464,0.00097523846351784446,0.0018604053275197005,0.0011182944943521416,0,25,9.9999999999999998e-13
108,0,"Conv2DLayer(1,8,5, stride=5, padding=0)","weights",1.4248865215953248,0.0011558081801378273,0.00081115920334510041,0.00095374638727812428,0.0018352217804070018,0.0011064256452784688,0,25,9.9999999999999998e-13
108,0,"Conv2DLayer(1,8,5, stride=5, padding=0)","biases",0.074763825807294182,0.00027801088704212701,0.0037176760999248618,0.0039996477135495366,0.0061002478940703798,0.0032885689638723348,0,25,9.9999999999999998e-13
108,4,"DenseLayer( 7202,128 )","all",17.801194300105628,0.028148073833904275,0.0015813135905149581,0.0016386465393907826,0.0023652233798897027,0.0016184897993411103,0,25,9.9999999999999998e-13
108,4,"DenseLayer( 7202,128 )","weights",17.800986389398318,0.028135684335563592,0.0015806360069847284,0.0016379346936890346,0.0023641789690029493,0.0016177885788187978,0,25,9.9999999999999998e-13
108,4,"DenseLayer( 7202,128 )","biases",0.08603367301414612,0.00083344818472481886,0.0096947006259896946,0.010139461545550356,0.015539164214280608,0.0098960896004876495,0,25,9.9999999999999998e-13
108,6,"DenseLayer( 128,64 )","all",9.2147668046565396,0.0056055835612114271,0.00060832898845900171,0.00064158427175145354,0.0010500707243763733,0.00053396119121912279,0,25,9.9999999999999998e-13
108,6,"DenseLayer( 128,64 )","weights",9.2144570386244506,0.0055683572318260205,0.0006043094244778869,0.00063726065983240687,0.0010426646262910008,0.00053082810886816666,0,25,9.9999999999999998e-13
108,6,"DenseLayer( 128,64 )","biases",0.075555154859513751,0.00063612713631516597,0.0084208471527099024,0.0090933530191000048,0.015197591817910807,0.0070343908849759247,0,25,9.9999999999999998e-13
108,8,"DenseLayer( 64,1 )","all",1.2279227447608352,0.00058517101373245842,0.00047655578156756889,0.00051148128366903373,0.00087832279703511376,0.00038853013353828058,0,25,9.9999999999999998e-13
108,8,"DenseLayer( 64,1 )","weights",1.2279214228137272,0.00057609732532695735,0.00046916673982741773,0.00050304447565848451,0.00086155534762795915,0.0003841341890588112,0,25,9.9999999999999998e-13
108,8,"DenseLayer( 64,1 )","biases",0.0017957548657432198,9.7750904969871045e-05,0.0540771167316111,0.063019784532617154,0.12716762801793424,0.045952430187519044,0,25,9.9999999999999998e-13
109,0,"Conv2DLayer(1,8,5, stride=5, padding=0)","all",1.4268864633579135,0.00098656188612674398,0.00069141190073629096,0.00077574990972929011,0.0013715302873074341,0.00034378232204022673,0,25,9.9999999999999998e-13
109,0,"Conv2DLayer(1,8,5, stride=5, padding=0)","weights",1.4249317982671319,0.00095361596806880361,0.00066923974366873171,0.00075704258755355364,0.001338845833670953,0.00033877384791887742,0,25,9.9999999999999998e-13
109,0,"Conv2DLayer(1,8,5, stride=5, padding=0)","biases",0.074661359445005432,0.00022985458416919458,0.003078167187160872,0.0033227418556888975,0.0058316077451065918,0.0011703327533995388,0,25,9.9999999999999998e-13
109,4,"DenseLayer( 7202,128 )","all",17.823770609090726,0.024022699879794142,0.001347793097670167,0.0013707420688802668,0.0017201205736910874,0.0011578318428208741,0,25,9.9999999999999998e-13
109,4,"DenseLayer( 7202,128 )","weights",17.823555991355082,0.024013331502745077,0.0013472837041038025,0.001370222145522376,0.0017194956665536948,0.0011574718932706942,0,25,9.9999999999999998e-13
109,4,"DenseLayer( 7202,128 )","biases",0.087466758093673672,0.00066931913426652523,0.0076531227556382812,0.0078151516639582835,0.0096447616146170586,0.0059675857194824234,0,25,9.9999999999999998e-13
109,6,"DenseLayer( 128,64 )","all",9.2161647237049706,0.0046404614215495863,0.0005035132100351822,0.00051613330285778768,0.00069235585079580617,0.00032318619669642991,0,25,9.9999999999999998e-13
109,6,"DenseLayer( 128,64 )","weights",9.2158483278601793,0.004616604111083957,0.00050094176663553443,0.00051349967706049485,0.00068996514698670803,0.00032212951343702282,0,25,9.9999999999999998e-13
109,6,"DenseLayer( 128,64 )","biases",0.076365784682988685,0.00046169630912107167,0.0060464226641236424,0.0063062552831032901,0.009472416236353292,0.0031553728352274758,0,25,9.9999999999999998e-13
109,8,"DenseLayer( 64,1 )","all",1.2285511264763731,0.00044455910249937652,0.00036185237240534941,0.00037389565238478558,0.00055896280925351943,0.00030011545358695239,0,25,9.9999999999999998e-13
109,8,"DenseLayer( 64,1 )","weights",1.2285501476512075,0.0004414038876462615,0.00035928453664393185,0.00037108558909435734,0.00055145466525079515,0.00029984715858331228,0,25,9.9999999999999998e-13
109,8,"DenseLayer( 64,1 )","biases",0.0015489013073965907,4.6549197286367416e-05,0.030587034955188594,0.037620557030027667,0.078989930541657524,0.009840005463120631,0,25,9.9999999999999998e-13
110,0,"Conv2DLayer(1,8,5, stride=5, padding=0)","all",1.4268636305588653,0.00071553247722768842,0.00050146904125153674,0.00056465467907136808,0.0011460868675429174,0.00018015326466899024,0,25,9.9999999999999998e-13
110,0,"Conv2DLayer(1,8,5, stride=5, padding=0)","weights",1.4249081575194016,0.00069179172015731603,0.00048549530468772352,0.00055151798579699521,0.001135120758327097,0.00013088308219253019,0,25,9.9999999999999998e-13
110,0,"Conv2DLayer(1,8,5, stride=5, padding=0)","biases",0.074676216536729179,0.00016277718941550175,0.0021801072588668751,0.0023790439296379304,0.0037673707812618355,0.0023694319680866377,0,25,9.9999999999999998e-13
110,4,"DenseLayer( 7202,128 )","all",17.838741778888011,0.023725149928367269,0.0013300175025020547,0.001359026588271531,0.0021459685929401009,0.0009653799468293359,0,25,9.9999999999999998e-13
110,4,"DenseLayer( 7202,128 )","weights",17.838524743519024,0.023716040358600119,0.001329522988021219,0.001358522207827641,0.0021451900628884492,0.00096497065161852021,0,25,9.9999999999999998e-13
110,4,"DenseLayer( 7202,128 )","biases",0.087994872611163247,0.00065642927550741694,0.0074632013816825406,0.0076335732402995618,0.011932025102421567,0.0058071572827953803,0,25,9.9999999999999998e-13
110,6,"DenseLayer( 128,64 )","all",9.2171544618885015,0.0041072772491121297,0.00044561489104651949,0.00045409757301342906,0.00063014773276811209,0.00033753034494443733,0,25,9.9999999999999998e-13
110,6,"DenseLayer( 128,64 )","weights",9.2168315669804173,0.0040834911900142741,0.00044304973598463407,0.00045142822659112187,0.00062468355141096692,0.00033561143033017946,0,25,9.9999999999999998e-13
110,6,"DenseLayer( 128,64 )","biases",0.077149727901763013,0.00043628584082075191,0.0056599882298664942,0.005900810834778566,0.0099684816894441454,0.0043111956164726831,0,25,9.9999999999999998e-13
110,8,"DenseLayer( 64,1 )","all",1.2289231274541528,0.00038976532806052322,0.00031716671413600301,0.00033323482907977517,0.00052073054092765679,0.00023500825688441298,0,25,9.9999999999999998e-13
110,8,"DenseLayer( 64,1 )","weights",1.2289221742415433,0.00038618855572094521,0.00031425625721502403,0.00032990508581190486,0.00051201016405166963,0.00023485986650303908,0,25,9.9999999999999998e-13
110,8,"DenseLayer( 64,1 )","biases",0.001528831790201366,4.7843572683632371e-05,0.031304862299795996,0.037910417339140662,0.079525814979204718,0.0064228475990676503,0,25,9.9999999999999998e-13
111,0,"Conv2DLayer(1,8,5, stride=5, padding=0)","all",1.4268615822630717,0.00097263413119748137,0.00068165850174352848,0.00077284621663250099,0.0012942441400379627,0.00037385366413421865,0,25,9.9999999999999998e-13
111,0,"Conv2DLayer(1,8,5, stride=5, padding=0)","weights",1.4249246935268514,0.00093732507371904099,0.00065780601878698524,0.0007523399147699103,0.0012627733056826485,0.00035094137452396237,0,25,9.9999999999999998e-13
111,0,"Conv2DLayer(1,8,5, stride=5, padding=0)","biases",0.074320679548278409,0.00023811524295159437,0.0032028363172253629,0.0034754751178271027,0.0055664858058357605,0.0025058347050808828,0,25,9.9999999999999998e-13
111,4,"DenseLayer( 7202,128 )","all",17.854194456715561,0.027178417285179401,0.0015222174172728436,0.0015585092952824723,0.0021449948631797559,0.0016194888873673071,0,25,9.9999999999999998e-13
111,4,"DenseLayer( 7202,128 )","weights",17.853974438714136,0.027166937605922405,0.0015215932219073526,0.001557860029920995,0.0021442090263421323,0.0016188029006163852,0,25,9.9999999999999998e-13
111,4,"DenseLayer( 7202,128 )","biases",0.088635657829939901,0.000787623416695815,0.0088860559977340312,0.0091934315822097094,0.013152216316365905,0.0095865142489981268,0,25,9.9999999999999998e-13
111,6,"DenseLayer( 128,64 )","all",9.2183813721397847,0.0054661956095427844,0.00059296383686819156,0.0006199982123666969,0.00088840357544725816,0.00066026460504694758,0,25,9.9999999999999998e-13
111,6,"DenseLayer( 128,64 )","weights",9.2180538127482645,0.0054349654144707433,0.00058959704116103777,0.00061628721167482456,0.00088237189210882384,0.00065523215784464833,0,25,9.9999999999999998e-13
111,6,"DenseLayer( 128,64 )","biases",0.077710477336258521,0.0005724576688034684,0.0073605633457822627,0.0080458058604915544,0.014400990527840111,0.0095950391371301194,0,25,9.9999999999999998e-13
111,8,"DenseLayer( 64,1 )","all",1.2296962401944402,0.00051726549915348172,0.00042063510191834083,0.00045408785346580307,0.00074192362300270587,0.00053246909641449763,0,25,9.9999999999999998e-13
111,8,"DenseLayer( 64,1 )","weights",1.229695203330172,0.00050999502171005212,0.00041472352864468297,0.00044681169529909751,0.0007212692642904248,0.00052168713812537795,0,25,9.9999999999999998e-13
111,8,"DenseLayer( 64,1 )","biases",0.0015928217768669129,7.9643423669040209e-05,0.049807126797831711,0.062010355163435088,0.12552641178629265,0.085154874390806032,0,25,9.9999999999999998e-13
112,0,"Conv2DLayer(1,8,5, stride=5, padding=0)","all",1.4267773723626826,0.0010634052953117285,0.00074532155493889645,0.00083696214496710268,0.0015550178591766273,0.00077442596606594081,0,25,9.9999999999999998e-13
112,0,"Conv2DLayer(1,8,5, stride=5, padding=0)","weights",1.4248288003140182,0.001025147786284831,0.00071949061476088763,0.00081564806966914294,0.0014991390574623422,0.0007540723665151656,0,25,9.9999999999999998e-13
112,0,"Conv2DLayer(1,8,5, stride=5, padding=0)","biases",0.074541860565713741,0.0002502900849924281,0.0033555444259556122,0.0036796213364787183,0.0080262483891407575,0.0034597795780439843,0,25,9.9999999999999998e-13
112,4,"DenseLayer( 7202,128 )","all",17.869743393526406,0.033182719548955374,0.0018568906002673943,0.0019041294364136659,0.0026757526927725238,0.0021830354600117586,0,25,9.9999999999999998e-13
112,4,"DenseLayer( 7202,128 )","weights",17.869521809355419,0.033167599756366711,0.0018560675237492498,0.0019032715794489344,0.0026746330563950696,0.0021818985282802839,0,25,9.9999999999999998e-13
112,4,"DenseLayer( 7202,128 )","biases",0.088989376300186482,0.00099950115373233944,0.011230712883897195,0.011631771231536872,0.016420027520856719,0.01416942415075452,0,25,9.9999999999999998e-13
112,6,"DenseLayer( 128,64 )","all",9.220601189956998,0.0073377527648371688,0.00079579708354144958,0.00082601275022264344,0.0013015191428571947,0.00093255974766461871,0,25,9.9999999999999998e-13
112,6,"DenseLayer( 128,64 )","weights",9.2202652791916897,0.0072858096606801545,0.00079019249574273712,0.0008200046061690577,0.0012937741867645538,0.00092481948855261612,0,25,9.9999999999999998e-13
112,6,"DenseLayer( 128,64 )","biases",0.078704297422662065,0.0008593056387120561,0.010918634071840232,0.011681208969695177,0.018219161391816691,0.013973073387586929,0,25,9.9999999999999998e-13
112,8,"DenseLayer( 64,1 )","all",1.2303869574688369,0.00075065665669465031,0.0006100995284606045,0.00064558928883419106,0.0010226272026987188,0.00069351782466628214,0,25,9.9999999999999998e-13
112,8,"DenseLayer( 64,1 )","weights",1.2303860268220457,0.00073750189929812967,0.00059940821939841204,0.00063335434173935386,0.0010019061985849385,0.0006766108093968357,0,25,9.9999999999999998e-13
112,8,"DenseLayer( 64,1 )","biases",0.0015034369146451354,0.00013393352273851633,0.089729378329203566,0.10299706651487385,0.1955422105870116,0.13583080623279523,0,25,9.9999999999999998e-13
113,0,"Conv2DLayer(1,8,5, stride=5, padding=0)","all",1.4266676875493121,0.0018087922106995011,0.0012678378347793788,0.0013503316186050242,0.0021180885413167429,0.00087562465558613332,0,25,9.9999999999999998e-13
113,0,"Conv2DLayer(1,8,5, stride=5, padding=0)","weights",1.4246905536339469,0.0017485381211425882,0.0012273014594046583,0.0013119830334225003,0.0020714114001874253,0.00080020846487643244,0,25,9.9999999999999998e-13
113,0,"Conv2DLayer(1,8,5, stride=5, padding=0)","biases",0.075080995653205349,0.00044096590352809113,0.0058725446692908653,0.0062083318739421869,0.0096353266942008249,0.0066949421371925331,0,25,9.9999999999999998e-13
113,4,"DenseLayer( 7202,128 )","all",17.896243945138437,0.044932553928066513,0.0025107966915138666,0.0026260641772616611,0.0050192578027643707,0.0023888468882307763,0,25,9.9999999999999998e-13
113,4,"DenseLayer( 7202,128 )","weights",17.896014447048852,0.044917427139195304,0.0025099835798205643,0.0026252573230161652,0.0050184889373090505,0.0023878420521631538,0,25,9.9999999999999998e-13
113,4,"DenseLayer( 7202,128 )","biases",0.090628919842626748,0.0011436366638127031,0.012628230289902346,0.013136846923789029,0.0201359687234191,0.013902840788309582,0,25,9.9999999999999998e-13
113,6,"DenseLayer( 128,64 )","all",9.2224448897251996,0.0083271208866066062,0.00090292310805665176,0.0009462963077563329,0.0015845034994685537,0.00079656691414822117,0,25,9.9999999999999998e-13
113,6,"DenseLayer( 128,64 )","weights",9.2220960267572636,0.008273049206176341,0.00089709386897418532,0.00093997108344623067,0.0015743735231931091,0.00078829357843095344,0,25,9.9999999999999998e-13
113,6,"DenseLayer( 128,64 )","biases",0.080214308141333041,0.00093681554884744668,0.011692289476154555,0.012623269009507386,0.021609697944118496,0.013169774757092068,0,25,9.9999999999999998e-13
113,8,"DenseLayer( 64,1 )","all",1.2305784208482706,0.00079598656290240301,0.00064683248722933139,0.00069160232671847273,0.0011788409800633397,0.00061521210286577923,0,25,9.9999999999999998e-13
113,8,"DenseLayer( 64,1 )","weights",1.230577898984017,0.00078202117751409775,0.00063548405247182134,0.0006786836109273852,0.0011560769564496216,0.0005987049860736222,0,25,9.9999999999999998e-13
113,8,"DenseLayer( 64,1 )","biases",0.0011016079830005764,0.00014219886856153607,0.1316832242987247,0.14866259242056884,0.24290463941414078,0.16318934770011626,0,25,9.9999999999999998e-13
114,0,"Conv2DLayer(1,8,5, stride=5, padding=0)","all",1.4266695660253947,0.0013955348649253695,0.00097817971441516616,0.001067985281203075,0.0019944530307828235,0.00068935806192159204,0,25,9.9999999999999998e-13
114,0,"Conv2DLayer(1,8,5, stride=5, padding=0)","weights",1.4246303770258786,0.0013513065368613803,0.00094853237240769461,0.0010390934824484339,0.001965687629492572,0.00066322937402677449,0,25,9.9999999999999998e-13
114,0,"Conv2DLayer(1,8,5, stride=5, padding=0)","biases",0.076250981133272625,0.00033172005558766628,0.0043539750084259105,0.0047387425235015197,0.0094584092885075539,0.0035640873575782678,0,25,9.9999999999999998e-13
114,4,"DenseLayer( 7202,128 )","all",17.927322793571534,0.028840975503595295,0.0016089074806877818,0.001686316173674547,0.0030081847956989522,0.0014876818300164506,0,25,9.9999999999999998e-13
114,4,"DenseLayer( 7202,128 )","weights",17.927084764726033,0.028830143914895068,0.0016083245520877739,0.0016856898800817774,0.0030068419821425905,0.001487115455770037,0,25,9.9999999999999998e-13
114,4,"DenseLayer( 7202,128 )","biases",0.092380224584421661,0.00078800752169300235,0.0085391489566122199,0.0090978493715056057,0.017978548919442776,0.0081080227826251811,0,25,9.9999999999999998e-13
114,6,"DenseLayer( 128,64 )","all",9.2238786674426638,0.0056753885728479444,0.00061529802958599155,0.00064539586542465262,0.0010916296773700108,0.00058996725083893702,0,25,9.9999999999999998e-13
114,6,"DenseLayer( 128,64 )","weights",9.2235243415633796,0.0056446248531108797,0.00061198624934337669,0.00064186921871858197,0.0010821688628938496,0.00058740735817095575,0,25,9.9999999999999998e-13
114,6,"DenseLayer( 128,64 )","biases",0.080847430252604408,0.0005786405376417787,0.0071601789256377189,0.0077226351750527729,0.016514761876870933,0.0063156203629023879,0,25,9.9999999999999998e-13
114,8,"DenseLayer( 64,1 )","all",1.230670903270267,0.0005425223898991538,0.00044084168790014204,0.0004685628502594367,0.00087614715582711095,0.00042494987933414043,0,25,9.9999999999999998e-13
114,8,"DenseLayer( 64,1 )","weights",1.2306707404502808,0.00053672316920873331,0.00043612908730975095,0.00046320851462420577,0.00085836454361644182,0.00042195262689530879,0,25,9.9999999999999998e-13
114,8,"DenseLayer( 64,1 )","biases",0.00061559410300105811,7.3858262039721014e-05,0.11698428783646728,0.13196256835145123,0.24195202163547916,0.12646851650186994,0,25,9.9999999999999998e-13
115,0,"Conv2DLayer(1,8,5, stride=5, padding=0)","all",1.4266750526706011,0.00072428638072124781,0.00050767498905003041,0.00057289677330086143,0.0011386921894333748,0.00032736577475948121,0,25,9.9999999999999998e-13
115,0,"Conv2DLayer(1,8,5, stride=5, padding=0)","weights",1.4246197049666089,0.00068610151785567072,0.00048160330817664885,0.00054964158134856219,0.0011142051088197027,0.00029651388112454045,0,25,9.9999999999999998e-13
115,0,"Conv2DLayer(1,8,5, stride=5, padding=0)","biases",0.07655306212193258,0.00021160348566722753,0.0027645869856003672,0.0030617724923258619,0.0059524577645752785,0.0025929652817516242,0,25,9.9999999999999998e-13
115,4,"DenseLayer( 7202,128 )","all",17.947912410780173,0.021360068512349187,0.0011901172484974701,0.001210852209422656,0.0016390319179647663,0.0011963390859205945,0,25,9.9999999999999998e-13
115,4,"DenseLayer( 7202,128 )","weights",17.947666803037034,0.021351364998597359,0.0011896485852146159,0.0012103656209546583,0.001638256752903356,0.0011958759760937101,0,25,9.9999999999999998e-13
115,4,"DenseLayer( 7202,128 )","biases",0.093892040442049934,0.00060750602270492166,0.0064732327620510254,0.0066776454335065244,0.0099469982440591014,0.0064224848111847166,0,25,9.9999999999999998e-13
115,6,"DenseLayer( 128,64 )","all",9.2255523156294856,0.0041071736437958764,0.00044519512893754441,0.00046153157469506286,0.00073807138433297124,0.00041694577887760309,0,25,9.9999999999999998e-13
115,6,"DenseLayer( 128,64 )","weights",9.2251905366041687,0.0040816225766450243,0.00044244288629488029,0.00045858336144086518,0.00073039148683286617,0.00041376921178585348,0,25,9.9999999999999998e-13
115,6,"DenseLayer( 128,64 )","biases",0.081699421403390857,0.00045247338349873369,0.0055381429982067631,0.0058977416060042014,0.011912324671429666,0.0057749599601686595,0,25,9.9999999999999998e-13
115,8,"DenseLayer( 64,1 )","all",1.2313890282502133,0.00037908072869058537,0.00030784511477236409,0.00032950634374927928,0.00063261935455370222,0.00033417966511737447,0,25,9.9999999999999998e-13
115,8,"DenseLayer( 64,1 )","weights",1.2313889862310252,0.00037436369685740295,0.00030401463335552126,0.00032468706167628879,0.0006159441513738838,0.00032938845008545931,0,25,9.9999999999999998e-13
115,8,"DenseLayer( 64,1 )","biases",0.00029669868963537737,5.4504738945979627e-05,0.64563558048284597,2.162784575357164,10.680372802723173,10.680372802723173,0,25,9.9999999999999998e-13
116,0,"Conv2DLayer(1,8,5, stride=5, padding=0)","all",1.4266814235348551,0.0012873494660204598,0.00090234194367417155,0.00097949301221750685,0.00189437343371263,0.00077226819993636412,0,25,9.9999999999999998e-13
116,0,"Conv2DLayer(1,8,5, stride=5, padding=0)","weights",1.4246267181911603,0.0012595062051385169,0.00088409984703327236,0.00096094451524470338,0.0018611206405335396,0.00074307716640404612,0,25,9.9999999999999998e-13
116,0,"Conv2DLayer(1,8,5, stride=5, padding=0)","biases",0.076541156090869159,0.00025770302373454538,0.003366144878715041,0.0036632741389177417,0.0068213795999724431,0.0040012601309714789,0,25,9.9999999999999998e-13
116,4,"DenseLayer( 7202,128 )","all",17.962451372669808,0.03053735176177327,0.0017000388449391287,0.0017408372032002627,0.0023797117268170406,0.0016524916450279448,0,25,9.9999999999999998e-13
116,4,"DenseLayer( 7202,128 )","weights",17.962202621872599,0.030523847702979192,0.0016993105879323611,0.001740087003682387,0.0023785799202489131,0.0016518055122017364,0,25,9.9999999999999998e-13
116,4,"DenseLayer( 7202,128 )","biases",0.094531114843807981,0.00090735796291862138,0.0095999551783807358,0.009868494673114141,0.014171742381839098,0.0091843936114788249,0,25,9.9999999999999998e-13
116,6,"DenseLayer( 128,64 )","all",9.2272528497267352,0.0058299464680212909,0.00063181789107260222,0.00065203303629148034,0.00095021486579267411,0.00062415928869195966,0,25,9.9999999999999998e-13
116,6,"DenseLayer( 128,64 )","weights",9.2268857525249377,0.0057923058269296621,0.00062776353752460299,0.00064766187421909089,0.00094228636181052368,0.0006206333842598351,0,25,9.9999999999999998e-13
116,6,"DenseLayer( 128,64 )","biases",0.082305894462847695,0.0006530396488101277,0.0079376075992126597,0.0084822669864733635,0.013822680640066266,0.0073796509820371328,0,25,9.9999999999999998e-13
116,8,"DenseLayer( 64,1 )","all",1.2321570286129164,0.00058281911877753961,0.00047300622213435094,0.00050123803439772966,0.00081499893210158162,0.00057264279074540432,0,25,9.9999999999999998e-13
116,8,"DenseLayer( 64,1 )","weights",1.2321570081915061,0.00057576775853312545,0.00046728327994735727,0.00049457027795731521,0.00080093848757076735,0.00056782738259132757,0,25,9.9999999999999998e-13
116,8,"DenseLayer( 64,1 )","biases",0.00018911397455667611,8.6504496721317992e-05,0.83022773374122349,1.2397374730759527,3.4519265901863654,0.26957598790618426,0,25,9.9999999999999998e-13
117,0,"Conv2DLayer(1,8,5, stride=5, padding=0)","all",1.4266722798946532,0.00067485035986796264,0.00047302628283924414,0.00052522761170018266,0.00096385634879773681,0.00022349245006765878,0,25,9.9999999999999998e-13
117,0,"Conv2DLayer(1,8,5, stride=5, padding=0)","weights",1.4246337579880459,0.00064017074418119986,0.00044936061792584292,0.00050446844086912679,0.00094553405423230489,0.00013083965531762471,0,25,9.9999999999999998e-13
117,0,"Conv2DLayer(1,8,5, stride=5, padding=0)","biases",0.076239330605981551,0.0001857780317260297,0.0024361298931818965,0.0027799093892456731,0.0068063701958305219,0.0033958315097302456,0,25,9.9999999999999998e-13
117,4,"DenseLayer( 7202,128 )","all",17.987109747918133,0.023938111790613989,0.0013308975254491349,0.0013532171341933781,0.0018198169188903947,0.0012672527095047271,0,25,9.9999999999999998e-13
117,4,"DenseLayer( 7202,128 )","weights",17.986856526403876,0.02392895532730881,0.0013304071590558594,0.0013527146079983596,0.0018191394508363852,0.001266829236249385,0,25,9.9999999999999998e-13
117,4,"DenseLayer( 7202,128 )","biases",0.095441684719752132,0.00066121826139825101,0.006931927041728219,0.0070872480411506063,0.009822602655669652,0.0062765257556119695,0,25,9.9999999999999998e-13
117,6,"DenseLayer( 128,64 )","all",9.2290613100566006,0.0045966397808294519,0.00049806587618224114,0.00051495950037198045,0.00078562032446777427,0.00042624600367282514,0,25,9.9999999999999998e-13
117,6,"DenseLayer( 128,64 )","weights",9.2286871935994554,0.0045763143295782533,0.00049588360452640986,0.00051257874832838903,0.00078125383152317679,0.00042414154062524667,0,25,9.9999999999999998e-13
117,6,"DenseLayer( 128,64 )","biases",0.083098258337942238,0.00042748881719020148,0.0051457085114846746,0.0055202114575677906,0.011192889218113027,0.0047100415658466116,0,25,9.9999999999999998e-13
117,8,"DenseLayer( 64,1 )","all",1.2324786335361229,0.00037931594143014198,0.000307779576970559,0.00032672170453756043,0.00058332138531354109,0.00022197395758846117,0,25,9.9999999999999998e-13
117,8,"DenseLayer( 64,1 )","weights",1.232478536945677,0.00037622877113084954,0.00030527460176246605,0.00032383909206844935,0.00057216752087710929,0.00021972426527149799,0,25,9.9999999999999998e-13
117,8,"DenseLayer( 64,1 )","biases",0.00048015721491537986,4.1440333006903529e-05,0.094937158139676986,0.1347364667997403,0.47218204702791822,0.068505334335040136,0,25,9.9999999999999998e-13
118,0,"Conv2DLayer(1,8,5, stride=5, padding=0)","all",1.4266425455721909,0.00062805416821569828,0.00044023412353783601,0.0004704761425294012,0.00077889087774236703,0.00027956985144466225,0,25,9.9999999999999998e-13
118,0,"Conv2DLayer(1,8,5, stride=5, padding=0)","weights",1.4246145599130686,0.00059128183708947297,0.00041504944095749043,0.00044814803640780927,0.0007447514131026223,0.0002594861332765543,0,25,9.9999999999999998e-13
118,0,"Conv2DLayer(1,8,5, stride=5, padding=0)","biases",0.076041324965445647,0.00019237895810302367,0.002529740460323531,0.0027236690348884955,0.0043354496606657139,0.0019708801331485399,0,25,9.9999999999999998e-13
118,4,"DenseLayer( 7202,128 )","all",18.005159768200588,0.026091974233983999,0.0014491087072363426,0.0014971396893328057,0.0024122684123798689,0.0020219042804005462,0,25,9.9999999999999998e-13
118,4,"DenseLayer( 7202,128 )","weights",18.00490175407641,0.026081144378818977,0.0014485280039883452,0.0014965276702102177,0.0024111512029859664,0.0020209040911348935,0,25,9.9999999999999998e-13
118,4,"DenseLayer( 7202,128 )","biases",0.096390082753486497,0.00074988335628042358,0.0077795558840676442,0.0081346415687849217,0.01391478121816651,0.012039137135050341,0,25,9.9999999999999998e-13
118,6,"DenseLayer( 128,64 )","all",9.2304078205714983,0.0049986711725040853,0.000541541136740083,0.00055676537916612317,0.00083120887652863564,0.00078901421231177286,0,25,9.9999999999999998e-13
118,6,"DenseLayer( 128,64 )","weights",9.2300316779873981,0.0049706383958827349,0.00053852611220376689,0.00055362901848247394,0.00082586113466049012,0.00078459258406496011,0,25,9.9999999999999998e-13
118,6,"DenseLayer( 128,64 )","biases",0.083328921835219949,0.00052616753739150946,0.0063134326969016335,0.0065581621030440596,0.010432732563062876,0.0092612023687136686,0,25,9.9999999999999998e-13
118,8,"DenseLayer( 64,1 )","all",1.2331137808099797,0.00042195349020135312,0.00034217973780499897,0.00035143841062625162,0.00050897934247422921,0.00041425282401108538,0,25,9.9999999999999998e-13
118,8,"DenseLayer( 64,1 )","weights",1.2331137008772548,0.00041887475862684398,0.00033968306726656376,0.00034876330342044115,0.0005034679643533119,0.00041266969577747622,0,25,9.9999999999999998e-13
118,8,"DenseLayer( 64,1 )","biases",0.00043215749377850443,4.6189246932044624e-05,0.1147384633115492,0.13273067615738648,0.23414663424014806,0.20297716651208425,0,25,9.9999999999999998e-13
119,0,"Conv2DLayer(1,8,5, stride=5, padding=0)","all",1.4266182304259003,0.00096551478961554157,0.00067678814185117685,0.00077072316350672006,0.0016523373909199494,0.0007313651329367651,0,25,9.9999999999999998e-13
119,0,"Conv2DLayer(1,8,5, stride=5, padding=0)","weights",1.4245984535628973,0.00093443012175465376,0.00065592746106515258,0.00074674615030462764,0.0015709070328496894,0.00072502170882374477,0,25,9.9999999999999998e-13
119,0,"Conv2DLayer(1,8,5, stride=5, padding=0)","biases",0.075886760420733848,0.00022944242424846552,0.0030232440375695495,0.0036623781114045887,0.0097443183513944206,0.0019558831718866493,0,25,9.9999999999999998e-13
119,4,"DenseLayer( 7202,128 )","all",18.026460331858193,0.025606461398157108,0.0014205155714246851,0.0014596366325872379,0.0023327514629916416,0.0013272567635153217,0,25,9.9999999999999998e-13
119,4,"DenseLayer( 7202,128 )","weights",18.026202171416443,0.025595807627410462,0.0014199448722190342,0.00145903983351686,0.0023315944985771143,0.0013267956982347647,0,25,9.9999999999999998e-13
119,4,"DenseLayer( 7202,128 )","biases",0.096474099058010243,0.00073691151080630582,0.0076407036525586057,0.0079379434683055968,0.013927625951407865,0.0066228350913351752,0,25,9.9999999999999998e-13
119,6,"DenseLayer( 128,64 )","all",9.2313960636258408,0.0046971773746460775,0.00050882788517631799,0.00052493308840185929,0.00082710526253470357,0.00048681171236429491,0,25,9.9999999999999998e-13
119,6,"DenseLayer( 128,64 )","weights",9.2310123165234401,0.004672190265935728,0.0005061421322855187,0.00052216813119445042,0.00082208739094220753,0.0004845653328671246,0,25,9.9999999999999998e-13
119,6,"DenseLayer( 128,64 )","biases",0.08417094689831095,0.00048103011962061655,0.0057193600403660757,0.0059332640411609459,0.010082195198509496,0.0051143548382387308,0,25,9.9999999999999998e-13
119,8,"DenseLayer( 64,1 )","all",1.2337521086740495,0.00040603196018889677,0.00032910155851696525,0.00033697768054519937,0.00046670268428855078,0.00036432217504564604,0,25,9.9999999999999998e-13
119,8,"DenseLayer( 64,1 )","weights",1.2337520577385124,0.00040380670610868377,0.00032729789224796322,0.00033511883519985597,0.00046194054797646107,0.00036413362815677957,0,25,9.9999999999999998e-13
119,8,"DenseLayer( 64,1 )","biases",0.00034938277443870904,3.6046033492311836e-05,0.11039027626406547,0.14191288978864111,0.36894519614597643,0.042414627773457107,0,25,9.9999999999999998e-13
120,0,"Conv2DLayer(1,8,5, stride=5, padding=0)","all",1.426605971376856,0.001215009342014052,0.00085167503595911305,0.00098658919663973852,0.0022768923070962824,0.00035815569482768191,0,25,9.9999999999999998e-13
120,0,"Conv2DLayer(1,8,5, stride=5, padding=0)","weights",1.4246049004880283,0.0011662219368706961,0.0008186256256491768,0.00096057631859576152,0.0022546559765502846,0.00033596363982282736,0,25,9.9999999999999998e-13
120,0,"Conv2DLayer(1,8,5, stride=5, padding=0)","biases",0.075534338965313474,0.00031003264660888809,0.0041064187343363666,0.0043614890243410011,0.0067044461474892181,0.0023538667354218437,0,25,9.9999999999999998e-13
120,4,"DenseLayer( 7202,128 )","all",18.048523534822881,0.03006250373918179,0.0016656208333510586,0.0017186451765511719,0.0027450247718384664,0.0020392458295152172,0,25,9.9999999999999998e-13
120,4,"DenseLayer( 7202,128 )","weights",18.048262194526909,0.030049775101040312,0.001664939741223642,0.0017179289534406592,0.0027436241309932818,0.0020383767029433894,0,25,9.9999999999999998e-13
120,4,"DenseLayer( 7202,128 )","biases",0.097124696800998472,0.00087271854846825213,0.0089812656026720516,0.0093703323896213945,0.0164748347511211,0.011259356283671357,0,25,9.9999999999999998e-13
120,6,"DenseLayer( 128,64 )","all",9.2330218861147344,0.0063516473941116949,0.00068792293041156896,0.00072015011048963472,0.001281044324004429,0.00094327471820686737,0,25,9.9999999999999998e-13
120,6,"DenseLayer( 128,64 )","weights",9.2326324865878746,0.0063115238956587766,0.00068360620747582343,0.00071543162527905606,0.0012694350901390856,0.00093710371047264166,0,25,9.9999999999999998e-13
120,6,"DenseLayer( 128,64 )","biases",0.084795909106982564,0.00070104954829686974,0.0082609505136926921,0.0089766752744344109,0.018764348270791709,0.011766599865330461,0,25,9.9999999999999998e-13
120,8,"DenseLayer( 64,1 )","all",1.2343490028396014,0.00063422356533969417,0.0005138062567796415,0.00055136127302704715,0.0010865523094817347,0.00074880376707245919,0,25,9.9999999999999998e-13
120,8,"DenseLayer( 64,1 )","weights",1.2343489266629555,0.00062639948619427259,0.00050746805079534901,0.00054351096969089017,0.0010628486155880063,0.00073810813298517671,0,25,9.9999999999999998e-13
120,8,"DenseLayer( 64,1 )","biases",0.00041800839710049332,8.8701742934063082e-05,0.23392011142336835,0.32094590998646177,0.81120347703231954,0.25023136732709678,0,25,9.9999999999999998e-13
121,0,"Conv2DLayer(1,8,5, stride=5, padding=0)","all",1.4264696984339855,0.00077766270740746554,0.00054515987011313966,0.00061790761283630406,0.0014909193559284968,0.00039323507461856743,0,25,9.9999999999999998e-13
121,0,"Conv2DLayer(1,8,5, stride=5, padding=0)","weights",1.4244412801655661,0.00073082263639186944,0.00051305299660638168,0.00059341722242911435,0.0014598365489850815,0.00029510972408555264,0,25,9.9999999999999998e-13
121,0,"Conv2DLayer(1,8,5, stride=5, padding=0)","biases",0.076044751688434872,0.00023109463427812009,0.00304029672175209,0.0032877139060677554,0.0058759843719790794,0.0049004083949958947,0,25,9.9999999999999998e-13
121,4,"DenseLayer( 7202,128 )","all",18.063836093087072,0.034043210004212759,0.0018846560544994488,0.0019469828693913166,0.0026682977467092335,0.0019646328569181892,0,25,9.9999999999999998e-13
121,4,"DenseLayer( 7202,128 )","weights",18.063567480666215,0.034030062887527981,0.0018839562209098533,0.0019462456988255539,0.0026672072014492657,0.0019638201089981744,0,25,9.9999999999999998e-13
121,4,"DenseLayer( 7202,128 )","biases",0.098509191588698558,0.00094342603450675339,0.0095796579860441058,0.01002019671158064,0.01539257503114917,0.010499475285535366,0,25,9.9999999999999998e-13
121,6,"DenseLayer( 128,64 )","all",9.2348232877561429,0.0071454534268715151,0.00077375748081205621,0.00081026116323851759,0.0013012219353089889,0.0009335735964446062,0,25,9.9999999999999998e-13
121,6,"DenseLayer( 128,64 )","weights",9.2344224095707066,0.0070992879347081608,0.00076879167452706333,0.00080488786806503241,0.0012929774182144508,0.00092709708651261195,0,25,9.9999999999999998e-13
121,6,"DenseLayer( 128,64 )","biases",0.086043315244741556,0.0008051634468105236,0.0093673021686564942,0.010051268180512949,0.017233725102640467,0.011656796925662613,0,25,9.9999999999999998e-13
121,8,"DenseLayer( 64,1 )","all",1.2342841660857689,0.00070552607916327332,0.00057161095443642276,0.00061183775145633114,0.001038901046000632,0.00068461154911117342,0,25,9.9999999999999998e-13
121,8,"DenseLayer( 64,1 )","weights",1.2342841015210124,0.00069632066744153027,0.00056415286216027563,0.00060319587725774014,0.0010265618952930177,0.00067422908758926509,0,25,9.9999999999999998e-13
121,8,"DenseLayer( 64,1 )","biases",0.00036270362208597364,0.00010468376858625561,0.3301222259916517,0.39974772337378267,0.81349271806721568,0.75164270367153441,0,25,9.9999999999999998e-13
122,0,"Conv2DLayer(1,8,5, stride=5, padding=0)","all",1.4264052531895008,0.0012282205645941613,0.00086105643263918025,0.00095007953242261288,0.0015741195943605401,0.00070629013076455569,0,25,9.9999999999999998e-13
122,0,"Conv2DLayer(1,8,5, stride=5, padding=0)","weights",1.4243914987094524,0.0011361517520087599,0.00079763473810885862,0.00089667674481846082,0.0015661845400620413,0.00066564853935377152,0,25,9.9999999999999998e-13
122,0,"Conv2DLayer(1,8,5, stride=5, padding=0)","biases",0.075767344880067394,0.00041216522987848336,0.0054419996870882148,0.0059846691347577793,0.010688207373456925,0.0044879645005392469,0,25,9.9999999999999998e-13
122,4,"DenseLayer( 7202,128 )","all",18.083570416511613,0.03542762366118269,0.0019589659562816953,0.0020038036507186679,0.0027462554398561614,0.0020452580794312809,0,25,9.9999999999999998e-13
122,4,"DenseLayer( 7202,128 )","weights",18.083298405406097,0.035412642346033092,0.0019581670408033813,0.0020029826558041731,0.0027449222315968501,0.0020443945436912276,0,25,9.9999999999999998e-13
122,4,"DenseLayer( 7202,128 )","biases",0.099184744653917495,0.0010281320268395648,0.010361512080320694,0.010640182228008855,0.015887287775668023,0.011063961316109103,0,25,9.9999999999999998e-13
122,6,"DenseLayer( 128,64 )","all",9.2367036513316432,0.0067778362031019439,0.00073378916645229606,0.00075167495774241936,0.0010986395543890828,0.00063449077793266201,0,25,9.9999999999999998e-13
122,6,"DenseLayer( 128,64 )","weights",9.2362904183815431,0.0067345133535243523,0.00072913153369377119,0.00074688980442859235,0.0010935333556127439,0.00063004779941271106,0,25,9.9999999999999998e-13
122,6,"DenseLayer( 128,64 )","biases",0.087370221701631195,0.0007554061084800738,0.0086461973024379649,0.0089836647171881636,0.014323995866149008,0.0079241793399820529,0,25,9.9999999999999998e-13
122,8,"DenseLayer( 64,1 )","all",1.2345320265223443,0.00060879220032532689,0.00049312807335971155,0.0005126156910669206,0.00080706897619990735,0.00034046762651070909,0,25,9.9999999999999998e-13
122,8,"DenseLayer( 64,1 )","weights",1.2345319988860866,0.00060160046586146463,0.00048730259401695,0.00050607884932904338,0.00079068733050968211,0.00033476884681718489,0,25,9.9999999999999998e-13
122,8,"DenseLayer( 64,1 )","biases",0.00022620851086685434,8.4609520854428411e-05,6.8627265462266989,31.858626723572218,159.25683954054995,0.23498646763350498,0,25,9.9999999999999998e-13
123,0,"Conv2DLayer(1,8,5, stride=5, padding=0)","all",1.4263266114982509,0.00079018408184972045,0.00055399976210542662,0.00061506919877907034,0.0012309179394853664,0.00055856364482553746,0,25,9.9999999999999998e-13
123,0,"Conv2DLayer(1,8,5, stride=5, padding=0)","weights",1.4243084806972064,0.00074861421276901864,0.0005255991013008481,0.00059138774362944391,0.0012130219956377028,0.00053202850518836568,0,25,9.9999999999999998e-13
123,0,"Conv2DLayer(1,8,5, stride=5, padding=0)","biases",0.075848137543611416,0.00022761260898331891,0.0030006921044568938,0.0032327301195339787,0.0056642830796203416,0.0032483394163645542,0,25,9.9999999999999998e-13
123,4,"DenseLayer( 7202,128 )","all",18.109844374441373,0.028784794526558178,0.0015894765584290602,0.001616812030287359,0.0023083823423984875,0.0015290841435702121,0,25,9.9999999999999998e-13
123,4,"DenseLayer( 7202,128 )","weights",18.10956777250869,0.028773671892237371,0.0015888865908881826,0.0016162097755852377,0.0023075133148098949,0.0015284890860865251,0,25,9.9999999999999998e-13
123,4,"DenseLayer( 7202,128 )","biases",0.10008992671626435,0.00079919504777839934,0.0079927617420854479,0.0081619427461292644,0.012017126317931061,0.0078872773112670849,0,25,9.9999999999999998e-13
123,6,"DenseLayer( 128,64 )","all",9.2380645198821227,0.005372172160065824,0.00058152622352433063,0.00059727031852983197,0.00086008834228797656,0.00056176657796618088,0,25,9.9999999999999998e-13
123,6,"DenseLayer( 128,64 )","weights",9.2376416366965959,0.0053377432447074165,0.00057782580517520778,0.00059337974230568111,0.00085691556122468595,0.0005578226145878598,0,25,9.9999999999999998e-13
123,6,"DenseLayer( 128,64 )","biases",0.088390918682214228,0.00059857822450602781,0.0067769797805318629,0.0071484432886158022,0.011660825318178292,0.006972445538120077,0,25,9.9999999999999998e-13
123,8,"DenseLayer( 64,1 )","all",1.2347075172883424,0.00048843725622494641,0.00039558974547517856,0.00041300453803812487,0.00058735687210218239,0.00027718803458248872,0,25,9.9999999999999998e-13
123,8,"DenseLayer( 64,1 )","weights",1.2347075034976547,0.00048322429793431907,0.00039136767319778413,0.00040806885898304364,0.00057651285045447632,0.00027717957037481353,0,25,9.9999999999999998e-13
123,8,"DenseLayer( 64,1 )","biases",0.00015871214967773994,6.4375736037618474e-05,5.3244836932252788,24.274108949484866,121.33088445605966,0.14835421018673159,0,25,9.9999999999999998e-13
124,0,"Conv2DLayer(1,8,5, stride=5, padding=0)","all",1.4262970524003395,0.0011820101800895729,0.00082872202453234691,0.00090152669458995873,0.0018339811849675332,0.00054618491324901017,0,25,9.9999999999999998e-13
124,0,"Conv2DLayer(1,8,5, stride=5, padding=0)","weights",1.4242739600400824,0.0011156650851270873,0.00078331835462567396,0.00086323581242829192,0.0018215569738718284,0.00053066560936944568,0,25,9.9999999999999998e-13
124,0,"Conv2DLayer(1,8,5, stride=5, padding=0)","biases",0.075940435613417831,0.00034456072331453185,0.004539197243912778,0.0049617916501184418,0.0080695878497861404,0.0024782250292656829,0,25,9.9999999999999998e-13
124,4,"DenseLayer( 7202,128 )","all",18.130117229248761,0.03040926875473635,0.0016773212531125256,0.0016993119171148795,0.0022654185621250301,0.0013288648189200675,0,25,9.9999999999999998e-13
124,4,"DenseLayer( 7202,128 )","weights",18.129839185673497,0.030397219408598842,0.0016766823302530223,0.0016986632401892175,0.0022644483247540241,0.0013283564902160259,0,25,9.9999999999999998e-13
124,4,"DenseLayer( 7202,128 )","biases",0.10040631299060845,0.00085500397973928776,0.0085186713933864781,0.0086521710433830976,0.0123010677598885,0.0067558044424573596,0,25,9.9999999999999998e-13
124,6,"DenseLayer( 128,64 )","all",9.2395844538894742,0.0060251706004062142,0.00065210633777945573,0.00067274964699160205,0.0010821483607782636,0.0004542894049227065,0,25,9.9999999999999998e-13
124,6,"DenseLayer( 128,64 )","weights",9.2391571137958959,0.005990052341690426,0.00064833540674094831,0.00066880909783367391,0.0010755302247925627,0.00045130328151438403,0,25,9.9999999999999998e-13
124,6,"DenseLayer( 128,64 )","biases",0.088862647423488234,0.00064305642617140419,0.0072421572126245056,0.0076019397359787712,0.01339145984058689,0.0054151739321128094,0,25,9.9999999999999998e-13
124,8,"DenseLayer( 64,1 )","all",1.2352286893062505,0.00050614830355166004,0.00040976470557809645,0.00042733586371159442,0.00065645150007570291,0.00034248938669598575,0,25,9.9999999999999998e-13
124,8,"DenseLayer( 64,1 )","weights",1.2352286850638505,0.00050147199944188805,0.00040597878703244305,0.00042316312158128974,0.00064281456145372814,0.00033960256933011397,0,25,9.9999999999999998e-13
124,8,"DenseLayer( 64,1 )","biases",8.1566631051828155e-05,6.2080435673124153e-05,1.3156713877742059,1.8294286598016458,4.9531671619446991,0.51619709334594122,0,25,9.9999999999999998e-13
125,0,"Conv2DLayer(1,8,5, stride=5, padding=0)","all",1.4262820237276008,0.00066177893144403368,0.00046398963007917188,0.00052321905437630663,0.0011051615491578515,0.00051786480280644159,0,25,9.9999999999999998e-13
125,0,"Conv2DLayer(1,8,5, stride=5, padding=0)","weights",1.4242750862018769,0.00062900881042959606,0.00044163593995072452,0.00050441846945716018,0.0010976027883439923,0.00050163687810282859,0,25,9.9999999999999998e-13
125,0,"Conv2DLayer(1,8,5, stride=5, padding=0)","biases",0.075636265440849559,0.00018259375169358839,0.0024139299412056091,0.0026686997061145558,0.0055660635112809729,0.0024896467004160514,0,25,9.9999999999999998e-13
125,4,"DenseLayer( 7202,128 )","all",18.149233705121009,0.023948535340724861,0.0013195467112787195,0.0013476102183801017,0.001869977424429393,0.0010718724172827771,0,25,9.9999999999999998e-13
125,4,"DenseLayer( 7202,128 )","weights",18.148950628612457,0.023937776396937786,0.0013189744654287996,0.0013470196206696449,0.0018690773394037211,0.0010714246305108747,0,25,9.9999999999999998e-13
125,4,"DenseLayer( 7202,128 )","biases",0.10136606859464921,0.00071689441287477586,0.0070738619478759035,0.0072714672277357072,0.010602525654813176,0.0056194993024329077,0,25,9.9999999999999998e-13
125,6,"DenseLayer( 128,64 )","all",9.2403874504901449,0.0043625872556586074,0.00047212269347636661,0.00049154672331146198,0.00073888403220033711,0.00034659400376997677,0,25,9.9999999999999998e-13
125,6,"DenseLayer( 128,64 )","weights",9.239955892737429,0.0043312985462592157,0.00046875849601389836,0.00048791092272023598,0.00073440390308158522,0.00034428358459809717,0,25,9.9999999999999998e-13
125,6,"DenseLayer( 128,64 )","biases",0.089304346933328629,0.00051541757033791383,0.005771236444570625,0.0061927540521506197,0.0099275185674971012,0.0041288670226836393,0,25,9.9999999999999998e-13
125,8,"DenseLayer( 64,1 )","all",1.235801785331442,0.00043605122103495804,0.00035285419840523418,0.00037585935030901046,0.00062219765966748774,0.0002395396157804664,0,25,9.9999999999999998e-13
125,8,"DenseLayer( 64,1 )","weights",1.2358017803535666,0.00042934721599414608,0.00034742951038739273,0.00036966953064866492,0.0006149254453960228,0.00023641524273810275,0,25,9.9999999999999998e-13
125,8,"DenseLayer( 64,1 )","biases",9.3764874472981324e-05,7.319980650208891e-05,1.5309340145741819,2.3345240222624035,6.2991142116584617,0.59976219440195733,0,25,9.9999999999999998e-13
126,0,"Conv2DLayer(1,8,5, stride=5, padding=0)","all",1.4262639907690622,0.0011672937953000784,0.00081842763159594052,0.00091472286745147889,0.0017758746498286002,0.00056432156101628183,0,25,9.9999999999999998e-13
126,0,"Conv2DLayer(1,8,5, stride=5, padding=0)","weights",1.4242729497114066,0.0011350416833474525,0.00079692685971039727,0.00089411708644235159,0.0017368062318441216,0.00055840100389352302,0,25,9.9999999999999998e-13
126,0,"Conv2DLayer(1,8,5, stride=5, padding=0)","biases",0.075335987187400144,0.00025467057517492237,0.003381653855984611,0.00376527490498792,0.0072284338919239143,0.001638341647262414,0,25,9.9999999999999998e-13
126,4,"DenseLayer( 7202,128 )","all",18.173039889998172,0.034325499121339871,0.0018886988810057632,0.0019514242397832729,0.0028781391207696582,0.0020443790235380554,0,25,9.9999999999999998e-13
126,4,"DenseLayer( 7202,128 )","weights",18.172750100436588,0.03431052863275267,0.0018879052682898203,0.0019506036844217675,0.0028768378214155425,0.0020436282060853576,0,25,9.9999999999999998e-13
126,4,"DenseLayer( 7202,128 )","biases",0.10262762651998324,0.0010127203510913291,0.0098656362169490131,0.01020481533522566,0.01558396802841692,0.010016364235925043,0,25,9.9999999999999998e-13
126,6,"DenseLayer( 128,64 )","all",9.241684266580819,0.0062686500688406595,0.00067829570073795733,0.00070180332523274479,0.0011361631417898892,0.00082166120433561115,0,25,9.9999999999999998e-13
126,6,"DenseLayer( 128,64 )","weights",9.2412456533847749,0.0062377186980606854,0.00067498079961050383,0.00069866670165862998,0.0011341565892342622,0.00082072428911983354,0,25,9.9999999999999998e-13
126,6,"DenseLayer( 128,64 )","biases",0.090037381806890152,0.00059552607504326921,0.0066175765698236258,0.0068459103073455095,0.0094292770376527835,0.0040968850244435875,0,25,9.9999999999999998e-13
126,8,"DenseLayer( 64,1 )","all",1.2366692306497995,0.00054381082740369822,0.00043973439308179352,0.00044968452339983682,0.00064118027470625642,0.00031499075870429456,0,25,9.9999999999999998e-13
126,8,"DenseLayer( 64,1 )","weights",1.2366692270335669,0.00053803033319774511,0.00043506014058870075,0.00044485059227570737,0.0006365356364729062,0.00031359906883128157,0,25,9.9999999999999998e-13
126,8,"DenseLayer( 64,1 )","biases",7.3435721351415846e-05,7.3884288140106948e-05,3.7490477625791878,7.4436115852637892,27.784088202967578,0.415899819139396,0,25,9.9999999999999998e-13
127,0,"Conv2DLayer(1,8,5, stride=5, padding=0)","all",1.426313868820104,0.0018100398388310639,0.0012690371675089936,0.0013549890952677789,0.0020302593034311331,0.00055554306752300837,0,25,9.9999999999999998e-13
127,0,"Conv2DLayer(1,8,5, stride=5, padding=0)","weights",1.4242688151054128,0.0017611301493448029,0.0012365145437641402,0.0013253559108357623,0.0019539320927344211,0.00054328193499719171,0,25,9.9999999999999998e-13
127,0,"Conv2DLayer(1,8,5, stride=5, padding=0)","biases",0.076349172096780202,0.00038767572239754546,0.0050816656694268802,0.0054377766568721557,0.010604744741955946,0.0022005915101541429,0,25,9.9999999999999998e-13
127,4,"DenseLayer( 7202,128 )","all",18.19921326074742,0.035085606955299171,0.0019279038018596198,0.0019610986959104158,0.0027744748022832046,0.0014896677959247828,0,25,9.9999999999999998e-13
127,4,"DenseLayer( 7202,128 )","weights",18.198918171501905,0.035074623691665807,0.001927331506174458,0.0019605107727944347,0.0027735588589503824,0.0014891485510702741,0,25,9.9999999999999998e-13
127,4,"DenseLayer( 7202,128 )","biases",0.1036340239218882,0.00087297783743643935,0.0084273837098331351,0.0086639215574255413,0.01279238104549006,0.0070117690041031269,0,25,9.9999999999999998e-13
127,6,"DenseLayer( 128,64 )","all",9.2434671470782916,0.0069334223191746163,0.00075009265559468287,0.00077155129231833077,0.0011876465987318392,0.00075182978956339283,0,25,9.9999999999999998e-13
127,6,"DenseLayer( 128,64 )","weights",9.2430204192857026,0.0069013702720394712,0.00074666118371115471,0.00076808489995137204,0.0011835145367412303,0.00074730624760233272,0,25,9.9999999999999998e-13
127,6,"DenseLayer( 128,64 )","biases",0.090874609954952265,0.0006582612972119014,0.0072440704844624589,0.0074713645222147058,0.010728943268603306,0.0083431506022069932,0,25,9.9999999999999998e-13
127,8,"DenseLayer( 64,1 )","all",1.2371701627185696,0.00061738803744118575,0.0004990294122578713,0.00051718048363684098,0.00076051258088559058,0.00046760004695516999,0,25,9.9999999999999998e-13
127,8,"DenseLayer( 64,1 )","weights",1.2371701529977837,0.0006124865298263168,0.00049506735368538336,0.00051296720438603384,0.00075866619774227022,0.00045866119461329669,0,25,9.9999999999999998e-13
127,8,"DenseLayer( 64,1 )","biases",0.00013463356401189231,7.2010966250672935e-05,2.3533902799205695,7.64613296353048,37.540521085582661,0.8612723207324755,0,25,9.9999999999999998e-13
128,0,"Conv2DLayer(1,8,5, stride=5, padding=0)","all",1.426293545887068,0.0010819804653160133,0.00075859817366198939,0.00079773175475099161,0.0013294473395993578,0.00057286638328073777,0,25,9.9999999999999998e-13
128,0,"Conv2DLayer(1,8,5, stride=5, padding=0)","weights",1.4241419648596634,0.0010531259484986273,0.00073948300762202517,0.00077928198064792815,0.001314677095083072,0.00055428953548575927,0,25,9.9999999999999998e-13
128,0,"Conv2DLayer(1,8,5, stride=5, padding=0)","biases",0.078312310721720652,0.00022772832135492917,0.0029102776590846291,0.0032086662107393749,0.0073128297914650184,0.0026858763992082114,0,25,9.9999999999999998e-13
128,4,"DenseLayer( 7202,128 )","all",18.220968655955744,0.029170649166392424,0.0016009741361204047,0.0016316149849209182,0.0021818741418449176,0.0013284374315760134,0,25,9.9999999999999998e-13
128,4,"DenseLayer( 7202,128 )","weights",18.220665858372666,0.029160169827668947,0.0016004255765160607,0.0016310547252370033,0.0021811882208258356,0.0013280558322912002,0,25,9.9999999999999998e-13
128,4,"DenseLayer( 7202,128 )","biases",0.10504463063817999,0.00078031798930343994,0.0074298106335657218,0.0075951630625086938,0.0097179822427265472,0.005680441249969523,0,25,9.9999999999999998e-13
128,6,"DenseLayer( 128,64 )","all",9.2440405377560477,0.0055590350361418295,0.0006013665967159903,0.00061689302843863684,0.00090042801995064996,0.00040034733151240786,0,25,9.9999999999999998e-13
128,6,"DenseLayer( 128,64 )","weights",9.2435841950464823,0.0055257077058916354,0.00059779080872293395,0.00061318562084321715,0.0008929941511390076,0.0003983660304135207,0,25,9.9999999999999998e-13
128,6,"DenseLayer( 128,64 )","biases",0.091851354478849415,0.00059689547584155166,0.0064994369717144944,0.0068254747015447422,0.011638857421020362,0.0040174134640197697,0,25,9.9999999999999998e-13
128,8,"DenseLayer( 64,1 )","all",1.2369848292759642,0.00056430004703250897,0.00045620510494601477,0.00047645479735424937,0.0007748720889483796,0.00023359696321734012,0,25,9.9999999999999998e-13
128,8,"DenseLayer( 64,1 )","weights",1.2369848000282366,0.00055856238896923917,0.0004515665657147161,0.00047145731040756998,0.00076093091310260735,0.00023286995536730794,0,25,9.9999999999999998e-13
128,8,"DenseLayer( 64,1 )","biases",0.00024224318651249632,7.2138311807066203e-05,0.84153751072248828,2.0632766560390721,9.5526232025492241,0.11235018958130225,0,25,9.9999999999999998e-13
129,0,"Conv2DLayer(1,8,5, stride=5, padding=0)","all",1.4263044953233481,0.0011897588940337732,0.00083415912225462212,0.00089807758685684529,0.0014363671576308578,0.00040371113240794752,0,25,9.9999999999999998e-13
129,0,"Conv2DLayer(1,8,5, stride=5, padding=0)","weights",1.4241294641134623,0.0011367548527771885,0.00079821330596981717,0.00086728814389095907,0.0014004432868701326,0.00037886415639524183,0,25,9.9999999999999998e-13
129,0,"Conv2DLayer(1,8,5, stride=5, padding=0)","biases",0.078738238463692392,0.00032143451388409093,0.0040803486929164622,0.0043070816638614154,0.0074569212270860444,0.002551372201964006,0,25,9.9999999999999998e-13
129,4,"DenseLayer( 7202,128 )","all",18.244832209609111,0.033930745205521938,0.0018597934996819074,0.0019063280246004496,0.0028391593367821277,0.0018850102087364293,0,25,9.9999999999999998e-13
129,4,"DenseLayer( 7202,128 )","weights",18.244527189922813,0.03391744782905344,0.0018590957320623275,0.0019056124038032238,0.0028380256066204337,0.0018841993267358246,0,25,9.9999999999999998e-13
129,4,"DenseLayer( 7202,128 )","biases",0.10549783964401467,0.00094746606503026524,0.0089843978391684117,0.0092376860035159481,0.014265662980118448,0.009718618713987312,0,25,9.9999999999999998e-13
129,6,"DenseLayer( 128,64 )","all",9.2448813601713233,0.0064861878278566548,0.0007015997871676554,0.0007292584867743309,0.001280165517509594,0.00086429958802093686,0,25,9.9999999999999998e-13
129,6,"DenseLayer( 128,64 )","weights",9.2444194716919785,0.0064381172274325131,0.00069643485711753386,0.00072371680899608899,0.0012691545320957169,0.00085726528292271321,0,25,9.9999999999999998e-13
129,6,"DenseLayer( 128,64 )","biases",0.092411745776294782,0.00077997707476824797,0.0084423411471738347,0.0090106368153723831,0.016820201800422215,0.010995711048596772,0,25,9.9999999999999998e-13
129,8,"DenseLayer( 64,1 )","all",1.2373606058023405,0.00069371616574203201,0.00056065217728635804,0.00059279970300420376,0.0010673891169213168,0.00072537254482593193,0,25,9.9999999999999998e-13
129,8,"DenseLayer( 64,1 )","weights",1.2373605810359449,0.00068299019585206164,0.00055198363261070625,0.00058292356730557887,0.0010463271835864029,0.00071254035847636036,0,25,9.9999999999999998e-13
129,8,"DenseLayer( 64,1 )","biases",0.00020424332586117089,0.0001155523007037118,6.7700109224053042,28.045670836793647,139.63784787887604,0.68236076722111783,0,25,9.9999999999999998e-13
130,0,"Conv2DLayer(1,8,5, stride=5, padding=0)","all",1.4262460721866763,0.0012550438589850653,0.00087996563784700907,0.00096017406978397618,0.0017698652513780284,0.00043681985509759182,0,25,9.9999999999999998e-13
130,0,"Conv2DLayer(1,8,5, stride=5, padding=0)","weights",1.4240579659462389,0.0012177962358126983,0.0008551621202738212,0.00094036128180917638,0.0017525210428154822,0.00042787710619512735,0,25,9.9999999999999998e-13
130,0,"Conv2DLayer(1,8,5, stride=5, padding=0)","biases",0.078973069806815871,0.0002678893270653429,0.0033918130503617669,0.0036280539783537084,0.0064493331449709005,0.0016491036367500111,0,25,9.9999999999999998e-13
130,4,"DenseLayer( 7202,128 )","all",18.266193762954458,0.032657009056138588,0.001787823352424094,0.0018136047616404225,0.0023348716309696117,0.0011710346039479507,0,25,9.9999999999999998e-13
130,4,"DenseLayer( 7202,128 )","weights",18.265882694724176,0.032643577323805233,0.001787118447366564,0.0018128832620702381,0.0023338730400190386,0.0011706413709071412,0,25,9.9999999999999998e-13
130,4,"DenseLayer( 7202,128 )","biases",0.10660055652238164,0.00093449458732940561,0.0087688397032402738,0.0089549904599017151,0.011997879095568282,0.0052907987538534963,0,25,9.9999999999999998e-13
130,6,"DenseLayer( 128,64 )","all",9.2462358417464277,0.0065956315465881977,0.00071333174730549428,0.00073138409538371987,0.0011312075326153411,0.00052105504741806392,0,25,9.9999999999999998e-13
130,6,"DenseLayer( 128,64 )","weights",9.2457604378953526,0.0065524577224677248,0.00070869885034792837,0.00072658318586463775,0.0011212364345044186,0.00051784581692207834,0,25,9.9999999999999998e-13
130,6,"DenseLayer( 128,64 )","biases",0.093760584994561483,0.00073921529352433753,0.0078839558785130607,0.0082822368828137528,0.014835176261970345,0.0057050005219432577,0,25,9.9999999999999998e-13
130,8,"DenseLayer( 64,1 )","all",1.2377938249832212,0.0006909039885938539,0.00055818304419755519,0.0005788534887643795,0.00099183470585589026,0.00036517118692600941,0,25,9.9999999999999998e-13
130,8,"DenseLayer( 64,1 )","weights",1.2377937885651309,0.0006829382341994681,0.00055174754427506133,0.00057169757561429323,0.00097317247955293373,0.00036163712334718836,0,25,9.9999999999999998e-13
130,8,"DenseLayer( 64,1 )","biases",0.00026888140608207324,9.6871942805591967e-05,0.51765356976185728,0.72151515256726673,2.1034883506991955,0.16332194938242167,0,25,9.9999999999999998e-13
131,0,"Conv2DLayer(1,8,5, stride=5, padding=0)","all",1.426263050612341,0.00079320196687844569,0.00055614403970820651,0.00062060373469450907,0.0011003702675246958,0.00027365808886049733,0,25,9.9999999999999998e-13
131,0,"Conv2DLayer(1,8,5, stride=5, padding=0)","weights",1.4240836698896813,0.00076835520255767015,0.00053954766381474094,0.00060455303317381273,0.0010845064392830852,0.00026837444556186859,0,25,9.9999999999999998e-13
131,0,"Conv2DLayer(1,8,5, stride=5, padding=0)","biases",0.078816121583370882,0.00018587989779297192,0.0023579154759201474,0.0026074902840718143,0.0050857827956398037,0.0010051571649669448,0,25,9.9999999999999998e-13
131,4,"DenseLayer( 7202,128 )","all",18.290158550443063,0.024411666108573878,0.0013346709880542426,0.0013734793528424806,0.0020269379555350165,0.0009394221399356144,0,25,9.9999999999999998e-13
131,4,"DenseLayer( 7202,128 )","weights",18.289846354024313,0.024401988018007893,0.0013341646311288171,0.001372947200813245,0.0020260649158607342,0.00093910374782983197,0,25,9.9999999999999998e-13
131,4,"DenseLayer( 7202,128 )","biases",0.10686428904381547,0.00068538881760830191,0.0064144117224076841,0.0066874552992765958,0.010427649906089805,0.0042615206688442374,0,25,9.9999999999999998e-13
131,6,"DenseLayer( 128,64 )","all",9.2478315659562504,0.0047292627941754621,0.00051138778824931042,0.00053583723497215669,0.0009137756609670552,0.00030434990594419128,0,25,9.9999999999999998e-13
131,6,"DenseLayer( 128,64 )","weights",9.2473522402768058,0.0047004263963485249,0.0005082960294387766,0.00053244503883955656,0.0009066255912173266,0.00030260236339513203,0,25,9.9999999999999998e-13
131,6,"DenseLayer( 128,64 )","biases",0.094154819088077088,0.0005157174682553071,0.0054745227276604283,0.0059306908387559629,0.011236158393094529,0.0031921453418957448,0,25,9.9999999999999998e-13
131,8,"DenseLayer( 64,1 )","all",1.2384267664406199,0.00046022865410501128,0.00037161166279266726,0.00040455685767192294,0.00070805595039314599,0.00012020020929087502,0,25,9.9999999999999998e-13
131,8,"DenseLayer( 64,1 )","weights",1.2384266494750571,0.00045487176893876387,0.00036728662525612534,0.0003990645159787334,0.00069351815631579761,0.00012015127340747648,0,25,9.9999999999999998e-13
131,8,"DenseLayer( 64,1 )","biases",0.00052699460997246211,6.2916280003264544e-05,0.11942169661390999,0.15520443972039119,0.38266466957410583,0.0056820967645280262,0,25,9.9999999999999998e-13
132,0,"Conv2DLayer(1,8,5, stride=5, padding=0)","all",1.4262206518267961,0.0014162387398207392,0.0009930001726266304,0.001098673763179771,0.0020639348273535133,0.0008643285085748484,0,25,9.9999999999999998e-13
132,0,"Conv2DLayer(1,8,5, stride=5, padding=0)","weights",1.4240446936945415,0.0013682051227020238,0.00096078721654220859,0.0010718356778764504,0.0020317252748355235,0.00084182303907809396,0,25,9.9999999999999998e-13
132,0,"Conv2DLayer(1,8,5, stride=5, padding=0)","biases",0.078752782450977568,0.00032635205862726756,0.0041417743548655978,0.0044960230849964986,0.0095429397510469402,0.0036373661541516424,0,25,9.9999999999999998e-13
132,4,"DenseLayer( 7202,128 )","all",18.316547542842169,0.035464590265758489,0.0019363494653922056,0.002005662926923332,0.003660568215200305,0.001559338394280053,0,25,9.9999999999999998e-13
132,4,"DenseLayer( 7202,128 )","weights",18.316227273457898,0.03544961999111506,0.0019355658617140972,0.0020048381094534278,0.0036587563334298913,0.0015587639479656427,0,25,9.9999999999999998e-13
132,4,"DenseLayer( 7202,128 )","biases",0.1083122880793547,0.0010281620101696839,0.009504673096037336,0.0099561341706022998,0.020008811990431002,0.0072641663955888168,0,25,9.9999999999999998e-13
132,6,"DenseLayer( 128,64 )","all",9.2501041134538671,0.0070684455622254368,0.0007641528369959755,0.0008105254304841907,0.0016400416549269862,0.00065246512075601074,0,25,9.9999999999999998e-13
132,6,"DenseLayer( 128,64 )","weights",9.2496100794693508,0.0070194426826171918,0.00075889570204858712,0.00080487309481975665,0.0016257206201890581,0.00064823284916367481,0,25,9.9999999999999998e-13
132,6,"DenseLayer( 128,64 )","biases",0.095598899357130881,0.00082259953561161206,0.0086144061867985625,0.0093047573059898362,0.021163688857645684,0.0071428217081743964,0,25,9.9999999999999998e-13
132,8,"DenseLayer( 64,1 )","all",1.2390551597432435,0.00071502929803405669,0.00057707974158540689,0.00061542364388698727,0.001266266156542534,0.00046094866139555104,0,25,9.9999999999999998e-13
132,8,"DenseLayer( 64,1 )","weights",1.2390549155287436,0.00070455525041868345,0.00056862656116131872,0.00060598433398086082,0.001239536872604696,0.000452328696534068,0,25,9.9999999999999998e-13
132,8,"DenseLayer( 64,1 )","biases",0.00075630361447110773,0.00011742679867893458,0.1712646714899965,0.21403291759185178,0.62972143279333392,0.15801403949857451,0,25,9.9999999999999998e-13
133,0,"Conv2DLayer(1,8,5, stride=5, padding=0)","all",1.4262061317119166,0.00086976272140240531,0.00060984433175841947,0.00073486893705875672,0.0017992656537521635,0.0008097058669057106,0,25,9.9999999999999998e-13
133,0,"Conv2DLayer(1,8,5, stride=5, padding=0)","weights",1.4240047999038041,0.00084507000976879326,0.00059344656113691891,0.00072004599790714157,0.0017799092719048442,0.00079149942841428699,0,25,9.9999999999999998e-13
133,0,"Conv2DLayer(1,8,5, stride=5, padding=0)","biases",0.079210129491821449,0.0001925492702717603,0.0024312876920813574,0.0027415387560402642,0.0056517821210145657,0.0031707217501581418,0,25,9.9999999999999998e-13
133,4,"DenseLayer( 7202,128 )","all",18.337025400302725,0.028623614930906746,0.0015610715198635214,0.0016368273884357115,0.0028191980792616669,0.0012350260871673946,0,25,9.9999999999999998e-13
133,4,"DenseLayer( 7202,128 )","weights",18.336698101367414,0.028612154687343318,0.0015604742933303373,0.0016361859982512929,0.0028180618972630861,0.0012345418644961975,0,25,9.9999999999999998e-13
133,4,"DenseLayer( 7202,128 )","biases",0.10955814802077096,0.00080763266252162997,0.0073802155639176303,0.0078568851032349216,0.013695448132756072,0.0059114878034323137,0,25,9.9999999999999998e-13
133,6,"DenseLayer( 128,64 )","all",9.2519209451634534,0.005653120979168598,0.00061103245616767748,0.00065476945425408859,0.001121939860679056,0.00045538526892064746,0,25,9.9999999999999998e-13
133,6,"DenseLayer( 128,64 )","weights",9.2514103054792614,0.005611636304321121,0.0006065818141371851,0.00064969006424015418,0.001111193680043043,0.0004534864132684845,0,25,9.9999999999999998e-13
133,6,"DenseLayer( 128,64 )","biases",0.097201534485858804,0.00067772311979153463,0.0069861134207312384,0.0078027923953941716,0.014965501141860786,0.0039690439150737254,0,25,9.9999999999999998e-13
133,8,"DenseLayer( 64,1 )","all",1.2394509398088198,0.00059676192571444001,0.00048149205375769949,0.00053232858189168489,0.00098589515077927717,0.0002820373863452118,0,25,9.9999999999999998e-13
133,8,"DenseLayer( 64,1 )","weights",1.2394506273674117,0.00058882046479911303,0.00047508452473013176,0.00052420182407137404,0.00096741882340372362,0.00028202105024377038,0,25,9.9999999999999998e-13
133,8,"DenseLayer( 64,1 )","biases",0.00086738485842943194,9.1504370793700225e-05,0.10377225547545217,0.12922980082597565,0.27803035035622803,0.0045383654596500038,0,25,9.9999999999999998e-13
134,0,"Conv2DLayer(1,8,5, stride=5, padding=0)","all",1.4261802166738473,0.0010506211247448122,0.00073667013285865055,0.00079438215046779062,0.0016521580406650832,0.00067629105662533569,0,25,9.9999999999999998e-13
134,0,"Conv2DLayer(1,8,5, stride=5, padding=0)","weights",1.4239863876436258,0.0010152700510760806,0.00071298017132737665,0.00077391948499187303,0.00163940558948848,0.00065157440972423548,0,25,9.9999999999999998e-13
134,0,"Conv2DLayer(1,8,5, stride=5, padding=0)","biases",0.079074401110863016,0.00024168743884527862,0.0030573479491522392,0.0033246924742421778,0.0063541392199459729,0.0033387664921706011,0,25,9.9999999999999998e-13
134,4,"DenseLayer( 7202,128 )","all",18.35854876145282,0.02768435023565001,0.0015079282567474026,0.0015434700791931329,0.0022885729805241476,0.0017447077033034592,0,25,9.9999999999999998e-13
134,4,"DenseLayer( 7202,128 )","weights",18.358217234744952,0.027673516851064346,0.0015073654094329527,0.0015428925624414033,0.0022877708504342857,0.0017440549400422991,0,25,9.9999999999999998e-13
134,4,"DenseLayer( 7202,128 )","biases",0.11032849519640146,0.00077329711043068222,0.0070071015829952605,0.0071890179986255657,0.01030778729220715,0.0081059222607671056,0,25,9.9999999999999998e-13
134,6,"DenseLayer( 128,64 )","all",9.2538693694560568,0.005274953529732342,0.00057002296469767211,0.00059765518139601713,0.0010354551252971455,0.00063473512771408365,0,25,9.9999999999999998e-13
134,6,"DenseLayer( 128,64 )","weights",9.2533493845806998,0.0052404011655953009,0.0005663210478396417,0.00059370378970291992,0.0010313879019312148,0.0006308740337245928,0,25,9.9999999999999998e-13
134,6,"DenseLayer( 128,64 )","biases",0.098098660132866958,0.0005953230605833526,0.006064349006205387,0.0064906899266750822,0.011010245152391851,0.0066070235847025382,0,25,9.9999999999999998e-13
134,8,"DenseLayer( 64,1 )","all",1.2400878603915835,0.00053725621722106954,0.00043323063409980012,0.00045787219771317776,0.00075571726686722996,0.00045668731041207891,0,25,9.9999999999999998e-13
134,8,"DenseLayer( 64,1 )","weights",1.240087525573198,0.00053064413412201345,0.0004278991447315002,0.00045160828660045457,0.00074783126908423831,0.00044925568646006405,0,25,9.9999999999999998e-13
134,8,"DenseLayer( 64,1 )","biases",0.00090464059030637145,7.7857738360762597e-05,0.085840087401093543,0.10245640243685776,0.19256724021500507,0.11755167130803151,0,25,9.9999999999999998e-13
135,0,"Conv2DLayer(1,8,5, stride=5, padding=0)","all",1.4261678982599295,0.0010627955862837718,0.00074521098047342603,0.00079550042459170759,0.0013536790031034554,0.0012988679752460076,0,25,9.9999999999999998e-13
135,0,"Conv2DLayer(1,8,5, stride=5, padding=0)","weights",1.4239610059695367,0.0010103251736047953,0.00070951761337243856,0.00076327316485672514,0.0013225373071659207,0.0012753465048591492,0,25,9.9999999999999998e-13
135,0,"Conv2DLayer(1,8,5, stride=5, padding=0)","biases",0.079308662504512947,0.00031482661804626801,0.0039701314067973649,0.0041029688452130534,0.0054572120745171133,0.0045848076550547862,0,25,9.9999999999999998e-13
135,4,"DenseLayer( 7202,128 )","all",18.381748111853895,0.030229693759294438,0.001644606910637493,0.0016664535274670967,0.0022815153573042071,0.0020408223854839177,0,25,9.9999999999999998e-13
135,4,"DenseLayer( 7202,128 )","weights",18.38141118451518,0.030218712240593467,0.0016440395731752823,0.0016658766702316692,0.0022805796363136168,0.0020401487445879563,0,25,9.9999999999999998e-13
135,4,"DenseLayer( 7202,128 )","biases",0.11129322498870277,0.00081353503902832972,0.0073147225973817847,0.0074393927773936698,0.011130480560381302,0.0088446766499115578,0,25,9.9999999999999998e-13
135,6,"DenseLayer( 128,64 )","all",9.2553073618073363,0.0055840738346993914,0.00060333947719892257,0.00061606450470778049,0.00093957918431639815,0.000768825125706039,0,25,9.9999999999999998e-13
135,6,"DenseLayer( 128,64 )","weights",9.2547783507161974,0.005552127026734373,0.00059992197952002,0.00061253588668823671,0.00093069111680663509,0.00076643466637037791,0,25,9.9999999999999998e-13
135,6,"DenseLayer( 128,64 )","biases",0.098953431800299432,0.00059003881941272851,0.0059671674514031317,0.0061983559476181021,0.012190608519280829,0.005681628469027645,0,25,9.9999999999999998e-13
135,8,"DenseLayer( 64,1 )","all",1.2407507827342363,0.00051284535542335606,0.00041333690198833492,0.00042892705637761152,0.00076209864291425916,0.000553668716184744,0,25,9.9999999999999998e-13
135,8,"DenseLayer( 64,1 )","weights",1.2407504465511892,0.00050767876303771831,0.00040917274789364748,0.00042429338541679517,0.00074610665953993109,0.00055247288412741443,0,25,9.9999999999999998e-13
135,8,"DenseLayer( 64,1 )","biases",0.00090846994193270801,6.792579311877489e-05,0.076603479439826275,0.089117378314395715,0.2264912473621721,0.045161986142977256,0,25,9.9999999999999998e-13
136,0,"Conv2DLayer(1,8,5, stride=5, padding=0)","all",1.4261825410334579,0.0022054347593732362,0.0015463894190926592,0.0016580637422687497,0.0024672167192299681,0.0017916624784360998,0,25,9.9999999999999998e-13
136,0,"Conv2DLayer(1,8,5, stride=5, padding=0)","weights",1.4239358663210062,0.0021625563681756305,0.0015187225567617735,0.0016317125849777988,0.0024250564116050067,0.0017543125372014407,0,25,9.9999999999999998e-13
136,0,"Conv2DLayer(1,8,5, stride=5, padding=0)","biases",0.080018753914522622,0.00041686935133202212,0.0052040149947188601,0.0054852285891889875,0.008936716136414901,0.0066269324872035608,0,25,9.9999999999999998e-13
136,4,"DenseLayer( 7202,128 )","all",18.40024483966118,0.061534431607220726,0.0033437735706884518,0.0036395971171261855,0.0064714486392848988,0.0035782092590586814,0,25,9.9999999999999998e-13
136,4,"DenseLayer( 7202,128 )","weights",18.399901712333701,0.061522703741430804,0.0033431987438767258,0.0036391372909619314,0.0064712794143116873,0.0035780687246056899,0,25,9.9999999999999998e-13
136,4,"DenseLayer( 7202,128 )","biases",0.11236845302574448,0.0011197245712319382,0.0099636543671246004,0.010150375953245732,0.015664042943760791,0.0062778206074937592,0,25,9.9999999999999998e-13
136,6,"DenseLayer( 128,64 )","all",9.2569920676140516,0.0073305880681167881,0.0007918979156990208,0.00080917547634609622,0.0010709662395594758,0.00042596182036124219,0,25,9.9999999999999998e-13
136,6,"DenseLayer( 128,64 )","weights",9.2564561345978245,0.007289717698019154,0.00078752842956044918,0.00080471622792463286,0.0010673567252549492,0.00042350464513197947,0,25,9.9999999999999998e-13
136,6,"DenseLayer( 128,64 )","biases",0.099608504215477178,0.00076385793425200177,0.0076686056651943807,0.0079234431549626578,0.011585369719350029,0.0042440397838482639,0,25,9.9999999999999998e-13
136,8,"DenseLayer( 64,1 )","all",1.241595827198807,0.00070455951042294545,0.00056745358666865375,0.00058775993708625655,0.00085208195546758307,0.00022752755088231008,0,25,9.9999999999999998e-13
136,8,"DenseLayer( 64,1 )","weights",1.241595475111624,0.00069805440616869127,0.00056221462939511795,0.00058211265493360884,0.00084266730638144546,0.00022645392571787364,0,25,9.9999999999999998e-13
136,8,"DenseLayer( 64,1 )","biases",0.00092858801828697322,8.7630287744104856e-05,0.096292803332002949,0.11121443741652641,0.19451832616868517,0.025142635778273532,0,25,9.9999999999999998e-13
137,0,"Conv2DLayer(1,8,5, stride=5, padding=0)","all",1.4263011575567288,0.0011937187154761784,0.00083693819614403945,0.00095197228724037194,0.0022743551896699439,0.00052910695646491551,0,25,9.9999999999999998e-13
137,0,"Conv2DLayer(1,8,5, stride=5, padding=0)","weights",1.4238958470558589,0.00113429971916089,0.00079661521301573643,0.00092132735879099789,0.0022724775145522192,0.00050334931758649361,0,25,9.9999999999999998e-13
137,0,"Conv2DLayer(1,8,5, stride=5, padding=0)","biases",0.082794506586425301,0.00033145095616257263,0.0040120135949012186,0.0042466970218498264,0.0065553441417226565,0.0028230897410869236,0,25,9.9999999999999998e-13
137,4,"DenseLayer( 7202,128 )","all",18.439357661958866,0.041612005056703892,0.0022569421818962238,0.0023188169123730187,0.0033552559570284636,0.0021423252476849186,0,25,9.9999999999999998e-13
137,4,"DenseLayer( 7202,128 )","weights",18.439007338150716,0.041602741319688649,0.0022564827491212982,0.0023183665437029721,0.0033544858501901517,0.0021413896881578216,0,25,9.9999999999999998e-13
137,4,"DenseLayer( 7202,128 )","biases",0.11366290738787906,0.00084913184433454904,0.0074696302393903215,0.0077667647626156414,0.01218707163030377,0.010512412579095446,0,25,9.9999999999999998e-13
137,6,"DenseLayer( 128,64 )","all",9.2584460673062079,0.0057002421975484796,0.00061567781590873589,0.00064437495003717867,0.0010455917454246374,0.00081017801926337675,0,25,9.9999999999999998e-13
137,6,"DenseLayer( 128,64 )","weights",9.2579061113393628,0.0056630735984448659,0.00061169897853250528,0.00063992259866589021,0.0010361541552210037,0.00080316569478818673,0,25,9.9999999999999998e-13
137,6,"DenseLayer( 128,64 )","biases",0.099989905818001157,0.00063945534554810763,0.0063967329682586178,0.0070340982279115472,0.013024293826021353,0.0098995457696967864,0,25,9.9999999999999998e-13
137,8,"DenseLayer( 64,1 )","all",1.2418148198143188,0.00057912432618920844,0.0004663390095441668,0.00050308227251383969,0.00087900003462419816,0.00068129408751003615,0,25,9.9999999999999998e-13
137,8,"DenseLayer( 64,1 )","weights",1.241814451232403,0.00057144289964168756,0.00046015408191361928,0.00049546927986526086,0.00086251620392498673,0.00066713322105811234,0,25,9.9999999999999998e-13
137,8,"DenseLayer( 64,1 )","biases",0.00094959650887176399,8.8050914928317067e-05,0.092622995892929952,0.11324949489672527,0.21036452058118887,0.2059033973905236,0,25,9.9999999999999998e-13
138,0,"Conv2DLayer(1,8,5, stride=5, padding=0)","all",1.426355955423616,0.00083839554220839312,0.0005877876780525954,0.00061088987621758621,0.0010440696352457749,0.00056465756848810402,0,25,9.9999999999999998e-13
138,0,"Conv2DLayer(1,8,5, stride=5, padding=0)","weights",1.4238694781471386,0.00079287399068642681,0.00055684387940566071,0.00058143516397243268,0.0010165793675341167,0.00055930260180248688,0,25,9.9999999999999998e-13
138,0,"Conv2DLayer(1,8,5, stride=5, padding=0)","biases",0.084184005247346372,0.00025578417162125063,0.0030379160329094706,0.0032269653691578944,0.0056667824562406759,0.0014295423683925565,0,25,9.9999999999999998e-13
138,4,"DenseLayer( 7202,128 )","all",18.468556803234442,0.026190950281696119,0.0014181173547404813,0.0014361405781773782,0.0018558423985342543,0.0015714814923203787,0,25,9.9999999999999998e-13
138,4,"DenseLayer( 7202,128 )","weights",18.468203591955866,0.026181391555797386,0.0014176269005989834,0.0014356414565306873,0.0018551298921317481,0.0015710002737393644,0,25,9.9999999999999998e-13
138,4,"DenseLayer( 7202,128 )","biases",0.11422086884832129,0.00070590900789842747,0.0061804908853333972,0.0062883751401447748,0.0085425831890362756,0.0064699481438998127,0,25,9.9999999999999998e-13
138,6,"DenseLayer( 128,64 )","all",9.2604044472179208,0.0051841435669752797,0.00055981667580958341,0.00057426284420088159,0.00083119817740233447,0.00065547576619080783,0,25,9.9999999999999998e-13
138,6,"DenseLayer( 128,64 )","weights",9.2598601695803282,0.0051514291505693113,0.00055631664899235113,0.00057064362652760358,0.0008256018549577189,0.00065170221656533705,0,25,9.9999999999999998e-13
138,6,"DenseLayer( 128,64 )","biases",0.10039965365766194,0.0005768675386271571,0.0057457514320940189,0.0059650025918237346,0.0089131797855979654,0.0064690901040243822,0,25,9.9999999999999998e-13
138,8,"DenseLayer( 64,1 )","all",1.2428057923553912,0.00043723945346765917,0.00035181962892415463,0.00036896848105913839,0.0005553053153441466,0.00030189347450549524,0,25,9.9999999999999998e-13
138,8,"DenseLayer( 64,1 )","weights",1.2428052340231297,0.00043264809205277745,0.00034812503025650072,0.00036478265594067213,0.00054451879861946106,0.00030169519819753151,0,25,9.9999999999999998e-13
138,8,"DenseLayer( 64,1 )","biases",0.001175319729372859,5.8503267355263232e-05,0.050591681352346436,0.06082180472434532,0.1345964092278828,0.010775630826863905,0,25,9.9999999999999998e-13
139,0,"Conv2DLayer(1,8,5, stride=5, padding=0)","all",1.4263770306031587,0.000737987203557617,0.00051738441459772081,0.00054503982988962066,0.00089316692652881594,0.00039438176830549661,0,25,9.9999999999999998e-13
139,0,"Conv2DLayer(1,8,5, stride=5, padding=0)","weights",1.4238643455834066,0.00068254624259000052,0.00047935991671598535,0.00051171405513193941,0.00087238847221222709,0.00035278859746955976,0,25,9.9999999999999998e-13
139,0,"Conv2DLayer(1,8,5, stride=5, padding=0)","biases",0.084626812560785816,0.00024446713091896041,0.0028879476211642629,0.0032025915260565172,0.0064395780993823284,0.0029771823404548827,0,25,9.9999999999999998e-13
139,4,"DenseLayer( 7202,128 )","all",18.493664594232715,0.024225532852969276,0.0013099376972852783,0.0013320786235458037,0.0016968892202012939,0.0013490575703753304,0,25,9.9999999999999998e-13
139,4,"DenseLayer( 7202,128 )","weights",18.493308736930082,0.024216762961678115,0.0013094886966248224,0.001331620149806044,0.0016963199231535776,0.0013486019978345256,0,25,9.9999999999999998e-13
139,4,"DenseLayer( 7202,128 )","biases",0.11472590646423864,0.00065096215200734198,0.0056735043528396969,0.0057877276906874719,0.007709539228911491,0.0058011560555304978,0,25,9.9999999999999998e-13
139,6,"DenseLayer( 128,64 )","all",9.2630858323265564,0.0044633483331088155,0.00048184296424242263,0.00049693701843170227,0.0006970471758195473,0.00040749836801081139,0,25,9.9999999999999998e-13
139,6,"DenseLayer( 128,64 )","weights",9.2625275615341405,0.0044357521353393346,0.00047889268140874548,0.00049382490525867382,0.00069021991855267278,0.00040496792630577438,0,25,9.9999999999999998e-13
139,6,"DenseLayer( 128,64 )","biases",0.101696977297493,0.00048958036007219427,0.0048135511709367969,0.0050807638646490592,0.008878574183562124,0.004154473056788132,0,25,9.9999999999999998e-13
139,8,"DenseLayer( 64,1 )","all",1.2439677095122361,0.00040962263124106571,0.00032928920410157415,0.00034743835386465388,0.00056511169039213461,0.0002595612028219366,0,25,9.9999999999999998e-13
139,8,"DenseLayer( 64,1 )","weights",1.2439671779044057,0.0004070452897147539,0.00032721764337846962,0.00034497428685610919,0.00056511046849043109,0.0002568041867591971,0,25,9.9999999999999998e-13
139,8,"DenseLayer( 64,1 )","biases",0.001147607616148889,3.9598792791366575e-05,0.03476601659041683,0.045184222027708713,0.10949844769321475,0.043827177196610279,0,25,9.9999999999999998e-13
140,0,"Conv2DLayer(1,8,5, stride=5, padding=0)","all",1.4263724315543338,0.0011327521810075281,0.00079414815983783681,0.00088447184658220826,0.0014806941193828303,0.0013998117708256658,0,25,9.9999999999999998e-13
140,0,"Conv2DLayer(1,8,5, stride=5, padding=0)","weights",1.4238501323622175,0.0010972217318324258,0.00077059978885757503,0.00086498019340721581,0.0014628607353490729,0.001375939691319219,0,25,9.9999999999999998e-13
140,0,"Conv2DLayer(1,8,5, stride=5, padding=0)","biases",0.084788461744715354,0.00025128177197857423,0.0029633167337178223,0.003224085382848795,0.0059180736537495209,0.0045503923637148893,0,25,9.9999999999999998e-13
140,4,"DenseLayer( 7202,128 )","all",18.512026489187214,0.031068498203735629,0.0016782314656829007,0.0017144449209012637,0.0023032684137243879,0.0021418101335837032,0,25,9.9999999999999998e-13
140,4,"DenseLayer( 7202,128 )","weights",18.511669639920918,0.031057819601281057,0.0016776869700230099,0.0017138909652274657,0.002302440288333265,0.0021411447267031527,0,25,9.9999999999999998e-13
140,4,"DenseLayer( 7202,128 )","biases",0.1149424440321041,0.00081368560909059163,0.007079229600751003,0.0072255417937708176,0.010233067819056349,0.0088362059421185947,0,25,9.9999999999999998e-13
140,6,"DenseLayer( 128,64 )","all",9.2648760123495393,0.0056333618957328481,0.00060803103283497311,0.00062966481602378202,0.0009235073554497746,0.00081546273098578165,0,25,9.9999999999999998e-13
140,6,"DenseLayer( 128,64 )","weights",9.2643167969438789,0.0056029281849109295,0.00060478271246015717,0.00062630723583004331,0.00091668899553650504,0.00081240852365168487,0,25,9.9999999999999998e-13
140,6,"DenseLayer( 128,64 )","biases",0.10179259477512605,0.00057958938515869729,0.0056931632696332396,0.0059423707890538862,0.010229110897462774,0.006441448985303703,0,25,9.9999999999999998e-13
140,8,"DenseLayer( 64,1 )","all",1.2449514785826332,0.00053719668457988127,0.00043147982943784362,0.00045731321553617522,0.00069679703756229808,0.00056535320871095877,0,25,9.9999999999999998e-13
140,8,"DenseLayer( 64,1 )","weights",1.2449509069894733,0.00053339256822005179,0.00042842460384002605,0.00045388706428972967,0.00068531120846437128,0.0005652168790425343,0,25,9.9999999999999998e-13
140,8,"DenseLayer( 64,1 )","biases",0.0011884755874052644,5.7378686033189294e-05,0.047559884632836946,0.056463028870658308,0.11934533524306887,0.014567656656428769,0,25,9.9999999999999998e-13
141,0,"Conv2DLayer(1,8,5, stride=5, padding=0)","all",1.4263535179876492,0.0015461451711596547,0.0010839871354331237,0.0012842234819051717,0.0029113120627580424,0.00095087469883379703,0,25,9.9999999999999998e-13
141,0,"Conv2DLayer(1,8,5, stride=5, padding=0)","weights",1.4238378292969553,0.0014957888877469682,0.0010505381295905288,0.0012571760593509547,0.0028774187554746842,0.00084844790344332731,0,25,9.9999999999999998e-13
141,0,"Conv2DLayer(1,8,5, stride=5, padding=0)","biases",0.084676620783673315,0.00034613662410949659,0.0040862155589362018,0.0045898759130012538,0.0080956383430882874,0.0072984738318828879,0,25,9.9999999999999998e-13
141,4,"DenseLayer( 7202,128 )","all",18.536203513928058,0.044091014801558054,0.0023788198589799595,0.0024574343427665236,0.0037101908874436927,0.0018183457610361174,0,25,9.9999999999999998e-13
141,4,"DenseLayer( 7202,128 )","weights",18.535839153984661,0.044074903055416829,0.0023779972145312211,0.002456569318456048,0.0037087012531262977,0.0018177909655862784,0,25,9.9999999999999998e-13
141,4,"DenseLayer( 7202,128 )","biases",0.11621928591649069,0.0011879527744574768,0.010236910675896226,0.010714936298605876,0.017383678131393663,0.0073471331597704951,0,25,9.9999999999999998e-13
141,6,"DenseLayer( 128,64 )","all",9.2656921906134002,0.0086273109162643934,0.00093110432418522921,0.00097032635599396801,0.0014807824491022024,0.00080221944371384438,0,25,9.9999999999999998e-13
141,6,"DenseLayer( 128,64 )","weights",9.26511936996258,0.0085699302142454963,0.00092496858937668176,0.00096382280937479606,0.0014709275824821312,0.00079962403987298303,0,25,9.9999999999999998e-13
141,6,"DenseLayer( 128,64 )","biases",0.10302752171839243,0.00097225215181282007,0.0094439567502339304,0.010149527907175314,0.018370213342838358,0.0058536825795627353,0,25,9.9999999999999998e-13
141,8,"DenseLayer( 64,1 )","all",1.2451495591032113,0.00084534466764128594,0.00067890580201868654,0.00073244197609544516,0.0012036420856334034,0.0003481722751780146,0,25,9.9999999999999998e-13
141,8,"DenseLayer( 64,1 )","weights",1.2451492686956276,0.00083482061715262502,0.00067045361244365167,0.00072272305094869555,0.0011907060634098897,0.00034757723363873863,0,25,9.9999999999999998e-13
141,8,"DenseLayer( 64,1 )","biases",0.00078662143554538485,0.00012389004928991198,0.16115482510338403,0.18414236434748818,0.35156018649161247,0.073771561771561772,0,25,9.9999999999999998e-13
142,0,"Conv2DLayer(1,8,5, stride=5, padding=0)","all",1.4263450618386364,0.0010057636587570617,0.00070513161413712333,0.00077526689010142121,0.0013264089710466952,0.00051649913796407453,0,25,9.9999999999999998e-13
142,0,"Conv2DLayer(1,8,5, stride=5, padding=0)","weights",1.4238515137095566,0.00095473530217741174,0.00067052818234031092,0.00074787495988148846,0.0013051401885780095,0.00051319463896710223,0,25,9.9999999999999998e-13
142,0,"Conv2DLayer(1,8,5, stride=5, padding=0)","biases",0.084303554309051718,0.00027891036562631015,0.0033088767787182822,0.0035365149254684633,0.0055807303876690452,0.0011107032838439611,0,25,9.9999999999999998e-13
142,4,"DenseLayer( 7202,128 )","all",18.572268269035344,0.035088741672403133,0.0018893698932282437,0.0019152510115191706,0.0024688852459411408,0.0015482339483673816,0,25,9.9999999999999998e-13
142,4,"DenseLayer( 7202,128 )","weights",18.571892440830691,0.035076521677741307,0.0018887500794998911,0.0019146180321678425,0.0024681783925255898,0.0015477434787513878,0,25,9.9999999999999998e-13
142,4,"DenseLayer( 7202,128 )","biases",0.11815010742289297,0.00092456368654308897,0.0078305347744649281,0.0079818429201789446,0.010990204263122883,0.0062739656527892023,0,25,9.9999999999999998e-13
142,6,"DenseLayer( 128,64 )","all",9.2669428867840828,0.0062722047186179186,0.00067683779014767137,0.00068418378668797658,0.00089945917657806317,0.00061579885404228608,0,25,9.9999999999999998e-13
142,6,"DenseLayer( 128,64 )","weights",9.2663622229130329,0.0062392780124983392,0.00067332685038738575,0.00068065797691525332,0.00089684296543092912,0.00061240564346647694,0,25,9.9999999999999998e-13
142,6,"DenseLayer( 128,64 )","biases",0.10373604584474311,0.00063431614818359387,0.0061130512863388862,0.0062305774120352229,0.0093253697775565383,0.0057230199829544654,0,25,9.9999999999999998e-13
142,8,"DenseLayer( 64,1 )","all",1.2449827307176877,0.00051088302780672996,0.00041035725361181197,0.00042247830636205921,0.00059347448100863383,0.00035625837865600811,0,25,9.9999999999999998e-13
142,8,"DenseLayer( 64,1 )","weights",1.2449826805281854,0.00050870095689876937,0.0004086045866047792,0.00042063067430339488,0.00058953240148693368,0.00035428768396559917,0,25,9.9999999999999998e-13
142,8,"DenseLayer( 64,1 )","biases",0.0003443627245724201,4.1095543419942263e-05,0.12471419485826413,0.15187481261566899,0.30322646118643243,0.11015165523344136,0,25,9.9999999999999998e-13
143,0,"Conv2DLayer(1,8,5, stride=5, padding=0)","all",1.4262624574600133,0.001007060146879909,0.00070608635343290759,0.00082298801354811464,0.0017377596498894788,0.00079996796304481323,0,25,9.9999999999999998e-13
143,0,"Conv2DLayer(1,8,5, stride=5, padding=0)","weights",1.4237844774324866,0.00096230745691468038,0.00067588149622009694,0.00080058005709900354,0.0016933381080137318,0.00078292776205504233,0,25,9.9999999999999998e-13
143,0,"Conv2DLayer(1,8,5, stride=5, padding=0)","biases",0.084037629179873535,0.00025742753406227846,0.0030646710862656415,0.0033373556514350584,0.0068438289242882559,0.0028997386422335058,0,25,9.9999999999999998e-13
143,4,"DenseLayer( 7202,128 )","all",18.594358486113077,0.034354612960266942,0.0018475142353789015,0.0018979355834283997,0.0025661618445799346,0.0020398992810575054,0,25,9.9999999999999998e-13
143,4,"DenseLayer( 7202,128 )","weights",18.593974376711788,0.034342200795264607,0.0018468849017819144,0.0018972812318819039,0.0025653152586463338,0.0020391802690659603,0,25,9.9999999999999998e-13
143,4,"DenseLayer( 7202,128 )","biases",0.11951657101406919,0.00092207578822124604,0.0077144187103166881,0.0079814534995938675,0.010847402940021993,0.0086800623571684568,0,25,9.9999999999999998e-13
143,6,"DenseLayer( 128,64 )","all",9.2675934554031478,0.0064047129239626042,0.00069108720342251045,0.00072769714059955568,0.0010900576145963336,0.00072219100693156552,0,25,9.9999999999999998e-13
143,6,"DenseLayer( 128,64 )","weights",9.2669921513620217,0.0063636490603295667,0.00068670084371157212,0.00072302559525858046,0.0010854259100645525,0.00071819561661798609,0,25,9.9999999999999998e-13
143,6,"DenseLayer( 128,64 )","biases",0.10556831204360068,0.00071825635953231474,0.00680519299681884,0.0072670430271207734,0.012379876564131463,0.006633082998707393,0,25,9.9999999999999998e-13
143,8,"DenseLayer( 64,1 )","all",1.2448872058384033,0.00064485583028071555,0.00051800604380324575,0.0005633666435761849,0.00092026876580372221,0.00061591317883717971,0,25,9.9999999999999998e-13
143,8,"DenseLayer( 64,1 )","weights",1.2448871674828403,0.00063864383569408115,0.00051301598649632475,0.00055731525516702712,0.00090685121557870774,0.00061446774584545793,0,25,9.9999999999999998e-13
143,8,"DenseLayer( 64,1 )","biases",0.00028496769547928127,8.202416123822332e-05,0.93307276014649199,3.2356350956704651,16.056518982106919,0.15981328810162534,0,25,9.9999999999999998e-13
144,0,"Conv2DLayer(1,8,5, stride=5, padding=0)","all",1.4262554060456387,0.00076025920959028241,0.00053304396350567864,0.00056838701411263571,0.0010635147547799577,0.00025055176518347318,0,25,9.9999999999999998e-13
144,0,"Conv2DLayer(1,8,5, stride=5, padding=0)","weights",1.4237891350632319,0.00072126362846519924,0.00050657891947216045,0.00054208018885546871,0.0010447116718612889,0.0002365252166417292,0,25,9.9999999999999998e-13
144,0,"Conv2DLayer(1,8,5, stride=5, padding=0)","biases",0.083838838816337705,0.00020985131573572098,0.0025024616753911758,0.0029572760994698109,0.0064996558847196699,0.0014242209377666778,0,25,9.9999999999999998e-13
144,4,"DenseLayer( 7202,128 )","all",18.616810602883159,0.02849228422778519,0.0015304632006243391,0.0015499516348512655,0.0022449250909270624,0.0020076368150267181,0,25,9.9999999999999998e-13
144,4,"DenseLayer( 7202,128 )","weights",18.616421339042191,0.02848236885791464,0.0015299625709835525,0.0015494408006741626,0.0022441793278868537,0.0020069617330012893,0,25,9.9999999999999998e-13
144,4,"DenseLayer( 7202,128 )","biases",0.12038827139811704,0.00074951847729111442,0.0062271362340021756,0.006347649297026494,0.009267151615536609,0.0082530303515529167,0,25,9.9999999999999998e-13
144,6,"DenseLayer( 128,64 )","all",9.2688507423174631,0.0047801290720417521,0.00051571919323798007,0.0005259711002570742,0.00070040710069809863,0.0006851569959868206,0,25,9.9999999999999998e-13
144,6,"DenseLayer( 128,64 )","weights",9.2682280984881587,0.0047546722115438056,0.00051300717069309931,0.0005232238048533777,0.0006984867505571233,0.00068071987000745062,0,25,9.9999999999999998e-13
144,6,"DenseLayer( 128,64 )","biases",0.10743330965314105,0.00048763942741090018,0.004538716699406831,0.0046606987019773847,0.0067398853600087695,0.0067398853600087695,0,25,9.9999999999999998e-13
144,8,"DenseLayer( 64,1 )","all",1.2451789374252062,0.00045203253252659655,0.00036302504640870538,0.00037316192013389502,0.00052847572450184647,0.00046833064848322739,0,25,9.9999999999999998e-13
144,8,"DenseLayer( 64,1 )","weights",1.2451788581127028,0.00045014911128431776,0.00036151241658574537,0.00037151329085944543,0.00052752881343800064,0.00046736949335336286,0,25,9.9999999999999998e-13
144,8,"DenseLayer( 64,1 )","biases",0.00043947187135927378,3.5322326002642509e-05,0.082010749935451696,0.10083846535224975,0.2134756195315668,0.093204829112967888,0,25,9.9999999999999998e-13
145,0,"Conv2DLayer(1,8,5, stride=5, padding=0)","all",1.4261682211962872,0.00096333055879991116,0.00067546598911681112,0.00074440105676100465,0.0013047908151660095,0.0010623549742271707,0,25,9.9999999999999998e-13
145,0,"Conv2DLayer(1,8,5, stride=5, padding=0)","weights",1.4236973662716719,0.00088108168238874222,0.00061886806252683772,0.00070194281457770791,0.0012791797897848145,0.0010426965218693837,0,25,9.9999999999999998e-13
145,0,"Conv2DLayer(1,8,5, stride=5, padding=0)","biases",0.083914021484826254,0.00031585672887979749,0.0037648146222993952,0.0042723608741350259,0.0085995824598795404,0.0036060182134616484,0,25,9.9999999999999998e-13
145,4,"DenseLayer( 7202,128 )","all",18.645663956362071,0.034713707085382774,0.001861723302127061,0.0018934081698903677,0.0024148843487689169,0.0021106280191678694,0,25,9.9999999999999998e-13
145,4,"DenseLayer( 7202,128 )","weights",18.64526867016561,0.034701238820682385,0.0018610941130482697,0.0018927605262793667,0.0024139436406789474,0.0021097261169748501,0,25,9.9999999999999998e-13
145,4,"DenseLayer( 7202,128 )","biases",0.12140928059408879,0.00092806636744308048,0.0076418343295996515,0.0078332693241898125,0.010636032239336488,0.0096689539879340203,0,25,9.9999999999999998e-13
145,6,"DenseLayer( 128,64 )","all",9.2702433865074578,0.0064705357972140148,0.00069798647061596725,0.00071954543713190016,0.0010988100948702984,0.00087859928409150562,0,25,9.9999999999999998e-13
145,6,"DenseLayer( 128,64 )","weights",9.2696195652858968,0.0064284471561761505,0.00069349297336276179,0.00071490254520307269,0.0010922767743010979,0.00087095258176036929,0,25,9.9999999999999998e-13
145,6,"DenseLayer( 128,64 )","biases",0.10754311472307847,0.00073379042157530484,0.0068231445141662969,0.007070620885500139,0.010368219609981568,0.010013079912076195,0,25,9.9999999999999998e-13
145,8,"DenseLayer( 64,1 )","all",1.2455955215018746,0.00061041166719842004,0.00049005382686310767,0.00051848729258576951,0.00083091840749344918,0.00071802077273268902,0,25,9.9999999999999998e-13
145,8,"DenseLayer( 64,1 )","weights",1.2455954664382527,0.00060445673031474072,0.00048527319436089493,0.00051300706975634014,0.00082367759761438895,0.00070487908226973101,0,25,9.9999999999999998e-13
145,8,"DenseLayer( 64,1 )","biases",0.00035727922280784694,7.7425561612471939e-05,0.24075451756863867,0.30550987312164757,0.62366174552707621,0.62366174552707621,0,25,9.9999999999999998e-13
146,0,"Conv2DLayer(1,8,5, stride=5, padding=0)","all",1.4261741255646272,0.00094557109173594824,0.0006630156937046009,0.00071665035079326921,0.0011913258997235453,0.00059029873687795411,0,25,9.9999999999999998e-13
146,0,"Conv2DLayer(1,8,5, stride=5, padding=0)","weights",1.4237044880161336,0.00090244260719538321,0.00063387229237384503,0.00068724802664782544,0.0011584442382671736,0.00058082974131446852,0,25,9.9999999999999998e-13
146,0,"Conv2DLayer(1,8,5, stride=5, padding=0)","biases",0.083893664030843251,0.0002577475223079881,0.0030720546118898403,0.0035210219288921121,0.0077399403488152942,0.0018771673009340246,0,25,9.9999999999999998e-13
146,4,"DenseLayer( 7202,128 )","all",18.670423655396799,0.034039588740707664,0.0018232099692530241,0.0018633182044601056,0.0030603996040981301,0.0015283531324470391,0,25,9.9999999999999998e-13
146,4,"DenseLayer( 7202,128 )","weights",18.670020552663701,0.034027260607560554,0.0018225889640500351,0.001862674833697244,0.0030591430016629717,0.0015279065845939356,0,25,9.9999999999999998e-13
146,4,"DenseLayer( 7202,128 )","biases",0.12268587340699928,0.00091381143882958622,0.0074516740505541339,0.0076869596663577296,0.013770070480050772,0.0058134970120727837,0,25,9.9999999999999998e-13
146,6,"DenseLayer( 128,64 )","all",9.2718131539030981,0.0058560412143233188,0.00063159682547875295,0.00064932232208248788,0.0011104644506913981,0.00054740325936872595,0,25,9.9999999999999998e-13
146,6,"DenseLayer( 128,64 )","weights",9.2711868170980338,0.0058221121558539157,0.00062797983426633752,0.00064540093610633727,0.0010994968204214809,0.00054508660596954935,0,25,9.9999999999999998e-13
146,6,"DenseLayer( 128,64 )","biases",0.10776884349016778,0.00061808687313289065,0.0057362546362184014,0.0061674023748747335,0.013492133685725322,0.0043589012052883281,0,25,9.9999999999999998e-13
146,8,"DenseLayer( 64,1 )","all",1.2464190861465334,0.00056964500907223116,0.00045702142200824161,0.00048208873649499366,0.00087950189219653376,0.00027684041056699244,0,25,9.9999999999999998e-13
146,8,"DenseLayer( 64,1 )","weights",1.2464189151596405,0.0005642912571920827,0.00045272613210089362,0.00047686223365396677,0.00085850725100174901,0.0002761296793775983,0,25,9.9999999999999998e-13
146,8,"DenseLayer( 64,1 )","biases",0.00064267059206031259,6.9594189990311865e-05,0.11166534519671675,0.14556150039328522,0.41516617451762372,0.036328434905881876,0,25,9.9999999999999998e-13
147,0,"Conv2DLayer(1,8,5, stride=5, padding=0)","all",1.4261470973653321,0.0016558096163824263,0.0011610379034748307,0.0012898397398528876,0.0024104173302332268,0.0016710640566544221,0,25,9.9999999999999998e-13
147,0,"Conv2DLayer(1,8,5, stride=5, padding=0)","weights",1.4236946711077436,0.0016122619346292844,0.0011324519476722185,0.0012587548428657652,0.0023522100681248131,0.0016093622586473744,0,25,9.9999999999999998e-13
147,0,"Conv2DLayer(1,8,5, stride=5, padding=0)","biases",0.083599621485271378,0.00036549944019080588,0.0043679690408776227,0.0049570018769221225,0.0098497150352163092,0.0077643343449514471,0,25,9.9999999999999998e-13
147,4,"DenseLayer( 7202,128 )","all",18.695843080427231,0.043173203810058118,0.002308997545838451,0.0024039215805217069,0.0037352532396857483,0.0026681510651946393,0,25,9.9999999999999998e-13
147,4,"DenseLayer( 7202,128 )","weights",18.695435531950565,0.043164031393897788,0.002308557359327436,0.0024034775897395022,0.0037343085359875273,0.0026677177470769402,0,25,9.9999999999999998e-13
147,4,"DenseLayer( 7202,128 )","biases",0.12344398186119812,0.00087139209061980823,0.0070528549432077974,0.0073870031920548343,0.013242877689553801,0.0077519431108705591,0,25,9.9999999999999998e-13
147,6,"DenseLayer( 128,64 )","all",9.2731663744083725,0.0054043077749633831,0.00058278310076175259,0.00061851369924850947,0.0010754428240917185,0.0006563720311551851,0,25,9.9999999999999998e-13
147,6,"DenseLayer( 128,64 )","weights",9.2725331996600335,0.0053688202673893215,0.0005789958911441884,0.00061424045549548373,0.0010644000876179323,0.00065250343924118858,0,25,9.9999999999999998e-13
147,6,"DenseLayer( 128,64 )","biases",0.10836264782620973,0.00061191942878003041,0.0056396818836534305,0.0062259840761865748,0.013179020691599532,0.0060913565534877505,0,25,9.9999999999999998e-13
147,8,"DenseLayer( 64,1 )","all",1.2468288101946154,0.00053885561534788764,0.00043215950659328874,0.00047399676719884148,0.00092794288179174364,0.00039946991782560383,0,25,9.9999999999999998e-13
147,8,"DenseLayer( 64,1 )","weights",1.2468285678280862,0.000533610542020831,0.00042795345850935691,0.00046847551666227269,0.00090989313301495403,0.00039467630752710838,0,25,9.9999999999999998e-13
147,8,"DenseLayer( 64,1 )","biases",0.00077038403367623686,6.5524505916982886e-05,0.082578463056565493,0.11210967029132479,0.32300262553222486,0.11742642190449214,0,25,9.9999999999999998e-13
148,0,"Conv2DLayer(1,8,5, stride=5, padding=0)","all",1.4262505491805679,0.0029039743664891803,0.0020361020503078015,0.0021646871647837203,0.0039204128858898509,0.0022390754554271136,0,25,9.9999999999999998e-13
148,0,"Conv2DLayer(1,8,5, stride=5, padding=0)","weights",1.4236070285103211,0.0028366497112367025,0.0019926192697209948,0.0021257183179897708,0.0038647027631710071,0.0022176568844490857,0,25,9.9999999999999998e-13
148,0,"Conv2DLayer(1,8,5, stride=5, padding=0)","biases",0.086782567308983219,0.00058819542894597077,0.0067730360493449687,0.0070395470816223306,0.011294916084487686,0.0053816733209304133,0,25,9.9999999999999998e-13
148,4,"DenseLayer( 7202,128 )","all",18.730939810983156,0.070017640982394116,0.003737985648335506,0.0038125568917854223,0.0052964931080711946,0.0031713734992058311,0,25,9.9999999999999998e-13
148,4,"DenseLayer( 7202,128 )","weights",18.730525816648491,0.070003848334099686,0.003737331882139316,0.0038118994901462058,0.0052954263306049746,0.0031711373209001035,0,25,9.9999999999999998e-13
148,4,"DenseLayer( 7202,128 )","biases",0.12453264442179673,0.0013528741558661295,0.010863967977184096,0.011309921639486005,0.018757411088143258,0.0066267587936125923,0,25,9.9999999999999998e-13
148,6,"DenseLayer( 128,64 )","all",9.274344586640856,0.0094807344624675965,0.0010222551636292296,0.0010712999341970777,0.0016969570953413334,0.00070470296431853472,0,25,9.9999999999999998e-13
148,6,"DenseLayer( 128,64 )","weights",9.2737044708014924,0.009420980171863564,0.001015882307449168,0.0010643391870472265,0.0016801637680744629,0.00070166550795466539,0,25,9.9999999999999998e-13
148,6,"DenseLayer( 128,64 )","biases",0.10896246839563721,0.0010457852256279599,0.0095982889212561737,0.010433493619922596,0.020368472461752378,0.005614033029362561,0,25,9.9999999999999998e-13
148,8,"DenseLayer( 64,1 )","all",1.247104537774665,0.00091126083658938208,0.00073069562979517105,0.00079068579847832974,0.0013459066569566777,0.00039775466294534055,0,25,9.9999999999999998e-13
148,8,"DenseLayer( 64,1 )","weights",1.2471040745363096,0.00089810410836502848,0.00072014620258842375,0.00077820401023393556,0.0013114970864100558,0.0003967158958345725,0,25,9.9999999999999998e-13
148,8,"DenseLayer( 64,1 )","biases",0.0010311159049160778,0.00014790400397032499,0.1620016204139576,0.20030913288786947,0.42749012753832194,0.023816019855749306,0,25,9.9999999999999998e-13
149,0,"Conv2DLayer(1,8,5, stride=5, padding=0)","all",1.4265185762424522,0.0016827096852252744,0.0011796101313920591,0.0013311254508091893,0.0025320749122392946,0.00081418191126010121,0,25,9.9999999999999998e-13
149,0,"Conv2DLayer(1,8,5, stride=5, padding=0)","weights",1.4235049945920879,0.0016030144357291503,0.0011260992296829189,0.001290862462554398,0.0024842032737187225,0.00073556059467614514,0,25,9.9999999999999998e-13
149,0,"Conv2DLayer(1,8,5, stride=5, padding=0)","biases",0.092663239146259263,0.00046463160219790945,0.0050195208862405492,0.0051709491866669963,0.0079952134003319925,0.0053337576947847911,0,25,9.9999999999999998e-13
149,4,"DenseLayer( 7202,128 )","all",18.773558215418642,0.048494688823568402,0.0025833718653550455,0.0026398308849913382,0.0040094652946184861,0.002458563203320822,0,25,9.9999999999999998e-13
149,4,"DenseLayer( 7202,128 )","weights",18.773137476368888,0.048486486075676134,0.0025829927965851239,0.0026394621208356999,0.0040091167718039906,0.0024579727870903093,0,25,9.9999999999999998e-13
149,4,"DenseLayer( 7202,128 )","biases",0.12568560858360497,0.0008810752915566002,0.0070107385575401727,0.0070992300327774082,0.0095626499214883729,0.0083662177427368065,0,25,9.9999999999999998e-13
149,6,"DenseLayer( 128,64 )","all",9.2753612811262283,0.0057048653919031774,0.00061505314486570099,0.00062452280807101285,0.00082601784878709472,0.00071146212029072481,0,25,9.9999999999999998e-13
149,6,"DenseLayer( 128,64 )","weights",9.2747138761250127,0.0056717093530516457,0.00061152124238570652,0.0006209154837078485,0.00082045383213950082,0.00070623433272529992,0,25,9.9999999999999998e-13
149,6,"DenseLayer( 128,64 )","biases",0.1095860527688442,0.00060749621080953802,0.0055417619009072109,0.0057033950040094455,0.0080825258838603461,0.0072726792689663741,0,25,9.9999999999999998e-13
149,8,"DenseLayer( 64,1 )","all",1.2468857367913575,0.00052762662251862812,0.00042314988384961236,0.00043689793550620403,0.00070086786115485672,0.00059853284312230595,0,25,9.9999999999999998e-13
149,8,"DenseLayer( 64,1 )","weights",1.2468847388794466,0.00052319516292081275,0.00041959621830088843,0.00043305369504821362,0.00069743944264290302,0.00059316939694219108,0,25,9.9999999999999998e-13
149,8,"DenseLayer( 64,1 )","biases",0.0015731089189648629,6.0369293205440048e-05,0.038650993248447424,0.046160376290193386,0.082093437089029497,0.058668201036302221,0,25,9.9999999999999998e-13
150,0,"Conv2DLayer(1,8,5, stride=5, padding=0)","all",1.4265944633575849,0.0012476809784626522,0.00087459965149254339,0.001058025380601418,0.002915202480964199,0.00084281788989429014,0,25,9.9999999999999998e-13
150,0,"Conv2DLayer(1,8,5, stride=5, padding=0)","weights",1.4234353750856092,0.0012154958865337425,0.00085393602895487346,0.0010400786833736585,0.0028902419171156677,0.0008275529466217369,0,25,9.9999999999999998e-13
150,0,"Conv2DLayer(1,8,5, stride=5, padding=0)","biases",0.094885917455087454,0.00026741175971290679,0.0028156106801260857,0.0030921142911741069,0.0063732582393603507,0.0025325830133857393,0,25,9.9999999999999998e-13
150,4,"DenseLayer( 7202,128 )","all",18.818232654368892,0.043870008097880817,0.0023312196826890197,0.0023947566373001016,0.0034829201309372749,0.0024055361233732042,0,25,9.9999999999999998e-13
150,4,"DenseLayer( 7202,128 )","weights",18.817803762631172,0.043856092787842957,0.0023305334013541327,0.0023940493063675295,0.0034816794995142825,0.0024047256121998298,0,25,9.9999999999999998e-13
150,4,"DenseLayer( 7202,128 )","biases",0.1270492865909765,0.001097010036179554,0.0086342124845554865,0.0089475504004388629,0.014302276698141794,0.0094603658013586844,0,25,9.9999999999999998e-13
150,6,"DenseLayer( 128,64 )","all",9.2772880044801571,0.0066893279214675777,0.00072103633727607446,0.00078017547590548519,0.0014606514018025254,0.00091978055597624001,0,25,9.9999999999999998e-13
150,6,"DenseLayer( 128,64 )","weights",9.2766263254357799,0.0066436418455028201,0.00071616304099319887,0.0007747069412532276,0.0014505326835232237,0.00090941378027024412,0,25,9.9999999999999998e-13
150,6,"DenseLayer( 128,64 )","biases",0.11079976148526026,0.00077394970124818865,0.0069798843581755201,0.0077478429539524036,0.014398240176427482,0.011422112681728724,0,25,9.9999999999999998e-13
150,8,"DenseLayer( 64,1 )","all",1.2477992569140193,0.00066255141901064611,0.0005309722571965388,0.00059428509957788896,0.0011793749839837946,0.00084038719755103006,0,25,9.9999999999999998e-13
150,8,"DenseLayer( 64,1 )","weights",1.2477979494694476,0.00065468170419234956,0.00052466615359689618,0.00058613876846639928,0.001158976281096827,0.0008208627719609625,0,25,9.9999999999999998e-13
150,8,"DenseLayer( 64,1 )","biases",0.0018014792772009969,9.4170523807406427e-05,0.051949276320383271,0.067063431449526187,0.13487725296807693,0.10961754051408328,0,25,9.9999999999999998e-13
151,0,"Conv2DLayer(1,8,5, stride=5, padding=0)","all",1.4268484154830521,0.0032937863848362067,0.0023085141735665732,0.002661191061748302,0.0064659291764664105,0.0010915947512222777,0,25,9.9999999999999998e-13
151,0,"Conv2DLayer(1,8,5, stride=5, padding=0)","weights",1.423605602263269,0.003231152567491318,0.0022697580904508831,0.0026328794930763973,0.0064030928475174833,0.00096799067878663026,0,25,9.9999999999999998e-13
151,0,"Conv2DLayer(1,8,5, stride=5, padding=0)","biases",0.096137568258951575,0.00055844938456526638,0.0058005179678964217,0.0063031956112965283,0.014830913023976306,0.0074108413044809609,0,25,9.9999999999999998e-13
151,4,"DenseLayer( 7202,128 )","all",18.884700848727487,0.14620046970144795,0.0077415641956378985,0.0083396523183043338,0.014281477921905346,0.0051132408801176895,0,25,9.9999999999999998e-13
151,4,"DenseLayer( 7202,128 )","weights",18.884258035382739,0.14619127111754335,0.007741259486187823,0.0083394850108774697,0.014281672797152466,0.0051124892428175469,0,25,9.9999999999999998e-13
151,4,"DenseLayer( 7202,128 )","biases",0.1293214091138786,0.0014015477637326496,0.010832084677055723,0.011370413047482793,0.020026059469176623,0.013766841326457405,0,25,9.9999999999999998e-13
151,6,"DenseLayer( 128,64 )","all",9.2790063511751715,0.0086043497795313898,0.00092729655924724235,0.00095840899532570391,0.0013991788748338491,0.00076117781370385173,0,25,9.9999999999999998e-13
151,6,"DenseLayer( 128,64 )","weights",9.2783217654910217,0.0085562378969457585,0.00092217956254218088,0.00095318147476774605,0.0013891959871705365,0.0007590323623185715,0,25,9.9999999999999998e-13
151,6,"DenseLayer( 128,64 )","biases",0.11271104564273658,0.00089769383645514546,0.0079648115841064321,0.0082839822525137101,0.013715221533467688,0.0047253459492977695,0,25,9.9999999999999998e-13
151,8,"DenseLayer( 64,1 )","all",1.2479864583061684,0.00080916473505350138,0.00064840135443212975,0.00067835012778362752,0.0010988528738652482,0.00035072687229315962,0,25,9.9999999999999998e-13
151,8,"DenseLayer( 64,1 )","weights",1.2479843801420842,0.00080134254291155125,0.00064213415388598906,0.00067123897808585634,0.0010784182972796862,0.00034999496016697063,0,25,9.9999999999999998e-13
151,8,"DenseLayer( 64,1 )","biases",0.0022658629389479758,0.0001036777626723051,0.045676769745235428,0.053539704671913775,0.1099210539059481,0.010022830831595044,0,25,9.9999999999999998e-13
152,0,"Conv2DLayer(1,8,5, stride=5, padding=0)","all",1.4268975181294319,0.0012442584487969946,0.00087200484917677448,0.0009115712319628798,0.0014073880530622684,0.0012053264570604785,0,25,9.9999999999999998e-13
152,0,"Conv2DLayer(1,8,5, stride=5, padding=0)","weights",1.4234236839524173,0.0011745149832033692,0.00082513316506475259,0.00086518092011393329,0.0013289746049137787,0.0011945486546693349,0,25,9.9999999999999998e-13
152,0,"Conv2DLayer(1,8,5, stride=5, padding=0)","biases",0.099503946831305173,0.00038692588148747577,0.0038956551992370384,0.0042201752024976528,0.0077562278090952718,0.0025800402505715323,0,25,9.9999999999999998e-13
152,4,"DenseLayer( 7202,128 )","all",19.023620119290978,0.058891262456503592,0.0030972539389573267,0.0032487945586132994,0.005502373430606472,0.0024644404768895587,0,25,9.9999999999999998e-13
152,4,"DenseLayer( 7202,128 )","weights",19.023170304603198,0.058882228619683646,0.0030968518611790901,0.0032483751647639095,0.0055014532196763985,0.0024638423512433161,0,25,9.9999999999999998e-13
152,4,"DenseLayer( 7202,128 )","biases",0.13081907054330172,0.0010149625930734527,0.0077720997208553357,0.0082744413700732815,0.015700223551969764,0.0082462990153114174,0,25,9.9999999999999998e-13
152,6,"DenseLayer( 128,64 )","all",9.2796730570733477,0.0061636770451627158,0.00066421695306468297,0.00067905911222114175,0.0010953713271486482,0.00087559708352551743,0,25,9.9999999999999998e-13
152,6,"DenseLayer( 128,64 )","weights",9.2789773821928971,0.0061309289140343464,0.00066073740668458336,0.00067540976105589709,0.0010868889112187593,0.0008721750535578116,0,25,9.9999999999999998e-13
152,6,"DenseLayer( 128,64 )","biases",0.11362530065724294,0.00063010468860747989,0.0055467192311891627,0.0057839385595809751,0.011172159656123734,0.0064016631156507886,0,25,9.9999999999999998e-13
152,8,"DenseLayer( 64,1 )","all",1.2473083931845523,0.00055389012080779717,0.00044406638394216724,0.00046281530395959317,0.00083468264087327296,0.00048781555503508951,0,25,9.9999999999999998e-13
152,8,"DenseLayer( 64,1 )","weights",1.247305862898288,0.00054969928336167631,0.00044070744681150303,0.00045865230642701222,0.00081812441323866447,0.00048613702897580519,0,25,9.9999999999999998e-13
152,8,"DenseLayer( 64,1 )","biases",0.0025104000698775051,6.0396995395421981e-05,0.023750537904172139,0.02984149753443955,0.073909903349999126,0.021749817788151368,0,25,9.9999999999999998e-13
153,0,"Conv2DLayer(1,8,5, stride=5, padding=0)","all",1.4270561453093151,0.0025231124808553929,0.0017680644219837097,0.0018673458190043952,0.0031473720108815191,0.0011081125855489265,0,25,9.9999999999999998e-13
153,0,"Conv2DLayer(1,8,5, stride=5, padding=0)","weights",1.4233926604283607,0.002475009705328332,0.001738813521336437,0.0018387415811799545,0.0031087589162271992,0.0010308798030429561,0,25,9.9999999999999998e-13
153,0,"Conv2DLayer(1,8,5, stride=5, padding=0)","biases",0.1021803207562995,0.00046603460741572833,0.0045503074781393727,0.0048811377142055894,0.008782663354038274,0.005634563034083548,0,25,9.9999999999999998e-13
153,4,"DenseLayer( 7202,128 )","all",19.081193240690169,0.049279285937553374,0.0025825252668092366,0.0026916138614581147,0.0047192296233150768,0.002709323678100201,0,25,9.9999999999999998e-13
153,4,"DenseLayer( 7202,128 )","weights",19.080732251713172,0.049264995327083672,0.0025818387580408154,0.0026909126430541132,0.0047182564850774978,0.0027088478977535342,0,25,9.9999999999999998e-13
153,4,"DenseLayer( 7202,128 )","biases",0.13263273606639447,0.0011775579670609542,0.0088785284832581888,0.0092402006521942887,0.014588232194220514,0.0076873450024931185,0,25,9.9999999999999998e-13
153,6,"DenseLayer( 128,64 )","all",9.2820003540470797,0.0089492605316510553,0.00096414718724459412,0.0010000200460533579,0.001621163208453714,0.00095063047577450036,0,25,9.9999999999999998e-13
153,6,"DenseLayer( 128,64 )","weights",9.2812926743959459,0.0088873985594739371,0.00095755553843725302,0.00099308876738989603,0.0016078691146703223,0.00094561725391752855,0,25,9.9999999999999998e-13
153,6,"DenseLayer( 128,64 )","biases",0.11461346833392674,0.0010400509534923474,0.0090712595616948208,0.0095627725023030487,0.016789120815113981,0.0078365018730847495,0,25,9.9999999999999998e-13
153,8,"DenseLayer( 64,1 )","all",1.2479622421378829,0.00088672081646255882,0.00071053914116792928,0.00074750144689883578,0.0012559164070881119,0.00056165066460405995,0,25,9.9999999999999998e-13
153,8,"DenseLayer( 64,1 )","weights",1.2479597189255855,0.00087436484599148323,0.00070063938134469906,0.00073637510448277762,0.001234194474386114,0.00055680284559912643,0,25,9.9999999999999998e-13
153,8,"DenseLayer( 64,1 )","biases",0.002500926638022065,0.00014188272878527642,0.05697323964157644,0.064541381284928687,0.11561936041127442,0.03089206296675746,0,25,9.9999999999999998e-13
154,0,"Conv2DLayer(1,8,5, stride=5, padding=0)","all",1.4273511452025045,0.001771095238023664,0.0012408335893676591,0.0013447075945782301,0.0022645985323133649,0.00071448493042466411,0,25,9.9999999999999998e-13
154,0,"Conv2DLayer(1,8,5, stride=5, padding=0)","weights",1.4233891538892758,0.0017284436175127127,0.0012143153563193873,0.0013200887721997196,0.0022360349233804012,0.00068418468470705506,0,25,9.9999999999999998e-13
154,0,"Conv2DLayer(1,8,5, stride=5, padding=0)","biases",0.10627499917492776,0.00036535492125355177,0.0034425249829848278,0.0036933963250515445,0.0061212980212507649,0.0028335803160842604,0,25,9.9999999999999998e-13
154,4,"DenseLayer( 7202,128 )","all",19.108762882120377,0.043872241805427946,0.0022960889083069765,0.0023454624597166198,0.0031928973220211989,0.0018684247458589057,0,25,9.9999999999999998e-13
154,4,"DenseLayer( 7202,128 )","weights",19.108290758576999,0.043859009271917493,0.0022954530262666614,0.0023448046541286495,0.0031920070314046508,0.00186787450988137,0,25,9.9999999999999998e-13
154,4,"DenseLayer( 7202,128 )","biases",0.13432249958281803,0.0010742976578825847,0.0080042336377642697,0.0082524943055484346,0.011921134678648838,0.0067158347262638697,0,25,9.9999999999999998e-13
154,6,"DenseLayer( 128,64 )","all",9.2840934769753094,0.008173637414876667,0.00088039812457094775,0.0009137314453376849,0.0013637207994634574,0.00078046720747092289,0,25,9.9999999999999998e-13
154,6,"DenseLayer( 128,64 )","weights",9.2833637854776416,0.0081320978584493407,0.00087599254506737006,0.00090915856037744591,0.0013535809809881053,0.00077364047730150943,0,25,9.9999999999999998e-13
154,6,"DenseLayer( 128,64 )","biases",0.11639580101772488,0.00080475547339674324,0.0069204855703974364,0.0073512615363150562,0.013301981188914345,0.0082100763600934084,0,25,9.9999999999999998e-13
154,8,"DenseLayer( 64,1 )","all",1.2479356878252075,0.00075523000643777454,0.00060517919665644337,0.00064144533539027603,0.0010579849497784975,0.00056492679390798947,0,25,9.9999999999999998e-13
154,8,"DenseLayer( 64,1 )","weights",1.2479321184659016,0.00074918870512473152,0.00060033975257943299,0.00063584571877593266,0.0010401605985292303,0.0005562964697913605,0,25,9.9999999999999998e-13
154,8,"DenseLayer( 64,1 )","biases",0.0029748998302966357,8.5024042055010791e-05,0.029494894125420522,0.037407140133525939,0.083718305911294533,0.036555413010947432,0,25,9.9999999999999998e-13
155,0,"Conv2DLayer(1,8,5, stride=5, padding=0)","all",1.427475848391105,0.0011388801166232951,0.00079782862716699314,0.00085383905237971331,0.0015334250806973905,0.00071356584647804661,0,25,9.9999999999999998e-13
155,0,"Conv2DLayer(1,8,5, stride=5, padding=0)","weights",1.4234670374076994,0.0011000676100935177,0.00077280886830665655,0.00082963842212834861,0.0014780054312924266,0.00066219797042853929,0,25,9.9999999999999998e-13
155,0,"Conv2DLayer(1,8,5, stride=5, padding=0)","biases",0.10690597799560182,0.00028136481843124968,0.0026317525033631435,0.0028196355795639368,0.0056494268547180445,0.003609836826584232,0,25,9.9999999999999998e-13
155,4,"DenseLayer( 7202,128 )","all",19.138871480896167,0.0395338203248225,0.0020656763510919682,0.0021110767643787182,0.0031263082832198173,0.0026405785097553137,0,25,9.9999999999999998e-13
155,4,"DenseLayer( 7202,128 )","weights",19.13838556856631,0.039519771256658946,0.0020649946566887716,0.0021103751457537609,0.0031251552856022243,0.002639664535948293,0,25,9.9999999999999998e-13
155,4,"DenseLayer( 7202,128 )","biases",0.13637791003474017,0.0010525325093658677,0.0077218183431665213,0.0079315191330161395,0.012434002464241482,0.010076222516313543,0,25,9.9999999999999998e-13
155,6,"DenseLayer( 128,64 )","all",9.2862913557905884,0.0075637527371257727,0.00081450245269927026,0.00084207215166433335,0.0012021480077640517,0.0011442731418541245,0,25,9.9999999999999998e-13
155,6,"DenseLayer( 128,64 )","weights",9.2855401391558949,0.0075169136574570247,0.00080952414865753338,0.00083683236276234851,0.0011933566108233164,0.0011360067865222943,0,25,9.9999999999999998e-13
155,6,"DenseLayer( 128,64 )","biases",0.1181155405166158,0.00083336024395344013,0.0070534427448101442,0.0074169864485536165,0.012512244442193971,0.010778414189148863,0,25,9.9999999999999998e-13
155,8,"DenseLayer( 64,1 )","all",1.248354364797077,0.00067649050433478972,0.0005419017731411865,0.00056112936738711059,0.0008850901626548998,0.00074616616290791083,0,25,9.9999999999999998e-13
155,8,"DenseLayer( 64,1 )","weights",1.2483496348403762,0.00067141346370479867,0.00053783717513666818,0.00055661135891654095,0.00086624474472229897,0.00073606440910406544,0,25,9.9999999999999998e-13
155,8,"DenseLayer( 64,1 )","biases",0.0034347050450742244,7.3887519538402553e-05,0.021558789410093423,0.025938940957052289,0.06443099704628058,0.048074479991348944,0,25,9.9999999999999998e-13
156,0,"Conv2DLayer(1,8,5, stride=5, padding=0)","all",1.4274066119778015,0.0010413121971612181,0.00072951896037325463,0.00082219557364525159,0.0018158489621479159,0.00053408034538655219,0,25,9.9999999999999998e-13
156,0,"Conv2DLayer(1,8,5, stride=5, padding=0)","weights",1.4233943175523089,0.0009989007580332263,0.00070177773631075987,0.00079893593496451073,0.0018027626859348938,0.00050840540416320797,0,25,9.9999999999999998e-13
156,0,"Conv2DLayer(1,8,5, stride=5, padding=0)","biases",0.10694952195898857,0.00026716576224655795,0.0024991257335137741,0.0027139320960402869,0.0045547266696138212,0.0022486851387811956,0,25,9.9999999999999998e-13
156,4,"DenseLayer( 7202,128 )","all",19.165220635518939,0.040125302900064413,0.0020935934096369649,0.0021385837981915093,0.002959258281158058,0.0019092968548666807,0,25,9.9999999999999998e-13
156,4,"DenseLayer( 7202,128 )","weights",19.164722603629095,0.040111396908650121,0.0020929222049944816,0.0021378981302640665,0.0029583599097259814,0.0019088333204828778,0,25,9.9999999999999998e-13
156,4,"DenseLayer( 7202,128 )","biases",0.13816374284915992,0.0010541565526845978,0.0076299766183523139,0.0078098653622511007,0.01079604270362809,0.0061714953889259374,0,25,9.9999999999999998e-13
156,6,"DenseLayer( 128,64 )","all",9.2878232387037389,0.0072630867127511248,0.00078199789571849285,0.00080415591507934181,0.0012286379807995814,0.00066134886064820588,0,25,9.9999999999999998e-13
156,6,"DenseLayer( 128,64 )","weights",9.2870474812074892,0.0072153465472661838,0.00077692271464845075,0.00079881745671077039,0.0012177087423852785,0.00065827267487544741,0,25,9.9999999999999998e-13
156,6,"DenseLayer( 128,64 )","biases",0.1200389413784634,0.00082211287615949842,0.0068483936281797516,0.0072007131619099283,0.012642483278392251,0.0049754549524332519,0,25,9.9999999999999998e-13
156,8,"DenseLayer( 64,1 )","all",1.2484285369866388,0.00072217106092340453,0.0005784578916942924,0.00060804070413859337,0.0010835671405564407,0.00043883616041119806,0,25,9.9999999999999998e-13
156,8,"DenseLayer( 64,1 )","weights",1.2484242634814291,0.00071382749179848149,0.00057177668803625283,0.00060048574701379327,0.0010648479051527169,0.00043473883038278239,0,25,9.9999999999999998e-13
156,8,"DenseLayer( 64,1 )","biases",0.0032637376245111226,0.00010208579711616039,0.031167228837902954,0.036455561714188192,0.079865799721381456,0.023752744209268695,0,25,9.9999999999999998e-13
157,0,"Conv2DLayer(1,8,5, stride=5, padding=0)","all",1.4274352484600024,0.001515460234045769,0.0010616738776579157,0.0011582225521503421,0.0021454084377363859,0.00026468392884708138,0,25,9.9999999999999998e-13
157,0,"Conv2DLayer(1,8,5, stride=5, padding=0)","weights",1.4234455516327658,0.0014884128638303169,0.0010456439745100716,0.0011440235809421194,0.0021308794018292986,0.00024235141947030314,0,25,9.9999999999999998e-13
157,0,"Conv2DLayer(1,8,5, stride=5, padding=0)","biases",0.10664910845337543,0.00027039001704770588,0.0025366448596770017,0.0026785868854413168,0.0041444118959376979,0.0014376193220832687,0,25,9.9999999999999998e-13
157,4,"DenseLayer( 7202,128 )","all",19.195911451198384,0.048137072956354998,0.002508139232140686,0.0026742161190389563,0.0045250771129662585,0.0014851104150075606,0,25,9.9999999999999998e-13
157,4,"DenseLayer( 7202,128 )","weights",19.195412784116371,0.048129197619479494,0.0025077940764126521,0.0026738797855793248,0.0045245831727797206,0.001484765457003603,0,25,9.9999999999999998e-13
157,4,"DenseLayer( 7202,128 )","biases",0.13836311955464664,0.00085994374746131328,0.0062168999616215095,0.0064648156432170773,0.010518434982962021,0.004668970382835722,0,25,9.9999999999999998e-13
157,6,"DenseLayer( 128,64 )","all",9.2896997766153362,0.006293605346965039,0.00067748923865397124,0.0006984639411351354,0.0010025858584030013,0.00048947739874280623,0,25,9.9999999999999998e-13
157,6,"DenseLayer( 128,64 )","weights",9.2889134476673494,0.0062588786032412649,0.00067380800410552096,0.00069456603253693525,0.00099710528067987201,0.00048527515377363295,0,25,9.9999999999999998e-13
157,6,"DenseLayer( 128,64 )","biases",0.12086696716356365,0.00065122230049238067,0.0053884731777196198,0.0057074577858980992,0.0097456100378241449,0.0049243414679928993,0,25,9.9999999999999998e-13
157,8,"DenseLayer( 64,1 )","all",1.2487849744888948,0.000594833010767763,0.00047633750233385693,0.00049728742177694791,0.00076020033519445904,0.00042231889436275896,0,25,9.9999999999999998e-13
157,8,"DenseLayer( 64,1 )","weights",1.2487806376270809,0.00058913098529980669,0.00047177286333666694,0.0004920895583713919,0.00074596211466284516,0.00041447181506613505,0,25,9.9999999999999998e-13
157,8,"DenseLayer( 64,1 )","biases",0.0032891965843737125,7.5430003926157957e-05,0.0229426350812146,0.027254530482604448,0.055040110045599569,0.029977132357342014,0,25,9.9999999999999998e-13
158,0,"Conv2DLayer(1,8,5, stride=5, padding=0)","all",1.4274748146955409,0.0010511674407443631,0.00073637862112490627,0.00084026980962190656,0.0019451023249124272,0.0019451023249124272,0,25,9.9999999999999998e-13
158,0,"Conv2DLayer(1,8,5, stride=5, padding=0)","weights",1.4234307979508649,0.00098820921446806688,0.00069424070736310369,0.00080585702351892942,0.0019314344090626051,0.0019314344090626051,0,25,9.9999999999999998e-13
158,0,"Conv2DLayer(1,8,5, stride=5, padding=0)","biases",0.10737365516853527,0.00030446928097957563,0.0028347554992455685,0.0032632880420261821,0.0068175468467703533,0.003618046090126351,0,25,9.9999999999999998e-13
158,4,"DenseLayer( 7202,128 )","all",19.229356014607955,0.036493427304607744,0.0018976170884090439,0.0019465811127862569,0.0029506382465158266,0.0029506382465158266,0,25,9.9999999999999998e-13
158,4,"DenseLayer( 7202,128 )","weights",19.228855427195288,0.036483467034597671,0.0018971485930247194,0.0019461001346861193,0.0029499493972663464,0.0029499493972663464,0,25,9.9999999999999998e-13
158,4,"DenseLayer( 7202,128 )","biases",0.13874903363643171,0.00085026662072877407,0.0061248136888162278,0.0062992396612164912,0.0092593550699583121,0.0092593550699583121,0,25,9.9999999999999998e-13
158,6,"DenseLayer( 128,64 )","all",9.2918136910014972,0.0069632002390381557,0.00074938020626723009,0.00079072543685146813,0.0013326958424549006,0.0013198547602391794,0,25,9.9999999999999998e-13
158,6,"DenseLayer( 128,64 )","weights",9.2910214834500984,0.0069226829169151301,0.00074508326004768598,0.00078635275211529315,0.0013219260455641399,0.0013163488457341675,0,25,9.9999999999999998e-13
158,6,"DenseLayer( 128,64 )","biases",0.12133125628552702,0.00073958745023292049,0.0060936754042232302,0.0064042255036803218,0.013004536164277405,0.0074184925319126516,0,25,9.9999999999999998e-13
158,8,"DenseLayer( 64,1 )","all",1.2494113003737606,0.00058891944994355629,0.00047134727708411189,0.00049944868465346304,0.00085560351619372419,0.00084444744358780615,0,25,9.9999999999999998e-13
158,8,"DenseLayer( 64,1 )","weights",1.2494067804154902,0.00058396707416266626,0.00046738478442529262,0.00049493190678518329,0.00084065366759958446,0.00083929227896923178,0,25,9.9999999999999998e-13
158,8,"DenseLayer( 64,1 )","biases",0.0033594748843461275,6.5360488370060915e-05,0.019487107517750558,0.024975261381723065,0.057685070571715492,0.035236064521010246,0,25,9.9999999999999998e-13
159,0,"Conv2DLayer(1,8,5, stride=5, padding=0)","all",1.4274352125464465,0.00094996045314533909,0.00066550568418155781,0.00079059574629161699,0.0019423350348567983,0.00064438677647959811,0,25,9.9999999999999998e-13
159,0,"Conv2DLayer(1,8,5, stride=5, padding=0)","weights",1.4233890548742056,0.0009014682622510812,0.00063332975943973492,0.00076223560402660304,0.0018793140952452381,0.00063447611350580125,0,25,9.9999999999999998e-13
159,0,"Conv2DLayer(1,8,5, stride=5, padding=0)","biases",0.10740052910089837,0.00027128615880239764,0.0025261901653608554,0.0028917808716521364,0.0067877641822977437,0.0016244465647007507,0,25,9.9999999999999998e-13
159,4,"DenseLayer( 7202,128 )","all",19.264919098310852,0.041583383170913167,0.0021586935210126897,0.0022463304126387456,0.003679405941644029,0.0012323198601496357,0,25,9.9999999999999998e-13
159,4,"DenseLayer( 7202,128 )","weights",19.264412803331133,0.041570591026883992,0.0021580861829928462,0.0022456932320735886,0.0036783989583693902,0.0012320437019127679,0,25,9.9999999999999998e-13
159,4,"DenseLayer( 7202,128 )","biases",0.13966729787889062,0.0010306013464623455,0.0073784173844622988,0.0077112091452883015,0.012493655184937077,0.00379892888827038,0,25,9.9999999999999998e-13
159,6,"DenseLayer( 128,64 )","all",9.2937372479539029,0.0070949904119733172,0.00076342554518852353,0.00080249242246365545,0.0013627504816153943,0.00048835384003906735,0,25,9.9999999999999998e-13
159,6,"DenseLayer( 128,64 )","weights",9.2929270417077419,0.007054467313994897,0.00075913138751054418,0.00079788030543667947,0.0013524466262911932,0.00048610141411756854,0,25,9.9999999999999998e-13
159,6,"DenseLayer( 128,64 )","biases",0.12271446897798079,0.00075161762053213706,0.0061263369019548316,0.0065569492563375721,0.012691477074122767,0.003573797191731985,0,25,9.9999999999999998e-13
159,8,"DenseLayer( 64,1 )","all",1.2499870274909408,0.00066584126310299493,0.00053269861079715229,0.00056626323860579399,0.0010719595758979454,0.00035681359867521432,0,25,9.9999999999999998e-13
159,8,"DenseLayer( 64,1 )","weights",1.2499823924895601,0.00066131776754047727,0.00052908129182552331,0.0005615967669102929,0.0010530708706628521,0.00035670316263288886,0,25,9.9999999999999998e-13
159,8,"DenseLayer( 64,1 )","biases",0.0034013810660690068,6.6422428935766214e-05,0.019810446098169045,0.027259902901007802,0.07649295617094809,0.0032173468837473108,0,25,9.9999999999999998e-13
160,0,"Conv2DLayer(1,8,5, stride=5, padding=0)","all",1.4273857080350913,0.00096436815586783574,0.00067561856175716228,0.00075555667074828276,0.0014402926147743579,0.00055174073893901566,0,25,9.9999999999999998e-13
160,0,"Conv2DLayer(1,8,5, stride=5, padding=0)","weights",1.4233660302256796,0.00092242536247676621,0.00064805507934006341,0.00072986069218687686,0.0014073473748209585,0.00051434569090513381,0,25,9.9999999999999998e-13
160,0,"Conv2DLayer(1,8,5, stride=5, padding=0)","biases",0.10704679122099135,0.00026712183240257969,0.0024971711941105079,0.0027085201991735074,0.0045840962479417862,0.0027116258164026556,0,25,9.9999999999999998e-13
160,4,"DenseLayer( 7202,128 )","all",19.29074757109381,0.038364438080336988,0.0019885424337779977,0.0021809834515524843,0.0039279908428794235,0.0030329949564646009,0,25,9.9999999999999998e-13
160,4,"DenseLayer( 7202,128 )","weights",19.29023948821801,0.038357725675005901,0.0019882467558683392,0.0021807547974087142,0.0039279319953235093,0.0030329103781484611,0,25,9.9999999999999998e-13
160,4,"DenseLayer( 7202,128 )","biases",0.1400081311931009,0.00067379440891215231,0.0048127315239486343,0.0048663178523777328,0.0061152191034419719,0.0043586399483766993,0,25,9.9999999999999998e-13
160,6,"DenseLayer( 128,64 )","all",9.2951207159830762,0.0048270817410055534,0.00051931351013079696,0.00052587093265209087,0.00070756291859491315,0.00050124745802550535,0,25,9.9999999999999998e-13
160,6,"DenseLayer( 128,64 )","weights",9.2943054995054357,0.0047993933025531534,0.00051637999261929478,0.00052284158866910838,0.00070302528259010228,0.00049834163514473901,0,25,9.9999999999999998e-13
160,6,"DenseLayer( 128,64 )","biases",0.12310308473770928,0.00051301409428669911,0.0041673436143520124,0.0042877244429191134,0.0064920678946523789,0.0041151900656597991,0,25,9.9999999999999998e-13
160,8,"DenseLayer( 64,1 )","all",1.2506950937863233,0.00045240438479662404,0.00036171895754944785,0.00037124281453524208,0.00055186248221766692,0.00034805115442929627,0,25,9.9999999999999998e-13
160,8,"DenseLayer( 64,1 )","weights",1.2506901877391621,0.00044986016703806969,0.00035968617807852324,0.00036886683107709221,0.00054633093860004549,0.00034706308316389064,0,25,9.9999999999999998e-13
160,8,"DenseLayer( 64,1 )","biases",0.0035022368561476469,4.1481917724013331e-05,0.011798508322197586,0.014943149304693822,0.032176077431210266,0.0092583804418971023,0,25,9.9999999999999998e-13
161,0,"Conv2DLayer(1,8,5, stride=5, padding=0)","all",1.4274279816972726,0.0017346920431619063,0.0012152584753396215,0.0013400484680216134,0.0031932201716818763,0.00098791365648754335,0,25,9.9999999999999998e-13
161,0,"Conv2DLayer(1,8,5, stride=5, padding=0)","weights",1.423355435887693,0.0016786787728141986,0.0011793824464778652,0.0013110002154132089,0.0031813968126567327,0.0009861499339953153,0,25,9.9999999999999998e-13
161,0,"Conv2DLayer(1,8,5, stride=5, padding=0)","biases",0.10774847982723462,0.00039819247038938409,0.0036973371883119526,0.0039056475926065432,0.0067771368654535773,0.0012545821421111691,0,25,9.9999999999999998e-13
161,4,"DenseLayer( 7202,128 )","all",19.320402434103723,0.04295742234431299,0.0022234934831297415,0.0022551251093781682,0.0031464060773234216,0.0017019216607992898,0,25,9.9999999999999998e-13
161,4,"DenseLayer( 7202,128 )","weights",19.319893534268566,0.042948940965498617,0.0022231130568388796,0.0022547484975414247,0.0031460134930524253,0.0017015312818976747,0,25,9.9999999999999998e-13
161,4,"DenseLayer( 7202,128 )","biases",0.14022771254962568,0.00083713604207523895,0.005970740841275737,0.0061118619273319011,0.008366265310913109,0.0052869205398328595,0,25,9.9999999999999998e-13
161,6,"DenseLayer( 128,64 )","all",9.2969558446093661,0.0060448621280085584,0.0006501956854043831,0.00066549874899723461,0.0010244288127504737,0.00066388572201269422,0,25,9.9999999999999998e-13
161,6,"DenseLayer( 128,64 )","weights",9.2961380850807149,0.0060125612444585615,0.00064677824936013181,0.00066202183840526974,0.0010207865138064042,0.0006585932430891783,0,25,9.9999999999999998e-13
161,6,"DenseLayer( 128,64 )","biases",0.12330649336338842,0.00061701793178490323,0.005002763164467715,0.0051626493970807104,0.0078228274903653205,0.0063093404705920359,0,25,9.9999999999999998e-13
161,8,"DenseLayer( 64,1 )","all",1.2516735309092208,0.00059608842275876987,0.00047623411047013366,0.00049334254193443984,0.00075464580785197821,0.00054390377892117711,0,25,9.9999999999999998e-13
161,8,"DenseLayer( 64,1 )","weights",1.2516687789015959,0.00059278202584003219,0.00047359438297413562,0.00049038971701637762,0.00074884258930208922,0.00053734321360829058,0,25,9.9999999999999998e-13
161,8,"DenseLayer( 64,1 )","biases",0.0034482910111546515,5.5689532309770584e-05,0.016115196936838397,0.019515215711429459,0.046334299274413973,0.031851100405738707,0,25,9.9999999999999998e-13
162,0,"Conv2DLayer(1,8,5, stride=5, padding=0)","all",1.4277162501117719,0.0022070537970285426,0.001545906827727393,0.0017254348265659852,0.0033547994440750761,0.0008205921551372805,0,25,9.9999999999999998e-13
162,0,"Conv2DLayer(1,8,5, stride=5, padding=0)","weights",1.4234489835071571,0.0020971515922884585,0.0014733031302286649,0.0016633898811577803,0.0032692627944310706,0.00076979982920589367,0,25,9.9999999999999998e-13
162,0,"Conv2DLayer(1,8,5, stride=5, padding=0)","biases",0.11029494382138798,0.00063549518813727955,0.0057689594527884818,0.0061775093093723943,0.010412523362496411,0.0036919556682008916,0,25,9.9999999999999998e-13
162,4,"DenseLayer( 7202,128 )","all",19.360066815283691,0.068514991558262919,0.0035392942991210219,0.0036492491762705873,0.0051574641130433269,0.0019219498402051798,0,25,9.9999999999999998e-13
162,4,"DenseLayer( 7202,128 )","weights",19.359549084347169,0.068504681231918815,0.0035388561441120955,0.0036487976186785234,0.0051566793586155504,0.0019216514679516463,0,25,9.9999999999999998e-13
162,4,"DenseLayer( 7202,128 )","biases",0.14158170116858582,0.0011802477399397622,0.0083455461193697872,0.0086715083222482035,0.013970568680932305,0.0049604554686452649,0,25,9.9999999999999998e-13
162,6,"DenseLayer( 128,64 )","all",9.2988347048708739,0.0070834543005540871,0.00076175987529983693,0.00077447190398436663,0.0010116070701105028,0.00061817557577002215,0,25,9.9999999999999998e-13
162,6,"DenseLayer( 128,64 )","weights",9.2979986330687474,0.0070453556860504809,0.00075773074248364084,0.00077026080230453665,0.0010023042716625576,0.00061630149070230537,0,25,9.9999999999999998e-13
162,6,"DenseLayer( 128,64 )","biases",0.12469168329680069,0.00071821940724770981,0.0057661075037017838,0.0060768399288584716,0.010313389591989644,0.0036315947340316364,0,25,9.9999999999999998e-13
162,8,"DenseLayer( 64,1 )","all",1.2525098141911688,0.00061943554588745437,0.00049456126259922657,0.00051583982489567925,0.00084120150119731583,0.00033382671760650868,0,25,9.9999999999999998e-13
162,8,"DenseLayer( 64,1 )","weights",1.2525050374069278,0.00061392021982706313,0.00049015961118326198,0.00051061557044926114,0.00082669335080174072,0.00033379471154261546,0,25,9.9999999999999998e-13
162,8,"DenseLayer( 64,1 )","biases",0.0034577754978090524,7.5199631974101071e-05,0.021995138253476848,0.027015630580553153,0.058789027327452108,0.0016740410391678511,0,25,9.9999999999999998e-13
163,0,"Conv2DLayer(1,8,5, stride=5, padding=0)","all",1.4280236962299453,0.0020584714505301328,0.0014414917866589292,0.0015416664345799919,0.0029706144026099847,0.0014507494082817299,0,25,9.9999999999999998e-13
163,0,"Conv2DLayer(1,8,5, stride=5, padding=0)","weights",1.4234216265666835,0.0019698030911469763,0.0013838614363095717,0.0014885000783993966,0.0028975865292278553,0.0014086860636271276,0,25,9.9999999999999998e-13
163,0,"Conv2DLayer(1,8,5, stride=5, padding=0)","biases",0.11454553878499156,0.00055629450028852603,0.0048494680178503636,0.005206836624326183,0.0086739161657598263,0.004451098635106435,0,25,9.9999999999999998e-13
163,4,"DenseLayer( 7202,128 )","all",19.409733527404157,0.038870748353943677,0.0020025252215455712,0.0020569874159949478,0.0032745169588598096,0.0029740981237991173,0,25,9.9999999999999998e-13
163,4,"DenseLayer( 7202,128 )","weights",19.409202107701791,0.038862086490020736,0.0020021338081452401,0.0020565813853362465,0.0032736988059023945,0.0029735189349989416,0,25,9.9999999999999998e-13
163,4,"DenseLayer( 7202,128 )","biases",0.14362780165719299,0.00081369029538857411,0.0056647739642077576,0.0058929427884526859,0.010438955675681955,0.0084470599916341756,0,25,9.9999999999999998e-13
163,6,"DenseLayer( 128,64 )","all",9.3000503184405563,0.0061958869758705496,0.00066621323036382852,0.00070888815678709456,0.0013889156039919072,0.0010786487378620061,0,25,9.9999999999999998e-13
163,6,"DenseLayer( 128,64 )","weights",9.2992192774631235,0.0061578822561576289,0.00066218591643808734,0.00070436017656518328,0.0013779052905833573,0.0010725589425492838,0,25,9.9999999999999998e-13
163,6,"DenseLayer( 128,64 )","biases",0.12432488226498886,0.00068080232167725319,0.0054790409418111665,0.0060334783520094174,0.013212352472005274,0.008626945169578867,0,25,9.9999999999999998e-13
163,8,"DenseLayer( 64,1 )","all",1.2532003328235248,0.00056053256855684904,0.00044726060749303135,0.00048196845410932105,0.00093369609652778731,0.00082694567021811564,0,25,9.9999999999999998e-13
163,8,"DenseLayer( 64,1 )","weights",1.2531952076003552,0.00055548362026061463,0.00044323397589884011,0.00047682589874979117,0.00091728833740013554,0.00081696206296563744,0,25,9.9999999999999998e-13
163,8,"DenseLayer( 64,1 )","biases",0.0035829526837915181,6.9820471107959751e-05,0.019574059491396699,0.024804447409307536,0.063324543778650072,0.045975259496960255,0,25,9.9999999999999998e-13
164,0,"Conv2DLayer(1,8,5, stride=5, padding=0)","all",1.4283680260387313,0.0023127362131152521,0.001619174885495338,0.0017326686324058,0.0030661751374167047,0.0010701719663730339,0,25,9.9999999999999998e-13
164,0,"Conv2DLayer(1,8,5, stride=5, padding=0)","weights",1.423375399233066,0.0022612150614084508,0.0015886164941573129,0.001703941440790607,0.0030594804187759261,0.0010399112313701027,0,25,9.9999999999999998e-13
164,0,"Conv2DLayer(1,8,5, stride=5, padding=0)","biases",0.11931350854965904,0.00046166151114734893,0.0038791726427951697,0.0041451374239009362,0.0072392906121279315,0.0031521554474444342,0,25,9.9999999999999998e-13
164,4,"DenseLayer( 7202,128 )","all",19.435721804500552,0.062014517395645605,0.0031910938989697063,0.0033975259599138543,0.0066100996510786922,0.0023070793736641578,0,25,9.9999999999999998e-13
164,4,"DenseLayer( 7202,128 )","weights",19.435183409673542,0.062006223500832444,0.0031907554519507203,0.0033972422498054701,0.0066100392797141562,0.0023066789530629683,0,25,9.9999999999999998e-13
164,4,"DenseLayer( 7202,128 )","biases",0.14466269731359202,0.00096436581680291319,0.0066706301721770368,0.0068145097474901,0.010756502222110527,0.0061692049926510978,0,25,9.9999999999999998e-13
164,6,"DenseLayer( 128,64 )","all",9.302205250568548,0.0073724454620659437,0.00079255959439136076,0.00081001297659690635,0.0013042517254073394,0.00059295400197234061,0,25,9.9999999999999998e-13
164,6,"DenseLayer( 128,64 )","weights",9.3013586619220678,0.0073354102390995619,0.00078864979805338942,0.00080596849829810005,0.0012973846699127827,0.00059137820222768885,0,25,9.9999999999999998e-13
164,6,"DenseLayer( 128,64 )","biases",0.12549439233791901,0.00073087611716586283,0.0058315997084903331,0.0060629008680333643,0.010434001472047205,0.0032188000125564177,0,25,9.9999999999999998e-13
164,8,"DenseLayer( 64,1 )","all",1.2539018582414441,0.00064686440973699675,0.00051590019568225612,0.00054099470075494001,0.00087441047792240949,0.00039327325304719997,0,25,9.9999999999999998e-13
164,8,"DenseLayer( 64,1 )","weights",1.2538962475637461,0.00064362141975449671,0.00051331573552262206,0.00053766633386555349,0.000864563796344641,0.00039314422222553556,0,25,9.9999999999999998e-13
164,8,"DenseLayer( 64,1 )","biases",0.0037485129293054341,5.2467314526438712e-05,0.014244099865755765,0.020736623842154262,0.05996732369777534,0.0031483558183266736,0,25,9.9999999999999998e-13
165,0,"Conv2DLayer(1,8,5, stride=5, padding=0)","all",1.4285964969340663,0.0014531919379237135,0.001017219192251932,0.00116394934463487,0.0029621422523181465,0.0010398963248793088,0,25,9.9999999999999998e-13
165,0,"Conv2DLayer(1,8,5, stride=5, padding=0)","weights",1.4233725406726951,0.0014125905985924525,0.00099243086956760616,0.0011408486197523179,0.0029291778682129428,0.001025144259774146,0,25,9.9999999999999998e-13
165,0,"Conv2DLayer(1,8,5, stride=5, padding=0)","biases",0.12205888711697956,0.00032711635511025095,0.0026791428998735561,0.0029309110912184317,0.0059482880348307255,0.0022719334271843802,0,25,9.9999999999999998e-13
165,4,"DenseLayer( 7202,128 )","all",19.471222992580703,0.046019512973392636,0.0023633627918140583,0.0024669964135305474,0.0037833424026372624,0.0020926406175758258,0,25,9.9999999999999998e-13
165,4,"DenseLayer( 7202,128 )","weights",19.470675729457998,0.046010370252333239,0.002362959609927359,0.0024665991914903434,0.0037828638138926994,0.0020923804650985712,0,25,9.9999999999999998e-13
165,4,"DenseLayer( 7202,128 )","biases",0.14598377759983908,0.00090719472107347182,0.0062157724523676117,0.0064016815605895576,0.010060827993985272,0.004842761820894736,0,25,9.9999999999999998e-13
165,6,"DenseLayer( 128,64 )","all",9.3034355621043048,0.0066245640098568648,0.00071205435929514317,0.00073411669648194974,0.0012066235365157663,0.0005958023987526858,0,25,9.9999999999999998e-13
165,6,"DenseLayer( 128,64 )","weights",9.3025768782274909,0.0065855684544123506,0.00070792816150910506,0.00072976276711385487,0.0011974102626450822,0.00059427955734198351,0,25,9.9999999999999998e-13
165,6,"DenseLayer( 128,64 )","biases",0.12639852961702952,0.00071008473565561687,0.0056188125939364338,0.005923109472675909,0.011005515414590923,0.0031744955511239419,0,25,9.9999999999999998e-13
165,8,"DenseLayer( 64,1 )","all",1.2544309561413376,0.00062590315178895968,0.00049895661186998247,0.00052435561652873551,0.00086941141575665442,0.00038921250977213537,0,25,9.9999999999999998e-13
165,8,"DenseLayer( 64,1 )","weights",1.254424930940051,0.00061953941684081133,0.00049388596641766693,0.00051846887981517808,0.00085652368422705445,0.00038796574181574803,0,25,9.9999999999999998e-13
165,8,"DenseLayer( 64,1 )","biases",0.0038862433843314648,8.363367989659309e-05,0.021608848346354986,0.02552374502664807,0.056161156950663059,0.0094549656056097907,0,25,9.9999999999999998e-13
166,0,"Conv2DLayer(1,8,5, stride=5, padding=0)","all",1.428722713834786,0.0011289203944276267,0.00079015938989569507,0.00084076129539559805,0.0012871596292025019,0.00091117091323477328,0,25,9.9999999999999998e-13
166,0,"Conv2DLayer(1,8,5, stride=5, padding=0)","weights",1.423374974700506,0.0010859746628106841,0.0007629578952492354,0.00081827985775319995,0.001263829153851334,0.00089897738592234011,0,25,9.9999999999999998e-13
166,0,"Conv2DLayer(1,8,5, stride=5, padding=0)","biases",0.12349983698695059,0.00028003741785221991,0.0022672261579028971,0.0023788526906934298,0.0041474007476937427,0.0019348241668599123,0,25,9.9999999999999998e-13
166,4,"DenseLayer( 7202,128 )","all",19.490332006292963,0.040171139320048344,0.0020610225486174657,0.0020960244223161215,0.0027190585841137521,0.0023797475111234012,0,25,9.9999999999999998e-13
166,4,"DenseLayer( 7202,128 )","weights",19.489777370875981,0.040162104872828737,0.0020606177021588947,0.0020956051147709817,0.0027185638340809222,0.0023791339301812413,0,25,9.9999999999999998e-13
166,4,"DenseLayer( 7202,128 )","biases",0.1470358999884876,0.00084825841750083833,0.0057672286910356073,0.0059362437488517696,0.0084003416690297504,0.0075018717319051201,0,25,9.9999999999999998e-13
166,6,"DenseLayer( 128,64 )","all",9.3051855768455898,0.0067016245179336463,0.00072019474625257423,0.00073895813916759472,0.0011143713114863934,0.00079602776284403494,0,25,9.9999999999999998e-13
166,6,"DenseLayer( 128,64 )","weights",9.3043168003031091,0.0066638496898027786,0.00071620219714974996,0.00073476027438339263,0.0011064999051290671,0.00079085994800946497,0,25,9.9999999999999998e-13
166,6,"DenseLayer( 128,64 )","biases",0.12715038973849446,0.00070474528841494427,0.0055394873833773299,0.0057968164678253702,0.0096607055626197411,0.0066458961885190668,0,25,9.9999999999999998e-13
166,8,"DenseLayer( 64,1 )","all",1.2550622999407295,0.00064946513562822491,0.00051746560413420712,0.00054022575683463118,0.00083748087263748651,0.00064461927049955237,0,25,9.9999999999999998e-13
166,8,"DenseLayer( 64,1 )","weights",1.2550560133034261,0.00064366233434909488,0.000512844647432102,0.00053502666971949446,0.00082885960626831998,0.00063783938340943817,0,25,9.9999999999999998e-13
166,8,"DenseLayer( 64,1 )","biases",0.0039712022338062522,7.9617444425821306e-05,0.02007898439467648,0.023704759751455889,0.041127470444766973,0.028586167157850034,0,25,9.9999999999999998e-13
167,0,"Conv2DLayer(1,8,5, stride=5, padding=0)","all",1.4287604321148266,0.00087662606804028969,0.0006135561833415555,0.00067682604319776248,0.0014164946451805948,0.00051639677130339086,0,25,9.9999999999999998e-13
167,0,"Conv2DLayer(1,8,5, stride=5, padding=0)","weights",1.4233763440147789,0.00083272271060294968,0.00058503313819131884,0.00065138894404789729,0.0013994673365215974,0.00051575593792211531,0,25,9.9999999999999998e-13
167,0,"Conv2DLayer(1,8,5, stride=5, padding=0)","biases",0.12391981614150997,0.00024502683100151963,0.0019770874022239492,0.0022170804449452601,0.0044520530490149953,0.00059543093885073184,0,25,9.9999999999999998e-13
167,4,"DenseLayer( 7202,128 )","all",19.516182213118803,0.036660684929689026,0.0018785257419790633,0.0019396047037583367,0.00282796699767097,0.0016201204180438995,0,25,9.9999999999999998e-13
167,4,"DenseLayer( 7202,128 )","weights",19.515620033472437,0.03665091582039752,0.0018780792595150901,0.0019391430498220108,0.0028273767736284629,0.0016197300515067871,0,25,9.9999999999999998e-13
167,4,"DenseLayer( 7202,128 )","biases",0.1481308385436326,0.00084518204694138512,0.0057058646534951848,0.0059023594212316791,0.0088242596565218726,0.0049440244049426627,0,25,9.9999999999999998e-13
167,6,"DenseLayer( 128,64 )","all",9.3069763967943722,0.0060220482107494078,0.00064704868538768324,0.00067255945674530801,0.0011036440870754803,0.00040385704254431316,0,25,9.9999999999999998e-13
167,6,"DenseLayer( 128,64 )","weights",9.3060984969254505,0.0059876866950324273,0.00064341737752848576,0.0006687373904426001,0.0010961874329249593,0.00040160221562454554,0,25,9.9999999999999998e-13
167,6,"DenseLayer( 128,64 )","biases",0.12782924597294915,0.00063607214972823231,0.0049751515755296367,0.0052536884878344164,0.0093565481388763142,0.0031250603494282049,0,25,9.9999999999999998e-13
167,8,"DenseLayer( 64,1 )","all",1.2557977753770593,0.00054924570940874916,0.00043737426111785057,0.00046383258754053951,0.00074382524939681943,0.00022296108005665039,0,25,9.9999999999999998e-13
167,8,"DenseLayer( 64,1 )","weights",1.2557915039208034,0.00054469801927068307,0.00043375512338652455,0.00045985677610708227,0.00073729432045763644,0.00022268227404912907,0,25,9.9999999999999998e-13
167,8,"DenseLayer( 64,1 )","biases",0.00396787378937006,6.2831975519657142e-05,0.015820593794067472,0.019166263240015878,0.03753034001174399,0.0034699363347923734,0,25,9.9999999999999998e-13
168,0,"Conv2DLayer(1,8,5, stride=5, padding=0)","all",1.4287070961297597,0.00085425284329098197,0.00059791886737465617,0.00064054728040607064,0.0013209884632788694,0.00050173795021986496,0,25,9.9999999999999998e-13
168,0,"Conv2DLayer(1,8,5, stride=5, padding=0)","weights",1.4233776343175841,0.00081139469627955344,0.00057004916935205266,0.00061458240559455872,0.0012804433913349135,0.00047423946661789238,0,25,9.9999999999999998e-13
168,0,"Conv2DLayer(1,8,5, stride=5, padding=0)","biases",0.12328804442511677,0.00025445277312637331,0.0020633014295086301,0.0021793343481673754,0.0039724638989198412,0.0019651410525941002,0,25,9.9999999999999998e-13
168,4,"DenseLayer( 7202,128 )","all",19.547718446087003,0.038610551967170684,0.0019752671241745315,0.0020201126222337278,0.0030299991171093858,0.0024388081031656685,0,25,9.9999999999999998e-13
168,4,"DenseLayer( 7202,128 )","weights",19.54714884925961,0.038600179114789676,0.0019747939889501569,0.0020196294281652261,0.0030293013955480668,0.0024382198525887112,0,25,9.9999999999999998e-13
168,4,"DenseLayer( 7202,128 )","biases",0.1492250643936899,0.0008937058237140842,0.0059900352483503701,0.0061312222583562708,0.0090529121631792615,0.0073946638484364072,0,25,9.9999999999999998e-13
168,6,"DenseLayer( 128,64 )","all",9.309088825230905,0.0062699951893961069,0.00067354091884642682,0.00069970315569677305,0.0010885705993263245,0.00092052037812415046,0,25,9.9999999999999998e-13
168,6,"DenseLayer( 128,64 )","weights",9.3081907075475101,0.0062359936958104739,0.00066995293834810671,0.00069594581074144209,0.0010820045026806665,0.00091490226035699539,0,25,9.9999999999999998e-13
168,6,"DenseLayer( 128,64 )","biases",0.12930659431080188,0.00064774738834982545,0.0050129968392533834,0.0052668646685335727,0.008732482488948581,0.0073314597464977423,0,25,9.9999999999999998e-13
168,8,"DenseLayer( 64,1 )","all",1.256362497224754,0.00057018679670357538,0.00045385150400980223,0.00047687498692010495,0.00075165065848110208,0.00067103837457184554,0,25,9.9999999999999998e-13
168,8,"DenseLayer( 64,1 )","weights",1.2563561806296688,0.00056743213987229277,0.00045166092175393891,0.00047423840671640945,0.0007416000744819044,0.00066717994046759481,0,25,9.9999999999999998e-13
168,8,"DenseLayer( 64,1 )","biases",0.0039833351224660869,4.8953481018543245e-05,0.012340755495847577,0.015896469437325225,0.038321071609249392,0.022271972303170025,0,25,9.9999999999999998e-13
169,0,"Conv2DLayer(1,8,5, stride=5, padding=0)","all",1.4286626030531695,0.00076286084960876656,0.00053396611528775957,0.00057607584831215457,0.00099926062580471737,0.00044885906712553909,0,25,9.9999999999999998e-13
169,0,"Conv2DLayer(1,8,5, stride=5, padding=0)","weights",1.4233704936020477,0.0007252932083541819,0.00050955883702656613,0.00055342019134390567,0.00096310173285843199,0.00039156446717726807,0,25,9.9999999999999998e-13
169,0,"Conv2DLayer(1,8,5, stride=5, padding=0)","biases",0.12285460440789553,0.00022616190774459963,0.0018407943574932513,0.0019406901922093835,0.0032431017642511432,0.0025885120911544233,0,25,9.9999999999999998e-13
169,4,"DenseLayer( 7202,128 )","all",19.573223700269914,0.037413815003686249,0.0019114667693560848,0.0019567629989532612,0.0028511286816966254,0.00192580105452115,0,25,9.9999999999999998e-13
169,4,"DenseLayer( 7202,128 )","weights",19.572649537019473,0.037403205811664633,0.0019109808084612947,0.0019562562241204023,0.0028503358023233079,0.001925226519163677,0,25,9.9999999999999998e-13
169,4,"DenseLayer( 7202,128 )","biases",0.14991939927693354,0.00088896090964301038,0.005929994032536301,0.0061347902873163706,0.0092478766806925877,0.0064641366512900797,0,25,9.9999999999999998e-13
169,6,"DenseLayer( 128,64 )","all",9.3115861631536294,0.0065494061957272346,0.00070335346138603527,0.00072571457269155718,0.0012457498563019276,0.00079424326281604988,0,25,9.9999999999999998e-13
169,6,"DenseLayer( 128,64 )","weights",9.3106739230537769,0.0065084810791115029,0.00069902702959475369,0.00072098857394244965,0.0012349176161720629,0.0007877632949309008,0,25,9.9999999999999998e-13
169,6,"DenseLayer( 128,64 )","biases",0.13033759640006395,0.00072274459602979073,0.005543113098892956,0.005946545876337566,0.011745871766917571,0.007285354842028185,0,25,9.9999999999999998e-13
169,8,"DenseLayer( 64,1 )","all",1.2578183185452623,0.00064825854956790309,0.00051536535121992993,0.000544434322908955,0.00098400178010953857,0.00068890084426580884,0,25,9.9999999999999998e-13
169,8,"DenseLayer( 64,1 )","weights",1.2578113476186843,0.00064171837037884435,0.00051016917527998431,0.00053809441335691882,0.00096690331325127244,0.0006782185502531477,0,25,9.9999999999999998e-13
169,8,"DenseLayer( 64,1 )","biases",0.0041860486380755901,8.59324261546135e-05,0.020539645978978907,0.024895598305843768,0.055437663309405534,0.037277747522006702,0,25,9.9999999999999998e-13
170,0,"Conv2DLayer(1,8,5, stride=5, padding=0)","all",1.428574421275828,0.0010578656962526739,0.00074050630149433117,0.00081872598394622101,0.0015798356027675209,0.00023139536829164055,0,25,9.9999999999999998e-13
170,0,"Conv2DLayer(1,8,5, stride=5, padding=0)","weights",1.423332598131537,0.0010176668888283026,0.00071499176997332306,0.00079713738027044692,0.0015649328956338475,0.00022063079993484477,0,25,9.9999999999999998e-13
170,0,"Conv2DLayer(1,8,5, stride=5, padding=0)","biases",0.12226676511812065,0.000264223936995622,0.0021601343630515443,0.0023216407073472236,0.0040410446357567655,0.00084649928644995947,0,25,9.9999999999999998e-13
170,4,"DenseLayer( 7202,128 )","all",19.59525157813033,0.038741873293735289,0.0019771508047019709,0.0020164443376280432,0.0024709073066537649,0.001165707492192587,0,25,9.9999999999999998e-13
170,4,"DenseLayer( 7202,128 )","weights",19.594677168177494,0.038729658369398859,0.0019765853504236596,0.0020158624938403655,0.0024700262687184409,0.0011654695930748053,0,25,9.9999999999999998e-13
170,4,"DenseLayer( 7202,128 )","biases",0.15003594037393747,0.00097084600009744531,0.0064722015536187944,0.0066419800307184187,0.0089967480171449978,0.0032839415453036853,0,25,9.9999999999999998e-13
170,6,"DenseLayer( 128,64 )","all",9.3140604292198912,0.0073326370641000234,0.00078726987679889266,0.0008113616211977686,0.0010660621949885884,0.00052694249743519413,0,25,9.9999999999999998e-13
170,6,"DenseLayer( 128,64 )","weights",9.3131434977949166,0.007287143226413547,0.00078246242065168128,0.00080633834640417876,0.0010609723976236348,0.00052430035182930062,0,25,9.9999999999999998e-13
170,6,"DenseLayer( 128,64 )","biases",0.13068961964629663,0.00080827504313478492,0.0061857492833307486,0.0064770351825293926,0.0091076123398612062,0.0037875021514946834,0,25,9.9999999999999998e-13
170,8,"DenseLayer( 64,1 )","all",1.2589941479850018,0.00073792370739515236,0.00058613427096997463,0.00061435162189762992,0.00085584827906054288,0.000302490079438432,0,25,9.9999999999999998e-13
170,8,"DenseLayer( 64,1 )","weights",1.2589870644412637,0.0007304535293082403,0.00058020370286748812,0.00060760442968806083,0.00084632186594463179,0.00030224378074780522,0,25,9.9999999999999998e-13
170,8,"DenseLayer( 64,1 )","biases",0.0042210694588720801,9.7876545041799545e-05,0.023282686523073536,0.027253491782537921,0.045072460279107565,0.003606065164533186,0,25,9.9999999999999998e-13
171,0,"Conv2DLayer(1,8,5, stride=5, padding=0)","all",1.4285562342664722,0.0011738713716759083,0.00082171805813770942,0.00094593257820801166,0.0018717875885795119,0.0018210533965922397,0,25,9.9999999999999998e-13
171,0,"Conv2DLayer(1,8,5, stride=5, padding=0)","weights",1.4233598892443435,0.0011337771022990727,0.00079654697459298604,0.00092580888689898554,0.0018323375309204442,0.0017924357283284217,0,25,9.9999999999999998e-13
171,0,"Conv2DLayer(1,8,5, stride=5, padding=0)","biases",0.12173545136062909,0.00027794600431924808,0.0022837235013162685,0.0024595097381733102,0.0048535757555863831,0.0041842385587516897,0,25,9.9999999999999998e-13
171,4,"DenseLayer( 7202,128 )","all",19.620795866660291,0.037182530857840172,0.0018949936864414184,0.001945505156460406,0.0027307332516403539,0.0027307332516403539,0,25,9.9999999999999998e-13
171,4,"DenseLayer( 7202,128 )","weights",19.620214373602661,0.037170981884586098,0.0018944612519578522,0.0019449546442779754,0.0027299752280564578,0.0027299752280564578,0,25,9.9999999999999998e-13
171,4,"DenseLayer( 7202,128 )","biases",0.15105615716596585,0.00092544527516753958,0.0061257521872360304,0.006317095928199107,0.0089812090362075929,0.0087727271704095382,0,25,9.9999999999999998e-13
171,6,"DenseLayer( 128,64 )","all",9.3161316125490767,0.0065467269589722247,0.00070272306917909392,0.00072935068152991966,0.001112183527014533,0.001112183527014533,0,25,9.9999999999999998e-13
171,6,"DenseLayer( 128,64 )","weights",9.3152042609672456,0.0065105004811861203,0.00069890414395673409,0.00072539899452117183,0.0011076526190114846,0.0011076526190114846,0,25,9.9999999999999998e-13
171,6,"DenseLayer( 128,64 )","biases",0.13144445931082713,0.00067924620457012602,0.0051663761904824374,0.0054203337645293377,0.0083442479468696824,0.007176714700117234,0,25,9.9999999999999998e-13
171,8,"DenseLayer( 64,1 )","all",1.2601014202484238,0.00063199023577410935,0.00050151229288612829,0.00052556208318110809,0.000845659004853146,0.00081383552595031472,0,25,9.9999999999999998e-13
171,8,"DenseLayer( 64,1 )","weights",1.2600943019938526,0.00062682332016933808,0.00049741511889345169,0.00052103987238908214,0.00083653366441305028,0.00080897860365314095,0,25,9.9999999999999998e-13
171,8,"DenseLayer( 64,1 )","biases",0.004234159532934427,7.3503851890563968e-05,0.017280257549505282,0.020343217615354063,0.039301560969481203,0.025470038787839752,0,25,9.9999999999999998e-13
172,0,"Conv2DLayer(1,8,5, stride=5, padding=0)","all",1.4285055324874556,0.0012296328201354867,0.00086078183826730997,0.0009185785804089263,0.0014541391171360618,0.00070550655682468473,0,25,9.9999999999999998e-13
172,0,"Conv2DLayer(1,8,5, stride=5, padding=0)","weights",1.4233447102016927,0.0011849552396457894,0.00083251427572087085,0.00089393899743229989,0.0014244548634712762,0.00066065400018398108,0,25,9.9999999999999998e-13
172,0,"Conv2DLayer(1,8,5, stride=5, padding=0)","biases",0.12131710697338724,0.00030598375592010203,0.0025221857326650616,0.0026442714571497934,0.0044326240435153871,0.0029941585818836149,0,25,9.9999999999999998e-13
172,4,"DenseLayer( 7202,128 )","all",19.652583729159662,0.04620279637408415,0.0023509949692571089,0.0024194502412694372,0.0034720815121388553,0.0019547063873690909,0,25,9.9999999999999998e-13
172,4,"DenseLayer( 7202,128 )","weights",19.651991193929323,0.046187829360235813,0.0023503042664273503,0.0024187264523607933,0.0034709822185051702,0.0019540393218300425,0,25,9.9999999999999998e-13
172,4,"DenseLayer( 7202,128 )","biases",0.15260601587898856,0.0011732609657061817,0.0076873676438668076,0.0079930655328624631,0.012048443135509698,0.0068459936249515843,0,25,9.9999999999999998e-13
172,6,"DenseLayer( 128,64 )","all",9.318041656804434,0.0087044153738429532,0.00093414870779919771,0.00097304305145491947,0.0014186296729189836,0.00091989303717808567,0,25,9.9999999999999998e-13
172,6,"DenseLayer( 128,64 )","weights",9.3170950949496252,0.0086435033816361657,0.00092770593793951525,0.00096617894034367385,0.0014098496145460687,0.00091233490133087387,0,25,9.9999999999999998e-13
172,6,"DenseLayer( 128,64 )","biases",0.13281137793554532,0.0010203483835574318,0.0076826580734619624,0.0081510323328938972,0.012261559931505664,0.0082472524372749073,0,25,9.9999999999999998e-13
172,8,"DenseLayer( 64,1 )","all",1.2607735456705187,0.00087211624515843114,0.00069173737865708507,0.00074473608817693241,0.0011743465456103433,0.00060953249402362938,0,25,9.9999999999999998e-13
172,8,"DenseLayer( 64,1 )","weights",1.2607655252934593,0.00086025098232324782,0.00068233055417793432,0.00073411508699919238,0.0011584728032554155,0.00059836086443008777,0,25,9.9999999999999998e-13
172,8,"DenseLayer( 64,1 )","biases",0.0044920614361763003,0.00014008643105626107,0.031320313666253895,0.035449558019322855,0.057804212163565495,0.030614123732529461,0,25,9.9999999999999998e-13
173,0,"Conv2DLayer(1,8,5, stride=5, padding=0)","all",1.4284393178936017,0.00093602171446141059,0.00065527600519440881,0.00069365265508704169,0.0010627222633196995,0.0010547360973770189,0,25,9.9999999999999998e-13
173,0,"Conv2DLayer(1,8,5, stride=5, padding=0)","weights",1.4233244081731093,0.00089575366093781034,0.00062933815971436251,0.0006691963879264047,0.0010473926500170936,0.0010173921802293024,0,25,9.9999999999999998e-13
173,0,"Conv2DLayer(1,8,5, stride=5, padding=0)","biases",0.12077438399627013,0.00026011284345185193,0.0021542204961479288,0.0022614583944519776,0.0034525028650587292,0.0034525028650587292,0,25,9.9999999999999998e-13
173,4,"DenseLayer( 7202,128 )","all",19.680254412778091,0.038463740463620423,0.0019543828515928229,0.0019804170650439329,0.0027258389885703206,0.0026608816897381801,0,25,9.9999999999999998e-13
173,4,"DenseLayer( 7202,128 )","weights",19.679653485367442,0.038451804804038106,0.001953836038744528,0.0019798645762677093,0.0027251925755798706,0.0026601577426364404,0,25,9.9999999999999998e-13
173,4,"DenseLayer( 7202,128 )","biases",0.15379276028413708,0.00095661517558635271,0.0062202866361337154,0.0063050972256197251,0.0083866994523909087,0.0083866994523909087,0,25,9.9999999999999998e-13
173,6,"DenseLayer( 128,64 )","all",9.3206875152509152,0.0070653247578862099,0.00075802469710270883,0.00077384392400679759,0.0010869936277084712,0.00083497012063029892,0,25,9.9999999999999998e-13
173,6,"DenseLayer( 128,64 )","weights",9.3197163726527688,0.0070191123816848349,0.00075314509406205024,0.00076879212725163601,0.001078133499957409,0.0008317103759695291,0,25,9.9999999999999998e-13
173,6,"DenseLayer( 128,64 )","biases",0.13454492843153348,0.00080010805258233682,0.0059471803224470246,0.0061643193254132204,0.0096372169042823648,0.0051746976706056646,0,25,9.9999999999999998e-13
173,8,"DenseLayer( 64,1 )","all",1.2615321257530039,0.0006160188071276351,0.00048831360194681779,0.00051214216248667639,0.00080202907403585601,0.00045534717961969286,0,25,9.9999999999999998e-13
173,8,"DenseLayer( 64,1 )","weights",1.2615238656565433,0.00060962365193113928,0.00048324721900969234,0.00050633448862766111,0.0007891855662500362,0.00045121469967831769,0,25,9.9999999999999998e-13
173,8,"DenseLayer( 64,1 )","biases",0.0045633868314325808,8.1759020686149599e-05,0.017955742154182761,0.021351913172390685,0.038753236681260454,0.017332835302384018,0,25,9.9999999999999998e-13
174,0,"Conv2DLayer(1,8,5, stride=5, padding=0)","all",1.4284083880440379,0.0016952870592167604,0.0011868405910488212,0.0012539554210078694,0.002122843892252901,0.00093542524804253251,0,25,9.9999999999999998e-13
174,0,"Conv2DLayer(1,8,5, stride=5, padding=0)","weights",1.4233197549945014,0.0016527554447579975,0.001161204302771768,0.0012290609261763371,0.0020906743188053166,0.00091726833027175542,0,25,9.9999999999999998e-13
174,0,"Conv2DLayer(1,8,5, stride=5, padding=0)","biases",0.12046308582364455,0.00036425621782065179,0.0030233680609330852,0.0031934279874155278,0.0048304880584244189,0.0023538127967364288,0,25,9.9999999999999998e-13
174,4,"DenseLayer( 7202,128 )","all",19.705903936482109,0.047748929231019581,0.0024231590236893671,0.0024631874457049997,0.0032429506223715732,0.0015426890393334407,0,25,9.9999999999999998e-13
174,4,"DenseLayer( 7202,128 )","weights",19.70529328435558,0.047734525370181177,0.0024225030309877322,0.0024625130153282768,0.0032419645162796939,0.0015423014484711877,0,25,9.9999999999999998e-13
174,4,"DenseLayer( 7202,128 )","biases",0.15513067935269056,0.0011707139194521603,0.007552762952550582,0.0077350315462521198,0.010657193488349417,0.0045941013426667766,0,25,9.9999999999999998e-13
174,6,"DenseLayer( 128,64 )","all",9.3228316479128086,0.0075858673621850307,0.00081369143664877439,0.00084159458746551165,0.0011349805282497712,0.00040128006715272165,0,25,9.9999999999999998e-13
174,6,"DenseLayer( 128,64 )","weights",9.3218357827281313,0.0075431600690810709,0.00080919675418092906,0.00083687156556668972,0.0011268952574761881,0.00039952721432631044,0,25,9.9999999999999998e-13
174,6,"DenseLayer( 128,64 )","biases",0.13625942003758443,0.00079603442395579076,0.0058496633908439949,0.0061635410510251223,0.010223790127235186,0.002562254941529393,0,25,9.9999999999999998e-13
174,8,"DenseLayer( 64,1 )","all",1.2616168541662243,0.00072682351438812273,0.00057609542488294566,0.0006046302456765687,0.00095857532484265096,0.00030325483927129833,0,25,9.9999999999999998e-13
174,8,"DenseLayer( 64,1 )","weights",1.2616085403895003,0.00072296551233010011,0.00057304142568017529,0.00060103181895487779,0.00094909282230427373,0.00030272981975241136,0,25,9.9999999999999998e-13
174,8,"DenseLayer( 64,1 )","biases",0.0045790184475481511,6.4092800021171565e-05,0.013954102241336341,0.018119046155040102,0.045306677852943976,0.0050430753790223944,0,25,9.9999999999999998e-13
175,0,"Conv2DLayer(1,8,5, stride=5, padding=0)","all",1.4286570790088058,0.0026076097187901688,0.001825250455382848,0.0020069499981003095,0.0040647624763248966,0.001329682766033211,0,25,9.9999999999999998e-13
175,0,"Conv2DLayer(1,8,5, stride=5, padding=0)","weights",1.4233811796548401,0.0025237215717503888,0.0017730487804444137,0.0019665771479040243,0.0040295178018064049,0.0012875896111587252,0,25,9.9999999999999998e-13
175,0,"Conv2DLayer(1,8,5, stride=5, padding=0)","biases",0.12265267021490471,0.00058118936663748141,0.0047266547527742304,0.0050415225797729992,0.0076498468446497478,0.0039834280285928475,0,25,9.9999999999999998e-13
175,4,"DenseLayer( 7202,128 )","all",19.732885575636477,0.054378270115113099,0.0027555888249616903,0.0028343619477783468,0.0045036474491052933,0.0039151587981914584,0,25,9.9999999999999998e-13
175,4,"DenseLayer( 7202,128 )","weights",19.732262542003156,0.054368961417202516,0.002755204142416705,0.0028339826239107604,0.0045031909454426788,0.0039147412409506182,0,25,9.9999999999999998e-13
175,4,"DenseLayer( 7202,128 )","biases",0.15680521365208649,0.00099545168196699661,0.0063459309606077033,0.0064833302061547103,0.0092160041083381786,0.0081883640144162946,0,25,9.9999999999999998e-13
175,6,"DenseLayer( 128,64 )","all",9.3243878908075981,0.0068368836934876278,0.0007332233593272925,0.00074688959997962624,0.0010200025729436527,0.00084547709691392976,0,25,9.9999999999999998e-13
175,6,"DenseLayer( 128,64 )","weights",9.3233738131618775,0.006802126220557596,0.00072957511536222432,0.0007431931851645128,0.0010133857186532173,0.00084276127599383817,0,25,9.9999999999999998e-13
175,6,"DenseLayer( 128,64 )","biases",0.13751438577556963,0.00067448699443658198,0.004905673978724186,0.0050884966815988412,0.0079293245222027652,0.0046680937853178428,0,25,9.9999999999999998e-13
175,8,"DenseLayer( 64,1 )","all",1.2617908104981606,0.00064270128202804748,0.00050935152962560044,0.00052607085551403419,0.00075005796312444634,0.00046195809401376411,0,25,9.9999999999999998e-13
175,8,"DenseLayer( 64,1 )","weights",1.2617826046791665,0.00063766274559549159,0.00050536180175423154,0.0005216874515915458,0.00073875411654735065,0.00046114624864719003,0,25,9.9999999999999998e-13
175,8,"DenseLayer( 64,1 )","biases",0.0045496258884668347,7.0125814527273182e-05,0.015443888473058073,0.01884983304859798,0.036420434546176932,0.0074189084045394229,0,25,9.9999999999999998e-13
176,0,"Conv2DLayer(1,8,5, stride=5, padding=0)","all",1.4290834408748989,0.002852426943892102,0.0019959806141614839,0.0021357163300987337,0.0035690096017292391,0.0017536116287100272,0,25,9.9999999999999998e-13
176,0,"Conv2DLayer(1,8,5, stride=5, padding=0)","weights",1.423310724993776,0.0027863842675321542,0.0019576974803274896,0.0021045468155298608,0.0035384672865255251,0.001711935647853372,0,25,9.9999999999999998e-13
176,0,"Conv2DLayer(1,8,5, stride=5, padding=0)","biases",0.12831424587379819,0.00055800471354562273,0.0043460926332463349,0.0045588488972299604,0.0069552301783379743,0.0045030098695845611,0,25,9.9999999999999998e-13
176,4,"DenseLayer( 7202,128 )","all",19.76652279281241,0.078362896239167909,0.0039640159005828275,0.0041822127536951491,0.0066234997074543431,0.0030652009847047744,0,25,9.9999999999999998e-13
176,4,"DenseLayer( 7202,128 )","weights",19.765887978132032,0.078355403550814801,0.0039637642465330889,0.0041820079595481022,0.006623402391160515,0.0030650129626747123,0,25,9.9999999999999998e-13
176,4,"DenseLayer( 7202,128 )","biases",0.15841518836626434,0.0010267365700615237,0.0064803037393536102,0.0066460619335881235,0.0094043590751338273,0.0052272609653979604,0,25,9.9999999999999998e-13
176,6,"DenseLayer( 128,64 )","all",9.3264664578448819,0.0075309711824704372,0.00080748469784926418,0.00083124568872293002,0.0013479609090461036,0.00061143796990943374,0,25,9.9999999999999998e-13
176,6,"DenseLayer( 128,64 )","weights",9.3254533028371025,0.0074856469927036592,0.00080271216253860196,0.0008261938341315141,0.0013388997510295855,0.00060850757832570665,0,25,9.9999999999999998e-13
176,6,"DenseLayer( 128,64 )","biases",0.13746613403663316,0.00082088323502398823,0.0059699398271923308,0.0062589315343929437,0.0106154859672842,0.0041118993923966191,0,25,9.9999999999999998e-13
176,8,"DenseLayer( 64,1 )","all",1.2621449005246201,0.00070996666398709808,0.00056252395053985375,0.0005945089577486935,0.0010663132485068895,0.00041207011590964446,0,25,9.9999999999999998e-13
176,8,"DenseLayer( 64,1 )","weights",1.2621369896175363,0.00070351196786835814,0.00055741299388589369,0.00058847770485116876,0.0010517134190833669,0.00041103628098247008,0,25,9.9999999999999998e-13
176,8,"DenseLayer( 64,1 )","biases",0.0044664586149156093,8.8416393846273427e-05,0.019740393951971313,0.023696059794125479,0.049182195316615239,0.0079943949283793597,0,25,9.9999999999999998e-13
177,0,"Conv2DLayer(1,8,5, stride=5, padding=0)","all",1.4294241942165173,0.0019597500053537878,0.0013710058642925319,0.0014407575297617405,0.0024541871571395757,0.0012816428624547811,0,25,9.9999999999999998e-13
177,0,"Conv2DLayer(1,8,5, stride=5, padding=0)","weights",1.423258613154246,0.0018731197542733887,0.0013160853686351671,0.0013948441805711411,0.0024342139835656774,0.0012602856918524773,0,25,9.9999999999999998e-13
177,0,"Conv2DLayer(1,8,5, stride=5, padding=0)","biases",0.13261701718060354,0.00053714367774612465,0.0040538416846889469,0.0041390614920307394,0.0054076607553646718,0.0027882566005529349,0,25,9.9999999999999998e-13
177,4,"DenseLayer( 7202,128 )","all",19.81381616080624,0.063273576177090146,0.0031934604801681175,0.0032376876428128619,0.0045560520722833899,0.002901972914708647,0,25,9.9999999999999998e-13
177,4,"DenseLayer( 7202,128 )","weights",19.813182551153599,0.063262030090826135,0.0031929798844341161,0.0032371961231942468,0.0045555797479743176,0.0029012841813747673,0,25,9.9999999999999998e-13
177,4,"DenseLayer( 7202,128 )","biases",0.1584535900349674,0.0011926358635278812,0.0075281230807162005,0.0077646697309900429,0.011916386023802298,0.008337224573443101,0,25,9.9999999999999998e-13
177,6,"DenseLayer( 128,64 )","all",9.3283740522162866,0.0082450751856734672,0.00088386758034940133,0.00090362077544786624,0.0012348409946278866,0.0010267255010134734,0,25,9.9999999999999998e-13
177,6,"DenseLayer( 128,64 )","weights",9.3273697291198019,0.0082039801094001257,0.00087955685780546119,0.00089927583414589987,0.0012329033513181773,0.0010213929285763151,0,25,9.9999999999999998e-13
177,6,"DenseLayer( 128,64 )","biases",0.13688042796292402,0.00081152615263189803,0.0059295003776011612,0.0060997898398745965,0.0094046865855320332,0.0071497569429768808,0,25,9.9999999999999998e-13
177,8,"DenseLayer( 64,1 )","all",1.2626348066528015,0.00077227938095466274,0.00061165113850979766,0.00063399363038028477,0.00090281724183354157,0.00081444730444056243,0,25,9.9999999999999998e-13
177,8,"DenseLayer( 64,1 )","weights",1.2626267589910236,0.0007664233839050382,0.00060701678094076067,0.00062909028893217995,0.0008882446057089454,0.00080499462633005071,0,25,9.9999999999999998e-13
177,8,"DenseLayer( 64,1 )","biases",0.0045064650475978851,8.5879098623991009e-05,0.019148879563676259,0.022228470136272147,0.046933360244160047,0.035094993357798712,0,25,9.9999999999999998e-13
178,0,"Conv2DLayer(1,8,5, stride=5, padding=0)","all",1.4298228592336273,0.0031214995169823014,0.0021832106277754502,0.0024588085179919781,0.0047584080382528093,0.0017420867294828115,0,25,9.9999999999999998e-13
178,0,"Conv2DLayer(1,8,5, stride=5, padding=0)","weights",1.4233620849451063,0.003032231174244622,0.0021303684798474319,0.0024200564852082979,0.0046920439934802494,0.0016335755164058701,0,25,9.9999999999999998e-13
178,0,"Conv2DLayer(1,8,5, stride=5, padding=0)","biases",0.13575885219469411,0.00064653737059639025,0.0047539230132415599,0.0051654206154199463,0.009650804470670073,0.0064254305782641833,0,25,9.9999999999999998e-13
178,4,"DenseLayer( 7202,128 )","all",19.87116491854918,0.09254410574932484,0.0046570137246585135,0.004893042521419407,0.0096143752532223126,0.0033745329544556256,0,25,9.9999999999999998e-13
178,4,"DenseLayer( 7202,128 )","weights",19.870507053923522,0.092533588585421184,0.0046566385795282486,0.0048927286530739359,0.0096141298024559306,0.0033744127686053198,0,25,9.9999999999999998e-13
178,4,"DenseLayer( 7202,128 )","biases",0.16169139246803929,0.0013128669240062198,0.0081237325403703941,0.0083949726747486759,0.012787466669768432,0.0048620658508761547,0,25,9.9999999999999998e-13
178,6,"DenseLayer( 128,64 )","all",9.3301161074214907,0.0099405649577303523,0.001065424582551966,0.0010929507963764111,0.0015579369310325922,0.00065131747399230688,0,25,9.9999999999999998e-13
178,6,"DenseLayer( 128,64 )","weights",9.329070554079065,0.0098859551655552744,0.0010596902104809023,0.0010869336223911764,0.001546560458524257,0.00064910096663062418,0,25,9.9999999999999998e-13
178,6,"DenseLayer( 128,64 )","biases",0.13967277888922119,0.0010314068909751961,0.0073880131886233068,0.0077344288401552126,0.012646820141648942,0.0036419469532428619,0,25,9.9999999999999998e-13
178,8,"DenseLayer( 64,1 )","all",1.2622134387716804,0.00096565695456447072,0.00076503298806481,0.00079106273009009887,0.0012213839779964895,0.00039624771451634362,0,25,9.9999999999999998e-13
178,8,"DenseLayer( 64,1 )","weights",1.2622055764631852,0.00095915329150852654,0.00075988536466567382,0.00078539367764277437,0.0012063396889893236,0.00039624663158067285,0,25,9.9999999999999998e-13
178,8,"DenseLayer( 64,1 )","biases",0.0044498727843165393,0.00010210810229182244,0.022901059615661488,0.026655349549662671,0.051941313327438975,0.00047703168620542456,0,25,9.9999999999999998e-13
179,0,"Conv2DLayer(1,8,5, stride=5, padding=0)","all",1.4304532302625292,0.0029124800606014998,0.0020360640030530619,0.0021652608263383203,0.0032388076878640771,0.0017730212659355679,0,25,9.9999999999999998e-13
179,0,"Conv2DLayer(1,8,5, stride=5, padding=0)","weights",1.4232489417014473,0.0028308258081513661,0.0019889846102041377,0.0021190730732973421,0.0032043089763529767,0.0017601043513708408,0,25,9.9999999999999998e-13
179,0,"Conv2DLayer(1,8,5, stride=5, padding=0)","biases",0.14337365660848972,0.00065199628402340404,0.004565570858707982,0.0049557618760910577,0.0089722339060868891,0.0027342595928192856,0,25,9.9999999999999998e-13
179,4,"DenseLayer( 7202,128 )","all",19.939864892548627,0.083552174323967998,0.0041906323745047862,0.004307101380008168,0.0060651081824642942,0.0030953607278966433,0,25,9.9999999999999998e-13
179,4,"DenseLayer( 7202,128 )","weights",19.939197817128747,0.083543755863717747,0.0041903502626219665,0.0043068297821735012,0.0060648299601116298,0.003095125682820111,0,25,9.9999999999999998e-13
179,4,"DenseLayer( 7202,128 )","biases",0.16310172349829197,0.0011642051635591605,0.0071386794542649089,0.0073143622201250532,0.010969226563326693,0.0055886958492144976,0,25,9.9999999999999998e-13
179,6,"DenseLayer( 128,64 )","all",9.3299856261352634,0.0072843368371247018,0.0007807470787760531,0.00080408018955007592,0.0011931663140266851,0.00068081207042811911,0,25,9.9999999999999998e-13
179,6,"DenseLayer( 128,64 )","weights",9.3289287911266126,0.0072394733764304187,0.0007760263874409596,0.00079909314095198572,0.0011840973901197788,0.00067698299587661643,0,25,9.9999999999999998e-13
179,6,"DenseLayer( 128,64 )","biases",0.14042542272238709,0.0008028259639094276,0.0057184510378110367,0.0059971137916124276,0.010092709854752177,0.0048232887892921909,0,25,9.9999999999999998e-13
179,8,"DenseLayer( 64,1 )","all",1.2608770310027291,0.00073495183863395055,0.00058287064949492289,0.00061631527378100566,0.0010025985482896359,0.00048578763367150085,0,25,9.9999999999999998e-13
179,8,"DenseLayer( 64,1 )","weights",1.2608698113096208,0.00072812890458483486,0.00057746302002648227,0.00061007082285620385,0.00098817237479173719,0.00048573367052029702,0,25,9.9999999999999998e-13
179,8,"DenseLayer( 64,1 )","biases",0.0042651816084980964,9.5672868192195898e-05,0.022451652636593693,0.025840115249676457,0.048616191372954892,0.0021347461618099629,0,25,9.9999999999999998e-13
180,0,"Conv2DLayer(1,8,5, stride=5, padding=0)","all",1.4311101905689307,0.0026435721385834037,0.0018472125454747736,0.00196913481016405,0.0036172493639199323,0.0023610250197982994,0,25,9.9999999999999998e-13
180,0,"Conv2DLayer(1,8,5, stride=5, padding=0)","weights",1.4233381896239703,0.002584212988633604,0.0018156032642273844,0.0019413214834681416,0.0035745959565656365,0.0023350114173746744,0,25,9.9999999999999998e-13
180,0,"Conv2DLayer(1,8,5, stride=5, padding=0)","biases",0.14893828042606302,0.00053154725354406546,0.0035676772478565877,0.0037154215620942882,0.00646726949233943,0.0040463058329431581,0,25,9.9999999999999998e-13
180,4,"DenseLayer( 7202,128 )","all",19.993833028236647,0.074801611068558566,0.0037411532109044464,0.0037764176210276384,0.0045521109911813929,0.0041126743212228792,0,25,9.9999999999999998e-13
180,4,"DenseLayer( 7202,128 )","weights",19.993163433703533,0.074791046667562949,0.0037407501707671618,0.0037760041970803424,0.0045514827119263425,0.0041120661896965754,0,25,9.9999999999999998e-13
180,4,"DenseLayer( 7202,128 )","biases",0.16362873579246182,0.0012467734182680459,0.0076207111678666204,0.0078049764896008927,0.010309421783334981,0.0095402536923497715,0,25,9.9999999999999998e-13
180,6,"DenseLayer( 128,64 )","all",9.3320675534245083,0.0088367572439664224,0.00094691797775105441,0.00096547088034323522,0.0013927524948322287,0.0012061566980600556,0,25,9.9999999999999998e-13
180,6,"DenseLayer( 128,64 )","weights",9.3310075719620222,0.0087931342376624238,0.00094235052736757171,0.00096074960797095299,0.0013838347203115795,0.0011971655360167445,0,25,9.9999999999999998e-13
180,6,"DenseLayer( 128,64 )","biases",0.14064962364856418,0.00086405081276664348,0.0061416630780915665,0.0063957700968951285,0.010471498913477808,0.0098126715371202738,0,25,9.9999999999999998e-13
180,8,"DenseLayer( 64,1 )","all",1.2607485076346339,0.00079896429306547758,0.00063372902409773117,0.00066057776104069842,0.001178758879594411,0.0010254966545873907,0,25,9.9999999999999998e-13
180,8,"DenseLayer( 64,1 )","weights",1.2607418342817811,0.0007939310092237253,0.00062974000757463878,0.00065583794774377348,0.0011654594810287724,0.0010122498432958648,0,25,9.9999999999999998e-13
180,8,"DenseLayer( 64,1 )","biases",0.0040996401198208328,7.6514054089784619e-05,0.018744063082784944,0.024478159019297532,0.053072132082864813,0.052133752537432437,0,25,9.9999999999999998e-13
181,0,"Conv2DLayer(1,8,5, stride=5, padding=0)","all",1.4315785688371641,0.0019078351042364297,0.0013327007162615562,0.0013919702294339109,0.0022558429981715663,0.00093514100616871529,0,25,9.9999999999999998e-13
181,0,"Conv2DLayer(1,8,5, stride=5, padding=0)","weights",1.4232650471846,0.0018578021254347008,0.001305306552310213,0.001364183916052149,0.0022329997567105773,0.00090359939583180228,0,25,9.9999999999999998e-13
181,0,"Conv2DLayer(1,8,5, stride=5, padding=0)","biases",0.15405328475149804,0.00042679429510201751,0.0027750764203028477,0.0029182985477215445,0.0046056671718624096,0.0023895546551087545,0,25,9.9999999999999998e-13
181,4,"DenseLayer( 7202,128 )","all",20.037780050455634,0.05293449666076204,0.0026417976761032962,0.0026727327440936002,0.0036313437972073227,0.0026144515429036962,0,25,9.9999999999999998e-13
181,4,"DenseLayer( 7202,128 )","weights",20.03710066903475,0.052923274000671594,0.0026413271211592386,0.0026722586764424891,0.0036307410078574281,0.002614050414658411,0,25,9.9999999999999998e-13
181,4,"DenseLayer( 7202,128 )","biases",0.16500215310307603,0.0010872286164333126,0.0065905066613529085,0.0066735124247873394,0.0088597048290033984,0.0061271950356559472,0,25,9.9999999999999998e-13
181,6,"DenseLayer( 128,64 )","all",9.3329971345025733,0.0077363919813750728,0.00082893173400339895,0.00084767069608511307,0.0012728849411929326,0.00068597948747368487,0,25,9.9999999999999998e-13
181,6,"DenseLayer( 128,64 )","weights",9.3319210955670826,0.0076910826872402882,0.00082417199620987691,0.00084277925464794996,0.001266381964874503,0.00068253700104442669,0,25,9.9999999999999998e-13
181,6,"DenseLayer( 128,64 )","biases",0.14171462954047287,0.00082837873069610524,0.0058447164699623371,0.0060460712709439106,0.0091705492261446794,0.0045185646142170644,0,25,9.9999999999999998e-13
181,8,"DenseLayer( 64,1 )","all",1.2602370920761929,0.00075622743932350698,0.00060006917468801932,0.00061596873019875622,0.00095507034563981151,0.00048482007770166499,0,25,9.9999999999999998e-13
181,8,"DenseLayer( 64,1 )","weights",1.2602304813101246,0.0007504293809756686,0.00059547152958143077,0.00061087532861264803,0.00094193008806719731,0.00048479459239215658,0,25,9.9999999999999998e-13
181,8,"DenseLayer( 64,1 )","biases",0.0040789670404046772,8.5339434444904331e-05,0.02106226068334385,0.024709921343097858,0.047146325890999617,0.0016147748290662675,0,25,9.9999999999999998e-13
182,0,"Conv2DLayer(1,8,5, stride=5, padding=0)","all",1.4317766150665574,0.00082116384911149821,0.00057352802312671573,0.0006342067849352893,0.0014820730085860147,0.00061259803517638926,0,25,9.9999999999999998e-13
182,0,"Conv2DLayer(1,8,5, stride=5, padding=0)","weights",1.4231929637430716,0.00077621805732340315,0.0005454023408911551,0.00060999357958815348,0.0014793218490608286,0.0005751255867808971,0,25,9.9999999999999998e-13
182,0,"Conv2DLayer(1,8,5, stride=5, padding=0)","biases",0.15654392796588176,0.00025080566468585578,0.0016023715545665099,0.0017008622510602818,0.0026158828646756496,0.0020165371197424045,0,25,9.9999999999999998e-13
182,4,"DenseLayer( 7202,128 )","all",20.060376513312118,0.041796751353943319,0.0020836155181164148,0.0021204376335058326,0.0029103103618118792,0.0018881686022447837,0,25,9.9999999999999998e-13
182,4,"DenseLayer( 7202,128 )","weights",20.059686337149451,0.041787766133487433,0.0020832393035270383,0.0021200542353240633,0.0029097802927583014,0.0018878277328744407,0,25,9.9999999999999998e-13
182,4,"DenseLayer( 7202,128 )","biases",0.16640241420029669,0.00086606034715824539,0.0052037217165790736,0.0053013310472681749,0.007295152492629642,0.0047171028299672997,0,25,9.9999999999999998e-13
182,6,"DenseLayer( 128,64 )","all",9.3360040264208433,0.0059654300607678689,0.00063897516659335593,0.00066007251495280614,0.0010532059030741695,0.00059551771465389102,0,25,9.9999999999999998e-13
182,6,"DenseLayer( 128,64 )","weights",9.334893795579422,0.0059281416567022139,0.00063505662086482228,0.00065589344243793682,0.0010461777151977777,0.00059143046168396991,0,25,9.9999999999999998e-13
182,6,"DenseLayer( 128,64 )","biases",0.14397541789433471,0.00066078795028891052,0.0045881763551037982,0.0048501746070475082,0.0079496605723721088,0.0045572406791883277,0,25,9.9999999999999998e-13
182,8,"DenseLayer( 64,1 )","all",1.2605979371919747,0.00059546625722590985,0.00047238248331413159,0.00050085377418973532,0.00094023004262817997,0.00044976504122160325,0,25,9.9999999999999998e-13
182,8,"DenseLayer( 64,1 )","weights",1.2605910544262449,0.00059022185073084486,0.00046822433764816897,0.00049585557830252763,0.0009293901054044111,0.00044634741471309263,0,25,9.9999999999999998e-13
182,8,"DenseLayer( 64,1 )","biases",0.0041641959547996524,6.9224983453750605e-05,0.016510117816587282,0.021171688177303475,0.043085889394978712,0.017042574377523819,0,25,9.9999999999999998e-13
183,0,"Conv2DLayer(1,8,5, stride=5, padding=0)","all",1.4317226927050495,0.0010114999714129227,0.00070648354413348983,0.00076710813434508341,0.001321308861296984,0.00055727745306126842,0,25,9.9999999999999998e-13
183,0,"Conv2DLayer(1,8,5, stride=5, padding=0)","weights",1.4231664725169386,0.00097121223388088411,0.00068242845684412319,0.00074607552731550595,0.0012788598544577294,0.00054518118613073403,0,25,9.9999999999999998e-13
183,0,"Conv2DLayer(1,8,5, stride=5, padding=0)","biases",0.15629095442978508,0.00026331581729913285,0.0016843985494364106,0.0017961171623637198,0.0032990582286953054,0.0011946307880732164,0,25,9.9999999999999998e-13
183,4,"DenseLayer( 7202,128 )","all",20.087247869280663,0.04606084930234923,0.0022930730125399184,0.0023852141452395392,0.0033721661736651866,0.0025364552803403538,0,25,9.9999999999999998e-13
183,4,"DenseLayer( 7202,128 )","weights",20.086553538834622,0.046051045189126359,0.0022926641956874665,0.0023847939942372599,0.0033716227236703098,0.0025359814333905835,0,25,9.9999999999999998e-13
183,4,"DenseLayer( 7202,128 )","biases",0.16701421711799547,0.00094962936916389066,0.005685367179723756,0.0058877685873282215,0.0080180860449572504,0.0064175233097269538,0,25,9.9999999999999998e-13
183,6,"DenseLayer( 128,64 )","all",9.3372429020748076,0.0067245943519485662,0.00072018796028531324,0.00073695900859333874,0.0010590024986102972,0.00075530650471061778,0,25,9.9999999999999998e-13
183,6,"DenseLayer( 128,64 )","weights",9.3361246490142804,0.0066899411733966517,0.00071656247439101661,0.00073337497226002386,0.0010553098882544185,0.00075170494550998656,0,25,9.9999999999999998e-13
183,6,"DenseLayer( 128,64 )","biases",0.14450370097045237,0.00067521298088043386,0.0046731377695378388,0.004748475665535417,0.0062685410262956114,0.0048068793492826133,0,25,9.9999999999999998e-13
183,8,"DenseLayer( 64,1 )","all",1.2607888171059465,0.00061895823331441452,0.00049092382259954706,0.00050074886417335643,0.00071756991978757568,0.00060638476308093813,0,25,9.9999999999999998e-13
183,8,"DenseLayer( 64,1 )","weights",1.2607822788486138,0.00061630176284155401,0.00048881927042823442,0.0004987158212614775,0.00071239172365245365,0.00060206091809354505,0,25,9.9999999999999998e-13
183,8,"DenseLayer( 64,1 )","biases",0.0040591187961399556,4.7906059771776197e-05,0.01174947983830545,0.01389435425887907,0.026636597328454952,0.02227738797276145,0,25,9.9999999999999998e-13
184,0,"Conv2DLayer(1,8,5, stride=5, padding=0)","all",1.4316451068582678,0.00070035546886935886,0.00048919875191535554,0.00052161670248184681,0.0010231999452262486,0.00077806566121888063,0,25,9.9999999999999998e-13
184,0,"Conv2DLayer(1,8,5, stride=5, padding=0)","weights",1.4232006023438601,0.00066524736413902329,0.00046743181719154076,0.00050026060535065359,0.00098714565601098776,0.00074871770624556136,0,25,9.9999999999999998e-13
184,0,"Conv2DLayer(1,8,5, stride=5, padding=0)","biases",0.15526665573381723,0.00020515627682636271,0.0013216323170650709,0.0014517236108421885,0.0026745735650275989,0.0020925267524836894,0,25,9.9999999999999998e-13
184,4,"DenseLayer( 7202,128 )","all",20.112320369428158,0.0394543466895328,0.0019616370367854324,0.0020170138384723447,0.0031555398579295392,0.002067735318084493,0,25,9.9999999999999998e-13
184,4,"DenseLayer( 7202,128 )","weights",20.111625491630033,0.039445603362879389,0.0019612700374322216,0.0020166302351103398,0.0031548594000988177,0.0020673733243779533,0,25,9.9999999999999998e-13
184,4,"DenseLayer( 7202,128 )","biases",0.16718415638955519,0.0008295380898353206,0.0049642285714404837,0.0051486116488555838,0.0085241345160467635,0.0050976454850910962,0,25,9.9999999999999998e-13
184,6,"DenseLayer( 128,64 )","all",9.3386643424551998,0.0056067225423882868,0.00060037032258170291,0.00062600481114252076,0.0010075611461660694,0.00082016632714006807,0,25,9.9999999999999998e-13
184,6,"DenseLayer( 128,64 )","weights",9.3375392352376494,0.0055752860967283888,0.00059707598439502987,0.00062241972884521598,0.0010002031682268494,0.00081629774492099599,0,25,9.9999999999999998e-13
184,6,"DenseLayer( 128,64 )","biases",0.14495711377840187,0.00058883944519483962,0.0040651266745011386,0.0043605997214099853,0.0079144298976242446,0.005187067211215677,0,25,9.9999999999999998e-13
184,8,"DenseLayer( 64,1 )","all",1.26170275331982,0.0006064014330755869,0.00048058942888961568,0.00050550713651554711,0.00092337802509634079,0.00056222550727421229,0,25,9.9999999999999998e-13
184,8,"DenseLayer( 64,1 )","weights",1.261696043296006,0.00060386438018297025,0.00047858176138094788,0.00050276400203056446,0.00091333491044618027,0.00055979882725704956,0,25,9.9999999999999998e-13
184,8,"DenseLayer( 64,1 )","biases",0.0041140502318739889,4.5660845935344695e-05,0.011110640257552698,0.016100473600036629,0.040133612675830675,0.016707436713959765,0,25,9.9999999999999998e-13
185,0,"Conv2DLayer(1,8,5, stride=5, padding=0)","all",1.4315404645428416,0.0012650543514189942,0.00088370764551782557,0.00092855124029081156,0.0015767892182307289,0.0015767892182307289,0,25,9.9999999999999998e-13
185,0,"Conv2DLayer(1,8,5, stride=5, padding=0)","weights",1.4231741875416049,0.0012146054961291583,0.00085345212434187771,0.00089841284461781711,0.0015488394878508511,0.0015488394878508511,0,25,9.9999999999999998e-13
185,0,"Conv2DLayer(1,8,5, stride=5, padding=0)","biases",0.15454183886390233,0.000335606510979137,0.0021712859249786477,0.0023505516923102471,0.0045015245580117772,0.0031598898873160526,0,25,9.9999999999999998e-13
185,4,"DenseLayer( 7202,128 )","all",20.146715219583331,0.057767799872356147,0.0028673122613746345,0.0029162635628823133,0.0039641854016465626,0.0028973741931379491,0,25,9.9999999999999998e-13
185,4,"DenseLayer( 7202,128 )","weights",20.146013964316467,0.057752996072649658,0.0028666772745952547,0.0029156092671688916,0.0039631742338422588,0.0028966718915692377,0,25,9.9999999999999998e-13
185,4,"DenseLayer( 7202,128 )","biases",0.16809248671811566,0.0013063389843767786,0.0077710234627643053,0.0079566479947001875,0.01144091462355697,0.0081886626669075077,0,25,9.9999999999999998e-13
185,6,"DenseLayer( 128,64 )","all",9.3405727781680259,0.0088551221217287659,0.00094802374526064973,0.00096957285238888781,0.0012835844140502389,0.00096290993148497722,0,25,9.9999999999999998e-13
185,6,"DenseLayer( 128,64 )","weights",9.3394281364226277,0.0087883012458927091,0.00094098526527848438,0.00096217736828403005,0.0012700935751967842,0.00095370941224904215,0,25,9.9999999999999998e-13
185,6,"DenseLayer( 128,64 )","biases",0.14622424603912776,0.0010773451006254235,0.0073675614902249447,0.0076953433522049678,0.011939989392772974,0.0085158938632480773,0,25,9.9999999999999998e-13
185,8,"DenseLayer( 64,1 )","all",1.2620990035253215,0.00095996637390442167,0.00076060188413433884,0.00078847234943099133,0.0011334343364353334,0.00076455875158471117,0,25,9.9999999999999998e-13
185,8,"DenseLayer( 64,1 )","weights",1.2620924836994265,0.0009469724219480669,0.00075031041302169293,0.00077719516104634363,0.0011091563147360949,0.00075034042754455342,0,25,9.9999999999999998e-13
185,8,"DenseLayer( 64,1 )","biases",0.0040524456184357401,0.00015280945226550102,0.037854280387928825,0.041627726227303603,0.072615179572884714,0.046262634249805805,0,25,9.9999999999999998e-13
186,0,"Conv2DLayer(1,8,5, stride=5, padding=0)","all",1.4313925455356071,0.0017996728700084125,0.001257285830015381,0.0013293544084532647,0.0020354823853847106,0.00073942384199403549,0,25,9.9999999999999998e-13
186,0,"Conv2DLayer(1,8,5, stride=5, padding=0)","weights",1.4231538559455961,0.0017493446360647821,0.001229203263266296,0.001303695806125062,0.002024026353591191,0.0006788729540708364,0,25,9.9999999999999998e-13
186,0,"Conv2DLayer(1,8,5, stride=5, padding=0)","biases",0.15335475537675783,0.00039748438061510484,0.0025918874786023086,0.0027545304898111849,0.0046623242151617363,0.0028230312206823905,0,25,9.9999999999999998e-13
186,4,"DenseLayer( 7202,128 )","all",20.169993201145424,0.061700063789656784,0.0030590254698351547,0.0031309373886432446,0.0045359422390971313,0.0024801732586378997,0,25,9.9999999999999998e-13
186,4,"DenseLayer( 7202,128 )","weights",20.1692900230214,0.061686073157328367,0.003058438392629031,0.0031303269809203355,0.004534995936557892,0.0024797695120560149,0,25,9.9999999999999998e-13
186,4,"DenseLayer( 7202,128 )","biases",0.16841956642325484,0.0013106973000634012,0.0077846662392300542,0.008042367991542199,0.012035011069280815,0.0058618996411472319,0,25,9.9999999999999998e-13
186,6,"DenseLayer( 128,64 )","all",9.3428886738613119,0.0096861638803240491,0.0010367383571796996,0.0010791928091666877,0.0015518931417167244,0.00095225465948009871,0,25,9.9999999999999998e-13
186,6,"DenseLayer( 128,64 )","weights",9.3417330904675211,0.0096170979872608892,0.0010294733815705505,0.0010714459906045685,0.0015390437043078138,0.00094527140680938796,0,25,9.9999999999999998e-13
186,6,"DenseLayer( 128,64 )","biases",0.1469404896028827,0.0011474227202922891,0.007807540896389911,0.0082739636719042411,0.012690784770359185,0.0073365809520060258,0,25,9.9999999999999998e-13
186,8,"DenseLayer( 64,1 )","all",1.2619349820531371,0.0010183764676937935,0.00080698141741658352,0.00085912384181422927,0.0014906902039471717,0.00069050842122136285,0,25,9.9999999999999998e-13
186,8,"DenseLayer( 64,1 )","weights",1.2619294254925268,0.0010068128810065441,0.00079782181862642987,0.00084883457778655062,0.0014747666042625796,0.00068300860550304563,0,25,9.9999999999999998e-13
186,8,"DenseLayer( 64,1 )","biases",0.0037349988054484131,0.00014710469171404838,0.039319357160439931,0.044723099157528458,0.075882040841031104,0.035659225064600418,0,25,9.9999999999999998e-13
187,0,"Conv2DLayer(1,8,5, stride=5, padding=0)","all",1.4311743917310082,0.0015893965605038565,0.0011105553880652816,0.0012258374541144377,0.0025404022428973556,0.001501737012975686,0,25,9.9999999999999998e-13
187,0,"Conv2DLayer(1,8,5, stride=5, padding=0)","weights",1.423045387294213,0.001535336026480903,0.0010789023830472693,0.0011950410055600396,0.0024866223858222764,0.0014408451981164018,0,25,9.9999999999999998e-13
187,0,"Conv2DLayer(1,8,5, stride=5, padding=0)","biases",0.15232138359929284,0.00039806037605051841,0.0026146173275427482,0.0028322994011336909,0.005489168412516187,0.0042421868160919763,0,25,9.9999999999999998e-13
187,4,"DenseLayer( 7202,128 )","all",20.201225234037842,0.060012902964879065,0.0029705421423503633,0.0030349703490441305,0.0039874253054435023,0.0035882979490141748,0,25,9.9999999999999998e-13
187,4,"DenseLayer( 7202,128 )","weights",20.200511837317038,0.059997404344017922,0.0029698800212087277,0.0030342929241640496,0.003986452725955633,0.0035873680372180898,0,25,9.9999999999999998e-13
187,4,"DenseLayer( 7202,128 )","biases",0.1697695971550903,0.0013624239750988304,0.0080191371775821599,0.0082024377115861337,0.011185262340269515,0.010319983537091744,0,25,9.9999999999999998e-13
187,6,"DenseLayer( 128,64 )","all",9.3450285316878396,0.01050556075829512,0.0011241739947876973,0.0011582257698338693,0.0016017485030310574,0.001044533343757004,0,25,9.9999999999999998e-13
187,6,"DenseLayer( 128,64 )","weights",9.3438524003561501,0.010439533719637647,0.0011172494349120995,0.0011512490827350656,0.0015936276740393602,0.0010369576146870014,0,25,9.9999999999999998e-13
187,6,"DenseLayer( 128,64 )","biases",0.14825649542539585,0.0011664647076168255,0.0078628166819822171,0.0080743452125465395,0.011068363901326152,0.0079486174781328699,0,25,9.9999999999999998e-13
187,8,"DenseLayer( 64,1 )","all",1.2614138237275039,0.0009903015575323294,0.00078506771278567225,0.00082126724664753224,0.0011700588926270154,0.00075445919460759227,0,25,9.9999999999999998e-13
187,8,"DenseLayer( 64,1 )","weights",1.2614085057809437,0.00098426335652154772,0.00078028388468340205,0.00081623364698142349,0.0011686309672620349,0.00074384689637375457,0,25,9.9999999999999998e-13
187,8,"DenseLayer( 64,1 )","biases",0.0036580751277506349,9.4349877908825878e-05,0.025672163034807245,0.031101049089894871,0.059995925327475497,0.043852324196862906,0,25,9.9999999999999998e-13
188,0,"Conv2DLayer(1,8,5, stride=5, padding=0)","all",1.4310807350901065,0.0014168124628568051,0.00099002787449218818,0.0010251931037180873,0.0015412206861264424,0.0013816681234719405,0,25,9.9999999999999998e-13
188,0,"Conv2DLayer(1,8,5, stride=5, padding=0)","weights",1.4230754706198434,0.0013784093752882993,0.00096861060839383939,0.0010052316348769391,0.0015292986847367707,0.0013706289895544432,0,25,9.9999999999999998e-13
188,0,"Conv2DLayer(1,8,5, stride=5, padding=0)","biases",0.15115534021791169,0.00031635719773884772,0.002092785208332074,0.0021544140215153328,0.0033708568495109735,0.0021527493250416713,0,25,9.9999999999999998e-13
188,4,"DenseLayer( 7202,128 )","all",20.248618640411856,0.059320923392026326,0.0029296717310717275,0.0029596219777040717,0.0038030242528793714,0.0025537797529377828,0,25,9.9999999999999998e-13
188,4,"DenseLayer( 7202,128 )","weights",20.247883030543083,0.059304992069823856,0.0029289913193042806,0.0029589300533820512,0.0038019875405930909,0.0025532262096225854,0,25,9.9999999999999998e-13
188,4,"DenseLayer( 7202,128 )","biases",0.17259589262551428,0.0013728454857307565,0.0079550049899915383,0.0080707389251203094,0.011088723166562998,0.0067501315438663004,0,25,9.9999999999999998e-13
188,6,"DenseLayer( 128,64 )","all",9.3463097947729761,0.0092500502944660948,0.00098970192926446784,0.0010024039376399585,0.0013319856176812297,0.00094063468997043027,0,25,9.9999999999999998e-13
188,6,"DenseLayer( 128,64 )","weights",9.3450932927999997,0.0091903842662863569,0.00098344591319052157,0.00099585368417402288,0.0013213282935082332,0.00093629521174841662,0,25,9.9999999999999998e-13
188,6,"DenseLayer( 128,64 )","biases",0.15078978534492973,0.0010352492345299387,0.0068694292813786242,0.0071699040303521292,0.011344550989044619,0.0056398142218761285,0,25,9.9999999999999998e-13
188,8,"DenseLayer( 64,1 )","all",1.2607415837215632,0.00088241808234265694,0.00069988633920147099,0.00073163404757945057,0.0011491636912868361,0.00052836670665070372,0,25,9.9999999999999998e-13
188,8,"DenseLayer( 64,1 )","weights",1.2607360285581897,0.00087301621372200071,0.00069243277416835614,0.00072292396554504636,0.001130392118224082,0.00052466983538482725,0,25,9.9999999999999998e-13
188,8,"DenseLayer( 64,1 )","biases",0.0037387777306139469,0.00012306950986385346,0.032867540678150467,0.037802386003274763,0.073345690318269152,0.021986586156966578,0,25,9.9999999999999998e-13
189,0,"Conv2DLayer(1,8,5, stride=5, padding=0)","all",1.4310346830100973,0.0013791076856765469,0.00096371306966408564,0.00099119041128599493,0.0013835824071778355,0.00099547606234163697,0,25,9.9999999999999998e-13
189,0,"Conv2DLayer(1,8,5, stride=5, padding=0)","weights",1.4231015963773408,0.0013394016143552989,0.00094118500165620846,0.00096767073430438413,0.0013074444681173351,0.00098376266073448319,0,25,9.9999999999999998e-13
189,0,"Conv2DLayer(1,8,5, stride=5, padding=0)","biases",0.15047267114778462,0.00031294319845584604,0.0020800211310550904,0.0022596137590154869,0.004502684646331117,0.0017459803132463987,0,25,9.9999999999999998e-13
189,4,"DenseLayer( 7202,128 )","all",20.289785345194876,0.045065301909474366,0.0022210215934225252,0.0022545314005096347,0.0030004249506107188,0.0024653712028261249,0,25,9.9999999999999998e-13
189,4,"DenseLayer( 7202,128 )","weights",20.289037229293633,0.045054468779044551,0.0022205696339219635,0.0022540696594870596,0.0029997573332144986,0.0024649664926862905,0,25,9.9999999999999998e-13
189,4,"DenseLayer( 7202,128 )","biases",0.1742316529542747,0.00098681370717630798,0.0056614226318734678,0.0057675204770104163,0.0079192685752644525,0.0057386526839048211,0,25,9.9999999999999998e-13
189,6,"DenseLayer( 128,64 )","all",9.3478455857205844,0.0068479131749004281,0.00073256362578387935,0.00075360408998061622,0.0010732188906931069,0.0010645615318372063,0,25,9.9999999999999998e-13
189,6,"DenseLayer( 128,64 )","weights",9.3466021724136983,0.0068096125074894789,0.00072856337632936307,0.00074948926508653366,0.0010652032478702827,0.0010609274546286203,0,25,9.9999999999999998e-13
189,6,"DenseLayer( 128,64 )","biases",0.15246150169092662,0.00071716411567494169,0.0047010751988827469,0.0048738666117967722,0.0080450894994165672,0.0054657302154443666,0,25,9.9999999999999998e-13
189,8,"DenseLayer( 64,1 )","all",1.2610614944546448,0.00067502988324191207,0.00053529373210812147,0.00056063752618814103,0.00097497708992836383,0.0007187919806364029,0,25,9.9999999999999998e-13
189,8,"DenseLayer( 64,1 )","weights",1.2610566751494772,0.00067199778924371229,0.00053289119235113054,0.00055773632465862808,0.0009637704537307875,0.00071864972898716645,0,25,9.9999999999999998e-13
189,8,"DenseLayer( 64,1 )","biases",0.0034845880605280399,5.3018564358353615e-05,0.015302208252685599,0.020916554614510786,0.057061245420889417,0.0052338239899696925,0,25,9.9999999999999998e-13
190,0,"Conv2DLayer(1,8,5, stride=5, padding=0)","all",1.4310929113706914,0.00082708669700814726,0.00057793928185195722,0.00060777495156566367,0.00091276588911909883,0.00077359806644703084,0,25,9.9999999999999998e-13
190,0,"Conv2DLayer(1,8,5, stride=5, padding=0)","weights",1.4230989578580118,0.00079496421472389361,0.00055861340896161925,0.00058737593773775464,0.00087167018846403611,0.00075344395633007754,0,25,9.9999999999999998e-13
190,0,"Conv2DLayer(1,8,5, stride=5, padding=0)","biases",0.15105048585170944,0.00021994722080132971,0.0014561623490606582,0.0015917233903656989,0.0028096559610610032,0.0018237380242334905,0,25,9.9999999999999998e-13
190,4,"DenseLayer( 7202,128 )","all",20.31611657829913,0.041322845639927816,0.0020339917591239024,0.0020501498225300643,0.0024876751406100444,0.0019533555897660883,0,25,9.9999999999999998e-13
190,4,"DenseLayer( 7202,128 )","weights",20.315361912725404,0.041313459824290057,0.0020336053180725917,0.0020497608155581855,0.0024872034941517533,0.0019529700178137412,0,25,9.9999999999999998e-13
190,4,"DenseLayer( 7202,128 )","biases",0.1751088888908035,0.00088037348439781987,0.0050274779117807861,0.0050664247970300842,0.0061376511147948473,0.0049058998282820454,0,25,9.9999999999999998e-13
190,6,"DenseLayer( 128,64 )","all",9.349246378275307,0.0060147115736075493,0.00064333611501595465,0.00065778693876815148,0.00096314269053274747,0.00070104569030979248,0,25,9.9999999999999998e-13
190,6,"DenseLayer( 128,64 )","weights",9.3479939747836927,0.0059843006133641751,0.00064016909636725793,0.00065449291632967501,0.00095785705013144956,0.00069771360625054248,0,25,9.9999999999999998e-13
190,6,"DenseLayer( 128,64 )","biases",0.15302431723664872,0.000601480412378267,0.0039305397118475447,0.0040696642863576812,0.0062218490693805913,0.004230417630979694,0,25,9.9999999999999998e-13
190,8,"DenseLayer( 64,1 )","all",1.2611902458197151,0.0005819130129031616,0.00046139873728651148,0.00047098692334292513,0.00069542760644618318,0.00050260847709177221,0,25,9.9999999999999998e-13
190,8,"DenseLayer( 64,1 )","weights",1.2611858821001249,0.00057913771353395238,0.00045919972289254203,0.00046849807998372328,0.00069124755541317116,0.00050123859861045893,0,25,9.9999999999999998e-13
190,8,"DenseLayer( 64,1 )","biases",0.0033170287869870663,5.0303209573030475e-05,0.015224482699180629,0.018534527219563703,0.038706751643219295,0.013855590793312571,0,25,9.9999999999999998e-13
191,0,"Conv2DLayer(1,8,5, stride=5, padding=0)","all",1.431109472421878,0.0021860994508972297,0.0015275275536058041,0.0017466808667670319,0.0031152348960028311,0.0020565177266383058,0,25,9.9999999999999998e-13
191,0,"Conv2DLayer(1,8,5, stride=5, padding=0)","weights",1.4231314899209542,0.0021428229139956421,0.0015056857068282009,0.0017287914077230482,0.0030923373284316691,0.002020691595846804,0,25,9.9999999999999998e-13
191,0,"Conv2DLayer(1,8,5, stride=5, padding=0)","biases",0.15090045914962583,0.00041065195104948319,0.0027209269614102169,0.0029290057955030429,0.0053346313600108157,0.0041312089656374267,0,25,9.9999999999999998e-13
191,4,"DenseLayer( 7202,128 )","all",20.333900543250333,0.064493886261755132,0.0031711225552563949,0.0034568142116947948,0.005928955842089711,0.0049177185379757626,0,25,9.9999999999999998e-13
191,4,"DenseLayer( 7202,128 )","weights",20.333145627479581,0.064484632437007805,0.0031707854186697362,0.0034565290172531601,0.0059287523478452663,0.0049169416045325995,0,25,9.9999999999999998e-13
191,4,"DenseLayer( 7202,128 )","biases",0.17521314096447446,0.0010433528263189625,0.0059517442092418228,0.0062028206421340295,0.011229024002986223,0.011229024002986223,0,25,9.9999999999999998e-13
191,6,"DenseLayer( 128,64 )","all",9.351205289135839,0.0072569878096305582,0.00077603804469815007,0.00081171644166369778,0.0014178253991583528,0.001156974967099205,0,25,9.9999999999999998e-13
191,6,"DenseLayer( 128,64 )","weights",9.3499418286496887,0.0072166758335974607,0.00077183166951142086,0.0008073018795912197,0.0014098365988697019,0.0011509920933222976,0,25,9.9999999999999998e-13
191,6,"DenseLayer( 128,64 )","biases",0.15371307130267731,0.00075491517462293112,0.0049074083247376216,0.0051981657179590033,0.0091823109518489234,0.0072029995299819176,0,25,9.9999999999999998e-13
191,8,"DenseLayer( 64,1 )","all",1.2619401369945418,0.00071470476445454928,0.00056633955477882641,0.00059285752971212303,0.0010759247312277648,0.00079901583700584076,0,25,9.9999999999999998e-13
191,8,"DenseLayer( 64,1 )","weights",1.2619356029097673,0.00070923175672891092,0.00056200480943349848,0.00058774988327306768,0.0010624111398681308,0.00079083921695500214,0,25,9.9999999999999998e-13
191,8,"DenseLayer( 64,1 )","biases",0.0033803320862352848,8.1826122477650647e-05,0.02407388299127736,0.028664248118769848,0.058908926637331639,0.043382704272389015,0,25,9.9999999999999998e-13
192,0,"Conv2DLayer(1,8,5, stride=5, padding=0)","all",1.4314678590416174,0.0021673673560160759,0.0015140873656967935,0.0015771867123946402,0.0022349623015061517,0.0018232004024104618,0,25,9.9999999999999998e-13
192,0,"Conv2DLayer(1,8,5, stride=5, padding=0)","weights",1.4232445940422447,0.0020967544155891852,0.0014732202037761458,0.001540889134034915,0.0021988759678269231,0.0017896190892462047,0,25,9.9999999999999998e-13
192,0,"Conv2DLayer(1,8,5, stride=5, padding=0)","biases",0.15321427212443942,0.00050539160158473537,0.0032974918153038111,0.0034987873376889551,0.0060402824289958936,0.0037149227492163893,0,25,9.9999999999999998e-13
192,4,"DenseLayer( 7202,128 )","all",20.38760602828054,0.07389933184563488,0.0036246090175370668,0.003651264947162182,0.0044124118765730093,0.003738412036985272,0,25,9.9999999999999998e-13
192,4,"DenseLayer( 7202,128 )","weights",20.386827690039258,0.07388752986685844,0.0036241686670567923,0.0036508145855668949,0.0044119207877959194,0.0037377135556440786,0,25,9.9999999999999998e-13
192,4,"DenseLayer( 7202,128 )","biases",0.17814287501474602,0.0013090985274837365,0.007343756252257372,0.0075027898160389475,0.010206342301613412,0.0090465679508315213,0,25,9.9999999999999998e-13
192,6,"DenseLayer( 128,64 )","all",9.3526350613435589,0.0090159292236584605,0.00096399916171174208,0.00099622233892386939,0.0014384198503260106,0.0014238260772623157,0,25,9.9999999999999998e-13
192,6,"DenseLayer( 128,64 )","weights",9.3513487290836679,0.0089787662498536733,0.00096015774879637202,0.00099233955849847215,0.0014318166264596095,0.0014178292676216132,0,25,9.9999999999999998e-13
192,6,"DenseLayer( 128,64 )","biases",0.15511071781703339,0.00079881848200268339,0.0051491795318955253,0.0053885921610906289,0.0083688459726898798,0.0079904611072452187,0,25,9.9999999999999998e-13
192,8,"DenseLayer( 64,1 )","all",1.2620763220971052,0.00080534464743858868,0.00063811824828590824,0.00066938415663748865,0.001179602545722093,0.00091951890785603192,0,25,9.9999999999999998e-13
192,8,"DenseLayer( 64,1 )","weights",1.262071042907666,0.00080063868188174877,0.00063439224175546808,0.00066553476907590904,0.0011689033163085113,0.00091426045892550357,0,25,9.9999999999999998e-13
192,8,"DenseLayer( 64,1 )","biases",0.0036472918093204496,7.6157590374350545e-05,0.020985836558831482,0.024920794695100133,0.053355092579833764,0.031564242628999623,0,25,9.9999999999999998e-13
193,0,"Conv2DLayer(1,8,5, stride=5, padding=0)","all",1.4315355397605296,0.001441893593109364,0.001007239441943926,0.0010875004060810812,0.0025158959021822692,0.00080702533757773351,0,25,9.9999999999999998e-13
193,0,"Conv2DLayer(1,8,5, stride=5, padding=0)","weights",1.4233176268621091,0.0013930875035937868,0.00097876562180142495,0.0010621958042749584,0.0024914568980502275,0.00079546716132530989,0,25,9.9999999999999998e-13
193,0,"Conv2DLayer(1,8,5, stride=5, padding=0)","biases",0.15316958456860225,0.00035738536770045596,0.0023332782045941396,0.0024249616148078372,0.0041097947968401242,0.0015007802164535595,0,25,9.9999999999999998e-13
193,4,"DenseLayer( 7202,128 )","all",20.440746415794084,0.057980875852192117,0.0028367491707179423,0.0029109301775528374,0.0043400934490684853,0.0023493832102240587,0,25,9.9999999999999998e-13
193,4,"DenseLayer( 7202,128 )","weights",20.439936693071132,0.057966514415584161,0.0028361587463045885,0.0029103302764187664,0.0043390671617218645,0.0023488084503799672,0,25,9.9999999999999998e-13
193,4,"DenseLayer( 7202,128 )","biases",0.18193782081433937,0.0012874242692966626,0.0070807099896578645,0.0072565604304475149,0.011507011998704157,0.006263115313994691,0,25,9.9999999999999998e-13
193,6,"DenseLayer( 128,64 )","all",9.3538862370938425,0.0092668745133395059,0.00099070887344172376,0.0010375122121684464,0.0017694723645453349,0.00073978048358507714,0,25,9.9999999999999998e-13
193,6,"DenseLayer( 128,64 )","weights",9.3525513593579923,0.0092122648792295116,0.00098501080886157508,0.0010316581869347636,0.0017655127512396123,0.00073501465478343589,0,25,9.9999999999999998e-13
193,6,"DenseLayer( 128,64 )","biases",0.15801722047900618,0.0009900944147057571,0.0062701402554910897,0.0066047974540971322,0.01104775445474105,0.0049755036156280243,0,25,9.9999999999999998e-13
193,8,"DenseLayer( 64,1 )","all",1.2614576661028596,0.000988049214809912,0.00078318374630723705,0.00083619865747163792,0.0014192759368270537,0.00055141960173560539,0,25,9.9999999999999998e-13
193,8,"DenseLayer( 64,1 )","weights",1.2614516616448339,0.0009798020772105627,0.00077664999732757949,0.00082893222518185656,0.0014045705236041121,0.0005477667775606723,0,25,9.9999999999999998e-13
193,8,"DenseLayer( 64,1 )","biases",0.0038878456037491562,0.00012099739164113999,0.031052193313065968,0.035462235058824877,0.062948818359797543,0.021523473654375302,0,25,9.9999999999999998e-13
194,0,"Conv2DLayer(1,8,5, stride=5, padding=0)","all",1.4314754613137788,0.0013879977296463856,0.00096963187736907007,0.0010431097519864204,0.0018478054898206557,0.0012272055193859896,0,25,9.9999999999999998e-13
194,0,"Conv2DLayer(1,8,5, stride=5, padding=0)","weights",1.4233157349275942,0.0013439828261139989,0.00094426146687167126,0.0010194722266433467,0.0018125769568251915,0.0012180159203977975,0,25,9.9999999999999998e-13
194,0,"Conv2DLayer(1,8,5, stride=5, padding=0)","biases",0.15262430538798552,0.00032598820863927403,0.0021364126394794363,0.0023086768257277327,0.0040303630647609348,0.0018646274682757244,0,25,9.9999999999999998e-13
194,4,"DenseLayer( 7202,128 )","all",20.484509459094976,0.051031750725974351,0.0024911348178462312,0.0025460603675492061,0.0039152025046151548,0.0024144731874095183,0,25,9.9999999999999998e-13
194,4,"DenseLayer( 7202,128 )","weights",20.483680922349183,0.051020117824109305,0.0024906676406574232,0.0025455906605315539,0.0039146044228983148,0.0024140552401067557,0,25,9.9999999999999998e-13
194,4,"DenseLayer( 7202,128 )","biases",0.18423694460957457,0.0010861825892859384,0.005896541435618876,0.0060053702085862319,0.0085747244777182579,0.0055534380900152175,0,25,9.9999999999999998e-13
194,6,"DenseLayer( 128,64 )","all",9.3550070776547862,0.0070419175382328419,0.00075274240942420096,0.00077216405206562133,0.0011465353877286885,0.00084910791029509905,0,25,9.9999999999999998e-13
194,6,"DenseLayer( 128,64 )","weights",9.3536456423971028,0.0070074242236914932,0.00074916420219547193,0.00076854853795902626,0.0011430724074765245,0.00084608848979071921,0,25,9.9999999999999998e-13
194,6,"DenseLayer( 128,64 )","biases",0.15959466519453969,0.00068741291994872254,0.0043083457449104995,0.0044438329949445122,0.0063906243716037739,0.0042717812603262273,0,25,9.9999999999999998e-13
194,8,"DenseLayer( 64,1 )","all",1.2608221159283177,0.00068319524703182408,0.00054186761691145044,0.00055999505352825592,0.00084198942590622394,0.00054953681618735099,0,25,9.9999999999999998e-13
194,8,"DenseLayer( 64,1 )","weights",1.2608168375434878,0.00068017451083013858,0.00053947395052841558,0.00055759435404260026,0.00083922562149412827,0.00054933670441547049,0,25,9.9999999999999998e-13
194,8,"DenseLayer( 64,1 )","biases",0.0036465156450867652,5.5096084251999856e-05,0.015007982796736047,0.017654008824423691,0.035741390894378958,0.0050894630653329342,0,25,9.9999999999999998e-13
195,0,"Conv2DLayer(1,8,5, stride=5, padding=0)","all",1.4315776362672417,0.0022989266697145089,0.0016058851501101212,0.0017377544101928933,0.0030840203789748032,0.0019395157014442301,0,25,9.9999999999999998e-13
195,0,"Conv2DLayer(1,8,5, stride=5, padding=0)","weights",1.4233836194606073,0.0022363314129804752,0.0015711413311989037,0.0017087622431359805,0.0030533124971396436,0.0018998215543277923,0,25,9.9999999999999998e-13
195,0,"Conv2DLayer(1,8,5, stride=5, padding=0)","biases",0.15294478024245858,0.00049660063973559071,0.0032463204375045673,0.0034134943387061842,0.0055596138290507939,0.0040659200851526391,0,25,9.9999999999999998e-13
195,4,"DenseLayer( 7202,128 )","all",20.514069040570309,0.049031836048304141,0.0023901667597261891,0.0024475045772137482,0.0035033829010924751,0.0030076704047740073,0,25,9.9999999999999998e-13
195,4,"DenseLayer( 7202,128 )","weights",20.513230792276282,0.049024251237258371,0.0023898946921141846,0.0024472338149631582,0.003503113648714644,0.003007297895412014,0,25,9.9999999999999998e-13
195,4,"DenseLayer( 7202,128 )","biases",0.18544676300997193,0.00085313891775743648,0.004600992140118625,0.0047133230244300059,0.0068502891598440372,0.0059962770602787017,0,25,9.9999999999999998e-13
195,6,"DenseLayer( 128,64 )","all",9.3569647541852579,0.006005351209688291,0.00064180536875685086,0.00065774135758189236,0.00098719561358557705,0.00098719561358557705,0,25,9.9999999999999998e-13
195,6,"DenseLayer( 128,64 )","weights",9.3555808484122185,0.005971807484080713,0.00063831484860331757,0.00065422908351460028,0.00098439002904402405,0.00098439002904402405,0,25,9.9999999999999998e-13
195,6,"DenseLayer( 128,64 )","biases",0.16092279018283787,0.00062813954490714154,0.0039043336005249859,0.0040027913026820586,0.0060154121815292711,0.0044277580432680458,0,25,9.9999999999999998e-13
195,8,"DenseLayer( 64,1 )","all",1.2609099545696956,0.00066246618435597581,0.00052539563719619837,0.00053811479211307502,0.00076296672517341688,0.00072308097933702854,0,25,9.9999999999999998e-13
195,8,"DenseLayer( 64,1 )","weights",1.2609045812362429,0.0006606765275102254,0.00052397854406571872,0.00053655758104994916,0.00075592760333466921,0.00072255625990453774,0,25,9.9999999999999998e-13
195,8,"DenseLayer( 64,1 )","biases",0.0036800844967365266,4.2590871453285216e-05,0.01159116245712879,0.014089870515540096,0.035890560615261628,0.0090808874190436827,0,25,9.9999999999999998e-13
196,0,"Conv2DLayer(1,8,5, stride=5, padding=0)","all",1.4320526516966048,0.0020918357281763471,0.0014607164408481793,0.001533083040138728,0.0025401426884457232,0.0016789527274550852,0,25,9.9999999999999998e-13
196,0,"Conv2DLayer(1,8,5, stride=5, padding=0)","weights",1.4233545892010153,0.0020431688897645569,0.0014354597214359065,0.0015057733909578047,0.0025028678245291769,0.0016724127601097558,0,25,9.9999999999999998e-13
196,0,"Conv2DLayer(1,8,5, stride=5, padding=0)","biases",0.15759252239291155,0.00044119619273801,0.0027988124628942658,0.0030182121082580225,0.0054162222148912281,0.0021355071697188831,0,25,9.9999999999999998e-13
196,4,"DenseLayer( 7202,128 )","all",20.535286609128235,0.05405533723260008,0.0026322949029023513,0.0026804334890338866,0.0034516365238295194,0.0034516365238295194,0,25,9.9999999999999998e-13
196,4,"DenseLayer( 7202,128 )","weights",20.534441188419695,0.054044393037643454,0.0026318703245314001,0.0026800002905001444,0.0034511622007558154,0.0034511622007558154,0,25,9.9999999999999998e-13
196,4,"DenseLayer( 7202,128 )","biases",0.18633541893163064,0.0010859539871626443,0.0058277436779713854,0.0059483196069849099,0.0078758527978626848,0.0071392284037871245,0,25,9.9999999999999998e-13
196,6,"DenseLayer( 128,64 )","all",9.3583757294939094,0.0075749978985239193,0.00080943840173427237,0.00083236315818366389,0.0012487168166423167,0.00097556882945714729,0,25,9.9999999999999998e-13
196,6,"DenseLayer( 128,64 )","weights",9.3569922516169903,0.0075379414199912382,0.00080559773334842183,0.00082838256156107673,0.0012391252031271973,0.0009737673073963954,0,25,9.9999999999999998e-13
196,6,"DenseLayer( 128,64 )","biases",0.16091056418375396,0.00074113923891677453,0.0046069802444105362,0.0048025396143498529,0.0090757520707463943,0.0035742178609891864,0,25,9.9999999999999998e-13
196,8,"DenseLayer( 64,1 )","all",1.2609528092519631,0.00072015842627529949,0.00057112940524592446,0.00059757216614850228,0.00097379313832520603,0.00068247049059905814,0,25,9.9999999999999998e-13
196,8,"DenseLayer( 64,1 )","weights",1.2609471609165368,0.00071698189899464912,0.00056861261624285473,0.00059467354120319054,0.00096081343515517983,0.00068244668000182478,0,25,9.9999999999999998e-13
196,8,"DenseLayer( 64,1 )","biases",0.00377295876853168,5.8494023978710178e-05,0.015600965413337787,0.019874939159058268,0.053805999291215469,0.0020229228840862785,0,25,9.9999999999999998e-13
197,0,"Conv2DLayer(1,8,5, stride=5, padding=0)","all",1.4323848902780423,0.001965345577206512,0.0013721040109962548,0.0015459871380130415,0.0033074867248723619,0.0005092338219542334,0,25,9.9999999999999998e-13
197,0,"Conv2DLayer(1,8,5, stride=5, padding=0)","weights",1.4233690524662912,0.0019145031845892516,0.0013450547624444345,0.0015273103875096993,0.0033001374566038822,0.00049144724720540567,0,25,9.9999999999999998e-13
197,0,"Conv2DLayer(1,8,5, stride=5, padding=0)","biases",0.16045507114849339,0.00040808926558968364,0.0025454326514173335,0.0026299927871955482,0.0038470797300259449,0.0012750441765319114,0,25,9.9999999999999998e-13
197,4,"DenseLayer( 7202,128 )","all",20.576161855963374,0.052915631441688642,0.0025718686997218479,0.0026169199208314268,0.0036273459648124293,0.0014697420877704561,0,25,9.9999999999999998e-13
197,4,"DenseLayer( 7202,128 )","weights",20.575304172793256,0.052906745080331267,0.0025715438738338745,0.0026165835485796336,0.0036268028273114686,0.0014696583073513644,0,25,9.9999999999999998e-13
197,4,"DenseLayer( 7202,128 )","biases",0.18786810870223769,0.00096608025483787099,0.0051459586958342877,0.0052926125259003913,0.0077803903509457576,0.0022503920272330994,0,25,9.9999999999999998e-13
197,6,"DenseLayer( 128,64 )","all",9.3598101114843448,0.0062833174458150369,0.00067131407080120269,0.0006952046300336786,0.0011483538280049603,0.0004999281553197903,0,25,9.9999999999999998e-13
197,6,"DenseLayer( 128,64 )","weights",9.3584109053328035,0.0062538007822001748,0.00066826027699759798,0.00069201616814322628,0.0011427595852785011,0.0004988617761236138,0,25,9.9999999999999998e-13
197,6,"DenseLayer( 128,64 )","biases",0.16183428797696878,0.00060233896175755891,0.0037241526497585444,0.0039119687266729866,0.0066483894763655323,0.0019389811018668474,0,25,9.9999999999999998e-13
197,8,"DenseLayer( 64,1 )","all",1.2613074358186571,0.00061139794278114478,0.00048473709755072949,0.00050752404366017094,0.00088344620394425729,0.00037162191252216719,0,25,9.9999999999999998e-13
197,8,"DenseLayer( 64,1 )","weights",1.2613021115303029,0.00060890713861314917,0.00048276427745718489,0.00050540010889199452,0.00088059849908535064,0.00037162346894216561,0,25,9.9999999999999998e-13
197,8,"DenseLayer( 64,1 )","biases",0.0036642547417432068,4.8186667263507844e-05,0.013145015296925149,0.015971383821613946,0.030401530138827355,3.2588337262991311e-05,0,25,9.9999999999999998e-13
198,0,"Conv2DLayer(1,8,5, stride=5, padding=0)","all",1.4326375527889146,0.0011704663295705284,0.00081700053559674774,0.00084697964266048048,0.0015669059015167095,0.00076086193594908694,0,25,9.9999999999999998e-13
198,0,"Conv2DLayer(1,8,5, stride=5, padding=0)","weights",1.4233506911543032,0.0011387955357955583,0.00080008104069705435,0.00083158432514927633,0.001566352260160972,0.00073027890807289249,0,25,9.9999999999999998e-13
198,0,"Conv2DLayer(1,8,5, stride=5, padding=0)","biases",0.16285929281393291,0.00025914961669856593,0.0015912195882853632,0.0016405156890692181,0.0025007239498684411,0.0020185146813523087,0,25,9.9999999999999998e-13
198,4,"DenseLayer( 7202,128 )","all",20.609005713876222,0.052731275452130126,0.0025586106373706738,0.0025979049777192574,0.0033482758930386352,0.0027828841924411483,0,25,9.9999999999999998e-13
198,4,"DenseLayer( 7202,128 )","weights",20.608136185987043,0.052722815890752034,0.0025583081011813038,0.0025975939275126136,0.0033477943580263567,0.0027825156148858343,0,25,9.9999999999999998e-13
198,4,"DenseLayer( 7202,128 )","biases",0.18931206673122927,0.00094115567296977696,0.0049724494349023696,0.0050911858998537018,0.0070353454182315936,0.0056764507777215343,0,25,9.9999999999999998e-13
198,6,"DenseLayer( 128,64 )","all",9.3621977149906286,0.0066777557733460708,0.00071326104190732491,0.00073157623579122439,0.00097409447375960934,0.00088749420321352897,0,25,9.9999999999999998e-13
198,6,"DenseLayer( 128,64 )","weights",9.360779933998975,0.0066427505226762341,0.00070962958263670085,0.00072781460717893172,0.0009668533028067436,0.00088241551790749012,0,25,9.9999999999999998e-13
198,6,"DenseLayer( 128,64 )","biases",0.16292656668369809,0.00067310276775777735,0.004131236128972782,0.0043193372199386232,0.0068885063200986385,0.0055106897183304698,0,25,9.9999999999999998e-13
198,8,"DenseLayer( 64,1 )","all",1.2616652842158824,0.00071541621608080513,0.0005670285689668243,0.00058585267554391127,0.00084567084589897876,0.0006673427728336093,0,25,9.9999999999999998e-13
198,8,"DenseLayer( 64,1 )","weights",1.2616601916239769,0.00071130725364691011,0.00056377406066290315,0.00058226226740439209,0.00083939812824726197,0.00066234606720356191,0,25,9.9999999999999998e-13
198,8,"DenseLayer( 64,1 )","biases",0.003583720400929451,6.7488932982087137e-05,0.018832402180874428,0.022719914961096311,0.046527514009698109,0.028518417266716223,0,25,9.9999999999999998e-13
199,0,"Conv2DLayer(1,8,5, stride=5, padding=0)","all",1.4325583166711255,0.0014716650593177903,0.001027301433375227,0.0010748030928715414,0.0016847159871756431,0.00096147934782404051,0,25,9.9999999999999998e-13
199,0,"Conv2DLayer(1,8,5, stride=5, padding=0)","weights",1.423250235278378,0.0014256419394911774,0.0010016793327385441,0.001051829508264199,0.0016775036482337047,0.00092509675953604857,0,25,9.9999999999999998e-13
199,0,"Conv2DLayer(1,8,5, stride=5, padding=0)","biases",0.16304001275844793,0.00034383942779532306,0.0021090076923395949,0.002208425448988327,0.0043874659636195402,0.0024807571269349869,0,25,9.9999999999999998e-13
199,4,"DenseLayer( 7202,128 )","all",20.629964689920346,0.055778716783304198,0.0027036104659594667,0.0027929890835476346,0.0040058197795264832,0.0021603042105191421,0,25,9.9999999999999998e-13
199,4,"DenseLayer( 7202,128 )","weights",20.629095959200221,0.055767185248762188,0.0027031653831230788,0.0027925197702001175,0.0040050050056526587,0.002159961132384384,0,25,9.9999999999999998e-13
199,4,"DenseLayer( 7202,128 )","biases",0.1893222233848838,0.0011320416900567486,0.0059788317842630351,0.006238630245570251,0.0096730769072214031,0.0047224342237254203,0,25,9.9999999999999998e-13
199,6,"DenseLayer( 128,64 )","all",9.3656464637132348,0.0085715771336273769,0.00091520553112735422,0.00094633035575996023,0.0013214438257895787,0.00061594030770154788,0,25,9.9999999999999998e-13
199,6,"DenseLayer( 128,64 )","weights",9.364217821106589,0.0085114797414221309,0.00090892753779095578,0.00093948465232399244,0.0013111284164212872,0.00061281412989099427,0,25,9.9999999999999998e-13
199,6,"DenseLayer( 128,64 )","biases",0.16357943313993112,0.0010004979629305122,0.0061164560911486331,0.0065732232131953238,0.010582407824292549,0.0036031981937818471,0,25,9.9999999999999998e-13
199,8,"DenseLayer( 64,1 )","all",1.2626574528949763,0.0009317847680450148,0.0007379433995278055,0.00077632608727086299,0.0011604560664797042,0.00047488190753745873,0,25,9.9999999999999998e-13
199,8,"DenseLayer( 64,1 )","weights",1.2626518950044754,0.00092020351739280956,0.00072877468463320328,0.00076584245383554757,0.0011375342790080883,0.00047403534328816692,0,25,9.9999999999999998e-13
199,8,"DenseLayer( 64,1 )","biases",0.0037419988121837377,0.00014081963337957858,0.037604811356428909,0.042767581936766254,0.074544662847181184,0.010400739669437407,0,25,9.9999999999999998e-13
200,0,"Conv2DLayer(1,8,5, stride=5, padding=0)","all",1.4324212984028604,0.0011627938501191746,0.00081176651242717286,0.00083793695653004577,0.0014386186777902473,0.00052180147038630718,0,25,9.9999999999999998e-13
200,0,"Conv2DLayer(1,8,5, stride=5, padding=0)","weights",1.42319335350263,0.0011250023653107636,0.00079048004750039509,0.00081648697549404606,0.0014162147471329723,0.00051105873093514357,0,25,9.9999999999999998e-13
200,0,"Conv2DLayer(1,8,5, stride=5, padding=0)","biases",0.16233024436599192,0.00028776737954312373,0.0017718725145715352,0.0018504852939172124,0.0027727134847565262,0.0010666732196262197,0,25,9.9999999999999998e-13
200,4,"DenseLayer( 7202,128 )","all",20.673027926653877,0.054630418812479584,0.0026428704282908215,0.0027604338689299129,0.0041378760522863805,0.0013692903010251607,0,25,9.9999999999999998e-13
200,4,"DenseLayer( 7202,128 )","weights",20.672147520389824,0.054615666004118178,0.0026422691689357491,0.0027597990229305583,0.00413691546402242,0.0013690303395627553,0,25,9.9999999999999998e-13
200,4,"DenseLayer( 7202,128 )","biases",0.19078830640311956,0.0012674475531460347,0.006646742819754135,0.0069876525675436306,0.01050815971525995,0.0031907369311696943,0,25,9.9999999999999998e-13
200,6,"DenseLayer( 128,64 )","all",9.368371684638193,0.0085556182660521275,0.00091325896259538395,0.00097609116726169029,0.001582600160631263,0.00040049978510025208,0,25,9.9999999999999998e-13
200,6,"DenseLayer( 128,64 )","weights",9.3669376821590848,0.0084848685452621406,0.0009058454697701264,0.00096781744980615981,0.0015671161975040553,0.00039862447942557339,0,25,9.9999999999999998e-13
200,6,"DenseLayer( 128,64 )","biases",0.16390971220545728,0.0010894891726545791,0.0066471439924565461,0.0073125105459943074,0.012690356796499861,0.0022470932856734362,0,25,9.9999999999999998e-13
200,8,"DenseLayer( 64,1 )","all",1.263007381894039,0.00099733292881212972,0.00078966000879498576,0.00085104037429856432,0.0014642638501063501,0.00032400917705823813,0,25,9.9999999999999998e-13
200,8,"DenseLayer( 64,1 )","weights",1.2630016332190235,0.00098367858367088938,0.00077885216293908336,0.00083840733788932286,0.0014394816837194071,0.00032364839315072536,0,25,9.9999999999999998e-13
200,8,"DenseLayer( 64,1 )","biases",0.0038043717760592698,0.00015973574481904508,0.042519986407880322,0.049377396639802854,0.086792468135686557,0.0047741316087555382,0,25,9.9999999999999998e-13
