epoch,layer_index,layer_name,parameter_scope,mean_norm,rms_norm,maximum_norm,last_norm,optimizer_steps
1,0,"Conv2DLayer(1,8,5, stride=5, padding=0)","all",3.272811923136393,3.5517143107202425,5.6947477391911532,0.49728910457831926,22
1,0,"Conv2DLayer(1,8,5, stride=5, padding=0)","weights",3.2504770455845411,3.5281869280475564,5.6687962384540267,0.49386955274869992,22
1,0,"Conv2DLayer(1,8,5, stride=5, padding=0)","biases",0.38036189694888084,0.40813177495670588,0.66424641877518664,0.058217852932804369,22
1,4,"DenseLayer( 7202,128 )","all",11.624599968307582,13.110173125692034,25.145823161370167,1.5061575472720816,22
1,4,"DenseLayer( 7202,128 )","weights",11.620817894140066,13.105912662894562,25.13663126200078,1.5056201807351663,22
1,4,"DenseLayer( 7202,128 )","biases",0.29540484896941815,0.33420451552545921,0.67984649819304455,0.040229697583481112,22
1,6,"DenseLayer( 128,64 )","all",1.7549757718378434,1.985109275189187,3.9354356145734828,0.20768860181021032,22
1,6,"DenseLayer( 128,64 )","weights",1.7308692245677035,1.9588502432152963,3.8768905998811332,0.20429703138718655,22
1,6,"DenseLayer( 128,64 )","biases",0.28418670760847536,0.32181447931613333,0.6762933926977801,0.037380185770846661,22
1,8,"DenseLayer( 64,1 )","all",0.8308758237485524,0.89703653637906444,1.6190428870912164,0.086942129238769372,22
1,8,"DenseLayer( 64,1 )","weights",0.80685327438162102,0.86951401357800873,1.5414872433786677,0.086222061116106516,22
1,8,"DenseLayer( 64,1 )","biases",0.17421970110047946,0.22049926936480085,0.51820284128189087,0.011166468262672424,22
2,0,"Conv2DLayer(1,8,5, stride=5, padding=0)","all",0.68051256850025299,0.77630692701107529,1.9806952792512447,0.30056356425134256,22
2,0,"Conv2DLayer(1,8,5, stride=5, padding=0)","weights",0.67385454961543345,0.76921558148856251,1.9636331078291747,0.29388256807354551,22
2,0,"Conv2DLayer(1,8,5, stride=5, padding=0)","biases",0.093482720302186351,0.1046892263826201,0.25942013623715338,0.063019777355754161,22
2,4,"DenseLayer( 7202,128 )","all",2.3283863139447765,2.5035447856424091,6.0208836161316199,1.6112175904109829,22
2,4,"DenseLayer( 7202,128 )","weights",2.3274990357846121,2.5025833250910234,6.0183816165974031,1.6106079494508627,22
2,4,"DenseLayer( 7202,128 )","biases",0.063983426850150654,0.069377191451173562,0.17355758699807475,0.044318808822678087,22
2,6,"DenseLayer( 128,64 )","all",0.36832625779631589,0.39462238983490872,0.93244659780599881,0.25594391328084459,22
2,6,"DenseLayer( 128,64 )","weights",0.36182094814684718,0.38723130513131221,0.90921376043364055,0.25035109161711339,22
2,6,"DenseLayer( 128,64 )","biases",0.0678351199765998,0.076018069465852739,0.20685017669342373,0.053212946466364743,22
2,8,"DenseLayer( 64,1 )","all",0.21363998960557939,0.2312379550186571,0.55044097766572986,0.14338664458600947,22
2,8,"DenseLayer( 64,1 )","weights",0.20711154693994321,0.22324856035804372,0.52090667811497182,0.13648239081867017,22
2,8,"DenseLayer( 64,1 )","biases",0.047245329626920546,0.06025837816662008,0.17788058519363403,0.04395778477191925,22
3,0,"Conv2DLayer(1,8,5, stride=5, padding=0)","all",0.29111098048311673,0.33340816934064826,0.6773083586911125,0.23030026479777413,22
3,0,"Conv2DLayer(1,8,5, stride=5, padding=0)","weights",0.28728247201032781,0.32939608933060577,0.66926703721801684,0.22653564913688898,22
3,0,"Conv2DLayer(1,8,5, stride=5, padding=0)","biases",0.046222965086544561,0.051567661540794986,0.1040588566450082,0.041470611715445187,22
3,4,"DenseLayer( 7202,128 )","all",1.1318836956059131,1.218128952948905,2.2376716964396612,1.5999001605498124,22
3,4,"DenseLayer( 7202,128 )","weights",1.131366412879744,1.2175662792279616,2.2364168878041779,1.5990115490699572,22
3,4,"DenseLayer( 7202,128 )","biases",0.03391786568330122,0.037020287672746933,0.07492746486720088,0.053315941970593562,22
3,6,"DenseLayer( 128,64 )","all",0.19042898151642232,0.20686175989382777,0.37774865036250149,0.2575211712770365,22
3,6,"DenseLayer( 128,64 )","weights",0.18641507844797095,0.20247963278859657,0.36681280187156101,0.24936626134145182,22
3,6,"DenseLayer( 128,64 )","biases",0.037928886520140648,0.042353111009307727,0.09023531034925468,0.06429324506107563,22
3,8,"DenseLayer( 64,1 )","all",0.11844347402841988,0.13109103407881004,0.25831537678646549,0.18314358757998331,22
3,8,"DenseLayer( 64,1 )","weights",0.11267510761594915,0.12450559123850719,0.24204745875743916,0.17142036903125105,22
3,8,"DenseLayer( 64,1 )","biases",0.034714945041659201,0.041027027264981052,0.090221181511878967,0.064471937716007233,22
4,0,"Conv2DLayer(1,8,5, stride=5, padding=0)","all",0.25848140517411577,0.30191617878450311,0.59756319287926463,0.21110660721161917,22
4,0,"Conv2DLayer(1,8,5, stride=5, padding=0)","weights",0.25440687373187382,0.29757491668515429,0.58842372772652507,0.20670469843879086,22
4,0,"Conv2DLayer(1,8,5, stride=5, padding=0)","biases",0.045004628575850157,0.051015173935403765,0.10411189236817009,0.042885513308451799,22
4,4,"DenseLayer( 7202,128 )","all",0.990559020921992,1.1177830520122727,2.0159711797657653,1.0096431925162466,22
4,4,"DenseLayer( 7202,128 )","weights",0.99007003739774868,1.1172240441351349,2.0149417806965801,1.0092006626228047,22
4,4,"DenseLayer( 7202,128 )","biases",0.030846794174677988,0.035346662815679109,0.070484241780738227,0.02988977678220946,22
4,6,"DenseLayer( 128,64 )","all",0.16373801393157678,0.18738079791352055,0.33919808995691836,0.161983624952238,22
4,6,"DenseLayer( 128,64 )","weights",0.15989510601867848,0.18277228609495072,0.32709347935791427,0.15874492497852363,22
4,6,"DenseLayer( 128,64 )","biases",0.034499733540635819,0.041301995863797,0.089806458520283405,0.032229544617170779,22
4,8,"DenseLayer( 64,1 )","all",0.10400513873042147,0.12352232712239188,0.23367063163377605,0.11046586089469142,22
4,8,"DenseLayer( 64,1 )","weights",0.098898638839523698,0.11693090237967502,0.21884654981053669,0.10506566658879211,22
4,8,"DenseLayer( 64,1 )","biases",0.029551423631015827,0.039811171376965285,0.092107377946376801,0.034116156399250031,22
5,0,"Conv2DLayer(1,8,5, stride=5, padding=0)","all",0.23760990387656425,0.25490150312010412,0.42873898363222868,0.17896490505493051,22
5,0,"Conv2DLayer(1,8,5, stride=5, padding=0)","weights",0.2338150916934984,0.25096839827142736,0.4217633253174235,0.17296757762561218,22
5,0,"Conv2DLayer(1,8,5, stride=5, padding=0)","biases",0.041640818321224682,0.044605373689306539,0.077024759027118264,0.045941858164947072,22
5,4,"DenseLayer( 7202,128 )","all",1.0145150436780472,1.1078808423831326,2.0943479783433845,0.90167848840521625,22
5,4,"DenseLayer( 7202,128 )","weights",1.0140281856405344,1.1073347778256033,2.0933728933956806,0.90143643371049775,22
5,4,"DenseLayer( 7202,128 )","biases",0.030992402649237843,0.034780033603798416,0.066138228011299441,0.020891443990663592,22
5,6,"DenseLayer( 128,64 )","all",0.17213852490898898,0.18836632043648979,0.34550286676620967,0.14720302480937109,22
5,6,"DenseLayer( 128,64 )","weights",0.16809262877916012,0.18360720500536942,0.33654163868650061,0.14611020661919649,22
5,6,"DenseLayer( 128,64 )","biases",0.036069118106036566,0.042074516573557937,0.084042447563747097,0.017903576031732645,22
5,8,"DenseLayer( 64,1 )","all",0.11245222514483597,0.12750126331672409,0.2389189521075076,0.077333905189568591,22
5,8,"DenseLayer( 64,1 )","weights",0.10667321879858745,0.12033748862696284,0.22347784738363477,0.076974265796292754,22
5,8,"DenseLayer( 64,1 )","biases",0.033919121710244908,0.042136219316832493,0.090531393885612488,0.0074495165608823299,22
6,0,"Conv2DLayer(1,8,5, stride=5, padding=0)","all",0.20731366414766406,0.23841290848962304,0.55527740651816815,0.054306386277405423,22
6,0,"Conv2DLayer(1,8,5, stride=5, padding=0)","weights",0.20411294133341124,0.23471734769099498,0.54580462655751849,0.053850485715536918,22
6,0,"Conv2DLayer(1,8,5, stride=5, padding=0)","biases",0.035913435337734931,0.041814849364621001,0.10212887847201076,0.0070220209848392175,22
6,4,"DenseLayer( 7202,128 )","all",0.84781351653739623,0.91060648931772825,1.4676299114273468,0.32014424818721493,22
6,4,"DenseLayer( 7202,128 )","weights",0.8474111919855023,0.91017025046174205,1.4670903033734044,0.32002526336880621,22
6,4,"DenseLayer( 7202,128 )","biases",0.025954549592529408,0.028183214188020791,0.046141082473109031,0.008727568566518476,22
6,6,"DenseLayer( 128,64 )","all",0.14340537531134748,0.15768778822208257,0.28752391315458176,0.045304535702172403,22
6,6,"DenseLayer( 128,64 )","weights",0.14010855325443369,0.15410141254932444,0.28428976117826654,0.044583666620676726,22
6,6,"DenseLayer( 128,64 )","biases",0.030080197953078786,0.033439395997464955,0.058575988726640417,0.0080496972518082754,22
6,8,"DenseLayer( 64,1 )","all",0.092232564499971303,0.10314256590660152,0.17622042025304807,0.020028369061337998,22
6,8,"DenseLayer( 64,1 )","weights",0.087785984222630328,0.097982058457739676,0.1652173338455393,0.019927358400675277,22
6,8,"DenseLayer( 64,1 )","biases",0.027363941962407393,0.032216534918915844,0.061293303966522217,0.002008968498557806,22
7,0,"Conv2DLayer(1,8,5, stride=5, padding=0)","all",0.248125047951715,0.28246115846393782,0.58144025295076318,0.25799362606257409,22
7,0,"Conv2DLayer(1,8,5, stride=5, padding=0)","weights",0.24455206872683646,0.27850623366745392,0.5707012361854038,0.25270246879868336,22
7,0,"Conv2DLayer(1,8,5, stride=5, padding=0)","biases",0.041472363762378305,0.047101845496321758,0.11123338872793305,0.051982433109328048,22
7,4,"DenseLayer( 7202,128 )","all",0.9048470107425316,1.0197127916135977,2.1983372000199832,1.1239257029794651,22
7,4,"DenseLayer( 7202,128 )","weights",0.90442823441027564,1.0192180355678233,2.1969516247054104,1.1232793578298019,22
7,4,"DenseLayer( 7202,128 )","biases",0.027244654146538115,0.031761192573065498,0.078038475740863575,0.038111285616639158,22
7,6,"DenseLayer( 128,64 )","all",0.15821554629540455,0.1809350609547474,0.42619990505228544,0.21510311659203671,22
7,6,"DenseLayer( 128,64 )","weights",0.15482808087488226,0.17684179005952913,0.41449196994521742,0.20959140798667591,22
7,6,"DenseLayer( 128,64 )","biases",0.031980923173162798,0.038268493192698129,0.099210714731374119,0.048381736903196228,22
7,8,"DenseLayer( 64,1 )","all",0.10090021188159995,0.1179099794966726,0.29277901532549711,0.14401495540744233,22
7,8,"DenseLayer( 64,1 )","weights",0.096266197451327043,0.11178413380888723,0.27317683724405367,0.13500908664303138,22
7,8,"DenseLayer( 64,1 )","biases",0.028314731665886939,0.037510940983965582,0.10532790422439575,0.050128374248743057,22
8,0,"Conv2DLayer(1,8,5, stride=5, padding=0)","all",0.23092136916889874,0.26792116575054437,0.70147850347827945,0.39973338334289715,22
8,0,"Conv2DLayer(1,8,5, stride=5, padding=0)","weights",0.22741932969084275,0.26419321228385045,0.69484323566532735,0.39375891571734234,22
8,0,"Conv2DLayer(1,8,5, stride=5, padding=0)","biases",0.039700480428445553,0.044538720685163548,0.096254707377171761,0.068852698217734834,22
8,4,"DenseLayer( 7202,128 )","all",0.89051515674353932,0.99230785385604758,1.8841864329377749,1.8841864329377749,22
8,4,"DenseLayer( 7202,128 )","weights",0.8901193035430387,0.99187748044303781,1.883428652259763,1.883428652259763,22
8,4,"DenseLayer( 7202,128 )","biases",0.026390355471806511,0.029222262307464875,0.056882529951964529,0.05343244252089787,22
8,6,"DenseLayer( 128,64 )","all",0.15159724756791276,0.1676916267040181,0.31355522027063454,0.31355522027063454,22
8,6,"DenseLayer( 128,64 )","weights",0.14837860953877086,0.16415194225182642,0.30699313605076001,0.30699313605076001,22
8,6,"DenseLayer( 128,64 )","biases",0.03065602968205814,0.034272751882403661,0.068879499672769795,0.063812934242876568,22
8,8,"DenseLayer( 64,1 )","all",0.093584156951345102,0.10372842369202678,0.20084049492703612,0.20084049492703612,22
8,8,"DenseLayer( 64,1 )","weights",0.089445738492698726,0.099140451413685368,0.19086981622292212,0.19086981622292212,22
8,8,"DenseLayer( 64,1 )","biases",0.025592931757935068,0.030508306657749992,0.065245360136032104,0.062494941055774689,22
9,0,"Conv2DLayer(1,8,5, stride=5, padding=0)","all",0.20259312147698774,0.2306604110806493,0.52661935353126332,0.14359656917289207,22
9,0,"Conv2DLayer(1,8,5, stride=5, padding=0)","weights",0.19962696560957915,0.22745437755031048,0.51933588271361975,0.1425316642857575,22
9,0,"Conv2DLayer(1,8,5, stride=5, padding=0)","biases",0.034214258603651598,0.038324031274057521,0.087282211473764956,0.017455639608942943,22
9,4,"DenseLayer( 7202,128 )","all",0.78443224476384699,0.8442296349630114,1.6228949363329956,0.76440932498100511,22
9,4,"DenseLayer( 7202,128 )","weights",0.78407422063429033,0.84383960595694607,1.6221103124740361,0.76417828092203011,22
9,4,"DenseLayer( 7202,128 )","biases",0.023532906152899366,0.025659227739849338,0.050458978791318616,0.018792846643518917,22
9,6,"DenseLayer( 128,64 )","all",0.13872443015450317,0.15028674537880415,0.27622698517423089,0.11991472535663586,22
9,6,"DenseLayer( 128,64 )","weights",0.13587144848692281,0.14718336750987088,0.26952772458694718,0.11815102256991825,22
9,6,"DenseLayer( 128,64 )","biases",0.027613555876851756,0.030383583807836043,0.060466131159745286,0.020490905861871429,22
9,8,"DenseLayer( 64,1 )","all",0.088356000256315098,0.097219526497842532,0.18999661773966658,0.06646221121406902,22
9,8,"DenseLayer( 64,1 )","weights",0.084195429021884982,0.092435481249848406,0.1792573869737237,0.065495483663708248,22
9,8,"DenseLayer( 64,1 )","biases",0.025893491269512611,0.030121722038648942,0.06297224760055542,0.011294562369585037,22
10,0,"Conv2DLayer(1,8,5, stride=5, padding=0)","all",0.22477037150838772,0.26815802187526105,0.59013589597402105,0.17930952811518397,22
10,0,"Conv2DLayer(1,8,5, stride=5, padding=0)","weights",0.22134402760887403,0.26413681348337137,0.5810785595221768,0.17388940611084541,22
10,0,"Conv2DLayer(1,8,5, stride=5, padding=0)","biases",0.038659586187757951,0.046265197058952129,0.10299555029559523,0.043753643451802153,22
10,4,"DenseLayer( 7202,128 )","all",0.89649024129412724,1.0613792286886881,2.1053994435870718,0.9621362783663584,22
10,4,"DenseLayer( 7202,128 )","weights",0.89603203518900754,1.0608089794958733,2.1041335719538616,0.96168629520222304,22
10,4,"DenseLayer( 7202,128 )","biases",0.028425795491699407,0.034787585612086488,0.072998139931331446,0.02942257243834066,22
10,6,"DenseLayer( 128,64 )","all",0.15676538995853914,0.18998789479842265,0.39934239844988928,0.16436335683728939,22
10,6,"DenseLayer( 128,64 )","weights",0.15300650984924072,0.18515516572010421,0.38863921988407168,0.16149284290797625,22
10,6,"DenseLayer( 128,64 )","biases",0.0336746567301352,0.042578924095111312,0.091836310725171857,0.030583897075451831,22
10,8,"DenseLayer( 64,1 )","all",0.10193881975789494,0.12693788029069203,0.26339941774819864,0.10337703998398783,22
10,8,"DenseLayer( 64,1 )","weights",0.096357447946248037,0.11936019108183554,0.24618305508385099,0.097948676234597215,22
10,8,"DenseLayer( 64,1 )","biases",0.03236781543290073,0.043201507353352431,0.093665130436420441,0.033058572560548782,22
11,0,"Conv2DLayer(1,8,5, stride=5, padding=0)","all",0.27917351852071809,0.32117765719152358,0.80872941875946081,0.80872941875946081,22
11,0,"Conv2DLayer(1,8,5, stride=5, padding=0)","weights",0.27519945289163256,0.31676668292831384,0.79735640109088102,0.79735640109088102,22
11,0,"Conv2DLayer(1,8,5, stride=5, padding=0)","biases",0.046573767700589595,0.053046734731073929,0.13515192342846338,0.13515192342846338,22
11,4,"DenseLayer( 7202,128 )","all",1.0080289295908849,1.14961258471613,2.849818978081943,2.849818978081943,22
11,4,"DenseLayer( 7202,128 )","weights",1.0075207854464667,1.1490094510179685,2.8482417047738018,2.8482417047738018,22
11,4,"DenseLayer( 7202,128 )","biases",0.031798077386617468,0.037234075912908532,0.09480189356356776,0.09480189356356776,22
11,6,"DenseLayer( 128,64 )","all",0.1789332038220332,0.20601468952783503,0.51956758362537425,0.51956758362537425,22
11,6,"DenseLayer( 128,64 )","weights",0.17484403705766008,0.20103044342922433,0.50640530414448115,0.50640530414448115,22
11,6,"DenseLayer( 128,64 )","biases",0.03754887037098828,0.045042348028268869,0.11620732287014318,0.11620732287014318,22
11,8,"DenseLayer( 64,1 )","all",0.11414513085139619,0.13440158623708212,0.3285639936724204,0.3285639936724204,22
11,8,"DenseLayer( 64,1 )","weights",0.1080568454622037,0.12665526736321245,0.30787533718983773,0.30787533718983773,22
11,8,"DenseLayer( 64,1 )","biases",0.035906752804294229,0.044969207600279081,0.11474787443876266,0.11474787443876266,22
12,0,"Conv2DLayer(1,8,5, stride=5, padding=0)","all",0.20253482516955906,0.2284756092561393,0.41623438268835555,0.15101330121506737,22
12,0,"Conv2DLayer(1,8,5, stride=5, padding=0)","weights",0.19945611088556328,0.22521036869631161,0.41010508006912288,0.14737192647130173,22
12,0,"Conv2DLayer(1,8,5, stride=5, padding=0)","biases",0.034920506422450107,0.038488879649002987,0.0711680028766771,0.032962591403133047,22
12,4,"DenseLayer( 7202,128 )","all",0.82038771675452493,0.90467986529013367,1.529829728464015,0.9088107410570313,22
12,4,"DenseLayer( 7202,128 )","weights",0.81998127587058067,0.90423861315279097,1.5291171786521831,0.90848663462640333,22
12,4,"DenseLayer( 7202,128 )","biases",0.025655483602083282,0.028252241413588005,0.048734886645222492,0.024269276170133216,22
12,6,"DenseLayer( 128,64 )","all",0.14246467608002614,0.15680965907949637,0.26087826050714874,0.11831799545566905,22
12,6,"DenseLayer( 128,64 )","weights",0.13915750352731984,0.15311618114428871,0.25420434083118337,0.11660723644053587,22
12,6,"DenseLayer( 128,64 )","biases",0.030113196218573932,0.033833478278433672,0.060704787030957476,0.020047455158914446,22
12,8,"DenseLayer( 64,1 )","all",0.091666720553810851,0.10337342776372323,0.1877057049457842,0.049250435417649084,22
12,8,"DenseLayer( 64,1 )","weights",0.086936622082715895,0.097942373453912754,0.17663162053658812,0.049006413529081125,22
12,8,"DenseLayer( 64,1 )","biases",0.028297323797067456,0.033065950006554955,0.063519306480884552,0.0048966133035719395,22
13,0,"Conv2DLayer(1,8,5, stride=5, padding=0)","all",0.21813417923469083,0.25383394690009126,0.51867580952736614,0.27161046191268234,22
13,0,"Conv2DLayer(1,8,5, stride=5, padding=0)","weights",0.21516840493094538,0.25055563853172191,0.5116842661968708,0.26750154004866705,22
13,0,"Conv2DLayer(1,8,5, stride=5, padding=0)","biases",0.035509542214107133,0.040663799611441259,0.084875244420493323,0.047065582881889972,22
13,4,"DenseLayer( 7202,128 )","all",0.85506033897775191,0.99375895514456347,2.1301180510093336,1.1684013949437684,22
13,4,"DenseLayer( 7202,128 )","weights",0.8546530559862564,0.99327882197307071,2.129148538801199,1.1679469163746308,22
13,4,"DenseLayer( 7202,128 )","biases",0.026200039401899793,0.030887582453205348,0.064260492968240907,0.032585583277506928,22
13,6,"DenseLayer( 128,64 )","all",0.14344068729225506,0.16881103894989796,0.35106990117205888,0.18929723012467967,22
13,6,"DenseLayer( 128,64 )","weights",0.14010910639677879,0.16471895438319964,0.3421967820985965,0.18558884348061,22
13,6,"DenseLayer( 128,64 )","biases",0.030256025017576439,0.036943645438009466,0.078431102442365674,0.037285687715336184,22
13,8,"DenseLayer( 64,1 )","all",0.090471721224824581,0.11130782797040653,0.25149916066162598,0.10519201887485541,22
13,8,"DenseLayer( 64,1 )","weights",0.085800825184113125,0.10539589561722711,0.23963334635461808,0.099984828144298404,22
13,8,"DenseLayer( 64,1 )","biases",0.027223262099803171,0.035792984711143901,0.081144630908966064,0.03268631175160408,22
14,0,"Conv2DLayer(1,8,5, stride=5, padding=0)","all",0.23271761986902514,0.25129545944955262,0.48986410347098641,0.13461545396176977,22
14,0,"Conv2DLayer(1,8,5, stride=5, padding=0)","weights",0.22955810964435028,0.2479876631872153,0.48454659887669188,0.1332074423919167,22
14,0,"Conv2DLayer(1,8,5, stride=5, padding=0)","biases",0.037956727477782004,0.040638981863550659,0.071982174088197501,0.019419004524886076,22
14,4,"DenseLayer( 7202,128 )","all",0.90393947026136012,0.97162990619200884,1.682102429429378,0.64576682168142108,22
14,4,"DenseLayer( 7202,128 )","weights",0.90350140908245513,0.97114855520408216,1.6812986867076674,0.64546202488031734,22
14,4,"DenseLayer( 7202,128 )","biases",0.027986753082483794,0.030580358593639858,0.051993356953445959,0.019838407746715549,22
14,6,"DenseLayer( 128,64 )","all",0.15882237111221562,0.17114084548756667,0.29822750445885199,0.10613960541265943,22
14,6,"DenseLayer( 128,64 )","weights",0.15511769090122557,0.16698470357128992,0.29075643206166418,0.10323565070437352,22
14,6,"DenseLayer( 128,64 )","biases",0.03366570011544321,0.037487301415380689,0.066335070894101331,0.02465798574092436,22
14,8,"DenseLayer( 64,1 )","all",0.10351573344845191,0.11383415416547429,0.19909305058491211,0.076236668490012996,22
14,8,"DenseLayer( 64,1 )","weights",0.098313627103083043,0.10766375954753654,0.18771260239629839,0.072288882502573371,22
14,8,"DenseLayer( 64,1 )","biases",0.031324031201868573,0.036969305303984325,0.066605508327484131,0.024214604869484901,22
15,0,"Conv2DLayer(1,8,5, stride=5, padding=0)","all",0.22677769721036245,0.25094259702506705,0.53662860165528903,0.095187341540561007,22
15,0,"Conv2DLayer(1,8,5, stride=5, padding=0)","weights",0.2237974386921599,0.24768125239544111,0.53082282793689339,0.094161425395662482,22
15,0,"Conv2DLayer(1,8,5, stride=5, padding=0)","biases",0.036326997366646754,0.040325974427296477,0.07872344921044877,0.013937573569904585,22
15,4,"DenseLayer( 7202,128 )","all",0.83075740206653625,0.92435252084609387,1.5708101583759955,0.27230101606768958,22
15,4,"DenseLayer( 7202,128 )","weights",0.83035284510690777,0.923887313841945,1.5699886825749745,0.27222931709337778,22
15,4,"DenseLayer( 7202,128 )","biases",0.025728845203176129,0.029322587137628166,0.050794588724747056,0.006248381099876031,22
15,6,"DenseLayer( 128,64 )","all",0.14643699709185504,0.16531593972904524,0.29510972260973956,0.04002836337710701,22
15,6,"DenseLayer( 128,64 )","weights",0.1432283873916981,0.16147269456725455,0.28832966601196874,0.039592331645647273,22
15,6,"DenseLayer( 128,64 )","biases",0.030042362469776103,0.035439086298710329,0.063823233205822755,0.0058921260603282686,22
15,8,"DenseLayer( 64,1 )","all",0.095585980808518878,0.11097050055776363,0.20165842743432369,0.023908136201555803,22
15,8,"DenseLayer( 64,1 )","weights",0.090931815067037042,0.10503972311815744,0.1900093397227007,0.023619068565910305,22
15,8,"DenseLayer( 64,1 )","biases",0.028495755977928638,0.035792576902221492,0.067748464643955231,0.0037065586075186729,22
16,0,"Conv2DLayer(1,8,5, stride=5, padding=0)","all",0.2052235837561065,0.22659178808143504,0.37427812438557184,0.12633580767452354,22
16,0,"Conv2DLayer(1,8,5, stride=5, padding=0)","weights",0.20244312049048205,0.22365484488015663,0.37027500508715067,0.12333529953653383,22
16,0,"Conv2DLayer(1,8,5, stride=5, padding=0)","biases",0.033240035914359291,0.036364114007837851,0.05544316954237162,0.027370425444404115,22
16,4,"DenseLayer( 7202,128 )","all",0.7719665216596896,0.8260524854742648,1.415162649182947,1.0295810757054071,22
16,4,"DenseLayer( 7202,128 )","weights",0.77160996541810911,0.82565889423420535,1.4144703772611313,1.0291305802412611,22
16,4,"DenseLayer( 7202,128 )","biases",0.023307296353477145,0.02549704159622812,0.044259185411045433,0.030453903903909806,22
16,6,"DenseLayer( 128,64 )","all",0.13359012308228571,0.14616396651483318,0.25781266554492077,0.16143246606117787,22
16,6,"DenseLayer( 128,64 )","weights",0.13078342710833391,0.14293923549717175,0.25112357432128657,0.15734877028293531,22
16,6,"DenseLayer( 128,64 )","biases",0.026894541532761346,0.030533261581975796,0.05834655890006208,0.036080543081298017,22
16,8,"DenseLayer( 64,1 )","all",0.083160990709613677,0.09316375420607495,0.18004898874254832,0.11021273583113997,22
16,8,"DenseLayer( 64,1 )","weights",0.079272714068997038,0.088341651300265556,0.1699156215599244,0.10449749475443494,22
16,8,"DenseLayer( 64,1 )","biases",0.024126097697510639,0.029584417238002807,0.05955098569393158,0.035030283033847809,22
17,0,"Conv2DLayer(1,8,5, stride=5, padding=0)","all",0.20456383769787032,0.23567243122950257,0.52086757519521654,0.32882952496213452,22
17,0,"Conv2DLayer(1,8,5, stride=5, padding=0)","weights",0.20164981889203198,0.23244157128461881,0.51351273663226293,0.32329094426907656,22
17,0,"Conv2DLayer(1,8,5, stride=5, padding=0)","biases",0.034048682317101085,0.03888972589723514,0.087222131401317321,0.060098434592191045,22
17,4,"DenseLayer( 7202,128 )","all",0.84820679199134774,0.98679413783219305,2.2825011722205613,1.7881745047141515,22
17,4,"DenseLayer( 7202,128 )","weights",0.84778945928622451,0.98628718723704889,2.2812925345009223,1.7870744584473361,22
17,4,"DenseLayer( 7202,128 )","biases",0.026441710821936835,0.031626804328157447,0.074269598212151969,0.062713150733015879,22
17,6,"DenseLayer( 128,64 )","all",0.14937455809711928,0.17627306831653905,0.41521125835000383,0.33389636015831375,22
17,6,"DenseLayer( 128,64 )","weights",0.14585455547513898,0.17186612384356909,0.40466195218653833,0.32411256434825753,22
17,6,"DenseLayer( 128,64 )","biases",0.031936780999195398,0.039169249274325101,0.093000502757637757,0.080236057720746531,22
17,8,"DenseLayer( 64,1 )","all",0.097321449553010753,0.11874832174177617,0.28219108931575959,0.23710385029052775,22
17,8,"DenseLayer( 64,1 )","weights",0.092353485770353752,0.11203875938671744,0.26478022693568731,0.22141420847099152,22
17,8,"DenseLayer( 64,1 )","biases",0.02965531371195208,0.039350734574765234,0.09758710116147995,0.084817357361316681,22
18,0,"Conv2DLayer(1,8,5, stride=5, padding=0)","all",0.28589031529514386,0.31587088270706887,0.58937319130999022,0.1898342534192444,22
18,0,"Conv2DLayer(1,8,5, stride=5, padding=0)","weights",0.28218645118319169,0.31178607142092768,0.58223370393898999,0.18710007660631053,22
18,0,"Conv2DLayer(1,8,5, stride=5, padding=0)","biases",0.045389690711350329,0.050634575243079391,0.091458584246679464,0.032103038877256303,22
18,4,"DenseLayer( 7202,128 )","all",0.98247849714789659,1.0757120179594131,1.9118326541126887,0.96484527266806452,22
18,4,"DenseLayer( 7202,128 )","weights",0.98199719696081489,1.0751591820595503,1.9108941570089504,0.96431315389705818,22
18,4,"DenseLayer( 7202,128 )","biases",0.030574180885116369,0.034483022131936415,0.062910355425816716,0.03203968493946794,22
18,6,"DenseLayer( 128,64 )","all",0.17780425525958449,0.1976482831873109,0.34854450416054228,0.16252539826314655,22
18,6,"DenseLayer( 128,64 )","weights",0.17394279893696482,0.19309618614321197,0.34089073909134282,0.15743588261874775,22
18,6,"DenseLayer( 128,64 )","biases",0.036490936531966597,0.042174716879162119,0.083013187383924603,0.040354032569871856,22
18,8,"DenseLayer( 64,1 )","all",0.11119378401826736,0.12673535815408807,0.24123290226126623,0.12053983358005185,22
18,8,"DenseLayer( 64,1 )","weights",0.10559873196184073,0.11960561175014862,0.22437711871314445,0.11323928981212567,22
18,8,"DenseLayer( 64,1 )","biases",0.033556908623061397,0.041908813444401949,0.088590189814567566,0.041312403976917267,22
19,0,"Conv2DLayer(1,8,5, stride=5, padding=0)","all",0.23643358897735409,0.26635080117293641,0.46631998266220315,0.41638713171060521,22
19,0,"Conv2DLayer(1,8,5, stride=5, padding=0)","weights",0.23348642428543565,0.26331050287856916,0.46177969737842534,0.41244950276059977,22
19,0,"Conv2DLayer(1,8,5, stride=5, padding=0)","biases",0.036653776125249345,0.04012889681140161,0.068569392460074111,0.05712837409483059,22
19,4,"DenseLayer( 7202,128 )","all",0.805834814516035,0.84607964996203533,1.2308459917870649,0.99376402950571319,22
19,4,"DenseLayer( 7202,128 )","weights",0.80546886839738352,0.84569611352526197,1.2302940609285855,0.99340183802746529,22
19,4,"DenseLayer( 7202,128 )","biases",0.024134512474973377,0.025472684352998064,0.038684437787477106,0.02682786877643158,22
19,6,"DenseLayer( 128,64 )","all",0.13894683457462767,0.14731825371756055,0.2281919318214711,0.15700659606467185,22
19,6,"DenseLayer( 128,64 )","weights",0.13614216398125209,0.14435705047114628,0.22431175965221706,0.15510779085494064,22
19,6,"DenseLayer( 128,64 )","biases",0.027417439245845061,0.029388941077596903,0.051478845670231407,0.024344289349147587,22
19,8,"DenseLayer( 64,1 )","all",0.087347945816143732,0.09350265093703615,0.16199935226545814,0.08496911967306002,22
19,8,"DenseLayer( 64,1 )","weights",0.083503714919230185,0.089252184494050132,0.15195311382759064,0.084871851408841487,22
19,8,"DenseLayer( 64,1 )","biases",0.024252235392023893,0.027871011737883897,0.056160852313041687,0.004064497072249651,22
20,0,"Conv2DLayer(1,8,5, stride=5, padding=0)","all",0.2510841119684703,0.280952507293317,0.54469236479588024,0.42563464123998429,22
20,0,"Conv2DLayer(1,8,5, stride=5, padding=0)","weights",0.24811140082947569,0.27773766327600169,0.53891185232556271,0.4223205528218601,22
20,0,"Conv2DLayer(1,8,5, stride=5, padding=0)","biases",0.038119231652999901,0.042380440681848,0.079144094473050569,0.053011305282256782,22
20,4,"DenseLayer( 7202,128 )","all",0.86844387779807919,0.94444405871248327,1.6402778261690139,1.0423296615247828,22
20,4,"DenseLayer( 7202,128 )","weights",0.86806519574741703,0.94402790622154709,1.6395643755733349,1.0419626648677949,22
20,4,"DenseLayer( 7202,128 )","biases",0.025481400493954511,0.028033770924913329,0.048373602021835119,0.027657337470762582,22
20,6,"DenseLayer( 128,64 )","all",0.15078768988560634,0.16551545233118134,0.28108441623434843,0.15731999212042,22
20,6,"DenseLayer( 128,64 )","weights",0.14787662619426709,0.16218584805202957,0.27431855687333861,0.15544551743653057,22
20,6,"DenseLayer( 128,64 )","biases",0.028853082620755501,0.033032039780182071,0.0617782956460931,0.024213034292675451,22
20,8,"DenseLayer( 64,1 )","all",0.094031432216411928,0.10592744894538296,0.19573652317777521,0.08814504628863519,22
20,8,"DenseLayer( 64,1 )","weights",0.09032459749490758,0.10128631100653156,0.18364050623352071,0.087737128749473259,22
20,8,"DenseLayer( 64,1 )","biases",0.023475823849862951,0.031011411492624416,0.067741796374320984,0.0084702670574188232,22
21,0,"Conv2DLayer(1,8,5, stride=5, padding=0)","all",0.23468442659791738,0.2628162044341848,0.50850939301192932,0.20451570870075361,22
21,0,"Conv2DLayer(1,8,5, stride=5, padding=0)","weights",0.23129967108678026,0.2592645499938307,0.50076353872056967,0.20091438431409964,22
21,0,"Conv2DLayer(1,8,5, stride=5, padding=0)","biases",0.039163751964124756,0.043061008228880066,0.088417651345267842,0.038211062286434679,22
21,4,"DenseLayer( 7202,128 )","all",0.96970586055649999,1.1118812102558451,2.7457951427495906,0.83437892113762357,22
21,4,"DenseLayer( 7202,128 )","weights",0.96923976284630109,1.1113309729351186,2.7443500363197768,0.83402836731636598,22
21,4,"DenseLayer( 7202,128 )","biases",0.029901189016305018,0.034975624584635302,0.089072128631158209,0.024184014356214426,22
21,6,"DenseLayer( 128,64 )","all",0.16970946407915458,0.19571825698787965,0.50115280112536376,0.12970499393202353,22
21,6,"DenseLayer( 128,64 )","weights",0.16567643863405943,0.19081792707543993,0.48750114634156977,0.12721627704274918,22
21,6,"DenseLayer( 128,64 )","biases",0.036317666675582706,0.04352188903305771,0.11617556710192441,0.025286445109756913,22
21,8,"DenseLayer( 64,1 )","all",0.1109567642627018,0.13175882605568079,0.35087499815506851,0.056145442910543485,22
21,8,"DenseLayer( 64,1 )","weights",0.10544515456025037,0.1246762438383235,0.3298298018448233,0.054554051097434456,22
21,8,"DenseLayer( 64,1 )","biases",0.033871114148165689,0.042617161636341348,0.1196894571185112,0.013272764161229134,22
22,0,"Conv2DLayer(1,8,5, stride=5, padding=0)","all",0.25785754277750128,0.27860118112759352,0.49806946059334317,0.49806946059334317,22
22,0,"Conv2DLayer(1,8,5, stride=5, padding=0)","weights",0.25404933401956814,0.27444484003178093,0.49135917531618456,0.49135917531618456,22
22,0,"Conv2DLayer(1,8,5, stride=5, padding=0)","biases",0.04396098815143757,0.047944216602425906,0.082078653302028598,0.081482196879703844,22
22,4,"DenseLayer( 7202,128 )","all",1.0213904642044149,1.1053866031239215,2.1410252014277527,1.3559090234473505,22
22,4,"DenseLayer( 7202,128 )","weights",1.0208475879039973,1.104788529581727,2.1398424258584301,1.355202284818239,22
22,4,"DenseLayer( 7202,128 )","biases",0.033093716899927635,0.036357217584509827,0.071156908624942228,0.043772675145259322,22
22,6,"DenseLayer( 128,64 )","all",0.1881278196664935,0.20504852831491457,0.38976450186660744,0.27601940741275188,22
22,6,"DenseLayer( 128,64 )","weights",0.18351358090060507,0.19988161129670412,0.37886401012406234,0.27071676910298342,22
22,6,"DenseLayer( 128,64 )","biases",0.041046557071239866,0.045741014741100913,0.091533757423362769,0.053843701534428828,22
22,8,"DenseLayer( 64,1 )","all",0.12373579858763113,0.13676474266622868,0.26614939785730268,0.17743678479709385,22
22,8,"DenseLayer( 64,1 )","weights",0.11652983109430363,0.1284573035746161,0.2487380699772043,0.16804015819158544,22
22,8,"DenseLayer( 64,1 )","biases",0.040824007941409945,0.046939492912670813,0.094683021306991577,0.056976467370986938,22
23,0,"Conv2DLayer(1,8,5, stride=5, padding=0)","all",0.21839581145167472,0.23851695518068922,0.387469394687738,0.2537061893137228,22
23,0,"Conv2DLayer(1,8,5, stride=5, padding=0)","weights",0.21539995025813674,0.23540981850970696,0.38188552170836448,0.24853793441996858,22
23,0,"Conv2DLayer(1,8,5, stride=5, padding=0)","biases",0.035466580625745141,0.038373887708879964,0.065543726848664774,0.050948264448810551,22
23,4,"DenseLayer( 7202,128 )","all",0.85508924815313192,0.91949325558063899,1.4905918315990234,1.1664894829500514,22
23,4,"DenseLayer( 7202,128 )","weights",0.85466795637890947,0.91902598521537915,1.4897724366994949,1.1655706875895513,22
23,4,"DenseLayer( 7202,128 )","biases",0.026668366330909177,0.029310161329886848,0.04941756044344385,0.046289157100762764,22
23,6,"DenseLayer( 128,64 )","all",0.15119151867732966,0.16435837585511584,0.27822206429145357,0.2392280979462377,22
23,6,"DenseLayer( 128,64 )","weights",0.14762887666308119,0.16033881624083146,0.27125647588995722,0.23113762321829756,22
23,6,"DenseLayer( 128,64 )","biases",0.032261444117151622,0.036126717540075633,0.061866318351416247,0.061688588733825038,22
23,8,"DenseLayer( 64,1 )","all",0.10061033131419778,0.11110903925731425,0.19715659639574062,0.17298732232940284,22
23,8,"DenseLayer( 64,1 )","weights",0.095500030037819969,0.10503187836384423,0.18566778155939129,0.15901221615901448,22
23,8,"DenseLayer( 64,1 )","biases",0.030802811136130582,0.036242559678450269,0.068115554749965668,0.068115554749965668,22
24,0,"Conv2DLayer(1,8,5, stride=5, padding=0)","all",0.208386192738236,0.24034547403434114,0.55493761883159576,0.13157076005070459,22
24,0,"Conv2DLayer(1,8,5, stride=5, padding=0)","weights",0.20556170571557592,0.23729578370964849,0.54915779218711647,0.13021813531626317,22
24,0,"Conv2DLayer(1,8,5, stride=5, padding=0)","biases",0.033699974320173909,0.038166188209144865,0.079884166607990983,0.0188176017354885,22
24,4,"DenseLayer( 7202,128 )","all",0.82875490391735585,0.9014887704316471,1.5486312321582107,0.66184602941649961,22
24,4,"DenseLayer( 7202,128 )","weights",0.82834911599132377,0.90104481548346282,1.5478175377782328,0.66151010128159404,22
24,4,"DenseLayer( 7202,128 )","biases",0.025786867947637297,0.028288579051191087,0.050195248400494337,0.021084415021557369,22
24,6,"DenseLayer( 128,64 )","all",0.14549724701912384,0.16092280876610066,0.28269362821957011,0.10963109236957494,22
24,6,"DenseLayer( 128,64 )","weights",0.14212722894481855,0.15720622559233119,0.27581321416143756,0.10654006032947055,22
24,6,"DenseLayer( 128,64 )","biases",0.030747371234965588,0.034385360492280422,0.061989985722546388,0.025849409260929882,22
24,8,"DenseLayer( 64,1 )","all",0.095458836282959786,0.10654199012975132,0.19008283190389616,0.079167917737758026,22
24,8,"DenseLayer( 64,1 )","weights",0.090443052301464516,0.10078372900751528,0.17862305998936062,0.074384178482328478,22
24,8,"DenseLayer( 64,1 )","biases",0.029866481221026996,0.034551926547556656,0.065002195537090302,0.027102641761302948,22
25,0,"Conv2DLayer(1,8,5, stride=5, padding=0)","all",0.26322443230706116,0.29183667485043746,0.60594779307637769,0.60594779307637769,22
25,0,"Conv2DLayer(1,8,5, stride=5, padding=0)","weights",0.25944001394939081,0.28759477221819191,0.59444463605188935,0.59444463605188935,22
25,0,"Conv2DLayer(1,8,5, stride=5, padding=0)","biases",0.043836222189086352,0.049577129611608713,0.11750873415737849,0.11750873415737849,22
25,4,"DenseLayer( 7202,128 )","all",1.0103943478375472,1.1168688588689613,2.2801585116754719,2.2801585116754719,22
25,4,"DenseLayer( 7202,128 )","weights",1.0099002625541389,1.1162853697035411,2.2786402478654972,2.2786402478654972,22
25,4,"DenseLayer( 7202,128 )","biases",0.031324896195989778,0.036097386291593037,0.083195307401130014,0.083195307401130014,22
25,6,"DenseLayer( 128,64 )","all",0.18036906162259128,0.20425023139203902,0.45159555441730898,0.45159555441730898,22
25,6,"DenseLayer( 128,64 )","weights",0.17624060425158147,0.19920804701089312,0.43844053074429251,0.43844053074429251,22
25,6,"DenseLayer( 128,64 )","biases",0.037856854560013531,0.045103337235810871,0.10820557180727701,0.10820557180727701,22
25,8,"DenseLayer( 64,1 )","all",0.11667267187292271,0.13704413969205023,0.31746664374309341,0.31746664374309341,22
25,8,"DenseLayer( 64,1 )","weights",0.11066678600814996,0.12915892946559887,0.29584605938615838,0.29584605938615838,22
25,8,"DenseLayer( 64,1 )","biases",0.035346154123544693,0.04581557773546719,0.11515285074710846,0.11515285074710846,22
26,0,"Conv2DLayer(1,8,5, stride=5, padding=0)","all",0.17943058423109534,0.19788119560267597,0.41868310562784977,0.15303340100814775,22
26,0,"Conv2DLayer(1,8,5, stride=5, padding=0)","weights",0.17700183872314917,0.19528061994985488,0.41333711386517857,0.148783698110459,22
26,0,"Conv2DLayer(1,8,5, stride=5, padding=0)","biases",0.028775909157310091,0.031975725873619527,0.066693127380455228,0.035813866039515481,22
26,4,"DenseLayer( 7202,128 )","all",0.72495496109324953,0.77550651854103592,1.5448413975376851,0.80392257884233487,22
26,4,"DenseLayer( 7202,128 )","weights",0.72460631232331729,0.77512121146006019,1.543966390020501,0.80346267755879996,22
26,4,"DenseLayer( 7202,128 )","biases",0.022359561472963661,0.024443155367644128,0.051987787347129014,0.027188941548983554,22
26,6,"DenseLayer( 128,64 )","all",0.12657799832669137,0.13914932658545673,0.30109468339184775,0.1439941712847308,22
26,6,"DenseLayer( 128,64 )","weights",0.12371131512153563,0.1358955157708566,0.29315427626548063,0.14038937235401197,22
26,6,"DenseLayer( 128,64 )","biases",0.026516948262553051,0.029915612689011814,0.068691911271264797,0.032017893341426754,22
26,8,"DenseLayer( 64,1 )","all",0.082461951416423915,0.092541482907395736,0.2108904557711507,0.093871174242888905,22
26,8,"DenseLayer( 64,1 )","weights",0.078288426950531828,0.0874807610406549,0.19775815556088702,0.086249663696788867,22
26,8,"DenseLayer( 64,1 )","biases",0.025316515302454882,0.030183480688079224,0.073256373405456543,0.037051219493150711,22
27,0,"Conv2DLayer(1,8,5, stride=5, padding=0)","all",0.27603074503032876,0.32589726447455009,0.72857738092616098,0.71429005640020338,22
27,0,"Conv2DLayer(1,8,5, stride=5, padding=0)","weights",0.27257881266722844,0.32195378076816361,0.71873887147737336,0.70759176320098061,22
27,0,"Conv2DLayer(1,8,5, stride=5, padding=0)","biases",0.043011687176705636,0.050544930913792877,0.11932910216982313,0.097591912176845069,22
27,4,"DenseLayer( 7202,128 )","all",1.0132907892290524,1.1616343289015696,2.490703044010028,2.0306327420886938,22
27,4,"DenseLayer( 7202,128 )","weights",1.0128084113895317,1.1610525088820629,2.4892793500622696,2.0297007213567149,22
27,4,"DenseLayer( 7202,128 )","biases",0.031133441695190469,0.036761198311091758,0.084201964314284061,0.061516786056149055,22
27,6,"DenseLayer( 128,64 )","all",0.1786477354663365,0.20889910825788799,0.46498480596970954,0.36926451268553084,22
27,6,"DenseLayer( 128,64 )","weights",0.17463384319751243,0.20395892865267878,0.45303698512999951,0.36235728221868174,22
27,6,"DenseLayer( 128,64 )","biases",0.037293953109413171,0.045161851753358087,0.10472993787360435,0.071087835471149205,22
27,8,"DenseLayer( 64,1 )","all",0.11531418258064741,0.13667865036183607,0.29866021922428776,0.22394156715131355,22
27,8,"DenseLayer( 64,1 )","weights",0.10953021946642656,0.12912600043075451,0.27929899296215566,0.21315722726780664,22
27,8,"DenseLayer( 64,1 )","biases",0.035178816729140555,0.044805462585379312,0.10578279197216034,0.068657279014587402,22
28,0,"Conv2DLayer(1,8,5, stride=5, padding=0)","all",0.27125593535399195,0.31825673981244307,0.64751373126345557,0.64751373126345557,22
28,0,"Conv2DLayer(1,8,5, stride=5, padding=0)","weights",0.26770503644882998,0.31411100609601322,0.63935032679960646,0.63935032679960646,22
28,0,"Conv2DLayer(1,8,5, stride=5, padding=0)","biases",0.043201002080996288,0.051201838691549102,0.102515182702963,0.1024948378990812,22
28,4,"DenseLayer( 7202,128 )","all",0.95854264632729835,1.1206575839992756,2.2861656001878536,1.6893310357520883,22
28,4,"DenseLayer( 7202,128 )","weights",0.9580569011553608,1.1200635536276851,2.2848367709710478,1.6884000912757844,22
28,4,"DenseLayer( 7202,128 )","biases",0.030406916391958416,0.036483645788429719,0.077936393943292923,0.056075664375436075,22
28,6,"DenseLayer( 128,64 )","all",0.17376273353445221,0.21003750088727716,0.44871251040708021,0.34232436837661179,22
28,6,"DenseLayer( 128,64 )","weights",0.16978908550646934,0.20500277658500535,0.43723656051867305,0.33523990720847974,22
28,6,"DenseLayer( 128,64 )","biases",0.036680778680744937,0.045712289063350731,0.10083207397264424,0.06928331544676615,22
28,8,"DenseLayer( 64,1 )","all",0.11414706454575613,0.14116791433964448,0.3003548195426507,0.22877841742134922,22
28,8,"DenseLayer( 64,1 )","weights",0.10819701485018883,0.13312625480034199,0.28153667381984798,0.21708511564331764,22
28,8,"DenseLayer( 64,1 )","biases",0.035595559303394773,0.046965735614803522,0.10464281588792801,0.072205379605293274,22
29,0,"Conv2DLayer(1,8,5, stride=5, padding=0)","all",0.17215412273427186,0.20129726763824943,0.48712738670051514,0.36013595858404313,22
29,0,"Conv2DLayer(1,8,5, stride=5, padding=0)","weights",0.16952386402144609,0.19853607133840778,0.48173849269864749,0.35625668699784452,22
29,0,"Conv2DLayer(1,8,5, stride=5, padding=0)","biases",0.029327760321933655,0.033226771376943458,0.072257287010435045,0.05271699568988613,22
29,4,"DenseLayer( 7202,128 )","all",0.71304859498200945,0.79840019846216037,1.5191210911374891,1.1119818588635257,22
29,4,"DenseLayer( 7202,128 )","weights",0.71269109460349533,0.79798552439648063,1.5181768522993209,1.1113765829861515,22
29,4,"DenseLayer( 7202,128 )","biases",0.02244701823634809,0.025728967295461182,0.053553101509454866,0.036684400385011272,22
29,6,"DenseLayer( 128,64 )","all",0.12292788576842094,0.14094541933985102,0.28989906493434286,0.21455389575159867,22
29,6,"DenseLayer( 128,64 )","weights",0.12000387135510898,0.13742194440412012,0.28146054677537286,0.20957864560734335,22
29,6,"DenseLayer( 128,64 )","biases",0.026216828050355592,0.031318052766373713,0.069436506671307144,0.045936537609831289,22
29,8,"DenseLayer( 64,1 )","all",0.080108433264332743,0.09632645649846111,0.21408619569558088,0.13556575031419169,22
29,8,"DenseLayer( 64,1 )","weights",0.075978494600685745,0.090971458381551046,0.1997308195596724,0.1272420891581465,22
29,8,"DenseLayer( 64,1 )","biases",0.024359808620912107,0.031669859195829202,0.077074632048606873,0.046770967543125153,22
30,0,"Conv2DLayer(1,8,5, stride=5, padding=0)","all",0.18155998052476247,0.19994631018699499,0.38835127438127959,0.38835127438127959,22
30,0,"Conv2DLayer(1,8,5, stride=5, padding=0)","weights",0.17895260727589346,0.19719696060035463,0.38305885006864371,0.38305885006864371,22
30,0,"Conv2DLayer(1,8,5, stride=5, padding=0)","biases",0.030274820450839107,0.033043693609767506,0.063895459131711629,0.063895459131711629,22
30,4,"DenseLayer( 7202,128 )","all",0.68857073031460359,0.74262937569429643,1.2061781832493401,1.0641501519932743,22
30,4,"DenseLayer( 7202,128 )","weights",0.68824615791070476,0.74226919097488597,1.2054990745914638,1.0637968711856205,22
30,4,"DenseLayer( 7202,128 )","biases",0.021018778128640368,0.023126559916874786,0.040469629425073872,0.027418293947536906,22
30,6,"DenseLayer( 128,64 )","all",0.12352723801957514,0.13517867475088613,0.22888847514219091,0.1824744748089431,22
30,6,"DenseLayer( 128,64 )","weights",0.12086033508464596,0.13213632007894352,0.22295501898575029,0.18037741005649344,22
30,6,"DenseLayer( 128,64 )","biases",0.025103195143313661,0.028517836934116254,0.051778311694966252,0.02758484906812474,22
30,8,"DenseLayer( 64,1 )","all",0.07935351177041125,0.089502326372334892,0.14972469757180326,0.10688774015294249,22
30,8,"DenseLayer( 64,1 )","weights",0.075714584054711334,0.084993199520898594,0.13986227465409942,0.10653499629079223,22
30,8,"DenseLayer( 64,1 )","biases",0.022516613773239606,0.028050355813441626,0.053441829979419708,0.008676609955728054,22
31,0,"Conv2DLayer(1,8,5, stride=5, padding=0)","all",0.19065327151716507,0.20936690349134765,0.38529305858583396,0.38529305858583396,22
31,0,"Conv2DLayer(1,8,5, stride=5, padding=0)","weights",0.18791720539869683,0.20640144965017512,0.37767219953952663,0.37767219953952663,22
31,0,"Conv2DLayer(1,8,5, stride=5, padding=0)","biases",0.031647741545576133,0.035113271847856925,0.076252545461793372,0.076252545461793372,22
31,4,"DenseLayer( 7202,128 )","all",0.74802828277167643,0.87280590486515497,2.4341054971722431,2.4341054971722431,22
31,4,"DenseLayer( 7202,128 )","weights",0.74767330599510307,0.87236820913095026,2.4327725154575583,2.4327725154575583,22
31,4,"DenseLayer( 7202,128 )","biases",0.022888109297981487,0.027637931636440596,0.0805447664248716,0.0805447664248716,22
31,6,"DenseLayer( 128,64 )","all",0.12854634304767368,0.15081764362226399,0.41067224796413204,0.41067224796413204,22
31,6,"DenseLayer( 128,64 )","weights",0.12568085246833652,0.14703399964865194,0.39812208416606421,0.39812208416606421,22
31,6,"DenseLayer( 128,64 )","biases",0.026506136471411246,0.033570293044482703,0.10074969651161646,0.10074969651161646,22
31,8,"DenseLayer( 64,1 )","all",0.081832528937191604,0.10048201407881448,0.28835664384456106,0.28835664384456106,22
31,8,"DenseLayer( 64,1 )","weights",0.077978981750483345,0.094967933547169051,0.2701678187784618,0.2701678187784618,22
31,8,"DenseLayer( 64,1 )","biases",0.023842463830739936,0.032828748850901333,0.10079138725996017,0.10079138725996017,22
32,0,"Conv2DLayer(1,8,5, stride=5, padding=0)","all",0.2432159075890451,0.29450979275884748,0.70542857663305858,0.091451207143541061,22
32,0,"Conv2DLayer(1,8,5, stride=5, padding=0)","weights",0.23977751963366964,0.29047041556201769,0.69472816865944087,0.0905766332396057,22
32,0,"Conv2DLayer(1,8,5, stride=5, padding=0)","biases",0.040134070112153551,0.048610242892707857,0.12240199508848919,0.012617321387236338,22
32,4,"DenseLayer( 7202,128 )","all",0.96948618620039595,1.1787453409253914,2.7279280694184229,0.39741292843075143,22
32,4,"DenseLayer( 7202,128 )","weights",0.96901757838610991,1.1781302170345329,2.7261969192622706,0.39722614410843488,22
32,4,"DenseLayer( 7202,128 )","biases",0.029972074947056553,0.038075851447886951,0.097169487627703624,0.012183025923410534,22
32,6,"DenseLayer( 128,64 )","all",0.17229204195220646,0.21531262545133265,0.5449072840507817,0.060310195516268497,22
32,6,"DenseLayer( 128,64 )","weights",0.16837280617151426,0.20991649687280184,0.52984984204062324,0.058760165882393751,22
32,6,"DenseLayer( 128,64 )","biases",0.036108048759930532,0.047901889518022447,0.12721278670450489,0.013585381433147246,22
32,8,"DenseLayer( 64,1 )","all",0.10968872742222174,0.14362813972390578,0.37891169594996366,0.032991166761543837,22
32,8,"DenseLayer( 64,1 )","weights",0.10419880623136438,0.13540644634897159,0.35412097772999152,0.030981760374378373,22
32,8,"DenseLayer( 64,1 )","biases",0.033359721683981741,0.047897148220879336,0.13480506837368011,0.011337883770465851,22
33,0,"Conv2DLayer(1,8,5, stride=5, padding=0)","all",0.24982789161495703,0.28683226858876015,0.73318338738272293,0.17569648571853733,22
33,0,"Conv2DLayer(1,8,5, stride=5, padding=0)","weights",0.24645364192302241,0.28332890464105159,0.72582972808067359,0.17357537136878814,22
33,0,"Conv2DLayer(1,8,5, stride=5, padding=0)","biases",0.04006779433474153,0.044693199691636799,0.10358129835225688,0.027218478062365329,22
33,4,"DenseLayer( 7202,128 )","all",0.96275239394890555,1.0499865388852834,2.0552176976864374,0.46008080461688272,22
33,4,"DenseLayer( 7202,128 )","weights",0.96226518244791148,1.0494519801697597,2.054304813119793,0.45990475571499606,22
33,4,"DenseLayer( 7202,128 )","biases",0.030428052089309411,0.033500345640999733,0.061249650418534904,0.01272644678015096,22
33,6,"DenseLayer( 128,64 )","all",0.17162746494235537,0.19098635312866979,0.41627629115779591,0.087424719976113827,22
33,6,"DenseLayer( 128,64 )","weights",0.16750143716578428,0.18640726190711143,0.40932841147370186,0.086394930367192729,22
33,6,"DenseLayer( 128,64 )","biases",0.036956133851401902,0.041570660202630026,0.075737719403913301,0.013379001074438764,22
33,8,"DenseLayer( 64,1 )","all",0.11512264653597762,0.12881388631359048,0.26031040733157046,0.053576896546182931,22
33,8,"DenseLayer( 64,1 )","weights",0.10921892206456434,0.12186525978175605,0.24888990590885404,0.052286136459127788,22
33,8,"DenseLayer( 64,1 )","biases",0.035454233600334686,0.041735785191316613,0.076258264482021332,0.011689472943544388,22
34,0,"Conv2DLayer(1,8,5, stride=5, padding=0)","all",0.1796222460226688,0.19369480258480357,0.30431844752376247,0.090749164670923477,22
34,0,"Conv2DLayer(1,8,5, stride=5, padding=0)","weights",0.17711308547515364,0.19106980412155336,0.30031414824840946,0.089766195317880645,22
34,0,"Conv2DLayer(1,8,5, stride=5, padding=0)","biases",0.029496161563089776,0.031780599448677116,0.052572279147690096,0.013320700680613187,22
34,4,"DenseLayer( 7202,128 )","all",0.73180876660235228,0.8102551804110335,1.6397851064430931,0.26655922051004782,22
34,4,"DenseLayer( 7202,128 )","weights",0.73146155400639545,0.80985490806368432,1.638857586486524,0.26648760652530223,22
34,4,"DenseLayer( 7202,128 )","biases",0.022411169770029611,0.0254653739041464,0.055145321906317629,0.0061784793711689451,22
34,6,"DenseLayer( 128,64 )","all",0.12441511630488812,0.1383080467397407,0.28788284087054222,0.046860059528197731,22
34,6,"DenseLayer( 128,64 )","weights",0.12150430314944223,0.13482899297144432,0.27894406925600485,0.046350572267900687,22
34,6,"DenseLayer( 128,64 )","biases",0.026349772742088575,0.030826262298055514,0.071181010772502287,0.0068912719743420021,22
34,8,"DenseLayer( 64,1 )","all",0.078586849365998371,0.090820931853634573,0.21004087302854635,0.025977760279958427,22
34,8,"DenseLayer( 64,1 )","weights",0.074818812801989321,0.086014514415919716,0.19667766423787822,0.02597737339175946,22
34,8,"DenseLayer( 64,1 )","biases",0.02290546986412003,0.029153815746074719,0.073722891509532928,0.00014177738921716809,22
35,0,"Conv2DLayer(1,8,5, stride=5, padding=0)","all",0.21960720743944118,0.24117212582260361,0.43045245439668095,0.43045245439668095,22
35,0,"Conv2DLayer(1,8,5, stride=5, padding=0)","weights",0.21658528695351922,0.23788304148806474,0.42540432012908297,0.42540432012908297,22
35,0,"Conv2DLayer(1,8,5, stride=5, padding=0)","biases",0.035818223726969155,0.039694493902573215,0.074611183951291293,0.065730357610767579,22
35,4,"DenseLayer( 7202,128 )","all",0.77140008532347704,0.8374475525195576,1.8497336500290569,1.040458051552174,22
35,4,"DenseLayer( 7202,128 )","weights",0.77101620569258489,0.8370150048230599,1.8486587320257968,1.0399692558918423,22
35,4,"DenseLayer( 7202,128 )","biases",0.024208417534694382,0.026912542095651398,0.063051316834708826,0.03188892973297143,22
35,6,"DenseLayer( 128,64 )","all",0.13663661633250818,0.1519543728927249,0.34590587810934981,0.1800560349740033,22
35,6,"DenseLayer( 128,64 )","weights",0.133602775459989,0.14839243349863748,0.33588248465420967,0.17740311855961055,22
35,6,"DenseLayer( 128,64 )","biases",0.028292805718077678,0.032708058969827807,0.082667000750692388,0.030794630309264263,22
35,8,"DenseLayer( 64,1 )","all",0.08753600297688735,0.1004945632839367,0.25069689036315351,0.10585628285070657,22
35,8,"DenseLayer( 64,1 )","weights",0.083294035992658305,0.095056297469461731,0.23460191308982406,0.10252971607791607,22
35,8,"DenseLayer( 64,1 )","biases",0.025824461216953667,0.032610697033739713,0.088379144668579102,0.026328880339860916,22
36,0,"Conv2DLayer(1,8,5, stride=5, padding=0)","all",0.22474986380360953,0.24021321765296055,0.3570473540969189,0.33072574577413844,22
36,0,"Conv2DLayer(1,8,5, stride=5, padding=0)","weights",0.2216338718441605,0.23696730279160183,0.35005367619541283,0.32920794709380385,22
36,0,"Conv2DLayer(1,8,5, stride=5, padding=0)","biases",0.036560526460385802,0.039355906073445857,0.070322378015021905,0.031648799157997835,22
36,4,"DenseLayer( 7202,128 )","all",0.92468958509558496,0.99786395677519812,1.7270603916799834,1.3442514672039334,22
36,4,"DenseLayer( 7202,128 )","weights",0.92424699469014338,0.99737764206855439,1.7262037548322697,1.3438018508255847,22
36,4,"DenseLayer( 7202,128 )","biases",0.028393177524200921,0.03114988495684963,0.055720685706468057,0.034764821266050364,22
36,6,"DenseLayer( 128,64 )","all",0.15887387444718226,0.17441952352741497,0.30997031263177205,0.21903121271833681,22
36,6,"DenseLayer( 128,64 )","weights",0.15515702896756764,0.17014519639858228,0.30123615114120772,0.21500801748347337,22
36,6,"DenseLayer( 128,64 )","biases",0.033804164918060889,0.038376846275043647,0.07306419067279106,0.041787851855434294,22
36,8,"DenseLayer( 64,1 )","all",0.10312450632972145,0.11605086724429617,0.22322507737580294,0.13298073266567997,22
36,8,"DenseLayer( 64,1 )","weights",0.097911984490084522,0.10973251663047129,0.20890641750912742,0.12801493508466988,22
36,8,"DenseLayer( 64,1 )","biases",0.031242634180340578,0.037770075219631147,0.078660942614078522,0.036000717431306839,22
37,0,"Conv2DLayer(1,8,5, stride=5, padding=0)","all",0.25032414874981918,0.27704521072441779,0.45559456291351758,0.36288171167105893,22
37,0,"Conv2DLayer(1,8,5, stride=5, padding=0)","weights",0.24730970401881749,0.27385948685708328,0.45018019984181229,0.36088470745045259,22
37,0,"Conv2DLayer(1,8,5, stride=5, padding=0)","biases",0.038130239802820522,0.0418930810959528,0.070108497055640137,0.038017950940559465,22
37,4,"DenseLayer( 7202,128 )","all",0.87449929119544312,0.93549983261409342,1.5781208803976048,1.0788868367298723,22
37,4,"DenseLayer( 7202,128 )","weights",0.87409584595438616,0.93505881754620002,1.5773617286123518,1.0784789563157466,22
37,4,"DenseLayer( 7202,128 )","biases",0.026467686269589685,0.02872184795759251,0.048943745830950826,0.029663904886038608,22
37,6,"DenseLayer( 128,64 )","all",0.15050990985563195,0.16352012748468425,0.26003083141802247,0.15008579691986468,22
37,6,"DenseLayer( 128,64 )","weights",0.14743119316674658,0.16004333657834566,0.25281877548684789,0.14827945623877789,22
37,6,"DenseLayer( 128,64 )","biases",0.030028413588629219,0.033540460782132457,0.060816938835153649,0.023215281488778265,22
37,8,"DenseLayer( 64,1 )","all",0.093360775060321297,0.10404331577782314,0.18542734624471305,0.075310255154646941,22
37,8,"DenseLayer( 64,1 )","weights",0.089295229579369098,0.09913181516920333,0.1757579320346716,0.075084396955294258,22
37,8,"DenseLayer( 64,1 )","biases",0.026274028519930489,0.031589472602478297,0.059096954762935638,0.0058281957171857357,22
38,0,"Conv2DLayer(1,8,5, stride=5, padding=0)","all",0.21971802938168608,0.25039656468252763,0.54530734597048303,0.2686307210105488,22
38,0,"Conv2DLayer(1,8,5, stride=5, padding=0)","weights",0.21658101638528099,0.24690412278692572,0.536414181460249,0.26341750433657635,22
38,0,"Conv2DLayer(1,8,5, stride=5, padding=0)","biases",0.036352542904786581,0.041674857595796734,0.098081229079284626,0.052665763829428322,22
38,4,"DenseLayer( 7202,128 )","all",0.89510564471492049,1.0478957895202474,2.6777017940183194,1.4580393413452917,22
38,4,"DenseLayer( 7202,128 )","weights",0.89464687932591735,1.0473388667716095,2.6762111717457655,1.4571981155749532,22
38,4,"DenseLayer( 7202,128 )","biases",0.02850905632345184,0.034159681553310103,0.089334550494665502,0.049521438543503236,22
38,6,"DenseLayer( 128,64 )","all",0.15634563699834778,0.18610444930878994,0.48643415028527198,0.25571486038409025,22
38,6,"DenseLayer( 128,64 )","weights",0.15248418027393068,0.18118615357859943,0.47262745036241177,0.24781795693425165,22
38,6,"DenseLayer( 128,64 )","biases",0.034023520121185064,0.042502279984962449,0.11507161130218249,0.063058306686654353,22
38,8,"DenseLayer( 64,1 )","all",0.10136809978800787,0.12444118864986684,0.34055260102886076,0.17843434779043021,22
38,8,"DenseLayer( 64,1 )","weights",0.095822790643619288,0.11699459441387769,0.31939558496326814,0.16618742261968283,22
38,8,"DenseLayer( 64,1 )","biases",0.032097975226034497,0.042401347980034872,0.11816316843032837,0.064965814352035522,22
39,0,"Conv2DLayer(1,8,5, stride=5, padding=0)","all",0.28207859770228133,0.31318476723932476,0.58552434870663783,0.53665355898253719,22
39,0,"Conv2DLayer(1,8,5, stride=5, padding=0)","weights",0.27792373906385315,0.30855425463678027,0.57877445861448307,0.5281073614823798,22
39,0,"Conv2DLayer(1,8,5, stride=5, padding=0)","biases",0.047891904648790437,0.053656037649932292,0.095392122928167247,0.095392122928167247,22
39,4,"DenseLayer( 7202,128 )","all",1.20744682703173,1.3949942723665858,2.9352999060591332,2.9352999060591332,22
39,4,"DenseLayer( 7202,128 )","weights",1.2068068611979701,1.3942484037590628,2.9337623393457486,2.9337623393457486,22
39,4,"DenseLayer( 7202,128 )","biases",0.039159052042450203,0.045611495819432024,0.094995130124222893,0.094995130124222893,22
39,6,"DenseLayer( 128,64 )","all",0.21342555474089081,0.24750659285917972,0.52475406713937245,0.52475406713937245,22
39,6,"DenseLayer( 128,64 )","weights",0.20781848099712658,0.24073322085147977,0.50974069446193504,0.50974069446193504,22
39,6,"DenseLayer( 128,64 )","biases",0.048112524746761899,0.057506781228237817,0.12462445742620991,0.12462445742620991,22
39,8,"DenseLayer( 64,1 )","all",0.14143684494920056,0.16878235927596125,0.37671657568689587,0.37671657568689587,22
39,8,"DenseLayer( 64,1 )","weights",0.13344090809409387,0.15876784988866699,0.35423282777366938,0.35423282777366938,22
39,8,"DenseLayer( 64,1 )","biases",0.045837465673685074,0.057273507352783644,0.12819704413414001,0.12819704413414001,22
40,0,"Conv2DLayer(1,8,5, stride=5, padding=0)","all",0.2777732968302169,0.33020888634950823,0.75813258973338793,0.75813258973338793,22
40,0,"Conv2DLayer(1,8,5, stride=5, padding=0)","weights",0.27417217263214111,0.32634123006498611,0.75097036496696068,0.75097036496696068,22
40,0,"Conv2DLayer(1,8,5, stride=5, padding=0)","biases",0.043528682978904179,0.050391568579021689,0.10396410225286097,0.10396410225286097,22
40,4,"DenseLayer( 7202,128 )","all",1.0158075323814564,1.130754994334819,2.0714843470761028,1.6920984965064498,22
40,4,"DenseLayer( 7202,128 )","weights",1.0153233536321664,1.1302200880834297,2.0704916517138789,1.6914948789358628,22
40,4,"DenseLayer( 7202,128 )","biases",0.031161795938508836,0.034776568344515923,0.064473917196814251,0.045192880115561086,22
40,6,"DenseLayer( 128,64 )","all",0.18035470068362194,0.2036876372718241,0.35840643240970205,0.33875109561305622,22
40,6,"DenseLayer( 128,64 )","weights",0.17643232881112358,0.19934356489340171,0.35004509489083907,0.33561502495050477,22
40,6,"DenseLayer( 128,64 )","biases",0.036736563752279155,0.041842522784463217,0.083785449796232425,0.045987604922609629,22
40,8,"DenseLayer( 64,1 )","all",0.11704934019391837,0.1325197456811642,0.24384008464591178,0.20068401833839608,22
40,8,"DenseLayer( 64,1 )","weights",0.11153809910105147,0.12605529203070548,0.22654175933948184,0.19833633854303315,22
40,8,"DenseLayer( 64,1 )","biases",0.033537924395535483,0.040884548994137092,0.090204313397407532,0.030606731772422791,22
41,0,"Conv2DLayer(1,8,5, stride=5, padding=0)","all",0.18493831043256698,0.20166062308750402,0.35815801888069992,0.23599138736001005,22
41,0,"Conv2DLayer(1,8,5, stride=5, padding=0)","weights",0.18254239890549584,0.19927937030407369,0.35492123230213929,0.23367971928266912,22
41,0,"Conv2DLayer(1,8,5, stride=5, padding=0)","biases",0.029124624161294545,0.030898858801778169,0.048042536878049068,0.032950321759813862,22
41,4,"DenseLayer( 7202,128 )","all",0.76552322925475569,0.81111149026975304,1.143336706081558,0.90760810786642476,22
41,4,"DenseLayer( 7202,128 )","weights",0.76514749975099094,0.81070960751422549,1.1428234848538479,0.90705970224761967,22
41,4,"DenseLayer( 7202,128 )","biases",0.023802313441958625,0.025530020206612911,0.038831484953864473,0.031546378925817672,22
41,6,"DenseLayer( 128,64 )","all",0.13041437277451132,0.13887566188646522,0.20648098038088547,0.14436127724885534,22
41,6,"DenseLayer( 128,64 )","weights",0.12720821993283904,0.13535157807751488,0.20054303760691655,0.13910479063712744,22
41,6,"DenseLayer( 128,64 )","biases",0.028159338065287157,0.031086971166876337,0.049161827940409908,0.038600979142009051,22
41,8,"DenseLayer( 64,1 )","all",0.087640188355230728,0.095124452690114797,0.14542568707388662,0.11795957207711653,22
41,8,"DenseLayer( 64,1 )","weights",0.083286134165820078,0.090099761827375141,0.13569175274675996,0.11018574860641997,22
41,8,"DenseLayer( 64,1 )","biases",0.026291961083188653,0.030507284675043784,0.052310407161712646,0.042113672941923141,22
42,0,"Conv2DLayer(1,8,5, stride=5, padding=0)","all",0.25419879990453492,0.28481137678043345,0.52355064463379086,0.3479968420664733,22
42,0,"Conv2DLayer(1,8,5, stride=5, padding=0)","weights",0.25047903921858,0.28077234418861696,0.51691722546416441,0.34409475555587166,22
42,0,"Conv2DLayer(1,8,5, stride=5, padding=0)","biases",0.042954734587967183,0.047795513203592953,0.083077430839478023,0.051967309793589302,22
42,4,"DenseLayer( 7202,128 )","all",1.0132316591026285,1.1319862616752143,1.9676200999134066,0.83192574964182131,22
42,4,"DenseLayer( 7202,128 )","weights",1.0126902432181049,1.1313648162884165,1.9666169016104331,0.83157281432801966,22
42,4,"DenseLayer( 7202,128 )","biases",0.032982253949413329,0.037503987602715776,0.064204976765563276,0.024230298959844201,22
42,6,"DenseLayer( 128,64 )","all",0.18414603307022473,0.20938734285187213,0.35700515970299002,0.14597328745485769,22
42,6,"DenseLayer( 128,64 )","weights",0.17944741438435816,0.20386958605929559,0.34724559395324323,0.14392715880286666,22
42,6,"DenseLayer( 128,64 )","biases",0.040993833706624357,0.047751976153651725,0.08498397120282683,0.024355155702908426,22
42,8,"DenseLayer( 64,1 )","all",0.12473548176916772,0.14492398338186077,0.26803008337707146,0.082293485021339041,22
42,8,"DenseLayer( 64,1 )","weights",0.11781574055158803,0.13636958061840551,0.25291280575740677,0.08194223111584753,22
42,8,"DenseLayer( 64,1 )","biases",0.039810873652723705,0.049054035932082664,0.090578429400920868,0.0075952904298901558,22
43,0,"Conv2DLayer(1,8,5, stride=5, padding=0)","all",0.22439446400799462,0.26810185741620074,0.7653035623759068,0.11303685218851453,22
43,0,"Conv2DLayer(1,8,5, stride=5, padding=0)","weights",0.22099487351303962,0.2643381270345484,0.75667423120532962,0.11217700701460777,22
43,0,"Conv2DLayer(1,8,5, stride=5, padding=0)","biases",0.038310303436810834,0.044765617899050335,0.11460213966186177,0.01391578420114082,22
43,4,"DenseLayer( 7202,128 )","all",0.92196789910816612,1.0581941251180145,2.1533900148992107,0.49331819885466816,22
43,4,"DenseLayer( 7202,128 )","weights",0.92150513237850906,1.057645982705917,2.1523455851318642,0.49315654536436326,22
43,4,"DenseLayer( 7202,128 )","biases",0.029088266539719215,0.034055567831339915,0.067059961459845371,0.012628027775574044,22
43,6,"DenseLayer( 128,64 )","all",0.16787882201028032,0.19640962729239028,0.4365621960602129,0.067696974827378756,22
43,6,"DenseLayer( 128,64 )","weights",0.16386560595271168,0.19156324688177831,0.42857098504022456,0.066827630436764859,22
43,6,"DenseLayer( 128,64 )","biases",0.036116605986990624,0.043362012606041708,0.083147229722747601,0.010814259613396182,22
43,8,"DenseLayer( 64,1 )","all",0.11326087437422218,0.13467798825858793,0.27947342643454026,0.04564666032635803,22
43,8,"DenseLayer( 64,1 )","weights",0.10743997591680976,0.12727948126942354,0.2668881167779541,0.045014716394541236,22
43,8,"DenseLayer( 64,1 )","biases",0.034882715633350679,0.044023790944974439,0.083372816443443298,0.0075692078098654747,22
44,0,"Conv2DLayer(1,8,5, stride=5, padding=0)","all",0.22653020136248217,0.2421224484963749,0.44546228118515724,0.24152735550117579,22
44,0,"Conv2DLayer(1,8,5, stride=5, padding=0)","weights",0.22380834607675998,0.23920126947000578,0.43831260482359063,0.23723249636551735,22
44,0,"Conv2DLayer(1,8,5, stride=5, padding=0)","biases",0.03426761765150519,0.037497103219014158,0.079490278722891258,0.045345409068351633,22
44,4,"DenseLayer( 7202,128 )","all",0.83016334941282721,0.90675225903341428,1.7773227143736543,1.4216170642920976,22
44,4,"DenseLayer( 7202,128 )","weights",0.82976598698278758,0.90628857251806771,1.776079863145962,1.4208624530911893,22
44,4,"DenseLayer( 7202,128 )","biases",0.025492440105515143,0.028994526817367441,0.066455629979372668,0.046313787171525803,22
44,6,"DenseLayer( 128,64 )","all",0.14447883619679816,0.16185728667698338,0.35725026653576891,0.23351198752692209,22
44,6,"DenseLayer( 128,64 )","weights",0.14127987871884914,0.15792244299799646,0.34651478942408742,0.22654253036512967,22
44,6,"DenseLayer( 128,64 )","biases",0.029674935540567774,0.035472288451405813,0.086920962087739695,0.056624466924976233,22
44,8,"DenseLayer( 64,1 )","all",0.091982191774301544,0.10551346522569717,0.25000238068073538,0.15176077192610804,22
44,8,"DenseLayer( 64,1 )","weights",0.087589376471141775,0.099654273477851815,0.23251482444825644,0.1416215869054967,22
44,8,"DenseLayer( 64,1 )","biases",0.026653734363869509,0.034671560702338268,0.091858841478824615,0.054540425539016724,22
45,0,"Conv2DLayer(1,8,5, stride=5, padding=0)","all",0.19773360258804654,0.2193560394952212,0.41011990733532488,0.41011990733532488,22
45,0,"Conv2DLayer(1,8,5, stride=5, padding=0)","weights",0.1946337762298665,0.21625354654680637,0.40561407861917709,0.40561407861917709,22
45,0,"Conv2DLayer(1,8,5, stride=5, padding=0)","biases",0.034119170411149834,0.036762421968054515,0.060626377251584894,0.060626377251584894,22
45,4,"DenseLayer( 7202,128 )","all",0.79499839839037123,0.86767279034067057,1.6917285663732899,0.94253650611658968,22
45,4,"DenseLayer( 7202,128 )","weights",0.79460057150855767,0.86721866706948947,1.6908312134091301,0.94210349102614965,22
45,4,"DenseLayer( 7202,128 )","biases",0.024958855846581387,0.02806874745661464,0.055169338500279712,0.02856707123262062,22
45,6,"DenseLayer( 128,64 )","all",0.13912509659590275,0.15462903283080931,0.30107320903891555,0.18436821243009333,22
45,6,"DenseLayer( 128,64 )","weights",0.13584046217223483,0.15071202179463475,0.29265439342346278,0.18199902954474595,22
45,6,"DenseLayer( 128,64 )","biases",0.02959691150782633,0.034583583978024059,0.071025583599642408,0.029461686975438293,22
45,8,"DenseLayer( 64,1 )","all",0.086544918342226315,0.10106598535267268,0.20758195964207285,0.11540007545718738,22
45,8,"DenseLayer( 64,1 )","weights",0.082121952026590159,0.095316042597292774,0.19351126418286585,0.11216587742669218,22
45,8,"DenseLayer( 64,1 )","biases",0.026395997006726579,0.033603354280454203,0.075124301016330719,0.027129197493195534,22
46,0,"Conv2DLayer(1,8,5, stride=5, padding=0)","all",0.26871804640782671,0.28601430435904018,0.47315758889804721,0.42072428096735248,22
46,0,"Conv2DLayer(1,8,5, stride=5, padding=0)","weights",0.26508859937098012,0.28236265789538262,0.46543097160261016,0.41668590160672248,22
46,0,"Conv2DLayer(1,8,5, stride=5, padding=0)","biases",0.043261775663600684,0.045557784452723446,0.085159348311643165,0.058153073845571973,22
46,4,"DenseLayer( 7202,128 )","all",1.1081675623906475,1.1710493666475539,2.082061071348543,1.3782111311003362,22
46,4,"DenseLayer( 7202,128 )","weights",1.1076196896417252,1.1704715377186454,2.0811582492190928,1.3776813578787568,22
46,4,"DenseLayer( 7202,128 )","biases",0.034754655535728457,0.036783128145754219,0.06130780156198961,0.038209920730264267,22
46,6,"DenseLayer( 128,64 )","all",0.20047355293776006,0.21199834382266095,0.35410549754849535,0.25794258400813269,22
46,6,"DenseLayer( 128,64 )","weights",0.195674422112111,0.20689643332542337,0.34554494117182555,0.25396134747634674,22
46,6,"DenseLayer( 128,64 )","biases",0.043290454658613524,0.046229467450640223,0.077391194748673189,0.045144331125744494,22
46,8,"DenseLayer( 64,1 )","all",0.13308615589503486,0.14206848133877897,0.24515577505667727,0.15445605322916042,22
46,8,"DenseLayer( 64,1 )","weights",0.12593725091673919,0.13434720802893874,0.23330723981271875,0.14855223058221781,22
46,8,"DenseLayer( 64,1 )","biases",0.042672562857412479,0.04619828010582263,0.07529333233833313,0.04229547455906868,22
47,0,"Conv2DLayer(1,8,5, stride=5, padding=0)","all",0.24031050748912766,0.25731377574716408,0.44583554939743952,0.19775438717999649,22
47,0,"Conv2DLayer(1,8,5, stride=5, padding=0)","weights",0.23676587802178442,0.25366634136320482,0.44168624095792541,0.19495614020579433,22
47,0,"Conv2DLayer(1,8,5, stride=5, padding=0)","biases",0.04052580725952535,0.043171361440982034,0.0722900007158324,0.033149676393512829,22
47,4,"DenseLayer( 7202,128 )","all",0.99723589578010596,1.0548286171831964,1.7331102503988434,0.97384203619909615,22
47,4,"DenseLayer( 7202,128 )","weights",0.99674007053050473,1.0542947776974871,1.7322686953546957,0.9732323051986641,22
47,4,"DenseLayer( 7202,128 )","biases",0.031294381282634502,0.033554930314640435,0.059636872163015581,0.034455646650381817,22
47,6,"DenseLayer( 128,64 )","all",0.1791256856895132,0.19216194706686676,0.31961297703607044,0.1849699231709937,22
47,6,"DenseLayer( 128,64 )","weights",0.17486010754947395,0.18747510786997185,0.31138262088177876,0.17947095605670271,22
47,6,"DenseLayer( 128,64 )","biases",0.038416595866715073,0.042181723882171035,0.078449120598423655,0.044766599267493906,22
47,8,"DenseLayer( 64,1 )","all",0.1169116348570613,0.12692580565292741,0.23274961419914558,0.13343894059732983,22
47,8,"DenseLayer( 64,1 )","weights",0.11066087324500916,0.11979422786145889,0.21734559619542879,0.12424031864479863,22
47,8,"DenseLayer( 64,1 )","biases",0.037106731356206263,0.0419464314539576,0.083266288042068481,0.048685666173696518,22
48,0,"Conv2DLayer(1,8,5, stride=5, padding=0)","all",0.24370756562856158,0.28160965890011502,0.69527390892125451,0.10406573036143654,22
48,0,"Conv2DLayer(1,8,5, stride=5, padding=0)","weights",0.24013375694355915,0.27775715226043912,0.68678325212882774,0.1032886491379942,22
48,0,"Conv2DLayer(1,8,5, stride=5, padding=0)","biases",0.040912286694174044,0.046421593617737414,0.10832623422787262,0.012693746291286374,22
48,4,"DenseLayer( 7202,128 )","all",0.94773301367112628,1.0541441634178621,1.9990871433800288,0.42439471538866241,22
48,4,"DenseLayer( 7202,128 )","weights",0.94724845608210306,1.0535967292323569,1.9980123029133996,0.42422317270483439,22
48,4,"DenseLayer( 7202,128 )","biases",0.030180182655702829,0.03396835908347761,0.065545741539912786,0.012065412967156235,22
48,6,"DenseLayer( 128,64 )","all",0.17123349215996603,0.19532217089835249,0.40978410998142306,0.060756558657104026,22
48,6,"DenseLayer( 128,64 )","weights",0.16720670476991137,0.19068172707040823,0.40124567808193107,0.059889240475751039,22
48,6,"DenseLayer( 128,64 )","biases",0.036671809560245315,0.042322918210959452,0.087752735509283711,0.010229286147712614,22
48,8,"DenseLayer( 64,1 )","all",0.11022163842779517,0.12903512509964102,0.27534831682251742,0.031254646280526072,22
48,8,"DenseLayer( 64,1 )","weights",0.10410109750160193,0.12175669298745484,0.26152710747012986,0.031160856470535288,22
48,8,"DenseLayer( 64,1 )","biases",0.035667448780838058,0.042724363333333258,0.092191308736801147,0.0024194912984967232,22
49,0,"Conv2DLayer(1,8,5, stride=5, padding=0)","all",0.19207946100883175,0.21676372558996979,0.45615950318082521,0.25171140100510597,22
49,0,"Conv2DLayer(1,8,5, stride=5, padding=0)","weights",0.18945898488451013,0.21382316783130476,0.45140945095108015,0.24859356530362167,22
49,0,"Conv2DLayer(1,8,5, stride=5, padding=0)","biases",0.03100175830729103,0.035583221189619624,0.068598776048998,0.039495172940338698,22
49,4,"DenseLayer( 7202,128 )","all",0.72949567314208286,0.79235757976104648,1.3309655801367246,0.78867448136109453,22
49,4,"DenseLayer( 7202,128 )","weights",0.72916768575329172,0.79198976908059604,1.3300970222843951,0.78826041795181201,22
49,4,"DenseLayer( 7202,128 )","biases",0.021721723646450322,0.024140005725914102,0.048075844442642089,0.025552906696225307,22
49,6,"DenseLayer( 128,64 )","all",0.12744793625972117,0.14048524183499198,0.2453749378588205,0.12827420618136837,22
49,6,"DenseLayer( 128,64 )","weights",0.12481135885136004,0.13750400857337167,0.24117497901795931,0.12484216744552076,22
49,6,"DenseLayer( 128,64 )","biases",0.025381685838847361,0.028788032230256871,0.059395386386701249,0.02947380530173804,22
49,8,"DenseLayer( 64,1 )","all",0.079549228907395381,0.090530717552728512,0.16576057257934379,0.081297772754767045,22
49,8,"DenseLayer( 64,1 )","weights",0.076106127034242105,0.086350126355173806,0.15853792015188853,0.078268298372986045,22
49,8,"DenseLayer( 64,1 )","biases",0.022252092180265623,0.02719313330709475,0.060711421072483063,0.02198638953268528,22
50,0,"Conv2DLayer(1,8,5, stride=5, padding=0)","all",0.23515332921513032,0.27560134385568352,0.5446102063453182,0.28685869124424024,22
50,0,"Conv2DLayer(1,8,5, stride=5, padding=0)","weights",0.23200943668975857,0.27218912182815808,0.53738719695055137,0.28522293035949919,22
50,0,"Conv2DLayer(1,8,5, stride=5, padding=0)","biases",0.037136941806664339,0.043234045536762078,0.096976205153196979,0.030590664253961709,22
50,4,"DenseLayer( 7202,128 )","all",0.89292746188730643,1.0540862112732587,2.5796766321133164,0.77027597582248863,22
50,4,"DenseLayer( 7202,128 )","weights",0.89249282454679801,1.0535391450332889,2.5780781888363355,0.77005047220711276,22
50,4,"DenseLayer( 7202,128 )","biases",0.027633294028790292,0.033956010939731406,0.090798560108970736,0.01863730621333496,22
50,6,"DenseLayer( 128,64 )","all",0.15571410631544222,0.18984008739870895,0.48867640185222844,0.11674716498800017,22
50,6,"DenseLayer( 128,64 )","weights",0.15219449463246068,0.18513984360522567,0.47378699610739089,0.11581449669356762,22
50,6,"DenseLayer( 128,64 )","biases",0.032334004551329946,0.041982104442036206,0.11971010001990566,0.014727623309649992,22
50,8,"DenseLayer( 64,1 )","all",0.097929792428724155,0.12468042175749487,0.34662615635827615,0.067504688216963968,22
50,8,"DenseLayer( 64,1 )","weights",0.093009597904194732,0.11753953973591731,0.32321105966761282,0.067453215989318943,22
50,8,"DenseLayer( 64,1 )","biases",0.029531402873213996,0.041589231398229932,0.12523698806762695,0.0026356372982263565,22
51,0,"Conv2DLayer(1,8,5, stride=5, padding=0)","all",0.25902160097208043,0.29480883958588333,0.54580341093024154,0.31680563317159266,22
51,0,"Conv2DLayer(1,8,5, stride=5, padding=0)","weights",0.25588384282496213,0.29145172907447775,0.54031652414930187,0.31362091317927804,22
51,0,"Conv2DLayer(1,8,5, stride=5, padding=0)","biases",0.03975519644212791,0.044363741022058763,0.078480057489605806,0.044807722837134446,22
51,4,"DenseLayer( 7202,128 )","all",0.91378265693335536,0.99630970521281714,1.6651460353101672,0.84871850700429752,22
51,4,"DenseLayer( 7202,128 )","weights",0.91334672700492447,0.99582437203905694,1.6641249957363642,0.84839660647354631,22
51,4,"DenseLayer( 7202,128 )","biases",0.028036292639163296,0.031094191648418361,0.058303666047807276,0.023373109672748429,22
51,6,"DenseLayer( 128,64 )","all",0.16431335286133039,0.18268578429995488,0.3110856455757266,0.12255805678063364,22
51,6,"DenseLayer( 128,64 )","weights",0.16084070409598117,0.17871920320038745,0.30114895083135895,0.12135981442320772,22
51,6,"DenseLayer( 128,64 )","biases",0.032934053689027437,0.03786214722791427,0.077997360829955856,0.017095985640190648,22
51,8,"DenseLayer( 64,1 )","all",0.1058293343343539,0.11985505249903992,0.23129129607250118,0.074948835770527494,22
51,8,"DenseLayer( 64,1 )","weights",0.10106650799031022,0.11404829419875029,0.21572496508526948,0.074944099412344478,22
51,8,"DenseLayer( 64,1 )","biases",0.029389704934808171,0.03685403912602956,0.083417043089866638,0.00084258330753073096,22
52,0,"Conv2DLayer(1,8,5, stride=5, padding=0)","all",0.20357891240291034,0.23480348519511254,0.46987543182056762,0.41603545726507979,22
52,0,"Conv2DLayer(1,8,5, stride=5, padding=0)","weights",0.20093602130359367,0.23176840975991553,0.46631362444549451,0.40857208498981623,22
52,0,"Conv2DLayer(1,8,5, stride=5, padding=0)","biases",0.03211882654540079,0.037630850337606353,0.078449684950536239,0.078449684950536239,22
52,4,"DenseLayer( 7202,128 )","all",0.80419885370446231,0.93971739645292363,2.3289623183826715,2.3289623183826715,22
52,4,"DenseLayer( 7202,128 )","weights",0.8038359051558398,0.93926961271293263,2.3276398433423764,2.3276398433423764,22
52,4,"DenseLayer( 7202,128 )","biases",0.024000280542652214,0.029006548060030599,0.078474455279821165,0.078474455279821165,22
52,6,"DenseLayer( 128,64 )","all",0.13898100245106129,0.16462928079590181,0.41614446373798086,0.41614446373798086,22
52,6,"DenseLayer( 128,64 )","weights",0.13600969723412934,0.16078153932623335,0.40358975959459203,0.40358975959459203,22
52,6,"DenseLayer( 128,64 )","biases",0.028013631057649941,0.035384978553939482,0.10144713229141106,0.10144713229141106,22
52,8,"DenseLayer( 64,1 )","all",0.09069936173159146,0.10931796288677427,0.29127147130770292,0.29127147130770292,22
52,8,"DenseLayer( 64,1 )","weights",0.086716319248006046,0.10381122680636734,0.27254279104590967,0.27254279104590967,22
52,8,"DenseLayer( 64,1 )","biases",0.024927236192690379,0.03425852008874751,0.10275941342115402,0.10275941342115402,22
53,0,"Conv2DLayer(1,8,5, stride=5, padding=0)","all",0.26695579911315226,0.30981737729923814,0.67579232951498147,0.43793154639618359,22
53,0,"Conv2DLayer(1,8,5, stride=5, padding=0)","weights",0.26315470647811467,0.30557766049186735,0.66714422523397698,0.43214508858091188,22
53,0,"Conv2DLayer(1,8,5, stride=5, padding=0)","biases",0.044220805338819294,0.051079356739249564,0.1077675988794492,0.070955350357450098,22
53,4,"DenseLayer( 7202,128 )","all",1.1760084082614772,1.3783203238902733,2.9861324457374554,1.9635187777041467,22
53,4,"DenseLayer( 7202,128 )","weights",1.1754043119960649,1.3776101231654834,2.9846922122280453,1.9625358697187714,22
53,4,"DenseLayer( 7202,128 )","biases",0.037561508481666811,0.044240974231690273,0.092732851520982928,0.062120451253773856,22
53,6,"DenseLayer( 128,64 )","all",0.21094924872117113,0.24738750090104614,0.53999863908402623,0.34357821680921358,22
53,6,"DenseLayer( 128,64 )","weights",0.20568584348250821,0.24102978727452273,0.52687389549316199,0.33507729732265401,22
53,6,"DenseLayer( 128,64 )","biases",0.046610322174719804,0.055724476206272459,0.11833185733546558,0.075955222893127575,22
53,8,"DenseLayer( 64,1 )","all",0.13860581877228489,0.1648765083561729,0.35841713004274572,0.22320090917261817,22
53,8,"DenseLayer( 64,1 )","weights",0.13078499492819942,0.15520171225588578,0.33806494645008833,0.20974583271843528,22
53,8,"DenseLayer( 64,1 )","biases",0.04546419844369997,0.055647924674370255,0.1190585196018219,0.076323859393596649,22
54,0,"Conv2DLayer(1,8,5, stride=5, padding=0)","all",0.22358063281938942,0.24371449300953432,0.48941329850983945,0.30314065463925266,22
54,0,"Conv2DLayer(1,8,5, stride=5, padding=0)","weights",0.2203856920324439,0.24042681724741111,0.48401165361826565,0.30031673363297495,22
54,0,"Conv2DLayer(1,8,5, stride=5, padding=0)","biases",0.036749595473531543,0.039896110727417104,0.072512729365217299,0.041280939852859619,22
54,4,"DenseLayer( 7202,128 )","all",0.92398963085836594,1.0246127844362696,1.7663988587215935,1.0425452309708141,22
54,4,"DenseLayer( 7202,128 )","weights",0.9235504498655287,1.0241078227126179,1.7655308570786061,1.0421680291168409,22
54,4,"DenseLayer( 7202,128 )","biases",0.028376016492793275,0.032164040310046181,0.055368951554367191,0.028042070299957478,22
54,6,"DenseLayer( 128,64 )","all",0.15975812418325178,0.178123096908051,0.29966003719702017,0.15620838223438294,22
54,6,"DenseLayer( 128,64 )","weights",0.15605286443666755,0.17366198199812791,0.29125579689122011,0.15395787029396094,22
54,6,"DenseLayer( 128,64 )","biases",0.033650640046701735,0.039615068605226858,0.07047126130686078,0.026420311406775292,22
54,8,"DenseLayer( 64,1 )","all",0.10115579005746553,0.11742080930811655,0.20864868711376305,0.084471657218021898,22
54,8,"DenseLayer( 64,1 )","weights",0.096272879125538627,0.11112273692087288,0.1969757734303236,0.081584927051096712,22
54,8,"DenseLayer( 64,1 )","biases",0.029868988976390523,0.037939211876204595,0.069295391440391541,0.0218943040817976,22
55,0,"Conv2DLayer(1,8,5, stride=5, padding=0)","all",0.29815843475431991,0.33990018660861948,0.67541680866626941,0.29505802996483521,22
55,0,"Conv2DLayer(1,8,5, stride=5, padding=0)","weights",0.29411569494085804,0.33557791648998458,0.66554991722746093,0.29205099181076599,22
55,0,"Conv2DLayer(1,8,5, stride=5, padding=0)","biases",0.048106794835642903,0.054033312139968682,0.11502683646631301,0.042017368183615116,22
55,4,"DenseLayer( 7202,128 )","all",1.1375025851592009,1.2667135333764041,2.4429225610023177,1.1138417701166632,22
55,4,"DenseLayer( 7202,128 )","weights",1.1369083376275368,1.2660360158466324,2.4414119870052051,1.1133420237458402,22
55,4,"DenseLayer( 7202,128 )","biases",0.036627376436624989,0.041424415724549496,0.085896151027967604,0.033362059560802272,22
55,6,"DenseLayer( 128,64 )","all",0.2079214612948046,0.23616771658087374,0.47647337743813711,0.21207209078402303,22
55,6,"DenseLayer( 128,64 )","weights",0.20289518328298078,0.23034665444274977,0.46366730974372594,0.20750169672435267,22
55,6,"DenseLayer( 128,64 )","biases",0.045069293966919423,0.052111506810457203,0.10972467945873059,0.043790610249477648,22
55,8,"DenseLayer( 64,1 )","all",0.13623592025425124,0.15697672084826647,0.32126391808226862,0.14187504651533511,22
55,8,"DenseLayer( 64,1 )","weights",0.12867396521124583,0.14782055926665708,0.30026840814251793,0.13502698676784652,22
55,8,"DenseLayer( 64,1 )","biases",0.043865304270928558,0.052827768705173396,0.11423391848802567,0.043545857071876526,22
56,0,"Conv2DLayer(1,8,5, stride=5, padding=0)","all",0.30462264275592033,0.3209963316712342,0.48101863380845217,0.48101863380845217,22
56,0,"Conv2DLayer(1,8,5, stride=5, padding=0)","weights",0.30016112997632494,0.31635847106345816,0.47549762858768146,0.47549762858768146,22
56,0,"Conv2DLayer(1,8,5, stride=5, padding=0)","biases",0.051087048457380893,0.054368766150981324,0.080117006821907547,0.07267001636466798,22
56,4,"DenseLayer( 7202,128 )","all",1.3092481618057032,1.4183072464078195,2.222761433873885,1.4473156479211764,22
56,4,"DenseLayer( 7202,128 )","weights",1.3085894476168989,1.4175811740588968,2.2215728672671484,1.4465061545768163,22
56,4,"DenseLayer( 7202,128 )","biases",0.041427521258749794,0.045376868189976688,0.072680033981217099,0.048399684801515359,22
56,6,"DenseLayer( 128,64 )","all",0.23239637355331069,0.25192079769933989,0.39216747671682761,0.29174469161213612,22
56,6,"DenseLayer( 128,64 )","weights",0.22664147140074709,0.24541532502558797,0.38091189906940759,0.28495935114405785,22
56,6,"DenseLayer( 128,64 )","biases",0.051012731912920765,0.056880634279662771,0.093281589511440943,0.062555041998370919,22
56,8,"DenseLayer( 64,1 )","all",0.15421781597465425,0.16960652966494583,0.27404183634427909,0.19274174319736545,22
56,8,"DenseLayer( 64,1 )","weights",0.14588979273745348,0.15997963141893942,0.25715805708284134,0.18228996017894794,22
56,8,"DenseLayer( 64,1 )","biases",0.049265786042352294,0.056328433637430717,0.094703018665313721,0.062607906758785248,22
57,0,"Conv2DLayer(1,8,5, stride=5, padding=0)","all",0.18814614428575505,0.20841395017078171,0.43084604020020129,0.31461660290489429,22
57,0,"Conv2DLayer(1,8,5, stride=5, padding=0)","weights",0.18531895594477923,0.20536901108739716,0.4248106620306879,0.30976331102056598,22
57,0,"Conv2DLayer(1,8,5, stride=5, padding=0)","biases",0.031893947519159069,0.035495688622332995,0.071862450426089117,0.055048142284658888,22
57,4,"DenseLayer( 7202,128 )","all",0.79779237358479238,0.88690767428621287,1.7599195896611504,1.7599195896611504,22
57,4,"DenseLayer( 7202,128 )","weights",0.7974153730697654,0.88647318814932052,1.759004342551544,1.759004342551544,22
57,4,"DenseLayer( 7202,128 )","biases",0.024380314436455088,0.027758051087177518,0.056751078913814083,0.056751078913814083,22
57,6,"DenseLayer( 128,64 )","all",0.13959800146060927,0.15860517109230826,0.30917304103859899,0.30917304103859899,22
57,6,"DenseLayer( 128,64 )","weights",0.13645737149771694,0.15483197021062575,0.30066721581484085,0.30066721581484085,22
57,6,"DenseLayer( 128,64 )","biases",0.02908432516940598,0.034389842946955622,0.072022181577671859,0.072022181577671859,22
57,8,"DenseLayer( 64,1 )","all",0.090596097353040486,0.10566312057480864,0.21119769838438029,0.20751985221840158,22
57,8,"DenseLayer( 64,1 )","weights",0.08638444433855505,0.10017863182627701,0.19890998812102759,0.19498702970625451,22
57,8,"DenseLayer( 64,1 )","biases",0.026238959713902495,0.033599654388427713,0.071024976670742035,0.071024976670742035,22
58,0,"Conv2DLayer(1,8,5, stride=5, padding=0)","all",0.24541309040206416,0.26513364946525358,0.50124851401856207,0.081540973831548125,22
58,0,"Conv2DLayer(1,8,5, stride=5, padding=0)","weights",0.24171408593513388,0.26127722841081613,0.49327730741660386,0.078461706608439291,22
58,0,"Conv2DLayer(1,8,5, stride=5, padding=0)","biases",0.041708459829499035,0.045056209258282812,0.089036906918658676,0.0221966441041976,22
58,4,"DenseLayer( 7202,128 )","all",1.0831422018326258,1.1685495290296497,2.0434258544944606,0.47067116270470438,22
58,4,"DenseLayer( 7202,128 )","weights",1.0826011320287756,1.1679445986040971,2.0422442344803859,0.47054267332359784,22
58,4,"DenseLayer( 7202,128 )","biases",0.03410681104893825,0.037595430399596619,0.069481720963425614,0.010997089764121873,22
58,6,"DenseLayer( 128,64 )","all",0.19064251224753742,0.20640869641749024,0.37995375553051242,0.064150603050337943,22
58,6,"DenseLayer( 128,64 )","weights",0.18590994297428265,0.20101294997525124,0.36995124273663188,0.063501542313001036,22
58,6,"DenseLayer( 128,64 )","biases",0.041775885668587087,0.046886500178780557,0.088636711040845237,0.009102417019240909,22
58,8,"DenseLayer( 64,1 )","all",0.125204307720961,0.13855699957606923,0.2567562152984923,0.023174259109461647,22
58,8,"DenseLayer( 64,1 )","weights",0.11863197193457024,0.13074497711551747,0.24094918854350217,0.023108420754204884,22
58,8,"DenseLayer( 64,1 )","biases",0.039202396228740159,0.045867124289469811,0.090046070516109467,0.0017456160858273506,22
59,0,"Conv2DLayer(1,8,5, stride=5, padding=0)","all",0.19546869368034719,0.2154097146217481,0.42049341079467795,0.18585501717750447,22
59,0,"Conv2DLayer(1,8,5, stride=5, padding=0)","weights",0.19264068808892149,0.21247682300631077,0.41505540876311953,0.18168846686294979,22
59,0,"Conv2DLayer(1,8,5, stride=5, padding=0)","biases",0.03273908569317853,0.035425200614362863,0.067407092937031066,0.039132958219910738,22
59,4,"DenseLayer( 7202,128 )","all",0.80770692529291288,0.88780766487188267,1.3839478897815645,0.9340872264978024,22
59,4,"DenseLayer( 7202,128 )","weights",0.80730761492067549,0.88735886533155162,1.3832611804325277,0.93335727906128685,22
59,4,"DenseLayer( 7202,128 )","biases",0.025285065929823106,0.028225767000497327,0.04420689438990183,0.036920676181077146,22
59,6,"DenseLayer( 128,64 )","all",0.14076676868155816,0.15609444335715023,0.25424549761665022,0.18503109674915685,22
59,6,"DenseLayer( 128,64 )","weights",0.13740720153765335,0.15221645149923013,0.24869815872944104,0.17813333202582665,22
59,6,"DenseLayer( 128,64 )","biases",0.030148651768261075,0.034577841748164397,0.055604753792676966,0.050050202652661073,22
59,8,"DenseLayer( 64,1 )","all",0.093161278393226604,0.10458142239694387,0.16494160363509952,0.13525535644214456,22
59,8,"DenseLayer( 64,1 )","weights",0.088401867685730981,0.098897804460255173,0.15616966400744434,0.12414264859204381,22
59,8,"DenseLayer( 64,1 )","biases",0.028798014856874943,0.034007325438927517,0.053904414176940918,0.053689982742071152,22
60,0,"Conv2DLayer(1,8,5, stride=5, padding=0)","all",0.21234160971206706,0.23235437243286972,0.39656979574666823,0.19505606605651882,22
60,0,"Conv2DLayer(1,8,5, stride=5, padding=0)","weights",0.20903823310307421,0.22883816894647588,0.39028077791057852,0.19249894141170773,22
60,0,"Conv2DLayer(1,8,5, stride=5, padding=0)","biases",0.036831525698162178,0.040269676207996589,0.072264066836819948,0.031480572752365155,22
60,4,"DenseLayer( 7202,128 )","all",0.88973178935328956,0.94310021188420068,1.8616220688444076,0.6058247891936378,22
60,4,"DenseLayer( 7202,128 )","weights",0.88930904087760021,0.94264045353501102,1.8605579283255129,0.60558230299273919,22
60,4,"DenseLayer( 7202,128 )","biases",0.027294948905958828,0.029444609274581795,0.062935860632927401,0.01713912201735926,22
60,6,"DenseLayer( 128,64 )","all",0.15639076598087137,0.16785544473809161,0.33431016475343334,0.090387852971301211,22
60,6,"DenseLayer( 128,64 )","weights",0.15289554723807952,0.16395861421082797,0.32458464789368147,0.089169941751067336,22
60,6,"DenseLayer( 128,64 )","biases",0.032471901390175369,0.035958631151469092,0.080050562828768365,0.014788017205590011,22
60,8,"DenseLayer( 64,1 )","all",0.10079989358394202,0.1100509004408245,0.22820454637154311,0.038851504010204881,22
60,8,"DenseLayer( 64,1 )","weights",0.096045215121946637,0.10445436945621789,0.21331007343461786,0.038550591894043321,22
60,8,"DenseLayer( 64,1 )","biases",0.028887566644698381,0.034648021434711129,0.081093326210975647,0.0048260986804962158,22
61,0,"Conv2DLayer(1,8,5, stride=5, padding=0)","all",0.23255740188495874,0.25501709617226881,0.4585693974433851,0.18305562649794282,22
61,0,"Conv2DLayer(1,8,5, stride=5, padding=0)","weights",0.22937315171809783,0.25164170247067741,0.44941838001136464,0.17877198976150471,22
61,0,"Conv2DLayer(1,8,5, stride=5, padding=0)","biases",0.037444247028992926,0.041354236999312115,0.091153782036457007,0.039369252841104374,22
61,4,"DenseLayer( 7202,128 )","all",0.93023694364080245,1.0009932615905501,1.7194379980879309,0.73930101723107888,22
61,4,"DenseLayer( 7202,128 )","weights",0.92978546018209729,1.0004939126444701,1.7185319196526718,0.73886136903852395,22
61,4,"DenseLayer( 7202,128 )","biases",0.028861872682617456,0.031613929066898507,0.058354563920139144,0.025492575809951176,22
61,6,"DenseLayer( 128,64 )","all",0.16133607203276321,0.17670438930688093,0.34018169631686401,0.12144564240031629,22
61,6,"DenseLayer( 128,64 )","weights",0.15765080094302919,0.1724870896488559,0.33174598425999025,0.1179102064222579,22
61,6,"DenseLayer( 128,64 )","biases",0.03386938276147549,0.0383750583684936,0.075287372356786356,0.029089985896972068,22
61,8,"DenseLayer( 64,1 )","all",0.10399869606686646,0.11676717192486548,0.23605634542242199,0.079751100191448668,22
61,8,"DenseLayer( 64,1 )","weights",0.09884140499904176,0.11058756891121024,0.22227841510049759,0.074348865571501443,22
61,8,"DenseLayer( 64,1 )","biases",0.031478759271770039,0.037482823287999768,0.079466372728347778,0.028852801769971848,22
62,0,"Conv2DLayer(1,8,5, stride=5, padding=0)","all",0.21026529025623142,0.2389909597729305,0.45082585491204968,0.34438654323666484,22
62,0,"Conv2DLayer(1,8,5, stride=5, padding=0)","weights",0.20755380037649934,0.23619006115750815,0.4450792243014472,0.34055652116579982,22
62,0,"Conv2DLayer(1,8,5, stride=5, padding=0)","biases",0.033021444389807468,0.036481966279232461,0.071752599621215787,0.051218620187851262,22
62,4,"DenseLayer( 7202,128 )","all",0.74935776865162473,0.83219266386930957,1.960818182166673,0.87750871424988441,22
62,4,"DenseLayer( 7202,128 )","weights",0.74899105373837949,0.83179102585536524,1.9599888964568026,0.87709324113243214,22
62,4,"DenseLayer( 7202,128 )","biases",0.023299804163211986,0.025851868489081033,0.05702165624972149,0.026999813782514651,22
62,6,"DenseLayer( 128,64 )","all",0.13511653879423416,0.15060160088884469,0.32592131688286191,0.16637336312258763,22
62,6,"DenseLayer( 128,64 )","weights",0.13218990512112769,0.14731567046559713,0.31840752482151263,0.16369515113310268,22
62,6,"DenseLayer( 128,64 )","biases",0.027505663654550299,0.031287943773192571,0.069579831385946256,0.029732027381782669,22
62,8,"DenseLayer( 64,1 )","all",0.086986437158361449,0.099011680873897431,0.22284847045011011,0.10390622837874899,22
62,8,"DenseLayer( 64,1 )","weights",0.082964633106310318,0.094375929869809222,0.21377554113742284,0.099795305343984814,22
62,8,"DenseLayer( 64,1 )","biases",0.025044290137223223,0.029941556584175064,0.062940120697021484,0.028937887400388718,22
63,0,"Conv2DLayer(1,8,5, stride=5, padding=0)","all",0.25293963068297609,0.30041639604350245,0.88022794719010578,0.88022794719010578,22
63,0,"Conv2DLayer(1,8,5, stride=5, padding=0)","weights",0.24953627300344838,0.29644920744338671,0.86943255833543387,0.86943255833543387,22
63,0,"Conv2DLayer(1,8,5, stride=5, padding=0)","biases",0.040767812606069521,0.048660850978526772,0.13743458633404479,0.13743458633404479,22
63,4,"DenseLayer( 7202,128 )","all",0.9966854815476085,1.1420925649253932,2.7704171412455758,2.7704171412455758,22
63,4,"DenseLayer( 7202,128 )","weights",0.99620697076664277,1.1415143586129992,2.768930674822665,2.768930674822665,22
63,4,"DenseLayer( 7202,128 )","biases",0.030693679575107376,0.036337252760991069,0.090741691263765883,0.090741691263765883,22
63,6,"DenseLayer( 128,64 )","all",0.17788257476524996,0.20943983006791361,0.53338730158701197,0.53338730158701197,22
63,6,"DenseLayer( 128,64 )","weights",0.17395618080426647,0.20460876811986586,0.52206866813429653,0.52206866813429653,22
63,6,"DenseLayer( 128,64 )","biases",0.036668952764269132,0.044724651226672414,0.10929921887532303,0.10929921887532303,22
63,8,"DenseLayer( 64,1 )","all",0.11531164591862539,0.13854264843842368,0.33825077126869962,0.33825077126869962,22
63,8,"DenseLayer( 64,1 )","weights",0.10969097990870985,0.13120664460413933,0.32063837266266065,0.32063837266266065,22
63,8,"DenseLayer( 64,1 )","biases",0.034407188798385585,0.044484624850117949,0.10772473365068436,0.10772473365068436,22
64,0,"Conv2DLayer(1,8,5, stride=5, padding=0)","all",0.28311839981439296,0.31290056372525549,0.5256646057595219,0.5256646057595219,22
64,0,"Conv2DLayer(1,8,5, stride=5, padding=0)","weights",0.27934293527836423,0.30882075924570895,0.5160239754943351,0.5160239754943351,22
64,0,"Conv2DLayer(1,8,5, stride=5, padding=0)","biases",0.04538054250915393,0.050363691668567433,0.10021244664878405,0.10021244664878405,22
64,4,"DenseLayer( 7202,128 )","all",1.128342493121661,1.2312062971621609,2.6961133064181144,2.6961133064181144,22
64,4,"DenseLayer( 7202,128 )","weights",1.1277871952855747,1.230578059504823,2.6945158858306,2.6945158858306,22
64,4,"DenseLayer( 7202,128 )","biases",0.035233466011658179,0.039326653011710462,0.092796023898414542,0.092796023898414542,22
64,6,"DenseLayer( 128,64 )","all",0.19669924099531752,0.22007291421245731,0.5214019807668604,0.5214019807668604,22
64,6,"DenseLayer( 128,64 )","weights",0.19206485870708492,0.2146865818723887,0.50617135636282984,0.50617135636282984,22
64,6,"DenseLayer( 128,64 )","biases",0.041980748013315576,0.048391725882775953,0.12510229232679412,0.12510229232679412,22
64,8,"DenseLayer( 64,1 )","all",0.12820742047377368,0.14608113862680411,0.37286977772163421,0.37286977772163421,22
64,8,"DenseLayer( 64,1 )","weights",0.12166474772949736,0.13797577352186161,0.34791742973637801,0.34791742973637801,22
64,8,"DenseLayer( 64,1 )","biases",0.039085436104373497,0.047983173962833178,0.13410940766334534,0.13410940766334534,22
65,0,"Conv2DLayer(1,8,5, stride=5, padding=0)","all",0.23213743872891232,0.26247134224588009,0.57820068735156749,0.3618199440150438,22
65,0,"Conv2DLayer(1,8,5, stride=5, padding=0)","weights",0.22877079886008264,0.2587101632142545,0.56874199594818775,0.3546257523373027,22
65,0,"Conv2DLayer(1,8,5, stride=5, padding=0)","biases",0.038649981936677479,0.044274789101786831,0.10415650195113411,0.071793089265272961,22
65,4,"DenseLayer( 7202,128 )","all",0.93161645947077909,1.0241787370189501,1.9243233017258345,1.9243233017258345,22
65,4,"DenseLayer( 7202,128 )","weights",0.93113835159194325,1.0236357221896792,1.9233058458646028,1.9233058458646028,22
65,4,"DenseLayer( 7202,128 )","biases",0.029716759729768977,0.033346568323372607,0.062568305299583071,0.062568305299583071,22
65,6,"DenseLayer( 128,64 )","all",0.16702724127848984,0.18748183064084167,0.35335677206956084,0.33146999522718562,22
65,6,"DenseLayer( 128,64 )","weights",0.16300055700302593,0.18285223472515927,0.34545603436833616,0.32223588624553462,22
65,6,"DenseLayer( 128,64 )","biases",0.0362221440322213,0.041406485922576071,0.077694216975688069,0.077694216975688069,22
65,8,"DenseLayer( 64,1 )","all",0.10812111259032253,0.12377573965046389,0.2402605330462711,0.22158389222619768,22
65,8,"DenseLayer( 64,1 )","weights",0.10216757731792109,0.11661519618709183,0.2268596140710086,0.2076332997261976,22
65,8,"DenseLayer( 64,1 )","biases",0.035071651430123231,0.041488911100021654,0.07911914587020874,0.07738109678030014,22
66,0,"Conv2DLayer(1,8,5, stride=5, padding=0)","all",0.18297792576730046,0.20177666523473398,0.33972779903748535,0.19773403148522833,22
66,0,"Conv2DLayer(1,8,5, stride=5, padding=0)","weights",0.18039170217295492,0.19898022243780777,0.3339271917337629,0.1948708713058438,22
66,0,"Conv2DLayer(1,8,5, stride=5, padding=0)","biases",0.030042520129562926,0.03347676376011334,0.066856294616615186,0.033527462234749311,22
66,4,"DenseLayer( 7202,128 )","all",0.74554081395666905,0.79849108277350556,1.5895267589611985,0.84551217114330124,22
66,4,"DenseLayer( 7202,128 )","weights",0.7451951978266701,0.79811281758574304,1.5885697745896645,0.8451609019354237,22
66,4,"DenseLayer( 7202,128 )","biases",0.02255207922957261,0.024575184112265776,0.055148787056785234,0.024369681802603013,22
66,6,"DenseLayer( 128,64 )","all",0.12928794623603662,0.14152614588363241,0.30999883429286978,0.13310485294972757,22
66,6,"DenseLayer( 128,64 )","weights",0.12652593515384805,0.13842249024411293,0.30147749441930927,0.13044285313286513,22
66,6,"DenseLayer( 128,64 )","biases",0.026113846068579753,0.029476501883596296,0.072184469393308498,0.026487052409174955,22
66,8,"DenseLayer( 64,1 )","all",0.083212876020033702,0.093419863826912683,0.22092589669676543,0.090341285489543607,22
66,8,"DenseLayer( 64,1 )","weights",0.079443145357054379,0.088895271366931927,0.20719634761942421,0.085867753566477051,22
66,8,"DenseLayer( 64,1 )","biases",0.023420520846477964,0.028721101755302535,0.076667629182338715,0.028076266869902611,22
67,0,"Conv2DLayer(1,8,5, stride=5, padding=0)","all",0.25169046562280128,0.28936503426006771,0.62217250850104378,0.33143046522181868,22
67,0,"Conv2DLayer(1,8,5, stride=5, padding=0)","weights",0.24763206805641533,0.28488086555432052,0.61400898116029556,0.32631041097306235,22
67,0,"Conv2DLayer(1,8,5, stride=5, padding=0)","biases",0.044015401141893402,0.050744610485758283,0.10045696286956525,0.058031620412860481,22
67,4,"DenseLayer( 7202,128 )","all",1.1075983785755126,1.2609673571860502,2.2037180149842723,1.7764006912110215,22
67,4,"DenseLayer( 7202,128 )","weights",1.1069920083836835,1.2602559694692796,2.2025307574027626,1.7753294000469557,22
67,4,"DenseLayer( 7202,128 )","biases",0.0365237401606687,0.042350528991010029,0.072328087635676372,0.061684171907480191,22
67,6,"DenseLayer( 128,64 )","all",0.19872681750194968,0.23161147771438262,0.39923774450417193,0.32174698455764972,22
67,6,"DenseLayer( 128,64 )","weights",0.19342631925266757,0.22522176938323549,0.38801692187194592,0.31137261350915491,22
67,6,"DenseLayer( 128,64 )","biases",0.045245988580575811,0.054028059422161837,0.093987472451378631,0.081044541015536237,22
67,8,"DenseLayer( 64,1 )","all",0.13518383031606229,0.16062647961734422,0.27715349637164255,0.22073644865251077,22
67,8,"DenseLayer( 64,1 )","weights",0.12749949184671816,0.15093318111925663,0.25985347444507995,0.20602466250391327,22
67,8,"DenseLayer( 64,1 )","biases",0.044041066917336801,0.054954897793397607,0.096385851502418518,0.0792364701628685,22
68,0,"Conv2DLayer(1,8,5, stride=5, padding=0)","all",0.25005360235123947,0.28209726184371259,0.54516929957907001,0.38331171736134895,22
68,0,"Conv2DLayer(1,8,5, stride=5, padding=0)","weights",0.24668385039685881,0.27829266819411547,0.53611357116450342,0.37914909828892529,22
68,0,"Conv2DLayer(1,8,5, stride=5, padding=0)","biases",0.040378924833607208,0.046174191591408682,0.098953544740836813,0.056336790228069464,22
68,4,"DenseLayer( 7202,128 )","all",1.0584064454999871,1.2141307307304967,2.9319128871657347,1.5033787460327455,22
68,4,"DenseLayer( 7202,128 )","weights",1.0578726889553665,1.2135039920310045,2.9303327837008646,1.5027609395863823,22
68,4,"DenseLayer( 7202,128 )","biases",0.033449571771828258,0.039006315244913832,0.09624424500433125,0.043095388111073558,22
68,6,"DenseLayer( 128,64 )","all",0.18842775471459547,0.21961449063276983,0.52529425543431729,0.24139974741275075,22
68,6,"DenseLayer( 128,64 )","weights",0.18386763694982344,0.21400304827016456,0.51017537960040893,0.23617378586701848,22
68,6,"DenseLayer( 128,64 )","biases",0.040833738028920478,0.049327678102344993,0.12512048929680747,0.049957791386124738,22
68,8,"DenseLayer( 64,1 )","all",0.12645341233681268,0.15071434995933153,0.36699222077317045,0.18021331709639235,22
68,8,"DenseLayer( 64,1 )","weights",0.11977465263420554,0.14222060849265178,0.34426435335329086,0.17359941984184976,22
68,8,"DenseLayer( 64,1 )","biases",0.039833488810638133,0.049880996417911654,0.1271430104970932,0.048374384641647339,22
69,0,"Conv2DLayer(1,8,5, stride=5, padding=0)","all",0.40515702587486729,0.44939006835075807,0.89582654728599109,0.23862174022335553,22
69,0,"Conv2DLayer(1,8,5, stride=5, padding=0)","weights",0.39915928060817751,0.44294008502303811,0.8825733280076995,0.23648082221160002,22
69,0,"Conv2DLayer(1,8,5, stride=5, padding=0)","biases",0.068697703400502935,0.075865108001523213,0.15352369039256977,0.031892877470497731,22
69,4,"DenseLayer( 7202,128 )","all",1.7438998497116458,1.9368357387777804,3.8199226059747979,0.72591756463752366,22
69,4,"DenseLayer( 7202,128 )","weights",1.74293551084328,1.9357692731202183,3.8177976125593309,0.72562056613022041,22
69,4,"DenseLayer( 7202,128 )","biases",0.057877604219991725,0.064265078001140646,0.12739743001161644,0.020763059941438667,22
69,6,"DenseLayer( 128,64 )","all",0.32163774883129204,0.35797676389111932,0.70580197716784421,0.10252637994239668,22
69,6,"DenseLayer( 128,64 )","weights",0.31310403478130616,0.3484390206297468,0.68692143819903528,0.10078321206872824,22
69,6,"DenseLayer( 128,64 )","biases",0.073387322630592763,0.082082960403125363,0.16215846791520602,0.018825587619047363,22
69,8,"DenseLayer( 64,1 )","all",0.21703157486614935,0.24344114634244429,0.47599610728471931,0.048271666144679377,22
69,8,"DenseLayer( 64,1 )","weights",0.20389582757955205,0.22858174201922832,0.44666407874077579,0.048230094778143807,22
69,8,"DenseLayer( 64,1 )","biases",0.073870031533508809,0.083749501180474709,0.16450986266136169,0.0020029253792017698,22
70,0,"Conv2DLayer(1,8,5, stride=5, padding=0)","all",0.19792049545696586,0.2188243399121178,0.40726529647732956,0.40726529647732956,22
70,0,"Conv2DLayer(1,8,5, stride=5, padding=0)","weights",0.19535190914587744,0.21612749455031433,0.40339924294236063,0.40339924294236063,22
70,0,"Conv2DLayer(1,8,5, stride=5, padding=0)","biases",0.031164058384306883,0.03424905600710651,0.055982787607419808,0.055982787607419808,22
70,4,"DenseLayer( 7202,128 )","all",0.81124916153911797,0.91250912587752686,1.9683885337919445,1.9683885337919445,22
70,4,"DenseLayer( 7202,128 )","weights",0.81087788676110817,0.9120893678406331,1.9676138705006481,1.9676138705006481,22
70,4,"DenseLayer( 7202,128 )","biases",0.024424743870181273,0.027674715569315392,0.055218444174562897,0.055218444174562897,22
70,6,"DenseLayer( 128,64 )","all",0.13960461453189629,0.15765559399453857,0.33212816857861116,0.33212816857861116,22
70,6,"DenseLayer( 128,64 )","weights",0.13647190409588014,0.15398059137831732,0.32486380387052327,0.32486380387052327,22
70,6,"DenseLayer( 128,64 )","biases",0.029099406990865027,0.033841746357929747,0.069084218879252993,0.069084218879252993,22
70,8,"DenseLayer( 64,1 )","all",0.08891777127450412,0.10343894636464572,0.21475225289868022,0.21475225289868022,22
70,8,"DenseLayer( 64,1 )","weights",0.084888658296735128,0.098399397332489563,0.20582547614675084,0.20582547614675084,22
70,8,"DenseLayer( 64,1 )","biases",0.025533154008867728,0.031893169012045509,0.065846815705299377,0.061273187398910522,22
71,0,"Conv2DLayer(1,8,5, stride=5, padding=0)","all",0.22194274417587401,0.23837716943138618,0.37520435453748191,0.10807965330253766,22
71,0,"Conv2DLayer(1,8,5, stride=5, padding=0)","weights",0.2186979044181776,0.23487155893983158,0.36711652869999284,0.10668026467730188,22
71,0,"Conv2DLayer(1,8,5, stride=5, padding=0)","biases",0.036973036255928335,0.040731139283022841,0.07748394684807805,0.01733587570264496,22
71,4,"DenseLayer( 7202,128 )","all",0.94643416272267011,1.0353432145145669,1.6615799758292134,0.59048701559057726,22
71,4,"DenseLayer( 7202,128 )","weights",0.94594624541822026,1.0348005477962841,1.66053571980796,0.59022579255429464,22
71,4,"DenseLayer( 7202,128 )","biases",0.030290438601317343,0.033517131766707682,0.058899399983948733,0.01756215774673902,22
71,6,"DenseLayer( 128,64 )","all",0.17141424192883206,0.18808883778629565,0.31812261887476351,0.078558742875801141,22
71,6,"DenseLayer( 128,64 )","weights",0.16719835880178216,0.18325989431323197,0.30879846948997908,0.077131829045007136,22
71,6,"DenseLayer( 128,64 )","biases",0.037518998348089742,0.042346452461835403,0.076455908080307874,0.014904933089351008,22
71,8,"DenseLayer( 64,1 )","all",0.11505617373728977,0.12952821652492127,0.22483531894379633,0.041401495961638148,22
71,8,"DenseLayer( 64,1 )","weights",0.10887576481881399,0.12217821458402274,0.20964233996334225,0.040225086147049685,22
71,8,"DenseLayer( 64,1 )","biases",0.036204294470900837,0.043012123374548565,0.081246599555015564,0.0097993016242980957,22
72,0,"Conv2DLayer(1,8,5, stride=5, padding=0)","all",0.22501445814546589,0.24299477519339183,0.45067676315284239,0.30042139811160629,22
72,0,"Conv2DLayer(1,8,5, stride=5, padding=0)","weights",0.22180485655655741,0.23961585747131178,0.44337746602661321,0.29704930244157207,22
72,0,"Conv2DLayer(1,8,5, stride=5, padding=0)","biases",0.037166504116710387,0.040381946703632675,0.080783460347664038,0.044885725596315075,22
72,4,"DenseLayer( 7202,128 )","all",0.88560245519587522,0.96539005123653054,1.7704227838073106,1.006223089866664,22
72,4,"DenseLayer( 7202,128 )","weights",0.88517716922875889,0.96491346427668345,1.7694033125391193,1.0057810012491735,22
72,4,"DenseLayer( 7202,128 )","biases",0.027334144696935004,0.030330800913272084,0.060072880733481798,0.02982422014113404,22
72,6,"DenseLayer( 128,64 )","all",0.15538126035370042,0.17186518267586193,0.35065393109901039,0.16587154816851393,22
72,6,"DenseLayer( 128,64 )","weights",0.15190003434891602,0.16781978913789683,0.34160273032162641,0.16276163257651796,22
72,6,"DenseLayer( 128,64 )","biases",0.032330237077280298,0.037069655918543921,0.079156516042583128,0.031969070253077533,22
72,8,"DenseLayer( 64,1 )","all",0.10162349079646188,0.11466448735803347,0.24614574081797891,0.085354874169783421,22
72,8,"DenseLayer( 64,1 )","weights",0.096737439125822139,0.10864764852596025,0.23105776095353756,0.082002527848872631,22
72,8,"DenseLayer( 64,1 )","biases",0.030122306949289687,0.03665560163003774,0.084853030741214752,0.023686282336711884,22
73,0,"Conv2DLayer(1,8,5, stride=5, padding=0)","all",0.25979075648138605,0.29850852630566466,0.75141612257785217,0.31457520680413542,22
73,0,"Conv2DLayer(1,8,5, stride=5, padding=0)","weights",0.25602773076801255,0.29447730060300992,0.7421868172486128,0.31241886396634766,22
73,0,"Conv2DLayer(1,8,5, stride=5, padding=0)","biases",0.04342028154118905,0.048892327687933113,0.11740918861957991,0.036769745360028458,22
73,4,"DenseLayer( 7202,128 )","all",1.055613587442771,1.1956416031050972,3.0737167570618347,1.1466084851145515,22
73,4,"DenseLayer( 7202,128 )","weights",1.0550752198445901,1.1950379445955621,3.0722901445306721,1.1460852376079742,22
73,4,"DenseLayer( 7202,128 )","biases",0.033585557498858887,0.037988867481686374,0.093637441562780671,0.034635910176573671,22
73,6,"DenseLayer( 128,64 )","all",0.1901546612935478,0.21741503170638787,0.566696241084511,0.17246337269831535,22
73,6,"DenseLayer( 128,64 )","weights",0.18554638507196772,0.21217768537283677,0.55398779772963114,0.1684973929352814,22
73,6,"DenseLayer( 128,64 )","biases",0.041270510555275274,0.047433383199126065,0.11934047773487196,0.036772863588404626,22
73,8,"DenseLayer( 64,1 )","all",0.12632308873373194,0.14575304537079539,0.38135814390446587,0.1006839675255585,22
73,8,"DenseLayer( 64,1 )","weights",0.11953827396394195,0.13780960578683221,0.36069830743464854,0.096798328199518807,22
73,8,"DenseLayer( 64,1 )","biases",0.040404176974499766,0.047460117864782436,0.12381746619939804,0.027700992301106453,22
74,0,"Conv2DLayer(1,8,5, stride=5, padding=0)","all",0.25586545671207406,0.2900769654114107,0.47529179333424787,0.39125173434560362,22
74,0,"Conv2DLayer(1,8,5, stride=5, padding=0)","weights",0.25252014323282596,0.28633941039758071,0.4716016924163684,0.38627261196767104,22
74,0,"Conv2DLayer(1,8,5, stride=5, padding=0)","biases",0.040709817422176928,0.046415384469576916,0.076855146870792701,0.062220485952103069,22
74,4,"DenseLayer( 7202,128 )","all",1.0187694882084595,1.1524267321066197,2.3029613622011689,1.5712625141615866,22
74,4,"DenseLayer( 7202,128 )","weights",1.0182711389215382,1.1518558894677662,2.3018443898025471,1.5704972675996711,22
74,4,"DenseLayer( 7202,128 )","biases",0.031744955778335138,0.036268206081414733,0.071717786678082845,0.049032855019433497,22
74,6,"DenseLayer( 128,64 )","all",0.17754344421759347,0.20420694877152717,0.42372252068518768,0.2661372752344861,22
74,6,"DenseLayer( 128,64 )","weights",0.17345485855803308,0.19933284868751816,0.4129300684455316,0.25987397028881748,22
74,6,"DenseLayer( 128,64 )","biases",0.03745890240498554,0.0443496714835196,0.095023855475232552,0.057398334780404549,22
74,8,"DenseLayer( 64,1 )","all",0.11550628155956465,0.13551118839599913,0.29959520504060833,0.15644831930669212,22
74,8,"DenseLayer( 64,1 )","weights",0.10986773648715413,0.12839217256143778,0.28319482586949957,0.14760181116799623,22
74,8,"DenseLayer( 64,1 )","biases",0.033983885501088065,0.043344344561314425,0.097764909267425537,0.051863107830286026,22
75,0,"Conv2DLayer(1,8,5, stride=5, padding=0)","all",0.22515636062227154,0.24555439857862224,0.45445734918375114,0.25902911973482157,22
75,0,"Conv2DLayer(1,8,5, stride=5, padding=0)","weights",0.22157380117018191,0.24180098281653756,0.4473641944932174,0.25530779434624917,22
75,0,"Conv2DLayer(1,8,5, stride=5, padding=0)","biases",0.039405104572509946,0.042769701545198845,0.079979745639484665,0.043749457329775768,22
75,4,"DenseLayer( 7202,128 )","all",1.0256470042285197,1.1190981052491689,1.8818723464316998,1.163328817266349,22
75,4,"DenseLayer( 7202,128 )","weights",1.0251221565507165,1.1185049226188046,1.8807819654497802,1.1627148870277124,22
75,4,"DenseLayer( 7202,128 )","biases",0.032680600023607252,0.036432228174813036,0.064052530810364758,0.03778926522778718,22
75,6,"DenseLayer( 128,64 )","all",0.17634927907485146,0.19597170401772074,0.34479106001207199,0.20912186772796529,22
75,6,"DenseLayer( 128,64 )","weights",0.17187660712672972,0.19071956172716073,0.33554339654356535,0.20369836695589771,22
75,6,"DenseLayer( 128,64 )","biases",0.039038072313637873,0.045066146387381059,0.081022666909664628,0.047317342080182942,22
75,8,"DenseLayer( 64,1 )","all",0.11583531531200156,0.13366186884252254,0.24469901790665807,0.13914543092248924,22
75,8,"DenseLayer( 64,1 )","weights",0.10955090154537836,0.12589070477217781,0.22884020932778179,0.13090310909810432,22
75,8,"DenseLayer( 64,1 )","biases",0.036702214031141593,0.044911308536270317,0.086658917367458344,0.047178670763969421,22
76,0,"Conv2DLayer(1,8,5, stride=5, padding=0)","all",0.27560480860580328,0.30035134886332743,0.52237451797286749,0.20460303219128526,22
76,0,"Conv2DLayer(1,8,5, stride=5, padding=0)","weights",0.27137719417334244,0.29591742127130333,0.51445119708157461,0.199641919092162,22
76,0,"Conv2DLayer(1,8,5, stride=5, padding=0)","biases",0.047522367217406908,0.051418017777450378,0.090637204550452447,0.044782864167745559,22
76,4,"DenseLayer( 7202,128 )","all",1.187521737349243,1.2948584923297382,2.1422016240832358,1.3307028285740821,22
76,4,"DenseLayer( 7202,128 )","weights",1.1869027523832003,1.2941739376825694,2.1409889372941633,1.3300095608030222,22
76,4,"DenseLayer( 7202,128 )","biases",0.038209745023311141,0.042099099534736853,0.07207058074458314,0.04294864546891413,22
76,6,"DenseLayer( 128,64 )","all",0.21505381457838454,0.23583900139427011,0.40239435207811053,0.21994300847055354,22
76,6,"DenseLayer( 128,64 )","weights",0.20960894323693999,0.22974587983936859,0.39162911079419765,0.21359067217214034,22
76,6,"DenseLayer( 128,64 )","biases",0.047700708361658371,0.053262231228901238,0.092454605958321209,0.052478107207970692,22
76,8,"DenseLayer( 64,1 )","all",0.14270443194147273,0.15854551331598907,0.2751185862190868,0.15021717729848238,22
76,8,"DenseLayer( 64,1 )","weights",0.13474190970458869,0.14934241768953868,0.25796808696325213,0.14049004902281198,22
76,8,"DenseLayer( 64,1 )","biases",0.045804255906577135,0.053230837596959076,0.095617480576038361,0.053176559507846832,22
77,0,"Conv2DLayer(1,8,5, stride=5, padding=0)","all",0.23551859593392344,0.2546279358447649,0.41285451424630748,0.41285451424630748,22
77,0,"Conv2DLayer(1,8,5, stride=5, padding=0)","weights",0.23221032564549715,0.25127385788946249,0.40970285679290674,0.40970285679290674,22
77,0,"Conv2DLayer(1,8,5, stride=5, padding=0)","biases",0.038737168629663477,0.041192645628945784,0.065054639384171345,0.050915803728169021,22
77,4,"DenseLayer( 7202,128 )","all",0.9845884357215835,1.07290585432256,1.8615535150546423,1.5092628170262083,22
77,4,"DenseLayer( 7202,128 )","weights",0.98410868321580547,1.0723795677263526,1.8606587224535143,1.5086985892900739,22
77,4,"DenseLayer( 7202,128 )","biases",0.030636068281561367,0.033601115497305385,0.057711419753376257,0.041265209705344814,22
77,6,"DenseLayer( 128,64 )","all",0.17840901489568523,0.19580230031981843,0.3357819691744503,0.32369491709918641,22
77,6,"DenseLayer( 128,64 )","weights",0.17423582855977029,0.19116465971586682,0.32731267752167459,0.31902385465055161,22
77,6,"DenseLayer( 128,64 )","biases",0.038103399026057881,0.042362880995621889,0.074939588711599892,0.05479214834036792,22
77,8,"DenseLayer( 64,1 )","all",0.11948844006823971,0.13277451550203881,0.24277505512022601,0.20231609331279832,22
77,8,"DenseLayer( 64,1 )","weights",0.11354245044801486,0.12591365511093269,0.22985330242716226,0.19449823193245985,22
77,8,"DenseLayer( 64,1 )","biases",0.036790838888423008,0.042128653235134837,0.078148491680622101,0.055697750300168991,22
78,0,"Conv2DLayer(1,8,5, stride=5, padding=0)","all",0.27225372350072929,0.30486834507540123,0.72858333179993673,0.12214874771435351,22
78,0,"Conv2DLayer(1,8,5, stride=5, padding=0)","weights",0.26879856366703669,0.30112110660878777,0.72086189711265658,0.12099136935588824,22
78,0,"Conv2DLayer(1,8,5, stride=5, padding=0)","biases",0.042597058304535342,0.04765277519424211,0.10579128824169995,0.016775133667777765,22
78,4,"DenseLayer( 7202,128 )","all",1.0004745173719998,1.1376513953099545,2.5812799349459095,0.36645718926767462,22
78,4,"DenseLayer( 7202,128 )","weights",0.99999036250513995,1.1370820157487154,2.5799536176244815,0.36632426296547765,22
78,4,"DenseLayer( 7202,128 )","biases",0.031017597676469687,0.035988702554057415,0.082737134714166383,0.0098694441973125064,22
78,6,"DenseLayer( 128,64 )","all",0.17653383961417096,0.20299433641079156,0.49279032609572027,0.064008301853646352,22
78,6,"DenseLayer( 128,64 )","weights",0.17263890679381508,0.19825416637951576,0.48170780606543256,0.063094875309443452,22
78,6,"DenseLayer( 128,64 )","biases",0.036401655493921263,0.043611765935592427,0.10392254360413798,0.010774943891885942,22
78,8,"DenseLayer( 64,1 )","all",0.11498841900723215,0.13477148249573226,0.33056866021382159,0.03058393154520108,22
78,8,"DenseLayer( 64,1 )","weights",0.10974873145018908,0.12785587984699009,0.31265125258862569,0.030556591083011325,22
78,8,"DenseLayer( 64,1 )","biases",0.03286328320179812,0.042617208761831157,0.10735377669334412,0.0012929076328873634,22
79,0,"Conv2DLayer(1,8,5, stride=5, padding=0)","all",0.2549990511604191,0.28656729744911147,0.60196369411204376,0.43452521174417219,22
79,0,"Conv2DLayer(1,8,5, stride=5, padding=0)","weights",0.25138891994279472,0.28258791558512519,0.59413912312816264,0.42666127248505192,22
79,0,"Conv2DLayer(1,8,5, stride=5, padding=0)","biases",0.042187625576446272,0.047590817733483955,0.096741880266594346,0.082294095795226771,22
79,4,"DenseLayer( 7202,128 )","all",1.0076242730922842,1.1705849502913324,2.3221241050254369,2.0993459816006195,22
79,4,"DenseLayer( 7202,128 )","weights",1.0071001959304613,1.1699720691579159,2.3209439819333664,2.0983223033581422,22
79,4,"DenseLayer( 7202,128 )","biases",0.032407011597411148,0.037874572458388357,0.074022914475687485,0.065551977029300865,22
79,6,"DenseLayer( 128,64 )","all",0.18388501894450479,0.21706938218363683,0.43235399244834682,0.36606156914576155,22
79,6,"DenseLayer( 128,64 )","weights",0.17946628223435157,0.21169782697291104,0.42215362859412447,0.35694380623070165,22
79,6,"DenseLayer( 128,64 )","biases",0.039828254716137358,0.047991111015824692,0.096152554200983037,0.081192312437794734,22
79,8,"DenseLayer( 64,1 )","all",0.1227486722333912,0.1476362728875889,0.29725270588173841,0.24561121151405485,22
79,8,"DenseLayer( 64,1 )","weights",0.1161654030450823,0.13918560622553583,0.27874048275986485,0.23124510406551521,22
79,8,"DenseLayer( 64,1 )","biases",0.038460884634828704,0.049232469893036,0.10326138883829117,0.082768164575099945,22
80,0,"Conv2DLayer(1,8,5, stride=5, padding=0)","all",0.15782210679137063,0.18404931427591517,0.43804443200065468,0.37499567814643803,22
80,0,"Conv2DLayer(1,8,5, stride=5, padding=0)","weights",0.15512252077091532,0.18125610766993963,0.43387735690207652,0.36883090471558244,22
80,0,"Conv2DLayer(1,8,5, stride=5, padding=0)","biases",0.028181958400605389,0.031943285957738363,0.067716485106596294,0.067716485106596294,22
80,4,"DenseLayer( 7202,128 )","all",0.65511076100534427,0.70863198936986926,1.2250192210783559,1.2250192210783559,22
80,4,"DenseLayer( 7202,128 )","weights",0.65476965217845051,0.70826178332574019,1.2243811785456464,1.2243811785456464,22
80,4,"DenseLayer( 7202,128 )","biases",0.021055155943772635,0.022902895854907807,0.039532538934350006,0.039532538934350006,22
80,6,"DenseLayer( 128,64 )","all",0.11496840670962871,0.12513156115524618,0.21429063686104244,0.21429063686104244,22
80,6,"DenseLayer( 128,64 )","weights",0.11218110442634019,0.12210017837124248,0.2097534470933079,0.2097534470933079,22
80,6,"DenseLayer( 128,64 )","biases",0.024820338453597789,0.027376158219514342,0.045590384004444616,0.043863065086539969,22
80,8,"DenseLayer( 64,1 )","all",0.075495147101161536,0.082754356350761213,0.14099811862377054,0.13878383946412087,22
80,8,"DenseLayer( 64,1 )","weights",0.071428742854775698,0.078205055043187907,0.13242907861522796,0.1317643056288535,22
80,8,"DenseLayer( 64,1 )","biases",0.023458273626271297,0.027060171114032566,0.04840463399887085,0.043578915297985077,22
81,0,"Conv2DLayer(1,8,5, stride=5, padding=0)","all",0.21460278198430732,0.23197711804501181,0.4323988150837067,0.23780746090941929,22
81,0,"Conv2DLayer(1,8,5, stride=5, padding=0)","weights",0.21178668604518647,0.22910097792550421,0.4281710904938586,0.23464767306483483,22
81,0,"Conv2DLayer(1,8,5, stride=5, padding=0)","biases",0.034102818874900701,0.03641600211510012,0.061704586456400833,0.038637520487776737,22
81,4,"DenseLayer( 7202,128 )","all",0.74825283363614681,0.78463666572418789,1.2526439776691849,0.72321729698957937,22
81,4,"DenseLayer( 7202,128 )","weights",0.74792838001093065,0.78429807848715594,1.2520849004223775,0.72284868822178827,22
81,4,"DenseLayer( 7202,128 )","biases",0.021945774594841472,0.023048238113269223,0.037421075948755086,0.023087498802452335,22
81,6,"DenseLayer( 128,64 )","all",0.13073743909148638,0.13698502526527973,0.22374861799467033,0.13909857326955014,22
81,6,"DenseLayer( 128,64 )","weights",0.12822688936836094,0.13433356691060955,0.21824159591231401,0.1364949382181754,22
81,6,"DenseLayer( 128,64 )","biases",0.025044770798830756,0.026821445673231647,0.049336090929168248,0.026787029070818619,22
81,8,"DenseLayer( 64,1 )","all",0.084874265593809506,0.090504790826400533,0.15878048708238085,0.082540408662915135,22
81,8,"DenseLayer( 64,1 )","weights",0.081893678184242522,0.08717485335805164,0.15053493162002615,0.07861633744510603,22
81,8,"DenseLayer( 64,1 )","biases",0.020359937355599621,0.024324105421016123,0.050502251833677292,0.025147376582026482,22
82,0,"Conv2DLayer(1,8,5, stride=5, padding=0)","all",0.1616823490763119,0.18266069803926049,0.34947713937601788,0.11006917940174124,22
82,0,"Conv2DLayer(1,8,5, stride=5, padding=0)","weights",0.15908013179683939,0.18008630755541333,0.34336516574756032,0.10900436482283631,22
82,0,"Conv2DLayer(1,8,5, stride=5, padding=0)","biases",0.027579600185881632,0.030558999316845987,0.065074064707800833,0.015273267618381711,22
82,4,"DenseLayer( 7202,128 )","all",0.61642053319386092,0.66684713668427453,1.4751163609831397,0.36160277135344582,22
82,4,"DenseLayer( 7202,128 )","weights",0.61612740175220415,0.66651672211500623,1.4742229673071594,0.36140460101064448,22
82,4,"DenseLayer( 7202,128 )","biases",0.0188086765054447,0.020989588968895193,0.051331482583440266,0.011969904712623184,22
82,6,"DenseLayer( 128,64 )","all",0.10622349162766906,0.11831129119158773,0.27107026302433446,0.052572932321572376,22
82,6,"DenseLayer( 128,64 )","weights",0.10407340962914434,0.11576617365945191,0.2633602057205876,0.050947174895070065,22
82,6,"DenseLayer( 128,64 )","biases",0.020687863743412561,0.024408085948518985,0.064191039397190286,0.012972994376772537,22
82,8,"DenseLayer( 64,1 )","all",0.066043077652253576,0.076447141197724264,0.18001328571103623,0.036477389961008418,22
82,8,"DenseLayer( 64,1 )","weights",0.063205163911484841,0.072757817806831451,0.16840521741002601,0.033943133718891322,22
82,8,"DenseLayer( 64,1 )","biases",0.017672818344594401,0.023461997896443335,0.06359611451625824,0.013359028846025467,22
83,0,"Conv2DLayer(1,8,5, stride=5, padding=0)","all",0.20559879567170489,0.23543062000004486,0.48840104909148951,0.48840104909148951,22
83,0,"Conv2DLayer(1,8,5, stride=5, padding=0)","weights",0.20273422522798701,0.23250701601171034,0.48191349496731051,0.48191349496731051,22
83,0,"Conv2DLayer(1,8,5, stride=5, padding=0)","biases",0.03326972637197588,0.036987353770387504,0.07934083514848804,0.07934083514848804,22
83,4,"DenseLayer( 7202,128 )","all",0.79719316279040053,0.85175776034258111,1.4110166579285468,1.2994873754189677,22
83,4,"DenseLayer( 7202,128 )","weights",0.7968326563771988,0.85137307789418948,1.4103650022313072,1.2989911908199814,22
83,4,"DenseLayer( 7202,128 )","biases",0.023886521489426969,0.025596182152509032,0.042878542803257563,0.035907172617240989,22
83,6,"DenseLayer( 128,64 )","all",0.13755818900496905,0.1501872507177463,0.25796022129406837,0.24516455270285123,22
83,6,"DenseLayer( 128,64 )","weights",0.13476505075091866,0.14720566308305744,0.25303381988882051,0.24255243111050909,22
83,6,"DenseLayer( 128,64 )","biases",0.027180292324104412,0.029777559242365068,0.051203430343953839,0.035692801296211753,22
83,8,"DenseLayer( 64,1 )","all",0.086594042990384298,0.095954792329683194,0.1612885154204052,0.14067775314668224,22
83,8,"DenseLayer( 64,1 )","weights",0.082865230691596459,0.091746735860978201,0.15220230788635125,0.1398646161498765,22
83,8,"DenseLayer( 64,1 )","biases",0.023559179421598939,0.028104423671168336,0.056574504822492599,0.015103621408343315,22
84,0,"Conv2DLayer(1,8,5, stride=5, padding=0)","all",0.29758308094911545,0.32491320578330107,0.59257606050713152,0.59257606050713152,22
84,0,"Conv2DLayer(1,8,5, stride=5, padding=0)","weights",0.29348724383171043,0.32064551360526272,0.58901965127689382,0.58901965127689382,22
84,0,"Conv2DLayer(1,8,5, stride=5, padding=0)","biases",0.047489043897828355,0.052488531101555984,0.10300202677903707,0.064824670425679909,22
84,4,"DenseLayer( 7202,128 )","all",1.1205308422159324,1.2307017438215409,2.4004699010309651,1.8443118062539954,22
84,4,"DenseLayer( 7202,128 )","weights",1.1199917492314313,1.2300794160421589,2.3990913555373865,1.8436627254651641,22
84,4,"DenseLayer( 7202,128 )","biases",0.034488905316683117,0.039133265577549231,0.081341339682826821,0.04892640818860524,22
84,6,"DenseLayer( 128,64 )","all",0.19681819873080442,0.21984855964934033,0.44388215718406554,0.38241787783926617,22
84,6,"DenseLayer( 128,64 )","weights",0.19253609804349753,0.21471743471727187,0.43178620182621125,0.37713207963221052,22
84,6,"DenseLayer( 128,64 )","biases",0.039952264636093977,0.047220889533379801,0.10291766310441484,0.063362668846663514,22
84,8,"DenseLayer( 64,1 )","all",0.12478889035947673,0.14258601780821248,0.29674180628546531,0.24122007131343939,22
84,8,"DenseLayer( 64,1 )","weights",0.1192446466271094,0.13527176990499515,0.27756932271798923,0.23278611094003274,22
84,8,"DenseLayer( 64,1 )","biases",0.033799805921841071,0.045081268185067011,0.10493317246437073,0.063227757811546326,22
85,0,"Conv2DLayer(1,8,5, stride=5, padding=0)","all",0.24702747921166268,0.27641858197016639,0.49918216621048034,0.44636827723759548,22
85,0,"Conv2DLayer(1,8,5, stride=5, padding=0)","weights",0.24311803013622152,0.27226252623684272,0.49292092659337555,0.43945162163687268,22
85,0,"Conv2DLayer(1,8,5, stride=5, padding=0)","biases",0.04300645868503393,0.047753002686010577,0.08537418317142878,0.078274588244089685,22
85,4,"DenseLayer( 7202,128 )","all",1.1552302069058618,1.2796727839767013,2.4358142761987316,2.0532575796425547,22
85,4,"DenseLayer( 7202,128 )","weights",1.1546264691649897,1.2789935535179455,2.4344459475030589,2.0521728126861492,22
85,4,"DenseLayer( 7202,128 )","biases",0.037176992623422611,0.041688416979052387,0.081634042038148225,0.066734063501500032,22
85,6,"DenseLayer( 128,64 )","all",0.2077392762221624,0.23221715613412677,0.45344887565178332,0.36069101110182739,22
85,6,"DenseLayer( 128,64 )","weights",0.20233988007859532,0.22604112066754004,0.44029191143095781,0.35090246342045556,22
85,6,"DenseLayer( 128,64 )","biases",0.046686665487551064,0.053199806112278501,0.10843853354938023,0.083459371283963218,22
85,8,"DenseLayer( 64,1 )","all",0.13748567596037853,0.15650277349442107,0.3272561547962759,0.22781149860303701,22
85,8,"DenseLayer( 64,1 )","weights",0.12961207698590582,0.14716905552182163,0.30663268649081604,0.21346074861548994,22
85,8,"DenseLayer( 64,1 )","biases",0.044921867337755182,0.053238963253063501,0.11433716118335724,0.079577557742595673,22
86,0,"Conv2DLayer(1,8,5, stride=5, padding=0)","all",0.21813940820054786,0.24517926058604841,0.46813524410181417,0.21227006729942899,22
86,0,"Conv2DLayer(1,8,5, stride=5, padding=0)","weights",0.21549923736555032,0.24250224093639874,0.46645680268117085,0.21014786979322,22
86,0,"Conv2DLayer(1,8,5, stride=5, padding=0)","biases",0.032645258355297607,0.036132159669001768,0.062105613856568737,0.029940846559106397,22
86,4,"DenseLayer( 7202,128 )","all",0.75962928756932846,0.84289149843667766,1.6881551950912175,0.58042327672894201,22
86,4,"DenseLayer( 7202,128 )","weights",0.75928418941468678,0.84250402661270896,1.6872337530431507,0.5802550861271849,22
86,4,"DenseLayer( 7202,128 )","biases",0.022738337853249958,0.025554711467740594,0.055769393984429795,0.013971943039366011,22
86,6,"DenseLayer( 128,64 )","all",0.13256092331281233,0.14840882274006736,0.30858375521893011,0.098891456319829624,22
86,6,"DenseLayer( 128,64 )","weights",0.13000649337364606,0.14541019550076653,0.29991374138324967,0.098405563594141821,22
86,6,"DenseLayer( 128,64 )","biases",0.025327107560328747,0.029682548939092081,0.072633888196335927,0.0097910768956269451,22
86,8,"DenseLayer( 64,1 )","all",0.080991372412223095,0.094387152854060158,0.22293542516943946,0.061734495581007569,22
86,8,"DenseLayer( 64,1 )","weights",0.077674472175094822,0.090146909394808544,0.20870829376676733,0.061705569504091569,22
86,8,"DenseLayer( 64,1 )","biases",0.020874144938054749,0.027972653618487733,0.078364863991737366,0.0018896128749474883,22
87,0,"Conv2DLayer(1,8,5, stride=5, padding=0)","all",0.24585810054111487,0.28072356091828393,0.62687261403849892,0.31721315173031395,22
87,0,"Conv2DLayer(1,8,5, stride=5, padding=0)","weights",0.24196532036228818,0.27633213364711545,0.61764372589290428,0.3138557048041189,22
87,0,"Conv2DLayer(1,8,5, stride=5, padding=0)","biases",0.042851465832765077,0.049459777280879219,0.10717043480639511,0.046030209564903772,22
87,4,"DenseLayer( 7202,128 )","all",1.0543405136790576,1.2207631602578879,2.549994882722868,1.2975762955258969,22
87,4,"DenseLayer( 7202,128 )","weights",1.0538024271830455,1.2201189343271932,2.5485359414526205,1.2968696300877667,22
87,4,"DenseLayer( 7202,128 )","biases",0.033540461665594892,0.03965450212901836,0.086246489998252421,0.042818281921736888,22
87,6,"DenseLayer( 128,64 )","all",0.18963304979406229,0.22353608229429939,0.49137541550999553,0.23633395017012448,22
87,6,"DenseLayer( 128,64 )","weights",0.18501580775970858,0.21783542610858911,0.47855195983647791,0.23023194208786887,22
87,6,"DenseLayer( 128,64 )","biases",0.041202799785869791,0.050160813585638828,0.11152497793896556,0.053357181760875234,22
87,8,"DenseLayer( 64,1 )","all",0.12577662098299594,0.15127854692815326,0.33691238420695474,0.15095259903214903,22
87,8,"DenseLayer( 64,1 )","weights",0.11913319851953885,0.14260365599485222,0.31640072482339882,0.14207810676099364,22
87,8,"DenseLayer( 64,1 )","biases",0.038811516672880811,0.050491544416816136,0.1157606840133667,0.050995085388422012,22
88,0,"Conv2DLayer(1,8,5, stride=5, padding=0)","all",0.26012093775196798,0.28430498159760853,0.47104028467662379,0.4263834778387634,22
88,0,"Conv2DLayer(1,8,5, stride=5, padding=0)","weights",0.25602441380581165,0.27998068541787352,0.46406916240296947,0.41901218681592084,22
88,0,"Conv2DLayer(1,8,5, stride=5, padding=0)","biases",0.045462164012890258,0.049397756570053866,0.080738852449370083,0.078940847940841746,22
88,4,"DenseLayer( 7202,128 )","all",1.1608564939382156,1.2736826798850829,2.2476172835092494,2.2476172835092494,22
88,4,"DenseLayer( 7202,128 )","weights",1.1602484973692189,1.2730085687263215,2.246609648307619,2.246609648307619,22
88,4,"DenseLayer( 7202,128 )","biases",0.037476510252939153,0.04143371801574889,0.072187562911087161,0.067294437070341939,22
88,6,"DenseLayer( 128,64 )","all",0.2082589731277,0.23004030882487442,0.41123143728007672,0.38733703985418377,22
88,6,"DenseLayer( 128,64 )","weights",0.20289410620971207,0.22395947097963351,0.40028357556312072,0.37761131038869655,22
88,6,"DenseLayer( 128,64 )","biases",0.046631428763790977,0.052542354750870157,0.094256851962290014,0.086253583748926305,22
88,8,"DenseLayer( 64,1 )","all",0.14202803114053492,0.15965539242748736,0.28424235645595447,0.27235507641536144,22
88,8,"DenseLayer( 64,1 )","weights",0.1341837924184798,0.15054999656503487,0.26718751466534513,0.25786336496179213,22
88,8,"DenseLayer( 64,1 )","biases",0.045972213805229825,0.053146428529516246,0.096977055072784424,0.087657131254673004,22
89,0,"Conv2DLayer(1,8,5, stride=5, padding=0)","all",0.26959930310794533,0.31025295563368321,0.6671677970016463,0.6671677970016463,22
89,0,"Conv2DLayer(1,8,5, stride=5, padding=0)","weights",0.26533961189386829,0.30609315307149382,0.66085429150285346,0.66085429150285346,22
89,0,"Conv2DLayer(1,8,5, stride=5, padding=0)","biases",0.046701678445693659,0.050634752119342791,0.091566777590409654,0.091566777590409654,22
89,4,"DenseLayer( 7202,128 )","all",1.1152867164558506,1.2029866190251488,2.0953159550522082,1.7116270644582889,22
89,4,"DenseLayer( 7202,128 )","weights",1.1147145142337147,1.2023720870584615,2.0941917420432934,1.710873957209379,22
89,4,"DenseLayer( 7202,128 )","biases",0.035609547486295849,0.038446974084286094,0.068628704300913779,0.050769186804794059,22
89,6,"DenseLayer( 128,64 )","all",0.20388389405775473,0.22186946086527778,0.36989678409349641,0.32729219245617852,22
89,6,"DenseLayer( 128,64 )","weights",0.1989929031281738,0.21665507668591866,0.36031277361679848,0.3222604492865041,22
89,6,"DenseLayer( 128,64 )","biases",0.044016888176869079,0.04781877676047086,0.083656058066827702,0.057169765334770389,22
89,8,"DenseLayer( 64,1 )","all",0.13462542586552104,0.14701662687708278,0.24107677604952857,0.20277394381758002,22
89,8,"DenseLayer( 64,1 )","weights",0.12734857672725608,0.13898354169902913,0.22776554182661068,0.19615956036200813,22
89,8,"DenseLayer( 64,1 )","biases",0.042737794256853784,0.047931865341436578,0.083437047898769379,0.051368270069360733,22
90,0,"Conv2DLayer(1,8,5, stride=5, padding=0)","all",0.26745692893318218,0.30302500678284261,0.51848316024817331,0.2417068804762364,22
90,0,"Conv2DLayer(1,8,5, stride=5, padding=0)","weights",0.26326199237261894,0.2986702362439328,0.50989793708663844,0.23715646105987562,22
90,0,"Conv2DLayer(1,8,5, stride=5, padding=0)","biases",0.046227203394730694,0.051188325990748872,0.097461782286120541,0.046680071198631802,22
90,4,"DenseLayer( 7202,128 )","all",1.1804837589779185,1.3385576283796579,2.7391751795457777,1.1455728980078694,22
90,4,"DenseLayer( 7202,128 )","weights",1.1798834637797824,1.3378600442495536,2.7376532396204354,1.1450078294501844,22
90,4,"DenseLayer( 7202,128 )","biases",0.03747339408607011,0.043209101980447633,0.091298432819936048,0.035976869623771585,22
90,6,"DenseLayer( 128,64 )","all",0.20870397981561076,0.23864327203944102,0.49584971139381806,0.18336351092999781,22
90,6,"DenseLayer( 128,64 )","weights",0.20352448091467648,0.23243326503764455,0.48188730223055104,0.17857892851544499,22
90,6,"DenseLayer( 128,64 )","biases",0.045819780506045744,0.054086861562034995,0.11683990858561222,0.041614221497596422,22
90,8,"DenseLayer( 64,1 )","all",0.1379215676308316,0.16144617716231799,0.34203325978437499,0.12824276938383469,22
90,8,"DenseLayer( 64,1 )","weights",0.13066764661985275,0.15236628488378259,0.32039513937142489,0.12274709706327808,22
90,8,"DenseLayer( 64,1 )","biases",0.043110703679055652,0.053379615501055952,0.11972345411777496,0.037139710038900375,22
91,0,"Conv2DLayer(1,8,5, stride=5, padding=0)","all",0.28397948877071905,0.30667452503127285,0.49930357683379339,0.2914790727985529,22
91,0,"Conv2DLayer(1,8,5, stride=5, padding=0)","weights",0.27991223662771397,0.30236976290492867,0.49241854324967776,0.28517596874003004,22
91,0,"Conv2DLayer(1,8,5, stride=5, padding=0)","biases",0.047085445678984324,0.051203425510154998,0.085587415846722054,0.06028861196519214,22
91,4,"DenseLayer( 7202,128 )","all",1.137646495347475,1.2417365271863876,2.0744632320257308,1.6186042827080978,22
91,4,"DenseLayer( 7202,128 )","weights",1.1370842292910028,1.2410978309510441,2.0732757882182589,1.6178173763636443,22
91,4,"DenseLayer( 7202,128 )","biases",0.035605085728195027,0.039821815095792697,0.070179819140532576,0.050465441015115256,22
91,6,"DenseLayer( 128,64 )","all",0.20403853964363264,0.22537647892568258,0.40203788717254008,0.27143797193432445,22
91,6,"DenseLayer( 128,64 )","weights",0.19932678757390146,0.21985626629271079,0.39131689172931045,0.26445530575271581,22
91,6,"DenseLayer( 128,64 )","biases",0.043044024216540994,0.04957599645763347,0.092225554861281228,0.061171593628551992,22
91,8,"DenseLayer( 64,1 )","all",0.13248123993237215,0.14987112376900033,0.28990974834992145,0.16200452377259475,22
91,8,"DenseLayer( 64,1 )","weights",0.12586661047739917,0.14158434091805125,0.27266246173600972,0.15223193513888467,22
91,8,"DenseLayer( 64,1 )","biases",0.039529867311516267,0.04914497071505948,0.09850301593542099,0.055415734648704529,22
92,0,"Conv2DLayer(1,8,5, stride=5, padding=0)","all",0.26932453837682974,0.29417933069857422,0.52769371886567829,0.52769371886567829,22
92,0,"Conv2DLayer(1,8,5, stride=5, padding=0)","weights",0.26588645628455865,0.29051959363818269,0.52021410955324698,0.52021410955324698,22
92,0,"Conv2DLayer(1,8,5, stride=5, padding=0)","biases",0.042347702437274468,0.046258451363683915,0.088532147562407099,0.088532147562407099,22
92,4,"DenseLayer( 7202,128 )","all",0.9413472275058834,1.0290052263540512,2.4441527155198126,2.4441527155198126,22
92,4,"DenseLayer( 7202,128 )","weights",0.94089400594755579,1.028490127507965,2.4427356696633256,2.4427356696633256,22
92,4,"DenseLayer( 7202,128 )","biases",0.029063184349438512,0.032554776648012422,0.083216254045341498,0.083216254045341498,22
92,6,"DenseLayer( 128,64 )","all",0.16945853816507819,0.18692013266482191,0.4425005404401634,0.4425005404401634,22
92,6,"DenseLayer( 128,64 )","weights",0.16591237075755169,0.1827540300690724,0.42976510173256255,0.42976510173256255,22
92,6,"DenseLayer( 128,64 )","biases",0.033842540576110962,0.039244114067554216,0.10539774960897799,0.10539774960897799,22
92,8,"DenseLayer( 64,1 )","all",0.11033832836118962,0.12348503943353041,0.30566629164289921,0.30566629164289921,22
92,8,"DenseLayer( 64,1 )","weights",0.10548237351408095,0.11739040981357916,0.28545781352029598,0.28545781352029598,22
92,8,"DenseLayer( 64,1 )","biases",0.030491450949656693,0.038315096864036439,0.10929647088050842,0.10929647088050842,22
93,0,"Conv2DLayer(1,8,5, stride=5, padding=0)","all",0.22980848390582703,0.27681869992673536,0.74656168114718202,0.74656168114718202,22
93,0,"Conv2DLayer(1,8,5, stride=5, padding=0)","weights",0.22671480341363856,0.27315673366744525,0.73677317722619962,0.73677317722619962,22
93,0,"Conv2DLayer(1,8,5, stride=5, padding=0)","biases",0.037000901834064188,0.044877516433737039,0.12049742352979134,0.12049742352979134,22
93,4,"DenseLayer( 7202,128 )","all",0.89419631367569974,1.0750682065973405,2.8874827363674069,2.8874827363674069,22
93,4,"DenseLayer( 7202,128 )","weights",0.89375199492913449,1.0745046148392714,2.8858682105595688,2.8858682105595688,22
93,4,"DenseLayer( 7202,128 )","biases",0.028008214834796891,0.034806343179525551,0.096546486738370366,0.096546486738370366,22
93,6,"DenseLayer( 128,64 )","all",0.16281877817906676,0.20335884408183874,0.57716232846402504,0.57716232846402504,22
93,6,"DenseLayer( 128,64 )","weights",0.15917712449636076,0.19851788947531809,0.56297611990441043,0.56297611990441043,22
93,6,"DenseLayer( 128,64 )","biases",0.033790403305531423,0.04410744862908058,0.12717799265356428,0.12717799265356428,22
93,8,"DenseLayer( 64,1 )","all",0.10551157841332626,0.13635049419682768,0.39383561946512435,0.39383561946512435,22
93,8,"DenseLayer( 64,1 )","weights",0.10027166668410574,0.12868959637084124,0.37046427765086354,0.37046427765086354,22
93,8,"DenseLayer( 64,1 )","biases",0.031286105323074895,0.045060459980221082,0.13365146517753601,0.13365146517753601,22
94,0,"Conv2DLayer(1,8,5, stride=5, padding=0)","all",0.27972025824650887,0.31299610619824952,0.54032084892707821,0.10356005038179367,22
94,0,"Conv2DLayer(1,8,5, stride=5, padding=0)","weights",0.27534577183364112,0.30818971357111308,0.53253070597554453,0.10106829740359038,22
94,0,"Conv2DLayer(1,8,5, stride=5, padding=0)","biases",0.048569316076827435,0.054641220193377749,0.091420276626504288,0.022580595541726683,22
94,4,"DenseLayer( 7202,128 )","all",1.2500915684524263,1.3957216814050741,2.4403319222072151,0.41600370020038607,22
94,4,"DenseLayer( 7202,128 )","weights",1.2494337875867785,1.3949676615988666,2.4390082568861637,0.41584021957177647,22
94,4,"DenseLayer( 7202,128 )","biases",0.040459239549035492,0.04587194172473015,0.08036549872102032,0.011661490767025459,22
94,6,"DenseLayer( 128,64 )","all",0.22490369521638809,0.25660893974914362,0.45214859580818928,0.061369767171881556,22
94,6,"DenseLayer( 128,64 )","weights",0.21915632105599392,0.24985133226812239,0.43967347835365761,0.060422937522088438,22
94,6,"DenseLayer( 128,64 )","biases",0.050269675860005102,0.058501792477016652,0.10547788926458999,0.010738572713948,22
94,8,"DenseLayer( 64,1 )","all",0.14942083855003763,0.17471377465271543,0.32433637953991373,0.041799103160882568,22
94,8,"DenseLayer( 64,1 )","weights",0.14107814496086521,0.16434939545466623,0.30504630799220311,0.041049969191317266,22
94,8,"DenseLayer( 64,1 )","biases",0.048368179726160386,0.059280513384126127,0.11018546670675278,0.0078781377524137497,22
95,0,"Conv2DLayer(1,8,5, stride=5, padding=0)","all",0.25621528143523287,0.29000809942342659,0.49617929062081134,0.14558886002752375,22
95,0,"Conv2DLayer(1,8,5, stride=5, padding=0)","weights",0.25261135380113592,0.28598638658412345,0.48859554022838436,0.14392035508730666,22
95,0,"Conv2DLayer(1,8,5, stride=5, padding=0)","biases",0.042229393582125976,0.048129870348302177,0.086419248491900025,0.021978342877875562,22
95,4,"DenseLayer( 7202,128 )","all",0.99167477071156618,1.1032011351735695,2.0764753527947066,0.60563086470528793,22
95,4,"DenseLayer( 7202,128 )","weights",0.99114243014983439,1.1025954570337695,2.075309095772544,0.60526416763104141,22
95,4,"DenseLayer( 7202,128 )","biases",0.032396006557240127,0.036551371749159997,0.069584824262522271,0.021072058883206846,22
95,6,"DenseLayer( 128,64 )","all",0.18491288418861049,0.20942589102326414,0.37194428613646197,0.099734004397399753,22
95,6,"DenseLayer( 128,64 )","weights",0.18050095484494066,0.2043457565856015,0.36146729913234116,0.09651254207321884,22
95,6,"DenseLayer( 128,64 )","biases",0.039896245788937267,0.045847743634187761,0.087658106570544264,0.025143604668100374,22
95,8,"DenseLayer( 64,1 )","all",0.1220215338598462,0.14102896796724934,0.25910158045782528,0.06983609126040799,22
95,8,"DenseLayer( 64,1 )","weights",0.11535466519171407,0.13300127030358616,0.24285168922164668,0.065505450158049705,22
95,8,"DenseLayer( 64,1 )","biases",0.039227540319023486,0.04690236564971801,0.090314373373985291,0.024209825322031975,22
96,0,"Conv2DLayer(1,8,5, stride=5, padding=0)","all",0.3085840091726787,0.31950198865535862,0.55127742692933557,0.2026397362822166,22
96,0,"Conv2DLayer(1,8,5, stride=5, padding=0)","weights",0.30353962035012028,0.31435210311441825,0.5431037900374257,0.19682779583928112,22
96,0,"Conv2DLayer(1,8,5, stride=5, padding=0)","biases",0.055037373268391518,0.057133843055330084,0.094578404981331354,0.048183830333178794,22
96,4,"DenseLayer( 7202,128 )","all",1.3344329262907362,1.3818783620094921,1.8890748027156778,1.2740408303343362,22
96,4,"DenseLayer( 7202,128 )","weights",1.3336806119449165,1.3810941699308723,1.8879565922084869,1.2732605559720607,22
96,4,"DenseLayer( 7202,128 )","biases",0.044735910082798508,0.046547837468476787,0.064988585088412723,0.044582440093872723,22
96,6,"DenseLayer( 128,64 )","all",0.24861146277177903,0.25636788407072997,0.34071091119640834,0.21837657158478796,22
96,6,"DenseLayer( 128,64 )","weights",0.24197971155137918,0.24941684492199476,0.33019367236042724,0.21128229296655035,22
96,6,"DenseLayer( 128,64 )","biases",0.056690087460160611,0.059293586938731019,0.084000379412367432,0.055209778988172149,22
96,8,"DenseLayer( 64,1 )","all",0.16934624517000105,0.17570515998343858,0.23994623487813921,0.14822591811149943,22
96,8,"DenseLayer( 64,1 )","weights",0.15925192579793773,0.16504814988604122,0.22420668907048535,0.13817482620445135,22
96,8,"DenseLayer( 64,1 )","biases",0.057336063632233578,0.060261193682175022,0.085472546517848969,0.053652960807085037,22
97,0,"Conv2DLayer(1,8,5, stride=5, padding=0)","all",0.2054005770958392,0.2213573206147294,0.35991692613590498,0.18084271655241657,22
97,0,"Conv2DLayer(1,8,5, stride=5, padding=0)","weights",0.2018138129213056,0.21792933414041937,0.35743842386318098,0.17631846947521895,22
97,0,"Conv2DLayer(1,8,5, stride=5, padding=0)","biases",0.036719502989494335,0.038805524231036233,0.063755659416152202,0.040198077714910269,22
97,4,"DenseLayer( 7202,128 )","all",0.91790338227029622,0.98372058248385885,1.8312430932390349,1.1742600246719219,22
97,4,"DenseLayer( 7202,128 )","weights",0.9174309761950532,0.98321430211950611,1.8302011859799854,1.1738578509762281,22
97,4,"DenseLayer( 7202,128 )","biases",0.029314348585551191,0.031556623869407878,0.061764758342632071,0.030730298468684695,22
97,6,"DenseLayer( 128,64 )","all",0.16154948861188659,0.17318621130412126,0.33877528458912048,0.17645505211824505,22
97,6,"DenseLayer( 128,64 )","weights",0.15755311667194719,0.16879951952743316,0.32882338518935628,0.17461197004602294,22
97,6,"DenseLayer( 128,64 )","biases",0.03541138021901033,0.038732234549318852,0.081509967495097146,0.025437085813814455,22
97,8,"DenseLayer( 64,1 )","all",0.10414840761113499,0.11450809275644885,0.24760810804138769,0.077976451984314341,22
97,8,"DenseLayer( 64,1 )","weights",0.098434719688532901,0.10802090883171339,0.23226190951155945,0.077932385458770889,22
97,8,"DenseLayer( 64,1 )","biases",0.033015738611786881,0.037994559635428853,0.085814803838729858,0.0026211373042315245,22
98,0,"Conv2DLayer(1,8,5, stride=5, padding=0)","all",0.26731604092266842,0.29813594299816704,0.5307849699467273,0.17580609427096833,22
98,0,"Conv2DLayer(1,8,5, stride=5, padding=0)","weights",0.26358648282374092,0.29409463816822073,0.52242272038334758,0.17425744309539754,22
98,0,"Conv2DLayer(1,8,5, stride=5, padding=0)","biases",0.043845103776808045,0.048922227137668674,0.093846606484256301,0.023283606006520706,22
98,4,"DenseLayer( 7202,128 )","all",0.99538782596343123,1.0814823746468978,1.8499243134446584,0.72246865405413918,22
98,4,"DenseLayer( 7202,128 )","weights",0.99487209471281535,1.0809005555562994,1.8488373010986809,0.72224291772283533,22
98,4,"DenseLayer( 7202,128 )","biases",0.031897810178179227,0.035469926275315762,0.063408197733697325,0.018058900575761594,22
98,6,"DenseLayer( 128,64 )","all",0.18660967635326212,0.20670391146046588,0.36264043576947186,0.1084444587841497,22
98,6,"DenseLayer( 128,64 )","weights",0.18238177051533627,0.20181333523086989,0.35242378839019556,0.10722210454105909,22
98,6,"DenseLayer( 128,64 )","biases",0.03910759516256096,0.044697703923676613,0.085472563035017782,0.016236407816180919,22
98,8,"DenseLayer( 64,1 )","all",0.12294500586745756,0.14078129206000062,0.26369688709796613,0.043262492049740392,22
98,8,"DenseLayer( 64,1 )","weights",0.11672426445142069,0.13307789650881796,0.24738681847045019,0.043195229024231625,22
98,8,"DenseLayer( 64,1 )","biases",0.037168530763169241,0.045930879099702879,0.091300658881664276,0.0024115156847983599,22
99,0,"Conv2DLayer(1,8,5, stride=5, padding=0)","all",0.25075727578447227,0.27573035805887236,0.46491675149028666,0.29171153397900379,22
99,0,"Conv2DLayer(1,8,5, stride=5, padding=0)","weights",0.2466951272382725,0.27129196434200559,0.45889621641150941,0.28765201286218356,22
99,0,"Conv2DLayer(1,8,5, stride=5, padding=0)","biases",0.044459900797740086,0.049273729701839554,0.0878834981018769,0.048496789096987319,22
99,4,"DenseLayer( 7202,128 )","all",1.0719455485826859,1.1774077728721211,2.015229963478804,1.3560981987650091,22
99,4,"DenseLayer( 7202,128 )","weights",1.071382927749291,1.1767710672157379,2.0140568800852825,1.3555571578683223,22
99,4,"DenseLayer( 7202,128 )","biases",0.034609541194468789,0.038715875085314766,0.068750923513227452,0.038302956095557845,22
99,6,"DenseLayer( 128,64 )","all",0.19438292490349768,0.21711746692044243,0.37338224774692202,0.23086340033856753,22
99,6,"DenseLayer( 128,64 )","weights",0.18958485130361474,0.21154226697197204,0.36309588800056675,0.22642548829235126,22
99,6,"DenseLayer( 128,64 )","biases",0.042616419644453375,0.048886232482247174,0.087038376878384727,0.045048949682051503,22
99,8,"DenseLayer( 64,1 )","all",0.12880393359871248,0.14713566149215457,0.25797760508530709,0.12920219889532239,22
99,8,"DenseLayer( 64,1 )","weights",0.12159129503200881,0.13845167279167403,0.24139638335980174,0.12292700394248521,22
99,8,"DenseLayer( 64,1 )","biases",0.041958195750008927,0.049799971726107665,0.090995773673057556,0.039776373654603958,22
100,0,"Conv2DLayer(1,8,5, stride=5, padding=0)","all",0.23540970325320951,0.25954849362294657,0.43071362296669802,0.43071362296669802,22
100,0,"Conv2DLayer(1,8,5, stride=5, padding=0)","weights",0.23210545892203252,0.25604735870952083,0.42610637569666132,0.42610637569666132,22
100,0,"Conv2DLayer(1,8,5, stride=5, padding=0)","biases",0.038669015329570761,0.04248729974732119,0.071879575768086706,0.062829782744766693,22
100,4,"DenseLayer( 7202,128 )","all",0.95049261445060607,1.0277943584285656,2.026690113269829,1.3529351097272135,22
100,4,"DenseLayer( 7202,128 )","weights",0.95001609756565775,1.0272692613079877,2.0255692636311013,1.3524833350864869,22
100,4,"DenseLayer( 7202,128 )","biases",0.029946244887390255,0.032849779136668096,0.067394164870790182,0.034960541270418491,22
100,6,"DenseLayer( 128,64 )","all",0.16903516238123978,0.18427921809618455,0.36034603661577452,0.20787173867719611,22
100,6,"DenseLayer( 128,64 )","weights",0.16503089005124799,0.17981377750399127,0.35006293391723142,0.20571284653775151,22
100,6,"DenseLayer( 128,64 )","biases",0.036197789166004593,0.040321652271283114,0.08547051188542841,0.029881173170007921,22
100,8,"DenseLayer( 64,1 )","all",0.10972144684540514,0.12061543436717653,0.23774746917424305,0.11843913857699385,22
100,8,"DenseLayer( 64,1 )","weights",0.10384537328947209,0.11386517631507689,0.22230355254677556,0.11599974634519591,22
100,8,"DenseLayer( 64,1 )","biases",0.034728891089219942,0.039784477253309761,0.08429110050201416,0.023914188146591187,22
