epoch,layer_index,layer_name,parameter_scope,mean_norm,rms_norm,maximum_norm,last_norm,optimizer_steps
1,0,"Conv2DLayer(1,8,5, stride=5, padding=0)","all",7.1746548951578273,9.3177080754467791,16.373902429490578,1.8822181508554927,6
1,0,"Conv2DLayer(1,8,5, stride=5, padding=0)","weights",7.0235227974839347,9.1571490193314435,16.124731635511534,1.8028304497357504,6
1,0,"Conv2DLayer(1,8,5, stride=5, padding=0)","biases",1.4080939365861158,1.7222966112151796,2.8456476333536025,0.54087663742803938,6
1,4,"DenseLayer( 7202,128 )","all",19.780843494466556,23.182989536375835,43.864513141278842,6.4039539159503258,6
1,4,"DenseLayer( 7202,128 )","weights",19.770822571541185,23.170731169037452,43.838843415474933,6.3996881541402502,6
1,4,"DenseLayer( 7202,128 )","biases",0.62399418487884462,0.75380430876179483,1.5004403070081049,0.23370341754555735,6
1,6,"DenseLayer( 128,64 )","all",11.223394663210302,13.72502912313786,26.946138485289435,6.1201633234251371,6
1,6,"DenseLayer( 128,64 )","weights",11.178490347291016,13.668739539706229,26.824718370205218,6.1016318859978229,6
1,6,"DenseLayer( 128,64 )","biases",0.98929292020314963,1.2417664138854643,2.5551641097141036,0.47590695852536652,6
1,8,"DenseLayer( 64,1 )","all",7.9388867304737687,9.9626336982701886,20.151435354565709,4.0995629228528268,6
1,8,"DenseLayer( 64,1 )","weights",7.850287895083893,9.8424666655404049,19.895615702939022,4.0501280177384995,6
1,8,"DenseLayer( 64,1 )","biases",1.167960736900568,1.5426989802403781,3.2007534503936768,0.63472765684127808,6
2,0,"Conv2DLayer(1,8,5, stride=5, padding=0)","all",1.9341620191524751,2.2221311658878951,3.6622575408447791,1.2923615978296903,6
2,0,"Conv2DLayer(1,8,5, stride=5, padding=0)","weights",1.8610770335096689,2.167202451279874,3.6099257704548053,1.139723807697588,6
2,0,"Conv2DLayer(1,8,5, stride=5, padding=0)","biases",0.4589924405263896,0.49101980976005538,0.61690050030837928,0.60928494295544655,6
2,4,"DenseLayer( 7202,128 )","all",5.1435612011975529,5.7562327651428573,9.2878751270596442,4.3969767876111563,6
2,4,"DenseLayer( 7202,128 )","weights",5.139823617722648,5.7521084561711726,9.2813895234578574,4.3933314058922139,6
2,4,"DenseLayer( 7202,128 )","biases",0.19589196378145426,0.21786223846335726,0.3470344214914568,0.17900846011422739,6
2,6,"DenseLayer( 128,64 )","all",6.2120041472741452,6.8005706735722766,10.255233647485005,6.615675927728879,6
2,6,"DenseLayer( 128,64 )","weights",6.1971894651831416,6.7843454977274966,10.230743692310174,6.5994573912432246,6
2,6,"DenseLayer( 128,64 )","biases",0.42866113956141055,0.46948658523532166,0.7083083133524275,0.4629580131032805,6
2,8,"DenseLayer( 64,1 )","all",4.2352216578394053,4.63540002194694,6.9526756826866203,4.4724737504632683,6
2,8,"DenseLayer( 64,1 )","weights",4.1956804327670056,4.5922742513379795,6.888783924144315,4.4271518687930449,6
2,8,"DenseLayer( 64,1 )","biases",0.57696632544199622,0.6308332299141296,0.94040161371231079,0.63509666919708252,6
3,0,"Conv2DLayer(1,8,5, stride=5, padding=0)","all",1.4221478745615437,1.4418333586142047,1.8255911980365827,1.2721790244789748,6
3,0,"Conv2DLayer(1,8,5, stride=5, padding=0)","weights",1.376382936098226,1.3978149831508357,1.8062112632985114,1.2384045066179488,6
3,0,"Conv2DLayer(1,8,5, stride=5, padding=0)","biases",0.34309729274518153,0.35354873340424658,0.52035536208452315,0.29119366118209161,6
3,4,"DenseLayer( 7202,128 )","all",2.6426605621419137,2.7359296103442543,3.9765659147847141,2.1972152090134878,6
3,4,"DenseLayer( 7202,128 )","weights",2.6403528349074841,2.7335420720224923,3.9732248093811902,2.1950524135756813,6
3,4,"DenseLayer( 7202,128 )","biases",0.11024319444946076,0.11427411448549096,0.16297573054107289,0.097465770277373423,6
3,6,"DenseLayer( 128,64 )","all",3.9277356860795862,4.1553425283198901,6.3086176624283832,3.568720528859207,6
3,6,"DenseLayer( 128,64 )","weights",3.9183722251681345,4.1453621733142363,6.2937680755707834,3.5597015589562195,6
3,6,"DenseLayer( 128,64 )","biases",0.26943951865706389,0.28782630129889686,0.43259706613590432,0.25355674762427388,6
3,8,"DenseLayer( 64,1 )","all",2.5616073035014026,2.7374891045476852,4.171683523925469,2.3887053055277661,6
3,8,"DenseLayer( 64,1 )","weights",2.5360165972528939,2.7095873097764724,4.1311056828069725,2.3621539446639273,6
3,8,"DenseLayer( 64,1 )","biases",0.35392141528427601,0.38985023818844561,0.58043885231018066,0.35516443848609924,6
4,0,"Conv2DLayer(1,8,5, stride=5, padding=0)","all",1.4997186117182271,1.5601834746181278,1.9631025670056876,0.89567200729438268,6
4,0,"Conv2DLayer(1,8,5, stride=5, padding=0)","weights",1.4700986980959836,1.5315607727977596,1.9408062923751599,0.88008162326121586,6
4,0,"Conv2DLayer(1,8,5, stride=5, padding=0)","biases",0.29024881042247092,0.29747953492404189,0.37032144280551427,0.16638714207730151,6
4,4,"DenseLayer( 7202,128 )","all",1.630959227818648,1.6839264141924837,2.2229294601544618,0.90282682859568564,6
4,4,"DenseLayer( 7202,128 )","weights",1.6293761070453334,1.6822831606585971,2.2206433966468215,0.90185527500223284,6
4,4,"DenseLayer( 7202,128 )","biases",0.071727795375009437,0.074374295154151143,0.10078834134697233,0.041872967207861059,6
4,6,"DenseLayer( 128,64 )","all",2.4203845193694771,2.5092166430109462,3.343048208760564,1.5514913770364325,6
4,6,"DenseLayer( 128,64 )","weights",2.4143883026646917,2.5027967422941635,3.3332552504722814,1.5475994426578525,6
4,6,"DenseLayer( 128,64 )","biases",0.16887680974268848,0.17937845000123587,0.25569661964168633,0.10982466983109847,6
4,8,"DenseLayer( 64,1 )","all",1.5481522954481852,1.622167684091028,2.2217078385076747,0.98745403317126634,6
4,8,"DenseLayer( 64,1 )","weights",1.5308727822567922,1.6030636710734383,2.1910208481865512,0.97628611797797538,6
4,8,"DenseLayer( 64,1 )","biases",0.22601626006265482,0.24822341105101323,0.36798554658889771,0.14809079468250275,6
5,0,"Conv2DLayer(1,8,5, stride=5, padding=0)","all",0.99535876316295779,1.1922452976937701,1.8405189485861426,0.26134081746448223,6
5,0,"Conv2DLayer(1,8,5, stride=5, padding=0)","weights",0.98145096556662703,1.1771750444778677,1.8184166426167545,0.25835316003470227,6
5,0,"Conv2DLayer(1,8,5, stride=5, padding=0)","biases",0.16323358914373001,0.18896498228887909,0.28437811793288581,0.039403903018448851,6
5,4,"DenseLayer( 7202,128 )","all",1.0275774410734846,1.1701769677290572,1.746598467400412,0.16747417269001277,6
5,4,"DenseLayer( 7202,128 )","weights",1.0264446759592407,1.1688795800218785,1.744643310806183,0.16731707533477161,6
5,4,"DenseLayer( 7202,128 )","biases",0.048214539861523235,0.0550877773326168,0.082619152650633576,0.0072522285969611787,6
5,6,"DenseLayer( 128,64 )","all",1.5367802413760168,1.7597296011901771,2.6131719816523988,0.19573844048389871,6
5,6,"DenseLayer( 128,64 )","weights",1.5321389320471199,1.7542822285292679,2.6048478644742357,0.19537919616647437,6
5,6,"DenseLayer( 128,64 )","biases",0.11921712213109723,0.13835509376717875,0.20841163268190477,0.011853555939509658,6
5,8,"DenseLayer( 64,1 )","all",1.0005320689850992,1.1555222115848653,1.7228956194152436,0.10267174895628831,6
5,8,"DenseLayer( 64,1 )","weights",0.98643784972513338,1.1387559608130828,1.6970999311751449,0.10211474775182584,6
5,8,"DenseLayer( 64,1 )","biases",0.1670039469997088,0.19612863936368655,0.29702043533325195,0.0106801837682724,6
6,0,"Conv2DLayer(1,8,5, stride=5, padding=0)","all",0.69483225583847119,0.75274550208312008,0.99737108633043092,0.13064994336435803,6
6,0,"Conv2DLayer(1,8,5, stride=5, padding=0)","weights",0.68046437668365156,0.73757449714406575,0.9754035137729945,0.12404303142019413,6
6,0,"Conv2DLayer(1,8,5, stride=5, padding=0)","biases",0.13867487059569875,0.15036506266100214,0.20817557293601852,0.041021141588194407,6
6,4,"DenseLayer( 7202,128 )","all",0.78416948421604071,0.85684882337294344,1.1981356766728337,0.35192846106164383,6
6,4,"DenseLayer( 7202,128 )","weights",0.78324975166263133,0.85583834049231122,1.1967219118380346,0.35148047577109964,6
6,4,"DenseLayer( 7202,128 )","biases",0.037956040556490635,0.041600974254991395,0.058187330605454377,0.017751531115325431,6
6,6,"DenseLayer( 128,64 )","all",1.2206519257336301,1.3418366333742129,1.8958730012130276,0.65613125149913376,6
6,6,"DenseLayer( 128,64 )","weights",1.2169936536013091,1.3377254749851588,1.8900573124330717,0.65417814446780598,6
6,6,"DenseLayer( 128,64 )","biases",0.094256404381802369,0.10495763069340416,0.14838393594579508,0.050588284162223156,6
6,8,"DenseLayer( 64,1 )","all",0.7859142329647113,0.87142064416616971,1.2382402151585707,0.43225065725300693,6
6,8,"DenseLayer( 64,1 )","weights",0.77461573370178083,0.85851477243280705,1.2198338131671662,0.42614252346955017,6
6,8,"DenseLayer( 64,1 )","biases",0.13216290840258202,0.14941996049265904,0.21270707249641418,0.07240980863571167,6
7,0,"Conv2DLayer(1,8,5, stride=5, padding=0)","all",0.62736240994140779,0.65376229660699281,0.8931467151748711,0.66874596658778651,6
7,0,"Conv2DLayer(1,8,5, stride=5, padding=0)","weights",0.61659613400711732,0.64384440819629674,0.88290289835546509,0.65922269420500157,6
7,0,"Conv2DLayer(1,8,5, stride=5, padding=0)","biases",0.11227581369081492,0.11344390022918857,0.13488338260579594,0.11245713526731807,6
7,4,"DenseLayer( 7202,128 )","all",0.61203121915197023,0.63801642123664004,0.87591670924550258,0.51255861298694017,6
7,4,"DenseLayer( 7202,128 )","weights",0.61128871095561932,0.63723151122467281,0.87478801930273931,0.5119462336464764,6
7,4,"DenseLayer( 7202,128 )","biases",0.030119717109737036,0.031637870818522415,0.044452253259655565,0.025047666603564361,6
7,6,"DenseLayer( 128,64 )","all",1.0301006407827817,1.0848581760227975,1.4937198986926261,0.99704459495780429,6
7,6,"DenseLayer( 128,64 )","weights",1.0272087412097928,1.0817173908043947,1.4891523587426045,0.99478112090096638,6
7,6,"DenseLayer( 128,64 )","biases",0.076620071299674755,0.082490899588039207,0.11869369733006045,0.067144961341779552,6
7,8,"DenseLayer( 64,1 )","all",0.65368291243846788,0.69524790823181659,0.98252100693095068,0.63190459436949209,6
7,8,"DenseLayer( 64,1 )","weights",0.64507116814957233,0.68567821876238277,0.96817989923815406,0.62555805071251414,6
7,8,"DenseLayer( 64,1 )","biases",0.10432023803393047,0.11495666233656204,0.17002621293067932,0.089333876967430115,6
8,0,"Conv2DLayer(1,8,5, stride=5, padding=0)","all",0.49990701700533069,0.5330578661371469,0.67590447128279241,0.63888074083126634,6
8,0,"Conv2DLayer(1,8,5, stride=5, padding=0)","weights",0.49092459540137939,0.52516219218416593,0.66816704782110914,0.63091948997864822,6
8,0,"Conv2DLayer(1,8,5, stride=5, padding=0)","biases",0.090394970192737178,0.091407661336507393,0.10600948191916858,0.10054450840394033,6
8,4,"DenseLayer( 7202,128 )","all",0.40035965076530955,0.40323812002168463,0.48428794467396008,0.39300303043945684,6
8,4,"DenseLayer( 7202,128 )","weights",0.39987231845002541,0.40274311629726284,0.48362826988100488,0.39252915729235621,6
8,4,"DenseLayer( 7202,128 )","biases",0.019728950929810012,0.019974076043511556,0.02526875399449904,0.019293589866826714,6
8,6,"DenseLayer( 128,64 )","all",0.6947009452413101,0.70885525810101457,0.89221309098337165,0.74308070316167951,6
8,6,"DenseLayer( 128,64 )","weights",0.69301928421116687,0.70709893712096861,0.88938289374203738,0.74156463673365747,6
8,6,"DenseLayer( 128,64 )","biases",0.047786633429512199,0.049868527748996881,0.071008929305700477,0.047442817763437624,6
8,8,"DenseLayer( 64,1 )","all",0.43012648832764577,0.44316347496947978,0.5874207864836033,0.4576285163375125,6
8,8,"DenseLayer( 64,1 )","weights",0.42555019908443059,0.43818963459379989,0.57852867918557471,0.45388332385286834,6
8,8,"DenseLayer( 64,1 )","biases",0.060586698974172272,0.066209589045521558,0.1018221378326416,0.058427624404430389,6
9,0,"Conv2DLayer(1,8,5, stride=5, padding=0)","all",0.48228967526289601,0.54379385551994297,0.76922625405701317,0.76922625405701317,6
9,0,"Conv2DLayer(1,8,5, stride=5, padding=0)","weights",0.47524110470188197,0.53689006056188038,0.7601215371265988,0.7601215371265988,6
9,0,"Conv2DLayer(1,8,5, stride=5, padding=0)","biases",0.079990570252385915,0.086376039334441934,0.1180011810401964,0.1180011810401964,6
9,4,"DenseLayer( 7202,128 )","all",0.32919730385486445,0.34257676127102299,0.43862171549452816,0.43417744951938275,6
9,4,"DenseLayer( 7202,128 )","weights",0.32880558112861741,0.34217230595666603,0.43811713680148501,0.43368468772863866,6
9,4,"DenseLayer( 7202,128 )","biases",0.016047040453159047,0.016641826800000224,0.021032920487456572,0.020679683287452687,6
9,6,"DenseLayer( 128,64 )","all",0.58914084994288374,0.60692406702666535,0.74407477630723129,0.72904949486619641,6
9,6,"DenseLayer( 128,64 )","weights",0.58791991871094562,0.60569368119360401,0.74273766551670406,0.72782329364757659,6
9,6,"DenseLayer( 128,64 )","biases",0.03766692846257922,0.038626256592232372,0.044587363226063589,0.042266052437500992,6
9,8,"DenseLayer( 64,1 )","all",0.35512987506446037,0.3640322456280991,0.42658833723798883,0.41976416918848691,6
9,8,"DenseLayer( 64,1 )","weights",0.35221426271702821,0.36111569312951491,0.42411161841164108,0.41766202494516186,6
9,8,"DenseLayer( 64,1 )","biases",0.044441912323236465,0.045988390193903411,0.063570462167263031,0.041957009583711624,6
10,0,"Conv2DLayer(1,8,5, stride=5, padding=0)","all",0.28695704798939342,0.31597109622087549,0.4369649458630025,0.31357655268572288,6
10,0,"Conv2DLayer(1,8,5, stride=5, padding=0)","weights",0.28327906414298093,0.31217215644941237,0.43195076262988458,0.30973372038147917,6
10,0,"Conv2DLayer(1,8,5, stride=5, padding=0)","biases",0.04546615859265251,0.048849548459994611,0.066006837346730934,0.048941565697365907,6
10,4,"DenseLayer( 7202,128 )","all",0.17448875927943566,0.18039994572920467,0.21176122291686503,0.19374234145644648,6
10,4,"DenseLayer( 7202,128 )","weights",0.17428991794234314,0.18019707685168054,0.21153688119640604,0.19352092327364151,6
10,4,"DenseLayer( 7202,128 )","biases",0.008320756616344108,0.0085530060919852026,0.0097839685328199883,0.0092599745325599187,6
10,6,"DenseLayer( 128,64 )","all",0.28480051551787527,0.29568242118438109,0.36311692733127365,0.31134796082993921,6
10,6,"DenseLayer( 128,64 )","weights",0.28425993403854072,0.29514551083242524,0.36249989884991851,0.31083124149059915,6
10,6,"DenseLayer( 128,64 )","biases",0.017319362869461251,0.017810716799850398,0.021623273529560935,0.017930198726567235,6
10,8,"DenseLayer( 64,1 )","all",0.16720076349080973,0.17375235470805819,0.21722050716426727,0.17327945227493544,6
10,8,"DenseLayer( 64,1 )","weights",0.16611064034541281,0.17265825532821161,0.21593853892122097,0.17249856328217064,6
10,8,"DenseLayer( 64,1 )","biases",0.017914085959394772,0.019468118389124364,0.031965654343366623,0.016432110220193863,6
11,0,"Conv2DLayer(1,8,5, stride=5, padding=0)","all",0.16056198706828725,0.20090842723002847,0.37071135887274165,0.37071135887274165,6
11,0,"Conv2DLayer(1,8,5, stride=5, padding=0)","weights",0.1585596848035101,0.19852196391740534,0.36642970228715416,0.36642970228715416,6
11,0,"Conv2DLayer(1,8,5, stride=5, padding=0)","biases",0.025228007197538635,0.030874357878667675,0.056179933063525471,0.056179933063525471,6
11,4,"DenseLayer( 7202,128 )","all",0.10342217739615404,0.11701676398325571,0.19265119981674095,0.19265119981674095,6
11,4,"DenseLayer( 7202,128 )","weights",0.10330714739796187,0.11688830600910699,0.19244802833622052,0.19244802833622052,6
11,4,"DenseLayer( 7202,128 )","biases",0.0048741748358503206,0.005481511783653574,0.0088454044752687387,0.0088454044752687387,6
11,6,"DenseLayer( 128,64 )","all",0.16345474813520819,0.19303601351949187,0.30765962048025824,0.30765962048025824,6
11,6,"DenseLayer( 128,64 )","weights",0.16316022732760385,0.19272728925118032,0.3072732586730233,0.3072732586730233,6
11,6,"DenseLayer( 128,64 )","biases",0.0096614102339790519,0.010913042352585353,0.01541384372951245,0.01541384372951245,6
11,8,"DenseLayer( 64,1 )","all",0.094127763904009121,0.11253434250674878,0.17338521237355101,0.17338521237355101,6
11,8,"DenseLayer( 64,1 )","weights",0.093575970058375937,0.11198810033674743,0.17305197268039427,0.17305197268039427,6
11,8,"DenseLayer( 64,1 )","biases",0.0094482311299846824,0.01107445828891135,0.016848400235176086,0.010744608938694,6
12,0,"Conv2DLayer(1,8,5, stride=5, padding=0)","all",0.17791327311106689,0.19135633679294803,0.26870571889597589,0.21390459586276786,6
12,0,"Conv2DLayer(1,8,5, stride=5, padding=0)","weights",0.17562684005009174,0.18890133117893099,0.26532123923458356,0.21142712900847038,6
12,0,"Conv2DLayer(1,8,5, stride=5, padding=0)","biases",0.028374752488692583,0.030553800248806808,0.042513566992526973,0.032461442519544248,6
12,4,"DenseLayer( 7202,128 )","all",0.11109141272431423,0.11666989511432539,0.14518301934655822,0.12140837845250645,6
12,4,"DenseLayer( 7202,128 )","weights",0.11096449804937185,0.11653467572061452,0.14499827769763021,0.12126950090266191,6
12,4,"DenseLayer( 7202,128 )","biases",0.0053042480665217101,0.0056154946958309635,0.0073217874391444176,0.0058053862305892231,6
12,6,"DenseLayer( 128,64 )","all",0.18733392684580905,0.20042736379825604,0.29268453569515446,0.19808982496743624,6
12,6,"DenseLayer( 128,64 )","weights",0.18697197703421137,0.20002850817215417,0.29197996890231848,0.19778608023531899,6
12,6,"DenseLayer( 128,64 )","biases",0.011557115123497793,0.012638199141528588,0.020296186708081233,0.01096563818377593,6
12,8,"DenseLayer( 64,1 )","all",0.11194759515519853,0.1203658991866567,0.18550779854568308,0.11320262044432475,6
12,8,"DenseLayer( 64,1 )","weights",0.11112674943364699,0.11941452944124255,0.18346147067669558,0.11277677533324415,6
12,8,"DenseLayer( 64,1 )","biases",0.013147864413137237,0.01510363682491817,0.027477847412228584,0.0098098022863268852,6
13,0,"Conv2DLayer(1,8,5, stride=5, padding=0)","all",0.13930820117253936,0.15358480236187289,0.2307654092590164,0.11386235757704889,6
13,0,"Conv2DLayer(1,8,5, stride=5, padding=0)","weights",0.13705143995986432,0.15127316594570009,0.22701108220281688,0.1125031449630525,6
13,0,"Conv2DLayer(1,8,5, stride=5, padding=0)","biases",0.024603735460826202,0.0265465775816816,0.041456515381628964,0.017540776676821853,6
13,4,"DenseLayer( 7202,128 )","all",0.11097987921334912,0.11693558831014442,0.15163951119256092,0.070538016319328767,6
13,4,"DenseLayer( 7202,128 )","weights",0.11084369474363996,0.1167895152868688,0.15145555881082007,0.070462152209204723,6
13,4,"DenseLayer( 7202,128 )","biases",0.0054762100577411465,0.0058430242595611708,0.0078434975746178356,0.0032706042733349904,6
13,6,"DenseLayer( 128,64 )","all",0.18971589105308281,0.2048695653341831,0.27919655813555772,0.11434881630906339,6
13,6,"DenseLayer( 128,64 )","weights",0.18923500863221868,0.2043265815233756,0.27846726254579823,0.11417965486078202,6
13,6,"DenseLayer( 128,64 )","biases",0.013254524200095371,0.014905934495645274,0.021396790745983399,0.0062175724488436786,6
13,8,"DenseLayer( 64,1 )","all",0.1192399125185816,0.13035336833698297,0.17906611496514541,0.06890610183919342,6
13,8,"DenseLayer( 64,1 )","weights",0.11790056511196553,0.12876496756912328,0.17691235550860554,0.068645624789742149,6
13,8,"DenseLayer( 64,1 )","biases",0.016564795378750812,0.020287527294369268,0.030755868181586266,0.0059857387095689774,6
14,0,"Conv2DLayer(1,8,5, stride=5, padding=0)","all",0.24392875639427,0.3103309468165753,0.46553224585395059,0.42790329937887195,6
14,0,"Conv2DLayer(1,8,5, stride=5, padding=0)","weights",0.24052135944436806,0.3064660295434905,0.46010050332631952,0.4224248774723891,6
14,0,"Conv2DLayer(1,8,5, stride=5, padding=0)","biases",0.04004635269330354,0.048824883900737373,0.070906972638031363,0.068252886472013649,6
14,4,"DenseLayer( 7202,128 )","all",0.17048923855787146,0.19216575158267332,0.28559949963109732,0.28559949963109732,6
14,4,"DenseLayer( 7202,128 )","weights",0.17028395075560834,0.19193564577362734,0.28525293657314721,0.28525293657314721,6
14,4,"DenseLayer( 7202,128 )","biases",0.008346410208279165,0.0094012745303153292,0.014065431594132833,0.014065431594132833,6
14,6,"DenseLayer( 128,64 )","all",0.2955575644381368,0.34382612370524013,0.56077658509514849,0.56077658509514849,6
14,6,"DenseLayer( 128,64 )","weights",0.29494127525290548,0.3431533944276855,0.55964634209281383,0.55964634209281383,6
14,6,"DenseLayer( 128,64 )","biases",0.018808076821014891,0.021497703015168936,0.035585814211697778,0.035585814211697778,6
14,8,"DenseLayer( 64,1 )","all",0.17874424690288593,0.20847632411080411,0.34797135490752962,0.34797135490752962,6
14,8,"DenseLayer( 64,1 )","weights",0.17729599400278009,0.20691588040192246,0.34513408984766164,0.34513408984766164,6
14,8,"DenseLayer( 64,1 )","biases",0.021419182070530951,0.025459696625261471,0.04434550553560257,0.04434550553560257,6
15,0,"Conv2DLayer(1,8,5, stride=5, padding=0)","all",0.16161613985293097,0.19403426794351919,0.31504173496994337,0.31504173496994337,6
15,0,"Conv2DLayer(1,8,5, stride=5, padding=0)","weights",0.15912398783577533,0.19132048734322421,0.3109168048726042,0.3109168048726042,6
15,0,"Conv2DLayer(1,8,5, stride=5, padding=0)","biases",0.027533677547950195,0.032338340389212704,0.050813730631424962,0.050813730631424962,6
15,4,"DenseLayer( 7202,128 )","all",0.14147300237283317,0.15830241027436942,0.25884261611780712,0.25884261611780712,6
15,4,"DenseLayer( 7202,128 )","weights",0.14130729172885204,0.15811589501282847,0.25854618714346228,0.25854618714346228,6
15,4,"DenseLayer( 7202,128 )","biases",0.0068404820231145053,0.0076822420533976706,0.012384225138790061,0.012384225138790061,6
15,6,"DenseLayer( 128,64 )","all",0.2496896840652707,0.2957452144814216,0.55107271129257407,0.55107271129257407,6
15,6,"DenseLayer( 128,64 )","weights",0.24909444432675309,0.2950554460236896,0.54984941170251678,0.54984941170251678,6
15,6,"DenseLayer( 128,64 )","biases",0.017197658066735736,0.020187017125460529,0.036698195892235635,0.036698195892235635,6
15,8,"DenseLayer( 64,1 )","all",0.15987887147754798,0.19243195855246939,0.37093909710834899,0.37093909710834899,6
15,8,"DenseLayer( 64,1 )","weights",0.15821395685411144,0.19044425086796438,0.36727555857890087,0.36727555857890087,6
15,8,"DenseLayer( 64,1 )","biases",0.022777726970768224,0.027587061889211107,0.052004594355821609,0.052004594355821609,6
16,0,"Conv2DLayer(1,8,5, stride=5, padding=0)","all",0.22727435182533176,0.25966754705153861,0.42308746901159766,0.063879294593855079,6
16,0,"Conv2DLayer(1,8,5, stride=5, padding=0)","weights",0.22416692165979246,0.25612949043087618,0.41711672669689775,0.062821816908910907,6
16,0,"Conv2DLayer(1,8,5, stride=5, padding=0)","biases",0.037423657124272341,0.042719072126893375,0.070828262327302008,0.011575128425715136,6
16,4,"DenseLayer( 7202,128 )","all",0.16357879949782664,0.18664813912240089,0.31638813308223407,0.04906604037675602,6
16,4,"DenseLayer( 7202,128 )","weights",0.16337979403083572,0.18641973445608181,0.31599530288826849,0.049002511149113546,6
16,4,"DenseLayer( 7202,128 )","biases",0.0080646968162450209,0.0092309502858079744,0.015761323161870188,0.0024960407317298075,6
16,6,"DenseLayer( 128,64 )","all",0.32036626648670224,0.37128559034296854,0.6199933404751844,0.0784596497316533,6
16,6,"DenseLayer( 128,64 )","weights",0.31967052917227462,0.37048616435640663,0.61864675998971796,0.078197488672830232,6
16,6,"DenseLayer( 128,64 )","biases",0.021063182737456269,0.024351419194869894,0.040840281436373929,0.0064085412752288651,6
16,8,"DenseLayer( 64,1 )","all",0.20097365107858936,0.23383908618453769,0.38372342800924536,0.045417420065993731,6
16,8,"DenseLayer( 64,1 )","weights",0.19912987343123595,0.23170361787165414,0.38019255120720169,0.044639844312312854,6
16,8,"DenseLayer( 64,1 )","biases",0.027025317152341206,0.031530171150916872,0.051935471594333649,0.0083681745454668999,6
17,0,"Conv2DLayer(1,8,5, stride=5, padding=0)","all",0.27140300136421769,0.28401893963310476,0.39498248335414349,0.2413117817833105,6
17,0,"Conv2DLayer(1,8,5, stride=5, padding=0)","weights",0.26737876875119776,0.27980926244743148,0.3893141766226263,0.23692646785067922,6
17,0,"Conv2DLayer(1,8,5, stride=5, padding=0)","biases",0.046362037989111794,0.048718935938068419,0.066675588015800619,0.045795467671344091,6
17,4,"DenseLayer( 7202,128 )","all",0.22209426226774337,0.23668021817309987,0.31559858188143874,0.23613946038415248,6
17,4,"DenseLayer( 7202,128 )","weights",0.22181502252480759,0.23637883781018076,0.31520632767399409,0.23582975497061701,6
17,4,"DenseLayer( 7202,128 )","biases",0.011125819805967484,0.011940297733909958,0.015730094718400617,0.012090137344855142,6
17,6,"DenseLayer( 128,64 )","all",0.42131809031519868,0.46253489139468379,0.61605145558392949,0.48530986022991651,6
17,6,"DenseLayer( 128,64 )","weights",0.42036230781075529,0.46145704404116539,0.61463931585829623,0.48409167575394585,6
17,6,"DenseLayer( 128,64 )","biases",0.02827070536123787,0.03155823604515811,0.041688215700888799,0.034364369659832958,6
17,8,"DenseLayer( 64,1 )","all",0.26216608107199857,0.29226703965582074,0.38964577692038227,0.31526221091521767,6
17,8,"DenseLayer( 64,1 )","weights",0.2596474511697589,0.28927342627477359,0.38578181888196461,0.31167738156532182,6
17,8,"DenseLayer( 64,1 )","biases",0.035245618433691561,0.0417241814830469,0.054737735539674759,0.047407504171133041,6
18,0,"Conv2DLayer(1,8,5, stride=5, padding=0)","all",0.1725618394088255,0.20205247154490752,0.36438618679133489,0.084794398809698746,6
18,0,"Conv2DLayer(1,8,5, stride=5, padding=0)","weights",0.16960637019786021,0.19917636075077005,0.3597683352411748,0.082261618758084687,6
18,0,"Conv2DLayer(1,8,5, stride=5, padding=0)","biases",0.030973329616554975,0.033970260162158844,0.057827658452709749,0.020569787281296027,6
18,4,"DenseLayer( 7202,128 )","all",0.13305212238151681,0.14545997828385485,0.24832061311404835,0.11062459989717201,6
18,4,"DenseLayer( 7202,128 )","weights",0.1328993287644348,0.14528943769163569,0.24802724093659206,0.11048998418357278,6
18,4,"DenseLayer( 7202,128 )","biases",0.006364315081792778,0.0070416317418499587,0.012067089571167561,0.0054557765279769702,6
18,6,"DenseLayer( 128,64 )","all",0.24633874494248498,0.28364154369598293,0.51124929578939049,0.19257507703814111,6
18,6,"DenseLayer( 128,64 )","weights",0.24580112463004711,0.28302012968633328,0.51021907279045309,0.19199721667691069,6
18,6,"DenseLayer( 128,64 )","biases",0.016060060312452915,0.018765167267341343,0.03243979355664986,0.014907350018208771,6
18,8,"DenseLayer( 64,1 )","all",0.15564206941665629,0.18148235296077339,0.32877483646344086,0.12413562874826337,6
18,8,"DenseLayer( 64,1 )","weights",0.15413426419370907,0.17969865329426096,0.32592468285107484,0.12230839874324245,6
18,8,"DenseLayer( 64,1 )","biases",0.020789864705875516,0.025381852580293258,0.043197154998779297,0.021220507100224495,6
19,0,"Conv2DLayer(1,8,5, stride=5, padding=0)","all",0.16081688672933292,0.16906850381886851,0.24569713017240161,0.17895563697220018,6
19,0,"Conv2DLayer(1,8,5, stride=5, padding=0)","weights",0.15774931100398548,0.16627116029896752,0.24280698184534552,0.17643424494177837,6
19,0,"Conv2DLayer(1,8,5, stride=5, padding=0)","biases",0.030361408676457681,0.030627769040297535,0.037574583725014321,0.029934548868330395,6
19,4,"DenseLayer( 7202,128 )","all",0.14525643812161501,0.14617488853118332,0.16369269986514776,0.13602461547095823,6
19,4,"DenseLayer( 7202,128 )","weights",0.1450717874930626,0.1459882733282406,0.1634699628323632,0.13586593022765969,6
19,4,"DenseLayer( 7202,128 )","biases",0.0073152806643789932,0.0073839073492818052,0.0085364653532440399,0.0065684866898520194,6
19,6,"DenseLayer( 128,64 )","all",0.2626738981805643,0.2670274445585476,0.32328477005894163,0.19638130739467394,6
19,6,"DenseLayer( 128,64 )","weights",0.26199967980263972,0.26633110584486491,0.32240062378029799,0.19583830932870283,6
19,6,"DenseLayer( 128,64 )","biases",0.018689758435161401,0.019271694448583249,0.024791851460755205,0.014593645648594044,6
19,8,"DenseLayer( 64,1 )","all",0.16703167213483494,0.17089445735603784,0.21239413184212647,0.12394775889915037,6
19,8,"DenseLayer( 64,1 )","weights",0.16510881769893249,0.16885455834864127,0.20919917346721204,0.12237723044677977,6
19,8,"DenseLayer( 64,1 )","biases",0.024925380324323971,0.026325912707823463,0.036701131612062454,0.019668767228722572,6
20,0,"Conv2DLayer(1,8,5, stride=5, padding=0)","all",0.12489881930344844,0.13325371072384945,0.21910217070982613,0.12479980664265142,6
20,0,"Conv2DLayer(1,8,5, stride=5, padding=0)","weights",0.12116815827245754,0.12964017692734933,0.21529402715918822,0.12102782428784646,6
20,0,"Conv2DLayer(1,8,5, stride=5, padding=0)","biases",0.029456075945238313,0.030821679836130211,0.040672387185122491,0.030450902879772628,6
20,4,"DenseLayer( 7202,128 )","all",0.1592640975501784,0.16737421740596117,0.21064003522861227,0.17890520889442776,6
20,4,"DenseLayer( 7202,128 )","weights",0.15905052231210792,0.1671487119240655,0.21035451155595525,0.17866385939872373,6
20,4,"DenseLayer( 7202,128 )","biases",0.008239383355288548,0.0086854334597487939,0.010963754337201835,0.0092897316598441748,6
20,6,"DenseLayer( 128,64 )","all",0.29242784685745571,0.31406387467532781,0.4159746340390742,0.33416682618453708,6
20,6,"DenseLayer( 128,64 )","weights",0.29151849969624238,0.31308348589975793,0.41471504643315449,0.33309591149417667,6
20,6,"DenseLayer( 128,64 )","biases",0.023037114334801066,0.02479613342713077,0.032346969346265089,0.026731656666024672,6
20,8,"DenseLayer( 64,1 )","all",0.19315472508024437,0.20842382338935969,0.27389987619408729,0.22733089894504879,6
20,8,"DenseLayer( 64,1 )","weights",0.19028392567250732,0.20530285855959116,0.2698774963672812,0.22389608033561073,6
20,8,"DenseLayer( 64,1 )","biases",0.033163025820006929,0.035933639163039259,0.046768356114625931,0.039368551224470139,6
21,0,"Conv2DLayer(1,8,5, stride=5, padding=0)","all",0.21890209492033066,0.23439654364501836,0.31973543763126117,0.11857709932332255,6
21,0,"Conv2DLayer(1,8,5, stride=5, padding=0)","weights",0.21526927454923081,0.23067003965106408,0.31542619218408552,0.11613570047015727,6
21,0,"Conv2DLayer(1,8,5, stride=5, padding=0)","biases",0.039526927329155213,0.041630187125540362,0.055122336173729976,0.023937994073000669,6
21,4,"DenseLayer( 7202,128 )","all",0.1833109261456165,0.19315366535725598,0.31374545037588725,0.12672846325909007,6
21,4,"DenseLayer( 7202,128 )","weights",0.18308029707145862,0.19290776641197985,0.31331809287299422,0.12655600316802826,6
21,4,"DenseLayer( 7202,128 )","biases",0.0091806116335754959,0.0097433104684110389,0.016370104153550821,0.0066091952720865486,6
21,6,"DenseLayer( 128,64 )","all",0.32478459729537362,0.3541666925612374,0.6383788354653871,0.25586599581094832,6
21,6,"DenseLayer( 128,64 )","weights",0.32388712676470593,0.35319743645579305,0.63666440550526171,0.25517417149950994,6
21,6,"DenseLayer( 128,64 )","biases",0.024082243917651239,0.026184289198335885,0.046754383032776028,0.018802925619884524,6
21,8,"DenseLayer( 64,1 )","all",0.20855058562795825,0.22805415324254605,0.41180273263078904,0.16464191002484244,6
21,8,"DenseLayer( 64,1 )","weights",0.20582984013706004,0.22510750693399803,0.40663534009713898,0.16257604563979544,6
21,8,"DenseLayer( 64,1 )","biases",0.033508605944613613,0.036541854538798421,0.065032228827476501,0.025999767705798149,6
22,0,"Conv2DLayer(1,8,5, stride=5, padding=0)","all",0.20621216324224126,0.24692947737913093,0.47588192474635221,0.11815718572595219,6
22,0,"Conv2DLayer(1,8,5, stride=5, padding=0)","weights",0.20220332171164274,0.24341654383106662,0.47055756515050218,0.11415453011085146,6
22,0,"Conv2DLayer(1,8,5, stride=5, padding=0)","biases",0.038412191242484683,0.041503650298126214,0.070987211382922341,0.03049366809434156,6
22,4,"DenseLayer( 7202,128 )","all",0.17356279001820124,0.17887920790889156,0.23485072076253061,0.17909222831280996,6
22,4,"DenseLayer( 7202,128 )","weights",0.17333940590673266,0.17864795682727577,0.23459157973941533,0.17885090390207659,6
22,4,"DenseLayer( 7202,128 )","biases",0.008782523741293409,0.0090927742494943016,0.011029585579053938,0.0092941064905570081,6
22,6,"DenseLayer( 128,64 )","all",0.31854324666421785,0.32606741848130827,0.39471997168136858,0.36532674278411253,6
22,6,"DenseLayer( 128,64 )","weights",0.31776308718187946,0.32525564694536968,0.39353151753345866,0.36428699899895733,6
22,6,"DenseLayer( 128,64 )","biases",0.021898469190397361,0.022994032382635182,0.030607200982016032,0.027542900239132619,6
22,8,"DenseLayer( 64,1 )","all",0.19978314926967042,0.2053975964887752,0.26286664097380302,0.23951988492627815,6
22,8,"DenseLayer( 64,1 )","weights",0.19769330156076687,0.20311622244642244,0.25913608445161701,0.23626232702198877,6
22,8,"DenseLayer( 64,1 )","biases",0.02695273809755842,0.030528229926760714,0.044128909707069397,0.039368618279695511,6
23,0,"Conv2DLayer(1,8,5, stride=5, padding=0)","all",0.19185604961021355,0.20965669739381107,0.32621872642720617,0.12058001304367653,6
23,0,"Conv2DLayer(1,8,5, stride=5, padding=0)","weights",0.18896996201666755,0.20683837149064546,0.3218937570953519,0.11923283718092606,6
23,0,"Conv2DLayer(1,8,5, stride=5, padding=0)","biases",0.032149782936825064,0.034261039697852311,0.052943995078072695,0.017974150422202941,6
23,4,"DenseLayer( 7202,128 )","all",0.13590235103733717,0.14570236593769487,0.23825228397020898,0.086089590608155936,6
23,4,"DenseLayer( 7202,128 )","weights",0.13573816350119852,0.14552391987418245,0.23795086173576993,0.085983268718668626,6
23,4,"DenseLayer( 7202,128 )","biases",0.0066727790030983317,0.0072088961911284839,0.011980743558961312,0.0042772785194689416,6
23,6,"DenseLayer( 128,64 )","all",0.22927497028055874,0.25946156088485445,0.45555773232070607,0.12954286161299053,6
23,6,"DenseLayer( 128,64 )","weights",0.2288010344411579,0.25889260991865631,0.45457496230039579,0.12927526826570976,6
23,6,"DenseLayer( 128,64 )","biases",0.014575664028549502,0.017173179854397563,0.029907375792232158,0.0083221397315346099,6
23,8,"DenseLayer( 64,1 )","all",0.13555235110962024,0.15856786397039468,0.28179618490804148,0.073589456305146531,6
23,8,"DenseLayer( 64,1 )","weights",0.13455297646308687,0.15713230852321622,0.2792747267894693,0.073115174363128282,6
23,8,"DenseLayer( 64,1 )","biases",0.014269792950168872,0.021288614381832972,0.03761272132396698,0.0083414241671562195,6
24,0,"Conv2DLayer(1,8,5, stride=5, padding=0)","all",0.24182603875419695,0.24703900513599364,0.31545902135228371,0.17499497767296401,6
24,0,"Conv2DLayer(1,8,5, stride=5, padding=0)","weights",0.23795494579178239,0.24322391855527156,0.31028568128505818,0.16969263967881876,6
24,0,"Conv2DLayer(1,8,5, stride=5, padding=0)","biases",0.042545760944180333,0.043248069334943906,0.05689631044283875,0.042751026298742383,6
24,4,"DenseLayer( 7202,128 )","all",0.20681165988378533,0.21430403081369911,0.29849720346025221,0.25371979072801404,6
24,4,"DenseLayer( 7202,128 )","weights",0.20654570590092466,0.21402565620602798,0.29810221283382038,0.25336692847623377,6
24,4,"DenseLayer( 7202,128 )","biases",0.010480939502034232,0.010919528770876754,0.015350934081379591,0.013376537727913239,6
24,6,"DenseLayer( 128,64 )","all",0.40201135092941409,0.4196052065293599,0.59475518038287045,0.49674426666238131,6
24,6,"DenseLayer( 128,64 )","weights",0.40107780747688843,0.41860257553785341,0.59329479594843038,0.49535169440321092,6
24,6,"DenseLayer( 128,64 )","biases",0.027303751467626966,0.028989879261951096,0.041653447549644937,0.037169413686725029,6
24,8,"DenseLayer( 64,1 )","all",0.25318534912176499,0.2662537074054977,0.38073233032018511,0.32217894393087765,6
24,8,"DenseLayer( 64,1 )","weights",0.25062783378711023,0.26341427131182815,0.37648685311814895,0.31793593231779971,6
24,8,"DenseLayer( 64,1 )","biases",0.035543664358556271,0.03878090221269944,0.05669882521033287,0.052115399390459061,6
25,0,"Conv2DLayer(1,8,5, stride=5, padding=0)","all",0.10362782129267131,0.11663861567536636,0.18440301911009882,0.043200930117875569,6
25,0,"Conv2DLayer(1,8,5, stride=5, padding=0)","weights",0.10071211975352469,0.11358510312258983,0.17773580744122361,0.042072613894130903,6
25,0,"Conv2DLayer(1,8,5, stride=5, padding=0)","biases",0.023362849270366248,0.026513977734328262,0.049137116420642335,0.009808951175582007,6
25,4,"DenseLayer( 7202,128 )","all",0.1342833540763784,0.15251370775003525,0.28816999579233665,0.085340402136531643,6
25,4,"DenseLayer( 7202,128 )","weights",0.13410917977637893,0.15231193664393028,0.28778347527928916,0.085227622902595404,6
25,4,"DenseLayer( 7202,128 )","biases",0.0068298777182176744,0.0078425128268002509,0.014920383075849013,0.0043859470126676866,6
25,6,"DenseLayer( 128,64 )","all",0.24144600411260425,0.2915801092589832,0.59474847333420044,0.11078372623998427,6
25,6,"DenseLayer( 128,64 )","weights",0.24077396557609873,0.29075801461552958,0.59308930444056474,0.11039885387003111,6
25,6,"DenseLayer( 128,64 )","biases",0.017871911745526495,0.021880060610429949,0.044393957827268113,0.0092264328859692577,6
25,8,"DenseLayer( 64,1 )","all",0.1524648478134,0.18810736322728319,0.39022106434983989,0.067279935290993062,6
25,8,"DenseLayer( 64,1 )","weights",0.15047870029158181,0.18558680879762882,0.38504955037008937,0.066156038954262156,6
25,8,"DenseLayer( 64,1 )","biases",0.024151485723753769,0.030690658198113185,0.063319213688373566,0.012246150523424149,6
26,0,"Conv2DLayer(1,8,5, stride=5, padding=0)","all",0.14781539279401762,0.15581009649814662,0.19969329379874604,0.19463373474317872,6
26,0,"Conv2DLayer(1,8,5, stride=5, padding=0)","weights",0.14339831612999046,0.15131445560895035,0.19607436234346728,0.19077171820346797,6
26,0,"Conv2DLayer(1,8,5, stride=5, padding=0)","biases",0.034962144004223955,0.037158063654188916,0.051110461251937828,0.038580334806409641,6
26,4,"DenseLayer( 7202,128 )","all",0.20382596207908807,0.21867059409620127,0.31681366265306565,0.18938188537756478,6
26,4,"DenseLayer( 7202,128 )","weights",0.20354354673344011,0.21836339578908917,0.31636320713449201,0.18911955774805553,6
26,4,"DenseLayer( 7202,128 )","biases",0.010718129838614029,0.011586893537234331,0.016888398835560526,0.009964506327007995,6
26,6,"DenseLayer( 128,64 )","all",0.36149778338913818,0.39656555833936075,0.56907909597831519,0.31517412390631522,6
26,6,"DenseLayer( 128,64 )","weights",0.36033401507660145,0.39528266220690145,0.56718327752786535,0.31407613059151962,6
26,6,"DenseLayer( 128,64 )","biases",0.028951706079470597,0.03187254335056481,0.046412791041317909,0.026285215859339402,6
26,8,"DenseLayer( 64,1 )","all",0.23512300617586915,0.25937315909976938,0.37213863684927118,0.20645452920233329,6
26,8,"DenseLayer( 64,1 )","weights",0.23149209239785035,0.25534621689552212,0.36615544886862805,0.20293660736642252,6
26,8,"DenseLayer( 64,1 )","biases",0.041066571526850261,0.04552741128747869,0.066463164985179901,0.037950046360492706,6
27,0,"Conv2DLayer(1,8,5, stride=5, padding=0)","all",0.12668892064178464,0.13980635497549215,0.22538967130347998,0.07591786090847516,6
27,0,"Conv2DLayer(1,8,5, stride=5, padding=0)","weights",0.12230123502507916,0.13554069173843428,0.22142738691477531,0.071425529426788356,6
27,0,"Conv2DLayer(1,8,5, stride=5, padding=0)","biases",0.031631832791162044,0.034271530088399178,0.055449016827863691,0.025727715619960709,6
27,4,"DenseLayer( 7202,128 )","all",0.17060796672851838,0.18622732945494935,0.31395866424981184,0.14481526950076234,6
27,4,"DenseLayer( 7202,128 )","weights",0.17037702881748856,0.18597048650771281,0.31352080599634469,0.14459848991238072,6
27,4,"DenseLayer( 7202,128 )","biases",0.00885763510694456,0.0097773403339994625,0.016575495918024871,0.0079207951392241543,6
27,6,"DenseLayer( 128,64 )","all",0.31278310765789169,0.34638301099848329,0.60202380208550377,0.25475289395858991,6
27,6,"DenseLayer( 128,64 )","weights",0.31181003572350852,0.34528291153788282,0.60009660045159008,0.2538223973719082,6
27,6,"DenseLayer( 128,64 )","biases",0.0245101769425656,0.027584439604565952,0.048132404925688065,0.021753794442664409,6
27,8,"DenseLayer( 64,1 )","all",0.20312890031639932,0.22648483559104604,0.39737622803217865,0.16406801245855657,6
27,8,"DenseLayer( 64,1 )","weights",0.20007549782218265,0.22299806364896485,0.39119648001802682,0.16113048695496557,6
27,8,"DenseLayer( 64,1 )","biases",0.034741348043705024,0.039588437219917887,0.069808170199394226,0.030907586216926575,6
28,0,"Conv2DLayer(1,8,5, stride=5, padding=0)","all",0.11899093764030449,0.12298895620049292,0.16115809949492338,0.12717688613686276,6
28,0,"Conv2DLayer(1,8,5, stride=5, padding=0)","weights",0.1160559711934283,0.1198353331674494,0.15648999319269671,0.12522477531862455,6
28,0,"Conv2DLayer(1,8,5, stride=5, padding=0)","biases",0.025969085225480779,0.027672662899207355,0.038548848885366867,0.022197207343910397,6
28,4,"DenseLayer( 7202,128 )","all",0.14443572401308932,0.15976490240161603,0.24246885847071742,0.11107148674990736,6
28,4,"DenseLayer( 7202,128 )","weights",0.14424856576679801,0.15955429478007768,0.24213750087065758,0.11093151030719255,6
28,4,"DenseLayer( 7202,128 )","biases",0.0073482871110659952,0.0082006741570418481,0.012671937507938293,0.0055745125168108348,6
28,6,"DenseLayer( 128,64 )","all",0.25863875130488423,0.29426105307966055,0.46374189852432557,0.14554653396197875,6
28,6,"DenseLayer( 128,64 )","weights",0.2579141252488053,0.29343926900691875,0.46242659930736491,0.14503351367427161,6
28,6,"DenseLayer( 128,64 )","biases",0.019303449293738902,0.02197641381654385,0.034902560077616503,0.012209564269060062,6
28,8,"DenseLayer( 64,1 )","all",0.16382025675797263,0.18719572585600341,0.29847802152090347,0.086021627259880717,6
28,8,"DenseLayer( 64,1 )","weights",0.16163565724003862,0.18472220493405964,0.29448629408417148,0.084457495523411044,6
28,8,"DenseLayer( 64,1 )","biases",0.026554180697227519,0.030330624508164414,0.048651330173015594,0.016329476609826088,6
29,0,"Conv2DLayer(1,8,5, stride=5, padding=0)","all",0.14335736481894029,0.16481901969245086,0.31213596717406222,0.31213596717406222,6
29,0,"Conv2DLayer(1,8,5, stride=5, padding=0)","weights",0.14122684434831081,0.16258574225235256,0.30857804754790924,0.30857804754790924,6
29,0,"Conv2DLayer(1,8,5, stride=5, padding=0)","biases",0.024117623155735353,0.027040445052404282,0.046994154691913842,0.046994154691913842,6
29,4,"DenseLayer( 7202,128 )","all",0.10553075314842918,0.11850240679387225,0.20330164913247606,0.14680751117453261,6
29,4,"DenseLayer( 7202,128 )","weights",0.10540760981441943,0.11836131402051496,0.20304206033885011,0.14665515586145081,6
29,4,"DenseLayer( 7202,128 )","biases",0.0050816970364116832,0.0057809825529427589,0.010270456335487241,0.0066865982767087013,6
29,6,"DenseLayer( 128,64 )","all",0.18269360886362226,0.21632072322799614,0.41583322330232753,0.22405922026519645,6
29,6,"DenseLayer( 128,64 )","weights",0.18231470029463123,0.21583425782896387,0.41476080911012686,0.22379397266498333,6
29,6,"DenseLayer( 128,64 )","biases",0.011580512084784616,0.014499256715558006,0.029845281508411037,0.010899173577502287,6
29,8,"DenseLayer( 64,1 )","all",0.11005710676412872,0.13448888171065684,0.27050471811190085,0.12196524394701395,6
29,8,"DenseLayer( 64,1 )","weights",0.10918290695348677,0.13316622237221104,0.26721452314387945,0.12196168282874444,6
29,8,"DenseLayer( 64,1 )","biases",0.01184178656937244,0.018815326808160671,0.042061872780323029,0.0009320153621956706,6
30,0,"Conv2DLayer(1,8,5, stride=5, padding=0)","all",0.087750047152528238,0.094558517469285799,0.13571830113811975,0.064905235299974995,6
30,0,"Conv2DLayer(1,8,5, stride=5, padding=0)","weights",0.085758950571102804,0.092598219493903441,0.13368334898370696,0.063457586543244349,6
30,0,"Conv2DLayer(1,8,5, stride=5, padding=0)","biases",0.017619482120295762,0.019154189425504516,0.029287214616578235,0.013631737946856719,6
30,4,"DenseLayer( 7202,128 )","all",0.10093341885807051,0.11250485983140521,0.19372305947564261,0.080729063975161122,6
30,4,"DenseLayer( 7202,128 )","weights",0.10080589581049115,0.11235704946568757,0.19345106960044384,0.080630425792309987,6
30,4,"DenseLayer( 7202,128 )","biases",0.0050640799385085521,0.005765147096923713,0.010261941485293876,0.0039895121075701192,6
30,6,"DenseLayer( 128,64 )","all",0.17526447414101004,0.20440897946438413,0.37633343860756352,0.15892445252577725,6
30,6,"DenseLayer( 128,64 )","weights",0.17480278314419728,0.20384187313634217,0.37520997717202559,0.15854602139466387,6
30,6,"DenseLayer( 128,64 )","biases",0.012619692258426065,0.015215835236305601,0.029057357842048187,0.01096087179656856,6
30,8,"DenseLayer( 64,1 )","all",0.11167269286279841,0.1328206210868263,0.24981727775750698,0.10693146914035827,6
30,8,"DenseLayer( 64,1 )","weights",0.11031722609802283,0.1310946430860975,0.24629754574152196,0.10579959792575118,6
30,8,"DenseLayer( 64,1 )","biases",0.016990227237026072,0.021342725693289474,0.04178745299577713,0.015517221763730049,6
31,0,"Conv2DLayer(1,8,5, stride=5, padding=0)","all",0.12116277049193859,0.13077820636737156,0.18379016705838644,0.17657754902103601,6
31,0,"Conv2DLayer(1,8,5, stride=5, padding=0)","weights",0.11911476625963252,0.12876026951438485,0.18093861417198281,0.17454043071481459,6
31,0,"Conv2DLayer(1,8,5, stride=5, padding=0)","biases",0.021547532522318048,0.022885197295409051,0.032249704012159985,0.026744510916511203,6
31,4,"DenseLayer( 7202,128 )","all",0.096194100511122219,0.099478872721597306,0.11955621471123651,0.10741839794787716,6
31,4,"DenseLayer( 7202,128 )","weights",0.096085814615376172,0.099365351774055644,0.11940139063136679,0.10732524246151427,6
31,4,"DenseLayer( 7202,128 )","biases",0.0045482786965911435,0.0047511035326470745,0.0060824658959209342,0.0044726444376535814,6
31,6,"DenseLayer( 128,64 )","all",0.16308277717341346,0.17350616672110705,0.22920246234953084,0.20126250298854209,6
31,6,"DenseLayer( 128,64 )","weights",0.1626782274423309,0.17306442485223453,0.22851296403024279,0.20097439404583922,6
31,6,"DenseLayer( 128,64 )","biases",0.011297608735298522,0.012373145954762682,0.017764966006189511,0.010765131077727585,6
31,8,"DenseLayer( 64,1 )","all",0.10507204956363232,0.11323468054402797,0.15344596745376893,0.12905266746476385,6
31,8,"DenseLayer( 64,1 )","weights",0.10387894097479287,0.11189170977497873,0.15124547052189216,0.12841069038389166,6
31,8,"DenseLayer( 64,1 )","biases",0.015255727882807454,0.017387873979874374,0.025893485173583031,0.012856343761086464,6
32,0,"Conv2DLayer(1,8,5, stride=5, padding=0)","all",0.12475230621662331,0.13825269687365457,0.2106944134319895,0.2106944134319895,6
32,0,"Conv2DLayer(1,8,5, stride=5, padding=0)","weights",0.12324580892771808,0.1366738182963953,0.20845657708065193,0.20845657708065193,6
32,0,"Conv2DLayer(1,8,5, stride=5, padding=0)","biases",0.019123272149357853,0.020834480678014078,0.030626644009233941,0.030626644009233941,6
32,4,"DenseLayer( 7202,128 )","all",0.083292676181472569,0.086286459786433137,0.10487791810881111,0.10487791810881111,6
32,4,"DenseLayer( 7202,128 )","weights",0.083202325124507842,0.086190846002486721,0.10477485014695179,0.10477485014695179,6
32,4,"DenseLayer( 7202,128 )","biases",0.0038659805165820677,0.0040609368194248815,0.0053532741807941686,0.0046484926075326923,6
32,6,"DenseLayer( 128,64 )","all",0.13500817273464993,0.14510196565356112,0.22164434624028684,0.15952434442491681,6
32,6,"DenseLayer( 128,64 )","weights",0.13477727071508303,0.14482826846814889,0.22102667262226061,0.15934465015438493,6
32,6,"DenseLayer( 128,64 )","biases",0.0077516498023733503,0.0089080350832836976,0.016535604307559602,0.0075696057609470953,6
32,8,"DenseLayer( 64,1 )","all",0.079447497688931196,0.087479217520694041,0.14747816271955388,0.088098464578165794,6
32,8,"DenseLayer( 64,1 )","weights",0.079034898480609225,0.086862886084423691,0.14558291647191213,0.088092502219136892,6
32,8,"DenseLayer( 64,1 )","biases",0.0066687324045536416,0.010365930692288824,0.023567412048578262,0.0010249457554891706,6
33,0,"Conv2DLayer(1,8,5, stride=5, padding=0)","all",0.10488895892046546,0.11956291580188458,0.19630720866756587,0.14878449280694486,6
33,0,"Conv2DLayer(1,8,5, stride=5, padding=0)","weights",0.10344854903210203,0.11797826812700356,0.19418379031574229,0.1465275611749203,6
33,0,"Conv2DLayer(1,8,5, stride=5, padding=0)","biases",0.017224230917021948,0.019401522744398079,0.028795412021068296,0.025816644165147049,6
33,4,"DenseLayer( 7202,128 )","all",0.082930413454059132,0.090466104968071351,0.12228362680399318,0.12228362680399318,6
33,4,"DenseLayer( 7202,128 )","weights",0.082836928954412539,0.090363019722883839,0.12213811780861938,0.12213811780861938,6
33,4,"DenseLayer( 7202,128 )","biases",0.0039266437366574283,0.0043175009734581745,0.005963686989278909,0.005963686989278909,6
33,6,"DenseLayer( 128,64 )","all",0.14780828323139403,0.16935269695767521,0.25143512553933395,0.2415475396060438,6
33,6,"DenseLayer( 128,64 )","weights",0.14749304955250594,0.16898649570054555,0.2508563952161626,0.24100790116527537,6
33,6,"DenseLayer( 128,64 )","biases",0.0095077799790283177,0.011131048364268302,0.017049672552077136,0.016137083554414591,6
33,8,"DenseLayer( 64,1 )","all",0.091063944582314343,0.10627418189662793,0.1653735112309824,0.14909657718861238,6
33,8,"DenseLayer( 64,1 )","weights",0.090260215247510739,0.10527822373175644,0.16365219196238881,0.14767077611929169,6
33,8,"DenseLayer( 64,1 )","biases",0.011288795232151946,0.014515417516688811,0.023798283189535141,0.020570153370499611,6
34,0,"Conv2DLayer(1,8,5, stride=5, padding=0)","all",0.10758108656883804,0.12561119769259516,0.19108181874934371,0.15745530791220169,6
34,0,"Conv2DLayer(1,8,5, stride=5, padding=0)","weights",0.10559013439548592,0.12335058028275463,0.18839922712173793,0.15293808427549202,6
34,0,"Conv2DLayer(1,8,5, stride=5, padding=0)","biases",0.020185231730039332,0.023723560644977583,0.037444844342963218,0.037444844342963218,6
34,4,"DenseLayer( 7202,128 )","all",0.10839391128213792,0.1221074279833874,0.20064007030905678,0.20064007030905678,6
34,4,"DenseLayer( 7202,128 )","weights",0.10825920381087771,0.12195418144569142,0.20037593671893755,0.20037593671893755,6
34,4,"DenseLayer( 7202,128 )","biases",0.0053967779045044828,0.0061156844775965965,0.010291831597514171,0.010291831597514171,6
34,6,"DenseLayer( 128,64 )","all",0.17722125420015106,0.20351949237330585,0.33555057391189885,0.33555057391189885,6
34,6,"DenseLayer( 128,64 )","weights",0.17671146808497654,0.20292517490912215,0.33443342594521247,0.33443342594521247,6
34,6,"DenseLayer( 128,64 )","biases",0.013328117672605217,0.015542109380334589,0.027358202849470683,0.027358202849470683,6
34,8,"DenseLayer( 64,1 )","all",0.11087857223107478,0.12885038481474967,0.21394390616034686,0.21394390616034686,6
34,8,"DenseLayer( 64,1 )","weights",0.10939423159303553,0.12705852065830597,0.21040252155660438,0.21040252155660438,6
34,8,"DenseLayer( 64,1 )","biases",0.01781293167732656,0.021413873891286069,0.038765627890825272,0.038765627890825272,6
35,0,"Conv2DLayer(1,8,5, stride=5, padding=0)","all",0.12460003863822622,0.13144665470394729,0.18536484356969124,0.18536484356969124,6
35,0,"Conv2DLayer(1,8,5, stride=5, padding=0)","weights",0.12197689950728011,0.12861371666129287,0.18320122416021861,0.18320122416021861,6
35,0,"Conv2DLayer(1,8,5, stride=5, padding=0)","biases",0.024828673288306388,0.02714286129772291,0.045683794555224866,0.028238921682908459,6
35,4,"DenseLayer( 7202,128 )","all",0.14522193451710477,0.16665221583779416,0.3136604682338226,0.15175621431999245,6
35,4,"DenseLayer( 7202,128 )","weights",0.1450315531947072,0.16643047704546909,0.31322837876410198,0.15157537344573133,6
35,4,"DenseLayer( 7202,128 )","biases",0.0074301915891046505,0.0085940301409940332,0.016458191561442119,0.0074063992278681351,6
35,6,"DenseLayer( 128,64 )","all",0.28476512615732441,0.33337646786364122,0.64060528612614598,0.31260795363419919,6
35,6,"DenseLayer( 128,64 )","weights",0.28398902190345088,0.3324551702327504,0.63877858247662656,0.31191741146030011,6
35,6,"DenseLayer( 128,64 )","biases",0.020974486362506491,0.02476750110023939,0.04834309859652082,0.020766826990839898,6
35,8,"DenseLayer( 64,1 )","all",0.18707085627897557,0.22147519748207362,0.42993065220295562,0.20813533363926817,6
35,8,"DenseLayer( 64,1 )","weights",0.18472020574514997,0.21864127322947441,0.42424827291188927,0.20610016518367341,6
35,8,"DenseLayer( 64,1 )","biases",0.029461227357387543,0.035316522200208561,0.069668993353843689,0.029035134240984917,6
36,0,"Conv2DLayer(1,8,5, stride=5, padding=0)","all",0.1060806473209206,0.13786176225346639,0.28384298424774335,0.28384298424774335,6
36,0,"Conv2DLayer(1,8,5, stride=5, padding=0)","weights",0.10380396340128939,0.13571791146489551,0.27988441147977122,0.27988441147977122,6
36,0,"Conv2DLayer(1,8,5, stride=5, padding=0)","biases",0.020577827439190562,0.024218051103217932,0.047239347130192066,0.047239347130192066,6
36,4,"DenseLayer( 7202,128 )","all",0.1074234921339256,0.11866915372829162,0.2161056027945068,0.2161056027945068,6
36,4,"DenseLayer( 7202,128 )","weights",0.10728595364332529,0.11851566348918985,0.21582174099738913,0.21582174099738913,6
36,4,"DenseLayer( 7202,128 )","biases",0.0054318690549418538,0.0060337015426700329,0.01107283486885942,0.01107283486885942,6
36,6,"DenseLayer( 128,64 )","all",0.18520879961610318,0.21825321989627025,0.42904193562033593,0.42904193562033593,6
36,6,"DenseLayer( 128,64 )","weights",0.18473173850822683,0.21771771586155669,0.42804787985377307,0.42804787985377307,6
36,6,"DenseLayer( 128,64 )","biases",0.013230608414618674,0.015279535173432791,0.02918895464956529,0.02918895464956529,6
36,8,"DenseLayer( 64,1 )","all",0.11463072724271443,0.13746166816054564,0.27252614664717156,0.27252614664717156,6
36,8,"DenseLayer( 64,1 )","weights",0.11332685599115723,0.13598638923577433,0.26980598382489107,0.26980598382489107,6
36,8,"DenseLayer( 64,1 )","biases",0.017116418962056439,0.020085122755324338,0.03840874508023262,0.03840874508023262,6
37,0,"Conv2DLayer(1,8,5, stride=5, padding=0)","all",0.11690673161010384,0.12829827908270303,0.19068280875653326,0.084509186825247995,6
37,0,"Conv2DLayer(1,8,5, stride=5, padding=0)","weights",0.11422116332718336,0.1254941791665472,0.18469270389067527,0.082106706008682445,6
37,0,"Conv2DLayer(1,8,5, stride=5, padding=0)","biases",0.02422379828045329,0.026676945306719456,0.047418758786286014,0.020007285829628598,6
37,4,"DenseLayer( 7202,128 )","all",0.12919180120471396,0.15001909479677672,0.29383166763907653,0.10615733792280249,6
37,4,"DenseLayer( 7202,128 )","weights",0.12902810273407816,0.14982264102809675,0.29343823422182808,0.10602601522493817,6
37,4,"DenseLayer( 7202,128 )","biases",0.0064879456996197226,0.0076749618246832185,0.015200381716795613,0.0052786826365355021,6
37,6,"DenseLayer( 128,64 )","all",0.24648393782438879,0.29578675511098623,0.60102118364731505,0.20304318773701535,6
37,6,"DenseLayer( 128,64 )","weights",0.24584116987223281,0.29498329735522594,0.59938501446290782,0.20241800565561985,6
37,6,"DenseLayer( 128,64 )","biases",0.017652407854029339,0.021786665199724574,0.044317802631892722,0.015921277361138748,6
37,8,"DenseLayer( 64,1 )","all",0.15954750438579604,0.1927200735871698,0.3918900651396674,0.13331880945224847,6
37,8,"DenseLayer( 64,1 )","weights",0.15768999392505034,0.19031416089482336,0.38696451761720763,0.1312955355963015,6
37,8,"DenseLayer( 64,1 )","biases",0.02373449915709595,0.030356991391497008,0.061937753111124039,0.023138437420129776,6
38,0,"Conv2DLayer(1,8,5, stride=5, padding=0)","all",0.18214607142087189,0.19078863251250805,0.28190121079100261,0.18162440636598931,6
38,0,"Conv2DLayer(1,8,5, stride=5, padding=0)","weights",0.17898045674329663,0.18774200557819534,0.27886274092409896,0.17891762344659567,6
38,0,"Conv2DLayer(1,8,5, stride=5, padding=0)","biases",0.033228667016415983,0.033959411618426368,0.041283632974823854,0.031239542378533842,6
38,4,"DenseLayer( 7202,128 )","all",0.15582170316741623,0.16036302103683056,0.19331305536384449,0.16213815523800099,6
38,4,"DenseLayer( 7202,128 )","weights",0.15561994670474608,0.16015153741779897,0.19304554449611255,0.1619234046066042,6
38,4,"DenseLayer( 7202,128 )","biases",0.0079103046136989406,0.0082330783291727078,0.010166372229277619,0.0083422074169887672,6
38,6,"DenseLayer( 128,64 )","all",0.29382814126040319,0.30760847768090477,0.37685700053647953,0.33833828735406468,6
38,6,"DenseLayer( 128,64 )","weights",0.29309328284001712,0.30682283303505903,0.37578237751838589,0.33751583658560852,6
38,6,"DenseLayer( 128,64 )","biases",0.020576261800001421,0.021970996097218563,0.028439472568622948,0.023576614337059324,6
38,8,"DenseLayer( 64,1 )","all",0.18436914121481499,0.19413344359429965,0.23893173882189844,0.21742707753526014,6
38,8,"DenseLayer( 64,1 )","weights",0.1823407883347363,0.19192089203258611,0.23576993437387389,0.21510053606593374,6
38,8,"DenseLayer( 64,1 )","biases",0.026081534024948876,0.029226103455601962,0.03874162957072258,0.031722128391265869,6
39,0,"Conv2DLayer(1,8,5, stride=5, padding=0)","all",0.24662683007006503,0.26480453617400268,0.37239931447924379,0.11457595196060399,6
39,0,"Conv2DLayer(1,8,5, stride=5, padding=0)","weights",0.24195684565982864,0.26051109129433031,0.36705676433396422,0.10725116421091334,6
39,0,"Conv2DLayer(1,8,5, stride=5, padding=0)","biases",0.046005252917503112,0.047491195931096533,0.06285364890991911,0.040309261256965948,6
39,4,"DenseLayer( 7202,128 )","all",0.20702795453403938,0.21589530989793995,0.29617737475724604,0.25236517414017146,6
39,4,"DenseLayer( 7202,128 )","weights",0.20676323340311575,0.21561685226511837,0.29581210281503806,0.25199721769308336,6
39,4,"DenseLayer( 7202,128 )","biases",0.010451979051995195,0.010961653853759985,0.014705004122389464,0.013622899608519669,6
39,6,"DenseLayer( 128,64 )","all",0.36608764943227318,0.39197918400977233,0.61700581551312494,0.45096595825384972,6
39,6,"DenseLayer( 128,64 )","weights",0.36507540511654163,0.39091038329582534,0.61566943674458408,0.44945005494665269,6
39,6,"DenseLayer( 128,64 )","biases",0.026944066181624763,0.028926681947259041,0.040587202855371263,0.036945143283844621,6
39,8,"DenseLayer( 64,1 )","all",0.23454116490716231,0.25229724614177962,0.3969036427952905,0.29447426982990405,6
39,8,"DenseLayer( 64,1 )","weights",0.23152985521452868,0.24909776733587149,0.39320158181124409,0.28973906655666604,6
39,8,"DenseLayer( 64,1 )","biases",0.036683544982224703,0.040052499535107242,0.054083433002233505,0.052596282213926315,6
40,0,"Conv2DLayer(1,8,5, stride=5, padding=0)","all",0.19892184199105728,0.22887716047076312,0.42653536919894319,0.42653536919894319,6
40,0,"Conv2DLayer(1,8,5, stride=5, padding=0)","weights",0.19469348205626541,0.22535897930952201,0.42226075375569172,0.42226075375569172,6
40,0,"Conv2DLayer(1,8,5, stride=5, padding=0)","biases",0.038205175043689699,0.039976055705007792,0.060235180877572507,0.060235180877572507,6
40,4,"DenseLayer( 7202,128 )","all",0.18854567085029206,0.19834675572931762,0.26496558318616587,0.20832259821661758,6
40,4,"DenseLayer( 7202,128 )","weights",0.18831365813706005,0.19809620738318814,0.26460359762783986,0.2081204024161353,6
40,4,"DenseLayer( 7202,128 )","biases",0.009317084138564297,0.0099663498203955894,0.013845446745742698,0.0091762206745580055,6
40,6,"DenseLayer( 128,64 )","all",0.34199589326692464,0.36927324700520592,0.51010335992353317,0.36435805628157181,6
40,6,"DenseLayer( 128,64 )","weights",0.34116299261083444,0.36832965352536201,0.50863126989972329,0.36393962967965704,6
40,6,"DenseLayer( 128,64 )","biases",0.023453259828865779,0.026381760510902297,0.038725561138252262,0.017456778795617547,6
40,8,"DenseLayer( 64,1 )","all",0.21689507772994052,0.23719904212022946,0.33748896871484912,0.21618121924596001,6
40,8,"DenseLayer( 64,1 )","weights",0.21455236349505211,0.23443041212490262,0.33291911133715507,0.21573727707199958,6
40,8,"DenseLayer( 64,1 )","biases",0.030135793300966423,0.036135404435300118,0.055350422859191895,0.013847268186509609,6
41,0,"Conv2DLayer(1,8,5, stride=5, padding=0)","all",0.13857787111545916,0.14368332710840578,0.17764434673163731,0.08323811024176242,6
41,0,"Conv2DLayer(1,8,5, stride=5, padding=0)","weights",0.13371945386386169,0.13906624694687295,0.17275312458895589,0.07894649694983405,6
41,0,"Conv2DLayer(1,8,5, stride=5, padding=0)","biases",0.035572969218863319,0.036131391462999186,0.044897271255477919,0.026382449013873505,6
41,4,"DenseLayer( 7202,128 )","all",0.20821918102896783,0.21283909193014242,0.27997261962942166,0.15543572301236999,6
41,4,"DenseLayer( 7202,128 )","weights",0.20793459797119079,0.21254768922029241,0.27959517799141359,0.15522499154828331,6
41,4,"DenseLayer( 7202,128 )","biases",0.010881346334040039,0.01113368136608941,0.014532865722581187,0.0080911054382931582,6
41,6,"DenseLayer( 128,64 )","all",0.40308817338284875,0.41347123040533701,0.5406032933440944,0.28630299626782113,6
41,6,"DenseLayer( 128,64 )","weights",0.40192673539903578,0.41228406123997852,0.53910653389909791,0.28545677655515589,6
41,6,"DenseLayer( 128,64 )","biases",0.030536641799659009,0.031309922075485178,0.040200321911419902,0.021996235829609849,6
41,8,"DenseLayer( 64,1 )","all",0.26333373332385956,0.27066700525939807,0.35301784884348891,0.17950524233159251,6
41,8,"DenseLayer( 64,1 )","weights",0.25980706171260148,0.26705604798376892,0.34848030842605693,0.17702816296148249,6
41,8,"DenseLayer( 64,1 )","biases",0.042857794091105461,0.044064668061633443,0.056418757885694504,0.029718033969402313,6
42,0,"Conv2DLayer(1,8,5, stride=5, padding=0)","all",0.18112250682831221,0.21088971486718192,0.3430982600086534,0.2576185338634292,6
42,0,"Conv2DLayer(1,8,5, stride=5, padding=0)","weights",0.17859983119523704,0.20814206616977296,0.33945039990168252,0.2541891075623115,6
42,0,"Conv2DLayer(1,8,5, stride=5, padding=0)","biases",0.02975932700630949,0.033931580089042852,0.049898316880966444,0.041895185721254828,6
42,4,"DenseLayer( 7202,128 )","all",0.1398655160293843,0.1508272760342787,0.23541924198588898,0.16513212726725737,6
42,4,"DenseLayer( 7202,128 )","weights",0.13970280591590717,0.15064954880867501,0.23510171843775007,0.16493559290417695,6
42,4,"DenseLayer( 7202,128 )","biases",0.0067207169690138291,0.007319879757423849,0.012222990011754193,0.0080541696752239791,6
42,6,"DenseLayer( 128,64 )","all",0.21924449679210645,0.2411665903771002,0.38314210440472413,0.22511426936393661,6
42,6,"DenseLayer( 128,64 )","weights",0.21873529678633494,0.24058645212401056,0.3818782808709198,0.22448283851355771,6
42,6,"DenseLayer( 128,64 )","biases",0.014566155851745701,0.016717756084391196,0.031094224009475431,0.016849020272851782,6
42,8,"DenseLayer( 64,1 )","all",0.13469192264070737,0.15238011329378914,0.26168209340743687,0.1364716712673088,6
42,8,"DenseLayer( 64,1 )","weights",0.13339369969672454,0.15074145816534074,0.2576154959754281,0.13465834049344436,6
42,8,"DenseLayer( 64,1 )","biases",0.016907105998446543,0.022287030255618217,0.045954044908285141,0.022173145785927773,6
43,0,"Conv2DLayer(1,8,5, stride=5, padding=0)","all",0.16212295178919162,0.18307379283667144,0.3465203433677741,0.15862938305147964,6
43,0,"Conv2DLayer(1,8,5, stride=5, padding=0)","weights",0.15952847443012039,0.18044600138338271,0.34261891147456025,0.15523715887539252,6
43,0,"Conv2DLayer(1,8,5, stride=5, padding=0)","biases",0.028506767168397243,0.030907187001613861,0.051851999650037436,0.032629827942991019,6
43,4,"DenseLayer( 7202,128 )","all",0.12733047148367377,0.13245922994663042,0.16966341703518523,0.15370339180640324,6
43,4,"DenseLayer( 7202,128 )","weights",0.12717986856019861,0.13230117046503972,0.16949610175975904,0.15352320689662904,6
43,4,"DenseLayer( 7202,128 )","biases",0.0061685010144954915,0.0064689946386449837,0.0086201771493207985,0.007440268608560942,6
43,6,"DenseLayer( 128,64 )","all",0.20849619770723093,0.2151239376206113,0.26901308121072454,0.25661471519594975,6
43,6,"DenseLayer( 128,64 )","weights",0.20797099686100784,0.21456357998787254,0.26804865269383732,0.25582718916865554,6
43,6,"DenseLayer( 128,64 )","biases",0.014437438163493514,0.015517044827688162,0.022758682991474925,0.020088836132621902,6
43,8,"DenseLayer( 64,1 )","all",0.13031844460935688,0.13504924511096633,0.18013927368624008,0.16509445976486836,6
43,8,"DenseLayer( 64,1 )","weights",0.12886474318561969,0.13340904860877092,0.17702988825684185,0.16255387988862866,6
43,8,"DenseLayer( 64,1 )","biases",0.017640854232013226,0.020983907032401293,0.033325314521789551,0.02885163389146328,6
44,0,"Conv2DLayer(1,8,5, stride=5, padding=0)","all",0.1678563385934487,0.18740144646217111,0.28642684147403541,0.10690406722044452,6
44,0,"Conv2DLayer(1,8,5, stride=5, padding=0)","weights",0.16555328511280809,0.1850599295144891,0.28289711166115472,0.10587011473288313,6
44,0,"Conv2DLayer(1,8,5, stride=5, padding=0)","biases",0.027109775519517577,0.029531756199154536,0.044828113172074767,0.01483234286009736,6
44,4,"DenseLayer( 7202,128 )","all",0.10744340177174939,0.11534490696858302,0.17111554568096737,0.057199779408207134,6
44,4,"DenseLayer( 7202,128 )","weights",0.10732986767471482,0.11521936637294293,0.17089996474461344,0.057145023139380163,6
44,4,"DenseLayer( 7202,128 )","biases",0.0049248942396605414,0.0053800721378641546,0.008586735350825497,0.0025022179655782941,6
44,6,"DenseLayer( 128,64 )","all",0.17848878021701395,0.19447033721689258,0.31995225617436068,0.10241173088769669,6
44,6,"DenseLayer( 128,64 )","weights",0.17815769335434872,0.19408680875497339,0.3190944621107647,0.10224253251865949,6
44,6,"DenseLayer( 128,64 )","biases",0.010638542147201838,0.01220748641458654,0.023413040838505293,0.0058844853288004045,6
44,8,"DenseLayer( 64,1 )","all",0.10834333005509723,0.1199263339392115,0.21140955332705141,0.063846490226135352,6
44,8,"DenseLayer( 64,1 )","weights",0.10759211429268792,0.11896215052139128,0.20877260219546984,0.063501562743854628,6
44,8,"DenseLayer( 64,1 )","biases",0.011465991148725152,0.015176703048591133,0.033286631107330322,0.006627657450735569,6
45,0,"Conv2DLayer(1,8,5, stride=5, padding=0)","all",0.25307060964775613,0.27637503995005702,0.4198949400594737,0.25269642861383063,6
45,0,"Conv2DLayer(1,8,5, stride=5, padding=0)","weights",0.24989729580345013,0.27309264476764256,0.41528866640523027,0.24942320817869085,6
45,0,"Conv2DLayer(1,8,5, stride=5, padding=0)","biases",0.039798173638473523,0.04246845984033118,0.062024867939516101,0.040540698761050459,6
45,4,"DenseLayer( 7202,128 )","all",0.15861595365388384,0.16229986732103963,0.22332140478879939,0.15543368726938089,6
45,4,"DenseLayer( 7202,128 )","weights",0.15843922845419944,0.16212033491930022,0.2230886350790782,0.15524790780944717,6
45,4,"DenseLayer( 7202,128 )","biases",0.0074757615483905769,0.0076317716213856954,0.010193661530415486,0.0075972533816561902,6
45,6,"DenseLayer( 128,64 )","all",0.25663632499733907,0.26486292451734095,0.38458203419612874,0.25940205916014253,6
45,6,"DenseLayer( 128,64 )","weights",0.25616979060091805,0.26439024667454847,0.38406224311062515,0.25890744705894575,6
45,6,"DenseLayer( 128,64 )","biases",0.015362865115658741,0.015816644626786773,0.02031361951218643,0.016011313310946136,6
45,8,"DenseLayer( 64,1 )","all",0.15076965813230031,0.15565123712424644,0.21849103983203821,0.1473149180120823,6
45,8,"DenseLayer( 64,1 )","weights",0.14991752395854582,0.1547798881943106,0.21804370207124493,0.14660121073293764,6
45,8,"DenseLayer( 64,1 )","biases",0.015246732470889887,0.016446696594304287,0.028412168845534325,0.014483441598713398,6
46,0,"Conv2DLayer(1,8,5, stride=5, padding=0)","all",0.25254523938517126,0.28408362953769095,0.45811086985199606,0.10964842853865819,6
46,0,"Conv2DLayer(1,8,5, stride=5, padding=0)","weights",0.24910345145390567,0.28044140783395233,0.45214686017113964,0.10692648906720235,6
46,0,"Conv2DLayer(1,8,5, stride=5, padding=0)","biases",0.041266514637821682,0.045344518339253147,0.073680295289394293,0.024279699684277126,6
46,4,"DenseLayer( 7202,128 )","all",0.18395854651012272,0.20024211330112274,0.34513227763197846,0.12951128839681322,6
46,4,"DenseLayer( 7202,128 )","weights",0.18373441235543519,0.1999991781561874,0.3447101950896389,0.12932035435264305,6
46,4,"DenseLayer( 7202,128 )","biases",0.0090687768810921738,0.0098606630684396311,0.017063717786583287,0.007029919793949355,6
46,6,"DenseLayer( 128,64 )","all",0.324085028346559,0.36728247657571345,0.69068048724614561,0.23089652873392022,6
46,6,"DenseLayer( 128,64 )","weights",0.3233610921048935,0.36649895977446989,0.68926373984164735,0.23006121724435474,6
46,6,"DenseLayer( 128,64 )","biases",0.021445562070490625,0.023977699719135211,0.044215748349192251,0.019622520261675561,6
46,8,"DenseLayer( 64,1 )","all",0.19844810932126838,0.22653678862633414,0.43240599980223676,0.15779843001118579,6
46,8,"DenseLayer( 64,1 )","weights",0.19670927720369491,0.2246149794755877,0.42883110564126931,0.15510968430038555,6
46,8,"DenseLayer( 64,1 )","biases",0.024722648862128455,0.02944533233491697,0.055487219244241714,0.029005695134401321,6
47,0,"Conv2DLayer(1,8,5, stride=5, padding=0)","all",0.25694160430155283,0.28486831746068586,0.42836187008649673,0.21824460971418455,6
47,0,"Conv2DLayer(1,8,5, stride=5, padding=0)","weights",0.25344342826440591,0.28128463047598101,0.42311024321863627,0.21548225108567481,6
47,0,"Conv2DLayer(1,8,5, stride=5, padding=0)","biases",0.041661813688559549,0.045043478449969969,0.066870126569845631,0.034613713125680956,6
47,4,"DenseLayer( 7202,128 )","all",0.19799052266753117,0.21302384402737229,0.29060191051386353,0.12909608082473906,6
47,4,"DenseLayer( 7202,128 )","weights",0.19774682024408433,0.21276118503275127,0.29024931938138598,0.12894831717753233,6
47,4,"DenseLayer( 7202,128 )","biases",0.0098117891922974484,0.010575266788957002,0.014318293106476572,0.0061749154965943139,6
47,6,"DenseLayer( 128,64 )","all",0.33906341277361818,0.37841238182085957,0.53881995039280817,0.18167413557637652,6
47,6,"DenseLayer( 128,64 )","weights",0.33833977871078152,0.37760893072382057,0.53770946870769676,0.18137792236271499,6
47,6,"DenseLayer( 128,64 )","biases",0.021954248943634336,0.024646016979399787,0.034903300863780178,0.010370188851152175,6
47,8,"DenseLayer( 64,1 )","all",0.20257024521619124,0.22886955298447292,0.32246586646071934,0.092787786658183644,6
47,8,"DenseLayer( 64,1 )","weights",0.20099527134049017,0.22702617571808273,0.31995896105657223,0.092744502284179201,6
47,8,"DenseLayer( 64,1 )","biases",0.023625147063285112,0.028989443287767189,0.044749762862920761,0.0028338399715721607,6
48,0,"Conv2DLayer(1,8,5, stride=5, padding=0)","all",0.13069477962707801,0.14878582620901504,0.2487007943458471,0.033854131749201828,6
48,0,"Conv2DLayer(1,8,5, stride=5, padding=0)","weights",0.1282752627519915,0.14664556553291952,0.24612704251285342,0.032364791620390167,6
48,0,"Conv2DLayer(1,8,5, stride=5, padding=0)","biases",0.023955512432223044,0.025145579934243673,0.035687029186125575,0.0099308861568863632,6
48,4,"DenseLayer( 7202,128 )","all",0.11935354688066249,0.12256480093231747,0.15692358089671343,0.073061711307217586,6
48,4,"DenseLayer( 7202,128 )","weights",0.11921450811346276,0.12242023788068218,0.15670429606174824,0.072974939829548113,6
48,4,"DenseLayer( 7202,128 )","biases",0.0057287492606061859,0.0059511162663655106,0.0082929992909276523,0.0035597494312152975,6
48,6,"DenseLayer( 128,64 )","all",0.2017328114014208,0.21380747978238182,0.32059346396494276,0.11491379222381176,6
48,6,"DenseLayer( 128,64 )","weights",0.20124637040148424,0.21326975391841826,0.31974228134480071,0.11460443894981172,6
48,6,"DenseLayer( 128,64 )","biases",0.013771857944462961,0.015154222991328773,0.023346148664466219,0.008426281282763971,6
48,8,"DenseLayer( 64,1 )","all",0.12668059648412863,0.13620877833168055,0.20785432224909833,0.067153384542436231,6
48,8,"DenseLayer( 64,1 )","weights",0.12534516778887803,0.13465020247562259,0.20539977901172832,0.066331014601500399,6
48,8,"DenseLayer( 64,1 )","biases",0.016837651530901592,0.020546393062596778,0.031848862767219543,0.010477287694811821,6
49,0,"Conv2DLayer(1,8,5, stride=5, padding=0)","all",0.10770182163770124,0.11713817259513291,0.19599244183783396,0.049844043746582467,6
49,0,"Conv2DLayer(1,8,5, stride=5, padding=0)","weights",0.10483389206334752,0.11450586174617702,0.19398603136716544,0.049172627704459133,6
49,0,"Conv2DLayer(1,8,5, stride=5, padding=0)","biases",0.023609574724893861,0.024693300805938071,0.030267898073486194,0.0081536115709472286,6
49,4,"DenseLayer( 7202,128 )","all",0.12915304154660392,0.13464599204758151,0.18368482151752377,0.062955078329821931,6
49,4,"DenseLayer( 7202,128 )","weights",0.12898538127995657,0.13446763321639399,0.18342361361508436,0.062879947093023511,6
49,4,"DenseLayer( 7202,128 )","biases",0.0065517861530277619,0.0069281160252062692,0.0097924268855480376,0.0030747587047732991,6
49,6,"DenseLayer( 128,64 )","all",0.23216346213438308,0.24998842527937881,0.35809728929427509,0.063402592767608859,6
49,6,"DenseLayer( 128,64 )","weights",0.23148469735193006,0.24924408842723478,0.35693094023245986,0.063209972355131094,6
49,6,"DenseLayer( 128,64 )","biases",0.017547509208708973,0.019276855494097824,0.028878582109928826,0.0049384374572136614,6
49,8,"DenseLayer( 64,1 )","all",0.15390514732327162,0.16830069645248166,0.24604025150176045,0.029869404118231784,6
49,8,"DenseLayer( 64,1 )","weights",0.15180058918238881,0.16593275552384373,0.2422341217026841,0.029446889313264533,6
49,8,"DenseLayer( 64,1 )","biases",0.024900903226807714,0.028132633553485074,0.043109577149152756,0.0050061973743140697,6
50,0,"Conv2DLayer(1,8,5, stride=5, padding=0)","all",0.17088361376934205,0.18367480269599665,0.26308880349432517,0.12201132479289349,6
50,0,"Conv2DLayer(1,8,5, stride=5, padding=0)","weights",0.16709729955727889,0.17979732990812,0.25962675472107327,0.11937795002538013,6
50,0,"Conv2DLayer(1,8,5, stride=5, padding=0)","biases",0.034381103524470498,0.0375413545749744,0.063262380084793179,0.025212465675827765,6
50,4,"DenseLayer( 7202,128 )","all",0.19645357941569497,0.23175616999291879,0.46233302518674113,0.14585670764776387,6
50,4,"DenseLayer( 7202,128 )","weights",0.19620146092069099,0.23144476850580034,0.46168351805959257,0.14567327771856597,6
50,4,"DenseLayer( 7202,128 )","biases",0.0099323737588177998,0.012010056664443765,0.024498067892012757,0.0073126824472832721,6
50,6,"DenseLayer( 128,64 )","all",0.34129888385308632,0.4316122120973741,0.9083579524523131,0.20498129258966802,6
50,6,"DenseLayer( 128,64 )","weights",0.34039905811716842,0.43043264145958327,0.90581841266506502,0.20434254809014024,6
50,6,"DenseLayer( 128,64 )","biases",0.024694238545728098,0.031887972618441639,0.06787615973448112,0.016169519218573375,6
50,8,"DenseLayer( 64,1 )","all",0.21788896960811063,0.28170565314900015,0.60158962354370593,0.12749228074489852,6
50,8,"DenseLayer( 64,1 )","weights",0.21528594435179782,0.27819318751026811,0.59391578517530097,0.12555920624238134,6
50,8,"DenseLayer( 64,1 )","biases",0.033370515331625938,0.044346650820344745,0.095781601965427399,0.022117128595709801,6
51,0,"Conv2DLayer(1,8,5, stride=5, padding=0)","all",0.27902801171068076,0.29033874042259949,0.35523820068506246,0.31225041839517648,6
51,0,"Conv2DLayer(1,8,5, stride=5, padding=0)","weights",0.27537973662984483,0.28663665037563502,0.35118746624024716,0.30793269149654401,6
51,0,"Conv2DLayer(1,8,5, stride=5, padding=0)","biases",0.044891921324585152,0.046217040705973253,0.053991482428847742,0.051747282978500501,6
51,4,"DenseLayer( 7202,128 )","all",0.20725037900479854,0.214611336543718,0.2999879124329326,0.16794533213187446,6
51,4,"DenseLayer( 7202,128 )","weights",0.20700818951137961,0.21435850312181479,0.29962925522563882,0.16776063158242363,6
51,4,"DenseLayer( 7202,128 )","biases",0.010004405509865054,0.010414312865278608,0.014664822494589655,0.0078743301906859797,6
51,6,"DenseLayer( 128,64 )","all",0.38232573182923879,0.408505668742914,0.62372074567555502,0.24276143126148153,6
51,6,"DenseLayer( 128,64 )","weights",0.3815304519620224,0.40765291496847939,0.62243524155316432,0.24212029477686578,6
51,6,"DenseLayer( 128,64 )","biases",0.024523491921943693,0.02638147669856827,0.040024225897877241,0.017631658041337147,6
51,8,"DenseLayer( 64,1 )","all",0.23892434435195062,0.25771797061255092,0.403402464539729,0.15381232374848411,6
51,8,"DenseLayer( 64,1 )","weights",0.23685534653333759,0.2554654130352042,0.39986115847717979,0.15178023206297916,6
51,8,"DenseLayer( 64,1 )","biases",0.030829151316235464,0.03399963410691597,0.053334813565015793,0.024919712916016579,6
52,0,"Conv2DLayer(1,8,5, stride=5, padding=0)","all",0.26271110180603219,0.30040347088386871,0.42579670315697066,0.37405261113526367,6
52,0,"Conv2DLayer(1,8,5, stride=5, padding=0)","weights",0.25918546200328985,0.2968629623589758,0.42086972955719765,0.36967683861458983,6
52,0,"Conv2DLayer(1,8,5, stride=5, padding=0)","biases",0.041743498445307871,0.045985072561959398,0.064587174901807556,0.057047268900722058,6
52,4,"DenseLayer( 7202,128 )","all",0.18375711828571931,0.19081913766274683,0.25683129832180623,0.18005760980727042,6
52,4,"DenseLayer( 7202,128 )","weights",0.18354292686014734,0.19059933649869543,0.25653889635462895,0.17987613737403294,6
52,4,"DenseLayer( 7202,128 )","biases",0.0088572026805905698,0.0091562123507158959,0.012251957182979735,0.0080819584820309345,6
52,6,"DenseLayer( 128,64 )","all",0.32036209131027699,0.33001378333190595,0.45374595689239922,0.25872178487253999,6
52,6,"DenseLayer( 128,64 )","weights",0.31975605409218966,0.32940817685318058,0.45301251270454529,0.25841888588900375,6
52,6,"DenseLayer( 128,64 )","biases",0.019480907292483772,0.019983748679912483,0.025788693827202374,0.012515645549429036,6
52,8,"DenseLayer( 64,1 )","all",0.19312597486424818,0.19753838606579169,0.26519409213302281,0.14381653976603812,6
52,8,"DenseLayer( 64,1 )","weights",0.19185884445072607,0.19629787015387612,0.26409623627012863,0.14367719671255497,6
52,8,"DenseLayer( 64,1 )","biases",0.020480719627812505,0.022103396628793209,0.031462199985980988,0.0063293171115219593,6
53,0,"Conv2DLayer(1,8,5, stride=5, padding=0)","all",0.13671405242633516,0.15437498798411883,0.26679703047855252,0.1162459600533195,6
53,0,"Conv2DLayer(1,8,5, stride=5, padding=0)","weights",0.13470297534779482,0.15234916084522596,0.26390327633840638,0.11499506933366142,6
53,0,"Conv2DLayer(1,8,5, stride=5, padding=0)","biases",0.022623606510661511,0.024927296380720984,0.03918821519319813,0.017007564718805365,6
53,4,"DenseLayer( 7202,128 )","all",0.10268642608509501,0.12046946026590366,0.21735693867083405,0.055618748869071401,6
53,4,"DenseLayer( 7202,128 )","weights",0.10257087500725938,0.12032695857400534,0.21709650158407126,0.055571358666986564,6
53,4,"DenseLayer( 7202,128 )","biases",0.0048555287017535394,0.0058578065082199012,0.010637094918917152,0.0022955003084225694,6
53,6,"DenseLayer( 128,64 )","all",0.17562695479258664,0.22585003859387653,0.44903962390650837,0.08751362076394055,6
53,6,"DenseLayer( 128,64 )","weights",0.17525016997301343,0.22534836260111862,0.44814397823375635,0.087414395412545892,6
53,6,"DenseLayer( 128,64 )","biases",0.011363127329505483,0.015045112357515484,0.028347109392687406,0.0041662085730172918,6
53,8,"DenseLayer( 64,1 )","all",0.11170045148000035,0.1470310360261268,0.29406053507771734,0.051178128587325455,6
53,8,"DenseLayer( 64,1 )","weights",0.11068887540310575,0.14559719602195542,0.29160587134580873,0.05111622149050158,6
53,8,"DenseLayer( 64,1 )","biases",0.014383601926965639,0.020483702435362763,0.037915881723165512,0.0025164948310703039,6
54,0,"Conv2DLayer(1,8,5, stride=5, padding=0)","all",0.19033609030569881,0.22595212278147889,0.41837971193930534,0.2739967082049059,6
54,0,"Conv2DLayer(1,8,5, stride=5, padding=0)","weights",0.1877762190261264,0.22323126022316747,0.41387881328501308,0.27065230575524674,6
54,0,"Conv2DLayer(1,8,5, stride=5, padding=0)","biases",0.030910860726948382,0.034959494398989752,0.061203850174685652,0.042679333365140529,6
54,4,"DenseLayer( 7202,128 )","all",0.13493979045985663,0.14198787663663157,0.20265143792679333,0.17119404940733718,6
54,4,"DenseLayer( 7202,128 )","weights",0.13478315035163857,0.14182719404636016,0.20245614409656462,0.17099933264213338,6
54,4,"DenseLayer( 7202,128 )","biases",0.0064885133987068735,0.0067530837930094931,0.0088946619580527533,0.0081627684290819496,6
54,6,"DenseLayer( 128,64 )","all",0.22398970118346503,0.2358666356955342,0.33064348560914664,0.21079696446841051,6
54,6,"DenseLayer( 128,64 )","weights",0.22352309254031696,0.23541055241843806,0.33030244322083485,0.21037231401626197,6
54,6,"DenseLayer( 128,64 )","biases",0.014197187967422786,0.014660888253297651,0.019818210884348424,0.013373470923421055,6
54,8,"DenseLayer( 64,1 )","all",0.13333095496552586,0.14000054049063074,0.18847182410260413,0.10925192794002131,6
54,8,"DenseLayer( 64,1 )","weights",0.13230305067184581,0.13901792306475214,0.18842176451889694,0.10864966703071252,6
54,8,"DenseLayer( 64,1 )","biases",0.014871328913917145,0.016558031417755911,0.025025706738233566,0.011455724015831947,6
55,0,"Conv2DLayer(1,8,5, stride=5, padding=0)","all",0.15388307645742233,0.18290161801333396,0.35396982330221755,0.040331721349077233,6
55,0,"Conv2DLayer(1,8,5, stride=5, padding=0)","weights",0.15174414715704596,0.18063149504932124,0.35006809744148726,0.039268435101336284,6
55,0,"Conv2DLayer(1,8,5, stride=5, padding=0)","biases",0.025373528182199439,0.028727423625215076,0.052411477390935012,0.0091998778074359605,6
55,4,"DenseLayer( 7202,128 )","all",0.1267624865357255,0.13299559187477758,0.19247153271787237,0.074117730269817675,6
55,4,"DenseLayer( 7202,128 )","weights",0.12661584697586256,0.13284412484407371,0.19227555954791492,0.074018734197352359,6
55,4,"DenseLayer( 7202,128 )","biases",0.0060893832676397735,0.0063455458815273851,0.0086833235171356153,0.0038294814493802787,6
55,6,"DenseLayer( 128,64 )","all",0.19850156245290954,0.22006705162384729,0.35016836649534505,0.12060778373045246,6
55,6,"DenseLayer( 128,64 )","weights",0.19808006279760287,0.21962510054690487,0.34936596000101006,0.12024520511894601,6
55,6,"DenseLayer( 128,64 )","biases",0.01278866346020208,0.013939957681965997,0.02369200047676303,0.0093449527700353481,6
55,8,"DenseLayer( 64,1 )","all",0.11619550424826532,0.1316455114833413,0.22455202930723106,0.072481992879367685,6
55,8,"DenseLayer( 64,1 )","weights",0.11530124060794346,0.13064339879092274,0.22228112244114959,0.071496651711325604,6
55,8,"DenseLayer( 64,1 )","biases",0.01310716790612787,0.016212434920963404,0.031854614615440369,0.011910839006304741,6
56,0,"Conv2DLayer(1,8,5, stride=5, padding=0)","all",0.14142142456383533,0.18109218200083094,0.36460226892814762,0.031243867953082448,6
56,0,"Conv2DLayer(1,8,5, stride=5, padding=0)","weights",0.13944771185723434,0.17900773699065445,0.3607358583132772,0.029857562073122818,6
56,0,"Conv2DLayer(1,8,5, stride=5, padding=0)","biases",0.022908424284564011,0.027397234884323149,0.05295710560950715,0.0092035466924045243,6
56,4,"DenseLayer( 7202,128 )","all",0.10376348558634528,0.11771318645981714,0.22090110625788484,0.071524005441307256,6
56,4,"DenseLayer( 7202,128 )","weights",0.10364653732775295,0.11758198630069611,0.22066142939153671,0.071442720171643742,6
56,4,"DenseLayer( 7202,128 )","biases",0.0049100529711242997,0.0055561465159399206,0.01028748389263333,0.0034089718163045016,6
56,6,"DenseLayer( 128,64 )","all",0.17464983138465257,0.20364943148396614,0.39931052965348457,0.13716666870590208,6
56,6,"DenseLayer( 128,64 )","weights",0.17428732581129106,0.20326896283835313,0.39867073585121343,0.13681589258503773,6
56,6,"DenseLayer( 128,64 )","biases",0.011055164512954622,0.012442656081513294,0.022595208961158134,0.0098033943118753172,6
56,8,"DenseLayer( 64,1 )","all",0.10621221301140168,0.1216136780634529,0.23233289656934705,0.096491499269338185,6
56,8,"DenseLayer( 64,1 )","weights",0.10534801996188572,0.12079297087358784,0.23131269895159087,0.095322053383273153,6
56,8,"DenseLayer( 64,1 )","biases",0.012682837278892597,0.014104782155486315,0.021748796105384827,0.014977168291807175,6
57,0,"Conv2DLayer(1,8,5, stride=5, padding=0)","all",0.14954880090457773,0.16667123320063684,0.25084153482600208,0.19249611681121528,6
57,0,"Conv2DLayer(1,8,5, stride=5, padding=0)","weights",0.14603605019897689,0.16251694985422682,0.24383278627598198,0.18559822294109032,6
57,0,"Conv2DLayer(1,8,5, stride=5, padding=0)","biases",0.031483972828525025,0.036980278348057241,0.058881643410792363,0.051069116190770036,6
57,4,"DenseLayer( 7202,128 )","all",0.17041888571278035,0.2057945072814428,0.34028346584009461,0.30305571046732138,6
57,4,"DenseLayer( 7202,128 )","weights",0.17019404569781504,0.2055116245168267,0.33980509576048173,0.30263400102163135,6
57,4,"DenseLayer( 7202,128 )","biases",0.008726312138570785,0.010786631340072971,0.018037018028395739,0.015982023416706549,6
57,6,"DenseLayer( 128,64 )","all",0.27924583623637256,0.35261714627517565,0.57305381167878866,0.54150730660971114,6
57,6,"DenseLayer( 128,64 )","weights",0.27838366190980307,0.35146752102973472,0.57110355915612243,0.53974758670532252,6
57,6,"DenseLayer( 128,64 )","biases",0.021692476716914079,0.028450544958957172,0.047237652342152034,0.043620015560337892,6
57,8,"DenseLayer( 64,1 )","all",0.18081167806873202,0.23420155038892526,0.38232748915349585,0.36324180802224243,6
57,8,"DenseLayer( 64,1 )","weights",0.17818453796586448,0.23053898494207226,0.37609239983396525,0.3575960387169973,6
57,8,"DenseLayer( 64,1 )","biases",0.029861458072749276,0.041257031236569597,0.068766385316848755,0.063794076442718506,6
58,0,"Conv2DLayer(1,8,5, stride=5, padding=0)","all",0.11742483862225367,0.13723025108617373,0.25090814250694948,0.25090814250694948,6
58,0,"Conv2DLayer(1,8,5, stride=5, padding=0)","weights",0.11403914416014904,0.13403610055251036,0.24723502060091598,0.24723502060091598,6
58,0,"Conv2DLayer(1,8,5, stride=5, padding=0)","biases",0.026634515129830137,0.029435787094141349,0.042775466856041548,0.042775466856041548,6
58,4,"DenseLayer( 7202,128 )","all",0.18104877239506509,0.19825382556499807,0.2883573771897609,0.27171189810667312,6
58,4,"DenseLayer( 7202,128 )","weights",0.18079643386975666,0.19797674798351156,0.28794259471819506,0.27135534884462825,6
58,4,"DenseLayer( 7202,128 )","biases",0.0095518617417697724,0.010477910527859522,0.015460890230232699,0.013915107837930834,6
58,6,"DenseLayer( 128,64 )","all",0.3571554917992234,0.39345396843536323,0.56940336480839526,0.56572248360949207,6
58,6,"DenseLayer( 128,64 )","weights",0.35617498224207667,0.39238044475586908,0.56776733323889339,0.56436215984691229,6
58,6,"DenseLayer( 128,64 )","biases",0.026416556087867509,0.02904499699986517,0.043132901153503322,0.039208175094236068,6
58,8,"DenseLayer( 64,1 )","all",0.23300967918590157,0.25621922376417783,0.36922394140415005,0.3661655905316813,6
58,8,"DenseLayer( 64,1 )","weights",0.23011098824777379,0.25304859581223405,0.36435869013678479,0.36226071564765211,6
58,8,"DenseLayer( 64,1 )","biases",0.036580187889436878,0.040183314743490385,0.059741642326116562,0.053333044052124023,6
59,0,"Conv2DLayer(1,8,5, stride=5, padding=0)","all",0.16881370433549503,0.17947891381559014,0.24918141017421122,0.18283145249815475,6
59,0,"Conv2DLayer(1,8,5, stride=5, padding=0)","weights",0.16435861098026183,0.17535201199472022,0.24559361005830641,0.17856878530739034,6
59,0,"Conv2DLayer(1,8,5, stride=5, padding=0)","biases",0.036785282803030735,0.03826685764244997,0.052356153990583083,0.039249572436246286,6
59,4,"DenseLayer( 7202,128 )","all",0.23384243636614052,0.24887441958434056,0.36868329305144693,0.26413385503893394,6
59,4,"DenseLayer( 7202,128 )","weights",0.23352602232016309,0.24853513769479324,0.3681846583590333,0.26375834847853469,6
59,4,"DenseLayer( 7202,128 )","biases",0.012157911175635232,0.01299084502534612,0.019168409540205295,0.014079310551459133,6
59,6,"DenseLayer( 128,64 )","all",0.45095575603196325,0.48460450724356013,0.75099686715258906,0.53921073999156843,6
59,6,"DenseLayer( 128,64 )","weights",0.44977703984633177,0.48331960375077077,0.74905893546543301,0.53773227122938239,6
59,6,"DenseLayer( 128,64 )","biases",0.032532428577084722,0.035265976109725101,0.053916654870232575,0.039902714202729866,6
59,8,"DenseLayer( 64,1 )","all",0.28957647705845541,0.3139351290454358,0.49079667843856267,0.35579047085600296,6
59,8,"DenseLayer( 64,1 )","weights",0.28622948857052394,0.31020159801635211,0.48509011184291317,0.35136467368542207,6
59,8,"DenseLayer( 64,1 )","biases",0.043713553187747799,0.048272495656179852,0.074625484645366669,0.055943947285413742,6
60,0,"Conv2DLayer(1,8,5, stride=5, padding=0)","all",0.19497382509441757,0.21188957094398528,0.31545986650232671,0.1721257199563134,6
60,0,"Conv2DLayer(1,8,5, stride=5, padding=0)","weights",0.19123192584118001,0.20863983268435801,0.31250098866351583,0.16636001617925358,6
60,0,"Conv2DLayer(1,8,5, stride=5, padding=0)","biases",0.036008658540038527,0.036967695252331782,0.044177013109961513,0.044177013109961513,6
60,4,"DenseLayer( 7202,128 )","all",0.1802944691234214,0.18394846550435681,0.23523980247130882,0.23523980247130882,6
60,4,"DenseLayer( 7202,128 )","weights",0.18007469895677256,0.18372277428047618,0.23494253745869478,0.23494253745869478,6
60,4,"DenseLayer( 7202,128 )","biases",0.0088730553058247209,0.009109345316363298,0.011822383820963726,0.011822383820963726,6
60,6,"DenseLayer( 128,64 )","all",0.31875561219032744,0.32551079802511423,0.40503895999329004,0.39368077964293025,6
60,6,"DenseLayer( 128,64 )","weights",0.31800853961939929,0.32470797918126104,0.40379048006581042,0.39245003152773139,6
60,6,"DenseLayer( 128,64 )","biases",0.021374365873380249,0.022847491918555396,0.031777465611158837,0.031105128421983114,6
60,8,"DenseLayer( 64,1 )","all",0.20102885033436629,0.20706919125923551,0.26860800935649104,0.25341083301284711,6
60,8,"DenseLayer( 64,1 )","weights",0.19901984387447841,0.20478341002382205,0.26469858517514022,0.24952635553479066,6
60,8,"DenseLayer( 64,1 )","biases",0.026307058598225314,0.030682323050398776,0.045660942792892456,0.044200092554092407,6
61,0,"Conv2DLayer(1,8,5, stride=5, padding=0)","all",0.21550084225442798,0.22612614971301248,0.29799783000329794,0.29069748175240939,6
61,0,"Conv2DLayer(1,8,5, stride=5, padding=0)","weights",0.20982234827402954,0.22080120328761066,0.29445784057329805,0.28508838633097194,6
61,0,"Conv2DLayer(1,8,5, stride=5, padding=0)","biases",0.047928388732833886,0.048783851946878579,0.060393328371718666,0.056829903012365637,6
61,4,"DenseLayer( 7202,128 )","all",0.26811285169694682,0.27789214292732978,0.39705442148025566,0.26939608429204526,6
61,4,"DenseLayer( 7202,128 )","weights",0.26775385385662887,0.27751667099553801,0.39651851353956447,0.26903514740952117,6
61,4,"DenseLayer( 7202,128 )","biases",0.013860286350771748,0.014440928650811093,0.020622367405192236,0.013940577112298744,6
61,6,"DenseLayer( 128,64 )","all",0.47092705629646991,0.50061765409739445,0.78472459231569935,0.41741999604257435,6
61,6,"DenseLayer( 128,64 )","weights",0.46957164191196621,0.49916920714838081,0.78265564965074974,0.41602581609892447,6
61,6,"DenseLayer( 128,64 )","biases",0.035525152907626416,0.038054411424109084,0.056945762395487431,0.034087731449990395,6
61,8,"DenseLayer( 64,1 )","all",0.30246023502014441,0.32488125256617295,0.50704463759954432,0.27914340121166675,6
61,8,"DenseLayer( 64,1 )","weights",0.2984805608250039,0.32052008526143316,0.50103878981613514,0.2746489937949983,6
61,8,"DenseLayer( 64,1 )","biases",0.047667293072057269,0.053053776613631094,0.077809996902942657,0.049889564514160156,6
62,0,"Conv2DLayer(1,8,5, stride=5, padding=0)","all",0.2039385512129992,0.21620754419220073,0.34077061596408237,0.1488839908810414,6
62,0,"Conv2DLayer(1,8,5, stride=5, padding=0)","weights",0.19564400190365128,0.20819454535699664,0.33143175887449161,0.13856058519652595,6
62,0,"Conv2DLayer(1,8,5, stride=5, padding=0)","biases",0.055649355008987794,0.058315807884448498,0.079231319021590182,0.054473910917633706,6
62,4,"DenseLayer( 7202,128 )","all",0.35513056850851232,0.37493101367949749,0.56623755966195777,0.34574186835345655,6
62,4,"DenseLayer( 7202,128 )","weights",0.35463456824112216,0.37440715399527436,0.56543708548089722,0.34524736239408227,6
62,4,"DenseLayer( 7202,128 )","biases",0.018761956598462592,0.019812825540403808,0.030097779565904943,0.018485082971631737,6
62,6,"DenseLayer( 128,64 )","all",0.66114293858962425,0.70096673923612229,1.100815226340299,0.67422369170596219,6
62,6,"DenseLayer( 128,64 )","weights",0.65913183954117094,0.69884752440757925,1.0975569628418582,0.67213773181100833,6
62,6,"DenseLayer( 128,64 )","biases",0.051484481336176759,0.054465651053850039,0.084633774936485939,0.052994867049266259,6
62,8,"DenseLayer( 64,1 )","all",0.44135046671080763,0.46777308378466692,0.73312281900804743,0.45430179376789409,6
62,8,"DenseLayer( 64,1 )","weights",0.43507614628820912,0.46116676515272803,0.72305923507719372,0.44775080266394757,6
62,8,"DenseLayer( 64,1 )","biases",0.074052461112538978,0.078338193954070712,0.12105540186166763,0.076872222125530243,6
63,0,"Conv2DLayer(1,8,5, stride=5, padding=0)","all",0.17077705727256931,0.17834302737208693,0.25061671009931163,0.16557695478572554,6
63,0,"Conv2DLayer(1,8,5, stride=5, padding=0)","weights",0.1640047435771344,0.17155434807036729,0.24487441765228901,0.15893364722071324,6
63,0,"Conv2DLayer(1,8,5, stride=5, padding=0)","biases",0.045314384728000041,0.048737470906810604,0.068047437164752006,0.046430848982503783,6
63,4,"DenseLayer( 7202,128 )","all",0.29509695590026735,0.3227729149584348,0.43816585485989706,0.30671943138001628,6
63,4,"DenseLayer( 7202,128 )","weights",0.2946949157511416,0.32232813200775695,0.43754181146850368,0.30630290668033316,6
63,4,"DenseLayer( 7202,128 )","biases",0.015391834796040409,0.016939006675569548,0.023376902745331933,0.015979328686136871,6
63,6,"DenseLayer( 128,64 )","all",0.57778920834958925,0.63564880208708785,0.82347993371052919,0.60342595049517511,6
63,6,"DenseLayer( 128,64 )","weights",0.57620049901810422,0.63386957028248625,0.82095073681431985,0.60180283001356827,6
63,6,"DenseLayer( 128,64 )","biases",0.042754640874367637,0.047526492240075428,0.064490998968249238,0.044229306106536019,6
63,8,"DenseLayer( 64,1 )","all",0.37870407483459184,0.41891770667983513,0.5497648472465344,0.39007908532174729,6
63,8,"DenseLayer( 64,1 )","weights",0.37396250550681254,0.41351959874387223,0.54185989215761854,0.38529911264192229,6
63,8,"DenseLayer( 64,1 )","biases",0.059394991452184819,0.067034218311242261,0.092893727123737335,0.060879278928041458,6
64,0,"Conv2DLayer(1,8,5, stride=5, padding=0)","all",0.13682671914823683,0.16212354249743477,0.29634652657397981,0.20428321782822859,6
64,0,"Conv2DLayer(1,8,5, stride=5, padding=0)","weights",0.13403025276799774,0.15964103137269714,0.29346396454949841,0.20080233919263552,6
64,0,"Conv2DLayer(1,8,5, stride=5, padding=0)","biases",0.025875576525133819,0.028262769400380285,0.041233061047577381,0.0375506812324524,6
64,4,"DenseLayer( 7202,128 )","all",0.11697095305337163,0.12601896799773432,0.17275962421425806,0.17275962421425806,6
64,4,"DenseLayer( 7202,128 )","weights",0.11683308097583577,0.12586901840228421,0.17254041936723225,0.17254041936723225,6
64,4,"DenseLayer( 7202,128 )","biases",0.0056612061824304069,0.0061457710386437249,0.0087000829439313459,0.0087000829439313459,6
64,6,"DenseLayer( 128,64 )","all",0.20456363280825313,0.22067964435080528,0.32480741520458611,0.26950172889363727,6
64,6,"DenseLayer( 128,64 )","weights",0.20407484922508268,0.2201369713591777,0.32386627443662852,0.26861301184145925,6
64,6,"DenseLayer( 128,64 )","biases",0.013825234666149846,0.015466714958467612,0.024708161696549252,0.021868510377243591,6
64,8,"DenseLayer( 64,1 )","all",0.12767590199589868,0.13958232576626256,0.21353152904710662,0.17821620456850251,6
64,8,"DenseLayer( 64,1 )","weights",0.12635763571467681,0.13802362866251194,0.21063871580133001,0.17532551515742681,6
64,8,"DenseLayer( 64,1 )","biases",0.016920279866705339,0.020801528721516218,0.035029206424951553,0.031968411058187485,6
65,0,"Conv2DLayer(1,8,5, stride=5, padding=0)","all",0.11482315371055962,0.12881312322932578,0.20237007297270335,0.056033532900882262,6
65,0,"Conv2DLayer(1,8,5, stride=5, padding=0)","weights",0.11249921972401247,0.12642365428303678,0.19758436830659873,0.054028462215529316,6
65,0,"Conv2DLayer(1,8,5, stride=5, padding=0)","biases",0.022394635551866087,0.024695755785492088,0.043750015266964419,0.014855372091582764,6
65,4,"DenseLayer( 7202,128 )","all",0.10259068361202894,0.11317625581615851,0.20395936812339321,0.083722826063518607,6
65,4,"DenseLayer( 7202,128 )","weights",0.10246597687388395,0.11303545133002728,0.2036906359305842,0.083629267291452591,6
65,4,"DenseLayer( 7202,128 )","biases",0.0050478642252640435,0.0056437242297608936,0.010466550505684019,0.0039569251138944694,6
65,6,"DenseLayer( 128,64 )","all",0.16549291864223148,0.18460888708033973,0.33269472432230601,0.16152390306738423,6
65,6,"DenseLayer( 128,64 )","weights",0.16502645778478267,0.18405703900081605,0.33161041291759458,0.16109356924837823,6
65,6,"DenseLayer( 128,64 )","biases",0.01232176348457167,0.014263505294762195,0.0268386593651329,0.011782750482790745,6
65,8,"DenseLayer( 64,1 )","all",0.10926123661305538,0.12356253812085929,0.22346389108911699,0.11140423843281054,6
65,8,"DenseLayer( 64,1 )","weights",0.10781051858602668,0.12178413401102427,0.21990996471905935,0.1099874912135614,6
65,8,"DenseLayer( 64,1 )","biases",0.017415085031340521,0.020888406594417059,0.039695315062999725,0.017710339277982712,6
66,0,"Conv2DLayer(1,8,5, stride=5, padding=0)","all",0.092612317906987499,0.099711223698192977,0.13760509435150564,0.069638272137869356,6
66,0,"Conv2DLayer(1,8,5, stride=5, padding=0)","weights",0.091187265706919859,0.098288949193052005,0.1360001249576096,0.06848910360332075,6
66,0,"Conv2DLayer(1,8,5, stride=5, padding=0)","biases",0.015892362473856697,0.016781257340161469,0.020955381242090083,0.01259887431326899,6
66,4,"DenseLayer( 7202,128 )","all",0.088129990767545643,0.094049555666750856,0.13088068569976058,0.045374651800565172,6
66,4,"DenseLayer( 7202,128 )","weights",0.088023393222752863,0.093931135733707136,0.13070307934114114,0.045326284283921457,6
66,4,"DenseLayer( 7202,128 )","biases",0.0043225146557967012,0.0047181204826874752,0.0068160795170595671,0.0020945116461044372,6
66,6,"DenseLayer( 128,64 )","all",0.15418575832791989,0.16871958091016245,0.24475427287856633,0.050817865624051113,6
66,6,"DenseLayer( 128,64 )","weights",0.15383174232912128,0.16831987167336376,0.24413314426277058,0.050710083316451146,6
66,6,"DenseLayer( 128,64 )","biases",0.010395490788210339,0.011606798971430686,0.017425899250510642,0.0033080079538444925,6
66,8,"DenseLayer( 64,1 )","all",0.095954387201717714,0.10490577928484747,0.15083988403267587,0.029653410765969491,6
66,8,"DenseLayer( 64,1 )","weights",0.095057387829394893,0.10388470950248685,0.14924221485156211,0.029425118317791567,6
66,8,"DenseLayer( 64,1 )","biases",0.01294353666404883,0.014601015681967181,0.021895933896303177,0.0036724898964166641,6
67,0,"Conv2DLayer(1,8,5, stride=5, padding=0)","all",0.13331689325776158,0.14493524094020413,0.20045945465977918,0.10662075704514844,6
67,0,"Conv2DLayer(1,8,5, stride=5, padding=0)","weights",0.13078454803074172,0.14245462295533817,0.19823855879561178,0.1023460867620927,6
67,0,"Conv2DLayer(1,8,5, stride=5, padding=0)","biases",0.025164986967275309,0.026700270879664624,0.0356019311468612,0.029887528458652529,6
67,4,"DenseLayer( 7202,128 )","all",0.12856498574268863,0.14070539300069287,0.22080390674961037,0.1499287486427491,6
67,4,"DenseLayer( 7202,128 )","weights",0.12840487945893531,0.14052581292778416,0.22051646096579994,0.14972247605010477,6
67,4,"DenseLayer( 7202,128 )","biases",0.0064040009350315105,0.0071065828965007818,0.011263022640901101,0.0078619231112019208,6
67,6,"DenseLayer( 128,64 )","all",0.235466883841154,0.26390984484508589,0.42142609896528166,0.28216316144733,6
67,6,"DenseLayer( 128,64 )","weights",0.234901703746493,0.26327265089451207,0.42044540700059047,0.28122627428281938,6
67,6,"DenseLayer( 128,64 )","biases",0.016189765833508722,0.018328052191482255,0.028733545225105631,0.022974601867202137,6
67,8,"DenseLayer( 64,1 )","all",0.14935277505133679,0.16779466847309907,0.26557206951824741,0.18673865866081152,6
67,8,"DenseLayer( 64,1 )","weights",0.14778526021542318,0.16602670432197833,0.26297330002876002,0.1837508675926447,6
67,8,"DenseLayer( 64,1 )","biases",0.021233581239357591,0.024293707415287802,0.037061672657728195,0.033270787447690964,6
68,0,"Conv2DLayer(1,8,5, stride=5, padding=0)","all",0.069353298710577299,0.07688405349016883,0.13446810194889328,0.050590246766902706,6
68,0,"Conv2DLayer(1,8,5, stride=5, padding=0)","weights",0.06722066554672812,0.075095876965923444,0.13244653747242272,0.048250513626187222,6
68,0,"Conv2DLayer(1,8,5, stride=5, padding=0)","biases",0.016126439889069831,0.016485355434385719,0.023228972282563029,0.015207268089477173,6
68,4,"DenseLayer( 7202,128 )","all",0.097380028065494159,0.10159298463127159,0.12944413454727177,0.088806385080881012,6
68,4,"DenseLayer( 7202,128 )","weights",0.097251256042788725,0.10145900761048034,0.12929286289867647,0.088678319876424855,6
68,4,"DenseLayer( 7202,128 )","biases",0.0050028439688521217,0.0052157742460997528,0.0064882598251770089,0.0047675586024925228,6
68,6,"DenseLayer( 128,64 )","all",0.163034492073583,0.17421121213978272,0.24422389897015134,0.17175004309663347,6
68,6,"DenseLayer( 128,64 )","weights",0.16255445336081539,0.17370609834302742,0.24349863046034631,0.17117053697531739,6
68,6,"DenseLayer( 128,64 )","biases",0.012463999901723772,0.013256614713223988,0.018807705658011886,0.014096970429030121,6
68,8,"DenseLayer( 64,1 )","all",0.10524720862081147,0.11320417963832619,0.16253855479224222,0.11825876134330998,6
68,8,"DenseLayer( 64,1 )","weights",0.10384156672300784,0.11170182773507671,0.16029599068662659,0.11637140618388379,6
68,8,"DenseLayer( 64,1 )","biases",0.016931787598878145,0.018381729195852878,0.026906823739409447,0.021043537184596062,6
69,0,"Conv2DLayer(1,8,5, stride=5, padding=0)","all",0.091529068411456499,0.106625258288697,0.19431746260654967,0.19431746260654967,6
69,0,"Conv2DLayer(1,8,5, stride=5, padding=0)","weights",0.088058127066196548,0.10340489199503369,0.19225726673709184,0.19225726673709184,6
69,0,"Conv2DLayer(1,8,5, stride=5, padding=0)","biases",0.022907865478189432,0.026007191632830409,0.046543481229783336,0.028220908217676963,6
69,4,"DenseLayer( 7202,128 )","all",0.14328294194191876,0.16092997804332662,0.29318008194467915,0.12810159933515275,6
69,4,"DenseLayer( 7202,128 )","weights",0.14309591816730971,0.16071369465543078,0.29277271976881952,0.12797263607478881,6
69,4,"DenseLayer( 7202,128 )","biases",0.0073013266015294056,0.0083406344618712266,0.015449757546869697,0.0057466658414835137,6
69,6,"DenseLayer( 128,64 )","all",0.26521515614358804,0.30041825279589379,0.55034166284494801,0.23466225172418495,6
69,6,"DenseLayer( 128,64 )","weights",0.2644961972505917,0.29956081220130637,0.54865555336486882,0.23430811569472343,6
69,6,"DenseLayer( 128,64 )","biases",0.019383069387604809,0.022681411028223356,0.043046830601473851,0.012887175945600092,6
69,8,"DenseLayer( 64,1 )","all",0.17489515903618311,0.20001648735315125,0.37168971892269936,0.15212514080202308,6
69,8,"DenseLayer( 64,1 )","weights",0.1727298851354262,0.19737486568729881,0.36635583724085163,0.1512752861735174,6
69,8,"DenseLayer( 64,1 )","biases",0.027143429731950164,0.032399963086615864,0.062742710113525391,0.016057591885328293,6
70,0,"Conv2DLayer(1,8,5, stride=5, padding=0)","all",0.15558638241455008,0.17586652896101146,0.2777605275117937,0.10530083494287495,6
70,0,"Conv2DLayer(1,8,5, stride=5, padding=0)","weights",0.1518389830999374,0.17195106522843784,0.27304659018323663,0.10357009344660995,6
70,0,"Conv2DLayer(1,8,5, stride=5, padding=0)","biases",0.033120276790205745,0.036903484599693177,0.054639446345401126,0.019013194974203517,6
70,4,"DenseLayer( 7202,128 )","all",0.19459334506866283,0.21691029014384572,0.34220788675424807,0.10143903292582,6
70,4,"DenseLayer( 7202,128 )","weights",0.19433143970578565,0.21661694836116155,0.34173963676399571,0.10132152996158249,6
70,4,"DenseLayer( 7202,128 )","biases",0.010087702416327421,0.01127704096761244,0.017895765455004996,0.0048810825817369634,6
70,6,"DenseLayer( 128,64 )","all",0.36096876916574505,0.41370829916168861,0.68059110205477535,0.15530780659118368,6
70,6,"DenseLayer( 128,64 )","weights",0.35996836864551535,0.41259459516309205,0.67881302823485057,0.15483691937321145,6
70,6,"DenseLayer( 128,64 )","biases",0.026782401554156867,0.030335735320929376,0.049164223727886841,0.012084832939603806,6
70,8,"DenseLayer( 64,1 )","all",0.23742376352402225,0.27002312084635599,0.4427245686416636,0.11085708500251475,6
70,8,"DenseLayer( 64,1 )","weights",0.23444644316632121,0.26674298058273216,0.43759298865479768,0.10929322669707919,6
70,8,"DenseLayer( 64,1 )","biases",0.037306839134544134,0.041960315792972103,0.067211754620075226,0.018554888665676117,6
71,0,"Conv2DLayer(1,8,5, stride=5, padding=0)","all",0.10830533695547424,0.1188999123675851,0.1993959701968113,0.10766766257480355,6
71,0,"Conv2DLayer(1,8,5, stride=5, padding=0)","weights",0.10444281845500655,0.11530555851578332,0.19557543335598929,0.10634491137486281,6
71,0,"Conv2DLayer(1,8,5, stride=5, padding=0)","biases",0.026900429514977554,0.029014088584387435,0.041618783172617441,0.016825141574272933,6
71,4,"DenseLayer( 7202,128 )","all",0.15308529135778978,0.16954162155685501,0.26989247840616754,0.074411175527155538,6
71,4,"DenseLayer( 7202,128 )","weights",0.15287533928229921,0.16930491105574827,0.26951466738435248,0.074333506063674962,6
71,4,"DenseLayer( 7202,128 )","biases",0.0080053279800905239,0.0089559216462080024,0.014275642364723239,0.0033989586073897107,6
71,6,"DenseLayer( 128,64 )","all",0.26768871692712404,0.30605481011259195,0.4999676643019717,0.10539917844072157,6
71,6,"DenseLayer( 128,64 )","weights",0.2668585756182878,0.3050887289103057,0.49839324360128262,0.10512466297797393,6
71,6,"DenseLayer( 128,64 )","biases",0.021033763668911444,0.02429844202718973,0.039646438429720474,0.0076021082435376629,6
71,8,"DenseLayer( 64,1 )","all",0.17978362665375253,0.20832113574514827,0.34382308582840021,0.068547926835360581,6
71,8,"DenseLayer( 64,1 )","weights",0.17719215750880349,0.20524720599442955,0.33876577292522064,0.067704079985009158,6
71,8,"DenseLayer( 64,1 )","biases",0.030272919956284266,0.035655014088185492,0.058754280209541321,0.010722678154706955,6
72,0,"Conv2DLayer(1,8,5, stride=5, padding=0)","all",0.24079560106706444,0.27387162665644993,0.4920017214255793,0.22510039798798473,6
72,0,"Conv2DLayer(1,8,5, stride=5, padding=0)","weights",0.23622117263034759,0.26963781046748136,0.48695520603475367,0.22230674655459942,6
72,0,"Conv2DLayer(1,8,5, stride=5, padding=0)","biases",0.044428420960036331,0.047969980756224044,0.070287418514155015,0.035353919311134713,6
72,4,"DenseLayer( 7202,128 )","all",0.20607045337327545,0.22236359673594369,0.37192849696963171,0.14451637870202205,6
72,4,"DenseLayer( 7202,128 )","weights",0.20581378865417913,0.22208142329162883,0.37140833230827075,0.14435571648731801,6
72,4,"DenseLayer( 7202,128 )","biases",0.010259005545182427,0.011198686624322097,0.019663609792672454,0.0068125494918802564,6
72,6,"DenseLayer( 128,64 )","all",0.33435245332767172,0.36610324965931501,0.62922333913895501,0.17162174205487815,6
72,6,"DenseLayer( 128,64 )","weights",0.33348437716091278,0.36510114758853168,0.62711639305657985,0.17127601307907311,6
72,6,"DenseLayer( 128,64 )","biases",0.023572031979853469,0.027069197266412114,0.051449393357761358,0.01088805261230419,6
72,8,"DenseLayer( 64,1 )","all",0.21248290254502156,0.23707430208789565,0.42449574916694083,0.090674894709501186,6
72,8,"DenseLayer( 64,1 )","weights",0.21001124197453105,0.23403675976746643,0.41771696807500275,0.090073677356531087,6
72,8,"DenseLayer( 64,1 )","biases",0.02978274691849947,0.037828822186370022,0.075559087097644806,0.010424450971186161,6
73,0,"Conv2DLayer(1,8,5, stride=5, padding=0)","all",0.12903925036320674,0.14291050311841252,0.22815289253666379,0.063945097640576085,6
73,0,"Conv2DLayer(1,8,5, stride=5, padding=0)","weights",0.12696064642520968,0.14085782761283375,0.22480471744094288,0.062321601822808957,6
73,0,"Conv2DLayer(1,8,5, stride=5, padding=0)","biases",0.022568210966710727,0.024134711553093241,0.038943309940788061,0.014317592622437059,6
73,4,"DenseLayer( 7202,128 )","all",0.10747955705716361,0.11674026048527052,0.20714202125815351,0.078667987306279399,6
73,4,"DenseLayer( 7202,128 )","weights",0.10735639719841034,0.11660687009985464,0.20690111808471928,0.078573179113997943,6
73,4,"DenseLayer( 7202,128 )","biases",0.0051354680420770578,0.0055790916540632727,0.0099872071274388352,0.0038610556510539295,6
73,6,"DenseLayer( 128,64 )","all",0.19317996927734585,0.21775634749429396,0.41334093856623727,0.15143963452831571,6
73,6,"DenseLayer( 128,64 )","weights",0.19276458537522415,0.21730489366625874,0.41249558288910965,0.15109570146479431,6
73,6,"DenseLayer( 128,64 )","biases",0.012526250567182085,0.01401463744631571,0.026422066380046693,0.010200583558384352,6
73,8,"DenseLayer( 64,1 )","all",0.12279640618505094,0.14025853613154415,0.27239252461273405,0.093858550686598097,6
73,8,"DenseLayer( 64,1 )","weights",0.12169544132610849,0.13905591852537183,0.27008380881831717,0.092987243326963787,6
73,8,"DenseLayer( 64,1 )","biases",0.015966876254727442,0.01832780621975328,0.035389598459005356,0.012759314849972725,6
74,0,"Conv2DLayer(1,8,5, stride=5, padding=0)","all",0.079519958524607609,0.082314752395529434,0.1039559391040509,0.06861835552792514,6
74,0,"Conv2DLayer(1,8,5, stride=5, padding=0)","weights",0.075026738290406569,0.077696159139590548,0.10017969297411597,0.063954872061092807,6
74,0,"Conv2DLayer(1,8,5, stride=5, padding=0)","biases",0.025620450640592117,0.027185020082625307,0.04364362927934911,0.024864694950993992,6
74,4,"DenseLayer( 7202,128 )","all",0.18595179498933004,0.20257362534501094,0.34055156102575351,0.18204082794794835,6
74,4,"DenseLayer( 7202,128 )","weights",0.18568570863880712,0.20228221628771373,0.34005528677774621,0.18176926477586416,6
74,4,"DenseLayer( 7202,128 )","biases",0.0099433582888279557,0.010861798154609166,0.018378456180602038,0.009939689271617912,6
74,6,"DenseLayer( 128,64 )","all",0.34347782543159344,0.37682068556028986,0.6229624010033622,0.33996396843099502,6
74,6,"DenseLayer( 128,64 )","weights",0.342434693032725,0.37567650941603831,0.62100993811960303,0.33884256282323622,6
74,6,"DenseLayer( 128,64 )","biases",0.02673069003658789,0.029342619840568535,0.049282956694589507,0.02759016945819311,6
74,8,"DenseLayer( 64,1 )","all",0.22963078352727331,0.25273319757425006,0.42093433607338132,0.22667476839946776,6
74,8,"DenseLayer( 64,1 )","weights",0.22641659514693729,0.24920114474507574,0.41486669950080718,0.22316394427488628,6
74,8,"DenseLayer( 64,1 )","biases",0.038251666041711964,0.042105327618351576,0.071213319897651672,0.039740465581417084,6
75,0,"Conv2DLayer(1,8,5, stride=5, padding=0)","all",0.10482035497541614,0.10946099914363072,0.15427915493747882,0.15427915493747882,6
75,0,"Conv2DLayer(1,8,5, stride=5, padding=0)","weights",0.10190845798283374,0.10696841079300637,0.15241255823288075,0.15241255823288075,6
75,0,"Conv2DLayer(1,8,5, stride=5, padding=0)","biases",0.022937833877020447,0.023226481135560917,0.026401300661375336,0.023926339902528543,6
75,4,"DenseLayer( 7202,128 )","all",0.14286922201962773,0.14791358793417347,0.190190386299422,0.13238680379158074,6
75,4,"DenseLayer( 7202,128 )","weights",0.14268289483192556,0.14771870447466029,0.18993722935886712,0.13223084591979847,6
75,4,"DenseLayer( 7202,128 )","biases",0.0072901343872229518,0.0075903783758418204,0.0098097881832624537,0.006424111260323169,6
75,6,"DenseLayer( 128,64 )","all",0.26981925061163997,0.28428615262456208,0.39804042360304481,0.24732925903389727,6
75,6,"DenseLayer( 128,64 )","weights",0.26910314272319469,0.28351339299901973,0.39700223177585775,0.24681871839586322,6
75,6,"DenseLayer( 128,64 )","biases",0.019567090215830633,0.020946898678782425,0.028729893614133691,0.015883407181087526,6
75,8,"DenseLayer( 64,1 )","all",0.17530199732395235,0.18746236901710625,0.2653370086590553,0.14967254600536981,6
75,8,"DenseLayer( 64,1 )","weights",0.17324095516408064,0.185135853465454,0.2622253362057485,0.14853813978892536,6
75,8,"DenseLayer( 64,1 )","biases",0.026143264064254861,0.029442410891835347,0.040516678243875504,0.018392717465758324,6
76,0,"Conv2DLayer(1,8,5, stride=5, padding=0)","all",0.13808528391571401,0.15187473543481952,0.24515269253753746,0.084557535130252964,6
76,0,"Conv2DLayer(1,8,5, stride=5, padding=0)","weights",0.13610718697769564,0.14978932737301445,0.24221133617829746,0.083139505003646988,6
76,0,"Conv2DLayer(1,8,5, stride=5, padding=0)","biases",0.023177525163897178,0.025081719808185479,0.037861739066347093,0.015420747551676051,6
76,4,"DenseLayer( 7202,128 )","all",0.10066452514554386,0.10537636015556655,0.14812197465376786,0.091709263626029519,6
76,4,"DenseLayer( 7202,128 )","weights",0.10054794225091002,0.10525224809786608,0.14792790877560316,0.091604412719113903,6
76,4,"DenseLayer( 7202,128 )","biases",0.0048360312121708306,0.005112880790798786,0.007579787636093455,0.0043841310672495092,6
76,6,"DenseLayer( 128,64 )","all",0.14618986541833395,0.15789182472860247,0.23777766990832402,0.11707334681209312,6
76,6,"DenseLayer( 128,64 )","weights",0.14584891443183265,0.15751448961367828,0.23699241889616979,0.11674742280679073,6
76,6,"DenseLayer( 128,64 )","biases",0.0097574211124103315,0.010909348187227398,0.019308384002144765,0.008729707999530956,6
76,8,"DenseLayer( 64,1 )","all",0.090956761832282323,0.099805945473871033,0.16505861908691183,0.074942992402678696,6
76,8,"DenseLayer( 64,1 )","weights",0.090101077257550025,0.098755427743787164,0.16244353103991738,0.073975687549958327,6
76,8,"DenseLayer( 64,1 )","biases",0.011034136366409561,0.014442722841450333,0.029265115037560463,0.012002073228359222,6
77,0,"Conv2DLayer(1,8,5, stride=5, padding=0)","all",0.10583577142505014,0.12222378305219027,0.21933530343393001,0.21933530343393001,6
77,0,"Conv2DLayer(1,8,5, stride=5, padding=0)","weights",0.10317096631547033,0.12008197178521231,0.21730929924334369,0.21730929924334369,6
77,0,"Conv2DLayer(1,8,5, stride=5, padding=0)","biases",0.021543481559652501,0.02278098320451399,0.02974296210569926,0.02974296210569926,6
77,4,"DenseLayer( 7202,128 )","all",0.14410247524767003,0.15041091834366022,0.19478128452591695,0.19478128452591695,6
77,4,"DenseLayer( 7202,128 )","weights",0.14391036699503035,0.15020896727016239,0.19452827022256197,0.19452827022256197,6
77,4,"DenseLayer( 7202,128 )","biases",0.0074356429023981624,0.0077916948486516438,0.0099247612456985455,0.0099247612456985455,6
77,6,"DenseLayer( 128,64 )","all",0.25906615504024066,0.27106112275590583,0.34865642618127468,0.34186934206970748,6
77,6,"DenseLayer( 128,64 )","weights",0.25833383573335472,0.27029801510198376,0.34756408527309035,0.34114339910712244,6
77,6,"DenseLayer( 128,64 )","biases",0.019378202024655233,0.020325238045838922,0.02757734841819677,0.022267202177491115,6
77,8,"DenseLayer( 64,1 )","all",0.17580049081860066,0.18410678025137031,0.24188177379165607,0.22046957959500463,6
77,8,"DenseLayer( 64,1 )","weights",0.17353885679704609,0.18175213221062295,0.23838873841717906,0.21864984627320785,6
77,8,"DenseLayer( 64,1 )","biases",0.027878598310053349,0.029350791665960115,0.04095853865146637,0.028268007561564445,6
78,0,"Conv2DLayer(1,8,5, stride=5, padding=0)","all",0.1334875627320844,0.16888673583658065,0.32157462073720372,0.024561785333337419,6
78,0,"Conv2DLayer(1,8,5, stride=5, padding=0)","weights",0.1307499111683415,0.1664104388359387,0.31764693244423553,0.023785598086360816,6
78,0,"Conv2DLayer(1,8,5, stride=5, padding=0)","biases",0.025127090638404081,0.028814846658715264,0.050106516652464371,0.0061258976840180678,6
78,4,"DenseLayer( 7202,128 )","all",0.14115623198637822,0.15231113892395914,0.20487728025038349,0.036352777268728452,6
78,4,"DenseLayer( 7202,128 )","weights",0.14097398016847099,0.15211417669864885,0.20464097369030326,0.036313696641597441,6
78,4,"DenseLayer( 7202,128 )","biases",0.007160180533375732,0.0077434028440871421,0.010007185304852059,0.0016851858567572956,6
78,6,"DenseLayer( 128,64 )","all",0.26111140820316575,0.2884434092971056,0.38325841091902013,0.034534389484910707,6
78,6,"DenseLayer( 128,64 )","weights",0.26050906243193439,0.28777943114315629,0.38262291331608062,0.034466655854354114,6
78,6,"DenseLayer( 128,64 )","biases",0.017595282511318623,0.019560147695222994,0.027645141246272445,0.0021618721777729808,6
78,8,"DenseLayer( 64,1 )","all",0.16535557412526974,0.18322982066341126,0.24193182517449516,0.019697693394304612,6
78,8,"DenseLayer( 64,1 )","weights",0.16378022222507843,0.1814509564805184,0.2386547789301196,0.0196176181634382,6
78,8,"DenseLayer( 64,1 )","biases",0.022338038756667327,0.02546993468093061,0.039685066789388657,0.0017743118805810809,6
79,0,"Conv2DLayer(1,8,5, stride=5, padding=0)","all",0.1132988609219454,0.13351408663625935,0.23786600898648133,0.042176710583442932,6
79,0,"Conv2DLayer(1,8,5, stride=5, padding=0)","weights",0.10961949253921985,0.13039083902347756,0.23567689914926629,0.041772250205353557,6
79,0,"Conv2DLayer(1,8,5, stride=5, padding=0)","biases",0.025707138187135065,0.02870958775510591,0.045325845359109121,0.0058270085310429048,6
79,4,"DenseLayer( 7202,128 )","all",0.1770160575890399,0.19851836537813899,0.33375193764008415,0.044524493153438913,6
79,4,"DenseLayer( 7202,128 )","weights",0.17678128938984383,0.19824899654825653,0.33328277032468251,0.044467596246871605,6
79,4,"DenseLayer( 7202,128 )","biases",0.0091011263816391571,0.010338121687118285,0.017690417836092622,0.0022501943462374134,6
79,6,"DenseLayer( 128,64 )","all",0.32869841187210297,0.3745231400344996,0.60999307025826699,0.043527251770231812,6
79,6,"DenseLayer( 128,64 )","weights",0.3278252757602152,0.37349295524361825,0.60812664433792496,0.043388617011156205,6
79,6,"DenseLayer( 128,64 )","biases",0.023799648230050929,0.027759589418612191,0.047681549989508361,0.0034712476904356585,6
79,8,"DenseLayer( 64,1 )","all",0.21542597735857327,0.24844222734700622,0.40905159241636779,0.019093955676907821,6
79,8,"DenseLayer( 64,1 )","weights",0.21288170649650859,0.24535749095601744,0.40327385628085466,0.018799254384736033,6
79,8,"DenseLayer( 64,1 )","biases",0.032582060007068016,0.039028732504519562,0.068508408963680267,0.0033417327795177698,6
80,0,"Conv2DLayer(1,8,5, stride=5, padding=0)","all",0.091626014317083837,0.10300445512996897,0.16566716307721016,0.085742563400322006,6
80,0,"Conv2DLayer(1,8,5, stride=5, padding=0)","weights",0.085537489396842775,0.096662885298512469,0.16202395820057303,0.079861583787796966,6
80,0,"Conv2DLayer(1,8,5, stride=5, padding=0)","biases",0.031121140574393507,0.035583765713994006,0.057730432017747253,0.031207605056507041,6
80,4,"DenseLayer( 7202,128 )","all",0.24479706093012998,0.27404537014069036,0.43257075363253011,0.24419909311747634,6
80,4,"DenseLayer( 7202,128 )","weights",0.24445819049271428,0.27365984529211251,0.4319468535057388,0.24387669179269736,6
80,4,"DenseLayer( 7202,128 )","biases",0.012860637956066723,0.014531137954236363,0.023224397617740644,0.012544173135267893,6
80,6,"DenseLayer( 128,64 )","all",0.43701884564063864,0.50058059119539744,0.81073043919817078,0.39868717854600777,6
80,6,"DenseLayer( 128,64 )","weights",0.43568472276167386,0.49906041309144866,0.80826730416131209,0.39749759048837058,6
80,6,"DenseLayer( 128,64 )","biases",0.034097631551490364,0.038982462294298248,0.063149109782039428,0.030775508004189552,6
80,8,"DenseLayer( 64,1 )","all",0.29706075975856222,0.34023357076862365,0.55141271235562939,0.26305341398484339,6
80,8,"DenseLayer( 64,1 )","weights",0.29288431350670502,0.33547573150254767,0.54371081220684436,0.25937746131397788,6
80,8,"DenseLayer( 64,1 )","biases",0.049586404735843338,0.056700231488051145,0.091839708387851715,0.043822724372148514,6
81,0,"Conv2DLayer(1,8,5, stride=5, padding=0)","all",0.13578259564360787,0.14070055094328562,0.18602145418592581,0.14531580590303445,6
81,0,"Conv2DLayer(1,8,5, stride=5, padding=0)","weights",0.13215447636979599,0.13675774575791491,0.17811280670340332,0.1417515329571441,6
81,0,"Conv2DLayer(1,8,5, stride=5, padding=0)","biases",0.030446479075786126,0.033075126771603208,0.053663856604632652,0.031987284185251916,6
81,4,"DenseLayer( 7202,128 )","all",0.18988029445894358,0.21772001503449934,0.38424812110882245,0.18675901216540999,6
81,4,"DenseLayer( 7202,128 )","weights",0.1896196883206496,0.21741767293040307,0.38371441536843792,0.18649401768529267,6
81,4,"DenseLayer( 7202,128 )","biases",0.0099415637416809827,0.011469980128617651,0.020245147915442713,0.0099453503003913857,6
81,6,"DenseLayer( 128,64 )","all",0.30992054417657411,0.36156571464655762,0.64573803237062355,0.30167239185727279,6
81,6,"DenseLayer( 128,64 )","weights",0.3089349528297749,0.36040479189647284,0.64366100809151838,0.30062010232716108,6
81,6,"DenseLayer( 128,64 )","biases",0.02467056042163716,0.028950854666763393,0.051750489007301705,0.025175108454486405,6
81,8,"DenseLayer( 64,1 )","all",0.20487953315923965,0.24036424587799873,0.4319133605711174,0.20411630847602386,6
81,8,"DenseLayer( 64,1 )","weights",0.20184471215650998,0.23677409218737025,0.42546736842008831,0.20075288499485913,6
81,8,"DenseLayer( 64,1 )","biases",0.035065158115079008,0.04138840375450268,0.074341572821140289,0.036901850253343582,6
82,0,"Conv2DLayer(1,8,5, stride=5, padding=0)","all",0.15541403891217151,0.18417540734287546,0.33041569385986225,0.23203529437367201,6
82,0,"Conv2DLayer(1,8,5, stride=5, padding=0)","weights",0.14943484532795173,0.17892450785356831,0.32400655611424301,0.22712959772795524,6
82,0,"Conv2DLayer(1,8,5, stride=5, padding=0)","biases",0.039507194997573387,0.043664644270536346,0.064763279286043821,0.047460759275572563,6
82,4,"DenseLayer( 7202,128 )","all",0.26902785260181139,0.29147436939499721,0.4091259379961612,0.35849188523745579,6
82,4,"DenseLayer( 7202,128 )","weights",0.26865400704891557,0.29106629168504811,0.40853565928432595,0.35800354366908987,6
82,4,"DenseLayer( 7202,128 )","biases",0.014174938524152182,0.015418231381250747,0.021969256572763763,0.018705467154798101,6
82,6,"DenseLayer( 128,64 )","all",0.49347733787396703,0.54218735143067942,0.7811546964959194,0.7244140570381371,6
82,6,"DenseLayer( 128,64 )","weights",0.49199785162921372,0.54058158754197316,0.77878871107265801,0.72257831348045365,6
82,6,"DenseLayer( 128,64 )","biases",0.038129032391473291,0.041697377159901634,0.060751982382634975,0.051539372543683161,6
82,8,"DenseLayer( 64,1 )","all",0.3337524943502776,0.36606870682997578,0.5311925443248835,0.47935617963872451,6
82,8,"DenseLayer( 64,1 )","weights",0.32916297632827962,0.36110186010959539,0.52383656089741859,0.47397209753563996,6
82,8,"DenseLayer( 64,1 )","biases",0.055044886035223804,0.060097793183785005,0.088095270097255707,0.071643546223640442,6
83,0,"Conv2DLayer(1,8,5, stride=5, padding=0)","all",0.298043773695504,0.30997174997099541,0.41708086304868008,0.26851322640762865,6
83,0,"Conv2DLayer(1,8,5, stride=5, padding=0)","weights",0.29394750677355552,0.30573246037919483,0.41256290670677548,0.26506681295020917,6
83,0,"Conv2DLayer(1,8,5, stride=5, padding=0)","biases",0.049016074881604227,0.05108961196334684,0.06122331525724739,0.042882833724618714,6
83,4,"DenseLayer( 7202,128 )","all",0.22452692243747269,0.23623402958718903,0.31184624920488174,0.17845112270955471,6
83,4,"DenseLayer( 7202,128 )","weights",0.22425238821266066,0.23593976183701423,0.31142345414908523,0.17824066868523125,6
83,4,"DenseLayer( 7202,128 )","biases",0.01108708219001453,0.0117875153995188,0.016233155854786636,0.0086641342869428206,6
83,6,"DenseLayer( 128,64 )","all",0.35829856549912853,0.38724261227441809,0.60615179127385088,0.29577342928482026,6
83,6,"DenseLayer( 128,64 )","weights",0.35743580837754435,0.3862883417779589,0.6048693652815117,0.29524747104661359,6
83,6,"DenseLayer( 128,64 )","biases",0.02458401241832851,0.02716905901112808,0.039672326217890311,0.017631004267529338,6
83,8,"DenseLayer( 64,1 )","all",0.2246535222021806,0.24807269544179517,0.39408632525046927,0.17264362649254075,6
83,8,"DenseLayer( 64,1 )","weights",0.22240873994445071,0.24541244957837985,0.39068961820139431,0.17185732106802357,6
83,8,"DenseLayer( 64,1 )","biases",0.030550651717931032,0.036232469080878724,0.05826747789978981,0.016458522528409958,6
84,0,"Conv2DLayer(1,8,5, stride=5, padding=0)","all",0.18202212872027579,0.20236505441762245,0.30187439081227885,0.074022821400916025,6
84,0,"Conv2DLayer(1,8,5, stride=5, padding=0)","weights",0.17923835176273509,0.19959163115289996,0.29806500312218648,0.07142109340132026,6
84,0,"Conv2DLayer(1,8,5, stride=5, padding=0)","biases",0.031208657450595985,0.033388561262384896,0.047805875601807095,0.019452647776377355,6
84,4,"DenseLayer( 7202,128 )","all",0.16411226925717509,0.16934526346354134,0.22314840134443278,0.13714714924219595,6
84,4,"DenseLayer( 7202,128 )","weights",0.1639099179341113,0.16913634568345867,0.22288052089652813,0.13697663562430376,6
84,4,"DenseLayer( 7202,128 )","biases",0.0081447502503093853,0.008409210806121753,0.010930801776097624,0.0068368002974990962,6
84,6,"DenseLayer( 128,64 )","all",0.28243312287860095,0.29616362751532904,0.40567286195358865,0.25492255168570177,6
84,6,"DenseLayer( 128,64 )","weights",0.28176581435812265,0.29548918886943043,0.40484103585785625,0.25428718240560338,6
84,6,"DenseLayer( 128,64 )","biases",0.019304136978008944,0.019975823495530919,0.025965488848726188,0.017987112669038699,6
84,8,"DenseLayer( 64,1 )","all",0.17886111011970257,0.18674427486856207,0.25744864933243955,0.16464187914924169,6
84,8,"DenseLayer( 64,1 )","weights",0.17707754333007827,0.18497246165314979,0.25539737166542531,0.16283641875599902,6
84,8,"DenseLayer( 64,1 )","biases",0.024833740045626957,0.025663449225680684,0.032434388995170593,0.024315614253282547,6
85,0,"Conv2DLayer(1,8,5, stride=5, padding=0)","all",0.24717297972327987,0.26705571037475212,0.43027546029962305,0.23541873930895263,6
85,0,"Conv2DLayer(1,8,5, stride=5, padding=0)","weights",0.24366205616829392,0.26353083496386148,0.42568330663067439,0.23132697245774098,6
85,0,"Conv2DLayer(1,8,5, stride=5, padding=0)","biases",0.041204637980740082,0.043246404093444331,0.062695248560219533,0.043701425964745785,6
85,4,"DenseLayer( 7202,128 )","all",0.18494375506061417,0.18867390409626122,0.23316813531707042,0.17753957626717648,6
85,4,"DenseLayer( 7202,128 )","weights",0.18472190180948339,0.18844693008260877,0.23292609441145162,0.17729906105006582,6
85,4,"DenseLayer( 7202,128 )","biases",0.0090414765060918625,0.0092518446466388019,0.012021985066332412,0.0092381866128374377,6
85,6,"DenseLayer( 128,64 )","all",0.28820957174133649,0.29316862280170425,0.37829228125338066,0.25497175843474784,6
85,6,"DenseLayer( 128,64 )","weights",0.28751671144950364,0.29244770532595005,0.37701110049868991,0.25409166745526629,6
85,6,"DenseLayer( 128,64 )","biases",0.019696030585489556,0.020547044678839249,0.031107557870292381,0.021166533233143665,6
85,8,"DenseLayer( 64,1 )","all",0.17738484706777663,0.18228234857351108,0.25749833785262977,0.1660202147257947,6
85,8,"DenseLayer( 64,1 )","weights",0.17558364469551313,0.18029611452325525,0.25339441006352847,0.16326563853189344,6
85,8,"DenseLayer( 64,1 )","biases",0.02415162930265069,0.026835902990065809,0.045789375901222229,0.030117154121398926,6
86,0,"Conv2DLayer(1,8,5, stride=5, padding=0)","all",0.22249345815022353,0.28969722021885469,0.51091255748505382,0.42848524687218731,6
86,0,"Conv2DLayer(1,8,5, stride=5, padding=0)","weights",0.21971379135709321,0.28627179320870771,0.50472598202529151,0.42348597257668558,6
86,0,"Conv2DLayer(1,8,5, stride=5, padding=0)","biases",0.034503395748043425,0.044417787153374431,0.079267423728310554,0.065262836422408321,6
86,4,"DenseLayer( 7202,128 )","all",0.14646331840731869,0.17821701165786641,0.30805517114867947,0.2603568223858741,6
86,4,"DenseLayer( 7202,128 )","weights",0.14629197134437447,0.1780071490194006,0.30768834632538455,0.26004917991005627,6
86,4,"DenseLayer( 7202,128 )","biases",0.0070804116014799292,0.0086462790982596589,0.015028972253364623,0.012653022997559844,6
86,6,"DenseLayer( 128,64 )","all",0.21023348657756022,0.25070205313917954,0.42416387319575877,0.34041327303422164,6
86,6,"DenseLayer( 128,64 )","weights",0.20967371207185725,0.25004087673305558,0.42295776654796585,0.33950289244553622,6
86,6,"DenseLayer( 128,64 )","biases",0.015249546644796622,0.018195587672974547,0.031964340149362475,0.024879358492255574,6
86,8,"DenseLayer( 64,1 )","all",0.13156618071751705,0.15633936659804384,0.26772522883306688,0.2069921273746313,6
86,8,"DenseLayer( 64,1 )","weights",0.12993810104934689,0.1543978948916542,0.26402265145923076,0.20431657799301231,6
86,8,"DenseLayer( 64,1 )","biases",0.020408822378764551,0.024561913632761712,0.044371586292982101,0.033173434436321259,6
87,0,"Conv2DLayer(1,8,5, stride=5, padding=0)","all",0.16025744258625224,0.17623538889249465,0.24646484107230318,0.037191676085155161,6
87,0,"Conv2DLayer(1,8,5, stride=5, padding=0)","weights",0.15794903266838831,0.17389154492795056,0.24299785999360501,0.036485994092500515,6
87,0,"Conv2DLayer(1,8,5, stride=5, padding=0)","biases",0.026662482641417483,0.028646865459581831,0.041194149139459152,0.0072106175259210531,6
87,4,"DenseLayer( 7202,128 )","all",0.13484651785332788,0.14317126741540862,0.18768529066663975,0.033606962660642135,6
87,4,"DenseLayer( 7202,128 )","weights",0.13468700187047275,0.14300119746403142,0.18745055981957298,0.033571776987226236,6
87,4,"DenseLayer( 7202,128 )","biases",0.0065439841501865777,0.0069763412464941355,0.009383813507830404,0.0015374424196507811,6
87,6,"DenseLayer( 128,64 )","all",0.23103809377658316,0.2472901117949641,0.29716001660868557,0.040985620977315201,6
87,6,"DenseLayer( 128,64 )","weights",0.23046236427103328,0.24667299203950857,0.29636151453080983,0.040893909434584257,6
87,6,"DenseLayer( 128,64 )","biases",0.0161260245049871,0.017459507147751404,0.023314547877730525,0.00274030984601381,6
87,8,"DenseLayer( 64,1 )","all",0.15183104340303771,0.1628201989887508,0.20419852741938607,0.027499166419943061,6
87,8,"DenseLayer( 64,1 )","weights",0.15016779603879069,0.1609958286215207,0.20182015637432585,0.027298601640068598,6
87,8,"DenseLayer( 64,1 )","biases",0.021934866749991972,0.024305562433450219,0.034845240414142609,0.0033151926472783089,6
88,0,"Conv2DLayer(1,8,5, stride=5, padding=0)","all",0.1177238578821584,0.13916341838595839,0.23101941960418981,0.058004051616773203,6
88,0,"Conv2DLayer(1,8,5, stride=5, padding=0)","weights",0.11564262561186713,0.13715812233527599,0.22809028447908408,0.056538984967805052,6
88,0,"Conv2DLayer(1,8,5, stride=5, padding=0)","biases",0.021429564173340344,0.023539466738368525,0.036671437938908577,0.012954272761201398,6
88,4,"DenseLayer( 7202,128 )","all",0.11647235702383095,0.12833112500935495,0.23351120294489627,0.077822149878034833,6
88,4,"DenseLayer( 7202,128 )","weights",0.11632745035440374,0.12817117457558372,0.23321834884484263,0.077712597139924358,6
88,4,"DenseLayer( 7202,128 )","biases",0.0057999330422819758,0.0064052832944317727,0.011691178848080854,0.004127863540275516,6
88,6,"DenseLayer( 128,64 )","all",0.20551067476749668,0.2391163618428756,0.47019181187524017,0.14919032276456554,6
88,6,"DenseLayer( 128,64 )","weights",0.2050429708071991,0.2385720400696702,0.46913960897016099,0.14879089876985896,6
88,6,"DenseLayer( 128,64 )","biases",0.013766356707462301,0.016125017766461473,0.031438308635256984,0.010909667724216985,6
88,8,"DenseLayer( 64,1 )","all",0.12727327033237534,0.14996344192956149,0.29599115441871399,0.095044245795917859,6
88,8,"DenseLayer( 64,1 )","weights",0.12611158721835433,0.14854091228644611,0.29321342187263894,0.093999928860254073,6
88,8,"DenseLayer( 64,1 )","biases",0.016710770626862843,0.020606583716649331,0.040455564856529236,0.014050695113837719,6
89,0,"Conv2DLayer(1,8,5, stride=5, padding=0)","all",0.12663652647002199,0.14000438476185098,0.20347267817002035,0.17622503621761748,6
89,0,"Conv2DLayer(1,8,5, stride=5, padding=0)","weights",0.12339585123342119,0.13701941541671075,0.20078728400422796,0.17276005644042497,6
89,0,"Conv2DLayer(1,8,5, stride=5, padding=0)","biases",0.027034915394619295,0.02875600026789641,0.036627321721158061,0.034773931164045431,6
89,4,"DenseLayer( 7202,128 )","all",0.16209413998406663,0.17188747509862648,0.22973804263708747,0.22973804263708747,6
89,4,"DenseLayer( 7202,128 )","weights",0.16187452692495377,0.17165244827497125,0.22942511665132365,0.22942511665132365,6
89,4,"DenseLayer( 7202,128 )","biases",0.0084304757649180696,0.0089856049873816603,0.011986829616155962,0.011986829616155962,6
89,6,"DenseLayer( 128,64 )","all",0.30697993057180784,0.3287339128023003,0.46050458902807279,0.46050458902807279,6
89,6,"DenseLayer( 128,64 )","weights",0.30615673867288073,0.3278605406085458,0.45934497267234198,0.45934497267234198,6
89,6,"DenseLayer( 128,64 )","biases",0.02241218532478299,0.023946844012989688,0.03265995401955752,0.03265995401955752,6
89,8,"DenseLayer( 64,1 )","all",0.20476323862319926,0.21815349660817626,0.29966902362425119,0.29966902362425119,6
89,8,"DenseLayer( 64,1 )","weights",0.20237169284854201,0.21562264323737457,0.29642977834372153,0.29642977834372153,6
89,8,"DenseLayer( 64,1 )","biases",0.031068801569441955,0.033133424297851419,0.046480432152748108,0.043942123651504517,6
90,0,"Conv2DLayer(1,8,5, stride=5, padding=0)","all",0.16144826001702439,0.17316443230535075,0.24093299010169703,0.090669698937861962,6
90,0,"Conv2DLayer(1,8,5, stride=5, padding=0)","weights",0.15615007264070649,0.16832328543906636,0.23406002461163156,0.082732998526764537,6
90,0,"Conv2DLayer(1,8,5, stride=5, padding=0)","biases",0.039492559465540686,0.040659466236449851,0.057136770981101766,0.037097779721337834,6
90,4,"DenseLayer( 7202,128 )","all",0.23914412190157841,0.25340618296438672,0.39196852214700395,0.29904747934761072,6
90,4,"DenseLayer( 7202,128 )","weights",0.23881252654164703,0.25305248835201793,0.39141543831195114,0.29861717904702312,6
90,4,"DenseLayer( 7202,128 )","biases",0.012586918921083339,0.013384009243572923,0.020815306991958563,0.016036685510348109,6
90,6,"DenseLayer( 128,64 )","all",0.44621971735789878,0.47073206694725361,0.69855911829222739,0.5851099722196822,6
90,6,"DenseLayer( 128,64 )","weights",0.4449162444610047,0.46932139554090224,0.69622426653140712,0.58337397364918997,6
90,6,"DenseLayer( 128,64 )","biases",0.033972536764621156,0.036415745769841135,0.057066736738825015,0.045038721781057375,6
90,8,"DenseLayer( 64,1 )","all",0.30027096678414766,0.31950425636404323,0.48672106938013282,0.39959444502251418,6
90,8,"DenseLayer( 64,1 )","weights",0.29633053205072796,0.31514985331775358,0.47918289418773857,0.39429199547467098,6
90,8,"DenseLayer( 64,1 )","biases",0.048211301366488137,0.052569380712907871,0.085329674184322357,0.064880989491939545,6
91,0,"Conv2DLayer(1,8,5, stride=5, padding=0)","all",0.1140570207238852,0.12264821524128841,0.20897757025765867,0.086133680296770751,6
91,0,"Conv2DLayer(1,8,5, stride=5, padding=0)","weights",0.10789123228136283,0.11670931166410418,0.20098384597990851,0.080737154952236739,6
91,0,"Conv2DLayer(1,8,5, stride=5, padding=0)","biases",0.035950096927831791,0.037703067153275545,0.057246122365790658,0.030008710263602266,6
91,4,"DenseLayer( 7202,128 )","all",0.28081771752493695,0.30085443664862765,0.48707967485780473,0.22831758347650991,6
91,4,"DenseLayer( 7202,128 )","weights",0.28041725858630184,0.30042483022675404,0.48637968958200106,0.22800356066710317,6
91,4,"DenseLayer( 7202,128 )","biases",0.014991166179463831,0.016072132229082478,0.026103777920084534,0.011970599303112381,6
91,6,"DenseLayer( 128,64 )","all",0.5325365608455811,0.58091969845021019,0.96044522409700717,0.42842037749841599,6
91,6,"DenseLayer( 128,64 )","weights",0.53094651981226126,0.57921043322641463,0.95770395144489529,0.42712403039979591,6
91,6,"DenseLayer( 128,64 )","biases",0.041108682875952256,0.044530552311331663,0.072513239326235157,0.033302890428902727,6
91,8,"DenseLayer( 64,1 )","all",0.36288812895814532,0.39517711664904442,0.64922763261726779,0.29653381762819175,6
91,8,"DenseLayer( 64,1 )","weights",0.35799064687581866,0.38994074893737024,0.64098796792257229,0.29239962720710988,6
91,8,"DenseLayer( 64,1 )","biases",0.059390551721056305,0.0641183736632122,0.10310646891593933,0.049343317747116089,6
92,0,"Conv2DLayer(1,8,5, stride=5, padding=0)","all",0.19452604470560289,0.20977541071690967,0.32102813046589368,0.14207425834124301,6
92,0,"Conv2DLayer(1,8,5, stride=5, padding=0)","weights",0.18754879139375583,0.20278177462368396,0.31328429250092127,0.13607622019426052,6
92,0,"Conv2DLayer(1,8,5, stride=5, padding=0)","biases",0.050399930388782987,0.053714754229332251,0.072924695362806519,0.040845528284714168,6
92,4,"DenseLayer( 7202,128 )","all",0.35324606313082496,0.3856359169125223,0.52506199191603853,0.30097403550813723,6
92,4,"DenseLayer( 7202,128 )","weights",0.35275374907475276,0.38509914396018141,0.52434684792730868,0.30053769201554997,6
92,4,"DenseLayer( 7202,128 )","biases",0.01864065085110566,0.020339855803257628,0.027394861261448078,0.016200794055226821,6
92,6,"DenseLayer( 128,64 )","all",0.67258424213810664,0.74448779220901395,1.0412547280566609,0.54862763977977835,6
92,6,"DenseLayer( 128,64 )","weights",0.6706727481721626,0.74242839601474875,1.0385085627033832,0.54678236474276865,6
92,6,"DenseLayer( 128,64 )","biases",0.050592063486141856,0.055336692521503396,0.075573632254270939,0.044959234164254611,6
92,8,"DenseLayer( 64,1 )","all",0.45260939806219286,0.49946238051229286,0.69457157746422005,0.37177232303686675,6
92,8,"DenseLayer( 64,1 )","weights",0.44681856564220113,0.49326889719010164,0.68642788730893867,0.36593632207107252,6
92,8,"DenseLayer( 64,1 )","biases",0.072003944156070546,0.078412145818535839,0.10604919493198395,0.065614543855190277,6
93,0,"Conv2DLayer(1,8,5, stride=5, padding=0)","all",0.097883742430012896,0.10491501409527786,0.14644024450915033,0.11469868023306477,6
93,0,"Conv2DLayer(1,8,5, stride=5, padding=0)","weights",0.094941311941020637,0.10200949702598096,0.14304911553484384,0.1115377016754165,6
93,0,"Conv2DLayer(1,8,5, stride=5, padding=0)","biases",0.023211063504162882,0.024519842966844847,0.033575376379875982,0.026741883856090467,6
93,4,"DenseLayer( 7202,128 )","all",0.17272739475438645,0.18787113071554618,0.27066374010872718,0.16495521363711935,6
93,4,"DenseLayer( 7202,128 )","weights",0.17249283030073675,0.18761133893760579,0.2702768243784241,0.16473312587224814,6
93,4,"DenseLayer( 7202,128 )","biases",0.0089840267683631847,0.0098766015600832736,0.014467149462112045,0.0085568537690983368,6
93,6,"DenseLayer( 128,64 )","all",0.30854235200276947,0.34863696091358815,0.53040220566132312,0.24676866042376502,6
93,6,"DenseLayer( 128,64 )","weights",0.30766716055628929,0.34765035338394296,0.52896620815001527,0.24595235151099215,6
93,6,"DenseLayer( 128,64 )","biases",0.023149395529101856,0.026209965797046979,0.039003210198536427,0.020055237559121662,6
93,8,"DenseLayer( 64,1 )","all",0.20301277303476487,0.2311895781759277,0.3542781272302033,0.16378181165268899,6
93,8,"DenseLayer( 64,1 )","weights",0.20043999228193279,0.22825770874129847,0.34997070391085533,0.1612557108814314,6
93,8,"DenseLayer( 64,1 )","biases",0.031953607064982258,0.036702036147003368,0.055077198892831802,0.028654450550675392,6
94,0,"Conv2DLayer(1,8,5, stride=5, padding=0)","all",0.047394694774538865,0.048719567284176417,0.066704642542228174,0.048782362143655486,6
94,0,"Conv2DLayer(1,8,5, stride=5, padding=0)","weights",0.045022918863713915,0.046328661737339745,0.064349401257718666,0.044650509847028098,6
94,0,"Conv2DLayer(1,8,5, stride=5, padding=0)","biases",0.014158561374901426,0.015074857809762091,0.020172361027470647,0.0196481761676548,6
94,4,"DenseLayer( 7202,128 )","all",0.11464245335542202,0.12688862118515712,0.20020314125234925,0.15686034460140572,6
94,4,"DenseLayer( 7202,128 )","weights",0.11449065964270427,0.12671355381164492,0.19991273734587314,0.15664798000481156,6
94,4,"DenseLayer( 7202,128 )","biases",0.0058837793667913096,0.0066631424038264709,0.010779388395824718,0.0081595385215038896,6
94,6,"DenseLayer( 128,64 )","all",0.20137111084357592,0.23843849385255497,0.39400665848193811,0.30419412064807927,6
94,6,"DenseLayer( 128,64 )","weights",0.20077797698263058,0.23772240985535725,0.39278723187598413,0.30329718343653989,6
94,6,"DenseLayer( 128,64 )","biases",0.015438036436877743,0.018465405580068879,0.030974786573994609,0.023342698137106498,6
94,8,"DenseLayer( 64,1 )","all",0.13383868625151391,0.16284751453295768,0.27528989014898181,0.20979847515903305,6
94,8,"DenseLayer( 64,1 )","weights",0.13208662709915203,0.16064848589488143,0.27146910433644972,0.20697627528872331,6
94,8,"DenseLayer( 64,1 )","biases",0.021549905262266595,0.026671651040832477,0.045706115663051605,0.034296087920665741,6
95,0,"Conv2DLayer(1,8,5, stride=5, padding=0)","all",0.087304422680526447,0.096520442199833814,0.13822008413836309,0.090560459000353741,6
95,0,"Conv2DLayer(1,8,5, stride=5, padding=0)","weights",0.084559381804346245,0.094006348146422114,0.13709231396494723,0.088736641723255447,6
95,0,"Conv2DLayer(1,8,5, stride=5, padding=0)","biases",0.019969084166165198,0.021886120501933237,0.037762189237057653,0.018083283718212027,6
95,4,"DenseLayer( 7202,128 )","all",0.11019810506385024,0.13291618706594435,0.26078951752855534,0.065572987048163445,6
95,4,"DenseLayer( 7202,128 )","weights",0.11006171910528614,0.13274221333013547,0.26042967413331486,0.0655097386384208,6
95,4,"DenseLayer( 7202,128 )","biases",0.0054646219289388818,0.0067983515918135255,0.013695155478931737,0.0028793704076426016,6
95,6,"DenseLayer( 128,64 )","all",0.18875837299836359,0.24170719664695506,0.48445263574914127,0.067717403387677524,6
95,6,"DenseLayer( 128,64 )","weights",0.18829906399222374,0.24107475497998515,0.48307308512641361,0.06761238407566203,6
95,6,"DenseLayer( 128,64 )","biases",0.013033294737853708,0.017473735212309983,0.036534240251288291,0.0037699126216138058,6
95,8,"DenseLayer( 64,1 )","all",0.12156028390164533,0.15924241376366277,0.3240357968831073,0.035355508234380204,6
95,8,"DenseLayer( 64,1 )","weights",0.12030208638547181,0.15741106499824575,0.31990919554019853,0.035249536795240059,6
95,8,"DenseLayer( 64,1 )","biases",0.017082614280904334,0.024081174335892203,0.051549047231674194,0.0027353460900485516,6
96,0,"Conv2DLayer(1,8,5, stride=5, padding=0)","all",0.10847437953636131,0.11240317132287696,0.15046040359660004,0.10765238837583631,6
96,0,"Conv2DLayer(1,8,5, stride=5, padding=0)","weights",0.1044337359661084,0.10844997305598596,0.14535552957030709,0.10371541789029741,6
96,0,"Conv2DLayer(1,8,5, stride=5, padding=0)","biases",0.028953800965276385,0.029547864010719113,0.038860044696157434,0.028846989701923367,6
96,4,"DenseLayer( 7202,128 )","all",0.24848295291111935,0.2547385649093617,0.33906304149728012,0.24508478830994504,6
96,4,"DenseLayer( 7202,128 )","weights",0.24813443255605089,0.25437920962212585,0.33856396871243882,0.24475080732633864,6
96,4,"DenseLayer( 7202,128 )","biases",0.013154393607436031,0.013526055008894049,0.018389812371772892,0.01279045636543248,6
96,6,"DenseLayer( 128,64 )","all",0.47962384292351501,0.49404957724035536,0.66595170350927457,0.48976847147454888,6
96,6,"DenseLayer( 128,64 )","weights",0.47823659634314269,0.49262515222344794,0.66401782291631295,0.48844203589650181,6
96,6,"DenseLayer( 128,64 )","biases",0.036432912752875482,0.037489254036304646,0.050714911578201835,0.036021288424991714,6
96,8,"DenseLayer( 64,1 )","all",0.32528757050681906,0.33507104695289436,0.44731087685970711,0.33385691815749602,6
96,8,"DenseLayer( 64,1 )","weights",0.32106641223521537,0.33074088651391748,0.44152315114993967,0.32983957405086684,6
96,8,"DenseLayer( 64,1 )","biases",0.052194217219948769,0.053694250102750134,0.071723967790603638,0.051636200398206711,6
97,0,"Conv2DLayer(1,8,5, stride=5, padding=0)","all",0.08034562866742638,0.087332385852268629,0.13276571753042013,0.081117062505833989,6
97,0,"Conv2DLayer(1,8,5, stride=5, padding=0)","weights",0.078404457864295243,0.085382539644602323,0.13069264930994898,0.078411508224597692,6
97,0,"Conv2DLayer(1,8,5, stride=5, padding=0)","biases",0.017312196119510716,0.018351227274693155,0.023459137958446244,0.020775302826173819,6
97,4,"DenseLayer( 7202,128 )","all",0.10846797531090645,0.11245520637316281,0.14785081266641126,0.14785081266641126,6
97,4,"DenseLayer( 7202,128 )","weights",0.10832126130542485,0.11230252141673149,0.14763440733582092,0.14763440733582092,6
97,4,"DenseLayer( 7202,128 )","biases",0.0056378785367792485,0.0058580819280038233,0.0079965352946848086,0.0079965352946848086,6
97,6,"DenseLayer( 128,64 )","all",0.1903923550253904,0.20113669646157359,0.29699061744149169,0.29699061744149169,6
97,6,"DenseLayer( 128,64 )","weights",0.18986870078887655,0.20058778753941628,0.29614372527419536,0.29614372527419536,6
97,6,"DenseLayer( 128,64 )","biases",0.014066728155881853,0.014849584287689599,0.022412515008369924,0.022412515008369924,6
97,8,"DenseLayer( 64,1 )","all",0.12571986660307863,0.13355764932858499,0.20139682856686997,0.20139682856686997,6
97,8,"DenseLayer( 64,1 )","weights",0.12422102728299345,0.13197031951822677,0.19886355511561035,0.19886355511561035,6
97,8,"DenseLayer( 64,1 )","biases",0.019229526165872812,0.02052998929455184,0.031842879951000214,0.031842879951000214,6
98,0,"Conv2DLayer(1,8,5, stride=5, padding=0)","all",0.10325700217135314,0.11069647167230813,0.17708648173751465,0.09869238849266368,6
98,0,"Conv2DLayer(1,8,5, stride=5, padding=0)","weights",0.10085332446074215,0.10822653683056226,0.17429494266557863,0.09321994828627074,6
98,0,"Conv2DLayer(1,8,5, stride=5, padding=0)","biases",0.021157543881186649,0.023253506539037627,0.032407233573569054,0.032407233573569054,6
98,4,"DenseLayer( 7202,128 )","all",0.12572552916009455,0.14001784942466533,0.24639820936810547,0.24639820936810547,6
98,4,"DenseLayer( 7202,128 )","weights",0.12556502611689443,0.13983163435656171,0.24606306737608777,0.24606306737608777,6
98,4,"DenseLayer( 7202,128 )","biases",0.0063339586703340502,0.0072188773837128552,0.012846962803698831,0.012846962803698831,6
98,6,"DenseLayer( 128,64 )","all",0.20858220909147759,0.25480010017889365,0.4959545348702904,0.4959545348702904,6
98,6,"DenseLayer( 128,64 )","weights",0.2079933870958037,0.25405263286169172,0.4945544332149962,0.4945544332149962,6
98,6,"DenseLayer( 128,64 )","biases",0.015505992460690633,0.019502584116386126,0.037239941538621604,0.037239941538621604,6
98,8,"DenseLayer( 64,1 )","all",0.13667945087402109,0.17186322895619008,0.33601248289938035,0.33601248289938035,6
98,8,"DenseLayer( 64,1 )","weights",0.13495169540407589,0.16956701789210249,0.33175549985060443,0.33175549985060443,6
98,8,"DenseLayer( 64,1 )","biases",0.021193643799051642,0.02799992697181905,0.053316760808229446,0.053316760808229446,6
99,0,"Conv2DLayer(1,8,5, stride=5, padding=0)","all",0.13000852901683677,0.15747169510746664,0.30167277716238888,0.07064253095370189,6
99,0,"Conv2DLayer(1,8,5, stride=5, padding=0)","weights",0.1280639246931973,0.15543168163095192,0.29776974584335786,0.06961752688150509,6
99,0,"Conv2DLayer(1,8,5, stride=5, padding=0)","biases",0.021579135699471001,0.025265136164155856,0.048369855708389434,0.011990293176050585,6
99,4,"DenseLayer( 7202,128 )","all",0.14955833823101966,0.15743721358790647,0.24780602328994614,0.11110229939249236,6
99,4,"DenseLayer( 7202,128 )","weights",0.14936972133215592,0.15723781355479288,0.24749175082589531,0.11096876908362316,6
99,4,"DenseLayer( 7202,128 )","biases",0.0075075002222378074,0.0079212505851206875,0.012476315638451738,0.0054454768720956347,6
99,6,"DenseLayer( 128,64 )","all",0.27857364630171355,0.29809145651948099,0.48264606389715814,0.1773139541470736,6
99,6,"DenseLayer( 128,64 )","weights",0.27792954288021987,0.29741353055146996,0.48163325320171435,0.17688797232341275,6
99,6,"DenseLayer( 128,64 )","biases",0.018875285996332997,0.020092493494225219,0.031251118472031575,0.012283467856516886,6
99,8,"DenseLayer( 64,1 )","all",0.18080863006894365,0.19246125972110914,0.30219860759153838,0.1120596023474925,6
99,8,"DenseLayer( 64,1 )","weights",0.17905356222125141,0.19063673053667105,0.29976721383825683,0.11092158029050136,6
99,8,"DenseLayer( 64,1 )","biases",0.024966273146371048,0.026438106280989658,0.038257233798503876,0.015929767861962318,6
100,0,"Conv2DLayer(1,8,5, stride=5, padding=0)","all",0.093871023932022873,0.11070629593826679,0.18710608063772993,0.11340387215383163,6
100,0,"Conv2DLayer(1,8,5, stride=5, padding=0)","weights",0.091674111818881951,0.10888366731591208,0.18516108065022541,0.1115476554020286,6
100,0,"Conv2DLayer(1,8,5, stride=5, padding=0)","biases",0.018629778145146249,0.020005772972042014,0.026908356026584486,0.020434255400989483,6
100,4,"DenseLayer( 7202,128 )","all",0.11931398973706478,0.125915610717829,0.16294276085860768,0.15262491542004339,6
100,4,"DenseLayer( 7202,128 )","weights",0.11915263211030738,0.12574539319598402,0.16270445910541265,0.15242856892637466,6
100,4,"DenseLayer( 7202,128 )","biases",0.0061984442242004048,0.0065450066792349,0.0088092169595549753,0.0077392623700744045,6
100,6,"DenseLayer( 128,64 )","all",0.20446366352660833,0.21814777245594788,0.29632765916511372,0.21412877673413039,6
100,6,"DenseLayer( 128,64 )","weights",0.20389108565232553,0.21754188531219673,0.29545751799085757,0.21339172801146689,6
100,6,"DenseLayer( 128,64 )","biases",0.01521097130123639,0.016247423251305741,0.022692215602666075,0.017751153256484513,6
100,8,"DenseLayer( 64,1 )","all",0.13186528705506156,0.14160233847325476,0.19050585264745246,0.13949813988726198,6
100,8,"DenseLayer( 64,1 )","weights",0.1302601697916799,0.1398805677966484,0.18806363891952463,0.13722305720281244,6
100,8,"DenseLayer( 64,1 )","biases",0.020258927252143621,0.022014745376257687,0.030406374484300613,0.025091106072068214,6
101,0,"Conv2DLayer(1,8,5, stride=5, padding=0)","all",0.09786748787639872,0.10638872315894071,0.18513361218336027,0.18513361218336027,6
101,0,"Conv2DLayer(1,8,5, stride=5, padding=0)","weights",0.094059541448854214,0.10229271170166682,0.17892759943204428,0.17892759943204428,6
101,0,"Conv2DLayer(1,8,5, stride=5, padding=0)","biases",0.026376725903048324,0.029236305308800666,0.047532815207441272,0.047532815207441272,6
101,4,"DenseLayer( 7202,128 )","all",0.20064903819579902,0.22469831322905559,0.36432735262276028,0.36432735262276028,6
101,4,"DenseLayer( 7202,128 )","weights",0.20037326322850202,0.22438432994079435,0.36381710702097836,0.36381710702097836,6
101,4,"DenseLayer( 7202,128 )","biases",0.010508671201736496,0.011874529253975991,0.019275178546386947,0.019275178546386947,6
101,6,"DenseLayer( 128,64 )","all",0.35319434717600273,0.42181424754323354,0.73843438376636095,0.73843438376636095,6
101,6,"DenseLayer( 128,64 )","weights",0.35212024849759344,0.42056722612781638,0.73640343632947236,0.73640343632947236,6
101,6,"DenseLayer( 128,64 )","biases",0.027499862468593955,0.032410920036593793,0.05472949927187274,0.05472949927187274,6
101,8,"DenseLayer( 64,1 )","all",0.23634474298460867,0.28385658252617652,0.49388395174088501,0.49388395174088501,6
101,8,"DenseLayer( 64,1 )","weights",0.23306884113617637,0.28006618210327616,0.4878431435494151,0.4878431435494151,6
101,8,"DenseLayer( 64,1 )","biases",0.039167556989317141,0.046233030243913543,0.077009253203868866,0.077009253203868866,6
102,0,"Conv2DLayer(1,8,5, stride=5, padding=0)","all",0.1019035424184714,0.11876101895335194,0.2061335690190168,0.043097516773266495,6
102,0,"Conv2DLayer(1,8,5, stride=5, padding=0)","weights",0.099333251540753079,0.11638465374521753,0.20434930016654929,0.039818436129952499,6
102,0,"Conv2DLayer(1,8,5, stride=5, padding=0)","biases",0.021225955355963638,0.023638781598133252,0.038365571150017992,0.016489029570804954,6
102,4,"DenseLayer( 7202,128 )","all",0.16550139423181648,0.19055018646766181,0.33049152579115232,0.096496685278094768,6
102,4,"DenseLayer( 7202,128 )","weights",0.16527685768932249,0.19029053571569682,0.33002911174232052,0.096352970891204481,6
102,4,"DenseLayer( 7202,128 )","biases",0.0086131293251419348,0.0099441228820741478,0.017476670802496364,0.0052645294280090679,6
102,6,"DenseLayer( 128,64 )","all",0.319786030735774,0.3742928717644759,0.66354057688281487,0.17213118437129216,6
102,6,"DenseLayer( 128,64 )","weights",0.31891681166729507,0.37328461176943495,0.66167966329098427,0.17158742479520334,6
102,6,"DenseLayer( 128,64 )","biases",0.023500309007505601,0.027454552807151124,0.049660047896758729,0.013671147911357411,6
102,8,"DenseLayer( 64,1 )","all",0.21300622741945377,0.25020385090342806,0.44774580031914185,0.11585760376159389,6
102,8,"DenseLayer( 64,1 )","weights",0.21043141138553106,0.24720040669562154,0.44210423523696546,0.1142136240963621,6
102,8,"DenseLayer( 64,1 )","biases",0.032885025488212705,0.038651338093579034,0.070852994918823242,0.01944819837808609,6
103,0,"Conv2DLayer(1,8,5, stride=5, padding=0)","all",0.10619441788298195,0.11826284468787376,0.18066144943827403,0.031236937089478663,6
103,0,"Conv2DLayer(1,8,5, stride=5, padding=0)","weights",0.10454014130245723,0.11666428851548563,0.17832254964236166,0.03033193866606141,6
103,0,"Conv2DLayer(1,8,5, stride=5, padding=0)","biases",0.017840847571048545,0.019378963306732333,0.028976328307525528,0.0074645653249426763,6
103,4,"DenseLayer( 7202,128 )","all",0.12269727120948117,0.13396790027353406,0.21107707021580058,0.088761782006462314,6
103,4,"DenseLayer( 7202,128 )","weights",0.12254389329067647,0.13379524985117403,0.21079381427233618,0.088647517893615996,6
103,4,"DenseLayer( 7202,128 )","biases",0.0061203644878254455,0.006799222085024508,0.010931488252102106,0.0045023900612640383,6
103,6,"DenseLayer( 128,64 )","all",0.21762652188029191,0.24921895073297917,0.40684415310010819,0.16198191378312657,6
103,6,"DenseLayer( 128,64 )","weights",0.21709234964935711,0.24859352962581538,0.40584287791528678,0.16152971676859479,6
103,6,"DenseLayer( 128,64 )","biases",0.0151786297118201,0.017644898203898605,0.028525836660506496,0.012095081376402387,6
103,8,"DenseLayer( 64,1 )","all",0.13830953014879027,0.15987549098604747,0.25804734659284539,0.11126368466326748,6
103,8,"DenseLayer( 64,1 )","weights",0.13683797016519819,0.15812254056739344,0.25535617146737738,0.1098416992517123,6
103,8,"DenseLayer( 64,1 )","biases",0.01998142517792682,0.02361005680939289,0.037170670926570892,0.017731571570038795,6
104,0,"Conv2DLayer(1,8,5, stride=5, padding=0)","all",0.082661140278121548,0.10631362884975645,0.20871570770341993,0.034427681858531095,6
104,0,"Conv2DLayer(1,8,5, stride=5, padding=0)","weights",0.080333491336611912,0.10422854020693546,0.20540644345526282,0.034165939932135313,6
104,0,"Conv2DLayer(1,8,5, stride=5, padding=0)","biases",0.01789048311358464,0.020952305017229184,0.03701944933679252,0.0042371956180889967,6
104,4,"DenseLayer( 7202,128 )","all",0.1319628880090655,0.1482310011407571,0.21083755405874721,0.030820686987066116,6
104,4,"DenseLayer( 7202,128 )","weights",0.13178413742112011,0.14802754098099663,0.2105610784788596,0.030787636187729287,6
104,4,"DenseLayer( 7202,128 )","biases",0.0068608554340310506,0.0077638141599666527,0.011385087059157981,0.0014269563156343618,6
104,6,"DenseLayer( 128,64 )","all",0.22226822497702423,0.25382027720826084,0.39139790770120103,0.028770440792216745,6
104,6,"DenseLayer( 128,64 )","weights",0.2215649798882087,0.25300736193188444,0.39015118600969045,0.028717764699950365,6
104,6,"DenseLayer( 128,64 )","biases",0.017651726843877117,0.020297978479316588,0.031214967693557295,0.0017401879256947754,6
104,8,"DenseLayer( 64,1 )","all",0.15032929807361936,0.17219998453558519,0.26482442073841317,0.015370382514412291,6
104,8,"DenseLayer( 64,1 )","weights",0.14811282035894091,0.16961807898608558,0.26092963463570529,0.015350660344998735,6
104,8,"DenseLayer( 64,1 )","biases",0.025600214673128601,0.029707607697790281,0.045251514762639999,0.00077838654397055507,6
105,0,"Conv2DLayer(1,8,5, stride=5, padding=0)","all",0.08037369605079224,0.08895593430054001,0.13256353574235485,0.098687527383377591,6
105,0,"Conv2DLayer(1,8,5, stride=5, padding=0)","weights",0.07858072665173664,0.087375766472766528,0.13133037492731112,0.096159051146053859,6
105,0,"Conv2DLayer(1,8,5, stride=5, padding=0)","biases",0.01573234449577416,0.016692324001724816,0.022196056941166411,0.022196056941166411,6
105,4,"DenseLayer( 7202,128 )","all",0.10592566824328574,0.11969354935754992,0.19474391544347211,0.19474391544347211,6
105,4,"DenseLayer( 7202,128 )","weights",0.10578976441261005,0.11953484531036943,0.19447018112803982,0.19447018112803982,6
105,4,"DenseLayer( 7202,128 )","biases",0.0053567943697346784,0.006161697366334094,0.010321882303223326,0.010321882303223326,6
105,6,"DenseLayer( 128,64 )","all",0.19129321377875008,0.22586266848880773,0.37968600506563865,0.37968600506563865,6
105,6,"DenseLayer( 128,64 )","weights",0.19080180123589496,0.22526985634578323,0.37865130701648786,0.37865130701648786,6
105,6,"DenseLayer( 128,64 )","biases",0.013619638138020954,0.016353496226656074,0.028011607190763451,0.028011607190763451,6
105,8,"DenseLayer( 64,1 )","all",0.12468584335472793,0.1506454944454905,0.2574665112409894,0.2574665112409894,6
105,8,"DenseLayer( 64,1 )","weights",0.12330517606372041,0.14889667522643546,0.2543400548754472,0.2543400548754472,6
105,8,"DenseLayer( 64,1 )","biases",0.017886595005014289,0.022887662686253325,0.040001761168241501,0.040001761168241501,6
106,0,"Conv2DLayer(1,8,5, stride=5, padding=0)","all",0.10322187249702083,0.11025674599860098,0.18004132274364021,0.18004132274364021,6
106,0,"Conv2DLayer(1,8,5, stride=5, padding=0)","weights",0.10100325314349459,0.10835343466290383,0.17845014683703472,0.17845014683703472,6
106,0,"Conv2DLayer(1,8,5, stride=5, padding=0)","biases",0.020178701363791195,0.020398118416948358,0.023883529662099067,0.023883529662099067,6
106,4,"DenseLayer( 7202,128 )","all",0.14559124683601699,0.15837236975030469,0.21821992282157507,0.18544709282055138,6
106,4,"DenseLayer( 7202,128 )","weights",0.14540668592188521,0.1581639113214105,0.21791831031956629,0.18521799921318854,6
106,4,"DenseLayer( 7202,128 )","biases",0.0073132787159088525,0.0081230939819886775,0.011597110330918092,0.009215042216804404,6
106,6,"DenseLayer( 128,64 )","all",0.26682643264671108,0.30601026685589283,0.43685641089949101,0.37517060127910878,6
106,6,"DenseLayer( 128,64 )","weights",0.26615341732385034,0.3052045899047966,0.43566183259785363,0.37434568533019719,6
106,6,"DenseLayer( 128,64 )","biases",0.018848971509173529,0.022191027967620205,0.03349988466334583,0.024865396413349651,6
106,8,"DenseLayer( 64,1 )","all",0.17445502145072911,0.20336070761023742,0.29575041579320138,0.23986226739725941,6
106,8,"DenseLayer( 64,1 )","weights",0.17253320852060494,0.20098984783505525,0.2916816607942504,0.23770576178364264,6
106,8,"DenseLayer( 64,1 )","biases",0.02559865762790044,0.030962210305109216,0.048888824880123138,0.032091714441776276,6
107,0,"Conv2DLayer(1,8,5, stride=5, padding=0)","all",0.14929496679604087,0.16361144280429402,0.264130988897744,0.12647277081816946,6
107,0,"Conv2DLayer(1,8,5, stride=5, padding=0)","weights",0.14591654216668196,0.16051319281247745,0.26155855112045207,0.12164990014471389,6
107,0,"Conv2DLayer(1,8,5, stride=5, padding=0)","biases",0.03057181314641659,0.031689416997590938,0.036780355593120324,0.034592825169482151,6
107,4,"DenseLayer( 7202,128 )","all",0.2136177660352597,0.22184992940850001,0.30089901282934473,0.30089901282934473,6
107,4,"DenseLayer( 7202,128 )","weights",0.21333069780223191,0.22154691574361771,0.3004679987707467,0.3004679987707467,6
107,4,"DenseLayer( 7202,128 )","biases",0.011058753784957635,0.011591173497398414,0.016099616031966017,0.016099616031966017,6
107,6,"DenseLayer( 128,64 )","all",0.38554912654819612,0.40456388773967117,0.59730915240902416,0.59730915240902416,6
107,6,"DenseLayer( 128,64 )","weights",0.38441936777449504,0.40335588683359974,0.5955904643231833,0.5955904643231833,6
107,6,"DenseLayer( 128,64 )","biases",0.029314438054279232,0.031240483666511755,0.045279381167169633,0.045279381167169633,6
107,8,"DenseLayer( 64,1 )","all",0.26145681041381158,0.27584660661427229,0.40748353204321269,0.40748353204321269,6
107,8,"DenseLayer( 64,1 )","weights",0.25799718783793479,0.27208052450289394,0.40224449053874867,0.40224449053874867,6
107,8,"DenseLayer( 64,1 )","biases",0.04174090875312686,0.045426188116979592,0.065132163465023041,0.065132163465023041,6
108,0,"Conv2DLayer(1,8,5, stride=5, padding=0)","all",0.2759296807261481,0.28721311668089089,0.38452680149513613,0.24752439889589839,6
108,0,"Conv2DLayer(1,8,5, stride=5, padding=0)","weights",0.27272126063738306,0.28393240504498207,0.38052640493945478,0.24466983019093846,6
108,0,"Conv2DLayer(1,8,5, stride=5, padding=0)","biases",0.041843202364577579,0.04328699295311824,0.055321932467457334,0.037483359549447613,6
108,4,"DenseLayer( 7202,128 )","all",0.1914320094479901,0.19659810262381763,0.24582058781221564,0.1351308102659361,6
108,4,"DenseLayer( 7202,128 )","weights",0.19120957850272755,0.19636949986440702,0.24554317232434292,0.1349862323766865,6
108,4,"DenseLayer( 7202,128 )","biases",0.0092122741486776252,0.0094780524522596193,0.011756281601881122,0.0062492361033663667,6
108,6,"DenseLayer( 128,64 )","all",0.32028000688650732,0.33442339848272096,0.46117910304276483,0.18637308176136466,6
108,6,"DenseLayer( 128,64 )","weights",0.31963860659653059,0.33376138566928443,0.46039542905599334,0.18610363687620976,6
108,6,"DenseLayer( 128,64 )","biases",0.019947352215296612,0.021032044333633614,0.027745479604448817,0.010018080987703253,6
108,8,"DenseLayer( 64,1 )","all",0.1942305784612498,0.20465467080008137,0.28219379343733131,0.10025860772483243,6
108,8,"DenseLayer( 64,1 )","weights",0.19284831064357544,0.20315048446799616,0.28063355638971238,0.10006506124394954,6
108,8,"DenseLayer( 64,1 )","biases",0.021543398577099044,0.024767215037386332,0.040811598300933838,0.0062267119064927101,6
109,0,"Conv2DLayer(1,8,5, stride=5, padding=0)","all",0.27030191068944043,0.28114168852298665,0.35044922983124649,0.31388584877812536,6
109,0,"Conv2DLayer(1,8,5, stride=5, padding=0)","weights",0.26685133347212642,0.27780094893954105,0.34638782873218893,0.31060778791544869,6
109,0,"Conv2DLayer(1,8,5, stride=5, padding=0)","biases",0.042393966254598708,0.043212056116858438,0.053199011226841134,0.045245200291697527,6
109,4,"DenseLayer( 7202,128 )","all",0.16768039927704931,0.16894770816063995,0.19253634131379757,0.17219488735360453,6
109,4,"DenseLayer( 7202,128 )","weights",0.16749242673036321,0.16876028258975298,0.19233330557301637,0.17200887649548902,6
109,4,"DenseLayer( 7202,128 )","biases",0.0079190091771287226,0.0079558225822032487,0.0089599342220653359,0.008001602182073313,6
109,6,"DenseLayer( 128,64 )","all",0.26307705102928858,0.26618431074594895,0.33424043356310118,0.22841789259841211,6
109,6,"DenseLayer( 128,64 )","weights",0.26258081656514676,0.26569379782787655,0.33363488688719417,0.22794004338376006,6
109,6,"DenseLayer( 128,64 )","biases",0.0159902153382856,0.016152185087330836,0.020110437096667828,0.01476720289389003,6
109,8,"DenseLayer( 64,1 )","all",0.15786536478716964,0.15990400185055303,0.20736991683154155,0.13647931339979588,6
109,8,"DenseLayer( 64,1 )","weights",0.15681099815413868,0.15885361987580121,0.20610406527001621,0.13523812622404799,6
109,8,"DenseLayer( 64,1 )","biases",0.016700552621235449,0.018298012465186607,0.024134522303938866,0.018364427611231804,6
110,0,"Conv2DLayer(1,8,5, stride=5, padding=0)","all",0.15373019901095808,0.18628854181254026,0.32240604212102042,0.32240604212102042,6
110,0,"Conv2DLayer(1,8,5, stride=5, padding=0)","weights",0.15134990211378957,0.1838793234585451,0.31909139785247592,0.31909139785247592,6
110,0,"Conv2DLayer(1,8,5, stride=5, padding=0)","biases",0.026106263129241421,0.029863275357373303,0.04611220893314609,0.04611220893314609,6
110,4,"DenseLayer( 7202,128 )","all",0.14780055717577234,0.15805635820602365,0.20632635010315259,0.17598249339362904,6
110,4,"DenseLayer( 7202,128 )","weights",0.14761645878715599,0.15785678414411924,0.20607024985998873,0.17579946255436293,6
110,4,"DenseLayer( 7202,128 )","biases",0.0073576902182483396,0.0079402814199372937,0.010276909532077353,0.0080241477202147634,6
110,6,"DenseLayer( 128,64 )","all",0.22719172252550662,0.25305829498633325,0.34702040068867684,0.23319495409614843,6
110,6,"DenseLayer( 128,64 )","weights",0.22658473794729583,0.25237352980552535,0.34604025851601738,0.23278726318627835,6
110,6,"DenseLayer( 128,64 )","biases",0.016502953289343727,0.018603819900484767,0.026063345531563684,0.013783204059548257,6
110,8,"DenseLayer( 64,1 )","all",0.14652539566729625,0.16555796749424775,0.23779385918566637,0.13129606118775974,6
110,8,"DenseLayer( 64,1 )","weights",0.14481061919743882,0.1635511987874759,0.23480615292030124,0.13049591823812787,6
110,8,"DenseLayer( 64,1 )","biases",0.022088171409753461,0.025699143487788356,0.037576455622911453,0.014473113231360912,6
111,0,"Conv2DLayer(1,8,5, stride=5, padding=0)","all",0.086337458943902906,0.098523677702706466,0.1543575806691293,0.035617215018358732,6
111,0,"Conv2DLayer(1,8,5, stride=5, padding=0)","weights",0.084824045505344212,0.096979769492077122,0.15193927491057255,0.034534232274571579,6
111,0,"Conv2DLayer(1,8,5, stride=5, padding=0)","biases",0.015903565054862099,0.017373525184324758,0.027216161552949075,0.0087162381145731299,6
111,4,"DenseLayer( 7202,128 )","all",0.098058360435034728,0.10726866679247765,0.1727401576749002,0.065469095769640093,6
111,4,"DenseLayer( 7202,128 )","weights",0.097936700611835459,0.10713596463799059,0.17252976309278686,0.065403696166382613,6
111,4,"DenseLayer( 7202,128 )","biases",0.0048779273535473639,0.0053340375441896931,0.0085230816431748901,0.0029255817660449081,6
111,6,"DenseLayer( 128,64 )","all",0.16708448227500702,0.1924546830992945,0.33412308812588648,0.11550749891578005,6
111,6,"DenseLayer( 128,64 )","weights",0.16664848218500758,0.19200133499243799,0.33341188541024697,0.11523691883251828,6
111,6,"DenseLayer( 128,64 )","biases",0.01195779167185204,0.013201985001183828,0.02178882020585898,0.0079015722338355854,6
111,8,"DenseLayer( 64,1 )","all",0.10767289387747803,0.12278609618193684,0.21215898451800827,0.082569639976915007,6
111,8,"DenseLayer( 64,1 )","weights",0.10644599129094523,0.12157935260748903,0.21036419129183739,0.08167696343177458,6
111,8,"DenseLayer( 64,1 )","biases",0.01594913409401973,0.017172257718299434,0.027538005262613297,0.012108637019991875,6
112,0,"Conv2DLayer(1,8,5, stride=5, padding=0)","all",0.10712019059533924,0.12800906864266104,0.24111625167417536,0.24111625167417536,6
112,0,"Conv2DLayer(1,8,5, stride=5, padding=0)","weights",0.10535946624379967,0.12642288966583518,0.23877485061906684,0.23877485061906684,6
112,0,"Conv2DLayer(1,8,5, stride=5, padding=0)","biases",0.018352951606948029,0.020089166814519031,0.033520404729755114,0.033520404729755114,6
112,4,"DenseLayer( 7202,128 )","all",0.11342698043737721,0.11736066268384543,0.14483461092761643,0.14483461092761643,6
112,4,"DenseLayer( 7202,128 )","weights",0.11328965790302808,0.11721702390555351,0.14468295085523469,0.14468295085523469,6
112,4,"DenseLayer( 7202,128 )","biases",0.0055680312530720305,0.0058046922671442843,0.0073229006110268665,0.0066263303853468835,6
112,6,"DenseLayer( 128,64 )","all",0.18370758504773868,0.19643396825025544,0.26215664109057546,0.22864571079578788,6
112,6,"DenseLayer( 128,64 )","weights",0.18322781291427015,0.19591012679224934,0.26133510578140839,0.22833149260380822,6
112,6,"DenseLayer( 128,64 )","biases",0.013098625851641843,0.014336181597174048,0.020738055697506468,0.011982927464861785,6
112,8,"DenseLayer( 64,1 )","all",0.11840551412956034,0.12845937656052042,0.18311613364649165,0.12465901980545631,6
112,8,"DenseLayer( 64,1 )","weights",0.11705968470651602,0.12690789624846971,0.18049610947581432,0.12452263258290294,6
112,8,"DenseLayer( 64,1 )","biases",0.016781430885506172,0.019904705375996604,0.030865399166941643,0.005829682108014822,6
113,0,"Conv2DLayer(1,8,5, stride=5, padding=0)","all",0.086887653990564001,0.096470054368243172,0.16625259187877658,0.034712699699418557,6
113,0,"Conv2DLayer(1,8,5, stride=5, padding=0)","weights",0.084688633100580751,0.094840797014521819,0.16408947391196216,0.031749508938351011,6
113,0,"Conv2DLayer(1,8,5, stride=5, padding=0)","biases",0.0163813393377494,0.017654875005563266,0.026731420794760236,0.014033538491612948,6
113,4,"DenseLayer( 7202,128 )","all",0.10735476132178345,0.1111712573916071,0.15976361491914487,0.10664712668575682,6
113,4,"DenseLayer( 7202,128 )","weights",0.10721777684162118,0.11102477935948837,0.15953359232794984,0.10649510986494501,6
113,4,"DenseLayer( 7202,128 )","biases",0.0054045337185408236,0.005704983629063372,0.0085700391464868086,0.0056922056516922528,6
113,6,"DenseLayer( 128,64 )","all",0.17239860795859183,0.18625553871439687,0.30693748481481237,0.18213546714883916,6
113,6,"DenseLayer( 128,64 )","weights",0.1719120249284144,0.18570673208329816,0.30600943933525104,0.18158639386402425,6
113,6,"DenseLayer( 128,64 )","biases",0.012871332081071987,0.014287594644736728,0.023850421844665383,0.014131877334074122,6
113,8,"DenseLayer( 64,1 )","all",0.11289622317695841,0.12514863840524071,0.21308464145038217,0.12615645500426437,6
113,8,"DenseLayer( 64,1 )","weights",0.11145534761027624,0.12347467987678309,0.21020960623609355,0.12451404123542534,6
113,8,"DenseLayer( 64,1 )","biases",0.017808809177950025,0.020400615775305046,0.034885324537754059,0.02029050700366497,6
114,0,"Conv2DLayer(1,8,5, stride=5, padding=0)","all",0.099277178146610648,0.12720662503628263,0.25384111262348669,0.016725645582963224,6
114,0,"Conv2DLayer(1,8,5, stride=5, padding=0)","weights",0.097335542173732831,0.12539961448693535,0.25116735165645593,0.016277929416491185,6
114,0,"Conv2DLayer(1,8,5, stride=5, padding=0)","biases",0.018039121937156323,0.021364974599783763,0.036746046315377472,0.0038439867427747464,6
114,4,"DenseLayer( 7202,128 )","all",0.11999878355534006,0.13284579269358865,0.1918193526673708,0.039265016747329365,6
114,4,"DenseLayer( 7202,128 )","weights",0.11984651763740847,0.13267375365908834,0.19159410717593811,0.039229172897175486,6
114,4,"DenseLayer( 7202,128 )","biases",0.0060270570064792847,0.0067586778585367316,0.0092931239733643929,0.001677359225558901,6
114,6,"DenseLayer( 128,64 )","all",0.19611439835127098,0.22074308926696579,0.30867386118746032,0.033826633203463567,6
114,6,"DenseLayer( 128,64 )","weights",0.19551535266624687,0.22004779759392393,0.30770843639764739,0.033728498872545851,6
114,6,"DenseLayer( 128,64 )","biases",0.015234908335423901,0.017506519733719552,0.02439407202765715,0.0025747772110101311,6
114,8,"DenseLayer( 64,1 )","all",0.13117976031448333,0.15034202469880464,0.21044995410001435,0.012482956757875315,6
114,8,"DenseLayer( 64,1 )","weights",0.12932004230895891,0.14812566414346445,0.20742423338839652,0.012345188700855929,6
114,8,"DenseLayer( 64,1 )","biases",0.021820598475945491,0.025719875827724299,0.035557989031076431,0.001849466236308217,6
115,0,"Conv2DLayer(1,8,5, stride=5, padding=0)","all",0.10912598383861717,0.1300075092048594,0.21870976128826869,0.065080062699515884,6
115,0,"Conv2DLayer(1,8,5, stride=5, padding=0)","weights",0.10585871825984787,0.12753629597107366,0.2164306177756006,0.0599899636865961,6
115,0,"Conv2DLayer(1,8,5, stride=5, padding=0)","biases",0.024320293029018666,0.025227874655434222,0.033341300466008389,0.025231306304941879,6
115,4,"DenseLayer( 7202,128 )","all",0.18202207261662717,0.18446690813553768,0.22433976536750605,0.22433976536750605,6
115,4,"DenseLayer( 7202,128 )","weights",0.18176932458583817,0.18421096301812009,0.22402401585974357,0.22402401585974357,6
115,4,"DenseLayer( 7202,128 )","biases",0.0095826430564348742,0.0097139745223923327,0.011898346238911804,0.011898346238911804,6
115,6,"DenseLayer( 128,64 )","all",0.32954325500992754,0.33657044444351364,0.43658267807258733,0.43658267807258733,6
115,6,"DenseLayer( 128,64 )","weights",0.32858558177622282,0.33559991942915457,0.43527889757178845,0.43527889757178845,6
115,6,"DenseLayer( 128,64 )","biases",0.025007427374556284,0.025541302865149097,0.033715220920541425,0.033715220920541425,6
115,8,"DenseLayer( 64,1 )","all",0.22160543504078961,0.22648836353404581,0.29836907299339932,0.29836907299339932,6
115,8,"DenseLayer( 64,1 )","weights",0.21872007627451542,0.22354827155638374,0.2943195796984191,0.2943195796984191,6
115,8,"DenseLayer( 64,1 )","biases",0.035406287138660751,0.03637511650130329,0.048990700393915176,0.048990700393915176,6
116,0,"Conv2DLayer(1,8,5, stride=5, padding=0)","all",0.13989204929165719,0.16572751367155752,0.28445419503662517,0.15515767855633728,6
116,0,"Conv2DLayer(1,8,5, stride=5, padding=0)","weights",0.13777123529266957,0.16338344410828298,0.28069184620311244,0.15232474309779151,6
116,0,"Conv2DLayer(1,8,5, stride=5, padding=0)","biases",0.024100397980272685,0.027775150387925253,0.046111566325843602,0.029514028108401293,6
116,4,"DenseLayer( 7202,128 )","all",0.14021424919939007,0.15770017645171527,0.24677495859067128,0.096527540946180046,6
116,4,"DenseLayer( 7202,128 )","weights",0.14003525002778888,0.15750013795685822,0.24646172854497855,0.096411896332903299,6
116,4,"DenseLayer( 7202,128 )","biases",0.0070804627785529583,0.0079405413211415931,0.012429664116492481,0.0047236010214637535,6
116,6,"DenseLayer( 128,64 )","all",0.24978850330188385,0.2962252409605397,0.4957259134308995,0.12070853494776716,6
116,6,"DenseLayer( 128,64 )","weights",0.24915078577481431,0.29552792884669782,0.49457519496976987,0.12035672192260774,6
116,6,"DenseLayer( 128,64 )","biases",0.017764398594580226,0.020313459914818501,0.033757336499104923,0.0092092289188835663,6
116,8,"DenseLayer( 64,1 )","all",0.16085792908386029,0.19087614810736581,0.32563906989210212,0.069745263264789789,6
116,8,"DenseLayer( 64,1 )","weights",0.1590716668380171,0.18896934859321082,0.32235249923293052,0.068812127494907241,6
116,8,"DenseLayer( 64,1 )","biases",0.023705487760404747,0.02691262173335434,0.046148348599672318,0.011370701715350151,6
117,0,"Conv2DLayer(1,8,5, stride=5, padding=0)","all",0.10859670054923283,0.13221836362959011,0.23350561817631324,0.23350561817631324,6
117,0,"Conv2DLayer(1,8,5, stride=5, padding=0)","weights",0.10605047841292686,0.12957880789903209,0.22893084443563411,0.22893084443563411,6
117,0,"Conv2DLayer(1,8,5, stride=5, padding=0)","biases",0.022739307525137781,0.026287415703188856,0.045995023490478779,0.045995023490478779,6
117,4,"DenseLayer( 7202,128 )","all",0.15443309148684864,0.17232339244805597,0.28568247063169294,0.28568247063169294,6
117,4,"DenseLayer( 7202,128 )","weights",0.1542252692336753,0.17209277145930238,0.28531348644151866,0.28531348644151866,6
117,4,"DenseLayer( 7202,128 )","biases",0.0080068878966167521,0.0089123283300738803,0.014515112152975379,0.014515112152975379,6
117,6,"DenseLayer( 128,64 )","all",0.26060596676373038,0.28981286322065264,0.42975263521685342,0.42975263521685342,6
117,6,"DenseLayer( 128,64 )","weights",0.25981962901586997,0.28894566827405516,0.42832127713106127,0.42832127713106127,6
117,6,"DenseLayer( 128,64 )","biases",0.020170183639808797,0.022403046083343297,0.03504584187384454,0.03504584187384454,6
117,8,"DenseLayer( 64,1 )","all",0.17530723994432096,0.19434371577597775,0.29020207995227931,0.29020207995227931,6
117,8,"DenseLayer( 64,1 )","weights",0.17289900870388036,0.19169060634411997,0.2856722508969981,0.2856722508969981,6
117,8,"DenseLayer( 64,1 )","biases",0.02882212361631294,0.032002988939123317,0.051074575632810593,0.051074575632810593,6
118,0,"Conv2DLayer(1,8,5, stride=5, padding=0)","all",0.14632356449108128,0.16666017724849139,0.27839083778672291,0.27839083778672291,6
118,0,"Conv2DLayer(1,8,5, stride=5, padding=0)","weights",0.14284308424847225,0.16408847227214504,0.27560712599384291,0.27560712599384291,6
118,0,"Conv2DLayer(1,8,5, stride=5, padding=0)","biases",0.028602602311265674,0.029164840954341936,0.039270480834941092,0.039270480834941092,6
118,4,"DenseLayer( 7202,128 )","all",0.21697654417506324,0.22906982973957549,0.33218334465656385,0.33218334465656385,6
118,4,"DenseLayer( 7202,128 )","weights",0.21668471953081012,0.22875964165254001,0.33175374984297779,0.33175374984297779,6
118,4,"DenseLayer( 7202,128 )","biases",0.011236332591794802,0.011916931145206271,0.016888574017494443,0.016888574017494443,6
118,6,"DenseLayer( 128,64 )","all",0.40273311504004355,0.43473676036596048,0.66938936712984753,0.66938936712984753,6
118,6,"DenseLayer( 128,64 )","weights",0.40167883243189806,0.43359323397870014,0.66781407395299086,0.66781407395299086,6
118,6,"DenseLayer( 128,64 )","biases",0.02893853182481728,0.031511240238726826,0.045896486323105334,0.045896486323105334,6
118,8,"DenseLayer( 64,1 )","all",0.26786779708677871,0.29038094125261238,0.4388191231612994,0.4388191231612994,6
118,8,"DenseLayer( 64,1 )","weights",0.2648072814473853,0.28701642490876073,0.4344293668265865,0.4344293668265865,6
118,8,"DenseLayer( 64,1 )","biases",0.039621692713505276,0.044075649460295359,0.06191403791308403,0.06191403791308403,6
119,0,"Conv2DLayer(1,8,5, stride=5, padding=0)","all",0.17574657380606704,0.1967144175589276,0.28358168665660255,0.28358168665660255,6
119,0,"Conv2DLayer(1,8,5, stride=5, padding=0)","weights",0.17278902215450115,0.19380611346409357,0.27967984647962241,0.27967984647962241,6
119,0,"Conv2DLayer(1,8,5, stride=5, padding=0)","biases",0.031282317851311733,0.033700926685938763,0.046880235495764734,0.046880235495764734,6
119,4,"DenseLayer( 7202,128 )","all",0.18568412229887743,0.19517818621479269,0.2917956681819876,0.21386404105431517,6
119,4,"DenseLayer( 7202,128 )","weights",0.18544219692184119,0.19492573080226031,0.29140719591206937,0.2136169166314858,6
119,4,"DenseLayer( 7202,128 )","biases",0.0094676732582100152,0.0099239027252910669,0.015051848406007418,0.010278180040194287,6
119,6,"DenseLayer( 128,64 )","all",0.32740132232010372,0.353578355383179,0.57908919523892677,0.39801977501818397,6
119,6,"DenseLayer( 128,64 )","weights",0.32653483273760636,0.35268648887070003,0.57762605542227541,0.39731655183590081,6
119,6,"DenseLayer( 128,64 )","biases",0.023649633778558179,0.025097688410114616,0.041139228721140203,0.023649501955764773,6
119,8,"DenseLayer( 64,1 )","all",0.21467217142025569,0.23064176981046419,0.38292750112166896,0.23932158599973707,6
119,8,"DenseLayer( 64,1 )","weights",0.21218926030750965,0.22811079677777804,0.37872050078913355,0.2379663360876762,6
119,8,"DenseLayer( 64,1 )","biases",0.032099212209383644,0.034074776223922562,0.056606125086545944,0.025433136150240898,6
120,0,"Conv2DLayer(1,8,5, stride=5, padding=0)","all",0.16947494127103135,0.19291413835095617,0.30641206219733219,0.094785350146378788,6
120,0,"Conv2DLayer(1,8,5, stride=5, padding=0)","weights",0.16426035433654868,0.18901584381734757,0.30291109037426217,0.089367831441028847,6
120,0,"Conv2DLayer(1,8,5, stride=5, padding=0)","biases",0.038168198714286596,0.038585950314951711,0.046186829164788237,0.031585650316235142,6
120,4,"DenseLayer( 7202,128 )","all",0.27241440425695307,0.28401713731494255,0.38135797564888407,0.34316661108535407,6
120,4,"DenseLayer( 7202,128 )","weights",0.27204961134252648,0.28362607977895665,0.38079893644313856,0.34269057908733153,6
120,4,"DenseLayer( 7202,128 )","biases",0.014062625254164469,0.014899032109363117,0.020641598649072578,0.01806903341620671,6
120,6,"DenseLayer( 128,64 )","all",0.49814194935952311,0.52924007387001448,0.69071247630199384,0.68388341091617377,6
120,6,"DenseLayer( 128,64 )","weights",0.49676778762230189,0.52770101330379782,0.6884888518702279,0.68189640174971344,6
120,6,"DenseLayer( 128,64 )","biases",0.036677532949274255,0.04033232386167971,0.055378928931930409,0.052094308778729913,6
120,8,"DenseLayer( 64,1 )","all",0.33124830422040291,0.35851924403698471,0.47674651498265552,0.47181714749686932,6
120,8,"DenseLayer( 64,1 )","weights",0.3272168977831727,0.3538110008825664,0.46976377100850997,0.46565715411959441,6
120,8,"DenseLayer( 64,1 )","biases",0.050529094102481999,0.057912209415006854,0.081297226250171661,0.075992338359355927,6
121,0,"Conv2DLayer(1,8,5, stride=5, padding=0)","all",0.13771905878195487,0.14538071209940989,0.20938215409431812,0.20938215409431812,6
121,0,"Conv2DLayer(1,8,5, stride=5, padding=0)","weights",0.13382398488609235,0.14171649582201401,0.20588220368309698,0.20588220368309698,6
121,0,"Conv2DLayer(1,8,5, stride=5, padding=0)","biases",0.031573228136471003,0.032434337706520003,0.040105721992965464,0.038123544690499993,6
121,4,"DenseLayer( 7202,128 )","all",0.20655920647775305,0.21962855296688263,0.31732643157195972,0.1679658371195506,6
121,4,"DenseLayer( 7202,128 )","weights",0.20627536418323178,0.21932070473834747,0.31686068516654198,0.16774651405049365,6
121,4,"DenseLayer( 7202,128 )","biases",0.010813845505141147,0.011624532308930803,0.017186342542356122,0.0085807612237455855,6
121,6,"DenseLayer( 128,64 )","all",0.36176034942633223,0.39376736704432136,0.5805216577920923,0.22479596567349258,6
121,6,"DenseLayer( 128,64 )","weights",0.36066480991569588,0.39253145522952915,0.57855519893176532,0.22403741715065598,6
121,6,"DenseLayer( 128,64 )","biases",0.027967185812956923,0.031173642783695776,0.047741773686203547,0.018451609673440991,6
121,8,"DenseLayer( 64,1 )","all",0.24760480239221352,0.27251874184084091,0.40579985269197782,0.15216025618085149,6
121,8,"DenseLayer( 64,1 )","weights",0.24424571527519326,0.26864369421526024,0.39955368901124277,0.14974665380143132,6
121,8,"DenseLayer( 64,1 )","biases",0.039904254682672523,0.045793342451634272,0.070925101637840271,0.026994133368134499,6
122,0,"Conv2DLayer(1,8,5, stride=5, padding=0)","all",0.14278938179950459,0.1519196146017899,0.22623245195114838,0.15566232086947629,6
122,0,"Conv2DLayer(1,8,5, stride=5, padding=0)","weights",0.14062289169803652,0.14979594766837998,0.22381382720799306,0.15215040778884026,6
122,0,"Conv2DLayer(1,8,5, stride=5, padding=0)","biases",0.024318025214619267,0.025312909016712151,0.032992318292888706,0.032878740063472842,6
122,4,"DenseLayer( 7202,128 )","all",0.14219198787422349,0.14961119586170177,0.23441471138277789,0.23441471138277789,6
122,4,"DenseLayer( 7202,128 )","weights",0.14201819321904235,0.14942379667903918,0.23408646553067602,0.23408646553067602,6
122,4,"DenseLayer( 7202,128 )","biases",0.0070167480822423568,0.0074859143188821834,0.01240095028724311,0.01240095028724311,6
122,6,"DenseLayer( 128,64 )","all",0.23996424706823671,0.2540228128926047,0.39423939023280619,0.39423939023280619,6
122,6,"DenseLayer( 128,64 )","weights",0.23934662660657474,0.25333529465008348,0.39286894092788105,0.39286894092788105,6
122,6,"DenseLayer( 128,64 )","biases",0.017033870356757786,0.018676668718661308,0.03284344782966532,0.03284344782966532,6
122,8,"DenseLayer( 64,1 )","all",0.15605767335838122,0.16743413591682083,0.27156989563636597,0.27156989563636597,6
122,8,"DenseLayer( 64,1 )","weights",0.15428386613436115,0.16537801906344102,0.26717855016944125,0.26717855016944125,6
122,8,"DenseLayer( 64,1 )","biases",0.023016289497415226,0.026159141439744675,0.048639804124832153,0.048639804124832153,6
123,0,"Conv2DLayer(1,8,5, stride=5, padding=0)","all",0.086438375219335603,0.092505254208455401,0.1387483336004281,0.094038759145443171,6
123,0,"Conv2DLayer(1,8,5, stride=5, padding=0)","weights",0.08413487531441885,0.090281987502398492,0.13592782085679497,0.093459010264678496,6
123,0,"Conv2DLayer(1,8,5, stride=5, padding=0)","biases",0.018975480935370489,0.020158987791744791,0.027833928828297619,0.010426006999872464,6
123,4,"DenseLayer( 7202,128 )","all",0.15367346315424404,0.16252561473916791,0.25058498649062072,0.094557042643615738,6
123,4,"DenseLayer( 7202,128 )","weights",0.15346824425459421,0.1623064005998554,0.25024288932552519,0.09444703030496629,6
123,4,"DenseLayer( 7202,128 )","biases",0.007936831319587041,0.0084384696873128617,0.013089377239483871,0.0045599100955329135,6
123,6,"DenseLayer( 128,64 )","all",0.27276615515250452,0.29408006952644994,0.48122251866622473,0.15433972412689428,6
123,6,"DenseLayer( 128,64 )","weights",0.27201648679747609,0.29326678363155351,0.47996400591008392,0.15403743414256199,6
123,6,"DenseLayer( 128,64 )","biases",0.020155572380146744,0.021855912497198673,0.034780245861838956,0.0096550156054621243,6
123,8,"DenseLayer( 64,1 )","all",0.182199951938152,0.19882192518111233,0.32748461922045863,0.09028309700104592,6
123,8,"DenseLayer( 64,1 )","weights",0.18000988580248908,0.19638399125322639,0.32370253976041352,0.089688685546645136,6
123,8,"DenseLayer( 64,1 )","biases",0.028002694714814425,0.031040069461528708,0.049627024680376053,0.010342982597649097,6
124,0,"Conv2DLayer(1,8,5, stride=5, padding=0)","all",0.23069044990023929,0.23925126518424539,0.32894066479278933,0.16120460262700836,6
124,0,"Conv2DLayer(1,8,5, stride=5, padding=0)","weights",0.2246384709205656,0.23392772486796184,0.32379596595394683,0.15051986810683354,6
124,0,"Conv2DLayer(1,8,5, stride=5, padding=0)","biases",0.049713759535900071,0.050189515143715592,0.057949403674866985,0.05771215827911054,6
124,4,"DenseLayer( 7202,128 )","all",0.38557471670014026,0.39475577782825849,0.49600498028576062,0.49600498028576062,6
124,4,"DenseLayer( 7202,128 )","weights",0.38504427238985217,0.39420733301731881,0.4952858399113636,0.4952858399113636,6
124,4,"DenseLayer( 7202,128 )","biases",0.020209779851193682,0.020801507737808134,0.026699761264343379,0.026699761264343379,6
124,6,"DenseLayer( 128,64 )","all",0.7097032262531402,0.72957546672196671,0.92747793826954472,0.92747793826954472,6
124,6,"DenseLayer( 128,64 )","weights",0.70765788998267865,0.72744217365044317,0.9245711414273301,0.9245711414273301,6
124,6,"DenseLayer( 128,64 )","biases",0.053680114354067748,0.055751642462748392,0.073372545386468091,0.073372545386468091,6
124,8,"DenseLayer( 64,1 )","all",0.47925526516792644,0.49548132788785626,0.64232912464959824,0.64232912464959824,6
124,8,"DenseLayer( 64,1 )","weights",0.47306924989419619,0.48893453662658587,0.63316799280614122,0.63316799280614122,6
124,8,"DenseLayer( 64,1 )","biases",0.076307745650410652,0.080279294835337786,0.10809716582298279,0.10809716582298279,6
125,0,"Conv2DLayer(1,8,5, stride=5, padding=0)","all",0.12369158142221655,0.13022596278958137,0.18657000485113076,0.086038439881581524,6
125,0,"Conv2DLayer(1,8,5, stride=5, padding=0)","weights",0.11860138686757052,0.12475846294829464,0.17811814967121678,0.083982926587438722,6
125,0,"Conv2DLayer(1,8,5, stride=5, padding=0)","biases",0.033965603323954867,0.037338014238205312,0.055518388555981707,0.018694415718748674,6
125,4,"DenseLayer( 7202,128 )","all",0.28094220575501289,0.32382915252534189,0.52180283141438144,0.13697745988594853,6
125,4,"DenseLayer( 7202,128 )","weights",0.28053090990182605,0.32335200680809151,0.52102856863066616,0.13677329905937052,6
125,4,"DenseLayer( 7202,128 )","biases",0.015194917616122005,0.017572698098501666,0.028415234342593881,0.007475906715752394,6
125,6,"DenseLayer( 128,64 )","all",0.49819876650967643,0.58813366930346989,0.9340613773309081,0.22102328498298479,6
125,6,"DenseLayer( 128,64 )","weights",0.49656646712363151,0.5862284894385037,0.9309695840950426,0.22020109796425813,6
125,6,"DenseLayer( 128,64 )","biases",0.04027704729885602,0.047300857698495548,0.075936092283028583,0.019046494690753729,6
125,8,"DenseLayer( 64,1 )","all",0.34375632815493218,0.40662060784659398,0.64842568145706192,0.15496938663259074,6
125,8,"DenseLayer( 64,1 )","weights",0.33861113447573571,0.40062768629399237,0.63865858430125078,0.15228378732651709,6
125,8,"DenseLayer( 64,1 )","biases",0.059212248151501022,0.069554120656191085,0.11212081462144852,0.028725579380989075,6
126,0,"Conv2DLayer(1,8,5, stride=5, padding=0)","all",0.16154777552218885,0.18340056947063157,0.31846315482203669,0.19048173842247781,6
126,0,"Conv2DLayer(1,8,5, stride=5, padding=0)","weights",0.15547033142835651,0.17685687362361965,0.3092325878806309,0.18237471332522753,6
126,0,"Conv2DLayer(1,8,5, stride=5, padding=0)","biases",0.043571637082101392,0.048553219607261673,0.076118247298873065,0.054979601780936298,6
126,4,"DenseLayer( 7202,128 )","all",0.40586843748603479,0.44860480497205374,0.64404583528367265,0.61857511333187309,6
126,4,"DenseLayer( 7202,128 )","weights",0.4052769210144942,0.4479530075488819,0.64312248510324321,0.61767131875759074,6
126,4,"DenseLayer( 7202,128 )","biases",0.021903320950639762,0.024173830311428644,0.034474731338653371,0.033426229488209648,6
126,6,"DenseLayer( 128,64 )","all",0.78946638615658604,0.87642271226932511,1.2673961486114584,1.2061814682955017,6
126,6,"DenseLayer( 128,64 )","weights",0.78713873176059923,0.87384919385962923,1.2638202084639178,1.2024975530483843,6
126,6,"DenseLayer( 128,64 )","biases",0.060564178290354813,0.067114506422951747,0.095139256846883374,0.094198563535441385,6
126,8,"DenseLayer( 64,1 )","all",0.53521590941377473,0.59360609989689628,0.84569218832489257,0.82465297370412283,6
126,8,"DenseLayer( 64,1 )","weights",0.52819674627540425,0.58584725731095555,0.83513023832158673,0.81334788235130795,6
126,8,"DenseLayer( 64,1 )","biases",0.086370394254724189,0.095661867721861749,0.13607993721961975,0.13607993721961975,6
127,0,"Conv2DLayer(1,8,5, stride=5, padding=0)","all",0.20231901219459963,0.2094297129698261,0.2657454508003298,0.23695426759297322,6
127,0,"Conv2DLayer(1,8,5, stride=5, padding=0)","weights",0.19733591900682318,0.20484167841793496,0.26182398570174609,0.23225574358287898,6
127,0,"Conv2DLayer(1,8,5, stride=5, padding=0)","biases",0.043453007112342401,0.043596920275944424,0.046953109623179626,0.046953109623179626,6
127,4,"DenseLayer( 7202,128 )","all",0.35443735999886755,0.35673710309096884,0.39878730876818852,0.39609257952545229,6
127,4,"DenseLayer( 7202,128 )","weights",0.35392455041643539,0.35622073415567213,0.39821701374723639,0.39552176829211966,6
127,4,"DenseLayer( 7202,128 )","biases",0.019057824722961192,0.01918721656026514,0.021319652830377706,0.021257054410278916,6
127,6,"DenseLayer( 128,64 )","all",0.67259835966958437,0.67740404946481292,0.77571906260479384,0.75505669964801791,6
127,6,"DenseLayer( 128,64 )","weights",0.67063939703980369,0.67542731774343934,0.77360291661014047,0.75294400233594616,6
127,6,"DenseLayer( 128,64 )","biases",0.051221876299281509,0.051712519540532215,0.057258986200807972,0.056444211657917645,6
127,8,"DenseLayer( 64,1 )","all",0.45245685191743279,0.45617042583803263,0.51475916732815008,0.50222344137715869,6
127,8,"DenseLayer( 64,1 )","weights",0.44666506194124528,0.45029328509244487,0.50871524958843817,0.49613856098565162,6
127,8,"DenseLayer( 64,1 )","biases",0.071976761644085244,0.072989141726055473,0.084875024855136871,0.077941730618476868,6
128,0,"Conv2DLayer(1,8,5, stride=5, padding=0)","all",0.15593570136651272,0.18542413956726048,0.31084060924283841,0.015766748216419144,6
128,0,"Conv2DLayer(1,8,5, stride=5, padding=0)","weights",0.15167143643430173,0.18169803894929712,0.30712411701518105,0.01519255474961255,6
128,0,"Conv2DLayer(1,8,5, stride=5, padding=0)","biases",0.033107692026092081,0.036985594171766466,0.047923492173508678,0.0042162340423630932,6
128,4,"DenseLayer( 7202,128 )","all",0.24273992178922504,0.27535361844516137,0.39677274045747341,0.045804221198143362,6
128,4,"DenseLayer( 7202,128 )","weights",0.24239820623314165,0.2749560303973112,0.39618009197716419,0.045747374560966059,6
128,4,"DenseLayer( 7202,128 )","biases",0.012862544367033227,0.014791772679310233,0.021678152391273506,0.0022813154861004012,6
128,6,"DenseLayer( 128,64 )","all",0.41253758855715006,0.48097743330483023,0.74361786880179404,0.06802554111258434,6
128,6,"DenseLayer( 128,64 )","weights",0.4112092727992559,0.47940730586757779,0.7412945491715669,0.067829865220061,6
128,6,"DenseLayer( 128,64 )","biases",0.033021874496763824,0.038832028395296862,0.058736072134981242,0.0051559313308326901,6
128,8,"DenseLayer( 64,1 )","all",0.28364009345440255,0.33282915623676557,0.5119187267326889,0.041793482755996883,6
128,8,"DenseLayer( 64,1 )","weights",0.27947225897234418,0.32789410064731711,0.50476767590253158,0.04119957763887723,6
128,8,"DenseLayer( 64,1 )","biases",0.048344172537326813,0.057102591902333057,0.08526650071144104,0.0070206839591264725,6
129,0,"Conv2DLayer(1,8,5, stride=5, padding=0)","all",0.15352152437569655,0.17234240444914009,0.25484733365712176,0.23676458019731714,6
129,0,"Conv2DLayer(1,8,5, stride=5, padding=0)","weights",0.1481531684866724,0.16736105266752846,0.25169857859309097,0.23210525174187585,6
129,0,"Conv2DLayer(1,8,5, stride=5, padding=0)","biases",0.038218864879346615,0.041136144949761012,0.063145087581662401,0.046739903186166921,6
129,4,"DenseLayer( 7202,128 )","all",0.29523111436117377,0.32583725504089855,0.53091648910014633,0.35063908706793251,6
129,4,"DenseLayer( 7202,128 )","weights",0.2947857153044689,0.32534376075473637,0.53009876823559021,0.35012239141535717,6
129,4,"DenseLayer( 7202,128 )","biases",0.016209089251281443,0.017926352405115642,0.029455293472239172,0.019028410585873463,6
129,6,"DenseLayer( 128,64 )","all",0.53866436541313956,0.59668296656485165,0.96600834122727863,0.67886861794114783,6
129,6,"DenseLayer( 128,64 )","weights",0.53688028864887039,0.59471550791872119,0.96271797812581583,0.67697768990522778,6
129,6,"DenseLayer( 128,64 )","biases",0.043758896644565615,0.048415154958022011,0.079663102588460113,0.05063405766779297,6
129,8,"DenseLayer( 64,1 )","all",0.36922457548233223,0.40901793175183182,0.66661187550702261,0.44986978402213024,6
129,8,"DenseLayer( 64,1 )","weights",0.36367637159476573,0.40289435897074777,0.65624080158730791,0.44448443070021426,6
129,8,"DenseLayer( 64,1 )","biases",0.063659334244827434,0.070511020444299299,0.1171298548579216,0.069400385022163391,6
130,0,"Conv2DLayer(1,8,5, stride=5, padding=0)","all",0.15009872128022361,0.16099041081913701,0.23627954547399957,0.23627954547399957,6
130,0,"Conv2DLayer(1,8,5, stride=5, padding=0)","weights",0.14669538250865097,0.15771142326654353,0.23205090457295593,0.23205090457295593,6
130,0,"Conv2DLayer(1,8,5, stride=5, padding=0)","biases",0.031046414226492187,0.03232675899244556,0.044501699925651408,0.044501699925651408,6
130,4,"DenseLayer( 7202,128 )","all",0.21314713177573985,0.2258353539540976,0.27974935441198551,0.27974935441198551,6
130,4,"DenseLayer( 7202,128 )","weights",0.21283706906162475,0.22550614279523704,0.27935528073671811,0.27935528073671811,6
130,4,"DenseLayer( 7202,128 )","biases",0.011491061178275303,0.012189612675827291,0.014843463828637391,0.014843463828637391,6
130,6,"DenseLayer( 128,64 )","all",0.39674847333846974,0.42300875141526434,0.53343776973177226,0.53343776973177226,6
130,6,"DenseLayer( 128,64 )","weights",0.39557610777375296,0.42176609994756303,0.53206507727154506,0.53206507727154506,6
130,6,"DenseLayer( 128,64 )","biases",0.030421413624820301,0.032400010940170858,0.038286905198246172,0.038244054759295563,6
130,8,"DenseLayer( 64,1 )","all",0.26360246350394151,0.28125219828740894,0.34231616754991095,0.34231616754991095,6
130,8,"DenseLayer( 64,1 )","weights",0.26017440723114588,0.2776001739544437,0.33863562701078492,0.33863562701078492,6
130,8,"DenseLayer( 64,1 )","biases",0.042199245886877179,0.04517679118709738,0.053455892950296402,0.050062667578458786,6
131,0,"Conv2DLayer(1,8,5, stride=5, padding=0)","all",0.15508481800253254,0.18527472041709553,0.36758056978866188,0.077572791588969542,6
131,0,"Conv2DLayer(1,8,5, stride=5, padding=0)","weights",0.15088066223422059,0.18156726660529426,0.36360010596994236,0.073636398861152669,6
131,0,"Conv2DLayer(1,8,5, stride=5, padding=0)","biases",0.033327012425869801,0.036878851976639815,0.053948477502187335,0.024397105518215466,6
131,4,"DenseLayer( 7202,128 )","all",0.22273519115204699,0.26042268005794927,0.41935099415259214,0.20517367314968998,6
131,4,"DenseLayer( 7202,128 )","weights",0.2224154179462369,0.2600366899627562,0.4187164541534828,0.20487151088897188,6
131,4,"DenseLayer( 7202,128 )","biases",0.01191190045133766,0.014173643207674152,0.02306051425926341,0.011131045764244018,6
131,6,"DenseLayer( 128,64 )","all",0.3811786686460385,0.4751271505401336,0.82399200116707128,0.32407116999861346,6
131,6,"DenseLayer( 128,64 )","weights",0.38002165358212114,0.47364371671058675,0.82150213125576144,0.32296818333383309,6
131,6,"DenseLayer( 128,64 )","biases",0.029533841823650653,0.037515847331070593,0.06400833015753836,0.026714710897065695,6
131,8,"DenseLayer( 64,1 )","all",0.25351434108915588,0.32362360968265774,0.56413573130031536,0.21691869355413138,6
131,8,"DenseLayer( 64,1 )","weights",0.25009751412146369,0.31906947393680629,0.55651160366879016,0.21357048510183096,6
131,8,"DenseLayer( 64,1 )","biases",0.040693720112661445,0.054100938492071524,0.092433534562587738,0.037965346127748489,6
132,0,"Conv2DLayer(1,8,5, stride=5, padding=0)","all",0.094926342505036884,0.10948497336593846,0.21095871744864461,0.10129374640120238,6
132,0,"Conv2DLayer(1,8,5, stride=5, padding=0)","weights",0.09277376948402441,0.10771202978679784,0.20898890611868387,0.10013154772374201,6
132,0,"Conv2DLayer(1,8,5, stride=5, padding=0)","biases",0.018187612019869896,0.019623405212863345,0.028761390559098876,0.015300202954179349,6
132,4,"DenseLayer( 7202,128 )","all",0.14886530919716484,0.15679833489472328,0.22232425342304518,0.10592515122055686,6
132,4,"DenseLayer( 7202,128 )","weights",0.14865514025474391,0.15657236050224971,0.22198217728242478,0.10578618717791051,6
132,4,"DenseLayer( 7202,128 )","biases",0.0078884235473123988,0.0084150907607317103,0.01232828573113654,0.005424044935094202,6
132,6,"DenseLayer( 128,64 )","all",0.26704136905787218,0.2916054731149032,0.42578642919085835,0.19205618223001311,6
132,6,"DenseLayer( 128,64 )","weights",0.26628228526084252,0.29076547781600909,0.42446453924270194,0.19156068853169139,6
132,6,"DenseLayer( 128,64 )","biases",0.02003031656748068,0.022117614269953321,0.033525187674084432,0.013786940996186308,6
132,8,"DenseLayer( 64,1 )","all",0.17516002318951532,0.194098310328222,0.2934492361254134,0.11542235641526917,6
132,8,"DenseLayer( 64,1 )","weights",0.17299176053952869,0.19163018203378523,0.28940544331115359,0.1142414980968689,6
132,8,"DenseLayer( 64,1 )","biases",0.027156878010525059,0.030854941354167383,0.048548363149166107,0.016468165442347527,6
133,0,"Conv2DLayer(1,8,5, stride=5, padding=0)","all",0.098196133114606496,0.11299566725026543,0.20226846617927619,0.085911054288906025,6
133,0,"Conv2DLayer(1,8,5, stride=5, padding=0)","weights",0.095974076716253132,0.11109813665200098,0.20007418694937612,0.085297141835417992,6
133,0,"Conv2DLayer(1,8,5, stride=5, padding=0)","biases",0.019241440633716113,0.020620980815325509,0.029712827651758131,0.010252162881067856,6
133,4,"DenseLayer( 7202,128 )","all",0.11392792156648551,0.1198134586212992,0.17517429281145785,0.08828024465276807,6
133,4,"DenseLayer( 7202,128 )","weights",0.11377298180401137,0.11964774678677134,0.17491602129161585,0.088188577370961641,6
133,4,"DenseLayer( 7202,128 )","biases",0.0059240811668182011,0.0062993297775577901,0.0095088567927675786,0.0040219917004509923,6
133,6,"DenseLayer( 128,64 )","all",0.19770814165881037,0.21565445391246438,0.34472471349784156,0.14652442002882715,6
133,6,"DenseLayer( 128,64 )","weights",0.19713833760241134,0.2150160943445836,0.34369513405135987,0.14624826770280747,6
133,6,"DenseLayer( 128,64 )","biases",0.014807660229823076,0.016580792052382234,0.026622977398982266,0.0089916549484577342,6
133,8,"DenseLayer( 64,1 )","all",0.12964356702813207,0.14361283536912964,0.23232031493272995,0.091352081496140047,6
133,8,"DenseLayer( 64,1 )","weights",0.12799903281553598,0.14169109825646084,0.22926391349792238,0.090638551087178221,6
133,8,"DenseLayer( 64,1 )","biases",0.019614881603047252,0.023415361573947382,0.037560440599918365,0.011395431123673916,6
134,0,"Conv2DLayer(1,8,5, stride=5, padding=0)","all",0.1006616185792038,0.11424887887223947,0.18463320476736805,0.18463320476736805,6
134,0,"Conv2DLayer(1,8,5, stride=5, padding=0)","weights",0.098577143505585718,0.11231925969713825,0.18282380356312372,0.18282380356312372,6
134,0,"Conv2DLayer(1,8,5, stride=5, padding=0)","biases",0.019632415264139183,0.020909094304882213,0.025785211912668176,0.025785211912668176,6
134,4,"DenseLayer( 7202,128 )","all",0.097374388899257591,0.10196593365594171,0.12538610135990746,0.11035867608410227,6
134,4,"DenseLayer( 7202,128 )","weights",0.097240940809914175,0.10182458960543758,0.12520692205135345,0.11023922935755402,6
134,4,"DenseLayer( 7202,128 )","biases",0.0050849219981930578,0.005366989660146807,0.0068292454675507562,0.0051331956604445733,6
134,6,"DenseLayer( 128,64 )","all",0.14974156345153128,0.16156935244523574,0.21499501689399503,0.13940728599049018,6
134,6,"DenseLayer( 128,64 )","weights",0.14928303490990222,0.1610745486478169,0.21435016939268153,0.13909876392253023,6
134,6,"DenseLayer( 128,64 )","biases",0.011658374770591434,0.012635087157390944,0.01663917577820297,0.0092695880414677134,6
134,8,"DenseLayer( 64,1 )","all",0.098709592534433011,0.10725667459772385,0.14240891032051589,0.088428548757583575,6
134,8,"DenseLayer( 64,1 )","weights",0.097342705371957591,0.10576908961308965,0.14058071508668785,0.087508891366638711,6
134,8,"DenseLayer( 64,1 )","biases",0.016278776495407026,0.017801514772070245,0.024729635566473007,0.012720148079097271,6
135,0,"Conv2DLayer(1,8,5, stride=5, padding=0)","all",0.089446367442921976,0.093854588514960896,0.13118194993135418,0.11879147002164926,6
135,0,"Conv2DLayer(1,8,5, stride=5, padding=0)","weights",0.087766732827600044,0.092130903039003051,0.12942868178139147,0.11527275201615611,6
135,0,"Conv2DLayer(1,8,5, stride=5, padding=0)","biases",0.016565641625878404,0.017904761671981219,0.028698536417841453,0.028698536417841453,6
135,4,"DenseLayer( 7202,128 )","all",0.11207989648422843,0.12709897794702155,0.20870927803374337,0.20870927803374337,6
135,4,"DenseLayer( 7202,128 )","weights",0.11192524962646568,0.12691798158445808,0.20840369997451347,0.20840369997451347,6
135,4,"DenseLayer( 7202,128 )","biases",0.0058777118438026041,0.0067805711930948578,0.011289843856288199,0.011289843856288199,6
135,6,"DenseLayer( 128,64 )","all",0.19692849363153755,0.23238739158427943,0.40255658003093053,0.40255658003093053,6
135,6,"DenseLayer( 128,64 )","weights",0.19637780693767901,0.23171163755237423,0.4013625710370371,0.4013625710370371,6
135,6,"DenseLayer( 128,64 )","biases",0.014657759150069019,0.017709228953920644,0.030982038292183638,0.030982038292183638,6
135,8,"DenseLayer( 64,1 )","all",0.12754659440984908,0.15357791902741194,0.26323159767709331,0.26323159767709331,6
135,8,"DenseLayer( 64,1 )","weights",0.12598366130581645,0.15160072349034417,0.25980086215714165,0.25980086215714165,6
135,8,"DenseLayer( 64,1 )","biases",0.019753264534908038,0.024564157831981598,0.042360194027423859,0.042360194027423859,6
136,0,"Conv2DLayer(1,8,5, stride=5, padding=0)","all",0.13953007739815196,0.15415926849146033,0.26371347841749521,0.11206280148016129,6
136,0,"Conv2DLayer(1,8,5, stride=5, padding=0)","weights",0.13745941774109327,0.15221582626460869,0.26102631582388286,0.11075397392578117,6
136,0,"Conv2DLayer(1,8,5, stride=5, padding=0)","biases",0.022904013255497461,0.024401276532276295,0.037550780903534947,0.017077140721719921,6
136,4,"DenseLayer( 7202,128 )","all",0.14169333941725859,0.1486169682218022,0.21771439188315372,0.095282147283277691,6
136,4,"DenseLayer( 7202,128 )","weights",0.14150437569093552,0.14841470584441002,0.2173959037690209,0.09514767339798369,6
136,4,"DenseLayer( 7202,128 )","biases",0.0072965381849422377,0.0077510213880119154,0.011771892689879193,0.0050604187438243395,6
136,6,"DenseLayer( 128,64 )","all",0.21657442182931538,0.23082713647100506,0.31248916207933919,0.1472874769741693,6
136,6,"DenseLayer( 128,64 )","weights",0.21593149462508904,0.23012776460121717,0.3113178200826337,0.14674102526267116,6
136,6,"DenseLayer( 128,64 )","biases",0.016394365300239522,0.017954912727461754,0.027031302522158331,0.012675660861531097,6
136,8,"DenseLayer( 64,1 )","all",0.13965708381043845,0.15060596811352897,0.20726709376525099,0.10260075018231812,6
136,8,"DenseLayer( 64,1 )","weights",0.13781187911852222,0.14852583121680654,0.20383839255781655,0.10078508058686395,6
136,8,"DenseLayer( 64,1 )","biases",0.021424420915233593,0.024944640562052756,0.038187313824892044,0.019216697663068771,6
137,0,"Conv2DLayer(1,8,5, stride=5, padding=0)","all",0.10727808871468288,0.11427715891485121,0.17786873306740425,0.1272427625548169,6
137,0,"Conv2DLayer(1,8,5, stride=5, padding=0)","weights",0.10566667257363449,0.11269878533015436,0.17560788982541387,0.12603045240756985,6
137,0,"Conv2DLayer(1,8,5, stride=5, padding=0)","biases",0.018075681116914932,0.018927568115263593,0.028269333810134498,0.017522719210350399,6
137,4,"DenseLayer( 7202,128 )","all",0.12485328952460757,0.1299588401383247,0.15515821047807385,0.15515821047807385,6
137,4,"DenseLayer( 7202,128 )","weights",0.12467957872961738,0.12977549718035852,0.15495491890884266,0.15495491890884266,6
137,4,"DenseLayer( 7202,128 )","biases",0.006576099578801369,0.0069007580517940377,0.008446401279044365,0.0079399864428255831,6
137,6,"DenseLayer( 128,64 )","all",0.20017552684586815,0.2137259931080952,0.28979279054307472,0.28979279054307472,6
137,6,"DenseLayer( 128,64 )","weights",0.19953311173714935,0.2130379529253425,0.28904769380037837,0.28904769380037837,6
137,6,"DenseLayer( 128,64 )","biases",0.015942803904919155,0.017135657075849412,0.02187729075277069,0.020767574712158829,6
137,8,"DenseLayer( 64,1 )","all",0.13207129549858374,0.14160165012629808,0.18139703462999798,0.18139703462999798,6
137,8,"DenseLayer( 64,1 )","weights",0.13015975747717795,0.13951267032410286,0.17947810984685972,0.17947810984685972,6
137,8,"DenseLayer( 64,1 )","biases",0.022106651139135163,0.024233079406644133,0.032309841364622116,0.026315247640013695,6
138,0,"Conv2DLayer(1,8,5, stride=5, padding=0)","all",0.078997053107158002,0.092143552249853336,0.17490887903466773,0.17490887903466773,6
138,0,"Conv2DLayer(1,8,5, stride=5, padding=0)","weights",0.077160067487769865,0.090726437727663783,0.17407378073964397,0.17407378073964397,6
138,0,"Conv2DLayer(1,8,5, stride=5, padding=0)","biases",0.015182832421785638,0.016098065674788227,0.023422484650563159,0.017071462273934957,6
138,4,"DenseLayer( 7202,128 )","all",0.10966482881483954,0.12004948007786334,0.16884385383407019,0.14953394024112029,6
138,4,"DenseLayer( 7202,128 )","weights",0.10951678496360545,0.11988023333810527,0.16857538499022032,0.14933835788494482,6
138,4,"DenseLayer( 7202,128 )","biases",0.0056766061669608677,0.006372387446376822,0.0095176968295830125,0.0076455312610100874,6
138,6,"DenseLayer( 128,64 )","all",0.18166521750122019,0.21214599605151213,0.30596242101447152,0.28035758433727326,6
138,6,"DenseLayer( 128,64 )","weights",0.18116189479562309,0.21152476483788726,0.30495972903737073,0.279715896701064,6
138,6,"DenseLayer( 128,64 )","biases",0.013385439074701775,0.016223362813076049,0.024750085625915904,0.018957643000936795,6
138,8,"DenseLayer( 64,1 )","all",0.11968831480750969,0.14096068362901204,0.20868786296765363,0.17668535879637115,6
138,8,"DenseLayer( 64,1 )","weights",0.11828857974559319,0.13913773004544897,0.20560776585579391,0.17508123555028116,6
138,8,"DenseLayer( 64,1 )","biases",0.017466810788998071,0.022596601668352593,0.03572213277220726,0.023754514753818512,6
139,0,"Conv2DLayer(1,8,5, stride=5, padding=0)","all",0.069688436237971135,0.083304041899639594,0.13820956510967983,0.032307537488589083,6
139,0,"Conv2DLayer(1,8,5, stride=5, padding=0)","weights",0.068494477619554628,0.08205342788738039,0.13600736282948681,0.031598910126101568,6
139,0,"Conv2DLayer(1,8,5, stride=5, padding=0)","biases",0.012614613239501174,0.014380485692332391,0.024573993244386506,0.0067294767567133039,6
139,4,"DenseLayer( 7202,128 )","all",0.076554470084711182,0.088507092257633785,0.16919473805220997,0.070507021187855401,6
139,4,"DenseLayer( 7202,128 )","weights",0.076458652860919227,0.088392040944612352,0.16895933932040985,0.070429313439585778,6
139,4,"DenseLayer( 7202,128 )","biases",0.0038248511690509111,0.0045113720249243686,0.0089219415469142336,0.0033093572205599559,6
139,6,"DenseLayer( 128,64 )","all",0.1158401212037404,0.14868392190586419,0.31120388104739982,0.060001062984308851,6
139,6,"DenseLayer( 128,64 )","weights",0.11555432153396375,0.14832509979056055,0.31042954783258797,0.059838808114567814,6
139,6,"DenseLayer( 128,64 )","biases",0.008101875925290835,0.01032343961232755,0.021939722227484141,0.0044096034600552211,6
139,8,"DenseLayer( 64,1 )","all",0.071145771951551029,0.094793565105371361,0.20228589486540494,0.028186797554640972,6
139,8,"DenseLayer( 64,1 )","weights",0.070441426534049986,0.093857196873525672,0.20017337313751898,0.028006146371917322,6
139,8,"DenseLayer( 64,1 )","biases",0.0098808436887338758,0.013290845737970165,0.029158256947994232,0.0031861138995736837,6
140,0,"Conv2DLayer(1,8,5, stride=5, padding=0)","all",0.15338836026873975,0.17478170633353468,0.2514170653943964,0.21733419112600752,6
140,0,"Conv2DLayer(1,8,5, stride=5, padding=0)","weights",0.15089609253022951,0.17235017558839028,0.248804613969417,0.21369677839595574,6
140,0,"Conv2DLayer(1,8,5, stride=5, padding=0)","biases",0.026911192539277928,0.029052742443924411,0.039595928270287566,0.039595928270287566,6
140,4,"DenseLayer( 7202,128 )","all",0.15873184393103051,0.16425084516718158,0.23327339106783548,0.17909254493046753,6
140,4,"DenseLayer( 7202,128 )","weights",0.15851243357399603,0.16402269385865451,0.23292647197901534,0.1788425603031541,6
140,4,"DenseLayer( 7202,128 )","biases",0.0083326275187810099,0.0086542496776763587,0.01271745382127603,0.0094592956336201506,6
140,6,"DenseLayer( 128,64 )","all",0.26144502198517855,0.27794169340027913,0.45149202802667077,0.265206083338484,6
140,6,"DenseLayer( 128,64 )","weights",0.2606269582223012,0.27707745786063837,0.45012922253797638,0.26422908841817982,6
140,6,"DenseLayer( 128,64 )","biases",0.020645042830716966,0.021901307625366479,0.035053307818136099,0.022743251162413925,6
140,8,"DenseLayer( 64,1 )","all",0.17446425602172017,0.18665286272633969,0.306193385879175,0.18217767135718427,6
140,8,"DenseLayer( 64,1 )","weights",0.17194403250108967,0.1839870391020049,0.30202357322028311,0.17895562828199188,6
140,8,"DenseLayer( 64,1 )","biases",0.029500585049390793,0.031433431349681254,0.050360210239887238,0.034111391752958298,6
141,0,"Conv2DLayer(1,8,5, stride=5, padding=0)","all",0.12022556533825611,0.13134005490943298,0.19780583630732201,0.15054310069533769,6
141,0,"Conv2DLayer(1,8,5, stride=5, padding=0)","weights",0.1188847906791442,0.12993541670227604,0.19597952478152372,0.14816467849360032,6
141,0,"Conv2DLayer(1,8,5, stride=5, padding=0)","biases",0.017593733206743078,0.019157179072576268,0.026817433576820926,0.026654328238667632,6
141,4,"DenseLayer( 7202,128 )","all",0.095375238764280112,0.10216861744049448,0.14742665869418886,0.14742665869418886,6
141,4,"DenseLayer( 7202,128 )","weights",0.095255462349532291,0.10203895052305628,0.14722603896677663,0.14722603896677663,6
141,4,"DenseLayer( 7202,128 )","biases",0.0047687634763957645,0.0051457716481966825,0.0076885072599315639,0.0076885072599315639,6
141,6,"DenseLayer( 128,64 )","all",0.15797384036284651,0.1731721832202141,0.26674175083678137,0.26674175083678137,6
141,6,"DenseLayer( 128,64 )","weights",0.15757464116187964,0.17274561249728834,0.26611658628194157,0.26611658628194157,6
141,6,"DenseLayer( 128,64 )","biases",0.01109217180334141,0.012147362026057543,0.018251688829188362,0.018251688829188362,6
141,8,"DenseLayer( 64,1 )","all",0.099918843222148918,0.11010496148632264,0.17054921366253523,0.17054921366253523,6
141,8,"DenseLayer( 64,1 )","weights",0.098866257571762928,0.1089586012655173,0.16898839371518107,0.16898839371518107,6
141,8,"DenseLayer( 64,1 )","biases",0.014014542258034149,0.015846947787085095,0.023020796477794647,0.023020796477794647,6
142,0,"Conv2DLayer(1,8,5, stride=5, padding=0)","all",0.084921387970654308,0.093070474705759562,0.16489009163794277,0.059936939190349328,6
142,0,"Conv2DLayer(1,8,5, stride=5, padding=0)","weights",0.083779258637835072,0.09184461617494763,0.16262428115194891,0.058872740029670766,6
142,0,"Conv2DLayer(1,8,5, stride=5, padding=0)","biases",0.013536335505925206,0.015055887274816382,0.02724124630374028,0.011244427993741356,6
142,4,"DenseLayer( 7202,128 )","all",0.10535124067761967,0.10903252366391081,0.14631385689307802,0.11782557234039652,6
142,4,"DenseLayer( 7202,128 )","weights",0.10521102155222703,0.10888514201659853,0.1461034756108788,0.11765476732286774,6
142,4,"DenseLayer( 7202,128 )","biases",0.0054289115254014643,0.0056671919454381161,0.0078434133736184995,0.0063420204622714124,6
142,6,"DenseLayer( 128,64 )","all",0.17768128645176232,0.19325010091175474,0.2869099309488285,0.180422247830264,6
142,6,"DenseLayer( 128,64 )","weights",0.17719154854655472,0.19271151308909817,0.2860960395592953,0.17987402037092087,6
142,6,"DenseLayer( 128,64 )","biases",0.013173928081041425,0.014417843989783435,0.021595476969673028,0.014054334126053353,6
142,8,"DenseLayer( 64,1 )","all",0.11341413485385321,0.12583595367361905,0.18823227304180673,0.1176007662204139,6
142,8,"DenseLayer( 64,1 )","weights",0.11203783500159936,0.12427804694276681,0.18583403353238878,0.1160427224478516,6
142,8,"DenseLayer( 64,1 )","biases",0.017591696659413476,0.019739662738776507,0.029951637610793114,0.019079485908150673,6
143,0,"Conv2DLayer(1,8,5, stride=5, padding=0)","all",0.1070137944376667,0.11743306981717952,0.18470012922243245,0.18470012922243245,6
143,0,"Conv2DLayer(1,8,5, stride=5, padding=0)","weights",0.10552564189335956,0.11573501790686473,0.18151187068791258,0.18151187068791258,6
143,0,"Conv2DLayer(1,8,5, stride=5, padding=0)","biases",0.017366049323969818,0.019898027962194129,0.034169848319208947,0.034169848319208947,6
143,4,"DenseLayer( 7202,128 )","all",0.12572487723771417,0.13630609007485014,0.18316701383546879,0.18316701383546879,6
143,4,"DenseLayer( 7202,128 )","weights",0.12555682185760561,0.13612019420158944,0.18291466074520332,0.18291466074520332,6
143,4,"DenseLayer( 7202,128 )","biases",0.0064922590148489747,0.0071163840547526971,0.0096115473192395513,0.0096115473192395513,6
143,6,"DenseLayer( 128,64 )","all",0.22856914191426714,0.24982186342529808,0.33413765490051189,0.28953900349651845,6
143,6,"DenseLayer( 128,64 )","weights",0.22793586233121141,0.24911044591717998,0.33324135770192653,0.28849838473023837,6
143,6,"DenseLayer( 128,64 )","biases",0.016926746981670945,0.018840095016534268,0.024748946663398337,0.024525834415984722,6
143,8,"DenseLayer( 64,1 )","all",0.15036357026894742,0.16635505075884424,0.22255363411729348,0.19981704553737978,6
143,8,"DenseLayer( 64,1 )","weights",0.14852775382898267,0.16422504119360168,0.21990251496687666,0.19639248139748602,6
143,8,"DenseLayer( 64,1 )","biases",0.023092693008948117,0.026535613012279892,0.036835376173257828,0.036835376173257828,6
144,0,"Conv2DLayer(1,8,5, stride=5, padding=0)","all",0.086628451423800629,0.096241571570178097,0.14550787407480531,0.056526712601651506,6
144,0,"Conv2DLayer(1,8,5, stride=5, padding=0)","weights",0.084824491289005224,0.094647941425213114,0.14345702247702269,0.055658751677330205,6
144,0,"Conv2DLayer(1,8,5, stride=5, padding=0)","biases",0.016214517378262586,0.017441538987920217,0.024343872325421168,0.0098677555336053775,6
144,4,"DenseLayer( 7202,128 )","all",0.088465481975850802,0.092478556908202808,0.12038120817729499,0.08606263957255357,6
144,4,"DenseLayer( 7202,128 )","weights",0.088351807922124687,0.092357089840075304,0.12020975337103341,0.085985203443475489,6
144,4,"DenseLayer( 7202,128 )","biases",0.00446862134106615,0.0047382954842392798,0.006422653400313093,0.0036500299970539298,6
144,6,"DenseLayer( 128,64 )","all",0.12209827620882066,0.13035644066439214,0.1829709383659511,0.080136969744942624,6
144,6,"DenseLayer( 128,64 )","weights",0.1217074151911355,0.12991669699662101,0.18240450835465091,0.080023119201651727,6
144,6,"DenseLayer( 128,64 )","biases",0.00963621986066821,0.010698292582340155,0.014386091144392292,0.0042701654698721917,6
144,8,"DenseLayer( 64,1 )","all",0.077502260917207452,0.084618576721648131,0.12467808167392271,0.039231330060998625,6
144,8,"DenseLayer( 64,1 )","weights",0.076338534749737438,0.083249727947930646,0.12294762142952298,0.039179275717233376,6
144,8,"DenseLayer( 64,1 )","biases",0.012895058491267264,0.015158704528850278,0.020700396969914436,0.0020203001331537962,6
145,0,"Conv2DLayer(1,8,5, stride=5, padding=0)","all",0.18922818755241058,0.20948608545493294,0.3142858364948185,0.1147713473013172,6
145,0,"Conv2DLayer(1,8,5, stride=5, padding=0)","weights",0.18679716704812074,0.20687791394308561,0.31096448944324373,0.11327032847900917,6
145,0,"Conv2DLayer(1,8,5, stride=5, padding=0)","biases",0.030150578971846791,0.032953736082404088,0.045570531339348797,0.018501212058050064,6
145,4,"DenseLayer( 7202,128 )","all",0.1669102002792362,0.18772998406788491,0.31787743117244799,0.081744175607979544,6
145,4,"DenseLayer( 7202,128 )","weights",0.16670138136745175,0.18748497802824104,0.31743086473917598,0.081653151144121583,6
145,4,"DenseLayer( 7202,128 )","biases",0.0083293884402974184,0.009588009797569793,0.016843614806014151,0.0038565728391194809,6
145,6,"DenseLayer( 128,64 )","all",0.26647955449552252,0.32295624460706879,0.57988674311332133,0.094859572860258298,6
145,6,"DenseLayer( 128,64 )","weights",0.26586312484375441,0.32215175254018841,0.57834692882595617,0.094681759170928845,6
145,6,"DenseLayer( 128,64 )","biases",0.018020247416904087,0.022781226173893037,0.042231087555964601,0.0058054322430706783,6
145,8,"DenseLayer( 64,1 )","all",0.16191772087444617,0.20438716552031752,0.37225080436123442,0.048065822418923085,6
145,8,"DenseLayer( 64,1 )","weights",0.16062700403154898,0.20235502854919521,0.36823350959342049,0.048027944621579791,6
145,8,"DenseLayer( 64,1 )","biases",0.018740654864814132,0.028749884352533624,0.054541211575269699,0.0019078312907367945,6
146,0,"Conv2DLayer(1,8,5, stride=5, padding=0)","all",0.2104565721433759,0.24128335250664729,0.44101593419050611,0.080785248968023957,6
146,0,"Conv2DLayer(1,8,5, stride=5, padding=0)","weights",0.20775015891592866,0.2385336323682562,0.43649655539741028,0.078239941469820537,6
146,0,"Conv2DLayer(1,8,5, stride=5, padding=0)","biases",0.032950780878422667,0.036323028866720529,0.062974688058936357,0.020118847124640959,6
146,4,"DenseLayer( 7202,128 )","all",0.17081696149687947,0.17508822173982019,0.23464451927169927,0.15754470798515063,6
146,4,"DenseLayer( 7202,128 )","weights",0.17060765325439434,0.17487472814482524,0.23440272712222257,0.15731410224096604,6
146,4,"DenseLayer( 7202,128 )","biases",0.008431762396932092,0.008643775117731128,0.010649504303567973,0.0085210474852141574,6
146,6,"DenseLayer( 128,64 )","all",0.28110569927071655,0.28850521943771767,0.39991239303264448,0.27700074374400285,6
146,6,"DenseLayer( 128,64 )","weights",0.28042652875039337,0.2878050956267435,0.39890967781817266,0.27601293209195077,6
146,6,"DenseLayer( 128,64 )","biases",0.019188025692890433,0.020087025018321224,0.028301785175108934,0.023372491367736045,6
146,8,"DenseLayer( 64,1 )","all",0.17778600478787504,0.1831981765784492,0.26196506814275061,0.18449942761557406,6
146,8,"DenseLayer( 64,1 )","weights",0.17605485091665188,0.18132483164778998,0.25918949435993821,0.18143192282765327,6
146,8,"DenseLayer( 64,1 )","biases",0.023332827103634674,0.026131921658563206,0.03803291916847229,0.03350367397069931,6
147,0,"Conv2DLayer(1,8,5, stride=5, padding=0)","all",0.1861083887054838,0.22324472843070953,0.39373207682897593,0.39373207682897593,6
147,0,"Conv2DLayer(1,8,5, stride=5, padding=0)","weights",0.18357582871508712,0.22059601835364301,0.38955159098800962,0.38955159098800962,6
147,0,"Conv2DLayer(1,8,5, stride=5, padding=0)","biases",0.030078182976756837,0.03428710338626529,0.057223301921237202,0.057223301921237202,6
147,4,"DenseLayer( 7202,128 )","all",0.16175285337799145,0.1699782455046174,0.21157068920639391,0.20958641496261135,6
147,4,"DenseLayer( 7202,128 )","weights",0.16154641689378677,0.16976175231751039,0.21124887076931034,0.20938115125099602,6
147,4,"DenseLayer( 7202,128 )","biases",0.0081413842184278502,0.0085762109883237223,0.0116649530629032,0.0092735558275917826,6
147,6,"DenseLayer( 128,64 )","all",0.23908569202721816,0.25180807273828348,0.34865562815123607,0.3153740081685768,6
147,6,"DenseLayer( 128,64 )","weights",0.23842451504070958,0.25111175507680439,0.34733718061907964,0.31504736327090527,6
147,6,"DenseLayer( 128,64 )","biases",0.017216230164759417,0.018713416535086621,0.030292408308383811,0.014350049629313954,6
147,8,"DenseLayer( 64,1 )","all",0.14994109983111825,0.15922152634402525,0.23995143331293123,0.17857570925150909,6
147,8,"DenseLayer( 64,1 )","weights",0.14816544306834212,0.1572211779993615,0.23568969659700573,0.17856694136680359,6
147,8,"DenseLayer( 64,1 )","biases",0.019341779591438051,0.025159404599755811,0.045022852718830109,0.0017695721471682191,6
148,0,"Conv2DLayer(1,8,5, stride=5, padding=0)","all",0.28249673720021895,0.33399112427863298,0.52244754658371539,0.32244029972217103,6
148,0,"Conv2DLayer(1,8,5, stride=5, padding=0)","weights",0.27854301080945326,0.33035961194247093,0.5173316138232118,0.31832356319393412,6
148,0,"Conv2DLayer(1,8,5, stride=5, padding=0)","biases",0.044525604191880792,0.049118203286818984,0.072934493008553022,0.051360062309550335,6
148,4,"DenseLayer( 7202,128 )","all",0.23962155806298727,0.25261176133148699,0.33520162813307741,0.33520162813307741,6
148,4,"DenseLayer( 7202,128 )","weights",0.23930491417390345,0.252281224167824,0.33474691442517646,0.33474691442517646,6
148,4,"DenseLayer( 7202,128 )","biases",0.012288152391709878,0.012918432388656271,0.017453790015051273,0.017453790015051273,6
148,6,"DenseLayer( 128,64 )","all",0.40349582499251135,0.42651558233103681,0.62893409789371213,0.62893409789371213,6
148,6,"DenseLayer( 128,64 )","weights",0.40245682123333004,0.42543484511415208,0.6274286126854397,0.6274286126854397,6
148,6,"DenseLayer( 128,64 )","biases",0.028479434167153685,0.03034360779276021,0.043490636658962661,0.043490636658962661,6
148,8,"DenseLayer( 64,1 )","all",0.25894942508491059,0.27372413161262599,0.40486337091688562,0.40486337091688562,6
148,8,"DenseLayer( 64,1 )","weights",0.25615893084953567,0.27072972624115837,0.40085825910155493,0.40085825910155493,6
148,8,"DenseLayer( 64,1 )","biases",0.035511162908126913,0.04037716627592422,0.056806735694408417,0.056806735694408417,6
149,0,"Conv2DLayer(1,8,5, stride=5, padding=0)","all",0.29155956900814561,0.31725824573420797,0.48973399461758671,0.37518920576673515,6
149,0,"Conv2DLayer(1,8,5, stride=5, padding=0)","weights",0.2874422800220498,0.31302960076992609,0.48430862875740055,0.36847476607177054,6
149,0,"Conv2DLayer(1,8,5, stride=5, padding=0)","biases",0.048249496317933536,0.051626190331727655,0.072694825092470175,0.070663193334490004,6
149,4,"DenseLayer( 7202,128 )","all",0.26394445363968405,0.28338459355418122,0.43579951319754417,0.43579951319754417,6
149,4,"DenseLayer( 7202,128 )","weights",0.26360336466916739,0.28300763065207052,0.43517850912343653,0.43517850912343653,6
149,4,"DenseLayer( 7202,128 )","biases",0.013386637824591145,0.014611942258636256,0.023256846310700411,0.023256846310700411,6
149,6,"DenseLayer( 128,64 )","all",0.45468564400192413,0.48763543343622839,0.68142915609700783,0.68142915609700783,6
149,6,"DenseLayer( 128,64 )","weights",0.4535326742074246,0.48629708380491476,0.67892451106543439,0.67892451106543439,6
149,6,"DenseLayer( 128,64 )","biases",0.031823412597313798,0.036103493257218275,0.058371251945122472,0.058371251945122472,6
149,8,"DenseLayer( 64,1 )","all",0.29090675097842855,0.31718468993228033,0.463861500808118,0.463861500808118,6
149,8,"DenseLayer( 64,1 )","weights",0.28785462894888481,0.31331722426058961,0.45571210504491744,0.45571210504491744,6
149,8,"DenseLayer( 64,1 )","biases",0.039331623779920243,0.049380608634120846,0.086567714810371399,0.086567714810371399,6
150,0,"Conv2DLayer(1,8,5, stride=5, padding=0)","all",0.19458543652209778,0.22251433464512821,0.37731961101113431,0.20392066548085822,6
150,0,"Conv2DLayer(1,8,5, stride=5, padding=0)","weights",0.19146368945832234,0.21948801409256766,0.37360655878092913,0.20182014603294957,6
150,0,"Conv2DLayer(1,8,5, stride=5, padding=0)","biases",0.033844119072770941,0.036573771917385318,0.052803674961747211,0.029193603158825677,6
150,4,"DenseLayer( 7202,128 )","all",0.21409289556532848,0.22777411680459883,0.30839686835558117,0.13531477314632956,6
150,4,"DenseLayer( 7202,128 )","weights",0.21378826100545265,0.22744844501283151,0.30792939311513501,0.1351454564399541,6
150,4,"DenseLayer( 7202,128 )","biases",0.011409610279372037,0.012175924907783473,0.016974017417048615,0.0067670846957237386,6
150,6,"DenseLayer( 128,64 )","all",0.3589288664691625,0.38046993573622201,0.52103262104063286,0.23352593724900264,6
150,6,"DenseLayer( 128,64 )","weights",0.35773289076676007,0.37916086305219709,0.51916861419862448,0.23304949025549751,6
150,6,"DenseLayer( 128,64 )","biases",0.02917837388669673,0.031534297655694724,0.044906543425797009,0.014909676712721958,6
150,8,"DenseLayer( 64,1 )","all",0.24359904384238229,0.26105153107206541,0.36649691006267887,0.13644119105525368,6
150,8,"DenseLayer( 64,1 )","weights",0.23984791048109697,0.256841036848519,0.36038643821688249,0.13567416171002325,6
150,8,"DenseLayer( 64,1 )","biases",0.042216723008702196,0.046696720073761341,0.067672647535800934,0.014447160996496677,6
151,0,"Conv2DLayer(1,8,5, stride=5, padding=0)","all",0.093164446678660293,0.10646528513748378,0.18024921389849252,0.065820907153422467,6
151,0,"Conv2DLayer(1,8,5, stride=5, padding=0)","weights",0.089726907672471934,0.10356524322999623,0.17910120710892932,0.06159347763155984,6
151,0,"Conv2DLayer(1,8,5, stride=5, padding=0)","biases",0.022625699844742681,0.024679897368454447,0.042550989153071109,0.023208518516915286,6
151,4,"DenseLayer( 7202,128 )","all",0.17393369351305768,0.19790270874257745,0.34340674896082696,0.21610289282276463,6
151,4,"DenseLayer( 7202,128 )","weights",0.17367790017121867,0.19760376329203841,0.34287067688518202,0.21577014039045331,6
151,4,"DenseLayer( 7202,128 )","biases",0.009421049939897775,0.010873585447013476,0.019180567357133291,0.011987777202274414,6
151,6,"DenseLayer( 128,64 )","all",0.32109741157908683,0.37197000413982734,0.65051790830859368,0.40076888152529738,6
151,6,"DenseLayer( 128,64 )","weights",0.3201144465772906,0.37079905393067036,0.648363186679485,0.39941506225990092,6
151,6,"DenseLayer( 128,64 )","biases",0.025019871214820272,0.029491449335408482,0.052902997920828303,0.032913590490211073,6
151,8,"DenseLayer( 64,1 )","all",0.21373976151881174,0.24988276666471554,0.44434427568649776,0.27194269593639209,6
151,8,"DenseLayer( 64,1 )","weights",0.21084087632200732,0.24635639348249494,0.43772421222074226,0.26773940550246955,6
151,8,"DenseLayer( 64,1 )","biases",0.034903757274150848,0.04183209851669898,0.076415635645389557,0.047628149390220642,6
152,0,"Conv2DLayer(1,8,5, stride=5, padding=0)","all",0.12411698636085096,0.13879140601009998,0.24823458037278959,0.12311558046772046,6
152,0,"Conv2DLayer(1,8,5, stride=5, padding=0)","weights",0.12255870252974199,0.1373057137379857,0.24628088981705051,0.12271734464985294,6
152,0,"Conv2DLayer(1,8,5, stride=5, padding=0)","biases",0.018339713366177395,0.020253280158106266,0.031082635084187415,0.0098944164048700226,6
152,4,"DenseLayer( 7202,128 )","all",0.13325774859081332,0.14874971677492529,0.26087678259984093,0.093645540046175729,6
152,4,"DenseLayer( 7202,128 )","weights",0.13307864372948133,0.14854094534960954,0.26048198980466974,0.093539779130358131,6
152,4,"DenseLayer( 7202,128 )","biases",0.0068838500840318374,0.0078781847696537087,0.014346730883535346,0.0044493697063427828,6
152,6,"DenseLayer( 128,64 )","all",0.23250688801741509,0.27401760907343398,0.50667125184544604,0.17507400888654195,6
152,6,"DenseLayer( 128,64 )","weights",0.23189615954832901,0.27324200905263329,0.50512906153474091,0.17474299133144452,6
152,6,"DenseLayer( 128,64 )","biases",0.016619267879161303,0.020602295289650362,0.039501754893464802,0.010760834918521499,6
152,8,"DenseLayer( 64,1 )","all",0.14902954671896068,0.18046804685256454,0.34080406817906794,0.10798067926671541,6
152,8,"DenseLayer( 64,1 )","weights",0.14733950513724298,0.17816961029029896,0.33611778683682814,0.10722256004746974,6
152,8,"DenseLayer( 64,1 )","biases",0.021582011366263032,0.028710728025991016,0.056322697550058365,0.012773007154464722,6
153,0,"Conv2DLayer(1,8,5, stride=5, padding=0)","all",0.079708174097302548,0.084319113754920752,0.11132206188833388,0.069357631375820808,6
153,0,"Conv2DLayer(1,8,5, stride=5, padding=0)","weights",0.07732582762146395,0.08172978963412704,0.11024495229204205,0.06736126714142926,6
153,0,"Conv2DLayer(1,8,5, stride=5, padding=0)","biases",0.018254074088709778,0.020735342552670948,0.03809728284792907,0.016520917624794514,6
153,4,"DenseLayer( 7202,128 )","all",0.14671922362248002,0.16828914416069479,0.2945378685163485,0.20285152540874157,6
153,4,"DenseLayer( 7202,128 )","weights",0.1465002497274559,0.16803484744242331,0.29408130979553276,0.20255353342590426,6
153,4,"DenseLayer( 7202,128 )","biases",0.0080111888266827837,0.0092480315386920236,0.016393267493019704,0.010991244576225669,6
153,6,"DenseLayer( 128,64 )","all",0.26302566195646293,0.31255995065709602,0.56252310069988032,0.38972805432540036,6
153,6,"DenseLayer( 128,64 )","weights",0.26215925336989176,0.31155600832335806,0.56071400052082376,0.38854886432318042,6
153,6,"DenseLayer( 128,64 )","biases",0.021293050109360424,0.02503150879155986,0.045078247979944044,0.030294163817952347,6
153,8,"DenseLayer( 64,1 )","all",0.17832296395413222,0.21194798925662833,0.38108191914395328,0.26581173835174787,6
153,8,"DenseLayer( 64,1 )","weights",0.17561431249881451,0.20883760824165618,0.37554004344015063,0.26209736087320612,6
153,8,"DenseLayer( 64,1 )","biases",0.030873789452016354,0.03617738981508168,0.064754188060760498,0.044281527400016785,6
154,0,"Conv2DLayer(1,8,5, stride=5, padding=0)","all",0.11535179838088322,0.13304647178041629,0.23513052140117902,0.031426865926630132,6
154,0,"Conv2DLayer(1,8,5, stride=5, padding=0)","weights",0.11385881067158432,0.13137039929220032,0.2319866846575554,0.030741633828740778,6
154,0,"Conv2DLayer(1,8,5, stride=5, padding=0)","biases",0.01830806014284728,0.0210518845480628,0.038321537495072631,0.0065268561735346035,6
154,4,"DenseLayer( 7202,128 )","all",0.1180444507603423,0.13626466691137001,0.24651349464781408,0.065043696407498408,6
154,4,"DenseLayer( 7202,128 )","weights",0.11788129268817725,0.13607148138377118,0.24615647433542789,0.064957213709583586,6
154,4,"DenseLayer( 7202,128 )","biases",0.0061981078959638981,0.0072533718016266147,0.013262472855003087,0.0033530328716412459,6
154,6,"DenseLayer( 128,64 )","all",0.18657228058476327,0.2216213380944474,0.40924532119325724,0.11110499267959625,6
154,6,"DenseLayer( 128,64 )","weights",0.18592227983208778,0.22082335003717973,0.40770801373426374,0.1107162728732921,6
154,6,"DenseLayer( 128,64 )","biases",0.015440209885265037,0.018790039306253351,0.035438798730115816,0.0092858128012501106,6
154,8,"DenseLayer( 64,1 )","all",0.12545081955934556,0.15256099108977869,0.28496856850799646,0.073647303210019652,6
154,8,"DenseLayer( 64,1 )","weights",0.12341678065138906,0.14997599550770063,0.27991825235696699,0.072394945024940496,6
154,8,"DenseLayer( 64,1 )","biases",0.021965270047076046,0.027965278002725052,0.053412143141031265,0.013523949310183525,6
155,0,"Conv2DLayer(1,8,5, stride=5, padding=0)","all",0.16939134056631652,0.17731135656818989,0.24853992249260262,0.14105668161275409,6
155,0,"Conv2DLayer(1,8,5, stride=5, padding=0)","weights",0.16625228813541129,0.17437672431575829,0.24493586568295192,0.13814940336675807,6
155,0,"Conv2DLayer(1,8,5, stride=5, padding=0)","biases",0.03107188139480371,0.032125926989859985,0.04217244093921832,0.02849087181906949,6
155,4,"DenseLayer( 7202,128 )","all",0.18817890926094014,0.19842014642482569,0.2564834686632485,0.25551032573883681,6
155,4,"DenseLayer( 7202,128 )","weights",0.18790830414309592,0.198128242051653,0.25607371790101319,0.25513604035948784,6
155,4,"DenseLayer( 7202,128 )","biases",0.010075979681364793,0.01075891299206695,0.01449209087343516,0.013824885852993289,6
155,6,"DenseLayer( 128,64 )","all",0.32057462954236976,0.34548196282170923,0.50754896472168298,0.50754896472168298,6
155,6,"DenseLayer( 128,64 )","weights",0.31957197889996308,0.34436636679602978,0.50602443300574085,0.50602443300574085,6
155,6,"DenseLayer( 128,64 )","biases",0.025164328226296422,0.027741522215681706,0.039309347377827229,0.039309347377827229,6
155,8,"DenseLayer( 64,1 )","all",0.2123240775297052,0.23131297203990261,0.33804637598293896,0.33804637598293896,6
155,8,"DenseLayer( 64,1 )","weights",0.20935147304856375,0.22791974734993875,0.33351452119549513,0.33351452119549513,6
155,8,"DenseLayer( 64,1 )","biases",0.034917681788404785,0.039475052905257282,0.055861089378595352,0.055167168378829956,6
156,0,"Conv2DLayer(1,8,5, stride=5, padding=0)","all",0.11857814855335476,0.13244609603171054,0.20402501900578579,0.12958735832431198,6
156,0,"Conv2DLayer(1,8,5, stride=5, padding=0)","weights",0.11589614862796546,0.1297612034873499,0.20136030774992866,0.12704583744477466,6
156,0,"Conv2DLayer(1,8,5, stride=5, padding=0)","biases",0.02355475068952731,0.026532968615585777,0.042514136395999186,0.02553896288868289,6
156,4,"DenseLayer( 7202,128 )","all",0.1782431170367369,0.20987595477035298,0.38987290057174789,0.15168388518117659,6
156,4,"DenseLayer( 7202,128 )","weights",0.17798116507710432,0.20956406177242859,0.38928236074325434,0.15144847151456953,6
156,4,"DenseLayer( 7202,128 )","biases",0.0096561634206068191,0.011437674772828263,0.021450459537894026,0.0084475735899125371,6
156,6,"DenseLayer( 128,64 )","all",0.30786113860571274,0.37497944316722753,0.70448206472092501,0.2379125637583874,6
156,6,"DenseLayer( 128,64 )","weights",0.30686760717091227,0.37378847273647592,0.70217527120130707,0.23695166035928425,6
156,6,"DenseLayer( 128,64 )","biases",0.024665285178094697,0.029862358368636158,0.056963743090042519,0.021361148074650768,6
156,8,"DenseLayer( 64,1 )","all",0.20618315518642341,0.25171185730694512,0.47704187564855155,0.1654470416539317,6
156,8,"DenseLayer( 64,1 )","weights",0.20315260361643148,0.24809947331453411,0.4699972488737969,0.16230775071952619,6
156,8,"DenseLayer( 64,1 )","biases",0.035118670202791691,0.042491298520552417,0.081679478287696838,0.032076746225357056,6
157,0,"Conv2DLayer(1,8,5, stride=5, padding=0)","all",0.18646620397037447,0.19882030666982362,0.26234273889271859,0.079414285093898807,6
157,0,"Conv2DLayer(1,8,5, stride=5, padding=0)","weights",0.18225481050613598,0.19536349055945484,0.25960772076456201,0.075033409216615166,6
157,0,"Conv2DLayer(1,8,5, stride=5, padding=0)","biases",0.036476600819102464,0.036913695300098283,0.04298370293408281,0.026011846883814436,6
157,4,"DenseLayer( 7202,128 )","all",0.24503810678476831,0.2617711875897602,0.39501988580023234,0.19961681154313293,6
157,4,"DenseLayer( 7202,128 )","weights",0.24468779652124989,0.26138569877420731,0.39441521332710472,0.19929849520082046,6
157,4,"DenseLayer( 7202,128 )","biases",0.013068741383717041,0.014201096030686139,0.021848333432164972,0.011268596245104529,6
157,6,"DenseLayer( 128,64 )","all",0.42380291609713544,0.46633395514276438,0.74523909454382942,0.33690714761964652,6
157,6,"DenseLayer( 128,64 )","weights",0.42250927578172159,0.46483400250430806,0.74276009529521558,0.33571150347095652,6
157,6,"DenseLayer( 128,64 )","biases",0.0328159784502393,0.037372554567740225,0.060735071199012253,0.028358641619023649,6
157,8,"DenseLayer( 64,1 )","all",0.28176169261964468,0.31392791014418081,0.50365296469102083,0.23540758509853518,6
157,8,"DenseLayer( 64,1 )","weights",0.27789677183470834,0.30930722799641513,0.49596276202552508,0.23164174592503092,6
157,8,"DenseLayer( 64,1 )","biases",0.045693675676981606,0.053663502277307186,0.087676949799060822,0.041938439011573792,6
158,0,"Conv2DLayer(1,8,5, stride=5, padding=0)","all",0.2594455628125889,0.32569046908059102,0.65480508940424464,0.14375936913428697,6
158,0,"Conv2DLayer(1,8,5, stride=5, padding=0)","weights",0.25714110540221946,0.32283936485524967,0.6492704171538034,0.14212834552822709,6
158,0,"Conv2DLayer(1,8,5, stride=5, padding=0)","biases",0.034157794417572704,0.043000304066301918,0.084956639049735064,0.02159374009515426,6
158,4,"DenseLayer( 7202,128 )","all",0.16707338132780192,0.18993867317847041,0.35647100831443096,0.14559533730516683,6
158,4,"DenseLayer( 7202,128 )","weights",0.16688562954797934,0.1897331741010064,0.3561073661710632,0.14540069820676332,6
158,4,"DenseLayer( 7202,128 )","biases",0.007907248244916832,0.0088330184169953946,0.016097314291998777,0.0075259023373301214,6
158,6,"DenseLayer( 128,64 )","all",0.27371233962540953,0.31310962397146158,0.59416135714074048,0.27556819317354719,6
158,6,"DenseLayer( 128,64 )","weights",0.27323872904264312,0.31263340259773437,0.59342687415024287,0.27494291915189806,6
158,6,"DenseLayer( 128,64 )","biases",0.015894086366934297,0.01726245068676515,0.029534104956783908,0.018553174854086148,6
158,8,"DenseLayer( 64,1 )","all",0.15938312419719342,0.1824292271137973,0.34198788350432729,0.18077410560643911,6
158,8,"DenseLayer( 64,1 )","weights",0.15863241416684987,0.1817756981744674,0.34141428412438191,0.1791617900899346,6
158,8,"DenseLayer( 64,1 )","biases",0.014374155395974716,0.015427846853089152,0.02409004420042038,0.02409004420042038,6
159,0,"Conv2DLayer(1,8,5, stride=5, padding=0)","all",0.22943886771894464,0.2590926713524776,0.36963780219863612,0.053276114751668414,6
159,0,"Conv2DLayer(1,8,5, stride=5, padding=0)","weights",0.22700845544157267,0.25652616612432894,0.36568583247247244,0.052730647662915096,6
159,0,"Conv2DLayer(1,8,5, stride=5, padding=0)","biases",0.03293378718734552,0.036377719033993235,0.05390711217597241,0.0076041567634056442,6
159,4,"DenseLayer( 7202,128 )","all",0.16973584621957916,0.1725017953730649,0.20429765535730937,0.11555002474249564,6
159,4,"DenseLayer( 7202,128 )","weights",0.16952399423302564,0.17228866769612797,0.20406637513413634,0.11537922019928158,6
159,4,"DenseLayer( 7202,128 )","biases",0.0084579233008833191,0.008572303682438262,0.0097183601552881978,0.0062804270712304945,6
159,6,"DenseLayer( 128,64 )","all",0.27160196015975746,0.27519159074529043,0.35150850074389134,0.22623937600487642,6
159,6,"DenseLayer( 128,64 )","weights",0.27092594844925322,0.27450893349321503,0.35093291893964063,0.22554843553864426,6
159,6,"DenseLayer( 128,64 )","biases",0.01866908810203665,0.019371552579519689,0.025101738953125795,0.017668007277163313,6
159,8,"DenseLayer( 64,1 )","all",0.16940837343438447,0.17212705898397093,0.20379302420051496,0.15105365709895391,6
159,8,"DenseLayer( 64,1 )","weights",0.16770215724431528,0.17029190896572224,0.20313232474251278,0.1489335375516837,6
159,8,"DenseLayer( 64,1 )","biases",0.021256546470491838,0.025067711807853141,0.038000181317329407,0.025219213217496872,6
160,0,"Conv2DLayer(1,8,5, stride=5, padding=0)","all",0.29186784743153976,0.34472385209557094,0.51356102676637227,0.06891925089013981,6
160,0,"Conv2DLayer(1,8,5, stride=5, padding=0)","weights",0.28844733027883351,0.34144333016543088,0.50816402119205262,0.064314178818093246,6
160,0,"Conv2DLayer(1,8,5, stride=5, padding=0)","biases",0.042399734359123413,0.047444562271661925,0.074258035115760748,0.024769932301327825,6
160,4,"DenseLayer( 7202,128 )","all",0.1880007249931655,0.20389178925981208,0.28929492976169885,0.14648643209049811,6
160,4,"DenseLayer( 7202,128 )","weights",0.18777499668768152,0.203651576952081,0.28895616700851601,0.1462567484502158,6
160,4,"DenseLayer( 7202,128 )","biases",0.0091919589299826968,0.0098942878722144498,0.013996068504150633,0.0081998975221896225,6
160,6,"DenseLayer( 128,64 )","all",0.27767920782416783,0.29500509974538719,0.38489799574348738,0.27530258175731176,6
160,6,"DenseLayer( 128,64 )","weights",0.27704346066063468,0.29435510391663294,0.3844249995619059,0.27440295574509088,6
160,6,"DenseLayer( 128,64 )","biases",0.018458532825693885,0.019572472353130217,0.027758012340510844,0.022238017011392629,6
160,8,"DenseLayer( 64,1 )","all",0.169941755957802,0.17988504215546117,0.24397697790387404,0.18954193602674957,6
160,8,"DenseLayer( 64,1 )","weights",0.16838467493790435,0.17826332805099215,0.24094323868148562,0.18678153756562113,6
160,8,"DenseLayer( 64,1 )","biases",0.020546586873630684,0.024100088453289929,0.038355201482772827,0.03223046287894249,6
161,0,"Conv2DLayer(1,8,5, stride=5, padding=0)","all",0.22669442992949412,0.26863625995491741,0.45634482358481915,0.079604604714831204,6
161,0,"Conv2DLayer(1,8,5, stride=5, padding=0)","weights",0.22437925478556053,0.26601562586542676,0.45221795702210066,0.078607642227921715,6
161,0,"Conv2DLayer(1,8,5, stride=5, padding=0)","biases",0.032082666637007588,0.037431630447941601,0.061233302698917323,0.012559127165993084,6
161,4,"DenseLayer( 7202,128 )","all",0.16326001642694649,0.1769383137407817,0.24719830191161465,0.068028817546246595,6
161,4,"DenseLayer( 7202,128 )","weights",0.16305162588227437,0.17671599502530716,0.24694755153428613,0.067946306924473079,6
161,4,"DenseLayer( 7202,128 )","biases",0.0082209353342921638,0.0088670159381222177,0.012000849585694551,0.0033495360971050069,6
161,6,"DenseLayer( 128,64 )","all",0.22752777903946744,0.24502613251968985,0.33222113265414566,0.088995931803839579,6
161,6,"DenseLayer( 128,64 )","weights",0.22690078011235557,0.24435972512170939,0.33179762214885,0.088797678933808105,6
161,6,"DenseLayer( 128,64 )","biases",0.016553686702531427,0.018059079600002591,0.029368781827659202,0.0059370104936740343,6
161,8,"DenseLayer( 64,1 )","all",0.14035142698277148,0.15154171616631468,0.2224781914772857,0.050085229508624304,6
161,8,"DenseLayer( 64,1 )","weights",0.13863621382440008,0.14962372971768095,0.21813396688304973,0.049811428588813045,6
161,8,"DenseLayer( 64,1 )","biases",0.020583170388514798,0.024033960223031118,0.043750636279582977,0.0052298945374786854,6
162,0,"Conv2DLayer(1,8,5, stride=5, padding=0)","all",0.19850706521386219,0.21849667667840414,0.37788014005724468,0.21552754720181835,6
162,0,"Conv2DLayer(1,8,5, stride=5, padding=0)","weights",0.19603017572769274,0.21604868126745244,0.37451278029631341,0.2132109019948869,6
162,0,"Conv2DLayer(1,8,5, stride=5, padding=0)","biases",0.030536259717865624,0.032615411113487904,0.050334656494389077,0.031515629033207863,6
162,4,"DenseLayer( 7202,128 )","all",0.15855047210219542,0.17158979610892844,0.22969605095361498,0.1181578223828125,6
162,4,"DenseLayer( 7202,128 )","weights",0.15834527858097772,0.17136053674712834,0.22934588107546577,0.11802749808616739,6
162,4,"DenseLayer( 7202,128 )","biases",0.0080315749131479909,0.0088670499287932126,0.012681521294399355,0.0055480344058070541,6
162,6,"DenseLayer( 128,64 )","all",0.24126498598204896,0.27219737799735882,0.39687041418876468,0.15441386633675627,6
162,6,"DenseLayer( 128,64 )","weights",0.24060198036530717,0.27138184760174022,0.39541168120598291,0.15412627385223762,6
162,6,"DenseLayer( 128,64 )","biases",0.017407960673901754,0.021054818472332443,0.033996000120892968,0.0094198633477713192,6
162,8,"DenseLayer( 64,1 )","all",0.15150744991197243,0.178235125815041,0.27837207429737276,0.087489429386613984,6
162,8,"DenseLayer( 64,1 )","weights",0.14976386443681455,0.1757459612050683,0.27360323394222558,0.086887306911292872,6
162,8,"DenseLayer( 64,1 )","biases",0.020157449471298605,0.029683618283661544,0.051305770874023438,0.010246763005852699,6
163,0,"Conv2DLayer(1,8,5, stride=5, padding=0)","all",0.079650423792921879,0.084993007726517134,0.13977370971408495,0.063360337397161709,6
163,0,"Conv2DLayer(1,8,5, stride=5, padding=0)","weights",0.077051558886224114,0.082406767488889268,0.13615820981234009,0.058099616811803909,6
163,0,"Conv2DLayer(1,8,5, stride=5, padding=0)","biases",0.018811402950769714,0.020807114995403421,0.031585310318818421,0.025277794235330771,6
163,4,"DenseLayer( 7202,128 )","all",0.15568324461001601,0.17512027687139356,0.26321423627144214,0.20269887951330176,6
163,4,"DenseLayer( 7202,128 )","weights",0.1554440529110622,0.17484692764555512,0.26279876490154219,0.20237302542210336,6
163,4,"DenseLayer( 7202,128 )","biases",0.0086212578942032707,0.0097807599103319695,0.014783211497591771,0.01148887885969449,6
163,6,"DenseLayer( 128,64 )","all",0.27282947977381716,0.31531143709860793,0.46997283564911485,0.37407860515984492,6
163,6,"DenseLayer( 128,64 )","weights",0.27188759166241211,0.31420586519558885,0.46822157423754529,0.37278860239986467,6
163,6,"DenseLayer( 128,64 )","biases",0.022605221952142162,0.026381369219221011,0.040534228333407092,0.031039664287662725,6
163,8,"DenseLayer( 64,1 )","all",0.18704785873805729,0.21783450110929506,0.32730589765220758,0.25540964982790415,6
163,8,"DenseLayer( 64,1 )","weights",0.18408781610231245,0.21431115719155283,0.32161562796818893,0.25142780340892751,6
163,8,"DenseLayer( 64,1 )","biases",0.032961907214485109,0.039020478940589749,0.060766261070966721,0.0449238121509552,6
164,0,"Conv2DLayer(1,8,5, stride=5, padding=0)","all",0.10355344431440944,0.10812054268246336,0.1455882382370568,0.05519009046032182,6
164,0,"Conv2DLayer(1,8,5, stride=5, padding=0)","weights",0.10101212575722569,0.10582528649577741,0.14484889122481567,0.054053302046152614,6
164,0,"Conv2DLayer(1,8,5, stride=5, padding=0)","biases",0.021208038084620861,0.022159884657574687,0.029194552042590742,0.011143905191892949,6
164,4,"DenseLayer( 7202,128 )","all",0.17117641400002015,0.18841944559500645,0.28575173159659906,0.084945952474822103,6
164,4,"DenseLayer( 7202,128 )","weights",0.17092438572901367,0.18813207527115022,0.28529706054754284,0.084846948344006273,6
164,4,"DenseLayer( 7202,128 )","biases",0.0092703949212596237,0.010402390710786849,0.016113328439105009,0.0041000242150828412,6
164,6,"DenseLayer( 128,64 )","all",0.3122523760704734,0.34808604689239742,0.52353046772337108,0.13665645455884154,6
164,6,"DenseLayer( 128,64 )","weights",0.31130511182066389,0.34698099847393832,0.52181717842437014,0.13621775115820614,6
164,6,"DenseLayer( 128,64 )","biases",0.024182102646113163,0.027714305677846308,0.042320006331293632,0.010941244992858454,6
164,8,"DenseLayer( 64,1 )","all",0.20892352263281175,0.23585254054969806,0.35799179666438136,0.093034093147933816,6
164,8,"DenseLayer( 64,1 )","weights",0.20607776297845562,0.23243752447376403,0.3526886119475543,0.091629003065708481,6
164,8,"DenseLayer( 64,1 )","biases",0.03379017712237934,0.039990225058823041,0.061391118913888931,0.016108019277453423,6
165,0,"Conv2DLayer(1,8,5, stride=5, padding=0)","all",0.10756011709088464,0.11294590273471607,0.14740242713669893,0.11079189518724362,6
165,0,"Conv2DLayer(1,8,5, stride=5, padding=0)","weights",0.10315097805960066,0.10842687956120908,0.1444496142921122,0.10494467365902049,6
165,0,"Conv2DLayer(1,8,5, stride=5, padding=0)","biases",0.029885990949561864,0.031628922415709936,0.038925110221502822,0.035517031263646831,6
165,4,"DenseLayer( 7202,128 )","all",0.28798871898389539,0.30857075420701396,0.38353908019806476,0.38353908019806476,6
165,4,"DenseLayer( 7202,128 )","weights",0.28753464680332302,0.30808161862544386,0.38292089967079757,0.38292089967079757,6
165,4,"DenseLayer( 7202,128 )","biases",0.016163090673204469,0.017367400986100876,0.021767191699540354,0.021767191699540354,6
165,6,"DenseLayer( 128,64 )","all",0.52676662777996375,0.56459207412110446,0.70374811040958341,0.70374811040958341,6
165,6,"DenseLayer( 128,64 )","weights",0.52496557927046572,0.56264297895686,0.70131319378885582,0.70131319378885582,6
165,6,"DenseLayer( 128,64 )","biases",0.043485122339866754,0.046873109465035374,0.058491085839929215,0.058491085839929215,6
165,8,"DenseLayer( 64,1 )","all",0.35983179268456622,0.38631208964235736,0.4871691256161601,0.4871691256161601,6
165,8,"DenseLayer( 64,1 )","weights",0.35418696079008849,0.38018390213841258,0.47950327853259872,0.47950327853259872,6
165,8,"DenseLayer( 64,1 )","biases",0.063413896287480995,0.068536349178043396,0.086083464324474335,0.086083464324474335,6
166,0,"Conv2DLayer(1,8,5, stride=5, padding=0)","all",0.18640243118787558,0.19808482932621302,0.29782501186249866,0.29782501186249866,6
166,0,"Conv2DLayer(1,8,5, stride=5, padding=0)","weights",0.18140319921473172,0.19371326838161801,0.2949452516802889,0.2949452516802889,6
166,0,"Conv2DLayer(1,8,5, stride=5, padding=0)","biases",0.04064035531539912,0.041385616608988443,0.053970429155102549,0.04131629463236626,6
166,4,"DenseLayer( 7202,128 )","all",0.30167580440072028,0.31531859047688665,0.47152465656261106,0.23520258236117464,6
166,4,"DenseLayer( 7202,128 )","weights",0.30121710785845873,0.31483380691282664,0.47078816956267588,0.23489992386897815,6
166,4,"DenseLayer( 7202,128 )","biases",0.016616601789247863,0.017478201426564741,0.026343901501361816,0.011928139658531111,6
166,6,"DenseLayer( 128,64 )","all",0.55356740523940273,0.58326138392294902,0.90354672115089085,0.44517532605701848,6
166,6,"DenseLayer( 128,64 )","weights",0.55185336348076852,0.58141620383804027,0.9005998436959054,0.44423363775427166,6
166,6,"DenseLayer( 128,64 )","biases",0.043332758488526878,0.046357738191979997,0.072915011056960036,0.028940387308729106,6
166,8,"DenseLayer( 64,1 )","all",0.36805848193460405,0.38989892234911311,0.60756015690013321,0.27775296383892722,6
166,8,"DenseLayer( 64,1 )","weights",0.3629701923195649,0.38432004653770363,0.59852445045637159,0.27551089138919027,6
166,8,"DenseLayer( 64,1 )","biases",0.060505945856372513,0.065721164614278474,0.10439265519380569,0.035220131278038025,6
167,0,"Conv2DLayer(1,8,5, stride=5, padding=0)","all",0.18088227148230865,0.19325400259544873,0.26362330933064293,0.26362330933064293,6
167,0,"Conv2DLayer(1,8,5, stride=5, padding=0)","weights",0.17724499275588948,0.18929883892614396,0.25829255981313509,0.25829255981313509,6
167,0,"Conv2DLayer(1,8,5, stride=5, padding=0)","biases",0.035440631447104992,0.038898060367780637,0.05649543231074252,0.052746590104175171,6
167,4,"DenseLayer( 7202,128 )","all",0.28000543655626553,0.30361107778037294,0.43505079993327089,0.43505079993327089,6
167,4,"DenseLayer( 7202,128 )","weights",0.27958540198404508,0.30315403886533954,0.43437935997285404,0.43437935997285404,6
167,4,"DenseLayer( 7202,128 )","biases",0.015327733907082192,0.016652785670627928,0.024161335893377055,0.024161335893377055,6
167,6,"DenseLayer( 128,64 )","all",0.52287533728462854,0.57445557154483384,0.82598342228053367,0.82598342228053367,6
167,6,"DenseLayer( 128,64 )","weights",0.52129590672826931,0.57273683731545666,0.82347556338752903,0.82347556338752903,6
167,6,"DenseLayer( 128,64 )","biases",0.040577084373251575,0.044404041041214287,0.064316486112456828,0.064316486112456828,6
167,8,"DenseLayer( 64,1 )","all",0.34880399605669132,0.3823433263675472,0.54345266367270195,0.54345266367270195,6
167,8,"DenseLayer( 64,1 )","weights",0.3441001381154104,0.37725061556857115,0.53613650743282915,0.53613650743282915,6
167,8,"DenseLayer( 64,1 )","biases",0.057021367984513439,0.062196400787625006,0.088873185217380524,0.088873185217380524,6
168,0,"Conv2DLayer(1,8,5, stride=5, padding=0)","all",0.20426687298966326,0.22404072779143247,0.3934775720640481,0.3934775720640481,6
168,0,"Conv2DLayer(1,8,5, stride=5, padding=0)","weights",0.20091406362357961,0.22076189571840607,0.38966169834825198,0.38966169834825198,6
168,0,"Conv2DLayer(1,8,5, stride=5, padding=0)","biases",0.035384894314826762,0.038189437127697221,0.054665899405150653,0.054665899405150653,6
168,4,"DenseLayer( 7202,128 )","all",0.22232167000396746,0.25457183643814302,0.44181209239750491,0.20818022494012123,6
168,4,"DenseLayer( 7202,128 )","weights",0.22201162384313386,0.25419880993941785,0.44112748018131342,0.20795901159626912,6
168,4,"DenseLayer( 7202,128 )","biases",0.011705375661860074,0.013776245238538678,0.024585996370826896,0.0095945584589535986,6
168,6,"DenseLayer( 128,64 )","all",0.37281592547313935,0.4553836021909074,0.8385160331146585,0.31942449155420888,6
168,6,"DenseLayer( 128,64 )","weights",0.37173713652286033,0.45398662504436205,0.83590896765681044,0.31905706690364477,6
168,6,"DenseLayer( 128,64 )","biases",0.027931793611787568,0.035642242146033058,0.066070686247900329,0.015316457276667838,6
168,8,"DenseLayer( 64,1 )","all",0.24341472065591896,0.30528876809594235,0.56911554246362595,0.18169687107184018,6
168,8,"DenseLayer( 64,1 )","weights",0.24034413618133213,0.30103243738598251,0.56114971741181729,0.18167005750675472,6
168,8,"DenseLayer( 64,1 )","biases",0.035665906965732574,0.050800625655523103,0.094886749982833862,0.0031214039772748947,6
169,0,"Conv2DLayer(1,8,5, stride=5, padding=0)","all",0.14657139172050454,0.15858539593490731,0.2167658388733599,0.19785966100642269,6
169,0,"Conv2DLayer(1,8,5, stride=5, padding=0)","weights",0.14394773658031176,0.15606300558888289,0.21331883081163433,0.19513176317846551,6
169,0,"Conv2DLayer(1,8,5, stride=5, padding=0)","biases",0.026874433090264636,0.028172079979930917,0.038503315748500674,0.032742028838172926,6
169,4,"DenseLayer( 7202,128 )","all",0.18458680518842469,0.1911133646306695,0.25574353919326914,0.15542612731983854,6
169,4,"DenseLayer( 7202,128 )","weights",0.18430747468562234,0.19081903612582876,0.25532761989766584,0.15519308180970665,6
169,4,"DenseLayer( 7202,128 )","biases",0.010139592549929011,0.010602527645089659,0.014579586979482225,0.0085081379894990702,6
169,6,"DenseLayer( 128,64 )","all",0.30126087348645869,0.31654913689517572,0.44558703199238375,0.23090021251657192,6
169,6,"DenseLayer( 128,64 )","weights",0.3002161578111428,0.31542184939484635,0.44388913454086232,0.22996296741861633,6
169,6,"DenseLayer( 128,64 )","biases",0.024888718854477951,0.026691065797670478,0.038861797646864329,0.020783208516070753,6
169,8,"DenseLayer( 64,1 )","all",0.2024926383497897,0.21483740263486512,0.30969994079398178,0.15777577744101465,6
169,8,"DenseLayer( 64,1 )","weights",0.19925915501771191,0.21128302669857063,0.30426817852308274,0.15466196327055393,6
169,8,"DenseLayer( 64,1 )","biases",0.03545557133232554,0.038917762011531777,0.057748842984437943,0.031190913170576096,6
170,0,"Conv2DLayer(1,8,5, stride=5, padding=0)","all",0.20164841154001781,0.21494184318049581,0.33314508066117066,0.18536560389272275,6
170,0,"Conv2DLayer(1,8,5, stride=5, padding=0)","weights",0.19947399280104328,0.21267646794379277,0.32997118545186288,0.18315728183873994,6
170,0,"Conv2DLayer(1,8,5, stride=5, padding=0)","biases",0.029465501380891709,0.031124201721196711,0.045876590329167334,0.028527481766853803,6
170,4,"DenseLayer( 7202,128 )","all",0.13210569073779077,0.13983442828767381,0.19509001070275406,0.19509001070275406,6
170,4,"DenseLayer( 7202,128 )","weights",0.13193655550011626,0.13965321482666251,0.19480770396206029,0.19480770396206029,6
170,4,"DenseLayer( 7202,128 )","biases",0.0066735632435006654,0.0071166651683665528,0.010491460957892239,0.010491460957892239,6
170,6,"DenseLayer( 128,64 )","all",0.19038602547701666,0.20132320045878047,0.29912076119413294,0.29912076119413294,6
170,6,"DenseLayer( 128,64 )","weights",0.18989246126684564,0.20076072439253462,0.29802969139406582,0.29802969139406582,6
170,6,"DenseLayer( 128,64 )","biases",0.013422028537171952,0.015038702881268086,0.025525141036150851,0.025525141036150851,6
170,8,"DenseLayer( 64,1 )","all",0.12014607176771791,0.12968747544915266,0.20821768488639097,0.20821768488639097,6
170,8,"DenseLayer( 64,1 )","weights",0.11881436610502227,0.12801389138982364,0.20464459387519668,0.20464459387519668,6
170,8,"DenseLayer( 64,1 )","biases",0.016575400174284976,0.020767399924136239,0.03840826079249382,0.03840826079249382,6
171,0,"Conv2DLayer(1,8,5, stride=5, padding=0)","all",0.15894702079307238,0.17248960454563833,0.27196251369136892,0.12629572878976136,6
171,0,"Conv2DLayer(1,8,5, stride=5, padding=0)","weights",0.15718958862781326,0.17072618253832178,0.26946863538471139,0.12503819039207972,6
171,0,"Conv2DLayer(1,8,5, stride=5, padding=0)","biases",0.02336162961488697,0.024601509551292255,0.036745930349216978,0.01777813415437559,6
171,4,"DenseLayer( 7202,128 )","all",0.14108840028404177,0.14473763862578262,0.20500703153111052,0.13366749400410124,6
171,4,"DenseLayer( 7202,128 )","weights",0.14089469887395212,0.14453959156546425,0.20474418063174435,0.13348577427878627,6
171,4,"DenseLayer( 7202,128 )","biases",0.0073783265928873652,0.0075690491514069612,0.010378028455992467,0.0069675690545098765,6
171,6,"DenseLayer( 128,64 )","all",0.25153120741532831,0.26440038174314223,0.38794352242194702,0.25620326582733371,6
171,6,"DenseLayer( 128,64 )","weights",0.25086037086290675,0.26370676391464815,0.38708161206599628,0.25555625140445548,6
171,6,"DenseLayer( 128,64 )","biases",0.018205225275516879,0.019139083875236888,0.025845738324475207,0.018196587281525411,6
171,8,"DenseLayer( 64,1 )","all",0.161005669225526,0.16987242481551151,0.24416464038326444,0.16634971325555187,6
171,8,"DenseLayer( 64,1 )","weights",0.15920633870375428,0.16798085706475932,0.2420156256783963,0.16459436572282207,6
171,8,"DenseLayer( 64,1 )","biases",0.022810787874429177,0.025279880784736815,0.034595977514982224,0.024102320894598961,6
172,0,"Conv2DLayer(1,8,5, stride=5, padding=0)","all",0.18112926346547784,0.20703327348398898,0.34847085956017326,0.15070337194813735,6
172,0,"Conv2DLayer(1,8,5, stride=5, padding=0)","weights",0.17851269882723231,0.20486624052365732,0.34544508755864722,0.14906887592439727,6
172,0,"Conv2DLayer(1,8,5, stride=5, padding=0)","biases",0.028200893510201795,0.029876409141648408,0.04582173549970104,0.022135413869527953,6
172,4,"DenseLayer( 7202,128 )","all",0.14962523816669465,0.15637616876317045,0.23464561115532287,0.12115519791739453,6
172,4,"DenseLayer( 7202,128 )","weights",0.14942389850826121,0.15616865215099973,0.23436143202570231,0.12099756921573687,6
172,4,"DenseLayer( 7202,128 )","biases",0.0077436630391662063,0.0080534615158711232,0.011544782948028852,0.0061782057497306491,6
172,6,"DenseLayer( 128,64 )","all",0.26267132979796087,0.27952688121206759,0.43043800241211116,0.22211210183545885,6
172,6,"DenseLayer( 128,64 )","weights",0.26201940124183848,0.27885531116170476,0.42957414685100781,0.22161239284749079,6
172,6,"DenseLayer( 128,64 )","biases",0.018306908779137536,0.019364729718076873,0.02725667400394724,0.014890705764827249,6
172,8,"DenseLayer( 64,1 )","all",0.16752148472500553,0.17769749996840045,0.26330412899670741,0.14326828181942033,6
172,8,"DenseLayer( 64,1 )","weights",0.16584439575933718,0.17596695829817652,0.26147724798912059,0.14202182433215574,6
172,8,"DenseLayer( 64,1 )","biases",0.023030176913986605,0.02473926195963588,0.039268407970666885,0.018857412040233612,6
173,0,"Conv2DLayer(1,8,5, stride=5, padding=0)","all",0.10564850724744164,0.11451417691422591,0.18729278057239329,0.091302099880147827,6
173,0,"Conv2DLayer(1,8,5, stride=5, padding=0)","weights",0.10234816829785758,0.1111212688647045,0.18232999620787188,0.085144444080880261,6
173,0,"Conv2DLayer(1,8,5, stride=5, padding=0)","biases",0.025320245822797571,0.027668760728313892,0.042829407389970792,0.032962055225400369,6
173,4,"DenseLayer( 7202,128 )","all",0.21527372847561924,0.24221831653096618,0.39753058484852782,0.25973315515348372,6
173,4,"DenseLayer( 7202,128 )","weights",0.21493946680707815,0.24183346570959965,0.39688974874846078,0.25932154667671614,6
173,4,"DenseLayer( 7202,128 )","biases",0.01197743211179725,0.013648726166907143,0.022563094388764002,0.014616679348585918,6
173,6,"DenseLayer( 128,64 )","all",0.38912091088188827,0.45034480786195152,0.74394676717355546,0.49115767689642909,6
173,6,"DenseLayer( 128,64 )","weights",0.3878605488073017,0.44885292924541159,0.74150778519948535,0.48949815971801219,6
173,6,"DenseLayer( 128,64 )","biases",0.031237640936371269,0.036626409543273626,0.060191335560346136,0.040341234574272397,6
173,8,"DenseLayer( 64,1 )","all",0.25799498759928441,0.30286375522170844,0.50012126171768923,0.33251132513198167,6
173,8,"DenseLayer( 64,1 )","weights",0.25426756733501055,0.29831943960964941,0.49271784314700001,0.32744082354834103,6
173,8,"DenseLayer( 64,1 )","biases",0.043262906673286729,0.052268213839576236,0.085734494030475616,0.057847112417221069,6
174,0,"Conv2DLayer(1,8,5, stride=5, padding=0)","all",0.22136242945579476,0.23321043755867493,0.28296928674797273,0.28296928674797273,6
174,0,"Conv2DLayer(1,8,5, stride=5, padding=0)","weights",0.21785113238844545,0.22947726299635179,0.27962025235021065,0.27962025235021065,6
174,0,"Conv2DLayer(1,8,5, stride=5, padding=0)","biases",0.038551626700605128,0.041560726100632703,0.055090913197719658,0.043406586116175171,6
174,4,"DenseLayer( 7202,128 )","all",0.25930919374595052,0.29173490783049172,0.43639234172730385,0.28603404079852607,6
174,4,"DenseLayer( 7202,128 )","weights",0.25892923892531428,0.29129539011238709,0.43570573507276433,0.28563719611990313,6
174,4,"DenseLayer( 7202,128 )","biases",0.014016673272724657,0.016007877627521209,0.024470152082526647,0.015062028027223926,6
174,6,"DenseLayer( 128,64 )","all",0.47455088837217918,0.5430096102781844,0.80336685012357145,0.53589906038651947,6
174,6,"DenseLayer( 128,64 )","weights",0.47322794852559336,0.54143621174898759,0.80084766226644577,0.53455714955553202,6
174,6,"DenseLayer( 128,64 )","biases",0.035239835916141854,0.04130696625717336,0.063571359273164263,0.037900617174645899,6
174,8,"DenseLayer( 64,1 )","all",0.31063603576691867,0.35914659390615222,0.54332286546469144,0.34909342983438535,6
174,8,"DenseLayer( 64,1 )","weights",0.3069017275960304,0.35458704101068966,0.53573843553418432,0.34536479906837181,6
174,8,"DenseLayer( 64,1 )","biases",0.04734540001178781,0.057046527165762501,0.090465821325778961,0.050885934382677078,6
175,0,"Conv2DLayer(1,8,5, stride=5, padding=0)","all",0.14477792226890979,0.16548483412930928,0.27608673748049889,0.20673713703668936,6
175,0,"Conv2DLayer(1,8,5, stride=5, padding=0)","weights",0.13976184153714064,0.16083001455184542,0.27259708970687124,0.20047828416236058,6
175,0,"Conv2DLayer(1,8,5, stride=5, padding=0)","biases",0.035798156241911357,0.038973539049696242,0.050484665091913621,0.050484665091913621,6
175,4,"DenseLayer( 7202,128 )","all",0.32024615665325151,0.34713052567110197,0.47657092318563332,0.42132633205699399,6
175,4,"DenseLayer( 7202,128 )","weights",0.31973101745611671,0.34656809975943947,0.47578876323011848,0.42064162730703264,6
175,4,"DenseLayer( 7202,128 )","biases",0.018152850377587976,0.0197523183911857,0.027292812423073774,0.024010403184699186,6
175,6,"DenseLayer( 128,64 )","all",0.56498225127944679,0.62255285860404552,0.89215162417488936,0.73862927565681713,6
175,6,"DenseLayer( 128,64 )","weights",0.56288026483132036,0.62024081218517657,0.88897935972557496,0.73586324468862641,6
175,6,"DenseLayer( 128,64 )","biases",0.048660798606769522,0.053604073128272325,0.075167935316860057,0.063863072065482987,6
175,8,"DenseLayer( 64,1 )","all",0.38816452566796239,0.42989906969970626,0.61022134894305957,0.51581092279106622,6
175,8,"DenseLayer( 64,1 )","weights",0.38146897352294162,0.42248401903709831,0.6002334515096257,0.50689454914804966,6
175,8,"DenseLayer( 64,1 )","biases",0.071654845514179513,0.079501344560539713,0.10995407402515411,0.095492534339427948,6
176,0,"Conv2DLayer(1,8,5, stride=5, padding=0)","all",0.16249151053319957,0.17816385107136765,0.30537990019370692,0.095766724240395548,6
176,0,"Conv2DLayer(1,8,5, stride=5, padding=0)","weights",0.16002502816335604,0.17575610393913735,0.30232780531234366,0.094742084964964599,6
176,0,"Conv2DLayer(1,8,5, stride=5, padding=0)","biases",0.027693100420951099,0.029191604216206139,0.043067175172514259,0.013971499856042454,6
176,4,"DenseLayer( 7202,128 )","all",0.20016904535982832,0.21634785965460407,0.28355845115697614,0.08002635085890443,6
176,4,"DenseLayer( 7202,128 )","weights",0.19986569801502457,0.21601566764947944,0.28311393837249199,0.079922195672203544,6
176,4,"DenseLayer( 7202,128 )","biases",0.011012616196048519,0.011984477755742797,0.015871141161240304,0.0040816014904056733,6
176,6,"DenseLayer( 128,64 )","all",0.34344568434286277,0.37861895659893607,0.53393498228267544,0.11804248568330003,6
176,6,"DenseLayer( 128,64 )","weights",0.34226495225405534,0.37733401482974865,0.5323001945855359,0.11758091062241234,6
176,6,"DenseLayer( 128,64 )","biases",0.028402905290839726,0.031166577427270348,0.042867126883909534,0.010428704785176841,6
176,8,"DenseLayer( 64,1 )","all",0.23332617781123649,0.25861086249449283,0.362821140432046,0.076172933280338959,6
176,8,"DenseLayer( 64,1 )","weights",0.22962591845079955,0.25458722929512506,0.35791608282573767,0.074661527899084743,6
176,8,"DenseLayer( 64,1 )","biases",0.041254586074501276,0.045441400506332247,0.062931209802627563,0.015098742209374905,6
177,0,"Conv2DLayer(1,8,5, stride=5, padding=0)","all",0.16398553045902647,0.16801221663840477,0.22386978830541038,0.12713597416525479,6
177,0,"Conv2DLayer(1,8,5, stride=5, padding=0)","weights",0.15990134727112237,0.16412256620245602,0.21983416586891627,0.12217125987761708,6
177,0,"Conv2DLayer(1,8,5, stride=5, padding=0)","biases",0.035603343611229715,0.035942846337911158,0.042315737410886012,0.035181517688469381,6
177,4,"DenseLayer( 7202,128 )","all",0.3198027989237161,0.32493533458020324,0.39885726873708377,0.39885726873708377,6
177,4,"DenseLayer( 7202,128 )","weights",0.3192905921340819,0.32441280001876149,0.39819682847057042,0.39819682847057042,6
177,4,"DenseLayer( 7202,128 )","biases",0.018087214416775937,0.018420283459699083,0.022943552915478879,0.022943552915478879,6
177,6,"DenseLayer( 128,64 )","all",0.58777084203239904,0.59771889211187545,0.70346261743752958,0.70346261743752958,6
177,6,"DenseLayer( 128,64 )","weights",0.58578234538018081,0.59569247803230108,0.70085570845002698,0.70085570845002698,6
177,6,"DenseLayer( 128,64 )","biases",0.048227370854667856,0.049176677431321696,0.060505620111447209,0.060505620111447209,6
177,8,"DenseLayer( 64,1 )","all",0.39681416902875799,0.4032105817169413,0.47805561117412859,0.47805561117412859,6
177,8,"DenseLayer( 64,1 )","weights",0.39074311485538693,0.39702146674772615,0.46987225080968009,0.46987225080968009,6
177,8,"DenseLayer( 64,1 )","biases",0.068987357740600899,0.070375621844488187,0.088075168430805206,0.088075168430805206,6
178,0,"Conv2DLayer(1,8,5, stride=5, padding=0)","all",0.20400054509056093,0.24606064767209618,0.43066024089041061,0.085552173578345159,6
178,0,"Conv2DLayer(1,8,5, stride=5, padding=0)","weights",0.19981094258235493,0.24214790476083875,0.42362243141933648,0.079163332085317673,6
178,0,"Conv2DLayer(1,8,5, stride=5, padding=0)","biases",0.038612301967470009,0.043706230136528738,0.077538884968485711,0.032439809757904135,6
178,4,"DenseLayer( 7202,128 )","all",0.27356890037081211,0.30783635622436217,0.48732001544245651,0.28778676138564246,6
178,4,"DenseLayer( 7202,128 )","weights",0.27312435045640454,0.30733008711780463,0.48654048968609515,0.28729633290363776,6
178,4,"DenseLayer( 7202,128 )","biases",0.015577096983278959,0.017647656095216308,0.027552664968216831,0.016793961086022092,6
178,6,"DenseLayer( 128,64 )","all",0.46067998530271437,0.51824429565724617,0.79442588273408377,0.52667787725432058,6
178,6,"DenseLayer( 128,64 )","weights",0.45887632547169005,0.51616684675038005,0.79124401478888795,0.52469827617325138,6
178,6,"DenseLayer( 128,64 )","biases",0.040691586338753041,0.046356620854467158,0.071030924382203597,0.045621325823956241,6
178,8,"DenseLayer( 64,1 )","all",0.31737973921921236,0.35811521508377375,0.55251428972926109,0.3598027808519666,6
178,8,"DenseLayer( 64,1 )","weights",0.31156851741552261,0.35139947160846463,0.54210458153411278,0.35367310681743674,6
178,8,"DenseLayer( 64,1 )","biases",0.06039196252822876,0.069028390013018331,0.10674578696489334,0.06613149493932724,6
179,0,"Conv2DLayer(1,8,5, stride=5, padding=0)","all",0.21924563644999875,0.23175440956659699,0.33224200314792385,0.20384427880555239,6
179,0,"Conv2DLayer(1,8,5, stride=5, padding=0)","weights",0.21278478711246496,0.22487736828180493,0.3224329702232186,0.19481918774369453,6
179,0,"Conv2DLayer(1,8,5, stride=5, padding=0)","biases",0.052166652220267076,0.056038161891798811,0.080135687235950506,0.05998311502950536,6
179,4,"DenseLayer( 7202,128 )","all",0.36901842874815149,0.41352165394533996,0.61002399806309604,0.42557283502496496,6
179,4,"DenseLayer( 7202,128 )","weights",0.36842426938368644,0.41284568757031498,0.60901003951623445,0.42490333396867164,6
179,4,"DenseLayer( 7202,128 )","biases",0.020920876020825561,0.023634646946450521,0.035157502489779315,0.023861992655550855,6
179,6,"DenseLayer( 128,64 )","all",0.69465954736941826,0.78729465527555786,1.1629459119578966,0.82859432572025715,6
179,6,"DenseLayer( 128,64 )","weights",0.69230398176646513,0.78461323597588761,1.1589713823391699,0.82587019561333519,6
179,6,"DenseLayer( 128,64 )","biases",0.057091274790566152,0.064922601279566297,0.096065233349103593,0.067134019791749072,6
179,8,"DenseLayer( 64,1 )","all",0.46943682989638325,0.53176235039758279,0.78341848486040866,0.56153730937578872,6
179,8,"DenseLayer( 64,1 )","weights",0.46222529442075483,0.52355327692182707,0.77144066797501598,0.55308350383030647,6
179,8,"DenseLayer( 64,1 )","biases",0.081825219094753265,0.093076116833365585,0.13646911084651947,0.097071044147014618,6
180,0,"Conv2DLayer(1,8,5, stride=5, padding=0)","all",0.29245119596397146,0.30883460930303963,0.40139689802575362,0.28744077194348466,6
180,0,"Conv2DLayer(1,8,5, stride=5, padding=0)","weights",0.28701130709179612,0.30394680922024075,0.39724976436905374,0.28435377481728791,6
180,0,"Conv2DLayer(1,8,5, stride=5, padding=0)","biases",0.05367008046458295,0.054727991633127734,0.063161289342835755,0.042013427884730663,6
180,4,"DenseLayer( 7202,128 )","all",0.36672938468073024,0.38755311661091219,0.53758771012324957,0.22081667044892028,6
180,4,"DenseLayer( 7202,128 )","weights",0.36614596350317824,0.38692730374993112,0.53672412006440218,0.22046065121719874,6
180,4,"DenseLayer( 7202,128 )","biases",0.020653412885444956,0.022015444752260725,0.030459235326123903,0.012534082057961606,6
180,6,"DenseLayer( 128,64 )","all",0.66434956444644011,0.71926660684860499,1.0062000834988536,0.33681856723984488,6
180,6,"DenseLayer( 128,64 )","weights",0.66218512368891636,0.71690318684103504,1.0030585368720526,0.3353769847330309,6
180,6,"DenseLayer( 128,64 )","biases",0.053290472642971626,0.058260384693836154,0.079449226813083904,0.031129171991594391,6
180,8,"DenseLayer( 64,1 )","all",0.4419475753188436,0.48225853151779335,0.67497264876426322,0.23218071567910592,6
180,8,"DenseLayer( 64,1 )","weights",0.43556887821599477,0.47519270359258997,0.66572553544844115,0.22739379922229724,6
180,8,"DenseLayer( 64,1 )","biases",0.073616293879846736,0.082250748775092919,0.11134445667266846,0.046903569251298904,6
181,0,"Conv2DLayer(1,8,5, stride=5, padding=0)","all",0.18060869348884018,0.2067063013097914,0.33512784357895814,0.16663182856108918,6
181,0,"Conv2DLayer(1,8,5, stride=5, padding=0)","weights",0.17519260670456865,0.20060199243138627,0.32389692651299035,0.16330597718908418,6
181,0,"Conv2DLayer(1,8,5, stride=5, padding=0)","biases",0.043514845711399283,0.049863169110399681,0.086031694957853538,0.033125882689077561,6
181,4,"DenseLayer( 7202,128 )","all",0.35968727637680725,0.40530480342048791,0.68167976524107687,0.31774774018249818,6
181,4,"DenseLayer( 7202,128 )","weights",0.35907735087901249,0.40461798657394366,0.68053456298426895,0.31719933970880299,6
181,4,"DenseLayer( 7202,128 )","biases",0.02093705088950247,0.023585347497298778,0.039496973592161207,0.01866025936003558,6
181,6,"DenseLayer( 128,64 )","all",0.651960727824763,0.74740183673558691,1.3024852250126966,0.57860718288471413,6
181,6,"DenseLayer( 128,64 )","weights",0.64946547854396408,0.74460570141090732,1.2979486086792438,0.57618382261504708,6
181,6,"DenseLayer( 128,64 )","biases",0.05695126590530851,0.064589898452464378,0.10861478078047325,0.052900610984155348,6
181,8,"DenseLayer( 64,1 )","all",0.44982901989952156,0.51483801982866761,0.88836653602219851,0.403080666904582,6
181,8,"DenseLayer( 64,1 )","weights",0.44189184780801732,0.50599787504508098,0.87439512702462385,0.39511992565884435,6
181,8,"DenseLayer( 64,1 )","biases",0.084051140894492463,0.094996511046280679,0.15693394839763641,0.079713664948940277,6
182,0,"Conv2DLayer(1,8,5, stride=5, padding=0)","all",0.21787639139131115,0.23587856174696001,0.33405591355153996,0.23168406921802276,6
182,0,"Conv2DLayer(1,8,5, stride=5, padding=0)","weights",0.21384465558552021,0.23215537950818319,0.33030740606012343,0.22840363635973684,6
182,0,"Conv2DLayer(1,8,5, stride=5, padding=0)","biases",0.040215899859527865,0.041744169140442419,0.053016065055519507,0.038849540886227545,6
182,4,"DenseLayer( 7202,128 )","all",0.27294208105747253,0.29649705847363156,0.43916425394616609,0.31624755290416467,6
182,4,"DenseLayer( 7202,128 )","weights",0.27249492883638127,0.29600574480462277,0.43840735679258125,0.31571330442270806,6
182,4,"DenseLayer( 7202,128 )","biases",0.015606045575166946,0.01706179141170773,0.025772688145302501,0.01837455110654114,6
182,6,"DenseLayer( 128,64 )","all",0.51387805406509923,0.56181054407216624,0.83749608330673886,0.58966498232170172,6
182,6,"DenseLayer( 128,64 )","weights",0.51218673602434439,0.55993460914644844,0.83442520202204506,0.58769358488660861,6
182,6,"DenseLayer( 128,64 )","biases",0.041521704620233205,0.045872877723961016,0.071653833007016027,0.048177190241642784,6
182,8,"DenseLayer( 64,1 )","all",0.33831229109596728,0.37217312620443133,0.57088842926389227,0.38852229677488032,6
182,8,"DenseLayer( 64,1 )","weights",0.33344181540985174,0.3666612465318595,0.56134291573772988,0.38278893221052285,6
182,8,"DenseLayer( 64,1 )","biases",0.05671054869890213,0.06381509351620894,0.10396023094654083,0.066499687731266022,6
183,0,"Conv2DLayer(1,8,5, stride=5, padding=0)","all",0.29088353645523662,0.30877523459405937,0.45402194757554321,0.31181334946590467,6
183,0,"Conv2DLayer(1,8,5, stride=5, padding=0)","weights",0.28709264176805355,0.30513029898190147,0.449045809922407,0.30895895920895744,6
183,0,"Conv2DLayer(1,8,5, stride=5, padding=0)","biases",0.045576551623098815,0.047303764563000818,0.067035732795419328,0.042094256492592443,6
183,4,"DenseLayer( 7202,128 )","all",0.25440907404930996,0.27369702278281732,0.38427560425913709,0.15753196873420067,6
183,4,"DenseLayer( 7202,128 )","weights",0.25401630846788742,0.27326350384083237,0.38359644670504284,0.15733086861026849,6
183,4,"DenseLayer( 7202,128 )","biases",0.014112121749400774,0.015398628146995417,0.022836508139166115,0.0079573208815288208,6
183,6,"DenseLayer( 128,64 )","all",0.45312436521236088,0.5007245048331509,0.72860931501586135,0.2456211603231882,6
183,6,"DenseLayer( 128,64 )","weights",0.45176246862828823,0.49914847560987685,0.72638411961722416,0.2451777604079062,6
183,6,"DenseLayer( 128,64 )","biases",0.034880781553889274,0.039696713173011607,0.063582001985679246,0.014751955798221077,6
183,8,"DenseLayer( 64,1 )","all",0.29152857221710271,0.32758100022313674,0.4876753596843208,0.1329229557187947,6
183,8,"DenseLayer( 64,1 )","weights",0.28782884959972682,0.3230798545455662,0.47939135624299317,0.1328375596737644,6
183,8,"DenseLayer( 64,1 )","biases",0.044800328401227794,0.054117643093602008,0.091116204857826233,0.0047639161348342896,6
184,0,"Conv2DLayer(1,8,5, stride=5, padding=0)","all",0.23573516000438366,0.24983492557577963,0.39379501650751708,0.22103556316327644,6
184,0,"Conv2DLayer(1,8,5, stride=5, padding=0)","weights",0.23288435431631818,0.24682467480979253,0.38857204057736033,0.21891110142368198,6
184,0,"Conv2DLayer(1,8,5, stride=5, padding=0)","biases",0.036255558923152922,0.038666134310214095,0.063924051089569389,0.030572043706255374,6
184,4,"DenseLayer( 7202,128 )","all",0.1987096175863039,0.21313692385189037,0.30908035536490819,0.15216509099988132,6
184,4,"DenseLayer( 7202,128 )","weights",0.19837542244313924,0.21277200168759602,0.30856385342924375,0.15191307086982239,6
184,4,"DenseLayer( 7202,128 )","biases",0.011507247714237138,0.012466900452804871,0.017893064930953034,0.0087540743601181685,6
184,6,"DenseLayer( 128,64 )","all",0.30960474033400803,0.33783877363166925,0.48777761531150526,0.22575386320440541,6
184,6,"DenseLayer( 128,64 )","weights",0.30831681667844602,0.33639351365189757,0.48572200340118371,0.22474063556520346,6
184,6,"DenseLayer( 128,64 )","biases",0.028071433283268263,0.031216036613908062,0.046429367980364504,0.021364771879470178,6
184,8,"DenseLayer( 64,1 )","all",0.21045753852883475,0.2344194256710716,0.34445475040768225,0.15581369106019088,6
184,8,"DenseLayer( 64,1 )","weights",0.20644556304549452,0.22975396239551138,0.33770177910301058,0.15247487533510706,6
184,8,"DenseLayer( 64,1 )","biases",0.039814328736004732,0.046535834531219053,0.069844640791416168,0.032082997262477875,6
185,0,"Conv2DLayer(1,8,5, stride=5, padding=0)","all",0.30847901398363659,0.34534223279109993,0.54014500698133305,0.044503320014825307,6
185,0,"Conv2DLayer(1,8,5, stride=5, padding=0)","weights",0.3057865268928695,0.34239677272407298,0.53618327628310947,0.044123332584500297,6
185,0,"Conv2DLayer(1,8,5, stride=5, padding=0)","biases",0.040562371312873921,0.045007863504967188,0.065300251157058842,0.005803189983063198,6
185,4,"DenseLayer( 7202,128 )","all",0.17599165685321708,0.1873919057027324,0.25553114849043135,0.05686938084099475,6
185,4,"DenseLayer( 7202,128 )","weights",0.17575541849348994,0.18714293116386949,0.25523512041975233,0.056798219809900109,6
185,4,"DenseLayer( 7202,128 )","biases",0.0091033947754626775,0.00965658522962228,0.012296387809165459,0.0028440646378680334,6
185,6,"DenseLayer( 128,64 )","all",0.27782285738297996,0.29932595366360615,0.42568088533244663,0.091548091473920373,6
185,6,"DenseLayer( 128,64 )","weights",0.2771752845277915,0.29866223207064113,0.42477758438191282,0.091260132842738956,6
185,6,"DenseLayer( 128,64 )","biases",0.01865065025542147,0.019922290812298703,0.027716780911255234,0.0072554259725347249,6
185,8,"DenseLayer( 64,1 )","all",0.16975646206975123,0.18218990229683063,0.25639395268312282,0.059829770127259506,6
185,8,"DenseLayer( 64,1 )","weights",0.16840701901002758,0.18081596292584737,0.25480411136510273,0.058988321648166982,6
185,8,"DenseLayer( 64,1 )","biases",0.018406487225244444,0.02233266777900211,0.034474879503250122,0.0099989650771021843,6
186,0,"Conv2DLayer(1,8,5, stride=5, padding=0)","all",0.31090036673201993,0.31978326323005585,0.43626686387454805,0.29213649570149985,6
186,0,"Conv2DLayer(1,8,5, stride=5, padding=0)","weights",0.30788176882784557,0.31675482672347349,0.43283526514037474,0.28917488760815135,6
186,0,"Conv2DLayer(1,8,5, stride=5, padding=0)","biases",0.043122311248780194,0.043905753489098316,0.054611443542493594,0.041492366738539684,6
186,4,"DenseLayer( 7202,128 )","all",0.15528386659914509,0.16003583310695849,0.20291786109350526,0.13396686207454628,6
186,4,"DenseLayer( 7202,128 )","weights",0.15507970035904256,0.15982534289965911,0.20268819138293911,0.13379255901277015,6
186,4,"DenseLayer( 7202,128 )","biases",0.0079512857205456082,0.0082053424818624744,0.010350853393929544,0.0068316386698158288,6
186,6,"DenseLayer( 128,64 )","all",0.23211259232456899,0.24586290518993006,0.36616841767591013,0.17938045069715519,6
186,6,"DenseLayer( 128,64 )","weights",0.23159487297021439,0.24531061389589398,0.36517209197217698,0.17891654096168771,6
186,6,"DenseLayer( 128,64 )","biases",0.015307485740076288,0.016470302318177636,0.026993579754150687,0.012892535150979312,6
186,8,"DenseLayer( 64,1 )","all",0.13800637361391244,0.14774690573524471,0.2350865658402384,0.10483354892945086,6
186,8,"DenseLayer( 64,1 )","weights",0.13702787391319404,0.14664217001242863,0.23259562425703045,0.10378406743078654,6
186,8,"DenseLayer( 64,1 )","biases",0.014525659343538186,0.0180339160579523,0.034131642431020737,0.014796632342040539,6
187,0,"Conv2DLayer(1,8,5, stride=5, padding=0)","all",0.24041947382335502,0.26998192667623933,0.46421359821223768,0.26378382711109405,6
187,0,"Conv2DLayer(1,8,5, stride=5, padding=0)","weights",0.23769431422034298,0.26719015390755141,0.45950580119939405,0.26186899805113767,6
187,0,"Conv2DLayer(1,8,5, stride=5, padding=0)","biases",0.035557086802609952,0.038725474647488066,0.065944548138991657,0.031725940570278041,6
187,4,"DenseLayer( 7202,128 )","all",0.14666766230562664,0.16555736770908502,0.27866443150825998,0.12117825285956829,6
187,4,"DenseLayer( 7202,128 )","weights",0.14646108541919123,0.16532300527698526,0.27829030803116622,0.12103058966368951,6
187,4,"DenseLayer( 7202,128 )","biases",0.0077735289977264544,0.0088060166333643955,0.014435021431931849,0.0059804123400550779,6
187,6,"DenseLayer( 128,64 )","all",0.24007217746639706,0.27839608572210078,0.49314044146779495,0.16990724186497205,6
187,6,"DenseLayer( 128,64 )","weights",0.23943501784225343,0.27764759445062442,0.49206372359510281,0.16962358491401355,6
187,6,"DenseLayer( 128,64 )","biases",0.017249255980051142,0.020400829423552359,0.032569724174054668,0.0098137800607383547,6
187,8,"DenseLayer( 64,1 )","all",0.14898271591204368,0.17664286360886364,0.30612551941066085,0.091124821715741253,6
187,8,"DenseLayer( 64,1 )","weights",0.1474995741254308,0.17470884746582982,0.30383207647913785,0.091007821419399573,6
187,8,"DenseLayer( 64,1 )","biases",0.019781656330451369,0.026067602135620493,0.048617243766784668,0.0046162293292582035,6
188,0,"Conv2DLayer(1,8,5, stride=5, padding=0)","all",0.1356606830112253,0.17448603751681413,0.33097358705377777,0.22940481001885588,6
188,0,"Conv2DLayer(1,8,5, stride=5, padding=0)","weights",0.13350616914749849,0.17249548011786717,0.32765382695346223,0.22669831799902668,6
188,0,"Conv2DLayer(1,8,5, stride=5, padding=0)","biases",0.022185280406129874,0.026280917549156495,0.046759865376145425,0.035134590878499558,6
188,4,"DenseLayer( 7202,128 )","all",0.098855056234465347,0.10713742937849811,0.15503954532038294,0.15503954532038294,6
188,4,"DenseLayer( 7202,128 )","weights",0.098714281974962376,0.10698671260616092,0.154813439220337,0.154813439220337,6
188,4,"DenseLayer( 7202,128 )","biases",0.0052691502858588386,0.0056808537702880638,0.008370164270914561,0.008370164270914561,6
188,6,"DenseLayer( 128,64 )","all",0.15738285504721605,0.17688590013027425,0.27910973875731748,0.27910973875731748,6
188,6,"DenseLayer( 128,64 )","weights",0.1569757144940129,0.17645517810068159,0.27841380397460763,0.27841380397460763,6
188,6,"DenseLayer( 128,64 )","biases",0.011203692895060168,0.012336603517747543,0.019697716252570156,0.019697716252570156,6
188,8,"DenseLayer( 64,1 )","all",0.096848290280816138,0.10953359108244294,0.17799278894489071,0.17799278894489071,6
188,8,"DenseLayer( 64,1 )","weights",0.096000110405940323,0.10860977407490714,0.17634074793364246,0.17634074793364246,6
188,8,"DenseLayer( 64,1 )","biases",0.011791127035394311,0.014195934305760077,0.024194493889808655,0.024194493889808655,6
189,0,"Conv2DLayer(1,8,5, stride=5, padding=0)","all",0.091095261946617712,0.11201852878945262,0.18045005086172725,0.14541713334936965,6
189,0,"Conv2DLayer(1,8,5, stride=5, padding=0)","weights",0.089493824482253986,0.11041923972497306,0.17738921161948534,0.14351972508466476,6
189,0,"Conv2DLayer(1,8,5, stride=5, padding=0)","biases",0.015783659002600082,0.018861131745267941,0.03309514249882281,0.023414337128575897,6
189,4,"DenseLayer( 7202,128 )","all",0.063272892038533049,0.067149055417076456,0.09246745759607973,0.073736483485748475,6
189,4,"DenseLayer( 7202,128 )","weights",0.063191581827291371,0.06706260815763769,0.092354634379396172,0.073649909702756797,6
189,4,"DenseLayer( 7202,128 )","biases",0.0031993457342982187,0.0034062047062312101,0.0045932411045626091,0.0035720858920005719,6
189,6,"DenseLayer( 128,64 )","all",0.086038224200614341,0.093304666382278009,0.14426279540023848,0.091205645509749481,6
189,6,"DenseLayer( 128,64 )","weights",0.085805502077813095,0.09306352275603752,0.14403307311453337,0.091021141568021255,6
189,6,"DenseLayer( 128,64 )","biases",0.0061803432491092962,0.0067038422523719929,0.0099949484857267332,0.0057984101704104023,6
189,8,"DenseLayer( 64,1 )","all",0.0533668266205026,0.058133509710237154,0.088017311166958559,0.051976852758492877,6
189,8,"DenseLayer( 64,1 )","weights",0.052763725448517394,0.05750745150802275,0.087740994965107275,0.051615253219968266,6
189,8,"DenseLayer( 64,1 )","biases",0.0073418421622288106,0.0085086997997725674,0.014511414803564548,0.0061203641816973686,6
190,0,"Conv2DLayer(1,8,5, stride=5, padding=0)","all",0.13778580404696086,0.15869845385630588,0.26460736216399194,0.21392811076096099,6
190,0,"Conv2DLayer(1,8,5, stride=5, padding=0)","weights",0.13618798926323142,0.15707479695680723,0.26260673182629263,0.21170234412504299,6
190,0,"Conv2DLayer(1,8,5, stride=5, padding=0)","biases",0.02068160051374299,0.022643043465043096,0.032477076698798568,0.030779117364146028,6
190,4,"DenseLayer( 7202,128 )","all",0.073342122419353034,0.080246724615995829,0.12975429477553846,0.093741579032142183,6
190,4,"DenseLayer( 7202,128 )","weights",0.073250319174971962,0.080145974579555204,0.12958669877367832,0.093631529148949288,6
190,4,"DenseLayer( 7202,128 )","biases",0.00366714397968607,0.0040198968007600757,0.0065927622160431906,0.0045409678119114685,6
190,6,"DenseLayer( 128,64 )","all",0.11085647314518049,0.12609378594943907,0.22291915767354337,0.13538046965036124,6
190,6,"DenseLayer( 128,64 )","weights",0.11066264008401801,0.12587146805833907,0.22250251709258609,0.1351981661203856,6
190,6,"DenseLayer( 128,64 )","biases",0.0065236531881971548,0.0074844093889555085,0.013622802404260311,0.0070233496593152846,6
190,8,"DenseLayer( 64,1 )","all",0.065686318136880278,0.075022845313226991,0.13541478788361397,0.078205028784619199,6
190,8,"DenseLayer( 64,1 )","weights",0.065493144862046576,0.074786578149644151,0.13484461661764754,0.078189589817130631,6
190,8,"DenseLayer( 64,1 )","biases",0.0045662085758522153,0.005949373711539239,0.012413466349244118,0.0015538891311734915,6
191,0,"Conv2DLayer(1,8,5, stride=5, padding=0)","all",0.21585168561051937,0.22641338079185991,0.31303293147058631,0.091583592888762499,6
191,0,"Conv2DLayer(1,8,5, stride=5, padding=0)","weights",0.21363650985302177,0.22417498018279322,0.30952323449011698,0.089487013977346944,6
191,0,"Conv2DLayer(1,8,5, stride=5, padding=0)","biases",0.030150431550116947,0.031758420326647621,0.046743807032000026,0.019484065690525219,6
191,4,"DenseLayer( 7202,128 )","all",0.13257098342286111,0.13483551332735225,0.16664715104116751,0.1424918331887495,6
191,4,"DenseLayer( 7202,128 )","weights",0.13238445928559933,0.13464471287728277,0.16642433773968149,0.1422424559240783,6
191,4,"DenseLayer( 7202,128 )","biases",0.0070167960070765352,0.0071705612363798278,0.0086146827014189215,0.0084265211194809002,6
191,6,"DenseLayer( 128,64 )","all",0.2150950996941044,0.22160133719759018,0.28228625689242776,0.23214012424327804,6
191,6,"DenseLayer( 128,64 )","weights",0.21455851444293947,0.22104621967245267,0.28172878154374709,0.23108237896258674,6
191,6,"DenseLayer( 128,64 )","biases",0.014934612966254361,0.015675503700930179,0.022135297980285285,0.022135297980285285,6
191,8,"DenseLayer( 64,1 )","all",0.13300031963003128,0.13788513642378203,0.17290843392663766,0.16023592787144142,6
191,8,"DenseLayer( 64,1 )","weights",0.13183350571500968,0.13661386701706735,0.17200863309449452,0.15680391973971275,6
191,8,"DenseLayer( 64,1 )","biases",0.016454214230179787,0.018680529576219632,0.032986108213663101,0.032986108213663101,6
192,0,"Conv2DLayer(1,8,5, stride=5, padding=0)","all",0.15566225591090513,0.18343976209889495,0.26740136501445189,0.04989270098326791,6
192,0,"Conv2DLayer(1,8,5, stride=5, padding=0)","weights",0.15382355259600838,0.18162997489437224,0.26568252099326317,0.047943757695058847,6
192,0,"Conv2DLayer(1,8,5, stride=5, padding=0)","biases",0.022783388291369812,0.025704056854296036,0.038541464589702978,0.01380860997650624,6
192,4,"DenseLayer( 7202,128 )","all",0.11332262798324971,0.12805043623779375,0.22268739451186062,0.078318479814617314,6
192,4,"DenseLayer( 7202,128 )","weights",0.11315186729619818,0.12784971892288172,0.22229852712880604,0.078209473342447836,6
192,4,"DenseLayer( 7202,128 )","biases",0.0062059799257542366,0.0071668397519006602,0.013154486339060627,0.0041306851695039441,6
192,6,"DenseLayer( 128,64 )","all",0.15992252186765479,0.18995027718424054,0.36021402375664535,0.062330223309533896,6
192,6,"DenseLayer( 128,64 )","weights",0.15933337513344514,0.18918798503084647,0.35858397805823172,0.062154452312184347,6
192,6,"DenseLayer( 128,64 )","biases",0.013614796369625483,0.017000415357808652,0.034229717949270856,0.004677691266935448,6
192,8,"DenseLayer( 64,1 )","all",0.10285117691142089,0.12725703795280205,0.2518628742249388,0.029155248414187297,6
192,8,"DenseLayer( 64,1 )","weights",0.10108339750093492,0.12481479492629668,0.24651766584019313,0.028817500854214678,6
192,8,"DenseLayer( 64,1 )","biases",0.018358645926734123,0.024811704416009186,0.051613446325063705,0.0044249468483030796,6
193,0,"Conv2DLayer(1,8,5, stride=5, padding=0)","all",0.14468464471013232,0.17112470159748938,0.32264801185586478,0.057928357478449766,6
193,0,"Conv2DLayer(1,8,5, stride=5, padding=0)","weights",0.14277732310861121,0.16929468361267752,0.31937826991825835,0.056267407800006525,6
193,0,"Conv2DLayer(1,8,5, stride=5, padding=0)","biases",0.021429845190093152,0.024959439042438497,0.045817684997851618,0.013772197341703738,6
193,4,"DenseLayer( 7202,128 )","all",0.14758729581024393,0.15791114651541643,0.23184693068071363,0.13332534238340046,6
193,4,"DenseLayer( 7202,128 )","weights",0.14735262579227204,0.15765678588725232,0.23143500347466969,0.13308959015988561,6
193,4,"DenseLayer( 7202,128 )","biases",0.0083040009932722012,0.0089592442490643923,0.013814428426368435,0.0079251443346251439,6
193,6,"DenseLayer( 128,64 )","all",0.2578286819882265,0.28251986605048446,0.43719278972251502,0.24550193152418648,6
193,6,"DenseLayer( 128,64 )","weights",0.25693124190080474,0.28153448992735675,0.4355442350713718,0.24455808240744809,6
193,6,"DenseLayer( 128,64 )","biases",0.021415018032144004,0.023575531691284575,0.037930919860304453,0.021506806162193904,6
193,8,"DenseLayer( 64,1 )","all",0.1713512354737709,0.1897964389001198,0.30399722019529762,0.16930636528950019,6
193,8,"DenseLayer( 64,1 )","weights",0.16869213759219537,0.18683219347537644,0.29892177944684623,0.16633020737905732,6
193,8,"DenseLayer( 64,1 )","biases",0.0298761953599751,0.033412867287115726,0.055317986756563187,0.031605497002601624,6
194,0,"Conv2DLayer(1,8,5, stride=5, padding=0)","all",0.20531109049235655,0.2271003474702521,0.33043966906426103,0.10927904747234027,6
194,0,"Conv2DLayer(1,8,5, stride=5, padding=0)","weights",0.20308538940534515,0.22471067727862798,0.32653525430321451,0.10841697933080235,6
194,0,"Conv2DLayer(1,8,5, stride=5, padding=0)","biases",0.029855129597237098,0.032858474372519715,0.050646841840665403,0.01369922659300059,6
194,4,"DenseLayer( 7202,128 )","all",0.14803771579285696,0.15573571660585803,0.21200983353080893,0.06610898965286402,6
194,4,"DenseLayer( 7202,128 )","weights",0.14780963496115623,0.15549231459575305,0.21167217179988396,0.066022847903635676,6
194,4,"DenseLayer( 7202,128 )","biases",0.008204009499231231,0.0087036502914284979,0.011960819339900395,0.0033737320011926956,6
194,6,"DenseLayer( 128,64 )","all",0.2266230431479081,0.23616187466706848,0.30883780010595191,0.099895404105723409,6
194,6,"DenseLayer( 128,64 )","weights",0.22580814978233865,0.23526864026262306,0.30751770250608196,0.0997182449263017,6
194,6,"DenseLayer( 128,64 )","biases",0.01897823268507379,0.020520671413007341,0.028524540656508248,0.0059467125593799589,6
194,8,"DenseLayer( 64,1 )","all",0.14905536341014861,0.15710175954611913,0.20744022927765668,0.0579109311529203,6
194,8,"DenseLayer( 64,1 )","weights",0.14655971090215189,0.15425683834529136,0.20310290779545886,0.057664498413076207,6
194,8,"DenseLayer( 64,1 )","biases",0.026380358419070642,0.029762235739293562,0.042197838425636292,0.0053368126973509789,6
195,0,"Conv2DLayer(1,8,5, stride=5, padding=0)","all",0.12007436240430135,0.13239480078468149,0.22309082923201665,0.058080749525276969,6
195,0,"Conv2DLayer(1,8,5, stride=5, padding=0)","weights",0.11740986123932604,0.12971933804182231,0.2193938482974887,0.057139129568527659,6
195,0,"Conv2DLayer(1,8,5, stride=5, padding=0)","biases",0.024681547491317627,0.026481627835292385,0.040445734220648434,0.01041601351616676,6
195,4,"DenseLayer( 7202,128 )","all",0.16222137820934168,0.18711269637519207,0.30900010932999711,0.067533073742528912,6
195,4,"DenseLayer( 7202,128 )","weights",0.16196089238313843,0.18680508783602653,0.30849430827664004,0.067447887814862773,6
195,4,"DenseLayer( 7202,128 )","biases",0.0091764223922864915,0.010724751902455771,0.017672841505189833,0.0033909406405206112,6
195,6,"DenseLayer( 128,64 )","all",0.27805516343375825,0.33664330493667305,0.59569736205037593,0.053900764163674744,6
195,6,"DenseLayer( 128,64 )","weights",0.27706292735877064,0.3354277566460146,0.59358394663134195,0.053736713163310211,6
195,6,"DenseLayer( 128,64 )","biases",0.023363979643248496,0.028582071830220036,0.050134274257605818,0.00420214657433638,6
195,8,"DenseLayer( 64,1 )","all",0.18646013570237499,0.22942864792466303,0.40474346641353115,0.024029709511483224,6
195,8,"DenseLayer( 64,1 )","weights",0.18350081463233417,0.22567654241995461,0.39822694769823724,0.023860976908059339,6
195,8,"DenseLayer( 64,1 )","biases",0.032805043233868979,0.041323149564298819,0.07233651727437973,0.0028426607605069876,6
196,0,"Conv2DLayer(1,8,5, stride=5, padding=0)","all",0.14630037057218029,0.16590623812964406,0.24190682795945068,0.22095045743037228,6
196,0,"Conv2DLayer(1,8,5, stride=5, padding=0)","weights",0.14372912281612232,0.16329398621365218,0.23848224624622921,0.21821452918449472,6
196,0,"Conv2DLayer(1,8,5, stride=5, padding=0)","biases",0.026457500555497289,0.029324970874422516,0.040560222370644869,0.034663004651646408,6
196,4,"DenseLayer( 7202,128 )","all",0.13987852431381351,0.15141046457103857,0.22947765985229587,0.17346968700547855,6
196,4,"DenseLayer( 7202,128 )","weights",0.13965326819191043,0.15116100121978951,0.22907222505694713,0.17319349920056926,6
196,4,"DenseLayer( 7202,128 )","biases",0.0079230554680754725,0.0086879509579946956,0.013634957966395684,0.0097848936857337972,6
196,6,"DenseLayer( 128,64 )","all",0.23687375873515321,0.26694643972337334,0.44038134727704881,0.26294018942881453,6
196,6,"DenseLayer( 128,64 )","weights",0.23600859573888186,0.2659676755626354,0.43875059284957907,0.2618357786625905,6
196,6,"DenseLayer( 128,64 )","biases",0.020121853191191592,0.022838503383394264,0.037863548482564555,0.024074223331517833,6
196,8,"DenseLayer( 64,1 )","all",0.15816690254632929,0.17964051170278131,0.29942787097410972,0.18075269042187161,6
196,8,"DenseLayer( 64,1 )","weights",0.1555603722096463,0.17667428450552758,0.29455949270429233,0.17712148810451739,6
196,8,"DenseLayer( 64,1 )","biases",0.02828962557638685,0.032510162092751933,0.053775042295455933,0.036048766225576401,6
197,0,"Conv2DLayer(1,8,5, stride=5, padding=0)","all",0.16404220415470439,0.18569290234770391,0.28241034397614168,0.1376521315486639,6
197,0,"Conv2DLayer(1,8,5, stride=5, padding=0)","weights",0.16195353477106733,0.18340541004150246,0.2785902941575007,0.13666037919046767,6
197,0,"Conv2DLayer(1,8,5, stride=5, padding=0)","biases",0.02572540925447097,0.029057005176415723,0.046293092205639978,0.016493940687666731,6
197,4,"DenseLayer( 7202,128 )","all",0.11793331927885381,0.12384346091452464,0.1917414647357156,0.077025095514664452,6
197,4,"DenseLayer( 7202,128 )","weights",0.1177572357307435,0.12365674775682638,0.19142777618845092,0.076939827779531705,6
197,4,"DenseLayer( 7202,128 )","biases",0.0064190963688538849,0.0067979074347925099,0.010963384629849271,0.0036232913627231183,6
197,6,"DenseLayer( 128,64 )","all",0.16447768888148773,0.17287458544729017,0.26765501175643758,0.087574621500042416,6
197,6,"DenseLayer( 128,64 )","weights",0.16388741173770355,0.17221607289844029,0.2664597955720604,0.087430773234259351,6
197,6,"DenseLayer( 128,64 )","biases",0.013785983945205521,0.015074698305821501,0.025266235612661753,0.0050173920053358297,6
197,8,"DenseLayer( 64,1 )","all",0.10586226705243804,0.11242205840452162,0.1768142030442128,0.050919396432827599,6
197,8,"DenseLayer( 64,1 )","weights",0.104096556344434,0.11037193806093604,0.17290088912052726,0.050804005629223659,6
197,8,"DenseLayer( 64,1 )","biases",0.018820797714094322,0.021371815659474692,0.036993850022554398,0.0034260684624314308,6
198,0,"Conv2DLayer(1,8,5, stride=5, padding=0)","all",0.088725429513041437,0.11220483921563938,0.2124826676187416,0.14340837737681378,6
198,0,"Conv2DLayer(1,8,5, stride=5, padding=0)","weights",0.087114237721093404,0.11068363717622809,0.21059684167841045,0.14093076981040803,6
198,0,"Conv2DLayer(1,8,5, stride=5, padding=0)","biases",0.016063905139901104,0.018413538629187688,0.028246315042057303,0.026542057616100945,6
198,4,"DenseLayer( 7202,128 )","all",0.089540514673149607,0.094176408082333532,0.14340502565786703,0.077845622146065399,6
198,4,"DenseLayer( 7202,128 )","weights",0.089410448182761074,0.094039490304224357,0.14320373146526957,0.07773839507464933,6
198,4,"DenseLayer( 7202,128 )","biases",0.0048222905081891469,0.0050764261653164196,0.0075955696531900168,0.004084460616253385,6
198,6,"DenseLayer( 128,64 )","all",0.13483328934863273,0.1525441000613541,0.25732967837101722,0.094589628267064879,6
198,6,"DenseLayer( 128,64 )","weights",0.13439833775057677,0.15207400144772606,0.25671037841363431,0.094353314189418336,6
198,6,"DenseLayer( 128,64 )","biases",0.010745124883363636,0.011966643105124911,0.017842224784478639,0.0066820563582199871,6
198,8,"DenseLayer( 64,1 )","all",0.084574573278526285,0.098252943994702288,0.16073203637169128,0.049500570786372711,6
198,8,"DenseLayer( 64,1 )","weights",0.083445474153299032,0.096964319731533716,0.15934189715786326,0.049214002719777862,6
198,8,"DenseLayer( 64,1 )","biases",0.013481965366130074,0.015860696788823757,0.025770314037799835,0.005318688228726387,6
199,0,"Conv2DLayer(1,8,5, stride=5, padding=0)","all",0.18916303539398402,0.20940324882022332,0.29180143662374014,0.046656401898043542,6
199,0,"Conv2DLayer(1,8,5, stride=5, padding=0)","weights",0.18698210970050538,0.20721063361976733,0.28935900376570278,0.046510582947969129,6
199,0,"Conv2DLayer(1,8,5, stride=5, padding=0)","biases",0.027662744017521675,0.030223731261359767,0.038881230510108652,0.0036858529422433652,6
199,4,"DenseLayer( 7202,128 )","all",0.11564773507285793,0.11910844738694568,0.15773598048478371,0.066981139331310849,6
199,4,"DenseLayer( 7202,128 )","weights",0.11549560536743129,0.11895447065506588,0.15755740456576228,0.066879906063447042,6
199,4,"DenseLayer( 7202,128 )","biases",0.0059196352168841594,0.0060544322691627557,0.0075035862090587586,0.0036811942443962004,6
199,6,"DenseLayer( 128,64 )","all",0.18240559772085807,0.18824300705987729,0.26157543232990937,0.12821092115854474,6
199,6,"DenseLayer( 128,64 )","weights",0.18198051175447388,0.18781903843178624,0.26114604754102416,0.12779073879686403,6
199,6,"DenseLayer( 128,64 )","biases",0.012347510930468016,0.012626896273598207,0.015048416921393923,0.010371469619790793,6
199,8,"DenseLayer( 64,1 )","all",0.1133954034859455,0.11730081924505094,0.16071587824996711,0.083338014522182619,6
199,8,"DenseLayer( 64,1 )","weights",0.11238676218637572,0.11631798042358864,0.16005396257035187,0.082067495469141771,6
199,8,"DenseLayer( 64,1 )","biases",0.014719854264209667,0.015152875164065821,0.020287483930587769,0.014496580697596073,6
200,0,"Conv2DLayer(1,8,5, stride=5, padding=0)","all",0.19320258075991939,0.20918205399595083,0.29671631680025456,0.15712363038073782,6
200,0,"Conv2DLayer(1,8,5, stride=5, padding=0)","weights",0.19002254934884871,0.20615135006670973,0.29282349314669542,0.15253370180119305,6
200,0,"Conv2DLayer(1,8,5, stride=5, padding=0)","biases",0.034075364730929383,0.035478903303763354,0.04790589229809044,0.037700199453682345,6
200,4,"DenseLayer( 7202,128 )","all",0.21063179155227857,0.22990758688651142,0.36176548501991063,0.36176548501991063,6
200,4,"DenseLayer( 7202,128 )","weights",0.21028966013600353,0.2295294988440299,0.36113567143868508,0.36113567143868508,6
200,4,"DenseLayer( 7202,128 )","biases",0.01199062161430613,0.013179820499053389,0.021337595136782624,0.021337595136782624,6
200,6,"DenseLayer( 128,64 )","all",0.374434654330702,0.41712253240515407,0.66682697319030537,0.66682697319030537,6
200,6,"DenseLayer( 128,64 )","weights",0.37317597985658024,0.41572113583227799,0.66441342746977639,0.66441342746977639,6
200,6,"DenseLayer( 128,64 )","biases",0.030524562181259995,0.034163493123646679,0.05668341531707826,0.05668341531707826,6
200,8,"DenseLayer( 64,1 )","all",0.24965292739986744,0.27959459759414557,0.45530204515233658,0.45530204515233658,6
200,8,"DenseLayer( 64,1 )","weights",0.24599715492060065,0.27547437888779047,0.44794715808661323,0.44794715808661323,6
200,8,"DenseLayer( 64,1 )","biases",0.042098102470239006,0.04782264714775078,0.081506416201591492,0.081506416201591492,6
201,0,"Conv2DLayer(1,8,5, stride=5, padding=0)","all",0.12719627921920901,0.13983976223643721,0.22974056411262875,0.095451757085844954,6
201,0,"Conv2DLayer(1,8,5, stride=5, padding=0)","weights",0.12252487815185824,0.13611773257885756,0.22554606907233526,0.091408589795127754,6
201,0,"Conv2DLayer(1,8,5, stride=5, padding=0)","biases",0.031215300204083404,0.032048743812104562,0.043700086096096505,0.027486499275848425,6
201,4,"DenseLayer( 7202,128 )","all",0.24271625912832698,0.27069790885938522,0.4023838888501039,0.27873766081808404,6
201,4,"DenseLayer( 7202,128 )","weights",0.24230129651162763,0.27022923250757541,0.40167615529639589,0.27825437360019112,6
201,4,"DenseLayer( 7202,128 )","biases",0.014181039762446824,0.015922303828616841,0.023854984226329857,0.016406923255214787,6
201,6,"DenseLayer( 128,64 )","all",0.42215924897304397,0.47425906358381886,0.69199375227243465,0.52004778176873567,6
201,6,"DenseLayer( 128,64 )","weights",0.42048292382236374,0.47233875200076936,0.68911887962110807,0.51812545735768312,6
201,6,"DenseLayer( 128,64 )","biases",0.037535553388645435,0.042635228975067913,0.06301208561722374,0.044673322693463031,6
201,8,"DenseLayer( 64,1 )","all",0.29057315907671938,0.32786127448026814,0.47828013448983492,0.3579744746405456,6
201,8,"DenseLayer( 64,1 )","weights",0.28526756611366083,0.32173060266943809,0.46908551407384252,0.35204751792731204,6
201,8,"DenseLayer( 64,1 )","biases",0.055132176261395216,0.063106533812164634,0.093330956995487213,0.064871177077293396,6
202,0,"Conv2DLayer(1,8,5, stride=5, padding=0)","all",0.16654457881452908,0.18512363925010072,0.30862225755620404,0.049181452123365992,6
202,0,"Conv2DLayer(1,8,5, stride=5, padding=0)","weights",0.16412160748114288,0.18270670181562423,0.30563160075853629,0.048428819803477213,6
202,0,"Conv2DLayer(1,8,5, stride=5, padding=0)","biases",0.027942476995116507,0.029816487399725783,0.042860500193798889,0.0085711519298910521,6
202,4,"DenseLayer( 7202,128 )","all",0.18217393804622542,0.20133730381044898,0.32761796466699339,0.066783099927063744,6
202,4,"DenseLayer( 7202,128 )","weights",0.18188115853347941,0.20101290625666918,0.32712104519028817,0.066683201964283276,6
202,4,"DenseLayer( 7202,128 )","biases",0.010311544868753769,0.011424597319317652,0.018037532152619412,0.0036514396693344631,6
202,6,"DenseLayer( 128,64 )","all",0.30846503636401357,0.34730030124227329,0.60390474771827662,0.10247200491945878,6
202,6,"DenseLayer( 128,64 )","weights",0.30738952169441958,0.34610032177592936,0.60207984089259603,0.10209607673043944,6
202,6,"DenseLayer( 128,64 )","biases",0.025578597318580695,0.028845563082940097,0.046912786182676525,0.00876943033872816,6
202,8,"DenseLayer( 64,1 )","all",0.20660580570713738,0.23294840778702919,0.40022932585665116,0.071178614550934938,6
202,8,"DenseLayer( 64,1 )","weights",0.20341164366024922,0.22933596186714458,0.39495875612653475,0.06997418826181967,6
202,8,"DenseLayer( 64,1 )","biases",0.035748089508463941,0.040865355559246509,0.064738661050796509,0.013038717210292816,6
203,0,"Conv2DLayer(1,8,5, stride=5, padding=0)","all",0.15506677020645826,0.17856617008144932,0.30678918026148927,0.099132874615408387,6
203,0,"Conv2DLayer(1,8,5, stride=5, padding=0)","weights",0.15259431697620943,0.17592952362821482,0.30218341487368183,0.097069855527105287,6
203,0,"Conv2DLayer(1,8,5, stride=5, padding=0)","biases",0.027198653720162169,0.030572533645520612,0.052960219984407662,0.020118896029881605,6
203,4,"DenseLayer( 7202,128 )","all",0.1153885871891456,0.12351421874987055,0.16412280000531343,0.099589462631295561,6
203,4,"DenseLayer( 7202,128 )","weights",0.11522756973691251,0.12334146148610979,0.1638611468407076,0.099444617592114204,6
203,4,"DenseLayer( 7202,128 )","biases",0.006086099407435582,0.0065303990583554005,0.0092638025471276173,0.0053692736145947318,6
203,6,"DenseLayer( 128,64 )","all",0.18035224128892846,0.20075351101196273,0.30379780257181999,0.13192697230068354,6
203,6,"DenseLayer( 128,64 )","weights",0.17985580598870415,0.20023011323035422,0.30289073161001667,0.13134277240893158,6
203,6,"DenseLayer( 128,64 )","biases",0.01316586555074453,0.014487026588978722,0.023458677546173569,0.012401699736766941,6
203,8,"DenseLayer( 64,1 )","all",0.11257599955661655,0.1255921641751285,0.19745517507920565,0.085291930491258425,6
203,8,"DenseLayer( 64,1 )","weights",0.1113614307912935,0.1243576014200664,0.19508997262842021,0.083476596325648814,6
203,8,"DenseLayer( 64,1 )","biases",0.015422772305707136,0.017566407465396353,0.030470456928014755,0.017503464594483376,6
204,0,"Conv2DLayer(1,8,5, stride=5, padding=0)","all",0.099356750546520378,0.11229275796750203,0.16623495687194059,0.1503628263917397,6
204,0,"Conv2DLayer(1,8,5, stride=5, padding=0)","weights",0.097167416165228393,0.110018919021052,0.16422651685744813,0.14587126889484445,6
204,0,"Conv2DLayer(1,8,5, stride=5, padding=0)","biases",0.020359941547843464,0.022483348269045533,0.036476738773092647,0.036476738773092647,6
204,4,"DenseLayer( 7202,128 )","all",0.14842997661241969,0.15950798920767678,0.25776835696122297,0.25776835696122297,6
204,4,"DenseLayer( 7202,128 )","weights",0.14818756455039495,0.15924237244904002,0.25733337938509832,0.25733337938509832,6
204,4,"DenseLayer( 7202,128 )","biases",0.0084673566378704428,0.0092013823894864458,0.014968557202800515,0.014968557202800515,6
204,6,"DenseLayer( 128,64 )","all",0.26708593437851241,0.29290815889229654,0.49281595657579741,0.49281595657579741,6
204,6,"DenseLayer( 128,64 )","weights",0.26613688754328568,0.29184003148832982,0.49099851358450297,0.49099851358450297,6
204,6,"DenseLayer( 128,64 )","biases",0.022361911599256202,0.024991709956813914,0.042285064899168716,0.042285064899168716,6
204,8,"DenseLayer( 64,1 )","all",0.17892795448774895,0.19692609719603926,0.33093665415025669,0.33093665415025669,6
204,8,"DenseLayer( 64,1 )","weights",0.17611483236849229,0.19371623712896305,0.32545170825598618,0.32545170825598618,6
204,8,"DenseLayer( 64,1 )","biases",0.031136495992541313,0.035410552515588715,0.060002122074365616,0.060002122074365616,6
205,0,"Conv2DLayer(1,8,5, stride=5, padding=0)","all",0.24885302597843484,0.28330888736122578,0.51390951946230112,0.26835181196494323,6
205,0,"Conv2DLayer(1,8,5, stride=5, padding=0)","weights",0.24587956959100007,0.28031739343938672,0.50876034533539016,0.26577063713231419,6
205,0,"Conv2DLayer(1,8,5, stride=5, padding=0)","biases",0.037554199567984232,0.041061960415983499,0.072566557092008765,0.037130357164347844,6
205,4,"DenseLayer( 7202,128 )","all",0.19750192974406983,0.20224048897575647,0.27586084714061027,0.15015231000078291,6
205,4,"DenseLayer( 7202,128 )","weights",0.1972100475970742,0.20194374323453096,0.27552903854855831,0.14996403731400226,6
205,4,"DenseLayer( 7202,128 )","biases",0.010701450573705787,0.01095170989292997,0.013658115630687789,0.007516895040889409,6
205,6,"DenseLayer( 128,64 )","all",0.3333313040585511,0.34485563986043882,0.44753177470219707,0.182142029708348,6
205,6,"DenseLayer( 128,64 )","weights",0.33236186510048288,0.34384748698246848,0.44680017247155718,0.18177359311883631,6
205,6,"DenseLayer( 128,64 )","biases",0.024982405600313649,0.026349915358381791,0.038886192704005715,0.011579284560994062,6
205,8,"DenseLayer( 64,1 )","all",0.21400084334241026,0.22324796900892552,0.30111994666010888,0.10075691647513935,6
205,8,"DenseLayer( 64,1 )","weights",0.21145194233683143,0.22045457238550181,0.29544258889014441,0.10013244325333027,6
205,8,"DenseLayer( 64,1 )","biases",0.031510365040351949,0.035205641322602128,0.05819706991314888,0.01120044756680727,6
206,0,"Conv2DLayer(1,8,5, stride=5, padding=0)","all",0.15776908982375382,0.20202519457647103,0.35905581658627778,0.30538056362640914,6
206,0,"Conv2DLayer(1,8,5, stride=5, padding=0)","weights",0.15547458357916208,0.19994190973843531,0.35582103988906244,0.30260222462659697,6
206,0,"Conv2DLayer(1,8,5, stride=5, padding=0)","biases",0.024730599608481008,0.028938071356059154,0.048088117001032521,0.04109966291611028,6
206,4,"DenseLayer( 7202,128 )","all",0.15790031294930137,0.16310359357807713,0.1927737396178853,0.1845749638551028,6
206,4,"DenseLayer( 7202,128 )","weights",0.15764065538457475,0.16283492537866684,0.19250168349484448,0.18429705868162694,6
206,4,"DenseLayer( 7202,128 )","biases",0.0090368863560023431,0.0093578477764152922,0.011497829371093289,0.010124793499793509,6
206,6,"DenseLayer( 128,64 )","all",0.25359881232453724,0.25989064343163015,0.32512852708602136,0.25245438709571577,6
206,6,"DenseLayer( 128,64 )","weights",0.25263044851610661,0.25888122520755646,0.32372790376965055,0.25144687697469836,6
206,6,"DenseLayer( 128,64 )","biases",0.022092836768698859,0.022883570052357645,0.030146367045361052,0.022531880159995472,6
206,8,"DenseLayer( 64,1 )","all",0.1709475023071938,0.17655770414762237,0.22997773324506207,0.16903905653598442,6
206,8,"DenseLayer( 64,1 )","weights",0.16797220739055116,0.17341254896805483,0.22553492111139425,0.16565499624021313,6
206,8,"DenseLayer( 64,1 )","biases",0.031648556080957256,0.033176961197212432,0.044986188411712646,0.033654492348432541,6
207,0,"Conv2DLayer(1,8,5, stride=5, padding=0)","all",0.20205889274230174,0.23812531889764502,0.42129722913462897,0.42129722913462897,6
207,0,"Conv2DLayer(1,8,5, stride=5, padding=0)","weights",0.19792956275013485,0.23481041375295592,0.41712883433381243,0.41712883433381243,6
207,0,"Conv2DLayer(1,8,5, stride=5, padding=0)","biases",0.037151631597739328,0.039594659908512631,0.059117601810551479,0.059117601810551479,6
207,4,"DenseLayer( 7202,128 )","all",0.23376961001263374,0.24856198672500909,0.34202639857559564,0.198099128185629,6
207,4,"DenseLayer( 7202,128 )","weights",0.23338464716503846,0.24814235148891106,0.3414356669149981,0.19785061715168337,6
207,4,"DenseLayer( 7202,128 )","biases",0.013380874413721846,0.014437265746578248,0.020093349170874596,0.0099195705856802811,6
207,6,"DenseLayer( 128,64 )","all",0.39111751006939655,0.42761158852524372,0.62528340554533068,0.26193806518422275,6
207,6,"DenseLayer( 128,64 )","weights",0.38964590618391065,0.42592441783633805,0.62287252913569413,0.26144614426234208,6
207,6,"DenseLayer( 128,64 )","biases",0.033630643443391978,0.037948134761261527,0.054855717099226049,0.016045673647707787,6
207,8,"DenseLayer( 64,1 )","all",0.26593156497945386,0.29620447038250863,0.44063947973381357,0.14874096138044907,6
207,8,"DenseLayer( 64,1 )","weights",0.26136086372920636,0.29081146705822658,0.43297507594468215,0.14788217428230852,6
207,8,"DenseLayer( 64,1 )","biases",0.048498489583532013,0.056265254838349758,0.081827469170093536,0.015960454940795898,6
208,0,"Conv2DLayer(1,8,5, stride=5, padding=0)","all",0.27785799764683178,0.31817384901066048,0.491942515873318,0.38146023699241011,6
208,0,"Conv2DLayer(1,8,5, stride=5, padding=0)","weights",0.27405138258662498,0.31474091379492897,0.4875517165588602,0.37748153157450087,6
208,0,"Conv2DLayer(1,8,5, stride=5, padding=0)","biases",0.043691058920798997,0.046612824177383591,0.065580199788340079,0.054950939268358361,6
208,4,"DenseLayer( 7202,128 )","all",0.2519225894902215,0.26254691082365761,0.37321783232517369,0.37321783232517369,6
208,4,"DenseLayer( 7202,128 )","weights",0.25153049424105578,0.26213864759937205,0.37261002243217328,0.37261002243217328,6
208,4,"DenseLayer( 7202,128 )","biases",0.014036247230509398,0.014635908506746526,0.021291349149285595,0.021291349149285595,6
208,6,"DenseLayer( 128,64 )","all",0.46080444386455788,0.48194293114833153,0.7080314547652854,0.7080314547652854,6
208,6,"DenseLayer( 128,64 )","weights",0.45944964331787436,0.48052602548437895,0.70580364351767366,0.70580364351767366,6
208,6,"DenseLayer( 128,64 )","biases",0.035127250536246706,0.036928684190360946,0.056122702485027112,0.056122702485027112,6
208,8,"DenseLayer( 64,1 )","all",0.3025407468286952,0.31686496229268274,0.4741101426820431,0.4741101426820431,6
208,8,"DenseLayer( 64,1 )","weights",0.29886568525136559,0.31297845807015812,0.46774832763990287,0.46774832763990287,6
208,8,"DenseLayer( 64,1 )","biases",0.04643643212815126,0.049476146907065546,0.077407553791999817,0.077407553791999817,6
209,0,"Conv2DLayer(1,8,5, stride=5, padding=0)","all",0.19321503516507429,0.2259201320449655,0.38411424591442239,0.38411424591442239,6
209,0,"Conv2DLayer(1,8,5, stride=5, padding=0)","weights",0.19050218624252804,0.22336759038968726,0.38039628129983921,0.38039628129983921,6
209,0,"Conv2DLayer(1,8,5, stride=5, padding=0)","biases",0.03039689764499591,0.03386481399210025,0.053314379745608646,0.053314379745608646,6
209,4,"DenseLayer( 7202,128 )","all",0.2287335128849699,0.25773156472727871,0.35802429697588872,0.35736397350980509,6
209,4,"DenseLayer( 7202,128 )","weights",0.22835868305664758,0.25729804009793555,0.35742781922829359,0.3567491695322258,6
209,4,"DenseLayer( 7202,128 )","biases",0.013073255437371659,0.014942490372511769,0.020953271839593106,0.020953271839593106,6
209,6,"DenseLayer( 128,64 )","all",0.40097822024215768,0.45386068041574984,0.67696975291651018,0.53839524654914561,6
209,6,"DenseLayer( 128,64 )","weights",0.39950853741035747,0.45214930588746638,0.67466896779673535,0.53595930484630872,6
209,6,"DenseLayer( 128,64 )","biases",0.034136261010753871,0.039376673461960034,0.055765852059558418,0.051157258090878864,6
209,8,"DenseLayer( 64,1 )","all",0.2716263981587162,0.30929626014752593,0.4577576444243453,0.37403594524932454,6
209,8,"DenseLayer( 64,1 )","weights",0.26717298322578886,0.30403827850971971,0.45102950819989407,0.36606076657787306,6
209,8,"DenseLayer( 64,1 )","biases",0.048555519431829453,0.056788218338772921,0.078194908797740936,0.076827101409435272,6
210,0,"Conv2DLayer(1,8,5, stride=5, padding=0)","all",0.17309483146405891,0.19009290968348108,0.28498058280984229,0.09941517917208248,6
210,0,"Conv2DLayer(1,8,5, stride=5, padding=0)","weights",0.17114705977870362,0.1881283414188431,0.28256774733725959,0.098656662623773747,6
210,0,"Conv2DLayer(1,8,5, stride=5, padding=0)","biases",0.025442018161242939,0.02725878696727534,0.037005415054880975,0.012257274156848557,6
210,4,"DenseLayer( 7202,128 )","all",0.17614798458883033,0.18664370707509997,0.24390302363640343,0.064349937194404322,6
210,4,"DenseLayer( 7202,128 )","weights",0.17584754069567396,0.18632007657683011,0.24345946225818055,0.064251720641401597,6
210,4,"DenseLayer( 7202,128 )","biases",0.010276430396196723,0.010986466908878736,0.014702896855297831,0.0035539853042843516,6
210,6,"DenseLayer( 128,64 )","all",0.28303334114153711,0.30394538308853825,0.40671872877388227,0.07967137258070206,6
210,6,"DenseLayer( 128,64 )","weights",0.28183738145928333,0.30266516984212971,0.40530707584242803,0.079308219305681868,6
210,6,"DenseLayer( 128,64 )","biases",0.025919322855028827,0.027867379949917236,0.038217013245855198,0.0075982866131065127,6
210,8,"DenseLayer( 64,1 )","all",0.19302765106185757,0.20859944062193594,0.27848952172623903,0.048300359296446709,6
210,8,"DenseLayer( 64,1 )","weights",0.18921697353694905,0.20454226827196986,0.27440954297866804,0.047085097118666534,6
210,8,"DenseLayer( 64,1 )","biases",0.03797970494876305,0.04094126424455035,0.057636179029941559,0.010766537860035896,6
211,0,"Conv2DLayer(1,8,5, stride=5, padding=0)","all",0.22796929329259247,0.25479545033941536,0.4558260257771698,0.4558260257771698,6
211,0,"Conv2DLayer(1,8,5, stride=5, padding=0)","weights",0.22584488633916844,0.25268650029362366,0.45256465678585572,0.45256465678585572,6
211,0,"Conv2DLayer(1,8,5, stride=5, padding=0)","biases",0.030569561286590476,0.032714738009435668,0.054429745581893681,0.054429745581893681,6
211,4,"DenseLayer( 7202,128 )","all",0.1771873964527447,0.1861775620342801,0.2787789313477117,0.2787789313477117,6
211,4,"DenseLayer( 7202,128 )","weights",0.17691555083659558,0.18589565968002131,0.27841095761690376,0.27841095761690376,6
211,4,"DenseLayer( 7202,128 )","biases",0.0097912876054116645,0.010241499751399269,0.014318912047036142,0.014318912047036142,6
211,6,"DenseLayer( 128,64 )","all",0.30517351687826988,0.3228577138020533,0.48978959694993041,0.48978959694993041,6
211,6,"DenseLayer( 128,64 )","weights",0.30427685619593531,0.32194580836709902,0.48871054520723439,0.48871054520723439,6
211,6,"DenseLayer( 128,64 )","biases",0.023211531431353311,0.024248707931428009,0.03249388071041942,0.03249388071041942,6
211,8,"DenseLayer( 64,1 )","all",0.19861448163308168,0.20917476462526574,0.31034552988852931,0.31034552988852931,6
211,8,"DenseLayer( 64,1 )","weights",0.19627764785998367,0.20683892341897714,0.30797713056884723,0.30797713056884723,6
211,8,"DenseLayer( 64,1 )","biases",0.029934044927358627,0.031172775219954783,0.038850262761116028,0.038267936557531357,6
212,0,"Conv2DLayer(1,8,5, stride=5, padding=0)","all",0.28329068378254352,0.33958242293668089,0.52255339507789289,0.52255339507789289,6
212,0,"Conv2DLayer(1,8,5, stride=5, padding=0)","weights",0.28028847487582437,0.33635059757554214,0.51743912804456649,0.51743912804456649,6
212,0,"Conv2DLayer(1,8,5, stride=5, padding=0)","biases",0.040212586563876322,0.046738608003689189,0.072930099930763437,0.072930099930763437,6
212,4,"DenseLayer( 7202,128 )","all",0.18796509808697956,0.19762717453689904,0.26443377854927663,0.26443377854927663,6
212,4,"DenseLayer( 7202,128 )","weights",0.1876926111058525,0.19734800095635574,0.26406230188755164,0.26406230188755164,6
212,4,"DenseLayer( 7202,128 )","biases",0.010101275003942707,0.010500792063848033,0.014011565212187931,0.014011565212187931,6
212,6,"DenseLayer( 128,64 )","all",0.29199733638285019,0.3063226944226386,0.39525787809051255,0.36254751804704427,6
212,6,"DenseLayer( 128,64 )","weights",0.29114801072438173,0.30547519497742776,0.39425244915731289,0.36138698940556763,6
212,6,"DenseLayer( 128,64 )","biases",0.021976774814727741,0.022770559322241556,0.028985284722632371,0.028985284722632371,6
212,8,"DenseLayer( 64,1 )","all",0.18379271298561237,0.19234362596565371,0.24636211980606049,0.23081643898403195,6
212,8,"DenseLayer( 64,1 )","weights",0.18158877291753805,0.1901498494965716,0.24418044180342346,0.22735549346403069,6
212,8,"DenseLayer( 64,1 )","biases",0.027125873137265444,0.028967312371817929,0.039820950478315353,0.039820950478315353,6
213,0,"Conv2DLayer(1,8,5, stride=5, padding=0)","all",0.24810585992232678,0.27007811305824481,0.4210580303153974,0.25125052846064155,6
213,0,"Conv2DLayer(1,8,5, stride=5, padding=0)","weights",0.24543702395103109,0.26731797851655814,0.41704883320532837,0.24765316455983605,6
213,0,"Conv2DLayer(1,8,5, stride=5, padding=0)","biases",0.036068077158164145,0.038513445897803332,0.057966676764812909,0.042364349815032031,6
213,4,"DenseLayer( 7202,128 )","all",0.14729803113310649,0.15027090463890264,0.20213475914378207,0.14477040799134458,6
213,4,"DenseLayer( 7202,128 )","weights",0.14708879087564639,0.1500606842485819,0.20186293357326657,0.14455983948746995,6
213,4,"DenseLayer( 7202,128 )","biases",0.0078336920973888363,0.0079458054243465234,0.010479356054155006,0.0078053723381586214,6
213,6,"DenseLayer( 128,64 )","all",0.21449976671807719,0.21678727758734292,0.26863977361187208,0.17978457804128145,6
213,6,"DenseLayer( 128,64 )","weights",0.21390402021234445,0.21619857251757033,0.26794757853181089,0.17923964480266716,6
213,6,"DenseLayer( 128,64 )","biases",0.015750963852736097,0.015965618218426597,0.019272340936609681,0.013987288246666342,6
213,8,"DenseLayer( 64,1 )","all",0.13169509473096999,0.13343913744409827,0.16473495198715399,0.10232608960293223,6
213,8,"DenseLayer( 64,1 )","weights",0.13032608723872752,0.13204685804455524,0.16313990750951732,0.10102089272645877,6
213,8,"DenseLayer( 64,1 )","biases",0.017493098508566618,0.019225781710662151,0.025886755436658859,0.016291342675685883,6
214,0,"Conv2DLayer(1,8,5, stride=5, padding=0)","all",0.17282996683098575,0.20037260314436758,0.31404974283724801,0.31404974283724801,6
214,0,"Conv2DLayer(1,8,5, stride=5, padding=0)","weights",0.16991084636070061,0.19795126007598668,0.31123279355112354,0.31123279355112354,6
214,0,"Conv2DLayer(1,8,5, stride=5, padding=0)","biases",0.028588859532794286,0.031056057785548132,0.042601176722472114,0.04196890747333485,6
214,4,"DenseLayer( 7202,128 )","all",0.13497596368692746,0.14274756364215527,0.18823277712562975,0.18823277712562975,6
214,4,"DenseLayer( 7202,128 )","weights",0.13476331929573687,0.14252411759005093,0.18794119299404458,0.18794119299404458,6
214,4,"DenseLayer( 7202,128 )","biases",0.0075631852778231742,0.0079839107552947056,0.010473125627160709,0.010473125627160709,6
214,6,"DenseLayer( 128,64 )","all",0.18760890866258143,0.2034463250548102,0.30518803170417586,0.26153856617515181,6
214,6,"DenseLayer( 128,64 )","weights",0.18693387324432684,0.20272221502714269,0.30412163878838455,0.26054571473948973,6
214,6,"DenseLayer( 128,64 )","biases",0.01583434344390473,0.017149656346306417,0.025490459315916199,0.022767347843846313,6
214,8,"DenseLayer( 64,1 )","all",0.12000259999165654,0.13255966976626204,0.20766390488800265,0.1755925916175001,6
214,8,"DenseLayer( 64,1 )","weights",0.11804692231994171,0.13041522637955286,0.20459103535506939,0.1723722810639795,6
214,8,"DenseLayer( 64,1 )","biases",0.021349796870102484,0.023747310940618851,0.035592213273048401,0.033474691212177277,6
215,0,"Conv2DLayer(1,8,5, stride=5, padding=0)","all",0.25345231823953085,0.27551482510942776,0.41994771017348609,0.23077027133242575,6
215,0,"Conv2DLayer(1,8,5, stride=5, padding=0)","weights",0.24990908505811674,0.27180202082345045,0.41403738550527802,0.22628627028467924,6
215,0,"Conv2DLayer(1,8,5, stride=5, padding=0)","biases",0.04128814128854752,0.045078601701552055,0.070207711000345674,0.045270763319061727,6
215,4,"DenseLayer( 7202,128 )","all",0.19453714554818152,0.22162984006667391,0.37880821404009074,0.14212472663376868,6
215,4,"DenseLayer( 7202,128 )","weights",0.19423575816451621,0.22127021674494446,0.37816578560326802,0.1419148677259186,6
215,4,"DenseLayer( 7202,128 )","biases",0.010797056250520574,0.012620506710300893,0.022052247579470604,0.0077206372184232082,6
215,6,"DenseLayer( 128,64 )","all",0.33852610910219338,0.40018804923112417,0.69474569032673272,0.2297364159314059,6
215,6,"DenseLayer( 128,64 )","weights",0.33752235209686915,0.39890942351303016,0.69244042494787306,0.22921136954829927,6
215,6,"DenseLayer( 128,64 )","biases",0.025799204377486,0.031964770919163471,0.056549377764723817,0.015523172188728595,6
215,8,"DenseLayer( 64,1 )","all",0.21819339648371827,0.2609106609511766,0.45150398587160262,0.15086410272807602,6
215,8,"DenseLayer( 64,1 )","weights",0.21570475098455641,0.25751964791390264,0.44543363952635012,0.14967716899225714,6
215,8,"DenseLayer( 64,1 )","biases",0.030922065236760925,0.041928557526815173,0.073788359761238098,0.018887100741267204,6
216,0,"Conv2DLayer(1,8,5, stride=5, padding=0)","all",0.14594434050289187,0.14809952023120615,0.17776286904972771,0.17776286904972771,6
216,0,"Conv2DLayer(1,8,5, stride=5, padding=0)","weights",0.14383013368969425,0.14596578134050431,0.17447848921178424,0.17447848921178424,6
216,0,"Conv2DLayer(1,8,5, stride=5, padding=0)","biases",0.024313701352817997,0.025049123145721514,0.03401315062095734,0.03401315062095734,6
216,4,"DenseLayer( 7202,128 )","all",0.13579971117357417,0.13714750900810871,0.16103471537033906,0.15349506567497187,6
216,4,"DenseLayer( 7202,128 )","weights",0.13557401360399635,0.13691876116450605,0.16075648225321645,0.15324133062661791,6
216,4,"DenseLayer( 7202,128 )","biases",0.0078233085531847039,0.0079178322984392452,0.0094621862155326118,0.0088221184727650375,6
216,6,"DenseLayer( 128,64 )","all",0.23059969587627807,0.23495679372814501,0.29264281977540146,0.25701798698934319,6
216,6,"DenseLayer( 128,64 )","weights",0.22977585564889919,0.23413158395774086,0.29160936207392868,0.25621958223406688,6
216,6,"DenseLayer( 128,64 )","biases",0.019414626809928375,0.019674763339095545,0.024572340485482045,0.020242808991205539,6
216,8,"DenseLayer( 64,1 )","all",0.15471020510803724,0.1572359930574308,0.19596773736503495,0.1688218662111674,6
216,8,"DenseLayer( 64,1 )","weights",0.15229082300659025,0.15483242462902741,0.19295017565776418,0.16670472894823279,6
216,8,"DenseLayer( 64,1 )","biases",0.027069802706440289,0.027387548197182272,0.034257609397172928,0.02665250189602375,6
217,0,"Conv2DLayer(1,8,5, stride=5, padding=0)","all",0.18059415869096623,0.19710395027926303,0.29064569773513937,0.15247048570920149,6
217,0,"Conv2DLayer(1,8,5, stride=5, padding=0)","weights",0.17844954389419171,0.19455356913426478,0.28620381871795425,0.15083194264853889,6
217,0,"Conv2DLayer(1,8,5, stride=5, padding=0)","biases",0.02710813207998445,0.031604998857918773,0.050619124480836192,0.022292915674440011,6
217,4,"DenseLayer( 7202,128 )","all",0.1194098151154889,0.12630569922683915,0.1660793449968303,0.15862515184705728,6
217,4,"DenseLayer( 7202,128 )","weights",0.11923937335340948,0.12612460889920613,0.16586231900749723,0.15837112756094834,6
217,4,"DenseLayer( 7202,128 )","biases",0.0063727548899864938,0.0067611158252948037,0.008973558579282186,0.008973558579282186,6
217,6,"DenseLayer( 128,64 )","all",0.20066935972912947,0.217277741287797,0.29515175229016477,0.29515175229016477,6
217,6,"DenseLayer( 128,64 )","weights",0.20017538604883975,0.21673310964534245,0.29425490783710107,0.29425490783710107,6
217,6,"DenseLayer( 128,64 )","biases",0.014032550770594033,0.015374525767867258,0.022991435225621432,0.022991435225621432,6
217,8,"DenseLayer( 64,1 )","all",0.12524029356954472,0.13692557486541429,0.19885893092899518,0.19885893092899518,6
217,8,"DenseLayer( 64,1 )","weights",0.12418462897197829,0.13569452151130323,0.19632255978060717,0.19632255978060717,6
217,8,"DenseLayer( 64,1 )","biases",0.015914152842015028,0.018319658404092557,0.031659547239542007,0.031659547239542007,6
218,0,"Conv2DLayer(1,8,5, stride=5, padding=0)","all",0.21435846243505441,0.2497047937951255,0.44718263360048816,0.097745925800928918,6
218,0,"Conv2DLayer(1,8,5, stride=5, padding=0)","weights",0.21216528070892668,0.24723025972996679,0.44338754959795995,0.096906001336938524,6
218,0,"Conv2DLayer(1,8,5, stride=5, padding=0)","biases",0.030468257484685693,0.035066832165442582,0.058135949767635677,0.012786434826251183,6
218,4,"DenseLayer( 7202,128 )","all",0.1638234358821018,0.21124425652409837,0.43169369721286976,0.054943883325869552,6
218,4,"DenseLayer( 7202,128 )","weights",0.16357234058871603,0.21091227987945566,0.43100993647339164,0.054869011615002565,6
218,4,"DenseLayer( 7202,128 )","biases",0.009060497533323766,0.011838332250331974,0.024287504493459521,0.0028673819626063913,6
218,6,"DenseLayer( 128,64 )","all",0.28379382224926936,0.38644848209451432,0.80968882028486333,0.072970011934385057,6
218,6,"DenseLayer( 128,64 )","weights",0.28295202769970323,0.38523841387466218,0.80709570223713112,0.072759836775037723,6
218,6,"DenseLayer( 128,64 )","biases",0.021752980978407568,0.030558039670251311,0.064749618722012472,0.0055343287013119519,6
218,8,"DenseLayer( 64,1 )","all",0.18209263345623,0.25379017424768729,0.53749004734379524,0.049133416535878625,6
218,8,"DenseLayer( 64,1 )","weights",0.17997284827673349,0.25045917495369729,0.53015054842801024,0.048472339453671763,6
218,8,"DenseLayer( 64,1 )","biases",0.02664411417208612,0.040983584838136369,0.08852088451385498,0.0080327410250902176,6
219,0,"Conv2DLayer(1,8,5, stride=5, padding=0)","all",0.21409044741921018,0.24022024218818222,0.3931019733270279,0.21070432949462284,6
219,0,"Conv2DLayer(1,8,5, stride=5, padding=0)","weights",0.21028105278003134,0.23675810546275644,0.3892376405191279,0.20803801950714187,6
219,0,"Conv2DLayer(1,8,5, stride=5, padding=0)","biases",0.037265152561096221,0.040636981367164045,0.054983821590587401,0.033414022615133404,6
219,4,"DenseLayer( 7202,128 )","all",0.27927231489217957,0.29524170133426103,0.37406542910910645,0.24848871760380939,6
219,4,"DenseLayer( 7202,128 )","weights",0.27879386222597546,0.29473498234131951,0.37340353316360686,0.24805292749452165,6
219,4,"DenseLayer( 7202,128 )","biases",0.016335895194931893,0.017290239761525626,0.022242901688293411,0.014710130447528729,6
219,6,"DenseLayer( 128,64 )","all",0.51364615185640572,0.54442148082122077,0.68922472941023416,0.4531875202600027,6
219,6,"DenseLayer( 128,64 )","weights",0.51181673502093605,0.54247102351249799,0.68636770426257532,0.45159610049934773,6
219,6,"DenseLayer( 128,64 )","biases",0.043236458196956214,0.046042778248859405,0.062690527003147395,0.037945889542787221,6
219,8,"DenseLayer( 64,1 )","all",0.34574092676210755,0.36698234323896067,0.48209657116082977,0.30356702264606522,6
219,8,"DenseLayer( 64,1 )","weights",0.34040446326308549,0.36124931614705097,0.47297369975079434,0.29907618554277154,6
219,8,"DenseLayer( 64,1 )","biases",0.060329979285597801,0.064614021949158496,0.093343362212181091,0.05202280730009079,6
220,0,"Conv2DLayer(1,8,5, stride=5, padding=0)","all",0.1542367384521634,0.16795112348604338,0.24484473394723452,0.2310794682107194,6
220,0,"Conv2DLayer(1,8,5, stride=5, padding=0)","weights",0.15170647644762003,0.16557375375671715,0.24171865528794503,0.22856323929494507,6
220,0,"Conv2DLayer(1,8,5, stride=5, padding=0)","biases",0.026183034992810623,0.028158692212781885,0.039000454195812356,0.034008326503233766,6
220,4,"DenseLayer( 7202,128 )","all",0.20145444242904334,0.2142989042176098,0.29687714170577501,0.20251272449445393,6
220,4,"DenseLayer( 7202,128 )","weights",0.20109892272504676,0.21391482426802449,0.29634780632529917,0.20215501906811356,6
220,4,"DenseLayer( 7202,128 )","biases",0.011950993729059166,0.0128245197667786,0.017720467081140837,0.012031286204609897,6
220,6,"DenseLayer( 128,64 )","all",0.31817490188076053,0.3489744303710644,0.505870848172286,0.3072539577259813,6
220,6,"DenseLayer( 128,64 )","weights",0.31676527552282024,0.34741396652510942,0.50368997546728322,0.30588266012110116,6
220,6,"DenseLayer( 128,64 )","biases",0.029884713883169912,0.032964964979490516,0.046922528110873052,0.028996426943987845,6
220,8,"DenseLayer( 64,1 )","all",0.21915444010899071,0.24208027577096716,0.35183567601450383,0.21346442991836836,6
220,8,"DenseLayer( 64,1 )","weights",0.21465075148347743,0.23706912548935996,0.34489779256022335,0.20905229606180675,6
220,8,"DenseLayer( 64,1 )","biases",0.044146033003926277,0.049000914859394444,0.069525934755802155,0.043176386505365372,6
221,0,"Conv2DLayer(1,8,5, stride=5, padding=0)","all",0.11762389721524441,0.12653794732063267,0.16250041730467107,0.15603680457184971,6
221,0,"Conv2DLayer(1,8,5, stride=5, padding=0)","weights",0.11592750429849016,0.12480288754620791,0.16028009172428559,0.15410036351634152,6
221,0,"Conv2DLayer(1,8,5, stride=5, padding=0)","biases",0.019753107737097136,0.020882800871717323,0.026770839005284208,0.024506373561280399,6
221,4,"DenseLayer( 7202,128 )","all",0.11979858324457943,0.12686247253056923,0.20203431326587928,0.093688079285259712,6
221,4,"DenseLayer( 7202,128 )","weights",0.1196079248208915,0.12665661649680443,0.20168273558926378,0.093545903346316253,6
221,4,"DenseLayer( 7202,128 )","biases",0.0067524072759328913,0.0072241562933557423,0.011913769430644336,0.0051594735470558359,6
221,6,"DenseLayer( 128,64 )","all",0.19182485239818253,0.19718008324559852,0.27704296948329282,0.14666848991884426,6
221,6,"DenseLayer( 128,64 )","weights",0.19110655609223082,0.19641370907164152,0.27576271865840696,0.14631672812128366,6
221,6,"DenseLayer( 128,64 )","biases",0.016503029436056148,0.017367789653888761,0.026603194136137046,0.010151896717189588,6
221,8,"DenseLayer( 64,1 )","all",0.1271480512666251,0.13132560470437427,0.18706182675509339,0.093995530580206835,6
221,8,"DenseLayer( 64,1 )","weights",0.1250229384821516,0.12901296835954987,0.18301533056594435,0.093230712519928066,6
221,8,"DenseLayer( 64,1 )","biases",0.022911757541199524,0.024537083079032677,0.038697749376296997,0.011966370046138763,6
222,0,"Conv2DLayer(1,8,5, stride=5, padding=0)","all",0.15866581563969351,0.16394071305922508,0.23800091245076496,0.13212664575262983,6
222,0,"Conv2DLayer(1,8,5, stride=5, padding=0)","weights",0.15649935749899058,0.16160635112113161,0.23352256433225871,0.13137910058843788,6
222,0,"Conv2DLayer(1,8,5, stride=5, padding=0)","biases",0.025436698223490688,0.027567094073926209,0.045952652535874189,0.014035043513080344,6
222,4,"DenseLayer( 7202,128 )","all",0.15117419482496591,0.1566933298625284,0.20107519477284397,0.08469638669613945,6
222,4,"DenseLayer( 7202,128 )","weights",0.15092053128302263,0.15642639072846853,0.20070942182180598,0.084571925340624743,6
222,4,"DenseLayer( 7202,128 )","biases",0.0087474025323824953,0.0091424234791235223,0.012122786185258092,0.0045899197772708445,6
222,6,"DenseLayer( 128,64 )","all",0.24435316496830309,0.26590474290817057,0.38731349547512567,0.099955400386606524,6
222,6,"DenseLayer( 128,64 )","weights",0.24340768991044909,0.26488124227870524,0.38596712184301496,0.099622575619099055,6
222,6,"DenseLayer( 128,64 )","biases",0.021426983171910226,0.02330793405581345,0.033022310181496733,0.0081501222974694667,6
222,8,"DenseLayer( 64,1 )","all",0.16500624983910969,0.1816953388926737,0.26942401914806174,0.062503030468620824,6
222,8,"DenseLayer( 64,1 )","weights",0.16213266581631594,0.17859410616910515,0.26546941784913725,0.061471813460451531,6
222,8,"DenseLayer( 64,1 )","biases",0.03055995252604286,0.03342665728100748,0.047095272690057755,0.011306854896247387,6
223,0,"Conv2DLayer(1,8,5, stride=5, padding=0)","all",0.35620893382592816,0.37162900627923495,0.48805021153288392,0.26603330044210655,6
223,0,"Conv2DLayer(1,8,5, stride=5, padding=0)","weights",0.35286860211051385,0.36831494285675548,0.48292293278460585,0.2619963906183132,6
223,0,"Conv2DLayer(1,8,5, stride=5, padding=0)","biases",0.048022327484361714,0.049519906871041276,0.070558131834734528,0.046169343152100216,6
223,4,"DenseLayer( 7202,128 )","all",0.20046979415498115,0.20275793161542849,0.25267780328695011,0.14950340217545866,6
223,4,"DenseLayer( 7202,128 )","weights",0.20017286357736491,0.20245806680531372,0.2522951126611177,0.14926672740393229,6
223,4,"DenseLayer( 7202,128 )","biases",0.010887198199126046,0.011023158278002855,0.013901381270671228,0.0084090042310074886,6
223,6,"DenseLayer( 128,64 )","all",0.29003696583832889,0.29568314213087771,0.36754094745175797,0.21245444270148292,6
223,6,"DenseLayer( 128,64 )","weights",0.28913521519622143,0.29475591573979054,0.36623555509017464,0.2116189428822656,6
223,6,"DenseLayer( 128,64 )","biases",0.022546696029843324,0.023398091306478845,0.030949414235612888,0.018823210060723183,6
223,8,"DenseLayer( 64,1 )","all",0.1812816617359414,0.18608794599284043,0.24402904410091308,0.14013286276863315,6
223,8,"DenseLayer( 64,1 )","weights",0.17883116026793258,0.18348755255221089,0.24044973648479209,0.13749400780093471,6
223,8,"DenseLayer( 64,1 )","biases",0.027642180832723778,0.031000672609379547,0.042185656726360321,0.027066899463534355,6
224,0,"Conv2DLayer(1,8,5, stride=5, padding=0)","all",0.33749607835440648,0.3790853023466908,0.53530166550773561,0.37047585817071038,6
224,0,"Conv2DLayer(1,8,5, stride=5, padding=0)","weights",0.33424686921559088,0.37543198226572277,0.5301121058278544,0.36695326666446704,6
224,0,"Conv2DLayer(1,8,5, stride=5, padding=0)","biases",0.046398550912480192,0.052502315637617432,0.078287709591224233,0.050967259800786341,6
224,4,"DenseLayer( 7202,128 )","all",0.17107430642260443,0.18396333038491627,0.25637422352831746,0.19469995326715306,6
224,4,"DenseLayer( 7202,128 )","weights",0.17084323737351317,0.18371880955739378,0.25602066913895394,0.1944489180744032,6
224,4,"DenseLayer( 7202,128 )","biases",0.0088739107060567101,0.0094818743465592964,0.013459549152551719,0.0098838283031229945,6
224,6,"DenseLayer( 128,64 )","all",0.22145037317625244,0.23776578010573271,0.32988620547717296,0.23146191758551959,6
224,6,"DenseLayer( 128,64 )","weights",0.22089921734475484,0.23721464872588902,0.32906497476339441,0.23091958127952047,6
224,6,"DenseLayer( 128,64 )","biases",0.015384706805141202,0.016179512327036648,0.023262651355642705,0.015835601474424855,6
224,8,"DenseLayer( 64,1 )","all",0.13166660953463477,0.13926598374001969,0.19061067331077125,0.1407187218024423,6
224,8,"DenseLayer( 64,1 )","weights",0.13039776447165655,0.13806013068326367,0.18870963733881999,0.13933906633512971,6
224,8,"DenseLayer( 64,1 )","biases",0.017278588221718866,0.018287004751888249,0.026853334158658981,0.019656633958220482,6
225,0,"Conv2DLayer(1,8,5, stride=5, padding=0)","all",0.24352291482498975,0.28193073687626419,0.47287553011397249,0.30558675001435098,6
225,0,"Conv2DLayer(1,8,5, stride=5, padding=0)","weights",0.24084117475415842,0.27893337185181033,0.46807406939153157,0.30243423241521683,6
225,0,"Conv2DLayer(1,8,5, stride=5, padding=0)","biases",0.035972423090201273,0.041001395866153013,0.067215567719258018,0.043781238536067399,6
225,4,"DenseLayer( 7202,128 )","all",0.17001148014194897,0.18033997362620127,0.26347928825109584,0.26347928825109584,6
225,4,"DenseLayer( 7202,128 )","weights",0.16973691014945441,0.18004649123689112,0.26300356495315563,0.26300356495315563,6
225,4,"DenseLayer( 7202,128 )","biases",0.0096399705320470899,0.010284312363160344,0.015825933123683467,0.015825933123683467,6
225,6,"DenseLayer( 128,64 )","all",0.24475655638470628,0.26265940541459826,0.40846486425151945,0.40846486425151945,6
225,6,"DenseLayer( 128,64 )","weights",0.24377490864412379,0.26158361555715148,0.40654512970026485,0.40654512970026485,6
225,6,"DenseLayer( 128,64 )","biases",0.021746150645195386,0.023748164661688942,0.039555060927864226,0.039555060927864226,6
225,8,"DenseLayer( 64,1 )","all",0.16177490995212945,0.17696357416813416,0.29210827783748594,0.29210827783748594,6
225,8,"DenseLayer( 64,1 )","weights",0.15873942527830343,0.17352566217301441,0.28579876443593794,0.28579876443593794,6
225,8,"DenseLayer( 64,1 )","biases",0.030925024766474962,0.034712406280429271,0.060384701937437057,0.060384701937437057,6
226,0,"Conv2DLayer(1,8,5, stride=5, padding=0)","all",0.34994239815854006,0.36282246332467522,0.45413339043125323,0.44193626879043019,6
226,0,"Conv2DLayer(1,8,5, stride=5, padding=0)","weights",0.34576238677394161,0.35898781796112844,0.44963278335075141,0.4371697372819377,6
226,0,"Conv2DLayer(1,8,5, stride=5, padding=0)","biases",0.051797604011442719,0.052610706595644555,0.064732422148788119,0.064732422148788119,6
226,4,"DenseLayer( 7202,128 )","all",0.26190053857697032,0.28178955001574796,0.4685194233154143,0.2590562140126651,6
226,4,"DenseLayer( 7202,128 )","weights",0.26148395034226468,0.28131837319669301,0.46763490579386296,0.25868629254363706,6
226,4,"DenseLayer( 7202,128 )","biases",0.014717553999094623,0.016288750720785353,0.028775769441898417,0.013839222109770647,6
226,6,"DenseLayer( 128,64 )","all",0.44192060878874723,0.48822197413615614,0.83685998161924902,0.46418195815157137,6
226,6,"DenseLayer( 128,64 )","weights",0.44050061411124769,0.48650400203432548,0.833225577861752,0.46305896848676525,6
226,6,"DenseLayer( 128,64 )","biases",0.034893033168563264,0.04092129071755346,0.077908698055603035,0.032268901087581514,6
226,8,"DenseLayer( 64,1 )","all",0.28704127377692468,0.32408142921252564,0.58153811028098312,0.29012202672720444,6
226,8,"DenseLayer( 64,1 )","weights",0.28326851079098814,0.31914288872132368,0.57013788441996527,0.2878823726346223,6
226,8,"DenseLayer( 64,1 )","biases",0.044275327430417143,0.056361239686881323,0.11458344757556915,0.035979576408863068,6
227,0,"Conv2DLayer(1,8,5, stride=5, padding=0)","all",0.37143592114259971,0.4011553142439449,0.6340352852075879,0.20343033006910288,6
227,0,"Conv2DLayer(1,8,5, stride=5, padding=0)","weights",0.36646169602955569,0.39618490480647206,0.6265970336108373,0.20091841596056076,6
227,0,"Conv2DLayer(1,8,5, stride=5, padding=0)","biases",0.059677469418362099,0.062953215562390738,0.096834396566336189,0.031869881077958635,6
227,4,"DenseLayer( 7202,128 )","all",0.3135161385063378,0.32733944048061725,0.44140479243748648,0.12955791920149029,6
227,4,"DenseLayer( 7202,128 )","weights",0.313002958220225,0.32680677905779137,0.44072430172502519,0.12933550284686252,6
227,4,"DenseLayer( 7202,128 )","biases",0.017926646939094522,0.018666506262166822,0.02450062561996123,0.007588289080491523,6
227,6,"DenseLayer( 128,64 )","all",0.56904262621404789,0.60169878374495278,0.8230140319399889,0.17986700662871341,6
227,6,"DenseLayer( 128,64 )","weights",0.56717818233529937,0.59976617592787029,0.82061659468064441,0.17905507746216243,6
227,6,"DenseLayer( 128,64 )","biases",0.045935206827812367,0.048186726108072855,0.062773412404138293,0.017071007837636758,6
227,8,"DenseLayer( 64,1 )","all",0.3747596547228918,0.39560601785847749,0.52939079716240001,0.12128587900920465,6
227,8,"DenseLayer( 64,1 )","weights",0.36965947204414595,0.39037398362883163,0.5234213121850857,0.11860030751031993,6
227,8,"DenseLayer( 64,1 )","biases",0.061296789906919003,0.064127016705899403,0.079276390373706818,0.025381715968251228,6
228,0,"Conv2DLayer(1,8,5, stride=5, padding=0)","all",0.22369198849613905,0.24581722889532703,0.35166729651109213,0.075486734587349946,6
228,0,"Conv2DLayer(1,8,5, stride=5, padding=0)","weights",0.22016752139439022,0.24271279575491858,0.34845418964396679,0.073900514869982087,6
228,0,"Conv2DLayer(1,8,5, stride=5, padding=0)","biases",0.037368436724853196,0.038943661854129522,0.04742958101213661,0.015393537625009109,6
228,4,"DenseLayer( 7202,128 )","all",0.26893167486935249,0.27766763274487755,0.34311156907698848,0.25236686613663095,6
228,4,"DenseLayer( 7202,128 )","weights",0.26844668476233396,0.27715623002988493,0.34246654307579849,0.25188931495899675,6
228,4,"DenseLayer( 7202,128 )","biases",0.016111053582067578,0.016844537089682792,0.021109307326911731,0.015517993849449406,6
228,6,"DenseLayer( 128,64 )","all",0.45259325520148008,0.47094355731145066,0.63140508647366878,0.4427226239357358,6
228,6,"DenseLayer( 128,64 )","weights",0.45071165229066418,0.46890617959634479,0.62871030671467631,0.44074652826791316,6
228,6,"DenseLayer( 128,64 )","biases",0.040828752819857581,0.043758758089370332,0.058272922147072803,0.0417830056880137,6
228,8,"DenseLayer( 64,1 )","all",0.31100992884534595,0.3272974983298369,0.44191318080656583,0.31125490453883581,6
228,8,"DenseLayer( 64,1 )","weights",0.30523414296224172,0.32087744278178509,0.43348657231582299,0.30495122530335356,6
228,8,"DenseLayer( 64,1 )","biases",0.057800844389324389,0.064508287272193543,0.085887432098388672,0.062324680387973785,6
229,0,"Conv2DLayer(1,8,5, stride=5, padding=0)","all",0.15452594686965845,0.19315661336507489,0.31977958533774908,0.31335528000756668,6
229,0,"Conv2DLayer(1,8,5, stride=5, padding=0)","weights",0.15102501705788465,0.18983568256373207,0.31598910353497589,0.30757246416693207,6
229,0,"Conv2DLayer(1,8,5, stride=5, padding=0)","biases",0.031371395872628549,0.035663579632826958,0.059922539957029758,0.059922539957029758,6
229,4,"DenseLayer( 7202,128 )","all",0.24865233814201651,0.275067347787391,0.45909131453406954,0.45909131453406954,6
229,4,"DenseLayer( 7202,128 )","weights",0.24819547269291906,0.27455895263200286,0.45824324402495581,0.45824324402495581,6
229,4,"DenseLayer( 7202,128 )","biases",0.015060381797299637,0.016716080533639315,0.027892012944654352,0.027892012944654352,6
229,6,"DenseLayer( 128,64 )","all",0.43283538543482497,0.48691003366489588,0.84886305060147749,0.84886305060147749,6
229,6,"DenseLayer( 128,64 )","weights",0.43096209941914981,0.48483620422509249,0.84549789580848933,0.84549789580848933,6
229,6,"DenseLayer( 128,64 )","biases",0.040196947712766939,0.044891379530533647,0.075510177193961289,0.075510177193961289,6
229,8,"DenseLayer( 64,1 )","all",0.29999133449662124,0.33628270081901784,0.57540518187161072,0.57540518187161072,6
229,8,"DenseLayer( 64,1 )","weights",0.29411372708861183,0.32983344816167903,0.56540801958662323,0.56540801958662323,6
229,8,"DenseLayer( 64,1 )","biases",0.059026038584609829,0.065543507259758826,0.10679370164871216,0.10679370164871216,6
230,0,"Conv2DLayer(1,8,5, stride=5, padding=0)","all",0.19274672367252232,0.21617324385146774,0.37775375166648661,0.14415695807098181,6
230,0,"Conv2DLayer(1,8,5, stride=5, padding=0)","weights",0.19008425438048149,0.21346675357293129,0.37464812340752912,0.141443286625384,6
230,0,"Conv2DLayer(1,8,5, stride=5, padding=0)","biases",0.031209958198907147,0.034100094960271811,0.049694317765564162,0.027839274934672323,6
230,4,"DenseLayer( 7202,128 )","all",0.17960517330630646,0.2067134906673613,0.3649514744562507,0.099977517948078076,6
230,4,"DenseLayer( 7202,128 )","weights",0.17929335589489837,0.20634314828323513,0.36427247970915272,0.099816809828863276,6
230,4,"DenseLayer( 7202,128 )","biases",0.010565102786038078,0.012368200372249446,0.022251724300295376,0.005666442503618788,6
230,6,"DenseLayer( 128,64 )","all",0.30854476810755155,0.36864874942689069,0.67992257544194856,0.1482222382856446,6
230,6,"DenseLayer( 128,64 )","weights",0.3073619203685018,0.36718679513904928,0.67718720739790805,0.14759528338106306,6
230,6,"DenseLayer( 128,64 )","biases",0.026777790951799673,0.032798748901813807,0.06092778292564708,0.013618525840563573,6
230,8,"DenseLayer( 64,1 )","all",0.20825846355993785,0.25399708007835398,0.47485506074195666,0.10069230294673256,6
230,8,"DenseLayer( 64,1 )","weights",0.20483438833988984,0.24959616503382287,0.46656398999051668,0.098688640604441019,6
230,8,"DenseLayer( 64,1 )","biases",0.036731001610557236,0.047077288459919049,0.088348016142845154,0.019987298175692558,6
231,0,"Conv2DLayer(1,8,5, stride=5, padding=0)","all",0.17074585600641493,0.18589136622046948,0.25702864252266339,0.12686974493265399,6
231,0,"Conv2DLayer(1,8,5, stride=5, padding=0)","weights",0.16852712450932361,0.18377786919230549,0.25471691410487429,0.12425356516272698,6
231,0,"Conv2DLayer(1,8,5, stride=5, padding=0)","biases",0.026784278152062684,0.027951651658686499,0.04071304108640611,0.0256316937331235,6
231,4,"DenseLayer( 7202,128 )","all",0.15992855318846466,0.16936574927117531,0.24849595116091047,0.24849595116091047,6
231,4,"DenseLayer( 7202,128 )","weights",0.15964450826021831,0.16905814231876523,0.24800108224575379,0.24800108224575379,6
231,4,"DenseLayer( 7202,128 )","biases",0.0095071939164328399,0.010203016314538668,0.01567485082227155,0.01567485082227155,6
231,6,"DenseLayer( 128,64 )","all",0.25522019716382816,0.28361735301412683,0.43621430451769366,0.43621430451769366,6
231,6,"DenseLayer( 128,64 )","weights",0.254176691905176,0.28241988452075251,0.43407753790955245,0.43407753790955245,6
231,6,"DenseLayer( 128,64 )","biases",0.022875837649982377,0.026034818186894355,0.043123201971052759,0.043123201971052759,6
231,8,"DenseLayer( 64,1 )","all",0.17203279852009495,0.19471179858538384,0.31090665123105976,0.31090665123105976,6
231,8,"DenseLayer( 64,1 )","weights",0.16890790019504176,0.19101704570005593,0.3039902084934421,0.3039902084934421,6
231,8,"DenseLayer( 64,1 )","biases",0.032213364262133837,0.037751460374107863,0.065214253962039948,0.065214253962039948,6
232,0,"Conv2DLayer(1,8,5, stride=5, padding=0)","all",0.16288295466791938,0.18241093362060012,0.2461150021423921,0.033635071845786589,6
232,0,"Conv2DLayer(1,8,5, stride=5, padding=0)","weights",0.16083258543827986,0.18005531227665009,0.24270374658801416,0.033509519122363912,6
232,0,"Conv2DLayer(1,8,5, stride=5, padding=0)","biases",0.025413843707522882,0.029220424796655729,0.042700867791457167,0.0029034783035444037,6
232,4,"DenseLayer( 7202,128 )","all",0.15139130618625538,0.17626401341892411,0.32254962131416381,0.047218644010205424,6
232,4,"DenseLayer( 7202,128 )","weights",0.15111213681738009,0.17593257338027121,0.32193020568844521,0.047138748884236518,6
232,4,"DenseLayer( 7202,128 )","biases",0.0091852576352695354,0.010804260749451761,0.019980011894536402,0.0027456685508996299,6
232,6,"DenseLayer( 128,64 )","all",0.23908087748838672,0.28214108456493292,0.53182416599547355,0.081511560556638121,6
232,6,"DenseLayer( 128,64 )","weights",0.23797449866921558,0.28080055162127227,0.52925449504442279,0.081186225651313684,6
232,6,"DenseLayer( 128,64 )","biases",0.022952629481841322,0.027470744596130945,0.052217075866560117,0.0072753878846739334,6
232,8,"DenseLayer( 64,1 )","all",0.16629602042802649,0.19783538012804441,0.37452532339565409,0.055346106111567088,6
232,8,"DenseLayer( 64,1 )","weights",0.16274190269268612,0.19348030379249143,0.36615923661339933,0.054390719474253793,6
232,8,"DenseLayer( 64,1 )","biases",0.034158946170161165,0.041282074496966054,0.078718684613704681,0.010239194147288799,6
233,0,"Conv2DLayer(1,8,5, stride=5, padding=0)","all",0.23936398251068397,0.26394644165930048,0.36699980645730629,0.33069120619534464,6
233,0,"Conv2DLayer(1,8,5, stride=5, padding=0)","weights",0.23598790596800212,0.26072172504423213,0.36257954880289217,0.32802699943693436,6
233,0,"Conv2DLayer(1,8,5, stride=5, padding=0)","biases",0.039042079150791435,0.041132786856306218,0.056788455953577371,0.041892260566045177,6
233,4,"DenseLayer( 7202,128 )","all",0.19914662782629308,0.20605435598201982,0.24520288106598431,0.24184163104773013,6
233,4,"DenseLayer( 7202,128 )","weights",0.1987825572336922,0.20567790760280935,0.24476155537146457,0.24140459822141294,6
233,4,"DenseLayer( 7202,128 )","biases",0.012035823349854865,0.012449736675736267,0.014704893580054525,0.014532531279327248,6
233,6,"DenseLayer( 128,64 )","all",0.30358980157375387,0.31478884436814891,0.3740472362642277,0.35578876963771577,6
233,6,"DenseLayer( 128,64 )","weights",0.3021276270287897,0.31325117802734431,0.37215939028410538,0.35404947039813761,6
233,6,"DenseLayer( 128,64 )","biases",0.029738644942138303,0.031075971475011649,0.03753296125101125,0.035137175628070422,6
233,8,"DenseLayer( 64,1 )","all",0.20934803091998863,0.21688630576211596,0.252235106500863,0.24654338705027512,6
233,8,"DenseLayer( 64,1 )","weights",0.20454561228187809,0.21180789453961085,0.24636314532282669,0.24078182054815103,6
233,8,"DenseLayer( 64,1 )","biases",0.044512147394319378,0.046659248149055546,0.055630337446928024,0.052988268435001373,6
234,0,"Conv2DLayer(1,8,5, stride=5, padding=0)","all",0.18764711141172655,0.21520356879511876,0.36442741766339343,0.21052286693333297,6
234,0,"Conv2DLayer(1,8,5, stride=5, padding=0)","weights",0.18548363278737898,0.21260453168536905,0.3599372275213063,0.20792812144962097,6
234,0,"Conv2DLayer(1,8,5, stride=5, padding=0)","biases",0.0280235654419916,0.033345001559458985,0.057031000246223519,0.032951082110630164,6
234,4,"DenseLayer( 7202,128 )","all",0.10812045908251056,0.11295898994772391,0.16886342225415835,0.11764205219931329,6
234,4,"DenseLayer( 7202,128 )","weights",0.10795631735387223,0.11278674298384499,0.16860527742164308,0.11745596814368875,6
234,4,"DenseLayer( 7202,128 )","biases",0.0059373313521493588,0.0062357050207724361,0.0093335845716932837,0.0066142265681428166,6
234,6,"DenseLayer( 128,64 )","all",0.14838074919977137,0.15644822686046483,0.21865740845599049,0.16406924685260219,6
234,6,"DenseLayer( 128,64 )","weights",0.14788966598327125,0.1559269872666775,0.21800119528769663,0.16335788382420288,6
234,6,"DenseLayer( 128,64 )","biases",0.011834994718292332,0.012760185332543628,0.016927525685268625,0.015261702239866613,6
234,8,"DenseLayer( 64,1 )","all",0.0913873661252603,0.096209855613905507,0.12322732903505423,0.10550750961593415,6
234,8,"DenseLayer( 64,1 )","weights",0.090119338501903457,0.094823843826415399,0.12180694712156466,0.10314725850373763,6
234,8,"DenseLayer( 64,1 )","biases",0.013511312310583889,0.016271907055785698,0.025093723088502884,0.022191837430000305,6
235,0,"Conv2DLayer(1,8,5, stride=5, padding=0)","all",0.23251875479847162,0.24211914282055341,0.3289934502664672,0.29736249394359621,6
235,0,"Conv2DLayer(1,8,5, stride=5, padding=0)","weights",0.23054318096700824,0.24007425949521555,0.32593407946928138,0.29532066913457972,6
235,0,"Conv2DLayer(1,8,5, stride=5, padding=0)","biases",0.029935229568277436,0.031401102655535133,0.044762329684083689,0.034787284835976935,6
235,4,"DenseLayer( 7202,128 )","all",0.11660352280093431,0.12054897088531558,0.160897857854783,0.15299274188716397,6
235,4,"DenseLayer( 7202,128 )","weights",0.11644087953229187,0.12038024124813945,0.16068894033370415,0.1527550710539092,6
235,4,"DenseLayer( 7202,128 )","biases",0.0061512460305870017,0.0063758841385653849,0.0085245139138557784,0.0085245139138557784,6
235,6,"DenseLayer( 128,64 )","all",0.16551874772673872,0.17255803512671181,0.24619795742400727,0.20550183665125141,6
235,6,"DenseLayer( 128,64 )","weights",0.16513537608877227,0.1721529647555016,0.24576595741716442,0.20473704837354326,6
235,6,"DenseLayer( 128,64 )","biases",0.011086404843830383,0.01181660749464609,0.017712873576216499,0.017712873576216499,6
235,8,"DenseLayer( 64,1 )","all",0.1014922798323725,0.10599630235995589,0.14889542071563233,0.13078429863916372,6
235,8,"DenseLayer( 64,1 )","weights",0.10074182778098884,0.10517340713517374,0.14849543784078481,0.12839541793902551,6
235,8,"DenseLayer( 64,1 )","biases",0.011080350028350949,0.01318220564102118,0.024882713332772255,0.024882713332772255,6
236,0,"Conv2DLayer(1,8,5, stride=5, padding=0)","all",0.2465718059443722,0.27381091229519572,0.42560716263035892,0.42560716263035892,6
236,0,"Conv2DLayer(1,8,5, stride=5, padding=0)","weights",0.24404797197590861,0.27100867411068608,0.42099519061303187,0.42099519061303187,6
236,0,"Conv2DLayer(1,8,5, stride=5, padding=0)","biases",0.034973801376504299,0.039073190920313999,0.062486049346728079,0.062486049346728079,6
236,4,"DenseLayer( 7202,128 )","all",0.13088298819147415,0.13989468166045849,0.21054494528113138,0.21054494528113138,6
236,4,"DenseLayer( 7202,128 )","weights",0.1306950507281856,0.13969736398858873,0.21025408031278195,0.21025408031278195,6
236,4,"DenseLayer( 7202,128 )","biases",0.006996406863976028,0.0074275468036741682,0.011063258799324903,0.011063258799324903,6
236,6,"DenseLayer( 128,64 )","all",0.19253002245258843,0.21223507267982705,0.35998313528448628,0.35998313528448628,6
236,6,"DenseLayer( 128,64 )","weights",0.19203432939824749,0.21172261261916536,0.35918416468612208,0.35918416468612208,6
236,6,"DenseLayer( 128,64 )","biases",0.013458552820729289,0.014739789046194217,0.023970680590702301,0.023970680590702301,6
236,8,"DenseLayer( 64,1 )","all",0.12008247536849936,0.13344839850226431,0.23057880482212922,0.23057880482212922,6
236,8,"DenseLayer( 64,1 )","weights",0.11909384034700275,0.13248245810529338,0.22928063692084819,0.22928063692084819,6
236,8,"DenseLayer( 64,1 )","biases",0.013141135937379053,0.016027269174700993,0.02659495547413826,0.024433067068457603,6
237,0,"Conv2DLayer(1,8,5, stride=5, padding=0)","all",0.19851473632641525,0.2241115471973604,0.38331972568733613,0.13129623681936356,6
237,0,"Conv2DLayer(1,8,5, stride=5, padding=0)","weights",0.19543935224848569,0.22166321915856232,0.38031190124787967,0.12777440394376846,6
237,0,"Conv2DLayer(1,8,5, stride=5, padding=0)","biases",0.031901605466597135,0.033036386900777592,0.047925670263832869,0.030206017608103972,6
237,4,"DenseLayer( 7202,128 )","all",0.17924660426092415,0.18794896220908888,0.28253147852196342,0.28253147852196342,6
237,4,"DenseLayer( 7202,128 )","weights",0.17893667459574625,0.18761628815915912,0.28196927354274903,0.28196927354274903,6
237,4,"DenseLayer( 7202,128 )","biases",0.010523279684959006,0.011177692644409841,0.017814744836259704,0.017814744836259704,6
237,6,"DenseLayer( 128,64 )","all",0.2916420591673356,0.31320313814725631,0.4915765092847838,0.4915765092847838,6
237,6,"DenseLayer( 128,64 )","weights",0.2904980513707035,0.31193725056606636,0.48918886738675443,0.48918886738675443,6
237,6,"DenseLayer( 128,64 )","biases",0.025663635168943849,0.028131076313792809,0.048391285429067524,0.048391285429067524,6
237,8,"DenseLayer( 64,1 )","all",0.19687415095405533,0.21392153701623462,0.34962638179752298,0.34962638179752298,6
237,8,"DenseLayer( 64,1 )","weights",0.19353522518236443,0.21012950096644781,0.34191496240659469,0.34191496240659469,6
237,8,"DenseLayer( 64,1 )","biases",0.035624873824417591,0.040100085074471527,0.073025785386562347,0.073025785386562347,6
238,0,"Conv2DLayer(1,8,5, stride=5, padding=0)","all",0.1212372009117304,0.14021408962262608,0.22861872823789539,0.13874212750100406,6
238,0,"Conv2DLayer(1,8,5, stride=5, padding=0)","weights",0.11898177495550391,0.13838375984913251,0.22680984162656115,0.13627195996388605,6
238,0,"Conv2DLayer(1,8,5, stride=5, padding=0)","biases",0.021596799727607974,0.022581539777425327,0.028702241070113807,0.026063976502174482,6
238,4,"DenseLayer( 7202,128 )","all",0.15370833995093935,0.16531106369205736,0.22739408117519855,0.22739408117519855,6
238,4,"DenseLayer( 7202,128 )","weights",0.15343293645569694,0.16500709311065342,0.22697068823759417,0.22697068823759417,6
238,4,"DenseLayer( 7202,128 )","biases",0.0091809680208024512,0.010020329444264947,0.014045488800856003,0.013869925539296068,6
238,6,"DenseLayer( 128,64 )","all",0.2549576633853271,0.28125773265792398,0.40033187973457285,0.40033187973457285,6
238,6,"DenseLayer( 128,64 )","weights",0.25393006662375328,0.28007340016372317,0.39868560312255802,0.39868560312255802,6
238,6,"DenseLayer( 128,64 )","biases",0.02272554347663721,0.025783768161524018,0.037732874006391269,0.036268495896834167,6
238,8,"DenseLayer( 64,1 )","all",0.17418414612151281,0.19489866414817983,0.27850211095985666,0.2769092401567767,6
238,8,"DenseLayer( 64,1 )","weights",0.1711559584482267,0.1912882637034449,0.27278908017000558,0.27203598314488797,6
238,8,"DenseLayer( 64,1 )","biases",0.031248889805283397,0.037340185538723862,0.056120794266462326,0.051721863448619843,6
239,0,"Conv2DLayer(1,8,5, stride=5, padding=0)","all",0.11738462766004902,0.13502486119743068,0.2522910381331438,0.11196134523815461,6
239,0,"Conv2DLayer(1,8,5, stride=5, padding=0)","weights",0.11457173302007576,0.13153943364408879,0.24547932645580911,0.10837545839827314,6
239,0,"Conv2DLayer(1,8,5, stride=5, padding=0)","biases",0.023797851445052212,0.03048098649941941,0.058229444485601162,0.028108768107147873,6
239,4,"DenseLayer( 7202,128 )","all",0.20401347109512319,0.24065970226624059,0.37299216918481015,0.24126362893893027,6
239,4,"DenseLayer( 7202,128 )","weights",0.20362794586400965,0.24019958956179654,0.37228416892480076,0.24080225681632098,6
239,4,"DenseLayer( 7202,128 )","biases",0.012528252946831294,0.01487445693865988,0.022970760569916256,0.014913475817140233,6
239,6,"DenseLayer( 128,64 )","all",0.36805510328096747,0.43934060219206633,0.67983863991245175,0.44442734700597447,6
239,6,"DenseLayer( 128,64 )","weights",0.36650720810695692,0.43747330466946871,0.67707906213726743,0.44247558929495301,6
239,6,"DenseLayer( 128,64 )","biases",0.033667304827011447,0.040463223253489063,0.061525465805068298,0.0416055242107689,6
239,8,"DenseLayer( 64,1 )","all",0.25619715191862191,0.30726937417118222,0.47318912581664452,0.31123441574786548,6
239,8,"DenseLayer( 64,1 )","weights",0.25149621089656227,0.30157558739159152,0.46499522174336488,0.30521672085511581,6
239,8,"DenseLayer( 64,1 )","biases",0.048709224676713347,0.058878123211992033,0.090463921427726746,0.060906607657670975,6
240,0,"Conv2DLayer(1,8,5, stride=5, padding=0)","all",0.23762045236931384,0.25950760484449481,0.40977911839791026,0.1607621694991796,6
240,0,"Conv2DLayer(1,8,5, stride=5, padding=0)","weights",0.23503714034242124,0.25678538340519902,0.40642676643868691,0.15732394728942331,6
240,0,"Conv2DLayer(1,8,5, stride=5, padding=0)","biases",0.034162522789715544,0.037489516422213306,0.05230878890933717,0.033070390855835193,6
240,4,"DenseLayer( 7202,128 )","all",0.21071653088090569,0.23218006649327377,0.36374249378140561,0.11478435487204083,6
240,4,"DenseLayer( 7202,128 )","weights",0.21035029565588539,0.23177293568472201,0.36306859636009692,0.11459293947189088,6
240,4,"DenseLayer( 7202,128 )","biases",0.012410429632272844,0.013743709866944166,0.022131337949273074,0.0066261864282675881,6
240,6,"DenseLayer( 128,64 )","all",0.36532633897943595,0.4167961189036079,0.67846054257607102,0.15902341200078449,6
240,6,"DenseLayer( 128,64 )","weights",0.36395787135312807,0.41524258088644322,0.67571747113695035,0.15830844893867804,6
240,6,"DenseLayer( 128,64 )","biases",0.031492141250432093,0.035952798943560453,0.060947576103576082,0.015062554863011059,6
240,8,"DenseLayer( 64,1 )","all",0.24804239672552328,0.28575539583926679,0.4766531065802142,0.10515869980318646,6
240,8,"DenseLayer( 64,1 )","weights",0.24406146343217131,0.2812629438632398,0.46841403481018173,0.10278035073849351,6
240,8,"DenseLayer( 64,1 )","biases",0.043916773982346058,0.050470809985971699,0.088241010904312134,0.022238517180085182,6
241,0,"Conv2DLayer(1,8,5, stride=5, padding=0)","all",0.093828807743612325,0.096122906122534102,0.1261080719976061,0.097784696710385824,6
241,0,"Conv2DLayer(1,8,5, stride=5, padding=0)","weights",0.092494679140868508,0.094744937537946008,0.12287903479038086,0.097137405572509231,6
241,0,"Conv2DLayer(1,8,5, stride=5, padding=0)","biases",0.01504835468719439,0.016217579732260148,0.028354693296485749,0.01123260207538721,6
241,4,"DenseLayer( 7202,128 )","all",0.11417049197199586,0.1309341903753703,0.24516185815483099,0.082740095364664257,6
241,4,"DenseLayer( 7202,128 )","weights",0.11397020855535098,0.13069276596951737,0.24468576584213886,0.08262128996877223,6
241,4,"DenseLayer( 7202,128 )","biases",0.0067451424843203815,0.0079475236703434315,0.015271302766151389,0.0044323610919908924,6
241,6,"DenseLayer( 128,64 )","all",0.17289608335604661,0.21538898169278725,0.43873265688717522,0.096451828472392129,6
241,6,"DenseLayer( 128,64 )","weights",0.17218461356754719,0.21447986732276733,0.43688408502703058,0.09605436167119609,6
241,6,"DenseLayer( 128,64 )","biases",0.01563220670180851,0.019768660750388564,0.040232331145164023,0.0087472749817762499,6
241,8,"DenseLayer( 64,1 )","all",0.11715770194361239,0.14959727679189158,0.30858232940663588,0.058254084172903703,6
241,8,"DenseLayer( 64,1 )","weights",0.11506165913406409,0.14684191465894383,0.30297611483546011,0.05712020918426422,6
241,8,"DenseLayer( 64,1 )","biases",0.021948434412479401,0.028579666247968743,0.058553632348775864,0.011437658220529556,6
242,0,"Conv2DLayer(1,8,5, stride=5, padding=0)","all",0.17690735153547429,0.20862949540311868,0.35818851752394004,0.35818851752394004,6
242,0,"Conv2DLayer(1,8,5, stride=5, padding=0)","weights",0.17450094720776413,0.20617702106107477,0.35499421120840075,0.35499421120840075,6
242,0,"Conv2DLayer(1,8,5, stride=5, padding=0)","biases",0.028306740811133008,0.03189517735553498,0.04772969824462802,0.04772969824462802,6
242,4,"DenseLayer( 7202,128 )","all",0.1106580803302189,0.11666363865555343,0.15924158798649996,0.15924158798649996,6
242,4,"DenseLayer( 7202,128 )","weights",0.11049291071105011,0.11648921492258339,0.15903588599454799,0.15903588599454799,6
242,4,"DenseLayer( 7202,128 )","biases",0.0060353225617554591,0.0063770989543615866,0.0088279131364888633,0.0080913725900709291,6
242,6,"DenseLayer( 128,64 )","all",0.17527164183409549,0.18659526921560346,0.27184075115797524,0.22760004903792741,6
242,6,"DenseLayer( 128,64 )","weights",0.17476360837201513,0.18606370618156223,0.27087333694646937,0.22723372896534469,6
242,6,"DenseLayer( 128,64 )","biases",0.01318213824782638,0.014074506585483541,0.022913518315978716,0.012907933319135433,6
242,8,"DenseLayer( 64,1 )","all",0.11104485232276327,0.11859381967186186,0.1824327224309574,0.13226359389567785,6
242,8,"DenseLayer( 64,1 )","weights",0.10984508951426673,0.1173372426409164,0.17974696631144418,0.13213537087192903,6
242,8,"DenseLayer( 64,1 )","biases",0.015164173285787305,0.017218175100422228,0.031188560649752617,0.0058225453831255436,6
243,0,"Conv2DLayer(1,8,5, stride=5, padding=0)","all",0.1733347507766082,0.18738580946343614,0.28949872110080543,0.092438574032347801,6
243,0,"Conv2DLayer(1,8,5, stride=5, padding=0)","weights",0.17080223765372818,0.18470769158798805,0.28640716593637983,0.090961176319733286,6
243,0,"Conv2DLayer(1,8,5, stride=5, padding=0)","biases",0.029230851000846263,0.031567550689020368,0.043324198484474351,0.016460691712811962,6
243,4,"DenseLayer( 7202,128 )","all",0.12164592060292162,0.12903542426017348,0.18800866054609297,0.072864484341566102,6
243,4,"DenseLayer( 7202,128 )","weights",0.12144724041883928,0.1288239201109791,0.18771422096336721,0.072726769202369201,6
243,4,"DenseLayer( 7202,128 )","biases",0.0069391766660536775,0.007385006516113431,0.010517969787566224,0.0044777360069184089,6
243,6,"DenseLayer( 128,64 )","all",0.19468235735981088,0.21473084317758098,0.32454477003286064,0.10552870345027276,6
243,6,"DenseLayer( 128,64 )","weights",0.19405940239103328,0.21405434664014464,0.32360402323160342,0.1049937442110262,6
243,6,"DenseLayer( 128,64 )","biases",0.015451525078158761,0.01703149130920947,0.024692993014259444,0.010612300808270324,6
243,8,"DenseLayer( 64,1 )","all",0.12991405827714572,0.14479304537439494,0.22149223951223265,0.068024196993193106,6
243,8,"DenseLayer( 64,1 )","weights",0.12835028262494144,0.14307993733359517,0.21913392711561536,0.066365246483386861,6
243,8,"DenseLayer( 64,1 )","biases",0.019715870032086968,0.022207150231537378,0.032235603779554367,0.014931357465684414,6
244,0,"Conv2DLayer(1,8,5, stride=5, padding=0)","all",0.17975662443799431,0.19900922781189262,0.34726063928065609,0.21836831993513917,6
244,0,"Conv2DLayer(1,8,5, stride=5, padding=0)","weights",0.17769850890928296,0.19710838999908031,0.34478596512887932,0.2162562521415983,6
244,0,"Conv2DLayer(1,8,5, stride=5, padding=0)","biases",0.026345945176971055,0.027440031819519366,0.041383448910852778,0.030297797955705568,6
244,4,"DenseLayer( 7202,128 )","all",0.15248354029080308,0.15988857891307071,0.19349995560029121,0.18677675279318079,6
244,4,"DenseLayer( 7202,128 )","weights",0.15221303669910116,0.15960315181891094,0.19318192762056494,0.18644128233105223,6
244,4,"DenseLayer( 7202,128 )","biases",0.0090741535869956567,0.0095494291091612372,0.011652700742900318,0.011189442645540434,6
244,6,"DenseLayer( 128,64 )","all",0.23562898828114104,0.25151960548447994,0.34559451219678772,0.27317335282769917,6
244,6,"DenseLayer( 128,64 )","weights",0.23459864137175648,0.25040347109877187,0.34412761097444372,0.27188904748272347,6
244,6,"DenseLayer( 128,64 )","biases",0.021973014072899394,0.023668831926289966,0.031808084279905245,0.02645801493052664,6
244,8,"DenseLayer( 64,1 )","all",0.15796274027522605,0.16879168282768894,0.2297201175756082,0.18892688508598687,6
244,8,"DenseLayer( 64,1 )","weights",0.1547505200970149,0.16530524236171829,0.22552753275371021,0.18467424857890297,6
244,8,"DenseLayer( 64,1 )","biases",0.031555616840099297,0.034129298843321207,0.043688263744115829,0.039859626442193985,6
245,0,"Conv2DLayer(1,8,5, stride=5, padding=0)","all",0.18336429498962409,0.22976379253982182,0.43575945918132741,0.065288919485445962,6
245,0,"Conv2DLayer(1,8,5, stride=5, padding=0)","weights",0.18138555745484886,0.22750925687981982,0.43150030599237738,0.064302153892275823,6
245,0,"Conv2DLayer(1,8,5, stride=5, padding=0)","biases",0.026452510249921329,0.032108229416684418,0.060776576034584459,0.011308227641461917,6
245,4,"DenseLayer( 7202,128 )","all",0.16570751965130329,0.18151229760638998,0.27163541163058391,0.11108470409389061,6
245,4,"DenseLayer( 7202,128 )","weights",0.16541207981586531,0.18118649367026529,0.27116607314246116,0.11086315876215178,6
245,4,"DenseLayer( 7202,128 )","biases",0.0098804143746632767,0.010870542480740769,0.015961128663542413,0.0070122402201554454,6
245,6,"DenseLayer( 128,64 )","all",0.25687891315664529,0.27998036740860344,0.38887836826753364,0.17577798019615154,6
245,6,"DenseLayer( 128,64 )","weights",0.25573290619600281,0.27869753967474636,0.38706810759221555,0.17486751801088815,6
245,6,"DenseLayer( 128,64 )","biases",0.024129927866375505,0.026771020030991275,0.037478865930021817,0.017867553457324471,6
245,8,"DenseLayer( 64,1 )","all",0.17523129326516917,0.19275517852559965,0.26145974208342065,0.11839890714159265,6
245,8,"DenseLayer( 64,1 )","weights",0.1715895940874099,0.18857787922381825,0.25534908987067401,0.11556385935738929,6
245,8,"DenseLayer( 64,1 )","biases",0.034709927127551055,0.039911681446448945,0.056196432560682297,0.025754526257514954,6
246,0,"Conv2DLayer(1,8,5, stride=5, padding=0)","all",0.23805626618515038,0.2714855911423672,0.40245492951449818,0.3150358582066522,6
246,0,"Conv2DLayer(1,8,5, stride=5, padding=0)","weights",0.23426836746223387,0.26847205541272862,0.39926332323115271,0.31214830878275984,6
246,0,"Conv2DLayer(1,8,5, stride=5, padding=0)","biases",0.038523494535723617,0.040338339831794474,0.050584276340931995,0.042556142683103537,6
246,4,"DenseLayer( 7202,128 )","all",0.26423389548165754,0.28780659224688643,0.40291378511207382,0.28371634340453761,6
246,4,"DenseLayer( 7202,128 )","weights",0.2637369877397272,0.28725821158070158,0.40212842822255301,0.2831863518132256,6
246,4,"DenseLayer( 7202,128 )","biases",0.016188510239171214,0.017758221200966165,0.025144491416559431,0.017333599209556315,6
246,6,"DenseLayer( 128,64 )","all",0.41929135217331348,0.46227434885410629,0.68235047423867801,0.41279602461263371,6
246,6,"DenseLayer( 128,64 )","weights",0.41727922296831155,0.46003663399421552,0.67901033514997933,0.41075510832955769,6
246,6,"DenseLayer( 128,64 )","biases",0.041010767326022511,0.045429824914478445,0.067432443625169161,0.040997547696995457,6
246,8,"DenseLayer( 64,1 )","all",0.29261937869021148,0.32425007325436295,0.48096633557953783,0.28580807323529145,6
246,8,"DenseLayer( 64,1 )","weights",0.28606866378311474,0.31695663455478323,0.47010536046548884,0.27907833372090457,6
246,8,"DenseLayer( 64,1 )","biases",0.061504735921820007,0.068385684299898178,0.10163447260856628,0.061656616628170013,6
247,0,"Conv2DLayer(1,8,5, stride=5, padding=0)","all",0.21954761917313756,0.24529448437043305,0.3822973191146376,0.20377615888449127,6
247,0,"Conv2DLayer(1,8,5, stride=5, padding=0)","weights",0.2169489916648884,0.24259885624792565,0.3778898384118391,0.20061479131410875,6
247,0,"Conv2DLayer(1,8,5, stride=5, padding=0)","biases",0.033237765452917692,0.03626539686471001,0.057883592038790788,0.035755117615720873,6
247,4,"DenseLayer( 7202,128 )","all",0.17587341947228621,0.17917341511294146,0.20951144802720134,0.19080941388804137,6
247,4,"DenseLayer( 7202,128 )","weights",0.17558179885805936,0.17887399938984647,0.20920389894629796,0.19045971990719701,6
247,4,"DenseLayer( 7202,128 )","biases",0.010097667287426011,0.010353985972351544,0.013003052864692942,0.011546753706992253,6
247,6,"DenseLayer( 128,64 )","all",0.30160631959175449,0.30984017229966093,0.35647091331129466,0.35624525250119504,6
247,6,"DenseLayer( 128,64 )","weights",0.30053438173584546,0.30872710678143395,0.35557131560078253,0.35483971865927161,6
247,6,"DenseLayer( 128,64 )","biases",0.025165965824922011,0.026239396125837727,0.033308796452802526,0.031614142269705318,6
247,8,"DenseLayer( 64,1 )","all",0.20208863042020053,0.20957514365762184,0.25096563034784003,0.25096563034784003,6
247,8,"DenseLayer( 64,1 )","weights",0.19917403823602317,0.20643273737509418,0.24688230575530876,0.24688230575530876,6
247,8,"DenseLayer( 64,1 )","biases",0.033055217238143086,0.036156130585810943,0.050164621323347092,0.045087411999702454,6
248,0,"Conv2DLayer(1,8,5, stride=5, padding=0)","all",0.2018544238136723,0.23658859463416407,0.37967866900765901,0.043913294972841473,6
248,0,"Conv2DLayer(1,8,5, stride=5, padding=0)","weights",0.19837350040539881,0.2328047493804124,0.37463239890403111,0.042806432252016864,6
248,0,"Conv2DLayer(1,8,5, stride=5, padding=0)","biases",0.036568676453871317,0.042143941164682085,0.061696494153545119,0.0097972870339331445,6
248,4,"DenseLayer( 7202,128 )","all",0.20300606790262818,0.23942622519827414,0.42358188281258707,0.12155827445078134,6
248,4,"DenseLayer( 7202,128 )","weights",0.2026551452675916,0.2389952400368891,0.42278263615188927,0.12133961693349012,6
248,4,"DenseLayer( 7202,128 )","biases",0.011910383871417969,0.014359406408498997,0.0260087296021068,0.0072877602790814679,6
248,6,"DenseLayer( 128,64 )","all",0.34399022431282722,0.42402528122685268,0.76341335471552108,0.19438929978763667,6
248,6,"DenseLayer( 128,64 )","weights",0.34273583243650535,0.42237234279656183,0.76019022777097789,0.19354317955817246,6
248,6,"DenseLayer( 128,64 )","biases",0.029100032933267926,0.037403785370670704,0.070076870360446089,0.018117326470555473,6
248,8,"DenseLayer( 64,1 )","all",0.23212840435155574,0.29117476714038898,0.52329279340151769,0.13363759043915313,6
248,8,"DenseLayer( 64,1 )","weights",0.22865848030927696,0.28634420939635241,0.51356891747630551,0.13106150089215785,6
248,8,"DenseLayer( 64,1 )","biases",0.03833778877136259,0.052817977663269268,0.10041072964668274,0.02611299604177475,6
249,0,"Conv2DLayer(1,8,5, stride=5, padding=0)","all",0.19985513978787561,0.22812966614186936,0.34608525583018823,0.3036152242651215,6
249,0,"Conv2DLayer(1,8,5, stride=5, padding=0)","weights",0.19740833059409918,0.22512889321911367,0.34146908486592337,0.29871273286140032,6
249,0,"Conv2DLayer(1,8,5, stride=5, padding=0)","biases",0.030874642202710027,0.036879886278806347,0.056337095983691382,0.05434066278610989,6
249,4,"DenseLayer( 7202,128 )","all",0.19272374623731997,0.21801739543044826,0.31278414833198259,0.24366849432923637,6
249,4,"DenseLayer( 7202,128 )","weights",0.19237587398021733,0.21762234303009681,0.31221239841930509,0.24324594572752747,6
249,4,"DenseLayer( 7202,128 )","biases",0.011572678548053838,0.013118708944379042,0.018903484362116904,0.014343814548364052,6
249,6,"DenseLayer( 128,64 )","all",0.34414557195006062,0.39167965308795949,0.56692890380460437,0.4447257288185526,6
249,6,"DenseLayer( 128,64 )","weights",0.3428204005058727,0.39019436150741438,0.56479149257439154,0.44311658857551972,6
249,6,"DenseLayer( 128,64 )","biases",0.030159307218049568,0.034078011839388744,0.049182841364457032,0.03779765604354858,6
249,8,"DenseLayer( 64,1 )","all",0.23789186370479912,0.2706895888868826,0.38496315591366415,0.30580735467031295,6
249,8,"DenseLayer( 64,1 )","weights",0.23410128195160432,0.26647354067245899,0.37882398260759947,0.30141712970727913,6
249,8,"DenseLayer( 64,1 )","biases",0.042245532230784498,0.047588923640201029,0.06847643107175827,0.05163189023733139,6
250,0,"Conv2DLayer(1,8,5, stride=5, padding=0)","all",0.17973855968302366,0.22135381538229931,0.43787983525991531,0.060308117948485951,6
250,0,"Conv2DLayer(1,8,5, stride=5, padding=0)","weights",0.17748514960859899,0.21855021838058211,0.43209986614562224,0.058691017202176385,6
250,0,"Conv2DLayer(1,8,5, stride=5, padding=0)","biases",0.027937807993810362,0.035118565319513267,0.070911605567677921,0.013872043478245326,6
250,4,"DenseLayer( 7202,128 )","all",0.13632396873862679,0.15537120683200728,0.26646385264429551,0.054712628197113929,6
250,4,"DenseLayer( 7202,128 )","weights",0.13609328958463635,0.15510584105349309,0.26601583701309067,0.054615254266515305,6
250,4,"DenseLayer( 7202,128 )","biases",0.0079206648389133216,0.0090768928341652521,0.015445362548856232,0.0032627726919764667,6
250,6,"DenseLayer( 128,64 )","all",0.22088252417533039,0.26072173305703106,0.44518278312866477,0.10239174245359585,6
250,6,"DenseLayer( 128,64 )","weights",0.22008260137519944,0.25982433438153518,0.44384334909892653,0.10193751607180793,6
250,6,"DenseLayer( 128,64 )","biases",0.018688077672994061,0.021613360484985574,0.034507852075030501,0.0096338849792490626,6
250,8,"DenseLayer( 64,1 )","all",0.14865838236445103,0.17739720834101055,0.29799657328554641,0.069945517664170981,6
250,8,"DenseLayer( 64,1 )","weights",0.14644389700448102,0.17498226167307393,0.29485683375472055,0.068586383900097678,6
250,8,"DenseLayer( 64,1 )","biases",0.025178345502354205,0.029171520820138814,0.043144006282091141,0.013721639290452003,6
251,0,"Conv2DLayer(1,8,5, stride=5, padding=0)","all",0.21235011792549133,0.22263642316888457,0.30455737298021313,0.12285519601354261,6
251,0,"Conv2DLayer(1,8,5, stride=5, padding=0)","weights",0.20907282253132012,0.21958568131849876,0.30190089834090167,0.11901321890753978,6
251,0,"Conv2DLayer(1,8,5, stride=5, padding=0)","biases",0.036226511147368849,0.036730171267302138,0.045705131005949966,0.030483649925689495,6
251,4,"DenseLayer( 7202,128 )","all",0.18485651687149141,0.20265259258533155,0.29411701763191578,0.13210101723049383,6
251,4,"DenseLayer( 7202,128 )","weights",0.18453634577829423,0.20229430334523504,0.29361719283605242,0.1318876935251006,6
251,4,"DenseLayer( 7202,128 )","biases",0.010863894987782157,0.012045252825175387,0.017139548762119632,0.0075043354109716005,6
251,6,"DenseLayer( 128,64 )","all",0.32327385547661147,0.36185702570272676,0.53019076029593548,0.22043052878717478,6
251,6,"DenseLayer( 128,64 )","weights",0.32209629774729004,0.36048142833765545,0.5282246802886289,0.21961913710698006,6
251,6,"DenseLayer( 128,64 )","biases",0.027440049363647925,0.031522164806174945,0.045617205494834681,0.018895836519693489,6
251,8,"DenseLayer( 64,1 )","all",0.22070012504645162,0.24854993066771097,0.36549073075778638,0.15808054137674904,6
251,8,"DenseLayer( 64,1 )","weights",0.21742267839253171,0.24457338665760398,0.35967938170170094,0.15565996178743766,6
251,8,"DenseLayer( 64,1 )","biases",0.037143586669117212,0.044282350589756221,0.064916998147964478,0.027557827532291412,6
252,0,"Conv2DLayer(1,8,5, stride=5, padding=0)","all",0.15128923918818848,0.16473532209801972,0.27826054893921653,0.10630057852936897,6
252,0,"Conv2DLayer(1,8,5, stride=5, padding=0)","weights",0.14944067517236304,0.16294531523030958,0.27552560924783953,0.10470084324793644,6
252,0,"Conv2DLayer(1,8,5, stride=5, padding=0)","biases",0.022889979133561628,0.024218806560880282,0.038917499207438241,0.018372436388502816,6
252,4,"DenseLayer( 7202,128 )","all",0.16373959648391212,0.17137174728509577,0.26359110984813861,0.13211569037097898,6
252,4,"DenseLayer( 7202,128 )","weights",0.16344057506072085,0.17105105852424476,0.26307029806244514,0.13186279912584026,6
252,4,"DenseLayer( 7202,128 )","biases",0.0098687749800858687,0.010479081318613772,0.016561747139409493,0.0081705476498638574,6
252,6,"DenseLayer( 128,64 )","all",0.2716676736045216,0.28561588051290993,0.44025228837986785,0.22213983643384363,6
252,6,"DenseLayer( 128,64 )","weights",0.27052464604651327,0.28435310945484954,0.43811478778818924,0.22103406957334623,6
252,6,"DenseLayer( 128,64 )","biases",0.024680668148123888,0.026827976899557762,0.04333024515301287,0.022137005639876955,6
252,8,"DenseLayer( 64,1 )","all",0.18767863892684511,0.19977131843085075,0.31631587648620496,0.1531775414117891,6
252,8,"DenseLayer( 64,1 )","weights",0.18425579958102861,0.19584539475771839,0.30937257313307454,0.1496324898092386,6
252,8,"DenseLayer( 64,1 )","biases",0.034992751820633806,0.03941016391483057,0.065911643207073212,0.03276396170258522,6
253,0,"Conv2DLayer(1,8,5, stride=5, padding=0)","all",0.078187299973822469,0.084990657933588801,0.12660056416624407,0.049443931020229336,6
253,0,"Conv2DLayer(1,8,5, stride=5, padding=0)","weights",0.076210552641957335,0.083177849572058246,0.12297760435999612,0.046918878359777622,6
253,0,"Conv2DLayer(1,8,5, stride=5, padding=0)","biases",0.016197720688508808,0.017460162558016201,0.030070112621796857,0.015598755341167052,6
253,4,"DenseLayer( 7202,128 )","all",0.11944224028685103,0.12656062504399798,0.17856173504708805,0.10228694215549497,6
253,4,"DenseLayer( 7202,128 )","weights",0.11921259360309604,0.12631367753032285,0.17821868070612637,0.10209184900321391,6
253,4,"DenseLayer( 7202,128 )","biases",0.0073925257156411701,0.0079023211965256589,0.01106323055866822,0.0063144993963531555,6
253,6,"DenseLayer( 128,64 )","all",0.20307116163361907,0.21990717565041207,0.32212223456017514,0.1647468382296923,6
253,6,"DenseLayer( 128,64 )","weights",0.20215434702949703,0.21890548119740505,0.32078696687888952,0.16392956931739552,6
253,6,"DenseLayer( 128,64 )","biases",0.019167940328035583,0.02096559572904472,0.029299417719175398,0.016389539654719221,6
253,8,"DenseLayer( 64,1 )","all",0.14090819032087276,0.15424917117541281,0.2285628658766658,0.1143446736090494,6
253,8,"DenseLayer( 64,1 )","weights",0.13811202151402632,0.15115599545478861,0.22460135374912604,0.1116794060755343,6
253,8,"DenseLayer( 64,1 )","biases",0.027257716380214941,0.03073551441530999,0.042369984090328217,0.024544136598706245,6
254,0,"Conv2DLayer(1,8,5, stride=5, padding=0)","all",0.12413046765182956,0.14725852098023984,0.26392978339040646,0.01873726823455266,6
254,0,"Conv2DLayer(1,8,5, stride=5, padding=0)","weights",0.12192226207158911,0.1447375885661254,0.25951601723540341,0.017606052047798242,6
254,0,"Conv2DLayer(1,8,5, stride=5, padding=0)","biases",0.022853032820051241,0.027131208180815491,0.048066280891917293,0.0064118758708973421,6
254,4,"DenseLayer( 7202,128 )","all",0.14760560323522784,0.17044371801208516,0.32240808805446525,0.065696791409267971,6
254,4,"DenseLayer( 7202,128 )","weights",0.14732620226417284,0.17012059583288563,0.32177808364031174,0.065560619911063892,6
254,4,"DenseLayer( 7202,128 )","biases",0.0090682670607287897,0.010490180324817218,0.020145474223864049,0.0042277084040740417,6
254,6,"DenseLayer( 128,64 )","all",0.24647021862984742,0.28854104674163156,0.54997618979746299,0.11340261336091145,6
254,6,"DenseLayer( 128,64 )","weights",0.24532213263374641,0.28718646688449018,0.54720609656478436,0.1128482893268829,6
254,6,"DenseLayer( 128,64 )","biases",0.023675194524772875,0.027926132799942157,0.055129821571150622,0.011198942498312129,6
254,8,"DenseLayer( 64,1 )","all",0.17097726917206968,0.20273045042683682,0.39555733097567192,0.079274994293579815,6
254,8,"DenseLayer( 64,1 )","weights",0.16739661233331601,0.19843879033413814,0.38651691354958323,0.077575107129526158,6
254,8,"DenseLayer( 64,1 )","biases",0.034577800581852593,0.041493156315133464,0.084084942936897278,0.016328731551766396,6
255,0,"Conv2DLayer(1,8,5, stride=5, padding=0)","all",0.14865529879699521,0.16709055375350623,0.29373288614388315,0.068125049505397495,6
255,0,"Conv2DLayer(1,8,5, stride=5, padding=0)","weights",0.1467178464159051,0.16502372427519735,0.29111248140268609,0.06669265998644841,6
255,0,"Conv2DLayer(1,8,5, stride=5, padding=0)","biases",0.023466004891610895,0.026199686639290006,0.040430140609841771,0.013896455448956879,6
255,4,"DenseLayer( 7202,128 )","all",0.10092533936187617,0.10516981481253217,0.15064247710360765,0.057817276762269866,6
255,4,"DenseLayer( 7202,128 )","weights",0.10077510162528749,0.10501108768989367,0.15039414651193816,0.057733068732438692,6
255,4,"DenseLayer( 7202,128 )","biases",0.0054949543474633964,0.0057759336810398508,0.008646190077521208,0.0031193375803880833,6
255,6,"DenseLayer( 128,64 )","all",0.12322326092766943,0.13032758443036405,0.17234594653112362,0.05409775490336767,6
255,6,"DenseLayer( 128,64 )","weights",0.12279879772281858,0.12986666324909452,0.17151380048846154,0.053914233515522672,6
255,6,"DenseLayer( 128,64 )","biases",0.0099833408622113338,0.010951211805090464,0.016915718362313949,0.004452247749006372,6
255,8,"DenseLayer( 64,1 )","all",0.075569370678519862,0.080003290610371355,0.09976231575184201,0.030998599630809223,6
255,8,"DenseLayer( 64,1 )","weights",0.07436077518283174,0.07869033879980715,0.098431185831865178,0.030381658595609505,6
255,8,"DenseLayer( 64,1 )","biases",0.012372711479353407,0.014434579594123965,0.022346442565321922,0.0061536980792880058,6
256,0,"Conv2DLayer(1,8,5, stride=5, padding=0)","all",0.10737147324070344,0.13138858711822768,0.25401208426683675,0.14520021018877466,6
256,0,"Conv2DLayer(1,8,5, stride=5, padding=0)","weights",0.10575641857830426,0.13009160866717046,0.25237507599953407,0.14387450523122786,6
256,0,"Conv2DLayer(1,8,5, stride=5, padding=0)","biases",0.017296383712750638,0.018415596088964613,0.028791664901703051,0.019576204518080845,6
256,4,"DenseLayer( 7202,128 )","all",0.095154064501777644,0.10277625557340429,0.16038616334099251,0.077613628989822867,6
256,4,"DenseLayer( 7202,128 )","weights",0.094993342476034318,0.10259922185653984,0.16009396673717111,0.07748785114842377,6
256,4,"DenseLayer( 7202,128 )","biases",0.0055158163830122189,0.0060297913829778661,0.0096769419550331876,0.0044168234478630733,6
256,6,"DenseLayer( 128,64 )","all",0.15533887517650063,0.17032787697730956,0.26428195191669945,0.12575072393691092,6
256,6,"DenseLayer( 128,64 )","weights",0.15474161927763269,0.16964174389913739,0.2629775772510764,0.12541020415451187,6
256,6,"DenseLayer( 128,64 )","biases",0.013455495533082141,0.015272995857295888,0.026224873156124016,0.0092479870556156675,6
256,8,"DenseLayer( 64,1 )","all",0.10479803475027358,0.11619153188491538,0.18713151127499408,0.086663889082130116,6
256,8,"DenseLayer( 64,1 )","weights",0.10313039072984299,0.11416032052597268,0.18288930260762745,0.085953098435565506,6
256,8,"DenseLayer( 64,1 )","biases",0.017926755438869197,0.021630841388408501,0.039619509130716324,0.011076756753027439,6
257,0,"Conv2DLayer(1,8,5, stride=5, padding=0)","all",0.13487458348565981,0.15979507736792642,0.3168226666100189,0.091414747027891208,6
257,0,"Conv2DLayer(1,8,5, stride=5, padding=0)","weights",0.13260336031965442,0.15780749553313839,0.31471770016425654,0.090659725473225469,6
257,0,"Conv2DLayer(1,8,5, stride=5, padding=0)","biases",0.023357881281481301,0.02512491004123393,0.036460544170435621,0.011724766577324037,6
257,4,"DenseLayer( 7202,128 )","all",0.11764765532125707,0.12103481131139479,0.15713141059562838,0.14134303030297132,6
257,4,"DenseLayer( 7202,128 )","weights",0.11746054833702434,0.12084102878296854,0.15691294693703847,0.14106396559086226,6
257,4,"DenseLayer( 7202,128 )","biases",0.0066094385935232067,0.0068462626197592713,0.0088774899046240811,0.0088774899046240811,6
257,6,"DenseLayer( 128,64 )","all",0.16886095773421075,0.18045809235982288,0.23534266921431676,0.22332978585122024,6
257,6,"DenseLayer( 128,64 )","weights",0.16826378797789626,0.17978966000260277,0.23485826029770868,0.22214685226248618,6
257,6,"DenseLayer( 128,64 )","biases",0.013840800987563604,0.015517772207854694,0.022955811425890219,0.022955811425890219,6
257,8,"DenseLayer( 64,1 )","all",0.10832138769941602,0.11761697344964889,0.15732118832566,0.15732118832566,6
257,8,"DenseLayer( 64,1 )","weights",0.10675069683973994,0.11570543257608445,0.15336803880831013,0.15336803880831013,6
257,8,"DenseLayer( 64,1 )","biases",0.016384887450840324,0.021118837937646722,0.035045698285102844,0.035045698285102844,6
258,0,"Conv2DLayer(1,8,5, stride=5, padding=0)","all",0.11559858606436027,0.1435033049391167,0.30480792477655322,0.077699063805611687,6
258,0,"Conv2DLayer(1,8,5, stride=5, padding=0)","weights",0.1128578894402759,0.14098988972467891,0.30062804604020849,0.075712834597782941,6
258,0,"Conv2DLayer(1,8,5, stride=5, padding=0)","biases",0.023552090454990748,0.026740409942108058,0.050305555763108481,0.017455978730431566,6
258,4,"DenseLayer( 7202,128 )","all",0.13196273355176744,0.14276460584897682,0.2091873636465201,0.097153127422963656,6
258,4,"DenseLayer( 7202,128 )","weights",0.13172505831100489,0.1425008527213662,0.2087654378942313,0.096998624835647751,6
258,4,"DenseLayer( 7202,128 )","biases",0.0079013858542309346,0.0086740795994271896,0.01327949736290107,0.0054769469648585029,6
258,6,"DenseLayer( 128,64 )","all",0.20700112570621557,0.23434077966588038,0.36173672719864014,0.11643963783813896,6
258,6,"DenseLayer( 128,64 )","weights",0.20616619266552669,0.23333099315172556,0.35998252100668182,0.11605960165217509,6
258,6,"DenseLayer( 128,64 )","biases",0.018395102630739363,0.021731282733471878,0.035581517309654878,0.0093999002236938543,6
258,8,"DenseLayer( 64,1 )","all",0.13976997016117779,0.16172298722917053,0.25678259420699517,0.073052700310180213,6
258,8,"DenseLayer( 64,1 )","weights",0.13735983132850274,0.15862913547561988,0.25122510858665925,0.071993675893839426,6
258,8,"DenseLayer( 64,1 )","biases",0.025067640701308846,0.03148208977472565,0.053134221583604813,0.01239385548979044,6
259,0,"Conv2DLayer(1,8,5, stride=5, padding=0)","all",0.19709968487057203,0.21281756956740208,0.30326085375712647,0.24827637236735747,6
259,0,"Conv2DLayer(1,8,5, stride=5, padding=0)","weights",0.19503028617390397,0.21066135130372415,0.30071000038473455,0.24517074498851826,6
259,0,"Conv2DLayer(1,8,5, stride=5, padding=0)","biases",0.028278681958591588,0.030217759405107215,0.039251001135183608,0.039146684121004277,6
259,4,"DenseLayer( 7202,128 )","all",0.10798175814309632,0.11285082107883129,0.15073081885623624,0.15073081885623624,6
259,4,"DenseLayer( 7202,128 )","weights",0.10782214713274274,0.1126838931749429,0.15051485048062394,0.15051485048062394,6
259,4,"DenseLayer( 7202,128 )","biases",0.0058614936123382337,0.0061357996304025773,0.0080659492849210722,0.0080659492849210722,6
259,6,"DenseLayer( 128,64 )","all",0.15719108251878317,0.16682067880506449,0.22431898327618943,0.22431898327618943,6
259,6,"DenseLayer( 128,64 )","weights",0.15677795634934233,0.16637495830079607,0.22373922753272221,0.22373922753272221,6
259,6,"DenseLayer( 128,64 )","biases",0.011303899763762117,0.012186555189669261,0.017967887813594624,0.016117205748022917,6
259,8,"DenseLayer( 64,1 )","all",0.097716335585171482,0.10489659740235391,0.14484349789479836,0.14484349789479836,6
259,8,"DenseLayer( 64,1 )","weights",0.096936639516431486,0.10397208048697726,0.14352387086729992,0.14352387086729992,6
259,8,"DenseLayer( 64,1 )","biases",0.011224479647353292,0.013896137081975029,0.023447385057806969,0.019507367163896561,6
260,0,"Conv2DLayer(1,8,5, stride=5, padding=0)","all",0.085168872045796595,0.092228590008000516,0.14157893843405778,0.083178824217362363,6
260,0,"Conv2DLayer(1,8,5, stride=5, padding=0)","weights",0.084051658669121565,0.091278380664051639,0.14073771174851307,0.082740826978905418,6
260,0,"Conv2DLayer(1,8,5, stride=5, padding=0)","biases",0.012939580396753286,0.013204924771172983,0.016564128234301922,0.0085248078588144177,6
260,4,"DenseLayer( 7202,128 )","all",0.1036927864600059,0.11103386119845053,0.1587262967610012,0.097339471868609501,6
260,4,"DenseLayer( 7202,128 )","weights",0.10350618972727461,0.11083140626606539,0.15844363303877393,0.097158026161385233,6
260,4,"DenseLayer( 7202,128 )","biases",0.0062107165565165592,0.0067020681675987615,0.0094684968678116384,0.0059406006500523339,6
260,6,"DenseLayer( 128,64 )","all",0.17036797059261796,0.19037570333394227,0.29729182892340017,0.13204619035515625,6
260,6,"DenseLayer( 128,64 )","weights",0.16967532259743262,0.18959478984033937,0.29611007420428825,0.13139533559152206,6
260,6,"DenseLayer( 128,64 )","biases",0.015286834121182476,0.017225680981916517,0.026481229188826522,0.013094356498181111,6
260,8,"DenseLayer( 64,1 )","all",0.11642700110035087,0.13150353356753239,0.20724846455369564,0.090834282361489896,6
260,8,"DenseLayer( 64,1 )","weights",0.1143875395073867,0.12916116491491339,0.20371224156789797,0.08872139633833423,6
260,8,"DenseLayer( 64,1 )","biases",0.021441921669368941,0.024709771722330159,0.038121499121189117,0.019477697089314461,6
261,0,"Conv2DLayer(1,8,5, stride=5, padding=0)","all",0.10092687160866373,0.10784357860145639,0.15892317982163456,0.1402154826159587,6
261,0,"Conv2DLayer(1,8,5, stride=5, padding=0)","weights",0.098782614460065934,0.10584943144674168,0.15686012374616082,0.13752875983296273,6
261,0,"Conv2DLayer(1,8,5, stride=5, padding=0)","biases",0.019842789723395777,0.020643045026595211,0.027317060310975715,0.027317060310975715,6
261,4,"DenseLayer( 7202,128 )","all",0.1349691002671789,0.14898535274677593,0.2289572394645209,0.12731553470114984,6
261,4,"DenseLayer( 7202,128 )","weights",0.13472461567976934,0.14870422994726246,0.22850425296547272,0.12710453354109194,6
261,4,"DenseLayer( 7202,128 )","biases",0.0080948374459844357,0.0091480778786006169,0.014395272831913195,0.0073268635541494714,6
261,6,"DenseLayer( 128,64 )","all",0.21236062783394583,0.24744906597729821,0.40685503828411762,0.2023177451810694,6
261,6,"DenseLayer( 128,64 )","weights",0.21143959409842136,0.24628225919647115,0.40484248528711664,0.20160733117144139,6
261,6,"DenseLayer( 128,64 )","biases",0.019460172626673686,0.02400185530577734,0.04041762342990414,0.01693971762104915,6
261,8,"DenseLayer( 64,1 )","all",0.14231338284639744,0.16842722483806566,0.27736590298646818,0.13905644382288654,6
261,8,"DenseLayer( 64,1 )","weights",0.13950555449927649,0.16475054103385006,0.27098898693122758,0.13702428759850346,6
261,8,"DenseLayer( 64,1 )","biases",0.026969034086505417,0.034999847081180327,0.059133857488632202,0.02368626557290554,6
262,0,"Conv2DLayer(1,8,5, stride=5, padding=0)","all",0.11474172786628359,0.12524424960238045,0.18380165848600363,0.10295157890508565,6
262,0,"Conv2DLayer(1,8,5, stride=5, padding=0)","weights",0.11199305929427705,0.12233771570498254,0.18002447490039344,0.10069411384159588,6
262,0,"Conv2DLayer(1,8,5, stride=5, padding=0)","biases",0.024841700663076602,0.026825461311042575,0.037070717541519478,0.021441152877254649,6
262,4,"DenseLayer( 7202,128 )","all",0.19140496044516023,0.21417199346939714,0.31542301428170971,0.30306756240982391,6
262,4,"DenseLayer( 7202,128 )","weights",0.19103894287885018,0.21375664361688188,0.31479395509108438,0.30246814382742676,6
262,4,"DenseLayer( 7202,128 )","biases",0.011817712102576337,0.013331920203063436,0.019910895928410947,0.019051754633722943,6
262,6,"DenseLayer( 128,64 )","all",0.32569034204245767,0.37012972624093066,0.56156239397118424,0.52463101033466386,6
262,6,"DenseLayer( 128,64 )","weights",0.32421135648330457,0.36840714499767413,0.55887874770164647,0.52208863606310463,6
262,6,"DenseLayer( 128,64 )","biases",0.030912607965429242,0.035667769230062207,0.054834913058077459,0.05158636543251733,6
262,8,"DenseLayer( 64,1 )","all",0.22770137654311584,0.25911875919714161,0.39318232386232593,0.36629428094017341,6
262,8,"DenseLayer( 64,1 )","weights",0.22312343359460413,0.25372198294885712,0.38480085880011544,0.35817858508142708,6
262,8,"DenseLayer( 64,1 )","biases",0.045146512178083263,0.052608808543495263,0.080750472843647003,0.076678559184074402,6
263,0,"Conv2DLayer(1,8,5, stride=5, padding=0)","all",0.15790085903006484,0.17685425767229804,0.29731821406728542,0.29731821406728542,6
263,0,"Conv2DLayer(1,8,5, stride=5, padding=0)","weights",0.15424003814764167,0.17393616958352784,0.29475002729519278,0.29475002729519278,6
263,0,"Conv2DLayer(1,8,5, stride=5, padding=0)","biases",0.031468927243709963,0.031994333364360569,0.038994125527357086,0.038994125527357086,6
263,4,"DenseLayer( 7202,128 )","all",0.25397414898430604,0.26023545389870972,0.35848304775523671,0.18974730996978612,6
263,4,"DenseLayer( 7202,128 )","weights",0.25349700707964928,0.25974206078859352,0.35777563492188069,0.18943450785099453,6
263,4,"DenseLayer( 7202,128 )","biases",0.015554951806540708,0.016017282015437673,0.02250978862913813,0.010890770221687092,6
263,6,"DenseLayer( 128,64 )","all",0.44442793985232304,0.45566891582235353,0.61486819553674799,0.31410186694512754,6
263,6,"DenseLayer( 128,64 )","weights",0.44245877908511211,0.45360956768205829,0.61183024832630328,0.3131220474819586,6
263,6,"DenseLayer( 128,64 )","biases",0.041699181028766838,0.043272635163753403,0.061046253903008704,0.02479044572250981,6
263,8,"DenseLayer( 64,1 )","all",0.30778162398524345,0.31661519831772572,0.43214111310199821,0.19973704308585885,6
263,8,"DenseLayer( 64,1 )","weights",0.30171059121263905,0.31017252180520516,0.42229574174448564,0.19760798799283744,6
263,8,"DenseLayer( 64,1 )","biases",0.060519213477770485,0.063546758554408722,0.091718308627605438,0.029085554182529449,6
264,0,"Conv2DLayer(1,8,5, stride=5, padding=0)","all",0.11901764326229537,0.13452781901879907,0.23039688203875716,0.10668481660632771,6
264,0,"Conv2DLayer(1,8,5, stride=5, padding=0)","weights",0.1175294929989552,0.13286976423541458,0.22719771522453436,0.10606499753462917,6
264,0,"Conv2DLayer(1,8,5, stride=5, padding=0)","biases",0.018366695376885629,0.021056111748850984,0.038261226456196715,0.011483309292398514,6
264,4,"DenseLayer( 7202,128 )","all",0.13914741518881102,0.15292276892903536,0.23664464586514208,0.059179142936317021,6
264,4,"DenseLayer( 7202,128 )","weights",0.13889913112609384,0.1526453700654582,0.23621214690576831,0.059099268985670667,6
264,4,"DenseLayer( 7202,128 )","biases",0.0083001484004419819,0.0092067504855109731,0.014300701759222857,0.0030736564603720206,6
264,6,"DenseLayer( 128,64 )","all",0.23607425922986225,0.26615668585873581,0.43207183672745042,0.081129392829323355,6
264,6,"DenseLayer( 128,64 )","weights",0.23508396534677023,0.26503474218089346,0.43035400438566285,0.080947354918374959,6
264,6,"DenseLayer( 128,64 )","biases",0.021533641487578439,0.024412432578772295,0.038490297508041074,0.0054317688254659066,6
264,8,"DenseLayer( 64,1 )","all",0.16531171030656866,0.18785114485337612,0.30368159202937733,0.051774456193436472,6
264,8,"DenseLayer( 64,1 )","weights",0.16232460919937694,0.18441643734101434,0.29865825018998682,0.051664875956088555,6
264,8,"DenseLayer( 64,1 )","biases",0.030852254557733733,0.035757939833998269,0.055006898939609528,0.0033667352981865406,6
265,0,"Conv2DLayer(1,8,5, stride=5, padding=0)","all",0.19542457554495932,0.20194928436771553,0.2764426361830854,0.19015677223399063,6
265,0,"Conv2DLayer(1,8,5, stride=5, padding=0)","weights",0.19354235246003856,0.20010280460082064,0.27512795681396635,0.18737835091241908,6
265,0,"Conv2DLayer(1,8,5, stride=5, padding=0)","biases",0.026318296578121111,0.027246670393246721,0.036182182026056317,0.032387522841244402,6
265,4,"DenseLayer( 7202,128 )","all",0.10401666090027746,0.10581415039833324,0.13024780480270701,0.1027183792375413,6
265,4,"DenseLayer( 7202,128 )","weights",0.10385807459526114,0.10565295650996594,0.13003729012258533,0.10257121722343855,6
265,4,"DenseLayer( 7202,128 )","biases",0.0057393712569035332,0.0058384248924117886,0.0074022856942053327,0.0054964379819608371,6
265,6,"DenseLayer( 128,64 )","all",0.1485146124341909,0.15304651831206123,0.20267892872356527,0.15466123922535871,6
265,6,"DenseLayer( 128,64 )","weights",0.14806362869789835,0.15258381283722305,0.20205262460268453,0.15426715906134575,6
265,6,"DenseLayer( 128,64 )","biases",0.011546574982864223,0.011891880738528472,0.015921213512125922,0.011033700823617173,6
265,8,"DenseLayer( 64,1 )","all",0.0918450798597997,0.094906103780835402,0.12416806670227616,0.092502404167384839,6
265,8,"DenseLayer( 64,1 )","weights",0.090770530240236999,0.093828458109151039,0.12296297460850159,0.091866511627769723,6
265,8,"DenseLayer( 64,1 )","biases",0.013878783366332451,0.014261450968186592,0.019202571362257004,0.010827687568962574,6
266,0,"Conv2DLayer(1,8,5, stride=5, padding=0)","all",0.12129193112515252,0.1437926267876313,0.27239157580659829,0.023769507668552386,6
266,0,"Conv2DLayer(1,8,5, stride=5, padding=0)","weights",0.11906485737164881,0.14165831202241322,0.26838601913074472,0.020642928165881678,6
266,0,"Conv2DLayer(1,8,5, stride=5, padding=0)","biases",0.021467543734365848,0.024682831147330747,0.046541543867316112,0.01178384536319192,6
266,4,"DenseLayer( 7202,128 )","all",0.06725618661089483,0.074276360072632566,0.1254093984413,0.021606233437232607,6
266,4,"DenseLayer( 7202,128 )","weights",0.06715622968054627,0.074167747371161816,0.12523727299675655,0.021577236719880998,6
266,4,"DenseLayer( 7202,128 )","biases",0.0036579265219776214,0.004015335045408225,0.0065683079818634454,0.0011190079885360148,6
266,6,"DenseLayer( 128,64 )","all",0.091122746670974919,0.10211197477012442,0.17133254335043904,0.019283344190367958,6
266,6,"DenseLayer( 128,64 )","weights",0.09083444448126668,0.10182187924600447,0.17103927015476661,0.019225871763592001,6
266,6,"DenseLayer( 128,64 )","biases",0.0070638350388403139,0.0076915731984170937,0.010567045731006423,0.0014876888431770983,6
266,8,"DenseLayer( 64,1 )","all",0.054820780719493534,0.06206703895637946,0.10296318455968577,0.011180222102863038,6
266,8,"DenseLayer( 64,1 )","weights",0.05421519918481283,0.061453416500969894,0.10280515273433727,0.011171396819172681,6
266,8,"DenseLayer( 64,1 )","biases",0.0070214595228511216,0.0087060280938581341,0.015660278499126434,0.00044413891737349331,6
267,0,"Conv2DLayer(1,8,5, stride=5, padding=0)","all",0.074117862563817472,0.096012046734336762,0.20330198437962155,0.033852360733114116,6
267,0,"Conv2DLayer(1,8,5, stride=5, padding=0)","weights",0.07265097208222436,0.094332358246374093,0.19991949726782327,0.03350197716533871,6
267,0,"Conv2DLayer(1,8,5, stride=5, padding=0)","biases",0.014287268096567022,0.017880696457191071,0.036930901219340631,0.0048579680132757345,6
267,4,"DenseLayer( 7202,128 )","all",0.089974586250292421,0.095351924428870832,0.14959903073464728,0.044683118657485081,6
267,4,"DenseLayer( 7202,128 )","weights",0.089816811002640176,0.095181592537378082,0.14931334917793618,0.044619376405117268,6
267,4,"DenseLayer( 7202,128 )","biases",0.0053152844226607042,0.0056968354669612318,0.0092408740935937209,0.0023858629837766052,6
267,6,"DenseLayer( 128,64 )","all",0.14132515837974413,0.15128772428306148,0.24366493209051585,0.0638635022327593,6
267,6,"DenseLayer( 128,64 )","weights",0.14071965947613951,0.15061513609333643,0.24248230367253451,0.063634620596788413,6
267,6,"DenseLayer( 128,64 )","biases",0.012935169711509025,0.014249782396000749,0.02397773000799797,0.0054020347033727359,6
267,8,"DenseLayer( 64,1 )","all",0.095305037195798151,0.10359473127398133,0.17141190664591091,0.039265597088706646,6
267,8,"DenseLayer( 64,1 )","weights",0.093516570445450864,0.10154278439832887,0.1676957723463825,0.038611663437673097,6
267,8,"DenseLayer( 64,1 )","biases",0.017599369127613802,0.020516609962732781,0.035498868674039841,0.0071362848393619061,6
268,0,"Conv2DLayer(1,8,5, stride=5, padding=0)","all",0.17175035928416837,0.17796322808192899,0.26026733114295764,0.10769374663990057,6
268,0,"Conv2DLayer(1,8,5, stride=5, padding=0)","weights",0.17052224403740274,0.17674004842724886,0.25882821284016599,0.10680597924681751,6
268,0,"Conv2DLayer(1,8,5, stride=5, padding=0)","biases",0.020163617985522284,0.0208294462546273,0.027332030627886382,0.013799487761054205,6
268,4,"DenseLayer( 7202,128 )","all",0.09338862957515659,0.097047687504282304,0.15069858828253566,0.08787188616518038,6
268,4,"DenseLayer( 7202,128 )","weights",0.09324415202149143,0.096896289042544811,0.15045860155181334,0.087714828636572401,6
268,4,"DenseLayer( 7202,128 )","biases",0.00518714778927124,0.0054187470611242548,0.0085013957337525467,0.0052514012875761176,6
268,6,"DenseLayer( 128,64 )","all",0.12353816031473804,0.12789953161239861,0.19442643989597189,0.11171384630799702,6
268,6,"DenseLayer( 128,64 )","weights",0.12311948457480883,0.12744182377860694,0.19359812761232531,0.1112212332571379,6
268,6,"DenseLayer( 128,64 )","biases",0.010029900671220433,0.010810723317773356,0.017927786132809861,0.010479538620001587,6
268,8,"DenseLayer( 64,1 )","all",0.077169319294135175,0.080821020483369616,0.12612897567140025,0.073703251329303443,6
268,8,"DenseLayer( 64,1 )","weights",0.076009018097660197,0.079450630944858311,0.12333596398158098,0.072172330820400976,6
268,8,"DenseLayer( 64,1 )","biases",0.012639891433839997,0.014820074036156965,0.026396183297038078,0.014944026246666908,6
269,0,"Conv2DLayer(1,8,5, stride=5, padding=0)","all",0.15954011516629182,0.17453778757954555,0.24183092526311223,0.20325297854334284,6
269,0,"Conv2DLayer(1,8,5, stride=5, padding=0)","weights",0.1575913469193112,0.17256993867696047,0.23837234959109799,0.20109225702943437,6
269,0,"Conv2DLayer(1,8,5, stride=5, padding=0)","biases",0.024226100009498937,0.02613533160670967,0.040753151584047347,0.029558035278896416,6
269,4,"DenseLayer( 7202,128 )","all",0.15547764273758757,0.17582316172832521,0.27207135676778355,0.096737482659605273,6
269,4,"DenseLayer( 7202,128 )","weights",0.15519615340608242,0.17549522358618658,0.27155178467605878,0.096603590685360688,6
269,4,"DenseLayer( 7202,128 )","biases",0.0093329508584014589,0.010733624671059995,0.016806290867112109,0.0050879090020090221,6
269,6,"DenseLayer( 128,64 )","all",0.23726809043795818,0.2819138698120312,0.45464008078066886,0.12119546658389889,6
269,6,"DenseLayer( 128,64 )","weights",0.23619007004161027,0.28054365304686374,0.45235395769988845,0.12090716423026406,6
269,6,"DenseLayer( 128,64 )","biases",0.022357276512567598,0.027761281085639019,0.045535700340509092,0.0083545651164441768,6
269,8,"DenseLayer( 64,1 )","all",0.15992163220715064,0.19543654005187924,0.31601279688220119,0.068722309620805319,6
269,8,"DenseLayer( 64,1 )","weights",0.15662566221138252,0.19095048258123934,0.30842201995847912,0.068328546714311031,6
269,8,"DenseLayer( 64,1 )","biases",0.030628404310846236,0.041633572864235663,0.068847261369228363,0.0073461243882775307,6
270,0,"Conv2DLayer(1,8,5, stride=5, padding=0)","all",0.14546173189984554,0.17027009607918794,0.32420324726195443,0.064796933252458541,6
270,0,"Conv2DLayer(1,8,5, stride=5, padding=0)","weights",0.14365165061610921,0.16847429114568876,0.3210762995197663,0.062760943334768754,6
270,0,"Conv2DLayer(1,8,5, stride=5, padding=0)","biases",0.022138252966726623,0.024664120535174024,0.044919432564195221,0.01611541344966097,6
270,4,"DenseLayer( 7202,128 )","all",0.16125445237229308,0.16375677215427786,0.19295414183378096,0.15959539597873273,6
270,4,"DenseLayer( 7202,128 )","weights",0.16096022378151642,0.16345782830166969,0.19256968396253779,0.15927874047257073,6
270,4,"DenseLayer( 7202,128 )","biases",0.0097242801625072837,0.0098903383809630912,0.012174467930023539,0.010048544724484467,6
270,6,"DenseLayer( 128,64 )","all",0.27126861761867793,0.27908300331714248,0.34366632755795401,0.27959273863378542,6
270,6,"DenseLayer( 128,64 )","weights",0.27011484539448155,0.27790507328392511,0.34202518844688307,0.27826194449688368,6
270,6,"DenseLayer( 128,64 )","biases",0.024891501660317811,0.025614312084699161,0.033545717536595528,0.027246829935856236,6
270,8,"DenseLayer( 64,1 )","all",0.18466923367276095,0.1905652533870853,0.24131087362391562,0.19951885241990133,6
270,8,"DenseLayer( 64,1 )","weights",0.18121147965488349,0.18705441600540554,0.2361747661918305,0.19528821170984451,6
270,8,"DenseLayer( 64,1 )","biases",0.035251649717489876,0.036411004536550537,0.049521889537572861,0.040869142860174179,6
271,0,"Conv2DLayer(1,8,5, stride=5, padding=0)","all",0.13032536775924303,0.15582124317526597,0.28074874336844746,0.04310000394312883,6
271,0,"Conv2DLayer(1,8,5, stride=5, padding=0)","weights",0.12810339239463459,0.15308619137429488,0.27425547898790631,0.042147685873453307,6
271,0,"Conv2DLayer(1,8,5, stride=5, padding=0)","biases",0.023270827058633356,0.029066782333071122,0.060031567929519088,0.0090101562367378256,6
271,4,"DenseLayer( 7202,128 )","all",0.12867498414013773,0.15744675552211612,0.30225311340874617,0.031873410472706191,6
271,4,"DenseLayer( 7202,128 )","weights",0.12844651145344077,0.15716382658364306,0.30170183103080578,0.031821141795918668,6
271,4,"DenseLayer( 7202,128 )","biases",0.0076619036995001187,0.0094346403231691522,0.018246909818910917,0.0018246177587798421,6
271,6,"DenseLayer( 128,64 )","all",0.21151821326538756,0.2711103875055319,0.53593692704670437,0.037734354430873675,6
271,6,"DenseLayer( 128,64 )","weights",0.21061586605544064,0.26997138867504517,0.53371472365995465,0.037606370868236823,6
271,6,"DenseLayer( 128,64 )","biases",0.019483784553663293,0.024825219239059185,0.048754317971260272,0.0031052172927872319,6
271,8,"DenseLayer( 64,1 )","all",0.14766035528979801,0.18821327640633378,0.37109753284922864,0.028170471942241277,6
271,8,"DenseLayer( 64,1 )","weights",0.14487276404635413,0.18479211546662561,0.36452182489241319,0.027696087336790912,6
271,8,"DenseLayer( 64,1 )","biases",0.028459090351437528,0.035722702543008848,0.069550111889839172,0.0051480322144925594,6
272,0,"Conv2DLayer(1,8,5, stride=5, padding=0)","all",0.097736835141347025,0.11462462608352257,0.18935125039864814,0.047345454035000241,6
272,0,"Conv2DLayer(1,8,5, stride=5, padding=0)","weights",0.09624682828513384,0.11361502674383477,0.18825484039262333,0.044908858221717238,6
272,0,"Conv2DLayer(1,8,5, stride=5, padding=0)","biases",0.014709754745011931,0.015179940803081984,0.020347262623740318,0.014992880677242125,6
272,4,"DenseLayer( 7202,128 )","all",0.11397359600529194,0.12120072975685849,0.18393260130692393,0.052806476198365419,6
272,4,"DenseLayer( 7202,128 )","weights",0.1137797812527397,0.12098949275233284,0.18360497751173654,0.052744294298012716,6
272,4,"DenseLayer( 7202,128 )","biases",0.0066285516924495212,0.0071525895400365988,0.010973333880209071,0.0025619030998764183,6
272,6,"DenseLayer( 128,64 )","all",0.15828227680434365,0.17512620970947027,0.25743946942623497,0.040744477025993792,6
272,6,"DenseLayer( 128,64 )","weights",0.15752813565670887,0.17426414015084735,0.25616285122911026,0.040657261643613496,6
272,6,"DenseLayer( 128,64 )","biases",0.015379020341373286,0.017355079506910401,0.02560613341826708,0.0026644856472667765,6
272,8,"DenseLayer( 64,1 )","all",0.10790953372444292,0.12049238699659302,0.17294526697999116,0.023094991081990163,6
272,8,"DenseLayer( 64,1 )","weights",0.10545801105465646,0.11765156609307338,0.16874907666334196,0.023033613983436025,6
272,8,"DenseLayer( 64,1 )","biases",0.022659129773577053,0.026010081122209563,0.037865743041038513,0.0016826288774609566,6
273,0,"Conv2DLayer(1,8,5, stride=5, padding=0)","all",0.16024307650455061,0.18305809890360841,0.30505463605308047,0.30505463605308047,6
273,0,"Conv2DLayer(1,8,5, stride=5, padding=0)","weights",0.15706146356906237,0.18002830879309262,0.2993125034515815,0.2993125034515815,6
273,0,"Conv2DLayer(1,8,5, stride=5, padding=0)","biases",0.02995849759239582,0.033167387706935343,0.05890972971440623,0.05890972971440623,6
273,4,"DenseLayer( 7202,128 )","all",0.11623241396920052,0.1261665643518313,0.2138435834724404,0.2138435834724404,6
273,4,"DenseLayer( 7202,128 )","weights",0.1160509842738997,0.12596944352284245,0.21351600388257116,0.21351600388257116,6
273,4,"DenseLayer( 7202,128 )","biases",0.0064881992884045355,0.0070499119774782995,0.011831917779989263,0.011831917779989263,6
273,6,"DenseLayer( 128,64 )","all",0.1574475690257659,0.18011315173316919,0.33868699501126476,0.33868699501126476,6
273,6,"DenseLayer( 128,64 )","weights",0.15691370277355876,0.17950447974045736,0.33762888832244214,0.33762888832244214,6
273,6,"DenseLayer( 128,64 )","biases",0.012883281926875828,0.014794903864620625,0.026750969326594248,0.026750969326594248,6
273,8,"DenseLayer( 64,1 )","all",0.099758105224172361,0.11669349841555553,0.22257177556877311,0.22257177556877311,6
273,8,"DenseLayer( 64,1 )","weights",0.098384072937654152,0.1150286170687958,0.21975691875961645,0.21975691875961645,6
273,8,"DenseLayer( 64,1 )","biases",0.015696831952179007,0.019641533231944931,0.035285860300064087,0.035285860300064087,6
274,0,"Conv2DLayer(1,8,5, stride=5, padding=0)","all",0.1572209233553484,0.18750392471234764,0.31449113512530774,0.039592709821523589,6
274,0,"Conv2DLayer(1,8,5, stride=5, padding=0)","weights",0.15532759142473698,0.18534320914815477,0.31182493236100162,0.039333809291878651,6
274,0,"Conv2DLayer(1,8,5, stride=5, padding=0)","biases",0.023638411215179098,0.02838338607701869,0.046022485440141654,0.0045204112203969986,6
274,4,"DenseLayer( 7202,128 )","all",0.10892273234202177,0.12202563464066231,0.19560198171671139,0.034492303076727883,6
274,4,"DenseLayer( 7202,128 )","weights",0.10875705635648641,0.12183751140595285,0.19527373449849872,0.034440848137570423,6
274,4,"DenseLayer( 7202,128 )","biases",0.006000516090920927,0.0067732063205479765,0.011327129667948736,0.0018833351007359017,6
274,6,"DenseLayer( 128,64 )","all",0.16427661466859486,0.19170923200122142,0.33694957721116853,0.045499329769745862,6
274,6,"DenseLayer( 128,64 )","weights",0.16373286707469537,0.1910743427344922,0.33574043830157319,0.045364705632343495,6
274,6,"DenseLayer( 128,64 )","biases",0.01323531882906342,0.015589264994859187,0.028519741791480976,0.00349749801814165,6
274,8,"DenseLayer( 64,1 )","all",0.10514092655774626,0.12569744814535413,0.2269215385752309,0.025314417937755591,6
274,8,"DenseLayer( 64,1 )","weights",0.10383025736826483,0.12411024690223554,0.22372589902397141,0.025068828920754328,6
274,8,"DenseLayer( 64,1 )","biases",0.015181564958766103,0.019912184313131572,0.037948738783597946,0.0035176088567823172,6
275,0,"Conv2DLayer(1,8,5, stride=5, padding=0)","all",0.16050052695805608,0.20495045674775289,0.39093064626956803,0.39093064626956803,6
275,0,"Conv2DLayer(1,8,5, stride=5, padding=0)","weights",0.15851825339602407,0.20244783103608902,0.38608840084603802,0.38608840084603802,6
275,0,"Conv2DLayer(1,8,5, stride=5, padding=0)","biases",0.024819533443682804,0.031930634661648728,0.06133935869318502,0.06133935869318502,6
275,4,"DenseLayer( 7202,128 )","all",0.10144114395859927,0.11256535358400251,0.18695300379357443,0.18695300379357443,6
275,4,"DenseLayer( 7202,128 )","weights",0.10128710375331498,0.11239579574455363,0.18668443023164666,0.18668443023164666,6
275,4,"DenseLayer( 7202,128 )","biases",0.0055783742804935595,0.0061760769457710491,0.010017441615787201,0.010017441615787201,6
275,6,"DenseLayer( 128,64 )","all",0.15659078716938687,0.17934340386945452,0.29112487978191887,0.29112487978191887,6
275,6,"DenseLayer( 128,64 )","weights",0.15613042741264219,0.17883622914559993,0.29044337542516246,0.29044337542516246,6
275,6,"DenseLayer( 128,64 )","biases",0.011913859151602728,0.013478117689972596,0.019908322372185368,0.019908322372185368,6
275,8,"DenseLayer( 64,1 )","all",0.10171139560318032,0.1165900938162697,0.17882420010383104,0.17882420010383104,6
275,8,"DenseLayer( 64,1 )","weights",0.10068038046050121,0.11547180089740085,0.17787151204469176,0.17787151204469176,6
275,8,"DenseLayer( 64,1 )","biases",0.013996919500641525,0.016109412577669915,0.025236615911126137,0.018434200435876846,6
276,0,"Conv2DLayer(1,8,5, stride=5, padding=0)","all",0.24819305666915953,0.27839321375112019,0.41305513149295886,0.37959599378662612,6
276,0,"Conv2DLayer(1,8,5, stride=5, padding=0)","weights",0.2450433642059982,0.27528910698904108,0.40913146542232015,0.37508997722948834,6
276,0,"Conv2DLayer(1,8,5, stride=5, padding=0)","biases",0.037993682027082226,0.041457074617647263,0.058314899304021631,0.058314899304021631,6
276,4,"DenseLayer( 7202,128 )","all",0.28563180914567743,0.30280753660166515,0.43080576330484549,0.23979368288219596,6
276,4,"DenseLayer( 7202,128 )","weights",0.28511619762915091,0.30225843672369035,0.42995783677849586,0.2393991114787741,6
276,4,"DenseLayer( 7202,128 )","biases",0.017140022335386394,0.018227497143592678,0.027016000618650341,0.01375048265991601,6
276,6,"DenseLayer( 128,64 )","all",0.49009934443734471,0.52146011931833691,0.75402310251471871,0.38784128598417739,6
276,6,"DenseLayer( 128,64 )","weights",0.4880323077072653,0.51921949581605498,0.75025927841161977,0.38660767196096185,6
276,6,"DenseLayer( 128,64 )","biases",0.044811017955397624,0.048288416872121868,0.075245294093369677,0.030909077870194746,6
276,8,"DenseLayer( 64,1 )","all",0.33752286929515152,0.36079040788646477,0.53696382502344908,0.2542574790113909,6
276,8,"DenseLayer( 64,1 )","weights",0.33129941703828686,0.35392042848364014,0.52470018727356327,0.2513290474215587,6
276,8,"DenseLayer( 64,1 )","biases",0.064085578545928001,0.070071739844520656,0.11410461366176605,0.038478247821331024,6
277,0,"Conv2DLayer(1,8,5, stride=5, padding=0)","all",0.14077478131436566,0.1621973936026673,0.27138850583120794,0.073346707988574442,6
277,0,"Conv2DLayer(1,8,5, stride=5, padding=0)","weights",0.1379077632177218,0.15984016731952194,0.26921669891173561,0.068026797851017493,6
277,0,"Conv2DLayer(1,8,5, stride=5, padding=0)","biases",0.026375099382253315,0.027552048975816808,0.036826277048625913,0.027424338586336264,6
277,4,"DenseLayer( 7202,128 )","all",0.25358540600420887,0.25680781746059128,0.31910556474276597,0.26702202774565381,6
277,4,"DenseLayer( 7202,128 )","weights",0.25308987393302451,0.25630601793722801,0.31849142260025537,0.26648785584688484,6
277,4,"DenseLayer( 7202,128 )","biases",0.015843745431054448,0.016046192010371614,0.019788258636503797,0.016881527997508156,6
277,6,"DenseLayer( 128,64 )","all",0.42782458190330436,0.43609896411664767,0.58223138290024501,0.44392291333703804,6
277,6,"DenseLayer( 128,64 )","weights",0.42571025765726472,0.43395622748263302,0.57952361264706653,0.44169589213497013,6
277,6,"DenseLayer( 128,64 )","biases",0.042473522179939473,0.043177530414029434,0.056087125246570856,0.044410492642350016,6
277,8,"DenseLayer( 64,1 )","all",0.29958581413026841,0.30542387157142076,0.40619390310258335,0.31476205738099,6
277,8,"DenseLayer( 64,1 )","weights",0.29275222869473511,0.29852742473940619,0.39767012745596247,0.30764180130317137,6
277,8,"DenseLayer( 64,1 )","biases",0.063585553939143821,0.064537725433531395,0.082776546478271484,0.06657082587480545,6
278,0,"Conv2DLayer(1,8,5, stride=5, padding=0)","all",0.16326397641963508,0.17774626585210276,0.27425628707001926,0.27425628707001926,6
278,0,"Conv2DLayer(1,8,5, stride=5, padding=0)","weights",0.16149775280856798,0.17602952175437231,0.27189579943028463,0.27189579943028463,6
278,0,"Conv2DLayer(1,8,5, stride=5, padding=0)","biases",0.023390293856778571,0.024644319736875663,0.035905225937170313,0.035905225937170313,6
278,4,"DenseLayer( 7202,128 )","all",0.20706965018827611,0.22481976898385173,0.33645932143465207,0.26391944092585246,6
278,4,"DenseLayer( 7202,128 )","weights",0.20666969961105561,0.22438144952164515,0.335790521164472,0.26341828663550493,6
278,4,"DenseLayer( 7202,128 )","biases",0.012860651297460734,0.014031879293875279,0.021203793914270016,0.016256616026390499,6
278,6,"DenseLayer( 128,64 )","all",0.33294620652717483,0.36619181130080136,0.54395608977881649,0.42026417864260601,6
278,6,"DenseLayer( 128,64 )","weights",0.33125548072264688,0.36432003886629299,0.54110599061072717,0.41808334839450495,6
278,6,"DenseLayer( 128,64 )","biases",0.033506086051374145,0.036977722269286417,0.05561056134084183,0.042758550552880671,6
278,8,"DenseLayer( 64,1 )","all",0.23366452341744509,0.25762473945442071,0.3830027393838914,0.29654383589995692,6
278,8,"DenseLayer( 64,1 )","weights",0.22806515270994102,0.25143548198701798,0.37356860135113762,0.28907772871254622,6
278,8,"DenseLayer( 64,1 )","biases",0.050826374441385269,0.056131139102232067,0.084484308958053589,0.066123470664024353,6
279,0,"Conv2DLayer(1,8,5, stride=5, padding=0)","all",0.12757937920370577,0.1430495797634426,0.2344473641201397,0.2344473641201397,6
279,0,"Conv2DLayer(1,8,5, stride=5, padding=0)","weights",0.12522832007561771,0.14090201456971005,0.23299511366711984,0.23299511366711984,6
279,0,"Conv2DLayer(1,8,5, stride=5, padding=0)","biases",0.023227569440094121,0.024694221200409251,0.032504175733649117,0.026054626271111152,6
279,4,"DenseLayer( 7202,128 )","all",0.15439663742216664,0.17193545512357861,0.25442967428015029,0.19813068828760877,6
279,4,"DenseLayer( 7202,128 )","weights",0.15410893745090981,0.17160331931075568,0.25391354504530433,0.19775826135663321,6
279,4,"DenseLayer( 7202,128 )","biases",0.0094043867644828544,0.010681831775633912,0.016197863958854971,0.012142475304613433,6
279,6,"DenseLayer( 128,64 )","all",0.23824367483944264,0.27448972866875254,0.42663347061141926,0.28968745477601188,6
279,6,"DenseLayer( 128,64 )","weights",0.23706290995550067,0.27307019068666527,0.42432283847459346,0.28812579659167675,6
279,6,"DenseLayer( 128,64 )","biases",0.02355164128541622,0.027879779464580787,0.044342383729439147,0.030039087752720205,6
279,8,"DenseLayer( 64,1 )","all",0.16477620328532566,0.19398357220905532,0.30266513905414738,0.19893195368740427,6
279,8,"DenseLayer( 64,1 )","weights",0.16093344308851926,0.18924764129365179,0.29494079392534833,0.19363425597140127,6
279,8,"DenseLayer( 64,1 )","biases",0.034442442042442657,0.042602306883255357,0.067941993474960327,0.045603696256875992,6
280,0,"Conv2DLayer(1,8,5, stride=5, padding=0)","all",0.28003889091933892,0.33779756190709725,0.58399723645298118,0.071845748836201234,6
280,0,"Conv2DLayer(1,8,5, stride=5, padding=0)","weights",0.27731827898863626,0.33459301832920196,0.57820579295124808,0.070693003835651053,6
280,0,"Conv2DLayer(1,8,5, stride=5, padding=0)","biases",0.038693133318145369,0.046418799162984956,0.082041655165760952,0.012818378779203584,6
280,4,"DenseLayer( 7202,128 )","all",0.13622386701985059,0.15842376789083515,0.26303543649969929,0.078681380708672047,6
280,4,"DenseLayer( 7202,128 )","weights",0.13601973511175822,0.15818125119032628,0.26263633263729103,0.078572034692653281,6
280,4,"DenseLayer( 7202,128 )","biases",0.0074518768212945051,0.0087625341421361455,0.014484392752944362,0.0041466895807954996,6
280,6,"DenseLayer( 128,64 )","all",0.17458462416892948,0.20560572949299555,0.33666137614249159,0.094812883316999455,6
280,6,"DenseLayer( 128,64 )","weights",0.174033046218248,0.20493003045758915,0.33567677039860233,0.094432672815385324,6
280,6,"DenseLayer( 128,64 )","biases",0.013776758180997431,0.016655287959036869,0.028122627798277382,0.0084825201340956551,6
280,8,"DenseLayer( 64,1 )","all",0.10675274744037631,0.12535711796534033,0.20212398714290758,0.064212913109718134,6
280,8,"DenseLayer( 64,1 )","weights",0.10532921556735739,0.12352642039661325,0.19973084346396636,0.063076423556945607,6
280,8,"DenseLayer( 64,1 )","biases",0.016401768002348643,0.021345502771671097,0.03878309577703476,0.012027593329548836,6
281,0,"Conv2DLayer(1,8,5, stride=5, padding=0)","all",0.19304318105592666,0.23043355254469558,0.35433953804988466,0.060617183857465229,6
281,0,"Conv2DLayer(1,8,5, stride=5, padding=0)","weights",0.19021198361844302,0.22765172784729476,0.35016143697434765,0.058510050327187396,6
281,0,"Conv2DLayer(1,8,5, stride=5, padding=0)","biases",0.031758856491037921,0.03569752017311878,0.054253813520024716,0.015843515693170558,6
281,4,"DenseLayer( 7202,128 )","all",0.16506768476484629,0.18203491135645058,0.25659437809115765,0.23676203083283257,6
281,4,"DenseLayer( 7202,128 )","weights",0.16477772782955077,0.18170251467621251,0.25607130219571611,0.23629742044144353,6
281,4,"DenseLayer( 7202,128 )","biases",0.0097503224756808043,0.010995686103722251,0.016375685017067217,0.014825260092383375,6
281,6,"DenseLayer( 128,64 )","all",0.23395470376614833,0.269233626668691,0.40014638212605214,0.39231183575896966,6
281,6,"DenseLayer( 128,64 )","weights",0.2329483594221449,0.26797643856295483,0.39798879146706806,0.39036677229821193,6
281,6,"DenseLayer( 128,64 )","biases",0.021411064462751296,0.025987960756684084,0.041497578184167952,0.039017426389354903,6
281,8,"DenseLayer( 64,1 )","all",0.15676885170337856,0.1864918781811381,0.28627208090760203,0.28280002033816271,6
281,8,"DenseLayer( 64,1 )","weights",0.15367332805871148,0.18241061079157855,0.27910722511663827,0.27646983937065572,6
281,8,"DenseLayer( 64,1 )","biases",0.029531742688656475,0.038801929052196704,0.063646376132965088,0.059500247240066528,6
282,0,"Conv2DLayer(1,8,5, stride=5, padding=0)","all",0.22032711280440301,0.23384188883159274,0.33684798048687814,0.33684798048687814,6
282,0,"Conv2DLayer(1,8,5, stride=5, padding=0)","weights",0.21750077080730884,0.23055235695160484,0.32982792845247422,0.32982792845247422,6
282,0,"Conv2DLayer(1,8,5, stride=5, padding=0)","biases",0.034463665789050066,0.039085031359674713,0.068411253247092019,0.068411253247092019,6
282,4,"DenseLayer( 7202,128 )","all",0.15569553174610851,0.16226609666252961,0.2155472082031539,0.2155472082031539,6
282,4,"DenseLayer( 7202,128 )","weights",0.15542114410769617,0.16197723244617815,0.21518183521272896,0.21518183521272896,6
282,4,"DenseLayer( 7202,128 )","biases",0.0092322634472629395,0.0096779282478314625,0.012544989384441119,0.012544989384441119,6
282,6,"DenseLayer( 128,64 )","all",0.24354256747225356,0.26107302351304357,0.35553906457323931,0.35553906457323931,6
282,6,"DenseLayer( 128,64 )","weights",0.2425344473328522,0.25997424206755276,0.35429887722085612,0.35429887722085612,6
282,6,"DenseLayer( 128,64 )","biases",0.02206064066818969,0.023927328886519626,0.034013294108345228,0.029670389914100318,6
282,8,"DenseLayer( 64,1 )","all",0.16123362968235264,0.17587287056859044,0.24275142179559425,0.24275142179559425,6
282,8,"DenseLayer( 64,1 )","weights",0.15827293796495345,0.17261882521182648,0.23954554281923143,0.23954554281923143,6
282,8,"DenseLayer( 64,1 )","biases",0.030518845655024052,0.033675032064202436,0.049716997891664505,0.039321567863225937,6
283,0,"Conv2DLayer(1,8,5, stride=5, padding=0)","all",0.28683823538136127,0.35055171136795388,0.5698679609194427,0.073517151633490846,6
283,0,"Conv2DLayer(1,8,5, stride=5, padding=0)","weights",0.28338660527676396,0.34654337636144938,0.56218909221155366,0.071382390170297849,6
283,0,"Conv2DLayer(1,8,5, stride=5, padding=0)","biases",0.043837031030633855,0.052860104455137967,0.09323581651292949,0.01758766493531904,6
283,4,"DenseLayer( 7202,128 )","all",0.17201713144991665,0.18854990990032475,0.27138874242228173,0.13041334274454242,6
283,4,"DenseLayer( 7202,128 )","weights",0.17173654778711417,0.18825090266668723,0.2709885588866297,0.13014068383171654,6
283,4,"DenseLayer( 7202,128 )","biases",0.0097974060110190414,0.010614432090226542,0.014732632693961837,0.0084286640470889011,6
283,6,"DenseLayer( 128,64 )","all",0.26341282565497898,0.29236651996678725,0.42710298617077419,0.22336831590869008,6
283,6,"DenseLayer( 128,64 )","weights",0.26253706211412242,0.29143680030699465,0.42597015842659308,0.22228722565548262,6
283,6,"DenseLayer( 128,64 )","biases",0.021177302076494351,0.023297498241457635,0.034007287039512182,0.021949803239959011,6
283,8,"DenseLayer( 64,1 )","all",0.17059369092345128,0.18984750895505886,0.27529255740368747,0.16253722512792704,6
283,8,"DenseLayer( 64,1 )","weights",0.16845799613300858,0.18757868724283142,0.27308131577904243,0.1591054554983663,6
283,8,"DenseLayer( 64,1 )","biases",0.025667734870997567,0.029262821953755402,0.045359291136264801,0.033223539590835571,6
284,0,"Conv2DLayer(1,8,5, stride=5, padding=0)","all",0.40035837378327555,0.42188041509833873,0.59149284378097666,0.33335918508817342,6
284,0,"Conv2DLayer(1,8,5, stride=5, padding=0)","weights",0.39650368137524877,0.41780297253681203,0.58562717806480968,0.33151573210415186,6
284,0,"Conv2DLayer(1,8,5, stride=5, padding=0)","biases",0.055085740511712639,0.058512911250000937,0.083093877969165508,0.035009507995675822,6
284,4,"DenseLayer( 7202,128 )","all",0.23314966007221286,0.2378900168877392,0.30471946409407896,0.17189161005967621,6
284,4,"DenseLayer( 7202,128 )","weights",0.23276535021845041,0.2374900274652712,0.30411040229965203,0.17164263996031864,6
284,4,"DenseLayer( 7202,128 )","biases",0.013354439793568217,0.013789379586971039,0.019256557608422036,0.0092482299041605504,6
284,6,"DenseLayer( 128,64 )","all",0.34202138516487235,0.35391487033012525,0.48564497610642066,0.19786617530379186,6
284,6,"DenseLayer( 128,64 )","weights",0.34075252533392419,0.35252188796512973,0.48305887491164318,0.19732972152155595,6
284,6,"DenseLayer( 128,64 )","biases",0.029163341983024067,0.031369634143386588,0.050051635203091915,0.014560368593413775,6
284,8,"DenseLayer( 64,1 )","all",0.22167264646167956,0.23362407939868424,0.34120706781029198,0.1121531672081664,6
284,8,"DenseLayer( 64,1 )","weights",0.21814746526879583,0.22950882423765628,0.33259286556930184,0.11109963177926145,6
284,8,"DenseLayer( 64,1 )","biases",0.038430854522933565,0.043656729972952696,0.076185621321201324,0.015336385928094387,6
285,0,"Conv2DLayer(1,8,5, stride=5, padding=0)","all",0.28702134637297355,0.32196667563813836,0.53876658115361153,0.21557074705570173,6
285,0,"Conv2DLayer(1,8,5, stride=5, padding=0)","weights",0.28420414149012474,0.31893796356152671,0.53313222896913703,0.21263550098937256,6
285,0,"Conv2DLayer(1,8,5, stride=5, padding=0)","biases",0.039300184819056387,0.044058093702524934,0.077713933128820648,0.035452654416162951,6
285,4,"DenseLayer( 7202,128 )","all",0.20262982904222834,0.20910238276932405,0.30232793276660413,0.16019199257093844,6
285,4,"DenseLayer( 7202,128 )","weights",0.20228368578954486,0.20874046161532575,0.30172309331433123,0.15987581374539064,6
285,4,"DenseLayer( 7202,128 )","biases",0.011793906250362604,0.012297404784328085,0.019114232701305224,0.010059754624082828,6
285,6,"DenseLayer( 128,64 )","all",0.30658785752958162,0.31742910068865449,0.47819840330293512,0.24428489951287558,6
285,6,"DenseLayer( 128,64 )","weights",0.30533251390363308,0.31608126286051058,0.47568336076994949,0.24287324967665366,6
285,6,"DenseLayer( 128,64 )","biases",0.027244326825121533,0.029221040921103041,0.048980130747913228,0.026223972268090368,6
285,8,"DenseLayer( 64,1 )","all",0.20424808489649787,0.21374924791772285,0.33667353105244202,0.16671754408230832,6
285,8,"DenseLayer( 64,1 )","weights",0.20054308137611415,0.20961274445972022,0.32845441202186004,0.16183418215883857,6
285,8,"DenseLayer( 64,1 )","biases",0.036855013730625309,0.041847799768400806,0.073937579989433289,0.040055423974990845,6
286,0,"Conv2DLayer(1,8,5, stride=5, padding=0)","all",0.21555067210275358,0.25050320356151445,0.38913737118732689,0.17007386472897332,6
286,0,"Conv2DLayer(1,8,5, stride=5, padding=0)","weights",0.21273064779392498,0.24730455985749109,0.38394667706422397,0.1688286654477294,6
286,0,"Conv2DLayer(1,8,5, stride=5, padding=0)","biases",0.034373922426002824,0.039903755064832555,0.063347003290794471,0.020542667474984289,6
286,4,"DenseLayer( 7202,128 )","all",0.12764104621613417,0.13460563119334415,0.18956601578203561,0.116028846900224,6
286,4,"DenseLayer( 7202,128 )","weights",0.12743355564871589,0.13438925408629515,0.1892666437706354,0.11586013496952338,6
286,4,"DenseLayer( 7202,128 )","biases",0.0072692662714800987,0.0076291765668245913,0.01064950211391907,0.0062547931891828046,6
286,6,"DenseLayer( 128,64 )","all",0.20270793367536649,0.21420937968959008,0.29825991788376821,0.18236796195018065,6
286,6,"DenseLayer( 128,64 )","weights",0.20204762383683667,0.21355236312734152,0.29743136772033046,0.18178047788112384,6
286,6,"DenseLayer( 128,64 )","biases",0.016256332618466596,0.016764443018693793,0.022216212819599013,0.014626394195863536,6
286,8,"DenseLayer( 64,1 )","all",0.13358428198108718,0.13957403273980504,0.18980993383414546,0.12889885046358854,6
286,8,"DenseLayer( 64,1 )","weights",0.13209247619784031,0.1381838983433899,0.18836310132637127,0.12727672820617,6
286,8,"DenseLayer( 64,1 )","biases",0.019444534244636696,0.019649958113844769,0.023391302675008774,0.020384997129440308,6
287,0,"Conv2DLayer(1,8,5, stride=5, padding=0)","all",0.2189020225924535,0.23702665815954252,0.36593577003657757,0.11450886244003029,6
287,0,"Conv2DLayer(1,8,5, stride=5, padding=0)","weights",0.21634325374623586,0.23473197437429069,0.36315732862291861,0.1126909191036477,6
287,0,"Conv2DLayer(1,8,5, stride=5, padding=0)","biases",0.032050869799032891,0.03290192828130261,0.045008248796509588,0.020323295227027312,6
287,4,"DenseLayer( 7202,128 )","all",0.13069145265693757,0.13378043394004943,0.15886551402540691,0.15247100234105304,6
287,4,"DenseLayer( 7202,128 )","weights",0.13047950626418794,0.13356499517299983,0.15863870714330822,0.15215618450578733,6
287,4,"DenseLayer( 7202,128 )","biases",0.0074148573357663309,0.0075892403852073726,0.0097929603045352302,0.0097929603045352302,6
287,6,"DenseLayer( 128,64 )","all",0.18080403452521207,0.18785480361164425,0.24994124426282743,0.24994124426282743,6
287,6,"DenseLayer( 128,64 )","weights",0.18015954673659859,0.18717897384559354,0.24852309624844052,0.24852309624844052,6
287,6,"DenseLayer( 128,64 )","biases",0.014927385292980586,0.015920395412175797,0.026587519905751623,0.026587519905751623,6
287,8,"DenseLayer( 64,1 )","all",0.11256824161567389,0.11891640301655738,0.1741907140734798,0.1741907140734798,6
287,8,"DenseLayer( 64,1 )","weights",0.11100487008353425,0.1171788259899348,0.16947708353799329,0.16947708353799329,6
287,8,"DenseLayer( 64,1 )","biases",0.01731252468501528,0.020254225386740408,0.040248267352581024,0.040248267352581024,6
288,0,"Conv2DLayer(1,8,5, stride=5, padding=0)","all",0.15506529006439829,0.16620022409701546,0.25372915498004428,0.25372915498004428,6
288,0,"Conv2DLayer(1,8,5, stride=5, padding=0)","weights",0.15361243039436934,0.16466673445392824,0.2507056043394893,0.2507056043394893,6
288,0,"Conv2DLayer(1,8,5, stride=5, padding=0)","biases",0.020743724675892292,0.02252512051416479,0.039053604694813497,0.039053604694813497,6
288,4,"DenseLayer( 7202,128 )","all",0.11204827300883437,0.11717275246697534,0.17939509952931015,0.17939509952931015,6
288,4,"DenseLayer( 7202,128 )","weights",0.1118604651369926,0.11697056886540066,0.17904969949433291,0.17904969949433291,6
288,4,"DenseLayer( 7202,128 )","biases",0.0064686988931336696,0.0068804026038914246,0.011126852480381453,0.011126852480381453,6
288,6,"DenseLayer( 128,64 )","all",0.15384512959323385,0.16746488363327938,0.27249834897220709,0.27249834897220709,6
288,6,"DenseLayer( 128,64 )","weights",0.15320337477188173,0.16671452830572894,0.2709810897207468,0.2709810897207468,6
288,6,"DenseLayer( 128,64 )","biases",0.013928321154259352,0.015835191887252371,0.028715835462951853,0.028715835462951853,6
288,8,"DenseLayer( 64,1 )","all",0.096165608985480391,0.10817810593071411,0.18480821460259669,0.18480821460259669,6
288,8,"DenseLayer( 64,1 )","weights",0.09446499751517079,0.10594172262240327,0.17960262568761667,0.17960262568761667,6
288,8,"DenseLayer( 64,1 )","biases",0.017310101616506774,0.021882733160064134,0.043554253876209259,0.043554253876209259,6
289,0,"Conv2DLayer(1,8,5, stride=5, padding=0)","all",0.13318593676089327,0.15219333665306825,0.28690590110846714,0.28690590110846714,6
289,0,"Conv2DLayer(1,8,5, stride=5, padding=0)","weights",0.13171855617236103,0.15098502266723321,0.28587735627040162,0.28587735627040162,6
289,0,"Conv2DLayer(1,8,5, stride=5, padding=0)","biases",0.018439585274406867,0.019139870735436975,0.026233466766649831,0.024272067540846317,6
289,4,"DenseLayer( 7202,128 )","all",0.1393569545742267,0.15110640587527188,0.23925359626285875,0.19644311520592567,6
289,4,"DenseLayer( 7202,128 )","weights",0.13911756816521889,0.15083849641370062,0.23876662254578671,0.19612472532861713,6
289,4,"DenseLayer( 7202,128 )","biases",0.0081459978415180066,0.0089941034125933725,0.015257237062745888,0.011179875964565792,6
289,6,"DenseLayer( 128,64 )","all",0.20867970481737266,0.23658516518925346,0.39674466397608255,0.32293422426233931,6
289,6,"DenseLayer( 128,64 )","weights",0.20781914522651462,0.23557453085404234,0.39474755708278253,0.32184101939735993,6
289,6,"DenseLayer( 128,64 )","biases",0.018862867653407389,0.021844468419354744,0.039757949779509263,0.026549414931162318,6
289,8,"DenseLayer( 64,1 )","all",0.14331418747216601,0.16310233174268179,0.27332760607110007,0.2205370500651995,6
289,8,"DenseLayer( 64,1 )","weights",0.1407516849780221,0.1600929505004014,0.26720104282413965,0.21758659338071507,6
289,8,"DenseLayer( 64,1 )","biases",0.026830220595002174,0.031186821254752053,0.057546354830265045,0.035953648388385773,6
290,0,"Conv2DLayer(1,8,5, stride=5, padding=0)","all",0.17550721061132915,0.18691783747071986,0.24389687315200148,0.21389890020904423,6
290,0,"Conv2DLayer(1,8,5, stride=5, padding=0)","weights",0.17238695698122469,0.18402989903241998,0.24141315659557633,0.20969764623404774,6
290,0,"Conv2DLayer(1,8,5, stride=5, padding=0)","biases",0.031497512858561796,0.03273032579806915,0.042185740180051549,0.042185740180051549,6
290,4,"DenseLayer( 7202,128 )","all",0.11805072437866233,0.12208977781494219,0.17714938830720492,0.091197386175744216,6
290,4,"DenseLayer( 7202,128 )","weights",0.11785155963743604,0.12188238596442298,0.17683565488909345,0.091045636589495937,6
290,4,"DenseLayer( 7202,128 )","biases",0.0068429926519551114,0.0071132157651361645,0.010538355543552128,0.0052588309823820342,6
290,6,"DenseLayer( 128,64 )","all",0.16389400896144524,0.17211262907376512,0.26772322840404278,0.11513316620217941,6
290,6,"DenseLayer( 128,64 )","weights",0.16330000059861399,0.17147361689568613,0.26662252199248243,0.11476944924846307,6
290,6,"DenseLayer( 128,64 )","biases",0.013821351779628704,0.014817415273755638,0.024251964733841169,0.009144368701180336,6
290,8,"DenseLayer( 64,1 )","all",0.10243334669701237,0.10942797558414509,0.17982356931683366,0.064515033107462552,6
290,8,"DenseLayer( 64,1 )","weights",0.1011602111958263,0.10794752988741897,0.17683979553652443,0.063964215970314681,6
290,8,"DenseLayer( 64,1 )","biases",0.015241680589194099,0.017939136870235513,0.032622121274471283,0.0084124058485031128,6
291,0,"Conv2DLayer(1,8,5, stride=5, padding=0)","all",0.20850995022761698,0.25803553842608906,0.46255849381517705,0.23389842187298773,6
291,0,"Conv2DLayer(1,8,5, stride=5, padding=0)","weights",0.20585073597045539,0.25484937245744788,0.45581163035468941,0.23040739636800489,6
291,0,"Conv2DLayer(1,8,5, stride=5, padding=0)","biases",0.032198109416839218,0.040424453600347757,0.078715423100972931,0.040260445273136727,6
291,4,"DenseLayer( 7202,128 )","all",0.12980040061599457,0.14143995463612308,0.21024670901744361,0.16314210005913132,6
291,4,"DenseLayer( 7202,128 )","weights",0.12959720049963566,0.14122117990245803,0.20993546603477586,0.16284916313843215,6
291,4,"DenseLayer( 7202,128 )","biases",0.0072501697217768881,0.0078637849936364045,0.011435853856493254,0.0097721480144296463,6
291,6,"DenseLayer( 128,64 )","all",0.18810824881664379,0.20861000280461997,0.30638129202866565,0.26660576797464552,6
291,6,"DenseLayer( 128,64 )","weights",0.18756280697798972,0.20803272198177411,0.3057137117691881,0.26568226153597457,6
291,6,"DenseLayer( 128,64 )","biases",0.014215792803065357,0.015508702556868854,0.022171410024636191,0.022171410024636191,6
291,8,"DenseLayer( 64,1 )","all",0.11899022567783722,0.13131119066269811,0.17813146580162798,0.17764131041264958,6
291,8,"DenseLayer( 64,1 )","weights",0.11786498777775571,0.13016394971915479,0.1774602120438562,0.17549211726829114,6
291,8,"DenseLayer( 64,1 )","biases",0.015788712228337925,0.017319785990733111,0.027549082413315773,0.027549082413315773,6
292,0,"Conv2DLayer(1,8,5, stride=5, padding=0)","all",0.13280300081359192,0.16252816485685123,0.31849056587375302,0.31849056587375302,6
292,0,"Conv2DLayer(1,8,5, stride=5, padding=0)","weights",0.13104024128669531,0.16053715373863653,0.3154554370106698,0.3154554370106698,6
292,0,"Conv2DLayer(1,8,5, stride=5, padding=0)","biases",0.021014936614208477,0.025361913201357358,0.043864653321218909,0.043864653321218909,6
292,4,"DenseLayer( 7202,128 )","all",0.07942327080882744,0.091649246297129713,0.16962609389295688,0.16962609389295688,6
292,4,"DenseLayer( 7202,128 )","weights",0.079300350574484563,0.091512127055609724,0.16939696190474324,0.16939696190474324,6
292,4,"DenseLayer( 7202,128 )","biases",0.0044068214801406989,0.0050114816760998852,0.0088136840665629934,0.0088136840665629934,6
292,6,"DenseLayer( 128,64 )","all",0.1031199305753812,0.12423317879819076,0.23388711240831897,0.23388711240831897,6
292,6,"DenseLayer( 128,64 )","weights",0.10273802589312117,0.12382764819506963,0.23336824552361388,0.23336824552361388,6
292,6,"DenseLayer( 128,64 )","biases",0.0086276685662866909,0.010029768530793846,0.016010228352865717,0.015570591894076941,6
292,8,"DenseLayer( 64,1 )","all",0.061314793772062913,0.07482727054131573,0.1380064070567561,0.1380064070567561,6
292,8,"DenseLayer( 64,1 )","weights",0.060380088434945488,0.073836530475693413,0.13728902807821103,0.13728902807821103,6
292,8,"DenseLayer( 64,1 )","biases",0.0093302817549556494,0.012136193141807387,0.024377463385462761,0.014053154736757278,6
293,0,"Conv2DLayer(1,8,5, stride=5, padding=0)","all",0.19733836726566706,0.23203149373128062,0.37865316069487309,0.03523122523017324,6
293,0,"Conv2DLayer(1,8,5, stride=5, padding=0)","weights",0.19467125384658623,0.22985457739301801,0.37486043731151741,0.03171728125211512,6
293,0,"Conv2DLayer(1,8,5, stride=5, padding=0)","biases",0.028701081872737982,0.031709420282408432,0.053459037054882627,0.015337969265630375,6
293,4,"DenseLayer( 7202,128 )","all",0.13542928416808026,0.13900185651042898,0.19357035572695769,0.091888651017214981,6
293,4,"DenseLayer( 7202,128 )","weights",0.13519493384091566,0.13876039677699173,0.19324182131042511,0.091715658007257644,6
293,4,"DenseLayer( 7202,128 )","biases",0.0079439944722388082,0.0081895298789189473,0.01127302589771996,0.0056358018115685712,6
293,6,"DenseLayer( 128,64 )","all",0.20198277000622655,0.20725409144856893,0.28020144830108701,0.15998639575983853,6
293,6,"DenseLayer( 128,64 )","weights",0.20112173904136746,0.20634654323449506,0.27892544604415698,0.15916621883561929,6
293,6,"DenseLayer( 128,64 )","biases",0.018387755292567688,0.01937427462762004,0.026710432027483681,0.016179048482387121,6
293,8,"DenseLayer( 64,1 )","all",0.13325630107393482,0.13728836230637789,0.18176549254840133,0.11514729551867925,6
293,8,"DenseLayer( 64,1 )","weights",0.13062273582805248,0.13442511408101082,0.17753099275324716,0.11236044193946791,6
293,8,"DenseLayer( 64,1 )","biases",0.025470247725024819,0.027892348934331582,0.039005652070045471,0.025179967284202576,6
294,0,"Conv2DLayer(1,8,5, stride=5, padding=0)","all",0.30877164656359057,0.34440416768212145,0.52777275770932508,0.25923167990762719,6
294,0,"Conv2DLayer(1,8,5, stride=5, padding=0)","weights",0.30534629343485314,0.34117692153885104,0.52449296803682188,0.25677928214522228,6
294,0,"Conv2DLayer(1,8,5, stride=5, padding=0)","biases",0.043962031193539031,0.047037633083388437,0.072157600557760812,0.035573362628725437,6
294,4,"DenseLayer( 7202,128 )","all",0.16968150726946668,0.1751062703771821,0.23433917705191451,0.11322858820049599,6
294,4,"DenseLayer( 7202,128 )","weights",0.16940916904940337,0.17482943167822004,0.23404714457188591,0.1130462000198633,6
294,4,"DenseLayer( 7202,128 )","biases",0.0095705932302433804,0.0098425476619315305,0.012160049803668005,0.0064241611862217596,6
294,6,"DenseLayer( 128,64 )","all",0.24125806512522291,0.24791073488648574,0.30573556192613577,0.14379219503178145,6
294,6,"DenseLayer( 128,64 )","weights",0.24042283864076949,0.24703398152783948,0.30416562029560135,0.14324518517503351,6
294,6,"DenseLayer( 128,64 )","biases",0.019579690555569546,0.020831333189704194,0.030943646463887788,0.012530453951402922,6
294,8,"DenseLayer( 64,1 )","all",0.15237909638819686,0.1588327952930251,0.21835392082099347,0.081116018226102093,6
294,8,"DenseLayer( 64,1 )","weights",0.1502570178812625,0.15641150694845982,0.21310316943936736,0.079744458511566585,6
294,8,"DenseLayer( 64,1 )","biases",0.023112323756019276,0.027627836591161581,0.047596994787454605,0.014853610657155514,6
295,0,"Conv2DLayer(1,8,5, stride=5, padding=0)","all",0.22210920335582174,0.25927681441152134,0.47855930283105885,0.24690607815738516,6
295,0,"Conv2DLayer(1,8,5, stride=5, padding=0)","weights",0.21987773847660902,0.25642575315283256,0.47159733269962967,0.24634166106939026,6
295,0,"Conv2DLayer(1,8,5, stride=5, padding=0)","biases",0.030226517755966568,0.038344486062393053,0.081332417379196997,0.016685246555997867,6
295,4,"DenseLayer( 7202,128 )","all",0.13273093642227743,0.14004401237578273,0.20076662239372206,0.17660004298626075,6
295,4,"DenseLayer( 7202,128 )","weights",0.13251509399192155,0.13981782555826103,0.20047979756815232,0.17629507037759776,6
295,4,"DenseLayer( 7202,128 )","biases",0.0075411620376144937,0.0079561962311194469,0.010727881170857902,0.010374167113894012,6
295,6,"DenseLayer( 128,64 )","all",0.20401746074718902,0.21763501140859789,0.30728471369792587,0.30728471369792587,6
295,6,"DenseLayer( 128,64 )","weights",0.20332626050940947,0.21689657207452417,0.30611879201064701,0.30611879201064701,6
295,6,"DenseLayer( 128,64 )","biases",0.016396384207341116,0.017912990067023325,0.026742857931763772,0.026742857931763772,6
295,8,"DenseLayer( 64,1 )","all",0.13133523168312364,0.14012091874104129,0.20603435094616382,0.20603435094616382,6
295,8,"DenseLayer( 64,1 )","weights",0.12969276678801853,0.13827821152621328,0.20283370991712696,0.20283370991712696,6
295,8,"DenseLayer( 64,1 )","biases",0.018420235952362418,0.022649681806712438,0.036175128072500229,0.036175128072500229,6
296,0,"Conv2DLayer(1,8,5, stride=5, padding=0)","all",0.25623952440913589,0.27641421532638105,0.38838671443827694,0.38838671443827694,6
296,0,"Conv2DLayer(1,8,5, stride=5, padding=0)","weights",0.2537375080587575,0.27361700632608432,0.38274921384112415,0.38274921384112415,6
296,0,"Conv2DLayer(1,8,5, stride=5, padding=0)","biases",0.03522532641494918,0.039224383789302208,0.065933900659380956,0.065933900659380956,6
296,4,"DenseLayer( 7202,128 )","all",0.20223771548881081,0.20565495696472161,0.25853711645627664,0.1722245052297188,6
296,4,"DenseLayer( 7202,128 )","weights",0.20186409887499296,0.20527073930435547,0.25803112370933906,0.1719607116628924,6
296,4,"DenseLayer( 7202,128 )","biases",0.01227301880870554,0.012565226205875649,0.016167244131951038,0.0095285804825807237,6
296,6,"DenseLayer( 128,64 )","all",0.31090564811176624,0.32073007751617166,0.40816266843431898,0.21435922417233177,6
296,6,"DenseLayer( 128,64 )","weights",0.30939628305868722,0.31913484592550989,0.4059326143579467,0.21373516737796797,6
296,6,"DenseLayer( 128,64 )","biases",0.030486665215327724,0.031948908269775665,0.042608408840818415,0.016344883409678958,6
296,8,"DenseLayer( 64,1 )","all",0.21309348112053175,0.22242503137629255,0.2855949949030534,0.1221992413789367,6
296,8,"DenseLayer( 64,1 )","weights",0.20815497716590517,0.21711537113079532,0.27905977119310527,0.12074596098512048,6
296,8,"DenseLayer( 64,1 )","biases",0.045391020365059376,0.048309524956076037,0.065831385552883148,0.018790090456604958,6
297,0,"Conv2DLayer(1,8,5, stride=5, padding=0)","all",0.14127850760391994,0.14912155883592826,0.21335149017568811,0.055922963026868881,6
297,0,"Conv2DLayer(1,8,5, stride=5, padding=0)","weights",0.13972283342076997,0.14768542414751842,0.21216637872158572,0.053721505215406723,6
297,0,"Conv2DLayer(1,8,5, stride=5, padding=0)","biases",0.019380754136417967,0.020645939165482186,0.030957024376023389,0.015536333901392972,6
297,4,"DenseLayer( 7202,128 )","all",0.13217854295761367,0.13602529215911882,0.17780754007077307,0.1498207424126678,6
297,4,"DenseLayer( 7202,128 )","weights",0.13193277185348837,0.1357697728897867,0.17747025145745768,0.14951296177551462,6
297,4,"DenseLayer( 7202,128 )","biases",0.008050967184882624,0.0083335992481860851,0.01094674169085532,0.0095983914379677952,6
297,6,"DenseLayer( 128,64 )","all",0.2146313569106236,0.22058708493630669,0.26893952193585041,0.24622358619319995,6
297,6,"DenseLayer( 128,64 )","weights",0.21365513295820485,0.2195620919271489,0.2675103550883482,0.24494236507635958,6
297,6,"DenseLayer( 128,64 )","biases",0.020382233025065529,0.02124028788109034,0.027688921603948456,0.025085696893639289,6
297,8,"DenseLayer( 64,1 )","all",0.14754328178346879,0.15245095955287669,0.18971396307010857,0.17287332311851739,6
297,8,"DenseLayer( 64,1 )","weights",0.14455591150630823,0.14925363334761746,0.18494758041735213,0.16868100689758944,6
297,8,"DenseLayer( 64,1 )","biases",0.029314260308941204,0.031058782994956794,0.042258493602275848,0.037840504199266434,6
298,0,"Conv2DLayer(1,8,5, stride=5, padding=0)","all",0.10673287663656392,0.11719908566312023,0.17431247703628075,0.15273751202789801,6
298,0,"Conv2DLayer(1,8,5, stride=5, padding=0)","weights",0.10484846811745081,0.11531326568667928,0.17162872226904322,0.15004651525809179,6
298,0,"Conv2DLayer(1,8,5, stride=5, padding=0)","biases",0.019555192019112749,0.020939828961687178,0.030470007266483221,0.028544541323614246,6
298,4,"DenseLayer( 7202,128 )","all",0.10232546889743399,0.11137967710858566,0.18030215424515536,0.082305869612705834,6
298,4,"DenseLayer( 7202,128 )","weights",0.1021423795511066,0.1111730215599788,0.17992872697121931,0.082177901788187041,6
298,4,"DenseLayer( 7202,128 )","biases",0.0061093406329881484,0.0067817217605334601,0.011598277284157691,0.004587878637760447,6
298,6,"DenseLayer( 128,64 )","all",0.16413259184231727,0.18120037041285153,0.30391640108430046,0.13370277399706235,6
298,6,"DenseLayer( 128,64 )","weights",0.16343051737372899,0.18037132892862859,0.30226543452428839,0.13326007576532251,6
298,6,"DenseLayer( 128,64 )","biases",0.015056704125729514,0.017313518945467971,0.031635200961531836,0.010871245629183294,6
298,8,"DenseLayer( 64,1 )","all",0.10912155582685748,0.12345344102468571,0.21468513555536686,0.081583139740004459,6
298,8,"DenseLayer( 64,1 )","weights",0.10711570286265877,0.12090887142366537,0.20920919954507966,0.080685807414534003,6
298,8,"DenseLayer( 64,1 )","biases",0.020330754807218909,0.024935855948635673,0.048179022967815399,0.012066862545907497,6
299,0,"Conv2DLayer(1,8,5, stride=5, padding=0)","all",0.11292994966243629,0.11428961793526235,0.13454079627920673,0.096498488075190569,6
299,0,"Conv2DLayer(1,8,5, stride=5, padding=0)","weights",0.11137548243416368,0.11276098650992271,0.13387515761431723,0.095816465040672358,6
299,0,"Conv2DLayer(1,8,5, stride=5, padding=0)","biases",0.017938449669759018,0.018629994339700376,0.024902133372123696,0.011452651566659535,6
299,4,"DenseLayer( 7202,128 )","all",0.083440332875558076,0.085088566014454997,0.11354895679757535,0.090748053456489911,6
299,4,"DenseLayer( 7202,128 )","weights",0.083305070301467998,0.084948762550207849,0.11333086156584093,0.090609833734682246,6
299,4,"DenseLayer( 7202,128 )","biases",0.0047410941096180164,0.0048756340700130242,0.0070343021375134608,0.0050067191568120319,6
299,6,"DenseLayer( 128,64 )","all",0.11310438415766541,0.11861685354464764,0.18605552328524161,0.1143599928960651,6
299,6,"DenseLayer( 128,64 )","weights",0.1126808813796961,0.11816159634189063,0.18524336303344593,0.11395983896586823,6
299,6,"DenseLayer( 128,64 )","biases",0.0097300342381351386,0.010382441657359989,0.017365315920075623,0.0095584035310006012,6
299,8,"DenseLayer( 64,1 )","all",0.071367169104198575,0.075348468325050294,0.11915281413099323,0.074955977081128417,6
299,8,"DenseLayer( 64,1 )","weights",0.07019450122968976,0.074085495025162262,0.11687965403064375,0.073823236171752057,6
299,8,"DenseLayer( 64,1 )","biases",0.012708560874064764,0.013737944016764841,0.023163324221968651,0.012981845065951347,6
300,0,"Conv2DLayer(1,8,5, stride=5, padding=0)","all",0.13569487546585413,0.14740339714146625,0.23347518642016127,0.16371239049231248,6
300,0,"Conv2DLayer(1,8,5, stride=5, padding=0)","weights",0.13366802254587107,0.14568754862538721,0.23147773145725326,0.16173048021974853,6
300,0,"Conv2DLayer(1,8,5, stride=5, padding=0)","biases",0.021819010108806845,0.022425424508139433,0.030474948947173036,0.02539682201766455,6
300,4,"DenseLayer( 7202,128 )","all",0.1001343839600843,0.11153117326142281,0.17210258830553604,0.11459534400519458,6
300,4,"DenseLayer( 7202,128 )","weights",0.099959408586669643,0.11133161004148268,0.17178354020626577,0.11437937673457427,6
300,4,"DenseLayer( 7202,128 )","biases",0.0059079838911317694,0.0066689740320941843,0.010474550857535549,0.0070321437328326221,6
300,6,"DenseLayer( 128,64 )","all",0.14387678189556694,0.16597116087509547,0.26840483909108459,0.16381610685069681,6
300,6,"DenseLayer( 128,64 )","weights",0.14324917231905646,0.16521412476998215,0.26700129384352367,0.1630253873326267,6
300,6,"DenseLayer( 128,64 )","biases",0.013364114724404297,0.015834115659410342,0.027412893561156951,0.016076067577798954,6
300,8,"DenseLayer( 64,1 )","all",0.096186648921640153,0.11432144137418347,0.19016758255452301,0.11536594140033049,6
300,8,"DenseLayer( 64,1 )","weights",0.094260883892149275,0.11189051904697796,0.18546778475832565,0.11266010562330737,6
300,8,"DenseLayer( 64,1 )","biases",0.019009370822459459,0.023450025698679614,0.042016785591840744,0.024839505553245544,6
301,0,"Conv2DLayer(1,8,5, stride=5, padding=0)","all",0.095042443640300872,0.10716122789364352,0.1871174664737659,0.082390980974548195,6
301,0,"Conv2DLayer(1,8,5, stride=5, padding=0)","weights",0.093033337679562983,0.10524873932526038,0.1836087484414457,0.078838839142311531,6
301,0,"Conv2DLayer(1,8,5, stride=5, padding=0)","biases",0.017727608144261806,0.020155188764107178,0.036066241214282549,0.023931385013013583,6
301,4,"DenseLayer( 7202,128 )","all",0.091035131550265283,0.098053366726225416,0.15135746638597689,0.05983970994136735,6
301,4,"DenseLayer( 7202,128 )","weights",0.090879709618219437,0.097882379400088607,0.15107353655633443,0.059744783171806135,6
301,4,"DenseLayer( 7202,128 )","biases",0.0053025819768861985,0.0057881369476506942,0.0092665626390806104,0.0033692387301657517,6
301,6,"DenseLayer( 128,64 )","all",0.13071936055562219,0.14838585409655466,0.24688306685058586,0.07168996040441078,6
301,6,"DenseLayer( 128,64 )","weights",0.13017234426672175,0.1477486025416547,0.24587443411530893,0.071427509156136645,6
301,6,"DenseLayer( 128,64 )","biases",0.011835034632412988,0.013737253835907331,0.022293751277598955,0.0061287322127828725,6
301,8,"DenseLayer( 64,1 )","all",0.08661486017578536,0.099602877394563527,0.16817770708191823,0.045298526554299098,6
301,8,"DenseLayer( 64,1 )","weights",0.084960237897793334,0.09768726343704312,0.16539663744452751,0.04440912717208214,6
301,8,"DenseLayer( 64,1 )","biases",0.016506302403286099,0.019440466750008691,0.030815767124295235,0.0089322971180081367,6
302,0,"Conv2DLayer(1,8,5, stride=5, padding=0)","all",0.13023365881602547,0.15420012777663664,0.29539616963922183,0.089194334744601131,6
302,0,"Conv2DLayer(1,8,5, stride=5, padding=0)","weights",0.12761460351425868,0.15258545263107645,0.29358713621903043,0.088283091410595302,6
302,0,"Conv2DLayer(1,8,5, stride=5, padding=0)","biases",0.020882938290968597,0.022256663085480573,0.032641851727994851,0.012717119230408884,6
302,4,"DenseLayer( 7202,128 )","all",0.14563842987005532,0.1484691986638445,0.19686973153608359,0.1071297186202974,6
302,4,"DenseLayer( 7202,128 )","weights",0.14537555229473412,0.14819953554173643,0.19647969480188196,0.10694435853948078,6
302,4,"DenseLayer( 7202,128 )","biases",0.0087391493016507737,0.0089443064067444532,0.012386312027756618,0.0062992688657555898,6
302,6,"DenseLayer( 128,64 )","all",0.21973460181952489,0.22611457434371279,0.32182405239548767,0.16040480543246333,6
302,6,"DenseLayer( 128,64 )","weights",0.21865686139514889,0.22500689722153719,0.32020629180369731,0.15956921316508932,6
302,6,"DenseLayer( 128,64 )","biases",0.021705224498396101,0.022353901972027745,0.032228114893351242,0.016351385742520482,6
302,8,"DenseLayer( 64,1 )","all",0.15051979565807444,0.1551639967142267,0.21688953516395659,0.11648757760561411,6
302,8,"DenseLayer( 64,1 )","weights",0.14699754803466394,0.15157825945311504,0.21179838173101667,0.11365529876889506,6
302,8,"DenseLayer( 64,1 )","biases",0.032259086457391582,0.033164697156716175,0.046717405319213867,0.025530938059091568,6
303,0,"Conv2DLayer(1,8,5, stride=5, padding=0)","all",0.079737289262141242,0.084310479574036784,0.11132793963292031,0.063543670673449432,6
303,0,"Conv2DLayer(1,8,5, stride=5, padding=0)","weights",0.07836082202378207,0.082886410945967118,0.11044385782447003,0.061645987240130311,6
303,0,"Conv2DLayer(1,8,5, stride=5, padding=0)","biases",0.014109062612079639,0.015430484324878998,0.024625329396829779,0.015413316964413882,6
303,4,"DenseLayer( 7202,128 )","all",0.13152228926254772,0.14365222218508217,0.2378169016354115,0.2378169016354115,6
303,4,"DenseLayer( 7202,128 )","weights",0.13126581248398961,0.14336556809446721,0.23732732247704699,0.23732732247704699,6
303,4,"DenseLayer( 7202,128 )","biases",0.0081989801615802594,0.0090705470431996851,0.015251908383632938,0.015251908383632938,6
303,6,"DenseLayer( 128,64 )","all",0.20847490730665613,0.23450101585009628,0.40355872137087073,0.40355872137087073,6
303,6,"DenseLayer( 128,64 )","weights",0.20740454630112143,0.23326869043065629,0.40137967768608823,0.40137967768608823,6
303,6,"DenseLayer( 128,64 )","biases",0.021054700200023348,0.024009258620243782,0.041880734653346255,0.041880734653346255,6
303,8,"DenseLayer( 64,1 )","all",0.14636648668353286,0.16454305990918944,0.27691253980977876,0.27691253980977876,6
303,8,"DenseLayer( 64,1 )","weights",0.14286048631913048,0.16047711876994528,0.2697401742964699,0.2697401742964699,6
303,8,"DenseLayer( 64,1 )","biases",0.031658733302416898,0.036352619102012214,0.062616236507892609,0.062616236507892609,6
304,0,"Conv2DLayer(1,8,5, stride=5, padding=0)","all",0.1989459611194391,0.21521705563167493,0.2878621564055544,0.2878621564055544,6
304,0,"Conv2DLayer(1,8,5, stride=5, padding=0)","weights",0.19593685644363459,0.21182650343095763,0.28189367548230754,0.28189367548230754,6
304,0,"Conv2DLayer(1,8,5, stride=5, padding=0)","biases",0.03406311814104078,0.03805145830296059,0.058314464873917268,0.058314464873917268,6
304,4,"DenseLayer( 7202,128 )","all",0.21205289247362763,0.22242278659059825,0.29091004082000804,0.29091004082000804,6
304,4,"DenseLayer( 7202,128 )","weights",0.21165603317858278,0.2220036847797314,0.29036675794010081,0.29036675794010081,6
304,4,"DenseLayer( 7202,128 )","biases",0.012961033189795232,0.013647708193995786,0.017770698727220587,0.017770698727220587,6
304,6,"DenseLayer( 128,64 )","all",0.36047944003293525,0.37971601460708815,0.50077313057256434,0.50077313057256434,6
304,6,"DenseLayer( 128,64 )","weights",0.35893047268708372,0.37805583006189097,0.49857479145421535,0.49857479145421535,6
304,6,"DenseLayer( 128,64 )","biases",0.033301420108161776,0.035468875162668931,0.046871159894248844,0.046871159894248844,6
304,8,"DenseLayer( 64,1 )","all",0.24770753051093303,0.26166868809635313,0.34861493209674826,0.34861493209674826,6
304,8,"DenseLayer( 64,1 )","weights",0.24307709665754709,0.25663638757116464,0.34188230088404731,0.34188230088404731,6
304,8,"DenseLayer( 64,1 )","biases",0.047401229540506996,0.051071194468991166,0.068182572722434998,0.068182572722434998,6
305,0,"Conv2DLayer(1,8,5, stride=5, padding=0)","all",0.19756243162826975,0.22616962307795213,0.34664089663152553,0.21365148590129959,6
305,0,"Conv2DLayer(1,8,5, stride=5, padding=0)","weights",0.19516161686404462,0.22363598533892404,0.34253819608152714,0.2118597325610562,6
305,0,"Conv2DLayer(1,8,5, stride=5, padding=0)","biases",0.030106460813570535,0.033758620598470637,0.053174199032249056,0.027611793621403084,6
305,4,"DenseLayer( 7202,128 )","all",0.23014873752829457,0.25477995525704888,0.40468294258018606,0.40468294258018606,6
305,4,"DenseLayer( 7202,128 )","weights",0.22971569326777255,0.25428407545661674,0.40384346017371014,0.40384346017371014,6
305,4,"DenseLayer( 7202,128 )","biases",0.014083209530487773,0.015888189637510125,0.02605270984529599,0.02605270984529599,6
305,6,"DenseLayer( 128,64 )","all",0.37742830963440727,0.42295586781959926,0.66051460358497227,0.66051460358497227,6
305,6,"DenseLayer( 128,64 )","weights",0.3756914715596571,0.42088612146385673,0.65682517640992744,0.65682517640992744,6
305,6,"DenseLayer( 128,64 )","biases",0.035887850353849185,0.041791612581258152,0.069715343957273274,0.069715343957273274,6
305,8,"DenseLayer( 64,1 )","all",0.26017197846117268,0.29482847365475695,0.46736470045943945,0.46736470045943945,6
305,8,"DenseLayer( 64,1 )","weights",0.25478885011070851,0.28815229890221933,0.45483311977420132,0.45483311977420132,6
305,8,"DenseLayer( 64,1 )","biases",0.051402049139142036,0.062386549150916591,0.10750161111354828,0.10750161111354828,6
306,0,"Conv2DLayer(1,8,5, stride=5, padding=0)","all",0.16200905743163091,0.1808855178629242,0.30294644969193635,0.1592036724424413,6
306,0,"Conv2DLayer(1,8,5, stride=5, padding=0)","weights",0.15753504911709929,0.17684236375372978,0.2981518753884152,0.15152039776015971,6
306,0,"Conv2DLayer(1,8,5, stride=5, padding=0)","biases",0.035732766118188715,0.038030894737460366,0.053684360695828999,0.048860806192316593,6
306,4,"DenseLayer( 7202,128 )","all",0.27955700442311826,0.28967312676339635,0.41885132321318264,0.26902079535314766,6
306,4,"DenseLayer( 7202,128 )","weights",0.27899888289308894,0.28909063578660282,0.41800155407959616,0.2684822643560052,6
306,4,"DenseLayer( 7202,128 )","biases",0.017647374173267165,0.018360955023648848,0.026667053539459969,0.017013584534492275,6
306,6,"DenseLayer( 128,64 )","all",0.45677650249187285,0.47443245628332598,0.70022727815554808,0.43215726106764984,6
306,6,"DenseLayer( 128,64 )","weights",0.45444846253176696,0.4719978630710237,0.69663515409629284,0.43000508991833097,6
306,6,"DenseLayer( 128,64 )","biases",0.045991241653830721,0.048001800293501047,0.070835747686896017,0.043075758122417152,6
306,8,"DenseLayer( 64,1 )","all",0.31987941121129909,0.3329133143430768,0.4961793706273202,0.29636592541709406,6
306,8,"DenseLayer( 64,1 )","weights",0.3123428722304199,0.32498815814802173,0.48439361020143568,0.28960999825263534,6
306,8,"DenseLayer( 64,1 )","biases",0.068874674538771316,0.072207838428031371,0.10750254988670349,0.062919080257415771,6
307,0,"Conv2DLayer(1,8,5, stride=5, padding=0)","all",0.35937076753304614,0.39055129365747332,0.55970801445140383,0.55970801445140383,6
307,0,"Conv2DLayer(1,8,5, stride=5, padding=0)","weights",0.35553003834767227,0.38703397469895345,0.55396228994136743,0.55396228994136743,6
307,0,"Conv2DLayer(1,8,5, stride=5, padding=0)","biases",0.05004686299411798,0.052297374754912765,0.079992766948326577,0.079992766948326577,6
307,4,"DenseLayer( 7202,128 )","all",0.25441575221033486,0.26099143388952561,0.3565761476370049,0.23861971174184488,6
307,4,"DenseLayer( 7202,128 )","weights",0.25395376438505707,0.26051440290430744,0.35587493958542693,0.23827665858757133,6
307,4,"DenseLayer( 7202,128 )","biases",0.01529887851575153,0.015772585175639044,0.022351206650108178,0.012790652997525451,6
307,6,"DenseLayer( 128,64 )","all",0.40156658718625449,0.41052595584401691,0.53593117248819078,0.37136960314033018,6
307,6,"DenseLayer( 128,64 )","weights",0.39972522973466151,0.40861866424555898,0.53290986219421277,0.3704367656156341,6
307,6,"DenseLayer( 128,64 )","biases",0.038012998225081175,0.039526543636129653,0.056826933937280499,0.026305604285667247,6
307,8,"DenseLayer( 64,1 )","all",0.27114561913691165,0.27783364181190262,0.36856959547050844,0.22767851186403185,6
307,8,"DenseLayer( 64,1 )","weights",0.26544740205626077,0.27178114668492748,0.35799739953391047,0.22640702414235064,6
307,8,"DenseLayer( 64,1 )","biases",0.053742190512518086,0.057676172108510698,0.087643645703792572,0.02402840368449688,6
308,0,"Conv2DLayer(1,8,5, stride=5, padding=0)","all",0.20854355842346819,0.21717195858957045,0.2921973877360805,0.2921973877360805,6
308,0,"Conv2DLayer(1,8,5, stride=5, padding=0)","weights",0.20657736136265398,0.21513027558622902,0.28983834205992964,0.28983834205992964,6
308,0,"Conv2DLayer(1,8,5, stride=5, padding=0)","biases",0.027876297956279175,0.029708990622760108,0.039229169188804335,0.037054674087631183,6
308,4,"DenseLayer( 7202,128 )","all",0.12552309559478381,0.12772035437016641,0.14813594916229839,0.1441916424351975,6
308,4,"DenseLayer( 7202,128 )","weights",0.12532227793693984,0.12751809407539458,0.14792793310175967,0.14398512844158787,6
308,4,"DenseLayer( 7202,128 )","biases",0.0070803287304661011,0.0071850263617957112,0.0086335567403975459,0.0077144368439500503,6
308,6,"DenseLayer( 128,64 )","all",0.16900088818765144,0.17200512855685693,0.20685078584713185,0.16334531370513508,6
308,6,"DenseLayer( 128,64 )","weights",0.16843313290429704,0.17141819324313204,0.20632198850939346,0.16302978077941735,6
308,6,"DenseLayer( 128,64 )","biases",0.013608279422050007,0.014197439033893528,0.019977130917313846,0.01014800908770345,6
308,8,"DenseLayer( 64,1 )","all",0.1077084990870748,0.11058361059729836,0.13753094638837274,0.091309096918308255,6
308,8,"DenseLayer( 64,1 )","weights",0.10628958961531317,0.10905748727550971,0.13632138857806567,0.091103981420478639,6
308,8,"DenseLayer( 64,1 )","biases",0.01647121855057776,0.018308451651817943,0.028969645500183105,0.0061168414540588856,6
309,0,"Conv2DLayer(1,8,5, stride=5, padding=0)","all",0.18468560811459989,0.25135772938747064,0.52194924146031918,0.062396578442835131,6
309,0,"Conv2DLayer(1,8,5, stride=5, padding=0)","weights",0.18217526536510831,0.24944192106448265,0.51835769541410215,0.061961686357105701,6
309,0,"Conv2DLayer(1,8,5, stride=5, padding=0)","biases",0.025718957098777712,0.030974766157072963,0.061125365160328737,0.0073540754113986832,6
309,4,"DenseLayer( 7202,128 )","all",0.11337494842085723,0.12627786039617486,0.19782138723226966,0.076283198195635726,6
309,4,"DenseLayer( 7202,128 )","weights",0.1131843820977476,0.12606917203765772,0.19752848740617907,0.076124734137330896,6
309,4,"DenseLayer( 7202,128 )","biases",0.0065556732209725438,0.0072568511060438785,0.01076094370984886,0.0049143849539215242,6
309,6,"DenseLayer( 128,64 )","all",0.15189434174199176,0.17494784865957586,0.26225065422895971,0.1012783525360139,6
309,6,"DenseLayer( 128,64 )","weights",0.15131585834249159,0.17431231851075635,0.2616553918449297,0.1006727889386277,6
309,6,"DenseLayer( 128,64 )","biases",0.013009465485391673,0.01489850214009728,0.024200395749676869,0.011058673506692951,6
309,8,"DenseLayer( 64,1 )","all",0.096726468900935517,0.11136531540672588,0.16594132145306326,0.068974000365638291,6
309,8,"DenseLayer( 64,1 )","weights",0.09526118591459716,0.10968515858293788,0.16168576156753711,0.067021496080398257,6
309,8,"DenseLayer( 64,1 )","biases",0.015357140575360972,0.019271727018492824,0.037339478731155396,0.016295146197080612,6
310,0,"Conv2DLayer(1,8,5, stride=5, padding=0)","all",0.24485277443663919,0.29021724633496127,0.55822887031816726,0.55822887031816726,6
310,0,"Conv2DLayer(1,8,5, stride=5, padding=0)","weights",0.24147346710349504,0.28627141350818824,0.55061236541802472,0.55061236541802472,6
310,0,"Conv2DLayer(1,8,5, stride=5, padding=0)","biases",0.040167774195770056,0.047694107374721621,0.091899372715295607,0.091899372715295607,6
310,4,"DenseLayer( 7202,128 )","all",0.12661887581906342,0.1397832363120782,0.25113399385289831,0.25113399385289831,6
310,4,"DenseLayer( 7202,128 )","weights",0.1264214265782021,0.13956547745775946,0.25074967551789656,0.25074967551789656,6
310,4,"DenseLayer( 7202,128 )","biases",0.007058575602959305,0.0077994009940464846,0.013888235891470539,0.013888235891470539,6
310,6,"DenseLayer( 128,64 )","all",0.16048861347058185,0.18876702641116011,0.36435617920162056,0.36435617920162056,6
310,6,"DenseLayer( 128,64 )","weights",0.16001718986988553,0.188231744062832,0.36345253195462779,0.36345253195462779,6
310,6,"DenseLayer( 128,64 )","biases",0.01212622842882414,0.014205660392116523,0.025645318055616879,0.025645318055616879,6
310,8,"DenseLayer( 64,1 )","all",0.096121354445015447,0.11337275932841094,0.21412887823658588,0.21412887823658588,6
310,8,"DenseLayer( 64,1 )","weights",0.095156683566669925,0.11238687915169142,0.21303450026118115,0.21303450026118115,6
310,8,"DenseLayer( 64,1 )","biases",0.012915430202459296,0.014918845541156918,0.02162124402821064,0.02162124402821064,6
311,0,"Conv2DLayer(1,8,5, stride=5, padding=0)","all",0.16021263976093872,0.19735859673019188,0.38143257864869723,0.21200273974594327,6
311,0,"Conv2DLayer(1,8,5, stride=5, padding=0)","weights",0.1577905426045145,0.19505258568441855,0.37772626317020502,0.2096339786460856,6
311,0,"Conv2DLayer(1,8,5, stride=5, padding=0)","biases",0.026651314676752649,0.030081630958660885,0.053044152986616959,0.031603111505019162,6
311,4,"DenseLayer( 7202,128 )","all",0.093942391811785611,0.10501545826184361,0.16209628364244191,0.082201891462100621,6
311,4,"DenseLayer( 7202,128 )","weights",0.093788673365195502,0.10483632019394108,0.16176564469681717,0.082081725081946874,6
311,4,"DenseLayer( 7202,128 )","biases",0.0053549228374097715,0.0061312675800750359,0.010348012684283762,0.0044431258724759153,6
311,6,"DenseLayer( 128,64 )","all",0.13014649859168972,0.15834793722302229,0.29136110824772449,0.10820710459988449,6
311,6,"DenseLayer( 128,64 )","weights",0.12968123600085946,0.15772449848261352,0.28998002988303395,0.10796792486772376,6
311,6,"DenseLayer( 128,64 )","biases",0.010844911969862115,0.014037514067464304,0.028335096053780377,0.0071905970300037659,6
311,8,"DenseLayer( 64,1 )","all",0.079777267911170957,0.10075700746305991,0.19873278952759652,0.059094444413020315,6
311,8,"DenseLayer( 64,1 )","weights",0.078743721238449929,0.099153759149897783,0.19461265871431366,0.059008856030455623,6
311,8,"DenseLayer( 64,1 )","biases",0.011863577276623497,0.017902698102665194,0.040257107466459274,0.0031793506350368261,6
312,0,"Conv2DLayer(1,8,5, stride=5, padding=0)","all",0.16130498272505034,0.19386289657520239,0.33574228108230114,0.11162872801630958,6
312,0,"Conv2DLayer(1,8,5, stride=5, padding=0)","weights",0.15920116420183714,0.19221809887717228,0.33348382618167993,0.10846419383538955,6
312,0,"Conv2DLayer(1,8,5, stride=5, padding=0)","biases",0.022432098160115887,0.025199705009647289,0.038876946659608204,0.026391126807665134,6
312,4,"DenseLayer( 7202,128 )","all",0.092303041586666842,0.10061693388167121,0.14669087007412501,0.05916367777927161,6
312,4,"DenseLayer( 7202,128 )","weights",0.092152995415925476,0.10045508039962547,0.14647121996072879,0.059083323008457721,6
312,4,"DenseLayer( 7202,128 )","biases",0.0052512717632085103,0.0057047529002910644,0.0080245302865421322,0.0030824844926986565,6
312,6,"DenseLayer( 128,64 )","all",0.12440873640071856,0.13740910834147799,0.18298324929871737,0.056542705671245107,6
312,6,"DenseLayer( 128,64 )","weights",0.12397551053223381,0.13693932555279953,0.18259681662247709,0.056449917510466734,6
312,6,"DenseLayer( 128,64 )","biases",0.010212930413839029,0.011352716518279694,0.016754620233518262,0.0032379588766002195,6
312,8,"DenseLayer( 64,1 )","all",0.077400726436910192,0.08635406713140506,0.11824508082858191,0.028976207764529107,6
312,8,"DenseLayer( 64,1 )","weights",0.076281360084809652,0.085120987051562763,0.11670311101032532,0.028792708489293134,6
312,8,"DenseLayer( 64,1 )","biases",0.012225966667756438,0.01454106163603254,0.024656681343913078,0.0032558492384850979,6
313,0,"Conv2DLayer(1,8,5, stride=5, padding=0)","all",0.090883026692480245,0.1085713892185409,0.2221728952263228,0.2221728952263228,6
313,0,"Conv2DLayer(1,8,5, stride=5, padding=0)","weights",0.0874001937882984,0.10608108519149767,0.2196226852634261,0.2196226852634261,6
313,0,"Conv2DLayer(1,8,5, stride=5, padding=0)","biases",0.021352580799943566,0.023120335668802686,0.033565927529694131,0.033565927529694131,6
313,4,"DenseLayer( 7202,128 )","all",0.098659585534170965,0.10484212227300885,0.16355232244098117,0.16355232244098117,6
313,4,"DenseLayer( 7202,128 )","weights",0.098473587345554725,0.10464890387210066,0.16328327722033803,0.16328327722033803,6
313,4,"DenseLayer( 7202,128 )","biases",0.0060492026647105679,0.0063621946745106451,0.0093772893751292909,0.0093772893751292909,6
313,6,"DenseLayer( 128,64 )","all",0.15782370195931086,0.17059029971156398,0.25795005000294291,0.25795005000294291,6
313,6,"DenseLayer( 128,64 )","weights",0.15708022714524639,0.16981303192215236,0.25702276645159799,0.25702276645159799,6
313,6,"DenseLayer( 128,64 )","biases",0.01524237728974628,0.016266054994597944,0.021852364221934008,0.021852364221934008,6
313,8,"DenseLayer( 64,1 )","all",0.10810196468527425,0.11684839961832098,0.17034069079909403,0.17034069079909403,6
313,8,"DenseLayer( 64,1 )","weights",0.10585316926772603,0.11450586658717558,0.16796542575644705,0.16796542575644705,6
313,8,"DenseLayer( 64,1 )","biases",0.021742754383012652,0.023279927200976814,0.030278755351901054,0.028347251936793327,6
314,0,"Conv2DLayer(1,8,5, stride=5, padding=0)","all",0.11246029355305255,0.11810070751941722,0.17685228550552387,0.17685228550552387,6
314,0,"Conv2DLayer(1,8,5, stride=5, padding=0)","weights",0.11133436704810007,0.11694398482516033,0.17495762853687769,0.17495762853687769,6
314,0,"Conv2DLayer(1,8,5, stride=5, padding=0)","biases",0.015342677494624285,0.016488830455784257,0.025817805973382842,0.025817805973382842,6
314,4,"DenseLayer( 7202,128 )","all",0.093511052053876553,0.10048668717895071,0.14604779768666365,0.12213192697944751,6
314,4,"DenseLayer( 7202,128 )","weights",0.093337725796926049,0.10029772186001015,0.14577251374286759,0.12190187758113265,6
314,4,"DenseLayer( 7202,128 )","biases",0.005687949147930537,0.0061596501436638864,0.0089628927367293321,0.0074926517273689874,6
314,6,"DenseLayer( 128,64 )","all",0.132809393425106,0.14661308385000468,0.24952455673055665,0.14248210349722154,6
314,6,"DenseLayer( 128,64 )","weights",0.13217202158722571,0.14590055025154908,0.24836506155602961,0.14176148916617942,6
314,6,"DenseLayer( 128,64 )","biases",0.012959169130918208,0.014436959247144282,0.024027080760059296,0.014311883397378041,6
314,8,"DenseLayer( 64,1 )","all",0.088354385909943045,0.098763525923963119,0.17274304718936423,0.09277431609746227,6
314,8,"DenseLayer( 64,1 )","weights",0.086375193546940843,0.096537898732404565,0.16912814723674383,0.09048390786767832,6
314,8,"DenseLayer( 64,1 )","biases",0.018474414944648743,0.020848696872115043,0.035154376178979874,0.020487463101744652,6
315,0,"Conv2DLayer(1,8,5, stride=5, padding=0)","all",0.12071234219838085,0.13440292178683508,0.2172439118655129,0.086170437832529367,6
315,0,"Conv2DLayer(1,8,5, stride=5, padding=0)","weights",0.11811358328817084,0.1320929137603436,0.21454551988075196,0.07974826423329047,6
315,0,"Conv2DLayer(1,8,5, stride=5, padding=0)","biases",0.023150151810838827,0.024811439279907612,0.034134105257478273,0.032642896746874261,6
315,4,"DenseLayer( 7202,128 )","all",0.17807595086514363,0.19668145809859108,0.33046701247007226,0.33046701247007226,6
315,4,"DenseLayer( 7202,128 )","weights",0.17772391386398226,0.19628424576295,0.32978624676288604,0.32978624676288604,6
315,4,"DenseLayer( 7202,128 )","biases",0.011179917159272077,0.012493631379934467,0.021200890946932838,0.021200890946932838,6
315,6,"DenseLayer( 128,64 )","all",0.27557263602966114,0.31666822241570397,0.55866422935026172,0.55866422935026172,6
315,6,"DenseLayer( 128,64 )","weights",0.27410741497146585,0.31494877546073385,0.55565926271284716,0.55565926271284716,6
315,6,"DenseLayer( 128,64 )","biases",0.028289814452584865,0.032954998463147048,0.057866267522080357,0.057866267522080357,6
315,8,"DenseLayer( 64,1 )","all",0.18782132953915409,0.2197121359905693,0.39822858866272504,0.39822858866272504,6
315,8,"DenseLayer( 64,1 )","weights",0.18307126543240831,0.21410052526218185,0.38842818362968179,0.38842818362968179,6
315,8,"DenseLayer( 64,1 )","biases",0.04171175447603067,0.049339515441441578,0.087804071605205536,0.087804071605205536,6
316,0,"Conv2DLayer(1,8,5, stride=5, padding=0)","all",0.24716193723677998,0.29241149604921651,0.44092094222855893,0.38682796943291059,6
316,0,"Conv2DLayer(1,8,5, stride=5, padding=0)","weights",0.24335286383412255,0.28815955442412006,0.4354340574031868,0.38163727454769975,6
316,0,"Conv2DLayer(1,8,5, stride=5, padding=0)","biases",0.042661293398429175,0.049684547052716112,0.070781101683771386,0.06315749054065134,6
316,4,"DenseLayer( 7202,128 )","all",0.23561787910259979,0.27553550401156474,0.44042502323968546,0.33153713048193317,6
316,4,"DenseLayer( 7202,128 )","weights",0.23518852648005964,0.2750227715205964,0.43957360948544089,0.33095633823866116,6
316,4,"DenseLayer( 7202,128 )","biases",0.014205255787501274,0.016801461723220643,0.027372302417199249,0.019615582271533628,6
316,6,"DenseLayer( 128,64 )","all",0.38769599152862788,0.46443910362609203,0.76269413194980562,0.55415698055860863,6
316,6,"DenseLayer( 128,64 )","weights",0.38601008307114693,0.46237848138500348,0.75922232899201514,0.55186731444356962,6
316,6,"DenseLayer( 128,64 )","biases",0.0360030027543152,0.04370149801901288,0.072689710899189075,0.050323218802819362,6
316,8,"DenseLayer( 64,1 )","all",0.26617273670705527,0.32081891377567057,0.52646652970627761,0.39407695802756698,6
316,8,"DenseLayer( 64,1 )","weights",0.26118507979072486,0.3146719893633465,0.51607123366063179,0.38719137118709762,6
316,8,"DenseLayer( 64,1 )","biases",0.050877941539511085,0.062500516368387618,0.10410325974225998,0.073345012962818146,6
317,0,"Conv2DLayer(1,8,5, stride=5, padding=0)","all",0.23236241260101848,0.25355244413189792,0.45584116961112681,0.45584116961112681,6
317,0,"Conv2DLayer(1,8,5, stride=5, padding=0)","weights",0.2287321081046027,0.25031436668226692,0.45275276536674763,0.45275276536674763,6
317,0,"Conv2DLayer(1,8,5, stride=5, padding=0)","biases",0.039299815543606488,0.040392570575723846,0.052972685085832853,0.052972685085832853,6
317,4,"DenseLayer( 7202,128 )","all",0.20402704074511263,0.21149216885769209,0.28031572688219303,0.23704298136928723,6
317,4,"DenseLayer( 7202,128 )","weights",0.20363117567272734,0.21107615106918615,0.27973507413778248,0.23661465812723287,6
317,4,"DenseLayer( 7202,128 )","biases",0.012686866437754157,0.013258806052908812,0.018033164853169404,0.014243545056374391,6
317,6,"DenseLayer( 128,64 )","all",0.3280686186644271,0.34566018617594307,0.5004664748140254,0.33271447792071362,6
317,6,"DenseLayer( 128,64 )","weights",0.32647522998777651,0.34393994303325248,0.4978481976961765,0.3311117202840031,6
317,6,"DenseLayer( 128,64 )","biases",0.032151621868659434,0.034442414164379903,0.051125966626033227,0.032618284881660041,6
317,8,"DenseLayer( 64,1 )","all",0.2304093578894425,0.24384361864799636,0.35538335690889983,0.22967784943630723,6
317,8,"DenseLayer( 64,1 )","weights",0.22531418699227423,0.23830400736485582,0.34690817886729852,0.22410289182753768,6
317,8,"DenseLayer( 64,1 )","biases",0.047722093760967255,0.051680851668681166,0.07714950293302536,0.050297200679779053,6
318,0,"Conv2DLayer(1,8,5, stride=5, padding=0)","all",0.25654955651635847,0.28929832302775016,0.44057343049265607,0.13514805108470432,6
318,0,"Conv2DLayer(1,8,5, stride=5, padding=0)","weights",0.25416873410011998,0.28685101957738124,0.43770566878996459,0.13353518746237869,6
318,0,"Conv2DLayer(1,8,5, stride=5, padding=0)","biases",0.034187801289798744,0.037550130147382281,0.060860654444628882,0.020817046413486012,6
318,4,"DenseLayer( 7202,128 )","all",0.22315226773840849,0.22987834463114365,0.29771570199938507,0.20511045706894654,6
318,4,"DenseLayer( 7202,128 )","weights",0.22272124896132178,0.22942679706110944,0.29710789213912125,0.2046964685092032,6
318,4,"DenseLayer( 7202,128 )","biases",0.013840774614525852,0.014401323572344468,0.019014195897669128,0.013025182489813705,6
318,6,"DenseLayer( 128,64 )","all",0.35470020023608229,0.37034177410255675,0.51918807190910599,0.37040575181355367,6
318,6,"DenseLayer( 128,64 )","weights",0.35295869932298357,0.36845358715440429,0.51646943444028037,0.3685291935453292,6
318,6,"DenseLayer( 128,64 )","biases",0.03488818888737405,0.037349481368299742,0.053062013735175169,0.037237809836148911,6
318,8,"DenseLayer( 64,1 )","all",0.24698559925344751,0.26044454246318166,0.36703256336025192,0.26869574021302317,6
318,8,"DenseLayer( 64,1 )","weights",0.24139785896075194,0.25429187367109818,0.35834344819733466,0.26260923759704641,6
318,8,"DenseLayer( 64,1 )","biases",0.051587181321034827,0.056276128897591093,0.079390652477741241,0.056866414844989777,6
319,0,"Conv2DLayer(1,8,5, stride=5, padding=0)","all",0.19238935303399418,0.23407533574092029,0.37429107312208709,0.067906129870196133,6
319,0,"Conv2DLayer(1,8,5, stride=5, padding=0)","weights",0.18993125460199217,0.2310713682949975,0.37140822585422484,0.066800350708102738,6
319,0,"Conv2DLayer(1,8,5, stride=5, padding=0)","biases",0.030075794311322457,0.037380282991199693,0.068273563759088468,0.012204737572861713,6
319,4,"DenseLayer( 7202,128 )","all",0.15685475921711708,0.18227024638293435,0.32435560042661038,0.14247730415422816,6
319,4,"DenseLayer( 7202,128 )","weights",0.15653098967180729,0.18189042899127958,0.32366129557228185,0.14216022013059823,6
319,4,"DenseLayer( 7202,128 )","biases",0.010068117473731108,0.011760720975512742,0.021211347825608771,0.0095002111279848932,6
319,6,"DenseLayer( 128,64 )","all",0.22963198626241366,0.2700096163933815,0.49087260974118924,0.2325135516937071,6
319,6,"DenseLayer( 128,64 )","weights",0.22834351198163857,0.26847011189684511,0.48792699102613324,0.23114941907861278,6
319,6,"DenseLayer( 128,64 )","biases",0.02427346506441367,0.02879222052910288,0.053695162000962172,0.025149508560646707,6
319,8,"DenseLayer( 64,1 )","all",0.15652687837509252,0.18545480894583671,0.33494049233404605,0.16789884579707029,6
319,8,"DenseLayer( 64,1 )","weights",0.15225807802850991,0.18031238703010477,0.32504143724475382,0.16332964367295305,6
319,8,"DenseLayer( 64,1 )","biases",0.036272274252648153,0.043369681168328768,0.080828197300434113,0.038903083652257919,6
320,0,"Conv2DLayer(1,8,5, stride=5, padding=0)","all",0.11545633038220959,0.12327725995872259,0.17260703947933545,0.095106339926979533,6
320,0,"Conv2DLayer(1,8,5, stride=5, padding=0)","weights",0.11431974406201535,0.12210594500746472,0.17092864177336931,0.093785186663068967,6
320,0,"Conv2DLayer(1,8,5, stride=5, padding=0)","biases",0.015939257064791709,0.016953495709276848,0.024012278095425554,0.015797299037477671,6
320,4,"DenseLayer( 7202,128 )","all",0.14590959497138545,0.15366444574726279,0.21369458624756152,0.051980407674849127,6
320,4,"DenseLayer( 7202,128 )","weights",0.14560413667551844,0.15333955897805424,0.21323590636600268,0.051894050032305995,6
320,4,"DenseLayer( 7202,128 )","biases",0.0094325442567186404,0.0099870686004099474,0.013993728158923389,0.0029950548055145631,6
320,6,"DenseLayer( 128,64 )","all",0.23399926637388735,0.24888640403932044,0.33976816014223993,0.059373206661048852,6
320,6,"DenseLayer( 128,64 )","weights",0.23274307458203478,0.24752738239955663,0.33778558430552108,0.059169473283370105,6
320,6,"DenseLayer( 128,64 )","biases",0.024169595347341685,0.025973776738232049,0.0366510802271982,0.0049143769273599144,6
320,8,"DenseLayer( 64,1 )","all",0.1620830306847276,0.17382406851964502,0.23487778869058426,0.030572107087514181,6
320,8,"DenseLayer( 64,1 )","weights",0.15814714150517303,0.16946715344955654,0.22833440597866192,0.030537742564234263,6
320,8,"DenseLayer( 64,1 )","biases",0.035066464256184794,0.038674160604035168,0.055054288357496262,0.0014491414185613394,6
321,0,"Conv2DLayer(1,8,5, stride=5, padding=0)","all",0.1400728325326516,0.16019373189390648,0.2598564893383149,0.03410321874480815,6
321,0,"Conv2DLayer(1,8,5, stride=5, padding=0)","weights",0.13717741480489587,0.15733055959899644,0.2555909118339571,0.030772532875953346,6
321,0,"Conv2DLayer(1,8,5, stride=5, padding=0)","biases",0.02608945988722057,0.03015172887851383,0.046890093187368552,0.014699685342027029,6
321,4,"DenseLayer( 7202,128 )","all",0.11302817225615139,0.12474309569999315,0.22032470425091155,0.08531256028400068,6
321,4,"DenseLayer( 7202,128 )","weights",0.112822461248406,0.12451084569970758,0.21988882860653589,0.085132322455033105,6
321,4,"DenseLayer( 7202,128 )","biases",0.0068040061731732661,0.0076084970895213917,0.013852016362144583,0.0055426181199426158,6
321,6,"DenseLayer( 128,64 )","all",0.17916648559821349,0.20353402458063791,0.37805151348888227,0.14639588169376419,6
321,6,"DenseLayer( 128,64 )","weights",0.17838541340067951,0.20262096174207117,0.37628278671409077,0.14558505189398663,6
321,6,"DenseLayer( 128,64 )","biases",0.016628318561286624,0.019257336905965344,0.036526856885210519,0.015386579929270172,6
321,8,"DenseLayer( 64,1 )","all",0.12126018239610087,0.13936374105458738,0.26175467271867181,0.10603951817781894,6
321,8,"DenseLayer( 64,1 )","weights",0.11906112117660064,0.13668142556166646,0.25647337963165762,0.10342794592574577,6
321,8,"DenseLayer( 64,1 )","biases",0.02251826785504818,0.027211031350551876,0.052315525710582733,0.023388873785734177,6
322,0,"Conv2DLayer(1,8,5, stride=5, padding=0)","all",0.09164212403033152,0.10786992485469121,0.20902816330207258,0.20902816330207258,6
322,0,"Conv2DLayer(1,8,5, stride=5, padding=0)","weights",0.089698694998968112,0.10566393975844465,0.20533202766116471,0.20533202766116471,6
322,0,"Conv2DLayer(1,8,5, stride=5, padding=0)","biases",0.01848309597083678,0.021703744443770788,0.039134785932627966,0.039134785932627966,6
322,4,"DenseLayer( 7202,128 )","all",0.12898846866672545,0.15324236893166643,0.28276953052873471,0.28276953052873471,6
322,4,"DenseLayer( 7202,128 )","weights",0.12874262834320155,0.15294099997225791,0.28218974518838147,0.28218974518838147,6
322,4,"DenseLayer( 7202,128 )","biases",0.0079399612182742205,0.0096059441636297919,0.018098483526454847,0.018098483526454847,6
322,6,"DenseLayer( 128,64 )","all",0.19543654242230141,0.24787351589359616,0.48669601876980673,0.48669601876980673,6
322,6,"DenseLayer( 128,64 )","weights",0.19443734627918918,0.24660500960254464,0.48428241537343286,0.48428241537343286,6
322,6,"DenseLayer( 128,64 )","biases",0.019663074941235453,0.02504494201194608,0.048410296905244177,0.048410296905244177,6
322,8,"DenseLayer( 64,1 )","all",0.13439295377679025,0.17301433986931572,0.34008043279442796,0.34008043279442796,6
322,8,"DenseLayer( 64,1 )","weights",0.13123962364832484,0.16903013460315339,0.33269266856213731,0.33269266856213731,6
322,8,"DenseLayer( 64,1 )","biases",0.028777924676736195,0.036915787902399542,0.070500276982784271,0.070500276982784271,6
323,0,"Conv2DLayer(1,8,5, stride=5, padding=0)","all",0.078032534418071009,0.082267526693761778,0.1175251404621848,0.092844233088038117,6
323,0,"Conv2DLayer(1,8,5, stride=5, padding=0)","weights",0.076486816709163657,0.080866405682885875,0.11631445785283266,0.090217090518517576,6
323,0,"Conv2DLayer(1,8,5, stride=5, padding=0)","biases",0.014400229289394191,0.015118544250017218,0.021930075149883998,0.021930075149883998,6
323,4,"DenseLayer( 7202,128 )","all",0.092266226287934336,0.099307482976057002,0.1418221877296314,0.059674869409751231,6
323,4,"DenseLayer( 7202,128 )","weights",0.09208725040394293,0.099112614524949585,0.14151463658728738,0.059564848886069277,6
323,4,"DenseLayer( 7202,128 )","biases",0.0057326140330413574,0.006218184386829289,0.0093349110326127246,0.0036219906475023797,6
323,6,"DenseLayer( 128,64 )","all",0.13911996265421256,0.15121506643545107,0.2269781430866189,0.08426690356021295,6
323,6,"DenseLayer( 128,64 )","weights",0.13839222138586144,0.15040523050106325,0.2257159509057281,0.08386775220701026,6
323,6,"DenseLayer( 128,64 )","biases",0.014177080033750424,0.015628914069759258,0.02390370150777036,0.0081921410735994078,6
323,8,"DenseLayer( 64,1 )","all",0.093994897264624844,0.10392636700196925,0.15827808315063421,0.057136450167744893,6
323,8,"DenseLayer( 64,1 )","weights",0.091726378931499569,0.10135680432235665,0.15431796938368222,0.055869829108704416,6
323,8,"DenseLayer( 64,1 )","biases",0.020410598100473482,0.022967106386907011,0.03518402948975563,0.011963951401412487,6
324,0,"Conv2DLayer(1,8,5, stride=5, padding=0)","all",0.19103520400789986,0.2176743832227242,0.33517668523156885,0.33517668523156885,6
324,0,"Conv2DLayer(1,8,5, stride=5, padding=0)","weights",0.18915550808545586,0.21537142527176212,0.33251768148681499,0.33251768148681499,6
324,0,"Conv2DLayer(1,8,5, stride=5, padding=0)","biases",0.026320344164856221,0.031579839895147843,0.05624920606223853,0.042135517339356769,6
324,4,"DenseLayer( 7202,128 )","all",0.11172839856894029,0.11583907466999399,0.15667359119022425,0.15667359119022425,6
324,4,"DenseLayer( 7202,128 )","weights",0.11154062282276478,0.11564869358828206,0.15643054067124079,0.15643054067124079,6
324,4,"DenseLayer( 7202,128 )","biases",0.0064667477696539882,0.0066385910948101564,0.008723538372976538,0.008723538372976538,6
324,6,"DenseLayer( 128,64 )","all",0.13589098102354549,0.14016134006998054,0.18525221881128545,0.18525221881128545,6
324,6,"DenseLayer( 128,64 )","weights",0.13538626921650607,0.13966580472261106,0.1847781122263345,0.1847781122263345,6
324,6,"DenseLayer( 128,64 )","biases",0.011506148452572192,0.011775578176811767,0.016138335803417555,0.013245143131597607,6
324,8,"DenseLayer( 64,1 )","all",0.082162805124493504,0.084745731265049418,0.10976995244979408,0.10366204708212402,6
324,8,"DenseLayer( 64,1 )","weights",0.080976631360835855,0.083575074770698768,0.10707240936341414,0.10334124085075544,6
324,8,"DenseLayer( 64,1 )","biases",0.012950677424669266,0.014037301903146669,0.024185566231608391,0.0081491069868206978,6
325,0,"Conv2DLayer(1,8,5, stride=5, padding=0)","all",0.26082875070279415,0.29400018613104706,0.43512992282935048,0.091028512493082525,6
325,0,"Conv2DLayer(1,8,5, stride=5, padding=0)","weights",0.25770488066503799,0.29034859134904722,0.42676589077811888,0.089846725020391538,6
325,0,"Conv2DLayer(1,8,5, stride=5, padding=0)","biases",0.039312021283395199,0.046193126617650501,0.084905383868369683,0.014620399782954983,6
325,4,"DenseLayer( 7202,128 )","all",0.13811990863229295,0.14057612218052801,0.17749453260680612,0.099812565800799211,6
325,4,"DenseLayer( 7202,128 )","weights",0.13789578137651307,0.14034957932797884,0.1772117069096944,0.099628550557456411,6
325,4,"DenseLayer( 7202,128 )","biases",0.0078529393042011449,0.0079775754320544016,0.010015989190346044,0.0060580694581048858,6
325,6,"DenseLayer( 128,64 )","all",0.18794576045303032,0.19069564530156521,0.21825260422151505,0.12943146282351223,6
325,6,"DenseLayer( 128,64 )","weights",0.18734787582939319,0.19009847101391672,0.21777068388425819,0.12884085856812658,6
325,6,"DenseLayer( 128,64 )","biases",0.014788706613503946,0.01507980288834845,0.020612615503142768,0.012350576183410778,6
325,8,"DenseLayer( 64,1 )","all",0.11272846224406421,0.1149955058873295,0.14655058486117137,0.071620964841942053,6
325,8,"DenseLayer( 64,1 )","weights",0.11157326022242947,0.11381624380877463,0.14364383727877106,0.070112706683397447,6
325,8,"DenseLayer( 64,1 )","biases",0.014522337121888995,0.016426473131637368,0.029043449088931084,0.014620908536016941,6
326,0,"Conv2DLayer(1,8,5, stride=5, padding=0)","all",0.14647217975572024,0.18919052613961873,0.36867677907505897,0.066541406048220703,6
326,0,"Conv2DLayer(1,8,5, stride=5, padding=0)","weights",0.14346276051454146,0.18653513154767679,0.36435594513438369,0.065693741928308652,6
326,0,"Conv2DLayer(1,8,5, stride=5, padding=0)","biases",0.0247687253448312,0.031586387566112706,0.056278883023651416,0.010587303260555316,6
326,4,"DenseLayer( 7202,128 )","all",0.11732055391833063,0.1295326371251308,0.21287841004320907,0.055440014612027501,6
326,4,"DenseLayer( 7202,128 )","weights",0.11712411023905721,0.12931030504927385,0.21245763292149702,0.05534195591096578,6
326,4,"DenseLayer( 7202,128 )","biases",0.006768696837747599,0.007586111563545413,0.013378029597780202,0.0032959272034652634,6
326,6,"DenseLayer( 128,64 )","all",0.16214230641250121,0.18426834014696195,0.32093357833287767,0.073766448532231868,6
326,6,"DenseLayer( 128,64 )","weights",0.16154694927544105,0.18353364511025738,0.31921503581870586,0.073435448036901607,6
326,6,"DenseLayer( 128,64 )","biases",0.013605563071566563,0.01643843949584535,0.03316809624937328,0.0069802507603909415,6
326,8,"DenseLayer( 64,1 )","all",0.10701036776826874,0.12247365586512897,0.22087591287667838,0.055555915403901812,6
326,8,"DenseLayer( 64,1 )","weights",0.10548917220129909,0.12040062521315797,0.21538862335848044,0.054359790632360301,6
326,8,"DenseLayer( 64,1 )","biases",0.016437400501066197,0.022438489905755879,0.04892759770154953,0.011466163210570812,6
327,0,"Conv2DLayer(1,8,5, stride=5, padding=0)","all",0.22493355512751823,0.25938259094602573,0.42245786385079087,0.30261531016656806,6
327,0,"Conv2DLayer(1,8,5, stride=5, padding=0)","weights",0.2209528058933736,0.25507780749639336,0.41683953083714609,0.29623119158088784,6
327,0,"Conv2DLayer(1,8,5, stride=5, padding=0)","biases",0.041733797208251398,0.047059968218287278,0.068669150721712841,0.061831279153641235,6
327,4,"DenseLayer( 7202,128 )","all",0.23355531231890037,0.24238602474632459,0.33674425334811114,0.29115597051926057,6
327,4,"DenseLayer( 7202,128 )","weights",0.23309065951614946,0.24190314231653468,0.33608332055427204,0.29054523266082249,6
327,4,"DenseLayer( 7202,128 )","biases",0.014710885467924277,0.015292309495699076,0.021087764419000645,0.01884852639017312,6
327,6,"DenseLayer( 128,64 )","all",0.3890106663994819,0.40716428997389281,0.59610056366094133,0.49757588783287221,6
327,6,"DenseLayer( 128,64 )","weights",0.38715014059785696,0.40522803929038048,0.59342650257704421,0.49507760259741623,6
327,6,"DenseLayer( 128,64 )","biases",0.037918391240768706,0.039661003552836173,0.056399184711032647,0.049798911223698998,6
327,8,"DenseLayer( 64,1 )","all",0.26783603459637889,0.2795136572950836,0.40913704578104793,0.33894682828685857,6
327,8,"DenseLayer( 64,1 )","weights",0.26218767142123728,0.27370632624392882,0.40137965437994921,0.3315415892380244,6
327,8,"DenseLayer( 64,1 )","biases",0.054476850976546608,0.056680963193345826,0.079293727874755859,0.070463657379150391,6
328,0,"Conv2DLayer(1,8,5, stride=5, padding=0)","all",0.12739368358801112,0.15847369895906135,0.31495036464972448,0.31495036464972448,6
328,0,"Conv2DLayer(1,8,5, stride=5, padding=0)","weights",0.12441600112585545,0.15642491914333514,0.31328081813627473,0.31328081813627473,6
328,0,"Conv2DLayer(1,8,5, stride=5, padding=0)","biases",0.023884947859091496,0.025399959306429253,0.032386126363935133,0.032386126363935133,6
328,4,"DenseLayer( 7202,128 )","all",0.15140325192386708,0.15740331774340355,0.20794487837594292,0.16713853000815612,6
328,4,"DenseLayer( 7202,128 )","weights",0.15110316062119633,0.15709036550501296,0.20752112050881322,0.16684459453439773,6
328,4,"DenseLayer( 7202,128 )","biases",0.0095223503634282187,0.0099207611669817307,0.013268646711413848,0.0099080516722371299,6
328,6,"DenseLayer( 128,64 )","all",0.2385454316408113,0.25298880241604016,0.36299074763245159,0.1983530572304629,6
328,6,"DenseLayer( 128,64 )","weights",0.23733883325899988,0.2516912190169604,0.36098318859968065,0.19746571291127427,6
328,6,"DenseLayer( 128,64 )","biases",0.023944313029615836,0.025590318826827867,0.038123751326090333,0.018741065527698938,6
328,8,"DenseLayer( 64,1 )","all",0.16564858304550481,0.17694348153797657,0.25954854298302948,0.1177900261488123,6
328,8,"DenseLayer( 64,1 )","weights",0.16180569605620437,0.17278978991832564,0.25291205727053845,0.11503492902698274,6
328,8,"DenseLayer( 64,1 )","biases",0.035441769286990166,0.03811409396484642,0.058317556977272034,0.025326969102025032,6
329,0,"Conv2DLayer(1,8,5, stride=5, padding=0)","all",0.10433363749957206,0.11141953205437853,0.18630809343162913,0.065089114315899449,6
329,0,"Conv2DLayer(1,8,5, stride=5, padding=0)","weights",0.10140703595066028,0.10813484012749132,0.18014883849826466,0.064107833011754614,6
329,0,"Conv2DLayer(1,8,5, stride=5, padding=0)","biases",0.023718013575781332,0.026854580127393172,0.047508964057899658,0.011259598081868275,6
329,4,"DenseLayer( 7202,128 )","all",0.1257650157997609,0.13201435000147074,0.1854641288288747,0.12467021943625703,6
329,4,"DenseLayer( 7202,128 )","weights",0.12550646490691758,0.13173789289251664,0.18507047494848078,0.12440406970811503,6
329,4,"DenseLayer( 7202,128 )","biases",0.0080480670772458615,0.0085390972913202343,0.01207735006519094,0.008141931855704488,6
329,6,"DenseLayer( 128,64 )","all",0.19439657305672936,0.20881460395688223,0.31724396904167756,0.18008159264391305,6
329,6,"DenseLayer( 128,64 )","weights",0.19339058167784898,0.20768803065305746,0.31547725134103877,0.17904297935143873,6
329,6,"DenseLayer( 128,64 )","biases",0.019588398605916723,0.021661503851862055,0.033434111018837205,0.019312989259266018,6
329,8,"DenseLayer( 64,1 )","all",0.13435316603910127,0.14755671887122063,0.23191143364334768,0.12231432155738745,6
329,8,"DenseLayer( 64,1 )","weights",0.13119336615740429,0.14389910334471259,0.22598045601918323,0.11898339150965934,6
329,8,"DenseLayer( 64,1 )","biases",0.028058368460430454,0.032650166012260361,0.052112825214862823,0.028350410982966423,6
330,0,"Conv2DLayer(1,8,5, stride=5, padding=0)","all",0.13685030385807237,0.15727861650394165,0.30658955627185686,0.12414054158193993,6
330,0,"Conv2DLayer(1,8,5, stride=5, padding=0)","weights",0.13457046839143816,0.15441973386409941,0.30024321024580181,0.12218324809475981,6
330,0,"Conv2DLayer(1,8,5, stride=5, padding=0)","biases",0.024039638424921225,0.029851448921864056,0.062057801413435087,0.021957412171559106,6
330,4,"DenseLayer( 7202,128 )","all",0.16559909238819881,0.18278760903305671,0.26865331290015765,0.24105978391867272,6
330,4,"DenseLayer( 7202,128 )","weights",0.16527080820446705,0.18241097367503961,0.26804496332889383,0.24055999828146363,6
330,4,"DenseLayer( 7202,128 )","biases",0.01038541650710556,0.011728030480246928,0.018069315599711432,0.015514723643668373,6
330,6,"DenseLayer( 128,64 )","all",0.24290903648415929,0.28172682524920561,0.43611984861197711,0.40288155904716283,6
330,6,"DenseLayer( 128,64 )","weights",0.24173213093818346,0.28023940592554791,0.43351390381767629,0.40082433309958426,6
330,6,"DenseLayer( 128,64 )","biases",0.023557372523667616,0.028911579539907663,0.047604805955831705,0.040662078347596622,6
330,8,"DenseLayer( 64,1 )","all",0.17113877466733926,0.20250697443688162,0.30970608080434375,0.30085238447946161,6
330,8,"DenseLayer( 64,1 )","weights",0.16749392405776409,0.19768804088599298,0.30111180468767795,0.29411802668390058,6
330,8,"DenseLayer( 64,1 )","biases",0.033887049687715866,0.043914840159538317,0.072453692555427551,0.063298843801021576,6
331,0,"Conv2DLayer(1,8,5, stride=5, padding=0)","all",0.19764582560429114,0.23660959955895536,0.3990420733931665,0.02966512359843735,6
331,0,"Conv2DLayer(1,8,5, stride=5, padding=0)","weights",0.19504697108569394,0.2339194038336328,0.39622961056292733,0.029273917329803615,6
331,0,"Conv2DLayer(1,8,5, stride=5, padding=0)","biases",0.030597909851496467,0.035578295540497955,0.058618467652559049,0.0048018040649726928,6
331,4,"DenseLayer( 7202,128 )","all",0.13107355972055534,0.14514117022996073,0.22761081931889018,0.065701255199101555,6
331,4,"DenseLayer( 7202,128 )","weights",0.13081934672132511,0.14485600113187194,0.22711657960499379,0.065555522814997519,6
331,4,"DenseLayer( 7202,128 )","biases",0.008148068463999401,0.0090938568168599694,0.014991475562631962,0.0043735984257598746,6
331,6,"DenseLayer( 128,64 )","all",0.17592645919677818,0.20348983415798363,0.36051691292395016,0.1072270332023559,6
331,6,"DenseLayer( 128,64 )","weights",0.17503907459485554,0.20240432738392686,0.35835444872608108,0.10661670590995707,6
331,6,"DenseLayer( 128,64 )","biases",0.017522115215047061,0.020990494560725076,0.039427573884802843,0.011424301741850889,6
331,8,"DenseLayer( 64,1 )","all",0.11214397201614054,0.13422872512666756,0.25438145190746964,0.077190519820818981,6
331,8,"DenseLayer( 64,1 )","weights",0.10944557506866848,0.13066979928995823,0.24697159517871803,0.075135347170865313,6
331,8,"DenseLayer( 64,1 )","biases",0.023903138469904661,0.030704302673281815,0.060950424522161484,0.017693387344479561,6
332,0,"Conv2DLayer(1,8,5, stride=5, padding=0)","all",0.21783519131981105,0.23099960395505267,0.37476849863948192,0.23352225311414734,6
332,0,"Conv2DLayer(1,8,5, stride=5, padding=0)","weights",0.21453031514059223,0.22802984358397457,0.37334832028980336,0.22799334209160776,6
332,0,"Conv2DLayer(1,8,5, stride=5, padding=0)","biases",0.03468275931508006,0.036921639487694294,0.05051414318195472,0.05051414318195472,6
332,4,"DenseLayer( 7202,128 )","all",0.13391804359042914,0.13638738837551695,0.1826464408297368,0.10899245638359141,6
332,4,"DenseLayer( 7202,128 )","weights",0.13366627936032691,0.13613162107723278,0.18228185097132202,0.10879948517363203,6
332,4,"DenseLayer( 7202,128 )","biases",0.0081922637273950747,0.008348739472447516,0.01153469350435018,0.0064828677667911096,6
332,6,"DenseLayer( 128,64 )","all",0.19827752587467376,0.20371169373443582,0.30215465987262219,0.17195478598613789,6
332,6,"DenseLayer( 128,64 )","weights",0.19737649287025771,0.20277607948390594,0.30068985455664987,0.17135870837857625,6
332,6,"DenseLayer( 128,64 )","biases",0.018591833260903606,0.01950168590889613,0.029716154687993393,0.014305295745441579,6
332,8,"DenseLayer( 64,1 )","all",0.13237187999067765,0.13648247925237436,0.2053847346413365,0.11534711494384493,6
332,8,"DenseLayer( 64,1 )","weights",0.12966897903251773,0.13363959580730053,0.20101765879551167,0.11398696152187603,6
332,8,"DenseLayer( 64,1 )","biases",0.025646625241885584,0.027711470104203138,0.04212825745344162,0.017661526799201965,6
333,0,"Conv2DLayer(1,8,5, stride=5, padding=0)","all",0.17058528225817371,0.18012337401667325,0.24918560980847754,0.24918560980847754,6
333,0,"Conv2DLayer(1,8,5, stride=5, padding=0)","weights",0.16903622149916422,0.17840123396131782,0.24637405700428025,0.24637405700428025,6
333,0,"Conv2DLayer(1,8,5, stride=5, padding=0)","biases",0.02249786234386001,0.024848130477552917,0.037326829102864931,0.037326829102864931,6
333,4,"DenseLayer( 7202,128 )","all",0.090815923028048182,0.094198479242357691,0.13327355194211452,0.087343947578218117,6
333,4,"DenseLayer( 7202,128 )","weights",0.090653567184557013,0.094025202479027278,0.13299224885892705,0.087214115336152864,6
333,4,"DenseLayer( 7202,128 )","biases",0.0054172285808187668,0.0057109360310561548,0.0086545589554128423,0.0047605949920929936,6
333,6,"DenseLayer( 128,64 )","all",0.1275548067051154,0.13322366583839293,0.19302887467135829,0.11279821066575102,6
333,6,"DenseLayer( 128,64 )","weights",0.12703364358870262,0.13263086531410387,0.19185981191961649,0.11256544817718528,6
333,6,"DenseLayer( 128,64 )","biases",0.011287748532669332,0.012553832301406012,0.021212237672163056,0.0072426656739465398,6
333,8,"DenseLayer( 64,1 )","all",0.08184565379279532,0.086335129889374057,0.12969154535638844,0.067347445413078716,6
333,8,"DenseLayer( 64,1 )","weights",0.080488099378634201,0.084637983037735356,0.12574792673374485,0.067258136236899732,6
333,8,"DenseLayer( 64,1 )","biases",0.013032571994699538,0.017034273695086369,0.031738869845867157,0.0034672054462134838,6
334,0,"Conv2DLayer(1,8,5, stride=5, padding=0)","all",0.13618625062211609,0.14640428505790154,0.22095988272787043,0.080694375967464135,6
334,0,"Conv2DLayer(1,8,5, stride=5, padding=0)","weights",0.13503850793371353,0.14529243061180691,0.21921984195861324,0.079721424840110841,6
334,0,"Conv2DLayer(1,8,5, stride=5, padding=0)","biases",0.017258055011601409,0.018009005808999192,0.027675452421864487,0.012493067447228882,6
334,4,"DenseLayer( 7202,128 )","all",0.13364221791684255,0.13690641052810279,0.17956197439738986,0.17956197439738986,6
334,4,"DenseLayer( 7202,128 )","weights",0.13336692298759462,0.13662352061051913,0.17917566239900559,0.17917566239900559,6
334,4,"DenseLayer( 7202,128 )","biases",0.0085666658482061418,0.0087965254320367132,0.011772198323442425,0.011772198323442425,6
334,6,"DenseLayer( 128,64 )","all",0.21027317290524733,0.21735768177614875,0.30014296244833299,0.30014296244833299,6
334,6,"DenseLayer( 128,64 )","weights",0.20921728266400716,0.21626492028918351,0.29857307079659651,0.29857307079659651,6
334,6,"DenseLayer( 128,64 )","biases",0.020947193897168686,0.021768005866744988,0.030658103371734833,0.030658103371734833,6
334,8,"DenseLayer( 64,1 )","all",0.14704373285264463,0.15234553724095923,0.21167936199472334,0.21167936199472334,6
334,8,"DenseLayer( 64,1 )","weights",0.14378926814205176,0.14897214379706963,0.20682239394898336,0.20682239394898336,6
334,8,"DenseLayer( 64,1 )","biases",0.030406527376423281,0.031882018282124287,0.045084916055202484,0.045084916055202484,6
335,0,"Conv2DLayer(1,8,5, stride=5, padding=0)","all",0.28817014438747285,0.3015602904630128,0.3874203135519555,0.3874203135519555,6
335,0,"Conv2DLayer(1,8,5, stride=5, padding=0)","weights",0.2844912412941018,0.29763619197311503,0.38440640833749434,0.38440640833749434,6
335,0,"Conv2DLayer(1,8,5, stride=5, padding=0)","biases",0.044497782955812533,0.048490267187134034,0.072438932837402409,0.048230826053086477,6
335,4,"DenseLayer( 7202,128 )","all",0.15103000574144759,0.16317410940291024,0.2608345423995318,0.1769291947552965,6
335,4,"DenseLayer( 7202,128 )","weights",0.15076813461424662,0.16288315213955637,0.26030481840933883,0.1766585812726538,6
335,4,"DenseLayer( 7202,128 )","biases",0.0088741688332137324,0.0097400579318120076,0.01661505406714887,0.009781902651877613,6
335,6,"DenseLayer( 128,64 )","all",0.21995562967588689,0.2464408668759884,0.42688271465857319,0.26968562319074885,6
335,6,"DenseLayer( 128,64 )","weights",0.21916248752665829,0.24550956299675858,0.42491765767896339,0.26899127734231526,6
335,6,"DenseLayer( 128,64 )","biases",0.018444904475247013,0.021404563619220801,0.040912544126418052,0.019339805312675842,6
335,8,"DenseLayer( 64,1 )","all",0.14113364485179189,0.16221386692714754,0.29364682177788282,0.17469076621289989,6
335,8,"DenseLayer( 64,1 )","weights",0.13924821220205619,0.15990667130363515,0.28816259458352916,0.17361590479452743,6
335,8,"DenseLayer( 64,1 )","biases",0.021760317186514538,0.027261604795930632,0.056486945599317551,0.019348938018083572,6
336,0,"Conv2DLayer(1,8,5, stride=5, padding=0)","all",0.14881630494846607,0.17981760501091315,0.28749992004688912,0.061398256345272455,6
336,0,"Conv2DLayer(1,8,5, stride=5, padding=0)","weights",0.14732789932029886,0.17828143773334962,0.28508787244279798,0.060052005334431814,6
336,0,"Conv2DLayer(1,8,5, stride=5, padding=0)","biases",0.02036938107919322,0.023454211382831859,0.037163275057596597,0.012786811078340139,6
336,4,"DenseLayer( 7202,128 )","all",0.093618140280358128,0.099850323145337372,0.13972463933893889,0.038900499783819188,6
336,4,"DenseLayer( 7202,128 )","weights",0.093453189351613078,0.099676602287751562,0.13949056775313151,0.038839339063325491,6
336,4,"DenseLayer( 7202,128 )","biases",0.0055450781322569764,0.0058874432988942939,0.0080843272017882446,0.0021805101593331765,6
336,6,"DenseLayer( 128,64 )","all",0.14409386001050634,0.15455862057668326,0.22130380735354979,0.054401529765959258,6
336,6,"DenseLayer( 128,64 )","weights",0.14353890958489118,0.15397589809203122,0.22049184276194755,0.054206022214105504,6
336,6,"DenseLayer( 128,64 )","biases",0.012481910244203876,0.013408579392297797,0.018939968970874226,0.0046079926866752271,6
336,8,"DenseLayer( 64,1 )","all",0.096065396342163198,0.10331774941175714,0.14657759544746835,0.034935398094341756,6
336,8,"DenseLayer( 64,1 )","weights",0.094670226574382677,0.10184916555463977,0.14446967240774339,0.034491844027139236,6
336,8,"DenseLayer( 64,1 )","biases",0.015364494252329072,0.017358134097138017,0.024769037961959839,0.0055493004620075226,6
337,0,"Conv2DLayer(1,8,5, stride=5, padding=0)","all",0.21330295166787705,0.26558216835782372,0.45055809478731079,0.28077008853543489,6
337,0,"Conv2DLayer(1,8,5, stride=5, padding=0)","weights",0.21068082955060763,0.26239740481693241,0.44356460341781806,0.27777360584613875,6
337,0,"Conv2DLayer(1,8,5, stride=5, padding=0)","biases",0.032502667523448721,0.041005976332509443,0.079076161851503221,0.040910469459906174,6
337,4,"DenseLayer( 7202,128 )","all",0.17168456817270791,0.19587642280781287,0.289619531207022,0.27801675452439889,6
337,4,"DenseLayer( 7202,128 )","weights",0.17135381921963186,0.19549817339268963,0.28908899186272696,0.2774358099277196,6
337,4,"DenseLayer( 7202,128 )","biases",0.010642830202390702,0.012167054372645992,0.017963495373398041,0.017963495373398041,6
337,6,"DenseLayer( 128,64 )","all",0.2743685092916876,0.32084854689191961,0.47673383866857283,0.47673383866857283,6
337,6,"DenseLayer( 128,64 )","weights",0.27315216090315575,0.31942725045310388,0.47436230593239698,0.47436230593239698,6
337,6,"DenseLayer( 128,64 )","biases",0.025742801773045634,0.030166566105978909,0.047492690407807417,0.047492690407807417,6
337,8,"DenseLayer( 64,1 )","all",0.18441247820128101,0.21729625244022235,0.32959699894595718,0.32959699894595718,6
337,8,"DenseLayer( 64,1 )","weights",0.18103286426528431,0.21328781243128089,0.32251129054829958,0.32251129054829958,6
337,8,"DenseLayer( 64,1 )","biases",0.03492336580529809,0.04154479982914324,0.067975357174873352,0.067975357174873352,6
338,0,"Conv2DLayer(1,8,5, stride=5, padding=0)","all",0.18188854318049988,0.2076564226605315,0.36269019818056503,0.17901447629803466,6
338,0,"Conv2DLayer(1,8,5, stride=5, padding=0)","weights",0.18005181519621957,0.20597871305515461,0.3604721558677052,0.17507756297896351,6
338,0,"Conv2DLayer(1,8,5, stride=5, padding=0)","biases",0.023958328308061719,0.026343113717090843,0.040050027469983103,0.037336706678638455,6
338,4,"DenseLayer( 7202,128 )","all",0.24050221677326042,0.26881786185012563,0.43666492759358472,0.43666492759358472,6
338,4,"DenseLayer( 7202,128 )","weights",0.24001030710565344,0.26825427504104893,0.43572918304296687,0.43572918304296687,6
338,4,"DenseLayer( 7202,128 )","biases",0.015346795267775741,0.017397895616267041,0.028571629897842205,0.028571629897842205,6
338,6,"DenseLayer( 128,64 )","all",0.39900210708043815,0.45537030814213064,0.74551386223318417,0.74551386223318417,6
338,6,"DenseLayer( 128,64 )","weights",0.39697485393065424,0.45295960830984872,0.74138531678151987,0.74138531678151987,6
338,6,"DenseLayer( 128,64 )","biases",0.039968209579654301,0.046794345569175097,0.078350053239321898,0.078350053239321898,6
338,8,"DenseLayer( 64,1 )","all",0.28005823891637893,0.32194197068394842,0.52653329048436748,0.52653329048436748,6
338,8,"DenseLayer( 64,1 )","weights",0.27367335708934787,0.31422219182327177,0.51322669237677021,0.51322669237677021,6
338,8,"DenseLayer( 64,1 )","biases",0.058917858172208071,0.070078860247890049,0.11762511730194092,0.11762511730194092,6
339,0,"Conv2DLayer(1,8,5, stride=5, padding=0)","all",0.19600289695997203,0.2070317444374607,0.31069199704891037,0.18256887402676694,6
339,0,"Conv2DLayer(1,8,5, stride=5, padding=0)","weights",0.19308153823118226,0.20419641855720194,0.3070091660907846,0.17996470534884465,6
339,0,"Conv2DLayer(1,8,5, stride=5, padding=0)","biases",0.032942134840088989,0.034146242153859793,0.047695796109103648,0.03072618739943216,6
339,4,"DenseLayer( 7202,128 )","all",0.2292504035175536,0.26196382368838339,0.40470184794505482,0.27714421132369454,6
339,4,"DenseLayer( 7202,128 )","weights",0.22876509789910193,0.26139958616961778,0.40384570092311556,0.27653210603518447,6
339,4,"DenseLayer( 7202,128 )","biases",0.014898635145890887,0.017184332160168458,0.02631037012396014,0.01840945957865546,6
339,6,"DenseLayer( 128,64 )","all",0.37560354549313446,0.44158249666131344,0.70418487633448645,0.45586926440626979,6
339,6,"DenseLayer( 128,64 )","weights",0.3735768676541853,0.43916494853717275,0.70060114495902448,0.45314274615528061,6
339,6,"DenseLayer( 128,64 )","biases",0.038864473159492201,0.046143789766134945,0.070953334948541141,0.049783911428938919,6
339,8,"DenseLayer( 64,1 )","all",0.2607930787091719,0.31046438362773349,0.49345916413200247,0.31491620692062494,6
339,8,"DenseLayer( 64,1 )","weights",0.2542526973647502,0.30262454432942121,0.4824345793366448,0.30585575937120085,6
339,8,"DenseLayer( 64,1 )","biases",0.05764804889137546,0.069329060795301725,0.10456281155347824,0.074996478855609894,6
340,0,"Conv2DLayer(1,8,5, stride=5, padding=0)","all",0.20923704883129535,0.24819190422557597,0.40031035789358849,0.39475700364061361,6
340,0,"Conv2DLayer(1,8,5, stride=5, padding=0)","weights",0.20671174880764664,0.24522447814258871,0.39806482086737927,0.3874419855977187,6
340,0,"Conv2DLayer(1,8,5, stride=5, padding=0)","biases",0.031217690661045711,0.038264561186723327,0.075642578746447753,0.075642578746447753,6
340,4,"DenseLayer( 7202,128 )","all",0.1589411194419795,0.16359245768379349,0.214221478957316,0.15087951637016719,6
340,4,"DenseLayer( 7202,128 )","weights",0.15862213289016863,0.16326477824769298,0.21381865220007332,0.15063975356429307,6
340,4,"DenseLayer( 7202,128 )","biases",0.010048569611705749,0.010349125313542731,0.01313110878806004,0.0085025352798211891,6
340,6,"DenseLayer( 128,64 )","all",0.25107170075783231,0.26190335522410063,0.36144200514543767,0.2104831710073484,6
340,6,"DenseLayer( 128,64 )","weights",0.24987599039307828,0.26064417486665187,0.35995207370671817,0.20997416205328309,6
340,6,"DenseLayer( 128,64 )","biases",0.024239218104111927,0.025651151742634458,0.034971951661396668,0.014629304403500258,6
340,8,"DenseLayer( 64,1 )","all",0.1710003652116511,0.17902294294018847,0.24383220609514003,0.12148735145146079,6
340,8,"DenseLayer( 64,1 )","weights",0.16753656859317931,0.17527747434615934,0.24000247052061902,0.12132226144344085,6
340,8,"DenseLayer( 64,1 )","biases",0.032772223542754851,0.0364283006163812,0.052887760102748871,0.006331306416541338,6
341,0,"Conv2DLayer(1,8,5, stride=5, padding=0)","all",0.27614303144777708,0.34171213598605782,0.55184023911861635,0.22596834017304879,6
341,0,"Conv2DLayer(1,8,5, stride=5, padding=0)","weights",0.27313899836544603,0.33814926716324445,0.54667331514171913,0.22518451713804405,6
341,0,"Conv2DLayer(1,8,5, stride=5, padding=0)","biases",0.039480738347518578,0.049216430154114026,0.083098923019665455,0.01880489302997047,6
341,4,"DenseLayer( 7202,128 )","all",0.15822545464423307,0.18703293790298142,0.29287873392504848,0.10760999518991329,6
341,4,"DenseLayer( 7202,128 )","weights",0.15792991211641533,0.18667862616419717,0.29231766723623293,0.10745627739076956,6
341,4,"DenseLayer( 7202,128 )","biases",0.0096465386384394641,0.011506971542001152,0.018119994677325658,0.0057497403498896066,6
341,6,"DenseLayer( 128,64 )","all",0.24934028596053617,0.30894578432566211,0.49293042465563974,0.13012541114997159,6
341,6,"DenseLayer( 128,64 )","weights",0.24838283311861717,0.30772057041739848,0.49098518486570975,0.12989214375996744,6
341,6,"DenseLayer( 128,64 )","biases",0.021609232950073314,0.027487236939885976,0.043748734765409601,0.0077880431681586672,6
341,8,"DenseLayer( 64,1 )","all",0.16649016180508297,0.20856535776293175,0.32946457682821112,0.08082470509188977,6
341,8,"DenseLayer( 64,1 )","weights",0.1641794962930905,0.20547635275684942,0.32476401418319728,0.080642334707296912,6
341,8,"DenseLayer( 64,1 )","biases",0.026297221576290514,0.035762786755543945,0.055454868823289871,0.0054264911450445652,6
342,0,"Conv2DLayer(1,8,5, stride=5, padding=0)","all",0.33443463659921147,0.40237812387285538,0.66675563422263939,0.27837084039151166,6
342,0,"Conv2DLayer(1,8,5, stride=5, padding=0)","weights",0.33061464172087618,0.39800698934828033,0.65908616872455938,0.27516097703160503,6
342,0,"Conv2DLayer(1,8,5, stride=5, padding=0)","biases",0.049916184921251369,0.05914888842029746,0.10083897046090728,0.042151648832388443,6
342,4,"DenseLayer( 7202,128 )","all",0.16902326990799171,0.18104683818761469,0.27578930933575285,0.16059270249606497,6
342,4,"DenseLayer( 7202,128 )","weights",0.16871867758649009,0.18073001177041975,0.27534431618526273,0.16028203599962884,6
342,4,"DenseLayer( 7202,128 )","biases",0.010126027603078869,0.010706094675289804,0.015660481741045108,0.0099842391198988242,6
342,6,"DenseLayer( 128,64 )","all",0.25700826771999979,0.28204663095211846,0.44162361391656346,0.2637344119050169,6
342,6,"DenseLayer( 128,64 )","weights",0.25605360070384131,0.28106192156056081,0.44032639875563523,0.26259740592761643,6
342,6,"DenseLayer( 128,64 )","biases",0.021886890552141301,0.023547787159851098,0.033824235802442516,0.024463082859111123,6
342,8,"DenseLayer( 64,1 )","all",0.16669572930783594,0.18399935493113262,0.28539053955467092,0.18068594654062065,6
342,8,"DenseLayer( 64,1 )","weights",0.16458336865727038,0.1818289271459102,0.28318724269063761,0.17766685797813656,6
342,8,"DenseLayer( 64,1 )","biases",0.024509328650310636,0.028178074242931946,0.04218725860118866,0.032892230898141861,6
343,0,"Conv2DLayer(1,8,5, stride=5, padding=0)","all",0.18625753948114052,0.2130192722504913,0.29792263130017094,0.25536541283158903,6
343,0,"Conv2DLayer(1,8,5, stride=5, padding=0)","weights",0.18358078292758775,0.21072334767108791,0.29451486855093739,0.25363860275275285,6
343,0,"Conv2DLayer(1,8,5, stride=5, padding=0)","biases",0.029043130046909869,0.031191041925827584,0.044932020244383065,0.029647145971899713,6
343,4,"DenseLayer( 7202,128 )","all",0.11503889500938373,0.11803220622168056,0.14587237319768048,0.14587237319768048,6
343,4,"DenseLayer( 7202,128 )","weights",0.11481649599523173,0.11780150181907512,0.14556641029693271,0.14556641029693271,6
343,4,"DenseLayer( 7202,128 )","biases",0.0071424115650070459,0.0073761693803606736,0.0094429579893389234,0.0094429579893389234,6
343,6,"DenseLayer( 128,64 )","all",0.15876696020482159,0.16531556487816143,0.22220786854045854,0.22220786854045854,6
343,6,"DenseLayer( 128,64 )","weights",0.15797529368519014,0.16447244607248762,0.22089009691277808,0.22089009691277808,6
343,6,"DenseLayer( 128,64 )","biases",0.0157342909442224,0.016674845544059916,0.024164062720437109,0.024164062720437109,6
343,8,"DenseLayer( 64,1 )","all",0.10186387545000912,0.10749042401503185,0.14739437391694873,0.14739437391694873,6
343,8,"DenseLayer( 64,1 )","weights",0.099499734304563589,0.10489002112966699,0.1428956752972538,0.1428956752972538,6
343,8,"DenseLayer( 64,1 )","biases",0.021391463310768206,0.023500526001546201,0.036137618124485016,0.036137618124485016,6
344,0,"Conv2DLayer(1,8,5, stride=5, padding=0)","all",0.31808670050887811,0.35382188509228685,0.52667404423076858,0.4675014181125785,6
344,0,"Conv2DLayer(1,8,5, stride=5, padding=0)","weights",0.31416404003185838,0.34967058097212589,0.5216872645185866,0.46246379294770107,6
344,0,"Conv2DLayer(1,8,5, stride=5, padding=0)","biases",0.049193399468346798,0.054040828758221103,0.072304542772275271,0.068445716810460633,6
344,4,"DenseLayer( 7202,128 )","all",0.18507734201277595,0.19285986387472115,0.27938170690093966,0.27938170690093966,6
344,4,"DenseLayer( 7202,128 )","weights",0.18473184619245264,0.19250038494637936,0.2788491473206528,0.2788491473206528,6
344,4,"DenseLayer( 7202,128 )","biases",0.011296380500921219,0.011769829619486336,0.017242134132045079,0.017242134132045079,6
344,6,"DenseLayer( 128,64 )","all",0.29888690342809832,0.31080011578808842,0.45579151950087043,0.45579151950087043,6
344,6,"DenseLayer( 128,64 )","weights",0.29767671089437253,0.30954088373055866,0.45388029771733129,0.45388029771733129,6
344,6,"DenseLayer( 128,64 )","biases",0.02674877576467611,0.027949119363478239,0.041696337884028684,0.041696337884028684,6
344,8,"DenseLayer( 64,1 )","all",0.20017133217934138,0.20776024225128767,0.30293665643991008,0.30293665643991008,6
344,8,"DenseLayer( 64,1 )","weights",0.19711772708910505,0.2045434124954798,0.29793097850379963,0.29793097850379963,6
344,8,"DenseLayer( 64,1 )","biases",0.034122009451190628,0.036418548365053482,0.054842956364154816,0.054842956364154816,6
345,0,"Conv2DLayer(1,8,5, stride=5, padding=0)","all",0.26394359270968448,0.32312260318105746,0.59949536415620475,0.085031731477212255,6
345,0,"Conv2DLayer(1,8,5, stride=5, padding=0)","weights",0.26124824001243024,0.32068588321131691,0.59581358939151785,0.080577650892851529,6
345,0,"Conv2DLayer(1,8,5, stride=5, padding=0)","biases",0.03535367888646139,0.039607840075933438,0.066338965481655313,0.027159483327237135,6
345,4,"DenseLayer( 7202,128 )","all",0.20284393655346827,0.21245456920223574,0.29142813734722534,0.24444392439488527,6
345,4,"DenseLayer( 7202,128 )","weights",0.20244776130496367,0.2120426691199383,0.29092894457394225,0.24388798455844643,6
345,4,"DenseLayer( 7202,128 )","biases",0.01265118688994352,0.013223102790190039,0.017050174391051835,0.016476746086269044,6
345,6,"DenseLayer( 128,64 )","all",0.32986118204959286,0.35185553115438017,0.48284845266642806,0.42348226425921054,6
345,6,"DenseLayer( 128,64 )","weights",0.32836745656470528,0.35027866724908885,0.48119371108468573,0.42110378148668981,6
345,6,"DenseLayer( 128,64 )","biases",0.031167835958184759,0.033274165265759416,0.044820010706358049,0.044820010706358049,6
345,8,"DenseLayer( 64,1 )","all",0.22835322327889127,0.24503355402631219,0.31996540652382865,0.30812349488916024,6
345,8,"DenseLayer( 64,1 )","weights",0.22397412057139848,0.24040737861622671,0.3161477897261451,0.30038083242127567,6
345,8,"DenseLayer( 64,1 )","biases",0.04395163912946979,0.047389185534675179,0.068639956414699554,0.068639956414699554,6
346,0,"Conv2DLayer(1,8,5, stride=5, padding=0)","all",0.3957278504298633,0.40974012267368431,0.51049200532181227,0.1720962513260334,6
346,0,"Conv2DLayer(1,8,5, stride=5, padding=0)","weights",0.39101878021753816,0.40477521728404775,0.50439849743125187,0.17074350872386704,6
346,0,"Conv2DLayer(1,8,5, stride=5, padding=0)","biases",0.060485942212879687,0.063592386346934718,0.078639959858717148,0.021535411515362264,6
346,4,"DenseLayer( 7202,128 )","all",0.26537874307682985,0.27127666180952748,0.3323422711864954,0.23211970653138991,6
346,4,"DenseLayer( 7202,128 )","weights",0.26483390717846722,0.27071352629565332,0.33166740604684913,0.23158784849231931,6
346,4,"DenseLayer( 7202,128 )","biases",0.016971059195431782,0.017470372723366431,0.02116877378481169,0.015704349426739414,6
346,6,"DenseLayer( 128,64 )","all",0.41822284543531524,0.42953892188679127,0.56086509101035009,0.37070575632082042,6
346,6,"DenseLayer( 128,64 )","weights",0.4161211185870945,0.42734316546669437,0.55827089886514958,0.36841516949314396,6
346,6,"DenseLayer( 128,64 )","biases",0.041567512603135015,0.043376310868635096,0.053881850324077683,0.041146332239088611,6
346,8,"DenseLayer( 64,1 )","all",0.28643154980682872,0.29555548975330825,0.38963751358179727,0.25989052955294373,6
346,8,"DenseLayer( 64,1 )","weights",0.27990948391806764,0.28864634269877154,0.38204839053509781,0.25212187004274339,6
346,8,"DenseLayer( 64,1 )","biases",0.059507835345963635,0.06353216799339699,0.079863391816616058,0.063068613409996033,6
347,0,"Conv2DLayer(1,8,5, stride=5, padding=0)","all",0.17629062506067564,0.19476006967416878,0.34142655399393435,0.12960986969949537,6
347,0,"Conv2DLayer(1,8,5, stride=5, padding=0)","weights",0.17424430650551093,0.19293668361772356,0.339124318718801,0.12709061770046365,6
347,0,"Conv2DLayer(1,8,5, stride=5, padding=0)","biases",0.025647797771299458,0.026587983264653926,0.039582675827715734,0.025430163507825936,6
347,4,"DenseLayer( 7202,128 )","all",0.16159830937871475,0.17459553511073617,0.25246508198360923,0.072601075677163188,6
347,4,"DenseLayer( 7202,128 )","weights",0.16124723968971477,0.17420948475895645,0.25189703789284601,0.072455890098889211,6
347,4,"DenseLayer( 7202,128 )","biases",0.010633907414246387,0.01160415014653087,0.01692630856981639,0.0045891371148470087,6
347,6,"DenseLayer( 128,64 )","all",0.24672369601841476,0.27391825879035264,0.41946436173239304,0.094402041830144404,6
347,6,"DenseLayer( 128,64 )","weights",0.24526111642737813,0.27225952501640122,0.41695647197448532,0.093810247162501567,6
347,6,"DenseLayer( 128,64 )","biases",0.026716188743729424,0.030099228172532959,0.045800122730775834,0.010553815850710222,6
347,8,"DenseLayer( 64,1 )","all",0.16644185814872298,0.19020906288639822,0.30162936887137898,0.052617425396162529,6
347,8,"DenseLayer( 64,1 )","weights",0.16159148604793741,0.18458907005246614,0.29312619381706351,0.050608013886847956,6
347,8,"DenseLayer( 64,1 )","biases",0.039502337031687297,0.045895128513683624,0.071114771068096161,0.01440216600894928,6
348,0,"Conv2DLayer(1,8,5, stride=5, padding=0)","all",0.1748008406336462,0.20511463530472115,0.35756127698149981,0.19051923029859893,6
348,0,"Conv2DLayer(1,8,5, stride=5, padding=0)","weights",0.17259039942347554,0.20293596682985277,0.35479122051931211,0.18797312641815003,6
348,0,"Conv2DLayer(1,8,5, stride=5, padding=0)","biases",0.026806169717150521,0.029816220133036066,0.044421353413168892,0.031043209533757402,6
348,4,"DenseLayer( 7202,128 )","all",0.11458937916046938,0.12230172716378239,0.18326892130429984,0.086669148190500769,6
348,4,"DenseLayer( 7202,128 )","weights",0.11436013256687549,0.12205534554534034,0.18284399425658826,0.086517892811678446,6
348,4,"DenseLayer( 7202,128 )","biases",0.0072294753806857346,0.0077591939692105713,0.012472821667063493,0.0051181511792738324,6
348,6,"DenseLayer( 128,64 )","all",0.15460050257774929,0.16902406379460871,0.29489854615364108,0.095143911325277233,6
348,6,"DenseLayer( 128,64 )","weights",0.1538403136323733,0.16813593967399912,0.29303501827619383,0.094771795376095244,6
348,6,"DenseLayer( 128,64 )","biases",0.015211722959730115,0.017304332740249808,0.033100310986483653,0.0084065845302209122,6
348,8,"DenseLayer( 64,1 )","all",0.10207673413269994,0.11505992965392711,0.21271054318399341,0.049569462409211854,6
348,8,"DenseLayer( 64,1 )","weights",0.099733853360097297,0.11214737371738928,0.20626985075967846,0.048666005000728998,6
348,8,"DenseLayer( 64,1 )","biases",0.021536926583697397,0.02572457930188329,0.051947318017482758,0.0094208046793937683,6
349,0,"Conv2DLayer(1,8,5, stride=5, padding=0)","all",0.15187309761423964,0.18341466595212383,0.31556905459953699,0.31556905459953699,6
349,0,"Conv2DLayer(1,8,5, stride=5, padding=0)","weights",0.14922407523690387,0.18056743159595451,0.31204429349619572,0.31204429349619572,6
349,0,"Conv2DLayer(1,8,5, stride=5, padding=0)","biases",0.027346332872400181,0.032192271326662594,0.047033893282457495,0.047033893282457495,6
349,4,"DenseLayer( 7202,128 )","all",0.15252084042659611,0.16622536523663761,0.23899024879755171,0.185766732245783,6
349,4,"DenseLayer( 7202,128 )","weights",0.15220685189007649,0.16588335159777456,0.23846684967746165,0.18539334116853706,6
349,4,"DenseLayer( 7202,128 )","biases",0.009777906046663655,0.010657659721659191,0.015808245482107509,0.011772334502674533,6
349,6,"DenseLayer( 128,64 )","all",0.24576546546018296,0.26887511996593527,0.40265615146263273,0.30289319980613655,6
349,6,"DenseLayer( 128,64 )","weights",0.24454043747364224,0.26752990590216486,0.40036443368708158,0.30160161266620766,6
349,6,"DenseLayer( 128,64 )","biases",0.024464301892673311,0.026862233426781172,0.042898677708305417,0.02794204226507125,6
349,8,"DenseLayer( 64,1 )","all",0.16937550978790336,0.18503650192134866,0.28009915368489724,0.20329443067462077,6
349,8,"DenseLayer( 64,1 )","weights",0.16573921609649092,0.18102917559271978,0.27284831271333904,0.20001680024322158,6
349,8,"DenseLayer( 64,1 )","biases",0.034761315832535424,0.038300713146226135,0.063319303095340729,0.03635801374912262,6
350,0,"Conv2DLayer(1,8,5, stride=5, padding=0)","all",0.12705847034721557,0.1493942813450099,0.21976713080317212,0.21976713080317212,6
350,0,"Conv2DLayer(1,8,5, stride=5, padding=0)","weights",0.12433383848233685,0.14692894097060885,0.21759103245918443,0.21759103245918443,6
350,0,"Conv2DLayer(1,8,5, stride=5, padding=0)","biases",0.023651064703226674,0.027028459146745842,0.040386901408330192,0.03085019245976766,6
350,4,"DenseLayer( 7202,128 )","all",0.085043142002003844,0.089205102653564725,0.12632074512643379,0.12632074512643379,6
350,4,"DenseLayer( 7202,128 )","weights",0.084876591878457627,0.089029057941759873,0.12605732986921542,0.12605732986921542,6
350,4,"DenseLayer( 7202,128 )","biases",0.0053079655981776164,0.0056015338467052152,0.0081535412883761375,0.0081535412883761375,6
350,6,"DenseLayer( 128,64 )","all",0.12044233332258601,0.12825875782174431,0.18266481878001306,0.18266481878001306,6
350,6,"DenseLayer( 128,64 )","weights",0.11987139543092877,0.12763966526959422,0.18167757111057903,0.18167757111057903,6
350,6,"DenseLayer( 128,64 )","biases",0.011534081287589315,0.012586691695707876,0.018965657787050387,0.018965657787050387,6
350,8,"DenseLayer( 64,1 )","all",0.078089018195923204,0.084469579348903631,0.12080787874831052,0.12080787874831052,6
350,8,"DenseLayer( 64,1 )","weights",0.076457586020086829,0.082621905611498639,0.11764748566309557,0.11764748566309557,6
350,8,"DenseLayer( 64,1 )","biases",0.014698853963636793,0.017570729879698679,0.027452006936073303,0.027452006936073303,6
351,0,"Conv2DLayer(1,8,5, stride=5, padding=0)","all",0.072093652975550288,0.082410256976077303,0.15197294282575258,0.061902578222923409,6
351,0,"Conv2DLayer(1,8,5, stride=5, padding=0)","weights",0.070315430676478746,0.08085103357897469,0.14946276815588566,0.060437174433090358,6
351,0,"Conv2DLayer(1,8,5, stride=5, padding=0)","biases",0.014330517029159761,0.01595496236518926,0.027507386031744834,0.013389441257549184,6
351,4,"DenseLayer( 7202,128 )","all",0.089263793930767887,0.096089115755361706,0.14564637383119014,0.084781222471702986,6
351,4,"DenseLayer( 7202,128 )","weights",0.089077747668068641,0.095883685712717104,0.14531766288454595,0.084590692720080546,6
351,4,"DenseLayer( 7202,128 )","biases",0.0057521989620244567,0.0062798870047311552,0.0097797271919127845,0.0056807032076415026,6
351,6,"DenseLayer( 128,64 )","all",0.13977928729174152,0.15620554995883795,0.24578789112140534,0.13608559199720233,6
351,6,"DenseLayer( 128,64 )","weights",0.13905951458560009,0.15536829167666008,0.24445209347925856,0.13525959346128971,6
351,6,"DenseLayer( 128,64 )","biases",0.014079891963280135,0.016151401778771328,0.025590260168971223,0.014970996156423491,6
351,8,"DenseLayer( 64,1 )","all",0.096991218645831254,0.11253695989948437,0.18083988649945545,0.10048724500786466,6
351,8,"DenseLayer( 64,1 )","weights",0.094754604176508758,0.10981990775686311,0.17656868647646159,0.097652904624028508,6
351,8,"DenseLayer( 64,1 )","biases",0.020160045125521719,0.024579568826410051,0.039071261882781982,0.023698030039668083,6
352,0,"Conv2DLayer(1,8,5, stride=5, padding=0)","all",0.11978057972205093,0.16185599482324556,0.34939783111213352,0.34939783111213352,6
352,0,"Conv2DLayer(1,8,5, stride=5, padding=0)","weights",0.11717165805829892,0.15913484632427083,0.34394940626756154,0.34394940626756154,6
352,0,"Conv2DLayer(1,8,5, stride=5, padding=0)","biases",0.023384739673055974,0.029554420068294444,0.061462592802898439,0.061462592802898439,6
352,4,"DenseLayer( 7202,128 )","all",0.11599694214082405,0.12131578772924149,0.15341793582985958,0.13880555524203772,6
352,4,"DenseLayer( 7202,128 )","weights",0.11575897103643146,0.12106506668348381,0.15308228999823706,0.13855125156281231,6
352,4,"DenseLayer( 7202,128 )","biases",0.0074111240058332851,0.0077955103290292408,0.010142757178921673,0.0083983841558171162,6
352,6,"DenseLayer( 128,64 )","all",0.17842421456920587,0.18855022110074315,0.260694853700702,0.17579271155482054,6
352,6,"DenseLayer( 128,64 )","weights",0.17751276022934104,0.18754769102549218,0.25914548683516636,0.17515721818512825,6
352,6,"DenseLayer( 128,64 )","biases",0.01785830844845426,0.019417761666722624,0.028379982364248133,0.01493406687556024,6
352,8,"DenseLayer( 64,1 )","all",0.12271394846004387,0.1318225339116072,0.18872470041065892,0.10451165132957518,6
352,8,"DenseLayer( 64,1 )","weights",0.11989808834564342,0.12858132706534076,0.18353583734895357,0.10289682264353534,6
352,8,"DenseLayer( 64,1 )","biases",0.025317630943997454,0.029052070098233983,0.043950073421001434,0.018301069736480713,6
353,0,"Conv2DLayer(1,8,5, stride=5, padding=0)","all",0.2677595039160704,0.29375463356649784,0.37475634857310514,0.35772104163753932,6
353,0,"Conv2DLayer(1,8,5, stride=5, padding=0)","weights",0.26479552421291302,0.2904622749083281,0.37113974331249966,0.35142276235077047,6
353,0,"Conv2DLayer(1,8,5, stride=5, padding=0)","biases",0.039124164628503696,0.043857172695766056,0.066831023724016433,0.066831023724016433,6
353,4,"DenseLayer( 7202,128 )","all",0.13035981104195118,0.14250328147790001,0.18702577563041065,0.17081314228583189,6
353,4,"DenseLayer( 7202,128 )","weights",0.13011437231570799,0.14222955299521181,0.18665348070386806,0.1704879914576363,6
353,4,"DenseLayer( 7202,128 )","biases",0.0079883631483843812,0.0088283343135520907,0.011794867158533874,0.010534436211814643,6
353,6,"DenseLayer( 128,64 )","all",0.1877698105018748,0.20401940659402429,0.27727713689461769,0.21825785859347563,6
353,6,"DenseLayer( 128,64 )","weights",0.18691422543092182,0.2030392301305538,0.27571708705891934,0.21732881958006847,6
353,6,"DenseLayer( 128,64 )","biases",0.017735016546986237,0.019974716392725318,0.029371730426055096,0.020116585638314772,6
353,8,"DenseLayer( 64,1 )","all",0.12457143150108951,0.13468641014191257,0.17991508858214253,0.1493729793694927,6
353,8,"DenseLayer( 64,1 )","weights",0.12191984103841212,0.13158098235790894,0.17460778555373607,0.14619785527356088,6
353,8,"DenseLayer( 64,1 )","biases",0.024760531727224588,0.028755419639489584,0.043376956135034561,0.030634524300694466,6
354,0,"Conv2DLayer(1,8,5, stride=5, padding=0)","all",0.13119708305003874,0.13402261860045075,0.16734972933906797,0.16734972933906797,6
354,0,"Conv2DLayer(1,8,5, stride=5, padding=0)","weights",0.12928877926327478,0.13225575375438628,0.16603549717785598,0.16603549717785598,6
354,0,"Conv2DLayer(1,8,5, stride=5, padding=0)","biases",0.020802750077230574,0.021690502423434687,0.028048400585134751,0.020931927449747291,6
354,4,"DenseLayer( 7202,128 )","all",0.085741900096716894,0.091519954714008478,0.15014615263994252,0.095145777733007655,6
354,4,"DenseLayer( 7202,128 )","weights",0.085579538674577321,0.091341928999852981,0.14982462404891905,0.09498691084090824,6
354,4,"DenseLayer( 7202,128 )","biases",0.0052611653060815351,0.0057056215647358962,0.0098208544015773239,0.0054959793777130889,6
354,6,"DenseLayer( 128,64 )","all",0.12171090054404508,0.13319336629677453,0.22768685295284269,0.14565671451890735,6
354,6,"DenseLayer( 128,64 )","weights",0.12116348170622492,0.13252269537638922,0.22620871745673585,0.14518971189785279,6
354,6,"DenseLayer( 128,64 )","biases",0.011335637685826117,0.013349458252809554,0.025902107137220954,0.011654443078113185,6
354,8,"DenseLayer( 64,1 )","all",0.082875167879098544,0.091571395286415488,0.15179421926309594,0.10799630455857458,6
354,8,"DenseLayer( 64,1 )","weights",0.081203387930930432,0.089403529062911463,0.14657146370536314,0.10667637521312093,6
354,8,"DenseLayer( 64,1 )","biases",0.015726783002416294,0.019807307383844543,0.039475195109844208,0.016833085566759109,6
355,0,"Conv2DLayer(1,8,5, stride=5, padding=0)","all",0.093528856821847084,0.11720625548075317,0.22414910165391275,0.031996091918411705,6
355,0,"Conv2DLayer(1,8,5, stride=5, padding=0)","weights",0.090130193334029121,0.11388609620748759,0.21750608822780451,0.025091101386746389,6
355,0,"Conv2DLayer(1,8,5, stride=5, padding=0)","biases",0.022927279892365243,0.027699520112060914,0.054165684303760474,0.01985413128926734,6
355,4,"DenseLayer( 7202,128 )","all",0.13771722835121622,0.15334269121412308,0.2270212175464707,0.06566696356323562,6
355,4,"DenseLayer( 7202,128 )","weights",0.1374224711113296,0.15300852924140029,0.2265092641071797,0.065553599042564081,6
355,4,"DenseLayer( 7202,128 )","biases",0.0089995313456535456,0.010117851954513155,0.015237666813062139,0.00385691018589457,6
355,6,"DenseLayer( 128,64 )","all",0.21502251348552867,0.25076218672772538,0.38538888507710406,0.049955756195742898,6
355,6,"DenseLayer( 128,64 )","weights",0.21387236681397712,0.24936987985530842,0.38300757729051754,0.049789326312595264,6
355,6,"DenseLayer( 128,64 )","biases",0.022162495180387005,0.02638820405824676,0.04277602691954395,0.0040743787779751045,6
355,8,"DenseLayer( 64,1 )","all",0.14839516566940339,0.17520281409524138,0.27275340241832774,0.025099714866282943,6
355,8,"DenseLayer( 64,1 )","weights",0.14485844700781775,0.17075619130157227,0.26449798622535975,0.025072250927460092,6
355,8,"DenseLayer( 64,1 )","biases",0.031802822990963854,0.039221794949652257,0.066597551107406616,0.0011738482862710953,6
356,0,"Conv2DLayer(1,8,5, stride=5, padding=0)","all",0.34975603262789556,0.40674710657418545,0.71527936429003491,0.71527936429003491,6
356,0,"Conv2DLayer(1,8,5, stride=5, padding=0)","weights",0.34529818804455742,0.40147544399220381,0.70341899911995565,0.70341899911995565,6
356,0,"Conv2DLayer(1,8,5, stride=5, padding=0)","biases",0.054184180885924332,0.065273858302804466,0.12971615418380375,0.12971615418380375,6
356,4,"DenseLayer( 7202,128 )","all",0.16777400566707643,0.1930425871650058,0.34037238391318642,0.34037238391318642,6
356,4,"DenseLayer( 7202,128 )","weights",0.16747830218122142,0.1927041420613293,0.33977619298494033,0.33977619298494033,6
356,4,"DenseLayer( 7202,128 )","biases",0.0099517216598761296,0.01142602694578799,0.020136991120972673,0.020136991120972673,6
356,6,"DenseLayer( 128,64 )","all",0.25133917989246202,0.2911515322328066,0.49779998487759136,0.49779998487759136,6
356,6,"DenseLayer( 128,64 )","weights",0.25050426967147232,0.29018625738426779,0.49615020886536015,0.49615020886536015,6
356,6,"DenseLayer( 128,64 )","biases",0.020375825520171403,0.023688620618822636,0.04049438463527584,0.04049438463527584,6
356,8,"DenseLayer( 64,1 )","all",0.16487033481929675,0.19054561060167224,0.31515957662705185,0.31515957662705185,6
356,8,"DenseLayer( 64,1 )","weights",0.16321973581355434,0.18858788821578309,0.31205396578924643,0.31205396578924643,6
356,8,"DenseLayer( 64,1 )","biases",0.022574642362693947,0.027244047751305542,0.044134806841611862,0.044134806841611862,6
357,0,"Conv2DLayer(1,8,5, stride=5, padding=0)","all",0.38076548326101689,0.43942474926831337,0.67616575715058336,0.12437639886454112,6
357,0,"Conv2DLayer(1,8,5, stride=5, padding=0)","weights",0.37705074110009751,0.4351196269549758,0.66715751345160657,0.12329933616417836,6
357,0,"Conv2DLayer(1,8,5, stride=5, padding=0)","biases",0.051607459819936377,0.061359762940242639,0.11000446985505184,0.016332859394005871,6
357,4,"DenseLayer( 7202,128 )","all",0.2416415091793277,0.24968115450740097,0.3133854350672719,0.26500917421974074,6
357,4,"DenseLayer( 7202,128 )","weights",0.24117202069734273,0.24920032045854112,0.31284188516909989,0.26438533873797843,6
357,4,"DenseLayer( 7202,128 )","biases",0.015018706854328472,0.015488034075022462,0.018449547315503769,0.01817292164274379,6
357,6,"DenseLayer( 128,64 )","all",0.36315602699794619,0.37856655882769558,0.49760920634897288,0.40548170190901567,6
357,6,"DenseLayer( 128,64 )","weights",0.36155648553652459,0.37691384313701404,0.49582762936078606,0.40287935367069583,6
357,6,"DenseLayer( 128,64 )","biases",0.033590417208586562,0.035335454069948924,0.045865422367119026,0.045865422367119026,6
357,8,"DenseLayer( 64,1 )","all",0.24634050435256699,0.2579299022830368,0.34321257849318954,0.28610240490223582,6
357,8,"DenseLayer( 64,1 )","weights",0.24184870225066638,0.25323423831497799,0.33704592407068151,0.27714001125116977,6
357,8,"DenseLayer( 64,1 )","biases",0.043436909016842641,0.048992397744648704,0.0710492804646492,0.0710492804646492,6
358,0,"Conv2DLayer(1,8,5, stride=5, padding=0)","all",0.49058469093923585,0.55147566999728903,0.8577534622520282,0.57869034295879984,6
358,0,"Conv2DLayer(1,8,5, stride=5, padding=0)","weights",0.4852059299510964,0.54612178433573266,0.84801159416563854,0.57543215871255526,6
358,0,"Conv2DLayer(1,8,5, stride=5, padding=0)","biases",0.070124149047509979,0.076657754160386699,0.1289082548403864,0.06132164180109647,6
358,4,"DenseLayer( 7202,128 )","all",0.22855163659778135,0.2459809601639171,0.33256106769586724,0.20334884917561533,6
358,4,"DenseLayer( 7202,128 )","weights",0.22811371940500921,0.24551139556474547,0.33191792512842982,0.20303343710612368,6
358,4,"DenseLayer( 7202,128 )","biases",0.014114978099971191,0.015191688879569565,0.02067255972184456,0.011321566937526142,6
358,6,"DenseLayer( 128,64 )","all",0.34137570055849087,0.36657424866191363,0.47976223679676627,0.28104508821119151,6
358,6,"DenseLayer( 128,64 )","weights",0.33988801818070452,0.36497434866821504,0.47823265703790352,0.28046785873836305,6
358,6,"DenseLayer( 128,64 )","biases",0.031381372531779125,0.03421117648165109,0.051724159346661518,0.018003383636251775,6
358,8,"DenseLayer( 64,1 )","all",0.22061235049010025,0.23661762430586175,0.32353702339583745,0.16261482070419958,6
358,8,"DenseLayer( 64,1 )","weights",0.216500760553273,0.23212471206439672,0.32046795439982301,0.16259635665273156,6
358,8,"DenseLayer( 64,1 )","biases",0.039154512962947287,0.045891373711960941,0.077831745147705078,0.0024504521861672401,6
359,0,"Conv2DLayer(1,8,5, stride=5, padding=0)","all",0.44662620533072317,0.47231778766136101,0.61442161439102427,0.61442161439102427,6
359,0,"Conv2DLayer(1,8,5, stride=5, padding=0)","weights",0.4423726009030669,0.46770898118529963,0.60667733022842674,0.60667733022842674,6
359,0,"Conv2DLayer(1,8,5, stride=5, padding=0)","biases",0.060228854483130957,0.06582098039327236,0.097244728483249956,0.097244728483249956,6
359,4,"DenseLayer( 7202,128 )","all",0.22250702073534781,0.22881081096324288,0.31928340392261811,0.31928340392261811,6
359,4,"DenseLayer( 7202,128 )","weights",0.22205985858791943,0.22834511920366793,0.3185857930386794,0.3185857930386794,6
359,4,"DenseLayer( 7202,128 )","biases",0.014083285672892147,0.014590878983788292,0.021094655586888486,0.021094655586888486,6
359,6,"DenseLayer( 128,64 )","all",0.31670577955678825,0.32528932790290083,0.45041566634884445,0.45041566634884445,6
359,6,"DenseLayer( 128,64 )","weights",0.31518775245555475,0.32367701345581656,0.44780927900065221,0.44780927900065221,6
359,6,"DenseLayer( 128,64 )","biases",0.030764295883487145,0.032347145281215989,0.048385143726040934,0.048385143726040934,6
359,8,"DenseLayer( 64,1 )","all",0.20399593116279618,0.21167442943795314,0.29649764217775237,0.29649764217775237,6
359,8,"DenseLayer( 64,1 )","weights",0.19947958333728208,0.2066999382253886,0.28778730049760592,0.28778730049760592,6
359,8,"DenseLayer( 64,1 )","biases",0.041445439526190363,0.045620166763214995,0.071339480578899384,0.071339480578899384,6
360,0,"Conv2DLayer(1,8,5, stride=5, padding=0)","all",0.32315797598397344,0.37284182593954246,0.54068258996089269,0.17069959908727866,6
360,0,"Conv2DLayer(1,8,5, stride=5, padding=0)","weights",0.32000792941697215,0.36932576419765384,0.53684083538855421,0.1679837043623009,6
360,0,"Conv2DLayer(1,8,5, stride=5, padding=0)","biases",0.044639436867690972,0.051083334559825347,0.07630811528774617,0.030328669559952011,6
360,4,"DenseLayer( 7202,128 )","all",0.19015409625987095,0.21560215115750453,0.37952125964248329,0.136812866544547,6
360,4,"DenseLayer( 7202,128 )","weights",0.18973741989617188,0.21512275788305774,0.37864979009185229,0.13651441812913662,6
360,4,"DenseLayer( 7202,128 )","biases",0.01257924877675284,0.014369642463566971,0.025704532363250578,0.0090318378528008135,6
360,6,"DenseLayer( 128,64 )","all",0.29129419522295186,0.33345751227882203,0.60266879819171526,0.24244149933763193,6
360,6,"DenseLayer( 128,64 )","weights",0.28960378468309361,0.33146755035650582,0.59881037128161851,0.24127472041127063,6
360,6,"DenseLayer( 128,64 )","biases",0.031293599360838746,0.03637548014580734,0.06808685305854989,0.023756891453684866,6
360,8,"DenseLayer( 64,1 )","all",0.19858976584754628,0.22753437634693724,0.41586059523354485,0.17483144370614251,6
360,8,"DenseLayer( 64,1 )","weights",0.19294931852239539,0.22085427106872202,0.402505343001828,0.17142832630582069,6
360,8,"DenseLayer( 64,1 )","biases",0.046827124121288456,0.054729182072210107,0.10454417020082474,0.034327287226915359,6
361,0,"Conv2DLayer(1,8,5, stride=5, padding=0)","all",0.23155903139589448,0.24913523123107401,0.35588643386011387,0.26959180583032738,6
361,0,"Conv2DLayer(1,8,5, stride=5, padding=0)","weights",0.22883225164324614,0.24671172938610819,0.35341489722612512,0.26550945284714844,6
361,0,"Conv2DLayer(1,8,5, stride=5, padding=0)","biases",0.033764581157348386,0.034665343267829336,0.046738337793130968,0.046738337793130968,6
361,4,"DenseLayer( 7202,128 )","all",0.23265176203606627,0.24635871921652192,0.35744708889138882,0.218966046397362,6
361,4,"DenseLayer( 7202,128 )","weights",0.2321249172278711,0.24579372716687242,0.35660213537431035,0.21850648983801196,6
361,4,"DenseLayer( 7202,128 )","biases",0.015643195790341929,0.016675197732625803,0.024562947775266228,0.01417897646385202,6
361,6,"DenseLayer( 128,64 )","all",0.38285944241639946,0.41372795014823976,0.63236853707480101,0.36111996273768099,6
361,6,"DenseLayer( 128,64 )","weights",0.38065325081305901,0.41131520103301339,0.62865358312509712,0.35921110704862808,6
361,6,"DenseLayer( 128,64 )","biases",0.041023069320139993,0.0446163886149041,0.068444423484317909,0.037081101123930385,6
361,8,"DenseLayer( 64,1 )","all",0.27277729180592708,0.29787599358793426,0.46470860489842025,0.24735099371493235,6
361,8,"DenseLayer( 64,1 )","weights",0.26555533735505849,0.28994482044686959,0.45268474836495232,0.24148506111700818,6
361,8,"DenseLayer( 64,1 )","biases",0.062292641339202724,0.068279635705176284,0.10502669215202332,0.053548850119113922,6
362,0,"Conv2DLayer(1,8,5, stride=5, padding=0)","all",0.33232188956492426,0.33872743058924787,0.44361621627426251,0.29477674835816148,6
362,0,"Conv2DLayer(1,8,5, stride=5, padding=0)","weights",0.32899451125123824,0.33542366060789047,0.44199053192451765,0.29152098307896929,6
362,0,"Conv2DLayer(1,8,5, stride=5, padding=0)","biases",0.045212142613349979,0.047193645101818747,0.065058074821584849,0.043690362750636223,6
362,4,"DenseLayer( 7202,128 )","all",0.26177761884009282,0.26956503404134907,0.32287251002793538,0.32287251002793538,6
362,4,"DenseLayer( 7202,128 )","weights",0.26121154110880423,0.26898064909566938,0.32217005191940584,0.32217005191940584,6
362,4,"DenseLayer( 7202,128 )","biases",0.017203815711083602,0.01774029283259021,0.021286506946574409,0.021286506946574409,6
362,6,"DenseLayer( 128,64 )","all",0.44516973149733308,0.46102104925363002,0.55696291019111677,0.55467098119392622,6
362,6,"DenseLayer( 128,64 )","weights",0.44296585047299075,0.45872445151995217,0.55440006004011089,0.55173377332491536,6
362,6,"DenseLayer( 128,64 )","biases",0.044219087472557123,0.045959606532660874,0.05700649744795612,0.05700649744795612,6
362,8,"DenseLayer( 64,1 )","all",0.31408694178977065,0.32664000836838153,0.39951314809756278,0.38894826275662869,6
362,8,"DenseLayer( 64,1 )","weights",0.30766078379217826,0.31989466192000537,0.39214227211614183,0.38002558667146613,6
362,8,"DenseLayer( 64,1 )","biases",0.063136841480930642,0.066038627650654616,0.082832992076873779,0.082832992076873779,6
363,0,"Conv2DLayer(1,8,5, stride=5, padding=0)","all",0.179000972027344,0.22259933992588182,0.42127846125752061,0.022582549121900605,6
363,0,"Conv2DLayer(1,8,5, stride=5, padding=0)","weights",0.17580294684465048,0.21864591370676434,0.41125610491478914,0.0193993644302447,6
363,0,"Conv2DLayer(1,8,5, stride=5, padding=0)","biases",0.031243036141814957,0.041766380675998686,0.091345268568329349,0.011560111787764444,6
363,4,"DenseLayer( 7202,128 )","all",0.13459758140364989,0.15912371623907731,0.30365847071352747,0.087162756548674378,6
363,4,"DenseLayer( 7202,128 )","weights",0.13430901998317246,0.15877572835990494,0.30298913794418625,0.086970582555635126,6
363,4,"DenseLayer( 7202,128 )","biases",0.0088022026998068915,0.01051784928186748,0.020150660632274851,0.0057847989677199474,6
363,6,"DenseLayer( 128,64 )","all",0.22416329042848665,0.27240298932557944,0.52828651988899256,0.15185990125981239,6
363,6,"DenseLayer( 128,64 )","weights",0.22307812418709033,0.27105183676110423,0.52562941107340222,0.1508919509004242,6
363,6,"DenseLayer( 128,64 )","biases",0.021943765837673226,0.027097792934912834,0.052918515767651948,0.017118667124047374,6
363,8,"DenseLayer( 64,1 )","all",0.16108271692163709,0.19804201530726767,0.38484367878534537,0.10560769942400906,6
363,8,"DenseLayer( 64,1 )","weights",0.15797868586153685,0.19405942624013245,0.37682085315517588,0.10242026193338442,6
363,8,"DenseLayer( 64,1 )","biases",0.031113897527878482,0.039516818119816229,0.078170977532863617,0.025750264525413513,6
364,0,"Conv2DLayer(1,8,5, stride=5, padding=0)","all",0.15095712569854311,0.16651170479803717,0.23360258376001222,0.23360258376001222,6
364,0,"Conv2DLayer(1,8,5, stride=5, padding=0)","weights",0.14835882240656076,0.16392685978603586,0.22905877785844994,0.22905877785844994,6
364,0,"Conv2DLayer(1,8,5, stride=5, padding=0)","biases",0.025434802476272271,0.029225544912593483,0.045850228192963423,0.045850228192963423,6
364,4,"DenseLayer( 7202,128 )","all",0.078514984111246924,0.080127092698789773,0.098901057554292959,0.098901057554292959,6
364,4,"DenseLayer( 7202,128 )","weights",0.078371905777268186,0.079982134669441513,0.098734419246644597,0.098734419246644597,6
364,4,"DenseLayer( 7202,128 )","biases",0.0047362497927646236,0.0048175842576723459,0.0057387839639931049,0.0057387839639931049,6
364,6,"DenseLayer( 128,64 )","all",0.10314233285326475,0.10604337223823013,0.14723490169853218,0.10342835289278457,6
364,6,"DenseLayer( 128,64 )","weights",0.10280016877197873,0.10569033292976823,0.14672945770940693,0.10323250411110937,6
364,6,"DenseLayer( 128,64 )","biases",0.00832674825789078,0.0086458267881438042,0.012189442910969767,0.006361939724971173,6
364,8,"DenseLayer( 64,1 )","all",0.065551408258297389,0.067880922674200317,0.10057092671783774,0.057398397411451418,6
364,8,"DenseLayer( 64,1 )","weights",0.064937220640082505,0.067225113134935177,0.099584026123390873,0.057392851708336218,6
364,8,"DenseLayer( 64,1 )","biases",0.0082489712319026385,0.0094129605914360735,0.014054644852876663,0.00079787103459239006,6
365,0,"Conv2DLayer(1,8,5, stride=5, padding=0)","all",0.096160523652445082,0.10774405856378751,0.18059672140521343,0.086368178157982547,6
365,0,"Conv2DLayer(1,8,5, stride=5, padding=0)","weights",0.094409218656923866,0.10629087305072936,0.17881935487166786,0.081383159724183002,6
365,0,"Conv2DLayer(1,8,5, stride=5, padding=0)","biases",0.015359616832864095,0.017636112437569958,0.028917875296036708,0.028917875296036708,6
365,4,"DenseLayer( 7202,128 )","all",0.081089501111699172,0.086599834307991438,0.13155749671632677,0.10914149582201606,6
365,4,"DenseLayer( 7202,128 )","weights",0.080926084236294521,0.086424376068213127,0.13127044783788899,0.10894195961177312,6
365,4,"DenseLayer( 7202,128 )","biases",0.0051379712829299805,0.0055098569302334133,0.0086858774286993762,0.0065966314292935646,6
365,6,"DenseLayer( 128,64 )","all",0.11908433291850951,0.13228219642602201,0.22379054306396762,0.15954078011072381,6
365,6,"DenseLayer( 128,64 )","weights",0.11848988839881804,0.13161592569754774,0.22272003617990888,0.15870703949127907,6
365,6,"DenseLayer( 128,64 )","biases",0.011761341119428991,0.013259999776405145,0.02186304299235645,0.016289141605741811,6
365,8,"DenseLayer( 64,1 )","all",0.078732085314679456,0.090699405380199369,0.15868800134292874,0.11212725128101714,6
365,8,"DenseLayer( 64,1 )","weights",0.077016268434133769,0.088725155756809809,0.15565749484625158,0.10951661188530805,6
365,8,"DenseLayer( 64,1 )","biases",0.015693674058032531,0.018820968950922178,0.030864641070365906,0.024054775014519691,6
366,0,"Conv2DLayer(1,8,5, stride=5, padding=0)","all",0.087347152867810557,0.096925148472691985,0.14276817778198295,0.041772441134273523,6
366,0,"Conv2DLayer(1,8,5, stride=5, padding=0)","weights",0.083991193389293783,0.093726207704815837,0.13713662360602202,0.041295779250958772,6
366,0,"Conv2DLayer(1,8,5, stride=5, padding=0)","biases",0.021739042773810672,0.024695797126780612,0.03970263282363197,0.0062924919048362379,6
366,4,"DenseLayer( 7202,128 )","all",0.13194213636793375,0.14742879158845631,0.2367126295751269,0.057236586917292352,6
366,4,"DenseLayer( 7202,128 )","weights",0.13165072959498658,0.14710416732946124,0.23615514716800104,0.05709569723658408,6
366,4,"DenseLayer( 7202,128 )","biases",0.0087558424721700546,0.0097781666757297669,0.016236239294584537,0.0040135070710149226,6
366,6,"DenseLayer( 128,64 )","all",0.20442716234519553,0.23612998270479316,0.41565985427293656,0.0888108658530877,6
366,6,"DenseLayer( 128,64 )","weights",0.20326319726854836,0.23478645844933921,0.41328996869181417,0.088212570213923272,6
366,6,"DenseLayer( 128,64 )","biases",0.021746988252375497,0.025153283304225418,0.044322863546008728,0.010291372592069262,6
366,8,"DenseLayer( 64,1 )","all",0.14578736647153254,0.16977701813150606,0.3041790992105079,0.061807201672194535,6
366,8,"DenseLayer( 64,1 )","weights",0.14206752456552593,0.16550584420680806,0.29671285207368525,0.059742416878580687,6
366,8,"DenseLayer( 64,1 )","biases",0.032571403620143734,0.037842455245630131,0.066980652511119843,0.015842152759432793,6
367,0,"Conv2DLayer(1,8,5, stride=5, padding=0)","all",0.075649715862654843,0.086523550222506934,0.14336443067399485,0.14336443067399485,6
367,0,"Conv2DLayer(1,8,5, stride=5, padding=0)","weights",0.073771641771889968,0.085144677260894377,0.14236631874408037,0.14236631874408037,6
367,0,"Conv2DLayer(1,8,5, stride=5, padding=0)","biases",0.014859051928220568,0.015385339685714339,0.018395803764243501,0.016887606986710386,6
367,4,"DenseLayer( 7202,128 )","all",0.084959875174569349,0.088028012553802049,0.11562652852201621,0.08518738555059413,6
367,4,"DenseLayer( 7202,128 )","weights",0.084784760340945758,0.087844489013696889,0.11536109323912572,0.085042895179983799,6
367,4,"DenseLayer( 7202,128 )","biases",0.0054430270627824117,0.0056812625440844601,0.0078302148582508335,0.0049594996070029609,6
367,6,"DenseLayer( 128,64 )","all",0.12347469493334788,0.13246181796151801,0.20012355691957495,0.1187172150416357,6
367,6,"DenseLayer( 128,64 )","weights",0.12281596922103746,0.13172656058438992,0.19893715929525166,0.11827338570106491,6
367,6,"DenseLayer( 128,64 )","biases",0.012675617651113873,0.013937232662095645,0.021758784103851361,0.010255894990156047,6
367,8,"DenseLayer( 64,1 )","all",0.080387084374318615,0.088705537385333447,0.14120237790395831,0.074163216997857037,6
367,8,"DenseLayer( 64,1 )","weights",0.078494327917915829,0.086446596647282339,0.13733724527793412,0.073111936033457683,6
367,8,"DenseLayer( 64,1 )","biases",0.017059609992429614,0.019891161125556864,0.032811470329761505,0.012442972511053085,6
368,0,"Conv2DLayer(1,8,5, stride=5, padding=0)","all",0.14122858611896488,0.1559204454407325,0.26918157760381983,0.14912934963150923,6
368,0,"Conv2DLayer(1,8,5, stride=5, padding=0)","weights",0.13837103516880767,0.15302855250782946,0.26449024531082299,0.14410656108135314,6
368,0,"Conv2DLayer(1,8,5, stride=5, padding=0)","biases",0.026511503866220056,0.02989059089069555,0.050036305386209221,0.038377883928418378,6
368,4,"DenseLayer( 7202,128 )","all",0.077008581118971547,0.083253161356061922,0.13189682331898125,0.05343739710222517,6
368,4,"DenseLayer( 7202,128 )","weights",0.076854306421204346,0.083085361066305471,0.13162350497245565,0.053338179277122949,6
368,4,"DenseLayer( 7202,128 )","biases",0.0048688765755607512,0.0052831479498620451,0.0084867508744217585,0.0032548487618312741,6
368,6,"DenseLayer( 128,64 )","all",0.11530468097798718,0.12850724161674787,0.20512958779562201,0.06996880830202,6
368,6,"DenseLayer( 128,64 )","weights",0.11479675395420974,0.12793585200273752,0.20425842853238893,0.069764811820048664,6
368,6,"DenseLayer( 128,64 )","biases",0.010777375989717411,0.01210491306366379,0.018884971873973408,0.0053390230302950443,6
368,8,"DenseLayer( 64,1 )","all",0.073061937414471451,0.084703310380720473,0.1392602121419303,0.03704053869494036,6
368,8,"DenseLayer( 64,1 )","weights",0.071843585501731075,0.083225034889598898,0.13711815945212316,0.037037740612524912,6
368,8,"DenseLayer( 64,1 )","biases",0.012699995335424319,0.015755772182845029,0.024331400170922279,0.00045527698239311576,6
369,0,"Conv2DLayer(1,8,5, stride=5, padding=0)","all",0.10585049671776285,0.12362711395987548,0.24227846573947001,0.24227846573947001,6
369,0,"Conv2DLayer(1,8,5, stride=5, padding=0)","weights",0.10342246814649494,0.12174126880972411,0.24049797316947141,0.24049797316947141,6
369,0,"Conv2DLayer(1,8,5, stride=5, padding=0)","biases",0.01978822909082039,0.021511084924906415,0.033760760555408637,0.029318592436332291,6
369,4,"DenseLayer( 7202,128 )","all",0.076209719033940415,0.082141432746788395,0.12070859462811254,0.12070859462811254,6
369,4,"DenseLayer( 7202,128 )","weights",0.076051769136102745,0.081969387595306684,0.12046222485212747,0.12046222485212747,6
369,4,"DenseLayer( 7202,128 )","biases",0.0049014209981316339,0.0053136118549950966,0.0077082553648334601,0.0077082553648334601,6
369,6,"DenseLayer( 128,64 )","all",0.10703215181798281,0.12004947683755479,0.17877088439937439,0.16941574223270348,6
369,6,"DenseLayer( 128,64 )","weights",0.10647815536101837,0.11940456101924136,0.17786462996931149,0.16843148050387652,6
369,6,"DenseLayer( 128,64 )","biases",0.010838949775399519,0.012426894091963269,0.018235407632682495,0.018235407632682495,6
369,8,"DenseLayer( 64,1 )","all",0.071590975531740778,0.081399063342508779,0.12957606372459754,0.10715966961180776,6
369,8,"DenseLayer( 64,1 )","weights",0.069878826045878917,0.079354875275136905,0.1268744987366616,0.10360435766687094,6
369,8,"DenseLayer( 64,1 )","biases",0.015359181833143035,0.018127638652213392,0.027373926714062691,0.027373926714062691,6
370,0,"Conv2DLayer(1,8,5, stride=5, padding=0)","all",0.19286996971836326,0.21757195186084557,0.40272916766537109,0.1023913602585196,6
370,0,"Conv2DLayer(1,8,5, stride=5, padding=0)","weights",0.18893513359093583,0.21430256758588556,0.39876909069950972,0.093622173176726775,6
370,0,"Conv2DLayer(1,8,5, stride=5, padding=0)","biases",0.035977066616715535,0.037576106272936879,0.056338217855455515,0.04145936981258793,6
370,4,"DenseLayer( 7202,128 )","all",0.10463749801343113,0.1100623444076121,0.14660967143924614,0.14660967143924614,6
370,4,"DenseLayer( 7202,128 )","weights",0.10443634300018768,0.10984971341436314,0.14630851876252424,0.14630851876252424,6
370,4,"DenseLayer( 7202,128 )","biases",0.0064711027504931523,0.0068381371207447555,0.0093921827622655534,0.0093921827622655534,6
370,6,"DenseLayer( 128,64 )","all",0.15148983001882979,0.1613624014976742,0.24172435601343101,0.24172435601343101,6
370,6,"DenseLayer( 128,64 )","weights",0.15082477878663614,0.16061849966279984,0.24038581394849892,0.24038581394849892,6
370,6,"DenseLayer( 128,64 )","biases",0.013937524126062986,0.015476504229565804,0.025403242754136721,0.025403242754136721,6
370,8,"DenseLayer( 64,1 )","all",0.097414152792003508,0.10596256791058152,0.17215660570640295,0.17215660570640295,6
370,8,"DenseLayer( 64,1 )","weights",0.095795960012043158,0.10393453109200758,0.16789801412115155,0.16789801412115155,6
370,8,"DenseLayer( 64,1 )","biases",0.0157819515443407,0.020631990812549135,0.038054615259170532,0.038054615259170532,6
371,0,"Conv2DLayer(1,8,5, stride=5, padding=0)","all",0.16794315128220422,0.18588030201557657,0.29438253178800056,0.19360906218490559,6
371,0,"Conv2DLayer(1,8,5, stride=5, padding=0)","weights",0.16304383579917067,0.18222345660437889,0.28877015129946543,0.1920437386500059,6
371,0,"Conv2DLayer(1,8,5, stride=5, padding=0)","biases",0.034984247081394908,0.036689215589243811,0.057209044218523852,0.024569725384034499,6
371,4,"DenseLayer( 7202,128 )","all",0.1615482524385847,0.16749375513566597,0.24655679335883374,0.16718912842193787,6
371,4,"DenseLayer( 7202,128 )","weights",0.16117012847324869,0.16710059432342345,0.24597330909556073,0.16679262484608384,6
371,4,"DenseLayer( 7202,128 )","biases",0.011046184476631339,0.011469498079911763,0.016952391098909336,0.011507604417982436,6
371,6,"DenseLayer( 128,64 )","all",0.25911242830378206,0.26911260074378962,0.39897764213224118,0.26910867335366306,6
371,6,"DenseLayer( 128,64 )","weights",0.25751128092610998,0.26742983082728944,0.3963694939029731,0.26739038890755595,6
371,6,"DenseLayer( 128,64 )","biases",0.028752524388840964,0.030047919441679661,0.045545397401973262,0.030362114452628521,6
371,8,"DenseLayer( 64,1 )","all",0.18420922821164593,0.19056067591236181,0.2784829239885982,0.18993623659420092,6
371,8,"DenseLayer( 64,1 )","weights",0.17878048004840938,0.18481876597113783,0.26931470543078262,0.18418415695040383,6
371,8,"DenseLayer( 64,1 )","biases",0.044345187644163765,0.046426231260807457,0.070868387818336487,0.04638933390378952,6
372,0,"Conv2DLayer(1,8,5, stride=5, padding=0)","all",0.19087740020726351,0.21637870727434985,0.29028608673816325,0.26346799682017774,6
372,0,"Conv2DLayer(1,8,5, stride=5, padding=0)","weights",0.18723304797096249,0.21352215884213127,0.28363733755908388,0.26177932367904061,6
372,0,"Conv2DLayer(1,8,5, stride=5, padding=0)","biases",0.031665127273873314,0.035043296721547768,0.061772752052589648,0.029782059072221031,6
372,4,"DenseLayer( 7202,128 )","all",0.13497030952986827,0.14519784482275802,0.21106857444737057,0.17681388510981857,6
372,4,"DenseLayer( 7202,128 )","weights",0.13469596512886192,0.14490234968584942,0.21063313085470511,0.1764642325258233,6
372,4,"DenseLayer( 7202,128 )","biases",0.0085987409382800948,0.0092586822331005188,0.013550915304505253,0.011114162438091707,6
372,6,"DenseLayer( 128,64 )","all",0.21600529394753459,0.2374223465537012,0.34381939302601527,0.30044452466377713,6
372,6,"DenseLayer( 128,64 )","weights",0.21497006888898734,0.23629259276968576,0.34215233079633744,0.29909676650312061,6
372,6,"DenseLayer( 128,64 )","biases",0.021086453091317198,0.02313398463830298,0.033816527784668038,0.028425985784502707,6
372,8,"DenseLayer( 64,1 )","all",0.15028562206101867,0.16803928997050452,0.24560830597468294,0.20727575610314866,6
372,8,"DenseLayer( 64,1 )","weights",0.1472588716001694,0.16471318622523737,0.24068195634119174,0.20360032542191309,6
372,8,"DenseLayer( 64,1 )","biases",0.029932501104970772,0.033268141777405932,0.048945233225822449,0.038860604166984558,6
373,0,"Conv2DLayer(1,8,5, stride=5, padding=0)","all",0.31069481166868629,0.34922014604967272,0.58314393121775687,0.095849450305813877,6
373,0,"Conv2DLayer(1,8,5, stride=5, padding=0)","weights",0.30690520765589685,0.34540786032943283,0.57746286386697221,0.092450900547570922,6
373,0,"Conv2DLayer(1,8,5, stride=5, padding=0)","biases",0.047478155074864067,0.051459891465079177,0.081200279375471626,0.025297195731342117,6
373,4,"DenseLayer( 7202,128 )","all",0.18097590197592359,0.18712147506981863,0.25097371144774844,0.13874946840812641,6
373,4,"DenseLayer( 7202,128 )","weights",0.18061664451795917,0.18675062068316167,0.25042882939893113,0.1384510914303004,6
373,4,"DenseLayer( 7202,128 )","biases",0.011385490017770035,0.011775062919518754,0.016528921433013734,0.0090945184202496435,6
373,6,"DenseLayer( 128,64 )","all",0.28587769258993262,0.29845519358769035,0.43306653957651359,0.20213166701448701,6
373,6,"DenseLayer( 128,64 )","weights",0.28464695537090906,0.29718383079715605,0.43098494827136963,0.20081628806813007,6
373,6,"DenseLayer( 128,64 )","biases",0.026272483392962127,0.027518599023079165,0.042409928841025749,0.023022364270275535,6
373,8,"DenseLayer( 64,1 )","all",0.19751694709841727,0.20663467046375847,0.31024362860146371,0.13693692265841109,6
373,8,"DenseLayer( 64,1 )","weights",0.19430034757513637,0.20330630554025628,0.3043589099903346,0.13264248997902994,6
373,8,"DenseLayer( 64,1 )","biases",0.034501642920076847,0.036938234462924886,0.060139529407024384,0.034024853259325027,6
374,0,"Conv2DLayer(1,8,5, stride=5, padding=0)","all",0.21326223603117531,0.25986222292167149,0.50021924054637079,0.23992661192899561,6
374,0,"Conv2DLayer(1,8,5, stride=5, padding=0)","weights",0.2108165016243424,0.25762682884926202,0.49674771273635493,0.23925086642354995,6
374,0,"Conv2DLayer(1,8,5, stride=5, padding=0)","biases",0.029440947028958268,0.034011644459883583,0.058830251605681103,0.01799449991823953,6
374,4,"DenseLayer( 7202,128 )","all",0.14568379783311286,0.1521645630520243,0.21848597044674639,0.14596011190746599,6
374,4,"DenseLayer( 7202,128 )","weights",0.14538029411162512,0.15184516884146623,0.21795995740498872,0.14566388249301795,6
374,4,"DenseLayer( 7202,128 )","biases",0.0093773425035132991,0.0098538798612571501,0.0151517738259269,0.0092944932675350315,6
374,6,"DenseLayer( 128,64 )","all",0.21686773254837188,0.22943779076928181,0.356929850114034,0.19086517520259819,6
374,6,"DenseLayer( 128,64 )","weights",0.21571480808872284,0.22817669839333338,0.35462725120868593,0.18977769239873979,6
374,6,"DenseLayer( 128,64 )","biases",0.022159835928073746,0.024022783839649203,0.040477532071487708,0.020345578707124657,6
374,8,"DenseLayer( 64,1 )","all",0.14532315105089025,0.15475871800718674,0.25133808394966406,0.12762144881658943,6
374,8,"DenseLayer( 64,1 )","weights",0.1416755553541808,0.15064769202719791,0.24349030677633118,0.12368798798419185,6
374,8,"DenseLayer( 64,1 )","biases",0.031841968186199665,0.035433510778731393,0.062316153198480606,0.031440671533346176,6
375,0,"Conv2DLayer(1,8,5, stride=5, padding=0)","all",0.12934948407841812,0.14383776453007521,0.22301149813245652,0.1353922570090389,6
375,0,"Conv2DLayer(1,8,5, stride=5, padding=0)","weights",0.12813603492257941,0.14272226787208786,0.22215150032820269,0.13366604555543152,6
375,0,"Conv2DLayer(1,8,5, stride=5, padding=0)","biases",0.016710462903897622,0.017878947353168188,0.024151316473354108,0.021551137407917718,6
375,4,"DenseLayer( 7202,128 )","all",0.11868702415943488,0.12773621021029155,0.20710233370178338,0.091821472905550525,6
375,4,"DenseLayer( 7202,128 )","weights",0.11842491148704029,0.1274485026518917,0.20659264284560658,0.091610374991824492,6
375,4,"DenseLayer( 7202,128 )","biases",0.0078746149283906684,0.0085684637291957855,0.014520900343728315,0.0062227068388321129,6
375,6,"DenseLayer( 128,64 )","all",0.18923689186924889,0.20716363343928121,0.35457339829689971,0.1341032122838931,6
375,6,"DenseLayer( 128,64 )","weights",0.18816568501932157,0.20595383283984595,0.35237443942315227,0.13322857572038485,6
375,6,"DenseLayer( 128,64 )","biases",0.02003338669422251,0.022355978134308528,0.039427772204767925,0.015291113640823318,6
375,8,"DenseLayer( 64,1 )","all",0.12911288617106925,0.14327168602393459,0.25109369325992748,0.086431243914281489,6
375,8,"DenseLayer( 64,1 )","weights",0.12572430009710592,0.13938277393816031,0.24401238614717666,0.083573586075651254,6
375,8,"DenseLayer( 64,1 )","biases",0.029091127837697666,0.033154461923617276,0.059211470186710358,0.022041225805878639,6
376,0,"Conv2DLayer(1,8,5, stride=5, padding=0)","all",0.10325937407464993,0.10990361392518326,0.17725409959677721,0.17725409959677721,6
376,0,"Conv2DLayer(1,8,5, stride=5, padding=0)","weights",0.10241844015150382,0.10924406711069289,0.17691663829148474,0.17691663829148474,6
376,0,"Conv2DLayer(1,8,5, stride=5, padding=0)","biases",0.011703462737271065,0.012022402211295644,0.015765153766196718,0.010932470878267844,6
376,4,"DenseLayer( 7202,128 )","all",0.058849059012039656,0.06174782294477351,0.091443405227251959,0.077222294866262378,6
376,4,"DenseLayer( 7202,128 )","weights",0.058747182080988745,0.061644044124138368,0.091306450844447357,0.077092861128906204,6
376,4,"DenseLayer( 7202,128 )","biases",0.0034552154690322932,0.0035784720818219824,0.0050028385688455253,0.0044691819577139542,6
376,6,"DenseLayer( 128,64 )","all",0.072130306863213561,0.074684128620574594,0.10776279286357554,0.10776279286357554,6
376,6,"DenseLayer( 128,64 )","weights",0.071870808608281156,0.07442971347423856,0.10748212540921345,0.10748212540921345,6
376,6,"DenseLayer( 128,64 )","biases",0.0059819487312178935,0.0061592872929650943,0.0077725313300106777,0.0077725313300106777,6
376,8,"DenseLayer( 64,1 )","all",0.045939557138104756,0.04776534873972324,0.072799295310616241,0.072799295310616241,6
376,8,"DenseLayer( 64,1 )","weights",0.045265983205695165,0.047146875587867287,0.072317916517796108,0.072317916517796108,6
376,8,"DenseLayer( 64,1 )","biases",0.0071991865988820791,0.0076616357606939687,0.0098662860691547394,0.0083580110222101212,6
377,0,"Conv2DLayer(1,8,5, stride=5, padding=0)","all",0.092051616854003759,0.099887931585148179,0.14716497901128722,0.050160548141391731,6
377,0,"Conv2DLayer(1,8,5, stride=5, padding=0)","weights",0.089875127701477472,0.09757557632464102,0.14276808488133286,0.049942624333192735,6
377,0,"Conv2DLayer(1,8,5, stride=5, padding=0)","biases",0.018475698341765549,0.021368335950031306,0.035704411306015808,0.0046706385600324713,6
377,4,"DenseLayer( 7202,128 )","all",0.076764480652566996,0.079996712064354283,0.10807368177574188,0.053008251853672174,6
377,4,"DenseLayer( 7202,128 )","weights",0.076614691088107478,0.079841358637151305,0.10786540501792624,0.052900381518938291,6
377,4,"DenseLayer( 7202,128 )","biases",0.0047902026828036707,0.0049831106831967394,0.0067063472086562855,0.0033799999605194976,6
377,6,"DenseLayer( 128,64 )","all",0.11591346571133675,0.12076062305681132,0.16578349261096678,0.082294664654465055,6
377,6,"DenseLayer( 128,64 )","weights",0.11537262439115939,0.12019388467019766,0.16502466872783292,0.082028552957051984,6
377,6,"DenseLayer( 128,64 )","biases",0.011133138317103355,0.011685810581919141,0.015843772706002724,0.0066127400041873308,6
377,8,"DenseLayer( 64,1 )","all",0.080050717649955749,0.083179387180600417,0.11588421473065269,0.061157297852741981,6
377,8,"DenseLayer( 64,1 )","weights",0.078525124860023401,0.081571070058225961,0.11359886880914567,0.060563813503005062,6
377,8,"DenseLayer( 64,1 )","biases",0.015361466755469641,0.016277929269296644,0.022900834679603577,0.0084993867203593254,6
378,0,"Conv2DLayer(1,8,5, stride=5, padding=0)","all",0.20216970410304452,0.21406830509934169,0.3042533305329097,0.21737254223729974,6
378,0,"Conv2DLayer(1,8,5, stride=5, padding=0)","weights",0.19859785607953509,0.21009609279667094,0.29701247340327858,0.21184170334507496,6
378,0,"Conv2DLayer(1,8,5, stride=5, padding=0)","biases",0.037283084687381521,0.04104718065443079,0.065982420258995797,0.048722836971628672,6
378,4,"DenseLayer( 7202,128 )","all",0.13715941359893241,0.14353933036769523,0.21607488391100968,0.12045068730292995,6
378,4,"DenseLayer( 7202,128 )","weights",0.13689372460382349,0.14326174637365449,0.2156720123728873,0.12025102732885679,6
378,4,"DenseLayer( 7202,128 )","biases",0.0085211290623842858,0.0089225214136502522,0.013188575972615451,0.006932423681711106,6
378,6,"DenseLayer( 128,64 )","all",0.20358933657032691,0.21618719368063322,0.32345165557901939,0.1474050954340303,6
378,6,"DenseLayer( 128,64 )","weights",0.2026961711717305,0.21520786059301783,0.32193017405247148,0.1469452527008038,6
378,6,"DenseLayer( 128,64 )","biases",0.018954866067193286,0.020554304913662568,0.031335866532680813,0.011634211129788357,6
378,8,"DenseLayer( 64,1 )","all",0.13649243215886545,0.14750348370258168,0.22846238004445871,0.091192775720972563,6
378,8,"DenseLayer( 64,1 )","weights",0.13417346167946004,0.1447970856395997,0.22394617727907284,0.090329456774315753,6
378,8,"DenseLayer( 64,1 )","biases",0.024650703184306622,0.028126174547495948,0.04520142450928688,0.012518449686467648,6
379,0,"Conv2DLayer(1,8,5, stride=5, padding=0)","all",0.20541099643906136,0.21203833945613901,0.30070315585972596,0.20498861061534912,6
379,0,"Conv2DLayer(1,8,5, stride=5, padding=0)","weights",0.20285969668643453,0.20943556070958852,0.29776462569954232,0.20220805603723724,6
379,0,"Conv2DLayer(1,8,5, stride=5, padding=0)","biases",0.031883090414671425,0.033121040285249169,0.041935851320917726,0.033648663504703212,6
379,4,"DenseLayer( 7202,128 )","all",0.14698852830028217,0.15908342997781244,0.25179125962263432,0.096856308356829984,6
379,4,"DenseLayer( 7202,128 )","weights",0.14668413533345839,0.15874428643397873,0.25121228444848115,0.096653379443413304,6
379,4,"DenseLayer( 7202,128 )","biases",0.0094410522717379482,0.010382158642231772,0.017065361541093876,0.0062664751400532273,6
379,6,"DenseLayer( 128,64 )","all",0.22796151657492597,0.26366292568989208,0.43991546759100342,0.1400706394399619,6
379,6,"DenseLayer( 128,64 )","weights",0.22685731822701977,0.26232977407943092,0.43749560663674925,0.13941315116412481,6
379,6,"DenseLayer( 128,64 )","biases",0.022306380224147101,0.026480710239499175,0.046078333296181349,0.013555711549331953,6
379,8,"DenseLayer( 64,1 )","all",0.15738355415141678,0.18926766761605182,0.32542566530662881,0.093002199231373539,6
379,8,"DenseLayer( 64,1 )","weights",0.15409479276561566,0.18517013397285689,0.31772436594453013,0.091017617632701026,6
379,8,"DenseLayer( 64,1 )","biases",0.031638311416221164,0.03916977775395853,0.070378199219703674,0.019110267981886864,6
380,0,"Conv2DLayer(1,8,5, stride=5, padding=0)","all",0.1705956641855513,0.19996288571671442,0.35346784036879275,0.13512867875180956,6
380,0,"Conv2DLayer(1,8,5, stride=5, padding=0)","weights",0.16691250039771202,0.19747344856738858,0.35181436978098324,0.13070665172495916,6
380,0,"Conv2DLayer(1,8,5, stride=5, padding=0)","biases",0.030602146978178684,0.031454614527263329,0.038689955941115788,0.034286017792388553,6
380,4,"DenseLayer( 7202,128 )","all",0.16059804085205792,0.17725976563112777,0.26681621527509064,0.24494481422845871,6
380,4,"DenseLayer( 7202,128 )","weights",0.16025258604904033,0.17686331447511464,0.2661776823217113,0.24437002455724455,6
380,4,"DenseLayer( 7202,128 )","biases",0.010510590058542846,0.011848734298609765,0.018448148079567475,0.016770602711466007,6
380,6,"DenseLayer( 128,64 )","all",0.2497649609424529,0.2887692499259667,0.46015319695299761,0.42370472121881486,6
380,6,"DenseLayer( 128,64 )","weights",0.24842792136703712,0.28712518267204185,0.45739638119996284,0.42120805345912216,6
380,6,"DenseLayer( 128,64 )","biases",0.025670293843407362,0.03077026451547062,0.050294285274199345,0.045928928621195589,6
380,8,"DenseLayer( 64,1 )","all",0.16919784456494313,0.20217214506144263,0.33212525621892747,0.30302678681528838,6
380,8,"DenseLayer( 64,1 )","weights",0.16512079172431948,0.19692514658887436,0.32311031824126735,0.29510979792230596,6
380,8,"DenseLayer( 64,1 )","biases",0.036130525618015476,0.045760931805365772,0.076856411993503571,0.068814538419246674,6
381,0,"Conv2DLayer(1,8,5, stride=5, padding=0)","all",0.16009566124647226,0.1899821125820986,0.30944178174589476,0.068281605329953976,6
381,0,"Conv2DLayer(1,8,5, stride=5, padding=0)","weights",0.15580081824803543,0.18675880988302701,0.30658378409897852,0.067223329263640455,6
381,0,"Conv2DLayer(1,8,5, stride=5, padding=0)","biases",0.032754575059453783,0.034847525482199659,0.049138074307474952,0.01197504192676499,6
381,4,"DenseLayer( 7202,128 )","all",0.13470461803809761,0.14455368493359072,0.23761289661002755,0.15248994683902148,6
381,4,"DenseLayer( 7202,128 )","weights",0.13443604555321567,0.14426426984022972,0.23714075624942924,0.1521229322850795,6
381,4,"DenseLayer( 7202,128 )","biases",0.0084854655785115696,0.0091426623772947,0.014971651908070108,0.01057342706773501,6
381,6,"DenseLayer( 128,64 )","all",0.19844442765878093,0.21974451530008779,0.37296421528498619,0.26433249782946278,6
381,6,"DenseLayer( 128,64 )","weights",0.19746372430739251,0.21859059567480668,0.37090565522162078,0.26265924532364654,6
381,6,"DenseLayer( 128,64 )","biases",0.019455938191547884,0.022490075300089455,0.039131838798677772,0.029694953355332961,6
381,8,"DenseLayer( 64,1 )","all",0.13538198915427485,0.15299549301971738,0.26689378096985306,0.18766886105733813,6
381,8,"DenseLayer( 64,1 )","weights",0.13247167918256636,0.14937867105626651,0.26026188302095632,0.18213208028114533,6
381,8,"DenseLayer( 64,1 )","biases",0.026855955754096311,0.033070130296237399,0.059127341955900192,0.045249383896589279,6
382,0,"Conv2DLayer(1,8,5, stride=5, padding=0)","all",0.140717036611164,0.17406880608596834,0.26854224262139659,0.054480621638813599,6
382,0,"Conv2DLayer(1,8,5, stride=5, padding=0)","weights",0.13849096407733533,0.17130042172543744,0.26379823225931909,0.053973618090702315,6
382,0,"Conv2DLayer(1,8,5, stride=5, padding=0)","biases",0.023443905403826536,0.030921105557236036,0.052474686151499271,0.0074153006918516954,6
382,4,"DenseLayer( 7202,128 )","all",0.098728332040142294,0.10716835134757109,0.17506378237092263,0.1140597298706502,6
382,4,"DenseLayer( 7202,128 )","weights",0.098540897357229651,0.10696461433957197,0.17474616503450593,0.11379590137684127,6
382,4,"DenseLayer( 7202,128 )","biases",0.0060666019035327551,0.0066050594049619424,0.010540669036971574,0.0077533739751097907,6
382,6,"DenseLayer( 128,64 )","all",0.14592628713010411,0.16096498806644011,0.25968104054884567,0.19788675610423009,6
382,6,"DenseLayer( 128,64 )","weights",0.1452972546941779,0.16026249940229029,0.25860024024267836,0.19684293469984485,6
382,6,"DenseLayer( 128,64 )","biases",0.013426045319601567,0.015021939573840331,0.023667669233793608,0.02029845561139236,6
382,8,"DenseLayer( 64,1 )","all",0.099961136502128567,0.11408725206845535,0.18927402750167832,0.15239381779056663,6
382,8,"DenseLayer( 64,1 )","weights",0.098221645949666925,0.11202409413702809,0.18611342985638454,0.1490203185732587,6
382,8,"DenseLayer( 64,1 )","biases",0.018140485898281138,0.02159869017578472,0.034444864839315414,0.031887620687484741,6
383,0,"Conv2DLayer(1,8,5, stride=5, padding=0)","all",0.10125071184986538,0.11776044057378052,0.20623748124874428,0.019630039952426778,6
383,0,"Conv2DLayer(1,8,5, stride=5, padding=0)","weights",0.099424002331649122,0.11673037038132751,0.20549613748036419,0.015190083219610974,6
383,0,"Conv2DLayer(1,8,5, stride=5, padding=0)","biases",0.014837780435364425,0.015541621368730774,0.020264221395183912,0.012433818412505656,6
383,4,"DenseLayer( 7202,128 )","all",0.11862038533725758,0.13144409790800127,0.21588255229072656,0.048454357369705853,6
383,4,"DenseLayer( 7202,128 )","weights",0.11836616517635297,0.13115732250682013,0.21539843786429552,0.04836853106858232,6
383,4,"DenseLayer( 7202,128 )","biases",0.00775639130729288,0.0086779967555992103,0.01444954494714273,0.0028826984543574175,6
383,6,"DenseLayer( 128,64 )","all",0.1906928131530401,0.21771729380973931,0.36926777528940097,0.068816091478386021,6
383,6,"DenseLayer( 128,64 )","weights",0.18964823981983528,0.21649593025491695,0.3670388487742251,0.068485708637656448,6
383,6,"DenseLayer( 128,64 )","biases",0.019898801362318679,0.023028942808876036,0.040511397873624073,0.0067351435589467186,6
383,8,"DenseLayer( 64,1 )","all",0.13236685457578426,0.15168601811397783,0.26426003034512741,0.055726443599035551,6
383,8,"DenseLayer( 64,1 )","weights",0.12906989419726261,0.14780069269422688,0.25685039669127185,0.054611962285384251,6
383,8,"DenseLayer( 64,1 )","biases",0.029243732026467722,0.034111630426889847,0.062138855457305908,0.011089188046753407,6
384,0,"Conv2DLayer(1,8,5, stride=5, padding=0)","all",0.095734292603376611,0.10426491161778025,0.15382660526066194,0.15382660526066194,6
384,0,"Conv2DLayer(1,8,5, stride=5, padding=0)","weights",0.094442425940857624,0.10323068585829727,0.15318734276015308,0.15318734276015308,6
384,0,"Conv2DLayer(1,8,5, stride=5, padding=0)","biases",0.013959812830885774,0.014649139629653052,0.021499796838555192,0.014009372009582922,6
384,4,"DenseLayer( 7202,128 )","all",0.091407787433167478,0.093807507362651255,0.12149866429637081,0.10428863114187807,6
384,4,"DenseLayer( 7202,128 )","weights",0.091229531002456551,0.093625228350140963,0.12130718134745253,0.10405415682112991,6
384,4,"DenseLayer( 7202,128 )","biases",0.0056876432526313777,0.0058450880213927461,0.0069893514499132607,0.0069893514499132607,6
384,6,"DenseLayer( 128,64 )","all",0.12765945793407063,0.13262937773000491,0.16246235075327839,0.16246235075327839,6
384,6,"DenseLayer( 128,64 )","weights",0.1270458777908588,0.13197146618559624,0.1616723772865562,0.1616723772865562,6
384,6,"DenseLayer( 128,64 )","biases",0.012360417032140726,0.013194087686246027,0.017585013528959643,0.016001807235268183,6
384,8,"DenseLayer( 64,1 )","all",0.086099737515336172,0.090185607965277942,0.11367919899751948,0.11367919899751948,6
384,8,"DenseLayer( 64,1 )","weights",0.08428622111030741,0.088219787795211488,0.11149345216875847,0.11149345216875847,6
384,8,"DenseLayer( 64,1 )","biases",0.017218523736422259,0.018727330974665286,0.025521861389279366,0.022184913977980614,6
385,0,"Conv2DLayer(1,8,5, stride=5, padding=0)","all",0.088735393696668358,0.097665245898288788,0.17076287230258272,0.052751152307169272,6
385,0,"Conv2DLayer(1,8,5, stride=5, padding=0)","weights",0.087225082621422492,0.096257295567824086,0.16938906296486669,0.050836585844958482,6
385,0,"Conv2DLayer(1,8,5, stride=5, padding=0)","biases",0.015014621498135136,0.016523719506871599,0.023041669380515255,0.014082812551558632,6
385,4,"DenseLayer( 7202,128 )","all",0.068838964041852885,0.079550832022306783,0.13205903742297728,0.041574086591571267,6
385,4,"DenseLayer( 7202,128 )","weights",0.068709815508085137,0.079397863199184099,0.13182466420420177,0.04149929822139186,6
385,4,"DenseLayer( 7202,128 )","biases",0.0041997694981846584,0.0049309425919307984,0.007864303690267891,0.0024925735807491021,6
385,6,"DenseLayer( 128,64 )","all",0.097907108198836981,0.11835296957087356,0.19824288391369074,0.05169726483467723,6
385,6,"DenseLayer( 128,64 )","weights",0.097448942344363645,0.11776477734459678,0.19710016892484145,0.051456365242639579,6
385,6,"DenseLayer( 128,64 )","biases",0.0093843852644038602,0.011784847187030776,0.021254750815194946,0.0049849440721866263,6
385,8,"DenseLayer( 64,1 )","all",0.065695790204030116,0.082200749748733606,0.14354255616966907,0.031676640533544104,6
385,8,"DenseLayer( 64,1 )","weights",0.06445362823895924,0.080450371639152182,0.13986051946182107,0.031089038915809043,6
385,8,"DenseLayer( 64,1 )","biases",0.012318823350748668,0.016873083961630335,0.032303258776664734,0.0060729905962944031,6
386,0,"Conv2DLayer(1,8,5, stride=5, padding=0)","all",0.096099688083324433,0.10775107167658565,0.16490653636550823,0.096719289571871384,6
386,0,"Conv2DLayer(1,8,5, stride=5, padding=0)","weights",0.094654937516316012,0.1063056366550529,0.1634876283920704,0.096277174329511245,6
386,0,"Conv2DLayer(1,8,5, stride=5, padding=0)","biases",0.015828125722964399,0.017589913667115358,0.03027068723411409,0.0092372440918496602,6
386,4,"DenseLayer( 7202,128 )","all",0.096685482477809476,0.1025931473364378,0.15181017641935912,0.15181017641935912,6
386,4,"DenseLayer( 7202,128 )","weights",0.096485434400580328,0.1023768220641269,0.15147190444525135,0.15147190444525135,6
386,4,"DenseLayer( 7202,128 )","biases",0.0062082813350369638,0.006658842575563124,0.010128762422210381,0.010128762422210381,6
386,6,"DenseLayer( 128,64 )","all",0.13356097408181897,0.14861665937047991,0.25232824272566967,0.25232824272566967,6
386,6,"DenseLayer( 128,64 )","weights",0.13290481617113137,0.14785263861498782,0.25102874266623432,0.25102874266623432,6
386,6,"DenseLayer( 128,64 )","biases",0.013115464383422478,0.015050205879889823,0.025575621838656866,0.025575621838656866,6
386,8,"DenseLayer( 64,1 )","all",0.08813577530157235,0.10079596531336404,0.17951206997483252,0.17951206997483252,6
386,8,"DenseLayer( 64,1 )","weights",0.086295306592304999,0.098516296963058331,0.17553453719217799,0.17553453719217799,6
386,8,"DenseLayer( 64,1 )","biases",0.016753074169779818,0.021315859263454306,0.037579376250505447,0.037579376250505447,6
387,0,"Conv2DLayer(1,8,5, stride=5, padding=0)","all",0.29371381975301125,0.32026015125238,0.45469087245662787,0.16232324427463321,6
387,0,"Conv2DLayer(1,8,5, stride=5, padding=0)","weights",0.29083079514985977,0.3174906723976455,0.45201147795049296,0.15775342446085383,6
387,0,"Conv2DLayer(1,8,5, stride=5, padding=0)","biases",0.039216213203104686,0.042026627519802809,0.058408565550939519,0.038245165743083467,6
387,4,"DenseLayer( 7202,128 )","all",0.15029018296989785,0.16810843974249509,0.25862133907658369,0.070185982809020594,6
387,4,"DenseLayer( 7202,128 )","weights",0.1500158627138658,0.16780345446477041,0.25816913442222961,0.070066934111515169,6
387,4,"DenseLayer( 7202,128 )","biases",0.0090730619290948777,0.010121668950613958,0.015287087932042615,0.0040861873526218048,6
387,6,"DenseLayer( 128,64 )","all",0.21585580901790777,0.24423446980481353,0.35234759682698596,0.073917095744462133,6
387,6,"DenseLayer( 128,64 )","weights",0.21503130132227594,0.24328518025752907,0.35098918742460355,0.073745239090068526,6
387,6,"DenseLayer( 128,64 )","biases",0.018778679680795284,0.021512724325384036,0.031459337078135731,0.0050375345998426354,6
387,8,"DenseLayer( 64,1 )","all",0.1443436884763801,0.16483729870337899,0.23649927860354752,0.04047830102524725,6
387,8,"DenseLayer( 64,1 )","weights",0.14231829475505647,0.16245075484035376,0.23300584465981036,0.040365253884634265,6
387,8,"DenseLayer( 64,1 )","biases",0.023622950344967347,0.027947939022873836,0.044508624821901321,0.0030230998527258635,6
388,0,"Conv2DLayer(1,8,5, stride=5, padding=0)","all",0.2542037308911661,0.26771221457474464,0.35968240199230406,0.35968240199230406,6
388,0,"Conv2DLayer(1,8,5, stride=5, padding=0)","weights",0.25022542636761747,0.26345222475299895,0.35614475328750272,0.35614475328750272,6
388,0,"Conv2DLayer(1,8,5, stride=5, padding=0)","biases",0.043102956763082748,0.047568425506941438,0.064996574525305509,0.050322410601413091,6
388,4,"DenseLayer( 7202,128 )","all",0.13481492328293659,0.14104433664765598,0.19579661290162589,0.19579661290162589,6
388,4,"DenseLayer( 7202,128 )","weights",0.13456113171870515,0.14077832100364118,0.19542677566010475,0.19542677566010475,6
388,4,"DenseLayer( 7202,128 )","biases",0.0082657238027376064,0.0086584776821954906,0.012028673195503568,0.012028673195503568,6
388,6,"DenseLayer( 128,64 )","all",0.21075943116009782,0.223601890926514,0.32080532388554944,0.32080532388554944,6
388,6,"DenseLayer( 128,64 )","weights",0.2099423157454556,0.22271918713978464,0.31948406428536452,0.31948406428536452,6
388,6,"DenseLayer( 128,64 )","biases",0.018483343377936279,0.019848660048130247,0.02908588147224319,0.02908588147224319,6
388,8,"DenseLayer( 64,1 )","all",0.14317549804652865,0.15304561818791129,0.22106634615678022,0.22106634615678022,6
388,8,"DenseLayer( 64,1 )","weights",0.14124489545518423,0.15087753629515899,0.21752740030485074,0.21752740030485074,6
388,8,"DenseLayer( 64,1 )","biases",0.023153146884093683,0.025669637473538745,0.039397455751895905,0.039397455751895905,6
389,0,"Conv2DLayer(1,8,5, stride=5, padding=0)","all",0.19507939697851179,0.24800075358517651,0.49398850711237319,0.047511017685890652,6
389,0,"Conv2DLayer(1,8,5, stride=5, padding=0)","weights",0.19137922899130533,0.24493386016094618,0.48896846222543888,0.045950192325487582,6
389,0,"Conv2DLayer(1,8,5, stride=5, padding=0)","biases",0.033882480895949044,0.038881588515305043,0.070245911681753342,0.012077939675280574,6
389,4,"DenseLayer( 7202,128 )","all",0.12196314974333811,0.13039592023463376,0.19237449648946631,0.11227973616553123,6
389,4,"DenseLayer( 7202,128 )","weights",0.1217163076395622,0.13012733138963278,0.19192086559256086,0.1120242242582269,6
389,4,"DenseLayer( 7202,128 )","biases",0.0077394947321037626,0.0083650247608515194,0.013203342371455522,0.0075704909182818213,6
389,6,"DenseLayer( 128,64 )","all",0.18635559009939684,0.20599384736089041,0.34344023462114837,0.19432835883909336,6
389,6,"DenseLayer( 128,64 )","weights",0.18552363663424701,0.20502315681015115,0.3414331885598732,0.19324316987581938,6
389,6,"DenseLayer( 128,64 )","biases",0.017347660652243909,0.01997424146599782,0.037075227665754169,0.020508250667490888,6
389,8,"DenseLayer( 64,1 )","all",0.12159702983959061,0.13826025852644014,0.24565423672808837,0.14399426180859426,6
389,8,"DenseLayer( 64,1 )","weights",0.11955043570529192,0.13555407060156874,0.23923855609957942,0.14043226973430012,6
389,8,"DenseLayer( 64,1 )","biases",0.019623933224162709,0.02722118717365158,0.05577559769153595,0.031829625368118286,6
390,0,"Conv2DLayer(1,8,5, stride=5, padding=0)","all",0.38574893544692312,0.41396176762624687,0.57011821537008056,0.57011821537008056,6
390,0,"Conv2DLayer(1,8,5, stride=5, padding=0)","weights",0.38236036142731034,0.41029074599674609,0.56388966275266139,0.56388966275266139,6
390,0,"Conv2DLayer(1,8,5, stride=5, padding=0)","biases",0.050467401598597,0.055007715874051663,0.084043011235054199,0.084043011235054199,6
390,4,"DenseLayer( 7202,128 )","all",0.16958743438591753,0.17148845420497064,0.19692233284787233,0.19506926458466353,6
390,4,"DenseLayer( 7202,128 )","weights",0.16926723791024623,0.17116958277089561,0.19658227263235867,0.19473136457356793,6
390,4,"DenseLayer( 7202,128 )","biases",0.010396217003086891,0.010452935456024836,0.011567854638835423,0.011476656173190502,6
390,6,"DenseLayer( 128,64 )","all",0.23870155714944141,0.24149738058317882,0.30139820882647406,0.26147127735977793,6
390,6,"DenseLayer( 128,64 )","weights",0.23785063537523266,0.24066894018555476,0.30054503144815148,0.26084649493016648,6
390,6,"DenseLayer( 128,64 )","biases",0.019797824530682569,0.019986146664592263,0.023952985624490671,0.018064743751311719,6
390,8,"DenseLayer( 64,1 )","all",0.14878185784595249,0.15045920273903265,0.19086388784060018,0.14725641601113212,6
390,8,"DenseLayer( 64,1 )","weights",0.14711603165727832,0.14886773555157667,0.18985944064713017,0.14716236701504251,6
390,8,"DenseLayer( 64,1 )","biases",0.019087855160857242,0.021825879148642997,0.036203522235155106,0.0052621089853346348,6
391,0,"Conv2DLayer(1,8,5, stride=5, padding=0)","all",0.36289704283779939,0.39333481645909968,0.58105395569424967,0.28098659336280635,6
391,0,"Conv2DLayer(1,8,5, stride=5, padding=0)","weights",0.35979687545997852,0.38994296383224314,0.57740633411907794,0.27681366060361318,6
391,0,"Conv2DLayer(1,8,5, stride=5, padding=0)","biases",0.046093891861044026,0.051543794938281103,0.083246763766544135,0.048245859437497311,6
391,4,"DenseLayer( 7202,128 )","all",0.16114214845675526,0.16630045136753802,0.23531193434159689,0.12935331048753829,6
391,4,"DenseLayer( 7202,128 )","weights",0.16084609995149407,0.1659993086595957,0.23492197615228014,0.12910221593437066,6
391,4,"DenseLayer( 7202,128 )","biases",0.0097546895833458998,0.010003481872986207,0.013541475705827911,0.0080558534569972941,6
391,6,"DenseLayer( 128,64 )","all",0.21440267619810408,0.22064938112774804,0.30848634040131434,0.16124079094292665,6
391,6,"DenseLayer( 128,64 )","weights",0.21363613290933806,0.21989481016508552,0.30777579295958007,0.16051543677927388,6
391,6,"DenseLayer( 128,64 )","biases",0.017878160658883185,0.018232439620610632,0.024098689276579332,0.015277016052210718,6
391,8,"DenseLayer( 64,1 )","all",0.13004035154333837,0.13455478778898353,0.18620085714501641,0.10180110168902554,6
391,8,"DenseLayer( 64,1 )","weights",0.12826486730015552,0.13285457711833912,0.18574412812510729,0.09928145424911887,6
391,8,"DenseLayer( 64,1 )","biases",0.019725397229194641,0.021322576196268352,0.035769470036029816,0.022509045898914337,6
392,0,"Conv2DLayer(1,8,5, stride=5, padding=0)","all",0.2220548459785065,0.25515779059772004,0.42669380677542657,0.12025626712299942,6
392,0,"Conv2DLayer(1,8,5, stride=5, padding=0)","weights",0.21626147459661782,0.24967487914254219,0.41671869912319898,0.1183445871748824,6
392,0,"Conv2DLayer(1,8,5, stride=5, padding=0)","biases",0.046270809593533434,0.052611337446095308,0.091723118904526071,0.021357164342787876,6
392,4,"DenseLayer( 7202,128 )","all",0.12299127023081297,0.13026496404085433,0.19234023563801431,0.071216904089363653,6
392,4,"DenseLayer( 7202,128 )","weights",0.12275222671351284,0.13001128424837347,0.1919572190294643,0.071083663986756973,6
392,4,"DenseLayer( 7202,128 )","biases",0.0076578336732777618,0.0081256891802305373,0.012132283699334721,0.0043543245505419147,6
392,6,"DenseLayer( 128,64 )","all",0.19171025879855921,0.20461797091723344,0.30339164682156672,0.11181711901072576,6
392,6,"DenseLayer( 128,64 )","weights",0.19087319294880203,0.2037256960980309,0.30207874145836466,0.1113048608153086,6
392,6,"DenseLayer( 128,64 )","biases",0.01777922015978229,0.019088079307739175,0.028194420015895828,0.010690933670338928,6
392,8,"DenseLayer( 64,1 )","all",0.12924661919912633,0.13855651298565388,0.19812174475099409,0.067561422716670025,6
392,8,"DenseLayer( 64,1 )","weights",0.12710655667996629,0.13623750132885251,0.19492873430157476,0.066413298457825842,6
392,8,"DenseLayer( 64,1 )","biases",0.02283710241317749,0.0252438214701061,0.035426180809736252,0.012402404099702835,6
393,0,"Conv2DLayer(1,8,5, stride=5, padding=0)","all",0.085640205541918521,0.10382481385195774,0.20283211906006121,0.089131055077099189,6
393,0,"Conv2DLayer(1,8,5, stride=5, padding=0)","weights",0.083559622998914673,0.10253342715913252,0.20222172734763585,0.08879788263570676,6
393,0,"Conv2DLayer(1,8,5, stride=5, padding=0)","biases",0.014727792458553029,0.016324468946846103,0.024407152924407829,0.0076994167683103075,6
393,4,"DenseLayer( 7202,128 )","all",0.096021416720935726,0.10152357149907608,0.14329925034882346,0.08895300324215763,6
393,4,"DenseLayer( 7202,128 )","weights",0.095801317150055743,0.1012906852827497,0.14297348570612384,0.088740439436175406,6
393,4,"DenseLayer( 7202,128 )","biases",0.0064953962915186431,0.0068726010271924504,0.0096569941273453759,0.0061458274035147246,6
393,6,"DenseLayer( 128,64 )","all",0.15008455565344786,0.16019072376215443,0.23747576319098154,0.14944717352949968,6
393,6,"DenseLayer( 128,64 )","weights",0.14923430545715718,0.15927852674512127,0.23617898267111023,0.14862290855587418,6
393,6,"DenseLayer( 128,64 )","biases",0.015943948331730563,0.017070995792470876,0.024783588270840703,0.015674461022588668,6
393,8,"DenseLayer( 64,1 )","all",0.10729483362048399,0.11555721121251643,0.17891467605300557,0.10334169111774999,6
393,8,"DenseLayer( 64,1 )","weights",0.10459036803746082,0.11264037891588181,0.17476865291606861,0.10104194353638438,6
393,8,"DenseLayer( 64,1 )","biases",0.023896956816315651,0.025799498074588548,0.038293331861495972,0.021680193021893501,6
394,0,"Conv2DLayer(1,8,5, stride=5, padding=0)","all",0.17255240418197754,0.19492730345573273,0.32927854810852814,0.32927854810852814,6
394,0,"Conv2DLayer(1,8,5, stride=5, padding=0)","weights",0.16982273395412203,0.19181905279509079,0.32391314455763603,0.32391314455763603,6
394,0,"Conv2DLayer(1,8,5, stride=5, padding=0)","biases",0.030328383967161296,0.034671380378021824,0.059199974892260296,0.059199974892260296,6
394,4,"DenseLayer( 7202,128 )","all",0.089351193584199476,0.092776205302937856,0.1278210346345455,0.1278210346345455,6
394,4,"DenseLayer( 7202,128 )","weights",0.089175334452119073,0.092592484872799016,0.12758815148884264,0.12758815148884264,6
394,4,"DenseLayer( 7202,128 )","biases",0.0055952978568875036,0.0058357532070299851,0.0077123598662034642,0.0077123598662034642,6
394,6,"DenseLayer( 128,64 )","all",0.12607164620595385,0.13184430118330825,0.17926233929188903,0.15166130847242379,6
394,6,"DenseLayer( 128,64 )","weights",0.12556780661057676,0.13129848235436123,0.17838999902129066,0.15123139351192538,6
394,6,"DenseLayer( 128,64 )","biases",0.011169285455849802,0.011984501906895864,0.017663367107781758,0.01141131473621051,6
394,8,"DenseLayer( 64,1 )","all",0.080894521755343174,0.086090854358386218,0.13221887705013691,0.083164217953700964,6
394,8,"DenseLayer( 64,1 )","weights",0.079764519782239487,0.084733234605508426,0.12974597777433503,0.082802274787753927,6
394,8,"DenseLayer( 64,1 )","biases",0.012220565261183461,0.015228728031084455,0.025452164933085442,0.0077505121007561684,6
395,0,"Conv2DLayer(1,8,5, stride=5, padding=0)","all",0.16689850698716791,0.21074843175803382,0.42161445403138997,0.1495084086323267,6
395,0,"Conv2DLayer(1,8,5, stride=5, padding=0)","weights",0.16353989076397976,0.208144258397404,0.41690672980342841,0.14643310278641919,6
395,0,"Conv2DLayer(1,8,5, stride=5, padding=0)","biases",0.02827145726486904,0.033028308837501109,0.062829344201561041,0.030168040375748155,6
395,4,"DenseLayer( 7202,128 )","all",0.13385720214947686,0.14362742414587173,0.23499101254601759,0.067097029049788579,6
395,4,"DenseLayer( 7202,128 )","weights",0.13356191195333955,0.14331711284566831,0.2345226185676188,0.066959415977039499,6
395,4,"DenseLayer( 7202,128 )","biases",0.0088790661001517494,0.009436213878463726,0.014829610837435251,0.0042951041107243222,6
395,6,"DenseLayer( 128,64 )","all",0.21935778861997457,0.23684291831601992,0.37828969767971216,0.084102669591837875,6
395,6,"DenseLayer( 128,64 )","weights",0.21816030879116416,0.23558721811249284,0.37653481640174774,0.08370048115764539,6
395,6,"DenseLayer( 128,64 )","biases",0.022845855810894111,0.024356326046134434,0.036395431140599538,0.0082151376405085012,6
395,8,"DenseLayer( 64,1 )","all",0.15408115556422347,0.16718616342157325,0.2594809360600801,0.044106123241775597,6
395,8,"DenseLayer( 64,1 )","weights",0.15044326326440755,0.16336005600388831,0.2544593222401445,0.043241578507611365,6
395,8,"DenseLayer( 64,1 )","biases",0.033191734304030739,0.035562695933118775,0.05080166831612587,0.0086899939924478531,6
396,0,"Conv2DLayer(1,8,5, stride=5, padding=0)","all",0.13894262428469725,0.14616750457161515,0.2261731486396073,0.15307341347985318,6
396,0,"Conv2DLayer(1,8,5, stride=5, padding=0)","weights",0.136209211060457,0.14380930949382367,0.22392446910533276,0.15121538927955022,6
396,0,"Conv2DLayer(1,8,5, stride=5, padding=0)","biases",0.02532695711317532,0.026149988443645081,0.033959821288250647,0.023777635698449616,6
396,4,"DenseLayer( 7202,128 )","all",0.14903081578990307,0.1553468031502562,0.21390136095491358,0.12337074362507001,6
396,4,"DenseLayer( 7202,128 )","weights",0.1486960659228351,0.15499171745309678,0.21339964366589476,0.12310203056311082,6
396,4,"DenseLayer( 7202,128 )","biases",0.0099738952983249966,0.01049746492939433,0.014641868105995617,0.0081382094985128408,6
396,6,"DenseLayer( 128,64 )","all",0.25206479299647394,0.26762148561719307,0.37930138634674598,0.19845379893542098,6
396,6,"DenseLayer( 128,64 )","weights",0.2507349417673721,0.26615125181975785,0.37708004357221803,0.1975162336105932,6
396,6,"DenseLayer( 128,64 )","biases",0.025720550308003864,0.028013759453692486,0.040990028350046781,0.019267791056217846,6
396,8,"DenseLayer( 64,1 )","all",0.18031389996322644,0.19420608775333142,0.27856904143384664,0.14367610944123815,6
396,8,"DenseLayer( 64,1 )","weights",0.17624371160450392,0.18955050617976771,0.27130594834932464,0.14101244036210439,6
396,8,"DenseLayer( 64,1 )","biases",0.037147761497180909,0.042268311149707763,0.063196465373039246,0.027537539601325989,6
397,0,"Conv2DLayer(1,8,5, stride=5, padding=0)","all",0.21367021183130835,0.23973187137280547,0.34032462295874744,0.16383640789662912,6
397,0,"Conv2DLayer(1,8,5, stride=5, padding=0)","weights",0.21063414447060314,0.23668563726263819,0.3334627870735678,0.16233440774569899,6
397,0,"Conv2DLayer(1,8,5, stride=5, padding=0)","biases",0.033804486135561258,0.038095659404795833,0.067995725079904881,0.022133879332909157,6
397,4,"DenseLayer( 7202,128 )","all",0.12378550214595771,0.13914579506759836,0.22873893903439307,0.085811130503246222,6
397,4,"DenseLayer( 7202,128 )","weights",0.12354762513349561,0.13887645025455139,0.22826578333095798,0.085664437626774309,6
397,4,"DenseLayer( 7202,128 )","biases",0.0076616164902058278,0.008653545498187384,0.014704910434407366,0.0050154007151622156,6
397,6,"DenseLayer( 128,64 )","all",0.1820101563644192,0.21327012017635841,0.37583746188048228,0.084065287310665232,6
397,6,"DenseLayer( 128,64 )","weights",0.18124478839508826,0.21233735026000161,0.37394016136493857,0.083849724938438064,6
397,6,"DenseLayer( 128,64 )","biases",0.016560823670592469,0.01992470437923102,0.037716753189089076,0.0060163243241178775,6
397,8,"DenseLayer( 64,1 )","all",0.12203474995290099,0.14672070868498585,0.27178524109266339,0.04633616992386471,6
397,8,"DenseLayer( 64,1 )","weights",0.11998988600143802,0.14411149856335925,0.26594893633242611,0.045864126704595429,6
397,8,"DenseLayer( 64,1 )","biases",0.021945587514589231,0.027547093110660236,0.056021250784397125,0.0065971603617072105,6
398,0,"Conv2DLayer(1,8,5, stride=5, padding=0)","all",0.080768531167897811,0.099033274143369959,0.19091600093756791,0.063727899761102103,6
398,0,"Conv2DLayer(1,8,5, stride=5, padding=0)","weights",0.077703028310762742,0.096522820622656977,0.19037786776292778,0.056034053576557517,6
398,0,"Conv2DLayer(1,8,5, stride=5, padding=0)","biases",0.018369354981785692,0.022157041467719817,0.039826700804240771,0.030355066261508277,6
398,4,"DenseLayer( 7202,128 )","all",0.097905815489524581,0.10558055056132247,0.15014417040768477,0.15014417040768477,6
398,4,"DenseLayer( 7202,128 )","weights",0.097708636389171585,0.10536613174062925,0.14982672903906491,0.14982672903906491,6
398,4,"DenseLayer( 7202,128 )","biases",0.0061967810542988668,0.0067253950700557879,0.0097582361554999549,0.0097582361554999549,6
398,6,"DenseLayer( 128,64 )","all",0.14606713281025621,0.16116292579822336,0.23471665490140617,0.23471665490140617,6
398,6,"DenseLayer( 128,64 )","weights",0.1452852430186059,0.16027741764083833,0.23333664155548003,0.23333664155548003,6
398,6,"DenseLayer( 128,64 )","biases",0.015004357571229381,0.016871219464755158,0.025414952207612578,0.025414952207612578,6
398,8,"DenseLayer( 64,1 )","all",0.099550091316697759,0.11070498555012258,0.16450504630677154,0.16450504630677154,6
398,8,"DenseLayer( 64,1 )","weights",0.097165120100086919,0.10794161347587573,0.16019693082893147,0.16019693082893147,6
398,8,"DenseLayer( 64,1 )","biases",0.021244830556194454,0.024580518828484721,0.037401251494884491,0.037401251494884491,6
399,0,"Conv2DLayer(1,8,5, stride=5, padding=0)","all",0.12019595620771718,0.14771523161260477,0.29295295761143392,0.29295295761143392,6
399,0,"Conv2DLayer(1,8,5, stride=5, padding=0)","weights",0.11625229357609768,0.14373712319204465,0.28757901780320444,0.28757901780320444,6
399,0,"Conv2DLayer(1,8,5, stride=5, padding=0)","biases",0.029093018760568405,0.034050390112896643,0.055854667599322554,0.055854667599322554,6
399,4,"DenseLayer( 7202,128 )","all",0.12427452110775195,0.12727506272726122,0.16032157052440696,0.12710548353254975,6
399,4,"DenseLayer( 7202,128 )","weights",0.12400823736045698,0.12700354736885419,0.15995233587189081,0.126886389278694,6
399,4,"DenseLayer( 7202,128 )","biases",0.0081185857173107397,0.0083090642045592113,0.010874567786272072,0.0074597694239835789,6
399,6,"DenseLayer( 128,64 )","all",0.1986710925163791,0.20450965643111682,0.2680397784436257,0.15817776038972065,6
399,6,"DenseLayer( 128,64 )","weights",0.19759228994916991,0.20337718843433814,0.26641103838357882,0.15772365768573429,6
399,6,"DenseLayer( 128,64 )","biases",0.020557893061388329,0.021492296250451424,0.02950392271361978,0.011977131882933497,6
399,8,"DenseLayer( 64,1 )","all",0.14150684716160755,0.14614152289894591,0.19014116091329231,0.097783755513758078,6
399,8,"DenseLayer( 64,1 )","weights",0.13812690035666475,0.14252309384366804,0.18474368921925258,0.097093092649495352,6
399,8,"DenseLayer( 64,1 )","biases",0.030317928331593674,0.032318917625009082,0.044982556253671646,0.01160147413611412,6
400,0,"Conv2DLayer(1,8,5, stride=5, padding=0)","all",0.13013510227794331,0.14325629131779316,0.24238770690957775,0.13925969799842691,6
400,0,"Conv2DLayer(1,8,5, stride=5, padding=0)","weights",0.12839171232822869,0.14142406246454606,0.23941666950024787,0.13660188500959025,6
400,0,"Conv2DLayer(1,8,5, stride=5, padding=0)","biases",0.020876997185963253,0.022838554204515586,0.037834624701355887,0.027077453691951015,6
400,4,"DenseLayer( 7202,128 )","all",0.098179089889787935,0.10572892466291924,0.14782227287478328,0.14782227287478328,6
400,4,"DenseLayer( 7202,128 )","weights",0.097977259494762131,0.10550895987657698,0.14749185221010172,0.14749185221010172,6
400,4,"DenseLayer( 7202,128 )","biases",0.0062849472839344245,0.006816516422639929,0.00987815212984707,0.00987815212984707,6
400,6,"DenseLayer( 128,64 )","all",0.15101434394752636,0.16655543536595796,0.25563507949704356,0.25563507949704356,6
400,6,"DenseLayer( 128,64 )","weights",0.1502210172131215,0.16565924137223614,0.25420855298013406,0.25420855298013406,6
400,6,"DenseLayer( 128,64 )","biases",0.01536175127533995,0.017254819556257326,0.026968601395069583,0.026968601395069583,6
400,8,"DenseLayer( 64,1 )","all",0.10115980181945941,0.11440522794487588,0.18543779806560529,0.18543779806560529,6
400,8,"DenseLayer( 64,1 )","weights",0.098836205692012846,0.11173457341792629,0.18109515922188357,0.18109515922188357,6
400,8,"DenseLayer( 64,1 )","biases",0.020945427473634481,0.024575216870519147,0.039896368980407715,0.039896368980407715,6
401,0,"Conv2DLayer(1,8,5, stride=5, padding=0)","all",0.21535443267865215,0.27132397766014033,0.45520280351283532,0.13554021213415998,6
401,0,"Conv2DLayer(1,8,5, stride=5, padding=0)","weights",0.2129775404469976,0.2689468087446315,0.45204643446889142,0.13391175451628068,6
401,0,"Conv2DLayer(1,8,5, stride=5, padding=0)","biases",0.030611673648591853,0.035837339736634478,0.059881019453034291,0.020947341304911896,6
401,4,"DenseLayer( 7202,128 )","all",0.13405149001965441,0.14278738252537215,0.18886662525495709,0.066774778125999981,6
401,4,"DenseLayer( 7202,128 )","weights",0.13377334264821206,0.14248372635043208,0.18840488157689853,0.066664896386355879,6
401,4,"DenseLayer( 7202,128 )","biases",0.0085978044699086004,0.0093072194420319599,0.0131985883029679,0.0038291753123824704,6
401,6,"DenseLayer( 128,64 )","all",0.19751169008589536,0.21490010459908335,0.30165743611962187,0.086736912799061525,6
401,6,"DenseLayer( 128,64 )","weights",0.19661051457134124,0.2138514988876111,0.29981753310111858,0.086505466618532756,6
401,6,"DenseLayer( 128,64 )","biases",0.018416841590915143,0.02120356998759924,0.033266433704612991,0.0063321629023516722,6
401,8,"DenseLayer( 64,1 )","all",0.1308126585242313,0.14485869573145066,0.2165739404938353,0.055257514002036309,6
401,8,"DenseLayer( 64,1 )","weights",0.12847998561731674,0.14177744171211099,0.21052766022243524,0.055000173876900975,6
401,8,"DenseLayer( 64,1 )","biases",0.020426525307508808,0.029718659972918993,0.050817083567380905,0.0053266994655132294,6
402,0,"Conv2DLayer(1,8,5, stride=5, padding=0)","all",0.22596254478597322,0.28331768939600538,0.59128428857868887,0.16549330449231553,6
402,0,"Conv2DLayer(1,8,5, stride=5, padding=0)","weights",0.22284861688616198,0.27995019404065269,0.58498014762934603,0.16445066134163672,6
402,0,"Conv2DLayer(1,8,5, stride=5, padding=0)","biases",0.036301055887293404,0.043552290195721127,0.086112349866640625,0.018547609443930413,6
402,4,"DenseLayer( 7202,128 )","all",0.11122297079347465,0.12479494191050028,0.23172416627499731,0.083471092930651816,6
402,4,"DenseLayer( 7202,128 )","weights",0.11101284124036633,0.12456378471372111,0.23132139243692756,0.083306332835592314,6
402,4,"DenseLayer( 7202,128 )","biases",0.0068248114516501401,0.0075921712466776601,0.01365659682657259,0.0052419714347777431,6
402,6,"DenseLayer( 128,64 )","all",0.15589244974999714,0.1761847589500268,0.30611709756364941,0.10713615592082427,6
402,6,"DenseLayer( 128,64 )","weights",0.15531351075011898,0.17556000482742362,0.30529549373067644,0.10663278456264878,6
402,6,"DenseLayer( 128,64 )","biases",0.013298436541524523,0.014824101702094561,0.022412918786613969,0.010373290794482879,6
402,8,"DenseLayer( 64,1 )","all",0.10238147733730393,0.11679884171531912,0.18905656531408749,0.068875348625897406,6
402,8,"DenseLayer( 64,1 )","weights",0.1010897539511809,0.11542444144999307,0.18829811395784424,0.067170995520328305,6
402,8,"DenseLayer( 64,1 )","biases",0.015073508645097414,0.017865266356740784,0.033149223774671555,0.015227311290800571,6
403,0,"Conv2DLayer(1,8,5, stride=5, padding=0)","all",0.14566409848449474,0.19814680738713814,0.34509997047207369,0.043173799723820315,6
403,0,"Conv2DLayer(1,8,5, stride=5, padding=0)","weights",0.14328173022756882,0.19589748810635968,0.34219101544795105,0.040470543825900068,6
403,0,"Conv2DLayer(1,8,5, stride=5, padding=0)","biases",0.024742400016558027,0.029771318938439578,0.049536149864308883,0.015037023143842304,6
403,4,"DenseLayer( 7202,128 )","all",0.12667940627561891,0.1445948396016386,0.25831094444762037,0.057728076685846993,6
403,4,"DenseLayer( 7202,128 )","weights",0.12640999055545962,0.14428449697149534,0.25769760822308929,0.057587899290335094,6
403,4,"DenseLayer( 7202,128 )","biases",0.0082334490997490982,0.0094684514629448015,0.017790074129153975,0.0040205339413135078,6
403,6,"DenseLayer( 128,64 )","all",0.18735795633885791,0.22169194954707164,0.43869609029912132,0.089793203219596135,6
403,6,"DenseLayer( 128,64 )","weights",0.18640268935853391,0.22049680742249689,0.43603472400252041,0.089232308024657606,6
403,6,"DenseLayer( 128,64 )","biases",0.018686528413824285,0.022988658300728947,0.048249135824185427,0.010020706014464049,6
403,8,"DenseLayer( 64,1 )","all",0.12923146480290279,0.15507923889554198,0.31530542582431864,0.06826991303526786,6
403,8,"DenseLayer( 64,1 )","weights",0.12632177270299105,0.15128988252523429,0.30663336217497722,0.066340068535191407,6
403,8,"DenseLayer( 64,1 )","biases",0.026698775279025238,0.034072595761423609,0.073440402746200562,0.016117578372359276,6
404,0,"Conv2DLayer(1,8,5, stride=5, padding=0)","all",0.16710546987963176,0.18601244756695554,0.32727412626903618,0.074231848053348329,6
404,0,"Conv2DLayer(1,8,5, stride=5, padding=0)","weights",0.16437146318713397,0.18323102819944315,0.32431070495994258,0.073338195332013273,6
404,0,"Conv2DLayer(1,8,5, stride=5, padding=0)","biases",0.02917346070467914,0.032047167656818754,0.049036131791701701,0.01148374376494269,6
404,4,"DenseLayer( 7202,128 )","all",0.1382898397468495,0.14792853849984114,0.22517634663727895,0.083190579276687535,6
404,4,"DenseLayer( 7202,128 )","weights",0.13801217138690056,0.14762341290312253,0.2246537479151143,0.083041247433908824,6
404,4,"DenseLayer( 7202,128 )","biases",0.0087383789980460744,0.0094963395860286834,0.015332339436768502,0.004982339311123231,6
404,6,"DenseLayer( 128,64 )","all",0.21143545538514544,0.2361088248492027,0.38150300227076606,0.095818835374968547,6
404,6,"DenseLayer( 128,64 )","weights",0.21035112964746747,0.23485441546576397,0.37911836001326482,0.095357684590059888,6
404,6,"DenseLayer( 128,64 )","biases",0.021250727876806479,0.024305980908118141,0.042588846456092823,0.0093894196965509675,6
404,8,"DenseLayer( 64,1 )","all",0.14828436855982707,0.16885670302747896,0.27415985052425856,0.061455713186920918,6
404,8,"DenseLayer( 64,1 )","weights",0.14504347482666854,0.16494941448577979,0.26622249736522696,0.060187043671620734,6
404,8,"DenseLayer( 64,1 )","biases",0.030055727460421622,0.036114772851405907,0.065492026507854462,0.012422739528119564,6
405,0,"Conv2DLayer(1,8,5, stride=5, padding=0)","all",0.47543057330520577,0.49352804962936642,0.7358378501035957,0.37017765702489053,6
405,0,"Conv2DLayer(1,8,5, stride=5, padding=0)","weights",0.46853518569813224,0.48622642130341531,0.72222793711449973,0.36590385576357631,6
405,0,"Conv2DLayer(1,8,5, stride=5, padding=0)","biases",0.079674996733021641,0.084580157232296616,0.14086926029626182,0.056088020982964198,6
405,4,"DenseLayer( 7202,128 )","all",0.25056473199431711,0.26426271895393488,0.41196598583707006,0.15664890805690215,6
405,4,"DenseLayer( 7202,128 )","weights",0.25006480695630406,0.26373055760335357,0.41110187500023493,0.15632788659378863,6
405,4,"DenseLayer( 7202,128 )","biases",0.015807931733859637,0.016762386916861473,0.026668743089996335,0.010023585612910594,6
405,6,"DenseLayer( 128,64 )","all",0.3947891209790364,0.42474373600926291,0.68435982162643305,0.20359528821442363,6
405,6,"DenseLayer( 128,64 )","weights",0.39306710882477408,0.42282149457424595,0.68091031758392906,0.20265737336096382,6
405,6,"DenseLayer( 128,64 )","biases",0.036630106207926325,0.040363659461294298,0.068625832339696172,0.019520000142139997,6
405,8,"DenseLayer( 64,1 )","all",0.26917653719481188,0.29479508933756998,0.48945030847649396,0.12102684975815264,6
405,8,"DenseLayer( 64,1 )","weights",0.26472195125421549,0.28956737289732026,0.47919723700720812,0.11826437940432165,6
405,8,"DenseLayer( 64,1 )","biases",0.047331405182679497,0.055270980187528213,0.09965747594833374,0.02571059949696064,6
406,0,"Conv2DLayer(1,8,5, stride=5, padding=0)","all",0.22754159058050208,0.23826430510392119,0.32258567676202782,0.2013408701071033,6
406,0,"Conv2DLayer(1,8,5, stride=5, padding=0)","weights",0.22445055558226065,0.23565693162502288,0.32077970481915857,0.20021947399843487,6
406,0,"Conv2DLayer(1,8,5, stride=5, padding=0)","biases",0.03413178418178478,0.035152377782075417,0.045705339919620488,0.02122046670729719,6
406,4,"DenseLayer( 7202,128 )","all",0.19538299954133845,0.21252804169629413,0.32472404988290998,0.07909641367503438,6
406,4,"DenseLayer( 7202,128 )","weights",0.19494311659806496,0.21204079570377685,0.32398130373016754,0.078965809944498824,6
406,4,"DenseLayer( 7202,128 )","biases",0.013091117050444844,0.014382957434786894,0.021950476205757539,0.0045435136250986307,6
406,6,"DenseLayer( 128,64 )","all",0.31758413750796022,0.35395581579798813,0.56156784734649534,0.11013185158074003,6
406,6,"DenseLayer( 128,64 )","weights",0.31578801856468453,0.35188368593768443,0.55823401132818296,0.10986161009741416,6
406,6,"DenseLayer( 128,64 )","biases",0.033603049804246284,0.038243837518329209,0.061100210881983509,0.0077104707642204175,6
406,8,"DenseLayer( 64,1 )","all",0.22462760003423318,0.25511723813211851,0.41329082908807963,0.067836910683967327,6
406,8,"DenseLayer( 64,1 )","weights",0.21886915703549703,0.24835968195676236,0.40246134428360891,0.067583676217474867,6
406,8,"DenseLayer( 64,1 )","biases",0.050024780910462141,0.058329011396524799,0.093990296125411987,0.0058560362085700035,6
407,0,"Conv2DLayer(1,8,5, stride=5, padding=0)","all",0.092285357132772389,0.10023511264657836,0.16974688433411747,0.057219428425476719,6
407,0,"Conv2DLayer(1,8,5, stride=5, padding=0)","weights",0.090055442711449829,0.098260580488514035,0.16767595945987973,0.053855536145381196,6
407,0,"Conv2DLayer(1,8,5, stride=5, padding=0)","biases",0.018603099773342763,0.019797376829582977,0.026434397294983362,0.019329878836448839,6
407,4,"DenseLayer( 7202,128 )","all",0.1580642335983527,0.17375458748205133,0.28567555269575212,0.17868798885729878,6
407,4,"DenseLayer( 7202,128 )","weights",0.15768521154492204,0.17333724322622107,0.28498760922065791,0.17825400168913239,6
407,4,"DenseLayer( 7202,128 )","biases",0.01093888518569085,0.012035646297216896,0.01981373257912427,0.012446214029853436,6
407,6,"DenseLayer( 128,64 )","all",0.26801768413347066,0.29723919242612462,0.48972532750341935,0.31509210896580891,6
407,6,"DenseLayer( 128,64 )","weights",0.26637297469183463,0.29541312157346938,0.4867268574878893,0.31312188821431686,6
407,6,"DenseLayer( 128,64 )","biases",0.029642428327026023,0.032897190098142896,0.054109727390694036,0.035181248608059178,6
407,8,"DenseLayer( 64,1 )","all",0.19396081492380793,0.21554535248257564,0.35638830099574281,0.22933550549169487,6
407,8,"DenseLayer( 64,1 )","weights",0.18855156063961623,0.20955136075185543,0.34656754467000978,0.22282850794491263,6
407,8,"DenseLayer( 64,1 )","biases",0.045462911327679954,0.050477977216639082,0.083087652921676636,0.054242327809333801,6
408,0,"Conv2DLayer(1,8,5, stride=5, padding=0)","all",0.11407097727853541,0.13934174731719648,0.26211120607525312,0.15904385890260123,6
408,0,"Conv2DLayer(1,8,5, stride=5, padding=0)","weights",0.11008190766227346,0.13544069861377167,0.25667193525932752,0.15181909024868595,6
408,0,"Conv2DLayer(1,8,5, stride=5, padding=0)","biases",0.028571855870846895,0.032740490289897922,0.053120636295656241,0.047391063405370838,6
408,4,"DenseLayer( 7202,128 )","all",0.14500470632763723,0.16806933435631666,0.28860451488102856,0.20969504758660124,6
408,4,"DenseLayer( 7202,128 )","weights",0.14467699872085779,0.16768155404659568,0.2879450275477084,0.20919104491314658,6
408,4,"DenseLayer( 7202,128 )","biases",0.0097350778048247624,0.01141041557060833,0.019499413331258923,0.014529959067143201,6
408,6,"DenseLayer( 128,64 )","all",0.23764668988193866,0.28774155138513374,0.49300106708572183,0.36963038097936285,6
408,6,"DenseLayer( 128,64 )","weights",0.23629640850797082,0.28607618151603231,0.49017534227972714,0.36750579664756411,6
408,6,"DenseLayer( 128,64 )","biases",0.025263113493748261,0.030913084005477563,0.052708499965496668,0.039574082091543054,6
408,8,"DenseLayer( 64,1 )","all",0.16992181437341336,0.20955763739285482,0.3576074842867315,0.26980880553329867,6
408,8,"DenseLayer( 64,1 )","weights",0.16582009445543047,0.20435203056303039,0.34884826973727923,0.26328853274251507,6
408,8,"DenseLayer( 64,1 )","biases",0.036682659130747197,0.046418218346264868,0.078663825988769531,0.05895710363984108,6
409,0,"Conv2DLayer(1,8,5, stride=5, padding=0)","all",0.22151354587434716,0.23751179847700321,0.3320974287471562,0.27939386330780963,6
409,0,"Conv2DLayer(1,8,5, stride=5, padding=0)","weights",0.21809666634875721,0.23414209263656352,0.33040028395450927,0.27781130559848288,6
409,0,"Conv2DLayer(1,8,5, stride=5, padding=0)","biases",0.035821341572613109,0.039866462992739625,0.065971299159975197,0.029695274636368469,6
409,4,"DenseLayer( 7202,128 )","all",0.12794380567628161,0.13728900883917206,0.18541036623873569,0.18541036623873569,6
409,4,"DenseLayer( 7202,128 )","weights",0.12768368179799758,0.1370072922407029,0.18501401007846646,0.18501401007846646,6
409,4,"DenseLayer( 7202,128 )","biases",0.0081467208751680176,0.0087905529355603914,0.012116929622111888,0.012116929622111888,6
409,6,"DenseLayer( 128,64 )","all",0.20114788778823231,0.22361500920183405,0.31893734609773433,0.31893734609773433,6
409,6,"DenseLayer( 128,64 )","weights",0.20018075027878363,0.22254347997804019,0.31733260836972127,0.31733260836972127,6
409,6,"DenseLayer( 128,64 )","biases",0.019591451596688694,0.021864854438114988,0.031953816691204277,0.031953816691204277,6
409,8,"DenseLayer( 64,1 )","all",0.13604761822884903,0.15404294130236287,0.22306013273781841,0.22306013273781841,6
409,8,"DenseLayer( 64,1 )","weights",0.13324818995863946,0.151021116095854,0.21848544389390004,0.21848544389390004,6
409,8,"DenseLayer( 64,1 )","biases",0.026847525499761105,0.030361987060233676,0.044943671673536301,0.044943671673536301,6
410,0,"Conv2DLayer(1,8,5, stride=5, padding=0)","all",0.39379695420322619,0.51230909164204974,0.80553847620189367,0.035558085311664003,6
410,0,"Conv2DLayer(1,8,5, stride=5, padding=0)","weights",0.38819336972834573,0.50588102086224673,0.79715334160663953,0.031926722824149087,6
410,0,"Conv2DLayer(1,8,5, stride=5, padding=0)","biases",0.064178737889437773,0.080901162602729157,0.13323225349722614,0.015654449870293515,6
410,4,"DenseLayer( 7202,128 )","all",0.18170815669238602,0.20491140056211521,0.34168059957097746,0.0801330772510776,6
410,4,"DenseLayer( 7202,128 )","weights",0.18135966343946622,0.20452990496277038,0.34104628325336483,0.079956782082648822,6
410,4,"DenseLayer( 7202,128 )","biases",0.011230495517011068,0.012498002090243833,0.020810209087086737,0.0053125388200913363,6
410,6,"DenseLayer( 128,64 )","all",0.26972687165869214,0.30026895488029798,0.49216590984180952,0.11234963425836751,6
410,6,"DenseLayer( 128,64 )","weights",0.26873019140908522,0.29924336540042845,0.49044438100933241,0.11161701783069826,6
410,6,"DenseLayer( 128,64 )","biases",0.022823568555665957,0.02479624021363137,0.041128967246807834,0.012809435919295375,6
410,8,"DenseLayer( 64,1 )","all",0.17424976900021447,0.19181070387958576,0.32025530020891696,0.081027337180087783,6
410,8,"DenseLayer( 64,1 )","weights",0.17224575291601416,0.18992331657911132,0.3168605773480091,0.078389764972039699,6
410,8,"DenseLayer( 64,1 )","biases",0.023565307570000488,0.026841757438230304,0.046506255865097046,0.020505465567111969,6
411,0,"Conv2DLayer(1,8,5, stride=5, padding=0)","all",0.37214639212353778,0.41696595692856198,0.59151120679356994,0.27286420500528591,6
411,0,"Conv2DLayer(1,8,5, stride=5, padding=0)","weights",0.36752730810423589,0.41209268479430405,0.58521547327631995,0.26913056252450596,6
411,0,"Conv2DLayer(1,8,5, stride=5, padding=0)","biases",0.057821788815449082,0.063562790816434428,0.08607181652758554,0.044984605015601822,6
411,4,"DenseLayer( 7202,128 )","all",0.14981177349417046,0.16752892879686326,0.24904738840995416,0.096633781916208236,6
411,4,"DenseLayer( 7202,128 )","weights",0.14954661638865638,0.16723514012698415,0.24860903963943409,0.096451648216972163,6
411,4,"DenseLayer( 7202,128 )","biases",0.008907528569223536,0.009917151331529513,0.014769803092013856,0.0059302077247550518,6
411,6,"DenseLayer( 128,64 )","all",0.20523254439586122,0.23082036981535675,0.33132473655952283,0.13374202474516905,6
411,6,"DenseLayer( 128,64 )","weights",0.20458098187945514,0.23012070232565371,0.33038915074880398,0.13324183703658934,6
411,6,"DenseLayer( 128,64 )","biases",0.016307151341153875,0.017958437650473186,0.024881521732427556,0.011556039375684991,6
411,8,"DenseLayer( 64,1 )","all",0.12842347649236968,0.14699250078031784,0.22299963042120541,0.073671942276039168,6
411,8,"DenseLayer( 64,1 )","weights",0.12731525579770145,0.14590308234076699,0.2213186546431285,0.072898501056242557,6
411,8,"DenseLayer( 64,1 )","biases",0.016442275606095791,0.017862974251649903,0.027329256758093834,0.010647235438227654,6
412,0,"Conv2DLayer(1,8,5, stride=5, padding=0)","all",0.30920663093295137,0.34080974436469585,0.57227440503562954,0.38890294201412762,6
412,0,"Conv2DLayer(1,8,5, stride=5, padding=0)","weights",0.30538196872030193,0.33640136287447781,0.56545795477573746,0.37990775161837326,6
412,0,"Conv2DLayer(1,8,5, stride=5, padding=0)","biases",0.046909070825515257,0.05463885897530462,0.088064158655628597,0.083160077967233265,6
412,4,"DenseLayer( 7202,128 )","all",0.11832729353176094,0.12375283423376704,0.18524590400382451,0.13423251901164265,6
412,4,"DenseLayer( 7202,128 )","weights",0.11810942042851212,0.12352662821063091,0.18491318791244576,0.13398411498698759,6
412,4,"DenseLayer( 7202,128 )","biases",0.0071724330700713313,0.007479044310791598,0.011097652285537218,0.0081624807114439434,6
412,6,"DenseLayer( 128,64 )","all",0.16301579025271573,0.17199584288332909,0.27531464153178103,0.1604755183817933,6
412,6,"DenseLayer( 128,64 )","weights",0.16246687544310351,0.17144906519183373,0.2745568024761405,0.16004229079049137,6
412,6,"DenseLayer( 128,64 )","biases",0.013210296020491376,0.01370357668614881,0.020413575283390079,0.011783766733819834,6
412,8,"DenseLayer( 64,1 )","all",0.09873420570268801,0.10467999538377815,0.16456508821274235,0.089532518658661006,6
412,8,"DenseLayer( 64,1 )","weights",0.097836420591261533,0.10390062102206155,0.16421811859311311,0.089237691536182134,6
412,8,"DenseLayer( 64,1 )","biases",0.011573806637898088,0.012749995481479823,0.021403610706329346,0.0072599109262228012,6
413,0,"Conv2DLayer(1,8,5, stride=5, padding=0)","all",0.14892252536584327,0.17396306190413996,0.28443090762196871,0.060277282014951972,6
413,0,"Conv2DLayer(1,8,5, stride=5, padding=0)","weights",0.14687708774100774,0.17211305681310307,0.28303666866995542,0.059818705222848351,6
413,0,"Conv2DLayer(1,8,5, stride=5, padding=0)","biases",0.022624448595152825,0.025303015265244269,0.042557826814909959,0.0074211341836695069,6
413,4,"DenseLayer( 7202,128 )","all",0.088530872963877752,0.09083222117592854,0.11736326689008507,0.073538248747428384,6
413,4,"DenseLayer( 7202,128 )","weights",0.0883433241442515,0.090638094481067188,0.11712138051777468,0.073358433359397429,6
413,4,"DenseLayer( 7202,128 )","biases",0.0057429525716285647,0.005935337614149435,0.0075311779107897058,0.0051394828430005781,6
413,6,"DenseLayer( 128,64 )","all",0.12930624485788114,0.1334497578386461,0.16654552787030286,0.11259109988202874,6
413,6,"DenseLayer( 128,64 )","weights",0.12867797150384808,0.13278643468703691,0.16581691139297905,0.11192740210333088,6
413,6,"DenseLayer( 128,64 )","biases",0.012591793387062426,0.013289116987165532,0.017477919205939156,0.012207064800526479,6
413,8,"DenseLayer( 64,1 )","all",0.089217499957771423,0.092564348593961857,0.12299871821814493,0.079290334776016241,6
413,8,"DenseLayer( 64,1 )","weights",0.087412003130498794,0.090636678730441178,0.12096814752451267,0.077306675015467619,6
413,8,"DenseLayer( 64,1 )","biases",0.01742732183386882,0.018792314901024839,0.026452358812093735,0.01762484572827816,6
414,0,"Conv2DLayer(1,8,5, stride=5, padding=0)","all",0.11750469367181401,0.12859679409554373,0.22703345486424173,0.083164906702778249,6
414,0,"Conv2DLayer(1,8,5, stride=5, padding=0)","weights",0.11632870097212307,0.12761468834634396,0.22610810410087051,0.082813386238973635,6
414,0,"Conv2DLayer(1,8,5, stride=5, padding=0)","biases",0.015330467007041456,0.015862747867792962,0.020477179676497995,0.0076383745991135546,6
414,4,"DenseLayer( 7202,128 )","all",0.072742330134386884,0.079204867849373903,0.14083420109129277,0.072305888346658548,6
414,4,"DenseLayer( 7202,128 )","weights",0.072601816418396858,0.079043626789949389,0.14051334836787319,0.072173955358385861,6
414,4,"DenseLayer( 7202,128 )","biases",0.0045093523207847628,0.0050513517921423811,0.0095011119071086777,0.0043659658181411497,6
414,6,"DenseLayer( 128,64 )","all",0.097772936755876033,0.11056122515880133,0.20742793621000494,0.10133459419030121,6
414,6,"DenseLayer( 128,64 )","weights",0.097309364364312659,0.10996463733122493,0.20608315619032258,0.1009099178531829,6
414,6,"DenseLayer( 128,64 )","biases",0.0093883792669605202,0.011470093514324037,0.023581379412090951,0.0092676026337400411,6
414,8,"DenseLayer( 64,1 )","all",0.063580368606805493,0.071860808446874022,0.13347162706407445,0.066965391891608411,6
414,8,"DenseLayer( 64,1 )","weights",0.062225265675677224,0.069959332420658757,0.12877595522235311,0.065785025066224925,6
414,8,"DenseLayer( 64,1 )","biases",0.012294707276547948,0.016421558936169409,0.035091716796159744,0.012517754919826984,6
415,0,"Conv2DLayer(1,8,5, stride=5, padding=0)","all",0.18004388120919029,0.22517360168513631,0.39268381046989587,0.39268381046989587,6
415,0,"Conv2DLayer(1,8,5, stride=5, padding=0)","weights",0.17791969038079147,0.2224590368161366,0.38716390522462685,0.38716390522462685,6
415,0,"Conv2DLayer(1,8,5, stride=5, padding=0)","biases",0.027386811980998481,0.034858683777406127,0.065610102090861364,0.065610102090861364,6
415,4,"DenseLayer( 7202,128 )","all",0.094555154042730682,0.099777744367546051,0.15080996881637659,0.15080996881637659,6
415,4,"DenseLayer( 7202,128 )","weights",0.094378964258099413,0.09959577880244512,0.15055331629670207,0.15055331629670207,6
415,4,"DenseLayer( 7202,128 )","biases",0.0057564530655995387,0.0060232147404678882,0.0087946373695372334,0.0087946373695372334,6
415,6,"DenseLayer( 128,64 )","all",0.1211995341173253,0.13113902782298539,0.20912304912934895,0.20912304912934895,6
415,6,"DenseLayer( 128,64 )","weights",0.12074985560136831,0.1307049069894369,0.20864028067968371,0.20864028067968371,6
415,6,"DenseLayer( 128,64 )","biases",0.010185796269129015,0.010661702830241888,0.014201512421530792,0.014201512421530792,6
415,8,"DenseLayer( 64,1 )","all",0.074578082897605924,0.081489064227158389,0.132697521144966,0.132697521144966,6
415,8,"DenseLayer( 64,1 )","weights",0.073615537079728594,0.080645703109637229,0.13223903664635492,0.13223903664635492,6
415,8,"DenseLayer( 64,1 )","biases",0.010020361669982472,0.011693509249587683,0.018114637583494186,0.011021311394870281,6
416,0,"Conv2DLayer(1,8,5, stride=5, padding=0)","all",0.2512566146198793,0.28663376558915149,0.47671252568005956,0.107134750917838,6
416,0,"Conv2DLayer(1,8,5, stride=5, padding=0)","weights",0.2461043628031328,0.28205270433990459,0.4717165304627271,0.1028799436672561,6
416,0,"Conv2DLayer(1,8,5, stride=5, padding=0)","biases",0.048191953061864988,0.051041037904445315,0.069882005861561389,0.029892675444820944,6
416,4,"DenseLayer( 7202,128 )","all",0.13095661601359868,0.13813264726333757,0.19016502746468861,0.054553113113211829,6
416,4,"DenseLayer( 7202,128 )","weights",0.13068653496377339,0.13784964562089086,0.18982157043944536,0.054457138438151739,6
416,4,"DenseLayer( 7202,128 )","biases",0.0083908084038889011,0.0088376151858089724,0.011424056483949131,0.0032345360518721785,6
416,6,"DenseLayer( 128,64 )","all",0.18795065860017732,0.20292693527740599,0.27045865315797324,0.064675817802903657,6
416,6,"DenseLayer( 128,64 )","weights",0.18713067057816693,0.2020447501007302,0.26960727364767045,0.064493207370790229,6
416,6,"DenseLayer( 128,64 )","biases",0.017366848266172782,0.018901323176275353,0.025719424490820628,0.0048567078873078861,6
416,8,"DenseLayer( 64,1 )","all",0.12256884965867633,0.13393141701656625,0.17985650818207641,0.039345020353137576,6
416,8,"DenseLayer( 64,1 )","weights",0.12052118155997521,0.13166107151671375,0.17752162325476664,0.039345019696748598,6
416,8,"DenseLayer( 64,1 )","biases",0.0210962372918857,0.024555787731941215,0.038355421274900436,7.1868821578391362e-06,6
417,0,"Conv2DLayer(1,8,5, stride=5, padding=0)","all",0.15789844749590717,0.18242704941811394,0.30122984432842176,0.10865478675059204,6
417,0,"Conv2DLayer(1,8,5, stride=5, padding=0)","weights",0.15520204884218372,0.17994255142123397,0.29640595228460398,0.10807338293903031,6
417,0,"Conv2DLayer(1,8,5, stride=5, padding=0)","biases",0.02629897623933633,0.030005108688614227,0.053692928439248583,0.011225265428057494,6
417,4,"DenseLayer( 7202,128 )","all",0.10466272475649369,0.10951738415316881,0.14814003497850339,0.076232321788173144,6
417,4,"DenseLayer( 7202,128 )","weights",0.10445653206353436,0.10929607024781691,0.14781468467680481,0.076097991922046582,6
417,4,"DenseLayer( 7202,128 )","biases",0.0065553185377649811,0.0069589122811698568,0.009812693683641292,0.0045235506681932831,6
417,6,"DenseLayer( 128,64 )","all",0.15649365656181063,0.17099265445499343,0.26065907617854522,0.10007116666597476,6
417,6,"DenseLayer( 128,64 )","weights",0.1557769284799162,0.17019780209113181,0.2594625834955252,0.099527905203893777,6
417,6,"DenseLayer( 128,64 )","biases",0.014853893494315127,0.016468030875387441,0.024946377694572253,0.010413187965941737,6
417,8,"DenseLayer( 64,1 )","all",0.10479322040044464,0.11707516781332793,0.18854489600589791,0.062304301275755196,6
417,8,"DenseLayer( 64,1 )","weights",0.10292477514667925,0.11496567972494708,0.18540065543392104,0.060588624064020671,6
417,8,"DenseLayer( 64,1 )","biases",0.018575650086859241,0.022124362225831307,0.034289572387933731,0.014520488679409027,6
418,0,"Conv2DLayer(1,8,5, stride=5, padding=0)","all",0.087740702486493363,0.098075033352654509,0.1517595439561448,0.081322254851144346,6
418,0,"Conv2DLayer(1,8,5, stride=5, padding=0)","weights",0.085127909278639668,0.096238760334755521,0.14948660567069266,0.08103149319844892,6
418,0,"Conv2DLayer(1,8,5, stride=5, padding=0)","biases",0.016967195226888887,0.018889499102776184,0.026167038556777406,0.0068706800321508563,6
418,4,"DenseLayer( 7202,128 )","all",0.083333372900491726,0.085253938237309965,0.11148401263837159,0.08083384870432142,6
418,4,"DenseLayer( 7202,128 )","weights",0.083141527158278147,0.085055740008585887,0.11121219820242548,0.080660994025172184,6
418,4,"DenseLayer( 7202,128 )","biases",0.0056473823179273245,0.0058099119238508015,0.007780234246925105,0.0052834779477406299,6
418,6,"DenseLayer( 128,64 )","all",0.12913847998414138,0.13419665823911048,0.18155756694506178,0.13237899077259552,6
418,6,"DenseLayer( 128,64 )","weights",0.12837042508745897,0.13339178236950178,0.1805728847548653,0.13152161985178629,6
418,6,"DenseLayer( 128,64 )","biases",0.014032768016464383,0.014675676435248126,0.020083853605709256,0.015041964949206251,6
418,8,"DenseLayer( 64,1 )","all",0.09212855755353172,0.09663807922705972,0.13414760318141306,0.094729802798689922,6
418,8,"DenseLayer( 64,1 )","weights",0.089556019923489022,0.093962733394608658,0.13099534069646099,0.091734519014136623,6
418,8,"DenseLayer( 64,1 )","biases",0.021449252186963957,0.022581476694608929,0.031474057585000992,0.023632891476154327,6
419,0,"Conv2DLayer(1,8,5, stride=5, padding=0)","all",0.22851374985598946,0.25272256635176515,0.34335107881900701,0.34335107881900701,6
419,0,"Conv2DLayer(1,8,5, stride=5, padding=0)","weights",0.22629255448352084,0.25021363792304058,0.33899778844669259,0.33899778844669259,6
419,0,"Conv2DLayer(1,8,5, stride=5, padding=0)","biases",0.03129973195198299,0.035522259792134366,0.054501951840529368,0.054501951840529368,6
419,4,"DenseLayer( 7202,128 )","all",0.098756373330736835,0.10155489549153689,0.11968136835221309,0.11288389025355954,6
419,4,"DenseLayer( 7202,128 )","weights",0.098565632257652913,0.10135852708591241,0.11942061443614109,0.11267680951652786,6
419,4,"DenseLayer( 7202,128 )","biases",0.0061257227402288592,0.0063123518019308281,0.007895997616048419,0.0068344184795615086,6
419,6,"DenseLayer( 128,64 )","all",0.13564811608984242,0.1415266409460342,0.17038007525148982,0.16214150614595818,6
419,6,"DenseLayer( 128,64 )","weights",0.13513745163488988,0.14099697236617117,0.16993407477207373,0.16167960383333538,6
419,6,"DenseLayer( 128,64 )","biases",0.011552313107953138,0.012232901578973117,0.016073327282796313,0.012230033506720844,6
419,8,"DenseLayer( 64,1 )","all",0.083341374210040925,0.08752385340913163,0.10600217632957849,0.092735631194792764,6
419,8,"DenseLayer( 64,1 )","weights",0.082342045479781217,0.086429161039488528,0.10553168000974848,0.092666457961871868,6
419,8,"DenseLayer( 64,1 )","biases",0.010828321566805243,0.013799457873167319,0.024293916299939156,0.0035811816342175007,6
420,0,"Conv2DLayer(1,8,5, stride=5, padding=0)","all",0.29414344905999085,0.30963497946180951,0.41641780729785904,0.13010780467588215,6
420,0,"Conv2DLayer(1,8,5, stride=5, padding=0)","weights",0.29033359097291223,0.30629642711728466,0.41377367337336995,0.12235031491737398,6
420,0,"Conv2DLayer(1,8,5, stride=5, padding=0)","biases",0.043370512685199772,0.045346656343120732,0.067100715044634246,0.044254279761362189,6
420,4,"DenseLayer( 7202,128 )","all",0.13098422985171568,0.1350952757415731,0.17638237443048399,0.079822051163437296,6
420,4,"DenseLayer( 7202,128 )","weights",0.13074583325537231,0.13484626676038508,0.1760254029560927,0.079688499519906988,6
420,4,"DenseLayer( 7202,128 )","biases",0.0078935036186783634,0.0081986504059351276,0.011216038689334611,0.0046155060615478286,6
420,6,"DenseLayer( 128,64 )","all",0.18659807647126633,0.19967434232517747,0.29748738136946801,0.085444788497239604,6
420,6,"DenseLayer( 128,64 )","weights",0.18596983467018532,0.19894142789654795,0.29606470965717163,0.085223731320889784,6
420,6,"DenseLayer( 128,64 )","biases",0.015106433844188,0.017092432520702798,0.029059073792500102,0.0061422716549170324,6
420,8,"DenseLayer( 64,1 )","all",0.11902160055063019,0.13003642066681817,0.21007333445120868,0.056325586983474916,6
420,8,"DenseLayer( 64,1 )","weights",0.11786919022593492,0.12841943008960302,0.20599393325196896,0.056071844236603691,6
420,8,"DenseLayer( 64,1 )","biases",0.014295366728523126,0.020443108259246258,0.041198365390300751,0.0053404150530695915,6
421,0,"Conv2DLayer(1,8,5, stride=5, padding=0)","all",0.11638475147503059,0.13368120063589603,0.18467023851926503,0.18203404582352956,6
421,0,"Conv2DLayer(1,8,5, stride=5, padding=0)","weights",0.11458490132321418,0.13180315583322563,0.1804354907502245,0.1804354907502245,6
421,0,"Conv2DLayer(1,8,5, stride=5, padding=0)","biases",0.019301937388670812,0.022329162900949367,0.041015791997038448,0.024071300683770978,6
421,4,"DenseLayer( 7202,128 )","all",0.12665408824159302,0.13188871142119957,0.16450405298329085,0.16403128814719872,6
421,4,"DenseLayer( 7202,128 )","weights",0.12636269799826649,0.13158732067856099,0.16410394029349709,0.16369049229838809,6
421,4,"DenseLayer( 7202,128 )","biases",0.0085821729761355933,0.0089111860592183869,0.011466482811991788,0.010568170245632964,6
421,6,"DenseLayer( 128,64 )","all",0.21019122649093211,0.22255645216252257,0.29439913671513934,0.27047130258224106,6
421,6,"DenseLayer( 128,64 )","weights",0.20893729974101644,0.2212509890181357,0.29268034325192799,0.26887632850143717,6
421,6,"DenseLayer( 128,64 )","biases",0.022893881309188822,0.024070194383635387,0.031765836563089379,0.029329941904502221,6
421,8,"DenseLayer( 64,1 )","all",0.14641326125326914,0.15724097190726605,0.210311839461154,0.19281687969633465,6
421,8,"DenseLayer( 64,1 )","weights",0.1423678459297143,0.1530652775259741,0.20498943896827151,0.18746651498899108,6
421,8,"DenseLayer( 64,1 )","biases",0.034005082367608942,0.035996445133348459,0.047014888375997543,0.045107148587703705,6
422,0,"Conv2DLayer(1,8,5, stride=5, padding=0)","all",0.16376286410069751,0.21039368337196873,0.39364586944145857,0.24291495451865347,6
422,0,"Conv2DLayer(1,8,5, stride=5, padding=0)","weights",0.16123627316955064,0.20694902764133014,0.3857974648391464,0.24009879394616104,6
422,0,"Conv2DLayer(1,8,5, stride=5, padding=0)","biases",0.028352470879859645,0.037915721820007582,0.078213724192173664,0.03688148959028599,6
422,4,"DenseLayer( 7202,128 )","all",0.1032914008867396,0.11146165569946204,0.1827167273919898,0.10524399116953249,6
422,4,"DenseLayer( 7202,128 )","weights",0.10308064795509037,0.1112424038287784,0.18240935255036325,0.10503898981068514,6
422,4,"DenseLayer( 7202,128 )","biases",0.0065781903973268956,0.0069877236393839437,0.010593893099139752,0.0065656908885066076,6
422,6,"DenseLayer( 128,64 )","all",0.14445407890912609,0.15116549770044624,0.20147014527085511,0.16673304499575278,6
422,6,"DenseLayer( 128,64 )","weights",0.14381394092207611,0.15050734689107734,0.20024100637185879,0.16606292876072301,6
422,6,"DenseLayer( 128,64 )","biases",0.013344626173691952,0.014090643237004043,0.022220684117386324,0.014933585804044369,6
422,8,"DenseLayer( 64,1 )","all",0.093519268442146503,0.098526753163111311,0.14563343553344874,0.11184734751181943,6
422,8,"DenseLayer( 64,1 )","weights",0.091887750360819628,0.096779012519973923,0.14165174275599249,0.11024388965401953,6
422,8,"DenseLayer( 64,1 )","biases",0.015525227732723579,0.018475492538046118,0.033821314573287964,0.01887098141014576,6
423,0,"Conv2DLayer(1,8,5, stride=5, padding=0)","all",0.20900560642354121,0.25227467441569335,0.40604885727010326,0.37983806514582286,6
423,0,"Conv2DLayer(1,8,5, stride=5, padding=0)","weights",0.20538107866317817,0.24938844465672766,0.40212657252396111,0.37715208450906801,6
423,0,"Conv2DLayer(1,8,5, stride=5, padding=0)","biases",0.034951880105735508,0.038051478594692843,0.056301813119011758,0.045091694181824717,6
423,4,"DenseLayer( 7202,128 )","all",0.11629948547906968,0.11760997857795669,0.13972951588340532,0.13972951588340532,6
423,4,"DenseLayer( 7202,128 )","weights",0.11606801570813183,0.11737882257460742,0.13948570298680368,0.13948570298680368,6
423,4,"DenseLayer( 7202,128 )","biases",0.0073242108322067517,0.0073701473598741345,0.0082508345813016321,0.0082508345813016321,6
423,6,"DenseLayer( 128,64 )","all",0.1625027949990463,0.16501461189367184,0.19457661759819436,0.19457661759819436,6
423,6,"DenseLayer( 128,64 )","weights",0.16177280611919295,0.16429196096214485,0.19391288238142643,0.19391288238142643,6
423,6,"DenseLayer( 128,64 )","biases",0.01519132308197739,0.015426396261999041,0.018981890649002704,0.016057838038822176,6
423,8,"DenseLayer( 64,1 )","all",0.10214906473294132,0.10302659509030178,0.11903970828086982,0.10990409644849582,6
423,8,"DenseLayer( 64,1 )","weights",0.10033890774376959,0.10121216618390209,0.11551456843453795,0.10906117428276796,6
423,8,"DenseLayer( 64,1 )","biases",0.017084319775070373,0.019250369146153599,0.028754767030477524,0.013585679233074188,6
424,0,"Conv2DLayer(1,8,5, stride=5, padding=0)","all",0.22719862478504041,0.23708201719615676,0.33244210117620088,0.21886610159084938,6
424,0,"Conv2DLayer(1,8,5, stride=5, padding=0)","weights",0.22384227537072962,0.23378540145510648,0.32945167484661186,0.21529126967354217,6
424,0,"Conv2DLayer(1,8,5, stride=5, padding=0)","biases",0.038544675523665188,0.039398844453530042,0.045660395302038942,0.039395934154810255,6
424,4,"DenseLayer( 7202,128 )","all",0.16692257023860343,0.18032463151893902,0.2610794051229815,0.17729279646307025,6
424,4,"DenseLayer( 7202,128 )","weights",0.16657231275910608,0.17993847712149538,0.26046505751222976,0.17688077431510127,6
424,4,"DenseLayer( 7202,128 )","biases",0.010790113910462829,0.011794794768804472,0.017899988673760553,0.012080039544052252,6
424,6,"DenseLayer( 128,64 )","all",0.26683186404468279,0.29399970224727778,0.45236985109122591,0.31688166486833746,6
424,6,"DenseLayer( 128,64 )","weights",0.26552324782975562,0.29249539075882114,0.44987926522918792,0.31519808240876435,6
424,6,"DenseLayer( 128,64 )","biases",0.026306213975993992,0.029703052138332943,0.047403891118175695,0.03262144042753392,6
424,8,"DenseLayer( 64,1 )","all",0.18440150696142607,0.20617035217398283,0.3237845275729701,0.21998449941984125,6
424,8,"DenseLayer( 64,1 )","weights",0.18075117524091922,0.20179149242481254,0.31634507289945119,0.21503416659779265,6
424,8,"DenseLayer( 64,1 )","biases",0.035970740951597691,0.042265916534613653,0.069008804857730865,0.046405680477619171,6
425,0,"Conv2DLayer(1,8,5, stride=5, padding=0)","all",0.21257504737328703,0.23124092508650135,0.32164129423083843,0.28569803181418418,6
425,0,"Conv2DLayer(1,8,5, stride=5, padding=0)","weights",0.20834032356926571,0.22666390561191624,0.31393619242901527,0.28338399333147768,6
425,0,"Conv2DLayer(1,8,5, stride=5, padding=0)","biases",0.04138034801344545,0.045780337783957702,0.069979920246175387,0.036288809652613579,6
425,4,"DenseLayer( 7202,128 )","all",0.11594464292025336,0.11865623444171274,0.14715686369360442,0.11048813747179234,6
425,4,"DenseLayer( 7202,128 )","weights",0.11570668130457701,0.11841154444072297,0.14682920345546596,0.11027718863750348,6
425,4,"DenseLayer( 7202,128 )","biases",0.0074180414915899408,0.0076163058663229893,0.0098146596869915417,0.0068242353560056517,6
425,6,"DenseLayer( 128,64 )","all",0.16662860504101518,0.17415920107495209,0.24075795676839448,0.13424416416477555,6
425,6,"DenseLayer( 128,64 )","weights",0.16584126741003097,0.17331800839607156,0.23947340473351686,0.13382069111975933,6
425,6,"DenseLayer( 128,64 )","biases",0.016048836578333954,0.017096645421978449,0.024837112807839332,0.010654493912390607,6
425,8,"DenseLayer( 64,1 )","all",0.10713686764596075,0.11378976680675811,0.16463459359546734,0.077362014691772216,6
425,8,"DenseLayer( 64,1 )","weights",0.10499540912135952,0.11137054801477075,0.16092990496157891,0.076434610665665564,6
425,8,"DenseLayer( 64,1 )","biases",0.020548060769215226,0.023339067351246804,0.03592623770236969,0.0119428476318717,6
426,0,"Conv2DLayer(1,8,5, stride=5, padding=0)","all",0.10026152688805082,0.12715227215695463,0.26236362447015343,0.039689975481809338,6
426,0,"Conv2DLayer(1,8,5, stride=5, padding=0)","weights",0.097208276490577825,0.12523778804634378,0.26021167309006749,0.033699636523979198,6
426,0,"Conv2DLayer(1,8,5, stride=5, padding=0)","biases",0.020631637108468905,0.02198173696356449,0.033534409682944445,0.020967323431909792,6
426,4,"DenseLayer( 7202,128 )","all",0.091405888799778082,0.094009264182757193,0.11467957207385407,0.099303846849500887,6
426,4,"DenseLayer( 7202,128 )","weights",0.091206042677410948,0.093801871891535923,0.11445407310419779,0.099071467079912018,6
426,4,"DenseLayer( 7202,128 )","biases",0.0060308029626748739,0.0062410401238349508,0.0078743023671464102,0.0067895809696206441,6
426,6,"DenseLayer( 128,64 )","all",0.13048972302913994,0.13538422844783016,0.1822035695569299,0.14258671702498835,6
426,6,"DenseLayer( 128,64 )","weights",0.12977895159137431,0.13463211556987809,0.18109410426986131,0.14170243652727504,6
426,6,"DenseLayer( 128,64 )","biases",0.013520266554479894,0.014250711196050928,0.020076507614214114,0.015855325736095615,6
426,8,"DenseLayer( 64,1 )","all",0.087934790943232838,0.092151298881861132,0.13381512327762154,0.098860186454219123,6
426,8,"DenseLayer( 64,1 )","weights",0.085759254119318784,0.089793650058787908,0.13021253285949605,0.096086803070132495,6
426,8,"DenseLayer( 64,1 )","biases",0.01916488151376446,0.020711404943509742,0.030841263011097908,0.023252155631780624,6
427,0,"Conv2DLayer(1,8,5, stride=5, padding=0)","all",0.082372322666220563,0.087626246508032579,0.11963788956018029,0.09696451834796789,6
427,0,"Conv2DLayer(1,8,5, stride=5, padding=0)","weights",0.079108851338708042,0.084715815056946142,0.11343212205939461,0.095278955811718205,6
427,0,"Conv2DLayer(1,8,5, stride=5, padding=0)","biases",0.020447952727269618,0.022396199595551662,0.03803128059264501,0.018001066576235198,6
427,4,"DenseLayer( 7202,128 )","all",0.09403187090324977,0.10684376584417681,0.18750554658764071,0.1317934808475987,6
427,4,"DenseLayer( 7202,128 )","weights",0.09382592039966367,0.10660060482112058,0.18706181637818411,0.13147956585734777,6
427,4,"DenseLayer( 7202,128 )","biases",0.0062078020236188318,0.0072042592635585085,0.012892123736003765,0.0090909491193011064,6
427,6,"DenseLayer( 128,64 )","all",0.14458390230822141,0.17315300759435123,0.32479043411399172,0.20513803659912952,6
427,6,"DenseLayer( 128,64 )","weights",0.1437925565054527,0.17215441630378178,0.32286279287551761,0.20397493467814276,6
427,6,"DenseLayer( 128,64 )","biases",0.014995381615253536,0.018569356102828533,0.035333313863488966,0.021813759024826591,6
427,8,"DenseLayer( 64,1 )","all",0.10013947484409806,0.12400457437672689,0.23748498881013161,0.14602244166337131,6
427,8,"DenseLayer( 64,1 )","weights",0.09779326160183513,0.1208985579524888,0.23140744290664403,0.14254843383206114,6
427,8,"DenseLayer( 64,1 )","biases",0.02072812457724164,0.027580303685092001,0.053382724523544312,0.031662240624427795,6
428,0,"Conv2DLayer(1,8,5, stride=5, padding=0)","all",0.14648565594862722,0.16622621858566569,0.2838586887185986,0.2838586887185986,6
428,0,"Conv2DLayer(1,8,5, stride=5, padding=0)","weights",0.14435352977518781,0.1642480800489971,0.28012617176356353,0.28012617176356353,6
428,0,"Conv2DLayer(1,8,5, stride=5, padding=0)","biases",0.022394207055589657,0.025568025842988947,0.045881184096890654,0.045881184096890654,6
428,4,"DenseLayer( 7202,128 )","all",0.10871364351146143,0.11030549871210914,0.14453058067724669,0.11293925742422443,6
428,4,"DenseLayer( 7202,128 )","weights",0.10847152771348885,0.11006066709460494,0.14422050188962335,0.11270135293865173,6
428,4,"DenseLayer( 7202,128 )","biases",0.0072480093386042589,0.0073452436867444248,0.009462324535084712,0.0073267259627129398,6
428,6,"DenseLayer( 128,64 )","all",0.16659444808298163,0.1710007847837165,0.24341992288864653,0.1400689197445133,6
428,6,"DenseLayer( 128,64 )","weights",0.1657159751254009,0.1701078416890473,0.24231283132376891,0.13956663883588452,6
428,6,"DenseLayer( 128,64 )","biases",0.01699980326363551,0.017452523959042295,0.02318945094160996,0.011851396645487778,6
428,8,"DenseLayer( 64,1 )","all",0.11469639257561787,0.11902592197490988,0.17726763874211499,0.083611105794314619,6
428,8,"DenseLayer( 64,1 )","weights",0.11199807541876265,0.11628628230066416,0.17415508846999961,0.082542724029520925,6
428,8,"DenseLayer( 64,1 )","biases",0.024421405047178268,0.025390365311818066,0.033072963356971741,0.013323502615094185,6
429,0,"Conv2DLayer(1,8,5, stride=5, padding=0)","all",0.29026542528954202,0.3462826151807688,0.56007788926451407,0.46485746763083352,6
429,0,"Conv2DLayer(1,8,5, stride=5, padding=0)","weights",0.28482562659738447,0.34233001679459885,0.55739382506010615,0.45545460787677128,6
429,0,"Conv2DLayer(1,8,5, stride=5, padding=0)","biases",0.046640606997046218,0.052170961059214538,0.093024541793915769,0.093024541793915769,6
429,4,"DenseLayer( 7202,128 )","all",0.19337170237083104,0.20148771598724646,0.30423062872480727,0.1880405949529656,6
429,4,"DenseLayer( 7202,128 )","weights",0.19296280177449826,0.20105504892460013,0.30348486945571113,0.18767862724670945,6
429,4,"DenseLayer( 7202,128 )","biases",0.012533140987182992,0.013197234395279258,0.021288716864609324,0.011661827689344711,6
429,6,"DenseLayer( 128,64 )","all",0.29433023839171879,0.31491098019711594,0.53190731348144216,0.21206254341461891,6
429,6,"DenseLayer( 128,64 )","weights",0.29294567582267694,0.31330643393448654,0.52858761234618845,0.21140623505668213,6
429,6,"DenseLayer( 128,64 )","biases",0.028086834266635254,0.031749077214363333,0.059334022358178549,0.01667111569859666,6
429,8,"DenseLayer( 64,1 )","all",0.19901955585172071,0.21769459596661542,0.37974288910583492,0.11702818960989957,6
429,8,"DenseLayer( 64,1 )","weights",0.19516045719194924,0.21286895726040272,0.36902844096053738,0.11586574564955442,6
429,8,"DenseLayer( 64,1 )","biases",0.036478430614806712,0.045582278880468036,0.089569367468357086,0.016453757882118225,6
430,0,"Conv2DLayer(1,8,5, stride=5, padding=0)","all",0.19354148673695645,0.21358695601074845,0.34511965650533988,0.12637137500355361,6
430,0,"Conv2DLayer(1,8,5, stride=5, padding=0)","weights",0.18942427824158142,0.21024714236238348,0.34209409011615743,0.12240677024063279,6
430,0,"Conv2DLayer(1,8,5, stride=5, padding=0)","biases",0.036973662351038952,0.037623488758873114,0.045598364158839562,0.031405525302814305,6
430,4,"DenseLayer( 7202,128 )","all",0.21545443618262142,0.23995551904230153,0.34247354470670366,0.10016469350750537,6
430,4,"DenseLayer( 7202,128 )","weights",0.21494716576165124,0.23937192265841506,0.34161904415002753,0.099958871572664101,6
430,4,"DenseLayer( 7202,128 )","biases",0.01475705234698144,0.01672524324708316,0.024177623911296475,0.0064179295237743218,6
430,6,"DenseLayer( 128,64 )","all",0.36123767266695744,0.41519241781905447,0.61524944617271504,0.16448632272185143,6
430,6,"DenseLayer( 128,64 )","weights",0.35918544827497795,0.41271477654537125,0.61141783359931023,0.16364150838738692,6
430,6,"DenseLayer( 128,64 )","biases",0.038305144941015661,0.045290805198589454,0.068557375770654586,0.016649537388703367,6
430,8,"DenseLayer( 64,1 )","all",0.25844672486294162,0.30402431229352384,0.44985554851314341,0.10842367334688824,6
430,8,"DenseLayer( 64,1 )","weights",0.2521017605311564,0.29608000558307501,0.43735756554728011,0.10607519853890668,6
430,8,"DenseLayer( 64,1 )","biases",0.05553868467298647,0.069046453634320604,0.10530135035514832,0.022444268688559532,6
431,0,"Conv2DLayer(1,8,5, stride=5, padding=0)","all",0.16812035909019821,0.18887745747864135,0.31572186326354379,0.14410393984629272,6
431,0,"Conv2DLayer(1,8,5, stride=5, padding=0)","weights",0.16303450103438644,0.18361370122960879,0.30400163751469528,0.14115081233497451,6
431,0,"Conv2DLayer(1,8,5, stride=5, padding=0)","biases",0.037767541101072569,0.044279822316264095,0.085224992408258177,0.029024018612190134,6
431,4,"DenseLayer( 7202,128 )","all",0.22996230325567119,0.28308828431925137,0.43715718773867512,0.074529373186015907,6
431,4,"DenseLayer( 7202,128 )","weights",0.22942058851540084,0.28240717486349659,0.43610859258397466,0.074374901674875968,6
431,4,"DenseLayer( 7202,128 )","biases",0.01575945258166829,0.019625603288453614,0.03026057279715676,0.0047959846072479356,6
431,6,"DenseLayer( 128,64 )","all",0.38549145640667376,0.48523657891487371,0.76731062239718739,0.12113486476829757,6
431,6,"DenseLayer( 128,64 )","weights",0.38324168542352138,0.4823150635727953,0.76277300226679989,0.12061557739169229,6
431,6,"DenseLayer( 128,64 )","biases",0.041499228513590482,0.05316687848445617,0.083324295715305821,0.011204372044091823,6
431,8,"DenseLayer( 64,1 )","all",0.27969949417462103,0.35648627143948658,0.57147846496974841,0.088390218938404277,6
431,8,"DenseLayer( 64,1 )","weights",0.27265177593817275,0.34716333605475025,0.5569201564528995,0.086978636007413693,6
431,8,"DenseLayer( 64,1 )","biases",0.062147295412917934,0.080994319703074608,0.12817010283470154,0.015733648091554642,6
432,0,"Conv2DLayer(1,8,5, stride=5, padding=0)","all",0.26248831388456467,0.30015840965686136,0.45428042756626452,0.11017486450948538,6
432,0,"Conv2DLayer(1,8,5, stride=5, padding=0)","weights",0.258068926035039,0.29574791487849095,0.44946995148900071,0.10479413009752206,6
432,0,"Conv2DLayer(1,8,5, stride=5, padding=0)","biases",0.046258310056847267,0.051266380140995681,0.080426132055211041,0.03401016122847822,6
432,4,"DenseLayer( 7202,128 )","all",0.21080615353343071,0.24099502461144101,0.39369296574796164,0.0929921518829427,6
432,4,"DenseLayer( 7202,128 )","weights",0.21031598902339449,0.24043346708704572,0.39277731184432502,0.0927805216866322,6
432,4,"DenseLayer( 7202,128 )","biases",0.014362612848664238,0.01644231711078379,0.026835323358803786,0.006270176024375778,6
432,6,"DenseLayer( 128,64 )","all",0.36301636624038602,0.42567156075647872,0.70876588601895618,0.12042322495009446,6
432,6,"DenseLayer( 128,64 )","weights",0.36106807247747841,0.4233746026995126,0.70489900087000568,0.11970546627264483,6
432,6,"DenseLayer( 128,64 )","biases",0.037518827470871895,0.044161334059179026,0.073935646049140255,0.013128383443125983,6
432,8,"DenseLayer( 64,1 )","all",0.26201008460086267,0.31086604008545571,0.5226278198834764,0.086947144142276764,6
432,8,"DenseLayer( 64,1 )","weights",0.25619598236996111,0.30391308116916854,0.51067285371878723,0.08448475430547274,6
432,8,"DenseLayer( 64,1 )","biases",0.05465788347646594,0.065379920255951143,0.11114438623189926,0.020545855164527893,6
433,0,"Conv2DLayer(1,8,5, stride=5, padding=0)","all",0.13995852499820183,0.15344967527647391,0.23865788977106489,0.23865788977106489,6
433,0,"Conv2DLayer(1,8,5, stride=5, padding=0)","weights",0.13804560861257326,0.15165044421064444,0.23620488867560752,0.23620488867560752,6
433,0,"Conv2DLayer(1,8,5, stride=5, padding=0)","biases",0.021732748813053579,0.023429588412294207,0.034129736531676086,0.034129736531676086,6
433,4,"DenseLayer( 7202,128 )","all",0.12407693972663382,0.13033762659448159,0.17188962350608003,0.10233089174419485,6
433,4,"DenseLayer( 7202,128 )","weights",0.12378251505152174,0.13002550006041982,0.17146985226638109,0.10212446987533366,6
433,4,"DenseLayer( 7202,128 )","biases",0.0085361506226112951,0.0090147789945332277,0.012005516765528509,0.0064964650267812446,6
433,6,"DenseLayer( 128,64 )","all",0.20843509888006678,0.22404362822781596,0.31211572729770715,0.12345298789160948,6
433,6,"DenseLayer( 128,64 )","weights",0.20727730725761381,0.22276912154730208,0.31022226137179865,0.12305679686954907,6
433,6,"DenseLayer( 128,64 )","biases",0.021865309855316026,0.023863483285705988,0.034327478438477783,0.0098825585539584777,6
433,8,"DenseLayer( 64,1 )","all",0.1533867170369318,0.16540115166379205,0.22490035557682034,0.083899528867008369,6
433,8,"DenseLayer( 64,1 )","weights",0.14987898191710819,0.16150220329147599,0.21907514608738515,0.083186523816943719,6
433,8,"DenseLayer( 64,1 )","biases",0.032342878946413599,0.035701250730296515,0.050855189561843872,0.010914815589785576,6
434,0,"Conv2DLayer(1,8,5, stride=5, padding=0)","all",0.25303044683337717,0.29901594045847946,0.4191701396883154,0.38831264431826129,6
434,0,"Conv2DLayer(1,8,5, stride=5, padding=0)","weights",0.24967352203772433,0.29553676558697262,0.41320964099988738,0.38526100595904006,6
434,0,"Conv2DLayer(1,8,5, stride=5, padding=0)","biases",0.039960690980695296,0.045481346007564004,0.070437196076121686,0.04858669596575841,6
434,4,"DenseLayer( 7202,128 )","all",0.10927150470028893,0.11844485855367964,0.17314762076592266,0.14835747469229668,6
434,4,"DenseLayer( 7202,128 )","weights",0.10904166291047226,0.11819729373651096,0.17279156390822403,0.14802587585670443,6
434,4,"DenseLayer( 7202,128 )","biases",0.0070793405995653409,0.00765403626631889,0.011098379118136882,0.009913645844540327,6
434,6,"DenseLayer( 128,64 )","all",0.14839478128686356,0.15933884471750095,0.22014479355187508,0.19909244785476943,6
434,6,"DenseLayer( 128,64 )","weights",0.14770684172565843,0.15862334390707772,0.21903726299601609,0.19812907948210859,6
434,6,"DenseLayer( 128,64 )","biases",0.014110943564019774,0.015083176178936172,0.022054649106521364,0.019561969644603078,6
434,8,"DenseLayer( 64,1 )","all",0.093889179661091809,0.10069708653013154,0.14325394622209361,0.12303241969796277,6
434,8,"DenseLayer( 64,1 )","weights",0.091990661711124022,0.098644302650268162,0.13906373380295603,0.12021997161749003,6
434,8,"DenseLayer( 64,1 )","biases",0.017383577457318704,0.020228810896814921,0.034394346177577972,0.026155969128012657,6
435,0,"Conv2DLayer(1,8,5, stride=5, padding=0)","all",0.30450331837205014,0.3353335782258563,0.52938688403781797,0.37217829768959743,6
435,0,"Conv2DLayer(1,8,5, stride=5, padding=0)","weights",0.29949539063340008,0.33116082827134508,0.52264133031519444,0.3700645919136008,6
435,0,"Conv2DLayer(1,8,5, stride=5, padding=0)","biases",0.049878273218978808,0.05273627313712223,0.084240802688685362,0.039609128782979938,6
435,4,"DenseLayer( 7202,128 )","all",0.12635102477271751,0.12958837068273227,0.1649474859251126,0.14923888802555005,6
435,4,"DenseLayer( 7202,128 )","weights",0.12610361573639361,0.1293359331239865,0.16464612466772841,0.14895821458756392,6
435,4,"DenseLayer( 7202,128 )","biases",0.0079006221300027026,0.0080846904178773146,0.0099662803951153043,0.0091485521252228971,6
435,6,"DenseLayer( 128,64 )","all",0.1712516982713814,0.17540861252240056,0.24304149392425739,0.16728353168286594,6
435,6,"DenseLayer( 128,64 )","weights",0.17063450953906129,0.17479601104637552,0.24241093322905768,0.16688693059770263,6
435,6,"DenseLayer( 128,64 )","biases",0.014355925433687397,0.014647043022707057,0.017495920094472952,0.011512270322138977,6
435,8,"DenseLayer( 64,1 )","all",0.10374900532033315,0.10629931702509215,0.14076616453758423,0.094888627991446858,6
435,8,"DenseLayer( 64,1 )","weights",0.10263763398333492,0.10518506804029699,0.14069630078074039,0.094612432591214768,6
435,8,"DenseLayer( 64,1 )","biases",0.012795960064977407,0.015350773966127582,0.023371811956167221,0.0072345919907093048,6
436,0,"Conv2DLayer(1,8,5, stride=5, padding=0)","all",0.21566435710075332,0.23872281985816743,0.34987578382644485,0.1237323606217015,6
436,0,"Conv2DLayer(1,8,5, stride=5, padding=0)","weights",0.21252623815552318,0.23538979927428438,0.34657001017735306,0.12000001370056056,6
436,0,"Conv2DLayer(1,8,5, stride=5, padding=0)","biases",0.035440996032406545,0.039752070620876746,0.067395404423398336,0.030161130232205555,6
436,4,"DenseLayer( 7202,128 )","all",0.13707932658267449,0.14838672680067425,0.20947704206731524,0.057625441670794815,6
436,4,"DenseLayer( 7202,128 )","weights",0.13675576379285906,0.14803402186425077,0.20897993185585378,0.057505285829550598,6
436,4,"DenseLayer( 7202,128 )","biases",0.0094077975285339482,0.010224923535775874,0.014422871932956586,0.0037193587371834257,6
436,6,"DenseLayer( 128,64 )","all",0.21074455730769626,0.23368937482977592,0.35333151537325314,0.08626122119364267,6
436,6,"DenseLayer( 128,64 )","weights",0.20951883417461098,0.23231338152141981,0.35103042793066908,0.085798489181605778,6
436,6,"DenseLayer( 128,64 )","biases",0.022639279944979607,0.025322256503217587,0.040259140859819076,0.0089228659057740186,6
436,8,"DenseLayer( 64,1 )","all",0.14512341259932215,0.16378066923974072,0.25873555615613991,0.061373793987128243,6
436,8,"DenseLayer( 64,1 )","weights",0.14133885805182025,0.15941224474661903,0.25079847727940968,0.060044007547864889,6
436,8,"DenseLayer( 64,1 )","biases",0.032676019861052431,0.037574510528566932,0.063594117760658264,0.012706681154668331,6
437,0,"Conv2DLayer(1,8,5, stride=5, padding=0)","all",0.27264335943562701,0.31422310671754405,0.45022574559982936,0.1712401205304121,6
437,0,"Conv2DLayer(1,8,5, stride=5, padding=0)","weights",0.26900284291061305,0.31115637149757935,0.44799857167160417,0.1703238725117017,6
437,0,"Conv2DLayer(1,8,5, stride=5, padding=0)","biases",0.039932534906729433,0.043793530020831722,0.062442947404149539,0.017690600099704117,6
437,4,"DenseLayer( 7202,128 )","all",0.17618484039980395,0.18335588892814469,0.26345497639764331,0.26345497639764331,6
437,4,"DenseLayer( 7202,128 )","weights",0.17577605748256309,0.1829211565328199,0.26274268969706882,0.26274268969706882,6
437,4,"DenseLayer( 7202,128 )","biases",0.011963744041580699,0.012618735963864374,0.019359845026047401,0.019359845026047401,6
437,6,"DenseLayer( 128,64 )","all",0.27584639692763641,0.29146684682526575,0.44245705464507745,0.44245705464507745,6
437,6,"DenseLayer( 128,64 )","weights",0.27440681404349188,0.2898761804471065,0.43953331940258294,0.43953331940258294,6
437,6,"DenseLayer( 128,64 )","biases",0.027897836089428092,0.030409255296035876,0.050780964348307291,0.050780964348307291,6
437,8,"DenseLayer( 64,1 )","all",0.19155740771430332,0.20485080958169763,0.32279928628984011,0.32279928628984011,6
437,8,"DenseLayer( 64,1 )","weights",0.18740089580645419,0.20005001795895663,0.31315543422263931,0.31315543422263931,6
437,8,"DenseLayer( 64,1 )","biases",0.038670930856217943,0.044089051939206793,0.078313812613487244,0.078313812613487244,6
438,0,"Conv2DLayer(1,8,5, stride=5, padding=0)","all",0.23023840549288804,0.25084053799396605,0.34240028684680446,0.34240028684680446,6
438,0,"Conv2DLayer(1,8,5, stride=5, padding=0)","weights",0.22787253740487823,0.24830781178049355,0.33883776958402795,0.33883776958402795,6
438,0,"Conv2DLayer(1,8,5, stride=5, padding=0)","biases",0.032378226331361469,0.035555676197835187,0.049263803508206284,0.049263803508206284,6
438,4,"DenseLayer( 7202,128 )","all",0.19282697019711226,0.20218283112650978,0.282453904072408,0.22954238820678752,6
438,4,"DenseLayer( 7202,128 )","weights",0.19233625119345063,0.20166815321652487,0.28174638657540246,0.22894766210190504,6
438,4,"DenseLayer( 7202,128 )","biases",0.013746611419295141,0.014417114155302415,0.019979528959635801,0.016512904097930603,6
438,6,"DenseLayer( 128,64 )","all",0.32697240742863659,0.34269672831196379,0.48455343840669868,0.38093746329960726,6
438,6,"DenseLayer( 128,64 )","weights",0.32488148265565164,0.3405051738383475,0.48146964177469126,0.37844644568907171,6
438,6,"DenseLayer( 128,64 )","biases",0.036910153868956783,0.038694627340765023,0.054580387696541888,0.043492972885836582,6
438,8,"DenseLayer( 64,1 )","all",0.23397390309898708,0.24559361116118147,0.34807665042593089,0.27262136637584494,6
438,8,"DenseLayer( 64,1 )","weights",0.22702370517745288,0.2382929295257761,0.33778420823983096,0.26395241190695246,6
438,8,"DenseLayer( 64,1 )","biases",0.056559800170361996,0.059436534061241421,0.084018945693969727,0.068202152848243713,6
439,0,"Conv2DLayer(1,8,5, stride=5, padding=0)","all",0.10052516456690261,0.10840998816016367,0.18990974222181983,0.18990974222181983,6
439,0,"Conv2DLayer(1,8,5, stride=5, padding=0)","weights",0.097085893296234529,0.10559102016351039,0.18857926131294378,0.18857926131294378,6
439,0,"Conv2DLayer(1,8,5, stride=5, padding=0)","biases",0.023069456080154632,0.024561392340744188,0.040487452791021665,0.022440418744366482,6
439,4,"DenseLayer( 7202,128 )","all",0.18372211836788765,0.19582747322450508,0.26984600393357699,0.086105942015060222,6
439,4,"DenseLayer( 7202,128 )","weights",0.18323814117846682,0.1953127699198336,0.26913183501592453,0.085892466776182078,6
439,4,"DenseLayer( 7202,128 )","biases",0.013323620128452549,0.014188769352427846,0.019619409264328265,0.0060594885430515265,6
439,6,"DenseLayer( 128,64 )","all",0.31627213552437861,0.34112224287957665,0.48579845896816237,0.13070400336993485,6
439,6,"DenseLayer( 128,64 )","weights",0.31422900850936897,0.33892054861295445,0.48269128109861398,0.12992559107128285,6
439,6,"DenseLayer( 128,64 )","biases",0.035886714019399538,0.038694267212170522,0.054856812587135879,0.01424349962985668,6
439,8,"DenseLayer( 64,1 )","all",0.23368070314879741,0.25298450295670349,0.35708548051372668,0.087267877727389823,6
439,8,"DenseLayer( 64,1 )","weights",0.22704603197100182,0.24585136316349146,0.34708798520103518,0.084752192587712299,6
439,8,"DenseLayer( 64,1 )","biases",0.055281407820681729,0.059651202560412488,0.083904534578323364,0.020802604034543037,6
440,0,"Conv2DLayer(1,8,5, stride=5, padding=0)","all",0.12559059848400461,0.15657237722783326,0.30190336714638388,0.066408487084204812,6
440,0,"Conv2DLayer(1,8,5, stride=5, padding=0)","weights",0.12420257008871627,0.15524036350190742,0.30068988872688968,0.065826875457774492,6
440,0,"Conv2DLayer(1,8,5, stride=5, padding=0)","biases",0.017375317171567303,0.020379863850638721,0.036192756355791042,0.0087698132408646056,6
440,4,"DenseLayer( 7202,128 )","all",0.10037178658579715,0.10932533343389741,0.19203143067360764,0.075636465281101725,6
440,4,"DenseLayer( 7202,128 )","weights",0.10012909690507832,0.10905101257013668,0.19149807312229331,0.075461940194259919,6
440,4,"DenseLayer( 7202,128 )","biases",0.0069614829531472041,0.0077398441754819806,0.014302389905235899,0.0051352178471068925,6
440,6,"DenseLayer( 128,64 )","all",0.14972427321208087,0.17169650986844662,0.33274138645465606,0.11095476292711366,6
440,6,"DenseLayer( 128,64 )","weights",0.14881597081919787,0.17062689625595159,0.33052683214739637,0.11018363687882578,6
440,6,"DenseLayer( 128,64 )","biases",0.01638980967444419,0.01913514502339389,0.0383254940003862,0.013058544343343236,6
440,8,"DenseLayer( 64,1 )","all",0.098592820719094948,0.11935218369817621,0.24755291105364319,0.065367877818071754,6
440,8,"DenseLayer( 64,1 )","weights",0.095745923192746274,0.11587599005617111,0.24012093522865449,0.062736560331848532,6
440,8,"DenseLayer( 64,1 )","biases",0.023315492862214644,0.028595431139000746,0.06020282581448555,0.018359832465648651,6
441,0,"Conv2DLayer(1,8,5, stride=5, padding=0)","all",0.19065968283152146,0.20106343210160638,0.27653425933173981,0.1800376767529992,6
441,0,"Conv2DLayer(1,8,5, stride=5, padding=0)","weights",0.18884780738814355,0.19923147061394972,0.27582862183647822,0.17867892546616387,6
441,0,"Conv2DLayer(1,8,5, stride=5, padding=0)","biases",0.025009013623054771,0.027079971297624589,0.041094812844718991,0.022077287987306817,6
441,4,"DenseLayer( 7202,128 )","all",0.083305435400504002,0.086424741154288262,0.11962195835319463,0.080171819290100116,6
441,4,"DenseLayer( 7202,128 )","weights",0.083130793870619266,0.086244894638501587,0.11938723251521255,0.08001303185508668,6
441,4,"DenseLayer( 7202,128 )","biases",0.0053881663986848427,0.0055726145012452545,0.0074901023098491292,0.0050433462741866228,6
441,6,"DenseLayer( 128,64 )","all",0.12170877667352893,0.12595810899785656,0.15461825716781114,0.12554997246246402,6
441,6,"DenseLayer( 128,64 )","weights",0.12116822066399624,0.12541466590562941,0.15405779714581425,0.12496282790006924,6
441,6,"DenseLayer( 128,64 )","biases",0.011395251261935262,0.011687891088441441,0.013875304933352475,0.012127952363987494,6
441,8,"DenseLayer( 64,1 )","all",0.079307931241971372,0.081916947945848945,0.095951442717318106,0.083261581774607948,6
441,8,"DenseLayer( 64,1 )","weights",0.078034910164509308,0.080677667929114794,0.094298496563556031,0.081900780489905844,6
441,8,"DenseLayer( 64,1 )","biases",0.013660265753666559,0.01419507866418526,0.017733383923768997,0.014991769567131996,6
442,0,"Conv2DLayer(1,8,5, stride=5, padding=0)","all",0.26019992555440824,0.27068764954612251,0.38787102303207455,0.38787102303207455,6
442,0,"Conv2DLayer(1,8,5, stride=5, padding=0)","weights",0.25713483068589116,0.26758432823053541,0.38385681379480757,0.38385681379480757,6
442,0,"Conv2DLayer(1,8,5, stride=5, padding=0)","biases",0.037843317491233132,0.040870905326620188,0.055658575361273242,0.055658575361273242,6
442,4,"DenseLayer( 7202,128 )","all",0.11692122821128581,0.12018541577340015,0.16288115548484994,0.16288115548484994,6
442,4,"DenseLayer( 7202,128 )","weights",0.11668530150428688,0.11994165486161842,0.16256022170133178,0.16256022170133178,6
442,4,"DenseLayer( 7202,128 )","biases",0.0074200367130504066,0.0076507250428614242,0.010219840140321557,0.010219840140321557,6
442,6,"DenseLayer( 128,64 )","all",0.16762344067584356,0.1713843889129251,0.22968423181463221,0.22968423181463221,6
442,6,"DenseLayer( 128,64 )","weights",0.16694908841781578,0.17069045765094865,0.22885034412836386,0.22885034412836386,6
442,6,"DenseLayer( 128,64 )","biases",0.014955522545389222,0.015407025344513305,0.019561278303901367,0.019554189745605677,6
442,8,"DenseLayer( 64,1 )","all",0.11202282533476612,0.11488065493939253,0.14557291745258763,0.14557291745258763,6
442,8,"DenseLayer( 64,1 )","weights",0.11040660452474942,0.11314863389850212,0.1439881802326447,0.1439881802326447,6
442,8,"DenseLayer( 64,1 )","biases",0.017924367333762348,0.019873387386314195,0.029056234285235405,0.021421443670988083,6
443,0,"Conv2DLayer(1,8,5, stride=5, padding=0)","all",0.16553353154091205,0.19312396850576397,0.36713183346011369,0.13966415482840627,6
443,0,"Conv2DLayer(1,8,5, stride=5, padding=0)","weights",0.16288763325623185,0.19028901920001573,0.36247210226839444,0.13894284369178098,6
443,0,"Conv2DLayer(1,8,5, stride=5, padding=0)","biases",0.028001131463249434,0.032969021570428164,0.058307445638745188,0.014176118325351183,6
443,4,"DenseLayer( 7202,128 )","all",0.17139649090657175,0.17317153604479632,0.20112064866185539,0.18912020356042183,6
443,4,"DenseLayer( 7202,128 )","weights",0.17096948261269604,0.17274075638956271,0.20058098200657346,0.18867847180218875,6
443,4,"DenseLayer( 7202,128 )","biases",0.012085665123557358,0.012207046246981573,0.014723619644779628,0.012918423786439977,6
443,6,"DenseLayer( 128,64 )","all",0.2927198926443022,0.29576746305905266,0.35495221419668493,0.32344999361933502,6
443,6,"DenseLayer( 128,64 )","weights",0.29099315134342685,0.29402007208737585,0.35265334660777603,0.3215654057438419,6
443,6,"DenseLayer( 128,64 )","biases",0.03168045941287112,0.032102794490859739,0.040332263629321019,0.034865286477328422,6
443,8,"DenseLayer( 64,1 )","all",0.21136834542775759,0.21357508801791805,0.25685769296674404,0.23756832815053708,6
443,8,"DenseLayer( 64,1 )","weights",0.20607828872497658,0.20820411060609867,0.24936597244814107,0.23155665484684651,6
443,8,"DenseLayer( 64,1 )","biases",0.046674516672889389,0.047595866927548226,0.06158316507935524,0.053105801343917847,6
444,0,"Conv2DLayer(1,8,5, stride=5, padding=0)","all",0.36204530889933784,0.38489006063644488,0.53122260419213774,0.53122260419213774,6
444,0,"Conv2DLayer(1,8,5, stride=5, padding=0)","weights",0.35791578269012148,0.38038273307043063,0.52513304785338155,0.52513304785338155,6
444,0,"Conv2DLayer(1,8,5, stride=5, padding=0)","biases",0.05331151103930528,0.058731040843796586,0.08941177161304914,0.080204346870320506,6
444,4,"DenseLayer( 7202,128 )","all",0.17874134645145637,0.18022672551176971,0.20672530863197874,0.18478244965278476,6
444,4,"DenseLayer( 7202,128 )","weights",0.1783037685353159,0.17978311574410547,0.2062087153156146,0.18437963611814587,6
444,4,"DenseLayer( 7202,128 )","biases",0.012486206974633278,0.012637400129629757,0.014605442713957277,0.012194403824051762,6
444,6,"DenseLayer( 128,64 )","all",0.27843485298986992,0.28193226621337558,0.32861047101209206,0.2697603245840805,6
444,6,"DenseLayer( 128,64 )","weights",0.27683656033144227,0.28029410306425151,0.32657940942398689,0.26849432832325326,6
444,6,"DenseLayer( 128,64 )","biases",0.029721169544806386,0.030348286930507944,0.036479185833416396,0.02610418315047509,6
444,8,"DenseLayer( 64,1 )","all",0.1853657078706942,0.19032242240497849,0.24457313063313527,0.16770055702980333,6
444,8,"DenseLayer( 64,1 )","weights",0.18034803546522918,0.18510778343944997,0.23786975763749232,0.16421766266384022,6
444,8,"DenseLayer( 64,1 )","biases",0.042644995264708996,0.044246276456135145,0.056868221610784531,0.03400053083896637,6
445,0,"Conv2DLayer(1,8,5, stride=5, padding=0)","all",0.42956183463792263,0.49559489993717143,0.80981751099702626,0.39973962078150432,6
445,0,"Conv2DLayer(1,8,5, stride=5, padding=0)","weights",0.4263462805407694,0.49175428511987962,0.80095256274116777,0.39638880244360458,6
445,0,"Conv2DLayer(1,8,5, stride=5, padding=0)","biases",0.050683588172549178,0.061579443891376137,0.11949641566078255,0.051649605224685757,6
445,4,"DenseLayer( 7202,128 )","all",0.17140306404448002,0.18824605535367003,0.28951891717703654,0.13789016019896538,6
445,4,"DenseLayer( 7202,128 )","weights",0.17104024440047577,0.18785063990745726,0.28892039644798878,0.13761840118182034,6
445,4,"DenseLayer( 7202,128 )","biases",0.011138485330522979,0.012194853118255283,0.018606663314541517,0.0086528570920760828,6
445,6,"DenseLayer( 128,64 )","all",0.22965734301368793,0.24887226025027043,0.35636184609752708,0.18724666859569172,6
445,6,"DenseLayer( 128,64 )","weights",0.22877225454800607,0.24792401803374825,0.35509736475007209,0.18669286272642366,6
445,6,"DenseLayer( 128,64 )","biases",0.019937981168897945,0.021704451250377024,0.029993781048607445,0.014390618721845848,6
445,8,"DenseLayer( 64,1 )","all",0.14735503239795605,0.15770327964403838,0.19983941359229609,0.11045295880656765,6
445,8,"DenseLayer( 64,1 )","weights",0.14532930582760759,0.15543659064722914,0.19733447827730705,0.1104529562508885,6
445,8,"DenseLayer( 64,1 )","biases",0.022025000337634992,0.026641897425886994,0.042212117463350296,2.3760569092701189e-05,6
446,0,"Conv2DLayer(1,8,5, stride=5, padding=0)","all",0.53681981678539659,0.58193904109941264,0.85390634305333701,0.6285420477243695,6
446,0,"Conv2DLayer(1,8,5, stride=5, padding=0)","weights",0.53213807544173852,0.57661459376620217,0.84429075631532657,0.62310295406969551,6
446,0,"Conv2DLayer(1,8,5, stride=5, padding=0)","biases",0.070023953959021168,0.078540803481639776,0.12778560759028038,0.082509480589581755,6
446,4,"DenseLayer( 7202,128 )","all",0.17981168539305767,0.19541682260968321,0.30841789964422384,0.20447494860298698,6
446,4,"DenseLayer( 7202,128 )","weights",0.17943610121256742,0.19499615676901616,0.30767440900946569,0.20405818931616374,6
446,4,"DenseLayer( 7202,128 )","biases",0.011601297757219542,0.012815358136925544,0.021402309726535295,0.013048370748980704,6
446,6,"DenseLayer( 128,64 )","all",0.25453155888688517,0.27714276347801003,0.43280007215928296,0.28787878968796676,6
446,6,"DenseLayer( 128,64 )","weights",0.25355147221540414,0.27597877258293718,0.43037257966451609,0.28691104970372744,6
446,6,"DenseLayer( 128,64 )","biases",0.022037679245125362,0.025373774489493382,0.045774940021701023,0.023584891564597775,6
446,8,"DenseLayer( 64,1 )","all",0.15482731109058628,0.16868066615893421,0.25321838722344542,0.18821577258715869,6
446,8,"DenseLayer( 64,1 )","weights",0.15267385172143874,0.16588402905374844,0.24602295389149842,0.18599852453973917,6
446,8,"DenseLayer( 64,1 )","biases",0.023438558680936694,0.030588495234596894,0.059935446828603745,0.028804963454604149,6
447,0,"Conv2DLayer(1,8,5, stride=5, padding=0)","all",0.34342619479965802,0.42316522659994038,0.8570542374164154,0.20756713168464735,6
447,0,"Conv2DLayer(1,8,5, stride=5, padding=0)","weights",0.33933027492537571,0.4182676129285216,0.8461865583706355,0.2057807409753877,6
447,0,"Conv2DLayer(1,8,5, stride=5, padding=0)","biases",0.051037867175401763,0.064195116468897806,0.13605246894596348,0.027173531228239886,6
447,4,"DenseLayer( 7202,128 )","all",0.22952935557726256,0.23723967050922748,0.33220891427578142,0.16484059108913762,6
447,4,"DenseLayer( 7202,128 )","weights",0.22895761933157233,0.236649559509686,0.33144943310403924,0.16443043931794879,6
447,4,"DenseLayer( 7202,128 )","biases",0.016180500715916677,0.016722656702761532,0.022450746519982353,0.011621148666230917,6
447,6,"DenseLayer( 128,64 )","all",0.37641472435978196,0.38426091100821813,0.49528294515916477,0.29938745948739892,6
447,6,"DenseLayer( 128,64 )","weights",0.37418719708457066,0.38198429855451538,0.49194958537578681,0.2974492038233153,6
447,6,"DenseLayer( 128,64 )","biases",0.040834905098192473,0.041766534290992072,0.057365505437742242,0.034012086722145923,6
447,8,"DenseLayer( 64,1 )","all",0.26436623882402965,0.27004627901696437,0.35599281190341697,0.21478880919271226,6
447,8,"DenseLayer( 64,1 )","weights",0.25730098207999075,0.26280698611749287,0.34519657149521349,0.20822936222537131,6
447,8,"DenseLayer( 64,1 )","biases",0.060608479504783951,0.062108621452646014,0.087006948888301849,0.052676040679216385,6
448,0,"Conv2DLayer(1,8,5, stride=5, padding=0)","all",0.27058563856059231,0.29516747180733305,0.43121227300779064,0.113787530411778,6
448,0,"Conv2DLayer(1,8,5, stride=5, padding=0)","weights",0.2646558038584757,0.28984082477283291,0.42264307335279061,0.10312668950450338,6
448,0,"Conv2DLayer(1,8,5, stride=5, padding=0)","biases",0.051111575224162001,0.055822331625763513,0.085538628346805923,0.048088335270136513,6
448,4,"DenseLayer( 7202,128 )","all",0.18483133412130928,0.2031577398250444,0.31467839494853866,0.10227589956575103,6
448,4,"DenseLayer( 7202,128 )","weights",0.18436040419885474,0.20262731234850562,0.31382049251748417,0.102057429894109,6
448,4,"DenseLayer( 7202,128 )","biases",0.013174924862888328,0.014671044313257822,0.02322048068994545,0.0066813647851781477,6
448,6,"DenseLayer( 128,64 )","all",0.30976226438757065,0.34495953351175707,0.52855440828362532,0.1441431774954452,6
448,6,"DenseLayer( 128,64 )","weights",0.30778968680391605,0.34272698392761347,0.52508312655268263,0.14329478649528868,6
448,6,"DenseLayer( 128,64 )","biases",0.03486452631397486,0.039182831042823128,0.06047704296435729,0.015616010430101745,6
448,8,"DenseLayer( 64,1 )","all",0.22187620750089893,0.24731358290988073,0.37338224713950985,0.10166198413324022,6
448,8,"DenseLayer( 64,1 )","weights",0.21533079676951469,0.23989656784357191,0.36208937449864409,0.098961633951068648,6
448,8,"DenseLayer( 64,1 )","biases",0.053339606150984764,0.060113601028360879,0.091134995222091675,0.023275610059499741,6
449,0,"Conv2DLayer(1,8,5, stride=5, padding=0)","all",0.22294350994063913,0.23145619674909459,0.3256914308693149,0.22624375675221053,6
449,0,"Conv2DLayer(1,8,5, stride=5, padding=0)","weights",0.2195845393919279,0.22888933803569006,0.32450745027533295,0.22249305218233756,6
449,0,"Conv2DLayer(1,8,5, stride=5, padding=0)","biases",0.033056212098192941,0.03437501923111002,0.046629847422507552,0.041025348261057082,6
449,4,"DenseLayer( 7202,128 )","all",0.12255655853770608,0.12435405925721979,0.14817708101293567,0.14484960181036619,6
449,4,"DenseLayer( 7202,128 )","weights",0.12225472718901656,0.1240452632390464,0.14780186842489548,0.14444594716593173,6
449,4,"DenseLayer( 7202,128 )","biases",0.0085899474011678443,0.0087581231838686109,0.010806270955260244,0.010806270955260244,6
449,6,"DenseLayer( 128,64 )","all",0.18951722650037917,0.19439564962567582,0.25403451203331534,0.24041252945533514,6
449,6,"DenseLayer( 128,64 )","weights",0.18842112285681456,0.19323851590696831,0.25237738185966357,0.23874859391225586,6
449,6,"DenseLayer( 128,64 )","biases",0.020233976088041582,0.021178870684266535,0.028968783710508237,0.028236381213482886,6
449,8,"DenseLayer( 64,1 )","all",0.13430672445628847,0.13796233646890163,0.18328580517730259,0.17251724764469809,6
449,8,"DenseLayer( 64,1 )","weights",0.13084270367910822,0.13424466061112042,0.17758595260347323,0.16720366552478957,6
449,8,"DenseLayer( 64,1 )","biases",0.029824933502823114,0.031811591933814339,0.045353233814239502,0.042486879974603653,6
450,0,"Conv2DLayer(1,8,5, stride=5, padding=0)","all",0.14796263169708895,0.16532661938630475,0.26931758853967003,0.10522261851910944,6
450,0,"Conv2DLayer(1,8,5, stride=5, padding=0)","weights",0.14389163010812975,0.16197497527513399,0.26512835616134039,0.10435087036392707,6
450,0,"Conv2DLayer(1,8,5, stride=5, padding=0)","biases",0.031521269633047987,0.03312096711033384,0.047317208878044012,0.013516482616010699,6
450,4,"DenseLayer( 7202,128 )","all",0.11970079409019009,0.13028672408837053,0.20740231945931231,0.11086429727310469,6
450,4,"DenseLayer( 7202,128 )","weights",0.11940577200156278,0.1299507706270436,0.20682240269103697,0.11059363319740746,6
450,4,"DenseLayer( 7202,128 )","biases",0.008380207737810107,0.0093502773818048036,0.015498898741819983,0.0077421383387681958,6
450,6,"DenseLayer( 128,64 )","all",0.18789830191062343,0.21826346356481341,0.36670950231718347,0.18145075664717589,6
450,6,"DenseLayer( 128,64 )","weights",0.18681770622831778,0.21690199635602428,0.36419464614295721,0.18044572862846625,6
450,6,"DenseLayer( 128,64 )","biases",0.019967150666434695,0.024340573207709361,0.042873287843628184,0.019071342573992008,6
450,8,"DenseLayer( 64,1 )","all",0.12968678621755469,0.15587597680542251,0.27130701217199699,0.12766961538034807,6
450,8,"DenseLayer( 64,1 )","weights",0.12657686400702317,0.15166958637380426,0.26323900531469757,0.12478109321941964,6
450,8,"DenseLayer( 64,1 )","biases",0.027761237385372322,0.035967439639815205,0.06567130982875824,0.027003878727555275,6
451,0,"Conv2DLayer(1,8,5, stride=5, padding=0)","all",0.30363484156780252,0.34126846895901075,0.44824373864961892,0.31691957061767606,6
451,0,"Conv2DLayer(1,8,5, stride=5, padding=0)","weights",0.29860502201929923,0.33622314534793918,0.44304106922001013,0.31430303465558102,6
451,0,"Conv2DLayer(1,8,5, stride=5, padding=0)","biases",0.05205088750225894,0.058465070238270071,0.08660786195084258,0.040640086697555138,6
451,4,"DenseLayer( 7202,128 )","all",0.16340096541745164,0.17403098206553519,0.21999628336215807,0.21999628336215807,6
451,4,"DenseLayer( 7202,128 )","weights",0.16301006218579681,0.17361164983258789,0.21946930622612304,0.21946930622612304,6
451,4,"DenseLayer( 7202,128 )","biases",0.011293344458195733,0.012073846160255313,0.015218026080513435,0.015218026080513435,6
451,6,"DenseLayer( 128,64 )","all",0.27615671220490967,0.30009070222244572,0.39199083776514204,0.39199083776514204,6
451,6,"DenseLayer( 128,64 )","weights",0.27472561100079373,0.29854186329407345,0.39000213088582736,0.39000213088582736,6
451,6,"DenseLayer( 128,64 )","biases",0.028052469521766845,0.030449719559683293,0.039435451009617074,0.039435451009617074,6
451,8,"DenseLayer( 64,1 )","all",0.19994906627036602,0.2198075010852957,0.30075568223124904,0.30075568223124904,6
451,8,"DenseLayer( 64,1 )","weights",0.19591104965247619,0.21542601607681083,0.29477495785325991,0.29477495785325991,6
451,8,"DenseLayer( 64,1 )","biases",0.039871659129858017,0.043668857674960072,0.059680018573999405,0.059680018573999405,6
452,0,"Conv2DLayer(1,8,5, stride=5, padding=0)","all",0.41971682051764081,0.48083669190522915,0.8424930008534941,0.27529628483325597,6
452,0,"Conv2DLayer(1,8,5, stride=5, padding=0)","weights",0.41511232386346503,0.47597010589897581,0.83747849373912764,0.26994564021735667,6
452,0,"Conv2DLayer(1,8,5, stride=5, padding=0)","biases",0.05942827848619138,0.068237691731784247,0.10081128505899725,0.054012922256017698,6
452,4,"DenseLayer( 7202,128 )","all",0.26016217457788005,0.27632756011528431,0.3892132500503187,0.29030320685300554,6
452,4,"DenseLayer( 7202,128 )","weights",0.25952185194730226,0.27565044527916427,0.38828285209257518,0.2894564274267562,6
452,4,"DenseLayer( 7202,128 )","biases",0.018200000871367632,0.019332679500383053,0.026895739171610287,0.022156907060281818,6
452,6,"DenseLayer( 128,64 )","all",0.43525161997067341,0.45956960324788909,0.62499250184350319,0.50370314757127288,6
452,6,"DenseLayer( 128,64 )","weights",0.43285081352127863,0.45701331819358898,0.62149488243685291,0.50038178437490333,6
452,6,"DenseLayer( 128,64 )","biases",0.045262059877605954,0.048405033034877407,0.066028315633549828,0.057748859200813039,6
452,8,"DenseLayer( 64,1 )","all",0.30745876661678401,0.32504066333467591,0.4370333130036419,0.37586436159985542,6
452,8,"DenseLayer( 64,1 )","weights",0.3004130753050232,0.31748181893646088,0.4269407893378146,0.36526426005231322,6
452,8,"DenseLayer( 64,1 )","biases",0.06412086232254903,0.069690225037966222,0.093379221856594086,0.088634297251701355,6
453,0,"Conv2DLayer(1,8,5, stride=5, padding=0)","all",0.20693798137886349,0.21899478660092286,0.29087436505023789,0.17955743621189765,6
453,0,"Conv2DLayer(1,8,5, stride=5, padding=0)","weights",0.20423550637281387,0.21630082521957045,0.28704287771539572,0.179240418899444,6
453,0,"Conv2DLayer(1,8,5, stride=5, padding=0)","biases",0.030290214474394707,0.034244263281848861,0.04705616427465617,0.01066513627393173,6
453,4,"DenseLayer( 7202,128 )","all",0.13915718659776577,0.14118955870082681,0.1662829658940953,0.11571140020472007,6
453,4,"DenseLayer( 7202,128 )","weights",0.13879188087602168,0.14081487165002821,0.1658128507086028,0.11547013473511922,6
453,4,"DenseLayer( 7202,128 )","biases",0.010064965572855016,0.010279270806837033,0.012494930428916275,0.0074683412877495177,6
453,6,"DenseLayer( 128,64 )","all",0.21563562940194711,0.22308404937911269,0.2903105466441947,0.11090292561299697,6
453,6,"DenseLayer( 128,64 )","weights",0.21429894933616761,0.22165600642137254,0.28840778694174002,0.1105335099146784,6
453,6,"DenseLayer( 128,64 )","biases",0.023823006286931507,0.0252013472796765,0.033183759946983755,0.0090444510869167882,6
453,8,"DenseLayer( 64,1 )","all",0.14812547887581723,0.15530768035455222,0.21722403066259802,0.063907996583956767,6
453,8,"DenseLayer( 64,1 )","weights",0.14394930351025764,0.15077901288476658,0.21117632307591236,0.063406816664468749,6
453,8,"DenseLayer( 64,1 )","biases",0.034152630871782698,0.037231234878891038,0.050900295376777649,0.0079879676923155785,6
454,0,"Conv2DLayer(1,8,5, stride=5, padding=0)","all",0.21292713675176367,0.21692216014184762,0.27214095974785524,0.22094130484866448,6
454,0,"Conv2DLayer(1,8,5, stride=5, padding=0)","weights",0.21035190978873533,0.21420179361518613,0.26700830224553185,0.21718088595454621,6
454,0,"Conv2DLayer(1,8,5, stride=5, padding=0)","biases",0.032319746062838939,0.034246389191308686,0.052604833470342567,0.040589690368724105,6
454,4,"DenseLayer( 7202,128 )","all",0.15264690652577295,0.16606117019982733,0.27489531360881037,0.27489531360881037,6
454,4,"DenseLayer( 7202,128 )","weights",0.1522365098768643,0.16561809571183117,0.27420164019008098,0.27420164019008098,6
454,4,"DenseLayer( 7202,128 )","biases",0.011179770188749018,0.01212264908849363,0.019516504839637232,0.019516504839637232,6
454,6,"DenseLayer( 128,64 )","all",0.25770599606484901,0.28421389383030282,0.48736346855566154,0.48736346855566154,6
454,6,"DenseLayer( 128,64 )","weights",0.25607612274766317,0.28240853429077717,0.48422088726979967,0.48422088726979967,6
454,6,"DenseLayer( 128,64 )","biases",0.028895264754312866,0.031983702192172683,0.055256518296516496,0.055256518296516496,6
454,8,"DenseLayer( 64,1 )","all",0.1846272688524225,0.20598554421267526,0.35660822872572501,0.35660822872572501,6
454,8,"DenseLayer( 64,1 )","weights",0.17956955964796439,0.20032288485584157,0.34654371333846512,0.34654371333846512,6
454,8,"DenseLayer( 64,1 )","biases",0.042703363113105297,0.047966511522365612,0.084124214947223663,0.084124214947223663,6
455,0,"Conv2DLayer(1,8,5, stride=5, padding=0)","all",0.19489415505765248,0.22462499095219093,0.42171854149915822,0.15012740613059342,6
455,0,"Conv2DLayer(1,8,5, stride=5, padding=0)","weights",0.19020946920639303,0.22047012940508989,0.41588383472445989,0.14756668127903483,6
455,0,"Conv2DLayer(1,8,5, stride=5, padding=0)","biases",0.037578998801197409,0.043003588226737305,0.069908256014975467,0.02761000992017016,6
455,4,"DenseLayer( 7202,128 )","all",0.20110664179131219,0.22547823679197307,0.34325320975229778,0.27091009883615724,6
455,4,"DenseLayer( 7202,128 )","weights",0.20056077565960229,0.22485940698132514,0.34231876315458509,0.27015359588497073,6
455,4,"DenseLayer( 7202,128 )","biases",0.014796487019097611,0.016693782040743496,0.025310677540714255,0.020231566470157659,6
455,6,"DenseLayer( 128,64 )","all",0.35993126405134324,0.41253192053680604,0.63688660233452565,0.49552951240815468,6
455,6,"DenseLayer( 128,64 )","weights",0.35772658735276192,0.40990395904680277,0.63264638626864267,0.49227102903598802,6
455,6,"DenseLayer( 128,64 )","biases",0.039566107422955646,0.046490104533574272,0.073369572538236907,0.056733866775612811,6
455,8,"DenseLayer( 64,1 )","all",0.26620367110625076,0.30783470086830145,0.46971828893989614,0.37284273751032859,6
455,8,"DenseLayer( 64,1 )","weights",0.25945309933927868,0.29956586574632699,0.45623605695856967,0.36240852099605547,6
455,8,"DenseLayer( 64,1 )","biases",0.058292094695692263,0.070869564259491841,0.11173151433467865,0.08758864551782608,6
456,0,"Conv2DLayer(1,8,5, stride=5, padding=0)","all",0.1722908134829223,0.21455543360647258,0.44065029040664855,0.44065029040664855,6
456,0,"Conv2DLayer(1,8,5, stride=5, padding=0)","weights",0.16953152685148373,0.21103294890144725,0.43215615399243562,0.43215615399243562,6
456,0,"Conv2DLayer(1,8,5, stride=5, padding=0)","biases",0.028986461888768661,0.038718581689165914,0.086103060351708616,0.086103060351708616,6
456,4,"DenseLayer( 7202,128 )","all",0.15796912013672024,0.16061600062215176,0.17890001541996936,0.15506579268614623,6
456,4,"DenseLayer( 7202,128 )","weights",0.15753742892592881,0.16017352148482164,0.17838151055249735,0.1546845568141422,6
456,4,"DenseLayer( 7202,128 )","biases",0.011662770743107648,0.011913969573842043,0.013610738785038646,0.010866827715358733,6
456,6,"DenseLayer( 128,64 )","all",0.26248425678852266,0.27071027873325298,0.327686462801903,0.17954378189161144,6
456,6,"DenseLayer( 128,64 )","weights",0.26080002268904601,0.26892932219830823,0.32545222633140269,0.17860845872898853,6
456,6,"DenseLayer( 128,64 )","biases",0.029621247138970883,0.031001204392636716,0.038200343971702737,0.018302679760017,6
456,8,"DenseLayer( 64,1 )","all",0.19012233495462666,0.19777955642265693,0.24067411823118864,0.11102557251121666,6
456,8,"DenseLayer( 64,1 )","weights",0.18471994083350401,0.19201693408903481,0.2333099036938337,0.10801002714806218,6
456,8,"DenseLayer( 64,1 )","biases",0.044843698541323342,0.047394619544735242,0.059080623090267181,0.025700423866510391,6
457,0,"Conv2DLayer(1,8,5, stride=5, padding=0)","all",0.15325170922511036,0.16500223887033305,0.21509706496892242,0.18923658074467559,6
457,0,"Conv2DLayer(1,8,5, stride=5, padding=0)","weights",0.15105345696303007,0.16321666547860358,0.21301118628282378,0.18845569437375928,6
457,0,"Conv2DLayer(1,8,5, stride=5, padding=0)","biases",0.023139651508626145,0.024208654284533438,0.029882802355685641,0.017173664432507334,6
457,4,"DenseLayer( 7202,128 )","all",0.12719977990863118,0.14319678308053507,0.21563144649362323,0.085058555585195039,6
457,4,"DenseLayer( 7202,128 )","weights",0.12684468212874453,0.14278985719376761,0.2150278030804168,0.084831240187471846,6
457,4,"DenseLayer( 7202,128 )","biases",0.0094914681613453948,0.010787741524400134,0.016123418351633237,0.0062143838387387065,6
457,6,"DenseLayer( 128,64 )","all",0.20817136374586687,0.24583830766590811,0.39032086083093415,0.13237926121788202,6
457,6,"DenseLayer( 128,64 )","weights",0.20678009210885073,0.24418311945452714,0.38793260170550786,0.13158366905821686,6
457,6,"DenseLayer( 128,64 )","biases",0.023996075476508429,0.028479425722683183,0.043112306059839803,0.014491612669744672,6
457,8,"DenseLayer( 64,1 )","all",0.14621518542645018,0.17634776349897002,0.28671508414061175,0.093700661359297804,6
457,8,"DenseLayer( 64,1 )","weights",0.14182304608300228,0.1710679492031629,0.27942738485668994,0.091060811159238794,6
457,8,"DenseLayer( 64,1 )","biases",0.035475853442524873,0.042828617144530165,0.064232982695102692,0.022084895521402359,6
458,0,"Conv2DLayer(1,8,5, stride=5, padding=0)","all",0.14244446424062068,0.17030232565721826,0.27138316528632606,0.14553494720935276,6
458,0,"Conv2DLayer(1,8,5, stride=5, padding=0)","weights",0.14007563298720377,0.16810630293949907,0.26733944261910925,0.1441743950547722,6
458,0,"Conv2DLayer(1,8,5, stride=5, padding=0)","biases",0.024254452190409632,0.027260833374469301,0.046673813010395346,0.0198535807807955,6
458,4,"DenseLayer( 7202,128 )","all",0.12100764242945923,0.12903457763332518,0.1812335202546754,0.16973801813020531,6
458,4,"DenseLayer( 7202,128 )","weights",0.12066857582002617,0.12866640871206186,0.18070323477861971,0.16923354511459379,6
458,4,"DenseLayer( 7202,128 )","biases",0.0090467698634952541,0.009740507900067516,0.013853873265079605,0.013076773559125766,6
458,6,"DenseLayer( 128,64 )","all",0.2050290907148293,0.22717294772687804,0.33710771156889136,0.30710701054881545,6
458,6,"DenseLayer( 128,64 )","weights",0.2036507546832218,0.2256159914561727,0.33479346655091846,0.30494599668084466,6
458,6,"DenseLayer( 128,64 )","biases",0.023706303607732029,0.026551319706694002,0.039432777660645187,0.036368324632247546,6
458,8,"DenseLayer( 64,1 )","all",0.14646274944910553,0.16554287436837864,0.24872804702393228,0.23126889945849508,6
458,8,"DenseLayer( 64,1 )","weights",0.1419382117490848,0.16036888237192429,0.24116591652598984,0.22386779045438354,6
458,8,"DenseLayer( 64,1 )","biases",0.036078036607553564,0.04106415493985853,0.060865771025419235,0.058038920164108276,6
459,0,"Conv2DLayer(1,8,5, stride=5, padding=0)","all",0.093316116285778225,0.10984208003246722,0.19329951954011526,0.19329951954011526,6
459,0,"Conv2DLayer(1,8,5, stride=5, padding=0)","weights",0.08977997088245708,0.10569451330724709,0.18362717343129628,0.18362717343129628,6
459,0,"Conv2DLayer(1,8,5, stride=5, padding=0)","biases",0.023682393879756725,0.029899036817314116,0.060380174163975751,0.060380174163975751,6
459,4,"DenseLayer( 7202,128 )","all",0.08130656591413328,0.090619961715888292,0.14074142047262445,0.12320644834542441,6
459,4,"DenseLayer( 7202,128 )","weights",0.081106372830072548,0.09039716434567735,0.14035810406877383,0.12296533978821336,6
459,4,"DenseLayer( 7202,128 )","biases",0.0056860257767914471,0.006350601518727168,0.010380272581745148,0.0077041628138925632,6
459,6,"DenseLayer( 128,64 )","all",0.10801495866916742,0.12011134272293761,0.20395728653952303,0.1029119103236683,6
459,6,"DenseLayer( 128,64 )","weights",0.10742989796308015,0.11943353761875648,0.20267134061629749,0.10265000491426429,6
459,6,"DenseLayer( 128,64 )","biases",0.011101920462017124,0.012742242446918874,0.022867059831946597,0.0073374230877236357,6
459,8,"DenseLayer( 64,1 )","all",0.072984909783849305,0.082899600571754217,0.14451467942712679,0.056161083202308282,6
459,8,"DenseLayer( 64,1 )","weights",0.071333790071862954,0.080901484435737747,0.14052701854029248,0.056122378896952152,6
459,8,"DenseLayer( 64,1 )","biases",0.014631535780305663,0.018091257309829939,0.033714234828948975,0.0020846710540354252,6
460,0,"Conv2DLayer(1,8,5, stride=5, padding=0)","all",0.17167206755995124,0.20235791075412249,0.38916984750515271,0.097708535036640398,6
460,0,"Conv2DLayer(1,8,5, stride=5, padding=0)","weights",0.16924190056661562,0.20015097959940495,0.3863875911482314,0.095166753618709937,6
460,0,"Conv2DLayer(1,8,5, stride=5, padding=0)","biases",0.027205094436607086,0.029804519962112905,0.046452121736805414,0.022141518120538696,6
460,4,"DenseLayer( 7202,128 )","all",0.08812960842915725,0.095884656091258721,0.14174174791558497,0.10204115830413198,6
460,4,"DenseLayer( 7202,128 )","weights",0.087931092861594604,0.095670702429422619,0.1414538148430014,0.1017430746365529,6
460,4,"DenseLayer( 7202,128 )","biases",0.0058965528190159421,0.0064018724135855862,0.0090300259427707457,0.0077938919385471365,6
460,6,"DenseLayer( 128,64 )","all",0.12671422978572544,0.13685452368964021,0.19162618020509728,0.16158292403111507,6
460,6,"DenseLayer( 128,64 )","weights",0.12613097121893735,0.13622459714832294,0.19106559990994698,0.1605026552961015,6
460,6,"DenseLayer( 128,64 )","biases",0.01196611700330954,0.013115631364727535,0.018653122562883026,0.018653122562883026,6
460,8,"DenseLayer( 64,1 )","all",0.081838202481652994,0.089128964038955455,0.11857446908083864,0.11406864665795065,6
460,8,"DenseLayer( 64,1 )","weights",0.080460604182039749,0.087560279941372873,0.11697026879877001,0.11066290782423423,6
460,8,"DenseLayer( 64,1 )","biases",0.013605567937095961,0.016648411553233287,0.027665447443723679,0.027665447443723679,6
461,0,"Conv2DLayer(1,8,5, stride=5, padding=0)","all",0.27458915186729727,0.30931380519575241,0.47416962040916288,0.47416962040916288,6
461,0,"Conv2DLayer(1,8,5, stride=5, padding=0)","weights",0.27189353819429729,0.3062957353190186,0.46978655348505799,0.46978655348505799,6
461,0,"Conv2DLayer(1,8,5, stride=5, padding=0)","biases",0.038113127269550143,0.043103974411388038,0.064322803760411204,0.064322803760411204,6
461,4,"DenseLayer( 7202,128 )","all",0.1319168033495646,0.14543658460756084,0.22877215241173429,0.22877215241173429,6
461,4,"DenseLayer( 7202,128 )","weights",0.13160686107411212,0.14508948147444975,0.22820576358605033,0.22820576358605033,6
461,4,"DenseLayer( 7202,128 )","biases",0.00902956969573257,0.010042037033765099,0.016088106949094492,0.016088106949094492,6
461,6,"DenseLayer( 128,64 )","all",0.21651832392214873,0.25008843416114795,0.42649036439707849,0.42649036439707849,6
461,6,"DenseLayer( 128,64 )","weights",0.21552634920582919,0.24889731464756781,0.42439622352867223,0.42439622352867223,6
461,6,"DenseLayer( 128,64 )","biases",0.020628375329297559,0.024379328588056901,0.042212277576008969,0.042212277576008969,6
461,8,"DenseLayer( 64,1 )","all",0.15180230195914515,0.17761199254749735,0.30890067235847868,0.30890067235847868,6
461,8,"DenseLayer( 64,1 )","weights",0.14935329014215087,0.1745380095333269,0.30324515296897042,0.30324515296897042,6
461,8,"DenseLayer( 64,1 )","biases",0.026873363337169092,0.032901415240632892,0.058838784694671631,0.058838784694671631,6
462,0,"Conv2DLayer(1,8,5, stride=5, padding=0)","all",0.23953111713451997,0.28183994970059828,0.47731103378484402,0.28561676638099687,6
462,0,"Conv2DLayer(1,8,5, stride=5, padding=0)","weights",0.23647140815310938,0.27820362691435679,0.4730560236869592,0.28271938134336966,6
462,0,"Conv2DLayer(1,8,5, stride=5, padding=0)","biases",0.037107741035705209,0.045127588224202146,0.075511697907236067,0.040579411661078209,6
462,4,"DenseLayer( 7202,128 )","all",0.13125691719944363,0.15048043363905775,0.23824664017796671,0.16590705062936267,6
462,4,"DenseLayer( 7202,128 )","weights",0.13093154913035751,0.15010263085104286,0.23762781997083254,0.16548666206478063,6
462,4,"DenseLayer( 7202,128 )","biases",0.0092302835439386516,0.010656505984346603,0.017160440903401211,0.011803140564739854,6
462,6,"DenseLayer( 128,64 )","all",0.22377701321357815,0.2625659048081837,0.42614493775943785,0.29139740379947665,6
462,6,"DenseLayer( 128,64 )","weights",0.22257682544812615,0.26114223790081542,0.42363747366572208,0.28976511331816118,6
462,6,"DenseLayer( 128,64 )","biases",0.02310275446856689,0.027305419826366386,0.046160577164067532,0.030799773453524609,6
462,8,"DenseLayer( 64,1 )","all",0.15928169642436626,0.18929283669949865,0.31399863357871927,0.20966412629106651,6
462,8,"DenseLayer( 64,1 )","weights",0.15588135900086111,0.1852400860091086,0.30652316613625491,0.20487827011110679,6
462,8,"DenseLayer( 64,1 )","biases",0.032580190454609692,0.038960089336154073,0.068107932806015015,0.044541444629430771,6
463,0,"Conv2DLayer(1,8,5, stride=5, padding=0)","all",0.070307701550432478,0.080296608894041152,0.13421853348813953,0.13421853348813953,6
463,0,"Conv2DLayer(1,8,5, stride=5, padding=0)","weights",0.067746502297124783,0.07779269847193919,0.13162473809166411,0.13162473809166411,6
463,0,"Conv2DLayer(1,8,5, stride=5, padding=0)","biases",0.018203909926703652,0.019895764984954892,0.032071250590209273,0.026259151814322892,6
463,4,"DenseLayer( 7202,128 )","all",0.10939348796800988,0.11398575501366678,0.16685335778783633,0.096701537053005035,6
463,4,"DenseLayer( 7202,128 )","weights",0.10908545883620639,0.11366516016138412,0.16639712147393979,0.09642638188341579,6
463,4,"DenseLayer( 7202,128 )","biases",0.0082028751118447835,0.0085430504810965081,0.012330489457545956,0.0072897287526607103,6
463,6,"DenseLayer( 128,64 )","all",0.19606587408612405,0.20485862966332119,0.30632694809500255,0.16800231952910971,6
463,6,"DenseLayer( 128,64 )","weights",0.19479198527544758,0.20352933193328368,0.30440933542784859,0.16691494709704099,6
463,6,"DenseLayer( 128,64 )","biases",0.022308246135119374,0.023299553436171724,0.034222151211955563,0.019083495559071083,6
463,8,"DenseLayer( 64,1 )","all",0.14318017627261151,0.14920456207229005,0.22194289141334231,0.12383006736016834,6
463,8,"DenseLayer( 64,1 )","weights",0.13920062169084577,0.14507192138410951,0.21614425006550653,0.12024467450495667,6
463,8,"DenseLayer( 64,1 )","biases",0.033494803744057812,0.034873184097621579,0.050401490181684494,0.029582154005765915,6
464,0,"Conv2DLayer(1,8,5, stride=5, padding=0)","all",0.15701346021069776,0.16311672327387206,0.2279464312165479,0.14191984259155732,6
464,0,"Conv2DLayer(1,8,5, stride=5, padding=0)","weights",0.15316358993779733,0.15843375999034381,0.21367288802268281,0.14115129725319578,6
464,0,"Conv2DLayer(1,8,5, stride=5, padding=0)","biases",0.031209834081508479,0.038804756241047039,0.079394410561490103,0.014749678130466824,6
464,4,"DenseLayer( 7202,128 )","all",0.10716328634063274,0.11502547376092138,0.17031234327488229,0.05879319978577028,6
464,4,"DenseLayer( 7202,128 )","weights",0.10688127214067196,0.1147216768197835,0.16985285726964497,0.058654210113141238,6
464,4,"DenseLayer( 7202,128 )","biases",0.0077676005768558985,0.0083544288602850209,0.012502045797346704,0.0040402941790144455,6
464,6,"DenseLayer( 128,64 )","all",0.18623157221705208,0.2021008592853713,0.28651926539186567,0.089406718850186209,6
464,6,"DenseLayer( 128,64 )","weights",0.18512312243865456,0.20089392397846886,0.28472001069435338,0.088983965629329476,6
464,6,"DenseLayer( 128,64 )","biases",0.020265650092463106,0.022054220285891407,0.032059397232350226,0.0086841946336175709,6
464,8,"DenseLayer( 64,1 )","all",0.13542234791854213,0.14815868963890516,0.20905529997587846,0.06078647728833917,6
464,8,"DenseLayer( 64,1 )","weights",0.13206836742783679,0.14449768756023476,0.20352063518049437,0.059743423143516751,6
464,8,"DenseLayer( 64,1 )","biases",0.029845301061868668,0.032732485473336743,0.047785662114620209,0.011212457902729511,6
465,0,"Conv2DLayer(1,8,5, stride=5, padding=0)","all",0.089976613502724359,0.095460593617426273,0.12150460319146529,0.098581726738315556,6
465,0,"Conv2DLayer(1,8,5, stride=5, padding=0)","weights",0.087746608743412752,0.093366592797566011,0.1194232308611874,0.095242433677029226,6
465,0,"Conv2DLayer(1,8,5, stride=5, padding=0)","biases",0.019319687014195473,0.019884775160028845,0.025440826912358969,0.025440826912358969,6
465,4,"DenseLayer( 7202,128 )","all",0.090973926733574531,0.094800407522169894,0.12238282568814535,0.12084054449261625,6
465,4,"DenseLayer( 7202,128 )","weights",0.090723753572021379,0.094535671426357049,0.1220386635615732,0.12048451865369025,6
465,4,"DenseLayer( 7202,128 )","biases",0.0067346728330893186,0.0070798371688441161,0.0092691940351105912,0.0092691940351105912,6
465,6,"DenseLayer( 128,64 )","all",0.149610309469144,0.16208237205654744,0.22495887083124655,0.21423451092014945,6
465,6,"DenseLayer( 128,64 )","weights",0.14863799421694845,0.1610076245685271,0.22345908874672948,0.21275176641429946,6
465,6,"DenseLayer( 128,64 )","biases",0.016969334606014359,0.01863438118847258,0.025933168378560308,0.025161708145334472,6
465,8,"DenseLayer( 64,1 )","all",0.10716991372713136,0.11915127455399988,0.16891301974865344,0.16051044536061979,6
465,8,"DenseLayer( 64,1 )","weights",0.10410686098211068,0.11565391941995022,0.164005343437824,0.1555521578045308,6
465,8,"DenseLayer( 64,1 )","biases",0.024902970161444198,0.02865653765977878,0.040420979261398315,0.039586983621120453,6
466,0,"Conv2DLayer(1,8,5, stride=5, padding=0)","all",0.17216511764044035,0.1976062449219905,0.31086645704548527,0.261230430025789,6
466,0,"Conv2DLayer(1,8,5, stride=5, padding=0)","weights",0.16974151106507471,0.19529243919698383,0.30826725380545533,0.25926121989390555,6
466,0,"Conv2DLayer(1,8,5, stride=5, padding=0)","biases",0.027114559418853428,0.030151139690931587,0.046478561709898468,0.032014956357655333,6
466,4,"DenseLayer( 7202,128 )","all",0.11826153747475614,0.12052063120662521,0.16451171166615772,0.097534445151809521,6
466,4,"DenseLayer( 7202,128 )","weights",0.11796562187673809,0.12021205092620386,0.16403959876758686,0.097353176321928997,6
466,4,"DenseLayer( 7202,128 )","biases",0.0083380614764894945,0.0086188954373011811,0.012454449465878672,0.0059436563748876819,6
466,6,"DenseLayer( 128,64 )","all",0.1991588092043943,0.20832223320475898,0.31191761358583986,0.13301340716154064,6
466,6,"DenseLayer( 128,64 )","weights",0.19806109973000408,0.20710836317916362,0.30986592558586334,0.13261226785004554,6
466,6,"DenseLayer( 128,64 )","biases",0.020714954986271298,0.02245615168869439,0.03571702431476486,0.010322446434328131,6
466,8,"DenseLayer( 64,1 )","all",0.14051041806581019,0.15111177422729336,0.23530693827238164,0.076722659552710279,6
466,8,"DenseLayer( 64,1 )","weights",0.13739261246807258,0.14740871915720716,0.22873875269659188,0.076551827937553399,6
466,8,"DenseLayer( 64,1 )","biases",0.028532281673202913,0.0332481251584524,0.055208135396242142,0.0051170429214835167,6
467,0,"Conv2DLayer(1,8,5, stride=5, padding=0)","all",0.32849291296456379,0.33158654305439722,0.3728194851553413,0.27516033595020711,6
467,0,"Conv2DLayer(1,8,5, stride=5, padding=0)","weights",0.32509158909376412,0.32820073200313221,0.36845845086307133,0.27193197869376617,6
467,0,"Conv2DLayer(1,8,5, stride=5, padding=0)","biases",0.04648941268962125,0.047264310503527272,0.059312682272188874,0.042026294672787394,6
467,4,"DenseLayer( 7202,128 )","all",0.15927837051206883,0.16170075210751381,0.21571662422715857,0.21571662422715857,6
467,4,"DenseLayer( 7202,128 )","weights",0.15889153768426001,0.1613045862809607,0.21515307528463473,0.21515307528463473,6
467,4,"DenseLayer( 7202,128 )","biases",0.01107809552792428,0.011312103114087006,0.01558255959479839,0.01558255959479839,6
467,6,"DenseLayer( 128,64 )","all",0.25170437708966409,0.26270434180678714,0.40725095252633464,0.40725095252633464,6
467,6,"DenseLayer( 128,64 )","weights",0.25033509112473695,0.26123073425244242,0.40478800423520017,0.40478800423520017,6
467,6,"DenseLayer( 128,64 )","biases",0.026066512867713106,0.027786231951580694,0.044721470915997895,0.044721470915997895,6
467,8,"DenseLayer( 64,1 )","all",0.17222740682293325,0.18295066187183981,0.30080501504946905,0.30080501504946905,6
467,8,"DenseLayer( 64,1 )","weights",0.16812585781141567,0.17843429726435589,0.29315047198353034,0.29315047198353034,6
467,8,"DenseLayer( 64,1 )","biases",0.036706085937718548,0.040399829691717098,0.06742742657661438,0.06742742657661438,6
468,0,"Conv2DLayer(1,8,5, stride=5, padding=0)","all",0.35800549606274529,0.39461315009097914,0.55428779544757045,0.23282609804331311,6
468,0,"Conv2DLayer(1,8,5, stride=5, padding=0)","weights",0.35466918488738031,0.39115434870567001,0.54910311361987496,0.23108117798478925,6
468,0,"Conv2DLayer(1,8,5, stride=5, padding=0)","biases",0.047900003614951461,0.052132654961825127,0.075635512790529866,0.028451381534762146,6
468,4,"DenseLayer( 7202,128 )","all",0.20624918808256426,0.21269380081041281,0.3100763871827949,0.16180174378573117,6
468,4,"DenseLayer( 7202,128 )","weights",0.20570132435088789,0.21212876035257328,0.30924249604214771,0.16134387556669691,6
468,4,"DenseLayer( 7202,128 )","biases",0.015009900472416449,0.015493286754594464,0.022725415946838246,0.012163803238363382,6
468,6,"DenseLayer( 128,64 )","all",0.34389733386037147,0.36040701166553812,0.56690309517274751,0.2693872700689483,6
468,6,"DenseLayer( 128,64 )","weights",0.3418363095379125,0.35823537100719055,0.56357513278410143,0.26756599150481936,6
468,6,"DenseLayer( 128,64 )","biases",0.037494150003882981,0.039504848019248036,0.061336685790998609,0.031272055660660054,6
468,8,"DenseLayer( 64,1 )","all",0.24284929364570179,0.25793021476804784,0.41897894242690398,0.19543284362782815,6
468,8,"DenseLayer( 64,1 )","weights",0.23629133075176012,0.25105757826448083,0.40899012031365517,0.18915846340241282,6
468,8,"DenseLayer( 64,1 )","biases",0.055843664022783436,0.059144637003412014,0.090941935777664185,0.049123030155897141,6
469,0,"Conv2DLayer(1,8,5, stride=5, padding=0)","all",0.29863590200773699,0.33120066452281877,0.44704747873983092,0.29462951221495537,6
469,0,"Conv2DLayer(1,8,5, stride=5, padding=0)","weights",0.29486884878436825,0.32812411538909392,0.44245694854146173,0.29326320946587497,6
469,0,"Conv2DLayer(1,8,5, stride=5, padding=0)","biases",0.041376120245406836,0.045038262405218583,0.064573836897981865,0.028341479174468692,6
469,4,"DenseLayer( 7202,128 )","all",0.13555541099884885,0.13894925281028223,0.18786228742794719,0.15159884726707346,6
469,4,"DenseLayer( 7202,128 )","weights",0.13520998406092474,0.13859269115922243,0.18736650694810086,0.15118148510426224,6
469,4,"DenseLayer( 7202,128 )","biases",0.0096652517646144392,0.0099479049945259343,0.013639322260578396,0.011241399128898304,6
469,6,"DenseLayer( 128,64 )","all",0.2122152086673379,0.21933292875921487,0.29381729996843581,0.26039226657291942,6
469,6,"DenseLayer( 128,64 )","weights",0.2110032107586875,0.21805386057159276,0.29197998196068031,0.25858074594046704,6
469,6,"DenseLayer( 128,64 )","biases",0.022472174034271267,0.02365264314868884,0.032806948882555517,0.030661544642336034,6
469,8,"DenseLayer( 64,1 )","all",0.1414246335044671,0.14742437001637043,0.1981686976610679,0.18460742310661762,6
469,8,"DenseLayer( 64,1 )","weights",0.13788383498477466,0.14350896126136822,0.19202112159129042,0.17836531800105293,6
469,8,"DenseLayer( 64,1 )","biases",0.030416484611729782,0.033750894986752857,0.048976745456457138,0.047599516808986664,6
470,0,"Conv2DLayer(1,8,5, stride=5, padding=0)","all",0.1244712226661113,0.1272445922101284,0.16051177675338699,0.088533804873905567,6
470,0,"Conv2DLayer(1,8,5, stride=5, padding=0)","weights",0.12175742154268858,0.12453645481953025,0.1592092221605077,0.084589349042081818,6
470,0,"Conv2DLayer(1,8,5, stride=5, padding=0)","biases",0.024274202085194509,0.02611240447957576,0.043505201721372885,0.026131908351431882,6
470,4,"DenseLayer( 7202,128 )","all",0.086335266005292025,0.090770975010881938,0.12329459273980113,0.091051178365404453,6
470,4,"DenseLayer( 7202,128 )","weights",0.086108209929378843,0.090528540909646946,0.12295045491280394,0.090802378614016813,6
470,4,"DenseLayer( 7202,128 )","biases",0.0062535073853222387,0.0066297198429899479,0.0092055546062139552,0.0067264492687775877,6
470,6,"DenseLayer( 128,64 )","all",0.14436826870505948,0.15640895192645887,0.22494660182688728,0.15791757910226756,6
470,6,"DenseLayer( 128,64 )","weights",0.14349113113712297,0.15542630768183283,0.22355454469451011,0.15674492141313445,6
470,6,"DenseLayer( 128,64 )","biases",0.015807719417595855,0.017504945676166863,0.024986780902998603,0.019209148880448428,6
470,8,"DenseLayer( 64,1 )","all",0.1042593691459736,0.1147069414970642,0.16864001397348144,0.11204969061330328,6
470,8,"DenseLayer( 64,1 )","weights",0.10157648444810249,0.11164001814358437,0.16435237522729718,0.10796849687820352,6
470,8,"DenseLayer( 64,1 )","biases",0.023162442880372208,0.026347462430204974,0.037785593420267105,0.029965594410896301,6
471,0,"Conv2DLayer(1,8,5, stride=5, padding=0)","all",0.069670245353529989,0.074485905841957176,0.11029183996015424,0.080446997635483131,6
471,0,"Conv2DLayer(1,8,5, stride=5, padding=0)","weights",0.065979984319388701,0.070815198851596664,0.10923481385852743,0.067120777959655334,6
471,0,"Conv2DLayer(1,8,5, stride=5, padding=0)","biases",0.019277996103500249,0.023094540062658368,0.044345468704864055,0.044345468704864055,6
471,4,"DenseLayer( 7202,128 )","all",0.093925560097038271,0.097670418932130243,0.13499226933503528,0.086432314907979341,6
471,4,"DenseLayer( 7202,128 )","weights",0.093683433448158368,0.097415789913871301,0.13461603671954211,0.086254428453480136,6
471,4,"DenseLayer( 7202,128 )","biases",0.006727656198862576,0.0070480216964985219,0.01007151617908612,0.0055424392207389398,6
471,6,"DenseLayer( 128,64 )","all",0.14782134710181627,0.15957473275409839,0.24139758514385409,0.079982106597513827,6
471,6,"DenseLayer( 128,64 )","weights",0.14689255563182665,0.15855866262879686,0.23985071980525266,0.079604721094112027,6
471,6,"DenseLayer( 128,64 )","biases",0.016518111584949112,0.017979038876127333,0.02728417713962554,0.0077605254528737349,6
471,8,"DenseLayer( 64,1 )","all",0.1063780560056424,0.11624178700837359,0.17844073599371316,0.047526653279564665,6
471,8,"DenseLayer( 64,1 )","weights",0.10350021493381388,0.11305536914032188,0.17363072258602852,0.046778327105609523,6
471,8,"DenseLayer( 64,1 )","biases",0.024493941571563482,0.027030289592337813,0.041151773184537888,0.0084006479009985924,6
472,0,"Conv2DLayer(1,8,5, stride=5, padding=0)","all",0.17973782278429179,0.22164688371993335,0.44119940216754916,0.44119940216754916,6
472,0,"Conv2DLayer(1,8,5, stride=5, padding=0)","weights",0.17768251809237981,0.21938930175677454,0.4371233213640357,0.4371233213640357,6
472,0,"Conv2DLayer(1,8,5, stride=5, padding=0)","biases",0.026767729153518296,0.031554323593329756,0.059834057130339707,0.059834057130339707,6
472,4,"DenseLayer( 7202,128 )","all",0.17721116768325812,0.19020023022265511,0.27690583114760525,0.27690583114760525,6
472,4,"DenseLayer( 7202,128 )","weights",0.17672384893291854,0.18967553796439091,0.27617744443852354,0.27617744443852354,6
472,4,"DenseLayer( 7202,128 )","biases",0.013125375569531458,0.014117998252935835,0.020071335455128368,0.020071335455128368,6
472,6,"DenseLayer( 128,64 )","all",0.31591528820595322,0.34782801302268523,0.51829305827094618,0.51829305827094618,6
472,6,"DenseLayer( 128,64 )","weights",0.31401592620219726,0.34574703294549397,0.51559683209987317,0.51559683209987317,6
472,6,"DenseLayer( 128,64 )","biases",0.034504808210596274,0.037990996995298863,0.052797736508544149,0.052797736508544149,6
472,8,"DenseLayer( 64,1 )","all",0.23525909159431427,0.26108778592897008,0.39200558017712528,0.39200558017712528,6
472,8,"DenseLayer( 64,1 )","weights",0.22941698487082174,0.25464372867005597,0.38425168750401723,0.38425168750401723,6
472,8,"DenseLayer( 64,1 )","biases",0.051507674933721624,0.057648967122599933,0.077582314610481262,0.077582314610481262,6
473,0,"Conv2DLayer(1,8,5, stride=5, padding=0)","all",0.25726212477003219,0.30094321397135165,0.51671899319434855,0.41350785222019149,6
473,0,"Conv2DLayer(1,8,5, stride=5, padding=0)","weights",0.2522264604814306,0.29719991355022374,0.51264146670209321,0.40872889013555641,6
473,0,"Conv2DLayer(1,8,5, stride=5, padding=0)","biases",0.044394993454196098,0.047318383543251651,0.064786144701686185,0.062685231245581077,6
473,4,"DenseLayer( 7202,128 )","all",0.21871536244108933,0.24712808542882139,0.34811837914859933,0.33398683245789057,6
473,4,"DenseLayer( 7202,128 )","weights",0.2181277035501725,0.24645504391329121,0.34719716512678606,0.33306536622806904,6
473,4,"DenseLayer( 7202,128 )","biases",0.016009693793471443,0.018226407693578611,0.025308781657187591,0.024792460035609587,6
473,6,"DenseLayer( 128,64 )","all",0.38084106907444892,0.43788257064155806,0.60634536924459759,0.60160734190136911,6
473,6,"DenseLayer( 128,64 )","weights",0.37854390732190463,0.43517075724573911,0.60281543850956421,0.59789315534963849,6
473,6,"DenseLayer( 128,64 )","biases",0.041554930188663367,0.048657555526650659,0.067796504436904867,0.066747049490474955,6
473,8,"DenseLayer( 64,1 )","all",0.28047215350026861,0.32296164770990332,0.44926483117893751,0.44926483117893751,6
473,8,"DenseLayer( 64,1 )","weights",0.27348290425405503,0.31462530915486303,0.43812445242685272,0.43812445242685272,6
473,8,"DenseLayer( 64,1 )","biases",0.061154292663559318,0.072905011698116848,0.10383753478527069,0.09942762553691864,6
474,0,"Conv2DLayer(1,8,5, stride=5, padding=0)","all",0.37393012572449619,0.47243686126820156,0.73133249948005852,0.64900625613901863,6
474,0,"Conv2DLayer(1,8,5, stride=5, padding=0)","weights",0.3652166049361803,0.46541205349508086,0.71710451366467054,0.64494414912998566,6
474,0,"Conv2DLayer(1,8,5, stride=5, padding=0)","biases",0.067959930753172457,0.081167778991678263,0.14355605622023096,0.072499413863729614,6
474,4,"DenseLayer( 7202,128 )","all",0.22476649289195696,0.2514103012794251,0.39426977834961124,0.29254692173068209,6
474,4,"DenseLayer( 7202,128 )","weights",0.22422505352707695,0.25081288373916549,0.39333153372806062,0.29184581037894264,6
474,4,"DenseLayer( 7202,128 )","biases",0.015578502018096647,0.017321574404630495,0.027183868285862299,0.020241649595724078,6
474,6,"DenseLayer( 128,64 )","all",0.3725521972726748,0.42363611640696769,0.67169743315747743,0.54901661502476296,6
474,6,"DenseLayer( 128,64 )","weights",0.37057298932061061,0.42142661375679802,0.66818077102392182,0.54622716398716675,6
474,6,"DenseLayer( 128,64 )","biases",0.038332104618946712,0.0432107433615345,0.06864327311704449,0.055273220421697543,6
474,8,"DenseLayer( 64,1 )","all",0.27044678810106498,0.30839893207894675,0.49613663077709741,0.40070895308215759,6
474,8,"DenseLayer( 64,1 )","weights",0.26478688363367159,0.30215537220177185,0.48613846369340141,0.39293304001378404,6
474,8,"DenseLayer( 64,1 )","biases",0.054962208184103169,0.061741658198039222,0.099100708961486816,0.078557565808296204,6
475,0,"Conv2DLayer(1,8,5, stride=5, padding=0)","all",0.40897894014057945,0.46967642102250134,0.69777246521120473,0.025866765285953063,6
475,0,"Conv2DLayer(1,8,5, stride=5, padding=0)","weights",0.4044761444007432,0.4652156125549477,0.69086074213811122,0.024531723351225835,6
475,0,"Conv2DLayer(1,8,5, stride=5, padding=0)","biases",0.057774738177352347,0.064578435252262825,0.097968608131891496,0.0082026883262444807,6
475,4,"DenseLayer( 7202,128 )","all",0.19102003053736621,0.20623943384082896,0.29435157462922845,0.054434294741388653,6
475,4,"DenseLayer( 7202,128 )","weights",0.1905398660063175,0.20572053211007202,0.29360185209893896,0.054289327433778498,6
475,4,"DenseLayer( 7202,128 )","biases",0.013530768415327851,0.014620763979166352,0.020995283536523641,0.0039700592917936758,6
475,6,"DenseLayer( 128,64 )","all",0.33423069830839425,0.36447521792017856,0.52176978453925082,0.098882114121024836,6
475,6,"DenseLayer( 128,64 )","weights",0.33247362439809869,0.36259356805734677,0.51891401602067022,0.098186559141571692,6
475,6,"DenseLayer( 128,64 )","biases",0.034184788721046314,0.036987685537268958,0.054515612767682006,0.01170777933606639,6
475,8,"DenseLayer( 64,1 )","all",0.24072395416405382,0.26183874851105415,0.36723656276572098,0.073925869909855932,6
475,8,"DenseLayer( 64,1 )","weights",0.23598881766251412,0.25689707809264706,0.35972160635272038,0.071552418001376808,6
475,8,"DenseLayer( 64,1 )","biases",0.047311323694884777,0.050630242832673235,0.07391250878572464,0.018581865355372429,6
476,0,"Conv2DLayer(1,8,5, stride=5, padding=0)","all",0.43199856212580284,0.46362889846396066,0.66163502804166918,0.49115237611392693,6
476,0,"Conv2DLayer(1,8,5, stride=5, padding=0)","weights",0.42659628564827312,0.45766213397289229,0.64960523511609236,0.48522703829082309,6
476,0,"Conv2DLayer(1,8,5, stride=5, padding=0)","biases",0.067176431994043898,0.074142610004530887,0.12559438220504435,0.076061671516424234,6
476,4,"DenseLayer( 7202,128 )","all",0.17990358018196026,0.19245840111056314,0.27885419532591865,0.18569117032328067,6
476,4,"DenseLayer( 7202,128 )","weights",0.1794420886447656,0.19196870057628981,0.27815984976801927,0.18521146618089609,6
476,4,"DenseLayer( 7202,128 )","biases",0.012872833612634527,0.013720574225781613,0.019666220478234055,0.013338797965049536,6
476,6,"DenseLayer( 128,64 )","all",0.32353103617851109,0.34479914532857897,0.47856783133223074,0.33399106586313615,6
476,6,"DenseLayer( 128,64 )","weights",0.32184124693272154,0.34298552311324176,0.47589845638529554,0.33239494143304082,6
476,6,"DenseLayer( 128,64 )","biases",0.03299517473799686,0.03531828922887377,0.050476018029628623,0.032613417271409949,6
476,8,"DenseLayer( 64,1 )","all",0.23178674430835855,0.24762674421996159,0.34062051934815268,0.23679582898364793,6
476,8,"DenseLayer( 64,1 )","weights",0.22741682534038463,0.24285725612975967,0.33336810422555802,0.23309684866871519,6
476,8,"DenseLayer( 64,1 )","biases",0.044641027382264532,0.048366906021603019,0.069914557039737701,0.041690811514854431,6
477,0,"Conv2DLayer(1,8,5, stride=5, padding=0)","all",0.25748466299373268,0.2757324810202948,0.3660840447536397,0.3660840447536397,6
477,0,"Conv2DLayer(1,8,5, stride=5, padding=0)","weights",0.2511526437038944,0.27094845391202865,0.36274728236960524,0.36274728236960524,6
477,0,"Conv2DLayer(1,8,5, stride=5, padding=0)","biases",0.050123977401843323,0.05114035991551593,0.063828128266780651,0.049314672833252804,6
477,4,"DenseLayer( 7202,128 )","all",0.13976358663792143,0.15681061616732983,0.21714815384940955,0.19670170560126363,6
477,4,"DenseLayer( 7202,128 )","weights",0.13940623730855425,0.1564023108029752,0.21661057520748803,0.19616981742541217,6
477,4,"DenseLayer( 7202,128 )","biases",0.0099806934663668259,0.011308692155470155,0.015900608266416271,0.014455577391672494,6
477,6,"DenseLayer( 128,64 )","all",0.22404404791334664,0.26712636515894972,0.38440910886557389,0.374638107384482,6
477,6,"DenseLayer( 128,64 )","weights",0.22273869092670806,0.26549491985958407,0.38198364788430611,0.37237646832701943,6
477,6,"DenseLayer( 128,64 )","biases",0.024049796593176881,0.029477830513550251,0.043114449176848708,0.041103252193992829,6
477,8,"DenseLayer( 64,1 )","all",0.15706281109293496,0.19259398118249418,0.28210787035150597,0.2759172789236416,6
477,8,"DenseLayer( 64,1 )","weights",0.15336892382965067,0.18775804458556256,0.27475851861058892,0.26924903321209659,6
477,8,"DenseLayer( 64,1 )","biases",0.03332200702667857,0.042887740452591146,0.063973486423492432,0.060293473303318024,6
478,0,"Conv2DLayer(1,8,5, stride=5, padding=0)","all",0.2604367316591622,0.30119784181821574,0.43058687763117992,0.39482738388301925,6
478,0,"Conv2DLayer(1,8,5, stride=5, padding=0)","weights",0.2566144456695339,0.29763943832035755,0.42557610400430718,0.39160062652274985,6
478,0,"Conv2DLayer(1,8,5, stride=5, padding=0)","biases",0.042322018020638903,0.046161723021276108,0.065498388443409994,0.050374719561490797,6
478,4,"DenseLayer( 7202,128 )","all",0.12386629204112108,0.12615527353758615,0.16377513327462997,0.13701935308899019,6
478,4,"DenseLayer( 7202,128 )","weights",0.12353951693505061,0.12582484666386459,0.16334891869185286,0.13666760900722494,6
478,4,"DenseLayer( 7202,128 )","biases",0.008980015307169192,0.0091247467558362317,0.01180783813088809,0.0098116139943261634,6
478,6,"DenseLayer( 128,64 )","all",0.20275697262440479,0.20747643763123855,0.29031519512864645,0.21058972524605213,6
478,6,"DenseLayer( 128,64 )","weights",0.20159088318979709,0.20628717880721886,0.28875563292438905,0.20947521320236839,6
478,6,"DenseLayer( 128,64 )","biases",0.021462743583140712,0.022182696677990575,0.030051571955882036,0.021637177104003889,6
478,8,"DenseLayer( 64,1 )","all",0.13936777458134975,0.1433293620394995,0.20187133703516502,0.13418756218784675,6
478,8,"DenseLayer( 64,1 )","weights",0.13622326370320698,0.1401125333131793,0.19832701717735846,0.13120208321237603,6
478,8,"DenseLayer( 64,1 )","biases",0.028117195625479024,0.030195761808789356,0.037751123309135437,0.028148094192147255,6
479,0,"Conv2DLayer(1,8,5, stride=5, padding=0)","all",0.18169051677449938,0.20256075279696167,0.32580426029382514,0.14900000242005138,6
479,0,"Conv2DLayer(1,8,5, stride=5, padding=0)","weights",0.17629664358148106,0.19724324638666649,0.31635502627108164,0.1444816327614841,6
479,0,"Conv2DLayer(1,8,5, stride=5, padding=0)","biases",0.042581761799967956,0.046108137335188384,0.07789681237784904,0.036415086375717311,6
479,4,"DenseLayer( 7202,128 )","all",0.11261825654013662,0.11403558283146271,0.13496884272159765,0.095163056725033029,6
479,4,"DenseLayer( 7202,128 )","weights",0.11231751072238969,0.11372803845478871,0.13464321324654208,0.094944619487269871,6
479,4,"DenseLayer( 7202,128 )","biases",0.0082095100589986252,0.0083694337286039436,0.010117051073428284,0.006444113257026843,6
479,6,"DenseLayer( 128,64 )","all",0.16407145332012749,0.17018319861816436,0.22302934961946019,0.11299887190069352,6
479,6,"DenseLayer( 128,64 )","weights",0.1630685459717785,0.16909120259800967,0.22142564805539355,0.1123785218226379,6
479,6,"DenseLayer( 128,64 )","biases",0.017971215158018194,0.019248020570137584,0.027058762094228528,0.011824249819258829,6
479,8,"DenseLayer( 64,1 )","all",0.11189110784400122,0.11905399022601226,0.16665125937302769,0.067182835649920766,6
479,8,"DenseLayer( 64,1 )","weights",0.10886003471813549,0.11558055957665141,0.16149944173964706,0.065772084098754721,6
479,8,"DenseLayer( 64,1 )","biases",0.025563029727588098,0.028547974300877393,0.042646415531635284,0.013695486821234226,6
480,0,"Conv2DLayer(1,8,5, stride=5, padding=0)","all",0.21961034274553651,0.27239007419303901,0.46752214619792654,0.055283574368559019,6
480,0,"Conv2DLayer(1,8,5, stride=5, padding=0)","weights",0.2152653036746818,0.26882002730451166,0.46379788237714031,0.046242207904219977,6
480,0,"Conv2DLayer(1,8,5, stride=5, padding=0)","biases",0.038603384947653564,0.043956176345206863,0.073230573559213169,0.030297389377748219,6
480,4,"DenseLayer( 7202,128 )","all",0.095864175650792915,0.099652488366036199,0.12921743478671621,0.061849681678848016,6
480,4,"DenseLayer( 7202,128 )","weights",0.095628487136656018,0.099410214775519756,0.12895041055004056,0.06166989298455388,6
480,4,"DenseLayer( 7202,128 )","biases",0.0067078740103687605,0.0069446119998178039,0.0089934853975148655,0.0047124752570704073,6
480,6,"DenseLayer( 128,64 )","all",0.14136894386476215,0.14663723707759951,0.18577938287966589,0.11230933661145771,6
480,6,"DenseLayer( 128,64 )","weights",0.14068363462428965,0.14594874117586559,0.18487114598840648,0.11149422127565148,6
480,6,"DenseLayer( 128,64 )","biases",0.01367552156612129,0.014193105612667142,0.018347710595133997,0.013506506292960494,6
480,8,"DenseLayer( 64,1 )","all",0.093402740197912185,0.096274003951272183,0.11207903345119766,0.08470435257101154,6
480,8,"DenseLayer( 64,1 )","weights",0.091745526255016654,0.094596466108664623,0.11205640924249301,0.081941832506752604,6
480,8,"DenseLayer( 64,1 )","biases",0.015748213588570554,0.017893921777012302,0.023566311225295067,0.021456081420183182,6
481,0,"Conv2DLayer(1,8,5, stride=5, padding=0)","all",0.16377110065918127,0.18805817578120335,0.29669939303173065,0.13313637034139775,6
481,0,"Conv2DLayer(1,8,5, stride=5, padding=0)","weights",0.16205155328050486,0.18615911552262077,0.29348718386570827,0.13121760583238279,6
481,0,"Conv2DLayer(1,8,5, stride=5, padding=0)","biases",0.023437630859565215,0.026658229235819588,0.043540816850093013,0.022521834456794065,6
481,4,"DenseLayer( 7202,128 )","all",0.10323138553997344,0.10887064415390166,0.16070895255245532,0.1071953582964161,6
481,4,"DenseLayer( 7202,128 )","weights",0.10295428073485741,0.10858104891096665,0.16031536196279098,0.10689930265717466,6
481,4,"DenseLayer( 7202,128 )","biases",0.0075511254127692898,0.0079355513910344469,0.011240647189848501,0.0079614026218245374,6
481,6,"DenseLayer( 128,64 )","all",0.17232764293966787,0.18197689460035726,0.26039330859570226,0.17652173424763568,6
481,6,"DenseLayer( 128,64 )","weights",0.17132275919444725,0.18088929674876966,0.25889694989441603,0.17544917379140579,6
481,6,"DenseLayer( 128,64 )","biases",0.018490210419195605,0.01986586243094127,0.027875517874738645,0.019429618568206491,6
481,8,"DenseLayer( 64,1 )","all",0.12049735677589939,0.12679760870284085,0.17279825940745544,0.12947261587942577,6
481,8,"DenseLayer( 64,1 )","weights",0.11774849214746888,0.12373947523919777,0.16869096394062102,0.1263557547357268,6
481,8,"DenseLayer( 64,1 )","biases",0.0251433994465818,0.02767988150781546,0.038483262062072754,0.028237944468855858,6
482,0,"Conv2DLayer(1,8,5, stride=5, padding=0)","all",0.1526914490392299,0.15830210606443942,0.21584310589118985,0.13147969497784981,6
482,0,"Conv2DLayer(1,8,5, stride=5, padding=0)","weights",0.14774226040976171,0.15315580440734444,0.21465696541762944,0.12998140506651654,6
482,0,"Conv2DLayer(1,8,5, stride=5, padding=0)","biases",0.035183973675803552,0.040035688588761401,0.0656810783451032,0.019792537189622081,6
482,4,"DenseLayer( 7202,128 )","all",0.12874942069189269,0.13456265804813394,0.19759952095965039,0.092933432989676601,6
482,4,"DenseLayer( 7202,128 )","weights",0.12839390134513623,0.13418611442053244,0.19701042853925621,0.092654631127179379,6
482,4,"DenseLayer( 7202,128 )","biases",0.0095498882474092071,0.010059604251599876,0.015246695716185253,0.0071932119343888481,6
482,6,"DenseLayer( 128,64 )","all",0.23161082963393331,0.24674895784057288,0.38346629882944366,0.15677585943615913,6
482,6,"DenseLayer( 128,64 )","weights",0.23013701629133496,0.24513664814349526,0.38080836806253415,0.15579859406739405,6
482,6,"DenseLayer( 128,64 )","biases",0.026053682740775234,0.028161532848568895,0.045070934664167978,0.017477648256264303,6
482,8,"DenseLayer( 64,1 )","all",0.17186616280184419,0.18268804878894251,0.28627390231927524,0.1214845560931002,6
482,8,"DenseLayer( 64,1 )","weights",0.1673284274195726,0.1776773351036206,0.27771050355500937,0.11840835195270349,6
482,8,"DenseLayer( 64,1 )","biases",0.039119169116020203,0.042493384906203288,0.069495491683483124,0.027165411040186882,6
483,0,"Conv2DLayer(1,8,5, stride=5, padding=0)","all",0.22513675904195177,0.25044542073790205,0.34477102453449321,0.27644549386399997,6
483,0,"Conv2DLayer(1,8,5, stride=5, padding=0)","weights",0.22128140584325934,0.24652412591955025,0.33410431823636683,0.27468941979360928,6
483,0,"Conv2DLayer(1,8,5, stride=5, padding=0)","biases",0.038015347048532391,0.044144808394493272,0.085096203760077496,0.031110026216015288,6
483,4,"DenseLayer( 7202,128 )","all",0.17391146606350263,0.18205245363342928,0.2330106766683501,0.12187908309994114,6
483,4,"DenseLayer( 7202,128 )","weights",0.17342940645262112,0.18154860336481346,0.23236458665724838,0.1215529838875347,6
483,4,"DenseLayer( 7202,128 )","biases",0.012932458681340759,0.013535157562346961,0.017506959443712479,0.0089097140986164683,6
483,6,"DenseLayer( 128,64 )","all",0.30691246029773889,0.31943472911849347,0.42123471927594486,0.2252832431627057,6
483,6,"DenseLayer( 128,64 )","weights",0.30495234735593868,0.31737473399358246,0.41835063603356487,0.22429265141967525,6
483,6,"DenseLayer( 128,64 )","biases",0.034550908371865328,0.036219116354600241,0.049208068990723552,0.021103226507783974,6
483,8,"DenseLayer( 64,1 )","all",0.22339490617823243,0.23287313854278285,0.31343224448590418,0.16561901871621745,6
483,8,"DenseLayer( 64,1 )","weights",0.21744754526099552,0.2266232598455839,0.30442862495117406,0.16347558824404945,6
483,8,"DenseLayer( 64,1 )","biases",0.050818044381837048,0.053589147704802144,0.074585415422916412,0.02655920572578907,6
484,0,"Conv2DLayer(1,8,5, stride=5, padding=0)","all",0.14603675668370872,0.19183797940817099,0.4056974275021682,0.4056974275021682,6
484,0,"Conv2DLayer(1,8,5, stride=5, padding=0)","weights",0.14087733050341916,0.18841362632847736,0.40156277560683928,0.40156277560683928,6
484,0,"Conv2DLayer(1,8,5, stride=5, padding=0)","biases",0.033288199880127795,0.036084841099314167,0.057773176551132142,0.057773176551132142,6
484,4,"DenseLayer( 7202,128 )","all",0.12518222031208109,0.13292387367614095,0.21206913820693638,0.15400920902600099,6
484,4,"DenseLayer( 7202,128 )","weights",0.12485461924083138,0.13256384500096993,0.21142533882895784,0.15361290283150064,6
484,4,"DenseLayer( 7202,128 )","biases",0.0090307105902595573,0.0097766656703346666,0.016511979920441237,0.011041401563859984,6
484,6,"DenseLayer( 128,64 )","all",0.19578225978966457,0.22295891211895894,0.4086800162353873,0.24195006549524692,6
484,6,"DenseLayer( 128,64 )","weights",0.1946601459881685,0.22163198545687421,0.40603942867538356,0.24084628109133141,6
484,6,"DenseLayer( 128,64 )","biases",0.020828119753294596,0.024288670521737898,0.046382518594018929,0.023084693578855505,6
484,8,"DenseLayer( 64,1 )","all",0.14041508407038775,0.16322689749746178,0.30974386276844701,0.16611539387187377,6
484,8,"DenseLayer( 64,1 )","weights",0.13728087667900546,0.15939576180746959,0.30173572825316702,0.163689548822466,6
484,8,"DenseLayer( 64,1 )","biases",0.02893070977491637,0.035156950727605878,0.069977216422557831,0.028285255655646324,6
485,0,"Conv2DLayer(1,8,5, stride=5, padding=0)","all",0.20641261779512252,0.23131064100646884,0.37568306624194514,0.21759849398782524,6
485,0,"Conv2DLayer(1,8,5, stride=5, padding=0)","weights",0.20465218867658216,0.22961798776803052,0.37337613297378075,0.21506205790180621,6
485,0,"Conv2DLayer(1,8,5, stride=5, padding=0)","biases",0.025928031510557569,0.027931923245349436,0.041569575250359925,0.033127267270479474,6
485,4,"DenseLayer( 7202,128 )","all",0.09715060811898113,0.10097240148887791,0.12571797085737946,0.11695207440857759,6
485,4,"DenseLayer( 7202,128 )","weights",0.096927903261153775,0.10074529477565015,0.12545981130069023,0.11672408694911618,6
485,4,"DenseLayer( 7202,128 )","biases",0.0065531564810985812,0.0067684151024085685,0.0082117615834412933,0.0072989885850461298,6
485,6,"DenseLayer( 128,64 )","all",0.13046898108530661,0.13467410434042248,0.19043428892717101,0.12473481771940557,6
485,6,"DenseLayer( 128,64 )","weights",0.12992380814760107,0.13412733313674402,0.18982193471598793,0.12429934451509803,6
485,6,"DenseLayer( 128,64 )","biases",0.011707961797083624,0.012123237419101061,0.015891478307858569,0.010413822766415132,6
485,8,"DenseLayer( 64,1 )","all",0.087379722911129026,0.090403869218404626,0.12225736263830872,0.082290111199217045,6
485,8,"DenseLayer( 64,1 )","weights",0.086172840392139891,0.089213639255954297,0.1219361838723089,0.081336088268702394,6
485,8,"DenseLayer( 64,1 )","biases",0.013150136452168226,0.014621427439441666,0.024278346449136734,0.012494124472141266,6
486,0,"Conv2DLayer(1,8,5, stride=5, padding=0)","all",0.36280791660855344,0.39559136066204237,0.6178132330258358,0.24672964927943269,6
486,0,"Conv2DLayer(1,8,5, stride=5, padding=0)","weights",0.35495709758367583,0.38893439606371372,0.61290748354286717,0.23289970272738772,6
486,0,"Conv2DLayer(1,8,5, stride=5, padding=0)","biases",0.069067404470841851,0.072267282977847999,0.09151308963006928,0.081444756142100991,6
486,4,"DenseLayer( 7202,128 )","all",0.17142719780128807,0.17541430307046099,0.23877338213245439,0.17393883350318354,6
486,4,"DenseLayer( 7202,128 )","weights",0.17099833971902134,0.17497448119983094,0.23814047240934227,0.17350477125856242,6
486,4,"DenseLayer( 7202,128 )","biases",0.012108843416223302,0.012414050529361554,0.017373641403757984,0.012280559879831829,6
486,6,"DenseLayer( 128,64 )","all",0.2836162755796387,0.29542122196993348,0.4432276142613592,0.28094088896333635,6
486,6,"DenseLayer( 128,64 )","weights",0.28211352454273153,0.29386137270737039,0.44087155390579869,0.27916219741455028,6
486,6,"DenseLayer( 128,64 )","biases",0.029041344802664616,0.030318179707044951,0.045639796236428137,0.031563438123711221,6
486,8,"DenseLayer( 64,1 )","all",0.20078434581637217,0.21018809356073478,0.3190971281888606,0.20257673354127223,6
486,8,"DenseLayer( 64,1 )","weights",0.19678387341595494,0.20602507844725038,0.31274632916920647,0.19721599546667673,6
486,8,"DenseLayer( 64,1 )","biases",0.039297830003003277,0.041625733933475899,0.063345961272716522,0.04629453644156456,6
487,0,"Conv2DLayer(1,8,5, stride=5, padding=0)","all",0.350634423683721,0.39047357057266824,0.64986059291155063,0.12398189371803471,6
487,0,"Conv2DLayer(1,8,5, stride=5, padding=0)","weights",0.34562615794058599,0.38512698767364345,0.64024944570023046,0.12029004092049843,6
487,0,"Conv2DLayer(1,8,5, stride=5, padding=0)","biases",0.058534668659144258,0.064395750490182424,0.11135276152794719,0.030030251834689419,6
487,4,"DenseLayer( 7202,128 )","all",0.1491127748300401,0.16199814081648672,0.23699360283499954,0.11895742685338899,6
487,4,"DenseLayer( 7202,128 )","weights",0.14873872975543093,0.16158800659402772,0.23642224853126101,0.11865090298300117,6
487,4,"DenseLayer( 7202,128 )","biases",0.010548875809498079,0.011520145527150517,0.016446524986639829,0.0085342032374343957,6
487,6,"DenseLayer( 128,64 )","all",0.23903886232710864,0.27409573638138102,0.41610950941889296,0.14123565613931965,6
487,6,"DenseLayer( 128,64 )","weights",0.2378105853646586,0.27265283849220434,0.41407618596455503,0.14032544762905083,6
487,6,"DenseLayer( 128,64 )","biases",0.024095390869850995,0.028087405800384612,0.043913522257841925,0.016008726145782338,6
487,8,"DenseLayer( 64,1 )","all",0.16353092943660152,0.19327090277213571,0.3030981468562311,0.077238340757442972,6
487,8,"DenseLayer( 64,1 )","weights",0.16043551022866168,0.18948992944644286,0.29644080338467171,0.075043020831764617,6
487,8,"DenseLayer( 64,1 )","biases",0.030610234282600384,0.038042193637308104,0.063177026808261871,0.018284045159816742,6
488,0,"Conv2DLayer(1,8,5, stride=5, padding=0)","all",0.2415963201914969,0.26266915944550273,0.39214777334358669,0.12476503433005577,6
488,0,"Conv2DLayer(1,8,5, stride=5, padding=0)","weights",0.23722024777314316,0.25924828216000895,0.38832951875480126,0.11488661310081018,6
488,0,"Conv2DLayer(1,8,5, stride=5, padding=0)","biases",0.041272163326905136,0.042254177555495161,0.054589934988031504,0.048655728558975958,6
488,4,"DenseLayer( 7202,128 )","all",0.094774897934998173,0.096740503465303759,0.12422358418316466,0.12422358418316466,6
488,4,"DenseLayer( 7202,128 )","weights",0.094551072696805308,0.096511184196453895,0.12390053979247688,0.12390053979247688,6
488,4,"DenseLayer( 7202,128 )","biases",0.0065057816316657453,0.0066570515784841458,0.0089529384251569328,0.0089529384251569328,6
488,6,"DenseLayer( 128,64 )","all",0.13387907704624283,0.14087640909887697,0.20797273232003582,0.20797273232003582,6
488,6,"DenseLayer( 128,64 )","weights",0.13327591296633601,0.14019943221222592,0.20655920877634193,0.20655920877634193,6
488,6,"DenseLayer( 128,64 )","biases",0.012560364642869739,0.013794268663601377,0.024206417710038203,0.024206417710038203,6
488,8,"DenseLayer( 64,1 )","all",0.083974177138448944,0.089344828812132931,0.1441700266166048,0.1441700266166048,6
488,8,"DenseLayer( 64,1 )","weights",0.082733291937175435,0.087754801397045987,0.13973434389242889,0.13973434389242889,6
488,8,"DenseLayer( 64,1 )","biases",0.013500105201577147,0.016780740962018207,0.035486754029989243,0.035486754029989243,6
489,0,"Conv2DLayer(1,8,5, stride=5, padding=0)","all",0.14661142120428461,0.15014495390991031,0.19108357030183942,0.11195542517310732,6
489,0,"Conv2DLayer(1,8,5, stride=5, padding=0)","weights",0.14444683338799957,0.14812332641737905,0.18963065199039347,0.1069660332662293,6
489,0,"Conv2DLayer(1,8,5, stride=5, padding=0)","biases",0.022775792241243365,0.024555800855595614,0.03630125974200081,0.033049734537196514,6
489,4,"DenseLayer( 7202,128 )","all",0.13342998161576042,0.13958626621021353,0.17208748099035617,0.16902883529352192,6
489,4,"DenseLayer( 7202,128 )","weights",0.13303141518739642,0.1391645805954175,0.17156166262850314,0.16851078560159605,6
489,4,"DenseLayer( 7202,128 )","biases",0.010299796123450814,0.010841827438681565,0.013442359530598193,0.013223550832415918,6
489,6,"DenseLayer( 128,64 )","all",0.23525547916667475,0.25199899332414993,0.32156582726488153,0.32156582726488153,6
489,6,"DenseLayer( 128,64 )","weights",0.2336799966393408,0.2502678868340944,0.3192528001106279,0.3192528001106279,6
489,6,"DenseLayer( 128,64 )","biases",0.027085520577896038,0.029486903126335496,0.038499751766356831,0.038499751766356831,6
489,8,"DenseLayer( 64,1 )","all",0.17089707494017994,0.18487992169765632,0.24427977855967947,0.24427977855967947,6
489,8,"DenseLayer( 64,1 )","weights",0.16593558716628165,0.17936376282911143,0.23660063842941884,0.23660063842941884,6
489,8,"DenseLayer( 64,1 )","biases",0.040569586756949626,0.044824391024461216,0.060767985880374908,0.060767985880374908,6
490,0,"Conv2DLayer(1,8,5, stride=5, padding=0)","all",0.11684581487545827,0.14126442270466028,0.28978849936507201,0.057156775309680413,6
490,0,"Conv2DLayer(1,8,5, stride=5, padding=0)","weights",0.11231912548150248,0.13748982557849609,0.28390183291803173,0.045907954104345478,6
490,0,"Conv2DLayer(1,8,5, stride=5, padding=0)","biases",0.028959180481085835,0.032437401012961158,0.05811302461619345,0.034049327654956732,6
490,4,"DenseLayer( 7202,128 )","all",0.13156464222398345,0.1377488547454363,0.1882448371120633,0.081674182141999216,6
490,4,"DenseLayer( 7202,128 )","weights",0.13117601523011049,0.1373389208593675,0.18766988992487085,0.081439735523344173,6
490,4,"DenseLayer( 7202,128 )","biases",0.010098551208426997,0.010619218467651036,0.014701398400631746,0.0061839717376632091,6
490,6,"DenseLayer( 128,64 )","all",0.23828646728299877,0.25099796120428247,0.3480862734502263,0.143372193414881,6
490,6,"DenseLayer( 128,64 )","weights",0.23671583810999752,0.2493397617142076,0.34574168145065637,0.14234458125056401,6
490,6,"DenseLayer( 128,64 )","biases",0.027291841331354958,0.028803814973170604,0.040332908054572222,0.017134936042939471,6
490,8,"DenseLayer( 64,1 )","all",0.17656372479563884,0.18612946694927293,0.2592061538025438,0.10701239764203617,6
490,8,"DenseLayer( 64,1 )","weights",0.17176083675900969,0.18106973622782963,0.25209767527612109,0.10370372184137622,6
490,8,"DenseLayer( 64,1 )","biases",0.040835318776468434,0.043103701571961028,0.060287579894065857,0.026404380798339844,6
491,0,"Conv2DLayer(1,8,5, stride=5, padding=0)","all",0.24799249379320845,0.2876266200565421,0.45002328160704758,0.20890597237715458,6
491,0,"Conv2DLayer(1,8,5, stride=5, padding=0)","weights",0.24515923191806141,0.284656046082018,0.44724149935299523,0.2067913295859006,6
491,0,"Conv2DLayer(1,8,5, stride=5, padding=0)","biases",0.036045241398878221,0.04123115319879448,0.070593304170670224,0.029648799350730882,6
491,4,"DenseLayer( 7202,128 )","all",0.1508004335344581,0.16535745885536565,0.24143143136068124,0.11401289912185078,6
491,4,"DenseLayer( 7202,128 )","weights",0.15037601028908532,0.16487955000693211,0.24067270995399359,0.1137205336940595,6
491,4,"DenseLayer( 7202,128 )","biases",0.011281961434292899,0.012562769941995851,0.019125447243612457,0.0081597415711283754,6
491,6,"DenseLayer( 128,64 )","all",0.25093564487826969,0.28270327135890827,0.44626978468086076,0.17913212421046007,6
491,6,"DenseLayer( 128,64 )","weights",0.24935415988772178,0.28082701490602907,0.44314217134838918,0.17810398537699518,6
491,6,"DenseLayer( 128,64 )","biases",0.027912132810903278,0.032516570175795741,0.052742171852671313,0.019164767595324095,6
491,8,"DenseLayer( 64,1 )","all",0.17607618862540364,0.20212883299136525,0.332400075894284,0.11870045480540813,6
491,8,"DenseLayer( 64,1 )","weights",0.17122502783531329,0.19611874597550577,0.32246212600249596,0.11587093221973489,6
491,8,"DenseLayer( 64,1 )","biases",0.04009875406821569,0.048923436136950389,0.080672100186347961,0.025762861594557762,6
492,0,"Conv2DLayer(1,8,5, stride=5, padding=0)","all",0.15242888563466875,0.16347905272126725,0.2460715719757712,0.092894214902268846,6
492,0,"Conv2DLayer(1,8,5, stride=5, padding=0)","weights",0.14623457621073871,0.15855081164511425,0.24056199020357938,0.07724039092652428,6
492,0,"Conv2DLayer(1,8,5, stride=5, padding=0)","biases",0.038665520393884045,0.039837680722130203,0.051779797256460293,0.051606755098791222,6
492,4,"DenseLayer( 7202,128 )","all",0.1811441904437574,0.18233347763330118,0.21867548705450301,0.19336633907427472,6
492,4,"DenseLayer( 7202,128 )","weights",0.18058940139651286,0.18177429235914372,0.2179917652797759,0.19279170045890665,6
492,4,"DenseLayer( 7202,128 )","biases",0.014164992391102414,0.014268976949525575,0.017278857275040024,0.014896352612320923,6
492,6,"DenseLayer( 128,64 )","all",0.32171946410315622,0.32620045824160654,0.41036629608438185,0.32722603234874714,6
492,6,"DenseLayer( 128,64 )","weights",0.31942294796498244,0.32388281889267795,0.40759387791752899,0.32484268065856081,6
492,6,"DenseLayer( 128,64 )","biases",0.038365640031958193,0.038815700214821051,0.047620664066820743,0.039422190061735432,6
492,8,"DenseLayer( 64,1 )","all",0.23687604689966191,0.24187775418290997,0.31592170812189602,0.234147414170498,6
492,8,"DenseLayer( 64,1 )","weights",0.22947657703661756,0.23443875911864401,0.30705288559958399,0.22647047660886951,6
492,8,"DenseLayer( 64,1 )","biases",0.058676815281311669,0.05952576073834441,0.074330687522888184,0.059465408325195312,6
493,0,"Conv2DLayer(1,8,5, stride=5, padding=0)","all",0.16592990423311424,0.17788737903703256,0.24767099882516655,0.24767099882516655,6
493,0,"Conv2DLayer(1,8,5, stride=5, padding=0)","weights",0.16191086193341941,0.17351270056558937,0.24543229050330873,0.24543229050330873,6
493,0,"Conv2DLayer(1,8,5, stride=5, padding=0)","biases",0.03320904956604559,0.039207937501238251,0.076538248253406424,0.03322520786022444,6
493,4,"DenseLayer( 7202,128 )","all",0.16384268191593115,0.17386008340068182,0.24717342913107324,0.24717342913107324,6
493,4,"DenseLayer( 7202,128 )","weights",0.16336907650219826,0.17335321593899744,0.24642353869365852,0.24642353869365852,6
493,4,"DenseLayer( 7202,128 )","biases",0.012435832393003112,0.013266164619036118,0.019239117602131962,0.019239117602131962,6
493,6,"DenseLayer( 128,64 )","all",0.2919335795731875,0.31918147350595161,0.47672458044378563,0.47672458044378563,6
493,6,"DenseLayer( 128,64 )","weights",0.2900331845913427,0.31707132747317074,0.47349026450362119,0.47349026450362119,6
493,6,"DenseLayer( 128,64 )","biases",0.033178468558993819,0.036641319897512056,0.055437307109871818,0.055437307109871818,6
493,8,"DenseLayer( 64,1 )","all",0.21675730198337786,0.23872527185367415,0.35599129785289624,0.35599129785289624,6
493,8,"DenseLayer( 64,1 )","weights",0.21090855943219677,0.23220513605207002,0.3460888458861246,0.3460888458861246,6
493,8,"DenseLayer( 64,1 )","biases",0.049803071189671755,0.055412365160226539,0.083380542695522308,0.083380542695522308,6
494,0,"Conv2DLayer(1,8,5, stride=5, padding=0)","all",0.20876701196174843,0.2284830530894324,0.32570485180148689,0.080374067746667305,6
494,0,"Conv2DLayer(1,8,5, stride=5, padding=0)","weights",0.20352741259552329,0.2232204777668447,0.3137246365225112,0.078001106436352066,6
494,0,"Conv2DLayer(1,8,5, stride=5, padding=0)","biases",0.042750933578423224,0.048755757143233658,0.087524299059442826,0.019386030043584024,6
494,4,"DenseLayer( 7202,128 )","all",0.15167593563976159,0.17518071270286012,0.28531561244822085,0.14116209192523707,6
494,4,"DenseLayer( 7202,128 )","weights",0.15124916599809721,0.17467075025069162,0.28444075404140795,0.14076546282750571,6
494,4,"DenseLayer( 7202,128 )","biases",0.011347147643342893,0.013357062174839731,0.022326131484397767,0.010574529382775772,6
494,6,"DenseLayer( 128,64 )","all",0.26726237963473215,0.31411046285059596,0.51975377031066472,0.25375576659369936,6
494,6,"DenseLayer( 128,64 )","weights",0.26557520242933574,0.31200443980546111,0.51604823585338178,0.25222356289033521,6
494,6,"DenseLayer( 128,64 )","biases",0.029790083147612948,0.036312703202818659,0.061953208349234651,0.027843552260104279,6
494,8,"DenseLayer( 64,1 )","all",0.19549634853016629,0.23089828906683704,0.37951541385668419,0.19831115728720555,6
494,8,"DenseLayer( 64,1 )","weights",0.19055570726722579,0.22452038525435281,0.36810097127789809,0.19364394064406101,6
494,8,"DenseLayer( 64,1 )","biases",0.043058416495720543,0.053894494145781048,0.092377617955207825,0.042770776897668839,6
495,0,"Conv2DLayer(1,8,5, stride=5, padding=0)","all",0.1231953799983589,0.13460056145978963,0.18516134828775954,0.058323429160731376,6
495,0,"Conv2DLayer(1,8,5, stride=5, padding=0)","weights",0.1191854505629928,0.12990002553007424,0.18005206785176109,0.057875228281013658,6
495,0,"Conv2DLayer(1,8,5, stride=5, padding=0)","biases",0.029713815190947099,0.035260381628346923,0.061154374452424727,0.0072166710114434226,6
495,4,"DenseLayer( 7202,128 )","all",0.072855277493452331,0.07385875386521186,0.092125124119264185,0.054638984169044655,6
495,4,"DenseLayer( 7202,128 )","weights",0.072661615491368917,0.073661397413414334,0.091859515996936897,0.05450658548248042,6
495,4,"DenseLayer( 7202,128 )","biases",0.0053041142644721893,0.0053957440288605807,0.0069905518235921201,0.0038014115886296444,6
495,6,"DenseLayer( 128,64 )","all",0.11202983784609927,0.11466504227057463,0.14189950608359705,0.083380181859046151,6
495,6,"DenseLayer( 128,64 )","weights",0.1114005212647,0.11400621651500671,0.1408015392165306,0.083083279846271119,6
495,6,"DenseLayer( 128,64 )","biases",0.011706629933695119,0.012274140085809604,0.017618069730381509,0.0070301733146350687,6
495,8,"DenseLayer( 64,1 )","all",0.080757173049957998,0.083126720364730483,0.10358801718415811,0.070020792044791211,6
495,8,"DenseLayer( 64,1 )","weights",0.078888553511362494,0.08119952979981547,0.10120475208373257,0.069185551534287418,6
495,8,"DenseLayer( 64,1 )","biases",0.016662656950453918,0.017795729793548171,0.025554517284035683,0.010782892815768719,6
496,0,"Conv2DLayer(1,8,5, stride=5, padding=0)","all",0.2254333866358503,0.2650954633600841,0.45015612570304203,0.45015612570304203,6
496,0,"Conv2DLayer(1,8,5, stride=5, padding=0)","weights",0.22196310532694569,0.26159775161712534,0.44610676585453091,0.44610676585453091,6
496,0,"Conv2DLayer(1,8,5, stride=5, padding=0)","biases",0.037593698322829119,0.042921102536659865,0.065201806952347216,0.060243596894472833,6
496,4,"DenseLayer( 7202,128 )","all",0.11114390003208501,0.11835796501803221,0.1652085455125436,0.16316114481620081,6
496,4,"DenseLayer( 7202,128 )","weights",0.11084496533886537,0.11804190309264537,0.16473523110855467,0.16277102321735798,6
496,4,"DenseLayer( 7202,128 )","biases",0.0081351441335942506,0.0086438994369589274,0.012496685239745235,0.011276221818834952,6
496,6,"DenseLayer( 128,64 )","all",0.18157000980645271,0.19180690388039873,0.27192005402879227,0.25348609262348198,6
496,6,"DenseLayer( 128,64 )","weights",0.18049921290331752,0.19066722524433077,0.27000681705280866,0.25231302728484378,6
496,6,"DenseLayer( 128,64 )","biases",0.019562067460343072,0.020878160690351578,0.032199915031447195,0.024358477289809437,6
496,8,"DenseLayer( 64,1 )","all",0.12688441382531707,0.13409755602293746,0.18794960765816698,0.17717340977823959,6
496,8,"DenseLayer( 64,1 )","weights",0.12400914896920126,0.13095479713488883,0.1822441789855492,0.17439030710850062,6
496,8,"DenseLayer( 64,1 )","biases",0.025976569158956409,0.028861663823919886,0.045957744121551514,0.031279992312192917,6
497,0,"Conv2DLayer(1,8,5, stride=5, padding=0)","all",0.31505535798049145,0.35886429110051504,0.58082815479755212,0.18133704654261509,6
497,0,"Conv2DLayer(1,8,5, stride=5, padding=0)","weights",0.31034286523026233,0.35392456495808905,0.57040115745660447,0.17956257328847644,6
497,0,"Conv2DLayer(1,8,5, stride=5, padding=0)","biases",0.050425590465998794,0.059337860985231194,0.10956215120969051,0.025306258570145734,6
497,4,"DenseLayer( 7202,128 )","all",0.11678107169257057,0.1374064388852462,0.22192873021182896,0.058592017380349616,6
497,4,"DenseLayer( 7202,128 )","weights",0.11649883972290501,0.13707270620925061,0.22139527677855331,0.058457862456613274,6
497,4,"DenseLayer( 7202,128 )","biases",0.0081131130994292512,0.0095709278336724591,0.015378319595538975,0.003962678097306791,6
497,6,"DenseLayer( 128,64 )","all",0.17712003674767812,0.21633694953159541,0.35356913614234231,0.071130885246802694,6
497,6,"DenseLayer( 128,64 )","weights",0.1763034295643999,0.21527906572860964,0.35187253684647679,0.070962649037267178,6
497,6,"DenseLayer( 128,64 )","biases",0.016911351366082732,0.021368191117945023,0.035895183063134592,0.0048893023640860147,6
497,8,"DenseLayer( 64,1 )","all",0.12260365627563791,0.15283966389928616,0.25513745401132881,0.046095361070640738,6
497,8,"DenseLayer( 64,1 )","weights",0.1207531069863631,0.15024394017418657,0.25086404105192706,0.046041167253445633,6
497,8,"DenseLayer( 64,1 )","biases",0.020506003134263057,0.028048552579094048,0.04797372967004776,0.0022345536854118109,6
498,0,"Conv2DLayer(1,8,5, stride=5, padding=0)","all",0.16671264628915258,0.20052312472687264,0.38654412186000375,0.1654801350762424,6
498,0,"Conv2DLayer(1,8,5, stride=5, padding=0)","weights",0.16445412369498483,0.19821577069444754,0.38228631306642014,0.16279742417297863,6
498,0,"Conv2DLayer(1,8,5, stride=5, padding=0)","biases",0.02579501023249994,0.030332025950060054,0.057214796920066424,0.029676148461259381,6
498,4,"DenseLayer( 7202,128 )","all",0.10907610022867718,0.11277710455042483,0.14677380889369418,0.13180644229934724,6
498,4,"DenseLayer( 7202,128 )","weights",0.10877624806128133,0.11247089146563824,0.14640011389355845,0.13147235797722967,6
498,4,"DenseLayer( 7202,128 )","biases",0.0080769149447511724,0.0083050516977364944,0.010466978031684546,0.009378556366431208,6
498,6,"DenseLayer( 128,64 )","all",0.19540095100255703,0.20212164924438286,0.2611041882844064,0.21020205230107122,6
498,6,"DenseLayer( 128,64 )","weights",0.19420617994468775,0.20092001661685793,0.25980625354918502,0.20888666217540411,6
498,6,"DenseLayer( 128,64 )","biases",0.02152077700695583,0.022006999249122309,0.027732623130627018,0.023479036539025389,6
498,8,"DenseLayer( 64,1 )","all",0.14599835887554868,0.1514900022405119,0.19271681932505563,0.15860548535387245,6
498,8,"DenseLayer( 64,1 )","weights",0.14241064860658478,0.14794103117642329,0.18812805716411218,0.15445301323329894,6
498,8,"DenseLayer( 64,1 )","biases",0.031942532397806644,0.032598651402885447,0.04180438444018364,0.036055050790309906,6
499,0,"Conv2DLayer(1,8,5, stride=5, padding=0)","all",0.25686187745120392,0.28174489311047513,0.44053426147181218,0.14829167759428394,6
499,0,"Conv2DLayer(1,8,5, stride=5, padding=0)","weights",0.25160326729043886,0.27638615609495326,0.43630250882905969,0.14197442041767952,6
499,0,"Conv2DLayer(1,8,5, stride=5, padding=0)","biases",0.049947365448896781,0.054688915813802717,0.087931733095658535,0.042821555212194731,6
499,4,"DenseLayer( 7202,128 )","all",0.12304067582834154,0.13413786436024386,0.18366741218078128,0.1536558960423573,6
499,4,"DenseLayer( 7202,128 )","weights",0.12270330621323554,0.13376466194358255,0.18317408197882051,0.15317717059370928,6
499,4,"DenseLayer( 7202,128 )","biases",0.0090949275410745628,0.0099990934712231999,0.013452657298888804,0.012119768870956192,6
499,6,"DenseLayer( 128,64 )","all",0.20678434578876931,0.23669284813525618,0.34639124240986946,0.29366052791977437,6
499,6,"DenseLayer( 128,64 )","weights",0.20560706342905882,0.23527487233181674,0.34456545133155142,0.29162083422459345,6
499,6,"DenseLayer( 128,64 )","biases",0.021847508411984049,0.025869650318989412,0.036733628835047751,0.034551334334187334,6
499,8,"DenseLayer( 64,1 )","all",0.14587598348206576,0.17154168381166859,0.25259477103871847,0.2225317777915207,6
499,8,"DenseLayer( 64,1 )","weights",0.14267318531408379,0.16749093918419747,0.24785779061603089,0.21626200379270533,6
499,8,"DenseLayer( 64,1 )","biases",0.029195286993247766,0.037058529060635309,0.054042704403400421,0.052451290190219879,6
500,0,"Conv2DLayer(1,8,5, stride=5, padding=0)","all",0.38579773529682893,0.45435931106788974,0.75716327331030209,0.75716327331030209,6
500,0,"Conv2DLayer(1,8,5, stride=5, padding=0)","weights",0.38050217018125987,0.44771425138986187,0.74210759339164845,0.74210759339164845,6
500,0,"Conv2DLayer(1,8,5, stride=5, padding=0)","biases",0.061749499421410448,0.0774230757365202,0.15024161301193142,0.15024161301193142,6
500,4,"DenseLayer( 7202,128 )","all",0.12106271837048835,0.13275997606808207,0.2076525734842542,0.2076525734842542,6
500,4,"DenseLayer( 7202,128 )","weights",0.12076418608635978,0.13244396885858789,0.20717763774499287,0.20717763774499287,6
500,4,"DenseLayer( 7202,128 )","biases",0.0084818486769266243,0.0091545812893392645,0.014036299121851562,0.014036299121851562,6
500,6,"DenseLayer( 128,64 )","all",0.17601853661260691,0.19019169522482759,0.2834987585472038,0.2834987585472038,6
500,6,"DenseLayer( 128,64 )","weights",0.17527992257202582,0.18949424905354281,0.28271839314080588,0.28271839314080588,6
500,6,"DenseLayer( 128,64 )","biases",0.015767518347904338,0.016272999358680026,0.021020377677066153,0.021020377677066153,6
500,8,"DenseLayer( 64,1 )","all",0.10714068517294333,0.11453942655352539,0.16557675396607313,0.16557675396607313,6
500,8,"DenseLayer( 64,1 )","weights",0.10578098365215509,0.11355112669465754,0.16550914263447769,0.16550914263447769,6
500,8,"DenseLayer( 64,1 )","biases",0.012818235244291524,0.01501405546760334,0.022511126473546028,0.0047312956303358078,6
501,0,"Conv2DLayer(1,8,5, stride=5, padding=0)","all",0.47558142890893623,0.57092855871363979,1.0306547234778398,0.073079187867990295,6
501,0,"Conv2DLayer(1,8,5, stride=5, padding=0)","weights",0.47117166376780056,0.56548975638872045,1.0211220363307092,0.071268663811780653,6
501,0,"Conv2DLayer(1,8,5, stride=5, padding=0)","biases",0.063474705043018984,0.078617775180041247,0.13985330152344733,0.016166176354611726,6
501,4,"DenseLayer( 7202,128 )","all",0.15368953533866636,0.1679348148712112,0.29052348011114876,0.11604894936892472,6
501,4,"DenseLayer( 7202,128 )","weights",0.15332275357026678,0.1675416231847385,0.28985916310736676,0.11571793654255007,6
501,4,"DenseLayer( 7202,128 )","biases",0.010597831591346231,0.011485057529288885,0.019635632370514713,0.0087588704731607347,6
501,6,"DenseLayer( 128,64 )","all",0.23508111235558599,0.24761798625140211,0.3917088300165748,0.22274110108225093,6
501,6,"DenseLayer( 128,64 )","weights",0.23413349605848244,0.24669029509270055,0.39059407925566064,0.22114204989480729,6
501,6,"DenseLayer( 128,64 )","biases",0.020661361290882359,0.021414140708323634,0.029530878134193504,0.026641919594054951,6
501,8,"DenseLayer( 64,1 )","all",0.15049338272543855,0.15679292820528135,0.2374489033032251,0.16493624722040875,6
501,8,"DenseLayer( 64,1 )","weights",0.1488814221503936,0.1553268433316044,0.23725629879920568,0.15986043682238818,6
501,8,"DenseLayer( 64,1 )","biases",0.016593118244297028,0.021391448661222848,0.040603034198284149,0.040603034198284149,6
502,0,"Conv2DLayer(1,8,5, stride=5, padding=0)","all",0.86663317953250973,0.91547460775417333,1.1779737794107601,1.1779737794107601,6
502,0,"Conv2DLayer(1,8,5, stride=5, padding=0)","weights",0.85785258297136702,0.90598443699557829,1.1645648958244095,1.1645648958244095,6
502,0,"Conv2DLayer(1,8,5, stride=5, padding=0)","biases",0.12280664529187689,0.13147607145204207,0.17723100291075525,0.17723100291075525,6
502,4,"DenseLayer( 7202,128 )","all",0.25975232688982386,0.26528148300445531,0.33545494160828265,0.33545494160828265,6
502,4,"DenseLayer( 7202,128 )","weights",0.2591083892305629,0.26462902066530125,0.33461077167643621,0.33461077167643621,6
502,4,"DenseLayer( 7202,128 )","biases",0.018233164323878805,0.018594263813517576,0.023783383432896821,0.023783383432896821,6
502,6,"DenseLayer( 128,64 )","all",0.39736894616272056,0.40336290385871892,0.50947627581238786,0.50947627581238786,6
502,6,"DenseLayer( 128,64 )","weights",0.39567831959052596,0.40164943815980991,0.50717930574745684,0.50717930574745684,6
502,6,"DenseLayer( 128,64 )","biases",0.035874793849815005,0.037139750069799062,0.048324191014313907,0.048324191014313907,6
502,8,"DenseLayer( 64,1 )","all",0.25292939836636241,0.25653854381152535,0.32349379809747469,0.32349379809747469,6
502,8,"DenseLayer( 64,1 )","weights",0.24916403551896446,0.25251985036893659,0.31729593098881054,0.31729593098881054,6
502,8,"DenseLayer( 64,1 )","biases",0.034151149481961816,0.045229963857909533,0.069088011980056763,0.063020072877407074,6
503,0,"Conv2DLayer(1,8,5, stride=5, padding=0)","all",0.62532716954058187,0.73127024320981604,1.1710666107018637,0.50911341670213861,6
503,0,"Conv2DLayer(1,8,5, stride=5, padding=0)","weights",0.61892580063211577,0.72405187344389699,1.1597444605420086,0.5013123715962946,6
503,0,"Conv2DLayer(1,8,5, stride=5, padding=0)","biases",0.088385889601330828,0.10249416162165716,0.16244935500910992,0.088782752551517657,6
503,4,"DenseLayer( 7202,128 )","all",0.20443226394043307,0.21773428493897309,0.31646927014158005,0.15749090464306631,6
503,4,"DenseLayer( 7202,128 )","weights",0.203886795066128,0.21716513671612564,0.3155998337002407,0.15705937234465525,6
503,4,"DenseLayer( 7202,128 )","biases",0.014900667099128077,0.015732839316296147,0.023442352960502861,0.011650691138054569,6
503,6,"DenseLayer( 128,64 )","all",0.32698603911421159,0.3442012043760958,0.4914002340233527,0.2559727921703509,6
503,6,"DenseLayer( 128,64 )","weights",0.32531024487119237,0.34252387908829135,0.48879767832370152,0.25445575231981954,6
503,6,"DenseLayer( 128,64 )","biases",0.032705614112934961,0.033939082902524807,0.050507619856463223,0.027826973296430978,6
503,8,"DenseLayer( 64,1 )","all",0.21382245383693388,0.22227571700793544,0.31317390849845284,0.16377972691964679,6
503,8,"DenseLayer( 64,1 )","weights",0.2094112385144819,0.21794977666759885,0.30581940613716913,0.15912135527594332,6
503,8,"DenseLayer( 64,1 )","biases",0.040869011854132019,0.043639308220176636,0.06747138500213623,0.038783930242061615,6
504,0,"Conv2DLayer(1,8,5, stride=5, padding=0)","all",0.43021449990504568,0.4724702758469993,0.64484236792574956,0.64484236792574956,6
504,0,"Conv2DLayer(1,8,5, stride=5, padding=0)","weights",0.42425821127365926,0.46801225319667156,0.63826720471423048,0.63826720471423048,6
504,0,"Conv2DLayer(1,8,5, stride=5, padding=0)","biases",0.061842245888912017,0.064751003210098829,0.091851264870824789,0.091851264870824789,6
504,4,"DenseLayer( 7202,128 )","all",0.11536835307902517,0.12684911388590683,0.18699380164325449,0.18699380164325449,6
504,4,"DenseLayer( 7202,128 )","weights",0.11509974683747043,0.12655017481296024,0.18652826449827045,0.18652826449827045,6
504,4,"DenseLayer( 7202,128 )","biases",0.0078654769159080817,0.0087035020795631513,0.013186674950876083,0.013186674950876083,6
504,6,"DenseLayer( 128,64 )","all",0.17107488645772451,0.1866882035132611,0.25756975697235734,0.25756975697235734,6
504,6,"DenseLayer( 128,64 )","weights",0.17052138016462176,0.18607534351499591,0.25653417450316834,0.25653417450316834,6
504,6,"DenseLayer( 128,64 )","biases",0.013698444512317668,0.01511462426873582,0.023073730057733721,0.023073730057733721,6
504,8,"DenseLayer( 64,1 )","all",0.1031195692304973,0.11266279801590406,0.15613059953747851,0.15613059953747851,6
504,8,"DenseLayer( 64,1 )","weights",0.10261051028690536,0.11200752606510692,0.15396288469394748,0.15396288469394748,6
504,8,"DenseLayer( 64,1 )","biases",0.0071373312894138508,0.012133431565175346,0.025926709175109863,0.025926709175109863,6
505,0,"Conv2DLayer(1,8,5, stride=5, padding=0)","all",0.35855378998135623,0.43627961125973763,0.70800627661895066,0.50504597710355004,6
505,0,"Conv2DLayer(1,8,5, stride=5, padding=0)","weights",0.35230727080279878,0.430254497077322,0.69844250142105768,0.49901332511449786,6
505,0,"Conv2DLayer(1,8,5, stride=5, padding=0)","biases",0.063406058562942139,0.072256258868616585,0.11597827357106991,0.077827632282191625,6
505,4,"DenseLayer( 7202,128 )","all",0.11137010356836853,0.12337741439692834,0.1975177789837633,0.13826322744551833,6
505,4,"DenseLayer( 7202,128 )","weights",0.11109813336563734,0.1230853573968609,0.19709255415279842,0.13792313362480846,6
505,4,"DenseLayer( 7202,128 )","biases",0.0077690719088857703,0.0084841721905203893,0.012953691064904583,0.0096917116529726122,6
505,6,"DenseLayer( 128,64 )","all",0.16250339961199353,0.18029557452768202,0.27325013696914391,0.21207511372604973,6
505,6,"DenseLayer( 128,64 )","weights",0.16186624214054016,0.17963884288527157,0.27253084890388679,0.21126262595058135,6
505,6,"DenseLayer( 128,64 )","biases",0.014140641587129098,0.015374664910418868,0.019813473935247978,0.018546070699252726,6
505,8,"DenseLayer( 64,1 )","all",0.10099652667474876,0.11297428600073511,0.17019169872088125,0.13224333708960434,6
505,8,"DenseLayer( 64,1 )","weights",0.099868381889379049,0.11183896512302921,0.16980196025513733,0.1306139087771287,6
505,8,"DenseLayer( 64,1 )","biases",0.013472391292452812,0.015976081421479785,0.027596877887845039,0.020695580169558525,6
506,0,"Conv2DLayer(1,8,5, stride=5, padding=0)","all",0.40536153882239961,0.44052530730508299,0.63166844758782004,0.1575138257298872,6
506,0,"Conv2DLayer(1,8,5, stride=5, padding=0)","weights",0.39903194193339514,0.43331966249285658,0.61787322669841571,0.15630168272812606,6
506,0,"Conv2DLayer(1,8,5, stride=5, padding=0)","biases",0.07037198230170412,0.079351222254698955,0.13129243469177804,0.019503570760799199,6
506,4,"DenseLayer( 7202,128 )","all",0.14017386232008452,0.14833421861299476,0.22248398074037809,0.11523796868987919,6
506,4,"DenseLayer( 7202,128 )","weights",0.13983440592999075,0.14797976067561736,0.22196027582427696,0.11488490451660183,6
506,4,"DenseLayer( 7202,128 )","biases",0.0097346846807876853,0.010248455586805932,0.015256396759910779,0.0090137751237124603,6
506,6,"DenseLayer( 128,64 )","all",0.22532452924471383,0.2365179052370433,0.35478754516990529,0.21492313371366842,6
506,6,"DenseLayer( 128,64 )","weights",0.2243232569698495,0.23546833843828932,0.35323125914029002,0.21342969167670481,6
506,6,"DenseLayer( 128,64 )","biases",0.021033902678320851,0.022257158193045096,0.033194574464102837,0.025292688984963854,6
506,8,"DenseLayer( 64,1 )","all",0.15065733942139026,0.15850742585123312,0.24313949605245772,0.15709722272625279,6
506,8,"DenseLayer( 64,1 )","weights",0.1484977453925834,0.15618390355937273,0.23975223595139508,0.15222834132001875,6
506,8,"DenseLayer( 64,1 )","biases",0.024228549251953762,0.02704056802178386,0.040443539619445801,0.038808111101388931,6
507,0,"Conv2DLayer(1,8,5, stride=5, padding=0)","all",0.42133449116035393,0.45666052855059935,0.56867532387142428,0.48493978286029565,6
507,0,"Conv2DLayer(1,8,5, stride=5, padding=0)","weights",0.41574262620760194,0.45161249701711642,0.56483775046539475,0.47623134754255031,6
507,0,"Conv2DLayer(1,8,5, stride=5, padding=0)","biases",0.064232212673183103,0.067712560681736006,0.091489325160902579,0.091489325160902579,6
507,4,"DenseLayer( 7202,128 )","all",0.13251020539803793,0.13498010726452478,0.16312835787335481,0.12650827959728053,6
507,4,"DenseLayer( 7202,128 )","weights",0.13219405773862081,0.13466130139034607,0.16272842329574935,0.12622018492588932,6
507,4,"DenseLayer( 7202,128 )","biases",0.0091374193594068679,0.0092716376655362295,0.011415839615934812,0.0085328614156103474,6
507,6,"DenseLayer( 128,64 )","all",0.2117455389916223,0.21532055236527711,0.26744433462525485,0.19743901156652227,6
507,6,"DenseLayer( 128,64 )","weights",0.21092041878230891,0.21449841522220339,0.26612843066890696,0.19683999934494542,6
507,6,"DenseLayer( 128,64 )","biases",0.01840835854100905,0.018798141877623478,0.026497745429565425,0.015368082061441562,6
507,8,"DenseLayer( 64,1 )","all",0.13834175582000011,0.14135557978192836,0.1946818462294248,0.12309185797942912,6
507,8,"DenseLayer( 64,1 )","weights",0.13698162019231566,0.13994051496096591,0.19114118764841923,0.12278454312684252,6
507,8,"DenseLayer( 64,1 )","biases",0.016243957099504769,0.019951245774256804,0.036960352212190628,0.008692610077559948,6
508,0,"Conv2DLayer(1,8,5, stride=5, padding=0)","all",0.28569101833644567,0.30262887013165635,0.42799919064027919,0.26608736685443768,6
508,0,"Conv2DLayer(1,8,5, stride=5, padding=0)","weights",0.28069449595054963,0.29765581301925692,0.42306338431745849,0.26337008566814274,6
508,0,"Conv2DLayer(1,8,5, stride=5, padding=0)","biases",0.051991348647754732,0.054637441493979831,0.074468250239913394,0.037929998348052378,6
508,4,"DenseLayer( 7202,128 )","all",0.12519410325066557,0.12701649913282231,0.15510251034057512,0.092467769298876581,6
508,4,"DenseLayer( 7202,128 )","weights",0.12484743599193013,0.12666352341041648,0.15463942627882071,0.092221539127822744,6
508,4,"DenseLayer( 7202,128 )","biases",0.0092970038246779629,0.0094627104582738052,0.011976500077459481,0.0067435954805816585,6
508,6,"DenseLayer( 128,64 )","all",0.19335723096001406,0.19911146803525917,0.27517409562630329,0.12585016770775104,6
508,6,"DenseLayer( 128,64 )","weights",0.19226353361191958,0.19794878353464893,0.2733135294929438,0.1252078153934984,6
508,6,"DenseLayer( 128,64 )","biases",0.020352065088901194,0.021486176958890154,0.031945226558339743,0.012699121089929351,6
508,8,"DenseLayer( 64,1 )","all",0.130258313763849,0.13620180240928662,0.20316137852631219,0.079558564592349987,6
508,8,"DenseLayer( 64,1 )","weights",0.12722576582761949,0.132867807407512,0.19756872249058585,0.077768883844140685,6
508,8,"DenseLayer( 64,1 )","biases",0.027155804292609293,0.029951239277509863,0.047340739518404007,0.016779925674200058,6
509,0,"Conv2DLayer(1,8,5, stride=5, padding=0)","all",0.17457857281376413,0.21342489751625066,0.41826871127891702,0.24177511077065317,6
509,0,"Conv2DLayer(1,8,5, stride=5, padding=0)","weights",0.17033370860409461,0.20973980057914435,0.41313672548404157,0.23687339810659916,6
509,0,"Conv2DLayer(1,8,5, stride=5, padding=0)","biases",0.03562234810160627,0.039489276175220765,0.065320447726954251,0.048437562465448281,6
509,4,"DenseLayer( 7202,128 )","all",0.087164820720395164,0.091899327893448096,0.13307233400697333,0.093289382962179951,6
509,4,"DenseLayer( 7202,128 )","weights",0.086940654887134566,0.091657984585454891,0.13272543496268893,0.093033843831057464,6
509,4,"DenseLayer( 7202,128 )","biases",0.0062349703011349419,0.0066558492320664894,0.0096023430488865556,0.0069002083651641356,6
509,6,"DenseLayer( 128,64 )","all",0.13327569160158501,0.14603072003491255,0.20248677744259794,0.1669052680958909,6
509,6,"DenseLayer( 128,64 )","weights",0.13255007573911937,0.14519874350788028,0.20108385507814117,0.16604800826150337,6
509,6,"DenseLayer( 128,64 )","biases",0.013813953506498592,0.015565862573201514,0.023794500751251588,0.016894598857295346,6
509,8,"DenseLayer( 64,1 )","all",0.08865652039304045,0.099506374923112054,0.15031235266503645,0.11766003271512994,6
509,8,"DenseLayer( 64,1 )","weights",0.086755705272644576,0.097116782199769006,0.14586556366397743,0.11566593378949969,6
509,8,"DenseLayer( 64,1 )","biases",0.017128733694941427,0.021676006677927906,0.036291055381298065,0.02157023549079895,6
510,0,"Conv2DLayer(1,8,5, stride=5, padding=0)","all",0.29462800297345648,0.35271888315136207,0.62282191265104125,0.62282191265104125,6
510,0,"Conv2DLayer(1,8,5, stride=5, padding=0)","weights",0.29017168735402538,0.34861263838081424,0.61795658095320971,0.61795658095320971,6
510,0,"Conv2DLayer(1,8,5, stride=5, padding=0)","biases",0.04832872530246847,0.053664130410469385,0.07769683992879324,0.07769683992879324,6
510,4,"DenseLayer( 7202,128 )","all",0.16632831218527278,0.17343808048172377,0.25592751347898218,0.25592751347898218,6
510,4,"DenseLayer( 7202,128 )","weights",0.16586872495102747,0.1729681428237306,0.25531102235977909,0.25531102235977909,6
510,4,"DenseLayer( 7202,128 )","biases",0.012336374375416145,0.012758892165639616,0.017753141049937821,0.017753141049937821,6
510,6,"DenseLayer( 128,64 )","all",0.28226159587686728,0.29530194108291125,0.44705034478397887,0.44705034478397887,6
510,6,"DenseLayer( 128,64 )","weights",0.28055710710696319,0.2935562785446913,0.44475937296059764,0.44475937296059764,6
510,6,"DenseLayer( 128,64 )","biases",0.030802648807713079,0.032061624012622886,0.045200784674277392,0.045200784674277392,6
510,8,"DenseLayer( 64,1 )","all",0.1993749803824843,0.20892281418118991,0.31496379124280088,0.31496379124280088,6
510,8,"DenseLayer( 64,1 )","weights",0.19442891761879041,0.20389574036160554,0.3089854723107095,0.3089854723107095,6
510,8,"DenseLayer( 64,1 )","biases",0.043405820615589619,0.045555124275768979,0.061075098812580109,0.061075098812580109,6
511,0,"Conv2DLayer(1,8,5, stride=5, padding=0)","all",0.36725966347901418,0.40939500470050355,0.7166244568048713,0.35592899549773643,6
511,0,"Conv2DLayer(1,8,5, stride=5, padding=0)","weights",0.36166066307541039,0.40419572441840107,0.70878642026983874,0.35155945184309362,6
511,0,"Conv2DLayer(1,8,5, stride=5, padding=0)","biases",0.061152806171639623,0.065039113121330941,0.10569968085072169,0.055600374601356965,6
511,4,"DenseLayer( 7202,128 )","all",0.11718166581644794,0.12920469313156929,0.22536427675001872,0.11290084024386011,6
511,4,"DenseLayer( 7202,128 )","weights",0.11688884204715257,0.12888386033926266,0.22481105184303687,0.11261237257541583,6
511,4,"DenseLayer( 7202,128 )","biases",0.0082744009857339627,0.009099630282183262,0.015781261175407131,0.0080655607805877744,6
511,6,"DenseLayer( 128,64 )","all",0.18715368597330723,0.21345262851705407,0.38531789366300218,0.16109193255748946,6
511,6,"DenseLayer( 128,64 )","weights",0.18636101950514955,0.21256361974724999,0.38379994706764797,0.16040563789003009,6
511,6,"DenseLayer( 128,64 )","biases",0.017136739157352403,0.019461042643856518,0.034168403646691888,0.014854025319733125,6
511,8,"DenseLayer( 64,1 )","all",0.12280084603619804,0.14406163110381018,0.26570174221059445,0.099957830580342841,6
511,8,"DenseLayer( 64,1 )","weights",0.12131492996744375,0.14233919867806916,0.26291150922787043,0.098569556037802625,6
511,8,"DenseLayer( 64,1 )","biases",0.017728900827933103,0.022210494726039979,0.038405131548643112,0.016601521521806717,6
512,0,"Conv2DLayer(1,8,5, stride=5, padding=0)","all",0.33502759541593952,0.42047902233560175,0.66755063106905244,0.079556720816877258,6
512,0,"Conv2DLayer(1,8,5, stride=5, padding=0)","weights",0.32776877679533684,0.41395231840779029,0.65512635366639738,0.073322002226163918,6
512,0,"Conv2DLayer(1,8,5, stride=5, padding=0)","biases",0.063653412560820355,0.073797603681413013,0.12819245598887871,0.030873221676413449,6
512,4,"DenseLayer( 7202,128 )","all",0.14549822918444399,0.16812726248763094,0.28939780683638117,0.056576100137399124,6
512,4,"DenseLayer( 7202,128 )","weights",0.14513348783209282,0.16771186012512648,0.28871433774809857,0.056452608421165555,6
512,4,"DenseLayer( 7202,128 )","biases",0.01027829698701991,0.011811365922481856,0.019877670396308174,0.0037360552998531135,6
512,6,"DenseLayer( 128,64 )","all",0.23249131690702449,0.27104160997671167,0.45920678320869579,0.068467968675611876,6
512,6,"DenseLayer( 128,64 )","weights",0.23134169499495916,0.26970283433545633,0.45693081111395867,0.068104297659984395,6
512,6,"DenseLayer( 128,64 )","biases",0.022908420755884975,0.02690604932332678,0.045662934636507363,0.0070475084111204338,6
512,8,"DenseLayer( 64,1 )","all",0.15934785005437208,0.18777791025709997,0.32238929052075654,0.045275576029186353,6
512,8,"DenseLayer( 64,1 )","weights",0.15658842867441805,0.18445211549904178,0.31651874240020023,0.044378402768966783,6
512,8,"DenseLayer( 64,1 )","biases",0.028598768481363852,0.03518466524569535,0.061243288218975067,0.0089685646817088127,6
513,0,"Conv2DLayer(1,8,5, stride=5, padding=0)","all",0.23034597598054291,0.26547320094036775,0.47007542480152287,0.2620134313010174,6
513,0,"Conv2DLayer(1,8,5, stride=5, padding=0)","weights",0.22765213905696091,0.26277606394455577,0.46534473048142022,0.26059722789345041,6
513,0,"Conv2DLayer(1,8,5, stride=5, padding=0)","biases",0.033554030908754313,0.037746001580718398,0.0665220776547647,0.02720520164200279,6
513,4,"DenseLayer( 7202,128 )","all",0.1335076359946446,0.1379516451934748,0.17243817616662255,0.11675553467643122,6
513,4,"DenseLayer( 7202,128 )","weights",0.13313827619030041,0.13756772776354845,0.17190398619444081,0.1164680294369716,6
513,4,"DenseLayer( 7202,128 )","biases",0.0099147784989791904,0.010284779509575454,0.013562600419265389,0.0081885894174791862,6
513,6,"DenseLayer( 128,64 )","all",0.2379405586050905,0.24945687938802874,0.33222239187010427,0.21265641696145363,6
513,6,"DenseLayer( 128,64 )","weights",0.23648721711082082,0.24791265626734904,0.32983095735599238,0.21159837082558974,6
513,6,"DenseLayer( 128,64 )","biases",0.0261689476011728,0.027713706653581464,0.039790164984863978,0.02118681521229264,6
513,8,"DenseLayer( 64,1 )","all",0.17253586907659407,0.18335515046342798,0.25552223068737245,0.1649075679488898,6
513,8,"DenseLayer( 64,1 )","weights",0.16834018380129029,0.17875677761677861,0.24766663725375312,0.16199463694096031,6
513,8,"DenseLayer( 64,1 )","biases",0.037501734681427479,0.040805951251402996,0.062871672213077545,0.030858444049954414,6
514,0,"Conv2DLayer(1,8,5, stride=5, padding=0)","all",0.2695283935124505,0.30197779528569807,0.47836482746344045,0.05636944081944787,6
514,0,"Conv2DLayer(1,8,5, stride=5, padding=0)","weights",0.2658858359183745,0.29776804058455092,0.46924759712459574,0.054334689230324133,6
514,0,"Conv2DLayer(1,8,5, stride=5, padding=0)","biases",0.043176654099077144,0.050247217356269511,0.092949452644543351,0.015008511070100697,6
514,4,"DenseLayer( 7202,128 )","all",0.15300735641132099,0.16441576154663223,0.1962596721761492,0.03973752080773732,6
514,4,"DenseLayer( 7202,128 )","weights",0.15256162875231991,0.16393464406768865,0.1957675583146366,0.039625773095966606,6
514,4,"DenseLayer( 7202,128 )","biases",0.011658978496286485,0.012568815352262688,0.015735275644266383,0.0029780306399238626,6
514,6,"DenseLayer( 128,64 )","all",0.26040888806203555,0.28219320028079764,0.35169181003895317,0.054935894488629178,6
514,6,"DenseLayer( 128,64 )","weights",0.2586823654521736,0.28031407629610156,0.34918926029477015,0.054480948283617527,6
514,6,"DenseLayer( 128,64 )","biases",0.029857660338685813,0.032511858067199861,0.04222144842335062,0.0070554076695532198,6
514,8,"DenseLayer( 64,1 )","all",0.1869652075611471,0.2037022319611522,0.26047975932340312,0.034762796248056775,6
514,8,"DenseLayer( 64,1 )","weights",0.18163005637327859,0.19785880011918774,0.25223541579667641,0.033297060629801263,6
514,8,"DenseLayer( 64,1 )","biases",0.044041427938888468,0.048440628829014648,0.065015383064746857,0.0099878804758191109,6
515,0,"Conv2DLayer(1,8,5, stride=5, padding=0)","all",0.14216404909096342,0.1754810183974812,0.35990659231219091,0.16391293480754679,6
515,0,"Conv2DLayer(1,8,5, stride=5, padding=0)","weights",0.13959888276826193,0.17274948266921999,0.35484161638372252,0.16111273627627795,6
515,0,"Conv2DLayer(1,8,5, stride=5, padding=0)","biases",0.026189059177573318,0.030841596186546621,0.060167952200160038,0.030168467093864646,6
515,4,"DenseLayer( 7202,128 )","all",0.11626356272648453,0.13261925849263792,0.20360400794558303,0.055855373929549174,6
515,4,"DenseLayer( 7202,128 )","weights",0.11592347512093926,0.13221267230356973,0.2029525986979302,0.05572509580140083,6
515,4,"DenseLayer( 7202,128 )","biases",0.0088652369507714567,0.010376753128315175,0.016273743676915427,0.0038126755349047136,6
515,6,"DenseLayer( 128,64 )","all",0.20035951519152395,0.23448644339175023,0.35789920122268493,0.086820158357285918,6
515,6,"DenseLayer( 128,64 )","weights",0.19901015839833161,0.2328251499315358,0.35532466244680738,0.086400508527685049,6
515,6,"DenseLayer( 128,64 )","biases",0.023134535895277045,0.027862908926929494,0.042851166762391618,0.0085259617253203353,6
515,8,"DenseLayer( 64,1 )","all",0.14232228101619326,0.16813543943960346,0.25549618210175379,0.052868126721850407,6
515,8,"DenseLayer( 64,1 )","weights",0.13808334405560446,0.16283885252962824,0.24757734322042174,0.051749327866616034,6
515,8,"DenseLayer( 64,1 )","biases",0.034301800886169076,0.041869250081444605,0.063117019832134247,0.010818774811923504,6
516,0,"Conv2DLayer(1,8,5, stride=5, padding=0)","all",0.16832994317028682,0.17631080550141678,0.23738066338019559,0.10528438498680855,6
516,0,"Conv2DLayer(1,8,5, stride=5, padding=0)","weights",0.16537919533244191,0.17373053047994277,0.23608342336464327,0.10110620182092775,6
516,0,"Conv2DLayer(1,8,5, stride=5, padding=0)","biases",0.029736657895025286,0.03005333451908606,0.036649967976493114,0.029365586583556341,6
516,4,"DenseLayer( 7202,128 )","all",0.086511086614473834,0.092739957763474837,0.14399753353428624,0.057613624763736777,6
516,4,"DenseLayer( 7202,128 )","weights",0.086285893361832178,0.092495688469713594,0.14361635373716075,0.057490849362857671,6
516,4,"DenseLayer( 7202,128 )","biases",0.0062340171162613353,0.0067266173136864022,0.01047055887718522,0.0037592549732455107,6
516,6,"DenseLayer( 128,64 )","all",0.13058044652744405,0.14155172572193941,0.22883042574139675,0.060776372730454276,6
516,6,"DenseLayer( 128,64 )","weights",0.12986353864012137,0.14074886007452925,0.22746404646142918,0.060544954546985885,6
516,6,"DenseLayer( 128,64 )","biases",0.013634960820074395,0.015054881021773442,0.024969407529648675,0.0052986754169810548,6
516,8,"DenseLayer( 64,1 )","all",0.089875554795547791,0.099185419165464209,0.16449170230207896,0.033796151906269736,6
516,8,"DenseLayer( 64,1 )","weights",0.088101060369106851,0.097025850664923599,0.16042289165456833,0.033796073916835416,6
516,8,"DenseLayer( 64,1 )","biases",0.017087505816258879,0.020584743811298177,0.036359537392854691,7.2604954766575247e-05,6
517,0,"Conv2DLayer(1,8,5, stride=5, padding=0)","all",0.19767137280585331,0.22412659931941711,0.34093491927240988,0.30665178373139973,6
517,0,"Conv2DLayer(1,8,5, stride=5, padding=0)","weights",0.19430897712850975,0.22066488203365123,0.33411884706952566,0.30285717595685663,6
517,0,"Conv2DLayer(1,8,5, stride=5, padding=0)","biases",0.034524966472463267,0.039239550960240822,0.067832257902973966,0.048092072497312136,6
517,4,"DenseLayer( 7202,128 )","all",0.11751112283542245,0.12446971474743078,0.16092002930370736,0.13535452840620968,6
517,4,"DenseLayer( 7202,128 )","weights",0.11719712218379674,0.12413514353418502,0.1604505999706741,0.13498313238019774,6
517,4,"DenseLayer( 7202,128 )","biases",0.0085747015118031109,0.0091200893117375382,0.01228254046021213,0.010020096451503476,6
517,6,"DenseLayer( 128,64 )","all",0.18181968170124416,0.20379637982073132,0.30765227907394588,0.24318900112696276,6
517,6,"DenseLayer( 128,64 )","weights",0.18078077212744267,0.20259067359833352,0.30573211681588119,0.24170044164651217,6
517,6,"DenseLayer( 128,64 )","biases",0.019304258060602812,0.022135568639844557,0.034319055445531273,0.026866089723122412,6
517,8,"DenseLayer( 64,1 )","all",0.12520629078091577,0.14546987621015239,0.2273250382005029,0.1696593324835049,6
517,8,"DenseLayer( 64,1 )","weights",0.12233750313768757,0.14204063229602287,0.22171776350484837,0.16550251146642228,6
517,8,"DenseLayer( 64,1 )","biases",0.026397000765427947,0.031399739832410845,0.050178743898868561,0.037325698882341385,6
518,0,"Conv2DLayer(1,8,5, stride=5, padding=0)","all",0.15861303948052313,0.1702798320736299,0.22047114315599037,0.1817778843808277,6
518,0,"Conv2DLayer(1,8,5, stride=5, padding=0)","weights",0.15331647365726489,0.16547355402620906,0.20547855771759904,0.1811099356930351,6
518,0,"Conv2DLayer(1,8,5, stride=5, padding=0)","biases",0.034229925611356508,0.040171185306869667,0.079912998209330885,0.015568893449254727,6
518,4,"DenseLayer( 7202,128 )","all",0.11557816749134617,0.12996927980651266,0.2193353758490694,0.071639547761402675,6
518,4,"DenseLayer( 7202,128 )","weights",0.11525266426854061,0.12959112440248746,0.21867356349151165,0.071475732407600731,6
518,4,"DenseLayer( 7202,128 )","biases",0.0086588368421838206,0.0099072786133528185,0.017025854715002176,0.004841950046763176,6
518,6,"DenseLayer( 128,64 )","all",0.19822467662490981,0.23778141342106568,0.42675627359514962,0.081288015840220287,6
518,6,"DenseLayer( 128,64 )","weights",0.19707213766112527,0.23629239212920192,0.42400817875908736,0.081056743216253849,6
518,6,"DenseLayer( 128,64 )","biases",0.021180008946259446,0.026568891402902389,0.048352677260106253,0.0061274708007619276,6
518,8,"DenseLayer( 64,1 )","all",0.14657408532507588,0.17943695868235426,0.3286245720380972,0.047318206604031451,6
518,8,"DenseLayer( 64,1 )","weights",0.14330732070276572,0.17500141349981138,0.32022630606420466,0.047093250316675606,6
518,8,"DenseLayer( 64,1 )","biases",0.030174022385229666,0.039650061970203113,0.07381884753704071,0.0046085193753242493,6
519,0,"Conv2DLayer(1,8,5, stride=5, padding=0)","all",0.20174027699387592,0.21888144763970893,0.34257639783267885,0.15756967986016768,6
519,0,"Conv2DLayer(1,8,5, stride=5, padding=0)","weights",0.1966503159183865,0.21277646030328931,0.33233023425440156,0.15742523564038038,6
519,0,"Conv2DLayer(1,8,5, stride=5, padding=0)","biases",0.040782839216180831,0.051334842569714677,0.083157704107487504,0.0067453090964342925,6
519,4,"DenseLayer( 7202,128 )","all",0.17489907580304201,0.19385400765443883,0.28973889335932546,0.09651988387529882,6
519,4,"DenseLayer( 7202,128 )","weights",0.17438318560807503,0.19327092628295303,0.28886157843240834,0.096269689918123652,6
519,4,"DenseLayer( 7202,128 )","biases",0.013411422404361417,0.015024158459513229,0.022530309155096014,0.0069451268073010032,6
519,6,"DenseLayer( 128,64 )","all",0.30324647309210617,0.35005289216876589,0.54837971169328736,0.15155557498363501,6
519,6,"DenseLayer( 128,64 )","weights",0.3012836756072178,0.34771064751526626,0.54489501592774092,0.15094754502420663,6
519,6,"DenseLayer( 128,64 )","biases",0.03433853626858302,0.040426883632452809,0.061723008788618694,0.013562114871410309,6
519,8,"DenseLayer( 64,1 )","all",0.22275861354986778,0.260697145215952,0.42164074045940497,0.11884118693784489,6
519,8,"DenseLayer( 64,1 )","weights",0.21693154526430208,0.25362146074688108,0.4112265994122502,0.11732541155343366,6
519,8,"DenseLayer( 64,1 )","biases",0.050286500559498869,0.060325418957230613,0.093132153153419495,0.018920240923762321,6
520,0,"Conv2DLayer(1,8,5, stride=5, padding=0)","all",0.27247526928359028,0.30840687931207561,0.42573137465930599,0.15006240734281948,6
520,0,"Conv2DLayer(1,8,5, stride=5, padding=0)","weights",0.26916711921041758,0.30528838656764529,0.42006965481189262,0.14433968685123677,6
520,0,"Conv2DLayer(1,8,5, stride=5, padding=0)","biases",0.038762347217862245,0.043747048288280639,0.069200350255759269,0.041046082604911167,6
520,4,"DenseLayer( 7202,128 )","all",0.16017530438158745,0.16600678846292463,0.21646174601722834,0.21646174601722834,6
520,4,"DenseLayer( 7202,128 )","weights",0.15971443361475113,0.16551847348580342,0.21577992531505225,0.21577992531505225,6
520,4,"DenseLayer( 7202,128 )","biases",0.012127588323140537,0.012723551025699989,0.017167158176516775,0.017167158176516775,6
520,6,"DenseLayer( 128,64 )","all",0.27293107114384163,0.29219228075372949,0.42207287035114049,0.42207287035114049,6
520,6,"DenseLayer( 128,64 )","weights",0.27122226006457423,0.29026074990927803,0.41920547783619061,0.41920547783619061,6
520,6,"DenseLayer( 128,64 )","biases",0.030263970143984756,0.033541407158463661,0.049114918696682781,0.049114918696682781,6
520,8,"DenseLayer( 64,1 )","all",0.19274602726114629,0.21009044464866483,0.32287672670577361,0.32287672670577361,6
520,8,"DenseLayer( 64,1 )","weights",0.18767941236470853,0.20414354294471621,0.31389959050115385,0.31389959050115385,6
520,8,"DenseLayer( 64,1 )","biases",0.042006026798238359,0.049632739262028526,0.075607061386108398,0.075607061386108398,6
521,0,"Conv2DLayer(1,8,5, stride=5, padding=0)","all",0.47820221597224732,0.50517978231485017,0.68461585325480756,0.68461585325480756,6
521,0,"Conv2DLayer(1,8,5, stride=5, padding=0)","weights",0.47303231828599213,0.50019238223277973,0.67767508166622037,0.67767508166622037,6
521,0,"Conv2DLayer(1,8,5, stride=5, padding=0)","biases",0.067969128238762305,0.070810968189795639,0.097238625126488676,0.097238625126488676,6
521,4,"DenseLayer( 7202,128 )","all",0.14597949839677962,0.14991160515999552,0.2020135502727517,0.2020135502727517,6
521,4,"DenseLayer( 7202,128 )","weights",0.14560519059001936,0.14953175545888658,0.20156559179837849,0.20156559179837849,6
521,4,"DenseLayer( 7202,128 )","biases",0.010422571958100901,0.010665058416630291,0.013445694358084806,0.013445694358084806,6
521,6,"DenseLayer( 128,64 )","all",0.22545561967950642,0.22921335591057751,0.25519139249478495,0.2533492845061957,6
521,6,"DenseLayer( 128,64 )","weights",0.22448278606181166,0.22820984023710111,0.25347826877008101,0.25271107869140436,6
521,6,"DenseLayer( 128,64 )","biases",0.020501872548022899,0.021425016843537016,0.029519723317639114,0.017971384655282304,6
521,8,"DenseLayer( 64,1 )","all",0.14593386080217832,0.14969908204771026,0.18506543058252747,0.14670324828706949,6
521,8,"DenseLayer( 64,1 )","weights",0.14386462486600571,0.14736058231576007,0.18026960611155338,0.14668702298394268,6
521,8,"DenseLayer( 64,1 )","biases",0.020368969184346497,0.026356667951150214,0.044097814708948135,0.0021818217355757952,6
522,0,"Conv2DLayer(1,8,5, stride=5, padding=0)","all",0.35966601375140117,0.45330763259266044,0.85375770593609801,0.20593225599922454,6
522,0,"Conv2DLayer(1,8,5, stride=5, padding=0)","weights",0.35495072301638736,0.44822794374939373,0.84437826078156364,0.20463614848830877,6
522,0,"Conv2DLayer(1,8,5, stride=5, padding=0)","biases",0.055041401262983958,0.067672152388946,0.12620448947945739,0.023068177058471598,6
522,4,"DenseLayer( 7202,128 )","all",0.15637728518475116,0.16263098945267854,0.23840722765118746,0.084807385070489294,6
522,4,"DenseLayer( 7202,128 )","weights",0.15594191898674581,0.16218607116273104,0.23784325844676515,0.084575430164508275,6
522,4,"DenseLayer( 7202,128 )","biases",0.011630232508506861,0.012021524493789491,0.016388734171692499,0.0062681077673116727,6
522,6,"DenseLayer( 128,64 )","all",0.26336098663940855,0.26839359338159907,0.31072776025011156,0.15768297658484898,6
522,6,"DenseLayer( 128,64 )","weights",0.26192181200029874,0.26692027238043853,0.30988583976291373,0.15687577089289126,6
522,6,"DenseLayer( 128,64 )","biases",0.026956092457518177,0.02808361017817413,0.035714083756567087,0.015934666969194166,6
522,8,"DenseLayer( 64,1 )","all",0.18321910258598814,0.18663444367733209,0.22454297356524469,0.11833497218326333,6
522,8,"DenseLayer( 64,1 )","weights",0.17944703604855869,0.18255073630583166,0.21793644098380946,0.11631411736166179,6
522,8,"DenseLayer( 64,1 )","biases",0.0329090472854053,0.038828394776837701,0.054067131131887436,0.021775944158434868,6
523,0,"Conv2DLayer(1,8,5, stride=5, padding=0)","all",0.28075019240445054,0.32614743424446752,0.6339829245840255,0.15031435723816899,6
523,0,"Conv2DLayer(1,8,5, stride=5, padding=0)","weights",0.27527792225027664,0.32080270760799418,0.62684989793057022,0.14860585741765375,6
523,0,"Conv2DLayer(1,8,5, stride=5, padding=0)","biases",0.052358907733210364,0.05880282013329851,0.09483435099449973,0.022598786097661305,6
523,4,"DenseLayer( 7202,128 )","all",0.18228649886598436,0.18404992590289213,0.21552518259682452,0.1970376887084648,6
523,4,"DenseLayer( 7202,128 )","weights",0.18173079372714104,0.18348822092290898,0.2148159966313378,0.19640149051822309,6
523,4,"DenseLayer( 7202,128 )","biases",0.014212084380247389,0.014368298695594696,0.017469743120023938,0.015821039592713249,6
523,6,"DenseLayer( 128,64 )","all",0.31933587853616585,0.32433829287184374,0.39865496981593684,0.39110124343542579,6
523,6,"DenseLayer( 128,64 )","weights",0.31715891524515871,0.32211169794567845,0.39571081453259371,0.38826991221477886,6
523,6,"DenseLayer( 128,64 )","biases",0.037175633148079687,0.037939191735906902,0.048360482016794833,0.046975077280022683,6
523,8,"DenseLayer( 64,1 )","all",0.22837182454216287,0.23298729818322525,0.29230687545907003,0.29230687545907003,6
523,8,"DenseLayer( 64,1 )","weights",0.22166939186072099,0.22604580459651719,0.2833817462965581,0.2833817462965581,6
523,8,"DenseLayer( 64,1 )","biases",0.054824385792016983,0.056447987909510902,0.074401497840881348,0.071680508553981781,6
524,0,"Conv2DLayer(1,8,5, stride=5, padding=0)","all",0.15664491538927883,0.1877099241648367,0.3506243636375479,0.086147742575763575,6
524,0,"Conv2DLayer(1,8,5, stride=5, padding=0)","weights",0.15074107915502782,0.18420695416416305,0.34684959118016601,0.083096407661328878,6
524,0,"Conv2DLayer(1,8,5, stride=5, padding=0)","biases",0.033192315535858156,0.036094510213198414,0.052653695896191878,0.022724889101649579,6
524,4,"DenseLayer( 7202,128 )","all",0.15012896618878435,0.1599584455562636,0.24147450702274603,0.18540055194006771,6
524,4,"DenseLayer( 7202,128 )","weights",0.14966131972142763,0.15945489664566015,0.240711479955939,0.18477383820747412,6
524,4,"DenseLayer( 7202,128 )","biases",0.01183336751615151,0.012682280571647268,0.01918126584195624,0.015231328693187716,6
524,6,"DenseLayer( 128,64 )","all",0.27462039894165308,0.29586665743631152,0.43991581362350457,0.36101203584761826,6
524,6,"DenseLayer( 128,64 )","weights",0.27272387336671627,0.2937632871354266,0.43659925335017352,0.35839256976354478,6
524,6,"DenseLayer( 128,64 )","biases",0.032136455565042549,0.035216617014196809,0.053916741834990442,0.043410320951643329,6
524,8,"DenseLayer( 64,1 )","all",0.2004011842675664,0.21780970176941891,0.31920718656075414,0.2760959261962927,6
524,8,"DenseLayer( 64,1 )","weights",0.19445474817456745,0.21111360548030117,0.30845157697288766,0.26774224933535246,6
524,8,"DenseLayer( 64,1 )","biases",0.04824386273200313,0.053592086785186517,0.082163572311401367,0.06740213930606842,6
525,0,"Conv2DLayer(1,8,5, stride=5, padding=0)","all",0.24032776215464738,0.26399143569559547,0.44934303250309082,0.29042302237548334,6
525,0,"Conv2DLayer(1,8,5, stride=5, padding=0)","weights",0.23592035959617222,0.2588086247596656,0.43937700303621147,0.28320505210239211,6
525,0,"Conv2DLayer(1,8,5, stride=5, padding=0)","biases",0.044257476133928671,0.052053567318987075,0.094111689295170817,0.06434617618314141,6
525,4,"DenseLayer( 7202,128 )","all",0.12015948471974222,0.12621148622952708,0.19359085643096219,0.089775926650665736,6
525,4,"DenseLayer( 7202,128 )","weights",0.11980977338324195,0.12583587999816173,0.19297269052068708,0.089513172718929515,6
525,4,"DenseLayer( 7202,128 )","biases",0.0091439696033620635,0.0097298798221941638,0.015458344247704849,0.0068635935031736298,6
525,6,"DenseLayer( 128,64 )","all",0.20468984576773622,0.22404812023251838,0.37851335361167793,0.15077264703637813,6
525,6,"DenseLayer( 128,64 )","weights",0.20349330719049749,0.22264306250030194,0.37594034930356662,0.15003065282276051,6
525,6,"DenseLayer( 128,64 )","biases",0.021922655080107475,0.025052482915105579,0.044059194589454571,0.014939689017264403,6
525,8,"DenseLayer( 64,1 )","all",0.14568434342917799,0.1633608862235004,0.28348074988985689,0.10530558703949262,6
525,8,"DenseLayer( 64,1 )","weights",0.14247346798458332,0.15929434296657213,0.27573807183795873,0.10373711561174605,6
525,8,"DenseLayer( 64,1 )","biases",0.029274577721177291,0.036222802853665706,0.065801605582237244,0.01810738816857338,6
526,0,"Conv2DLayer(1,8,5, stride=5, padding=0)","all",0.25402695108673357,0.30508242710652489,0.54727903273712264,0.26074751685097664,6
526,0,"Conv2DLayer(1,8,5, stride=5, padding=0)","weights",0.25009883060794419,0.30210542663391582,0.54285843788220312,0.25708443390726371,6
526,0,"Conv2DLayer(1,8,5, stride=5, padding=0)","biases",0.039366990396205684,0.042515862069911391,0.069419421589168417,0.043552972189416533,6
526,4,"DenseLayer( 7202,128 )","all",0.090756143675340614,0.094390033979579624,0.14418020636538517,0.082615634651981962,6
526,4,"DenseLayer( 7202,128 )","weights",0.090512083512558156,0.094142206618068588,0.14383671986112945,0.082381255612167845,6
526,4,"DenseLayer( 7202,128 )","biases",0.0066366965920987703,0.0068354551967722658,0.0099463524548460743,0.0062186664738051846,6
526,6,"DenseLayer( 128,64 )","all",0.13641708333993699,0.13915154644480521,0.18713733521207179,0.13890839366513777,6
526,6,"DenseLayer( 128,64 )","weights",0.13576797037572161,0.13851952512532045,0.18660406294865958,0.13805948884372524,6
526,6,"DenseLayer( 128,64 )","biases",0.013092956544114361,0.013247416240025503,0.015333602669894234,0.015333602669894234,6
526,8,"DenseLayer( 64,1 )","all",0.089361558591583928,0.090579586497344225,0.11016062345462628,0.088016458392015426,6
526,8,"DenseLayer( 64,1 )","weights",0.087880027006230918,0.0891368449369635,0.10955085351555725,0.085847951224839888,6
526,8,"DenseLayer( 64,1 )","biases",0.015431037327895561,0.016102309297538354,0.022330224514007568,0.019417162984609604,6
527,0,"Conv2DLayer(1,8,5, stride=5, padding=0)","all",0.40752854591026055,0.4460654262979537,0.66486652186122341,0.081212514909080297,6
527,0,"Conv2DLayer(1,8,5, stride=5, padding=0)","weights",0.40177062759700699,0.43972800489034375,0.65419224215218297,0.078951856311737303,6
527,0,"Conv2DLayer(1,8,5, stride=5, padding=0)","biases",0.067419753516896788,0.074924270123458911,0.11865918506268358,0.019028320020127262,6
527,4,"DenseLayer( 7202,128 )","all",0.11808593636540589,0.12517310018271732,0.17747665218271355,0.049085970528322774,6
527,4,"DenseLayer( 7202,128 )","weights",0.11780063674664183,0.124872852020222,0.17706613575991895,0.048943907585314243,6
527,4,"DenseLayer( 7202,128 )","biases",0.0081991921371382583,0.0086646314225319945,0.012064229649415678,0.0037318109528204093,6
527,6,"DenseLayer( 128,64 )","all",0.1615222444208545,0.17061339768906156,0.21557334437914127,0.051541200246539631,6
527,6,"DenseLayer( 128,64 )","weights",0.16099454913095507,0.17006846793009242,0.21469076180715987,0.051242460794562239,6
527,6,"DenseLayer( 128,64 )","biases",0.012953245162488325,0.013625259150453026,0.0194870110963478,0.0055412574901053798,6
527,8,"DenseLayer( 64,1 )","all",0.098779020103524393,0.10479272160984476,0.13411187190257975,0.026932954216384399,6
527,8,"DenseLayer( 64,1 )","weights",0.098301719109240238,0.10432771724858488,0.13295613260720815,0.026340150291045538,6
527,8,"DenseLayer( 64,1 )","biases",0.0087005983029181753,0.0098611315830258624,0.017568750306963921,0.0056196535006165504,6
