epoch,layer_index,layer_name,phase,bin_edges,counts,total_population
1,1,"LeakyReLULayer( 0.050000 )",pre_activation,"-10;-9.6875;-9.375;-9.0625;-8.75;-8.4375;-8.125;-7.8125;-7.5;-7.1875;-6.875;-6.5625;-6.25;-5.9375;-5.625;-5.3125;-5;-4.6875;-4.375;-4.0625;-3.75;-3.4375;-3.125;-2.8125;-2.5;-2.1875;-1.875;-1.5625;-1.25;-0.9375;-0.625;-0.3125;0;0.3125;0.625;0.9375;1.25;1.5625;1.875;2.1875;2.5;2.8125;3.125;3.4375;3.75;4.0625;4.375;4.6875;5;5.3125;5.625;5.9375;6.25;6.5625;6.875;7.1875;7.5;7.8125;8.125;8.4375;8.75;9.0625;9.375;9.6875;10","0;0;0;0;0;0;0;0;0;0;0;0;0;0;0;0;0;0;0;0;61;549;1941;4822;9572;18700;41626;82115;144000;481802;1056481;3102080;3064168;1056742;471923;166040;101099;50677;9602;0;0;0;0;0;0;0;0;0;0;0;0;0;0;0;0;0;0;0;0;0;0;0;0;0",9864000
1,1,"LeakyReLULayer( 0.050000 )",post_activation,"-10;-9.6875;-9.375;-9.0625;-8.75;-8.4375;-8.125;-7.8125;-7.5;-7.1875;-6.875;-6.5625;-6.25;-5.9375;-5.625;-5.3125;-5;-4.6875;-4.375;-4.0625;-3.75;-3.4375;-3.125;-2.8125;-2.5;-2.1875;-1.875;-1.5625;-1.25;-0.9375;-0.625;-0.3125;0;0.3125;0.625;0.9375;1.25;1.5625;1.875;2.1875;2.5;2.8125;3.125;3.4375;3.75;4.0625;4.375;4.6875;5;5.3125;5.625;5.9375;6.25;6.5625;6.875;7.1875;7.5;7.8125;8.125;8.4375;8.75;9.0625;9.375;9.6875;10","0;0;0;0;0;0;0;0;0;0;0;0;0;0;0;0;0;0;0;0;0;0;0;0;0;0;0;0;0;0;0;4943749;3064168;1056742;471923;166040;101099;50677;9602;0;0;0;0;0;0;0;0;0;0;0;0;0;0;0;0;0;0;0;0;0;0;0;0;0",9864000
1,5,"LeakyReLULayer( 0.050000 )",pre_activation,"-10;-9.6875;-9.375;-9.0625;-8.75;-8.4375;-8.125;-7.8125;-7.5;-7.1875;-6.875;-6.5625;-6.25;-5.9375;-5.625;-5.3125;-5;-4.6875;-4.375;-4.0625;-3.75;-3.4375;-3.125;-2.8125;-2.5;-2.1875;-1.875;-1.5625;-1.25;-0.9375;-0.625;-0.3125;0;0.3125;0.625;0.9375;1.25;1.5625;1.875;2.1875;2.5;2.8125;3.125;3.4375;3.75;4.0625;4.375;4.6875;5;5.3125;5.625;5.9375;6.25;6.5625;6.875;7.1875;7.5;7.8125;8.125;8.4375;8.75;9.0625;9.375;9.6875;10","0;0;0;0;0;0;0;0;0;0;0;0;0;0;0;0;0;0;0;0;0;0;0;0;0;0;14;662;4075;14291;27309;35860;40922;33815;15136;2923;337;16;0;0;0;0;0;0;0;0;0;0;0;0;0;0;0;0;0;0;0;0;0;0;0;0;0;0",175360
1,5,"LeakyReLULayer( 0.050000 )",post_activation,"-10;-9.6875;-9.375;-9.0625;-8.75;-8.4375;-8.125;-7.8125;-7.5;-7.1875;-6.875;-6.5625;-6.25;-5.9375;-5.625;-5.3125;-5;-4.6875;-4.375;-4.0625;-3.75;-3.4375;-3.125;-2.8125;-2.5;-2.1875;-1.875;-1.5625;-1.25;-0.9375;-0.625;-0.3125;0;0.3125;0.625;0.9375;1.25;1.5625;1.875;2.1875;2.5;2.8125;3.125;3.4375;3.75;4.0625;4.375;4.6875;5;5.3125;5.625;5.9375;6.25;6.5625;6.875;7.1875;7.5;7.8125;8.125;8.4375;8.75;9.0625;9.375;9.6875;10","0;0;0;0;0;0;0;0;0;0;0;0;0;0;0;0;0;0;0;0;0;0;0;0;0;0;0;0;0;0;0;82211;40922;33815;15136;2923;337;16;0;0;0;0;0;0;0;0;0;0;0;0;0;0;0;0;0;0;0;0;0;0;0;0;0;0",175360
1,7,"LeakyReLULayer( 0.050000 )",pre_activation,"-10;-9.6875;-9.375;-9.0625;-8.75;-8.4375;-8.125;-7.8125;-7.5;-7.1875;-6.875;-6.5625;-6.25;-5.9375;-5.625;-5.3125;-5;-4.6875;-4.375;-4.0625;-3.75;-3.4375;-3.125;-2.8125;-2.5;-2.1875;-1.875;-1.5625;-1.25;-0.9375;-0.625;-0.3125;0;0.3125;0.625;0.9375;1.25;1.5625;1.875;2.1875;2.5;2.8125;3.125;3.4375;3.75;4.0625;4.375;4.6875;5;5.3125;5.625;5.9375;6.25;6.5625;6.875;7.1875;7.5;7.8125;8.125;8.4375;8.75;9.0625;9.375;9.6875;10","0;0;0;0;0;0;0;0;0;0;0;0;0;0;0;0;0;0;0;0;0;0;0;0;0;0;0;0;1106;4946;14218;29558;24713;9964;3019;148;8;0;0;0;0;0;0;0;0;0;0;0;0;0;0;0;0;0;0;0;0;0;0;0;0;0;0;0",87680
1,7,"LeakyReLULayer( 0.050000 )",post_activation,"-10;-9.6875;-9.375;-9.0625;-8.75;-8.4375;-8.125;-7.8125;-7.5;-7.1875;-6.875;-6.5625;-6.25;-5.9375;-5.625;-5.3125;-5;-4.6875;-4.375;-4.0625;-3.75;-3.4375;-3.125;-2.8125;-2.5;-2.1875;-1.875;-1.5625;-1.25;-0.9375;-0.625;-0.3125;0;0.3125;0.625;0.9375;1.25;1.5625;1.875;2.1875;2.5;2.8125;3.125;3.4375;3.75;4.0625;4.375;4.6875;5;5.3125;5.625;5.9375;6.25;6.5625;6.875;7.1875;7.5;7.8125;8.125;8.4375;8.75;9.0625;9.375;9.6875;10","0;0;0;0;0;0;0;0;0;0;0;0;0;0;0;0;0;0;0;0;0;0;0;0;0;0;0;0;0;0;0;49828;24713;9964;3019;148;8;0;0;0;0;0;0;0;0;0;0;0;0;0;0;0;0;0;0;0;0;0;0;0;0;0;0;0",87680
2,1,"LeakyReLULayer( 0.050000 )",pre_activation,"-10;-9.6875;-9.375;-9.0625;-8.75;-8.4375;-8.125;-7.8125;-7.5;-7.1875;-6.875;-6.5625;-6.25;-5.9375;-5.625;-5.3125;-5;-4.6875;-4.375;-4.0625;-3.75;-3.4375;-3.125;-2.8125;-2.5;-2.1875;-1.875;-1.5625;-1.25;-0.9375;-0.625;-0.3125;0;0.3125;0.625;0.9375;1.25;1.5625;1.875;2.1875;2.5;2.8125;3.125;3.4375;3.75;4.0625;4.375;4.6875;5;5.3125;5.625;5.9375;6.25;6.5625;6.875;7.1875;7.5;7.8125;8.125;8.4375;8.75;9.0625;9.375;9.6875;10","0;0;0;0;0;0;0;0;0;0;0;0;0;0;0;0;0;0;0;0;61;546;1915;4816;9550;18653;41615;82408;146290;483705;1050812;3102080;3064313;1052912;473637;168963;101502;50700;9522;0;0;0;0;0;0;0;0;0;0;0;0;0;0;0;0;0;0;0;0;0;0;0;0;0",9864000
2,1,"LeakyReLULayer( 0.050000 )",post_activation,"-10;-9.6875;-9.375;-9.0625;-8.75;-8.4375;-8.125;-7.8125;-7.5;-7.1875;-6.875;-6.5625;-6.25;-5.9375;-5.625;-5.3125;-5;-4.6875;-4.375;-4.0625;-3.75;-3.4375;-3.125;-2.8125;-2.5;-2.1875;-1.875;-1.5625;-1.25;-0.9375;-0.625;-0.3125;0;0.3125;0.625;0.9375;1.25;1.5625;1.875;2.1875;2.5;2.8125;3.125;3.4375;3.75;4.0625;4.375;4.6875;5;5.3125;5.625;5.9375;6.25;6.5625;6.875;7.1875;7.5;7.8125;8.125;8.4375;8.75;9.0625;9.375;9.6875;10","0;0;0;0;0;0;0;0;0;0;0;0;0;0;0;0;0;0;0;0;0;0;0;0;0;0;0;0;0;0;0;4942451;3064313;1052912;473637;168963;101502;50700;9522;0;0;0;0;0;0;0;0;0;0;0;0;0;0;0;0;0;0;0;0;0;0;0;0;0",9864000
2,5,"LeakyReLULayer( 0.050000 )",pre_activation,"-10;-9.6875;-9.375;-9.0625;-8.75;-8.4375;-8.125;-7.8125;-7.5;-7.1875;-6.875;-6.5625;-6.25;-5.9375;-5.625;-5.3125;-5;-4.6875;-4.375;-4.0625;-3.75;-3.4375;-3.125;-2.8125;-2.5;-2.1875;-1.875;-1.5625;-1.25;-0.9375;-0.625;-0.3125;0;0.3125;0.625;0.9375;1.25;1.5625;1.875;2.1875;2.5;2.8125;3.125;3.4375;3.75;4.0625;4.375;4.6875;5;5.3125;5.625;5.9375;6.25;6.5625;6.875;7.1875;7.5;7.8125;8.125;8.4375;8.75;9.0625;9.375;9.6875;10","0;0;0;0;0;0;0;0;0;0;0;0;0;0;0;0;0;0;0;0;0;0;0;0;0;0;310;967;6160;14589;24613;35354;39209;32959;16321;4159;595;124;0;0;0;0;0;0;0;0;0;0;0;0;0;0;0;0;0;0;0;0;0;0;0;0;0;0",175360
2,5,"LeakyReLULayer( 0.050000 )",post_activation,"-10;-9.6875;-9.375;-9.0625;-8.75;-8.4375;-8.125;-7.8125;-7.5;-7.1875;-6.875;-6.5625;-6.25;-5.9375;-5.625;-5.3125;-5;-4.6875;-4.375;-4.0625;-3.75;-3.4375;-3.125;-2.8125;-2.5;-2.1875;-1.875;-1.5625;-1.25;-0.9375;-0.625;-0.3125;0;0.3125;0.625;0.9375;1.25;1.5625;1.875;2.1875;2.5;2.8125;3.125;3.4375;3.75;4.0625;4.375;4.6875;5;5.3125;5.625;5.9375;6.25;6.5625;6.875;7.1875;7.5;7.8125;8.125;8.4375;8.75;9.0625;9.375;9.6875;10","0;0;0;0;0;0;0;0;0;0;0;0;0;0;0;0;0;0;0;0;0;0;0;0;0;0;0;0;0;0;0;81993;39209;32959;16321;4159;595;124;0;0;0;0;0;0;0;0;0;0;0;0;0;0;0;0;0;0;0;0;0;0;0;0;0;0",175360
2,7,"LeakyReLULayer( 0.050000 )",pre_activation,"-10;-9.6875;-9.375;-9.0625;-8.75;-8.4375;-8.125;-7.8125;-7.5;-7.1875;-6.875;-6.5625;-6.25;-5.9375;-5.625;-5.3125;-5;-4.6875;-4.375;-4.0625;-3.75;-3.4375;-3.125;-2.8125;-2.5;-2.1875;-1.875;-1.5625;-1.25;-0.9375;-0.625;-0.3125;0;0.3125;0.625;0.9375;1.25;1.5625;1.875;2.1875;2.5;2.8125;3.125;3.4375;3.75;4.0625;4.375;4.6875;5;5.3125;5.625;5.9375;6.25;6.5625;6.875;7.1875;7.5;7.8125;8.125;8.4375;8.75;9.0625;9.375;9.6875;10","0;0;0;0;0;0;0;0;0;0;0;0;0;0;0;0;0;0;0;0;0;0;0;0;0;0;0;134;1952;5135;16045;28677;21816;10005;3073;710;123;10;0;0;0;0;0;0;0;0;0;0;0;0;0;0;0;0;0;0;0;0;0;0;0;0;0;0",87680
2,7,"LeakyReLULayer( 0.050000 )",post_activation,"-10;-9.6875;-9.375;-9.0625;-8.75;-8.4375;-8.125;-7.8125;-7.5;-7.1875;-6.875;-6.5625;-6.25;-5.9375;-5.625;-5.3125;-5;-4.6875;-4.375;-4.0625;-3.75;-3.4375;-3.125;-2.8125;-2.5;-2.1875;-1.875;-1.5625;-1.25;-0.9375;-0.625;-0.3125;0;0.3125;0.625;0.9375;1.25;1.5625;1.875;2.1875;2.5;2.8125;3.125;3.4375;3.75;4.0625;4.375;4.6875;5;5.3125;5.625;5.9375;6.25;6.5625;6.875;7.1875;7.5;7.8125;8.125;8.4375;8.75;9.0625;9.375;9.6875;10","0;0;0;0;0;0;0;0;0;0;0;0;0;0;0;0;0;0;0;0;0;0;0;0;0;0;0;0;0;0;0;51943;21816;10005;3073;710;123;10;0;0;0;0;0;0;0;0;0;0;0;0;0;0;0;0;0;0;0;0;0;0;0;0;0;0",87680
3,1,"LeakyReLULayer( 0.050000 )",pre_activation,"-10;-9.6875;-9.375;-9.0625;-8.75;-8.4375;-8.125;-7.8125;-7.5;-7.1875;-6.875;-6.5625;-6.25;-5.9375;-5.625;-5.3125;-5;-4.6875;-4.375;-4.0625;-3.75;-3.4375;-3.125;-2.8125;-2.5;-2.1875;-1.875;-1.5625;-1.25;-0.9375;-0.625;-0.3125;0;0.3125;0.625;0.9375;1.25;1.5625;1.875;2.1875;2.5;2.8125;3.125;3.4375;3.75;4.0625;4.375;4.6875;5;5.3125;5.625;5.9375;6.25;6.5625;6.875;7.1875;7.5;7.8125;8.125;8.4375;8.75;9.0625;9.375;9.6875;10","0;0;0;0;0;0;0;0;0;0;0;0;0;0;0;0;0;0;0;0;61;561;1964;4849;9619;18769;42009;82692;148597;487641;1049118;3095176;3057567;1053760;476288;172270;101918;51333;9808;0;0;0;0;0;0;0;0;0;0;0;0;0;0;0;0;0;0;0;0;0;0;0;0;0",9864000
3,1,"LeakyReLULayer( 0.050000 )",post_activation,"-10;-9.6875;-9.375;-9.0625;-8.75;-8.4375;-8.125;-7.8125;-7.5;-7.1875;-6.875;-6.5625;-6.25;-5.9375;-5.625;-5.3125;-5;-4.6875;-4.375;-4.0625;-3.75;-3.4375;-3.125;-2.8125;-2.5;-2.1875;-1.875;-1.5625;-1.25;-0.9375;-0.625;-0.3125;0;0.3125;0.625;0.9375;1.25;1.5625;1.875;2.1875;2.5;2.8125;3.125;3.4375;3.75;4.0625;4.375;4.6875;5;5.3125;5.625;5.9375;6.25;6.5625;6.875;7.1875;7.5;7.8125;8.125;8.4375;8.75;9.0625;9.375;9.6875;10","0;0;0;0;0;0;0;0;0;0;0;0;0;0;0;0;0;0;0;0;0;0;0;0;0;0;0;0;0;0;0;4941056;3057567;1053760;476288;172270;101918;51333;9808;0;0;0;0;0;0;0;0;0;0;0;0;0;0;0;0;0;0;0;0;0;0;0;0;0",9864000
3,5,"LeakyReLULayer( 0.050000 )",pre_activation,"-10;-9.6875;-9.375;-9.0625;-8.75;-8.4375;-8.125;-7.8125;-7.5;-7.1875;-6.875;-6.5625;-6.25;-5.9375;-5.625;-5.3125;-5;-4.6875;-4.375;-4.0625;-3.75;-3.4375;-3.125;-2.8125;-2.5;-2.1875;-1.875;-1.5625;-1.25;-0.9375;-0.625;-0.3125;0;0.3125;0.625;0.9375;1.25;1.5625;1.875;2.1875;2.5;2.8125;3.125;3.4375;3.75;4.0625;4.375;4.6875;5;5.3125;5.625;5.9375;6.25;6.5625;6.875;7.1875;7.5;7.8125;8.125;8.4375;8.75;9.0625;9.375;9.6875;10","0;0;0;0;0;0;0;0;0;0;0;0;0;0;0;0;0;0;0;0;0;0;0;0;0;105;585;2409;5915;14679;21304;35298;37808;32439;18530;5139;904;228;17;0;0;0;0;0;0;0;0;0;0;0;0;0;0;0;0;0;0;0;0;0;0;0;0;0",175360
3,5,"LeakyReLULayer( 0.050000 )",post_activation,"-10;-9.6875;-9.375;-9.0625;-8.75;-8.4375;-8.125;-7.8125;-7.5;-7.1875;-6.875;-6.5625;-6.25;-5.9375;-5.625;-5.3125;-5;-4.6875;-4.375;-4.0625;-3.75;-3.4375;-3.125;-2.8125;-2.5;-2.1875;-1.875;-1.5625;-1.25;-0.9375;-0.625;-0.3125;0;0.3125;0.625;0.9375;1.25;1.5625;1.875;2.1875;2.5;2.8125;3.125;3.4375;3.75;4.0625;4.375;4.6875;5;5.3125;5.625;5.9375;6.25;6.5625;6.875;7.1875;7.5;7.8125;8.125;8.4375;8.75;9.0625;9.375;9.6875;10","0;0;0;0;0;0;0;0;0;0;0;0;0;0;0;0;0;0;0;0;0;0;0;0;0;0;0;0;0;0;0;80295;37808;32439;18530;5139;904;228;17;0;0;0;0;0;0;0;0;0;0;0;0;0;0;0;0;0;0;0;0;0;0;0;0;0",175360
3,7,"LeakyReLULayer( 0.050000 )",pre_activation,"-10;-9.6875;-9.375;-9.0625;-8.75;-8.4375;-8.125;-7.8125;-7.5;-7.1875;-6.875;-6.5625;-6.25;-5.9375;-5.625;-5.3125;-5;-4.6875;-4.375;-4.0625;-3.75;-3.4375;-3.125;-2.8125;-2.5;-2.1875;-1.875;-1.5625;-1.25;-0.9375;-0.625;-0.3125;0;0.3125;0.625;0.9375;1.25;1.5625;1.875;2.1875;2.5;2.8125;3.125;3.4375;3.75;4.0625;4.375;4.6875;5;5.3125;5.625;5.9375;6.25;6.5625;6.875;7.1875;7.5;7.8125;8.125;8.4375;8.75;9.0625;9.375;9.6875;10","0;0;0;0;0;0;0;0;0;0;0;0;0;0;0;0;0;0;0;0;0;0;0;0;0;0;15;472;2286;5715;16282;27481;19166;10612;3622;1617;338;74;0;0;0;0;0;0;0;0;0;0;0;0;0;0;0;0;0;0;0;0;0;0;0;0;0;0",87680
3,7,"LeakyReLULayer( 0.050000 )",post_activation,"-10;-9.6875;-9.375;-9.0625;-8.75;-8.4375;-8.125;-7.8125;-7.5;-7.1875;-6.875;-6.5625;-6.25;-5.9375;-5.625;-5.3125;-5;-4.6875;-4.375;-4.0625;-3.75;-3.4375;-3.125;-2.8125;-2.5;-2.1875;-1.875;-1.5625;-1.25;-0.9375;-0.625;-0.3125;0;0.3125;0.625;0.9375;1.25;1.5625;1.875;2.1875;2.5;2.8125;3.125;3.4375;3.75;4.0625;4.375;4.6875;5;5.3125;5.625;5.9375;6.25;6.5625;6.875;7.1875;7.5;7.8125;8.125;8.4375;8.75;9.0625;9.375;9.6875;10","0;0;0;0;0;0;0;0;0;0;0;0;0;0;0;0;0;0;0;0;0;0;0;0;0;0;0;0;0;0;0;52251;19166;10612;3622;1617;338;74;0;0;0;0;0;0;0;0;0;0;0;0;0;0;0;0;0;0;0;0;0;0;0;0;0;0",87680
4,1,"LeakyReLULayer( 0.050000 )",pre_activation,"-10;-9.6875;-9.375;-9.0625;-8.75;-8.4375;-8.125;-7.8125;-7.5;-7.1875;-6.875;-6.5625;-6.25;-5.9375;-5.625;-5.3125;-5;-4.6875;-4.375;-4.0625;-3.75;-3.4375;-3.125;-2.8125;-2.5;-2.1875;-1.875;-1.5625;-1.25;-0.9375;-0.625;-0.3125;0;0.3125;0.625;0.9375;1.25;1.5625;1.875;2.1875;2.5;2.8125;3.125;3.4375;3.75;4.0625;4.375;4.6875;5;5.3125;5.625;5.9375;6.25;6.5625;6.875;7.1875;7.5;7.8125;8.125;8.4375;8.75;9.0625;9.375;9.6875;10","0;0;0;0;0;0;0;0;0;0;0;0;0;0;0;0;0;0;0;0;61;570;1986;4859;9638;18833;42193;82815;149366;488917;1048852;3092533;3055318;1053992;477319;173162;102050;51599;9937;0;0;0;0;0;0;0;0;0;0;0;0;0;0;0;0;0;0;0;0;0;0;0;0;0",9864000
4,1,"LeakyReLULayer( 0.050000 )",post_activation,"-10;-9.6875;-9.375;-9.0625;-8.75;-8.4375;-8.125;-7.8125;-7.5;-7.1875;-6.875;-6.5625;-6.25;-5.9375;-5.625;-5.3125;-5;-4.6875;-4.375;-4.0625;-3.75;-3.4375;-3.125;-2.8125;-2.5;-2.1875;-1.875;-1.5625;-1.25;-0.9375;-0.625;-0.3125;0;0.3125;0.625;0.9375;1.25;1.5625;1.875;2.1875;2.5;2.8125;3.125;3.4375;3.75;4.0625;4.375;4.6875;5;5.3125;5.625;5.9375;6.25;6.5625;6.875;7.1875;7.5;7.8125;8.125;8.4375;8.75;9.0625;9.375;9.6875;10","0;0;0;0;0;0;0;0;0;0;0;0;0;0;0;0;0;0;0;0;0;0;0;0;0;0;0;0;0;0;0;4940623;3055318;1053992;477319;173162;102050;51599;9937;0;0;0;0;0;0;0;0;0;0;0;0;0;0;0;0;0;0;0;0;0;0;0;0;0",9864000
4,5,"LeakyReLULayer( 0.050000 )",pre_activation,"-10;-9.6875;-9.375;-9.0625;-8.75;-8.4375;-8.125;-7.8125;-7.5;-7.1875;-6.875;-6.5625;-6.25;-5.9375;-5.625;-5.3125;-5;-4.6875;-4.375;-4.0625;-3.75;-3.4375;-3.125;-2.8125;-2.5;-2.1875;-1.875;-1.5625;-1.25;-0.9375;-0.625;-0.3125;0;0.3125;0.625;0.9375;1.25;1.5625;1.875;2.1875;2.5;2.8125;3.125;3.4375;3.75;4.0625;4.375;4.6875;5;5.3125;5.625;5.9375;6.25;6.5625;6.875;7.1875;7.5;7.8125;8.125;8.4375;8.75;9.0625;9.375;9.6875;10","0;0;0;0;0;0;0;0;0;0;0;0;0;0;0;0;0;0;0;0;0;0;0;0;0;184;626;2959;5641;14571;20433;35558;36544;32437;19497;5632;1007;247;24;0;0;0;0;0;0;0;0;0;0;0;0;0;0;0;0;0;0;0;0;0;0;0;0;0",175360
4,5,"LeakyReLULayer( 0.050000 )",post_activation,"-10;-9.6875;-9.375;-9.0625;-8.75;-8.4375;-8.125;-7.8125;-7.5;-7.1875;-6.875;-6.5625;-6.25;-5.9375;-5.625;-5.3125;-5;-4.6875;-4.375;-4.0625;-3.75;-3.4375;-3.125;-2.8125;-2.5;-2.1875;-1.875;-1.5625;-1.25;-0.9375;-0.625;-0.3125;0;0.3125;0.625;0.9375;1.25;1.5625;1.875;2.1875;2.5;2.8125;3.125;3.4375;3.75;4.0625;4.375;4.6875;5;5.3125;5.625;5.9375;6.25;6.5625;6.875;7.1875;7.5;7.8125;8.125;8.4375;8.75;9.0625;9.375;9.6875;10","0;0;0;0;0;0;0;0;0;0;0;0;0;0;0;0;0;0;0;0;0;0;0;0;0;0;0;0;0;0;0;79972;36544;32437;19497;5632;1007;247;24;0;0;0;0;0;0;0;0;0;0;0;0;0;0;0;0;0;0;0;0;0;0;0;0;0",175360
4,7,"LeakyReLULayer( 0.050000 )",pre_activation,"-10;-9.6875;-9.375;-9.0625;-8.75;-8.4375;-8.125;-7.8125;-7.5;-7.1875;-6.875;-6.5625;-6.25;-5.9375;-5.625;-5.3125;-5;-4.6875;-4.375;-4.0625;-3.75;-3.4375;-3.125;-2.8125;-2.5;-2.1875;-1.875;-1.5625;-1.25;-0.9375;-0.625;-0.3125;0;0.3125;0.625;0.9375;1.25;1.5625;1.875;2.1875;2.5;2.8125;3.125;3.4375;3.75;4.0625;4.375;4.6875;5;5.3125;5.625;5.9375;6.25;6.5625;6.875;7.1875;7.5;7.8125;8.125;8.4375;8.75;9.0625;9.375;9.6875;10","0;0;0;0;0;0;0;0;0;0;0;0;0;0;0;0;0;0;0;0;0;0;0;0;0;0;45;514;2442;5826;16570;27144;18435;10478;3837;1753;530;106;0;0;0;0;0;0;0;0;0;0;0;0;0;0;0;0;0;0;0;0;0;0;0;0;0;0",87680
4,7,"LeakyReLULayer( 0.050000 )",post_activation,"-10;-9.6875;-9.375;-9.0625;-8.75;-8.4375;-8.125;-7.8125;-7.5;-7.1875;-6.875;-6.5625;-6.25;-5.9375;-5.625;-5.3125;-5;-4.6875;-4.375;-4.0625;-3.75;-3.4375;-3.125;-2.8125;-2.5;-2.1875;-1.875;-1.5625;-1.25;-0.9375;-0.625;-0.3125;0;0.3125;0.625;0.9375;1.25;1.5625;1.875;2.1875;2.5;2.8125;3.125;3.4375;3.75;4.0625;4.375;4.6875;5;5.3125;5.625;5.9375;6.25;6.5625;6.875;7.1875;7.5;7.8125;8.125;8.4375;8.75;9.0625;9.375;9.6875;10","0;0;0;0;0;0;0;0;0;0;0;0;0;0;0;0;0;0;0;0;0;0;0;0;0;0;0;0;0;0;0;52541;18435;10478;3837;1753;530;106;0;0;0;0;0;0;0;0;0;0;0;0;0;0;0;0;0;0;0;0;0;0;0;0;0;0",87680
5,1,"LeakyReLULayer( 0.050000 )",pre_activation,"-10;-9.6875;-9.375;-9.0625;-8.75;-8.4375;-8.125;-7.8125;-7.5;-7.1875;-6.875;-6.5625;-6.25;-5.9375;-5.625;-5.3125;-5;-4.6875;-4.375;-4.0625;-3.75;-3.4375;-3.125;-2.8125;-2.5;-2.1875;-1.875;-1.5625;-1.25;-0.9375;-0.625;-0.3125;0;0.3125;0.625;0.9375;1.25;1.5625;1.875;2.1875;2.5;2.8125;3.125;3.4375;3.75;4.0625;4.375;4.6875;5;5.3125;5.625;5.9375;6.25;6.5625;6.875;7.1875;7.5;7.8125;8.125;8.4375;8.75;9.0625;9.375;9.6875;10","0;0;0;0;0;0;0;0;0;0;0;0;0;0;0;0;0;0;0;0;61;569;1987;4862;9630;18834;42176;82792;149050;488685;1049093;3092980;3055878;1054012;477056;172780;102022;51596;9937;0;0;0;0;0;0;0;0;0;0;0;0;0;0;0;0;0;0;0;0;0;0;0;0;0",9864000
5,1,"LeakyReLULayer( 0.050000 )",post_activation,"-10;-9.6875;-9.375;-9.0625;-8.75;-8.4375;-8.125;-7.8125;-7.5;-7.1875;-6.875;-6.5625;-6.25;-5.9375;-5.625;-5.3125;-5;-4.6875;-4.375;-4.0625;-3.75;-3.4375;-3.125;-2.8125;-2.5;-2.1875;-1.875;-1.5625;-1.25;-0.9375;-0.625;-0.3125;0;0.3125;0.625;0.9375;1.25;1.5625;1.875;2.1875;2.5;2.8125;3.125;3.4375;3.75;4.0625;4.375;4.6875;5;5.3125;5.625;5.9375;6.25;6.5625;6.875;7.1875;7.5;7.8125;8.125;8.4375;8.75;9.0625;9.375;9.6875;10","0;0;0;0;0;0;0;0;0;0;0;0;0;0;0;0;0;0;0;0;0;0;0;0;0;0;0;0;0;0;0;4940719;3055878;1054012;477056;172780;102022;51596;9937;0;0;0;0;0;0;0;0;0;0;0;0;0;0;0;0;0;0;0;0;0;0;0;0;0",9864000
5,5,"LeakyReLULayer( 0.050000 )",pre_activation,"-10;-9.6875;-9.375;-9.0625;-8.75;-8.4375;-8.125;-7.8125;-7.5;-7.1875;-6.875;-6.5625;-6.25;-5.9375;-5.625;-5.3125;-5;-4.6875;-4.375;-4.0625;-3.75;-3.4375;-3.125;-2.8125;-2.5;-2.1875;-1.875;-1.5625;-1.25;-0.9375;-0.625;-0.3125;0;0.3125;0.625;0.9375;1.25;1.5625;1.875;2.1875;2.5;2.8125;3.125;3.4375;3.75;4.0625;4.375;4.6875;5;5.3125;5.625;5.9375;6.25;6.5625;6.875;7.1875;7.5;7.8125;8.125;8.4375;8.75;9.0625;9.375;9.6875;10","0;0;0;0;0;0;0;0;0;0;0;0;0;0;0;0;0;0;0;0;0;0;0;0;0;149;636;2869;5790;14543;20595;35507;36105;32834;19356;5694;1012;246;24;0;0;0;0;0;0;0;0;0;0;0;0;0;0;0;0;0;0;0;0;0;0;0;0;0",175360
5,5,"LeakyReLULayer( 0.050000 )",post_activation,"-10;-9.6875;-9.375;-9.0625;-8.75;-8.4375;-8.125;-7.8125;-7.5;-7.1875;-6.875;-6.5625;-6.25;-5.9375;-5.625;-5.3125;-5;-4.6875;-4.375;-4.0625;-3.75;-3.4375;-3.125;-2.8125;-2.5;-2.1875;-1.875;-1.5625;-1.25;-0.9375;-0.625;-0.3125;0;0.3125;0.625;0.9375;1.25;1.5625;1.875;2.1875;2.5;2.8125;3.125;3.4375;3.75;4.0625;4.375;4.6875;5;5.3125;5.625;5.9375;6.25;6.5625;6.875;7.1875;7.5;7.8125;8.125;8.4375;8.75;9.0625;9.375;9.6875;10","0;0;0;0;0;0;0;0;0;0;0;0;0;0;0;0;0;0;0;0;0;0;0;0;0;0;0;0;0;0;0;80089;36105;32834;19356;5694;1012;246;24;0;0;0;0;0;0;0;0;0;0;0;0;0;0;0;0;0;0;0;0;0;0;0;0;0",175360
5,7,"LeakyReLULayer( 0.050000 )",pre_activation,"-10;-9.6875;-9.375;-9.0625;-8.75;-8.4375;-8.125;-7.8125;-7.5;-7.1875;-6.875;-6.5625;-6.25;-5.9375;-5.625;-5.3125;-5;-4.6875;-4.375;-4.0625;-3.75;-3.4375;-3.125;-2.8125;-2.5;-2.1875;-1.875;-1.5625;-1.25;-0.9375;-0.625;-0.3125;0;0.3125;0.625;0.9375;1.25;1.5625;1.875;2.1875;2.5;2.8125;3.125;3.4375;3.75;4.0625;4.375;4.6875;5;5.3125;5.625;5.9375;6.25;6.5625;6.875;7.1875;7.5;7.8125;8.125;8.4375;8.75;9.0625;9.375;9.6875;10","0;0;0;0;0;0;0;0;0;0;0;0;0;0;0;0;0;0;0;0;0;0;0;0;0;0;39;517;2481;5689;16750;26976;18523;10429;3933;1725;519;99;0;0;0;0;0;0;0;0;0;0;0;0;0;0;0;0;0;0;0;0;0;0;0;0;0;0",87680
5,7,"LeakyReLULayer( 0.050000 )",post_activation,"-10;-9.6875;-9.375;-9.0625;-8.75;-8.4375;-8.125;-7.8125;-7.5;-7.1875;-6.875;-6.5625;-6.25;-5.9375;-5.625;-5.3125;-5;-4.6875;-4.375;-4.0625;-3.75;-3.4375;-3.125;-2.8125;-2.5;-2.1875;-1.875;-1.5625;-1.25;-0.9375;-0.625;-0.3125;0;0.3125;0.625;0.9375;1.25;1.5625;1.875;2.1875;2.5;2.8125;3.125;3.4375;3.75;4.0625;4.375;4.6875;5;5.3125;5.625;5.9375;6.25;6.5625;6.875;7.1875;7.5;7.8125;8.125;8.4375;8.75;9.0625;9.375;9.6875;10","0;0;0;0;0;0;0;0;0;0;0;0;0;0;0;0;0;0;0;0;0;0;0;0;0;0;0;0;0;0;0;52452;18523;10429;3933;1725;519;99;0;0;0;0;0;0;0;0;0;0;0;0;0;0;0;0;0;0;0;0;0;0;0;0;0;0",87680
6,1,"LeakyReLULayer( 0.050000 )",pre_activation,"-10;-9.6875;-9.375;-9.0625;-8.75;-8.4375;-8.125;-7.8125;-7.5;-7.1875;-6.875;-6.5625;-6.25;-5.9375;-5.625;-5.3125;-5;-4.6875;-4.375;-4.0625;-3.75;-3.4375;-3.125;-2.8125;-2.5;-2.1875;-1.875;-1.5625;-1.25;-0.9375;-0.625;-0.3125;0;0.3125;0.625;0.9375;1.25;1.5625;1.875;2.1875;2.5;2.8125;3.125;3.4375;3.75;4.0625;4.375;4.6875;5;5.3125;5.625;5.9375;6.25;6.5625;6.875;7.1875;7.5;7.8125;8.125;8.4375;8.75;9.0625;9.375;9.6875;10","0;0;0;0;0;0;0;0;0;0;0;0;0;0;0;0;0;0;0;0;61;572;1984;4862;9635;18839;42192;82802;149076;488664;1049179;3092882;3055615;1054199;477115;172762;102012;51603;9946;0;0;0;0;0;0;0;0;0;0;0;0;0;0;0;0;0;0;0;0;0;0;0;0;0",9864000
6,1,"LeakyReLULayer( 0.050000 )",post_activation,"-10;-9.6875;-9.375;-9.0625;-8.75;-8.4375;-8.125;-7.8125;-7.5;-7.1875;-6.875;-6.5625;-6.25;-5.9375;-5.625;-5.3125;-5;-4.6875;-4.375;-4.0625;-3.75;-3.4375;-3.125;-2.8125;-2.5;-2.1875;-1.875;-1.5625;-1.25;-0.9375;-0.625;-0.3125;0;0.3125;0.625;0.9375;1.25;1.5625;1.875;2.1875;2.5;2.8125;3.125;3.4375;3.75;4.0625;4.375;4.6875;5;5.3125;5.625;5.9375;6.25;6.5625;6.875;7.1875;7.5;7.8125;8.125;8.4375;8.75;9.0625;9.375;9.6875;10","0;0;0;0;0;0;0;0;0;0;0;0;0;0;0;0;0;0;0;0;0;0;0;0;0;0;0;0;0;0;0;4940748;3055615;1054199;477115;172762;102012;51603;9946;0;0;0;0;0;0;0;0;0;0;0;0;0;0;0;0;0;0;0;0;0;0;0;0;0",9864000
6,5,"LeakyReLULayer( 0.050000 )",pre_activation,"-10;-9.6875;-9.375;-9.0625;-8.75;-8.4375;-8.125;-7.8125;-7.5;-7.1875;-6.875;-6.5625;-6.25;-5.9375;-5.625;-5.3125;-5;-4.6875;-4.375;-4.0625;-3.75;-3.4375;-3.125;-2.8125;-2.5;-2.1875;-1.875;-1.5625;-1.25;-0.9375;-0.625;-0.3125;0;0.3125;0.625;0.9375;1.25;1.5625;1.875;2.1875;2.5;2.8125;3.125;3.4375;3.75;4.0625;4.375;4.6875;5;5.3125;5.625;5.9375;6.25;6.5625;6.875;7.1875;7.5;7.8125;8.125;8.4375;8.75;9.0625;9.375;9.6875;10","0;0;0;0;0;0;0;0;0;0;0;0;0;0;0;0;0;0;0;0;0;0;0;0;0;140;645;2839;5770;14485;20648;35476;36032;32942;19414;5703;1006;238;22;0;0;0;0;0;0;0;0;0;0;0;0;0;0;0;0;0;0;0;0;0;0;0;0;0",175360
6,5,"LeakyReLULayer( 0.050000 )",post_activation,"-10;-9.6875;-9.375;-9.0625;-8.75;-8.4375;-8.125;-7.8125;-7.5;-7.1875;-6.875;-6.5625;-6.25;-5.9375;-5.625;-5.3125;-5;-4.6875;-4.375;-4.0625;-3.75;-3.4375;-3.125;-2.8125;-2.5;-2.1875;-1.875;-1.5625;-1.25;-0.9375;-0.625;-0.3125;0;0.3125;0.625;0.9375;1.25;1.5625;1.875;2.1875;2.5;2.8125;3.125;3.4375;3.75;4.0625;4.375;4.6875;5;5.3125;5.625;5.9375;6.25;6.5625;6.875;7.1875;7.5;7.8125;8.125;8.4375;8.75;9.0625;9.375;9.6875;10","0;0;0;0;0;0;0;0;0;0;0;0;0;0;0;0;0;0;0;0;0;0;0;0;0;0;0;0;0;0;0;80003;36032;32942;19414;5703;1006;238;22;0;0;0;0;0;0;0;0;0;0;0;0;0;0;0;0;0;0;0;0;0;0;0;0;0",175360
6,7,"LeakyReLULayer( 0.050000 )",pre_activation,"-10;-9.6875;-9.375;-9.0625;-8.75;-8.4375;-8.125;-7.8125;-7.5;-7.1875;-6.875;-6.5625;-6.25;-5.9375;-5.625;-5.3125;-5;-4.6875;-4.375;-4.0625;-3.75;-3.4375;-3.125;-2.8125;-2.5;-2.1875;-1.875;-1.5625;-1.25;-0.9375;-0.625;-0.3125;0;0.3125;0.625;0.9375;1.25;1.5625;1.875;2.1875;2.5;2.8125;3.125;3.4375;3.75;4.0625;4.375;4.6875;5;5.3125;5.625;5.9375;6.25;6.5625;6.875;7.1875;7.5;7.8125;8.125;8.4375;8.75;9.0625;9.375;9.6875;10","0;0;0;0;0;0;0;0;0;0;0;0;0;0;0;0;0;0;0;0;0;0;0;0;0;0;30;528;2438;5792;16802;26682;18664;10462;3917;1721;544;100;0;0;0;0;0;0;0;0;0;0;0;0;0;0;0;0;0;0;0;0;0;0;0;0;0;0",87680
6,7,"LeakyReLULayer( 0.050000 )",post_activation,"-10;-9.6875;-9.375;-9.0625;-8.75;-8.4375;-8.125;-7.8125;-7.5;-7.1875;-6.875;-6.5625;-6.25;-5.9375;-5.625;-5.3125;-5;-4.6875;-4.375;-4.0625;-3.75;-3.4375;-3.125;-2.8125;-2.5;-2.1875;-1.875;-1.5625;-1.25;-0.9375;-0.625;-0.3125;0;0.3125;0.625;0.9375;1.25;1.5625;1.875;2.1875;2.5;2.8125;3.125;3.4375;3.75;4.0625;4.375;4.6875;5;5.3125;5.625;5.9375;6.25;6.5625;6.875;7.1875;7.5;7.8125;8.125;8.4375;8.75;9.0625;9.375;9.6875;10","0;0;0;0;0;0;0;0;0;0;0;0;0;0;0;0;0;0;0;0;0;0;0;0;0;0;0;0;0;0;0;52272;18664;10462;3917;1721;544;100;0;0;0;0;0;0;0;0;0;0;0;0;0;0;0;0;0;0;0;0;0;0;0;0;0;0",87680
7,1,"LeakyReLULayer( 0.050000 )",pre_activation,"-10;-9.6875;-9.375;-9.0625;-8.75;-8.4375;-8.125;-7.8125;-7.5;-7.1875;-6.875;-6.5625;-6.25;-5.9375;-5.625;-5.3125;-5;-4.6875;-4.375;-4.0625;-3.75;-3.4375;-3.125;-2.8125;-2.5;-2.1875;-1.875;-1.5625;-1.25;-0.9375;-0.625;-0.3125;0;0.3125;0.625;0.9375;1.25;1.5625;1.875;2.1875;2.5;2.8125;3.125;3.4375;3.75;4.0625;4.375;4.6875;5;5.3125;5.625;5.9375;6.25;6.5625;6.875;7.1875;7.5;7.8125;8.125;8.4375;8.75;9.0625;9.375;9.6875;10","0;0;0;0;0;0;0;0;0;0;0;0;0;0;0;0;0;0;0;0;61;572;1984;4863;9635;18846;42194;82806;149109;488669;1049332;3092670;3055458;1054323;477161;172759;102007;51602;9949;0;0;0;0;0;0;0;0;0;0;0;0;0;0;0;0;0;0;0;0;0;0;0;0;0",9864000
7,1,"LeakyReLULayer( 0.050000 )",post_activation,"-10;-9.6875;-9.375;-9.0625;-8.75;-8.4375;-8.125;-7.8125;-7.5;-7.1875;-6.875;-6.5625;-6.25;-5.9375;-5.625;-5.3125;-5;-4.6875;-4.375;-4.0625;-3.75;-3.4375;-3.125;-2.8125;-2.5;-2.1875;-1.875;-1.5625;-1.25;-0.9375;-0.625;-0.3125;0;0.3125;0.625;0.9375;1.25;1.5625;1.875;2.1875;2.5;2.8125;3.125;3.4375;3.75;4.0625;4.375;4.6875;5;5.3125;5.625;5.9375;6.25;6.5625;6.875;7.1875;7.5;7.8125;8.125;8.4375;8.75;9.0625;9.375;9.6875;10","0;0;0;0;0;0;0;0;0;0;0;0;0;0;0;0;0;0;0;0;0;0;0;0;0;0;0;0;0;0;0;4940741;3055458;1054323;477161;172759;102007;51602;9949;0;0;0;0;0;0;0;0;0;0;0;0;0;0;0;0;0;0;0;0;0;0;0;0;0",9864000
7,5,"LeakyReLULayer( 0.050000 )",pre_activation,"-10;-9.6875;-9.375;-9.0625;-8.75;-8.4375;-8.125;-7.8125;-7.5;-7.1875;-6.875;-6.5625;-6.25;-5.9375;-5.625;-5.3125;-5;-4.6875;-4.375;-4.0625;-3.75;-3.4375;-3.125;-2.8125;-2.5;-2.1875;-1.875;-1.5625;-1.25;-0.9375;-0.625;-0.3125;0;0.3125;0.625;0.9375;1.25;1.5625;1.875;2.1875;2.5;2.8125;3.125;3.4375;3.75;4.0625;4.375;4.6875;5;5.3125;5.625;5.9375;6.25;6.5625;6.875;7.1875;7.5;7.8125;8.125;8.4375;8.75;9.0625;9.375;9.6875;10","0;0;0;0;0;0;0;0;0;0;0;0;0;0;0;0;0;0;0;0;0;0;0;0;0;141;648;2836;5726;14507;20772;35332;36053;32931;19482;5706;970;235;21;0;0;0;0;0;0;0;0;0;0;0;0;0;0;0;0;0;0;0;0;0;0;0;0;0",175360
7,5,"LeakyReLULayer( 0.050000 )",post_activation,"-10;-9.6875;-9.375;-9.0625;-8.75;-8.4375;-8.125;-7.8125;-7.5;-7.1875;-6.875;-6.5625;-6.25;-5.9375;-5.625;-5.3125;-5;-4.6875;-4.375;-4.0625;-3.75;-3.4375;-3.125;-2.8125;-2.5;-2.1875;-1.875;-1.5625;-1.25;-0.9375;-0.625;-0.3125;0;0.3125;0.625;0.9375;1.25;1.5625;1.875;2.1875;2.5;2.8125;3.125;3.4375;3.75;4.0625;4.375;4.6875;5;5.3125;5.625;5.9375;6.25;6.5625;6.875;7.1875;7.5;7.8125;8.125;8.4375;8.75;9.0625;9.375;9.6875;10","0;0;0;0;0;0;0;0;0;0;0;0;0;0;0;0;0;0;0;0;0;0;0;0;0;0;0;0;0;0;0;79962;36053;32931;19482;5706;970;235;21;0;0;0;0;0;0;0;0;0;0;0;0;0;0;0;0;0;0;0;0;0;0;0;0;0",175360
7,7,"LeakyReLULayer( 0.050000 )",pre_activation,"-10;-9.6875;-9.375;-9.0625;-8.75;-8.4375;-8.125;-7.8125;-7.5;-7.1875;-6.875;-6.5625;-6.25;-5.9375;-5.625;-5.3125;-5;-4.6875;-4.375;-4.0625;-3.75;-3.4375;-3.125;-2.8125;-2.5;-2.1875;-1.875;-1.5625;-1.25;-0.9375;-0.625;-0.3125;0;0.3125;0.625;0.9375;1.25;1.5625;1.875;2.1875;2.5;2.8125;3.125;3.4375;3.75;4.0625;4.375;4.6875;5;5.3125;5.625;5.9375;6.25;6.5625;6.875;7.1875;7.5;7.8125;8.125;8.4375;8.75;9.0625;9.375;9.6875;10","0;0;0;0;0;0;0;0;0;0;0;0;0;0;0;0;0;0;0;0;0;0;0;0;0;0;32;530;2415;5873;16800;26479;18752;10549;3883;1703;562;102;0;0;0;0;0;0;0;0;0;0;0;0;0;0;0;0;0;0;0;0;0;0;0;0;0;0",87680
7,7,"LeakyReLULayer( 0.050000 )",post_activation,"-10;-9.6875;-9.375;-9.0625;-8.75;-8.4375;-8.125;-7.8125;-7.5;-7.1875;-6.875;-6.5625;-6.25;-5.9375;-5.625;-5.3125;-5;-4.6875;-4.375;-4.0625;-3.75;-3.4375;-3.125;-2.8125;-2.5;-2.1875;-1.875;-1.5625;-1.25;-0.9375;-0.625;-0.3125;0;0.3125;0.625;0.9375;1.25;1.5625;1.875;2.1875;2.5;2.8125;3.125;3.4375;3.75;4.0625;4.375;4.6875;5;5.3125;5.625;5.9375;6.25;6.5625;6.875;7.1875;7.5;7.8125;8.125;8.4375;8.75;9.0625;9.375;9.6875;10","0;0;0;0;0;0;0;0;0;0;0;0;0;0;0;0;0;0;0;0;0;0;0;0;0;0;0;0;0;0;0;52129;18752;10549;3883;1703;562;102;0;0;0;0;0;0;0;0;0;0;0;0;0;0;0;0;0;0;0;0;0;0;0;0;0;0",87680
8,1,"LeakyReLULayer( 0.050000 )",pre_activation,"-10;-9.6875;-9.375;-9.0625;-8.75;-8.4375;-8.125;-7.8125;-7.5;-7.1875;-6.875;-6.5625;-6.25;-5.9375;-5.625;-5.3125;-5;-4.6875;-4.375;-4.0625;-3.75;-3.4375;-3.125;-2.8125;-2.5;-2.1875;-1.875;-1.5625;-1.25;-0.9375;-0.625;-0.3125;0;0.3125;0.625;0.9375;1.25;1.5625;1.875;2.1875;2.5;2.8125;3.125;3.4375;3.75;4.0625;4.375;4.6875;5;5.3125;5.625;5.9375;6.25;6.5625;6.875;7.1875;7.5;7.8125;8.125;8.4375;8.75;9.0625;9.375;9.6875;10","0;0;0;0;0;0;0;0;0;0;0;0;0;0;0;0;0;0;0;0;61;572;1984;4865;9633;18847;42203;82802;149116;488710;1049397;3092548;3055355;1054452;477178;172737;101985;51606;9949;0;0;0;0;0;0;0;0;0;0;0;0;0;0;0;0;0;0;0;0;0;0;0;0;0",9864000
8,1,"LeakyReLULayer( 0.050000 )",post_activation,"-10;-9.6875;-9.375;-9.0625;-8.75;-8.4375;-8.125;-7.8125;-7.5;-7.1875;-6.875;-6.5625;-6.25;-5.9375;-5.625;-5.3125;-5;-4.6875;-4.375;-4.0625;-3.75;-3.4375;-3.125;-2.8125;-2.5;-2.1875;-1.875;-1.5625;-1.25;-0.9375;-0.625;-0.3125;0;0.3125;0.625;0.9375;1.25;1.5625;1.875;2.1875;2.5;2.8125;3.125;3.4375;3.75;4.0625;4.375;4.6875;5;5.3125;5.625;5.9375;6.25;6.5625;6.875;7.1875;7.5;7.8125;8.125;8.4375;8.75;9.0625;9.375;9.6875;10","0;0;0;0;0;0;0;0;0;0;0;0;0;0;0;0;0;0;0;0;0;0;0;0;0;0;0;0;0;0;0;4940738;3055355;1054452;477178;172737;101985;51606;9949;0;0;0;0;0;0;0;0;0;0;0;0;0;0;0;0;0;0;0;0;0;0;0;0;0",9864000
8,5,"LeakyReLULayer( 0.050000 )",pre_activation,"-10;-9.6875;-9.375;-9.0625;-8.75;-8.4375;-8.125;-7.8125;-7.5;-7.1875;-6.875;-6.5625;-6.25;-5.9375;-5.625;-5.3125;-5;-4.6875;-4.375;-4.0625;-3.75;-3.4375;-3.125;-2.8125;-2.5;-2.1875;-1.875;-1.5625;-1.25;-0.9375;-0.625;-0.3125;0;0.3125;0.625;0.9375;1.25;1.5625;1.875;2.1875;2.5;2.8125;3.125;3.4375;3.75;4.0625;4.375;4.6875;5;5.3125;5.625;5.9375;6.25;6.5625;6.875;7.1875;7.5;7.8125;8.125;8.4375;8.75;9.0625;9.375;9.6875;10","0;0;0;0;0;0;0;0;0;0;0;0;0;0;0;0;0;0;0;0;0;0;0;0;0;139;650;2820;5741;14406;20996;35235;36015;32928;19553;5678;952;229;18;0;0;0;0;0;0;0;0;0;0;0;0;0;0;0;0;0;0;0;0;0;0;0;0;0",175360
8,5,"LeakyReLULayer( 0.050000 )",post_activation,"-10;-9.6875;-9.375;-9.0625;-8.75;-8.4375;-8.125;-7.8125;-7.5;-7.1875;-6.875;-6.5625;-6.25;-5.9375;-5.625;-5.3125;-5;-4.6875;-4.375;-4.0625;-3.75;-3.4375;-3.125;-2.8125;-2.5;-2.1875;-1.875;-1.5625;-1.25;-0.9375;-0.625;-0.3125;0;0.3125;0.625;0.9375;1.25;1.5625;1.875;2.1875;2.5;2.8125;3.125;3.4375;3.75;4.0625;4.375;4.6875;5;5.3125;5.625;5.9375;6.25;6.5625;6.875;7.1875;7.5;7.8125;8.125;8.4375;8.75;9.0625;9.375;9.6875;10","0;0;0;0;0;0;0;0;0;0;0;0;0;0;0;0;0;0;0;0;0;0;0;0;0;0;0;0;0;0;0;79987;36015;32928;19553;5678;952;229;18;0;0;0;0;0;0;0;0;0;0;0;0;0;0;0;0;0;0;0;0;0;0;0;0;0",175360
8,7,"LeakyReLULayer( 0.050000 )",pre_activation,"-10;-9.6875;-9.375;-9.0625;-8.75;-8.4375;-8.125;-7.8125;-7.5;-7.1875;-6.875;-6.5625;-6.25;-5.9375;-5.625;-5.3125;-5;-4.6875;-4.375;-4.0625;-3.75;-3.4375;-3.125;-2.8125;-2.5;-2.1875;-1.875;-1.5625;-1.25;-0.9375;-0.625;-0.3125;0;0.3125;0.625;0.9375;1.25;1.5625;1.875;2.1875;2.5;2.8125;3.125;3.4375;3.75;4.0625;4.375;4.6875;5;5.3125;5.625;5.9375;6.25;6.5625;6.875;7.1875;7.5;7.8125;8.125;8.4375;8.75;9.0625;9.375;9.6875;10","0;0;0;0;0;0;0;0;0;0;0;0;0;0;0;0;0;0;0;0;0;0;0;0;0;0;30;543;2397;5935;16743;26376;18842;10606;3859;1696;551;102;0;0;0;0;0;0;0;0;0;0;0;0;0;0;0;0;0;0;0;0;0;0;0;0;0;0",87680
8,7,"LeakyReLULayer( 0.050000 )",post_activation,"-10;-9.6875;-9.375;-9.0625;-8.75;-8.4375;-8.125;-7.8125;-7.5;-7.1875;-6.875;-6.5625;-6.25;-5.9375;-5.625;-5.3125;-5;-4.6875;-4.375;-4.0625;-3.75;-3.4375;-3.125;-2.8125;-2.5;-2.1875;-1.875;-1.5625;-1.25;-0.9375;-0.625;-0.3125;0;0.3125;0.625;0.9375;1.25;1.5625;1.875;2.1875;2.5;2.8125;3.125;3.4375;3.75;4.0625;4.375;4.6875;5;5.3125;5.625;5.9375;6.25;6.5625;6.875;7.1875;7.5;7.8125;8.125;8.4375;8.75;9.0625;9.375;9.6875;10","0;0;0;0;0;0;0;0;0;0;0;0;0;0;0;0;0;0;0;0;0;0;0;0;0;0;0;0;0;0;0;52024;18842;10606;3859;1696;551;102;0;0;0;0;0;0;0;0;0;0;0;0;0;0;0;0;0;0;0;0;0;0;0;0;0;0",87680
9,1,"LeakyReLULayer( 0.050000 )",pre_activation,"-10;-9.6875;-9.375;-9.0625;-8.75;-8.4375;-8.125;-7.8125;-7.5;-7.1875;-6.875;-6.5625;-6.25;-5.9375;-5.625;-5.3125;-5;-4.6875;-4.375;-4.0625;-3.75;-3.4375;-3.125;-2.8125;-2.5;-2.1875;-1.875;-1.5625;-1.25;-0.9375;-0.625;-0.3125;0;0.3125;0.625;0.9375;1.25;1.5625;1.875;2.1875;2.5;2.8125;3.125;3.4375;3.75;4.0625;4.375;4.6875;5;5.3125;5.625;5.9375;6.25;6.5625;6.875;7.1875;7.5;7.8125;8.125;8.4375;8.75;9.0625;9.375;9.6875;10","0;0;0;0;0;0;0;0;0;0;0;0;0;0;0;0;0;0;0;0;61;572;1984;4866;9635;18849;42207;82817;149129;488777;1049461;3092367;3055130;1054566;477271;172765;101988;51603;9952;0;0;0;0;0;0;0;0;0;0;0;0;0;0;0;0;0;0;0;0;0;0;0;0;0",9864000
9,1,"LeakyReLULayer( 0.050000 )",post_activation,"-10;-9.6875;-9.375;-9.0625;-8.75;-8.4375;-8.125;-7.8125;-7.5;-7.1875;-6.875;-6.5625;-6.25;-5.9375;-5.625;-5.3125;-5;-4.6875;-4.375;-4.0625;-3.75;-3.4375;-3.125;-2.8125;-2.5;-2.1875;-1.875;-1.5625;-1.25;-0.9375;-0.625;-0.3125;0;0.3125;0.625;0.9375;1.25;1.5625;1.875;2.1875;2.5;2.8125;3.125;3.4375;3.75;4.0625;4.375;4.6875;5;5.3125;5.625;5.9375;6.25;6.5625;6.875;7.1875;7.5;7.8125;8.125;8.4375;8.75;9.0625;9.375;9.6875;10","0;0;0;0;0;0;0;0;0;0;0;0;0;0;0;0;0;0;0;0;0;0;0;0;0;0;0;0;0;0;0;4940725;3055130;1054566;477271;172765;101988;51603;9952;0;0;0;0;0;0;0;0;0;0;0;0;0;0;0;0;0;0;0;0;0;0;0;0;0",9864000
9,5,"LeakyReLULayer( 0.050000 )",pre_activation,"-10;-9.6875;-9.375;-9.0625;-8.75;-8.4375;-8.125;-7.8125;-7.5;-7.1875;-6.875;-6.5625;-6.25;-5.9375;-5.625;-5.3125;-5;-4.6875;-4.375;-4.0625;-3.75;-3.4375;-3.125;-2.8125;-2.5;-2.1875;-1.875;-1.5625;-1.25;-0.9375;-0.625;-0.3125;0;0.3125;0.625;0.9375;1.25;1.5625;1.875;2.1875;2.5;2.8125;3.125;3.4375;3.75;4.0625;4.375;4.6875;5;5.3125;5.625;5.9375;6.25;6.5625;6.875;7.1875;7.5;7.8125;8.125;8.4375;8.75;9.0625;9.375;9.6875;10","0;0;0;0;0;0;0;0;0;0;0;0;0;0;0;0;0;0;0;0;0;0;0;0;0;138;658;2825;5730;14341;21061;35212;36017;32902;19617;5682;936;224;17;0;0;0;0;0;0;0;0;0;0;0;0;0;0;0;0;0;0;0;0;0;0;0;0;0",175360
9,5,"LeakyReLULayer( 0.050000 )",post_activation,"-10;-9.6875;-9.375;-9.0625;-8.75;-8.4375;-8.125;-7.8125;-7.5;-7.1875;-6.875;-6.5625;-6.25;-5.9375;-5.625;-5.3125;-5;-4.6875;-4.375;-4.0625;-3.75;-3.4375;-3.125;-2.8125;-2.5;-2.1875;-1.875;-1.5625;-1.25;-0.9375;-0.625;-0.3125;0;0.3125;0.625;0.9375;1.25;1.5625;1.875;2.1875;2.5;2.8125;3.125;3.4375;3.75;4.0625;4.375;4.6875;5;5.3125;5.625;5.9375;6.25;6.5625;6.875;7.1875;7.5;7.8125;8.125;8.4375;8.75;9.0625;9.375;9.6875;10","0;0;0;0;0;0;0;0;0;0;0;0;0;0;0;0;0;0;0;0;0;0;0;0;0;0;0;0;0;0;0;79965;36017;32902;19617;5682;936;224;17;0;0;0;0;0;0;0;0;0;0;0;0;0;0;0;0;0;0;0;0;0;0;0;0;0",175360
9,7,"LeakyReLULayer( 0.050000 )",pre_activation,"-10;-9.6875;-9.375;-9.0625;-8.75;-8.4375;-8.125;-7.8125;-7.5;-7.1875;-6.875;-6.5625;-6.25;-5.9375;-5.625;-5.3125;-5;-4.6875;-4.375;-4.0625;-3.75;-3.4375;-3.125;-2.8125;-2.5;-2.1875;-1.875;-1.5625;-1.25;-0.9375;-0.625;-0.3125;0;0.3125;0.625;0.9375;1.25;1.5625;1.875;2.1875;2.5;2.8125;3.125;3.4375;3.75;4.0625;4.375;4.6875;5;5.3125;5.625;5.9375;6.25;6.5625;6.875;7.1875;7.5;7.8125;8.125;8.4375;8.75;9.0625;9.375;9.6875;10","0;0;0;0;0;0;0;0;0;0;0;0;0;0;0;0;0;0;0;0;0;0;0;0;0;0;35;551;2378;5988;16771;26232;18904;10627;3847;1679;563;105;0;0;0;0;0;0;0;0;0;0;0;0;0;0;0;0;0;0;0;0;0;0;0;0;0;0",87680
9,7,"LeakyReLULayer( 0.050000 )",post_activation,"-10;-9.6875;-9.375;-9.0625;-8.75;-8.4375;-8.125;-7.8125;-7.5;-7.1875;-6.875;-6.5625;-6.25;-5.9375;-5.625;-5.3125;-5;-4.6875;-4.375;-4.0625;-3.75;-3.4375;-3.125;-2.8125;-2.5;-2.1875;-1.875;-1.5625;-1.25;-0.9375;-0.625;-0.3125;0;0.3125;0.625;0.9375;1.25;1.5625;1.875;2.1875;2.5;2.8125;3.125;3.4375;3.75;4.0625;4.375;4.6875;5;5.3125;5.625;5.9375;6.25;6.5625;6.875;7.1875;7.5;7.8125;8.125;8.4375;8.75;9.0625;9.375;9.6875;10","0;0;0;0;0;0;0;0;0;0;0;0;0;0;0;0;0;0;0;0;0;0;0;0;0;0;0;0;0;0;0;51955;18904;10627;3847;1679;563;105;0;0;0;0;0;0;0;0;0;0;0;0;0;0;0;0;0;0;0;0;0;0;0;0;0;0",87680
10,1,"LeakyReLULayer( 0.050000 )",pre_activation,"-10;-9.6875;-9.375;-9.0625;-8.75;-8.4375;-8.125;-7.8125;-7.5;-7.1875;-6.875;-6.5625;-6.25;-5.9375;-5.625;-5.3125;-5;-4.6875;-4.375;-4.0625;-3.75;-3.4375;-3.125;-2.8125;-2.5;-2.1875;-1.875;-1.5625;-1.25;-0.9375;-0.625;-0.3125;0;0.3125;0.625;0.9375;1.25;1.5625;1.875;2.1875;2.5;2.8125;3.125;3.4375;3.75;4.0625;4.375;4.6875;5;5.3125;5.625;5.9375;6.25;6.5625;6.875;7.1875;7.5;7.8125;8.125;8.4375;8.75;9.0625;9.375;9.6875;10","0;0;0;0;0;0;0;0;0;0;0;0;0;0;0;0;0;0;0;0;61;572;1984;4866;9636;18849;42216;82808;149106;488782;1049508;3092362;3055051;1054631;477296;172763;101959;51598;9952;0;0;0;0;0;0;0;0;0;0;0;0;0;0;0;0;0;0;0;0;0;0;0;0;0",9864000
10,1,"LeakyReLULayer( 0.050000 )",post_activation,"-10;-9.6875;-9.375;-9.0625;-8.75;-8.4375;-8.125;-7.8125;-7.5;-7.1875;-6.875;-6.5625;-6.25;-5.9375;-5.625;-5.3125;-5;-4.6875;-4.375;-4.0625;-3.75;-3.4375;-3.125;-2.8125;-2.5;-2.1875;-1.875;-1.5625;-1.25;-0.9375;-0.625;-0.3125;0;0.3125;0.625;0.9375;1.25;1.5625;1.875;2.1875;2.5;2.8125;3.125;3.4375;3.75;4.0625;4.375;4.6875;5;5.3125;5.625;5.9375;6.25;6.5625;6.875;7.1875;7.5;7.8125;8.125;8.4375;8.75;9.0625;9.375;9.6875;10","0;0;0;0;0;0;0;0;0;0;0;0;0;0;0;0;0;0;0;0;0;0;0;0;0;0;0;0;0;0;0;4940750;3055051;1054631;477296;172763;101959;51598;9952;0;0;0;0;0;0;0;0;0;0;0;0;0;0;0;0;0;0;0;0;0;0;0;0;0",9864000
10,5,"LeakyReLULayer( 0.050000 )",pre_activation,"-10;-9.6875;-9.375;-9.0625;-8.75;-8.4375;-8.125;-7.8125;-7.5;-7.1875;-6.875;-6.5625;-6.25;-5.9375;-5.625;-5.3125;-5;-4.6875;-4.375;-4.0625;-3.75;-3.4375;-3.125;-2.8125;-2.5;-2.1875;-1.875;-1.5625;-1.25;-0.9375;-0.625;-0.3125;0;0.3125;0.625;0.9375;1.25;1.5625;1.875;2.1875;2.5;2.8125;3.125;3.4375;3.75;4.0625;4.375;4.6875;5;5.3125;5.625;5.9375;6.25;6.5625;6.875;7.1875;7.5;7.8125;8.125;8.4375;8.75;9.0625;9.375;9.6875;10","0;0;0;0;0;0;0;0;0;0;0;0;0;0;0;0;0;0;0;0;0;0;0;0;0;140;656;2811;5714;14410;21103;35169;36020;32893;19615;5668;921;223;17;0;0;0;0;0;0;0;0;0;0;0;0;0;0;0;0;0;0;0;0;0;0;0;0;0",175360
10,5,"LeakyReLULayer( 0.050000 )",post_activation,"-10;-9.6875;-9.375;-9.0625;-8.75;-8.4375;-8.125;-7.8125;-7.5;-7.1875;-6.875;-6.5625;-6.25;-5.9375;-5.625;-5.3125;-5;-4.6875;-4.375;-4.0625;-3.75;-3.4375;-3.125;-2.8125;-2.5;-2.1875;-1.875;-1.5625;-1.25;-0.9375;-0.625;-0.3125;0;0.3125;0.625;0.9375;1.25;1.5625;1.875;2.1875;2.5;2.8125;3.125;3.4375;3.75;4.0625;4.375;4.6875;5;5.3125;5.625;5.9375;6.25;6.5625;6.875;7.1875;7.5;7.8125;8.125;8.4375;8.75;9.0625;9.375;9.6875;10","0;0;0;0;0;0;0;0;0;0;0;0;0;0;0;0;0;0;0;0;0;0;0;0;0;0;0;0;0;0;0;80003;36020;32893;19615;5668;921;223;17;0;0;0;0;0;0;0;0;0;0;0;0;0;0;0;0;0;0;0;0;0;0;0;0;0",175360
10,7,"LeakyReLULayer( 0.050000 )",pre_activation,"-10;-9.6875;-9.375;-9.0625;-8.75;-8.4375;-8.125;-7.8125;-7.5;-7.1875;-6.875;-6.5625;-6.25;-5.9375;-5.625;-5.3125;-5;-4.6875;-4.375;-4.0625;-3.75;-3.4375;-3.125;-2.8125;-2.5;-2.1875;-1.875;-1.5625;-1.25;-0.9375;-0.625;-0.3125;0;0.3125;0.625;0.9375;1.25;1.5625;1.875;2.1875;2.5;2.8125;3.125;3.4375;3.75;4.0625;4.375;4.6875;5;5.3125;5.625;5.9375;6.25;6.5625;6.875;7.1875;7.5;7.8125;8.125;8.4375;8.75;9.0625;9.375;9.6875;10","0;0;0;0;0;0;0;0;0;0;0;0;0;0;0;0;0;0;0;0;0;0;0;0;0;0;42;549;2352;6032;16765;26128;18993;10664;3824;1662;566;103;0;0;0;0;0;0;0;0;0;0;0;0;0;0;0;0;0;0;0;0;0;0;0;0;0;0",87680
10,7,"LeakyReLULayer( 0.050000 )",post_activation,"-10;-9.6875;-9.375;-9.0625;-8.75;-8.4375;-8.125;-7.8125;-7.5;-7.1875;-6.875;-6.5625;-6.25;-5.9375;-5.625;-5.3125;-5;-4.6875;-4.375;-4.0625;-3.75;-3.4375;-3.125;-2.8125;-2.5;-2.1875;-1.875;-1.5625;-1.25;-0.9375;-0.625;-0.3125;0;0.3125;0.625;0.9375;1.25;1.5625;1.875;2.1875;2.5;2.8125;3.125;3.4375;3.75;4.0625;4.375;4.6875;5;5.3125;5.625;5.9375;6.25;6.5625;6.875;7.1875;7.5;7.8125;8.125;8.4375;8.75;9.0625;9.375;9.6875;10","0;0;0;0;0;0;0;0;0;0;0;0;0;0;0;0;0;0;0;0;0;0;0;0;0;0;0;0;0;0;0;51868;18993;10664;3824;1662;566;103;0;0;0;0;0;0;0;0;0;0;0;0;0;0;0;0;0;0;0;0;0;0;0;0;0;0",87680
11,1,"LeakyReLULayer( 0.050000 )",pre_activation,"-10;-9.6875;-9.375;-9.0625;-8.75;-8.4375;-8.125;-7.8125;-7.5;-7.1875;-6.875;-6.5625;-6.25;-5.9375;-5.625;-5.3125;-5;-4.6875;-4.375;-4.0625;-3.75;-3.4375;-3.125;-2.8125;-2.5;-2.1875;-1.875;-1.5625;-1.25;-0.9375;-0.625;-0.3125;0;0.3125;0.625;0.9375;1.25;1.5625;1.875;2.1875;2.5;2.8125;3.125;3.4375;3.75;4.0625;4.375;4.6875;5;5.3125;5.625;5.9375;6.25;6.5625;6.875;7.1875;7.5;7.8125;8.125;8.4375;8.75;9.0625;9.375;9.6875;10","0;0;0;0;0;0;0;0;0;0;0;0;0;0;0;0;0;0;0;0;61;572;1984;4866;9636;18852;42238;82808;149135;488877;1049599;3092112;3054797;1054727;477413;172798;101966;51605;9954;0;0;0;0;0;0;0;0;0;0;0;0;0;0;0;0;0;0;0;0;0;0;0;0;0",9864000
11,1,"LeakyReLULayer( 0.050000 )",post_activation,"-10;-9.6875;-9.375;-9.0625;-8.75;-8.4375;-8.125;-7.8125;-7.5;-7.1875;-6.875;-6.5625;-6.25;-5.9375;-5.625;-5.3125;-5;-4.6875;-4.375;-4.0625;-3.75;-3.4375;-3.125;-2.8125;-2.5;-2.1875;-1.875;-1.5625;-1.25;-0.9375;-0.625;-0.3125;0;0.3125;0.625;0.9375;1.25;1.5625;1.875;2.1875;2.5;2.8125;3.125;3.4375;3.75;4.0625;4.375;4.6875;5;5.3125;5.625;5.9375;6.25;6.5625;6.875;7.1875;7.5;7.8125;8.125;8.4375;8.75;9.0625;9.375;9.6875;10","0;0;0;0;0;0;0;0;0;0;0;0;0;0;0;0;0;0;0;0;0;0;0;0;0;0;0;0;0;0;0;4940740;3054797;1054727;477413;172798;101966;51605;9954;0;0;0;0;0;0;0;0;0;0;0;0;0;0;0;0;0;0;0;0;0;0;0;0;0",9864000
11,5,"LeakyReLULayer( 0.050000 )",pre_activation,"-10;-9.6875;-9.375;-9.0625;-8.75;-8.4375;-8.125;-7.8125;-7.5;-7.1875;-6.875;-6.5625;-6.25;-5.9375;-5.625;-5.3125;-5;-4.6875;-4.375;-4.0625;-3.75;-3.4375;-3.125;-2.8125;-2.5;-2.1875;-1.875;-1.5625;-1.25;-0.9375;-0.625;-0.3125;0;0.3125;0.625;0.9375;1.25;1.5625;1.875;2.1875;2.5;2.8125;3.125;3.4375;3.75;4.0625;4.375;4.6875;5;5.3125;5.625;5.9375;6.25;6.5625;6.875;7.1875;7.5;7.8125;8.125;8.4375;8.75;9.0625;9.375;9.6875;10","0;0;0;0;0;0;0;0;0;0;0;0;0;0;0;0;0;0;0;0;0;0;0;0;0;140;658;2828;5708;14371;21147;35097;36066;32826;19686;5685;913;220;15;0;0;0;0;0;0;0;0;0;0;0;0;0;0;0;0;0;0;0;0;0;0;0;0;0",175360
11,5,"LeakyReLULayer( 0.050000 )",post_activation,"-10;-9.6875;-9.375;-9.0625;-8.75;-8.4375;-8.125;-7.8125;-7.5;-7.1875;-6.875;-6.5625;-6.25;-5.9375;-5.625;-5.3125;-5;-4.6875;-4.375;-4.0625;-3.75;-3.4375;-3.125;-2.8125;-2.5;-2.1875;-1.875;-1.5625;-1.25;-0.9375;-0.625;-0.3125;0;0.3125;0.625;0.9375;1.25;1.5625;1.875;2.1875;2.5;2.8125;3.125;3.4375;3.75;4.0625;4.375;4.6875;5;5.3125;5.625;5.9375;6.25;6.5625;6.875;7.1875;7.5;7.8125;8.125;8.4375;8.75;9.0625;9.375;9.6875;10","0;0;0;0;0;0;0;0;0;0;0;0;0;0;0;0;0;0;0;0;0;0;0;0;0;0;0;0;0;0;0;79949;36066;32826;19686;5685;913;220;15;0;0;0;0;0;0;0;0;0;0;0;0;0;0;0;0;0;0;0;0;0;0;0;0;0",175360
11,7,"LeakyReLULayer( 0.050000 )",pre_activation,"-10;-9.6875;-9.375;-9.0625;-8.75;-8.4375;-8.125;-7.8125;-7.5;-7.1875;-6.875;-6.5625;-6.25;-5.9375;-5.625;-5.3125;-5;-4.6875;-4.375;-4.0625;-3.75;-3.4375;-3.125;-2.8125;-2.5;-2.1875;-1.875;-1.5625;-1.25;-0.9375;-0.625;-0.3125;0;0.3125;0.625;0.9375;1.25;1.5625;1.875;2.1875;2.5;2.8125;3.125;3.4375;3.75;4.0625;4.375;4.6875;5;5.3125;5.625;5.9375;6.25;6.5625;6.875;7.1875;7.5;7.8125;8.125;8.4375;8.75;9.0625;9.375;9.6875;10","0;0;0;0;0;0;0;0;0;0;0;0;0;0;0;0;0;0;0;0;0;0;0;0;0;0;52;553;2310;6089;16793;25982;19067;10697;3811;1668;552;106;0;0;0;0;0;0;0;0;0;0;0;0;0;0;0;0;0;0;0;0;0;0;0;0;0;0",87680
11,7,"LeakyReLULayer( 0.050000 )",post_activation,"-10;-9.6875;-9.375;-9.0625;-8.75;-8.4375;-8.125;-7.8125;-7.5;-7.1875;-6.875;-6.5625;-6.25;-5.9375;-5.625;-5.3125;-5;-4.6875;-4.375;-4.0625;-3.75;-3.4375;-3.125;-2.8125;-2.5;-2.1875;-1.875;-1.5625;-1.25;-0.9375;-0.625;-0.3125;0;0.3125;0.625;0.9375;1.25;1.5625;1.875;2.1875;2.5;2.8125;3.125;3.4375;3.75;4.0625;4.375;4.6875;5;5.3125;5.625;5.9375;6.25;6.5625;6.875;7.1875;7.5;7.8125;8.125;8.4375;8.75;9.0625;9.375;9.6875;10","0;0;0;0;0;0;0;0;0;0;0;0;0;0;0;0;0;0;0;0;0;0;0;0;0;0;0;0;0;0;0;51779;19067;10697;3811;1668;552;106;0;0;0;0;0;0;0;0;0;0;0;0;0;0;0;0;0;0;0;0;0;0;0;0;0;0",87680
12,1,"LeakyReLULayer( 0.050000 )",pre_activation,"-10;-9.6875;-9.375;-9.0625;-8.75;-8.4375;-8.125;-7.8125;-7.5;-7.1875;-6.875;-6.5625;-6.25;-5.9375;-5.625;-5.3125;-5;-4.6875;-4.375;-4.0625;-3.75;-3.4375;-3.125;-2.8125;-2.5;-2.1875;-1.875;-1.5625;-1.25;-0.9375;-0.625;-0.3125;0;0.3125;0.625;0.9375;1.25;1.5625;1.875;2.1875;2.5;2.8125;3.125;3.4375;3.75;4.0625;4.375;4.6875;5;5.3125;5.625;5.9375;6.25;6.5625;6.875;7.1875;7.5;7.8125;8.125;8.4375;8.75;9.0625;9.375;9.6875;10","0;0;0;0;0;0;0;0;0;0;0;0;0;0;0;0;0;0;0;0;61;572;1984;4866;9636;18850;42246;82824;149154;488909;1049783;3091835;3054591;1054871;477483;172827;101947;51607;9954;0;0;0;0;0;0;0;0;0;0;0;0;0;0;0;0;0;0;0;0;0;0;0;0;0",9864000
12,1,"LeakyReLULayer( 0.050000 )",post_activation,"-10;-9.6875;-9.375;-9.0625;-8.75;-8.4375;-8.125;-7.8125;-7.5;-7.1875;-6.875;-6.5625;-6.25;-5.9375;-5.625;-5.3125;-5;-4.6875;-4.375;-4.0625;-3.75;-3.4375;-3.125;-2.8125;-2.5;-2.1875;-1.875;-1.5625;-1.25;-0.9375;-0.625;-0.3125;0;0.3125;0.625;0.9375;1.25;1.5625;1.875;2.1875;2.5;2.8125;3.125;3.4375;3.75;4.0625;4.375;4.6875;5;5.3125;5.625;5.9375;6.25;6.5625;6.875;7.1875;7.5;7.8125;8.125;8.4375;8.75;9.0625;9.375;9.6875;10","0;0;0;0;0;0;0;0;0;0;0;0;0;0;0;0;0;0;0;0;0;0;0;0;0;0;0;0;0;0;0;4940720;3054591;1054871;477483;172827;101947;51607;9954;0;0;0;0;0;0;0;0;0;0;0;0;0;0;0;0;0;0;0;0;0;0;0;0;0",9864000
12,5,"LeakyReLULayer( 0.050000 )",pre_activation,"-10;-9.6875;-9.375;-9.0625;-8.75;-8.4375;-8.125;-7.8125;-7.5;-7.1875;-6.875;-6.5625;-6.25;-5.9375;-5.625;-5.3125;-5;-4.6875;-4.375;-4.0625;-3.75;-3.4375;-3.125;-2.8125;-2.5;-2.1875;-1.875;-1.5625;-1.25;-0.9375;-0.625;-0.3125;0;0.3125;0.625;0.9375;1.25;1.5625;1.875;2.1875;2.5;2.8125;3.125;3.4375;3.75;4.0625;4.375;4.6875;5;5.3125;5.625;5.9375;6.25;6.5625;6.875;7.1875;7.5;7.8125;8.125;8.4375;8.75;9.0625;9.375;9.6875;10","0;0;0;0;0;0;0;0;0;0;0;0;0;0;0;0;0;0;0;0;0;0;0;0;0;143;662;2829;5686;14392;21078;35195;36023;32789;19723;5703;906;217;14;0;0;0;0;0;0;0;0;0;0;0;0;0;0;0;0;0;0;0;0;0;0;0;0;0",175360
12,5,"LeakyReLULayer( 0.050000 )",post_activation,"-10;-9.6875;-9.375;-9.0625;-8.75;-8.4375;-8.125;-7.8125;-7.5;-7.1875;-6.875;-6.5625;-6.25;-5.9375;-5.625;-5.3125;-5;-4.6875;-4.375;-4.0625;-3.75;-3.4375;-3.125;-2.8125;-2.5;-2.1875;-1.875;-1.5625;-1.25;-0.9375;-0.625;-0.3125;0;0.3125;0.625;0.9375;1.25;1.5625;1.875;2.1875;2.5;2.8125;3.125;3.4375;3.75;4.0625;4.375;4.6875;5;5.3125;5.625;5.9375;6.25;6.5625;6.875;7.1875;7.5;7.8125;8.125;8.4375;8.75;9.0625;9.375;9.6875;10","0;0;0;0;0;0;0;0;0;0;0;0;0;0;0;0;0;0;0;0;0;0;0;0;0;0;0;0;0;0;0;79985;36023;32789;19723;5703;906;217;14;0;0;0;0;0;0;0;0;0;0;0;0;0;0;0;0;0;0;0;0;0;0;0;0;0",175360
12,7,"LeakyReLULayer( 0.050000 )",pre_activation,"-10;-9.6875;-9.375;-9.0625;-8.75;-8.4375;-8.125;-7.8125;-7.5;-7.1875;-6.875;-6.5625;-6.25;-5.9375;-5.625;-5.3125;-5;-4.6875;-4.375;-4.0625;-3.75;-3.4375;-3.125;-2.8125;-2.5;-2.1875;-1.875;-1.5625;-1.25;-0.9375;-0.625;-0.3125;0;0.3125;0.625;0.9375;1.25;1.5625;1.875;2.1875;2.5;2.8125;3.125;3.4375;3.75;4.0625;4.375;4.6875;5;5.3125;5.625;5.9375;6.25;6.5625;6.875;7.1875;7.5;7.8125;8.125;8.4375;8.75;9.0625;9.375;9.6875;10","0;0;0;0;0;0;0;0;0;0;0;0;0;0;0;0;0;0;0;0;0;0;0;0;0;0;68;546;2294;6097;16839;25868;19103;10757;3797;1644;558;109;0;0;0;0;0;0;0;0;0;0;0;0;0;0;0;0;0;0;0;0;0;0;0;0;0;0",87680
12,7,"LeakyReLULayer( 0.050000 )",post_activation,"-10;-9.6875;-9.375;-9.0625;-8.75;-8.4375;-8.125;-7.8125;-7.5;-7.1875;-6.875;-6.5625;-6.25;-5.9375;-5.625;-5.3125;-5;-4.6875;-4.375;-4.0625;-3.75;-3.4375;-3.125;-2.8125;-2.5;-2.1875;-1.875;-1.5625;-1.25;-0.9375;-0.625;-0.3125;0;0.3125;0.625;0.9375;1.25;1.5625;1.875;2.1875;2.5;2.8125;3.125;3.4375;3.75;4.0625;4.375;4.6875;5;5.3125;5.625;5.9375;6.25;6.5625;6.875;7.1875;7.5;7.8125;8.125;8.4375;8.75;9.0625;9.375;9.6875;10","0;0;0;0;0;0;0;0;0;0;0;0;0;0;0;0;0;0;0;0;0;0;0;0;0;0;0;0;0;0;0;51712;19103;10757;3797;1644;558;109;0;0;0;0;0;0;0;0;0;0;0;0;0;0;0;0;0;0;0;0;0;0;0;0;0;0",87680
13,1,"LeakyReLULayer( 0.050000 )",pre_activation,"-10;-9.6875;-9.375;-9.0625;-8.75;-8.4375;-8.125;-7.8125;-7.5;-7.1875;-6.875;-6.5625;-6.25;-5.9375;-5.625;-5.3125;-5;-4.6875;-4.375;-4.0625;-3.75;-3.4375;-3.125;-2.8125;-2.5;-2.1875;-1.875;-1.5625;-1.25;-0.9375;-0.625;-0.3125;0;0.3125;0.625;0.9375;1.25;1.5625;1.875;2.1875;2.5;2.8125;3.125;3.4375;3.75;4.0625;4.375;4.6875;5;5.3125;5.625;5.9375;6.25;6.5625;6.875;7.1875;7.5;7.8125;8.125;8.4375;8.75;9.0625;9.375;9.6875;10","0;0;0;0;0;0;0;0;0;0;0;0;0;0;0;0;0;0;0;0;61;572;1984;4866;9636;18850;42245;82832;149153;488933;1049925;3091649;3054447;1055017;477503;172837;101934;51602;9954;0;0;0;0;0;0;0;0;0;0;0;0;0;0;0;0;0;0;0;0;0;0;0;0;0",9864000
13,1,"LeakyReLULayer( 0.050000 )",post_activation,"-10;-9.6875;-9.375;-9.0625;-8.75;-8.4375;-8.125;-7.8125;-7.5;-7.1875;-6.875;-6.5625;-6.25;-5.9375;-5.625;-5.3125;-5;-4.6875;-4.375;-4.0625;-3.75;-3.4375;-3.125;-2.8125;-2.5;-2.1875;-1.875;-1.5625;-1.25;-0.9375;-0.625;-0.3125;0;0.3125;0.625;0.9375;1.25;1.5625;1.875;2.1875;2.5;2.8125;3.125;3.4375;3.75;4.0625;4.375;4.6875;5;5.3125;5.625;5.9375;6.25;6.5625;6.875;7.1875;7.5;7.8125;8.125;8.4375;8.75;9.0625;9.375;9.6875;10","0;0;0;0;0;0;0;0;0;0;0;0;0;0;0;0;0;0;0;0;0;0;0;0;0;0;0;0;0;0;0;4940706;3054447;1055017;477503;172837;101934;51602;9954;0;0;0;0;0;0;0;0;0;0;0;0;0;0;0;0;0;0;0;0;0;0;0;0;0",9864000
13,5,"LeakyReLULayer( 0.050000 )",pre_activation,"-10;-9.6875;-9.375;-9.0625;-8.75;-8.4375;-8.125;-7.8125;-7.5;-7.1875;-6.875;-6.5625;-6.25;-5.9375;-5.625;-5.3125;-5;-4.6875;-4.375;-4.0625;-3.75;-3.4375;-3.125;-2.8125;-2.5;-2.1875;-1.875;-1.5625;-1.25;-0.9375;-0.625;-0.3125;0;0.3125;0.625;0.9375;1.25;1.5625;1.875;2.1875;2.5;2.8125;3.125;3.4375;3.75;4.0625;4.375;4.6875;5;5.3125;5.625;5.9375;6.25;6.5625;6.875;7.1875;7.5;7.8125;8.125;8.4375;8.75;9.0625;9.375;9.6875;10","0;0;0;0;0;0;0;0;0;0;0;0;0;0;0;0;0;0;0;0;0;0;0;0;0;142;661;2834;5649;14436;20923;35205;36146;32803;19744;5686;901;217;13;0;0;0;0;0;0;0;0;0;0;0;0;0;0;0;0;0;0;0;0;0;0;0;0;0",175360
13,5,"LeakyReLULayer( 0.050000 )",post_activation,"-10;-9.6875;-9.375;-9.0625;-8.75;-8.4375;-8.125;-7.8125;-7.5;-7.1875;-6.875;-6.5625;-6.25;-5.9375;-5.625;-5.3125;-5;-4.6875;-4.375;-4.0625;-3.75;-3.4375;-3.125;-2.8125;-2.5;-2.1875;-1.875;-1.5625;-1.25;-0.9375;-0.625;-0.3125;0;0.3125;0.625;0.9375;1.25;1.5625;1.875;2.1875;2.5;2.8125;3.125;3.4375;3.75;4.0625;4.375;4.6875;5;5.3125;5.625;5.9375;6.25;6.5625;6.875;7.1875;7.5;7.8125;8.125;8.4375;8.75;9.0625;9.375;9.6875;10","0;0;0;0;0;0;0;0;0;0;0;0;0;0;0;0;0;0;0;0;0;0;0;0;0;0;0;0;0;0;0;79850;36146;32803;19744;5686;901;217;13;0;0;0;0;0;0;0;0;0;0;0;0;0;0;0;0;0;0;0;0;0;0;0;0;0",175360
13,7,"LeakyReLULayer( 0.050000 )",pre_activation,"-10;-9.6875;-9.375;-9.0625;-8.75;-8.4375;-8.125;-7.8125;-7.5;-7.1875;-6.875;-6.5625;-6.25;-5.9375;-5.625;-5.3125;-5;-4.6875;-4.375;-4.0625;-3.75;-3.4375;-3.125;-2.8125;-2.5;-2.1875;-1.875;-1.5625;-1.25;-0.9375;-0.625;-0.3125;0;0.3125;0.625;0.9375;1.25;1.5625;1.875;2.1875;2.5;2.8125;3.125;3.4375;3.75;4.0625;4.375;4.6875;5;5.3125;5.625;5.9375;6.25;6.5625;6.875;7.1875;7.5;7.8125;8.125;8.4375;8.75;9.0625;9.375;9.6875;10","0;0;0;0;0;0;0;0;0;0;0;0;0;0;0;0;0;0;0;0;0;0;0;0;0;0;70;545;2280;6108;16811;25763;19236;10780;3785;1636;556;110;0;0;0;0;0;0;0;0;0;0;0;0;0;0;0;0;0;0;0;0;0;0;0;0;0;0",87680
13,7,"LeakyReLULayer( 0.050000 )",post_activation,"-10;-9.6875;-9.375;-9.0625;-8.75;-8.4375;-8.125;-7.8125;-7.5;-7.1875;-6.875;-6.5625;-6.25;-5.9375;-5.625;-5.3125;-5;-4.6875;-4.375;-4.0625;-3.75;-3.4375;-3.125;-2.8125;-2.5;-2.1875;-1.875;-1.5625;-1.25;-0.9375;-0.625;-0.3125;0;0.3125;0.625;0.9375;1.25;1.5625;1.875;2.1875;2.5;2.8125;3.125;3.4375;3.75;4.0625;4.375;4.6875;5;5.3125;5.625;5.9375;6.25;6.5625;6.875;7.1875;7.5;7.8125;8.125;8.4375;8.75;9.0625;9.375;9.6875;10","0;0;0;0;0;0;0;0;0;0;0;0;0;0;0;0;0;0;0;0;0;0;0;0;0;0;0;0;0;0;0;51577;19236;10780;3785;1636;556;110;0;0;0;0;0;0;0;0;0;0;0;0;0;0;0;0;0;0;0;0;0;0;0;0;0;0",87680
14,1,"LeakyReLULayer( 0.050000 )",pre_activation,"-10;-9.6875;-9.375;-9.0625;-8.75;-8.4375;-8.125;-7.8125;-7.5;-7.1875;-6.875;-6.5625;-6.25;-5.9375;-5.625;-5.3125;-5;-4.6875;-4.375;-4.0625;-3.75;-3.4375;-3.125;-2.8125;-2.5;-2.1875;-1.875;-1.5625;-1.25;-0.9375;-0.625;-0.3125;0;0.3125;0.625;0.9375;1.25;1.5625;1.875;2.1875;2.5;2.8125;3.125;3.4375;3.75;4.0625;4.375;4.6875;5;5.3125;5.625;5.9375;6.25;6.5625;6.875;7.1875;7.5;7.8125;8.125;8.4375;8.75;9.0625;9.375;9.6875;10","0;0;0;0;0;0;0;0;0;0;0;0;0;0;0;0;0;0;0;0;61;572;1984;4866;9636;18854;42247;82841;149190;488976;1049992;3091469;3054291;1055108;477560;172861;101940;51599;9953;0;0;0;0;0;0;0;0;0;0;0;0;0;0;0;0;0;0;0;0;0;0;0;0;0",9864000
14,1,"LeakyReLULayer( 0.050000 )",post_activation,"-10;-9.6875;-9.375;-9.0625;-8.75;-8.4375;-8.125;-7.8125;-7.5;-7.1875;-6.875;-6.5625;-6.25;-5.9375;-5.625;-5.3125;-5;-4.6875;-4.375;-4.0625;-3.75;-3.4375;-3.125;-2.8125;-2.5;-2.1875;-1.875;-1.5625;-1.25;-0.9375;-0.625;-0.3125;0;0.3125;0.625;0.9375;1.25;1.5625;1.875;2.1875;2.5;2.8125;3.125;3.4375;3.75;4.0625;4.375;4.6875;5;5.3125;5.625;5.9375;6.25;6.5625;6.875;7.1875;7.5;7.8125;8.125;8.4375;8.75;9.0625;9.375;9.6875;10","0;0;0;0;0;0;0;0;0;0;0;0;0;0;0;0;0;0;0;0;0;0;0;0;0;0;0;0;0;0;0;4940688;3054291;1055108;477560;172861;101940;51599;9953;0;0;0;0;0;0;0;0;0;0;0;0;0;0;0;0;0;0;0;0;0;0;0;0;0",9864000
14,5,"LeakyReLULayer( 0.050000 )",pre_activation,"-10;-9.6875;-9.375;-9.0625;-8.75;-8.4375;-8.125;-7.8125;-7.5;-7.1875;-6.875;-6.5625;-6.25;-5.9375;-5.625;-5.3125;-5;-4.6875;-4.375;-4.0625;-3.75;-3.4375;-3.125;-2.8125;-2.5;-2.1875;-1.875;-1.5625;-1.25;-0.9375;-0.625;-0.3125;0;0.3125;0.625;0.9375;1.25;1.5625;1.875;2.1875;2.5;2.8125;3.125;3.4375;3.75;4.0625;4.375;4.6875;5;5.3125;5.625;5.9375;6.25;6.5625;6.875;7.1875;7.5;7.8125;8.125;8.4375;8.75;9.0625;9.375;9.6875;10","0;0;0;0;0;0;0;0;0;0;0;0;0;0;0;0;0;0;0;0;0;0;0;0;0;145;667;2846;5600;14464;20845;35174;36288;32734;19798;5674;899;215;11;0;0;0;0;0;0;0;0;0;0;0;0;0;0;0;0;0;0;0;0;0;0;0;0;0",175360
14,5,"LeakyReLULayer( 0.050000 )",post_activation,"-10;-9.6875;-9.375;-9.0625;-8.75;-8.4375;-8.125;-7.8125;-7.5;-7.1875;-6.875;-6.5625;-6.25;-5.9375;-5.625;-5.3125;-5;-4.6875;-4.375;-4.0625;-3.75;-3.4375;-3.125;-2.8125;-2.5;-2.1875;-1.875;-1.5625;-1.25;-0.9375;-0.625;-0.3125;0;0.3125;0.625;0.9375;1.25;1.5625;1.875;2.1875;2.5;2.8125;3.125;3.4375;3.75;4.0625;4.375;4.6875;5;5.3125;5.625;5.9375;6.25;6.5625;6.875;7.1875;7.5;7.8125;8.125;8.4375;8.75;9.0625;9.375;9.6875;10","0;0;0;0;0;0;0;0;0;0;0;0;0;0;0;0;0;0;0;0;0;0;0;0;0;0;0;0;0;0;0;79741;36288;32734;19798;5674;899;215;11;0;0;0;0;0;0;0;0;0;0;0;0;0;0;0;0;0;0;0;0;0;0;0;0;0",175360
14,7,"LeakyReLULayer( 0.050000 )",pre_activation,"-10;-9.6875;-9.375;-9.0625;-8.75;-8.4375;-8.125;-7.8125;-7.5;-7.1875;-6.875;-6.5625;-6.25;-5.9375;-5.625;-5.3125;-5;-4.6875;-4.375;-4.0625;-3.75;-3.4375;-3.125;-2.8125;-2.5;-2.1875;-1.875;-1.5625;-1.25;-0.9375;-0.625;-0.3125;0;0.3125;0.625;0.9375;1.25;1.5625;1.875;2.1875;2.5;2.8125;3.125;3.4375;3.75;4.0625;4.375;4.6875;5;5.3125;5.625;5.9375;6.25;6.5625;6.875;7.1875;7.5;7.8125;8.125;8.4375;8.75;9.0625;9.375;9.6875;10","0;0;0;0;0;0;0;0;0;0;0;0;0;0;0;0;0;0;0;0;0;0;0;0;0;0;72;546;2280;6077;16839;25682;19338;10739;3800;1645;551;111;0;0;0;0;0;0;0;0;0;0;0;0;0;0;0;0;0;0;0;0;0;0;0;0;0;0",87680
14,7,"LeakyReLULayer( 0.050000 )",post_activation,"-10;-9.6875;-9.375;-9.0625;-8.75;-8.4375;-8.125;-7.8125;-7.5;-7.1875;-6.875;-6.5625;-6.25;-5.9375;-5.625;-5.3125;-5;-4.6875;-4.375;-4.0625;-3.75;-3.4375;-3.125;-2.8125;-2.5;-2.1875;-1.875;-1.5625;-1.25;-0.9375;-0.625;-0.3125;0;0.3125;0.625;0.9375;1.25;1.5625;1.875;2.1875;2.5;2.8125;3.125;3.4375;3.75;4.0625;4.375;4.6875;5;5.3125;5.625;5.9375;6.25;6.5625;6.875;7.1875;7.5;7.8125;8.125;8.4375;8.75;9.0625;9.375;9.6875;10","0;0;0;0;0;0;0;0;0;0;0;0;0;0;0;0;0;0;0;0;0;0;0;0;0;0;0;0;0;0;0;51496;19338;10739;3800;1645;551;111;0;0;0;0;0;0;0;0;0;0;0;0;0;0;0;0;0;0;0;0;0;0;0;0;0;0",87680
15,1,"LeakyReLULayer( 0.050000 )",pre_activation,"-10;-9.6875;-9.375;-9.0625;-8.75;-8.4375;-8.125;-7.8125;-7.5;-7.1875;-6.875;-6.5625;-6.25;-5.9375;-5.625;-5.3125;-5;-4.6875;-4.375;-4.0625;-3.75;-3.4375;-3.125;-2.8125;-2.5;-2.1875;-1.875;-1.5625;-1.25;-0.9375;-0.625;-0.3125;0;0.3125;0.625;0.9375;1.25;1.5625;1.875;2.1875;2.5;2.8125;3.125;3.4375;3.75;4.0625;4.375;4.6875;5;5.3125;5.625;5.9375;6.25;6.5625;6.875;7.1875;7.5;7.8125;8.125;8.4375;8.75;9.0625;9.375;9.6875;10","0;0;0;0;0;0;0;0;0;0;0;0;0;0;0;0;0;0;0;0;61;572;1984;4866;9637;18852;42258;82836;149185;489042;1050069;3091340;3054106;1055249;477570;172896;101926;51599;9952;0;0;0;0;0;0;0;0;0;0;0;0;0;0;0;0;0;0;0;0;0;0;0;0;0",9864000
15,1,"LeakyReLULayer( 0.050000 )",post_activation,"-10;-9.6875;-9.375;-9.0625;-8.75;-8.4375;-8.125;-7.8125;-7.5;-7.1875;-6.875;-6.5625;-6.25;-5.9375;-5.625;-5.3125;-5;-4.6875;-4.375;-4.0625;-3.75;-3.4375;-3.125;-2.8125;-2.5;-2.1875;-1.875;-1.5625;-1.25;-0.9375;-0.625;-0.3125;0;0.3125;0.625;0.9375;1.25;1.5625;1.875;2.1875;2.5;2.8125;3.125;3.4375;3.75;4.0625;4.375;4.6875;5;5.3125;5.625;5.9375;6.25;6.5625;6.875;7.1875;7.5;7.8125;8.125;8.4375;8.75;9.0625;9.375;9.6875;10","0;0;0;0;0;0;0;0;0;0;0;0;0;0;0;0;0;0;0;0;0;0;0;0;0;0;0;0;0;0;0;4940702;3054106;1055249;477570;172896;101926;51599;9952;0;0;0;0;0;0;0;0;0;0;0;0;0;0;0;0;0;0;0;0;0;0;0;0;0",9864000
15,5,"LeakyReLULayer( 0.050000 )",pre_activation,"-10;-9.6875;-9.375;-9.0625;-8.75;-8.4375;-8.125;-7.8125;-7.5;-7.1875;-6.875;-6.5625;-6.25;-5.9375;-5.625;-5.3125;-5;-4.6875;-4.375;-4.0625;-3.75;-3.4375;-3.125;-2.8125;-2.5;-2.1875;-1.875;-1.5625;-1.25;-0.9375;-0.625;-0.3125;0;0.3125;0.625;0.9375;1.25;1.5625;1.875;2.1875;2.5;2.8125;3.125;3.4375;3.75;4.0625;4.375;4.6875;5;5.3125;5.625;5.9375;6.25;6.5625;6.875;7.1875;7.5;7.8125;8.125;8.4375;8.75;9.0625;9.375;9.6875;10","0;0;0;0;0;0;0;0;0;0;0;0;0;0;0;0;0;0;0;0;0;0;0;0;0;146;665;2831;5595;14479;20979;35265;36130;32696;19784;5667;900;212;11;0;0;0;0;0;0;0;0;0;0;0;0;0;0;0;0;0;0;0;0;0;0;0;0;0",175360
15,5,"LeakyReLULayer( 0.050000 )",post_activation,"-10;-9.6875;-9.375;-9.0625;-8.75;-8.4375;-8.125;-7.8125;-7.5;-7.1875;-6.875;-6.5625;-6.25;-5.9375;-5.625;-5.3125;-5;-4.6875;-4.375;-4.0625;-3.75;-3.4375;-3.125;-2.8125;-2.5;-2.1875;-1.875;-1.5625;-1.25;-0.9375;-0.625;-0.3125;0;0.3125;0.625;0.9375;1.25;1.5625;1.875;2.1875;2.5;2.8125;3.125;3.4375;3.75;4.0625;4.375;4.6875;5;5.3125;5.625;5.9375;6.25;6.5625;6.875;7.1875;7.5;7.8125;8.125;8.4375;8.75;9.0625;9.375;9.6875;10","0;0;0;0;0;0;0;0;0;0;0;0;0;0;0;0;0;0;0;0;0;0;0;0;0;0;0;0;0;0;0;79960;36130;32696;19784;5667;900;212;11;0;0;0;0;0;0;0;0;0;0;0;0;0;0;0;0;0;0;0;0;0;0;0;0;0",175360
15,7,"LeakyReLULayer( 0.050000 )",pre_activation,"-10;-9.6875;-9.375;-9.0625;-8.75;-8.4375;-8.125;-7.8125;-7.5;-7.1875;-6.875;-6.5625;-6.25;-5.9375;-5.625;-5.3125;-5;-4.6875;-4.375;-4.0625;-3.75;-3.4375;-3.125;-2.8125;-2.5;-2.1875;-1.875;-1.5625;-1.25;-0.9375;-0.625;-0.3125;0;0.3125;0.625;0.9375;1.25;1.5625;1.875;2.1875;2.5;2.8125;3.125;3.4375;3.75;4.0625;4.375;4.6875;5;5.3125;5.625;5.9375;6.25;6.5625;6.875;7.1875;7.5;7.8125;8.125;8.4375;8.75;9.0625;9.375;9.6875;10","0;0;0;0;0;0;0;0;0;0;0;0;0;0;0;0;0;0;0;0;0;0;0;0;0;0;73;545;2260;6138;16828;25575;19382;10815;3774;1635;545;110;0;0;0;0;0;0;0;0;0;0;0;0;0;0;0;0;0;0;0;0;0;0;0;0;0;0",87680
15,7,"LeakyReLULayer( 0.050000 )",post_activation,"-10;-9.6875;-9.375;-9.0625;-8.75;-8.4375;-8.125;-7.8125;-7.5;-7.1875;-6.875;-6.5625;-6.25;-5.9375;-5.625;-5.3125;-5;-4.6875;-4.375;-4.0625;-3.75;-3.4375;-3.125;-2.8125;-2.5;-2.1875;-1.875;-1.5625;-1.25;-0.9375;-0.625;-0.3125;0;0.3125;0.625;0.9375;1.25;1.5625;1.875;2.1875;2.5;2.8125;3.125;3.4375;3.75;4.0625;4.375;4.6875;5;5.3125;5.625;5.9375;6.25;6.5625;6.875;7.1875;7.5;7.8125;8.125;8.4375;8.75;9.0625;9.375;9.6875;10","0;0;0;0;0;0;0;0;0;0;0;0;0;0;0;0;0;0;0;0;0;0;0;0;0;0;0;0;0;0;0;51419;19382;10815;3774;1635;545;110;0;0;0;0;0;0;0;0;0;0;0;0;0;0;0;0;0;0;0;0;0;0;0;0;0;0",87680
16,1,"LeakyReLULayer( 0.050000 )",pre_activation,"-10;-9.6875;-9.375;-9.0625;-8.75;-8.4375;-8.125;-7.8125;-7.5;-7.1875;-6.875;-6.5625;-6.25;-5.9375;-5.625;-5.3125;-5;-4.6875;-4.375;-4.0625;-3.75;-3.4375;-3.125;-2.8125;-2.5;-2.1875;-1.875;-1.5625;-1.25;-0.9375;-0.625;-0.3125;0;0.3125;0.625;0.9375;1.25;1.5625;1.875;2.1875;2.5;2.8125;3.125;3.4375;3.75;4.0625;4.375;4.6875;5;5.3125;5.625;5.9375;6.25;6.5625;6.875;7.1875;7.5;7.8125;8.125;8.4375;8.75;9.0625;9.375;9.6875;10","0;0;0;0;0;0;0;0;0;0;0;0;0;0;0;0;0;0;0;0;61;572;1984;4866;9634;18853;42243;82853;149191;489052;1050179;3091212;3053981;1055377;477616;172863;101923;51589;9951;0;0;0;0;0;0;0;0;0;0;0;0;0;0;0;0;0;0;0;0;0;0;0;0;0",9864000
16,1,"LeakyReLULayer( 0.050000 )",post_activation,"-10;-9.6875;-9.375;-9.0625;-8.75;-8.4375;-8.125;-7.8125;-7.5;-7.1875;-6.875;-6.5625;-6.25;-5.9375;-5.625;-5.3125;-5;-4.6875;-4.375;-4.0625;-3.75;-3.4375;-3.125;-2.8125;-2.5;-2.1875;-1.875;-1.5625;-1.25;-0.9375;-0.625;-0.3125;0;0.3125;0.625;0.9375;1.25;1.5625;1.875;2.1875;2.5;2.8125;3.125;3.4375;3.75;4.0625;4.375;4.6875;5;5.3125;5.625;5.9375;6.25;6.5625;6.875;7.1875;7.5;7.8125;8.125;8.4375;8.75;9.0625;9.375;9.6875;10","0;0;0;0;0;0;0;0;0;0;0;0;0;0;0;0;0;0;0;0;0;0;0;0;0;0;0;0;0;0;0;4940700;3053981;1055377;477616;172863;101923;51589;9951;0;0;0;0;0;0;0;0;0;0;0;0;0;0;0;0;0;0;0;0;0;0;0;0;0",9864000
16,5,"LeakyReLULayer( 0.050000 )",pre_activation,"-10;-9.6875;-9.375;-9.0625;-8.75;-8.4375;-8.125;-7.8125;-7.5;-7.1875;-6.875;-6.5625;-6.25;-5.9375;-5.625;-5.3125;-5;-4.6875;-4.375;-4.0625;-3.75;-3.4375;-3.125;-2.8125;-2.5;-2.1875;-1.875;-1.5625;-1.25;-0.9375;-0.625;-0.3125;0;0.3125;0.625;0.9375;1.25;1.5625;1.875;2.1875;2.5;2.8125;3.125;3.4375;3.75;4.0625;4.375;4.6875;5;5.3125;5.625;5.9375;6.25;6.5625;6.875;7.1875;7.5;7.8125;8.125;8.4375;8.75;9.0625;9.375;9.6875;10","0;0;0;0;0;0;0;0;0;0;0;0;0;0;0;0;0;0;0;0;0;0;0;0;0;147;664;2815;5581;14492;21072;35322;36009;32656;19830;5659;892;212;9;0;0;0;0;0;0;0;0;0;0;0;0;0;0;0;0;0;0;0;0;0;0;0;0;0",175360
16,5,"LeakyReLULayer( 0.050000 )",post_activation,"-10;-9.6875;-9.375;-9.0625;-8.75;-8.4375;-8.125;-7.8125;-7.5;-7.1875;-6.875;-6.5625;-6.25;-5.9375;-5.625;-5.3125;-5;-4.6875;-4.375;-4.0625;-3.75;-3.4375;-3.125;-2.8125;-2.5;-2.1875;-1.875;-1.5625;-1.25;-0.9375;-0.625;-0.3125;0;0.3125;0.625;0.9375;1.25;1.5625;1.875;2.1875;2.5;2.8125;3.125;3.4375;3.75;4.0625;4.375;4.6875;5;5.3125;5.625;5.9375;6.25;6.5625;6.875;7.1875;7.5;7.8125;8.125;8.4375;8.75;9.0625;9.375;9.6875;10","0;0;0;0;0;0;0;0;0;0;0;0;0;0;0;0;0;0;0;0;0;0;0;0;0;0;0;0;0;0;0;80093;36009;32656;19830;5659;892;212;9;0;0;0;0;0;0;0;0;0;0;0;0;0;0;0;0;0;0;0;0;0;0;0;0;0",175360
16,7,"LeakyReLULayer( 0.050000 )",pre_activation,"-10;-9.6875;-9.375;-9.0625;-8.75;-8.4375;-8.125;-7.8125;-7.5;-7.1875;-6.875;-6.5625;-6.25;-5.9375;-5.625;-5.3125;-5;-4.6875;-4.375;-4.0625;-3.75;-3.4375;-3.125;-2.8125;-2.5;-2.1875;-1.875;-1.5625;-1.25;-0.9375;-0.625;-0.3125;0;0.3125;0.625;0.9375;1.25;1.5625;1.875;2.1875;2.5;2.8125;3.125;3.4375;3.75;4.0625;4.375;4.6875;5;5.3125;5.625;5.9375;6.25;6.5625;6.875;7.1875;7.5;7.8125;8.125;8.4375;8.75;9.0625;9.375;9.6875;10","0;0;0;0;0;0;0;0;0;0;0;0;0;0;0;0;0;0;0;0;0;0;0;0;0;0;75;539;2260;6127;16826;25588;19417;10791;3781;1624;543;109;0;0;0;0;0;0;0;0;0;0;0;0;0;0;0;0;0;0;0;0;0;0;0;0;0;0",87680
16,7,"LeakyReLULayer( 0.050000 )",post_activation,"-10;-9.6875;-9.375;-9.0625;-8.75;-8.4375;-8.125;-7.8125;-7.5;-7.1875;-6.875;-6.5625;-6.25;-5.9375;-5.625;-5.3125;-5;-4.6875;-4.375;-4.0625;-3.75;-3.4375;-3.125;-2.8125;-2.5;-2.1875;-1.875;-1.5625;-1.25;-0.9375;-0.625;-0.3125;0;0.3125;0.625;0.9375;1.25;1.5625;1.875;2.1875;2.5;2.8125;3.125;3.4375;3.75;4.0625;4.375;4.6875;5;5.3125;5.625;5.9375;6.25;6.5625;6.875;7.1875;7.5;7.8125;8.125;8.4375;8.75;9.0625;9.375;9.6875;10","0;0;0;0;0;0;0;0;0;0;0;0;0;0;0;0;0;0;0;0;0;0;0;0;0;0;0;0;0;0;0;51415;19417;10791;3781;1624;543;109;0;0;0;0;0;0;0;0;0;0;0;0;0;0;0;0;0;0;0;0;0;0;0;0;0;0",87680
17,1,"LeakyReLULayer( 0.050000 )",pre_activation,"-10;-9.6875;-9.375;-9.0625;-8.75;-8.4375;-8.125;-7.8125;-7.5;-7.1875;-6.875;-6.5625;-6.25;-5.9375;-5.625;-5.3125;-5;-4.6875;-4.375;-4.0625;-3.75;-3.4375;-3.125;-2.8125;-2.5;-2.1875;-1.875;-1.5625;-1.25;-0.9375;-0.625;-0.3125;0;0.3125;0.625;0.9375;1.25;1.5625;1.875;2.1875;2.5;2.8125;3.125;3.4375;3.75;4.0625;4.375;4.6875;5;5.3125;5.625;5.9375;6.25;6.5625;6.875;7.1875;7.5;7.8125;8.125;8.4375;8.75;9.0625;9.375;9.6875;10","0;0;0;0;0;0;0;0;0;0;0;0;0;0;0;0;0;0;0;0;61;572;1984;4869;9637;18853;42273;82850;149219;489248;1050294;3090766;3053624;1055567;477747;172939;101943;51592;9962;0;0;0;0;0;0;0;0;0;0;0;0;0;0;0;0;0;0;0;0;0;0;0;0;0",9864000
17,1,"LeakyReLULayer( 0.050000 )",post_activation,"-10;-9.6875;-9.375;-9.0625;-8.75;-8.4375;-8.125;-7.8125;-7.5;-7.1875;-6.875;-6.5625;-6.25;-5.9375;-5.625;-5.3125;-5;-4.6875;-4.375;-4.0625;-3.75;-3.4375;-3.125;-2.8125;-2.5;-2.1875;-1.875;-1.5625;-1.25;-0.9375;-0.625;-0.3125;0;0.3125;0.625;0.9375;1.25;1.5625;1.875;2.1875;2.5;2.8125;3.125;3.4375;3.75;4.0625;4.375;4.6875;5;5.3125;5.625;5.9375;6.25;6.5625;6.875;7.1875;7.5;7.8125;8.125;8.4375;8.75;9.0625;9.375;9.6875;10","0;0;0;0;0;0;0;0;0;0;0;0;0;0;0;0;0;0;0;0;0;0;0;0;0;0;0;0;0;0;0;4940626;3053624;1055567;477747;172939;101943;51592;9962;0;0;0;0;0;0;0;0;0;0;0;0;0;0;0;0;0;0;0;0;0;0;0;0;0",9864000
17,5,"LeakyReLULayer( 0.050000 )",pre_activation,"-10;-9.6875;-9.375;-9.0625;-8.75;-8.4375;-8.125;-7.8125;-7.5;-7.1875;-6.875;-6.5625;-6.25;-5.9375;-5.625;-5.3125;-5;-4.6875;-4.375;-4.0625;-3.75;-3.4375;-3.125;-2.8125;-2.5;-2.1875;-1.875;-1.5625;-1.25;-0.9375;-0.625;-0.3125;0;0.3125;0.625;0.9375;1.25;1.5625;1.875;2.1875;2.5;2.8125;3.125;3.4375;3.75;4.0625;4.375;4.6875;5;5.3125;5.625;5.9375;6.25;6.5625;6.875;7.1875;7.5;7.8125;8.125;8.4375;8.75;9.0625;9.375;9.6875;10","0;0;0;0;0;0;0;0;0;0;0;0;0;0;0;0;0;0;0;0;0;0;0;0;0;150;673;2817;5530;14406;21110;35447;35912;32573;19925;5689;905;213;10;0;0;0;0;0;0;0;0;0;0;0;0;0;0;0;0;0;0;0;0;0;0;0;0;0",175360
17,5,"LeakyReLULayer( 0.050000 )",post_activation,"-10;-9.6875;-9.375;-9.0625;-8.75;-8.4375;-8.125;-7.8125;-7.5;-7.1875;-6.875;-6.5625;-6.25;-5.9375;-5.625;-5.3125;-5;-4.6875;-4.375;-4.0625;-3.75;-3.4375;-3.125;-2.8125;-2.5;-2.1875;-1.875;-1.5625;-1.25;-0.9375;-0.625;-0.3125;0;0.3125;0.625;0.9375;1.25;1.5625;1.875;2.1875;2.5;2.8125;3.125;3.4375;3.75;4.0625;4.375;4.6875;5;5.3125;5.625;5.9375;6.25;6.5625;6.875;7.1875;7.5;7.8125;8.125;8.4375;8.75;9.0625;9.375;9.6875;10","0;0;0;0;0;0;0;0;0;0;0;0;0;0;0;0;0;0;0;0;0;0;0;0;0;0;0;0;0;0;0;80133;35912;32573;19925;5689;905;213;10;0;0;0;0;0;0;0;0;0;0;0;0;0;0;0;0;0;0;0;0;0;0;0;0;0",175360
17,7,"LeakyReLULayer( 0.050000 )",pre_activation,"-10;-9.6875;-9.375;-9.0625;-8.75;-8.4375;-8.125;-7.8125;-7.5;-7.1875;-6.875;-6.5625;-6.25;-5.9375;-5.625;-5.3125;-5;-4.6875;-4.375;-4.0625;-3.75;-3.4375;-3.125;-2.8125;-2.5;-2.1875;-1.875;-1.5625;-1.25;-0.9375;-0.625;-0.3125;0;0.3125;0.625;0.9375;1.25;1.5625;1.875;2.1875;2.5;2.8125;3.125;3.4375;3.75;4.0625;4.375;4.6875;5;5.3125;5.625;5.9375;6.25;6.5625;6.875;7.1875;7.5;7.8125;8.125;8.4375;8.75;9.0625;9.375;9.6875;10","0;0;0;0;0;0;0;0;0;0;0;0;0;0;0;0;0;0;0;0;0;0;0;0;0;0;77;536;2270;6149;16844;25472;19473;10761;3809;1627;553;109;0;0;0;0;0;0;0;0;0;0;0;0;0;0;0;0;0;0;0;0;0;0;0;0;0;0",87680
17,7,"LeakyReLULayer( 0.050000 )",post_activation,"-10;-9.6875;-9.375;-9.0625;-8.75;-8.4375;-8.125;-7.8125;-7.5;-7.1875;-6.875;-6.5625;-6.25;-5.9375;-5.625;-5.3125;-5;-4.6875;-4.375;-4.0625;-3.75;-3.4375;-3.125;-2.8125;-2.5;-2.1875;-1.875;-1.5625;-1.25;-0.9375;-0.625;-0.3125;0;0.3125;0.625;0.9375;1.25;1.5625;1.875;2.1875;2.5;2.8125;3.125;3.4375;3.75;4.0625;4.375;4.6875;5;5.3125;5.625;5.9375;6.25;6.5625;6.875;7.1875;7.5;7.8125;8.125;8.4375;8.75;9.0625;9.375;9.6875;10","0;0;0;0;0;0;0;0;0;0;0;0;0;0;0;0;0;0;0;0;0;0;0;0;0;0;0;0;0;0;0;51348;19473;10761;3809;1627;553;109;0;0;0;0;0;0;0;0;0;0;0;0;0;0;0;0;0;0;0;0;0;0;0;0;0;0",87680
18,1,"LeakyReLULayer( 0.050000 )",pre_activation,"-10;-9.6875;-9.375;-9.0625;-8.75;-8.4375;-8.125;-7.8125;-7.5;-7.1875;-6.875;-6.5625;-6.25;-5.9375;-5.625;-5.3125;-5;-4.6875;-4.375;-4.0625;-3.75;-3.4375;-3.125;-2.8125;-2.5;-2.1875;-1.875;-1.5625;-1.25;-0.9375;-0.625;-0.3125;0;0.3125;0.625;0.9375;1.25;1.5625;1.875;2.1875;2.5;2.8125;3.125;3.4375;3.75;4.0625;4.375;4.6875;5;5.3125;5.625;5.9375;6.25;6.5625;6.875;7.1875;7.5;7.8125;8.125;8.4375;8.75;9.0625;9.375;9.6875;10","0;0;0;0;0;0;0;0;0;0;0;0;0;0;0;0;0;0;0;0;61;572;1984;4866;9636;18851;42248;82847;149182;489158;1050392;3090842;3053714;1055618;477741;172835;101914;51588;9951;0;0;0;0;0;0;0;0;0;0;0;0;0;0;0;0;0;0;0;0;0;0;0;0;0",9864000
18,1,"LeakyReLULayer( 0.050000 )",post_activation,"-10;-9.6875;-9.375;-9.0625;-8.75;-8.4375;-8.125;-7.8125;-7.5;-7.1875;-6.875;-6.5625;-6.25;-5.9375;-5.625;-5.3125;-5;-4.6875;-4.375;-4.0625;-3.75;-3.4375;-3.125;-2.8125;-2.5;-2.1875;-1.875;-1.5625;-1.25;-0.9375;-0.625;-0.3125;0;0.3125;0.625;0.9375;1.25;1.5625;1.875;2.1875;2.5;2.8125;3.125;3.4375;3.75;4.0625;4.375;4.6875;5;5.3125;5.625;5.9375;6.25;6.5625;6.875;7.1875;7.5;7.8125;8.125;8.4375;8.75;9.0625;9.375;9.6875;10","0;0;0;0;0;0;0;0;0;0;0;0;0;0;0;0;0;0;0;0;0;0;0;0;0;0;0;0;0;0;0;4940639;3053714;1055618;477741;172835;101914;51588;9951;0;0;0;0;0;0;0;0;0;0;0;0;0;0;0;0;0;0;0;0;0;0;0;0;0",9864000
18,5,"LeakyReLULayer( 0.050000 )",pre_activation,"-10;-9.6875;-9.375;-9.0625;-8.75;-8.4375;-8.125;-7.8125;-7.5;-7.1875;-6.875;-6.5625;-6.25;-5.9375;-5.625;-5.3125;-5;-4.6875;-4.375;-4.0625;-3.75;-3.4375;-3.125;-2.8125;-2.5;-2.1875;-1.875;-1.5625;-1.25;-0.9375;-0.625;-0.3125;0;0.3125;0.625;0.9375;1.25;1.5625;1.875;2.1875;2.5;2.8125;3.125;3.4375;3.75;4.0625;4.375;4.6875;5;5.3125;5.625;5.9375;6.25;6.5625;6.875;7.1875;7.5;7.8125;8.125;8.4375;8.75;9.0625;9.375;9.6875;10","0;0;0;0;0;0;0;0;0;0;0;0;0;0;0;0;0;0;0;0;0;0;0;0;0;148;662;2774;5564;14343;21366;35427;35788;32589;19910;5660;906;215;8;0;0;0;0;0;0;0;0;0;0;0;0;0;0;0;0;0;0;0;0;0;0;0;0;0",175360
18,5,"LeakyReLULayer( 0.050000 )",post_activation,"-10;-9.6875;-9.375;-9.0625;-8.75;-8.4375;-8.125;-7.8125;-7.5;-7.1875;-6.875;-6.5625;-6.25;-5.9375;-5.625;-5.3125;-5;-4.6875;-4.375;-4.0625;-3.75;-3.4375;-3.125;-2.8125;-2.5;-2.1875;-1.875;-1.5625;-1.25;-0.9375;-0.625;-0.3125;0;0.3125;0.625;0.9375;1.25;1.5625;1.875;2.1875;2.5;2.8125;3.125;3.4375;3.75;4.0625;4.375;4.6875;5;5.3125;5.625;5.9375;6.25;6.5625;6.875;7.1875;7.5;7.8125;8.125;8.4375;8.75;9.0625;9.375;9.6875;10","0;0;0;0;0;0;0;0;0;0;0;0;0;0;0;0;0;0;0;0;0;0;0;0;0;0;0;0;0;0;0;80284;35788;32589;19910;5660;906;215;8;0;0;0;0;0;0;0;0;0;0;0;0;0;0;0;0;0;0;0;0;0;0;0;0;0",175360
18,7,"LeakyReLULayer( 0.050000 )",pre_activation,"-10;-9.6875;-9.375;-9.0625;-8.75;-8.4375;-8.125;-7.8125;-7.5;-7.1875;-6.875;-6.5625;-6.25;-5.9375;-5.625;-5.3125;-5;-4.6875;-4.375;-4.0625;-3.75;-3.4375;-3.125;-2.8125;-2.5;-2.1875;-1.875;-1.5625;-1.25;-0.9375;-0.625;-0.3125;0;0.3125;0.625;0.9375;1.25;1.5625;1.875;2.1875;2.5;2.8125;3.125;3.4375;3.75;4.0625;4.375;4.6875;5;5.3125;5.625;5.9375;6.25;6.5625;6.875;7.1875;7.5;7.8125;8.125;8.4375;8.75;9.0625;9.375;9.6875;10","0;0;0;0;0;0;0;0;0;0;0;0;0;0;0;0;0;0;0;0;0;0;0;0;0;0;77;529;2280;6171;16767;25417;19584;10775;3805;1627;541;107;0;0;0;0;0;0;0;0;0;0;0;0;0;0;0;0;0;0;0;0;0;0;0;0;0;0",87680
18,7,"LeakyReLULayer( 0.050000 )",post_activation,"-10;-9.6875;-9.375;-9.0625;-8.75;-8.4375;-8.125;-7.8125;-7.5;-7.1875;-6.875;-6.5625;-6.25;-5.9375;-5.625;-5.3125;-5;-4.6875;-4.375;-4.0625;-3.75;-3.4375;-3.125;-2.8125;-2.5;-2.1875;-1.875;-1.5625;-1.25;-0.9375;-0.625;-0.3125;0;0.3125;0.625;0.9375;1.25;1.5625;1.875;2.1875;2.5;2.8125;3.125;3.4375;3.75;4.0625;4.375;4.6875;5;5.3125;5.625;5.9375;6.25;6.5625;6.875;7.1875;7.5;7.8125;8.125;8.4375;8.75;9.0625;9.375;9.6875;10","0;0;0;0;0;0;0;0;0;0;0;0;0;0;0;0;0;0;0;0;0;0;0;0;0;0;0;0;0;0;0;51241;19584;10775;3805;1627;541;107;0;0;0;0;0;0;0;0;0;0;0;0;0;0;0;0;0;0;0;0;0;0;0;0;0;0",87680
19,1,"LeakyReLULayer( 0.050000 )",pre_activation,"-10;-9.6875;-9.375;-9.0625;-8.75;-8.4375;-8.125;-7.8125;-7.5;-7.1875;-6.875;-6.5625;-6.25;-5.9375;-5.625;-5.3125;-5;-4.6875;-4.375;-4.0625;-3.75;-3.4375;-3.125;-2.8125;-2.5;-2.1875;-1.875;-1.5625;-1.25;-0.9375;-0.625;-0.3125;0;0.3125;0.625;0.9375;1.25;1.5625;1.875;2.1875;2.5;2.8125;3.125;3.4375;3.75;4.0625;4.375;4.6875;5;5.3125;5.625;5.9375;6.25;6.5625;6.875;7.1875;7.5;7.8125;8.125;8.4375;8.75;9.0625;9.375;9.6875;10","0;0;0;0;0;0;0;0;0;0;0;0;0;0;0;0;0;0;0;0;61;572;1984;4867;9637;18850;42268;82849;149172;489225;1050465;3090655;3053579;1055741;477763;172851;101914;51592;9955;0;0;0;0;0;0;0;0;0;0;0;0;0;0;0;0;0;0;0;0;0;0;0;0;0",9864000
19,1,"LeakyReLULayer( 0.050000 )",post_activation,"-10;-9.6875;-9.375;-9.0625;-8.75;-8.4375;-8.125;-7.8125;-7.5;-7.1875;-6.875;-6.5625;-6.25;-5.9375;-5.625;-5.3125;-5;-4.6875;-4.375;-4.0625;-3.75;-3.4375;-3.125;-2.8125;-2.5;-2.1875;-1.875;-1.5625;-1.25;-0.9375;-0.625;-0.3125;0;0.3125;0.625;0.9375;1.25;1.5625;1.875;2.1875;2.5;2.8125;3.125;3.4375;3.75;4.0625;4.375;4.6875;5;5.3125;5.625;5.9375;6.25;6.5625;6.875;7.1875;7.5;7.8125;8.125;8.4375;8.75;9.0625;9.375;9.6875;10","0;0;0;0;0;0;0;0;0;0;0;0;0;0;0;0;0;0;0;0;0;0;0;0;0;0;0;0;0;0;0;4940605;3053579;1055741;477763;172851;101914;51592;9955;0;0;0;0;0;0;0;0;0;0;0;0;0;0;0;0;0;0;0;0;0;0;0;0;0",9864000
19,5,"LeakyReLULayer( 0.050000 )",pre_activation,"-10;-9.6875;-9.375;-9.0625;-8.75;-8.4375;-8.125;-7.8125;-7.5;-7.1875;-6.875;-6.5625;-6.25;-5.9375;-5.625;-5.3125;-5;-4.6875;-4.375;-4.0625;-3.75;-3.4375;-3.125;-2.8125;-2.5;-2.1875;-1.875;-1.5625;-1.25;-0.9375;-0.625;-0.3125;0;0.3125;0.625;0.9375;1.25;1.5625;1.875;2.1875;2.5;2.8125;3.125;3.4375;3.75;4.0625;4.375;4.6875;5;5.3125;5.625;5.9375;6.25;6.5625;6.875;7.1875;7.5;7.8125;8.125;8.4375;8.75;9.0625;9.375;9.6875;10","0;0;0;0;0;0;0;0;0;0;0;0;0;0;0;0;0;0;0;0;0;0;0;0;0;146;658;2785;5562;14250;21521;35359;35827;32526;19936;5661;911;212;6;0;0;0;0;0;0;0;0;0;0;0;0;0;0;0;0;0;0;0;0;0;0;0;0;0",175360
19,5,"LeakyReLULayer( 0.050000 )",post_activation,"-10;-9.6875;-9.375;-9.0625;-8.75;-8.4375;-8.125;-7.8125;-7.5;-7.1875;-6.875;-6.5625;-6.25;-5.9375;-5.625;-5.3125;-5;-4.6875;-4.375;-4.0625;-3.75;-3.4375;-3.125;-2.8125;-2.5;-2.1875;-1.875;-1.5625;-1.25;-0.9375;-0.625;-0.3125;0;0.3125;0.625;0.9375;1.25;1.5625;1.875;2.1875;2.5;2.8125;3.125;3.4375;3.75;4.0625;4.375;4.6875;5;5.3125;5.625;5.9375;6.25;6.5625;6.875;7.1875;7.5;7.8125;8.125;8.4375;8.75;9.0625;9.375;9.6875;10","0;0;0;0;0;0;0;0;0;0;0;0;0;0;0;0;0;0;0;0;0;0;0;0;0;0;0;0;0;0;0;80281;35827;32526;19936;5661;911;212;6;0;0;0;0;0;0;0;0;0;0;0;0;0;0;0;0;0;0;0;0;0;0;0;0;0",175360
19,7,"LeakyReLULayer( 0.050000 )",pre_activation,"-10;-9.6875;-9.375;-9.0625;-8.75;-8.4375;-8.125;-7.8125;-7.5;-7.1875;-6.875;-6.5625;-6.25;-5.9375;-5.625;-5.3125;-5;-4.6875;-4.375;-4.0625;-3.75;-3.4375;-3.125;-2.8125;-2.5;-2.1875;-1.875;-1.5625;-1.25;-0.9375;-0.625;-0.3125;0;0.3125;0.625;0.9375;1.25;1.5625;1.875;2.1875;2.5;2.8125;3.125;3.4375;3.75;4.0625;4.375;4.6875;5;5.3125;5.625;5.9375;6.25;6.5625;6.875;7.1875;7.5;7.8125;8.125;8.4375;8.75;9.0625;9.375;9.6875;10","0;0;0;0;0;0;0;0;0;0;0;0;0;0;0;0;0;0;0;0;0;0;0;0;0;0;77;531;2271;6263;16698;25370;19633;10759;3811;1636;523;108;0;0;0;0;0;0;0;0;0;0;0;0;0;0;0;0;0;0;0;0;0;0;0;0;0;0",87680
19,7,"LeakyReLULayer( 0.050000 )",post_activation,"-10;-9.6875;-9.375;-9.0625;-8.75;-8.4375;-8.125;-7.8125;-7.5;-7.1875;-6.875;-6.5625;-6.25;-5.9375;-5.625;-5.3125;-5;-4.6875;-4.375;-4.0625;-3.75;-3.4375;-3.125;-2.8125;-2.5;-2.1875;-1.875;-1.5625;-1.25;-0.9375;-0.625;-0.3125;0;0.3125;0.625;0.9375;1.25;1.5625;1.875;2.1875;2.5;2.8125;3.125;3.4375;3.75;4.0625;4.375;4.6875;5;5.3125;5.625;5.9375;6.25;6.5625;6.875;7.1875;7.5;7.8125;8.125;8.4375;8.75;9.0625;9.375;9.6875;10","0;0;0;0;0;0;0;0;0;0;0;0;0;0;0;0;0;0;0;0;0;0;0;0;0;0;0;0;0;0;0;51210;19633;10759;3811;1636;523;108;0;0;0;0;0;0;0;0;0;0;0;0;0;0;0;0;0;0;0;0;0;0;0;0;0;0",87680
20,1,"LeakyReLULayer( 0.050000 )",pre_activation,"-10;-9.6875;-9.375;-9.0625;-8.75;-8.4375;-8.125;-7.8125;-7.5;-7.1875;-6.875;-6.5625;-6.25;-5.9375;-5.625;-5.3125;-5;-4.6875;-4.375;-4.0625;-3.75;-3.4375;-3.125;-2.8125;-2.5;-2.1875;-1.875;-1.5625;-1.25;-0.9375;-0.625;-0.3125;0;0.3125;0.625;0.9375;1.25;1.5625;1.875;2.1875;2.5;2.8125;3.125;3.4375;3.75;4.0625;4.375;4.6875;5;5.3125;5.625;5.9375;6.25;6.5625;6.875;7.1875;7.5;7.8125;8.125;8.4375;8.75;9.0625;9.375;9.6875;10","0;0;0;0;0;0;0;0;0;0;0;0;0;0;0;0;0;0;0;0;61;572;1984;4866;9637;18852;42269;82862;149193;489301;1050555;3090413;3053392;1055861;477821;172924;101900;51585;9952;0;0;0;0;0;0;0;0;0;0;0;0;0;0;0;0;0;0;0;0;0;0;0;0;0",9864000
20,1,"LeakyReLULayer( 0.050000 )",post_activation,"-10;-9.6875;-9.375;-9.0625;-8.75;-8.4375;-8.125;-7.8125;-7.5;-7.1875;-6.875;-6.5625;-6.25;-5.9375;-5.625;-5.3125;-5;-4.6875;-4.375;-4.0625;-3.75;-3.4375;-3.125;-2.8125;-2.5;-2.1875;-1.875;-1.5625;-1.25;-0.9375;-0.625;-0.3125;0;0.3125;0.625;0.9375;1.25;1.5625;1.875;2.1875;2.5;2.8125;3.125;3.4375;3.75;4.0625;4.375;4.6875;5;5.3125;5.625;5.9375;6.25;6.5625;6.875;7.1875;7.5;7.8125;8.125;8.4375;8.75;9.0625;9.375;9.6875;10","0;0;0;0;0;0;0;0;0;0;0;0;0;0;0;0;0;0;0;0;0;0;0;0;0;0;0;0;0;0;0;4940565;3053392;1055861;477821;172924;101900;51585;9952;0;0;0;0;0;0;0;0;0;0;0;0;0;0;0;0;0;0;0;0;0;0;0;0;0",9864000
20,5,"LeakyReLULayer( 0.050000 )",pre_activation,"-10;-9.6875;-9.375;-9.0625;-8.75;-8.4375;-8.125;-7.8125;-7.5;-7.1875;-6.875;-6.5625;-6.25;-5.9375;-5.625;-5.3125;-5;-4.6875;-4.375;-4.0625;-3.75;-3.4375;-3.125;-2.8125;-2.5;-2.1875;-1.875;-1.5625;-1.25;-0.9375;-0.625;-0.3125;0;0.3125;0.625;0.9375;1.25;1.5625;1.875;2.1875;2.5;2.8125;3.125;3.4375;3.75;4.0625;4.375;4.6875;5;5.3125;5.625;5.9375;6.25;6.5625;6.875;7.1875;7.5;7.8125;8.125;8.4375;8.75;9.0625;9.375;9.6875;10","0;0;0;0;0;0;0;0;0;0;0;0;0;0;0;0;0;0;0;0;0;0;0;0;0;146;670;2770;5539;14194;21545;35408;35798;32547;19920;5695;910;211;7;0;0;0;0;0;0;0;0;0;0;0;0;0;0;0;0;0;0;0;0;0;0;0;0;0",175360
20,5,"LeakyReLULayer( 0.050000 )",post_activation,"-10;-9.6875;-9.375;-9.0625;-8.75;-8.4375;-8.125;-7.8125;-7.5;-7.1875;-6.875;-6.5625;-6.25;-5.9375;-5.625;-5.3125;-5;-4.6875;-4.375;-4.0625;-3.75;-3.4375;-3.125;-2.8125;-2.5;-2.1875;-1.875;-1.5625;-1.25;-0.9375;-0.625;-0.3125;0;0.3125;0.625;0.9375;1.25;1.5625;1.875;2.1875;2.5;2.8125;3.125;3.4375;3.75;4.0625;4.375;4.6875;5;5.3125;5.625;5.9375;6.25;6.5625;6.875;7.1875;7.5;7.8125;8.125;8.4375;8.75;9.0625;9.375;9.6875;10","0;0;0;0;0;0;0;0;0;0;0;0;0;0;0;0;0;0;0;0;0;0;0;0;0;0;0;0;0;0;0;80272;35798;32547;19920;5695;910;211;7;0;0;0;0;0;0;0;0;0;0;0;0;0;0;0;0;0;0;0;0;0;0;0;0;0",175360
20,7,"LeakyReLULayer( 0.050000 )",pre_activation,"-10;-9.6875;-9.375;-9.0625;-8.75;-8.4375;-8.125;-7.8125;-7.5;-7.1875;-6.875;-6.5625;-6.25;-5.9375;-5.625;-5.3125;-5;-4.6875;-4.375;-4.0625;-3.75;-3.4375;-3.125;-2.8125;-2.5;-2.1875;-1.875;-1.5625;-1.25;-0.9375;-0.625;-0.3125;0;0.3125;0.625;0.9375;1.25;1.5625;1.875;2.1875;2.5;2.8125;3.125;3.4375;3.75;4.0625;4.375;4.6875;5;5.3125;5.625;5.9375;6.25;6.5625;6.875;7.1875;7.5;7.8125;8.125;8.4375;8.75;9.0625;9.375;9.6875;10","0;0;0;0;0;0;0;0;0;0;0;0;0;0;0;0;0;0;0;0;0;0;0;0;0;0;80;531;2267;6269;16720;25308;19670;10753;3810;1634;529;109;0;0;0;0;0;0;0;0;0;0;0;0;0;0;0;0;0;0;0;0;0;0;0;0;0;0",87680
20,7,"LeakyReLULayer( 0.050000 )",post_activation,"-10;-9.6875;-9.375;-9.0625;-8.75;-8.4375;-8.125;-7.8125;-7.5;-7.1875;-6.875;-6.5625;-6.25;-5.9375;-5.625;-5.3125;-5;-4.6875;-4.375;-4.0625;-3.75;-3.4375;-3.125;-2.8125;-2.5;-2.1875;-1.875;-1.5625;-1.25;-0.9375;-0.625;-0.3125;0;0.3125;0.625;0.9375;1.25;1.5625;1.875;2.1875;2.5;2.8125;3.125;3.4375;3.75;4.0625;4.375;4.6875;5;5.3125;5.625;5.9375;6.25;6.5625;6.875;7.1875;7.5;7.8125;8.125;8.4375;8.75;9.0625;9.375;9.6875;10","0;0;0;0;0;0;0;0;0;0;0;0;0;0;0;0;0;0;0;0;0;0;0;0;0;0;0;0;0;0;0;51175;19670;10753;3810;1634;529;109;0;0;0;0;0;0;0;0;0;0;0;0;0;0;0;0;0;0;0;0;0;0;0;0;0;0",87680
21,1,"LeakyReLULayer( 0.050000 )",pre_activation,"-10;-9.6875;-9.375;-9.0625;-8.75;-8.4375;-8.125;-7.8125;-7.5;-7.1875;-6.875;-6.5625;-6.25;-5.9375;-5.625;-5.3125;-5;-4.6875;-4.375;-4.0625;-3.75;-3.4375;-3.125;-2.8125;-2.5;-2.1875;-1.875;-1.5625;-1.25;-0.9375;-0.625;-0.3125;0;0.3125;0.625;0.9375;1.25;1.5625;1.875;2.1875;2.5;2.8125;3.125;3.4375;3.75;4.0625;4.375;4.6875;5;5.3125;5.625;5.9375;6.25;6.5625;6.875;7.1875;7.5;7.8125;8.125;8.4375;8.75;9.0625;9.375;9.6875;10","0;0;0;0;0;0;0;0;0;0;0;0;0;0;0;0;0;0;0;0;61;572;1984;4866;9634;18851;42266;82861;149195;489321;1050639;3090291;3053311;1055968;477834;172916;101898;51582;9950;0;0;0;0;0;0;0;0;0;0;0;0;0;0;0;0;0;0;0;0;0;0;0;0;0",9864000
21,1,"LeakyReLULayer( 0.050000 )",post_activation,"-10;-9.6875;-9.375;-9.0625;-8.75;-8.4375;-8.125;-7.8125;-7.5;-7.1875;-6.875;-6.5625;-6.25;-5.9375;-5.625;-5.3125;-5;-4.6875;-4.375;-4.0625;-3.75;-3.4375;-3.125;-2.8125;-2.5;-2.1875;-1.875;-1.5625;-1.25;-0.9375;-0.625;-0.3125;0;0.3125;0.625;0.9375;1.25;1.5625;1.875;2.1875;2.5;2.8125;3.125;3.4375;3.75;4.0625;4.375;4.6875;5;5.3125;5.625;5.9375;6.25;6.5625;6.875;7.1875;7.5;7.8125;8.125;8.4375;8.75;9.0625;9.375;9.6875;10","0;0;0;0;0;0;0;0;0;0;0;0;0;0;0;0;0;0;0;0;0;0;0;0;0;0;0;0;0;0;0;4940541;3053311;1055968;477834;172916;101898;51582;9950;0;0;0;0;0;0;0;0;0;0;0;0;0;0;0;0;0;0;0;0;0;0;0;0;0",9864000
21,5,"LeakyReLULayer( 0.050000 )",pre_activation,"-10;-9.6875;-9.375;-9.0625;-8.75;-8.4375;-8.125;-7.8125;-7.5;-7.1875;-6.875;-6.5625;-6.25;-5.9375;-5.625;-5.3125;-5;-4.6875;-4.375;-4.0625;-3.75;-3.4375;-3.125;-2.8125;-2.5;-2.1875;-1.875;-1.5625;-1.25;-0.9375;-0.625;-0.3125;0;0.3125;0.625;0.9375;1.25;1.5625;1.875;2.1875;2.5;2.8125;3.125;3.4375;3.75;4.0625;4.375;4.6875;5;5.3125;5.625;5.9375;6.25;6.5625;6.875;7.1875;7.5;7.8125;8.125;8.4375;8.75;9.0625;9.375;9.6875;10","0;0;0;0;0;0;0;0;0;0;0;0;0;0;0;0;0;0;0;0;0;0;0;0;0;147;664;2771;5534;14151;21661;35381;35745;32485;19997;5689;920;209;6;0;0;0;0;0;0;0;0;0;0;0;0;0;0;0;0;0;0;0;0;0;0;0;0;0",175360
21,5,"LeakyReLULayer( 0.050000 )",post_activation,"-10;-9.6875;-9.375;-9.0625;-8.75;-8.4375;-8.125;-7.8125;-7.5;-7.1875;-6.875;-6.5625;-6.25;-5.9375;-5.625;-5.3125;-5;-4.6875;-4.375;-4.0625;-3.75;-3.4375;-3.125;-2.8125;-2.5;-2.1875;-1.875;-1.5625;-1.25;-0.9375;-0.625;-0.3125;0;0.3125;0.625;0.9375;1.25;1.5625;1.875;2.1875;2.5;2.8125;3.125;3.4375;3.75;4.0625;4.375;4.6875;5;5.3125;5.625;5.9375;6.25;6.5625;6.875;7.1875;7.5;7.8125;8.125;8.4375;8.75;9.0625;9.375;9.6875;10","0;0;0;0;0;0;0;0;0;0;0;0;0;0;0;0;0;0;0;0;0;0;0;0;0;0;0;0;0;0;0;80309;35745;32485;19997;5689;920;209;6;0;0;0;0;0;0;0;0;0;0;0;0;0;0;0;0;0;0;0;0;0;0;0;0;0",175360
21,7,"LeakyReLULayer( 0.050000 )",pre_activation,"-10;-9.6875;-9.375;-9.0625;-8.75;-8.4375;-8.125;-7.8125;-7.5;-7.1875;-6.875;-6.5625;-6.25;-5.9375;-5.625;-5.3125;-5;-4.6875;-4.375;-4.0625;-3.75;-3.4375;-3.125;-2.8125;-2.5;-2.1875;-1.875;-1.5625;-1.25;-0.9375;-0.625;-0.3125;0;0.3125;0.625;0.9375;1.25;1.5625;1.875;2.1875;2.5;2.8125;3.125;3.4375;3.75;4.0625;4.375;4.6875;5;5.3125;5.625;5.9375;6.25;6.5625;6.875;7.1875;7.5;7.8125;8.125;8.4375;8.75;9.0625;9.375;9.6875;10","0;0;0;0;0;0;0;0;0;0;0;0;0;0;0;0;0;0;0;0;0;0;0;0;0;0;79;527;2283;6256;16710;25238;19751;10757;3818;1624;527;110;0;0;0;0;0;0;0;0;0;0;0;0;0;0;0;0;0;0;0;0;0;0;0;0;0;0",87680
21,7,"LeakyReLULayer( 0.050000 )",post_activation,"-10;-9.6875;-9.375;-9.0625;-8.75;-8.4375;-8.125;-7.8125;-7.5;-7.1875;-6.875;-6.5625;-6.25;-5.9375;-5.625;-5.3125;-5;-4.6875;-4.375;-4.0625;-3.75;-3.4375;-3.125;-2.8125;-2.5;-2.1875;-1.875;-1.5625;-1.25;-0.9375;-0.625;-0.3125;0;0.3125;0.625;0.9375;1.25;1.5625;1.875;2.1875;2.5;2.8125;3.125;3.4375;3.75;4.0625;4.375;4.6875;5;5.3125;5.625;5.9375;6.25;6.5625;6.875;7.1875;7.5;7.8125;8.125;8.4375;8.75;9.0625;9.375;9.6875;10","0;0;0;0;0;0;0;0;0;0;0;0;0;0;0;0;0;0;0;0;0;0;0;0;0;0;0;0;0;0;0;51093;19751;10757;3818;1624;527;110;0;0;0;0;0;0;0;0;0;0;0;0;0;0;0;0;0;0;0;0;0;0;0;0;0;0",87680
22,1,"LeakyReLULayer( 0.050000 )",pre_activation,"-10;-9.6875;-9.375;-9.0625;-8.75;-8.4375;-8.125;-7.8125;-7.5;-7.1875;-6.875;-6.5625;-6.25;-5.9375;-5.625;-5.3125;-5;-4.6875;-4.375;-4.0625;-3.75;-3.4375;-3.125;-2.8125;-2.5;-2.1875;-1.875;-1.5625;-1.25;-0.9375;-0.625;-0.3125;0;0.3125;0.625;0.9375;1.25;1.5625;1.875;2.1875;2.5;2.8125;3.125;3.4375;3.75;4.0625;4.375;4.6875;5;5.3125;5.625;5.9375;6.25;6.5625;6.875;7.1875;7.5;7.8125;8.125;8.4375;8.75;9.0625;9.375;9.6875;10","0;0;0;0;0;0;0;0;0;0;0;0;0;0;0;0;0;0;0;0;61;572;1984;4866;9637;18851;42291;82853;149204;489351;1050690;3090144;3053089;1056125;477896;172950;101898;51585;9953;0;0;0;0;0;0;0;0;0;0;0;0;0;0;0;0;0;0;0;0;0;0;0;0;0",9864000
22,1,"LeakyReLULayer( 0.050000 )",post_activation,"-10;-9.6875;-9.375;-9.0625;-8.75;-8.4375;-8.125;-7.8125;-7.5;-7.1875;-6.875;-6.5625;-6.25;-5.9375;-5.625;-5.3125;-5;-4.6875;-4.375;-4.0625;-3.75;-3.4375;-3.125;-2.8125;-2.5;-2.1875;-1.875;-1.5625;-1.25;-0.9375;-0.625;-0.3125;0;0.3125;0.625;0.9375;1.25;1.5625;1.875;2.1875;2.5;2.8125;3.125;3.4375;3.75;4.0625;4.375;4.6875;5;5.3125;5.625;5.9375;6.25;6.5625;6.875;7.1875;7.5;7.8125;8.125;8.4375;8.75;9.0625;9.375;9.6875;10","0;0;0;0;0;0;0;0;0;0;0;0;0;0;0;0;0;0;0;0;0;0;0;0;0;0;0;0;0;0;0;4940504;3053089;1056125;477896;172950;101898;51585;9953;0;0;0;0;0;0;0;0;0;0;0;0;0;0;0;0;0;0;0;0;0;0;0;0;0",9864000
22,5,"LeakyReLULayer( 0.050000 )",pre_activation,"-10;-9.6875;-9.375;-9.0625;-8.75;-8.4375;-8.125;-7.8125;-7.5;-7.1875;-6.875;-6.5625;-6.25;-5.9375;-5.625;-5.3125;-5;-4.6875;-4.375;-4.0625;-3.75;-3.4375;-3.125;-2.8125;-2.5;-2.1875;-1.875;-1.5625;-1.25;-0.9375;-0.625;-0.3125;0;0.3125;0.625;0.9375;1.25;1.5625;1.875;2.1875;2.5;2.8125;3.125;3.4375;3.75;4.0625;4.375;4.6875;5;5.3125;5.625;5.9375;6.25;6.5625;6.875;7.1875;7.5;7.8125;8.125;8.4375;8.75;9.0625;9.375;9.6875;10","0;0;0;0;0;0;0;0;0;0;0;0;0;0;0;0;0;0;0;0;0;0;0;0;0;146;670;2761;5515;14090;21690;35383;35791;32424;20052;5693;931;210;4;0;0;0;0;0;0;0;0;0;0;0;0;0;0;0;0;0;0;0;0;0;0;0;0;0",175360
22,5,"LeakyReLULayer( 0.050000 )",post_activation,"-10;-9.6875;-9.375;-9.0625;-8.75;-8.4375;-8.125;-7.8125;-7.5;-7.1875;-6.875;-6.5625;-6.25;-5.9375;-5.625;-5.3125;-5;-4.6875;-4.375;-4.0625;-3.75;-3.4375;-3.125;-2.8125;-2.5;-2.1875;-1.875;-1.5625;-1.25;-0.9375;-0.625;-0.3125;0;0.3125;0.625;0.9375;1.25;1.5625;1.875;2.1875;2.5;2.8125;3.125;3.4375;3.75;4.0625;4.375;4.6875;5;5.3125;5.625;5.9375;6.25;6.5625;6.875;7.1875;7.5;7.8125;8.125;8.4375;8.75;9.0625;9.375;9.6875;10","0;0;0;0;0;0;0;0;0;0;0;0;0;0;0;0;0;0;0;0;0;0;0;0;0;0;0;0;0;0;0;80255;35791;32424;20052;5693;931;210;4;0;0;0;0;0;0;0;0;0;0;0;0;0;0;0;0;0;0;0;0;0;0;0;0;0",175360
22,7,"LeakyReLULayer( 0.050000 )",pre_activation,"-10;-9.6875;-9.375;-9.0625;-8.75;-8.4375;-8.125;-7.8125;-7.5;-7.1875;-6.875;-6.5625;-6.25;-5.9375;-5.625;-5.3125;-5;-4.6875;-4.375;-4.0625;-3.75;-3.4375;-3.125;-2.8125;-2.5;-2.1875;-1.875;-1.5625;-1.25;-0.9375;-0.625;-0.3125;0;0.3125;0.625;0.9375;1.25;1.5625;1.875;2.1875;2.5;2.8125;3.125;3.4375;3.75;4.0625;4.375;4.6875;5;5.3125;5.625;5.9375;6.25;6.5625;6.875;7.1875;7.5;7.8125;8.125;8.4375;8.75;9.0625;9.375;9.6875;10","0;0;0;0;0;0;0;0;0;0;0;0;0;0;0;0;0;0;0;0;0;0;0;0;0;0;81;526;2298;6223;16726;25243;19782;10710;3803;1650;526;112;0;0;0;0;0;0;0;0;0;0;0;0;0;0;0;0;0;0;0;0;0;0;0;0;0;0",87680
22,7,"LeakyReLULayer( 0.050000 )",post_activation,"-10;-9.6875;-9.375;-9.0625;-8.75;-8.4375;-8.125;-7.8125;-7.5;-7.1875;-6.875;-6.5625;-6.25;-5.9375;-5.625;-5.3125;-5;-4.6875;-4.375;-4.0625;-3.75;-3.4375;-3.125;-2.8125;-2.5;-2.1875;-1.875;-1.5625;-1.25;-0.9375;-0.625;-0.3125;0;0.3125;0.625;0.9375;1.25;1.5625;1.875;2.1875;2.5;2.8125;3.125;3.4375;3.75;4.0625;4.375;4.6875;5;5.3125;5.625;5.9375;6.25;6.5625;6.875;7.1875;7.5;7.8125;8.125;8.4375;8.75;9.0625;9.375;9.6875;10","0;0;0;0;0;0;0;0;0;0;0;0;0;0;0;0;0;0;0;0;0;0;0;0;0;0;0;0;0;0;0;51097;19782;10710;3803;1650;526;112;0;0;0;0;0;0;0;0;0;0;0;0;0;0;0;0;0;0;0;0;0;0;0;0;0;0",87680
23,1,"LeakyReLULayer( 0.050000 )",pre_activation,"-10;-9.6875;-9.375;-9.0625;-8.75;-8.4375;-8.125;-7.8125;-7.5;-7.1875;-6.875;-6.5625;-6.25;-5.9375;-5.625;-5.3125;-5;-4.6875;-4.375;-4.0625;-3.75;-3.4375;-3.125;-2.8125;-2.5;-2.1875;-1.875;-1.5625;-1.25;-0.9375;-0.625;-0.3125;0;0.3125;0.625;0.9375;1.25;1.5625;1.875;2.1875;2.5;2.8125;3.125;3.4375;3.75;4.0625;4.375;4.6875;5;5.3125;5.625;5.9375;6.25;6.5625;6.875;7.1875;7.5;7.8125;8.125;8.4375;8.75;9.0625;9.375;9.6875;10","0;0;0;0;0;0;0;0;0;0;0;0;0;0;0;0;0;0;0;0;61;572;1984;4865;9633;18851;42254;82867;149204;489301;1050813;3090093;3053070;1056221;477883;172932;101881;51571;9944;0;0;0;0;0;0;0;0;0;0;0;0;0;0;0;0;0;0;0;0;0;0;0;0;0",9864000
23,1,"LeakyReLULayer( 0.050000 )",post_activation,"-10;-9.6875;-9.375;-9.0625;-8.75;-8.4375;-8.125;-7.8125;-7.5;-7.1875;-6.875;-6.5625;-6.25;-5.9375;-5.625;-5.3125;-5;-4.6875;-4.375;-4.0625;-3.75;-3.4375;-3.125;-2.8125;-2.5;-2.1875;-1.875;-1.5625;-1.25;-0.9375;-0.625;-0.3125;0;0.3125;0.625;0.9375;1.25;1.5625;1.875;2.1875;2.5;2.8125;3.125;3.4375;3.75;4.0625;4.375;4.6875;5;5.3125;5.625;5.9375;6.25;6.5625;6.875;7.1875;7.5;7.8125;8.125;8.4375;8.75;9.0625;9.375;9.6875;10","0;0;0;0;0;0;0;0;0;0;0;0;0;0;0;0;0;0;0;0;0;0;0;0;0;0;0;0;0;0;0;4940498;3053070;1056221;477883;172932;101881;51571;9944;0;0;0;0;0;0;0;0;0;0;0;0;0;0;0;0;0;0;0;0;0;0;0;0;0",9864000
23,5,"LeakyReLULayer( 0.050000 )",pre_activation,"-10;-9.6875;-9.375;-9.0625;-8.75;-8.4375;-8.125;-7.8125;-7.5;-7.1875;-6.875;-6.5625;-6.25;-5.9375;-5.625;-5.3125;-5;-4.6875;-4.375;-4.0625;-3.75;-3.4375;-3.125;-2.8125;-2.5;-2.1875;-1.875;-1.5625;-1.25;-0.9375;-0.625;-0.3125;0;0.3125;0.625;0.9375;1.25;1.5625;1.875;2.1875;2.5;2.8125;3.125;3.4375;3.75;4.0625;4.375;4.6875;5;5.3125;5.625;5.9375;6.25;6.5625;6.875;7.1875;7.5;7.8125;8.125;8.4375;8.75;9.0625;9.375;9.6875;10","0;0;0;0;0;0;0;0;0;0;0;0;0;0;0;0;0;0;0;0;0;0;0;0;0;142;658;2740;5535;14029;21880;35355;35771;32393;20015;5699;931;208;4;0;0;0;0;0;0;0;0;0;0;0;0;0;0;0;0;0;0;0;0;0;0;0;0;0",175360
23,5,"LeakyReLULayer( 0.050000 )",post_activation,"-10;-9.6875;-9.375;-9.0625;-8.75;-8.4375;-8.125;-7.8125;-7.5;-7.1875;-6.875;-6.5625;-6.25;-5.9375;-5.625;-5.3125;-5;-4.6875;-4.375;-4.0625;-3.75;-3.4375;-3.125;-2.8125;-2.5;-2.1875;-1.875;-1.5625;-1.25;-0.9375;-0.625;-0.3125;0;0.3125;0.625;0.9375;1.25;1.5625;1.875;2.1875;2.5;2.8125;3.125;3.4375;3.75;4.0625;4.375;4.6875;5;5.3125;5.625;5.9375;6.25;6.5625;6.875;7.1875;7.5;7.8125;8.125;8.4375;8.75;9.0625;9.375;9.6875;10","0;0;0;0;0;0;0;0;0;0;0;0;0;0;0;0;0;0;0;0;0;0;0;0;0;0;0;0;0;0;0;80339;35771;32393;20015;5699;931;208;4;0;0;0;0;0;0;0;0;0;0;0;0;0;0;0;0;0;0;0;0;0;0;0;0;0",175360
23,7,"LeakyReLULayer( 0.050000 )",pre_activation,"-10;-9.6875;-9.375;-9.0625;-8.75;-8.4375;-8.125;-7.8125;-7.5;-7.1875;-6.875;-6.5625;-6.25;-5.9375;-5.625;-5.3125;-5;-4.6875;-4.375;-4.0625;-3.75;-3.4375;-3.125;-2.8125;-2.5;-2.1875;-1.875;-1.5625;-1.25;-0.9375;-0.625;-0.3125;0;0.3125;0.625;0.9375;1.25;1.5625;1.875;2.1875;2.5;2.8125;3.125;3.4375;3.75;4.0625;4.375;4.6875;5;5.3125;5.625;5.9375;6.25;6.5625;6.875;7.1875;7.5;7.8125;8.125;8.4375;8.75;9.0625;9.375;9.6875;10","0;0;0;0;0;0;0;0;0;0;0;0;0;0;0;0;0;0;0;0;0;0;0;0;0;0;82;529;2288;6245;16715;25225;19832;10707;3805;1625;515;112;0;0;0;0;0;0;0;0;0;0;0;0;0;0;0;0;0;0;0;0;0;0;0;0;0;0",87680
23,7,"LeakyReLULayer( 0.050000 )",post_activation,"-10;-9.6875;-9.375;-9.0625;-8.75;-8.4375;-8.125;-7.8125;-7.5;-7.1875;-6.875;-6.5625;-6.25;-5.9375;-5.625;-5.3125;-5;-4.6875;-4.375;-4.0625;-3.75;-3.4375;-3.125;-2.8125;-2.5;-2.1875;-1.875;-1.5625;-1.25;-0.9375;-0.625;-0.3125;0;0.3125;0.625;0.9375;1.25;1.5625;1.875;2.1875;2.5;2.8125;3.125;3.4375;3.75;4.0625;4.375;4.6875;5;5.3125;5.625;5.9375;6.25;6.5625;6.875;7.1875;7.5;7.8125;8.125;8.4375;8.75;9.0625;9.375;9.6875;10","0;0;0;0;0;0;0;0;0;0;0;0;0;0;0;0;0;0;0;0;0;0;0;0;0;0;0;0;0;0;0;51084;19832;10707;3805;1625;515;112;0;0;0;0;0;0;0;0;0;0;0;0;0;0;0;0;0;0;0;0;0;0;0;0;0;0",87680
24,1,"LeakyReLULayer( 0.050000 )",pre_activation,"-10;-9.6875;-9.375;-9.0625;-8.75;-8.4375;-8.125;-7.8125;-7.5;-7.1875;-6.875;-6.5625;-6.25;-5.9375;-5.625;-5.3125;-5;-4.6875;-4.375;-4.0625;-3.75;-3.4375;-3.125;-2.8125;-2.5;-2.1875;-1.875;-1.5625;-1.25;-0.9375;-0.625;-0.3125;0;0.3125;0.625;0.9375;1.25;1.5625;1.875;2.1875;2.5;2.8125;3.125;3.4375;3.75;4.0625;4.375;4.6875;5;5.3125;5.625;5.9375;6.25;6.5625;6.875;7.1875;7.5;7.8125;8.125;8.4375;8.75;9.0625;9.375;9.6875;10","0;0;0;0;0;0;0;0;0;0;0;0;0;0;0;0;0;0;0;0;61;572;1984;4866;9633;18851;42269;82866;149224;489324;1050873;3089944;3052994;1056245;477925;172971;101882;51571;9945;0;0;0;0;0;0;0;0;0;0;0;0;0;0;0;0;0;0;0;0;0;0;0;0;0",9864000
24,1,"LeakyReLULayer( 0.050000 )",post_activation,"-10;-9.6875;-9.375;-9.0625;-8.75;-8.4375;-8.125;-7.8125;-7.5;-7.1875;-6.875;-6.5625;-6.25;-5.9375;-5.625;-5.3125;-5;-4.6875;-4.375;-4.0625;-3.75;-3.4375;-3.125;-2.8125;-2.5;-2.1875;-1.875;-1.5625;-1.25;-0.9375;-0.625;-0.3125;0;0.3125;0.625;0.9375;1.25;1.5625;1.875;2.1875;2.5;2.8125;3.125;3.4375;3.75;4.0625;4.375;4.6875;5;5.3125;5.625;5.9375;6.25;6.5625;6.875;7.1875;7.5;7.8125;8.125;8.4375;8.75;9.0625;9.375;9.6875;10","0;0;0;0;0;0;0;0;0;0;0;0;0;0;0;0;0;0;0;0;0;0;0;0;0;0;0;0;0;0;0;4940467;3052994;1056245;477925;172971;101882;51571;9945;0;0;0;0;0;0;0;0;0;0;0;0;0;0;0;0;0;0;0;0;0;0;0;0;0",9864000
24,5,"LeakyReLULayer( 0.050000 )",pre_activation,"-10;-9.6875;-9.375;-9.0625;-8.75;-8.4375;-8.125;-7.8125;-7.5;-7.1875;-6.875;-6.5625;-6.25;-5.9375;-5.625;-5.3125;-5;-4.6875;-4.375;-4.0625;-3.75;-3.4375;-3.125;-2.8125;-2.5;-2.1875;-1.875;-1.5625;-1.25;-0.9375;-0.625;-0.3125;0;0.3125;0.625;0.9375;1.25;1.5625;1.875;2.1875;2.5;2.8125;3.125;3.4375;3.75;4.0625;4.375;4.6875;5;5.3125;5.625;5.9375;6.25;6.5625;6.875;7.1875;7.5;7.8125;8.125;8.4375;8.75;9.0625;9.375;9.6875;10","0;0;0;0;0;0;0;0;0;0;0;0;0;0;0;0;0;0;0;0;0;0;0;0;0;140;668;2729;5536;14002;21930;35282;35876;32317;20039;5693;939;206;3;0;0;0;0;0;0;0;0;0;0;0;0;0;0;0;0;0;0;0;0;0;0;0;0;0",175360
24,5,"LeakyReLULayer( 0.050000 )",post_activation,"-10;-9.6875;-9.375;-9.0625;-8.75;-8.4375;-8.125;-7.8125;-7.5;-7.1875;-6.875;-6.5625;-6.25;-5.9375;-5.625;-5.3125;-5;-4.6875;-4.375;-4.0625;-3.75;-3.4375;-3.125;-2.8125;-2.5;-2.1875;-1.875;-1.5625;-1.25;-0.9375;-0.625;-0.3125;0;0.3125;0.625;0.9375;1.25;1.5625;1.875;2.1875;2.5;2.8125;3.125;3.4375;3.75;4.0625;4.375;4.6875;5;5.3125;5.625;5.9375;6.25;6.5625;6.875;7.1875;7.5;7.8125;8.125;8.4375;8.75;9.0625;9.375;9.6875;10","0;0;0;0;0;0;0;0;0;0;0;0;0;0;0;0;0;0;0;0;0;0;0;0;0;0;0;0;0;0;0;80287;35876;32317;20039;5693;939;206;3;0;0;0;0;0;0;0;0;0;0;0;0;0;0;0;0;0;0;0;0;0;0;0;0;0",175360
24,7,"LeakyReLULayer( 0.050000 )",pre_activation,"-10;-9.6875;-9.375;-9.0625;-8.75;-8.4375;-8.125;-7.8125;-7.5;-7.1875;-6.875;-6.5625;-6.25;-5.9375;-5.625;-5.3125;-5;-4.6875;-4.375;-4.0625;-3.75;-3.4375;-3.125;-2.8125;-2.5;-2.1875;-1.875;-1.5625;-1.25;-0.9375;-0.625;-0.3125;0;0.3125;0.625;0.9375;1.25;1.5625;1.875;2.1875;2.5;2.8125;3.125;3.4375;3.75;4.0625;4.375;4.6875;5;5.3125;5.625;5.9375;6.25;6.5625;6.875;7.1875;7.5;7.8125;8.125;8.4375;8.75;9.0625;9.375;9.6875;10","0;0;0;0;0;0;0;0;0;0;0;0;0;0;0;0;0;0;0;0;0;0;0;0;0;0;83;529;2285;6258;16678;25219;19838;10759;3795;1612;507;117;0;0;0;0;0;0;0;0;0;0;0;0;0;0;0;0;0;0;0;0;0;0;0;0;0;0",87680
24,7,"LeakyReLULayer( 0.050000 )",post_activation,"-10;-9.6875;-9.375;-9.0625;-8.75;-8.4375;-8.125;-7.8125;-7.5;-7.1875;-6.875;-6.5625;-6.25;-5.9375;-5.625;-5.3125;-5;-4.6875;-4.375;-4.0625;-3.75;-3.4375;-3.125;-2.8125;-2.5;-2.1875;-1.875;-1.5625;-1.25;-0.9375;-0.625;-0.3125;0;0.3125;0.625;0.9375;1.25;1.5625;1.875;2.1875;2.5;2.8125;3.125;3.4375;3.75;4.0625;4.375;4.6875;5;5.3125;5.625;5.9375;6.25;6.5625;6.875;7.1875;7.5;7.8125;8.125;8.4375;8.75;9.0625;9.375;9.6875;10","0;0;0;0;0;0;0;0;0;0;0;0;0;0;0;0;0;0;0;0;0;0;0;0;0;0;0;0;0;0;0;51052;19838;10759;3795;1612;507;117;0;0;0;0;0;0;0;0;0;0;0;0;0;0;0;0;0;0;0;0;0;0;0;0;0;0",87680
25,1,"LeakyReLULayer( 0.050000 )",pre_activation,"-10;-9.6875;-9.375;-9.0625;-8.75;-8.4375;-8.125;-7.8125;-7.5;-7.1875;-6.875;-6.5625;-6.25;-5.9375;-5.625;-5.3125;-5;-4.6875;-4.375;-4.0625;-3.75;-3.4375;-3.125;-2.8125;-2.5;-2.1875;-1.875;-1.5625;-1.25;-0.9375;-0.625;-0.3125;0;0.3125;0.625;0.9375;1.25;1.5625;1.875;2.1875;2.5;2.8125;3.125;3.4375;3.75;4.0625;4.375;4.6875;5;5.3125;5.625;5.9375;6.25;6.5625;6.875;7.1875;7.5;7.8125;8.125;8.4375;8.75;9.0625;9.375;9.6875;10","0;0;0;0;0;0;0;0;0;0;0;0;0;0;0;0;0;0;0;0;61;572;1984;4865;9635;18849;42275;82876;149230;489364;1050970;3089760;3052762;1056429;477976;172988;101891;51564;9949;0;0;0;0;0;0;0;0;0;0;0;0;0;0;0;0;0;0;0;0;0;0;0;0;0",9864000
25,1,"LeakyReLULayer( 0.050000 )",post_activation,"-10;-9.6875;-9.375;-9.0625;-8.75;-8.4375;-8.125;-7.8125;-7.5;-7.1875;-6.875;-6.5625;-6.25;-5.9375;-5.625;-5.3125;-5;-4.6875;-4.375;-4.0625;-3.75;-3.4375;-3.125;-2.8125;-2.5;-2.1875;-1.875;-1.5625;-1.25;-0.9375;-0.625;-0.3125;0;0.3125;0.625;0.9375;1.25;1.5625;1.875;2.1875;2.5;2.8125;3.125;3.4375;3.75;4.0625;4.375;4.6875;5;5.3125;5.625;5.9375;6.25;6.5625;6.875;7.1875;7.5;7.8125;8.125;8.4375;8.75;9.0625;9.375;9.6875;10","0;0;0;0;0;0;0;0;0;0;0;0;0;0;0;0;0;0;0;0;0;0;0;0;0;0;0;0;0;0;0;4940441;3052762;1056429;477976;172988;101891;51564;9949;0;0;0;0;0;0;0;0;0;0;0;0;0;0;0;0;0;0;0;0;0;0;0;0;0",9864000
25,5,"LeakyReLULayer( 0.050000 )",pre_activation,"-10;-9.6875;-9.375;-9.0625;-8.75;-8.4375;-8.125;-7.8125;-7.5;-7.1875;-6.875;-6.5625;-6.25;-5.9375;-5.625;-5.3125;-5;-4.6875;-4.375;-4.0625;-3.75;-3.4375;-3.125;-2.8125;-2.5;-2.1875;-1.875;-1.5625;-1.25;-0.9375;-0.625;-0.3125;0;0.3125;0.625;0.9375;1.25;1.5625;1.875;2.1875;2.5;2.8125;3.125;3.4375;3.75;4.0625;4.375;4.6875;5;5.3125;5.625;5.9375;6.25;6.5625;6.875;7.1875;7.5;7.8125;8.125;8.4375;8.75;9.0625;9.375;9.6875;10","0;0;0;0;0;0;0;0;0;0;0;0;0;0;0;0;0;0;0;0;0;0;0;0;0;142;679;2728;5513;13927;21986;35165;35964;32300;20098;5711;938;206;3;0;0;0;0;0;0;0;0;0;0;0;0;0;0;0;0;0;0;0;0;0;0;0;0;0",175360
25,5,"LeakyReLULayer( 0.050000 )",post_activation,"-10;-9.6875;-9.375;-9.0625;-8.75;-8.4375;-8.125;-7.8125;-7.5;-7.1875;-6.875;-6.5625;-6.25;-5.9375;-5.625;-5.3125;-5;-4.6875;-4.375;-4.0625;-3.75;-3.4375;-3.125;-2.8125;-2.5;-2.1875;-1.875;-1.5625;-1.25;-0.9375;-0.625;-0.3125;0;0.3125;0.625;0.9375;1.25;1.5625;1.875;2.1875;2.5;2.8125;3.125;3.4375;3.75;4.0625;4.375;4.6875;5;5.3125;5.625;5.9375;6.25;6.5625;6.875;7.1875;7.5;7.8125;8.125;8.4375;8.75;9.0625;9.375;9.6875;10","0;0;0;0;0;0;0;0;0;0;0;0;0;0;0;0;0;0;0;0;0;0;0;0;0;0;0;0;0;0;0;80140;35964;32300;20098;5711;938;206;3;0;0;0;0;0;0;0;0;0;0;0;0;0;0;0;0;0;0;0;0;0;0;0;0;0",175360
25,7,"LeakyReLULayer( 0.050000 )",pre_activation,"-10;-9.6875;-9.375;-9.0625;-8.75;-8.4375;-8.125;-7.8125;-7.5;-7.1875;-6.875;-6.5625;-6.25;-5.9375;-5.625;-5.3125;-5;-4.6875;-4.375;-4.0625;-3.75;-3.4375;-3.125;-2.8125;-2.5;-2.1875;-1.875;-1.5625;-1.25;-0.9375;-0.625;-0.3125;0;0.3125;0.625;0.9375;1.25;1.5625;1.875;2.1875;2.5;2.8125;3.125;3.4375;3.75;4.0625;4.375;4.6875;5;5.3125;5.625;5.9375;6.25;6.5625;6.875;7.1875;7.5;7.8125;8.125;8.4375;8.75;9.0625;9.375;9.6875;10","0;0;0;0;0;0;0;0;0;0;0;0;0;0;0;0;0;0;0;0;0;0;0;0;0;0;83;527;2292;6198;16752;25143;19945;10676;3807;1629;513;115;0;0;0;0;0;0;0;0;0;0;0;0;0;0;0;0;0;0;0;0;0;0;0;0;0;0",87680
25,7,"LeakyReLULayer( 0.050000 )",post_activation,"-10;-9.6875;-9.375;-9.0625;-8.75;-8.4375;-8.125;-7.8125;-7.5;-7.1875;-6.875;-6.5625;-6.25;-5.9375;-5.625;-5.3125;-5;-4.6875;-4.375;-4.0625;-3.75;-3.4375;-3.125;-2.8125;-2.5;-2.1875;-1.875;-1.5625;-1.25;-0.9375;-0.625;-0.3125;0;0.3125;0.625;0.9375;1.25;1.5625;1.875;2.1875;2.5;2.8125;3.125;3.4375;3.75;4.0625;4.375;4.6875;5;5.3125;5.625;5.9375;6.25;6.5625;6.875;7.1875;7.5;7.8125;8.125;8.4375;8.75;9.0625;9.375;9.6875;10","0;0;0;0;0;0;0;0;0;0;0;0;0;0;0;0;0;0;0;0;0;0;0;0;0;0;0;0;0;0;0;50995;19945;10676;3807;1629;513;115;0;0;0;0;0;0;0;0;0;0;0;0;0;0;0;0;0;0;0;0;0;0;0;0;0;0",87680
26,1,"LeakyReLULayer( 0.050000 )",pre_activation,"-10;-9.6875;-9.375;-9.0625;-8.75;-8.4375;-8.125;-7.8125;-7.5;-7.1875;-6.875;-6.5625;-6.25;-5.9375;-5.625;-5.3125;-5;-4.6875;-4.375;-4.0625;-3.75;-3.4375;-3.125;-2.8125;-2.5;-2.1875;-1.875;-1.5625;-1.25;-0.9375;-0.625;-0.3125;0;0.3125;0.625;0.9375;1.25;1.5625;1.875;2.1875;2.5;2.8125;3.125;3.4375;3.75;4.0625;4.375;4.6875;5;5.3125;5.625;5.9375;6.25;6.5625;6.875;7.1875;7.5;7.8125;8.125;8.4375;8.75;9.0625;9.375;9.6875;10","0;0;0;0;0;0;0;0;0;0;0;0;0;0;0;0;0;0;0;0;61;572;1984;4866;9635;18850;42278;82877;149233;489388;1051006;3089675;3052696;1056478;478014;172982;101885;51573;9947;0;0;0;0;0;0;0;0;0;0;0;0;0;0;0;0;0;0;0;0;0;0;0;0;0",9864000
26,1,"LeakyReLULayer( 0.050000 )",post_activation,"-10;-9.6875;-9.375;-9.0625;-8.75;-8.4375;-8.125;-7.8125;-7.5;-7.1875;-6.875;-6.5625;-6.25;-5.9375;-5.625;-5.3125;-5;-4.6875;-4.375;-4.0625;-3.75;-3.4375;-3.125;-2.8125;-2.5;-2.1875;-1.875;-1.5625;-1.25;-0.9375;-0.625;-0.3125;0;0.3125;0.625;0.9375;1.25;1.5625;1.875;2.1875;2.5;2.8125;3.125;3.4375;3.75;4.0625;4.375;4.6875;5;5.3125;5.625;5.9375;6.25;6.5625;6.875;7.1875;7.5;7.8125;8.125;8.4375;8.75;9.0625;9.375;9.6875;10","0;0;0;0;0;0;0;0;0;0;0;0;0;0;0;0;0;0;0;0;0;0;0;0;0;0;0;0;0;0;0;4940425;3052696;1056478;478014;172982;101885;51573;9947;0;0;0;0;0;0;0;0;0;0;0;0;0;0;0;0;0;0;0;0;0;0;0;0;0",9864000
26,5,"LeakyReLULayer( 0.050000 )",pre_activation,"-10;-9.6875;-9.375;-9.0625;-8.75;-8.4375;-8.125;-7.8125;-7.5;-7.1875;-6.875;-6.5625;-6.25;-5.9375;-5.625;-5.3125;-5;-4.6875;-4.375;-4.0625;-3.75;-3.4375;-3.125;-2.8125;-2.5;-2.1875;-1.875;-1.5625;-1.25;-0.9375;-0.625;-0.3125;0;0.3125;0.625;0.9375;1.25;1.5625;1.875;2.1875;2.5;2.8125;3.125;3.4375;3.75;4.0625;4.375;4.6875;5;5.3125;5.625;5.9375;6.25;6.5625;6.875;7.1875;7.5;7.8125;8.125;8.4375;8.75;9.0625;9.375;9.6875;10","0;0;0;0;0;0;0;0;0;0;0;0;0;0;0;0;0;0;0;0;0;0;0;0;0;138;674;2722;5513;13922;22166;35143;35910;32217;20096;5707;941;208;3;0;0;0;0;0;0;0;0;0;0;0;0;0;0;0;0;0;0;0;0;0;0;0;0;0",175360
26,5,"LeakyReLULayer( 0.050000 )",post_activation,"-10;-9.6875;-9.375;-9.0625;-8.75;-8.4375;-8.125;-7.8125;-7.5;-7.1875;-6.875;-6.5625;-6.25;-5.9375;-5.625;-5.3125;-5;-4.6875;-4.375;-4.0625;-3.75;-3.4375;-3.125;-2.8125;-2.5;-2.1875;-1.875;-1.5625;-1.25;-0.9375;-0.625;-0.3125;0;0.3125;0.625;0.9375;1.25;1.5625;1.875;2.1875;2.5;2.8125;3.125;3.4375;3.75;4.0625;4.375;4.6875;5;5.3125;5.625;5.9375;6.25;6.5625;6.875;7.1875;7.5;7.8125;8.125;8.4375;8.75;9.0625;9.375;9.6875;10","0;0;0;0;0;0;0;0;0;0;0;0;0;0;0;0;0;0;0;0;0;0;0;0;0;0;0;0;0;0;0;80278;35910;32217;20096;5707;941;208;3;0;0;0;0;0;0;0;0;0;0;0;0;0;0;0;0;0;0;0;0;0;0;0;0;0",175360
26,7,"LeakyReLULayer( 0.050000 )",pre_activation,"-10;-9.6875;-9.375;-9.0625;-8.75;-8.4375;-8.125;-7.8125;-7.5;-7.1875;-6.875;-6.5625;-6.25;-5.9375;-5.625;-5.3125;-5;-4.6875;-4.375;-4.0625;-3.75;-3.4375;-3.125;-2.8125;-2.5;-2.1875;-1.875;-1.5625;-1.25;-0.9375;-0.625;-0.3125;0;0.3125;0.625;0.9375;1.25;1.5625;1.875;2.1875;2.5;2.8125;3.125;3.4375;3.75;4.0625;4.375;4.6875;5;5.3125;5.625;5.9375;6.25;6.5625;6.875;7.1875;7.5;7.8125;8.125;8.4375;8.75;9.0625;9.375;9.6875;10","0;0;0;0;0;0;0;0;0;0;0;0;0;0;0;0;0;0;0;0;0;0;0;0;0;0;84;533;2284;6257;16668;25130;19959;10737;3799;1610;501;117;1;0;0;0;0;0;0;0;0;0;0;0;0;0;0;0;0;0;0;0;0;0;0;0;0;0",87680
26,7,"LeakyReLULayer( 0.050000 )",post_activation,"-10;-9.6875;-9.375;-9.0625;-8.75;-8.4375;-8.125;-7.8125;-7.5;-7.1875;-6.875;-6.5625;-6.25;-5.9375;-5.625;-5.3125;-5;-4.6875;-4.375;-4.0625;-3.75;-3.4375;-3.125;-2.8125;-2.5;-2.1875;-1.875;-1.5625;-1.25;-0.9375;-0.625;-0.3125;0;0.3125;0.625;0.9375;1.25;1.5625;1.875;2.1875;2.5;2.8125;3.125;3.4375;3.75;4.0625;4.375;4.6875;5;5.3125;5.625;5.9375;6.25;6.5625;6.875;7.1875;7.5;7.8125;8.125;8.4375;8.75;9.0625;9.375;9.6875;10","0;0;0;0;0;0;0;0;0;0;0;0;0;0;0;0;0;0;0;0;0;0;0;0;0;0;0;0;0;0;0;50956;19959;10737;3799;1610;501;117;1;0;0;0;0;0;0;0;0;0;0;0;0;0;0;0;0;0;0;0;0;0;0;0;0;0",87680
27,1,"LeakyReLULayer( 0.050000 )",pre_activation,"-10;-9.6875;-9.375;-9.0625;-8.75;-8.4375;-8.125;-7.8125;-7.5;-7.1875;-6.875;-6.5625;-6.25;-5.9375;-5.625;-5.3125;-5;-4.6875;-4.375;-4.0625;-3.75;-3.4375;-3.125;-2.8125;-2.5;-2.1875;-1.875;-1.5625;-1.25;-0.9375;-0.625;-0.3125;0;0.3125;0.625;0.9375;1.25;1.5625;1.875;2.1875;2.5;2.8125;3.125;3.4375;3.75;4.0625;4.375;4.6875;5;5.3125;5.625;5.9375;6.25;6.5625;6.875;7.1875;7.5;7.8125;8.125;8.4375;8.75;9.0625;9.375;9.6875;10","0;0;0;0;0;0;0;0;0;0;0;0;0;0;0;0;0;0;0;0;61;571;1985;4863;9634;18842;42248;82885;149186;489315;1051075;3089778;3052846;1056473;477962;172910;101881;51548;9937;0;0;0;0;0;0;0;0;0;0;0;0;0;0;0;0;0;0;0;0;0;0;0;0;0",9864000
27,1,"LeakyReLULayer( 0.050000 )",post_activation,"-10;-9.6875;-9.375;-9.0625;-8.75;-8.4375;-8.125;-7.8125;-7.5;-7.1875;-6.875;-6.5625;-6.25;-5.9375;-5.625;-5.3125;-5;-4.6875;-4.375;-4.0625;-3.75;-3.4375;-3.125;-2.8125;-2.5;-2.1875;-1.875;-1.5625;-1.25;-0.9375;-0.625;-0.3125;0;0.3125;0.625;0.9375;1.25;1.5625;1.875;2.1875;2.5;2.8125;3.125;3.4375;3.75;4.0625;4.375;4.6875;5;5.3125;5.625;5.9375;6.25;6.5625;6.875;7.1875;7.5;7.8125;8.125;8.4375;8.75;9.0625;9.375;9.6875;10","0;0;0;0;0;0;0;0;0;0;0;0;0;0;0;0;0;0;0;0;0;0;0;0;0;0;0;0;0;0;0;4940443;3052846;1056473;477962;172910;101881;51548;9937;0;0;0;0;0;0;0;0;0;0;0;0;0;0;0;0;0;0;0;0;0;0;0;0;0",9864000
27,5,"LeakyReLULayer( 0.050000 )",pre_activation,"-10;-9.6875;-9.375;-9.0625;-8.75;-8.4375;-8.125;-7.8125;-7.5;-7.1875;-6.875;-6.5625;-6.25;-5.9375;-5.625;-5.3125;-5;-4.6875;-4.375;-4.0625;-3.75;-3.4375;-3.125;-2.8125;-2.5;-2.1875;-1.875;-1.5625;-1.25;-0.9375;-0.625;-0.3125;0;0.3125;0.625;0.9375;1.25;1.5625;1.875;2.1875;2.5;2.8125;3.125;3.4375;3.75;4.0625;4.375;4.6875;5;5.3125;5.625;5.9375;6.25;6.5625;6.875;7.1875;7.5;7.8125;8.125;8.4375;8.75;9.0625;9.375;9.6875;10","0;0;0;0;0;0;0;0;0;0;0;0;0;0;0;0;0;0;0;0;0;0;0;0;0;138;669;2703;5538;14020;22205;35041;35904;32245;20080;5673;936;206;2;0;0;0;0;0;0;0;0;0;0;0;0;0;0;0;0;0;0;0;0;0;0;0;0;0",175360
27,5,"LeakyReLULayer( 0.050000 )",post_activation,"-10;-9.6875;-9.375;-9.0625;-8.75;-8.4375;-8.125;-7.8125;-7.5;-7.1875;-6.875;-6.5625;-6.25;-5.9375;-5.625;-5.3125;-5;-4.6875;-4.375;-4.0625;-3.75;-3.4375;-3.125;-2.8125;-2.5;-2.1875;-1.875;-1.5625;-1.25;-0.9375;-0.625;-0.3125;0;0.3125;0.625;0.9375;1.25;1.5625;1.875;2.1875;2.5;2.8125;3.125;3.4375;3.75;4.0625;4.375;4.6875;5;5.3125;5.625;5.9375;6.25;6.5625;6.875;7.1875;7.5;7.8125;8.125;8.4375;8.75;9.0625;9.375;9.6875;10","0;0;0;0;0;0;0;0;0;0;0;0;0;0;0;0;0;0;0;0;0;0;0;0;0;0;0;0;0;0;0;80314;35904;32245;20080;5673;936;206;2;0;0;0;0;0;0;0;0;0;0;0;0;0;0;0;0;0;0;0;0;0;0;0;0;0",175360
27,7,"LeakyReLULayer( 0.050000 )",pre_activation,"-10;-9.6875;-9.375;-9.0625;-8.75;-8.4375;-8.125;-7.8125;-7.5;-7.1875;-6.875;-6.5625;-6.25;-5.9375;-5.625;-5.3125;-5;-4.6875;-4.375;-4.0625;-3.75;-3.4375;-3.125;-2.8125;-2.5;-2.1875;-1.875;-1.5625;-1.25;-0.9375;-0.625;-0.3125;0;0.3125;0.625;0.9375;1.25;1.5625;1.875;2.1875;2.5;2.8125;3.125;3.4375;3.75;4.0625;4.375;4.6875;5;5.3125;5.625;5.9375;6.25;6.5625;6.875;7.1875;7.5;7.8125;8.125;8.4375;8.75;9.0625;9.375;9.6875;10","0;0;0;0;0;0;0;0;0;0;0;0;0;0;0;0;0;0;0;0;0;0;0;0;0;0;85;528;2283;6225;16718;25223;19899;10738;3770;1603;494;114;0;0;0;0;0;0;0;0;0;0;0;0;0;0;0;0;0;0;0;0;0;0;0;0;0;0",87680
27,7,"LeakyReLULayer( 0.050000 )",post_activation,"-10;-9.6875;-9.375;-9.0625;-8.75;-8.4375;-8.125;-7.8125;-7.5;-7.1875;-6.875;-6.5625;-6.25;-5.9375;-5.625;-5.3125;-5;-4.6875;-4.375;-4.0625;-3.75;-3.4375;-3.125;-2.8125;-2.5;-2.1875;-1.875;-1.5625;-1.25;-0.9375;-0.625;-0.3125;0;0.3125;0.625;0.9375;1.25;1.5625;1.875;2.1875;2.5;2.8125;3.125;3.4375;3.75;4.0625;4.375;4.6875;5;5.3125;5.625;5.9375;6.25;6.5625;6.875;7.1875;7.5;7.8125;8.125;8.4375;8.75;9.0625;9.375;9.6875;10","0;0;0;0;0;0;0;0;0;0;0;0;0;0;0;0;0;0;0;0;0;0;0;0;0;0;0;0;0;0;0;51062;19899;10738;3770;1603;494;114;0;0;0;0;0;0;0;0;0;0;0;0;0;0;0;0;0;0;0;0;0;0;0;0;0;0",87680
28,1,"LeakyReLULayer( 0.050000 )",pre_activation,"-10;-9.6875;-9.375;-9.0625;-8.75;-8.4375;-8.125;-7.8125;-7.5;-7.1875;-6.875;-6.5625;-6.25;-5.9375;-5.625;-5.3125;-5;-4.6875;-4.375;-4.0625;-3.75;-3.4375;-3.125;-2.8125;-2.5;-2.1875;-1.875;-1.5625;-1.25;-0.9375;-0.625;-0.3125;0;0.3125;0.625;0.9375;1.25;1.5625;1.875;2.1875;2.5;2.8125;3.125;3.4375;3.75;4.0625;4.375;4.6875;5;5.3125;5.625;5.9375;6.25;6.5625;6.875;7.1875;7.5;7.8125;8.125;8.4375;8.75;9.0625;9.375;9.6875;10","0;0;0;0;0;0;0;0;0;0;0;0;0;0;0;0;0;0;0;0;61;573;1983;4866;9639;18855;42298;82880;149313;489491;1051098;3089310;3052441;1056508;478177;173078;101894;51577;9958;0;0;0;0;0;0;0;0;0;0;0;0;0;0;0;0;0;0;0;0;0;0;0;0;0",9864000
28,1,"LeakyReLULayer( 0.050000 )",post_activation,"-10;-9.6875;-9.375;-9.0625;-8.75;-8.4375;-8.125;-7.8125;-7.5;-7.1875;-6.875;-6.5625;-6.25;-5.9375;-5.625;-5.3125;-5;-4.6875;-4.375;-4.0625;-3.75;-3.4375;-3.125;-2.8125;-2.5;-2.1875;-1.875;-1.5625;-1.25;-0.9375;-0.625;-0.3125;0;0.3125;0.625;0.9375;1.25;1.5625;1.875;2.1875;2.5;2.8125;3.125;3.4375;3.75;4.0625;4.375;4.6875;5;5.3125;5.625;5.9375;6.25;6.5625;6.875;7.1875;7.5;7.8125;8.125;8.4375;8.75;9.0625;9.375;9.6875;10","0;0;0;0;0;0;0;0;0;0;0;0;0;0;0;0;0;0;0;0;0;0;0;0;0;0;0;0;0;0;0;4940367;3052441;1056508;478177;173078;101894;51577;9958;0;0;0;0;0;0;0;0;0;0;0;0;0;0;0;0;0;0;0;0;0;0;0;0;0",9864000
28,5,"LeakyReLULayer( 0.050000 )",pre_activation,"-10;-9.6875;-9.375;-9.0625;-8.75;-8.4375;-8.125;-7.8125;-7.5;-7.1875;-6.875;-6.5625;-6.25;-5.9375;-5.625;-5.3125;-5;-4.6875;-4.375;-4.0625;-3.75;-3.4375;-3.125;-2.8125;-2.5;-2.1875;-1.875;-1.5625;-1.25;-0.9375;-0.625;-0.3125;0;0.3125;0.625;0.9375;1.25;1.5625;1.875;2.1875;2.5;2.8125;3.125;3.4375;3.75;4.0625;4.375;4.6875;5;5.3125;5.625;5.9375;6.25;6.5625;6.875;7.1875;7.5;7.8125;8.125;8.4375;8.75;9.0625;9.375;9.6875;10","0;0;0;0;0;0;0;0;0;0;0;0;0;0;0;0;0;0;0;0;0;0;0;0;0;138;700;2719;5499;13948;22129;34981;36015;32101;20223;5745;954;205;3;0;0;0;0;0;0;0;0;0;0;0;0;0;0;0;0;0;0;0;0;0;0;0;0;0",175360
28,5,"LeakyReLULayer( 0.050000 )",post_activation,"-10;-9.6875;-9.375;-9.0625;-8.75;-8.4375;-8.125;-7.8125;-7.5;-7.1875;-6.875;-6.5625;-6.25;-5.9375;-5.625;-5.3125;-5;-4.6875;-4.375;-4.0625;-3.75;-3.4375;-3.125;-2.8125;-2.5;-2.1875;-1.875;-1.5625;-1.25;-0.9375;-0.625;-0.3125;0;0.3125;0.625;0.9375;1.25;1.5625;1.875;2.1875;2.5;2.8125;3.125;3.4375;3.75;4.0625;4.375;4.6875;5;5.3125;5.625;5.9375;6.25;6.5625;6.875;7.1875;7.5;7.8125;8.125;8.4375;8.75;9.0625;9.375;9.6875;10","0;0;0;0;0;0;0;0;0;0;0;0;0;0;0;0;0;0;0;0;0;0;0;0;0;0;0;0;0;0;0;80114;36015;32101;20223;5745;954;205;3;0;0;0;0;0;0;0;0;0;0;0;0;0;0;0;0;0;0;0;0;0;0;0;0;0",175360
28,7,"LeakyReLULayer( 0.050000 )",pre_activation,"-10;-9.6875;-9.375;-9.0625;-8.75;-8.4375;-8.125;-7.8125;-7.5;-7.1875;-6.875;-6.5625;-6.25;-5.9375;-5.625;-5.3125;-5;-4.6875;-4.375;-4.0625;-3.75;-3.4375;-3.125;-2.8125;-2.5;-2.1875;-1.875;-1.5625;-1.25;-0.9375;-0.625;-0.3125;0;0.3125;0.625;0.9375;1.25;1.5625;1.875;2.1875;2.5;2.8125;3.125;3.4375;3.75;4.0625;4.375;4.6875;5;5.3125;5.625;5.9375;6.25;6.5625;6.875;7.1875;7.5;7.8125;8.125;8.4375;8.75;9.0625;9.375;9.6875;10","0;0;0;0;0;0;0;0;0;0;0;0;0;0;0;0;0;0;0;0;0;0;0;0;0;0;85;535;2277;6227;16721;25120;20008;10671;3797;1614;508;116;1;0;0;0;0;0;0;0;0;0;0;0;0;0;0;0;0;0;0;0;0;0;0;0;0;0",87680
28,7,"LeakyReLULayer( 0.050000 )",post_activation,"-10;-9.6875;-9.375;-9.0625;-8.75;-8.4375;-8.125;-7.8125;-7.5;-7.1875;-6.875;-6.5625;-6.25;-5.9375;-5.625;-5.3125;-5;-4.6875;-4.375;-4.0625;-3.75;-3.4375;-3.125;-2.8125;-2.5;-2.1875;-1.875;-1.5625;-1.25;-0.9375;-0.625;-0.3125;0;0.3125;0.625;0.9375;1.25;1.5625;1.875;2.1875;2.5;2.8125;3.125;3.4375;3.75;4.0625;4.375;4.6875;5;5.3125;5.625;5.9375;6.25;6.5625;6.875;7.1875;7.5;7.8125;8.125;8.4375;8.75;9.0625;9.375;9.6875;10","0;0;0;0;0;0;0;0;0;0;0;0;0;0;0;0;0;0;0;0;0;0;0;0;0;0;0;0;0;0;0;50965;20008;10671;3797;1614;508;116;1;0;0;0;0;0;0;0;0;0;0;0;0;0;0;0;0;0;0;0;0;0;0;0;0;0",87680
29,1,"LeakyReLULayer( 0.050000 )",pre_activation,"-10;-9.6875;-9.375;-9.0625;-8.75;-8.4375;-8.125;-7.8125;-7.5;-7.1875;-6.875;-6.5625;-6.25;-5.9375;-5.625;-5.3125;-5;-4.6875;-4.375;-4.0625;-3.75;-3.4375;-3.125;-2.8125;-2.5;-2.1875;-1.875;-1.5625;-1.25;-0.9375;-0.625;-0.3125;0;0.3125;0.625;0.9375;1.25;1.5625;1.875;2.1875;2.5;2.8125;3.125;3.4375;3.75;4.0625;4.375;4.6875;5;5.3125;5.625;5.9375;6.25;6.5625;6.875;7.1875;7.5;7.8125;8.125;8.4375;8.75;9.0625;9.375;9.6875;10","0;0;0;0;0;0;0;0;0;0;0;0;0;0;0;0;0;0;0;0;61;570;1986;4864;9635;18841;42268;82900;149263;489381;1051156;3089464;3052616;1056498;478119;173000;101876;51562;9940;0;0;0;0;0;0;0;0;0;0;0;0;0;0;0;0;0;0;0;0;0;0;0;0;0",9864000
29,1,"LeakyReLULayer( 0.050000 )",post_activation,"-10;-9.6875;-9.375;-9.0625;-8.75;-8.4375;-8.125;-7.8125;-7.5;-7.1875;-6.875;-6.5625;-6.25;-5.9375;-5.625;-5.3125;-5;-4.6875;-4.375;-4.0625;-3.75;-3.4375;-3.125;-2.8125;-2.5;-2.1875;-1.875;-1.5625;-1.25;-0.9375;-0.625;-0.3125;0;0.3125;0.625;0.9375;1.25;1.5625;1.875;2.1875;2.5;2.8125;3.125;3.4375;3.75;4.0625;4.375;4.6875;5;5.3125;5.625;5.9375;6.25;6.5625;6.875;7.1875;7.5;7.8125;8.125;8.4375;8.75;9.0625;9.375;9.6875;10","0;0;0;0;0;0;0;0;0;0;0;0;0;0;0;0;0;0;0;0;0;0;0;0;0;0;0;0;0;0;0;4940389;3052616;1056498;478119;173000;101876;51562;9940;0;0;0;0;0;0;0;0;0;0;0;0;0;0;0;0;0;0;0;0;0;0;0;0;0",9864000
29,5,"LeakyReLULayer( 0.050000 )",pre_activation,"-10;-9.6875;-9.375;-9.0625;-8.75;-8.4375;-8.125;-7.8125;-7.5;-7.1875;-6.875;-6.5625;-6.25;-5.9375;-5.625;-5.3125;-5;-4.6875;-4.375;-4.0625;-3.75;-3.4375;-3.125;-2.8125;-2.5;-2.1875;-1.875;-1.5625;-1.25;-0.9375;-0.625;-0.3125;0;0.3125;0.625;0.9375;1.25;1.5625;1.875;2.1875;2.5;2.8125;3.125;3.4375;3.75;4.0625;4.375;4.6875;5;5.3125;5.625;5.9375;6.25;6.5625;6.875;7.1875;7.5;7.8125;8.125;8.4375;8.75;9.0625;9.375;9.6875;10","0;0;0;0;0;0;0;0;0;0;0;0;0;0;0;0;0;0;0;0;0;0;0;0;0;133;674;2707;5518;14082;22279;34927;35913;32069;20225;5689;935;206;3;0;0;0;0;0;0;0;0;0;0;0;0;0;0;0;0;0;0;0;0;0;0;0;0;0",175360
29,5,"LeakyReLULayer( 0.050000 )",post_activation,"-10;-9.6875;-9.375;-9.0625;-8.75;-8.4375;-8.125;-7.8125;-7.5;-7.1875;-6.875;-6.5625;-6.25;-5.9375;-5.625;-5.3125;-5;-4.6875;-4.375;-4.0625;-3.75;-3.4375;-3.125;-2.8125;-2.5;-2.1875;-1.875;-1.5625;-1.25;-0.9375;-0.625;-0.3125;0;0.3125;0.625;0.9375;1.25;1.5625;1.875;2.1875;2.5;2.8125;3.125;3.4375;3.75;4.0625;4.375;4.6875;5;5.3125;5.625;5.9375;6.25;6.5625;6.875;7.1875;7.5;7.8125;8.125;8.4375;8.75;9.0625;9.375;9.6875;10","0;0;0;0;0;0;0;0;0;0;0;0;0;0;0;0;0;0;0;0;0;0;0;0;0;0;0;0;0;0;0;80320;35913;32069;20225;5689;935;206;3;0;0;0;0;0;0;0;0;0;0;0;0;0;0;0;0;0;0;0;0;0;0;0;0;0",175360
29,7,"LeakyReLULayer( 0.050000 )",pre_activation,"-10;-9.6875;-9.375;-9.0625;-8.75;-8.4375;-8.125;-7.8125;-7.5;-7.1875;-6.875;-6.5625;-6.25;-5.9375;-5.625;-5.3125;-5;-4.6875;-4.375;-4.0625;-3.75;-3.4375;-3.125;-2.8125;-2.5;-2.1875;-1.875;-1.5625;-1.25;-0.9375;-0.625;-0.3125;0;0.3125;0.625;0.9375;1.25;1.5625;1.875;2.1875;2.5;2.8125;3.125;3.4375;3.75;4.0625;4.375;4.6875;5;5.3125;5.625;5.9375;6.25;6.5625;6.875;7.1875;7.5;7.8125;8.125;8.4375;8.75;9.0625;9.375;9.6875;10","0;0;0;0;0;0;0;0;0;0;0;0;0;0;0;0;0;0;0;0;0;0;0;0;0;0;86;536;2279;6244;16648;25183;20063;10697;3783;1562;482;117;0;0;0;0;0;0;0;0;0;0;0;0;0;0;0;0;0;0;0;0;0;0;0;0;0;0",87680
29,7,"LeakyReLULayer( 0.050000 )",post_activation,"-10;-9.6875;-9.375;-9.0625;-8.75;-8.4375;-8.125;-7.8125;-7.5;-7.1875;-6.875;-6.5625;-6.25;-5.9375;-5.625;-5.3125;-5;-4.6875;-4.375;-4.0625;-3.75;-3.4375;-3.125;-2.8125;-2.5;-2.1875;-1.875;-1.5625;-1.25;-0.9375;-0.625;-0.3125;0;0.3125;0.625;0.9375;1.25;1.5625;1.875;2.1875;2.5;2.8125;3.125;3.4375;3.75;4.0625;4.375;4.6875;5;5.3125;5.625;5.9375;6.25;6.5625;6.875;7.1875;7.5;7.8125;8.125;8.4375;8.75;9.0625;9.375;9.6875;10","0;0;0;0;0;0;0;0;0;0;0;0;0;0;0;0;0;0;0;0;0;0;0;0;0;0;0;0;0;0;0;50976;20063;10697;3783;1562;482;117;0;0;0;0;0;0;0;0;0;0;0;0;0;0;0;0;0;0;0;0;0;0;0;0;0;0",87680
30,1,"LeakyReLULayer( 0.050000 )",pre_activation,"-10;-9.6875;-9.375;-9.0625;-8.75;-8.4375;-8.125;-7.8125;-7.5;-7.1875;-6.875;-6.5625;-6.25;-5.9375;-5.625;-5.3125;-5;-4.6875;-4.375;-4.0625;-3.75;-3.4375;-3.125;-2.8125;-2.5;-2.1875;-1.875;-1.5625;-1.25;-0.9375;-0.625;-0.3125;0;0.3125;0.625;0.9375;1.25;1.5625;1.875;2.1875;2.5;2.8125;3.125;3.4375;3.75;4.0625;4.375;4.6875;5;5.3125;5.625;5.9375;6.25;6.5625;6.875;7.1875;7.5;7.8125;8.125;8.4375;8.75;9.0625;9.375;9.6875;10","0;0;0;0;0;0;0;0;0;0;0;0;0;0;0;0;0;0;0;0;61;572;1984;4862;9635;18843;42267;82899;149307;489468;1051165;3089260;3052535;1056556;478157;173043;101884;51565;9937;0;0;0;0;0;0;0;0;0;0;0;0;0;0;0;0;0;0;0;0;0;0;0;0;0",9864000
30,1,"LeakyReLULayer( 0.050000 )",post_activation,"-10;-9.6875;-9.375;-9.0625;-8.75;-8.4375;-8.125;-7.8125;-7.5;-7.1875;-6.875;-6.5625;-6.25;-5.9375;-5.625;-5.3125;-5;-4.6875;-4.375;-4.0625;-3.75;-3.4375;-3.125;-2.8125;-2.5;-2.1875;-1.875;-1.5625;-1.25;-0.9375;-0.625;-0.3125;0;0.3125;0.625;0.9375;1.25;1.5625;1.875;2.1875;2.5;2.8125;3.125;3.4375;3.75;4.0625;4.375;4.6875;5;5.3125;5.625;5.9375;6.25;6.5625;6.875;7.1875;7.5;7.8125;8.125;8.4375;8.75;9.0625;9.375;9.6875;10","0;0;0;0;0;0;0;0;0;0;0;0;0;0;0;0;0;0;0;0;0;0;0;0;0;0;0;0;0;0;0;4940323;3052535;1056556;478157;173043;101884;51565;9937;0;0;0;0;0;0;0;0;0;0;0;0;0;0;0;0;0;0;0;0;0;0;0;0;0",9864000
30,5,"LeakyReLULayer( 0.050000 )",pre_activation,"-10;-9.6875;-9.375;-9.0625;-8.75;-8.4375;-8.125;-7.8125;-7.5;-7.1875;-6.875;-6.5625;-6.25;-5.9375;-5.625;-5.3125;-5;-4.6875;-4.375;-4.0625;-3.75;-3.4375;-3.125;-2.8125;-2.5;-2.1875;-1.875;-1.5625;-1.25;-0.9375;-0.625;-0.3125;0;0.3125;0.625;0.9375;1.25;1.5625;1.875;2.1875;2.5;2.8125;3.125;3.4375;3.75;4.0625;4.375;4.6875;5;5.3125;5.625;5.9375;6.25;6.5625;6.875;7.1875;7.5;7.8125;8.125;8.4375;8.75;9.0625;9.375;9.6875;10","0;0;0;0;0;0;0;0;0;0;0;0;0;0;0;0;0;0;0;0;0;0;0;0;0;134;689;2690;5507;14019;22317;34875;35946;32031;20284;5717;946;203;2;0;0;0;0;0;0;0;0;0;0;0;0;0;0;0;0;0;0;0;0;0;0;0;0;0",175360
30,5,"LeakyReLULayer( 0.050000 )",post_activation,"-10;-9.6875;-9.375;-9.0625;-8.75;-8.4375;-8.125;-7.8125;-7.5;-7.1875;-6.875;-6.5625;-6.25;-5.9375;-5.625;-5.3125;-5;-4.6875;-4.375;-4.0625;-3.75;-3.4375;-3.125;-2.8125;-2.5;-2.1875;-1.875;-1.5625;-1.25;-0.9375;-0.625;-0.3125;0;0.3125;0.625;0.9375;1.25;1.5625;1.875;2.1875;2.5;2.8125;3.125;3.4375;3.75;4.0625;4.375;4.6875;5;5.3125;5.625;5.9375;6.25;6.5625;6.875;7.1875;7.5;7.8125;8.125;8.4375;8.75;9.0625;9.375;9.6875;10","0;0;0;0;0;0;0;0;0;0;0;0;0;0;0;0;0;0;0;0;0;0;0;0;0;0;0;0;0;0;0;80231;35946;32031;20284;5717;946;203;2;0;0;0;0;0;0;0;0;0;0;0;0;0;0;0;0;0;0;0;0;0;0;0;0;0",175360
30,7,"LeakyReLULayer( 0.050000 )",pre_activation,"-10;-9.6875;-9.375;-9.0625;-8.75;-8.4375;-8.125;-7.8125;-7.5;-7.1875;-6.875;-6.5625;-6.25;-5.9375;-5.625;-5.3125;-5;-4.6875;-4.375;-4.0625;-3.75;-3.4375;-3.125;-2.8125;-2.5;-2.1875;-1.875;-1.5625;-1.25;-0.9375;-0.625;-0.3125;0;0.3125;0.625;0.9375;1.25;1.5625;1.875;2.1875;2.5;2.8125;3.125;3.4375;3.75;4.0625;4.375;4.6875;5;5.3125;5.625;5.9375;6.25;6.5625;6.875;7.1875;7.5;7.8125;8.125;8.4375;8.75;9.0625;9.375;9.6875;10","0;0;0;0;0;0;0;0;0;0;0;0;0;0;0;0;0;0;0;0;0;0;0;0;0;0;95;532;2281;6204;16724;25130;20121;10625;3787;1578;484;118;1;0;0;0;0;0;0;0;0;0;0;0;0;0;0;0;0;0;0;0;0;0;0;0;0;0",87680
30,7,"LeakyReLULayer( 0.050000 )",post_activation,"-10;-9.6875;-9.375;-9.0625;-8.75;-8.4375;-8.125;-7.8125;-7.5;-7.1875;-6.875;-6.5625;-6.25;-5.9375;-5.625;-5.3125;-5;-4.6875;-4.375;-4.0625;-3.75;-3.4375;-3.125;-2.8125;-2.5;-2.1875;-1.875;-1.5625;-1.25;-0.9375;-0.625;-0.3125;0;0.3125;0.625;0.9375;1.25;1.5625;1.875;2.1875;2.5;2.8125;3.125;3.4375;3.75;4.0625;4.375;4.6875;5;5.3125;5.625;5.9375;6.25;6.5625;6.875;7.1875;7.5;7.8125;8.125;8.4375;8.75;9.0625;9.375;9.6875;10","0;0;0;0;0;0;0;0;0;0;0;0;0;0;0;0;0;0;0;0;0;0;0;0;0;0;0;0;0;0;0;50966;20121;10625;3787;1578;484;118;1;0;0;0;0;0;0;0;0;0;0;0;0;0;0;0;0;0;0;0;0;0;0;0;0;0",87680
31,1,"LeakyReLULayer( 0.050000 )",pre_activation,"-10;-9.6875;-9.375;-9.0625;-8.75;-8.4375;-8.125;-7.8125;-7.5;-7.1875;-6.875;-6.5625;-6.25;-5.9375;-5.625;-5.3125;-5;-4.6875;-4.375;-4.0625;-3.75;-3.4375;-3.125;-2.8125;-2.5;-2.1875;-1.875;-1.5625;-1.25;-0.9375;-0.625;-0.3125;0;0.3125;0.625;0.9375;1.25;1.5625;1.875;2.1875;2.5;2.8125;3.125;3.4375;3.75;4.0625;4.375;4.6875;5;5.3125;5.625;5.9375;6.25;6.5625;6.875;7.1875;7.5;7.8125;8.125;8.4375;8.75;9.0625;9.375;9.6875;10","0;0;0;0;0;0;0;0;0;0;0;0;0;0;0;0;0;0;0;0;61;572;1984;4864;9636;18848;42275;82893;149306;489492;1051186;3089179;3052455;1056587;478229;173037;101881;51572;9943;0;0;0;0;0;0;0;0;0;0;0;0;0;0;0;0;0;0;0;0;0;0;0;0;0",9864000
31,1,"LeakyReLULayer( 0.050000 )",post_activation,"-10;-9.6875;-9.375;-9.0625;-8.75;-8.4375;-8.125;-7.8125;-7.5;-7.1875;-6.875;-6.5625;-6.25;-5.9375;-5.625;-5.3125;-5;-4.6875;-4.375;-4.0625;-3.75;-3.4375;-3.125;-2.8125;-2.5;-2.1875;-1.875;-1.5625;-1.25;-0.9375;-0.625;-0.3125;0;0.3125;0.625;0.9375;1.25;1.5625;1.875;2.1875;2.5;2.8125;3.125;3.4375;3.75;4.0625;4.375;4.6875;5;5.3125;5.625;5.9375;6.25;6.5625;6.875;7.1875;7.5;7.8125;8.125;8.4375;8.75;9.0625;9.375;9.6875;10","0;0;0;0;0;0;0;0;0;0;0;0;0;0;0;0;0;0;0;0;0;0;0;0;0;0;0;0;0;0;0;4940296;3052455;1056587;478229;173037;101881;51572;9943;0;0;0;0;0;0;0;0;0;0;0;0;0;0;0;0;0;0;0;0;0;0;0;0;0",9864000
31,5,"LeakyReLULayer( 0.050000 )",pre_activation,"-10;-9.6875;-9.375;-9.0625;-8.75;-8.4375;-8.125;-7.8125;-7.5;-7.1875;-6.875;-6.5625;-6.25;-5.9375;-5.625;-5.3125;-5;-4.6875;-4.375;-4.0625;-3.75;-3.4375;-3.125;-2.8125;-2.5;-2.1875;-1.875;-1.5625;-1.25;-0.9375;-0.625;-0.3125;0;0.3125;0.625;0.9375;1.25;1.5625;1.875;2.1875;2.5;2.8125;3.125;3.4375;3.75;4.0625;4.375;4.6875;5;5.3125;5.625;5.9375;6.25;6.5625;6.875;7.1875;7.5;7.8125;8.125;8.4375;8.75;9.0625;9.375;9.6875;10","0;0;0;0;0;0;0;0;0;0;0;0;0;0;0;0;0;0;0;0;0;0;0;0;0;129;703;2701;5541;14026;22318;34810;35962;31962;20304;5736;963;203;2;0;0;0;0;0;0;0;0;0;0;0;0;0;0;0;0;0;0;0;0;0;0;0;0;0",175360
31,5,"LeakyReLULayer( 0.050000 )",post_activation,"-10;-9.6875;-9.375;-9.0625;-8.75;-8.4375;-8.125;-7.8125;-7.5;-7.1875;-6.875;-6.5625;-6.25;-5.9375;-5.625;-5.3125;-5;-4.6875;-4.375;-4.0625;-3.75;-3.4375;-3.125;-2.8125;-2.5;-2.1875;-1.875;-1.5625;-1.25;-0.9375;-0.625;-0.3125;0;0.3125;0.625;0.9375;1.25;1.5625;1.875;2.1875;2.5;2.8125;3.125;3.4375;3.75;4.0625;4.375;4.6875;5;5.3125;5.625;5.9375;6.25;6.5625;6.875;7.1875;7.5;7.8125;8.125;8.4375;8.75;9.0625;9.375;9.6875;10","0;0;0;0;0;0;0;0;0;0;0;0;0;0;0;0;0;0;0;0;0;0;0;0;0;0;0;0;0;0;0;80228;35962;31962;20304;5736;963;203;2;0;0;0;0;0;0;0;0;0;0;0;0;0;0;0;0;0;0;0;0;0;0;0;0;0",175360
31,7,"LeakyReLULayer( 0.050000 )",pre_activation,"-10;-9.6875;-9.375;-9.0625;-8.75;-8.4375;-8.125;-7.8125;-7.5;-7.1875;-6.875;-6.5625;-6.25;-5.9375;-5.625;-5.3125;-5;-4.6875;-4.375;-4.0625;-3.75;-3.4375;-3.125;-2.8125;-2.5;-2.1875;-1.875;-1.5625;-1.25;-0.9375;-0.625;-0.3125;0;0.3125;0.625;0.9375;1.25;1.5625;1.875;2.1875;2.5;2.8125;3.125;3.4375;3.75;4.0625;4.375;4.6875;5;5.3125;5.625;5.9375;6.25;6.5625;6.875;7.1875;7.5;7.8125;8.125;8.4375;8.75;9.0625;9.375;9.6875;10","0;0;0;0;0;0;0;0;0;0;0;0;0;0;0;0;0;0;0;0;0;0;0;0;0;0;87;539;2289;6194;16720;25186;20064;10627;3777;1591;486;119;1;0;0;0;0;0;0;0;0;0;0;0;0;0;0;0;0;0;0;0;0;0;0;0;0;0",87680
31,7,"LeakyReLULayer( 0.050000 )",post_activation,"-10;-9.6875;-9.375;-9.0625;-8.75;-8.4375;-8.125;-7.8125;-7.5;-7.1875;-6.875;-6.5625;-6.25;-5.9375;-5.625;-5.3125;-5;-4.6875;-4.375;-4.0625;-3.75;-3.4375;-3.125;-2.8125;-2.5;-2.1875;-1.875;-1.5625;-1.25;-0.9375;-0.625;-0.3125;0;0.3125;0.625;0.9375;1.25;1.5625;1.875;2.1875;2.5;2.8125;3.125;3.4375;3.75;4.0625;4.375;4.6875;5;5.3125;5.625;5.9375;6.25;6.5625;6.875;7.1875;7.5;7.8125;8.125;8.4375;8.75;9.0625;9.375;9.6875;10","0;0;0;0;0;0;0;0;0;0;0;0;0;0;0;0;0;0;0;0;0;0;0;0;0;0;0;0;0;0;0;51015;20064;10627;3777;1591;486;119;1;0;0;0;0;0;0;0;0;0;0;0;0;0;0;0;0;0;0;0;0;0;0;0;0;0",87680
32,1,"LeakyReLULayer( 0.050000 )",pre_activation,"-10;-9.6875;-9.375;-9.0625;-8.75;-8.4375;-8.125;-7.8125;-7.5;-7.1875;-6.875;-6.5625;-6.25;-5.9375;-5.625;-5.3125;-5;-4.6875;-4.375;-4.0625;-3.75;-3.4375;-3.125;-2.8125;-2.5;-2.1875;-1.875;-1.5625;-1.25;-0.9375;-0.625;-0.3125;0;0.3125;0.625;0.9375;1.25;1.5625;1.875;2.1875;2.5;2.8125;3.125;3.4375;3.75;4.0625;4.375;4.6875;5;5.3125;5.625;5.9375;6.25;6.5625;6.875;7.1875;7.5;7.8125;8.125;8.4375;8.75;9.0625;9.375;9.6875;10","0;0;0;0;0;0;0;0;0;0;0;0;0;0;0;0;0;0;0;0;61;571;1985;4862;9637;18840;42271;82891;149300;489483;1051267;3089126;3052383;1056697;478213;173028;101886;51558;9941;0;0;0;0;0;0;0;0;0;0;0;0;0;0;0;0;0;0;0;0;0;0;0;0;0",9864000
32,1,"LeakyReLULayer( 0.050000 )",post_activation,"-10;-9.6875;-9.375;-9.0625;-8.75;-8.4375;-8.125;-7.8125;-7.5;-7.1875;-6.875;-6.5625;-6.25;-5.9375;-5.625;-5.3125;-5;-4.6875;-4.375;-4.0625;-3.75;-3.4375;-3.125;-2.8125;-2.5;-2.1875;-1.875;-1.5625;-1.25;-0.9375;-0.625;-0.3125;0;0.3125;0.625;0.9375;1.25;1.5625;1.875;2.1875;2.5;2.8125;3.125;3.4375;3.75;4.0625;4.375;4.6875;5;5.3125;5.625;5.9375;6.25;6.5625;6.875;7.1875;7.5;7.8125;8.125;8.4375;8.75;9.0625;9.375;9.6875;10","0;0;0;0;0;0;0;0;0;0;0;0;0;0;0;0;0;0;0;0;0;0;0;0;0;0;0;0;0;0;0;4940294;3052383;1056697;478213;173028;101886;51558;9941;0;0;0;0;0;0;0;0;0;0;0;0;0;0;0;0;0;0;0;0;0;0;0;0;0",9864000
32,5,"LeakyReLULayer( 0.050000 )",pre_activation,"-10;-9.6875;-9.375;-9.0625;-8.75;-8.4375;-8.125;-7.8125;-7.5;-7.1875;-6.875;-6.5625;-6.25;-5.9375;-5.625;-5.3125;-5;-4.6875;-4.375;-4.0625;-3.75;-3.4375;-3.125;-2.8125;-2.5;-2.1875;-1.875;-1.5625;-1.25;-0.9375;-0.625;-0.3125;0;0.3125;0.625;0.9375;1.25;1.5625;1.875;2.1875;2.5;2.8125;3.125;3.4375;3.75;4.0625;4.375;4.6875;5;5.3125;5.625;5.9375;6.25;6.5625;6.875;7.1875;7.5;7.8125;8.125;8.4375;8.75;9.0625;9.375;9.6875;10","0;0;0;0;0;0;0;0;0;0;0;0;0;0;0;0;0;0;0;0;0;0;0;0;0;130;705;2693;5543;14205;22241;34820;35853;31932;20329;5740;959;208;2;0;0;0;0;0;0;0;0;0;0;0;0;0;0;0;0;0;0;0;0;0;0;0;0;0",175360
32,5,"LeakyReLULayer( 0.050000 )",post_activation,"-10;-9.6875;-9.375;-9.0625;-8.75;-8.4375;-8.125;-7.8125;-7.5;-7.1875;-6.875;-6.5625;-6.25;-5.9375;-5.625;-5.3125;-5;-4.6875;-4.375;-4.0625;-3.75;-3.4375;-3.125;-2.8125;-2.5;-2.1875;-1.875;-1.5625;-1.25;-0.9375;-0.625;-0.3125;0;0.3125;0.625;0.9375;1.25;1.5625;1.875;2.1875;2.5;2.8125;3.125;3.4375;3.75;4.0625;4.375;4.6875;5;5.3125;5.625;5.9375;6.25;6.5625;6.875;7.1875;7.5;7.8125;8.125;8.4375;8.75;9.0625;9.375;9.6875;10","0;0;0;0;0;0;0;0;0;0;0;0;0;0;0;0;0;0;0;0;0;0;0;0;0;0;0;0;0;0;0;80337;35853;31932;20329;5740;959;208;2;0;0;0;0;0;0;0;0;0;0;0;0;0;0;0;0;0;0;0;0;0;0;0;0;0",175360
32,7,"LeakyReLULayer( 0.050000 )",pre_activation,"-10;-9.6875;-9.375;-9.0625;-8.75;-8.4375;-8.125;-7.8125;-7.5;-7.1875;-6.875;-6.5625;-6.25;-5.9375;-5.625;-5.3125;-5;-4.6875;-4.375;-4.0625;-3.75;-3.4375;-3.125;-2.8125;-2.5;-2.1875;-1.875;-1.5625;-1.25;-0.9375;-0.625;-0.3125;0;0.3125;0.625;0.9375;1.25;1.5625;1.875;2.1875;2.5;2.8125;3.125;3.4375;3.75;4.0625;4.375;4.6875;5;5.3125;5.625;5.9375;6.25;6.5625;6.875;7.1875;7.5;7.8125;8.125;8.4375;8.75;9.0625;9.375;9.6875;10","0;0;0;0;0;0;0;0;0;0;0;0;0;0;0;0;0;0;0;0;0;0;0;0;0;0;96;519;2296;6214;16743;25108;20100;10655;3766;1581;487;115;0;0;0;0;0;0;0;0;0;0;0;0;0;0;0;0;0;0;0;0;0;0;0;0;0;0",87680
32,7,"LeakyReLULayer( 0.050000 )",post_activation,"-10;-9.6875;-9.375;-9.0625;-8.75;-8.4375;-8.125;-7.8125;-7.5;-7.1875;-6.875;-6.5625;-6.25;-5.9375;-5.625;-5.3125;-5;-4.6875;-4.375;-4.0625;-3.75;-3.4375;-3.125;-2.8125;-2.5;-2.1875;-1.875;-1.5625;-1.25;-0.9375;-0.625;-0.3125;0;0.3125;0.625;0.9375;1.25;1.5625;1.875;2.1875;2.5;2.8125;3.125;3.4375;3.75;4.0625;4.375;4.6875;5;5.3125;5.625;5.9375;6.25;6.5625;6.875;7.1875;7.5;7.8125;8.125;8.4375;8.75;9.0625;9.375;9.6875;10","0;0;0;0;0;0;0;0;0;0;0;0;0;0;0;0;0;0;0;0;0;0;0;0;0;0;0;0;0;0;0;50976;20100;10655;3766;1581;487;115;0;0;0;0;0;0;0;0;0;0;0;0;0;0;0;0;0;0;0;0;0;0;0;0;0;0",87680
33,1,"LeakyReLULayer( 0.050000 )",pre_activation,"-10;-9.6875;-9.375;-9.0625;-8.75;-8.4375;-8.125;-7.8125;-7.5;-7.1875;-6.875;-6.5625;-6.25;-5.9375;-5.625;-5.3125;-5;-4.6875;-4.375;-4.0625;-3.75;-3.4375;-3.125;-2.8125;-2.5;-2.1875;-1.875;-1.5625;-1.25;-0.9375;-0.625;-0.3125;0;0.3125;0.625;0.9375;1.25;1.5625;1.875;2.1875;2.5;2.8125;3.125;3.4375;3.75;4.0625;4.375;4.6875;5;5.3125;5.625;5.9375;6.25;6.5625;6.875;7.1875;7.5;7.8125;8.125;8.4375;8.75;9.0625;9.375;9.6875;10","0;0;0;0;0;0;0;0;0;0;0;0;0;0;0;0;0;0;0;0;61;572;1984;4866;9636;18850;42281;82890;149335;489538;1051246;3089007;3052288;1056707;478278;173057;101885;51571;9948;0;0;0;0;0;0;0;0;0;0;0;0;0;0;0;0;0;0;0;0;0;0;0;0;0",9864000
33,1,"LeakyReLULayer( 0.050000 )",post_activation,"-10;-9.6875;-9.375;-9.0625;-8.75;-8.4375;-8.125;-7.8125;-7.5;-7.1875;-6.875;-6.5625;-6.25;-5.9375;-5.625;-5.3125;-5;-4.6875;-4.375;-4.0625;-3.75;-3.4375;-3.125;-2.8125;-2.5;-2.1875;-1.875;-1.5625;-1.25;-0.9375;-0.625;-0.3125;0;0.3125;0.625;0.9375;1.25;1.5625;1.875;2.1875;2.5;2.8125;3.125;3.4375;3.75;4.0625;4.375;4.6875;5;5.3125;5.625;5.9375;6.25;6.5625;6.875;7.1875;7.5;7.8125;8.125;8.4375;8.75;9.0625;9.375;9.6875;10","0;0;0;0;0;0;0;0;0;0;0;0;0;0;0;0;0;0;0;0;0;0;0;0;0;0;0;0;0;0;0;4940266;3052288;1056707;478278;173057;101885;51571;9948;0;0;0;0;0;0;0;0;0;0;0;0;0;0;0;0;0;0;0;0;0;0;0;0;0",9864000
33,5,"LeakyReLULayer( 0.050000 )",pre_activation,"-10;-9.6875;-9.375;-9.0625;-8.75;-8.4375;-8.125;-7.8125;-7.5;-7.1875;-6.875;-6.5625;-6.25;-5.9375;-5.625;-5.3125;-5;-4.6875;-4.375;-4.0625;-3.75;-3.4375;-3.125;-2.8125;-2.5;-2.1875;-1.875;-1.5625;-1.25;-0.9375;-0.625;-0.3125;0;0.3125;0.625;0.9375;1.25;1.5625;1.875;2.1875;2.5;2.8125;3.125;3.4375;3.75;4.0625;4.375;4.6875;5;5.3125;5.625;5.9375;6.25;6.5625;6.875;7.1875;7.5;7.8125;8.125;8.4375;8.75;9.0625;9.375;9.6875;10","0;0;0;0;0;0;0;0;0;0;0;0;0;0;0;0;0;0;0;0;0;0;0;0;0;120;717;2699;5556;14128;22401;34683;35959;31845;20290;5786;965;209;2;0;0;0;0;0;0;0;0;0;0;0;0;0;0;0;0;0;0;0;0;0;0;0;0;0",175360
33,5,"LeakyReLULayer( 0.050000 )",post_activation,"-10;-9.6875;-9.375;-9.0625;-8.75;-8.4375;-8.125;-7.8125;-7.5;-7.1875;-6.875;-6.5625;-6.25;-5.9375;-5.625;-5.3125;-5;-4.6875;-4.375;-4.0625;-3.75;-3.4375;-3.125;-2.8125;-2.5;-2.1875;-1.875;-1.5625;-1.25;-0.9375;-0.625;-0.3125;0;0.3125;0.625;0.9375;1.25;1.5625;1.875;2.1875;2.5;2.8125;3.125;3.4375;3.75;4.0625;4.375;4.6875;5;5.3125;5.625;5.9375;6.25;6.5625;6.875;7.1875;7.5;7.8125;8.125;8.4375;8.75;9.0625;9.375;9.6875;10","0;0;0;0;0;0;0;0;0;0;0;0;0;0;0;0;0;0;0;0;0;0;0;0;0;0;0;0;0;0;0;80304;35959;31845;20290;5786;965;209;2;0;0;0;0;0;0;0;0;0;0;0;0;0;0;0;0;0;0;0;0;0;0;0;0;0",175360
33,7,"LeakyReLULayer( 0.050000 )",pre_activation,"-10;-9.6875;-9.375;-9.0625;-8.75;-8.4375;-8.125;-7.8125;-7.5;-7.1875;-6.875;-6.5625;-6.25;-5.9375;-5.625;-5.3125;-5;-4.6875;-4.375;-4.0625;-3.75;-3.4375;-3.125;-2.8125;-2.5;-2.1875;-1.875;-1.5625;-1.25;-0.9375;-0.625;-0.3125;0;0.3125;0.625;0.9375;1.25;1.5625;1.875;2.1875;2.5;2.8125;3.125;3.4375;3.75;4.0625;4.375;4.6875;5;5.3125;5.625;5.9375;6.25;6.5625;6.875;7.1875;7.5;7.8125;8.125;8.4375;8.75;9.0625;9.375;9.6875;10","0;0;0;0;0;0;0;0;0;0;0;0;0;0;0;0;0;0;0;0;0;0;0;0;0;0;98;526;2288;6233;16727;25009;20197;10657;3742;1603;481;119;0;0;0;0;0;0;0;0;0;0;0;0;0;0;0;0;0;0;0;0;0;0;0;0;0;0",87680
33,7,"LeakyReLULayer( 0.050000 )",post_activation,"-10;-9.6875;-9.375;-9.0625;-8.75;-8.4375;-8.125;-7.8125;-7.5;-7.1875;-6.875;-6.5625;-6.25;-5.9375;-5.625;-5.3125;-5;-4.6875;-4.375;-4.0625;-3.75;-3.4375;-3.125;-2.8125;-2.5;-2.1875;-1.875;-1.5625;-1.25;-0.9375;-0.625;-0.3125;0;0.3125;0.625;0.9375;1.25;1.5625;1.875;2.1875;2.5;2.8125;3.125;3.4375;3.75;4.0625;4.375;4.6875;5;5.3125;5.625;5.9375;6.25;6.5625;6.875;7.1875;7.5;7.8125;8.125;8.4375;8.75;9.0625;9.375;9.6875;10","0;0;0;0;0;0;0;0;0;0;0;0;0;0;0;0;0;0;0;0;0;0;0;0;0;0;0;0;0;0;0;50881;20197;10657;3742;1603;481;119;0;0;0;0;0;0;0;0;0;0;0;0;0;0;0;0;0;0;0;0;0;0;0;0;0;0",87680
34,1,"LeakyReLULayer( 0.050000 )",pre_activation,"-10;-9.6875;-9.375;-9.0625;-8.75;-8.4375;-8.125;-7.8125;-7.5;-7.1875;-6.875;-6.5625;-6.25;-5.9375;-5.625;-5.3125;-5;-4.6875;-4.375;-4.0625;-3.75;-3.4375;-3.125;-2.8125;-2.5;-2.1875;-1.875;-1.5625;-1.25;-0.9375;-0.625;-0.3125;0;0.3125;0.625;0.9375;1.25;1.5625;1.875;2.1875;2.5;2.8125;3.125;3.4375;3.75;4.0625;4.375;4.6875;5;5.3125;5.625;5.9375;6.25;6.5625;6.875;7.1875;7.5;7.8125;8.125;8.4375;8.75;9.0625;9.375;9.6875;10","0;0;0;0;0;0;0;0;0;0;0;0;0;0;0;0;0;0;0;0;61;572;1984;4866;9636;18851;42289;82892;149337;489568;1051289;3088924;3052211;1056732;478319;173061;101886;51573;9949;0;0;0;0;0;0;0;0;0;0;0;0;0;0;0;0;0;0;0;0;0;0;0;0;0",9864000
34,1,"LeakyReLULayer( 0.050000 )",post_activation,"-10;-9.6875;-9.375;-9.0625;-8.75;-8.4375;-8.125;-7.8125;-7.5;-7.1875;-6.875;-6.5625;-6.25;-5.9375;-5.625;-5.3125;-5;-4.6875;-4.375;-4.0625;-3.75;-3.4375;-3.125;-2.8125;-2.5;-2.1875;-1.875;-1.5625;-1.25;-0.9375;-0.625;-0.3125;0;0.3125;0.625;0.9375;1.25;1.5625;1.875;2.1875;2.5;2.8125;3.125;3.4375;3.75;4.0625;4.375;4.6875;5;5.3125;5.625;5.9375;6.25;6.5625;6.875;7.1875;7.5;7.8125;8.125;8.4375;8.75;9.0625;9.375;9.6875;10","0;0;0;0;0;0;0;0;0;0;0;0;0;0;0;0;0;0;0;0;0;0;0;0;0;0;0;0;0;0;0;4940269;3052211;1056732;478319;173061;101886;51573;9949;0;0;0;0;0;0;0;0;0;0;0;0;0;0;0;0;0;0;0;0;0;0;0;0;0",9864000
34,5,"LeakyReLULayer( 0.050000 )",pre_activation,"-10;-9.6875;-9.375;-9.0625;-8.75;-8.4375;-8.125;-7.8125;-7.5;-7.1875;-6.875;-6.5625;-6.25;-5.9375;-5.625;-5.3125;-5;-4.6875;-4.375;-4.0625;-3.75;-3.4375;-3.125;-2.8125;-2.5;-2.1875;-1.875;-1.5625;-1.25;-0.9375;-0.625;-0.3125;0;0.3125;0.625;0.9375;1.25;1.5625;1.875;2.1875;2.5;2.8125;3.125;3.4375;3.75;4.0625;4.375;4.6875;5;5.3125;5.625;5.9375;6.25;6.5625;6.875;7.1875;7.5;7.8125;8.125;8.4375;8.75;9.0625;9.375;9.6875;10","0;0;0;0;0;0;0;0;0;0;0;0;0;0;0;0;0;0;0;0;0;0;0;0;0;109;716;2689;5567;14136;22349;34742;35994;31853;20212;5810;967;213;3;0;0;0;0;0;0;0;0;0;0;0;0;0;0;0;0;0;0;0;0;0;0;0;0;0",175360
34,5,"LeakyReLULayer( 0.050000 )",post_activation,"-10;-9.6875;-9.375;-9.0625;-8.75;-8.4375;-8.125;-7.8125;-7.5;-7.1875;-6.875;-6.5625;-6.25;-5.9375;-5.625;-5.3125;-5;-4.6875;-4.375;-4.0625;-3.75;-3.4375;-3.125;-2.8125;-2.5;-2.1875;-1.875;-1.5625;-1.25;-0.9375;-0.625;-0.3125;0;0.3125;0.625;0.9375;1.25;1.5625;1.875;2.1875;2.5;2.8125;3.125;3.4375;3.75;4.0625;4.375;4.6875;5;5.3125;5.625;5.9375;6.25;6.5625;6.875;7.1875;7.5;7.8125;8.125;8.4375;8.75;9.0625;9.375;9.6875;10","0;0;0;0;0;0;0;0;0;0;0;0;0;0;0;0;0;0;0;0;0;0;0;0;0;0;0;0;0;0;0;80308;35994;31853;20212;5810;967;213;3;0;0;0;0;0;0;0;0;0;0;0;0;0;0;0;0;0;0;0;0;0;0;0;0;0",175360
34,7,"LeakyReLULayer( 0.050000 )",pre_activation,"-10;-9.6875;-9.375;-9.0625;-8.75;-8.4375;-8.125;-7.8125;-7.5;-7.1875;-6.875;-6.5625;-6.25;-5.9375;-5.625;-5.3125;-5;-4.6875;-4.375;-4.0625;-3.75;-3.4375;-3.125;-2.8125;-2.5;-2.1875;-1.875;-1.5625;-1.25;-0.9375;-0.625;-0.3125;0;0.3125;0.625;0.9375;1.25;1.5625;1.875;2.1875;2.5;2.8125;3.125;3.4375;3.75;4.0625;4.375;4.6875;5;5.3125;5.625;5.9375;6.25;6.5625;6.875;7.1875;7.5;7.8125;8.125;8.4375;8.75;9.0625;9.375;9.6875;10","0;0;0;0;0;0;0;0;0;0;0;0;0;0;0;0;0;0;0;0;0;0;0;0;0;0;103;531;2275;6244;16662;25115;20163;10635;3751;1607;476;117;1;0;0;0;0;0;0;0;0;0;0;0;0;0;0;0;0;0;0;0;0;0;0;0;0;0",87680
34,7,"LeakyReLULayer( 0.050000 )",post_activation,"-10;-9.6875;-9.375;-9.0625;-8.75;-8.4375;-8.125;-7.8125;-7.5;-7.1875;-6.875;-6.5625;-6.25;-5.9375;-5.625;-5.3125;-5;-4.6875;-4.375;-4.0625;-3.75;-3.4375;-3.125;-2.8125;-2.5;-2.1875;-1.875;-1.5625;-1.25;-0.9375;-0.625;-0.3125;0;0.3125;0.625;0.9375;1.25;1.5625;1.875;2.1875;2.5;2.8125;3.125;3.4375;3.75;4.0625;4.375;4.6875;5;5.3125;5.625;5.9375;6.25;6.5625;6.875;7.1875;7.5;7.8125;8.125;8.4375;8.75;9.0625;9.375;9.6875;10","0;0;0;0;0;0;0;0;0;0;0;0;0;0;0;0;0;0;0;0;0;0;0;0;0;0;0;0;0;0;0;50930;20163;10635;3751;1607;476;117;1;0;0;0;0;0;0;0;0;0;0;0;0;0;0;0;0;0;0;0;0;0;0;0;0;0",87680
35,1,"LeakyReLULayer( 0.050000 )",pre_activation,"-10;-9.6875;-9.375;-9.0625;-8.75;-8.4375;-8.125;-7.8125;-7.5;-7.1875;-6.875;-6.5625;-6.25;-5.9375;-5.625;-5.3125;-5;-4.6875;-4.375;-4.0625;-3.75;-3.4375;-3.125;-2.8125;-2.5;-2.1875;-1.875;-1.5625;-1.25;-0.9375;-0.625;-0.3125;0;0.3125;0.625;0.9375;1.25;1.5625;1.875;2.1875;2.5;2.8125;3.125;3.4375;3.75;4.0625;4.375;4.6875;5;5.3125;5.625;5.9375;6.25;6.5625;6.875;7.1875;7.5;7.8125;8.125;8.4375;8.75;9.0625;9.375;9.6875;10","0;0;0;0;0;0;0;0;0;0;0;0;0;0;0;0;0;0;0;0;61;572;1984;4866;9636;18850;42277;82880;149312;489552;1051317;3088964;3052264;1056758;478299;173003;101889;51566;9950;0;0;0;0;0;0;0;0;0;0;0;0;0;0;0;0;0;0;0;0;0;0;0;0;0",9864000
35,1,"LeakyReLULayer( 0.050000 )",post_activation,"-10;-9.6875;-9.375;-9.0625;-8.75;-8.4375;-8.125;-7.8125;-7.5;-7.1875;-6.875;-6.5625;-6.25;-5.9375;-5.625;-5.3125;-5;-4.6875;-4.375;-4.0625;-3.75;-3.4375;-3.125;-2.8125;-2.5;-2.1875;-1.875;-1.5625;-1.25;-0.9375;-0.625;-0.3125;0;0.3125;0.625;0.9375;1.25;1.5625;1.875;2.1875;2.5;2.8125;3.125;3.4375;3.75;4.0625;4.375;4.6875;5;5.3125;5.625;5.9375;6.25;6.5625;6.875;7.1875;7.5;7.8125;8.125;8.4375;8.75;9.0625;9.375;9.6875;10","0;0;0;0;0;0;0;0;0;0;0;0;0;0;0;0;0;0;0;0;0;0;0;0;0;0;0;0;0;0;0;4940271;3052264;1056758;478299;173003;101889;51566;9950;0;0;0;0;0;0;0;0;0;0;0;0;0;0;0;0;0;0;0;0;0;0;0;0;0",9864000
35,5,"LeakyReLULayer( 0.050000 )",pre_activation,"-10;-9.6875;-9.375;-9.0625;-8.75;-8.4375;-8.125;-7.8125;-7.5;-7.1875;-6.875;-6.5625;-6.25;-5.9375;-5.625;-5.3125;-5;-4.6875;-4.375;-4.0625;-3.75;-3.4375;-3.125;-2.8125;-2.5;-2.1875;-1.875;-1.5625;-1.25;-0.9375;-0.625;-0.3125;0;0.3125;0.625;0.9375;1.25;1.5625;1.875;2.1875;2.5;2.8125;3.125;3.4375;3.75;4.0625;4.375;4.6875;5;5.3125;5.625;5.9375;6.25;6.5625;6.875;7.1875;7.5;7.8125;8.125;8.4375;8.75;9.0625;9.375;9.6875;10","0;0;0;0;0;0;0;0;0;0;0;0;0;0;0;0;0;0;0;0;0;0;0;0;0;108;721;2680;5594;14158;22399;34697;35936;31849;20230;5807;968;212;1;0;0;0;0;0;0;0;0;0;0;0;0;0;0;0;0;0;0;0;0;0;0;0;0;0",175360
35,5,"LeakyReLULayer( 0.050000 )",post_activation,"-10;-9.6875;-9.375;-9.0625;-8.75;-8.4375;-8.125;-7.8125;-7.5;-7.1875;-6.875;-6.5625;-6.25;-5.9375;-5.625;-5.3125;-5;-4.6875;-4.375;-4.0625;-3.75;-3.4375;-3.125;-2.8125;-2.5;-2.1875;-1.875;-1.5625;-1.25;-0.9375;-0.625;-0.3125;0;0.3125;0.625;0.9375;1.25;1.5625;1.875;2.1875;2.5;2.8125;3.125;3.4375;3.75;4.0625;4.375;4.6875;5;5.3125;5.625;5.9375;6.25;6.5625;6.875;7.1875;7.5;7.8125;8.125;8.4375;8.75;9.0625;9.375;9.6875;10","0;0;0;0;0;0;0;0;0;0;0;0;0;0;0;0;0;0;0;0;0;0;0;0;0;0;0;0;0;0;0;80357;35936;31849;20230;5807;968;212;1;0;0;0;0;0;0;0;0;0;0;0;0;0;0;0;0;0;0;0;0;0;0;0;0;0",175360
35,7,"LeakyReLULayer( 0.050000 )",pre_activation,"-10;-9.6875;-9.375;-9.0625;-8.75;-8.4375;-8.125;-7.8125;-7.5;-7.1875;-6.875;-6.5625;-6.25;-5.9375;-5.625;-5.3125;-5;-4.6875;-4.375;-4.0625;-3.75;-3.4375;-3.125;-2.8125;-2.5;-2.1875;-1.875;-1.5625;-1.25;-0.9375;-0.625;-0.3125;0;0.3125;0.625;0.9375;1.25;1.5625;1.875;2.1875;2.5;2.8125;3.125;3.4375;3.75;4.0625;4.375;4.6875;5;5.3125;5.625;5.9375;6.25;6.5625;6.875;7.1875;7.5;7.8125;8.125;8.4375;8.75;9.0625;9.375;9.6875;10","0;0;0;0;0;0;0;0;0;0;0;0;0;0;0;0;0;0;0;0;0;0;0;0;0;0;104;524;2290;6256;16668;25088;20176;10631;3745;1606;473;119;0;0;0;0;0;0;0;0;0;0;0;0;0;0;0;0;0;0;0;0;0;0;0;0;0;0",87680
35,7,"LeakyReLULayer( 0.050000 )",post_activation,"-10;-9.6875;-9.375;-9.0625;-8.75;-8.4375;-8.125;-7.8125;-7.5;-7.1875;-6.875;-6.5625;-6.25;-5.9375;-5.625;-5.3125;-5;-4.6875;-4.375;-4.0625;-3.75;-3.4375;-3.125;-2.8125;-2.5;-2.1875;-1.875;-1.5625;-1.25;-0.9375;-0.625;-0.3125;0;0.3125;0.625;0.9375;1.25;1.5625;1.875;2.1875;2.5;2.8125;3.125;3.4375;3.75;4.0625;4.375;4.6875;5;5.3125;5.625;5.9375;6.25;6.5625;6.875;7.1875;7.5;7.8125;8.125;8.4375;8.75;9.0625;9.375;9.6875;10","0;0;0;0;0;0;0;0;0;0;0;0;0;0;0;0;0;0;0;0;0;0;0;0;0;0;0;0;0;0;0;50930;20176;10631;3745;1606;473;119;0;0;0;0;0;0;0;0;0;0;0;0;0;0;0;0;0;0;0;0;0;0;0;0;0;0",87680
36,1,"LeakyReLULayer( 0.050000 )",pre_activation,"-10;-9.6875;-9.375;-9.0625;-8.75;-8.4375;-8.125;-7.8125;-7.5;-7.1875;-6.875;-6.5625;-6.25;-5.9375;-5.625;-5.3125;-5;-4.6875;-4.375;-4.0625;-3.75;-3.4375;-3.125;-2.8125;-2.5;-2.1875;-1.875;-1.5625;-1.25;-0.9375;-0.625;-0.3125;0;0.3125;0.625;0.9375;1.25;1.5625;1.875;2.1875;2.5;2.8125;3.125;3.4375;3.75;4.0625;4.375;4.6875;5;5.3125;5.625;5.9375;6.25;6.5625;6.875;7.1875;7.5;7.8125;8.125;8.4375;8.75;9.0625;9.375;9.6875;10","0;0;0;0;0;0;0;0;0;0;0;0;0;0;0;0;0;0;0;0;61;572;1984;4866;9635;18852;42295;82873;149284;489581;1051338;3088931;3052178;1056809;478331;172990;101899;51572;9949;0;0;0;0;0;0;0;0;0;0;0;0;0;0;0;0;0;0;0;0;0;0;0;0;0",9864000
36,1,"LeakyReLULayer( 0.050000 )",post_activation,"-10;-9.6875;-9.375;-9.0625;-8.75;-8.4375;-8.125;-7.8125;-7.5;-7.1875;-6.875;-6.5625;-6.25;-5.9375;-5.625;-5.3125;-5;-4.6875;-4.375;-4.0625;-3.75;-3.4375;-3.125;-2.8125;-2.5;-2.1875;-1.875;-1.5625;-1.25;-0.9375;-0.625;-0.3125;0;0.3125;0.625;0.9375;1.25;1.5625;1.875;2.1875;2.5;2.8125;3.125;3.4375;3.75;4.0625;4.375;4.6875;5;5.3125;5.625;5.9375;6.25;6.5625;6.875;7.1875;7.5;7.8125;8.125;8.4375;8.75;9.0625;9.375;9.6875;10","0;0;0;0;0;0;0;0;0;0;0;0;0;0;0;0;0;0;0;0;0;0;0;0;0;0;0;0;0;0;0;4940272;3052178;1056809;478331;172990;101899;51572;9949;0;0;0;0;0;0;0;0;0;0;0;0;0;0;0;0;0;0;0;0;0;0;0;0;0",9864000
36,5,"LeakyReLULayer( 0.050000 )",pre_activation,"-10;-9.6875;-9.375;-9.0625;-8.75;-8.4375;-8.125;-7.8125;-7.5;-7.1875;-6.875;-6.5625;-6.25;-5.9375;-5.625;-5.3125;-5;-4.6875;-4.375;-4.0625;-3.75;-3.4375;-3.125;-2.8125;-2.5;-2.1875;-1.875;-1.5625;-1.25;-0.9375;-0.625;-0.3125;0;0.3125;0.625;0.9375;1.25;1.5625;1.875;2.1875;2.5;2.8125;3.125;3.4375;3.75;4.0625;4.375;4.6875;5;5.3125;5.625;5.9375;6.25;6.5625;6.875;7.1875;7.5;7.8125;8.125;8.4375;8.75;9.0625;9.375;9.6875;10","0;0;0;0;0;0;0;0;0;0;0;0;0;0;0;0;0;0;0;0;0;0;0;0;0;108;733;2686;5569;14199;22351;34825;35859;31764;20251;5838;968;207;2;0;0;0;0;0;0;0;0;0;0;0;0;0;0;0;0;0;0;0;0;0;0;0;0;0",175360
36,5,"LeakyReLULayer( 0.050000 )",post_activation,"-10;-9.6875;-9.375;-9.0625;-8.75;-8.4375;-8.125;-7.8125;-7.5;-7.1875;-6.875;-6.5625;-6.25;-5.9375;-5.625;-5.3125;-5;-4.6875;-4.375;-4.0625;-3.75;-3.4375;-3.125;-2.8125;-2.5;-2.1875;-1.875;-1.5625;-1.25;-0.9375;-0.625;-0.3125;0;0.3125;0.625;0.9375;1.25;1.5625;1.875;2.1875;2.5;2.8125;3.125;3.4375;3.75;4.0625;4.375;4.6875;5;5.3125;5.625;5.9375;6.25;6.5625;6.875;7.1875;7.5;7.8125;8.125;8.4375;8.75;9.0625;9.375;9.6875;10","0;0;0;0;0;0;0;0;0;0;0;0;0;0;0;0;0;0;0;0;0;0;0;0;0;0;0;0;0;0;0;80471;35859;31764;20251;5838;968;207;2;0;0;0;0;0;0;0;0;0;0;0;0;0;0;0;0;0;0;0;0;0;0;0;0;0",175360
36,7,"LeakyReLULayer( 0.050000 )",pre_activation,"-10;-9.6875;-9.375;-9.0625;-8.75;-8.4375;-8.125;-7.8125;-7.5;-7.1875;-6.875;-6.5625;-6.25;-5.9375;-5.625;-5.3125;-5;-4.6875;-4.375;-4.0625;-3.75;-3.4375;-3.125;-2.8125;-2.5;-2.1875;-1.875;-1.5625;-1.25;-0.9375;-0.625;-0.3125;0;0.3125;0.625;0.9375;1.25;1.5625;1.875;2.1875;2.5;2.8125;3.125;3.4375;3.75;4.0625;4.375;4.6875;5;5.3125;5.625;5.9375;6.25;6.5625;6.875;7.1875;7.5;7.8125;8.125;8.4375;8.75;9.0625;9.375;9.6875;10","0;0;0;0;0;0;0;0;0;0;0;0;0;0;0;0;0;0;0;0;0;0;0;0;0;0;106;525;2296;6249;16648;25137;20098;10662;3756;1603;481;118;1;0;0;0;0;0;0;0;0;0;0;0;0;0;0;0;0;0;0;0;0;0;0;0;0;0",87680
36,7,"LeakyReLULayer( 0.050000 )",post_activation,"-10;-9.6875;-9.375;-9.0625;-8.75;-8.4375;-8.125;-7.8125;-7.5;-7.1875;-6.875;-6.5625;-6.25;-5.9375;-5.625;-5.3125;-5;-4.6875;-4.375;-4.0625;-3.75;-3.4375;-3.125;-2.8125;-2.5;-2.1875;-1.875;-1.5625;-1.25;-0.9375;-0.625;-0.3125;0;0.3125;0.625;0.9375;1.25;1.5625;1.875;2.1875;2.5;2.8125;3.125;3.4375;3.75;4.0625;4.375;4.6875;5;5.3125;5.625;5.9375;6.25;6.5625;6.875;7.1875;7.5;7.8125;8.125;8.4375;8.75;9.0625;9.375;9.6875;10","0;0;0;0;0;0;0;0;0;0;0;0;0;0;0;0;0;0;0;0;0;0;0;0;0;0;0;0;0;0;0;50961;20098;10662;3756;1603;481;118;1;0;0;0;0;0;0;0;0;0;0;0;0;0;0;0;0;0;0;0;0;0;0;0;0;0",87680
37,1,"LeakyReLULayer( 0.050000 )",pre_activation,"-10;-9.6875;-9.375;-9.0625;-8.75;-8.4375;-8.125;-7.8125;-7.5;-7.1875;-6.875;-6.5625;-6.25;-5.9375;-5.625;-5.3125;-5;-4.6875;-4.375;-4.0625;-3.75;-3.4375;-3.125;-2.8125;-2.5;-2.1875;-1.875;-1.5625;-1.25;-0.9375;-0.625;-0.3125;0;0.3125;0.625;0.9375;1.25;1.5625;1.875;2.1875;2.5;2.8125;3.125;3.4375;3.75;4.0625;4.375;4.6875;5;5.3125;5.625;5.9375;6.25;6.5625;6.875;7.1875;7.5;7.8125;8.125;8.4375;8.75;9.0625;9.375;9.6875;10","0;0;0;0;0;0;0;0;0;0;0;0;0;0;0;0;0;0;0;0;61;572;1984;4865;9634;18853;42272;82880;149293;489591;1051350;3088918;3052194;1056790;478341;173012;101874;51571;9945;0;0;0;0;0;0;0;0;0;0;0;0;0;0;0;0;0;0;0;0;0;0;0;0;0",9864000
37,1,"LeakyReLULayer( 0.050000 )",post_activation,"-10;-9.6875;-9.375;-9.0625;-8.75;-8.4375;-8.125;-7.8125;-7.5;-7.1875;-6.875;-6.5625;-6.25;-5.9375;-5.625;-5.3125;-5;-4.6875;-4.375;-4.0625;-3.75;-3.4375;-3.125;-2.8125;-2.5;-2.1875;-1.875;-1.5625;-1.25;-0.9375;-0.625;-0.3125;0;0.3125;0.625;0.9375;1.25;1.5625;1.875;2.1875;2.5;2.8125;3.125;3.4375;3.75;4.0625;4.375;4.6875;5;5.3125;5.625;5.9375;6.25;6.5625;6.875;7.1875;7.5;7.8125;8.125;8.4375;8.75;9.0625;9.375;9.6875;10","0;0;0;0;0;0;0;0;0;0;0;0;0;0;0;0;0;0;0;0;0;0;0;0;0;0;0;0;0;0;0;4940273;3052194;1056790;478341;173012;101874;51571;9945;0;0;0;0;0;0;0;0;0;0;0;0;0;0;0;0;0;0;0;0;0;0;0;0;0",9864000
37,5,"LeakyReLULayer( 0.050000 )",pre_activation,"-10;-9.6875;-9.375;-9.0625;-8.75;-8.4375;-8.125;-7.8125;-7.5;-7.1875;-6.875;-6.5625;-6.25;-5.9375;-5.625;-5.3125;-5;-4.6875;-4.375;-4.0625;-3.75;-3.4375;-3.125;-2.8125;-2.5;-2.1875;-1.875;-1.5625;-1.25;-0.9375;-0.625;-0.3125;0;0.3125;0.625;0.9375;1.25;1.5625;1.875;2.1875;2.5;2.8125;3.125;3.4375;3.75;4.0625;4.375;4.6875;5;5.3125;5.625;5.9375;6.25;6.5625;6.875;7.1875;7.5;7.8125;8.125;8.4375;8.75;9.0625;9.375;9.6875;10","0;0;0;0;0;0;0;0;0;0;0;0;0;0;0;0;0;0;0;0;0;0;0;0;0;103;736;2685;5595;14152;22365;34755;36000;31794;20197;5801;966;209;2;0;0;0;0;0;0;0;0;0;0;0;0;0;0;0;0;0;0;0;0;0;0;0;0;0",175360
37,5,"LeakyReLULayer( 0.050000 )",post_activation,"-10;-9.6875;-9.375;-9.0625;-8.75;-8.4375;-8.125;-7.8125;-7.5;-7.1875;-6.875;-6.5625;-6.25;-5.9375;-5.625;-5.3125;-5;-4.6875;-4.375;-4.0625;-3.75;-3.4375;-3.125;-2.8125;-2.5;-2.1875;-1.875;-1.5625;-1.25;-0.9375;-0.625;-0.3125;0;0.3125;0.625;0.9375;1.25;1.5625;1.875;2.1875;2.5;2.8125;3.125;3.4375;3.75;4.0625;4.375;4.6875;5;5.3125;5.625;5.9375;6.25;6.5625;6.875;7.1875;7.5;7.8125;8.125;8.4375;8.75;9.0625;9.375;9.6875;10","0;0;0;0;0;0;0;0;0;0;0;0;0;0;0;0;0;0;0;0;0;0;0;0;0;0;0;0;0;0;0;80391;36000;31794;20197;5801;966;209;2;0;0;0;0;0;0;0;0;0;0;0;0;0;0;0;0;0;0;0;0;0;0;0;0;0",175360
37,7,"LeakyReLULayer( 0.050000 )",pre_activation,"-10;-9.6875;-9.375;-9.0625;-8.75;-8.4375;-8.125;-7.8125;-7.5;-7.1875;-6.875;-6.5625;-6.25;-5.9375;-5.625;-5.3125;-5;-4.6875;-4.375;-4.0625;-3.75;-3.4375;-3.125;-2.8125;-2.5;-2.1875;-1.875;-1.5625;-1.25;-0.9375;-0.625;-0.3125;0;0.3125;0.625;0.9375;1.25;1.5625;1.875;2.1875;2.5;2.8125;3.125;3.4375;3.75;4.0625;4.375;4.6875;5;5.3125;5.625;5.9375;6.25;6.5625;6.875;7.1875;7.5;7.8125;8.125;8.4375;8.75;9.0625;9.375;9.6875;10","0;0;0;0;0;0;0;0;0;0;0;0;0;0;0;0;0;0;0;0;0;0;0;0;0;0;107;531;2289;6232;16631;25232;20079;10642;3746;1602;467;121;1;0;0;0;0;0;0;0;0;0;0;0;0;0;0;0;0;0;0;0;0;0;0;0;0;0",87680
37,7,"LeakyReLULayer( 0.050000 )",post_activation,"-10;-9.6875;-9.375;-9.0625;-8.75;-8.4375;-8.125;-7.8125;-7.5;-7.1875;-6.875;-6.5625;-6.25;-5.9375;-5.625;-5.3125;-5;-4.6875;-4.375;-4.0625;-3.75;-3.4375;-3.125;-2.8125;-2.5;-2.1875;-1.875;-1.5625;-1.25;-0.9375;-0.625;-0.3125;0;0.3125;0.625;0.9375;1.25;1.5625;1.875;2.1875;2.5;2.8125;3.125;3.4375;3.75;4.0625;4.375;4.6875;5;5.3125;5.625;5.9375;6.25;6.5625;6.875;7.1875;7.5;7.8125;8.125;8.4375;8.75;9.0625;9.375;9.6875;10","0;0;0;0;0;0;0;0;0;0;0;0;0;0;0;0;0;0;0;0;0;0;0;0;0;0;0;0;0;0;0;51022;20079;10642;3746;1602;467;121;1;0;0;0;0;0;0;0;0;0;0;0;0;0;0;0;0;0;0;0;0;0;0;0;0;0",87680
38,1,"LeakyReLULayer( 0.050000 )",pre_activation,"-10;-9.6875;-9.375;-9.0625;-8.75;-8.4375;-8.125;-7.8125;-7.5;-7.1875;-6.875;-6.5625;-6.25;-5.9375;-5.625;-5.3125;-5;-4.6875;-4.375;-4.0625;-3.75;-3.4375;-3.125;-2.8125;-2.5;-2.1875;-1.875;-1.5625;-1.25;-0.9375;-0.625;-0.3125;0;0.3125;0.625;0.9375;1.25;1.5625;1.875;2.1875;2.5;2.8125;3.125;3.4375;3.75;4.0625;4.375;4.6875;5;5.3125;5.625;5.9375;6.25;6.5625;6.875;7.1875;7.5;7.8125;8.125;8.4375;8.75;9.0625;9.375;9.6875;10","0;0;0;0;0;0;0;0;0;0;0;0;0;0;0;0;0;0;0;0;61;572;1984;4866;9634;18851;42275;82879;149295;489653;1051387;3088805;3052070;1056903;478351;173011;101883;51574;9946;0;0;0;0;0;0;0;0;0;0;0;0;0;0;0;0;0;0;0;0;0;0;0;0;0",9864000
38,1,"LeakyReLULayer( 0.050000 )",post_activation,"-10;-9.6875;-9.375;-9.0625;-8.75;-8.4375;-8.125;-7.8125;-7.5;-7.1875;-6.875;-6.5625;-6.25;-5.9375;-5.625;-5.3125;-5;-4.6875;-4.375;-4.0625;-3.75;-3.4375;-3.125;-2.8125;-2.5;-2.1875;-1.875;-1.5625;-1.25;-0.9375;-0.625;-0.3125;0;0.3125;0.625;0.9375;1.25;1.5625;1.875;2.1875;2.5;2.8125;3.125;3.4375;3.75;4.0625;4.375;4.6875;5;5.3125;5.625;5.9375;6.25;6.5625;6.875;7.1875;7.5;7.8125;8.125;8.4375;8.75;9.0625;9.375;9.6875;10","0;0;0;0;0;0;0;0;0;0;0;0;0;0;0;0;0;0;0;0;0;0;0;0;0;0;0;0;0;0;0;4940262;3052070;1056903;478351;173011;101883;51574;9946;0;0;0;0;0;0;0;0;0;0;0;0;0;0;0;0;0;0;0;0;0;0;0;0;0",9864000
38,5,"LeakyReLULayer( 0.050000 )",pre_activation,"-10;-9.6875;-9.375;-9.0625;-8.75;-8.4375;-8.125;-7.8125;-7.5;-7.1875;-6.875;-6.5625;-6.25;-5.9375;-5.625;-5.3125;-5;-4.6875;-4.375;-4.0625;-3.75;-3.4375;-3.125;-2.8125;-2.5;-2.1875;-1.875;-1.5625;-1.25;-0.9375;-0.625;-0.3125;0;0.3125;0.625;0.9375;1.25;1.5625;1.875;2.1875;2.5;2.8125;3.125;3.4375;3.75;4.0625;4.375;4.6875;5;5.3125;5.625;5.9375;6.25;6.5625;6.875;7.1875;7.5;7.8125;8.125;8.4375;8.75;9.0625;9.375;9.6875;10","0;0;0;0;0;0;0;0;0;0;0;0;0;0;0;0;0;0;0;0;0;0;0;0;0;102;725;2676;5569;14200;22340;34747;36035;31745;20179;5847;982;211;2;0;0;0;0;0;0;0;0;0;0;0;0;0;0;0;0;0;0;0;0;0;0;0;0;0",175360
38,5,"LeakyReLULayer( 0.050000 )",post_activation,"-10;-9.6875;-9.375;-9.0625;-8.75;-8.4375;-8.125;-7.8125;-7.5;-7.1875;-6.875;-6.5625;-6.25;-5.9375;-5.625;-5.3125;-5;-4.6875;-4.375;-4.0625;-3.75;-3.4375;-3.125;-2.8125;-2.5;-2.1875;-1.875;-1.5625;-1.25;-0.9375;-0.625;-0.3125;0;0.3125;0.625;0.9375;1.25;1.5625;1.875;2.1875;2.5;2.8125;3.125;3.4375;3.75;4.0625;4.375;4.6875;5;5.3125;5.625;5.9375;6.25;6.5625;6.875;7.1875;7.5;7.8125;8.125;8.4375;8.75;9.0625;9.375;9.6875;10","0;0;0;0;0;0;0;0;0;0;0;0;0;0;0;0;0;0;0;0;0;0;0;0;0;0;0;0;0;0;0;80359;36035;31745;20179;5847;982;211;2;0;0;0;0;0;0;0;0;0;0;0;0;0;0;0;0;0;0;0;0;0;0;0;0;0",175360
38,7,"LeakyReLULayer( 0.050000 )",pre_activation,"-10;-9.6875;-9.375;-9.0625;-8.75;-8.4375;-8.125;-7.8125;-7.5;-7.1875;-6.875;-6.5625;-6.25;-5.9375;-5.625;-5.3125;-5;-4.6875;-4.375;-4.0625;-3.75;-3.4375;-3.125;-2.8125;-2.5;-2.1875;-1.875;-1.5625;-1.25;-0.9375;-0.625;-0.3125;0;0.3125;0.625;0.9375;1.25;1.5625;1.875;2.1875;2.5;2.8125;3.125;3.4375;3.75;4.0625;4.375;4.6875;5;5.3125;5.625;5.9375;6.25;6.5625;6.875;7.1875;7.5;7.8125;8.125;8.4375;8.75;9.0625;9.375;9.6875;10","0;0;0;0;0;0;0;0;0;0;0;0;0;0;0;0;0;0;0;0;0;0;0;0;0;0;110;524;2299;6220;16652;25102;20216;10571;3777;1598;489;121;1;0;0;0;0;0;0;0;0;0;0;0;0;0;0;0;0;0;0;0;0;0;0;0;0;0",87680
38,7,"LeakyReLULayer( 0.050000 )",post_activation,"-10;-9.6875;-9.375;-9.0625;-8.75;-8.4375;-8.125;-7.8125;-7.5;-7.1875;-6.875;-6.5625;-6.25;-5.9375;-5.625;-5.3125;-5;-4.6875;-4.375;-4.0625;-3.75;-3.4375;-3.125;-2.8125;-2.5;-2.1875;-1.875;-1.5625;-1.25;-0.9375;-0.625;-0.3125;0;0.3125;0.625;0.9375;1.25;1.5625;1.875;2.1875;2.5;2.8125;3.125;3.4375;3.75;4.0625;4.375;4.6875;5;5.3125;5.625;5.9375;6.25;6.5625;6.875;7.1875;7.5;7.8125;8.125;8.4375;8.75;9.0625;9.375;9.6875;10","0;0;0;0;0;0;0;0;0;0;0;0;0;0;0;0;0;0;0;0;0;0;0;0;0;0;0;0;0;0;0;50907;20216;10571;3777;1598;489;121;1;0;0;0;0;0;0;0;0;0;0;0;0;0;0;0;0;0;0;0;0;0;0;0;0;0",87680
39,1,"LeakyReLULayer( 0.050000 )",pre_activation,"-10;-9.6875;-9.375;-9.0625;-8.75;-8.4375;-8.125;-7.8125;-7.5;-7.1875;-6.875;-6.5625;-6.25;-5.9375;-5.625;-5.3125;-5;-4.6875;-4.375;-4.0625;-3.75;-3.4375;-3.125;-2.8125;-2.5;-2.1875;-1.875;-1.5625;-1.25;-0.9375;-0.625;-0.3125;0;0.3125;0.625;0.9375;1.25;1.5625;1.875;2.1875;2.5;2.8125;3.125;3.4375;3.75;4.0625;4.375;4.6875;5;5.3125;5.625;5.9375;6.25;6.5625;6.875;7.1875;7.5;7.8125;8.125;8.4375;8.75;9.0625;9.375;9.6875;10","0;0;0;0;0;0;0;0;0;0;0;0;0;0;0;0;0;0;0;0;61;573;1983;4866;9644;18847;42299;82883;149328;489719;1051357;3088690;3051919;1056890;478458;173043;101908;51572;9960;0;0;0;0;0;0;0;0;0;0;0;0;0;0;0;0;0;0;0;0;0;0;0;0;0",9864000
39,1,"LeakyReLULayer( 0.050000 )",post_activation,"-10;-9.6875;-9.375;-9.0625;-8.75;-8.4375;-8.125;-7.8125;-7.5;-7.1875;-6.875;-6.5625;-6.25;-5.9375;-5.625;-5.3125;-5;-4.6875;-4.375;-4.0625;-3.75;-3.4375;-3.125;-2.8125;-2.5;-2.1875;-1.875;-1.5625;-1.25;-0.9375;-0.625;-0.3125;0;0.3125;0.625;0.9375;1.25;1.5625;1.875;2.1875;2.5;2.8125;3.125;3.4375;3.75;4.0625;4.375;4.6875;5;5.3125;5.625;5.9375;6.25;6.5625;6.875;7.1875;7.5;7.8125;8.125;8.4375;8.75;9.0625;9.375;9.6875;10","0;0;0;0;0;0;0;0;0;0;0;0;0;0;0;0;0;0;0;0;0;0;0;0;0;0;0;0;0;0;0;4940250;3051919;1056890;478458;173043;101908;51572;9960;0;0;0;0;0;0;0;0;0;0;0;0;0;0;0;0;0;0;0;0;0;0;0;0;0",9864000
39,5,"LeakyReLULayer( 0.050000 )",pre_activation,"-10;-9.6875;-9.375;-9.0625;-8.75;-8.4375;-8.125;-7.8125;-7.5;-7.1875;-6.875;-6.5625;-6.25;-5.9375;-5.625;-5.3125;-5;-4.6875;-4.375;-4.0625;-3.75;-3.4375;-3.125;-2.8125;-2.5;-2.1875;-1.875;-1.5625;-1.25;-0.9375;-0.625;-0.3125;0;0.3125;0.625;0.9375;1.25;1.5625;1.875;2.1875;2.5;2.8125;3.125;3.4375;3.75;4.0625;4.375;4.6875;5;5.3125;5.625;5.9375;6.25;6.5625;6.875;7.1875;7.5;7.8125;8.125;8.4375;8.75;9.0625;9.375;9.6875;10","0;0;0;0;0;0;0;0;0;0;0;0;0;0;0;0;0;0;0;0;0;0;0;0;0;101;737;2671;5607;14184;22291;34750;35997;31750;20182;5873;1000;215;2;0;0;0;0;0;0;0;0;0;0;0;0;0;0;0;0;0;0;0;0;0;0;0;0;0",175360
39,5,"LeakyReLULayer( 0.050000 )",post_activation,"-10;-9.6875;-9.375;-9.0625;-8.75;-8.4375;-8.125;-7.8125;-7.5;-7.1875;-6.875;-6.5625;-6.25;-5.9375;-5.625;-5.3125;-5;-4.6875;-4.375;-4.0625;-3.75;-3.4375;-3.125;-2.8125;-2.5;-2.1875;-1.875;-1.5625;-1.25;-0.9375;-0.625;-0.3125;0;0.3125;0.625;0.9375;1.25;1.5625;1.875;2.1875;2.5;2.8125;3.125;3.4375;3.75;4.0625;4.375;4.6875;5;5.3125;5.625;5.9375;6.25;6.5625;6.875;7.1875;7.5;7.8125;8.125;8.4375;8.75;9.0625;9.375;9.6875;10","0;0;0;0;0;0;0;0;0;0;0;0;0;0;0;0;0;0;0;0;0;0;0;0;0;0;0;0;0;0;0;80341;35997;31750;20182;5873;1000;215;2;0;0;0;0;0;0;0;0;0;0;0;0;0;0;0;0;0;0;0;0;0;0;0;0;0",175360
39,7,"LeakyReLULayer( 0.050000 )",pre_activation,"-10;-9.6875;-9.375;-9.0625;-8.75;-8.4375;-8.125;-7.8125;-7.5;-7.1875;-6.875;-6.5625;-6.25;-5.9375;-5.625;-5.3125;-5;-4.6875;-4.375;-4.0625;-3.75;-3.4375;-3.125;-2.8125;-2.5;-2.1875;-1.875;-1.5625;-1.25;-0.9375;-0.625;-0.3125;0;0.3125;0.625;0.9375;1.25;1.5625;1.875;2.1875;2.5;2.8125;3.125;3.4375;3.75;4.0625;4.375;4.6875;5;5.3125;5.625;5.9375;6.25;6.5625;6.875;7.1875;7.5;7.8125;8.125;8.4375;8.75;9.0625;9.375;9.6875;10","0;0;0;0;0;0;0;0;0;0;0;0;0;0;0;0;0;0;0;0;0;0;0;0;0;0;113;524;2306;6188;16668;25154;20151;10567;3785;1609;499;114;2;0;0;0;0;0;0;0;0;0;0;0;0;0;0;0;0;0;0;0;0;0;0;0;0;0",87680
39,7,"LeakyReLULayer( 0.050000 )",post_activation,"-10;-9.6875;-9.375;-9.0625;-8.75;-8.4375;-8.125;-7.8125;-7.5;-7.1875;-6.875;-6.5625;-6.25;-5.9375;-5.625;-5.3125;-5;-4.6875;-4.375;-4.0625;-3.75;-3.4375;-3.125;-2.8125;-2.5;-2.1875;-1.875;-1.5625;-1.25;-0.9375;-0.625;-0.3125;0;0.3125;0.625;0.9375;1.25;1.5625;1.875;2.1875;2.5;2.8125;3.125;3.4375;3.75;4.0625;4.375;4.6875;5;5.3125;5.625;5.9375;6.25;6.5625;6.875;7.1875;7.5;7.8125;8.125;8.4375;8.75;9.0625;9.375;9.6875;10","0;0;0;0;0;0;0;0;0;0;0;0;0;0;0;0;0;0;0;0;0;0;0;0;0;0;0;0;0;0;0;50953;20151;10567;3785;1609;499;114;2;0;0;0;0;0;0;0;0;0;0;0;0;0;0;0;0;0;0;0;0;0;0;0;0;0",87680
40,1,"LeakyReLULayer( 0.050000 )",pre_activation,"-10;-9.6875;-9.375;-9.0625;-8.75;-8.4375;-8.125;-7.8125;-7.5;-7.1875;-6.875;-6.5625;-6.25;-5.9375;-5.625;-5.3125;-5;-4.6875;-4.375;-4.0625;-3.75;-3.4375;-3.125;-2.8125;-2.5;-2.1875;-1.875;-1.5625;-1.25;-0.9375;-0.625;-0.3125;0;0.3125;0.625;0.9375;1.25;1.5625;1.875;2.1875;2.5;2.8125;3.125;3.4375;3.75;4.0625;4.375;4.6875;5;5.3125;5.625;5.9375;6.25;6.5625;6.875;7.1875;7.5;7.8125;8.125;8.4375;8.75;9.0625;9.375;9.6875;10","0;0;0;0;0;0;0;0;0;0;0;0;0;0;0;0;0;0;0;0;61;572;1984;4868;9635;18851;42297;82863;149255;489618;1051402;3088836;3052180;1056867;478359;172951;101876;51575;9950;0;0;0;0;0;0;0;0;0;0;0;0;0;0;0;0;0;0;0;0;0;0;0;0;0",9864000
40,1,"LeakyReLULayer( 0.050000 )",post_activation,"-10;-9.6875;-9.375;-9.0625;-8.75;-8.4375;-8.125;-7.8125;-7.5;-7.1875;-6.875;-6.5625;-6.25;-5.9375;-5.625;-5.3125;-5;-4.6875;-4.375;-4.0625;-3.75;-3.4375;-3.125;-2.8125;-2.5;-2.1875;-1.875;-1.5625;-1.25;-0.9375;-0.625;-0.3125;0;0.3125;0.625;0.9375;1.25;1.5625;1.875;2.1875;2.5;2.8125;3.125;3.4375;3.75;4.0625;4.375;4.6875;5;5.3125;5.625;5.9375;6.25;6.5625;6.875;7.1875;7.5;7.8125;8.125;8.4375;8.75;9.0625;9.375;9.6875;10","0;0;0;0;0;0;0;0;0;0;0;0;0;0;0;0;0;0;0;0;0;0;0;0;0;0;0;0;0;0;0;4940242;3052180;1056867;478359;172951;101876;51575;9950;0;0;0;0;0;0;0;0;0;0;0;0;0;0;0;0;0;0;0;0;0;0;0;0;0",9864000
40,5,"LeakyReLULayer( 0.050000 )",pre_activation,"-10;-9.6875;-9.375;-9.0625;-8.75;-8.4375;-8.125;-7.8125;-7.5;-7.1875;-6.875;-6.5625;-6.25;-5.9375;-5.625;-5.3125;-5;-4.6875;-4.375;-4.0625;-3.75;-3.4375;-3.125;-2.8125;-2.5;-2.1875;-1.875;-1.5625;-1.25;-0.9375;-0.625;-0.3125;0;0.3125;0.625;0.9375;1.25;1.5625;1.875;2.1875;2.5;2.8125;3.125;3.4375;3.75;4.0625;4.375;4.6875;5;5.3125;5.625;5.9375;6.25;6.5625;6.875;7.1875;7.5;7.8125;8.125;8.4375;8.75;9.0625;9.375;9.6875;10","0;0;0;0;0;0;0;0;0;0;0;0;0;0;0;0;0;0;0;0;0;0;0;0;0;94;718;2659;5666;14246;22328;34669;36091;31750;20088;5848;985;216;2;0;0;0;0;0;0;0;0;0;0;0;0;0;0;0;0;0;0;0;0;0;0;0;0;0",175360
40,5,"LeakyReLULayer( 0.050000 )",post_activation,"-10;-9.6875;-9.375;-9.0625;-8.75;-8.4375;-8.125;-7.8125;-7.5;-7.1875;-6.875;-6.5625;-6.25;-5.9375;-5.625;-5.3125;-5;-4.6875;-4.375;-4.0625;-3.75;-3.4375;-3.125;-2.8125;-2.5;-2.1875;-1.875;-1.5625;-1.25;-0.9375;-0.625;-0.3125;0;0.3125;0.625;0.9375;1.25;1.5625;1.875;2.1875;2.5;2.8125;3.125;3.4375;3.75;4.0625;4.375;4.6875;5;5.3125;5.625;5.9375;6.25;6.5625;6.875;7.1875;7.5;7.8125;8.125;8.4375;8.75;9.0625;9.375;9.6875;10","0;0;0;0;0;0;0;0;0;0;0;0;0;0;0;0;0;0;0;0;0;0;0;0;0;0;0;0;0;0;0;80380;36091;31750;20088;5848;985;216;2;0;0;0;0;0;0;0;0;0;0;0;0;0;0;0;0;0;0;0;0;0;0;0;0;0",175360
40,7,"LeakyReLULayer( 0.050000 )",pre_activation,"-10;-9.6875;-9.375;-9.0625;-8.75;-8.4375;-8.125;-7.8125;-7.5;-7.1875;-6.875;-6.5625;-6.25;-5.9375;-5.625;-5.3125;-5;-4.6875;-4.375;-4.0625;-3.75;-3.4375;-3.125;-2.8125;-2.5;-2.1875;-1.875;-1.5625;-1.25;-0.9375;-0.625;-0.3125;0;0.3125;0.625;0.9375;1.25;1.5625;1.875;2.1875;2.5;2.8125;3.125;3.4375;3.75;4.0625;4.375;4.6875;5;5.3125;5.625;5.9375;6.25;6.5625;6.875;7.1875;7.5;7.8125;8.125;8.4375;8.75;9.0625;9.375;9.6875;10","0;0;0;0;0;0;0;0;0;0;0;0;0;0;0;0;0;0;0;0;0;0;0;0;0;0;110;529;2292;6246;16593;25213;20119;10638;3777;1574;468;120;1;0;0;0;0;0;0;0;0;0;0;0;0;0;0;0;0;0;0;0;0;0;0;0;0;0",87680
40,7,"LeakyReLULayer( 0.050000 )",post_activation,"-10;-9.6875;-9.375;-9.0625;-8.75;-8.4375;-8.125;-7.8125;-7.5;-7.1875;-6.875;-6.5625;-6.25;-5.9375;-5.625;-5.3125;-5;-4.6875;-4.375;-4.0625;-3.75;-3.4375;-3.125;-2.8125;-2.5;-2.1875;-1.875;-1.5625;-1.25;-0.9375;-0.625;-0.3125;0;0.3125;0.625;0.9375;1.25;1.5625;1.875;2.1875;2.5;2.8125;3.125;3.4375;3.75;4.0625;4.375;4.6875;5;5.3125;5.625;5.9375;6.25;6.5625;6.875;7.1875;7.5;7.8125;8.125;8.4375;8.75;9.0625;9.375;9.6875;10","0;0;0;0;0;0;0;0;0;0;0;0;0;0;0;0;0;0;0;0;0;0;0;0;0;0;0;0;0;0;0;50983;20119;10638;3777;1574;468;120;1;0;0;0;0;0;0;0;0;0;0;0;0;0;0;0;0;0;0;0;0;0;0;0;0;0",87680
41,1,"LeakyReLULayer( 0.050000 )",pre_activation,"-10;-9.6875;-9.375;-9.0625;-8.75;-8.4375;-8.125;-7.8125;-7.5;-7.1875;-6.875;-6.5625;-6.25;-5.9375;-5.625;-5.3125;-5;-4.6875;-4.375;-4.0625;-3.75;-3.4375;-3.125;-2.8125;-2.5;-2.1875;-1.875;-1.5625;-1.25;-0.9375;-0.625;-0.3125;0;0.3125;0.625;0.9375;1.25;1.5625;1.875;2.1875;2.5;2.8125;3.125;3.4375;3.75;4.0625;4.375;4.6875;5;5.3125;5.625;5.9375;6.25;6.5625;6.875;7.1875;7.5;7.8125;8.125;8.4375;8.75;9.0625;9.375;9.6875;10","0;0;0;0;0;0;0;0;0;0;0;0;0;0;0;0;0;0;0;0;61;572;1984;4867;9641;18851;42304;82876;149319;489740;1051408;3088623;3051877;1056932;478469;173054;101888;51577;9957;0;0;0;0;0;0;0;0;0;0;0;0;0;0;0;0;0;0;0;0;0;0;0;0;0",9864000
41,1,"LeakyReLULayer( 0.050000 )",post_activation,"-10;-9.6875;-9.375;-9.0625;-8.75;-8.4375;-8.125;-7.8125;-7.5;-7.1875;-6.875;-6.5625;-6.25;-5.9375;-5.625;-5.3125;-5;-4.6875;-4.375;-4.0625;-3.75;-3.4375;-3.125;-2.8125;-2.5;-2.1875;-1.875;-1.5625;-1.25;-0.9375;-0.625;-0.3125;0;0.3125;0.625;0.9375;1.25;1.5625;1.875;2.1875;2.5;2.8125;3.125;3.4375;3.75;4.0625;4.375;4.6875;5;5.3125;5.625;5.9375;6.25;6.5625;6.875;7.1875;7.5;7.8125;8.125;8.4375;8.75;9.0625;9.375;9.6875;10","0;0;0;0;0;0;0;0;0;0;0;0;0;0;0;0;0;0;0;0;0;0;0;0;0;0;0;0;0;0;0;4940246;3051877;1056932;478469;173054;101888;51577;9957;0;0;0;0;0;0;0;0;0;0;0;0;0;0;0;0;0;0;0;0;0;0;0;0;0",9864000
41,5,"LeakyReLULayer( 0.050000 )",pre_activation,"-10;-9.6875;-9.375;-9.0625;-8.75;-8.4375;-8.125;-7.8125;-7.5;-7.1875;-6.875;-6.5625;-6.25;-5.9375;-5.625;-5.3125;-5;-4.6875;-4.375;-4.0625;-3.75;-3.4375;-3.125;-2.8125;-2.5;-2.1875;-1.875;-1.5625;-1.25;-0.9375;-0.625;-0.3125;0;0.3125;0.625;0.9375;1.25;1.5625;1.875;2.1875;2.5;2.8125;3.125;3.4375;3.75;4.0625;4.375;4.6875;5;5.3125;5.625;5.9375;6.25;6.5625;6.875;7.1875;7.5;7.8125;8.125;8.4375;8.75;9.0625;9.375;9.6875;10","0;0;0;0;0;0;0;0;0;0;0;0;0;0;0;0;0;0;0;0;0;0;0;0;0;92;733;2672;5641;14174;22274;34716;36081;31759;20095;5910;998;214;1;0;0;0;0;0;0;0;0;0;0;0;0;0;0;0;0;0;0;0;0;0;0;0;0;0",175360
41,5,"LeakyReLULayer( 0.050000 )",post_activation,"-10;-9.6875;-9.375;-9.0625;-8.75;-8.4375;-8.125;-7.8125;-7.5;-7.1875;-6.875;-6.5625;-6.25;-5.9375;-5.625;-5.3125;-5;-4.6875;-4.375;-4.0625;-3.75;-3.4375;-3.125;-2.8125;-2.5;-2.1875;-1.875;-1.5625;-1.25;-0.9375;-0.625;-0.3125;0;0.3125;0.625;0.9375;1.25;1.5625;1.875;2.1875;2.5;2.8125;3.125;3.4375;3.75;4.0625;4.375;4.6875;5;5.3125;5.625;5.9375;6.25;6.5625;6.875;7.1875;7.5;7.8125;8.125;8.4375;8.75;9.0625;9.375;9.6875;10","0;0;0;0;0;0;0;0;0;0;0;0;0;0;0;0;0;0;0;0;0;0;0;0;0;0;0;0;0;0;0;80302;36081;31759;20095;5910;998;214;1;0;0;0;0;0;0;0;0;0;0;0;0;0;0;0;0;0;0;0;0;0;0;0;0;0",175360
41,7,"LeakyReLULayer( 0.050000 )",pre_activation,"-10;-9.6875;-9.375;-9.0625;-8.75;-8.4375;-8.125;-7.8125;-7.5;-7.1875;-6.875;-6.5625;-6.25;-5.9375;-5.625;-5.3125;-5;-4.6875;-4.375;-4.0625;-3.75;-3.4375;-3.125;-2.8125;-2.5;-2.1875;-1.875;-1.5625;-1.25;-0.9375;-0.625;-0.3125;0;0.3125;0.625;0.9375;1.25;1.5625;1.875;2.1875;2.5;2.8125;3.125;3.4375;3.75;4.0625;4.375;4.6875;5;5.3125;5.625;5.9375;6.25;6.5625;6.875;7.1875;7.5;7.8125;8.125;8.4375;8.75;9.0625;9.375;9.6875;10","0;0;0;0;0;0;0;0;0;0;0;0;0;0;0;0;0;0;0;0;0;0;0;0;0;0;116;529;2296;6241;16604;25129;20143;10636;3787;1603;473;121;2;0;0;0;0;0;0;0;0;0;0;0;0;0;0;0;0;0;0;0;0;0;0;0;0;0",87680
41,7,"LeakyReLULayer( 0.050000 )",post_activation,"-10;-9.6875;-9.375;-9.0625;-8.75;-8.4375;-8.125;-7.8125;-7.5;-7.1875;-6.875;-6.5625;-6.25;-5.9375;-5.625;-5.3125;-5;-4.6875;-4.375;-4.0625;-3.75;-3.4375;-3.125;-2.8125;-2.5;-2.1875;-1.875;-1.5625;-1.25;-0.9375;-0.625;-0.3125;0;0.3125;0.625;0.9375;1.25;1.5625;1.875;2.1875;2.5;2.8125;3.125;3.4375;3.75;4.0625;4.375;4.6875;5;5.3125;5.625;5.9375;6.25;6.5625;6.875;7.1875;7.5;7.8125;8.125;8.4375;8.75;9.0625;9.375;9.6875;10","0;0;0;0;0;0;0;0;0;0;0;0;0;0;0;0;0;0;0;0;0;0;0;0;0;0;0;0;0;0;0;50915;20143;10636;3787;1603;473;121;2;0;0;0;0;0;0;0;0;0;0;0;0;0;0;0;0;0;0;0;0;0;0;0;0;0",87680
42,1,"LeakyReLULayer( 0.050000 )",pre_activation,"-10;-9.6875;-9.375;-9.0625;-8.75;-8.4375;-8.125;-7.8125;-7.5;-7.1875;-6.875;-6.5625;-6.25;-5.9375;-5.625;-5.3125;-5;-4.6875;-4.375;-4.0625;-3.75;-3.4375;-3.125;-2.8125;-2.5;-2.1875;-1.875;-1.5625;-1.25;-0.9375;-0.625;-0.3125;0;0.3125;0.625;0.9375;1.25;1.5625;1.875;2.1875;2.5;2.8125;3.125;3.4375;3.75;4.0625;4.375;4.6875;5;5.3125;5.625;5.9375;6.25;6.5625;6.875;7.1875;7.5;7.8125;8.125;8.4375;8.75;9.0625;9.375;9.6875;10","0;0;0;0;0;0;0;0;0;0;0;0;0;0;0;0;0;0;0;0;61;573;1983;4869;9643;18853;42304;82885;149331;489789;1051477;3088472;3051705;1057003;478540;173060;101911;51577;9964;0;0;0;0;0;0;0;0;0;0;0;0;0;0;0;0;0;0;0;0;0;0;0;0;0",9864000
42,1,"LeakyReLULayer( 0.050000 )",post_activation,"-10;-9.6875;-9.375;-9.0625;-8.75;-8.4375;-8.125;-7.8125;-7.5;-7.1875;-6.875;-6.5625;-6.25;-5.9375;-5.625;-5.3125;-5;-4.6875;-4.375;-4.0625;-3.75;-3.4375;-3.125;-2.8125;-2.5;-2.1875;-1.875;-1.5625;-1.25;-0.9375;-0.625;-0.3125;0;0.3125;0.625;0.9375;1.25;1.5625;1.875;2.1875;2.5;2.8125;3.125;3.4375;3.75;4.0625;4.375;4.6875;5;5.3125;5.625;5.9375;6.25;6.5625;6.875;7.1875;7.5;7.8125;8.125;8.4375;8.75;9.0625;9.375;9.6875;10","0;0;0;0;0;0;0;0;0;0;0;0;0;0;0;0;0;0;0;0;0;0;0;0;0;0;0;0;0;0;0;4940240;3051705;1057003;478540;173060;101911;51577;9964;0;0;0;0;0;0;0;0;0;0;0;0;0;0;0;0;0;0;0;0;0;0;0;0;0",9864000
42,5,"LeakyReLULayer( 0.050000 )",pre_activation,"-10;-9.6875;-9.375;-9.0625;-8.75;-8.4375;-8.125;-7.8125;-7.5;-7.1875;-6.875;-6.5625;-6.25;-5.9375;-5.625;-5.3125;-5;-4.6875;-4.375;-4.0625;-3.75;-3.4375;-3.125;-2.8125;-2.5;-2.1875;-1.875;-1.5625;-1.25;-0.9375;-0.625;-0.3125;0;0.3125;0.625;0.9375;1.25;1.5625;1.875;2.1875;2.5;2.8125;3.125;3.4375;3.75;4.0625;4.375;4.6875;5;5.3125;5.625;5.9375;6.25;6.5625;6.875;7.1875;7.5;7.8125;8.125;8.4375;8.75;9.0625;9.375;9.6875;10","0;0;0;0;0;0;0;0;0;0;0;0;0;0;0;0;0;0;0;0;0;0;0;0;0;92;725;2678;5654;14201;22320;34672;36099;31718;20077;5911;998;214;1;0;0;0;0;0;0;0;0;0;0;0;0;0;0;0;0;0;0;0;0;0;0;0;0;0",175360
42,5,"LeakyReLULayer( 0.050000 )",post_activation,"-10;-9.6875;-9.375;-9.0625;-8.75;-8.4375;-8.125;-7.8125;-7.5;-7.1875;-6.875;-6.5625;-6.25;-5.9375;-5.625;-5.3125;-5;-4.6875;-4.375;-4.0625;-3.75;-3.4375;-3.125;-2.8125;-2.5;-2.1875;-1.875;-1.5625;-1.25;-0.9375;-0.625;-0.3125;0;0.3125;0.625;0.9375;1.25;1.5625;1.875;2.1875;2.5;2.8125;3.125;3.4375;3.75;4.0625;4.375;4.6875;5;5.3125;5.625;5.9375;6.25;6.5625;6.875;7.1875;7.5;7.8125;8.125;8.4375;8.75;9.0625;9.375;9.6875;10","0;0;0;0;0;0;0;0;0;0;0;0;0;0;0;0;0;0;0;0;0;0;0;0;0;0;0;0;0;0;0;80342;36099;31718;20077;5911;998;214;1;0;0;0;0;0;0;0;0;0;0;0;0;0;0;0;0;0;0;0;0;0;0;0;0;0",175360
42,7,"LeakyReLULayer( 0.050000 )",pre_activation,"-10;-9.6875;-9.375;-9.0625;-8.75;-8.4375;-8.125;-7.8125;-7.5;-7.1875;-6.875;-6.5625;-6.25;-5.9375;-5.625;-5.3125;-5;-4.6875;-4.375;-4.0625;-3.75;-3.4375;-3.125;-2.8125;-2.5;-2.1875;-1.875;-1.5625;-1.25;-0.9375;-0.625;-0.3125;0;0.3125;0.625;0.9375;1.25;1.5625;1.875;2.1875;2.5;2.8125;3.125;3.4375;3.75;4.0625;4.375;4.6875;5;5.3125;5.625;5.9375;6.25;6.5625;6.875;7.1875;7.5;7.8125;8.125;8.4375;8.75;9.0625;9.375;9.6875;10","0;0;0;0;0;0;0;0;0;0;0;0;0;0;0;0;0;0;0;0;0;0;0;0;0;0;116;521;2300;6244;16609;25157;20136;10604;3794;1611;464;122;2;0;0;0;0;0;0;0;0;0;0;0;0;0;0;0;0;0;0;0;0;0;0;0;0;0",87680
42,7,"LeakyReLULayer( 0.050000 )",post_activation,"-10;-9.6875;-9.375;-9.0625;-8.75;-8.4375;-8.125;-7.8125;-7.5;-7.1875;-6.875;-6.5625;-6.25;-5.9375;-5.625;-5.3125;-5;-4.6875;-4.375;-4.0625;-3.75;-3.4375;-3.125;-2.8125;-2.5;-2.1875;-1.875;-1.5625;-1.25;-0.9375;-0.625;-0.3125;0;0.3125;0.625;0.9375;1.25;1.5625;1.875;2.1875;2.5;2.8125;3.125;3.4375;3.75;4.0625;4.375;4.6875;5;5.3125;5.625;5.9375;6.25;6.5625;6.875;7.1875;7.5;7.8125;8.125;8.4375;8.75;9.0625;9.375;9.6875;10","0;0;0;0;0;0;0;0;0;0;0;0;0;0;0;0;0;0;0;0;0;0;0;0;0;0;0;0;0;0;0;50947;20136;10604;3794;1611;464;122;2;0;0;0;0;0;0;0;0;0;0;0;0;0;0;0;0;0;0;0;0;0;0;0;0;0",87680
43,1,"LeakyReLULayer( 0.050000 )",pre_activation,"-10;-9.6875;-9.375;-9.0625;-8.75;-8.4375;-8.125;-7.8125;-7.5;-7.1875;-6.875;-6.5625;-6.25;-5.9375;-5.625;-5.3125;-5;-4.6875;-4.375;-4.0625;-3.75;-3.4375;-3.125;-2.8125;-2.5;-2.1875;-1.875;-1.5625;-1.25;-0.9375;-0.625;-0.3125;0;0.3125;0.625;0.9375;1.25;1.5625;1.875;2.1875;2.5;2.8125;3.125;3.4375;3.75;4.0625;4.375;4.6875;5;5.3125;5.625;5.9375;6.25;6.5625;6.875;7.1875;7.5;7.8125;8.125;8.4375;8.75;9.0625;9.375;9.6875;10","0;0;0;0;0;0;0;0;0;0;0;0;0;0;0;0;0;0;0;0;61;575;1981;4869;9643;18854;42304;82895;149338;489873;1051510;3088316;3051529;1057100;478605;173086;101915;51578;9968;0;0;0;0;0;0;0;0;0;0;0;0;0;0;0;0;0;0;0;0;0;0;0;0;0",9864000
43,1,"LeakyReLULayer( 0.050000 )",post_activation,"-10;-9.6875;-9.375;-9.0625;-8.75;-8.4375;-8.125;-7.8125;-7.5;-7.1875;-6.875;-6.5625;-6.25;-5.9375;-5.625;-5.3125;-5;-4.6875;-4.375;-4.0625;-3.75;-3.4375;-3.125;-2.8125;-2.5;-2.1875;-1.875;-1.5625;-1.25;-0.9375;-0.625;-0.3125;0;0.3125;0.625;0.9375;1.25;1.5625;1.875;2.1875;2.5;2.8125;3.125;3.4375;3.75;4.0625;4.375;4.6875;5;5.3125;5.625;5.9375;6.25;6.5625;6.875;7.1875;7.5;7.8125;8.125;8.4375;8.75;9.0625;9.375;9.6875;10","0;0;0;0;0;0;0;0;0;0;0;0;0;0;0;0;0;0;0;0;0;0;0;0;0;0;0;0;0;0;0;4940219;3051529;1057100;478605;173086;101915;51578;9968;0;0;0;0;0;0;0;0;0;0;0;0;0;0;0;0;0;0;0;0;0;0;0;0;0",9864000
43,5,"LeakyReLULayer( 0.050000 )",pre_activation,"-10;-9.6875;-9.375;-9.0625;-8.75;-8.4375;-8.125;-7.8125;-7.5;-7.1875;-6.875;-6.5625;-6.25;-5.9375;-5.625;-5.3125;-5;-4.6875;-4.375;-4.0625;-3.75;-3.4375;-3.125;-2.8125;-2.5;-2.1875;-1.875;-1.5625;-1.25;-0.9375;-0.625;-0.3125;0;0.3125;0.625;0.9375;1.25;1.5625;1.875;2.1875;2.5;2.8125;3.125;3.4375;3.75;4.0625;4.375;4.6875;5;5.3125;5.625;5.9375;6.25;6.5625;6.875;7.1875;7.5;7.8125;8.125;8.4375;8.75;9.0625;9.375;9.6875;10","0;0;0;0;0;0;0;0;0;0;0;0;0;0;0;0;0;0;0;0;0;0;0;0;0;91;733;2695;5614;14237;22352;34634;36049;31673;20130;5939;998;214;1;0;0;0;0;0;0;0;0;0;0;0;0;0;0;0;0;0;0;0;0;0;0;0;0;0",175360
43,5,"LeakyReLULayer( 0.050000 )",post_activation,"-10;-9.6875;-9.375;-9.0625;-8.75;-8.4375;-8.125;-7.8125;-7.5;-7.1875;-6.875;-6.5625;-6.25;-5.9375;-5.625;-5.3125;-5;-4.6875;-4.375;-4.0625;-3.75;-3.4375;-3.125;-2.8125;-2.5;-2.1875;-1.875;-1.5625;-1.25;-0.9375;-0.625;-0.3125;0;0.3125;0.625;0.9375;1.25;1.5625;1.875;2.1875;2.5;2.8125;3.125;3.4375;3.75;4.0625;4.375;4.6875;5;5.3125;5.625;5.9375;6.25;6.5625;6.875;7.1875;7.5;7.8125;8.125;8.4375;8.75;9.0625;9.375;9.6875;10","0;0;0;0;0;0;0;0;0;0;0;0;0;0;0;0;0;0;0;0;0;0;0;0;0;0;0;0;0;0;0;80356;36049;31673;20130;5939;998;214;1;0;0;0;0;0;0;0;0;0;0;0;0;0;0;0;0;0;0;0;0;0;0;0;0;0",175360
43,7,"LeakyReLULayer( 0.050000 )",pre_activation,"-10;-9.6875;-9.375;-9.0625;-8.75;-8.4375;-8.125;-7.8125;-7.5;-7.1875;-6.875;-6.5625;-6.25;-5.9375;-5.625;-5.3125;-5;-4.6875;-4.375;-4.0625;-3.75;-3.4375;-3.125;-2.8125;-2.5;-2.1875;-1.875;-1.5625;-1.25;-0.9375;-0.625;-0.3125;0;0.3125;0.625;0.9375;1.25;1.5625;1.875;2.1875;2.5;2.8125;3.125;3.4375;3.75;4.0625;4.375;4.6875;5;5.3125;5.625;5.9375;6.25;6.5625;6.875;7.1875;7.5;7.8125;8.125;8.4375;8.75;9.0625;9.375;9.6875;10","0;0;0;0;0;0;0;0;0;0;0;0;0;0;0;0;0;0;0;0;0;0;0;0;0;0;116;525;2308;6244;16604;25115;20137;10640;3796;1598;473;122;2;0;0;0;0;0;0;0;0;0;0;0;0;0;0;0;0;0;0;0;0;0;0;0;0;0",87680
43,7,"LeakyReLULayer( 0.050000 )",post_activation,"-10;-9.6875;-9.375;-9.0625;-8.75;-8.4375;-8.125;-7.8125;-7.5;-7.1875;-6.875;-6.5625;-6.25;-5.9375;-5.625;-5.3125;-5;-4.6875;-4.375;-4.0625;-3.75;-3.4375;-3.125;-2.8125;-2.5;-2.1875;-1.875;-1.5625;-1.25;-0.9375;-0.625;-0.3125;0;0.3125;0.625;0.9375;1.25;1.5625;1.875;2.1875;2.5;2.8125;3.125;3.4375;3.75;4.0625;4.375;4.6875;5;5.3125;5.625;5.9375;6.25;6.5625;6.875;7.1875;7.5;7.8125;8.125;8.4375;8.75;9.0625;9.375;9.6875;10","0;0;0;0;0;0;0;0;0;0;0;0;0;0;0;0;0;0;0;0;0;0;0;0;0;0;0;0;0;0;0;50912;20137;10640;3796;1598;473;122;2;0;0;0;0;0;0;0;0;0;0;0;0;0;0;0;0;0;0;0;0;0;0;0;0;0",87680
44,1,"LeakyReLULayer( 0.050000 )",pre_activation,"-10;-9.6875;-9.375;-9.0625;-8.75;-8.4375;-8.125;-7.8125;-7.5;-7.1875;-6.875;-6.5625;-6.25;-5.9375;-5.625;-5.3125;-5;-4.6875;-4.375;-4.0625;-3.75;-3.4375;-3.125;-2.8125;-2.5;-2.1875;-1.875;-1.5625;-1.25;-0.9375;-0.625;-0.3125;0;0.3125;0.625;0.9375;1.25;1.5625;1.875;2.1875;2.5;2.8125;3.125;3.4375;3.75;4.0625;4.375;4.6875;5;5.3125;5.625;5.9375;6.25;6.5625;6.875;7.1875;7.5;7.8125;8.125;8.4375;8.75;9.0625;9.375;9.6875;10","0;0;0;0;0;0;0;0;0;0;0;0;0;0;0;0;0;0;0;0;61;573;1983;4869;9643;18847;42313;82885;149288;489880;1051583;3088300;3051438;1057275;478558;173057;101899;51585;9963;0;0;0;0;0;0;0;0;0;0;0;0;0;0;0;0;0;0;0;0;0;0;0;0;0",9864000
44,1,"LeakyReLULayer( 0.050000 )",post_activation,"-10;-9.6875;-9.375;-9.0625;-8.75;-8.4375;-8.125;-7.8125;-7.5;-7.1875;-6.875;-6.5625;-6.25;-5.9375;-5.625;-5.3125;-5;-4.6875;-4.375;-4.0625;-3.75;-3.4375;-3.125;-2.8125;-2.5;-2.1875;-1.875;-1.5625;-1.25;-0.9375;-0.625;-0.3125;0;0.3125;0.625;0.9375;1.25;1.5625;1.875;2.1875;2.5;2.8125;3.125;3.4375;3.75;4.0625;4.375;4.6875;5;5.3125;5.625;5.9375;6.25;6.5625;6.875;7.1875;7.5;7.8125;8.125;8.4375;8.75;9.0625;9.375;9.6875;10","0;0;0;0;0;0;0;0;0;0;0;0;0;0;0;0;0;0;0;0;0;0;0;0;0;0;0;0;0;0;0;4940225;3051438;1057275;478558;173057;101899;51585;9963;0;0;0;0;0;0;0;0;0;0;0;0;0;0;0;0;0;0;0;0;0;0;0;0;0",9864000
44,5,"LeakyReLULayer( 0.050000 )",pre_activation,"-10;-9.6875;-9.375;-9.0625;-8.75;-8.4375;-8.125;-7.8125;-7.5;-7.1875;-6.875;-6.5625;-6.25;-5.9375;-5.625;-5.3125;-5;-4.6875;-4.375;-4.0625;-3.75;-3.4375;-3.125;-2.8125;-2.5;-2.1875;-1.875;-1.5625;-1.25;-0.9375;-0.625;-0.3125;0;0.3125;0.625;0.9375;1.25;1.5625;1.875;2.1875;2.5;2.8125;3.125;3.4375;3.75;4.0625;4.375;4.6875;5;5.3125;5.625;5.9375;6.25;6.5625;6.875;7.1875;7.5;7.8125;8.125;8.4375;8.75;9.0625;9.375;9.6875;10","0;0;0;0;0;0;0;0;0;0;0;0;0;0;0;0;0;0;0;0;0;0;0;0;0;88;724;2695;5638;14242;22275;34648;36113;31697;20083;5936;1007;213;1;0;0;0;0;0;0;0;0;0;0;0;0;0;0;0;0;0;0;0;0;0;0;0;0;0",175360
44,5,"LeakyReLULayer( 0.050000 )",post_activation,"-10;-9.6875;-9.375;-9.0625;-8.75;-8.4375;-8.125;-7.8125;-7.5;-7.1875;-6.875;-6.5625;-6.25;-5.9375;-5.625;-5.3125;-5;-4.6875;-4.375;-4.0625;-3.75;-3.4375;-3.125;-2.8125;-2.5;-2.1875;-1.875;-1.5625;-1.25;-0.9375;-0.625;-0.3125;0;0.3125;0.625;0.9375;1.25;1.5625;1.875;2.1875;2.5;2.8125;3.125;3.4375;3.75;4.0625;4.375;4.6875;5;5.3125;5.625;5.9375;6.25;6.5625;6.875;7.1875;7.5;7.8125;8.125;8.4375;8.75;9.0625;9.375;9.6875;10","0;0;0;0;0;0;0;0;0;0;0;0;0;0;0;0;0;0;0;0;0;0;0;0;0;0;0;0;0;0;0;80310;36113;31697;20083;5936;1007;213;1;0;0;0;0;0;0;0;0;0;0;0;0;0;0;0;0;0;0;0;0;0;0;0;0;0",175360
44,7,"LeakyReLULayer( 0.050000 )",pre_activation,"-10;-9.6875;-9.375;-9.0625;-8.75;-8.4375;-8.125;-7.8125;-7.5;-7.1875;-6.875;-6.5625;-6.25;-5.9375;-5.625;-5.3125;-5;-4.6875;-4.375;-4.0625;-3.75;-3.4375;-3.125;-2.8125;-2.5;-2.1875;-1.875;-1.5625;-1.25;-0.9375;-0.625;-0.3125;0;0.3125;0.625;0.9375;1.25;1.5625;1.875;2.1875;2.5;2.8125;3.125;3.4375;3.75;4.0625;4.375;4.6875;5;5.3125;5.625;5.9375;6.25;6.5625;6.875;7.1875;7.5;7.8125;8.125;8.4375;8.75;9.0625;9.375;9.6875;10","0;0;0;0;0;0;0;0;0;0;0;0;0;0;0;0;0;0;0;0;0;0;0;0;0;0;120;525;2300;6256;16596;25182;20033;10667;3817;1587;473;123;1;0;0;0;0;0;0;0;0;0;0;0;0;0;0;0;0;0;0;0;0;0;0;0;0;0",87680
44,7,"LeakyReLULayer( 0.050000 )",post_activation,"-10;-9.6875;-9.375;-9.0625;-8.75;-8.4375;-8.125;-7.8125;-7.5;-7.1875;-6.875;-6.5625;-6.25;-5.9375;-5.625;-5.3125;-5;-4.6875;-4.375;-4.0625;-3.75;-3.4375;-3.125;-2.8125;-2.5;-2.1875;-1.875;-1.5625;-1.25;-0.9375;-0.625;-0.3125;0;0.3125;0.625;0.9375;1.25;1.5625;1.875;2.1875;2.5;2.8125;3.125;3.4375;3.75;4.0625;4.375;4.6875;5;5.3125;5.625;5.9375;6.25;6.5625;6.875;7.1875;7.5;7.8125;8.125;8.4375;8.75;9.0625;9.375;9.6875;10","0;0;0;0;0;0;0;0;0;0;0;0;0;0;0;0;0;0;0;0;0;0;0;0;0;0;0;0;0;0;0;50979;20033;10667;3817;1587;473;123;1;0;0;0;0;0;0;0;0;0;0;0;0;0;0;0;0;0;0;0;0;0;0;0;0;0",87680
45,1,"LeakyReLULayer( 0.050000 )",pre_activation,"-10;-9.6875;-9.375;-9.0625;-8.75;-8.4375;-8.125;-7.8125;-7.5;-7.1875;-6.875;-6.5625;-6.25;-5.9375;-5.625;-5.3125;-5;-4.6875;-4.375;-4.0625;-3.75;-3.4375;-3.125;-2.8125;-2.5;-2.1875;-1.875;-1.5625;-1.25;-0.9375;-0.625;-0.3125;0;0.3125;0.625;0.9375;1.25;1.5625;1.875;2.1875;2.5;2.8125;3.125;3.4375;3.75;4.0625;4.375;4.6875;5;5.3125;5.625;5.9375;6.25;6.5625;6.875;7.1875;7.5;7.8125;8.125;8.4375;8.75;9.0625;9.375;9.6875;10","0;0;0;0;0;0;0;0;0;0;0;0;0;0;0;0;0;0;0;0;61;573;1983;4871;9640;18855;42308;82877;149303;489898;1051615;3088237;3051376;1057344;478579;173026;101905;51591;9958;0;0;0;0;0;0;0;0;0;0;0;0;0;0;0;0;0;0;0;0;0;0;0;0;0",9864000
45,1,"LeakyReLULayer( 0.050000 )",post_activation,"-10;-9.6875;-9.375;-9.0625;-8.75;-8.4375;-8.125;-7.8125;-7.5;-7.1875;-6.875;-6.5625;-6.25;-5.9375;-5.625;-5.3125;-5;-4.6875;-4.375;-4.0625;-3.75;-3.4375;-3.125;-2.8125;-2.5;-2.1875;-1.875;-1.5625;-1.25;-0.9375;-0.625;-0.3125;0;0.3125;0.625;0.9375;1.25;1.5625;1.875;2.1875;2.5;2.8125;3.125;3.4375;3.75;4.0625;4.375;4.6875;5;5.3125;5.625;5.9375;6.25;6.5625;6.875;7.1875;7.5;7.8125;8.125;8.4375;8.75;9.0625;9.375;9.6875;10","0;0;0;0;0;0;0;0;0;0;0;0;0;0;0;0;0;0;0;0;0;0;0;0;0;0;0;0;0;0;0;4940221;3051376;1057344;478579;173026;101905;51591;9958;0;0;0;0;0;0;0;0;0;0;0;0;0;0;0;0;0;0;0;0;0;0;0;0;0",9864000
45,5,"LeakyReLULayer( 0.050000 )",pre_activation,"-10;-9.6875;-9.375;-9.0625;-8.75;-8.4375;-8.125;-7.8125;-7.5;-7.1875;-6.875;-6.5625;-6.25;-5.9375;-5.625;-5.3125;-5;-4.6875;-4.375;-4.0625;-3.75;-3.4375;-3.125;-2.8125;-2.5;-2.1875;-1.875;-1.5625;-1.25;-0.9375;-0.625;-0.3125;0;0.3125;0.625;0.9375;1.25;1.5625;1.875;2.1875;2.5;2.8125;3.125;3.4375;3.75;4.0625;4.375;4.6875;5;5.3125;5.625;5.9375;6.25;6.5625;6.875;7.1875;7.5;7.8125;8.125;8.4375;8.75;9.0625;9.375;9.6875;10","0;0;0;0;0;0;0;0;0;0;0;0;0;0;0;0;0;0;0;0;0;0;0;0;0;83;738;2686;5658;14211;22262;34655;36158;31676;20061;5953;1003;214;2;0;0;0;0;0;0;0;0;0;0;0;0;0;0;0;0;0;0;0;0;0;0;0;0;0",175360
45,5,"LeakyReLULayer( 0.050000 )",post_activation,"-10;-9.6875;-9.375;-9.0625;-8.75;-8.4375;-8.125;-7.8125;-7.5;-7.1875;-6.875;-6.5625;-6.25;-5.9375;-5.625;-5.3125;-5;-4.6875;-4.375;-4.0625;-3.75;-3.4375;-3.125;-2.8125;-2.5;-2.1875;-1.875;-1.5625;-1.25;-0.9375;-0.625;-0.3125;0;0.3125;0.625;0.9375;1.25;1.5625;1.875;2.1875;2.5;2.8125;3.125;3.4375;3.75;4.0625;4.375;4.6875;5;5.3125;5.625;5.9375;6.25;6.5625;6.875;7.1875;7.5;7.8125;8.125;8.4375;8.75;9.0625;9.375;9.6875;10","0;0;0;0;0;0;0;0;0;0;0;0;0;0;0;0;0;0;0;0;0;0;0;0;0;0;0;0;0;0;0;80293;36158;31676;20061;5953;1003;214;2;0;0;0;0;0;0;0;0;0;0;0;0;0;0;0;0;0;0;0;0;0;0;0;0;0",175360
45,7,"LeakyReLULayer( 0.050000 )",pre_activation,"-10;-9.6875;-9.375;-9.0625;-8.75;-8.4375;-8.125;-7.8125;-7.5;-7.1875;-6.875;-6.5625;-6.25;-5.9375;-5.625;-5.3125;-5;-4.6875;-4.375;-4.0625;-3.75;-3.4375;-3.125;-2.8125;-2.5;-2.1875;-1.875;-1.5625;-1.25;-0.9375;-0.625;-0.3125;0;0.3125;0.625;0.9375;1.25;1.5625;1.875;2.1875;2.5;2.8125;3.125;3.4375;3.75;4.0625;4.375;4.6875;5;5.3125;5.625;5.9375;6.25;6.5625;6.875;7.1875;7.5;7.8125;8.125;8.4375;8.75;9.0625;9.375;9.6875;10","0;0;0;0;0;0;0;0;0;0;0;0;0;0;0;0;0;0;0;0;0;0;0;0;0;0;121;527;2295;6251;16599;25255;19968;10649;3820;1601;470;121;3;0;0;0;0;0;0;0;0;0;0;0;0;0;0;0;0;0;0;0;0;0;0;0;0;0",87680
45,7,"LeakyReLULayer( 0.050000 )",post_activation,"-10;-9.6875;-9.375;-9.0625;-8.75;-8.4375;-8.125;-7.8125;-7.5;-7.1875;-6.875;-6.5625;-6.25;-5.9375;-5.625;-5.3125;-5;-4.6875;-4.375;-4.0625;-3.75;-3.4375;-3.125;-2.8125;-2.5;-2.1875;-1.875;-1.5625;-1.25;-0.9375;-0.625;-0.3125;0;0.3125;0.625;0.9375;1.25;1.5625;1.875;2.1875;2.5;2.8125;3.125;3.4375;3.75;4.0625;4.375;4.6875;5;5.3125;5.625;5.9375;6.25;6.5625;6.875;7.1875;7.5;7.8125;8.125;8.4375;8.75;9.0625;9.375;9.6875;10","0;0;0;0;0;0;0;0;0;0;0;0;0;0;0;0;0;0;0;0;0;0;0;0;0;0;0;0;0;0;0;51048;19968;10649;3820;1601;470;121;3;0;0;0;0;0;0;0;0;0;0;0;0;0;0;0;0;0;0;0;0;0;0;0;0;0",87680
46,1,"LeakyReLULayer( 0.050000 )",pre_activation,"-10;-9.6875;-9.375;-9.0625;-8.75;-8.4375;-8.125;-7.8125;-7.5;-7.1875;-6.875;-6.5625;-6.25;-5.9375;-5.625;-5.3125;-5;-4.6875;-4.375;-4.0625;-3.75;-3.4375;-3.125;-2.8125;-2.5;-2.1875;-1.875;-1.5625;-1.25;-0.9375;-0.625;-0.3125;0;0.3125;0.625;0.9375;1.25;1.5625;1.875;2.1875;2.5;2.8125;3.125;3.4375;3.75;4.0625;4.375;4.6875;5;5.3125;5.625;5.9375;6.25;6.5625;6.875;7.1875;7.5;7.8125;8.125;8.4375;8.75;9.0625;9.375;9.6875;10","0;0;0;0;0;0;0;0;0;0;0;0;0;0;0;0;0;0;0;0;61;574;1982;4867;9646;18854;42305;82880;149326;490045;1051578;3088094;3051244;1057327;478687;173064;101921;51582;9963;0;0;0;0;0;0;0;0;0;0;0;0;0;0;0;0;0;0;0;0;0;0;0;0;0",9864000
46,1,"LeakyReLULayer( 0.050000 )",post_activation,"-10;-9.6875;-9.375;-9.0625;-8.75;-8.4375;-8.125;-7.8125;-7.5;-7.1875;-6.875;-6.5625;-6.25;-5.9375;-5.625;-5.3125;-5;-4.6875;-4.375;-4.0625;-3.75;-3.4375;-3.125;-2.8125;-2.5;-2.1875;-1.875;-1.5625;-1.25;-0.9375;-0.625;-0.3125;0;0.3125;0.625;0.9375;1.25;1.5625;1.875;2.1875;2.5;2.8125;3.125;3.4375;3.75;4.0625;4.375;4.6875;5;5.3125;5.625;5.9375;6.25;6.5625;6.875;7.1875;7.5;7.8125;8.125;8.4375;8.75;9.0625;9.375;9.6875;10","0;0;0;0;0;0;0;0;0;0;0;0;0;0;0;0;0;0;0;0;0;0;0;0;0;0;0;0;0;0;0;4940212;3051244;1057327;478687;173064;101921;51582;9963;0;0;0;0;0;0;0;0;0;0;0;0;0;0;0;0;0;0;0;0;0;0;0;0;0",9864000
46,5,"LeakyReLULayer( 0.050000 )",pre_activation,"-10;-9.6875;-9.375;-9.0625;-8.75;-8.4375;-8.125;-7.8125;-7.5;-7.1875;-6.875;-6.5625;-6.25;-5.9375;-5.625;-5.3125;-5;-4.6875;-4.375;-4.0625;-3.75;-3.4375;-3.125;-2.8125;-2.5;-2.1875;-1.875;-1.5625;-1.25;-0.9375;-0.625;-0.3125;0;0.3125;0.625;0.9375;1.25;1.5625;1.875;2.1875;2.5;2.8125;3.125;3.4375;3.75;4.0625;4.375;4.6875;5;5.3125;5.625;5.9375;6.25;6.5625;6.875;7.1875;7.5;7.8125;8.125;8.4375;8.75;9.0625;9.375;9.6875;10","0;0;0;0;0;0;0;0;0;0;0;0;0;0;0;0;0;0;0;0;0;0;0;0;0;82;749;2718;5607;14211;22278;34648;36075;31698;20106;5972;1001;214;1;0;0;0;0;0;0;0;0;0;0;0;0;0;0;0;0;0;0;0;0;0;0;0;0;0",175360
46,5,"LeakyReLULayer( 0.050000 )",post_activation,"-10;-9.6875;-9.375;-9.0625;-8.75;-8.4375;-8.125;-7.8125;-7.5;-7.1875;-6.875;-6.5625;-6.25;-5.9375;-5.625;-5.3125;-5;-4.6875;-4.375;-4.0625;-3.75;-3.4375;-3.125;-2.8125;-2.5;-2.1875;-1.875;-1.5625;-1.25;-0.9375;-0.625;-0.3125;0;0.3125;0.625;0.9375;1.25;1.5625;1.875;2.1875;2.5;2.8125;3.125;3.4375;3.75;4.0625;4.375;4.6875;5;5.3125;5.625;5.9375;6.25;6.5625;6.875;7.1875;7.5;7.8125;8.125;8.4375;8.75;9.0625;9.375;9.6875;10","0;0;0;0;0;0;0;0;0;0;0;0;0;0;0;0;0;0;0;0;0;0;0;0;0;0;0;0;0;0;0;80293;36075;31698;20106;5972;1001;214;1;0;0;0;0;0;0;0;0;0;0;0;0;0;0;0;0;0;0;0;0;0;0;0;0;0",175360
46,7,"LeakyReLULayer( 0.050000 )",pre_activation,"-10;-9.6875;-9.375;-9.0625;-8.75;-8.4375;-8.125;-7.8125;-7.5;-7.1875;-6.875;-6.5625;-6.25;-5.9375;-5.625;-5.3125;-5;-4.6875;-4.375;-4.0625;-3.75;-3.4375;-3.125;-2.8125;-2.5;-2.1875;-1.875;-1.5625;-1.25;-0.9375;-0.625;-0.3125;0;0.3125;0.625;0.9375;1.25;1.5625;1.875;2.1875;2.5;2.8125;3.125;3.4375;3.75;4.0625;4.375;4.6875;5;5.3125;5.625;5.9375;6.25;6.5625;6.875;7.1875;7.5;7.8125;8.125;8.4375;8.75;9.0625;9.375;9.6875;10","0;0;0;0;0;0;0;0;0;0;0;0;0;0;0;0;0;0;0;0;0;0;0;0;0;0;122;532;2296;6259;16545;25165;20041;10704;3828;1597;467;120;4;0;0;0;0;0;0;0;0;0;0;0;0;0;0;0;0;0;0;0;0;0;0;0;0;0",87680
46,7,"LeakyReLULayer( 0.050000 )",post_activation,"-10;-9.6875;-9.375;-9.0625;-8.75;-8.4375;-8.125;-7.8125;-7.5;-7.1875;-6.875;-6.5625;-6.25;-5.9375;-5.625;-5.3125;-5;-4.6875;-4.375;-4.0625;-3.75;-3.4375;-3.125;-2.8125;-2.5;-2.1875;-1.875;-1.5625;-1.25;-0.9375;-0.625;-0.3125;0;0.3125;0.625;0.9375;1.25;1.5625;1.875;2.1875;2.5;2.8125;3.125;3.4375;3.75;4.0625;4.375;4.6875;5;5.3125;5.625;5.9375;6.25;6.5625;6.875;7.1875;7.5;7.8125;8.125;8.4375;8.75;9.0625;9.375;9.6875;10","0;0;0;0;0;0;0;0;0;0;0;0;0;0;0;0;0;0;0;0;0;0;0;0;0;0;0;0;0;0;0;50919;20041;10704;3828;1597;467;120;4;0;0;0;0;0;0;0;0;0;0;0;0;0;0;0;0;0;0;0;0;0;0;0;0;0",87680
47,1,"LeakyReLULayer( 0.050000 )",pre_activation,"-10;-9.6875;-9.375;-9.0625;-8.75;-8.4375;-8.125;-7.8125;-7.5;-7.1875;-6.875;-6.5625;-6.25;-5.9375;-5.625;-5.3125;-5;-4.6875;-4.375;-4.0625;-3.75;-3.4375;-3.125;-2.8125;-2.5;-2.1875;-1.875;-1.5625;-1.25;-0.9375;-0.625;-0.3125;0;0.3125;0.625;0.9375;1.25;1.5625;1.875;2.1875;2.5;2.8125;3.125;3.4375;3.75;4.0625;4.375;4.6875;5;5.3125;5.625;5.9375;6.25;6.5625;6.875;7.1875;7.5;7.8125;8.125;8.4375;8.75;9.0625;9.375;9.6875;10","0;0;0;0;0;0;0;0;0;0;0;0;0;0;0;0;0;0;0;0;61;575;1982;4872;9644;18853;42319;82887;149358;490062;1051569;3088020;3051153;1057276;478750;173132;101909;51606;9972;0;0;0;0;0;0;0;0;0;0;0;0;0;0;0;0;0;0;0;0;0;0;0;0;0",9864000
47,1,"LeakyReLULayer( 0.050000 )",post_activation,"-10;-9.6875;-9.375;-9.0625;-8.75;-8.4375;-8.125;-7.8125;-7.5;-7.1875;-6.875;-6.5625;-6.25;-5.9375;-5.625;-5.3125;-5;-4.6875;-4.375;-4.0625;-3.75;-3.4375;-3.125;-2.8125;-2.5;-2.1875;-1.875;-1.5625;-1.25;-0.9375;-0.625;-0.3125;0;0.3125;0.625;0.9375;1.25;1.5625;1.875;2.1875;2.5;2.8125;3.125;3.4375;3.75;4.0625;4.375;4.6875;5;5.3125;5.625;5.9375;6.25;6.5625;6.875;7.1875;7.5;7.8125;8.125;8.4375;8.75;9.0625;9.375;9.6875;10","0;0;0;0;0;0;0;0;0;0;0;0;0;0;0;0;0;0;0;0;0;0;0;0;0;0;0;0;0;0;0;4940202;3051153;1057276;478750;173132;101909;51606;9972;0;0;0;0;0;0;0;0;0;0;0;0;0;0;0;0;0;0;0;0;0;0;0;0;0",9864000
47,5,"LeakyReLULayer( 0.050000 )",pre_activation,"-10;-9.6875;-9.375;-9.0625;-8.75;-8.4375;-8.125;-7.8125;-7.5;-7.1875;-6.875;-6.5625;-6.25;-5.9375;-5.625;-5.3125;-5;-4.6875;-4.375;-4.0625;-3.75;-3.4375;-3.125;-2.8125;-2.5;-2.1875;-1.875;-1.5625;-1.25;-0.9375;-0.625;-0.3125;0;0.3125;0.625;0.9375;1.25;1.5625;1.875;2.1875;2.5;2.8125;3.125;3.4375;3.75;4.0625;4.375;4.6875;5;5.3125;5.625;5.9375;6.25;6.5625;6.875;7.1875;7.5;7.8125;8.125;8.4375;8.75;9.0625;9.375;9.6875;10","0;0;0;0;0;0;0;0;0;0;0;0;0;0;0;0;0;0;0;0;0;0;0;0;0;80;751;2754;5606;14266;22301;34602;36081;31644;20078;5978;1004;214;1;0;0;0;0;0;0;0;0;0;0;0;0;0;0;0;0;0;0;0;0;0;0;0;0;0",175360
47,5,"LeakyReLULayer( 0.050000 )",post_activation,"-10;-9.6875;-9.375;-9.0625;-8.75;-8.4375;-8.125;-7.8125;-7.5;-7.1875;-6.875;-6.5625;-6.25;-5.9375;-5.625;-5.3125;-5;-4.6875;-4.375;-4.0625;-3.75;-3.4375;-3.125;-2.8125;-2.5;-2.1875;-1.875;-1.5625;-1.25;-0.9375;-0.625;-0.3125;0;0.3125;0.625;0.9375;1.25;1.5625;1.875;2.1875;2.5;2.8125;3.125;3.4375;3.75;4.0625;4.375;4.6875;5;5.3125;5.625;5.9375;6.25;6.5625;6.875;7.1875;7.5;7.8125;8.125;8.4375;8.75;9.0625;9.375;9.6875;10","0;0;0;0;0;0;0;0;0;0;0;0;0;0;0;0;0;0;0;0;0;0;0;0;0;0;0;0;0;0;0;80360;36081;31644;20078;5978;1004;214;1;0;0;0;0;0;0;0;0;0;0;0;0;0;0;0;0;0;0;0;0;0;0;0;0;0",175360
47,7,"LeakyReLULayer( 0.050000 )",pre_activation,"-10;-9.6875;-9.375;-9.0625;-8.75;-8.4375;-8.125;-7.8125;-7.5;-7.1875;-6.875;-6.5625;-6.25;-5.9375;-5.625;-5.3125;-5;-4.6875;-4.375;-4.0625;-3.75;-3.4375;-3.125;-2.8125;-2.5;-2.1875;-1.875;-1.5625;-1.25;-0.9375;-0.625;-0.3125;0;0.3125;0.625;0.9375;1.25;1.5625;1.875;2.1875;2.5;2.8125;3.125;3.4375;3.75;4.0625;4.375;4.6875;5;5.3125;5.625;5.9375;6.25;6.5625;6.875;7.1875;7.5;7.8125;8.125;8.4375;8.75;9.0625;9.375;9.6875;10","0;0;0;0;0;0;0;0;0;0;0;0;0;0;0;0;0;0;0;0;0;0;0;0;0;0;121;532;2300;6256;16513;25183;20053;10705;3842;1590;460;119;6;0;0;0;0;0;0;0;0;0;0;0;0;0;0;0;0;0;0;0;0;0;0;0;0;0",87680
47,7,"LeakyReLULayer( 0.050000 )",post_activation,"-10;-9.6875;-9.375;-9.0625;-8.75;-8.4375;-8.125;-7.8125;-7.5;-7.1875;-6.875;-6.5625;-6.25;-5.9375;-5.625;-5.3125;-5;-4.6875;-4.375;-4.0625;-3.75;-3.4375;-3.125;-2.8125;-2.5;-2.1875;-1.875;-1.5625;-1.25;-0.9375;-0.625;-0.3125;0;0.3125;0.625;0.9375;1.25;1.5625;1.875;2.1875;2.5;2.8125;3.125;3.4375;3.75;4.0625;4.375;4.6875;5;5.3125;5.625;5.9375;6.25;6.5625;6.875;7.1875;7.5;7.8125;8.125;8.4375;8.75;9.0625;9.375;9.6875;10","0;0;0;0;0;0;0;0;0;0;0;0;0;0;0;0;0;0;0;0;0;0;0;0;0;0;0;0;0;0;0;50905;20053;10705;3842;1590;460;119;6;0;0;0;0;0;0;0;0;0;0;0;0;0;0;0;0;0;0;0;0;0;0;0;0;0",87680
48,1,"LeakyReLULayer( 0.050000 )",pre_activation,"-10;-9.6875;-9.375;-9.0625;-8.75;-8.4375;-8.125;-7.8125;-7.5;-7.1875;-6.875;-6.5625;-6.25;-5.9375;-5.625;-5.3125;-5;-4.6875;-4.375;-4.0625;-3.75;-3.4375;-3.125;-2.8125;-2.5;-2.1875;-1.875;-1.5625;-1.25;-0.9375;-0.625;-0.3125;0;0.3125;0.625;0.9375;1.25;1.5625;1.875;2.1875;2.5;2.8125;3.125;3.4375;3.75;4.0625;4.375;4.6875;5;5.3125;5.625;5.9375;6.25;6.5625;6.875;7.1875;7.5;7.8125;8.125;8.4375;8.75;9.0625;9.375;9.6875;10","0;0;0;0;0;0;0;0;0;0;0;0;0;0;0;0;0;0;0;0;61;573;1983;4866;9641;18846;42291;82871;149299;489915;1051591;3088329;3051374;1057343;478591;173015;101888;51569;9954;0;0;0;0;0;0;0;0;0;0;0;0;0;0;0;0;0;0;0;0;0;0;0;0;0",9864000
48,1,"LeakyReLULayer( 0.050000 )",post_activation,"-10;-9.6875;-9.375;-9.0625;-8.75;-8.4375;-8.125;-7.8125;-7.5;-7.1875;-6.875;-6.5625;-6.25;-5.9375;-5.625;-5.3125;-5;-4.6875;-4.375;-4.0625;-3.75;-3.4375;-3.125;-2.8125;-2.5;-2.1875;-1.875;-1.5625;-1.25;-0.9375;-0.625;-0.3125;0;0.3125;0.625;0.9375;1.25;1.5625;1.875;2.1875;2.5;2.8125;3.125;3.4375;3.75;4.0625;4.375;4.6875;5;5.3125;5.625;5.9375;6.25;6.5625;6.875;7.1875;7.5;7.8125;8.125;8.4375;8.75;9.0625;9.375;9.6875;10","0;0;0;0;0;0;0;0;0;0;0;0;0;0;0;0;0;0;0;0;0;0;0;0;0;0;0;0;0;0;0;4940266;3051374;1057343;478591;173015;101888;51569;9954;0;0;0;0;0;0;0;0;0;0;0;0;0;0;0;0;0;0;0;0;0;0;0;0;0",9864000
48,5,"LeakyReLULayer( 0.050000 )",pre_activation,"-10;-9.6875;-9.375;-9.0625;-8.75;-8.4375;-8.125;-7.8125;-7.5;-7.1875;-6.875;-6.5625;-6.25;-5.9375;-5.625;-5.3125;-5;-4.6875;-4.375;-4.0625;-3.75;-3.4375;-3.125;-2.8125;-2.5;-2.1875;-1.875;-1.5625;-1.25;-0.9375;-0.625;-0.3125;0;0.3125;0.625;0.9375;1.25;1.5625;1.875;2.1875;2.5;2.8125;3.125;3.4375;3.75;4.0625;4.375;4.6875;5;5.3125;5.625;5.9375;6.25;6.5625;6.875;7.1875;7.5;7.8125;8.125;8.4375;8.75;9.0625;9.375;9.6875;10","0;0;0;0;0;0;0;0;0;0;0;0;0;0;0;0;0;0;0;0;0;0;0;0;0;73;736;2714;5636;14281;22340;34809;35900;31679;20020;5962;997;212;1;0;0;0;0;0;0;0;0;0;0;0;0;0;0;0;0;0;0;0;0;0;0;0;0;0",175360
48,5,"LeakyReLULayer( 0.050000 )",post_activation,"-10;-9.6875;-9.375;-9.0625;-8.75;-8.4375;-8.125;-7.8125;-7.5;-7.1875;-6.875;-6.5625;-6.25;-5.9375;-5.625;-5.3125;-5;-4.6875;-4.375;-4.0625;-3.75;-3.4375;-3.125;-2.8125;-2.5;-2.1875;-1.875;-1.5625;-1.25;-0.9375;-0.625;-0.3125;0;0.3125;0.625;0.9375;1.25;1.5625;1.875;2.1875;2.5;2.8125;3.125;3.4375;3.75;4.0625;4.375;4.6875;5;5.3125;5.625;5.9375;6.25;6.5625;6.875;7.1875;7.5;7.8125;8.125;8.4375;8.75;9.0625;9.375;9.6875;10","0;0;0;0;0;0;0;0;0;0;0;0;0;0;0;0;0;0;0;0;0;0;0;0;0;0;0;0;0;0;0;80589;35900;31679;20020;5962;997;212;1;0;0;0;0;0;0;0;0;0;0;0;0;0;0;0;0;0;0;0;0;0;0;0;0;0",175360
48,7,"LeakyReLULayer( 0.050000 )",pre_activation,"-10;-9.6875;-9.375;-9.0625;-8.75;-8.4375;-8.125;-7.8125;-7.5;-7.1875;-6.875;-6.5625;-6.25;-5.9375;-5.625;-5.3125;-5;-4.6875;-4.375;-4.0625;-3.75;-3.4375;-3.125;-2.8125;-2.5;-2.1875;-1.875;-1.5625;-1.25;-0.9375;-0.625;-0.3125;0;0.3125;0.625;0.9375;1.25;1.5625;1.875;2.1875;2.5;2.8125;3.125;3.4375;3.75;4.0625;4.375;4.6875;5;5.3125;5.625;5.9375;6.25;6.5625;6.875;7.1875;7.5;7.8125;8.125;8.4375;8.75;9.0625;9.375;9.6875;10","0;0;0;0;0;0;0;0;0;0;0;0;0;0;0;0;0;0;0;0;0;0;0;0;0;0;126;526;2296;6243;16464;25277;20072;10716;3832;1555;452;119;2;0;0;0;0;0;0;0;0;0;0;0;0;0;0;0;0;0;0;0;0;0;0;0;0;0",87680
48,7,"LeakyReLULayer( 0.050000 )",post_activation,"-10;-9.6875;-9.375;-9.0625;-8.75;-8.4375;-8.125;-7.8125;-7.5;-7.1875;-6.875;-6.5625;-6.25;-5.9375;-5.625;-5.3125;-5;-4.6875;-4.375;-4.0625;-3.75;-3.4375;-3.125;-2.8125;-2.5;-2.1875;-1.875;-1.5625;-1.25;-0.9375;-0.625;-0.3125;0;0.3125;0.625;0.9375;1.25;1.5625;1.875;2.1875;2.5;2.8125;3.125;3.4375;3.75;4.0625;4.375;4.6875;5;5.3125;5.625;5.9375;6.25;6.5625;6.875;7.1875;7.5;7.8125;8.125;8.4375;8.75;9.0625;9.375;9.6875;10","0;0;0;0;0;0;0;0;0;0;0;0;0;0;0;0;0;0;0;0;0;0;0;0;0;0;0;0;0;0;0;50932;20072;10716;3832;1555;452;119;2;0;0;0;0;0;0;0;0;0;0;0;0;0;0;0;0;0;0;0;0;0;0;0;0;0",87680
49,1,"LeakyReLULayer( 0.050000 )",pre_activation,"-10;-9.6875;-9.375;-9.0625;-8.75;-8.4375;-8.125;-7.8125;-7.5;-7.1875;-6.875;-6.5625;-6.25;-5.9375;-5.625;-5.3125;-5;-4.6875;-4.375;-4.0625;-3.75;-3.4375;-3.125;-2.8125;-2.5;-2.1875;-1.875;-1.5625;-1.25;-0.9375;-0.625;-0.3125;0;0.3125;0.625;0.9375;1.25;1.5625;1.875;2.1875;2.5;2.8125;3.125;3.4375;3.75;4.0625;4.375;4.6875;5;5.3125;5.625;5.9375;6.25;6.5625;6.875;7.1875;7.5;7.8125;8.125;8.4375;8.75;9.0625;9.375;9.6875;10","0;0;0;0;0;0;0;0;0;0;0;0;0;0;0;0;0;0;0;0;61;575;1983;4873;9647;18863;42321;82884;149363;490146;1051583;3087902;3050959;1057363;478851;173114;101902;51626;9984;0;0;0;0;0;0;0;0;0;0;0;0;0;0;0;0;0;0;0;0;0;0;0;0;0",9864000
49,1,"LeakyReLULayer( 0.050000 )",post_activation,"-10;-9.6875;-9.375;-9.0625;-8.75;-8.4375;-8.125;-7.8125;-7.5;-7.1875;-6.875;-6.5625;-6.25;-5.9375;-5.625;-5.3125;-5;-4.6875;-4.375;-4.0625;-3.75;-3.4375;-3.125;-2.8125;-2.5;-2.1875;-1.875;-1.5625;-1.25;-0.9375;-0.625;-0.3125;0;0.3125;0.625;0.9375;1.25;1.5625;1.875;2.1875;2.5;2.8125;3.125;3.4375;3.75;4.0625;4.375;4.6875;5;5.3125;5.625;5.9375;6.25;6.5625;6.875;7.1875;7.5;7.8125;8.125;8.4375;8.75;9.0625;9.375;9.6875;10","0;0;0;0;0;0;0;0;0;0;0;0;0;0;0;0;0;0;0;0;0;0;0;0;0;0;0;0;0;0;0;4940201;3050959;1057363;478851;173114;101902;51626;9984;0;0;0;0;0;0;0;0;0;0;0;0;0;0;0;0;0;0;0;0;0;0;0;0;0",9864000
49,5,"LeakyReLULayer( 0.050000 )",pre_activation,"-10;-9.6875;-9.375;-9.0625;-8.75;-8.4375;-8.125;-7.8125;-7.5;-7.1875;-6.875;-6.5625;-6.25;-5.9375;-5.625;-5.3125;-5;-4.6875;-4.375;-4.0625;-3.75;-3.4375;-3.125;-2.8125;-2.5;-2.1875;-1.875;-1.5625;-1.25;-0.9375;-0.625;-0.3125;0;0.3125;0.625;0.9375;1.25;1.5625;1.875;2.1875;2.5;2.8125;3.125;3.4375;3.75;4.0625;4.375;4.6875;5;5.3125;5.625;5.9375;6.25;6.5625;6.875;7.1875;7.5;7.8125;8.125;8.4375;8.75;9.0625;9.375;9.6875;10","0;0;0;0;0;0;0;0;0;0;0;0;0;0;0;0;0;0;0;0;0;0;0;0;0;72;761;2748;5620;14218;22301;34766;35913;31647;20043;6011;1041;218;1;0;0;0;0;0;0;0;0;0;0;0;0;0;0;0;0;0;0;0;0;0;0;0;0;0",175360
49,5,"LeakyReLULayer( 0.050000 )",post_activation,"-10;-9.6875;-9.375;-9.0625;-8.75;-8.4375;-8.125;-7.8125;-7.5;-7.1875;-6.875;-6.5625;-6.25;-5.9375;-5.625;-5.3125;-5;-4.6875;-4.375;-4.0625;-3.75;-3.4375;-3.125;-2.8125;-2.5;-2.1875;-1.875;-1.5625;-1.25;-0.9375;-0.625;-0.3125;0;0.3125;0.625;0.9375;1.25;1.5625;1.875;2.1875;2.5;2.8125;3.125;3.4375;3.75;4.0625;4.375;4.6875;5;5.3125;5.625;5.9375;6.25;6.5625;6.875;7.1875;7.5;7.8125;8.125;8.4375;8.75;9.0625;9.375;9.6875;10","0;0;0;0;0;0;0;0;0;0;0;0;0;0;0;0;0;0;0;0;0;0;0;0;0;0;0;0;0;0;0;80486;35913;31647;20043;6011;1041;218;1;0;0;0;0;0;0;0;0;0;0;0;0;0;0;0;0;0;0;0;0;0;0;0;0;0",175360
49,7,"LeakyReLULayer( 0.050000 )",pre_activation,"-10;-9.6875;-9.375;-9.0625;-8.75;-8.4375;-8.125;-7.8125;-7.5;-7.1875;-6.875;-6.5625;-6.25;-5.9375;-5.625;-5.3125;-5;-4.6875;-4.375;-4.0625;-3.75;-3.4375;-3.125;-2.8125;-2.5;-2.1875;-1.875;-1.5625;-1.25;-0.9375;-0.625;-0.3125;0;0.3125;0.625;0.9375;1.25;1.5625;1.875;2.1875;2.5;2.8125;3.125;3.4375;3.75;4.0625;4.375;4.6875;5;5.3125;5.625;5.9375;6.25;6.5625;6.875;7.1875;7.5;7.8125;8.125;8.4375;8.75;9.0625;9.375;9.6875;10","0;0;0;0;0;0;0;0;0;0;0;0;0;0;0;0;0;0;0;0;0;0;0;0;0;0;126;529;2307;6254;16491;25224;19990;10670;3901;1591;473;121;3;0;0;0;0;0;0;0;0;0;0;0;0;0;0;0;0;0;0;0;0;0;0;0;0;0",87680
49,7,"LeakyReLULayer( 0.050000 )",post_activation,"-10;-9.6875;-9.375;-9.0625;-8.75;-8.4375;-8.125;-7.8125;-7.5;-7.1875;-6.875;-6.5625;-6.25;-5.9375;-5.625;-5.3125;-5;-4.6875;-4.375;-4.0625;-3.75;-3.4375;-3.125;-2.8125;-2.5;-2.1875;-1.875;-1.5625;-1.25;-0.9375;-0.625;-0.3125;0;0.3125;0.625;0.9375;1.25;1.5625;1.875;2.1875;2.5;2.8125;3.125;3.4375;3.75;4.0625;4.375;4.6875;5;5.3125;5.625;5.9375;6.25;6.5625;6.875;7.1875;7.5;7.8125;8.125;8.4375;8.75;9.0625;9.375;9.6875;10","0;0;0;0;0;0;0;0;0;0;0;0;0;0;0;0;0;0;0;0;0;0;0;0;0;0;0;0;0;0;0;50931;19990;10670;3901;1591;473;121;3;0;0;0;0;0;0;0;0;0;0;0;0;0;0;0;0;0;0;0;0;0;0;0;0;0",87680
50,1,"LeakyReLULayer( 0.050000 )",pre_activation,"-10;-9.6875;-9.375;-9.0625;-8.75;-8.4375;-8.125;-7.8125;-7.5;-7.1875;-6.875;-6.5625;-6.25;-5.9375;-5.625;-5.3125;-5;-4.6875;-4.375;-4.0625;-3.75;-3.4375;-3.125;-2.8125;-2.5;-2.1875;-1.875;-1.5625;-1.25;-0.9375;-0.625;-0.3125;0;0.3125;0.625;0.9375;1.25;1.5625;1.875;2.1875;2.5;2.8125;3.125;3.4375;3.75;4.0625;4.375;4.6875;5;5.3125;5.625;5.9375;6.25;6.5625;6.875;7.1875;7.5;7.8125;8.125;8.4375;8.75;9.0625;9.375;9.6875;10","0;0;0;0;0;0;0;0;0;0;0;0;0;0;0;0;0;0;0;0;61;574;1982;4869;9644;18856;42298;82874;149301;490108;1051624;3088002;3051097;1057456;478756;173046;101908;51576;9968;0;0;0;0;0;0;0;0;0;0;0;0;0;0;0;0;0;0;0;0;0;0;0;0;0",9864000
50,1,"LeakyReLULayer( 0.050000 )",post_activation,"-10;-9.6875;-9.375;-9.0625;-8.75;-8.4375;-8.125;-7.8125;-7.5;-7.1875;-6.875;-6.5625;-6.25;-5.9375;-5.625;-5.3125;-5;-4.6875;-4.375;-4.0625;-3.75;-3.4375;-3.125;-2.8125;-2.5;-2.1875;-1.875;-1.5625;-1.25;-0.9375;-0.625;-0.3125;0;0.3125;0.625;0.9375;1.25;1.5625;1.875;2.1875;2.5;2.8125;3.125;3.4375;3.75;4.0625;4.375;4.6875;5;5.3125;5.625;5.9375;6.25;6.5625;6.875;7.1875;7.5;7.8125;8.125;8.4375;8.75;9.0625;9.375;9.6875;10","0;0;0;0;0;0;0;0;0;0;0;0;0;0;0;0;0;0;0;0;0;0;0;0;0;0;0;0;0;0;0;4940193;3051097;1057456;478756;173046;101908;51576;9968;0;0;0;0;0;0;0;0;0;0;0;0;0;0;0;0;0;0;0;0;0;0;0;0;0",9864000
50,5,"LeakyReLULayer( 0.050000 )",pre_activation,"-10;-9.6875;-9.375;-9.0625;-8.75;-8.4375;-8.125;-7.8125;-7.5;-7.1875;-6.875;-6.5625;-6.25;-5.9375;-5.625;-5.3125;-5;-4.6875;-4.375;-4.0625;-3.75;-3.4375;-3.125;-2.8125;-2.5;-2.1875;-1.875;-1.5625;-1.25;-0.9375;-0.625;-0.3125;0;0.3125;0.625;0.9375;1.25;1.5625;1.875;2.1875;2.5;2.8125;3.125;3.4375;3.75;4.0625;4.375;4.6875;5;5.3125;5.625;5.9375;6.25;6.5625;6.875;7.1875;7.5;7.8125;8.125;8.4375;8.75;9.0625;9.375;9.6875;10","0;0;0;0;0;0;0;0;0;0;0;0;0;0;0;0;0;0;0;0;0;0;0;0;0;61;745;2729;5687;14227;22409;34845;35711;31675;19989;6035;1031;215;1;0;0;0;0;0;0;0;0;0;0;0;0;0;0;0;0;0;0;0;0;0;0;0;0;0",175360
50,5,"LeakyReLULayer( 0.050000 )",post_activation,"-10;-9.6875;-9.375;-9.0625;-8.75;-8.4375;-8.125;-7.8125;-7.5;-7.1875;-6.875;-6.5625;-6.25;-5.9375;-5.625;-5.3125;-5;-4.6875;-4.375;-4.0625;-3.75;-3.4375;-3.125;-2.8125;-2.5;-2.1875;-1.875;-1.5625;-1.25;-0.9375;-0.625;-0.3125;0;0.3125;0.625;0.9375;1.25;1.5625;1.875;2.1875;2.5;2.8125;3.125;3.4375;3.75;4.0625;4.375;4.6875;5;5.3125;5.625;5.9375;6.25;6.5625;6.875;7.1875;7.5;7.8125;8.125;8.4375;8.75;9.0625;9.375;9.6875;10","0;0;0;0;0;0;0;0;0;0;0;0;0;0;0;0;0;0;0;0;0;0;0;0;0;0;0;0;0;0;0;80703;35711;31675;19989;6035;1031;215;1;0;0;0;0;0;0;0;0;0;0;0;0;0;0;0;0;0;0;0;0;0;0;0;0;0",175360
50,7,"LeakyReLULayer( 0.050000 )",pre_activation,"-10;-9.6875;-9.375;-9.0625;-8.75;-8.4375;-8.125;-7.8125;-7.5;-7.1875;-6.875;-6.5625;-6.25;-5.9375;-5.625;-5.3125;-5;-4.6875;-4.375;-4.0625;-3.75;-3.4375;-3.125;-2.8125;-2.5;-2.1875;-1.875;-1.5625;-1.25;-0.9375;-0.625;-0.3125;0;0.3125;0.625;0.9375;1.25;1.5625;1.875;2.1875;2.5;2.8125;3.125;3.4375;3.75;4.0625;4.375;4.6875;5;5.3125;5.625;5.9375;6.25;6.5625;6.875;7.1875;7.5;7.8125;8.125;8.4375;8.75;9.0625;9.375;9.6875;10","0;0;0;0;0;0;0;0;0;0;0;0;0;0;0;0;0;0;0;0;0;0;0;0;0;0;127;525;2315;6284;16472;25293;19942;10666;3912;1556;466;120;2;0;0;0;0;0;0;0;0;0;0;0;0;0;0;0;0;0;0;0;0;0;0;0;0;0",87680
50,7,"LeakyReLULayer( 0.050000 )",post_activation,"-10;-9.6875;-9.375;-9.0625;-8.75;-8.4375;-8.125;-7.8125;-7.5;-7.1875;-6.875;-6.5625;-6.25;-5.9375;-5.625;-5.3125;-5;-4.6875;-4.375;-4.0625;-3.75;-3.4375;-3.125;-2.8125;-2.5;-2.1875;-1.875;-1.5625;-1.25;-0.9375;-0.625;-0.3125;0;0.3125;0.625;0.9375;1.25;1.5625;1.875;2.1875;2.5;2.8125;3.125;3.4375;3.75;4.0625;4.375;4.6875;5;5.3125;5.625;5.9375;6.25;6.5625;6.875;7.1875;7.5;7.8125;8.125;8.4375;8.75;9.0625;9.375;9.6875;10","0;0;0;0;0;0;0;0;0;0;0;0;0;0;0;0;0;0;0;0;0;0;0;0;0;0;0;0;0;0;0;51016;19942;10666;3912;1556;466;120;2;0;0;0;0;0;0;0;0;0;0;0;0;0;0;0;0;0;0;0;0;0;0;0;0;0",87680
51,1,"LeakyReLULayer( 0.050000 )",pre_activation,"-10;-9.6875;-9.375;-9.0625;-8.75;-8.4375;-8.125;-7.8125;-7.5;-7.1875;-6.875;-6.5625;-6.25;-5.9375;-5.625;-5.3125;-5;-4.6875;-4.375;-4.0625;-3.75;-3.4375;-3.125;-2.8125;-2.5;-2.1875;-1.875;-1.5625;-1.25;-0.9375;-0.625;-0.3125;0;0.3125;0.625;0.9375;1.25;1.5625;1.875;2.1875;2.5;2.8125;3.125;3.4375;3.75;4.0625;4.375;4.6875;5;5.3125;5.625;5.9375;6.25;6.5625;6.875;7.1875;7.5;7.8125;8.125;8.4375;8.75;9.0625;9.375;9.6875;10","0;0;0;0;0;0;0;0;0;0;0;0;0;0;0;0;0;0;0;0;61;575;1982;4877;9648;18850;42324;82871;149322;490145;1051652;3087886;3050975;1057479;478799;173049;101908;51611;9986;0;0;0;0;0;0;0;0;0;0;0;0;0;0;0;0;0;0;0;0;0;0;0;0;0",9864000
51,1,"LeakyReLULayer( 0.050000 )",post_activation,"-10;-9.6875;-9.375;-9.0625;-8.75;-8.4375;-8.125;-7.8125;-7.5;-7.1875;-6.875;-6.5625;-6.25;-5.9375;-5.625;-5.3125;-5;-4.6875;-4.375;-4.0625;-3.75;-3.4375;-3.125;-2.8125;-2.5;-2.1875;-1.875;-1.5625;-1.25;-0.9375;-0.625;-0.3125;0;0.3125;0.625;0.9375;1.25;1.5625;1.875;2.1875;2.5;2.8125;3.125;3.4375;3.75;4.0625;4.375;4.6875;5;5.3125;5.625;5.9375;6.25;6.5625;6.875;7.1875;7.5;7.8125;8.125;8.4375;8.75;9.0625;9.375;9.6875;10","0;0;0;0;0;0;0;0;0;0;0;0;0;0;0;0;0;0;0;0;0;0;0;0;0;0;0;0;0;0;0;4940193;3050975;1057479;478799;173049;101908;51611;9986;0;0;0;0;0;0;0;0;0;0;0;0;0;0;0;0;0;0;0;0;0;0;0;0;0",9864000
51,5,"LeakyReLULayer( 0.050000 )",pre_activation,"-10;-9.6875;-9.375;-9.0625;-8.75;-8.4375;-8.125;-7.8125;-7.5;-7.1875;-6.875;-6.5625;-6.25;-5.9375;-5.625;-5.3125;-5;-4.6875;-4.375;-4.0625;-3.75;-3.4375;-3.125;-2.8125;-2.5;-2.1875;-1.875;-1.5625;-1.25;-0.9375;-0.625;-0.3125;0;0.3125;0.625;0.9375;1.25;1.5625;1.875;2.1875;2.5;2.8125;3.125;3.4375;3.75;4.0625;4.375;4.6875;5;5.3125;5.625;5.9375;6.25;6.5625;6.875;7.1875;7.5;7.8125;8.125;8.4375;8.75;9.0625;9.375;9.6875;10","0;0;0;0;0;0;0;0;0;0;0;0;0;0;0;0;0;0;0;0;0;0;0;0;0;50;758;2754;5697;14230;22376;34770;35857;31618;19930;6061;1041;217;1;0;0;0;0;0;0;0;0;0;0;0;0;0;0;0;0;0;0;0;0;0;0;0;0;0",175360
51,5,"LeakyReLULayer( 0.050000 )",post_activation,"-10;-9.6875;-9.375;-9.0625;-8.75;-8.4375;-8.125;-7.8125;-7.5;-7.1875;-6.875;-6.5625;-6.25;-5.9375;-5.625;-5.3125;-5;-4.6875;-4.375;-4.0625;-3.75;-3.4375;-3.125;-2.8125;-2.5;-2.1875;-1.875;-1.5625;-1.25;-0.9375;-0.625;-0.3125;0;0.3125;0.625;0.9375;1.25;1.5625;1.875;2.1875;2.5;2.8125;3.125;3.4375;3.75;4.0625;4.375;4.6875;5;5.3125;5.625;5.9375;6.25;6.5625;6.875;7.1875;7.5;7.8125;8.125;8.4375;8.75;9.0625;9.375;9.6875;10","0;0;0;0;0;0;0;0;0;0;0;0;0;0;0;0;0;0;0;0;0;0;0;0;0;0;0;0;0;0;0;80635;35857;31618;19930;6061;1041;217;1;0;0;0;0;0;0;0;0;0;0;0;0;0;0;0;0;0;0;0;0;0;0;0;0;0",175360
51,7,"LeakyReLULayer( 0.050000 )",pre_activation,"-10;-9.6875;-9.375;-9.0625;-8.75;-8.4375;-8.125;-7.8125;-7.5;-7.1875;-6.875;-6.5625;-6.25;-5.9375;-5.625;-5.3125;-5;-4.6875;-4.375;-4.0625;-3.75;-3.4375;-3.125;-2.8125;-2.5;-2.1875;-1.875;-1.5625;-1.25;-0.9375;-0.625;-0.3125;0;0.3125;0.625;0.9375;1.25;1.5625;1.875;2.1875;2.5;2.8125;3.125;3.4375;3.75;4.0625;4.375;4.6875;5;5.3125;5.625;5.9375;6.25;6.5625;6.875;7.1875;7.5;7.8125;8.125;8.4375;8.75;9.0625;9.375;9.6875;10","0;0;0;0;0;0;0;0;0;0;0;0;0;0;0;0;0;0;0;0;0;0;0;0;0;0;122;530;2309;6307;16474;25274;19896;10696;3913;1571;464;120;4;0;0;0;0;0;0;0;0;0;0;0;0;0;0;0;0;0;0;0;0;0;0;0;0;0",87680
51,7,"LeakyReLULayer( 0.050000 )",post_activation,"-10;-9.6875;-9.375;-9.0625;-8.75;-8.4375;-8.125;-7.8125;-7.5;-7.1875;-6.875;-6.5625;-6.25;-5.9375;-5.625;-5.3125;-5;-4.6875;-4.375;-4.0625;-3.75;-3.4375;-3.125;-2.8125;-2.5;-2.1875;-1.875;-1.5625;-1.25;-0.9375;-0.625;-0.3125;0;0.3125;0.625;0.9375;1.25;1.5625;1.875;2.1875;2.5;2.8125;3.125;3.4375;3.75;4.0625;4.375;4.6875;5;5.3125;5.625;5.9375;6.25;6.5625;6.875;7.1875;7.5;7.8125;8.125;8.4375;8.75;9.0625;9.375;9.6875;10","0;0;0;0;0;0;0;0;0;0;0;0;0;0;0;0;0;0;0;0;0;0;0;0;0;0;0;0;0;0;0;51016;19896;10696;3913;1571;464;120;4;0;0;0;0;0;0;0;0;0;0;0;0;0;0;0;0;0;0;0;0;0;0;0;0;0",87680
52,1,"LeakyReLULayer( 0.050000 )",pre_activation,"-10;-9.6875;-9.375;-9.0625;-8.75;-8.4375;-8.125;-7.8125;-7.5;-7.1875;-6.875;-6.5625;-6.25;-5.9375;-5.625;-5.3125;-5;-4.6875;-4.375;-4.0625;-3.75;-3.4375;-3.125;-2.8125;-2.5;-2.1875;-1.875;-1.5625;-1.25;-0.9375;-0.625;-0.3125;0;0.3125;0.625;0.9375;1.25;1.5625;1.875;2.1875;2.5;2.8125;3.125;3.4375;3.75;4.0625;4.375;4.6875;5;5.3125;5.625;5.9375;6.25;6.5625;6.875;7.1875;7.5;7.8125;8.125;8.4375;8.75;9.0625;9.375;9.6875;10","0;0;0;0;0;0;0;0;0;0;0;0;0;0;0;0;0;0;0;0;61;575;1985;4876;9646;18858;42324;82873;149359;490208;1051683;3087734;3050809;1057568;478824;173092;101910;51633;9982;0;0;0;0;0;0;0;0;0;0;0;0;0;0;0;0;0;0;0;0;0;0;0;0;0",9864000
52,1,"LeakyReLULayer( 0.050000 )",post_activation,"-10;-9.6875;-9.375;-9.0625;-8.75;-8.4375;-8.125;-7.8125;-7.5;-7.1875;-6.875;-6.5625;-6.25;-5.9375;-5.625;-5.3125;-5;-4.6875;-4.375;-4.0625;-3.75;-3.4375;-3.125;-2.8125;-2.5;-2.1875;-1.875;-1.5625;-1.25;-0.9375;-0.625;-0.3125;0;0.3125;0.625;0.9375;1.25;1.5625;1.875;2.1875;2.5;2.8125;3.125;3.4375;3.75;4.0625;4.375;4.6875;5;5.3125;5.625;5.9375;6.25;6.5625;6.875;7.1875;7.5;7.8125;8.125;8.4375;8.75;9.0625;9.375;9.6875;10","0;0;0;0;0;0;0;0;0;0;0;0;0;0;0;0;0;0;0;0;0;0;0;0;0;0;0;0;0;0;0;4940182;3050809;1057568;478824;173092;101910;51633;9982;0;0;0;0;0;0;0;0;0;0;0;0;0;0;0;0;0;0;0;0;0;0;0;0;0",9864000
52,5,"LeakyReLULayer( 0.050000 )",pre_activation,"-10;-9.6875;-9.375;-9.0625;-8.75;-8.4375;-8.125;-7.8125;-7.5;-7.1875;-6.875;-6.5625;-6.25;-5.9375;-5.625;-5.3125;-5;-4.6875;-4.375;-4.0625;-3.75;-3.4375;-3.125;-2.8125;-2.5;-2.1875;-1.875;-1.5625;-1.25;-0.9375;-0.625;-0.3125;0;0.3125;0.625;0.9375;1.25;1.5625;1.875;2.1875;2.5;2.8125;3.125;3.4375;3.75;4.0625;4.375;4.6875;5;5.3125;5.625;5.9375;6.25;6.5625;6.875;7.1875;7.5;7.8125;8.125;8.4375;8.75;9.0625;9.375;9.6875;10","0;0;0;0;0;0;0;0;0;0;0;0;0;0;0;0;0;0;0;0;0;0;0;0;0;47;763;2760;5699;14205;22347;34824;35811;31597;19945;6104;1040;217;1;0;0;0;0;0;0;0;0;0;0;0;0;0;0;0;0;0;0;0;0;0;0;0;0;0",175360
52,5,"LeakyReLULayer( 0.050000 )",post_activation,"-10;-9.6875;-9.375;-9.0625;-8.75;-8.4375;-8.125;-7.8125;-7.5;-7.1875;-6.875;-6.5625;-6.25;-5.9375;-5.625;-5.3125;-5;-4.6875;-4.375;-4.0625;-3.75;-3.4375;-3.125;-2.8125;-2.5;-2.1875;-1.875;-1.5625;-1.25;-0.9375;-0.625;-0.3125;0;0.3125;0.625;0.9375;1.25;1.5625;1.875;2.1875;2.5;2.8125;3.125;3.4375;3.75;4.0625;4.375;4.6875;5;5.3125;5.625;5.9375;6.25;6.5625;6.875;7.1875;7.5;7.8125;8.125;8.4375;8.75;9.0625;9.375;9.6875;10","0;0;0;0;0;0;0;0;0;0;0;0;0;0;0;0;0;0;0;0;0;0;0;0;0;0;0;0;0;0;0;80645;35811;31597;19945;6104;1040;217;1;0;0;0;0;0;0;0;0;0;0;0;0;0;0;0;0;0;0;0;0;0;0;0;0;0",175360
52,7,"LeakyReLULayer( 0.050000 )",pre_activation,"-10;-9.6875;-9.375;-9.0625;-8.75;-8.4375;-8.125;-7.8125;-7.5;-7.1875;-6.875;-6.5625;-6.25;-5.9375;-5.625;-5.3125;-5;-4.6875;-4.375;-4.0625;-3.75;-3.4375;-3.125;-2.8125;-2.5;-2.1875;-1.875;-1.5625;-1.25;-0.9375;-0.625;-0.3125;0;0.3125;0.625;0.9375;1.25;1.5625;1.875;2.1875;2.5;2.8125;3.125;3.4375;3.75;4.0625;4.375;4.6875;5;5.3125;5.625;5.9375;6.25;6.5625;6.875;7.1875;7.5;7.8125;8.125;8.4375;8.75;9.0625;9.375;9.6875;10","0;0;0;0;0;0;0;0;0;0;0;0;0;0;0;0;0;0;0;0;0;0;0;0;0;0;127;525;2304;6336;16493;25194;19928;10670;3909;1599;471;119;5;0;0;0;0;0;0;0;0;0;0;0;0;0;0;0;0;0;0;0;0;0;0;0;0;0",87680
52,7,"LeakyReLULayer( 0.050000 )",post_activation,"-10;-9.6875;-9.375;-9.0625;-8.75;-8.4375;-8.125;-7.8125;-7.5;-7.1875;-6.875;-6.5625;-6.25;-5.9375;-5.625;-5.3125;-5;-4.6875;-4.375;-4.0625;-3.75;-3.4375;-3.125;-2.8125;-2.5;-2.1875;-1.875;-1.5625;-1.25;-0.9375;-0.625;-0.3125;0;0.3125;0.625;0.9375;1.25;1.5625;1.875;2.1875;2.5;2.8125;3.125;3.4375;3.75;4.0625;4.375;4.6875;5;5.3125;5.625;5.9375;6.25;6.5625;6.875;7.1875;7.5;7.8125;8.125;8.4375;8.75;9.0625;9.375;9.6875;10","0;0;0;0;0;0;0;0;0;0;0;0;0;0;0;0;0;0;0;0;0;0;0;0;0;0;0;0;0;0;0;50979;19928;10670;3909;1599;471;119;5;0;0;0;0;0;0;0;0;0;0;0;0;0;0;0;0;0;0;0;0;0;0;0;0;0",87680
53,1,"LeakyReLULayer( 0.050000 )",pre_activation,"-10;-9.6875;-9.375;-9.0625;-8.75;-8.4375;-8.125;-7.8125;-7.5;-7.1875;-6.875;-6.5625;-6.25;-5.9375;-5.625;-5.3125;-5;-4.6875;-4.375;-4.0625;-3.75;-3.4375;-3.125;-2.8125;-2.5;-2.1875;-1.875;-1.5625;-1.25;-0.9375;-0.625;-0.3125;0;0.3125;0.625;0.9375;1.25;1.5625;1.875;2.1875;2.5;2.8125;3.125;3.4375;3.75;4.0625;4.375;4.6875;5;5.3125;5.625;5.9375;6.25;6.5625;6.875;7.1875;7.5;7.8125;8.125;8.4375;8.75;9.0625;9.375;9.6875;10","0;0;0;0;0;0;0;0;0;0;0;0;0;0;0;0;0;0;0;0;61;573;1984;4869;9650;18852;42301;82878;149308;490119;1051672;3087937;3050971;1057547;478794;173018;101899;51596;9971;0;0;0;0;0;0;0;0;0;0;0;0;0;0;0;0;0;0;0;0;0;0;0;0;0",9864000
53,1,"LeakyReLULayer( 0.050000 )",post_activation,"-10;-9.6875;-9.375;-9.0625;-8.75;-8.4375;-8.125;-7.8125;-7.5;-7.1875;-6.875;-6.5625;-6.25;-5.9375;-5.625;-5.3125;-5;-4.6875;-4.375;-4.0625;-3.75;-3.4375;-3.125;-2.8125;-2.5;-2.1875;-1.875;-1.5625;-1.25;-0.9375;-0.625;-0.3125;0;0.3125;0.625;0.9375;1.25;1.5625;1.875;2.1875;2.5;2.8125;3.125;3.4375;3.75;4.0625;4.375;4.6875;5;5.3125;5.625;5.9375;6.25;6.5625;6.875;7.1875;7.5;7.8125;8.125;8.4375;8.75;9.0625;9.375;9.6875;10","0;0;0;0;0;0;0;0;0;0;0;0;0;0;0;0;0;0;0;0;0;0;0;0;0;0;0;0;0;0;0;4940204;3050971;1057547;478794;173018;101899;51596;9971;0;0;0;0;0;0;0;0;0;0;0;0;0;0;0;0;0;0;0;0;0;0;0;0;0",9864000
53,5,"LeakyReLULayer( 0.050000 )",pre_activation,"-10;-9.6875;-9.375;-9.0625;-8.75;-8.4375;-8.125;-7.8125;-7.5;-7.1875;-6.875;-6.5625;-6.25;-5.9375;-5.625;-5.3125;-5;-4.6875;-4.375;-4.0625;-3.75;-3.4375;-3.125;-2.8125;-2.5;-2.1875;-1.875;-1.5625;-1.25;-0.9375;-0.625;-0.3125;0;0.3125;0.625;0.9375;1.25;1.5625;1.875;2.1875;2.5;2.8125;3.125;3.4375;3.75;4.0625;4.375;4.6875;5;5.3125;5.625;5.9375;6.25;6.5625;6.875;7.1875;7.5;7.8125;8.125;8.4375;8.75;9.0625;9.375;9.6875;10","0;0;0;0;0;0;0;0;0;0;0;0;0;0;0;0;0;0;0;0;0;0;0;0;0;35;745;2743;5727;14274;22337;34726;35885;31656;19904;6076;1032;219;1;0;0;0;0;0;0;0;0;0;0;0;0;0;0;0;0;0;0;0;0;0;0;0;0;0",175360
53,5,"LeakyReLULayer( 0.050000 )",post_activation,"-10;-9.6875;-9.375;-9.0625;-8.75;-8.4375;-8.125;-7.8125;-7.5;-7.1875;-6.875;-6.5625;-6.25;-5.9375;-5.625;-5.3125;-5;-4.6875;-4.375;-4.0625;-3.75;-3.4375;-3.125;-2.8125;-2.5;-2.1875;-1.875;-1.5625;-1.25;-0.9375;-0.625;-0.3125;0;0.3125;0.625;0.9375;1.25;1.5625;1.875;2.1875;2.5;2.8125;3.125;3.4375;3.75;4.0625;4.375;4.6875;5;5.3125;5.625;5.9375;6.25;6.5625;6.875;7.1875;7.5;7.8125;8.125;8.4375;8.75;9.0625;9.375;9.6875;10","0;0;0;0;0;0;0;0;0;0;0;0;0;0;0;0;0;0;0;0;0;0;0;0;0;0;0;0;0;0;0;80587;35885;31656;19904;6076;1032;219;1;0;0;0;0;0;0;0;0;0;0;0;0;0;0;0;0;0;0;0;0;0;0;0;0;0",175360
53,7,"LeakyReLULayer( 0.050000 )",pre_activation,"-10;-9.6875;-9.375;-9.0625;-8.75;-8.4375;-8.125;-7.8125;-7.5;-7.1875;-6.875;-6.5625;-6.25;-5.9375;-5.625;-5.3125;-5;-4.6875;-4.375;-4.0625;-3.75;-3.4375;-3.125;-2.8125;-2.5;-2.1875;-1.875;-1.5625;-1.25;-0.9375;-0.625;-0.3125;0;0.3125;0.625;0.9375;1.25;1.5625;1.875;2.1875;2.5;2.8125;3.125;3.4375;3.75;4.0625;4.375;4.6875;5;5.3125;5.625;5.9375;6.25;6.5625;6.875;7.1875;7.5;7.8125;8.125;8.4375;8.75;9.0625;9.375;9.6875;10","0;0;0;0;0;0;0;0;0;0;0;0;0;0;0;0;0;0;0;0;0;0;0;0;0;0;123;525;2327;6283;16479;25238;19938;10668;3956;1554;464;120;5;0;0;0;0;0;0;0;0;0;0;0;0;0;0;0;0;0;0;0;0;0;0;0;0;0",87680
53,7,"LeakyReLULayer( 0.050000 )",post_activation,"-10;-9.6875;-9.375;-9.0625;-8.75;-8.4375;-8.125;-7.8125;-7.5;-7.1875;-6.875;-6.5625;-6.25;-5.9375;-5.625;-5.3125;-5;-4.6875;-4.375;-4.0625;-3.75;-3.4375;-3.125;-2.8125;-2.5;-2.1875;-1.875;-1.5625;-1.25;-0.9375;-0.625;-0.3125;0;0.3125;0.625;0.9375;1.25;1.5625;1.875;2.1875;2.5;2.8125;3.125;3.4375;3.75;4.0625;4.375;4.6875;5;5.3125;5.625;5.9375;6.25;6.5625;6.875;7.1875;7.5;7.8125;8.125;8.4375;8.75;9.0625;9.375;9.6875;10","0;0;0;0;0;0;0;0;0;0;0;0;0;0;0;0;0;0;0;0;0;0;0;0;0;0;0;0;0;0;0;50975;19938;10668;3956;1554;464;120;5;0;0;0;0;0;0;0;0;0;0;0;0;0;0;0;0;0;0;0;0;0;0;0;0;0",87680
54,1,"LeakyReLULayer( 0.050000 )",pre_activation,"-10;-9.6875;-9.375;-9.0625;-8.75;-8.4375;-8.125;-7.8125;-7.5;-7.1875;-6.875;-6.5625;-6.25;-5.9375;-5.625;-5.3125;-5;-4.6875;-4.375;-4.0625;-3.75;-3.4375;-3.125;-2.8125;-2.5;-2.1875;-1.875;-1.5625;-1.25;-0.9375;-0.625;-0.3125;0;0.3125;0.625;0.9375;1.25;1.5625;1.875;2.1875;2.5;2.8125;3.125;3.4375;3.75;4.0625;4.375;4.6875;5;5.3125;5.625;5.9375;6.25;6.5625;6.875;7.1875;7.5;7.8125;8.125;8.4375;8.75;9.0625;9.375;9.6875;10","0;0;0;0;0;0;0;0;0;0;0;0;0;0;0;0;0;0;0;0;61;575;1982;4872;9645;18852;42295;82871;149244;490149;1051742;3087918;3050944;1057684;478762;172945;101893;51594;9972;0;0;0;0;0;0;0;0;0;0;0;0;0;0;0;0;0;0;0;0;0;0;0;0;0",9864000
54,1,"LeakyReLULayer( 0.050000 )",post_activation,"-10;-9.6875;-9.375;-9.0625;-8.75;-8.4375;-8.125;-7.8125;-7.5;-7.1875;-6.875;-6.5625;-6.25;-5.9375;-5.625;-5.3125;-5;-4.6875;-4.375;-4.0625;-3.75;-3.4375;-3.125;-2.8125;-2.5;-2.1875;-1.875;-1.5625;-1.25;-0.9375;-0.625;-0.3125;0;0.3125;0.625;0.9375;1.25;1.5625;1.875;2.1875;2.5;2.8125;3.125;3.4375;3.75;4.0625;4.375;4.6875;5;5.3125;5.625;5.9375;6.25;6.5625;6.875;7.1875;7.5;7.8125;8.125;8.4375;8.75;9.0625;9.375;9.6875;10","0;0;0;0;0;0;0;0;0;0;0;0;0;0;0;0;0;0;0;0;0;0;0;0;0;0;0;0;0;0;0;4940206;3050944;1057684;478762;172945;101893;51594;9972;0;0;0;0;0;0;0;0;0;0;0;0;0;0;0;0;0;0;0;0;0;0;0;0;0",9864000
54,5,"LeakyReLULayer( 0.050000 )",pre_activation,"-10;-9.6875;-9.375;-9.0625;-8.75;-8.4375;-8.125;-7.8125;-7.5;-7.1875;-6.875;-6.5625;-6.25;-5.9375;-5.625;-5.3125;-5;-4.6875;-4.375;-4.0625;-3.75;-3.4375;-3.125;-2.8125;-2.5;-2.1875;-1.875;-1.5625;-1.25;-0.9375;-0.625;-0.3125;0;0.3125;0.625;0.9375;1.25;1.5625;1.875;2.1875;2.5;2.8125;3.125;3.4375;3.75;4.0625;4.375;4.6875;5;5.3125;5.625;5.9375;6.25;6.5625;6.875;7.1875;7.5;7.8125;8.125;8.4375;8.75;9.0625;9.375;9.6875;10","0;0;0;0;0;0;0;0;0;0;0;0;0;0;0;0;0;0;0;0;0;0;0;0;0;30;753;2758;5769;14256;22346;34711;35884;31623;19901;6064;1048;216;1;0;0;0;0;0;0;0;0;0;0;0;0;0;0;0;0;0;0;0;0;0;0;0;0;0",175360
54,5,"LeakyReLULayer( 0.050000 )",post_activation,"-10;-9.6875;-9.375;-9.0625;-8.75;-8.4375;-8.125;-7.8125;-7.5;-7.1875;-6.875;-6.5625;-6.25;-5.9375;-5.625;-5.3125;-5;-4.6875;-4.375;-4.0625;-3.75;-3.4375;-3.125;-2.8125;-2.5;-2.1875;-1.875;-1.5625;-1.25;-0.9375;-0.625;-0.3125;0;0.3125;0.625;0.9375;1.25;1.5625;1.875;2.1875;2.5;2.8125;3.125;3.4375;3.75;4.0625;4.375;4.6875;5;5.3125;5.625;5.9375;6.25;6.5625;6.875;7.1875;7.5;7.8125;8.125;8.4375;8.75;9.0625;9.375;9.6875;10","0;0;0;0;0;0;0;0;0;0;0;0;0;0;0;0;0;0;0;0;0;0;0;0;0;0;0;0;0;0;0;80623;35884;31623;19901;6064;1048;216;1;0;0;0;0;0;0;0;0;0;0;0;0;0;0;0;0;0;0;0;0;0;0;0;0;0",175360
54,7,"LeakyReLULayer( 0.050000 )",pre_activation,"-10;-9.6875;-9.375;-9.0625;-8.75;-8.4375;-8.125;-7.8125;-7.5;-7.1875;-6.875;-6.5625;-6.25;-5.9375;-5.625;-5.3125;-5;-4.6875;-4.375;-4.0625;-3.75;-3.4375;-3.125;-2.8125;-2.5;-2.1875;-1.875;-1.5625;-1.25;-0.9375;-0.625;-0.3125;0;0.3125;0.625;0.9375;1.25;1.5625;1.875;2.1875;2.5;2.8125;3.125;3.4375;3.75;4.0625;4.375;4.6875;5;5.3125;5.625;5.9375;6.25;6.5625;6.875;7.1875;7.5;7.8125;8.125;8.4375;8.75;9.0625;9.375;9.6875;10","0;0;0;0;0;0;0;0;0;0;0;0;0;0;0;0;0;0;0;0;0;0;0;0;0;0;121;530;2326;6299;16450;25289;19898;10669;3962;1547;466;120;3;0;0;0;0;0;0;0;0;0;0;0;0;0;0;0;0;0;0;0;0;0;0;0;0;0",87680
54,7,"LeakyReLULayer( 0.050000 )",post_activation,"-10;-9.6875;-9.375;-9.0625;-8.75;-8.4375;-8.125;-7.8125;-7.5;-7.1875;-6.875;-6.5625;-6.25;-5.9375;-5.625;-5.3125;-5;-4.6875;-4.375;-4.0625;-3.75;-3.4375;-3.125;-2.8125;-2.5;-2.1875;-1.875;-1.5625;-1.25;-0.9375;-0.625;-0.3125;0;0.3125;0.625;0.9375;1.25;1.5625;1.875;2.1875;2.5;2.8125;3.125;3.4375;3.75;4.0625;4.375;4.6875;5;5.3125;5.625;5.9375;6.25;6.5625;6.875;7.1875;7.5;7.8125;8.125;8.4375;8.75;9.0625;9.375;9.6875;10","0;0;0;0;0;0;0;0;0;0;0;0;0;0;0;0;0;0;0;0;0;0;0;0;0;0;0;0;0;0;0;51015;19898;10669;3962;1547;466;120;3;0;0;0;0;0;0;0;0;0;0;0;0;0;0;0;0;0;0;0;0;0;0;0;0;0",87680
55,1,"LeakyReLULayer( 0.050000 )",pre_activation,"-10;-9.6875;-9.375;-9.0625;-8.75;-8.4375;-8.125;-7.8125;-7.5;-7.1875;-6.875;-6.5625;-6.25;-5.9375;-5.625;-5.3125;-5;-4.6875;-4.375;-4.0625;-3.75;-3.4375;-3.125;-2.8125;-2.5;-2.1875;-1.875;-1.5625;-1.25;-0.9375;-0.625;-0.3125;0;0.3125;0.625;0.9375;1.25;1.5625;1.875;2.1875;2.5;2.8125;3.125;3.4375;3.75;4.0625;4.375;4.6875;5;5.3125;5.625;5.9375;6.25;6.5625;6.875;7.1875;7.5;7.8125;8.125;8.4375;8.75;9.0625;9.375;9.6875;10","0;0;0;0;0;0;0;0;0;0;0;0;0;0;0;0;0;0;0;0;61;575;1982;4876;9645;18852;42321;82856;149292;490241;1051786;3087670;3050767;1057743;478835;173005;101907;51603;9983;0;0;0;0;0;0;0;0;0;0;0;0;0;0;0;0;0;0;0;0;0;0;0;0;0",9864000
55,1,"LeakyReLULayer( 0.050000 )",post_activation,"-10;-9.6875;-9.375;-9.0625;-8.75;-8.4375;-8.125;-7.8125;-7.5;-7.1875;-6.875;-6.5625;-6.25;-5.9375;-5.625;-5.3125;-5;-4.6875;-4.375;-4.0625;-3.75;-3.4375;-3.125;-2.8125;-2.5;-2.1875;-1.875;-1.5625;-1.25;-0.9375;-0.625;-0.3125;0;0.3125;0.625;0.9375;1.25;1.5625;1.875;2.1875;2.5;2.8125;3.125;3.4375;3.75;4.0625;4.375;4.6875;5;5.3125;5.625;5.9375;6.25;6.5625;6.875;7.1875;7.5;7.8125;8.125;8.4375;8.75;9.0625;9.375;9.6875;10","0;0;0;0;0;0;0;0;0;0;0;0;0;0;0;0;0;0;0;0;0;0;0;0;0;0;0;0;0;0;0;4940157;3050767;1057743;478835;173005;101907;51603;9983;0;0;0;0;0;0;0;0;0;0;0;0;0;0;0;0;0;0;0;0;0;0;0;0;0",9864000
55,5,"LeakyReLULayer( 0.050000 )",pre_activation,"-10;-9.6875;-9.375;-9.0625;-8.75;-8.4375;-8.125;-7.8125;-7.5;-7.1875;-6.875;-6.5625;-6.25;-5.9375;-5.625;-5.3125;-5;-4.6875;-4.375;-4.0625;-3.75;-3.4375;-3.125;-2.8125;-2.5;-2.1875;-1.875;-1.5625;-1.25;-0.9375;-0.625;-0.3125;0;0.3125;0.625;0.9375;1.25;1.5625;1.875;2.1875;2.5;2.8125;3.125;3.4375;3.75;4.0625;4.375;4.6875;5;5.3125;5.625;5.9375;6.25;6.5625;6.875;7.1875;7.5;7.8125;8.125;8.4375;8.75;9.0625;9.375;9.6875;10","0;0;0;0;0;0;0;0;0;0;0;0;0;0;0;0;0;0;0;0;0;0;0;0;0;28;763;2745;5788;14156;22405;34797;35797;31561;19915;6132;1053;219;1;0;0;0;0;0;0;0;0;0;0;0;0;0;0;0;0;0;0;0;0;0;0;0;0;0",175360
55,5,"LeakyReLULayer( 0.050000 )",post_activation,"-10;-9.6875;-9.375;-9.0625;-8.75;-8.4375;-8.125;-7.8125;-7.5;-7.1875;-6.875;-6.5625;-6.25;-5.9375;-5.625;-5.3125;-5;-4.6875;-4.375;-4.0625;-3.75;-3.4375;-3.125;-2.8125;-2.5;-2.1875;-1.875;-1.5625;-1.25;-0.9375;-0.625;-0.3125;0;0.3125;0.625;0.9375;1.25;1.5625;1.875;2.1875;2.5;2.8125;3.125;3.4375;3.75;4.0625;4.375;4.6875;5;5.3125;5.625;5.9375;6.25;6.5625;6.875;7.1875;7.5;7.8125;8.125;8.4375;8.75;9.0625;9.375;9.6875;10","0;0;0;0;0;0;0;0;0;0;0;0;0;0;0;0;0;0;0;0;0;0;0;0;0;0;0;0;0;0;0;80682;35797;31561;19915;6132;1053;219;1;0;0;0;0;0;0;0;0;0;0;0;0;0;0;0;0;0;0;0;0;0;0;0;0;0",175360
55,7,"LeakyReLULayer( 0.050000 )",pre_activation,"-10;-9.6875;-9.375;-9.0625;-8.75;-8.4375;-8.125;-7.8125;-7.5;-7.1875;-6.875;-6.5625;-6.25;-5.9375;-5.625;-5.3125;-5;-4.6875;-4.375;-4.0625;-3.75;-3.4375;-3.125;-2.8125;-2.5;-2.1875;-1.875;-1.5625;-1.25;-0.9375;-0.625;-0.3125;0;0.3125;0.625;0.9375;1.25;1.5625;1.875;2.1875;2.5;2.8125;3.125;3.4375;3.75;4.0625;4.375;4.6875;5;5.3125;5.625;5.9375;6.25;6.5625;6.875;7.1875;7.5;7.8125;8.125;8.4375;8.75;9.0625;9.375;9.6875;10","0;0;0;0;0;0;0;0;0;0;0;0;0;0;0;0;0;0;0;0;0;0;0;0;0;0;130;526;2312;6344;16448;25221;19930;10616;3988;1572;469;119;5;0;0;0;0;0;0;0;0;0;0;0;0;0;0;0;0;0;0;0;0;0;0;0;0;0",87680
55,7,"LeakyReLULayer( 0.050000 )",post_activation,"-10;-9.6875;-9.375;-9.0625;-8.75;-8.4375;-8.125;-7.8125;-7.5;-7.1875;-6.875;-6.5625;-6.25;-5.9375;-5.625;-5.3125;-5;-4.6875;-4.375;-4.0625;-3.75;-3.4375;-3.125;-2.8125;-2.5;-2.1875;-1.875;-1.5625;-1.25;-0.9375;-0.625;-0.3125;0;0.3125;0.625;0.9375;1.25;1.5625;1.875;2.1875;2.5;2.8125;3.125;3.4375;3.75;4.0625;4.375;4.6875;5;5.3125;5.625;5.9375;6.25;6.5625;6.875;7.1875;7.5;7.8125;8.125;8.4375;8.75;9.0625;9.375;9.6875;10","0;0;0;0;0;0;0;0;0;0;0;0;0;0;0;0;0;0;0;0;0;0;0;0;0;0;0;0;0;0;0;50981;19930;10616;3988;1572;469;119;5;0;0;0;0;0;0;0;0;0;0;0;0;0;0;0;0;0;0;0;0;0;0;0;0;0",87680
56,1,"LeakyReLULayer( 0.050000 )",pre_activation,"-10;-9.6875;-9.375;-9.0625;-8.75;-8.4375;-8.125;-7.8125;-7.5;-7.1875;-6.875;-6.5625;-6.25;-5.9375;-5.625;-5.3125;-5;-4.6875;-4.375;-4.0625;-3.75;-3.4375;-3.125;-2.8125;-2.5;-2.1875;-1.875;-1.5625;-1.25;-0.9375;-0.625;-0.3125;0;0.3125;0.625;0.9375;1.25;1.5625;1.875;2.1875;2.5;2.8125;3.125;3.4375;3.75;4.0625;4.375;4.6875;5;5.3125;5.625;5.9375;6.25;6.5625;6.875;7.1875;7.5;7.8125;8.125;8.4375;8.75;9.0625;9.375;9.6875;10","0;0;0;0;0;0;0;0;0;0;0;0;0;0;0;0;0;0;0;0;61;575;1984;4876;9649;18858;42319;82859;149295;490263;1051812;3087603;3050684;1057783;478863;173010;101891;51623;9992;0;0;0;0;0;0;0;0;0;0;0;0;0;0;0;0;0;0;0;0;0;0;0;0;0",9864000
56,1,"LeakyReLULayer( 0.050000 )",post_activation,"-10;-9.6875;-9.375;-9.0625;-8.75;-8.4375;-8.125;-7.8125;-7.5;-7.1875;-6.875;-6.5625;-6.25;-5.9375;-5.625;-5.3125;-5;-4.6875;-4.375;-4.0625;-3.75;-3.4375;-3.125;-2.8125;-2.5;-2.1875;-1.875;-1.5625;-1.25;-0.9375;-0.625;-0.3125;0;0.3125;0.625;0.9375;1.25;1.5625;1.875;2.1875;2.5;2.8125;3.125;3.4375;3.75;4.0625;4.375;4.6875;5;5.3125;5.625;5.9375;6.25;6.5625;6.875;7.1875;7.5;7.8125;8.125;8.4375;8.75;9.0625;9.375;9.6875;10","0;0;0;0;0;0;0;0;0;0;0;0;0;0;0;0;0;0;0;0;0;0;0;0;0;0;0;0;0;0;0;4940154;3050684;1057783;478863;173010;101891;51623;9992;0;0;0;0;0;0;0;0;0;0;0;0;0;0;0;0;0;0;0;0;0;0;0;0;0",9864000
56,5,"LeakyReLULayer( 0.050000 )",pre_activation,"-10;-9.6875;-9.375;-9.0625;-8.75;-8.4375;-8.125;-7.8125;-7.5;-7.1875;-6.875;-6.5625;-6.25;-5.9375;-5.625;-5.3125;-5;-4.6875;-4.375;-4.0625;-3.75;-3.4375;-3.125;-2.8125;-2.5;-2.1875;-1.875;-1.5625;-1.25;-0.9375;-0.625;-0.3125;0;0.3125;0.625;0.9375;1.25;1.5625;1.875;2.1875;2.5;2.8125;3.125;3.4375;3.75;4.0625;4.375;4.6875;5;5.3125;5.625;5.9375;6.25;6.5625;6.875;7.1875;7.5;7.8125;8.125;8.4375;8.75;9.0625;9.375;9.6875;10","0;0;0;0;0;0;0;0;0;0;0;0;0;0;0;0;0;0;0;0;0;0;0;0;0;29;766;2763;5762;14170;22324;34641;35902;31676;19917;6126;1061;222;1;0;0;0;0;0;0;0;0;0;0;0;0;0;0;0;0;0;0;0;0;0;0;0;0;0",175360
56,5,"LeakyReLULayer( 0.050000 )",post_activation,"-10;-9.6875;-9.375;-9.0625;-8.75;-8.4375;-8.125;-7.8125;-7.5;-7.1875;-6.875;-6.5625;-6.25;-5.9375;-5.625;-5.3125;-5;-4.6875;-4.375;-4.0625;-3.75;-3.4375;-3.125;-2.8125;-2.5;-2.1875;-1.875;-1.5625;-1.25;-0.9375;-0.625;-0.3125;0;0.3125;0.625;0.9375;1.25;1.5625;1.875;2.1875;2.5;2.8125;3.125;3.4375;3.75;4.0625;4.375;4.6875;5;5.3125;5.625;5.9375;6.25;6.5625;6.875;7.1875;7.5;7.8125;8.125;8.4375;8.75;9.0625;9.375;9.6875;10","0;0;0;0;0;0;0;0;0;0;0;0;0;0;0;0;0;0;0;0;0;0;0;0;0;0;0;0;0;0;0;80455;35902;31676;19917;6126;1061;222;1;0;0;0;0;0;0;0;0;0;0;0;0;0;0;0;0;0;0;0;0;0;0;0;0;0",175360
56,7,"LeakyReLULayer( 0.050000 )",pre_activation,"-10;-9.6875;-9.375;-9.0625;-8.75;-8.4375;-8.125;-7.8125;-7.5;-7.1875;-6.875;-6.5625;-6.25;-5.9375;-5.625;-5.3125;-5;-4.6875;-4.375;-4.0625;-3.75;-3.4375;-3.125;-2.8125;-2.5;-2.1875;-1.875;-1.5625;-1.25;-0.9375;-0.625;-0.3125;0;0.3125;0.625;0.9375;1.25;1.5625;1.875;2.1875;2.5;2.8125;3.125;3.4375;3.75;4.0625;4.375;4.6875;5;5.3125;5.625;5.9375;6.25;6.5625;6.875;7.1875;7.5;7.8125;8.125;8.4375;8.75;9.0625;9.375;9.6875;10","0;0;0;0;0;0;0;0;0;0;0;0;0;0;0;0;0;0;0;0;0;0;0;0;0;0;128;527;2326;6266;16561;25187;19871;10651;3990;1564;486;117;6;0;0;0;0;0;0;0;0;0;0;0;0;0;0;0;0;0;0;0;0;0;0;0;0;0",87680
56,7,"LeakyReLULayer( 0.050000 )",post_activation,"-10;-9.6875;-9.375;-9.0625;-8.75;-8.4375;-8.125;-7.8125;-7.5;-7.1875;-6.875;-6.5625;-6.25;-5.9375;-5.625;-5.3125;-5;-4.6875;-4.375;-4.0625;-3.75;-3.4375;-3.125;-2.8125;-2.5;-2.1875;-1.875;-1.5625;-1.25;-0.9375;-0.625;-0.3125;0;0.3125;0.625;0.9375;1.25;1.5625;1.875;2.1875;2.5;2.8125;3.125;3.4375;3.75;4.0625;4.375;4.6875;5;5.3125;5.625;5.9375;6.25;6.5625;6.875;7.1875;7.5;7.8125;8.125;8.4375;8.75;9.0625;9.375;9.6875;10","0;0;0;0;0;0;0;0;0;0;0;0;0;0;0;0;0;0;0;0;0;0;0;0;0;0;0;0;0;0;0;50995;19871;10651;3990;1564;486;117;6;0;0;0;0;0;0;0;0;0;0;0;0;0;0;0;0;0;0;0;0;0;0;0;0;0",87680
57,1,"LeakyReLULayer( 0.050000 )",pre_activation,"-10;-9.6875;-9.375;-9.0625;-8.75;-8.4375;-8.125;-7.8125;-7.5;-7.1875;-6.875;-6.5625;-6.25;-5.9375;-5.625;-5.3125;-5;-4.6875;-4.375;-4.0625;-3.75;-3.4375;-3.125;-2.8125;-2.5;-2.1875;-1.875;-1.5625;-1.25;-0.9375;-0.625;-0.3125;0;0.3125;0.625;0.9375;1.25;1.5625;1.875;2.1875;2.5;2.8125;3.125;3.4375;3.75;4.0625;4.375;4.6875;5;5.3125;5.625;5.9375;6.25;6.5625;6.875;7.1875;7.5;7.8125;8.125;8.4375;8.75;9.0625;9.375;9.6875;10","0;0;0;0;0;0;0;0;0;0;0;0;0;0;0;0;0;0;0;0;61;575;1982;4873;9648;18853;42310;82859;149277;490244;1051802;3087676;3050690;1057858;478857;172951;101897;51604;9983;0;0;0;0;0;0;0;0;0;0;0;0;0;0;0;0;0;0;0;0;0;0;0;0;0",9864000
57,1,"LeakyReLULayer( 0.050000 )",post_activation,"-10;-9.6875;-9.375;-9.0625;-8.75;-8.4375;-8.125;-7.8125;-7.5;-7.1875;-6.875;-6.5625;-6.25;-5.9375;-5.625;-5.3125;-5;-4.6875;-4.375;-4.0625;-3.75;-3.4375;-3.125;-2.8125;-2.5;-2.1875;-1.875;-1.5625;-1.25;-0.9375;-0.625;-0.3125;0;0.3125;0.625;0.9375;1.25;1.5625;1.875;2.1875;2.5;2.8125;3.125;3.4375;3.75;4.0625;4.375;4.6875;5;5.3125;5.625;5.9375;6.25;6.5625;6.875;7.1875;7.5;7.8125;8.125;8.4375;8.75;9.0625;9.375;9.6875;10","0;0;0;0;0;0;0;0;0;0;0;0;0;0;0;0;0;0;0;0;0;0;0;0;0;0;0;0;0;0;0;4940160;3050690;1057858;478857;172951;101897;51604;9983;0;0;0;0;0;0;0;0;0;0;0;0;0;0;0;0;0;0;0;0;0;0;0;0;0",9864000
57,5,"LeakyReLULayer( 0.050000 )",pre_activation,"-10;-9.6875;-9.375;-9.0625;-8.75;-8.4375;-8.125;-7.8125;-7.5;-7.1875;-6.875;-6.5625;-6.25;-5.9375;-5.625;-5.3125;-5;-4.6875;-4.375;-4.0625;-3.75;-3.4375;-3.125;-2.8125;-2.5;-2.1875;-1.875;-1.5625;-1.25;-0.9375;-0.625;-0.3125;0;0.3125;0.625;0.9375;1.25;1.5625;1.875;2.1875;2.5;2.8125;3.125;3.4375;3.75;4.0625;4.375;4.6875;5;5.3125;5.625;5.9375;6.25;6.5625;6.875;7.1875;7.5;7.8125;8.125;8.4375;8.75;9.0625;9.375;9.6875;10","0;0;0;0;0;0;0;0;0;0;0;0;0;0;0;0;0;0;0;0;0;0;0;0;0;24;765;2759;5790;14126;22377;34685;35884;31605;19950;6119;1054;221;1;0;0;0;0;0;0;0;0;0;0;0;0;0;0;0;0;0;0;0;0;0;0;0;0;0",175360
57,5,"LeakyReLULayer( 0.050000 )",post_activation,"-10;-9.6875;-9.375;-9.0625;-8.75;-8.4375;-8.125;-7.8125;-7.5;-7.1875;-6.875;-6.5625;-6.25;-5.9375;-5.625;-5.3125;-5;-4.6875;-4.375;-4.0625;-3.75;-3.4375;-3.125;-2.8125;-2.5;-2.1875;-1.875;-1.5625;-1.25;-0.9375;-0.625;-0.3125;0;0.3125;0.625;0.9375;1.25;1.5625;1.875;2.1875;2.5;2.8125;3.125;3.4375;3.75;4.0625;4.375;4.6875;5;5.3125;5.625;5.9375;6.25;6.5625;6.875;7.1875;7.5;7.8125;8.125;8.4375;8.75;9.0625;9.375;9.6875;10","0;0;0;0;0;0;0;0;0;0;0;0;0;0;0;0;0;0;0;0;0;0;0;0;0;0;0;0;0;0;0;80526;35884;31605;19950;6119;1054;221;1;0;0;0;0;0;0;0;0;0;0;0;0;0;0;0;0;0;0;0;0;0;0;0;0;0",175360
57,7,"LeakyReLULayer( 0.050000 )",pre_activation,"-10;-9.6875;-9.375;-9.0625;-8.75;-8.4375;-8.125;-7.8125;-7.5;-7.1875;-6.875;-6.5625;-6.25;-5.9375;-5.625;-5.3125;-5;-4.6875;-4.375;-4.0625;-3.75;-3.4375;-3.125;-2.8125;-2.5;-2.1875;-1.875;-1.5625;-1.25;-0.9375;-0.625;-0.3125;0;0.3125;0.625;0.9375;1.25;1.5625;1.875;2.1875;2.5;2.8125;3.125;3.4375;3.75;4.0625;4.375;4.6875;5;5.3125;5.625;5.9375;6.25;6.5625;6.875;7.1875;7.5;7.8125;8.125;8.4375;8.75;9.0625;9.375;9.6875;10","0;0;0;0;0;0;0;0;0;0;0;0;0;0;0;0;0;0;0;0;0;0;0;0;0;0;129;524;2321;6344;16501;25184;19873;10644;4001;1554;482;118;5;0;0;0;0;0;0;0;0;0;0;0;0;0;0;0;0;0;0;0;0;0;0;0;0;0",87680
57,7,"LeakyReLULayer( 0.050000 )",post_activation,"-10;-9.6875;-9.375;-9.0625;-8.75;-8.4375;-8.125;-7.8125;-7.5;-7.1875;-6.875;-6.5625;-6.25;-5.9375;-5.625;-5.3125;-5;-4.6875;-4.375;-4.0625;-3.75;-3.4375;-3.125;-2.8125;-2.5;-2.1875;-1.875;-1.5625;-1.25;-0.9375;-0.625;-0.3125;0;0.3125;0.625;0.9375;1.25;1.5625;1.875;2.1875;2.5;2.8125;3.125;3.4375;3.75;4.0625;4.375;4.6875;5;5.3125;5.625;5.9375;6.25;6.5625;6.875;7.1875;7.5;7.8125;8.125;8.4375;8.75;9.0625;9.375;9.6875;10","0;0;0;0;0;0;0;0;0;0;0;0;0;0;0;0;0;0;0;0;0;0;0;0;0;0;0;0;0;0;0;51003;19873;10644;4001;1554;482;118;5;0;0;0;0;0;0;0;0;0;0;0;0;0;0;0;0;0;0;0;0;0;0;0;0;0",87680
58,1,"LeakyReLULayer( 0.050000 )",pre_activation,"-10;-9.6875;-9.375;-9.0625;-8.75;-8.4375;-8.125;-7.8125;-7.5;-7.1875;-6.875;-6.5625;-6.25;-5.9375;-5.625;-5.3125;-5;-4.6875;-4.375;-4.0625;-3.75;-3.4375;-3.125;-2.8125;-2.5;-2.1875;-1.875;-1.5625;-1.25;-0.9375;-0.625;-0.3125;0;0.3125;0.625;0.9375;1.25;1.5625;1.875;2.1875;2.5;2.8125;3.125;3.4375;3.75;4.0625;4.375;4.6875;5;5.3125;5.625;5.9375;6.25;6.5625;6.875;7.1875;7.5;7.8125;8.125;8.4375;8.75;9.0625;9.375;9.6875;10","0;0;0;0;0;0;0;0;0;0;0;0;0;0;0;0;0;0;0;0;61;575;1981;4877;9648;18852;42301;82858;149226;490201;1051814;3087778;3050801;1057837;478793;172904;101893;51614;9986;0;0;0;0;0;0;0;0;0;0;0;0;0;0;0;0;0;0;0;0;0;0;0;0;0",9864000
58,1,"LeakyReLULayer( 0.050000 )",post_activation,"-10;-9.6875;-9.375;-9.0625;-8.75;-8.4375;-8.125;-7.8125;-7.5;-7.1875;-6.875;-6.5625;-6.25;-5.9375;-5.625;-5.3125;-5;-4.6875;-4.375;-4.0625;-3.75;-3.4375;-3.125;-2.8125;-2.5;-2.1875;-1.875;-1.5625;-1.25;-0.9375;-0.625;-0.3125;0;0.3125;0.625;0.9375;1.25;1.5625;1.875;2.1875;2.5;2.8125;3.125;3.4375;3.75;4.0625;4.375;4.6875;5;5.3125;5.625;5.9375;6.25;6.5625;6.875;7.1875;7.5;7.8125;8.125;8.4375;8.75;9.0625;9.375;9.6875;10","0;0;0;0;0;0;0;0;0;0;0;0;0;0;0;0;0;0;0;0;0;0;0;0;0;0;0;0;0;0;0;4940172;3050801;1057837;478793;172904;101893;51614;9986;0;0;0;0;0;0;0;0;0;0;0;0;0;0;0;0;0;0;0;0;0;0;0;0;0",9864000
58,5,"LeakyReLULayer( 0.050000 )",pre_activation,"-10;-9.6875;-9.375;-9.0625;-8.75;-8.4375;-8.125;-7.8125;-7.5;-7.1875;-6.875;-6.5625;-6.25;-5.9375;-5.625;-5.3125;-5;-4.6875;-4.375;-4.0625;-3.75;-3.4375;-3.125;-2.8125;-2.5;-2.1875;-1.875;-1.5625;-1.25;-0.9375;-0.625;-0.3125;0;0.3125;0.625;0.9375;1.25;1.5625;1.875;2.1875;2.5;2.8125;3.125;3.4375;3.75;4.0625;4.375;4.6875;5;5.3125;5.625;5.9375;6.25;6.5625;6.875;7.1875;7.5;7.8125;8.125;8.4375;8.75;9.0625;9.375;9.6875;10","0;0;0;0;0;0;0;0;0;0;0;0;0;0;0;0;0;0;0;0;0;0;0;0;0;18;756;2785;5820;14196;22256;34705;35920;31608;19911;6107;1056;221;1;0;0;0;0;0;0;0;0;0;0;0;0;0;0;0;0;0;0;0;0;0;0;0;0;0",175360
58,5,"LeakyReLULayer( 0.050000 )",post_activation,"-10;-9.6875;-9.375;-9.0625;-8.75;-8.4375;-8.125;-7.8125;-7.5;-7.1875;-6.875;-6.5625;-6.25;-5.9375;-5.625;-5.3125;-5;-4.6875;-4.375;-4.0625;-3.75;-3.4375;-3.125;-2.8125;-2.5;-2.1875;-1.875;-1.5625;-1.25;-0.9375;-0.625;-0.3125;0;0.3125;0.625;0.9375;1.25;1.5625;1.875;2.1875;2.5;2.8125;3.125;3.4375;3.75;4.0625;4.375;4.6875;5;5.3125;5.625;5.9375;6.25;6.5625;6.875;7.1875;7.5;7.8125;8.125;8.4375;8.75;9.0625;9.375;9.6875;10","0;0;0;0;0;0;0;0;0;0;0;0;0;0;0;0;0;0;0;0;0;0;0;0;0;0;0;0;0;0;0;80536;35920;31608;19911;6107;1056;221;1;0;0;0;0;0;0;0;0;0;0;0;0;0;0;0;0;0;0;0;0;0;0;0;0;0",175360
58,7,"LeakyReLULayer( 0.050000 )",pre_activation,"-10;-9.6875;-9.375;-9.0625;-8.75;-8.4375;-8.125;-7.8125;-7.5;-7.1875;-6.875;-6.5625;-6.25;-5.9375;-5.625;-5.3125;-5;-4.6875;-4.375;-4.0625;-3.75;-3.4375;-3.125;-2.8125;-2.5;-2.1875;-1.875;-1.5625;-1.25;-0.9375;-0.625;-0.3125;0;0.3125;0.625;0.9375;1.25;1.5625;1.875;2.1875;2.5;2.8125;3.125;3.4375;3.75;4.0625;4.375;4.6875;5;5.3125;5.625;5.9375;6.25;6.5625;6.875;7.1875;7.5;7.8125;8.125;8.4375;8.75;9.0625;9.375;9.6875;10","0;0;0;0;0;0;0;0;0;0;0;0;0;0;0;0;0;0;0;0;0;0;0;0;0;0;130;522;2315;6347;16492;25273;19786;10683;3997;1539;474;118;4;0;0;0;0;0;0;0;0;0;0;0;0;0;0;0;0;0;0;0;0;0;0;0;0;0",87680
58,7,"LeakyReLULayer( 0.050000 )",post_activation,"-10;-9.6875;-9.375;-9.0625;-8.75;-8.4375;-8.125;-7.8125;-7.5;-7.1875;-6.875;-6.5625;-6.25;-5.9375;-5.625;-5.3125;-5;-4.6875;-4.375;-4.0625;-3.75;-3.4375;-3.125;-2.8125;-2.5;-2.1875;-1.875;-1.5625;-1.25;-0.9375;-0.625;-0.3125;0;0.3125;0.625;0.9375;1.25;1.5625;1.875;2.1875;2.5;2.8125;3.125;3.4375;3.75;4.0625;4.375;4.6875;5;5.3125;5.625;5.9375;6.25;6.5625;6.875;7.1875;7.5;7.8125;8.125;8.4375;8.75;9.0625;9.375;9.6875;10","0;0;0;0;0;0;0;0;0;0;0;0;0;0;0;0;0;0;0;0;0;0;0;0;0;0;0;0;0;0;0;51079;19786;10683;3997;1539;474;118;4;0;0;0;0;0;0;0;0;0;0;0;0;0;0;0;0;0;0;0;0;0;0;0;0;0",87680
59,1,"LeakyReLULayer( 0.050000 )",pre_activation,"-10;-9.6875;-9.375;-9.0625;-8.75;-8.4375;-8.125;-7.8125;-7.5;-7.1875;-6.875;-6.5625;-6.25;-5.9375;-5.625;-5.3125;-5;-4.6875;-4.375;-4.0625;-3.75;-3.4375;-3.125;-2.8125;-2.5;-2.1875;-1.875;-1.5625;-1.25;-0.9375;-0.625;-0.3125;0;0.3125;0.625;0.9375;1.25;1.5625;1.875;2.1875;2.5;2.8125;3.125;3.4375;3.75;4.0625;4.375;4.6875;5;5.3125;5.625;5.9375;6.25;6.5625;6.875;7.1875;7.5;7.8125;8.125;8.4375;8.75;9.0625;9.375;9.6875;10","0;0;0;0;0;0;0;0;0;0;0;0;0;0;0;0;0;0;0;0;61;575;1983;4874;9653;18852;42313;82838;149239;490122;1051752;3087915;3050928;1057757;478727;172914;101893;51613;9991;0;0;0;0;0;0;0;0;0;0;0;0;0;0;0;0;0;0;0;0;0;0;0;0;0",9864000
59,1,"LeakyReLULayer( 0.050000 )",post_activation,"-10;-9.6875;-9.375;-9.0625;-8.75;-8.4375;-8.125;-7.8125;-7.5;-7.1875;-6.875;-6.5625;-6.25;-5.9375;-5.625;-5.3125;-5;-4.6875;-4.375;-4.0625;-3.75;-3.4375;-3.125;-2.8125;-2.5;-2.1875;-1.875;-1.5625;-1.25;-0.9375;-0.625;-0.3125;0;0.3125;0.625;0.9375;1.25;1.5625;1.875;2.1875;2.5;2.8125;3.125;3.4375;3.75;4.0625;4.375;4.6875;5;5.3125;5.625;5.9375;6.25;6.5625;6.875;7.1875;7.5;7.8125;8.125;8.4375;8.75;9.0625;9.375;9.6875;10","0;0;0;0;0;0;0;0;0;0;0;0;0;0;0;0;0;0;0;0;0;0;0;0;0;0;0;0;0;0;0;4940177;3050928;1057757;478727;172914;101893;51613;9991;0;0;0;0;0;0;0;0;0;0;0;0;0;0;0;0;0;0;0;0;0;0;0;0;0",9864000
59,5,"LeakyReLULayer( 0.050000 )",pre_activation,"-10;-9.6875;-9.375;-9.0625;-8.75;-8.4375;-8.125;-7.8125;-7.5;-7.1875;-6.875;-6.5625;-6.25;-5.9375;-5.625;-5.3125;-5;-4.6875;-4.375;-4.0625;-3.75;-3.4375;-3.125;-2.8125;-2.5;-2.1875;-1.875;-1.5625;-1.25;-0.9375;-0.625;-0.3125;0;0.3125;0.625;0.9375;1.25;1.5625;1.875;2.1875;2.5;2.8125;3.125;3.4375;3.75;4.0625;4.375;4.6875;5;5.3125;5.625;5.9375;6.25;6.5625;6.875;7.1875;7.5;7.8125;8.125;8.4375;8.75;9.0625;9.375;9.6875;10","0;0;0;0;0;0;0;0;0;0;0;0;0;0;0;0;0;0;0;0;0;0;0;0;0;6;754;2786;5774;14293;22388;34560;35974;31553;19847;6150;1056;218;1;0;0;0;0;0;0;0;0;0;0;0;0;0;0;0;0;0;0;0;0;0;0;0;0;0",175360
59,5,"LeakyReLULayer( 0.050000 )",post_activation,"-10;-9.6875;-9.375;-9.0625;-8.75;-8.4375;-8.125;-7.8125;-7.5;-7.1875;-6.875;-6.5625;-6.25;-5.9375;-5.625;-5.3125;-5;-4.6875;-4.375;-4.0625;-3.75;-3.4375;-3.125;-2.8125;-2.5;-2.1875;-1.875;-1.5625;-1.25;-0.9375;-0.625;-0.3125;0;0.3125;0.625;0.9375;1.25;1.5625;1.875;2.1875;2.5;2.8125;3.125;3.4375;3.75;4.0625;4.375;4.6875;5;5.3125;5.625;5.9375;6.25;6.5625;6.875;7.1875;7.5;7.8125;8.125;8.4375;8.75;9.0625;9.375;9.6875;10","0;0;0;0;0;0;0;0;0;0;0;0;0;0;0;0;0;0;0;0;0;0;0;0;0;0;0;0;0;0;0;80561;35974;31553;19847;6150;1056;218;1;0;0;0;0;0;0;0;0;0;0;0;0;0;0;0;0;0;0;0;0;0;0;0;0;0",175360
59,7,"LeakyReLULayer( 0.050000 )",pre_activation,"-10;-9.6875;-9.375;-9.0625;-8.75;-8.4375;-8.125;-7.8125;-7.5;-7.1875;-6.875;-6.5625;-6.25;-5.9375;-5.625;-5.3125;-5;-4.6875;-4.375;-4.0625;-3.75;-3.4375;-3.125;-2.8125;-2.5;-2.1875;-1.875;-1.5625;-1.25;-0.9375;-0.625;-0.3125;0;0.3125;0.625;0.9375;1.25;1.5625;1.875;2.1875;2.5;2.8125;3.125;3.4375;3.75;4.0625;4.375;4.6875;5;5.3125;5.625;5.9375;6.25;6.5625;6.875;7.1875;7.5;7.8125;8.125;8.4375;8.75;9.0625;9.375;9.6875;10","0;0;0;0;0;0;0;0;0;0;0;0;0;0;0;0;0;0;0;0;0;0;0;0;0;0;130;528;2309;6384;16443;25172;19904;10664;4005;1551;468;117;5;0;0;0;0;0;0;0;0;0;0;0;0;0;0;0;0;0;0;0;0;0;0;0;0;0",87680
59,7,"LeakyReLULayer( 0.050000 )",post_activation,"-10;-9.6875;-9.375;-9.0625;-8.75;-8.4375;-8.125;-7.8125;-7.5;-7.1875;-6.875;-6.5625;-6.25;-5.9375;-5.625;-5.3125;-5;-4.6875;-4.375;-4.0625;-3.75;-3.4375;-3.125;-2.8125;-2.5;-2.1875;-1.875;-1.5625;-1.25;-0.9375;-0.625;-0.3125;0;0.3125;0.625;0.9375;1.25;1.5625;1.875;2.1875;2.5;2.8125;3.125;3.4375;3.75;4.0625;4.375;4.6875;5;5.3125;5.625;5.9375;6.25;6.5625;6.875;7.1875;7.5;7.8125;8.125;8.4375;8.75;9.0625;9.375;9.6875;10","0;0;0;0;0;0;0;0;0;0;0;0;0;0;0;0;0;0;0;0;0;0;0;0;0;0;0;0;0;0;0;50966;19904;10664;4005;1551;468;117;5;0;0;0;0;0;0;0;0;0;0;0;0;0;0;0;0;0;0;0;0;0;0;0;0;0",87680
60,1,"LeakyReLULayer( 0.050000 )",pre_activation,"-10;-9.6875;-9.375;-9.0625;-8.75;-8.4375;-8.125;-7.8125;-7.5;-7.1875;-6.875;-6.5625;-6.25;-5.9375;-5.625;-5.3125;-5;-4.6875;-4.375;-4.0625;-3.75;-3.4375;-3.125;-2.8125;-2.5;-2.1875;-1.875;-1.5625;-1.25;-0.9375;-0.625;-0.3125;0;0.3125;0.625;0.9375;1.25;1.5625;1.875;2.1875;2.5;2.8125;3.125;3.4375;3.75;4.0625;4.375;4.6875;5;5.3125;5.625;5.9375;6.25;6.5625;6.875;7.1875;7.5;7.8125;8.125;8.4375;8.75;9.0625;9.375;9.6875;10","0;0;0;0;0;0;0;0;0;0;0;0;0;0;0;0;0;0;0;0;61;575;1986;4878;9650;18867;42308;82854;149280;490368;1051828;3087482;3050477;1057942;478952;172946;101888;51656;10002;0;0;0;0;0;0;0;0;0;0;0;0;0;0;0;0;0;0;0;0;0;0;0;0;0",9864000
60,1,"LeakyReLULayer( 0.050000 )",post_activation,"-10;-9.6875;-9.375;-9.0625;-8.75;-8.4375;-8.125;-7.8125;-7.5;-7.1875;-6.875;-6.5625;-6.25;-5.9375;-5.625;-5.3125;-5;-4.6875;-4.375;-4.0625;-3.75;-3.4375;-3.125;-2.8125;-2.5;-2.1875;-1.875;-1.5625;-1.25;-0.9375;-0.625;-0.3125;0;0.3125;0.625;0.9375;1.25;1.5625;1.875;2.1875;2.5;2.8125;3.125;3.4375;3.75;4.0625;4.375;4.6875;5;5.3125;5.625;5.9375;6.25;6.5625;6.875;7.1875;7.5;7.8125;8.125;8.4375;8.75;9.0625;9.375;9.6875;10","0;0;0;0;0;0;0;0;0;0;0;0;0;0;0;0;0;0;0;0;0;0;0;0;0;0;0;0;0;0;0;4940137;3050477;1057942;478952;172946;101888;51656;10002;0;0;0;0;0;0;0;0;0;0;0;0;0;0;0;0;0;0;0;0;0;0;0;0;0",9864000
60,5,"LeakyReLULayer( 0.050000 )",pre_activation,"-10;-9.6875;-9.375;-9.0625;-8.75;-8.4375;-8.125;-7.8125;-7.5;-7.1875;-6.875;-6.5625;-6.25;-5.9375;-5.625;-5.3125;-5;-4.6875;-4.375;-4.0625;-3.75;-3.4375;-3.125;-2.8125;-2.5;-2.1875;-1.875;-1.5625;-1.25;-0.9375;-0.625;-0.3125;0;0.3125;0.625;0.9375;1.25;1.5625;1.875;2.1875;2.5;2.8125;3.125;3.4375;3.75;4.0625;4.375;4.6875;5;5.3125;5.625;5.9375;6.25;6.5625;6.875;7.1875;7.5;7.8125;8.125;8.4375;8.75;9.0625;9.375;9.6875;10","0;0;0;0;0;0;0;0;0;0;0;0;0;0;0;0;0;0;0;0;0;0;0;0;0;10;780;2812;5838;14171;22262;34661;35920;31523;19922;6165;1073;222;1;0;0;0;0;0;0;0;0;0;0;0;0;0;0;0;0;0;0;0;0;0;0;0;0;0",175360
60,5,"LeakyReLULayer( 0.050000 )",post_activation,"-10;-9.6875;-9.375;-9.0625;-8.75;-8.4375;-8.125;-7.8125;-7.5;-7.1875;-6.875;-6.5625;-6.25;-5.9375;-5.625;-5.3125;-5;-4.6875;-4.375;-4.0625;-3.75;-3.4375;-3.125;-2.8125;-2.5;-2.1875;-1.875;-1.5625;-1.25;-0.9375;-0.625;-0.3125;0;0.3125;0.625;0.9375;1.25;1.5625;1.875;2.1875;2.5;2.8125;3.125;3.4375;3.75;4.0625;4.375;4.6875;5;5.3125;5.625;5.9375;6.25;6.5625;6.875;7.1875;7.5;7.8125;8.125;8.4375;8.75;9.0625;9.375;9.6875;10","0;0;0;0;0;0;0;0;0;0;0;0;0;0;0;0;0;0;0;0;0;0;0;0;0;0;0;0;0;0;0;80534;35920;31523;19922;6165;1073;222;1;0;0;0;0;0;0;0;0;0;0;0;0;0;0;0;0;0;0;0;0;0;0;0;0;0",175360
60,7,"LeakyReLULayer( 0.050000 )",pre_activation,"-10;-9.6875;-9.375;-9.0625;-8.75;-8.4375;-8.125;-7.8125;-7.5;-7.1875;-6.875;-6.5625;-6.25;-5.9375;-5.625;-5.3125;-5;-4.6875;-4.375;-4.0625;-3.75;-3.4375;-3.125;-2.8125;-2.5;-2.1875;-1.875;-1.5625;-1.25;-0.9375;-0.625;-0.3125;0;0.3125;0.625;0.9375;1.25;1.5625;1.875;2.1875;2.5;2.8125;3.125;3.4375;3.75;4.0625;4.375;4.6875;5;5.3125;5.625;5.9375;6.25;6.5625;6.875;7.1875;7.5;7.8125;8.125;8.4375;8.75;9.0625;9.375;9.6875;10","0;0;0;0;0;0;0;0;0;0;0;0;0;0;0;0;0;0;0;0;0;0;0;0;0;0;133;529;2315;6386;16480;25184;19800;10656;4032;1558;484;119;4;0;0;0;0;0;0;0;0;0;0;0;0;0;0;0;0;0;0;0;0;0;0;0;0;0",87680
60,7,"LeakyReLULayer( 0.050000 )",post_activation,"-10;-9.6875;-9.375;-9.0625;-8.75;-8.4375;-8.125;-7.8125;-7.5;-7.1875;-6.875;-6.5625;-6.25;-5.9375;-5.625;-5.3125;-5;-4.6875;-4.375;-4.0625;-3.75;-3.4375;-3.125;-2.8125;-2.5;-2.1875;-1.875;-1.5625;-1.25;-0.9375;-0.625;-0.3125;0;0.3125;0.625;0.9375;1.25;1.5625;1.875;2.1875;2.5;2.8125;3.125;3.4375;3.75;4.0625;4.375;4.6875;5;5.3125;5.625;5.9375;6.25;6.5625;6.875;7.1875;7.5;7.8125;8.125;8.4375;8.75;9.0625;9.375;9.6875;10","0;0;0;0;0;0;0;0;0;0;0;0;0;0;0;0;0;0;0;0;0;0;0;0;0;0;0;0;0;0;0;51027;19800;10656;4032;1558;484;119;4;0;0;0;0;0;0;0;0;0;0;0;0;0;0;0;0;0;0;0;0;0;0;0;0;0",87680
61,1,"LeakyReLULayer( 0.050000 )",pre_activation,"-10;-9.6875;-9.375;-9.0625;-8.75;-8.4375;-8.125;-7.8125;-7.5;-7.1875;-6.875;-6.5625;-6.25;-5.9375;-5.625;-5.3125;-5;-4.6875;-4.375;-4.0625;-3.75;-3.4375;-3.125;-2.8125;-2.5;-2.1875;-1.875;-1.5625;-1.25;-0.9375;-0.625;-0.3125;0;0.3125;0.625;0.9375;1.25;1.5625;1.875;2.1875;2.5;2.8125;3.125;3.4375;3.75;4.0625;4.375;4.6875;5;5.3125;5.625;5.9375;6.25;6.5625;6.875;7.1875;7.5;7.8125;8.125;8.4375;8.75;9.0625;9.375;9.6875;10","0;0;0;0;0;0;0;0;0;0;0;0;0;0;0;0;0;0;0;0;61;575;1984;4876;9651;18868;42311;82853;149298;490403;1051793;3087452;3050497;1057905;478979;172966;101889;51641;9998;0;0;0;0;0;0;0;0;0;0;0;0;0;0;0;0;0;0;0;0;0;0;0;0;0",9864000
61,1,"LeakyReLULayer( 0.050000 )",post_activation,"-10;-9.6875;-9.375;-9.0625;-8.75;-8.4375;-8.125;-7.8125;-7.5;-7.1875;-6.875;-6.5625;-6.25;-5.9375;-5.625;-5.3125;-5;-4.6875;-4.375;-4.0625;-3.75;-3.4375;-3.125;-2.8125;-2.5;-2.1875;-1.875;-1.5625;-1.25;-0.9375;-0.625;-0.3125;0;0.3125;0.625;0.9375;1.25;1.5625;1.875;2.1875;2.5;2.8125;3.125;3.4375;3.75;4.0625;4.375;4.6875;5;5.3125;5.625;5.9375;6.25;6.5625;6.875;7.1875;7.5;7.8125;8.125;8.4375;8.75;9.0625;9.375;9.6875;10","0;0;0;0;0;0;0;0;0;0;0;0;0;0;0;0;0;0;0;0;0;0;0;0;0;0;0;0;0;0;0;4940125;3050497;1057905;478979;172966;101889;51641;9998;0;0;0;0;0;0;0;0;0;0;0;0;0;0;0;0;0;0;0;0;0;0;0;0;0",9864000
61,5,"LeakyReLULayer( 0.050000 )",pre_activation,"-10;-9.6875;-9.375;-9.0625;-8.75;-8.4375;-8.125;-7.8125;-7.5;-7.1875;-6.875;-6.5625;-6.25;-5.9375;-5.625;-5.3125;-5;-4.6875;-4.375;-4.0625;-3.75;-3.4375;-3.125;-2.8125;-2.5;-2.1875;-1.875;-1.5625;-1.25;-0.9375;-0.625;-0.3125;0;0.3125;0.625;0.9375;1.25;1.5625;1.875;2.1875;2.5;2.8125;3.125;3.4375;3.75;4.0625;4.375;4.6875;5;5.3125;5.625;5.9375;6.25;6.5625;6.875;7.1875;7.5;7.8125;8.125;8.4375;8.75;9.0625;9.375;9.6875;10","0;0;0;0;0;0;0;0;0;0;0;0;0;0;0;0;0;0;0;0;0;0;0;0;0;7;777;2833;5780;14151;22380;34615;35872;31575;19892;6187;1071;219;1;0;0;0;0;0;0;0;0;0;0;0;0;0;0;0;0;0;0;0;0;0;0;0;0;0",175360
61,5,"LeakyReLULayer( 0.050000 )",post_activation,"-10;-9.6875;-9.375;-9.0625;-8.75;-8.4375;-8.125;-7.8125;-7.5;-7.1875;-6.875;-6.5625;-6.25;-5.9375;-5.625;-5.3125;-5;-4.6875;-4.375;-4.0625;-3.75;-3.4375;-3.125;-2.8125;-2.5;-2.1875;-1.875;-1.5625;-1.25;-0.9375;-0.625;-0.3125;0;0.3125;0.625;0.9375;1.25;1.5625;1.875;2.1875;2.5;2.8125;3.125;3.4375;3.75;4.0625;4.375;4.6875;5;5.3125;5.625;5.9375;6.25;6.5625;6.875;7.1875;7.5;7.8125;8.125;8.4375;8.75;9.0625;9.375;9.6875;10","0;0;0;0;0;0;0;0;0;0;0;0;0;0;0;0;0;0;0;0;0;0;0;0;0;0;0;0;0;0;0;80543;35872;31575;19892;6187;1071;219;1;0;0;0;0;0;0;0;0;0;0;0;0;0;0;0;0;0;0;0;0;0;0;0;0;0",175360
61,7,"LeakyReLULayer( 0.050000 )",pre_activation,"-10;-9.6875;-9.375;-9.0625;-8.75;-8.4375;-8.125;-7.8125;-7.5;-7.1875;-6.875;-6.5625;-6.25;-5.9375;-5.625;-5.3125;-5;-4.6875;-4.375;-4.0625;-3.75;-3.4375;-3.125;-2.8125;-2.5;-2.1875;-1.875;-1.5625;-1.25;-0.9375;-0.625;-0.3125;0;0.3125;0.625;0.9375;1.25;1.5625;1.875;2.1875;2.5;2.8125;3.125;3.4375;3.75;4.0625;4.375;4.6875;5;5.3125;5.625;5.9375;6.25;6.5625;6.875;7.1875;7.5;7.8125;8.125;8.4375;8.75;9.0625;9.375;9.6875;10","0;0;0;0;0;0;0;0;0;0;0;0;0;0;0;0;0;0;0;0;0;0;0;0;0;0;131;534;2314;6368;16472;25157;19854;10658;4032;1556;483;116;5;0;0;0;0;0;0;0;0;0;0;0;0;0;0;0;0;0;0;0;0;0;0;0;0;0",87680
61,7,"LeakyReLULayer( 0.050000 )",post_activation,"-10;-9.6875;-9.375;-9.0625;-8.75;-8.4375;-8.125;-7.8125;-7.5;-7.1875;-6.875;-6.5625;-6.25;-5.9375;-5.625;-5.3125;-5;-4.6875;-4.375;-4.0625;-3.75;-3.4375;-3.125;-2.8125;-2.5;-2.1875;-1.875;-1.5625;-1.25;-0.9375;-0.625;-0.3125;0;0.3125;0.625;0.9375;1.25;1.5625;1.875;2.1875;2.5;2.8125;3.125;3.4375;3.75;4.0625;4.375;4.6875;5;5.3125;5.625;5.9375;6.25;6.5625;6.875;7.1875;7.5;7.8125;8.125;8.4375;8.75;9.0625;9.375;9.6875;10","0;0;0;0;0;0;0;0;0;0;0;0;0;0;0;0;0;0;0;0;0;0;0;0;0;0;0;0;0;0;0;50976;19854;10658;4032;1556;483;116;5;0;0;0;0;0;0;0;0;0;0;0;0;0;0;0;0;0;0;0;0;0;0;0;0;0",87680
62,1,"LeakyReLULayer( 0.050000 )",pre_activation,"-10;-9.6875;-9.375;-9.0625;-8.75;-8.4375;-8.125;-7.8125;-7.5;-7.1875;-6.875;-6.5625;-6.25;-5.9375;-5.625;-5.3125;-5;-4.6875;-4.375;-4.0625;-3.75;-3.4375;-3.125;-2.8125;-2.5;-2.1875;-1.875;-1.5625;-1.25;-0.9375;-0.625;-0.3125;0;0.3125;0.625;0.9375;1.25;1.5625;1.875;2.1875;2.5;2.8125;3.125;3.4375;3.75;4.0625;4.375;4.6875;5;5.3125;5.625;5.9375;6.25;6.5625;6.875;7.1875;7.5;7.8125;8.125;8.4375;8.75;9.0625;9.375;9.6875;10","0;0;0;0;0;0;0;0;0;0;0;0;0;0;0;0;0;0;0;0;61;575;1986;4877;9650;18862;42313;82858;149316;490516;1051854;3087234;3050273;1058048;479036;173006;101888;51649;9998;0;0;0;0;0;0;0;0;0;0;0;0;0;0;0;0;0;0;0;0;0;0;0;0;0",9864000
62,1,"LeakyReLULayer( 0.050000 )",post_activation,"-10;-9.6875;-9.375;-9.0625;-8.75;-8.4375;-8.125;-7.8125;-7.5;-7.1875;-6.875;-6.5625;-6.25;-5.9375;-5.625;-5.3125;-5;-4.6875;-4.375;-4.0625;-3.75;-3.4375;-3.125;-2.8125;-2.5;-2.1875;-1.875;-1.5625;-1.25;-0.9375;-0.625;-0.3125;0;0.3125;0.625;0.9375;1.25;1.5625;1.875;2.1875;2.5;2.8125;3.125;3.4375;3.75;4.0625;4.375;4.6875;5;5.3125;5.625;5.9375;6.25;6.5625;6.875;7.1875;7.5;7.8125;8.125;8.4375;8.75;9.0625;9.375;9.6875;10","0;0;0;0;0;0;0;0;0;0;0;0;0;0;0;0;0;0;0;0;0;0;0;0;0;0;0;0;0;0;0;4940102;3050273;1058048;479036;173006;101888;51649;9998;0;0;0;0;0;0;0;0;0;0;0;0;0;0;0;0;0;0;0;0;0;0;0;0;0",9864000
62,5,"LeakyReLULayer( 0.050000 )",pre_activation,"-10;-9.6875;-9.375;-9.0625;-8.75;-8.4375;-8.125;-7.8125;-7.5;-7.1875;-6.875;-6.5625;-6.25;-5.9375;-5.625;-5.3125;-5;-4.6875;-4.375;-4.0625;-3.75;-3.4375;-3.125;-2.8125;-2.5;-2.1875;-1.875;-1.5625;-1.25;-0.9375;-0.625;-0.3125;0;0.3125;0.625;0.9375;1.25;1.5625;1.875;2.1875;2.5;2.8125;3.125;3.4375;3.75;4.0625;4.375;4.6875;5;5.3125;5.625;5.9375;6.25;6.5625;6.875;7.1875;7.5;7.8125;8.125;8.4375;8.75;9.0625;9.375;9.6875;10","0;0;0;0;0;0;0;0;0;0;0;0;0;0;0;0;0;0;0;0;0;0;0;0;0;10;780;2820;5828;14186;22273;34649;35784;31564;19972;6181;1087;224;2;0;0;0;0;0;0;0;0;0;0;0;0;0;0;0;0;0;0;0;0;0;0;0;0;0",175360
62,5,"LeakyReLULayer( 0.050000 )",post_activation,"-10;-9.6875;-9.375;-9.0625;-8.75;-8.4375;-8.125;-7.8125;-7.5;-7.1875;-6.875;-6.5625;-6.25;-5.9375;-5.625;-5.3125;-5;-4.6875;-4.375;-4.0625;-3.75;-3.4375;-3.125;-2.8125;-2.5;-2.1875;-1.875;-1.5625;-1.25;-0.9375;-0.625;-0.3125;0;0.3125;0.625;0.9375;1.25;1.5625;1.875;2.1875;2.5;2.8125;3.125;3.4375;3.75;4.0625;4.375;4.6875;5;5.3125;5.625;5.9375;6.25;6.5625;6.875;7.1875;7.5;7.8125;8.125;8.4375;8.75;9.0625;9.375;9.6875;10","0;0;0;0;0;0;0;0;0;0;0;0;0;0;0;0;0;0;0;0;0;0;0;0;0;0;0;0;0;0;0;80546;35784;31564;19972;6181;1087;224;2;0;0;0;0;0;0;0;0;0;0;0;0;0;0;0;0;0;0;0;0;0;0;0;0;0",175360
62,7,"LeakyReLULayer( 0.050000 )",pre_activation,"-10;-9.6875;-9.375;-9.0625;-8.75;-8.4375;-8.125;-7.8125;-7.5;-7.1875;-6.875;-6.5625;-6.25;-5.9375;-5.625;-5.3125;-5;-4.6875;-4.375;-4.0625;-3.75;-3.4375;-3.125;-2.8125;-2.5;-2.1875;-1.875;-1.5625;-1.25;-0.9375;-0.625;-0.3125;0;0.3125;0.625;0.9375;1.25;1.5625;1.875;2.1875;2.5;2.8125;3.125;3.4375;3.75;4.0625;4.375;4.6875;5;5.3125;5.625;5.9375;6.25;6.5625;6.875;7.1875;7.5;7.8125;8.125;8.4375;8.75;9.0625;9.375;9.6875;10","0;0;0;0;0;0;0;0;0;0;0;0;0;0;0;0;0;0;0;0;0;0;0;0;0;0;130;526;2332;6357;16495;25161;19827;10620;4059;1553;501;115;4;0;0;0;0;0;0;0;0;0;0;0;0;0;0;0;0;0;0;0;0;0;0;0;0;0",87680
62,7,"LeakyReLULayer( 0.050000 )",post_activation,"-10;-9.6875;-9.375;-9.0625;-8.75;-8.4375;-8.125;-7.8125;-7.5;-7.1875;-6.875;-6.5625;-6.25;-5.9375;-5.625;-5.3125;-5;-4.6875;-4.375;-4.0625;-3.75;-3.4375;-3.125;-2.8125;-2.5;-2.1875;-1.875;-1.5625;-1.25;-0.9375;-0.625;-0.3125;0;0.3125;0.625;0.9375;1.25;1.5625;1.875;2.1875;2.5;2.8125;3.125;3.4375;3.75;4.0625;4.375;4.6875;5;5.3125;5.625;5.9375;6.25;6.5625;6.875;7.1875;7.5;7.8125;8.125;8.4375;8.75;9.0625;9.375;9.6875;10","0;0;0;0;0;0;0;0;0;0;0;0;0;0;0;0;0;0;0;0;0;0;0;0;0;0;0;0;0;0;0;51001;19827;10620;4059;1553;501;115;4;0;0;0;0;0;0;0;0;0;0;0;0;0;0;0;0;0;0;0;0;0;0;0;0;0",87680
63,1,"LeakyReLULayer( 0.050000 )",pre_activation,"-10;-9.6875;-9.375;-9.0625;-8.75;-8.4375;-8.125;-7.8125;-7.5;-7.1875;-6.875;-6.5625;-6.25;-5.9375;-5.625;-5.3125;-5;-4.6875;-4.375;-4.0625;-3.75;-3.4375;-3.125;-2.8125;-2.5;-2.1875;-1.875;-1.5625;-1.25;-0.9375;-0.625;-0.3125;0;0.3125;0.625;0.9375;1.25;1.5625;1.875;2.1875;2.5;2.8125;3.125;3.4375;3.75;4.0625;4.375;4.6875;5;5.3125;5.625;5.9375;6.25;6.5625;6.875;7.1875;7.5;7.8125;8.125;8.4375;8.75;9.0625;9.375;9.6875;10","0;0;0;0;0;0;0;0;0;0;0;0;0;0;0;0;0;0;0;0;61;575;1990;4878;9650;18883;42318;82861;149308;490417;1051832;3087351;3050375;1057967;478991;172992;101847;51694;10010;0;0;0;0;0;0;0;0;0;0;0;0;0;0;0;0;0;0;0;0;0;0;0;0;0",9864000
63,1,"LeakyReLULayer( 0.050000 )",post_activation,"-10;-9.6875;-9.375;-9.0625;-8.75;-8.4375;-8.125;-7.8125;-7.5;-7.1875;-6.875;-6.5625;-6.25;-5.9375;-5.625;-5.3125;-5;-4.6875;-4.375;-4.0625;-3.75;-3.4375;-3.125;-2.8125;-2.5;-2.1875;-1.875;-1.5625;-1.25;-0.9375;-0.625;-0.3125;0;0.3125;0.625;0.9375;1.25;1.5625;1.875;2.1875;2.5;2.8125;3.125;3.4375;3.75;4.0625;4.375;4.6875;5;5.3125;5.625;5.9375;6.25;6.5625;6.875;7.1875;7.5;7.8125;8.125;8.4375;8.75;9.0625;9.375;9.6875;10","0;0;0;0;0;0;0;0;0;0;0;0;0;0;0;0;0;0;0;0;0;0;0;0;0;0;0;0;0;0;0;4940124;3050375;1057967;478991;172992;101847;51694;10010;0;0;0;0;0;0;0;0;0;0;0;0;0;0;0;0;0;0;0;0;0;0;0;0;0",9864000
63,5,"LeakyReLULayer( 0.050000 )",pre_activation,"-10;-9.6875;-9.375;-9.0625;-8.75;-8.4375;-8.125;-7.8125;-7.5;-7.1875;-6.875;-6.5625;-6.25;-5.9375;-5.625;-5.3125;-5;-4.6875;-4.375;-4.0625;-3.75;-3.4375;-3.125;-2.8125;-2.5;-2.1875;-1.875;-1.5625;-1.25;-0.9375;-0.625;-0.3125;0;0.3125;0.625;0.9375;1.25;1.5625;1.875;2.1875;2.5;2.8125;3.125;3.4375;3.75;4.0625;4.375;4.6875;5;5.3125;5.625;5.9375;6.25;6.5625;6.875;7.1875;7.5;7.8125;8.125;8.4375;8.75;9.0625;9.375;9.6875;10","0;0;0;0;0;0;0;0;0;0;0;0;0;0;0;0;0;0;0;0;0;0;0;0;0;4;793;2845;5834;14299;22314;34511;35987;31345;19943;6184;1079;221;1;0;0;0;0;0;0;0;0;0;0;0;0;0;0;0;0;0;0;0;0;0;0;0;0;0",175360
63,5,"LeakyReLULayer( 0.050000 )",post_activation,"-10;-9.6875;-9.375;-9.0625;-8.75;-8.4375;-8.125;-7.8125;-7.5;-7.1875;-6.875;-6.5625;-6.25;-5.9375;-5.625;-5.3125;-5;-4.6875;-4.375;-4.0625;-3.75;-3.4375;-3.125;-2.8125;-2.5;-2.1875;-1.875;-1.5625;-1.25;-0.9375;-0.625;-0.3125;0;0.3125;0.625;0.9375;1.25;1.5625;1.875;2.1875;2.5;2.8125;3.125;3.4375;3.75;4.0625;4.375;4.6875;5;5.3125;5.625;5.9375;6.25;6.5625;6.875;7.1875;7.5;7.8125;8.125;8.4375;8.75;9.0625;9.375;9.6875;10","0;0;0;0;0;0;0;0;0;0;0;0;0;0;0;0;0;0;0;0;0;0;0;0;0;0;0;0;0;0;0;80600;35987;31345;19943;6184;1079;221;1;0;0;0;0;0;0;0;0;0;0;0;0;0;0;0;0;0;0;0;0;0;0;0;0;0",175360
63,7,"LeakyReLULayer( 0.050000 )",pre_activation,"-10;-9.6875;-9.375;-9.0625;-8.75;-8.4375;-8.125;-7.8125;-7.5;-7.1875;-6.875;-6.5625;-6.25;-5.9375;-5.625;-5.3125;-5;-4.6875;-4.375;-4.0625;-3.75;-3.4375;-3.125;-2.8125;-2.5;-2.1875;-1.875;-1.5625;-1.25;-0.9375;-0.625;-0.3125;0;0.3125;0.625;0.9375;1.25;1.5625;1.875;2.1875;2.5;2.8125;3.125;3.4375;3.75;4.0625;4.375;4.6875;5;5.3125;5.625;5.9375;6.25;6.5625;6.875;7.1875;7.5;7.8125;8.125;8.4375;8.75;9.0625;9.375;9.6875;10","0;0;0;0;0;0;0;0;0;0;0;0;0;0;0;0;0;0;0;0;0;0;0;0;0;0;128;532;2317;6407;16392;25269;19768;10682;4030;1565;466;119;5;0;0;0;0;0;0;0;0;0;0;0;0;0;0;0;0;0;0;0;0;0;0;0;0;0",87680
63,7,"LeakyReLULayer( 0.050000 )",post_activation,"-10;-9.6875;-9.375;-9.0625;-8.75;-8.4375;-8.125;-7.8125;-7.5;-7.1875;-6.875;-6.5625;-6.25;-5.9375;-5.625;-5.3125;-5;-4.6875;-4.375;-4.0625;-3.75;-3.4375;-3.125;-2.8125;-2.5;-2.1875;-1.875;-1.5625;-1.25;-0.9375;-0.625;-0.3125;0;0.3125;0.625;0.9375;1.25;1.5625;1.875;2.1875;2.5;2.8125;3.125;3.4375;3.75;4.0625;4.375;4.6875;5;5.3125;5.625;5.9375;6.25;6.5625;6.875;7.1875;7.5;7.8125;8.125;8.4375;8.75;9.0625;9.375;9.6875;10","0;0;0;0;0;0;0;0;0;0;0;0;0;0;0;0;0;0;0;0;0;0;0;0;0;0;0;0;0;0;0;51045;19768;10682;4030;1565;466;119;5;0;0;0;0;0;0;0;0;0;0;0;0;0;0;0;0;0;0;0;0;0;0;0;0;0",87680
64,1,"LeakyReLULayer( 0.050000 )",pre_activation,"-10;-9.6875;-9.375;-9.0625;-8.75;-8.4375;-8.125;-7.8125;-7.5;-7.1875;-6.875;-6.5625;-6.25;-5.9375;-5.625;-5.3125;-5;-4.6875;-4.375;-4.0625;-3.75;-3.4375;-3.125;-2.8125;-2.5;-2.1875;-1.875;-1.5625;-1.25;-0.9375;-0.625;-0.3125;0;0.3125;0.625;0.9375;1.25;1.5625;1.875;2.1875;2.5;2.8125;3.125;3.4375;3.75;4.0625;4.375;4.6875;5;5.3125;5.625;5.9375;6.25;6.5625;6.875;7.1875;7.5;7.8125;8.125;8.4375;8.75;9.0625;9.375;9.6875;10","0;0;0;0;0;0;0;0;0;0;0;0;0;0;0;0;0;0;0;0;61;575;1984;4876;9651;18866;42307;82851;149274;490302;1051902;3087506;3050482;1057993;478931;172924;101886;51636;9993;0;0;0;0;0;0;0;0;0;0;0;0;0;0;0;0;0;0;0;0;0;0;0;0;0",9864000
64,1,"LeakyReLULayer( 0.050000 )",post_activation,"-10;-9.6875;-9.375;-9.0625;-8.75;-8.4375;-8.125;-7.8125;-7.5;-7.1875;-6.875;-6.5625;-6.25;-5.9375;-5.625;-5.3125;-5;-4.6875;-4.375;-4.0625;-3.75;-3.4375;-3.125;-2.8125;-2.5;-2.1875;-1.875;-1.5625;-1.25;-0.9375;-0.625;-0.3125;0;0.3125;0.625;0.9375;1.25;1.5625;1.875;2.1875;2.5;2.8125;3.125;3.4375;3.75;4.0625;4.375;4.6875;5;5.3125;5.625;5.9375;6.25;6.5625;6.875;7.1875;7.5;7.8125;8.125;8.4375;8.75;9.0625;9.375;9.6875;10","0;0;0;0;0;0;0;0;0;0;0;0;0;0;0;0;0;0;0;0;0;0;0;0;0;0;0;0;0;0;0;4940155;3050482;1057993;478931;172924;101886;51636;9993;0;0;0;0;0;0;0;0;0;0;0;0;0;0;0;0;0;0;0;0;0;0;0;0;0",9864000
64,5,"LeakyReLULayer( 0.050000 )",pre_activation,"-10;-9.6875;-9.375;-9.0625;-8.75;-8.4375;-8.125;-7.8125;-7.5;-7.1875;-6.875;-6.5625;-6.25;-5.9375;-5.625;-5.3125;-5;-4.6875;-4.375;-4.0625;-3.75;-3.4375;-3.125;-2.8125;-2.5;-2.1875;-1.875;-1.5625;-1.25;-0.9375;-0.625;-0.3125;0;0.3125;0.625;0.9375;1.25;1.5625;1.875;2.1875;2.5;2.8125;3.125;3.4375;3.75;4.0625;4.375;4.6875;5;5.3125;5.625;5.9375;6.25;6.5625;6.875;7.1875;7.5;7.8125;8.125;8.4375;8.75;9.0625;9.375;9.6875;10","0;0;0;0;0;0;0;0;0;0;0;0;0;0;0;0;0;0;0;0;0;0;0;0;0;7;771;2830;5800;14231;22243;34699;35859;31498;19893;6228;1079;221;1;0;0;0;0;0;0;0;0;0;0;0;0;0;0;0;0;0;0;0;0;0;0;0;0;0",175360
64,5,"LeakyReLULayer( 0.050000 )",post_activation,"-10;-9.6875;-9.375;-9.0625;-8.75;-8.4375;-8.125;-7.8125;-7.5;-7.1875;-6.875;-6.5625;-6.25;-5.9375;-5.625;-5.3125;-5;-4.6875;-4.375;-4.0625;-3.75;-3.4375;-3.125;-2.8125;-2.5;-2.1875;-1.875;-1.5625;-1.25;-0.9375;-0.625;-0.3125;0;0.3125;0.625;0.9375;1.25;1.5625;1.875;2.1875;2.5;2.8125;3.125;3.4375;3.75;4.0625;4.375;4.6875;5;5.3125;5.625;5.9375;6.25;6.5625;6.875;7.1875;7.5;7.8125;8.125;8.4375;8.75;9.0625;9.375;9.6875;10","0;0;0;0;0;0;0;0;0;0;0;0;0;0;0;0;0;0;0;0;0;0;0;0;0;0;0;0;0;0;0;80581;35859;31498;19893;6228;1079;221;1;0;0;0;0;0;0;0;0;0;0;0;0;0;0;0;0;0;0;0;0;0;0;0;0;0",175360
64,7,"LeakyReLULayer( 0.050000 )",pre_activation,"-10;-9.6875;-9.375;-9.0625;-8.75;-8.4375;-8.125;-7.8125;-7.5;-7.1875;-6.875;-6.5625;-6.25;-5.9375;-5.625;-5.3125;-5;-4.6875;-4.375;-4.0625;-3.75;-3.4375;-3.125;-2.8125;-2.5;-2.1875;-1.875;-1.5625;-1.25;-0.9375;-0.625;-0.3125;0;0.3125;0.625;0.9375;1.25;1.5625;1.875;2.1875;2.5;2.8125;3.125;3.4375;3.75;4.0625;4.375;4.6875;5;5.3125;5.625;5.9375;6.25;6.5625;6.875;7.1875;7.5;7.8125;8.125;8.4375;8.75;9.0625;9.375;9.6875;10","0;0;0;0;0;0;0;0;0;0;0;0;0;0;0;0;0;0;0;0;0;0;0;0;0;0;144;519;2320;6364;16434;25160;19913;10596;4071;1561;478;117;3;0;0;0;0;0;0;0;0;0;0;0;0;0;0;0;0;0;0;0;0;0;0;0;0;0",87680
64,7,"LeakyReLULayer( 0.050000 )",post_activation,"-10;-9.6875;-9.375;-9.0625;-8.75;-8.4375;-8.125;-7.8125;-7.5;-7.1875;-6.875;-6.5625;-6.25;-5.9375;-5.625;-5.3125;-5;-4.6875;-4.375;-4.0625;-3.75;-3.4375;-3.125;-2.8125;-2.5;-2.1875;-1.875;-1.5625;-1.25;-0.9375;-0.625;-0.3125;0;0.3125;0.625;0.9375;1.25;1.5625;1.875;2.1875;2.5;2.8125;3.125;3.4375;3.75;4.0625;4.375;4.6875;5;5.3125;5.625;5.9375;6.25;6.5625;6.875;7.1875;7.5;7.8125;8.125;8.4375;8.75;9.0625;9.375;9.6875;10","0;0;0;0;0;0;0;0;0;0;0;0;0;0;0;0;0;0;0;0;0;0;0;0;0;0;0;0;0;0;0;50941;19913;10596;4071;1561;478;117;3;0;0;0;0;0;0;0;0;0;0;0;0;0;0;0;0;0;0;0;0;0;0;0;0;0",87680
65,1,"LeakyReLULayer( 0.050000 )",pre_activation,"-10;-9.6875;-9.375;-9.0625;-8.75;-8.4375;-8.125;-7.8125;-7.5;-7.1875;-6.875;-6.5625;-6.25;-5.9375;-5.625;-5.3125;-5;-4.6875;-4.375;-4.0625;-3.75;-3.4375;-3.125;-2.8125;-2.5;-2.1875;-1.875;-1.5625;-1.25;-0.9375;-0.625;-0.3125;0;0.3125;0.625;0.9375;1.25;1.5625;1.875;2.1875;2.5;2.8125;3.125;3.4375;3.75;4.0625;4.375;4.6875;5;5.3125;5.625;5.9375;6.25;6.5625;6.875;7.1875;7.5;7.8125;8.125;8.4375;8.75;9.0625;9.375;9.6875;10","0;0;0;0;0;0;0;0;0;0;0;0;0;0;0;0;0;0;0;0;61;575;1987;4880;9650;18885;42315;82867;149293;490430;1051829;3087361;3050354;1057963;479017;172979;101864;51680;10010;0;0;0;0;0;0;0;0;0;0;0;0;0;0;0;0;0;0;0;0;0;0;0;0;0",9864000
65,1,"LeakyReLULayer( 0.050000 )",post_activation,"-10;-9.6875;-9.375;-9.0625;-8.75;-8.4375;-8.125;-7.8125;-7.5;-7.1875;-6.875;-6.5625;-6.25;-5.9375;-5.625;-5.3125;-5;-4.6875;-4.375;-4.0625;-3.75;-3.4375;-3.125;-2.8125;-2.5;-2.1875;-1.875;-1.5625;-1.25;-0.9375;-0.625;-0.3125;0;0.3125;0.625;0.9375;1.25;1.5625;1.875;2.1875;2.5;2.8125;3.125;3.4375;3.75;4.0625;4.375;4.6875;5;5.3125;5.625;5.9375;6.25;6.5625;6.875;7.1875;7.5;7.8125;8.125;8.4375;8.75;9.0625;9.375;9.6875;10","0;0;0;0;0;0;0;0;0;0;0;0;0;0;0;0;0;0;0;0;0;0;0;0;0;0;0;0;0;0;0;4940133;3050354;1057963;479017;172979;101864;51680;10010;0;0;0;0;0;0;0;0;0;0;0;0;0;0;0;0;0;0;0;0;0;0;0;0;0",9864000
65,5,"LeakyReLULayer( 0.050000 )",pre_activation,"-10;-9.6875;-9.375;-9.0625;-8.75;-8.4375;-8.125;-7.8125;-7.5;-7.1875;-6.875;-6.5625;-6.25;-5.9375;-5.625;-5.3125;-5;-4.6875;-4.375;-4.0625;-3.75;-3.4375;-3.125;-2.8125;-2.5;-2.1875;-1.875;-1.5625;-1.25;-0.9375;-0.625;-0.3125;0;0.3125;0.625;0.9375;1.25;1.5625;1.875;2.1875;2.5;2.8125;3.125;3.4375;3.75;4.0625;4.375;4.6875;5;5.3125;5.625;5.9375;6.25;6.5625;6.875;7.1875;7.5;7.8125;8.125;8.4375;8.75;9.0625;9.375;9.6875;10","0;0;0;0;0;0;0;0;0;0;0;0;0;0;0;0;0;0;0;0;0;0;0;0;0;4;788;2871;5777;14265;22205;34658;35986;31289;19962;6238;1094;222;1;0;0;0;0;0;0;0;0;0;0;0;0;0;0;0;0;0;0;0;0;0;0;0;0;0",175360
65,5,"LeakyReLULayer( 0.050000 )",post_activation,"-10;-9.6875;-9.375;-9.0625;-8.75;-8.4375;-8.125;-7.8125;-7.5;-7.1875;-6.875;-6.5625;-6.25;-5.9375;-5.625;-5.3125;-5;-4.6875;-4.375;-4.0625;-3.75;-3.4375;-3.125;-2.8125;-2.5;-2.1875;-1.875;-1.5625;-1.25;-0.9375;-0.625;-0.3125;0;0.3125;0.625;0.9375;1.25;1.5625;1.875;2.1875;2.5;2.8125;3.125;3.4375;3.75;4.0625;4.375;4.6875;5;5.3125;5.625;5.9375;6.25;6.5625;6.875;7.1875;7.5;7.8125;8.125;8.4375;8.75;9.0625;9.375;9.6875;10","0;0;0;0;0;0;0;0;0;0;0;0;0;0;0;0;0;0;0;0;0;0;0;0;0;0;0;0;0;0;0;80568;35986;31289;19962;6238;1094;222;1;0;0;0;0;0;0;0;0;0;0;0;0;0;0;0;0;0;0;0;0;0;0;0;0;0",175360
65,7,"LeakyReLULayer( 0.050000 )",pre_activation,"-10;-9.6875;-9.375;-9.0625;-8.75;-8.4375;-8.125;-7.8125;-7.5;-7.1875;-6.875;-6.5625;-6.25;-5.9375;-5.625;-5.3125;-5;-4.6875;-4.375;-4.0625;-3.75;-3.4375;-3.125;-2.8125;-2.5;-2.1875;-1.875;-1.5625;-1.25;-0.9375;-0.625;-0.3125;0;0.3125;0.625;0.9375;1.25;1.5625;1.875;2.1875;2.5;2.8125;3.125;3.4375;3.75;4.0625;4.375;4.6875;5;5.3125;5.625;5.9375;6.25;6.5625;6.875;7.1875;7.5;7.8125;8.125;8.4375;8.75;9.0625;9.375;9.6875;10","0;0;0;0;0;0;0;0;0;0;0;0;0;0;0;0;0;0;0;0;0;0;0;0;0;0;130;532;2319;6395;16406;25107;19905;10636;4088;1564;478;114;6;0;0;0;0;0;0;0;0;0;0;0;0;0;0;0;0;0;0;0;0;0;0;0;0;0",87680
65,7,"LeakyReLULayer( 0.050000 )",post_activation,"-10;-9.6875;-9.375;-9.0625;-8.75;-8.4375;-8.125;-7.8125;-7.5;-7.1875;-6.875;-6.5625;-6.25;-5.9375;-5.625;-5.3125;-5;-4.6875;-4.375;-4.0625;-3.75;-3.4375;-3.125;-2.8125;-2.5;-2.1875;-1.875;-1.5625;-1.25;-0.9375;-0.625;-0.3125;0;0.3125;0.625;0.9375;1.25;1.5625;1.875;2.1875;2.5;2.8125;3.125;3.4375;3.75;4.0625;4.375;4.6875;5;5.3125;5.625;5.9375;6.25;6.5625;6.875;7.1875;7.5;7.8125;8.125;8.4375;8.75;9.0625;9.375;9.6875;10","0;0;0;0;0;0;0;0;0;0;0;0;0;0;0;0;0;0;0;0;0;0;0;0;0;0;0;0;0;0;0;50889;19905;10636;4088;1564;478;114;6;0;0;0;0;0;0;0;0;0;0;0;0;0;0;0;0;0;0;0;0;0;0;0;0;0",87680
66,1,"LeakyReLULayer( 0.050000 )",pre_activation,"-10;-9.6875;-9.375;-9.0625;-8.75;-8.4375;-8.125;-7.8125;-7.5;-7.1875;-6.875;-6.5625;-6.25;-5.9375;-5.625;-5.3125;-5;-4.6875;-4.375;-4.0625;-3.75;-3.4375;-3.125;-2.8125;-2.5;-2.1875;-1.875;-1.5625;-1.25;-0.9375;-0.625;-0.3125;0;0.3125;0.625;0.9375;1.25;1.5625;1.875;2.1875;2.5;2.8125;3.125;3.4375;3.75;4.0625;4.375;4.6875;5;5.3125;5.625;5.9375;6.25;6.5625;6.875;7.1875;7.5;7.8125;8.125;8.4375;8.75;9.0625;9.375;9.6875;10","0;0;0;0;0;0;0;0;0;0;0;0;0;0;0;0;0;0;0;0;61;575;1986;4882;9652;18877;42319;82869;149336;490527;1051809;3087218;3050189;1058007;479122;173009;101852;51700;10010;0;0;0;0;0;0;0;0;0;0;0;0;0;0;0;0;0;0;0;0;0;0;0;0;0",9864000
66,1,"LeakyReLULayer( 0.050000 )",post_activation,"-10;-9.6875;-9.375;-9.0625;-8.75;-8.4375;-8.125;-7.8125;-7.5;-7.1875;-6.875;-6.5625;-6.25;-5.9375;-5.625;-5.3125;-5;-4.6875;-4.375;-4.0625;-3.75;-3.4375;-3.125;-2.8125;-2.5;-2.1875;-1.875;-1.5625;-1.25;-0.9375;-0.625;-0.3125;0;0.3125;0.625;0.9375;1.25;1.5625;1.875;2.1875;2.5;2.8125;3.125;3.4375;3.75;4.0625;4.375;4.6875;5;5.3125;5.625;5.9375;6.25;6.5625;6.875;7.1875;7.5;7.8125;8.125;8.4375;8.75;9.0625;9.375;9.6875;10","0;0;0;0;0;0;0;0;0;0;0;0;0;0;0;0;0;0;0;0;0;0;0;0;0;0;0;0;0;0;0;4940111;3050189;1058007;479122;173009;101852;51700;10010;0;0;0;0;0;0;0;0;0;0;0;0;0;0;0;0;0;0;0;0;0;0;0;0;0",9864000
66,5,"LeakyReLULayer( 0.050000 )",pre_activation,"-10;-9.6875;-9.375;-9.0625;-8.75;-8.4375;-8.125;-7.8125;-7.5;-7.1875;-6.875;-6.5625;-6.25;-5.9375;-5.625;-5.3125;-5;-4.6875;-4.375;-4.0625;-3.75;-3.4375;-3.125;-2.8125;-2.5;-2.1875;-1.875;-1.5625;-1.25;-0.9375;-0.625;-0.3125;0;0.3125;0.625;0.9375;1.25;1.5625;1.875;2.1875;2.5;2.8125;3.125;3.4375;3.75;4.0625;4.375;4.6875;5;5.3125;5.625;5.9375;6.25;6.5625;6.875;7.1875;7.5;7.8125;8.125;8.4375;8.75;9.0625;9.375;9.6875;10","0;0;0;0;0;0;0;0;0;0;0;0;0;0;0;0;0;0;0;0;0;0;0;0;0;5;785;2893;5763;14274;22108;34816;35780;31359;19973;6284;1094;224;2;0;0;0;0;0;0;0;0;0;0;0;0;0;0;0;0;0;0;0;0;0;0;0;0;0",175360
66,5,"LeakyReLULayer( 0.050000 )",post_activation,"-10;-9.6875;-9.375;-9.0625;-8.75;-8.4375;-8.125;-7.8125;-7.5;-7.1875;-6.875;-6.5625;-6.25;-5.9375;-5.625;-5.3125;-5;-4.6875;-4.375;-4.0625;-3.75;-3.4375;-3.125;-2.8125;-2.5;-2.1875;-1.875;-1.5625;-1.25;-0.9375;-0.625;-0.3125;0;0.3125;0.625;0.9375;1.25;1.5625;1.875;2.1875;2.5;2.8125;3.125;3.4375;3.75;4.0625;4.375;4.6875;5;5.3125;5.625;5.9375;6.25;6.5625;6.875;7.1875;7.5;7.8125;8.125;8.4375;8.75;9.0625;9.375;9.6875;10","0;0;0;0;0;0;0;0;0;0;0;0;0;0;0;0;0;0;0;0;0;0;0;0;0;0;0;0;0;0;0;80644;35780;31359;19973;6284;1094;224;2;0;0;0;0;0;0;0;0;0;0;0;0;0;0;0;0;0;0;0;0;0;0;0;0;0",175360
66,7,"LeakyReLULayer( 0.050000 )",pre_activation,"-10;-9.6875;-9.375;-9.0625;-8.75;-8.4375;-8.125;-7.8125;-7.5;-7.1875;-6.875;-6.5625;-6.25;-5.9375;-5.625;-5.3125;-5;-4.6875;-4.375;-4.0625;-3.75;-3.4375;-3.125;-2.8125;-2.5;-2.1875;-1.875;-1.5625;-1.25;-0.9375;-0.625;-0.3125;0;0.3125;0.625;0.9375;1.25;1.5625;1.875;2.1875;2.5;2.8125;3.125;3.4375;3.75;4.0625;4.375;4.6875;5;5.3125;5.625;5.9375;6.25;6.5625;6.875;7.1875;7.5;7.8125;8.125;8.4375;8.75;9.0625;9.375;9.6875;10","0;0;0;0;0;0;0;0;0;0;0;0;0;0;0;0;0;0;0;0;0;0;0;0;0;0;136;530;2333;6399;16440;25001;19910;10644;4104;1573;487;118;5;0;0;0;0;0;0;0;0;0;0;0;0;0;0;0;0;0;0;0;0;0;0;0;0;0",87680
66,7,"LeakyReLULayer( 0.050000 )",post_activation,"-10;-9.6875;-9.375;-9.0625;-8.75;-8.4375;-8.125;-7.8125;-7.5;-7.1875;-6.875;-6.5625;-6.25;-5.9375;-5.625;-5.3125;-5;-4.6875;-4.375;-4.0625;-3.75;-3.4375;-3.125;-2.8125;-2.5;-2.1875;-1.875;-1.5625;-1.25;-0.9375;-0.625;-0.3125;0;0.3125;0.625;0.9375;1.25;1.5625;1.875;2.1875;2.5;2.8125;3.125;3.4375;3.75;4.0625;4.375;4.6875;5;5.3125;5.625;5.9375;6.25;6.5625;6.875;7.1875;7.5;7.8125;8.125;8.4375;8.75;9.0625;9.375;9.6875;10","0;0;0;0;0;0;0;0;0;0;0;0;0;0;0;0;0;0;0;0;0;0;0;0;0;0;0;0;0;0;0;50839;19910;10644;4104;1573;487;118;5;0;0;0;0;0;0;0;0;0;0;0;0;0;0;0;0;0;0;0;0;0;0;0;0;0",87680
67,1,"LeakyReLULayer( 0.050000 )",pre_activation,"-10;-9.6875;-9.375;-9.0625;-8.75;-8.4375;-8.125;-7.8125;-7.5;-7.1875;-6.875;-6.5625;-6.25;-5.9375;-5.625;-5.3125;-5;-4.6875;-4.375;-4.0625;-3.75;-3.4375;-3.125;-2.8125;-2.5;-2.1875;-1.875;-1.5625;-1.25;-0.9375;-0.625;-0.3125;0;0.3125;0.625;0.9375;1.25;1.5625;1.875;2.1875;2.5;2.8125;3.125;3.4375;3.75;4.0625;4.375;4.6875;5;5.3125;5.625;5.9375;6.25;6.5625;6.875;7.1875;7.5;7.8125;8.125;8.4375;8.75;9.0625;9.375;9.6875;10","0;0;0;0;0;0;0;0;0;0;0;0;0;0;0;0;0;0;0;0;61;575;1987;4880;9650;18872;42294;82864;149239;490394;1051907;3087400;3050370;1058071;479020;172876;101863;51672;10005;0;0;0;0;0;0;0;0;0;0;0;0;0;0;0;0;0;0;0;0;0;0;0;0;0",9864000
67,1,"LeakyReLULayer( 0.050000 )",post_activation,"-10;-9.6875;-9.375;-9.0625;-8.75;-8.4375;-8.125;-7.8125;-7.5;-7.1875;-6.875;-6.5625;-6.25;-5.9375;-5.625;-5.3125;-5;-4.6875;-4.375;-4.0625;-3.75;-3.4375;-3.125;-2.8125;-2.5;-2.1875;-1.875;-1.5625;-1.25;-0.9375;-0.625;-0.3125;0;0.3125;0.625;0.9375;1.25;1.5625;1.875;2.1875;2.5;2.8125;3.125;3.4375;3.75;4.0625;4.375;4.6875;5;5.3125;5.625;5.9375;6.25;6.5625;6.875;7.1875;7.5;7.8125;8.125;8.4375;8.75;9.0625;9.375;9.6875;10","0;0;0;0;0;0;0;0;0;0;0;0;0;0;0;0;0;0;0;0;0;0;0;0;0;0;0;0;0;0;0;4940123;3050370;1058071;479020;172876;101863;51672;10005;0;0;0;0;0;0;0;0;0;0;0;0;0;0;0;0;0;0;0;0;0;0;0;0;0",9864000
67,5,"LeakyReLULayer( 0.050000 )",pre_activation,"-10;-9.6875;-9.375;-9.0625;-8.75;-8.4375;-8.125;-7.8125;-7.5;-7.1875;-6.875;-6.5625;-6.25;-5.9375;-5.625;-5.3125;-5;-4.6875;-4.375;-4.0625;-3.75;-3.4375;-3.125;-2.8125;-2.5;-2.1875;-1.875;-1.5625;-1.25;-0.9375;-0.625;-0.3125;0;0.3125;0.625;0.9375;1.25;1.5625;1.875;2.1875;2.5;2.8125;3.125;3.4375;3.75;4.0625;4.375;4.6875;5;5.3125;5.625;5.9375;6.25;6.5625;6.875;7.1875;7.5;7.8125;8.125;8.4375;8.75;9.0625;9.375;9.6875;10","0;0;0;0;0;0;0;0;0;0;0;0;0;0;0;0;0;0;0;0;0;0;0;0;0;4;768;2896;5798;14268;22273;34669;35697;31435;19965;6273;1089;224;1;0;0;0;0;0;0;0;0;0;0;0;0;0;0;0;0;0;0;0;0;0;0;0;0;0",175360
67,5,"LeakyReLULayer( 0.050000 )",post_activation,"-10;-9.6875;-9.375;-9.0625;-8.75;-8.4375;-8.125;-7.8125;-7.5;-7.1875;-6.875;-6.5625;-6.25;-5.9375;-5.625;-5.3125;-5;-4.6875;-4.375;-4.0625;-3.75;-3.4375;-3.125;-2.8125;-2.5;-2.1875;-1.875;-1.5625;-1.25;-0.9375;-0.625;-0.3125;0;0.3125;0.625;0.9375;1.25;1.5625;1.875;2.1875;2.5;2.8125;3.125;3.4375;3.75;4.0625;4.375;4.6875;5;5.3125;5.625;5.9375;6.25;6.5625;6.875;7.1875;7.5;7.8125;8.125;8.4375;8.75;9.0625;9.375;9.6875;10","0;0;0;0;0;0;0;0;0;0;0;0;0;0;0;0;0;0;0;0;0;0;0;0;0;0;0;0;0;0;0;80676;35697;31435;19965;6273;1089;224;1;0;0;0;0;0;0;0;0;0;0;0;0;0;0;0;0;0;0;0;0;0;0;0;0;0",175360
67,7,"LeakyReLULayer( 0.050000 )",pre_activation,"-10;-9.6875;-9.375;-9.0625;-8.75;-8.4375;-8.125;-7.8125;-7.5;-7.1875;-6.875;-6.5625;-6.25;-5.9375;-5.625;-5.3125;-5;-4.6875;-4.375;-4.0625;-3.75;-3.4375;-3.125;-2.8125;-2.5;-2.1875;-1.875;-1.5625;-1.25;-0.9375;-0.625;-0.3125;0;0.3125;0.625;0.9375;1.25;1.5625;1.875;2.1875;2.5;2.8125;3.125;3.4375;3.75;4.0625;4.375;4.6875;5;5.3125;5.625;5.9375;6.25;6.5625;6.875;7.1875;7.5;7.8125;8.125;8.4375;8.75;9.0625;9.375;9.6875;10","0;0;0;0;0;0;0;0;0;0;0;0;0;0;0;0;0;0;0;0;0;0;0;0;0;0;132;530;2340;6376;16392;25095;19872;10667;4115;1550;491;117;3;0;0;0;0;0;0;0;0;0;0;0;0;0;0;0;0;0;0;0;0;0;0;0;0;0",87680
67,7,"LeakyReLULayer( 0.050000 )",post_activation,"-10;-9.6875;-9.375;-9.0625;-8.75;-8.4375;-8.125;-7.8125;-7.5;-7.1875;-6.875;-6.5625;-6.25;-5.9375;-5.625;-5.3125;-5;-4.6875;-4.375;-4.0625;-3.75;-3.4375;-3.125;-2.8125;-2.5;-2.1875;-1.875;-1.5625;-1.25;-0.9375;-0.625;-0.3125;0;0.3125;0.625;0.9375;1.25;1.5625;1.875;2.1875;2.5;2.8125;3.125;3.4375;3.75;4.0625;4.375;4.6875;5;5.3125;5.625;5.9375;6.25;6.5625;6.875;7.1875;7.5;7.8125;8.125;8.4375;8.75;9.0625;9.375;9.6875;10","0;0;0;0;0;0;0;0;0;0;0;0;0;0;0;0;0;0;0;0;0;0;0;0;0;0;0;0;0;0;0;50865;19872;10667;4115;1550;491;117;3;0;0;0;0;0;0;0;0;0;0;0;0;0;0;0;0;0;0;0;0;0;0;0;0;0",87680
68,1,"LeakyReLULayer( 0.050000 )",pre_activation,"-10;-9.6875;-9.375;-9.0625;-8.75;-8.4375;-8.125;-7.8125;-7.5;-7.1875;-6.875;-6.5625;-6.25;-5.9375;-5.625;-5.3125;-5;-4.6875;-4.375;-4.0625;-3.75;-3.4375;-3.125;-2.8125;-2.5;-2.1875;-1.875;-1.5625;-1.25;-0.9375;-0.625;-0.3125;0;0.3125;0.625;0.9375;1.25;1.5625;1.875;2.1875;2.5;2.8125;3.125;3.4375;3.75;4.0625;4.375;4.6875;5;5.3125;5.625;5.9375;6.25;6.5625;6.875;7.1875;7.5;7.8125;8.125;8.4375;8.75;9.0625;9.375;9.6875;10","0;0;0;0;0;0;0;0;0;0;0;0;0;0;0;0;0;0;0;0;61;575;1987;4882;9649;18886;42308;82853;149286;490445;1051928;3087296;3050164;1058111;479089;172926;101850;51694;10010;0;0;0;0;0;0;0;0;0;0;0;0;0;0;0;0;0;0;0;0;0;0;0;0;0",9864000
68,1,"LeakyReLULayer( 0.050000 )",post_activation,"-10;-9.6875;-9.375;-9.0625;-8.75;-8.4375;-8.125;-7.8125;-7.5;-7.1875;-6.875;-6.5625;-6.25;-5.9375;-5.625;-5.3125;-5;-4.6875;-4.375;-4.0625;-3.75;-3.4375;-3.125;-2.8125;-2.5;-2.1875;-1.875;-1.5625;-1.25;-0.9375;-0.625;-0.3125;0;0.3125;0.625;0.9375;1.25;1.5625;1.875;2.1875;2.5;2.8125;3.125;3.4375;3.75;4.0625;4.375;4.6875;5;5.3125;5.625;5.9375;6.25;6.5625;6.875;7.1875;7.5;7.8125;8.125;8.4375;8.75;9.0625;9.375;9.6875;10","0;0;0;0;0;0;0;0;0;0;0;0;0;0;0;0;0;0;0;0;0;0;0;0;0;0;0;0;0;0;0;4940156;3050164;1058111;479089;172926;101850;51694;10010;0;0;0;0;0;0;0;0;0;0;0;0;0;0;0;0;0;0;0;0;0;0;0;0;0",9864000
68,5,"LeakyReLULayer( 0.050000 )",pre_activation,"-10;-9.6875;-9.375;-9.0625;-8.75;-8.4375;-8.125;-7.8125;-7.5;-7.1875;-6.875;-6.5625;-6.25;-5.9375;-5.625;-5.3125;-5;-4.6875;-4.375;-4.0625;-3.75;-3.4375;-3.125;-2.8125;-2.5;-2.1875;-1.875;-1.5625;-1.25;-0.9375;-0.625;-0.3125;0;0.3125;0.625;0.9375;1.25;1.5625;1.875;2.1875;2.5;2.8125;3.125;3.4375;3.75;4.0625;4.375;4.6875;5;5.3125;5.625;5.9375;6.25;6.5625;6.875;7.1875;7.5;7.8125;8.125;8.4375;8.75;9.0625;9.375;9.6875;10","0;0;0;0;0;0;0;0;0;0;0;0;0;0;0;0;0;0;0;0;0;0;0;0;0;5;778;2926;5831;14228;22231;34556;35866;31320;20022;6278;1092;226;1;0;0;0;0;0;0;0;0;0;0;0;0;0;0;0;0;0;0;0;0;0;0;0;0;0",175360
68,5,"LeakyReLULayer( 0.050000 )",post_activation,"-10;-9.6875;-9.375;-9.0625;-8.75;-8.4375;-8.125;-7.8125;-7.5;-7.1875;-6.875;-6.5625;-6.25;-5.9375;-5.625;-5.3125;-5;-4.6875;-4.375;-4.0625;-3.75;-3.4375;-3.125;-2.8125;-2.5;-2.1875;-1.875;-1.5625;-1.25;-0.9375;-0.625;-0.3125;0;0.3125;0.625;0.9375;1.25;1.5625;1.875;2.1875;2.5;2.8125;3.125;3.4375;3.75;4.0625;4.375;4.6875;5;5.3125;5.625;5.9375;6.25;6.5625;6.875;7.1875;7.5;7.8125;8.125;8.4375;8.75;9.0625;9.375;9.6875;10","0;0;0;0;0;0;0;0;0;0;0;0;0;0;0;0;0;0;0;0;0;0;0;0;0;0;0;0;0;0;0;80555;35866;31320;20022;6278;1092;226;1;0;0;0;0;0;0;0;0;0;0;0;0;0;0;0;0;0;0;0;0;0;0;0;0;0",175360
68,7,"LeakyReLULayer( 0.050000 )",pre_activation,"-10;-9.6875;-9.375;-9.0625;-8.75;-8.4375;-8.125;-7.8125;-7.5;-7.1875;-6.875;-6.5625;-6.25;-5.9375;-5.625;-5.3125;-5;-4.6875;-4.375;-4.0625;-3.75;-3.4375;-3.125;-2.8125;-2.5;-2.1875;-1.875;-1.5625;-1.25;-0.9375;-0.625;-0.3125;0;0.3125;0.625;0.9375;1.25;1.5625;1.875;2.1875;2.5;2.8125;3.125;3.4375;3.75;4.0625;4.375;4.6875;5;5.3125;5.625;5.9375;6.25;6.5625;6.875;7.1875;7.5;7.8125;8.125;8.4375;8.75;9.0625;9.375;9.6875;10","0;0;0;0;0;0;0;0;0;0;0;0;0;0;0;0;0;0;0;0;0;0;0;0;0;0;134;530;2330;6427;16424;25163;19758;10629;4103;1574;485;119;4;0;0;0;0;0;0;0;0;0;0;0;0;0;0;0;0;0;0;0;0;0;0;0;0;0",87680
68,7,"LeakyReLULayer( 0.050000 )",post_activation,"-10;-9.6875;-9.375;-9.0625;-8.75;-8.4375;-8.125;-7.8125;-7.5;-7.1875;-6.875;-6.5625;-6.25;-5.9375;-5.625;-5.3125;-5;-4.6875;-4.375;-4.0625;-3.75;-3.4375;-3.125;-2.8125;-2.5;-2.1875;-1.875;-1.5625;-1.25;-0.9375;-0.625;-0.3125;0;0.3125;0.625;0.9375;1.25;1.5625;1.875;2.1875;2.5;2.8125;3.125;3.4375;3.75;4.0625;4.375;4.6875;5;5.3125;5.625;5.9375;6.25;6.5625;6.875;7.1875;7.5;7.8125;8.125;8.4375;8.75;9.0625;9.375;9.6875;10","0;0;0;0;0;0;0;0;0;0;0;0;0;0;0;0;0;0;0;0;0;0;0;0;0;0;0;0;0;0;0;51008;19758;10629;4103;1574;485;119;4;0;0;0;0;0;0;0;0;0;0;0;0;0;0;0;0;0;0;0;0;0;0;0;0;0",87680
69,1,"LeakyReLULayer( 0.050000 )",pre_activation,"-10;-9.6875;-9.375;-9.0625;-8.75;-8.4375;-8.125;-7.8125;-7.5;-7.1875;-6.875;-6.5625;-6.25;-5.9375;-5.625;-5.3125;-5;-4.6875;-4.375;-4.0625;-3.75;-3.4375;-3.125;-2.8125;-2.5;-2.1875;-1.875;-1.5625;-1.25;-0.9375;-0.625;-0.3125;0;0.3125;0.625;0.9375;1.25;1.5625;1.875;2.1875;2.5;2.8125;3.125;3.4375;3.75;4.0625;4.375;4.6875;5;5.3125;5.625;5.9375;6.25;6.5625;6.875;7.1875;7.5;7.8125;8.125;8.4375;8.75;9.0625;9.375;9.6875;10","0;0;0;0;0;0;0;0;0;0;0;0;0;0;0;0;0;0;0;0;61;575;1987;4881;9650;18877;42302;82846;149247;490348;1051881;3087514;3050357;1058069;478996;172863;101854;51687;10005;0;0;0;0;0;0;0;0;0;0;0;0;0;0;0;0;0;0;0;0;0;0;0;0;0",9864000
69,1,"LeakyReLULayer( 0.050000 )",post_activation,"-10;-9.6875;-9.375;-9.0625;-8.75;-8.4375;-8.125;-7.8125;-7.5;-7.1875;-6.875;-6.5625;-6.25;-5.9375;-5.625;-5.3125;-5;-4.6875;-4.375;-4.0625;-3.75;-3.4375;-3.125;-2.8125;-2.5;-2.1875;-1.875;-1.5625;-1.25;-0.9375;-0.625;-0.3125;0;0.3125;0.625;0.9375;1.25;1.5625;1.875;2.1875;2.5;2.8125;3.125;3.4375;3.75;4.0625;4.375;4.6875;5;5.3125;5.625;5.9375;6.25;6.5625;6.875;7.1875;7.5;7.8125;8.125;8.4375;8.75;9.0625;9.375;9.6875;10","0;0;0;0;0;0;0;0;0;0;0;0;0;0;0;0;0;0;0;0;0;0;0;0;0;0;0;0;0;0;0;4940169;3050357;1058069;478996;172863;101854;51687;10005;0;0;0;0;0;0;0;0;0;0;0;0;0;0;0;0;0;0;0;0;0;0;0;0;0",9864000
69,5,"LeakyReLULayer( 0.050000 )",pre_activation,"-10;-9.6875;-9.375;-9.0625;-8.75;-8.4375;-8.125;-7.8125;-7.5;-7.1875;-6.875;-6.5625;-6.25;-5.9375;-5.625;-5.3125;-5;-4.6875;-4.375;-4.0625;-3.75;-3.4375;-3.125;-2.8125;-2.5;-2.1875;-1.875;-1.5625;-1.25;-0.9375;-0.625;-0.3125;0;0.3125;0.625;0.9375;1.25;1.5625;1.875;2.1875;2.5;2.8125;3.125;3.4375;3.75;4.0625;4.375;4.6875;5;5.3125;5.625;5.9375;6.25;6.5625;6.875;7.1875;7.5;7.8125;8.125;8.4375;8.75;9.0625;9.375;9.6875;10","0;0;0;0;0;0;0;0;0;0;0;0;0;0;0;0;0;0;0;0;0;0;0;0;0;5;762;2935;5785;14305;22153;34648;35862;31341;19959;6284;1092;228;1;0;0;0;0;0;0;0;0;0;0;0;0;0;0;0;0;0;0;0;0;0;0;0;0;0",175360
69,5,"LeakyReLULayer( 0.050000 )",post_activation,"-10;-9.6875;-9.375;-9.0625;-8.75;-8.4375;-8.125;-7.8125;-7.5;-7.1875;-6.875;-6.5625;-6.25;-5.9375;-5.625;-5.3125;-5;-4.6875;-4.375;-4.0625;-3.75;-3.4375;-3.125;-2.8125;-2.5;-2.1875;-1.875;-1.5625;-1.25;-0.9375;-0.625;-0.3125;0;0.3125;0.625;0.9375;1.25;1.5625;1.875;2.1875;2.5;2.8125;3.125;3.4375;3.75;4.0625;4.375;4.6875;5;5.3125;5.625;5.9375;6.25;6.5625;6.875;7.1875;7.5;7.8125;8.125;8.4375;8.75;9.0625;9.375;9.6875;10","0;0;0;0;0;0;0;0;0;0;0;0;0;0;0;0;0;0;0;0;0;0;0;0;0;0;0;0;0;0;0;80593;35862;31341;19959;6284;1092;228;1;0;0;0;0;0;0;0;0;0;0;0;0;0;0;0;0;0;0;0;0;0;0;0;0;0",175360
69,7,"LeakyReLULayer( 0.050000 )",pre_activation,"-10;-9.6875;-9.375;-9.0625;-8.75;-8.4375;-8.125;-7.8125;-7.5;-7.1875;-6.875;-6.5625;-6.25;-5.9375;-5.625;-5.3125;-5;-4.6875;-4.375;-4.0625;-3.75;-3.4375;-3.125;-2.8125;-2.5;-2.1875;-1.875;-1.5625;-1.25;-0.9375;-0.625;-0.3125;0;0.3125;0.625;0.9375;1.25;1.5625;1.875;2.1875;2.5;2.8125;3.125;3.4375;3.75;4.0625;4.375;4.6875;5;5.3125;5.625;5.9375;6.25;6.5625;6.875;7.1875;7.5;7.8125;8.125;8.4375;8.75;9.0625;9.375;9.6875;10","0;0;0;0;0;0;0;0;0;0;0;0;0;0;0;0;0;0;0;0;0;0;0;0;0;0;138;525;2332;6410;16396;25109;19837;10666;4111;1550;490;113;3;0;0;0;0;0;0;0;0;0;0;0;0;0;0;0;0;0;0;0;0;0;0;0;0;0",87680
69,7,"LeakyReLULayer( 0.050000 )",post_activation,"-10;-9.6875;-9.375;-9.0625;-8.75;-8.4375;-8.125;-7.8125;-7.5;-7.1875;-6.875;-6.5625;-6.25;-5.9375;-5.625;-5.3125;-5;-4.6875;-4.375;-4.0625;-3.75;-3.4375;-3.125;-2.8125;-2.5;-2.1875;-1.875;-1.5625;-1.25;-0.9375;-0.625;-0.3125;0;0.3125;0.625;0.9375;1.25;1.5625;1.875;2.1875;2.5;2.8125;3.125;3.4375;3.75;4.0625;4.375;4.6875;5;5.3125;5.625;5.9375;6.25;6.5625;6.875;7.1875;7.5;7.8125;8.125;8.4375;8.75;9.0625;9.375;9.6875;10","0;0;0;0;0;0;0;0;0;0;0;0;0;0;0;0;0;0;0;0;0;0;0;0;0;0;0;0;0;0;0;50910;19837;10666;4111;1550;490;113;3;0;0;0;0;0;0;0;0;0;0;0;0;0;0;0;0;0;0;0;0;0;0;0;0;0",87680
70,1,"LeakyReLULayer( 0.050000 )",pre_activation,"-10;-9.6875;-9.375;-9.0625;-8.75;-8.4375;-8.125;-7.8125;-7.5;-7.1875;-6.875;-6.5625;-6.25;-5.9375;-5.625;-5.3125;-5;-4.6875;-4.375;-4.0625;-3.75;-3.4375;-3.125;-2.8125;-2.5;-2.1875;-1.875;-1.5625;-1.25;-0.9375;-0.625;-0.3125;0;0.3125;0.625;0.9375;1.25;1.5625;1.875;2.1875;2.5;2.8125;3.125;3.4375;3.75;4.0625;4.375;4.6875;5;5.3125;5.625;5.9375;6.25;6.5625;6.875;7.1875;7.5;7.8125;8.125;8.4375;8.75;9.0625;9.375;9.6875;10","0;0;0;0;0;0;0;0;0;0;0;0;0;0;0;0;0;0;0;0;61;575;1984;4881;9650;18865;42297;82834;149202;490353;1051822;3087653;3050430;1058059;479004;172799;101888;51648;9995;0;0;0;0;0;0;0;0;0;0;0;0;0;0;0;0;0;0;0;0;0;0;0;0;0",9864000
70,1,"LeakyReLULayer( 0.050000 )",post_activation,"-10;-9.6875;-9.375;-9.0625;-8.75;-8.4375;-8.125;-7.8125;-7.5;-7.1875;-6.875;-6.5625;-6.25;-5.9375;-5.625;-5.3125;-5;-4.6875;-4.375;-4.0625;-3.75;-3.4375;-3.125;-2.8125;-2.5;-2.1875;-1.875;-1.5625;-1.25;-0.9375;-0.625;-0.3125;0;0.3125;0.625;0.9375;1.25;1.5625;1.875;2.1875;2.5;2.8125;3.125;3.4375;3.75;4.0625;4.375;4.6875;5;5.3125;5.625;5.9375;6.25;6.5625;6.875;7.1875;7.5;7.8125;8.125;8.4375;8.75;9.0625;9.375;9.6875;10","0;0;0;0;0;0;0;0;0;0;0;0;0;0;0;0;0;0;0;0;0;0;0;0;0;0;0;0;0;0;0;4940177;3050430;1058059;479004;172799;101888;51648;9995;0;0;0;0;0;0;0;0;0;0;0;0;0;0;0;0;0;0;0;0;0;0;0;0;0",9864000
70,5,"LeakyReLULayer( 0.050000 )",pre_activation,"-10;-9.6875;-9.375;-9.0625;-8.75;-8.4375;-8.125;-7.8125;-7.5;-7.1875;-6.875;-6.5625;-6.25;-5.9375;-5.625;-5.3125;-5;-4.6875;-4.375;-4.0625;-3.75;-3.4375;-3.125;-2.8125;-2.5;-2.1875;-1.875;-1.5625;-1.25;-0.9375;-0.625;-0.3125;0;0.3125;0.625;0.9375;1.25;1.5625;1.875;2.1875;2.5;2.8125;3.125;3.4375;3.75;4.0625;4.375;4.6875;5;5.3125;5.625;5.9375;6.25;6.5625;6.875;7.1875;7.5;7.8125;8.125;8.4375;8.75;9.0625;9.375;9.6875;10","0;0;0;0;0;0;0;0;0;0;0;0;0;0;0;0;0;0;0;0;0;0;0;0;0;5;757;2907;5847;14310;22173;34682;35762;31312;20012;6267;1100;225;1;0;0;0;0;0;0;0;0;0;0;0;0;0;0;0;0;0;0;0;0;0;0;0;0;0",175360
70,5,"LeakyReLULayer( 0.050000 )",post_activation,"-10;-9.6875;-9.375;-9.0625;-8.75;-8.4375;-8.125;-7.8125;-7.5;-7.1875;-6.875;-6.5625;-6.25;-5.9375;-5.625;-5.3125;-5;-4.6875;-4.375;-4.0625;-3.75;-3.4375;-3.125;-2.8125;-2.5;-2.1875;-1.875;-1.5625;-1.25;-0.9375;-0.625;-0.3125;0;0.3125;0.625;0.9375;1.25;1.5625;1.875;2.1875;2.5;2.8125;3.125;3.4375;3.75;4.0625;4.375;4.6875;5;5.3125;5.625;5.9375;6.25;6.5625;6.875;7.1875;7.5;7.8125;8.125;8.4375;8.75;9.0625;9.375;9.6875;10","0;0;0;0;0;0;0;0;0;0;0;0;0;0;0;0;0;0;0;0;0;0;0;0;0;0;0;0;0;0;0;80681;35762;31312;20012;6267;1100;225;1;0;0;0;0;0;0;0;0;0;0;0;0;0;0;0;0;0;0;0;0;0;0;0;0;0",175360
70,7,"LeakyReLULayer( 0.050000 )",pre_activation,"-10;-9.6875;-9.375;-9.0625;-8.75;-8.4375;-8.125;-7.8125;-7.5;-7.1875;-6.875;-6.5625;-6.25;-5.9375;-5.625;-5.3125;-5;-4.6875;-4.375;-4.0625;-3.75;-3.4375;-3.125;-2.8125;-2.5;-2.1875;-1.875;-1.5625;-1.25;-0.9375;-0.625;-0.3125;0;0.3125;0.625;0.9375;1.25;1.5625;1.875;2.1875;2.5;2.8125;3.125;3.4375;3.75;4.0625;4.375;4.6875;5;5.3125;5.625;5.9375;6.25;6.5625;6.875;7.1875;7.5;7.8125;8.125;8.4375;8.75;9.0625;9.375;9.6875;10","0;0;0;0;0;0;0;0;0;0;0;0;0;0;0;0;0;0;0;0;0;0;0;0;0;0;132;524;2345;6424;16411;25094;19806;10657;4135;1542;494;114;2;0;0;0;0;0;0;0;0;0;0;0;0;0;0;0;0;0;0;0;0;0;0;0;0;0",87680
70,7,"LeakyReLULayer( 0.050000 )",post_activation,"-10;-9.6875;-9.375;-9.0625;-8.75;-8.4375;-8.125;-7.8125;-7.5;-7.1875;-6.875;-6.5625;-6.25;-5.9375;-5.625;-5.3125;-5;-4.6875;-4.375;-4.0625;-3.75;-3.4375;-3.125;-2.8125;-2.5;-2.1875;-1.875;-1.5625;-1.25;-0.9375;-0.625;-0.3125;0;0.3125;0.625;0.9375;1.25;1.5625;1.875;2.1875;2.5;2.8125;3.125;3.4375;3.75;4.0625;4.375;4.6875;5;5.3125;5.625;5.9375;6.25;6.5625;6.875;7.1875;7.5;7.8125;8.125;8.4375;8.75;9.0625;9.375;9.6875;10","0;0;0;0;0;0;0;0;0;0;0;0;0;0;0;0;0;0;0;0;0;0;0;0;0;0;0;0;0;0;0;50930;19806;10657;4135;1542;494;114;2;0;0;0;0;0;0;0;0;0;0;0;0;0;0;0;0;0;0;0;0;0;0;0;0;0",87680
71,1,"LeakyReLULayer( 0.050000 )",pre_activation,"-10;-9.6875;-9.375;-9.0625;-8.75;-8.4375;-8.125;-7.8125;-7.5;-7.1875;-6.875;-6.5625;-6.25;-5.9375;-5.625;-5.3125;-5;-4.6875;-4.375;-4.0625;-3.75;-3.4375;-3.125;-2.8125;-2.5;-2.1875;-1.875;-1.5625;-1.25;-0.9375;-0.625;-0.3125;0;0.3125;0.625;0.9375;1.25;1.5625;1.875;2.1875;2.5;2.8125;3.125;3.4375;3.75;4.0625;4.375;4.6875;5;5.3125;5.625;5.9375;6.25;6.5625;6.875;7.1875;7.5;7.8125;8.125;8.4375;8.75;9.0625;9.375;9.6875;10","0;0;0;0;0;0;0;0;0;0;0;0;0;0;0;0;0;0;0;0;61;576;1989;4880;9655;18866;42301;82859;149252;490385;1051762;3087582;3050332;1058046;479021;172862;101865;51692;10014;0;0;0;0;0;0;0;0;0;0;0;0;0;0;0;0;0;0;0;0;0;0;0;0;0",9864000
71,1,"LeakyReLULayer( 0.050000 )",post_activation,"-10;-9.6875;-9.375;-9.0625;-8.75;-8.4375;-8.125;-7.8125;-7.5;-7.1875;-6.875;-6.5625;-6.25;-5.9375;-5.625;-5.3125;-5;-4.6875;-4.375;-4.0625;-3.75;-3.4375;-3.125;-2.8125;-2.5;-2.1875;-1.875;-1.5625;-1.25;-0.9375;-0.625;-0.3125;0;0.3125;0.625;0.9375;1.25;1.5625;1.875;2.1875;2.5;2.8125;3.125;3.4375;3.75;4.0625;4.375;4.6875;5;5.3125;5.625;5.9375;6.25;6.5625;6.875;7.1875;7.5;7.8125;8.125;8.4375;8.75;9.0625;9.375;9.6875;10","0;0;0;0;0;0;0;0;0;0;0;0;0;0;0;0;0;0;0;0;0;0;0;0;0;0;0;0;0;0;0;4940168;3050332;1058046;479021;172862;101865;51692;10014;0;0;0;0;0;0;0;0;0;0;0;0;0;0;0;0;0;0;0;0;0;0;0;0;0",9864000
71,5,"LeakyReLULayer( 0.050000 )",pre_activation,"-10;-9.6875;-9.375;-9.0625;-8.75;-8.4375;-8.125;-7.8125;-7.5;-7.1875;-6.875;-6.5625;-6.25;-5.9375;-5.625;-5.3125;-5;-4.6875;-4.375;-4.0625;-3.75;-3.4375;-3.125;-2.8125;-2.5;-2.1875;-1.875;-1.5625;-1.25;-0.9375;-0.625;-0.3125;0;0.3125;0.625;0.9375;1.25;1.5625;1.875;2.1875;2.5;2.8125;3.125;3.4375;3.75;4.0625;4.375;4.6875;5;5.3125;5.625;5.9375;6.25;6.5625;6.875;7.1875;7.5;7.8125;8.125;8.4375;8.75;9.0625;9.375;9.6875;10","0;0;0;0;0;0;0;0;0;0;0;0;0;0;0;0;0;0;0;0;0;0;0;0;0;7;761;2979;5813;14275;22101;34610;35900;31240;20006;6337;1104;226;1;0;0;0;0;0;0;0;0;0;0;0;0;0;0;0;0;0;0;0;0;0;0;0;0;0",175360
71,5,"LeakyReLULayer( 0.050000 )",post_activation,"-10;-9.6875;-9.375;-9.0625;-8.75;-8.4375;-8.125;-7.8125;-7.5;-7.1875;-6.875;-6.5625;-6.25;-5.9375;-5.625;-5.3125;-5;-4.6875;-4.375;-4.0625;-3.75;-3.4375;-3.125;-2.8125;-2.5;-2.1875;-1.875;-1.5625;-1.25;-0.9375;-0.625;-0.3125;0;0.3125;0.625;0.9375;1.25;1.5625;1.875;2.1875;2.5;2.8125;3.125;3.4375;3.75;4.0625;4.375;4.6875;5;5.3125;5.625;5.9375;6.25;6.5625;6.875;7.1875;7.5;7.8125;8.125;8.4375;8.75;9.0625;9.375;9.6875;10","0;0;0;0;0;0;0;0;0;0;0;0;0;0;0;0;0;0;0;0;0;0;0;0;0;0;0;0;0;0;0;80546;35900;31240;20006;6337;1104;226;1;0;0;0;0;0;0;0;0;0;0;0;0;0;0;0;0;0;0;0;0;0;0;0;0;0",175360
71,7,"LeakyReLULayer( 0.050000 )",pre_activation,"-10;-9.6875;-9.375;-9.0625;-8.75;-8.4375;-8.125;-7.8125;-7.5;-7.1875;-6.875;-6.5625;-6.25;-5.9375;-5.625;-5.3125;-5;-4.6875;-4.375;-4.0625;-3.75;-3.4375;-3.125;-2.8125;-2.5;-2.1875;-1.875;-1.5625;-1.25;-0.9375;-0.625;-0.3125;0;0.3125;0.625;0.9375;1.25;1.5625;1.875;2.1875;2.5;2.8125;3.125;3.4375;3.75;4.0625;4.375;4.6875;5;5.3125;5.625;5.9375;6.25;6.5625;6.875;7.1875;7.5;7.8125;8.125;8.4375;8.75;9.0625;9.375;9.6875;10","0;0;0;0;0;0;0;0;0;0;0;0;0;0;0;0;0;0;0;0;0;0;0;0;0;0;138;527;2336;6428;16487;24996;19801;10664;4131;1564;488;116;4;0;0;0;0;0;0;0;0;0;0;0;0;0;0;0;0;0;0;0;0;0;0;0;0;0",87680
71,7,"LeakyReLULayer( 0.050000 )",post_activation,"-10;-9.6875;-9.375;-9.0625;-8.75;-8.4375;-8.125;-7.8125;-7.5;-7.1875;-6.875;-6.5625;-6.25;-5.9375;-5.625;-5.3125;-5;-4.6875;-4.375;-4.0625;-3.75;-3.4375;-3.125;-2.8125;-2.5;-2.1875;-1.875;-1.5625;-1.25;-0.9375;-0.625;-0.3125;0;0.3125;0.625;0.9375;1.25;1.5625;1.875;2.1875;2.5;2.8125;3.125;3.4375;3.75;4.0625;4.375;4.6875;5;5.3125;5.625;5.9375;6.25;6.5625;6.875;7.1875;7.5;7.8125;8.125;8.4375;8.75;9.0625;9.375;9.6875;10","0;0;0;0;0;0;0;0;0;0;0;0;0;0;0;0;0;0;0;0;0;0;0;0;0;0;0;0;0;0;0;50912;19801;10664;4131;1564;488;116;4;0;0;0;0;0;0;0;0;0;0;0;0;0;0;0;0;0;0;0;0;0;0;0;0;0",87680
72,1,"LeakyReLULayer( 0.050000 )",pre_activation,"-10;-9.6875;-9.375;-9.0625;-8.75;-8.4375;-8.125;-7.8125;-7.5;-7.1875;-6.875;-6.5625;-6.25;-5.9375;-5.625;-5.3125;-5;-4.6875;-4.375;-4.0625;-3.75;-3.4375;-3.125;-2.8125;-2.5;-2.1875;-1.875;-1.5625;-1.25;-0.9375;-0.625;-0.3125;0;0.3125;0.625;0.9375;1.25;1.5625;1.875;2.1875;2.5;2.8125;3.125;3.4375;3.75;4.0625;4.375;4.6875;5;5.3125;5.625;5.9375;6.25;6.5625;6.875;7.1875;7.5;7.8125;8.125;8.4375;8.75;9.0625;9.375;9.6875;10","0;0;0;0;0;0;0;0;0;0;0;0;0;0;0;0;0;0;0;0;61;575;1987;4877;9651;18870;42297;82838;149254;490395;1051798;3087610;3050341;1057991;479040;172873;101877;51664;10001;0;0;0;0;0;0;0;0;0;0;0;0;0;0;0;0;0;0;0;0;0;0;0;0;0",9864000
72,1,"LeakyReLULayer( 0.050000 )",post_activation,"-10;-9.6875;-9.375;-9.0625;-8.75;-8.4375;-8.125;-7.8125;-7.5;-7.1875;-6.875;-6.5625;-6.25;-5.9375;-5.625;-5.3125;-5;-4.6875;-4.375;-4.0625;-3.75;-3.4375;-3.125;-2.8125;-2.5;-2.1875;-1.875;-1.5625;-1.25;-0.9375;-0.625;-0.3125;0;0.3125;0.625;0.9375;1.25;1.5625;1.875;2.1875;2.5;2.8125;3.125;3.4375;3.75;4.0625;4.375;4.6875;5;5.3125;5.625;5.9375;6.25;6.5625;6.875;7.1875;7.5;7.8125;8.125;8.4375;8.75;9.0625;9.375;9.6875;10","0;0;0;0;0;0;0;0;0;0;0;0;0;0;0;0;0;0;0;0;0;0;0;0;0;0;0;0;0;0;0;4940213;3050341;1057991;479040;172873;101877;51664;10001;0;0;0;0;0;0;0;0;0;0;0;0;0;0;0;0;0;0;0;0;0;0;0;0;0",9864000
72,5,"LeakyReLULayer( 0.050000 )",pre_activation,"-10;-9.6875;-9.375;-9.0625;-8.75;-8.4375;-8.125;-7.8125;-7.5;-7.1875;-6.875;-6.5625;-6.25;-5.9375;-5.625;-5.3125;-5;-4.6875;-4.375;-4.0625;-3.75;-3.4375;-3.125;-2.8125;-2.5;-2.1875;-1.875;-1.5625;-1.25;-0.9375;-0.625;-0.3125;0;0.3125;0.625;0.9375;1.25;1.5625;1.875;2.1875;2.5;2.8125;3.125;3.4375;3.75;4.0625;4.375;4.6875;5;5.3125;5.625;5.9375;6.25;6.5625;6.875;7.1875;7.5;7.8125;8.125;8.4375;8.75;9.0625;9.375;9.6875;10","0;0;0;0;0;0;0;0;0;0;0;0;0;0;0;0;0;0;0;0;0;0;0;0;0;5;760;3021;5744;14302;22047;34836;35652;31297;20024;6325;1115;231;1;0;0;0;0;0;0;0;0;0;0;0;0;0;0;0;0;0;0;0;0;0;0;0;0;0",175360
72,5,"LeakyReLULayer( 0.050000 )",post_activation,"-10;-9.6875;-9.375;-9.0625;-8.75;-8.4375;-8.125;-7.8125;-7.5;-7.1875;-6.875;-6.5625;-6.25;-5.9375;-5.625;-5.3125;-5;-4.6875;-4.375;-4.0625;-3.75;-3.4375;-3.125;-2.8125;-2.5;-2.1875;-1.875;-1.5625;-1.25;-0.9375;-0.625;-0.3125;0;0.3125;0.625;0.9375;1.25;1.5625;1.875;2.1875;2.5;2.8125;3.125;3.4375;3.75;4.0625;4.375;4.6875;5;5.3125;5.625;5.9375;6.25;6.5625;6.875;7.1875;7.5;7.8125;8.125;8.4375;8.75;9.0625;9.375;9.6875;10","0;0;0;0;0;0;0;0;0;0;0;0;0;0;0;0;0;0;0;0;0;0;0;0;0;0;0;0;0;0;0;80715;35652;31297;20024;6325;1115;231;1;0;0;0;0;0;0;0;0;0;0;0;0;0;0;0;0;0;0;0;0;0;0;0;0;0",175360
72,7,"LeakyReLULayer( 0.050000 )",pre_activation,"-10;-9.6875;-9.375;-9.0625;-8.75;-8.4375;-8.125;-7.8125;-7.5;-7.1875;-6.875;-6.5625;-6.25;-5.9375;-5.625;-5.3125;-5;-4.6875;-4.375;-4.0625;-3.75;-3.4375;-3.125;-2.8125;-2.5;-2.1875;-1.875;-1.5625;-1.25;-0.9375;-0.625;-0.3125;0;0.3125;0.625;0.9375;1.25;1.5625;1.875;2.1875;2.5;2.8125;3.125;3.4375;3.75;4.0625;4.375;4.6875;5;5.3125;5.625;5.9375;6.25;6.5625;6.875;7.1875;7.5;7.8125;8.125;8.4375;8.75;9.0625;9.375;9.6875;10","0;0;0;0;0;0;0;0;0;0;0;0;0;0;0;0;0;0;0;0;0;0;0;0;0;0;149;522;2324;6429;16493;24923;19838;10668;4153;1566;498;114;3;0;0;0;0;0;0;0;0;0;0;0;0;0;0;0;0;0;0;0;0;0;0;0;0;0",87680
72,7,"LeakyReLULayer( 0.050000 )",post_activation,"-10;-9.6875;-9.375;-9.0625;-8.75;-8.4375;-8.125;-7.8125;-7.5;-7.1875;-6.875;-6.5625;-6.25;-5.9375;-5.625;-5.3125;-5;-4.6875;-4.375;-4.0625;-3.75;-3.4375;-3.125;-2.8125;-2.5;-2.1875;-1.875;-1.5625;-1.25;-0.9375;-0.625;-0.3125;0;0.3125;0.625;0.9375;1.25;1.5625;1.875;2.1875;2.5;2.8125;3.125;3.4375;3.75;4.0625;4.375;4.6875;5;5.3125;5.625;5.9375;6.25;6.5625;6.875;7.1875;7.5;7.8125;8.125;8.4375;8.75;9.0625;9.375;9.6875;10","0;0;0;0;0;0;0;0;0;0;0;0;0;0;0;0;0;0;0;0;0;0;0;0;0;0;0;0;0;0;0;50840;19838;10668;4153;1566;498;114;3;0;0;0;0;0;0;0;0;0;0;0;0;0;0;0;0;0;0;0;0;0;0;0;0;0",87680
73,1,"LeakyReLULayer( 0.050000 )",pre_activation,"-10;-9.6875;-9.375;-9.0625;-8.75;-8.4375;-8.125;-7.8125;-7.5;-7.1875;-6.875;-6.5625;-6.25;-5.9375;-5.625;-5.3125;-5;-4.6875;-4.375;-4.0625;-3.75;-3.4375;-3.125;-2.8125;-2.5;-2.1875;-1.875;-1.5625;-1.25;-0.9375;-0.625;-0.3125;0;0.3125;0.625;0.9375;1.25;1.5625;1.875;2.1875;2.5;2.8125;3.125;3.4375;3.75;4.0625;4.375;4.6875;5;5.3125;5.625;5.9375;6.25;6.5625;6.875;7.1875;7.5;7.8125;8.125;8.4375;8.75;9.0625;9.375;9.6875;10","0;0;0;0;0;0;0;0;0;0;0;0;0;0;0;0;0;0;0;0;61;575;1986;4879;9650;18874;42287;82847;149217;490367;1051736;3087732;3050361;1058050;478996;172836;101871;51670;10005;0;0;0;0;0;0;0;0;0;0;0;0;0;0;0;0;0;0;0;0;0;0;0;0;0",9864000
73,1,"LeakyReLULayer( 0.050000 )",post_activation,"-10;-9.6875;-9.375;-9.0625;-8.75;-8.4375;-8.125;-7.8125;-7.5;-7.1875;-6.875;-6.5625;-6.25;-5.9375;-5.625;-5.3125;-5;-4.6875;-4.375;-4.0625;-3.75;-3.4375;-3.125;-2.8125;-2.5;-2.1875;-1.875;-1.5625;-1.25;-0.9375;-0.625;-0.3125;0;0.3125;0.625;0.9375;1.25;1.5625;1.875;2.1875;2.5;2.8125;3.125;3.4375;3.75;4.0625;4.375;4.6875;5;5.3125;5.625;5.9375;6.25;6.5625;6.875;7.1875;7.5;7.8125;8.125;8.4375;8.75;9.0625;9.375;9.6875;10","0;0;0;0;0;0;0;0;0;0;0;0;0;0;0;0;0;0;0;0;0;0;0;0;0;0;0;0;0;0;0;4940211;3050361;1058050;478996;172836;101871;51670;10005;0;0;0;0;0;0;0;0;0;0;0;0;0;0;0;0;0;0;0;0;0;0;0;0;0",9864000
73,5,"LeakyReLULayer( 0.050000 )",pre_activation,"-10;-9.6875;-9.375;-9.0625;-8.75;-8.4375;-8.125;-7.8125;-7.5;-7.1875;-6.875;-6.5625;-6.25;-5.9375;-5.625;-5.3125;-5;-4.6875;-4.375;-4.0625;-3.75;-3.4375;-3.125;-2.8125;-2.5;-2.1875;-1.875;-1.5625;-1.25;-0.9375;-0.625;-0.3125;0;0.3125;0.625;0.9375;1.25;1.5625;1.875;2.1875;2.5;2.8125;3.125;3.4375;3.75;4.0625;4.375;4.6875;5;5.3125;5.625;5.9375;6.25;6.5625;6.875;7.1875;7.5;7.8125;8.125;8.4375;8.75;9.0625;9.375;9.6875;10","0;0;0;0;0;0;0;0;0;0;0;0;0;0;0;0;0;0;0;0;0;0;0;0;0;5;764;3049;5751;14327;22083;34699;35785;31169;20057;6323;1118;229;1;0;0;0;0;0;0;0;0;0;0;0;0;0;0;0;0;0;0;0;0;0;0;0;0;0",175360
73,5,"LeakyReLULayer( 0.050000 )",post_activation,"-10;-9.6875;-9.375;-9.0625;-8.75;-8.4375;-8.125;-7.8125;-7.5;-7.1875;-6.875;-6.5625;-6.25;-5.9375;-5.625;-5.3125;-5;-4.6875;-4.375;-4.0625;-3.75;-3.4375;-3.125;-2.8125;-2.5;-2.1875;-1.875;-1.5625;-1.25;-0.9375;-0.625;-0.3125;0;0.3125;0.625;0.9375;1.25;1.5625;1.875;2.1875;2.5;2.8125;3.125;3.4375;3.75;4.0625;4.375;4.6875;5;5.3125;5.625;5.9375;6.25;6.5625;6.875;7.1875;7.5;7.8125;8.125;8.4375;8.75;9.0625;9.375;9.6875;10","0;0;0;0;0;0;0;0;0;0;0;0;0;0;0;0;0;0;0;0;0;0;0;0;0;0;0;0;0;0;0;80678;35785;31169;20057;6323;1118;229;1;0;0;0;0;0;0;0;0;0;0;0;0;0;0;0;0;0;0;0;0;0;0;0;0;0",175360
73,7,"LeakyReLULayer( 0.050000 )",pre_activation,"-10;-9.6875;-9.375;-9.0625;-8.75;-8.4375;-8.125;-7.8125;-7.5;-7.1875;-6.875;-6.5625;-6.25;-5.9375;-5.625;-5.3125;-5;-4.6875;-4.375;-4.0625;-3.75;-3.4375;-3.125;-2.8125;-2.5;-2.1875;-1.875;-1.5625;-1.25;-0.9375;-0.625;-0.3125;0;0.3125;0.625;0.9375;1.25;1.5625;1.875;2.1875;2.5;2.8125;3.125;3.4375;3.75;4.0625;4.375;4.6875;5;5.3125;5.625;5.9375;6.25;6.5625;6.875;7.1875;7.5;7.8125;8.125;8.4375;8.75;9.0625;9.375;9.6875;10","0;0;0;0;0;0;0;0;0;0;0;0;0;0;0;0;0;0;0;0;0;0;0;0;0;0;140;522;2327;6434;16526;24967;19760;10680;4153;1559;498;113;1;0;0;0;0;0;0;0;0;0;0;0;0;0;0;0;0;0;0;0;0;0;0;0;0;0",87680
73,7,"LeakyReLULayer( 0.050000 )",post_activation,"-10;-9.6875;-9.375;-9.0625;-8.75;-8.4375;-8.125;-7.8125;-7.5;-7.1875;-6.875;-6.5625;-6.25;-5.9375;-5.625;-5.3125;-5;-4.6875;-4.375;-4.0625;-3.75;-3.4375;-3.125;-2.8125;-2.5;-2.1875;-1.875;-1.5625;-1.25;-0.9375;-0.625;-0.3125;0;0.3125;0.625;0.9375;1.25;1.5625;1.875;2.1875;2.5;2.8125;3.125;3.4375;3.75;4.0625;4.375;4.6875;5;5.3125;5.625;5.9375;6.25;6.5625;6.875;7.1875;7.5;7.8125;8.125;8.4375;8.75;9.0625;9.375;9.6875;10","0;0;0;0;0;0;0;0;0;0;0;0;0;0;0;0;0;0;0;0;0;0;0;0;0;0;0;0;0;0;0;50916;19760;10680;4153;1559;498;113;1;0;0;0;0;0;0;0;0;0;0;0;0;0;0;0;0;0;0;0;0;0;0;0;0;0",87680
74,1,"LeakyReLULayer( 0.050000 )",pre_activation,"-10;-9.6875;-9.375;-9.0625;-8.75;-8.4375;-8.125;-7.8125;-7.5;-7.1875;-6.875;-6.5625;-6.25;-5.9375;-5.625;-5.3125;-5;-4.6875;-4.375;-4.0625;-3.75;-3.4375;-3.125;-2.8125;-2.5;-2.1875;-1.875;-1.5625;-1.25;-0.9375;-0.625;-0.3125;0;0.3125;0.625;0.9375;1.25;1.5625;1.875;2.1875;2.5;2.8125;3.125;3.4375;3.75;4.0625;4.375;4.6875;5;5.3125;5.625;5.9375;6.25;6.5625;6.875;7.1875;7.5;7.8125;8.125;8.4375;8.75;9.0625;9.375;9.6875;10","0;0;0;0;0;0;0;0;0;0;0;0;0;0;0;0;0;0;0;0;61;575;1987;4883;9651;18881;42296;82857;149253;490460;1051712;3087611;3050231;1057985;479080;172911;101850;51705;10011;0;0;0;0;0;0;0;0;0;0;0;0;0;0;0;0;0;0;0;0;0;0;0;0;0",9864000
74,1,"LeakyReLULayer( 0.050000 )",post_activation,"-10;-9.6875;-9.375;-9.0625;-8.75;-8.4375;-8.125;-7.8125;-7.5;-7.1875;-6.875;-6.5625;-6.25;-5.9375;-5.625;-5.3125;-5;-4.6875;-4.375;-4.0625;-3.75;-3.4375;-3.125;-2.8125;-2.5;-2.1875;-1.875;-1.5625;-1.25;-0.9375;-0.625;-0.3125;0;0.3125;0.625;0.9375;1.25;1.5625;1.875;2.1875;2.5;2.8125;3.125;3.4375;3.75;4.0625;4.375;4.6875;5;5.3125;5.625;5.9375;6.25;6.5625;6.875;7.1875;7.5;7.8125;8.125;8.4375;8.75;9.0625;9.375;9.6875;10","0;0;0;0;0;0;0;0;0;0;0;0;0;0;0;0;0;0;0;0;0;0;0;0;0;0;0;0;0;0;0;4940227;3050231;1057985;479080;172911;101850;51705;10011;0;0;0;0;0;0;0;0;0;0;0;0;0;0;0;0;0;0;0;0;0;0;0;0;0",9864000
74,5,"LeakyReLULayer( 0.050000 )",pre_activation,"-10;-9.6875;-9.375;-9.0625;-8.75;-8.4375;-8.125;-7.8125;-7.5;-7.1875;-6.875;-6.5625;-6.25;-5.9375;-5.625;-5.3125;-5;-4.6875;-4.375;-4.0625;-3.75;-3.4375;-3.125;-2.8125;-2.5;-2.1875;-1.875;-1.5625;-1.25;-0.9375;-0.625;-0.3125;0;0.3125;0.625;0.9375;1.25;1.5625;1.875;2.1875;2.5;2.8125;3.125;3.4375;3.75;4.0625;4.375;4.6875;5;5.3125;5.625;5.9375;6.25;6.5625;6.875;7.1875;7.5;7.8125;8.125;8.4375;8.75;9.0625;9.375;9.6875;10","0;0;0;0;0;0;0;0;0;0;0;0;0;0;0;0;0;0;0;0;0;0;0;0;0;5;764;3077;5680;14352;22048;34704;35808;31170;20026;6358;1138;229;1;0;0;0;0;0;0;0;0;0;0;0;0;0;0;0;0;0;0;0;0;0;0;0;0;0",175360
74,5,"LeakyReLULayer( 0.050000 )",post_activation,"-10;-9.6875;-9.375;-9.0625;-8.75;-8.4375;-8.125;-7.8125;-7.5;-7.1875;-6.875;-6.5625;-6.25;-5.9375;-5.625;-5.3125;-5;-4.6875;-4.375;-4.0625;-3.75;-3.4375;-3.125;-2.8125;-2.5;-2.1875;-1.875;-1.5625;-1.25;-0.9375;-0.625;-0.3125;0;0.3125;0.625;0.9375;1.25;1.5625;1.875;2.1875;2.5;2.8125;3.125;3.4375;3.75;4.0625;4.375;4.6875;5;5.3125;5.625;5.9375;6.25;6.5625;6.875;7.1875;7.5;7.8125;8.125;8.4375;8.75;9.0625;9.375;9.6875;10","0;0;0;0;0;0;0;0;0;0;0;0;0;0;0;0;0;0;0;0;0;0;0;0;0;0;0;0;0;0;0;80630;35808;31170;20026;6358;1138;229;1;0;0;0;0;0;0;0;0;0;0;0;0;0;0;0;0;0;0;0;0;0;0;0;0;0",175360
74,7,"LeakyReLULayer( 0.050000 )",pre_activation,"-10;-9.6875;-9.375;-9.0625;-8.75;-8.4375;-8.125;-7.8125;-7.5;-7.1875;-6.875;-6.5625;-6.25;-5.9375;-5.625;-5.3125;-5;-4.6875;-4.375;-4.0625;-3.75;-3.4375;-3.125;-2.8125;-2.5;-2.1875;-1.875;-1.5625;-1.25;-0.9375;-0.625;-0.3125;0;0.3125;0.625;0.9375;1.25;1.5625;1.875;2.1875;2.5;2.8125;3.125;3.4375;3.75;4.0625;4.375;4.6875;5;5.3125;5.625;5.9375;6.25;6.5625;6.875;7.1875;7.5;7.8125;8.125;8.4375;8.75;9.0625;9.375;9.6875;10","0;0;0;0;0;0;0;0;0;0;0;0;0;0;0;0;0;0;0;0;0;0;0;0;0;0;149;520;2329;6413;16477;24881;19891;10661;4164;1569;508;115;3;0;0;0;0;0;0;0;0;0;0;0;0;0;0;0;0;0;0;0;0;0;0;0;0;0",87680
74,7,"LeakyReLULayer( 0.050000 )",post_activation,"-10;-9.6875;-9.375;-9.0625;-8.75;-8.4375;-8.125;-7.8125;-7.5;-7.1875;-6.875;-6.5625;-6.25;-5.9375;-5.625;-5.3125;-5;-4.6875;-4.375;-4.0625;-3.75;-3.4375;-3.125;-2.8125;-2.5;-2.1875;-1.875;-1.5625;-1.25;-0.9375;-0.625;-0.3125;0;0.3125;0.625;0.9375;1.25;1.5625;1.875;2.1875;2.5;2.8125;3.125;3.4375;3.75;4.0625;4.375;4.6875;5;5.3125;5.625;5.9375;6.25;6.5625;6.875;7.1875;7.5;7.8125;8.125;8.4375;8.75;9.0625;9.375;9.6875;10","0;0;0;0;0;0;0;0;0;0;0;0;0;0;0;0;0;0;0;0;0;0;0;0;0;0;0;0;0;0;0;50769;19891;10661;4164;1569;508;115;3;0;0;0;0;0;0;0;0;0;0;0;0;0;0;0;0;0;0;0;0;0;0;0;0;0",87680
75,1,"LeakyReLULayer( 0.050000 )",pre_activation,"-10;-9.6875;-9.375;-9.0625;-8.75;-8.4375;-8.125;-7.8125;-7.5;-7.1875;-6.875;-6.5625;-6.25;-5.9375;-5.625;-5.3125;-5;-4.6875;-4.375;-4.0625;-3.75;-3.4375;-3.125;-2.8125;-2.5;-2.1875;-1.875;-1.5625;-1.25;-0.9375;-0.625;-0.3125;0;0.3125;0.625;0.9375;1.25;1.5625;1.875;2.1875;2.5;2.8125;3.125;3.4375;3.75;4.0625;4.375;4.6875;5;5.3125;5.625;5.9375;6.25;6.5625;6.875;7.1875;7.5;7.8125;8.125;8.4375;8.75;9.0625;9.375;9.6875;10","0;0;0;0;0;0;0;0;0;0;0;0;0;0;0;0;0;0;0;0;61;575;1987;4879;9651;18867;42290;82851;149213;490334;1051750;3087780;3050324;1058032;479038;172825;101868;51671;10004;0;0;0;0;0;0;0;0;0;0;0;0;0;0;0;0;0;0;0;0;0;0;0;0;0",9864000
75,1,"LeakyReLULayer( 0.050000 )",post_activation,"-10;-9.6875;-9.375;-9.0625;-8.75;-8.4375;-8.125;-7.8125;-7.5;-7.1875;-6.875;-6.5625;-6.25;-5.9375;-5.625;-5.3125;-5;-4.6875;-4.375;-4.0625;-3.75;-3.4375;-3.125;-2.8125;-2.5;-2.1875;-1.875;-1.5625;-1.25;-0.9375;-0.625;-0.3125;0;0.3125;0.625;0.9375;1.25;1.5625;1.875;2.1875;2.5;2.8125;3.125;3.4375;3.75;4.0625;4.375;4.6875;5;5.3125;5.625;5.9375;6.25;6.5625;6.875;7.1875;7.5;7.8125;8.125;8.4375;8.75;9.0625;9.375;9.6875;10","0;0;0;0;0;0;0;0;0;0;0;0;0;0;0;0;0;0;0;0;0;0;0;0;0;0;0;0;0;0;0;4940238;3050324;1058032;479038;172825;101868;51671;10004;0;0;0;0;0;0;0;0;0;0;0;0;0;0;0;0;0;0;0;0;0;0;0;0;0",9864000
75,5,"LeakyReLULayer( 0.050000 )",pre_activation,"-10;-9.6875;-9.375;-9.0625;-8.75;-8.4375;-8.125;-7.8125;-7.5;-7.1875;-6.875;-6.5625;-6.25;-5.9375;-5.625;-5.3125;-5;-4.6875;-4.375;-4.0625;-3.75;-3.4375;-3.125;-2.8125;-2.5;-2.1875;-1.875;-1.5625;-1.25;-0.9375;-0.625;-0.3125;0;0.3125;0.625;0.9375;1.25;1.5625;1.875;2.1875;2.5;2.8125;3.125;3.4375;3.75;4.0625;4.375;4.6875;5;5.3125;5.625;5.9375;6.25;6.5625;6.875;7.1875;7.5;7.8125;8.125;8.4375;8.75;9.0625;9.375;9.6875;10","0;0;0;0;0;0;0;0;0;0;0;0;0;0;0;0;0;0;0;0;0;0;0;0;0;5;751;3084;5664;14378;22153;34729;35697;31165;20060;6321;1124;228;1;0;0;0;0;0;0;0;0;0;0;0;0;0;0;0;0;0;0;0;0;0;0;0;0;0",175360
75,5,"LeakyReLULayer( 0.050000 )",post_activation,"-10;-9.6875;-9.375;-9.0625;-8.75;-8.4375;-8.125;-7.8125;-7.5;-7.1875;-6.875;-6.5625;-6.25;-5.9375;-5.625;-5.3125;-5;-4.6875;-4.375;-4.0625;-3.75;-3.4375;-3.125;-2.8125;-2.5;-2.1875;-1.875;-1.5625;-1.25;-0.9375;-0.625;-0.3125;0;0.3125;0.625;0.9375;1.25;1.5625;1.875;2.1875;2.5;2.8125;3.125;3.4375;3.75;4.0625;4.375;4.6875;5;5.3125;5.625;5.9375;6.25;6.5625;6.875;7.1875;7.5;7.8125;8.125;8.4375;8.75;9.0625;9.375;9.6875;10","0;0;0;0;0;0;0;0;0;0;0;0;0;0;0;0;0;0;0;0;0;0;0;0;0;0;0;0;0;0;0;80764;35697;31165;20060;6321;1124;228;1;0;0;0;0;0;0;0;0;0;0;0;0;0;0;0;0;0;0;0;0;0;0;0;0;0",175360
75,7,"LeakyReLULayer( 0.050000 )",pre_activation,"-10;-9.6875;-9.375;-9.0625;-8.75;-8.4375;-8.125;-7.8125;-7.5;-7.1875;-6.875;-6.5625;-6.25;-5.9375;-5.625;-5.3125;-5;-4.6875;-4.375;-4.0625;-3.75;-3.4375;-3.125;-2.8125;-2.5;-2.1875;-1.875;-1.5625;-1.25;-0.9375;-0.625;-0.3125;0;0.3125;0.625;0.9375;1.25;1.5625;1.875;2.1875;2.5;2.8125;3.125;3.4375;3.75;4.0625;4.375;4.6875;5;5.3125;5.625;5.9375;6.25;6.5625;6.875;7.1875;7.5;7.8125;8.125;8.4375;8.75;9.0625;9.375;9.6875;10","0;0;0;0;0;0;0;0;0;0;0;0;0;0;0;0;0;0;0;0;0;0;0;0;0;0;153;512;2328;6445;16472;24922;19760;10764;4149;1566;495;114;0;0;0;0;0;0;0;0;0;0;0;0;0;0;0;0;0;0;0;0;0;0;0;0;0;0",87680
75,7,"LeakyReLULayer( 0.050000 )",post_activation,"-10;-9.6875;-9.375;-9.0625;-8.75;-8.4375;-8.125;-7.8125;-7.5;-7.1875;-6.875;-6.5625;-6.25;-5.9375;-5.625;-5.3125;-5;-4.6875;-4.375;-4.0625;-3.75;-3.4375;-3.125;-2.8125;-2.5;-2.1875;-1.875;-1.5625;-1.25;-0.9375;-0.625;-0.3125;0;0.3125;0.625;0.9375;1.25;1.5625;1.875;2.1875;2.5;2.8125;3.125;3.4375;3.75;4.0625;4.375;4.6875;5;5.3125;5.625;5.9375;6.25;6.5625;6.875;7.1875;7.5;7.8125;8.125;8.4375;8.75;9.0625;9.375;9.6875;10","0;0;0;0;0;0;0;0;0;0;0;0;0;0;0;0;0;0;0;0;0;0;0;0;0;0;0;0;0;0;0;50832;19760;10764;4149;1566;495;114;0;0;0;0;0;0;0;0;0;0;0;0;0;0;0;0;0;0;0;0;0;0;0;0;0;0",87680
76,1,"LeakyReLULayer( 0.050000 )",pre_activation,"-10;-9.6875;-9.375;-9.0625;-8.75;-8.4375;-8.125;-7.8125;-7.5;-7.1875;-6.875;-6.5625;-6.25;-5.9375;-5.625;-5.3125;-5;-4.6875;-4.375;-4.0625;-3.75;-3.4375;-3.125;-2.8125;-2.5;-2.1875;-1.875;-1.5625;-1.25;-0.9375;-0.625;-0.3125;0;0.3125;0.625;0.9375;1.25;1.5625;1.875;2.1875;2.5;2.8125;3.125;3.4375;3.75;4.0625;4.375;4.6875;5;5.3125;5.625;5.9375;6.25;6.5625;6.875;7.1875;7.5;7.8125;8.125;8.4375;8.75;9.0625;9.375;9.6875;10","0;0;0;0;0;0;0;0;0;0;0;0;0;0;0;0;0;0;0;0;61;576;1987;4883;9654;18878;42308;82852;149241;490393;1051779;3087609;3050125;1058148;479057;172866;101865;51703;10015;0;0;0;0;0;0;0;0;0;0;0;0;0;0;0;0;0;0;0;0;0;0;0;0;0",9864000
76,1,"LeakyReLULayer( 0.050000 )",post_activation,"-10;-9.6875;-9.375;-9.0625;-8.75;-8.4375;-8.125;-7.8125;-7.5;-7.1875;-6.875;-6.5625;-6.25;-5.9375;-5.625;-5.3125;-5;-4.6875;-4.375;-4.0625;-3.75;-3.4375;-3.125;-2.8125;-2.5;-2.1875;-1.875;-1.5625;-1.25;-0.9375;-0.625;-0.3125;0;0.3125;0.625;0.9375;1.25;1.5625;1.875;2.1875;2.5;2.8125;3.125;3.4375;3.75;4.0625;4.375;4.6875;5;5.3125;5.625;5.9375;6.25;6.5625;6.875;7.1875;7.5;7.8125;8.125;8.4375;8.75;9.0625;9.375;9.6875;10","0;0;0;0;0;0;0;0;0;0;0;0;0;0;0;0;0;0;0;0;0;0;0;0;0;0;0;0;0;0;0;4940221;3050125;1058148;479057;172866;101865;51703;10015;0;0;0;0;0;0;0;0;0;0;0;0;0;0;0;0;0;0;0;0;0;0;0;0;0",9864000
76,5,"LeakyReLULayer( 0.050000 )",pre_activation,"-10;-9.6875;-9.375;-9.0625;-8.75;-8.4375;-8.125;-7.8125;-7.5;-7.1875;-6.875;-6.5625;-6.25;-5.9375;-5.625;-5.3125;-5;-4.6875;-4.375;-4.0625;-3.75;-3.4375;-3.125;-2.8125;-2.5;-2.1875;-1.875;-1.5625;-1.25;-0.9375;-0.625;-0.3125;0;0.3125;0.625;0.9375;1.25;1.5625;1.875;2.1875;2.5;2.8125;3.125;3.4375;3.75;4.0625;4.375;4.6875;5;5.3125;5.625;5.9375;6.25;6.5625;6.875;7.1875;7.5;7.8125;8.125;8.4375;8.75;9.0625;9.375;9.6875;10","0;0;0;0;0;0;0;0;0;0;0;0;0;0;0;0;0;0;0;0;0;0;0;0;0;5;741;3104;5659;14322;22062;34736;35859;31061;20064;6380;1136;230;1;0;0;0;0;0;0;0;0;0;0;0;0;0;0;0;0;0;0;0;0;0;0;0;0;0",175360
76,5,"LeakyReLULayer( 0.050000 )",post_activation,"-10;-9.6875;-9.375;-9.0625;-8.75;-8.4375;-8.125;-7.8125;-7.5;-7.1875;-6.875;-6.5625;-6.25;-5.9375;-5.625;-5.3125;-5;-4.6875;-4.375;-4.0625;-3.75;-3.4375;-3.125;-2.8125;-2.5;-2.1875;-1.875;-1.5625;-1.25;-0.9375;-0.625;-0.3125;0;0.3125;0.625;0.9375;1.25;1.5625;1.875;2.1875;2.5;2.8125;3.125;3.4375;3.75;4.0625;4.375;4.6875;5;5.3125;5.625;5.9375;6.25;6.5625;6.875;7.1875;7.5;7.8125;8.125;8.4375;8.75;9.0625;9.375;9.6875;10","0;0;0;0;0;0;0;0;0;0;0;0;0;0;0;0;0;0;0;0;0;0;0;0;0;0;0;0;0;0;0;80629;35859;31061;20064;6380;1136;230;1;0;0;0;0;0;0;0;0;0;0;0;0;0;0;0;0;0;0;0;0;0;0;0;0;0",175360
76,7,"LeakyReLULayer( 0.050000 )",pre_activation,"-10;-9.6875;-9.375;-9.0625;-8.75;-8.4375;-8.125;-7.8125;-7.5;-7.1875;-6.875;-6.5625;-6.25;-5.9375;-5.625;-5.3125;-5;-4.6875;-4.375;-4.0625;-3.75;-3.4375;-3.125;-2.8125;-2.5;-2.1875;-1.875;-1.5625;-1.25;-0.9375;-0.625;-0.3125;0;0.3125;0.625;0.9375;1.25;1.5625;1.875;2.1875;2.5;2.8125;3.125;3.4375;3.75;4.0625;4.375;4.6875;5;5.3125;5.625;5.9375;6.25;6.5625;6.875;7.1875;7.5;7.8125;8.125;8.4375;8.75;9.0625;9.375;9.6875;10","0;0;0;0;0;0;0;0;0;0;0;0;0;0;0;0;0;0;0;0;0;0;0;0;0;0;149;526;2310;6484;16492;24933;19702;10713;4162;1581;507;118;3;0;0;0;0;0;0;0;0;0;0;0;0;0;0;0;0;0;0;0;0;0;0;0;0;0",87680
76,7,"LeakyReLULayer( 0.050000 )",post_activation,"-10;-9.6875;-9.375;-9.0625;-8.75;-8.4375;-8.125;-7.8125;-7.5;-7.1875;-6.875;-6.5625;-6.25;-5.9375;-5.625;-5.3125;-5;-4.6875;-4.375;-4.0625;-3.75;-3.4375;-3.125;-2.8125;-2.5;-2.1875;-1.875;-1.5625;-1.25;-0.9375;-0.625;-0.3125;0;0.3125;0.625;0.9375;1.25;1.5625;1.875;2.1875;2.5;2.8125;3.125;3.4375;3.75;4.0625;4.375;4.6875;5;5.3125;5.625;5.9375;6.25;6.5625;6.875;7.1875;7.5;7.8125;8.125;8.4375;8.75;9.0625;9.375;9.6875;10","0;0;0;0;0;0;0;0;0;0;0;0;0;0;0;0;0;0;0;0;0;0;0;0;0;0;0;0;0;0;0;50894;19702;10713;4162;1581;507;118;3;0;0;0;0;0;0;0;0;0;0;0;0;0;0;0;0;0;0;0;0;0;0;0;0;0",87680
77,1,"LeakyReLULayer( 0.050000 )",pre_activation,"-10;-9.6875;-9.375;-9.0625;-8.75;-8.4375;-8.125;-7.8125;-7.5;-7.1875;-6.875;-6.5625;-6.25;-5.9375;-5.625;-5.3125;-5;-4.6875;-4.375;-4.0625;-3.75;-3.4375;-3.125;-2.8125;-2.5;-2.1875;-1.875;-1.5625;-1.25;-0.9375;-0.625;-0.3125;0;0.3125;0.625;0.9375;1.25;1.5625;1.875;2.1875;2.5;2.8125;3.125;3.4375;3.75;4.0625;4.375;4.6875;5;5.3125;5.625;5.9375;6.25;6.5625;6.875;7.1875;7.5;7.8125;8.125;8.4375;8.75;9.0625;9.375;9.6875;10","0;0;0;0;0;0;0;0;0;0;0;0;0;0;0;0;0;0;0;0;61;575;1987;4879;9652;18880;42281;82836;149175;490430;1051691;3087788;3050320;1058053;479056;172776;101867;51685;10008;0;0;0;0;0;0;0;0;0;0;0;0;0;0;0;0;0;0;0;0;0;0;0;0;0",9864000
77,1,"LeakyReLULayer( 0.050000 )",post_activation,"-10;-9.6875;-9.375;-9.0625;-8.75;-8.4375;-8.125;-7.8125;-7.5;-7.1875;-6.875;-6.5625;-6.25;-5.9375;-5.625;-5.3125;-5;-4.6875;-4.375;-4.0625;-3.75;-3.4375;-3.125;-2.8125;-2.5;-2.1875;-1.875;-1.5625;-1.25;-0.9375;-0.625;-0.3125;0;0.3125;0.625;0.9375;1.25;1.5625;1.875;2.1875;2.5;2.8125;3.125;3.4375;3.75;4.0625;4.375;4.6875;5;5.3125;5.625;5.9375;6.25;6.5625;6.875;7.1875;7.5;7.8125;8.125;8.4375;8.75;9.0625;9.375;9.6875;10","0;0;0;0;0;0;0;0;0;0;0;0;0;0;0;0;0;0;0;0;0;0;0;0;0;0;0;0;0;0;0;4940235;3050320;1058053;479056;172776;101867;51685;10008;0;0;0;0;0;0;0;0;0;0;0;0;0;0;0;0;0;0;0;0;0;0;0;0;0",9864000
77,5,"LeakyReLULayer( 0.050000 )",pre_activation,"-10;-9.6875;-9.375;-9.0625;-8.75;-8.4375;-8.125;-7.8125;-7.5;-7.1875;-6.875;-6.5625;-6.25;-5.9375;-5.625;-5.3125;-5;-4.6875;-4.375;-4.0625;-3.75;-3.4375;-3.125;-2.8125;-2.5;-2.1875;-1.875;-1.5625;-1.25;-0.9375;-0.625;-0.3125;0;0.3125;0.625;0.9375;1.25;1.5625;1.875;2.1875;2.5;2.8125;3.125;3.4375;3.75;4.0625;4.375;4.6875;5;5.3125;5.625;5.9375;6.25;6.5625;6.875;7.1875;7.5;7.8125;8.125;8.4375;8.75;9.0625;9.375;9.6875;10","0;0;0;0;0;0;0;0;0;0;0;0;0;0;0;0;0;0;0;0;0;0;0;0;0;5;737;3119;5668;14358;22012;34582;35818;31282;20036;6368;1141;233;1;0;0;0;0;0;0;0;0;0;0;0;0;0;0;0;0;0;0;0;0;0;0;0;0;0",175360
77,5,"LeakyReLULayer( 0.050000 )",post_activation,"-10;-9.6875;-9.375;-9.0625;-8.75;-8.4375;-8.125;-7.8125;-7.5;-7.1875;-6.875;-6.5625;-6.25;-5.9375;-5.625;-5.3125;-5;-4.6875;-4.375;-4.0625;-3.75;-3.4375;-3.125;-2.8125;-2.5;-2.1875;-1.875;-1.5625;-1.25;-0.9375;-0.625;-0.3125;0;0.3125;0.625;0.9375;1.25;1.5625;1.875;2.1875;2.5;2.8125;3.125;3.4375;3.75;4.0625;4.375;4.6875;5;5.3125;5.625;5.9375;6.25;6.5625;6.875;7.1875;7.5;7.8125;8.125;8.4375;8.75;9.0625;9.375;9.6875;10","0;0;0;0;0;0;0;0;0;0;0;0;0;0;0;0;0;0;0;0;0;0;0;0;0;0;0;0;0;0;0;80481;35818;31282;20036;6368;1141;233;1;0;0;0;0;0;0;0;0;0;0;0;0;0;0;0;0;0;0;0;0;0;0;0;0;0",175360
77,7,"LeakyReLULayer( 0.050000 )",pre_activation,"-10;-9.6875;-9.375;-9.0625;-8.75;-8.4375;-8.125;-7.8125;-7.5;-7.1875;-6.875;-6.5625;-6.25;-5.9375;-5.625;-5.3125;-5;-4.6875;-4.375;-4.0625;-3.75;-3.4375;-3.125;-2.8125;-2.5;-2.1875;-1.875;-1.5625;-1.25;-0.9375;-0.625;-0.3125;0;0.3125;0.625;0.9375;1.25;1.5625;1.875;2.1875;2.5;2.8125;3.125;3.4375;3.75;4.0625;4.375;4.6875;5;5.3125;5.625;5.9375;6.25;6.5625;6.875;7.1875;7.5;7.8125;8.125;8.4375;8.75;9.0625;9.375;9.6875;10","0;0;0;0;0;0;0;0;0;0;0;0;0;0;0;0;0;0;0;0;0;0;0;0;0;0;147;517;2356;6439;16506;24964;19636;10714;4201;1563;521;113;3;0;0;0;0;0;0;0;0;0;0;0;0;0;0;0;0;0;0;0;0;0;0;0;0;0",87680
77,7,"LeakyReLULayer( 0.050000 )",post_activation,"-10;-9.6875;-9.375;-9.0625;-8.75;-8.4375;-8.125;-7.8125;-7.5;-7.1875;-6.875;-6.5625;-6.25;-5.9375;-5.625;-5.3125;-5;-4.6875;-4.375;-4.0625;-3.75;-3.4375;-3.125;-2.8125;-2.5;-2.1875;-1.875;-1.5625;-1.25;-0.9375;-0.625;-0.3125;0;0.3125;0.625;0.9375;1.25;1.5625;1.875;2.1875;2.5;2.8125;3.125;3.4375;3.75;4.0625;4.375;4.6875;5;5.3125;5.625;5.9375;6.25;6.5625;6.875;7.1875;7.5;7.8125;8.125;8.4375;8.75;9.0625;9.375;9.6875;10","0;0;0;0;0;0;0;0;0;0;0;0;0;0;0;0;0;0;0;0;0;0;0;0;0;0;0;0;0;0;0;50929;19636;10714;4201;1563;521;113;3;0;0;0;0;0;0;0;0;0;0;0;0;0;0;0;0;0;0;0;0;0;0;0;0;0",87680
78,1,"LeakyReLULayer( 0.050000 )",pre_activation,"-10;-9.6875;-9.375;-9.0625;-8.75;-8.4375;-8.125;-7.8125;-7.5;-7.1875;-6.875;-6.5625;-6.25;-5.9375;-5.625;-5.3125;-5;-4.6875;-4.375;-4.0625;-3.75;-3.4375;-3.125;-2.8125;-2.5;-2.1875;-1.875;-1.5625;-1.25;-0.9375;-0.625;-0.3125;0;0.3125;0.625;0.9375;1.25;1.5625;1.875;2.1875;2.5;2.8125;3.125;3.4375;3.75;4.0625;4.375;4.6875;5;5.3125;5.625;5.9375;6.25;6.5625;6.875;7.1875;7.5;7.8125;8.125;8.4375;8.75;9.0625;9.375;9.6875;10","0;0;0;0;0;0;0;0;0;0;0;0;0;0;0;0;0;0;0;0;61;575;1987;4879;9651;18866;42285;82849;149193;490341;1051707;3087875;3050321;1058023;479044;172803;101888;51651;10001;0;0;0;0;0;0;0;0;0;0;0;0;0;0;0;0;0;0;0;0;0;0;0;0;0",9864000
78,1,"LeakyReLULayer( 0.050000 )",post_activation,"-10;-9.6875;-9.375;-9.0625;-8.75;-8.4375;-8.125;-7.8125;-7.5;-7.1875;-6.875;-6.5625;-6.25;-5.9375;-5.625;-5.3125;-5;-4.6875;-4.375;-4.0625;-3.75;-3.4375;-3.125;-2.8125;-2.5;-2.1875;-1.875;-1.5625;-1.25;-0.9375;-0.625;-0.3125;0;0.3125;0.625;0.9375;1.25;1.5625;1.875;2.1875;2.5;2.8125;3.125;3.4375;3.75;4.0625;4.375;4.6875;5;5.3125;5.625;5.9375;6.25;6.5625;6.875;7.1875;7.5;7.8125;8.125;8.4375;8.75;9.0625;9.375;9.6875;10","0;0;0;0;0;0;0;0;0;0;0;0;0;0;0;0;0;0;0;0;0;0;0;0;0;0;0;0;0;0;0;4940269;3050321;1058023;479044;172803;101888;51651;10001;0;0;0;0;0;0;0;0;0;0;0;0;0;0;0;0;0;0;0;0;0;0;0;0;0",9864000
78,5,"LeakyReLULayer( 0.050000 )",pre_activation,"-10;-9.6875;-9.375;-9.0625;-8.75;-8.4375;-8.125;-7.8125;-7.5;-7.1875;-6.875;-6.5625;-6.25;-5.9375;-5.625;-5.3125;-5;-4.6875;-4.375;-4.0625;-3.75;-3.4375;-3.125;-2.8125;-2.5;-2.1875;-1.875;-1.5625;-1.25;-0.9375;-0.625;-0.3125;0;0.3125;0.625;0.9375;1.25;1.5625;1.875;2.1875;2.5;2.8125;3.125;3.4375;3.75;4.0625;4.375;4.6875;5;5.3125;5.625;5.9375;6.25;6.5625;6.875;7.1875;7.5;7.8125;8.125;8.4375;8.75;9.0625;9.375;9.6875;10","0;0;0;0;0;0;0;0;0;0;0;0;0;0;0;0;0;0;0;0;0;0;0;0;0;5;745;3135;5632;14429;22016;34633;35834;31175;20027;6355;1140;233;1;0;0;0;0;0;0;0;0;0;0;0;0;0;0;0;0;0;0;0;0;0;0;0;0;0",175360
78,5,"LeakyReLULayer( 0.050000 )",post_activation,"-10;-9.6875;-9.375;-9.0625;-8.75;-8.4375;-8.125;-7.8125;-7.5;-7.1875;-6.875;-6.5625;-6.25;-5.9375;-5.625;-5.3125;-5;-4.6875;-4.375;-4.0625;-3.75;-3.4375;-3.125;-2.8125;-2.5;-2.1875;-1.875;-1.5625;-1.25;-0.9375;-0.625;-0.3125;0;0.3125;0.625;0.9375;1.25;1.5625;1.875;2.1875;2.5;2.8125;3.125;3.4375;3.75;4.0625;4.375;4.6875;5;5.3125;5.625;5.9375;6.25;6.5625;6.875;7.1875;7.5;7.8125;8.125;8.4375;8.75;9.0625;9.375;9.6875;10","0;0;0;0;0;0;0;0;0;0;0;0;0;0;0;0;0;0;0;0;0;0;0;0;0;0;0;0;0;0;0;80595;35834;31175;20027;6355;1140;233;1;0;0;0;0;0;0;0;0;0;0;0;0;0;0;0;0;0;0;0;0;0;0;0;0;0",175360
78,7,"LeakyReLULayer( 0.050000 )",pre_activation,"-10;-9.6875;-9.375;-9.0625;-8.75;-8.4375;-8.125;-7.8125;-7.5;-7.1875;-6.875;-6.5625;-6.25;-5.9375;-5.625;-5.3125;-5;-4.6875;-4.375;-4.0625;-3.75;-3.4375;-3.125;-2.8125;-2.5;-2.1875;-1.875;-1.5625;-1.25;-0.9375;-0.625;-0.3125;0;0.3125;0.625;0.9375;1.25;1.5625;1.875;2.1875;2.5;2.8125;3.125;3.4375;3.75;4.0625;4.375;4.6875;5;5.3125;5.625;5.9375;6.25;6.5625;6.875;7.1875;7.5;7.8125;8.125;8.4375;8.75;9.0625;9.375;9.6875;10","0;0;0;0;0;0;0;0;0;0;0;0;0;0;0;0;0;0;0;0;0;0;0;0;0;0;149;517;2350;6414;16536;24936;19716;10715;4169;1559;502;116;1;0;0;0;0;0;0;0;0;0;0;0;0;0;0;0;0;0;0;0;0;0;0;0;0;0",87680
78,7,"LeakyReLULayer( 0.050000 )",post_activation,"-10;-9.6875;-9.375;-9.0625;-8.75;-8.4375;-8.125;-7.8125;-7.5;-7.1875;-6.875;-6.5625;-6.25;-5.9375;-5.625;-5.3125;-5;-4.6875;-4.375;-4.0625;-3.75;-3.4375;-3.125;-2.8125;-2.5;-2.1875;-1.875;-1.5625;-1.25;-0.9375;-0.625;-0.3125;0;0.3125;0.625;0.9375;1.25;1.5625;1.875;2.1875;2.5;2.8125;3.125;3.4375;3.75;4.0625;4.375;4.6875;5;5.3125;5.625;5.9375;6.25;6.5625;6.875;7.1875;7.5;7.8125;8.125;8.4375;8.75;9.0625;9.375;9.6875;10","0;0;0;0;0;0;0;0;0;0;0;0;0;0;0;0;0;0;0;0;0;0;0;0;0;0;0;0;0;0;0;50902;19716;10715;4169;1559;502;116;1;0;0;0;0;0;0;0;0;0;0;0;0;0;0;0;0;0;0;0;0;0;0;0;0;0",87680
79,1,"LeakyReLULayer( 0.050000 )",pre_activation,"-10;-9.6875;-9.375;-9.0625;-8.75;-8.4375;-8.125;-7.8125;-7.5;-7.1875;-6.875;-6.5625;-6.25;-5.9375;-5.625;-5.3125;-5;-4.6875;-4.375;-4.0625;-3.75;-3.4375;-3.125;-2.8125;-2.5;-2.1875;-1.875;-1.5625;-1.25;-0.9375;-0.625;-0.3125;0;0.3125;0.625;0.9375;1.25;1.5625;1.875;2.1875;2.5;2.8125;3.125;3.4375;3.75;4.0625;4.375;4.6875;5;5.3125;5.625;5.9375;6.25;6.5625;6.875;7.1875;7.5;7.8125;8.125;8.4375;8.75;9.0625;9.375;9.6875;10","0;0;0;0;0;0;0;0;0;0;0;0;0;0;0;0;0;0;0;0;61;575;1986;4881;9654;18873;42287;82863;149198;490420;1051622;3087888;3050262;1057953;479089;172833;101870;51678;10007;0;0;0;0;0;0;0;0;0;0;0;0;0;0;0;0;0;0;0;0;0;0;0;0;0",9864000
79,1,"LeakyReLULayer( 0.050000 )",post_activation,"-10;-9.6875;-9.375;-9.0625;-8.75;-8.4375;-8.125;-7.8125;-7.5;-7.1875;-6.875;-6.5625;-6.25;-5.9375;-5.625;-5.3125;-5;-4.6875;-4.375;-4.0625;-3.75;-3.4375;-3.125;-2.8125;-2.5;-2.1875;-1.875;-1.5625;-1.25;-0.9375;-0.625;-0.3125;0;0.3125;0.625;0.9375;1.25;1.5625;1.875;2.1875;2.5;2.8125;3.125;3.4375;3.75;4.0625;4.375;4.6875;5;5.3125;5.625;5.9375;6.25;6.5625;6.875;7.1875;7.5;7.8125;8.125;8.4375;8.75;9.0625;9.375;9.6875;10","0;0;0;0;0;0;0;0;0;0;0;0;0;0;0;0;0;0;0;0;0;0;0;0;0;0;0;0;0;0;0;4940308;3050262;1057953;479089;172833;101870;51678;10007;0;0;0;0;0;0;0;0;0;0;0;0;0;0;0;0;0;0;0;0;0;0;0;0;0",9864000
79,5,"LeakyReLULayer( 0.050000 )",pre_activation,"-10;-9.6875;-9.375;-9.0625;-8.75;-8.4375;-8.125;-7.8125;-7.5;-7.1875;-6.875;-6.5625;-6.25;-5.9375;-5.625;-5.3125;-5;-4.6875;-4.375;-4.0625;-3.75;-3.4375;-3.125;-2.8125;-2.5;-2.1875;-1.875;-1.5625;-1.25;-0.9375;-0.625;-0.3125;0;0.3125;0.625;0.9375;1.25;1.5625;1.875;2.1875;2.5;2.8125;3.125;3.4375;3.75;4.0625;4.375;4.6875;5;5.3125;5.625;5.9375;6.25;6.5625;6.875;7.1875;7.5;7.8125;8.125;8.4375;8.75;9.0625;9.375;9.6875;10","0;0;0;0;0;0;0;0;0;0;0;0;0;0;0;0;0;0;0;0;0;0;0;0;0;6;742;3175;5579;14467;21936;34589;35925;31202;19996;6341;1164;236;2;0;0;0;0;0;0;0;0;0;0;0;0;0;0;0;0;0;0;0;0;0;0;0;0;0",175360
79,5,"LeakyReLULayer( 0.050000 )",post_activation,"-10;-9.6875;-9.375;-9.0625;-8.75;-8.4375;-8.125;-7.8125;-7.5;-7.1875;-6.875;-6.5625;-6.25;-5.9375;-5.625;-5.3125;-5;-4.6875;-4.375;-4.0625;-3.75;-3.4375;-3.125;-2.8125;-2.5;-2.1875;-1.875;-1.5625;-1.25;-0.9375;-0.625;-0.3125;0;0.3125;0.625;0.9375;1.25;1.5625;1.875;2.1875;2.5;2.8125;3.125;3.4375;3.75;4.0625;4.375;4.6875;5;5.3125;5.625;5.9375;6.25;6.5625;6.875;7.1875;7.5;7.8125;8.125;8.4375;8.75;9.0625;9.375;9.6875;10","0;0;0;0;0;0;0;0;0;0;0;0;0;0;0;0;0;0;0;0;0;0;0;0;0;0;0;0;0;0;0;80494;35925;31202;19996;6341;1164;236;2;0;0;0;0;0;0;0;0;0;0;0;0;0;0;0;0;0;0;0;0;0;0;0;0;0",175360
79,7,"LeakyReLULayer( 0.050000 )",pre_activation,"-10;-9.6875;-9.375;-9.0625;-8.75;-8.4375;-8.125;-7.8125;-7.5;-7.1875;-6.875;-6.5625;-6.25;-5.9375;-5.625;-5.3125;-5;-4.6875;-4.375;-4.0625;-3.75;-3.4375;-3.125;-2.8125;-2.5;-2.1875;-1.875;-1.5625;-1.25;-0.9375;-0.625;-0.3125;0;0.3125;0.625;0.9375;1.25;1.5625;1.875;2.1875;2.5;2.8125;3.125;3.4375;3.75;4.0625;4.375;4.6875;5;5.3125;5.625;5.9375;6.25;6.5625;6.875;7.1875;7.5;7.8125;8.125;8.4375;8.75;9.0625;9.375;9.6875;10","0;0;0;0;0;0;0;0;0;0;0;0;0;0;0;0;0;0;0;0;0;0;0;0;0;0;159;519;2318;6456;16502;24870;19774;10738;4151;1567;512;112;2;0;0;0;0;0;0;0;0;0;0;0;0;0;0;0;0;0;0;0;0;0;0;0;0;0",87680
79,7,"LeakyReLULayer( 0.050000 )",post_activation,"-10;-9.6875;-9.375;-9.0625;-8.75;-8.4375;-8.125;-7.8125;-7.5;-7.1875;-6.875;-6.5625;-6.25;-5.9375;-5.625;-5.3125;-5;-4.6875;-4.375;-4.0625;-3.75;-3.4375;-3.125;-2.8125;-2.5;-2.1875;-1.875;-1.5625;-1.25;-0.9375;-0.625;-0.3125;0;0.3125;0.625;0.9375;1.25;1.5625;1.875;2.1875;2.5;2.8125;3.125;3.4375;3.75;4.0625;4.375;4.6875;5;5.3125;5.625;5.9375;6.25;6.5625;6.875;7.1875;7.5;7.8125;8.125;8.4375;8.75;9.0625;9.375;9.6875;10","0;0;0;0;0;0;0;0;0;0;0;0;0;0;0;0;0;0;0;0;0;0;0;0;0;0;0;0;0;0;0;50824;19774;10738;4151;1567;512;112;2;0;0;0;0;0;0;0;0;0;0;0;0;0;0;0;0;0;0;0;0;0;0;0;0;0",87680
80,1,"LeakyReLULayer( 0.050000 )",pre_activation,"-10;-9.6875;-9.375;-9.0625;-8.75;-8.4375;-8.125;-7.8125;-7.5;-7.1875;-6.875;-6.5625;-6.25;-5.9375;-5.625;-5.3125;-5;-4.6875;-4.375;-4.0625;-3.75;-3.4375;-3.125;-2.8125;-2.5;-2.1875;-1.875;-1.5625;-1.25;-0.9375;-0.625;-0.3125;0;0.3125;0.625;0.9375;1.25;1.5625;1.875;2.1875;2.5;2.8125;3.125;3.4375;3.75;4.0625;4.375;4.6875;5;5.3125;5.625;5.9375;6.25;6.5625;6.875;7.1875;7.5;7.8125;8.125;8.4375;8.75;9.0625;9.375;9.6875;10","0;0;0;0;0;0;0;0;0;0;0;0;0;0;0;0;0;0;0;0;61;575;1987;4882;9653;18873;42288;82840;149205;490506;1051582;3087830;3050183;1058000;479148;172820;101866;51691;10010;0;0;0;0;0;0;0;0;0;0;0;0;0;0;0;0;0;0;0;0;0;0;0;0;0",9864000
80,1,"LeakyReLULayer( 0.050000 )",post_activation,"-10;-9.6875;-9.375;-9.0625;-8.75;-8.4375;-8.125;-7.8125;-7.5;-7.1875;-6.875;-6.5625;-6.25;-5.9375;-5.625;-5.3125;-5;-4.6875;-4.375;-4.0625;-3.75;-3.4375;-3.125;-2.8125;-2.5;-2.1875;-1.875;-1.5625;-1.25;-0.9375;-0.625;-0.3125;0;0.3125;0.625;0.9375;1.25;1.5625;1.875;2.1875;2.5;2.8125;3.125;3.4375;3.75;4.0625;4.375;4.6875;5;5.3125;5.625;5.9375;6.25;6.5625;6.875;7.1875;7.5;7.8125;8.125;8.4375;8.75;9.0625;9.375;9.6875;10","0;0;0;0;0;0;0;0;0;0;0;0;0;0;0;0;0;0;0;0;0;0;0;0;0;0;0;0;0;0;0;4940282;3050183;1058000;479148;172820;101866;51691;10010;0;0;0;0;0;0;0;0;0;0;0;0;0;0;0;0;0;0;0;0;0;0;0;0;0",9864000
80,5,"LeakyReLULayer( 0.050000 )",pre_activation,"-10;-9.6875;-9.375;-9.0625;-8.75;-8.4375;-8.125;-7.8125;-7.5;-7.1875;-6.875;-6.5625;-6.25;-5.9375;-5.625;-5.3125;-5;-4.6875;-4.375;-4.0625;-3.75;-3.4375;-3.125;-2.8125;-2.5;-2.1875;-1.875;-1.5625;-1.25;-0.9375;-0.625;-0.3125;0;0.3125;0.625;0.9375;1.25;1.5625;1.875;2.1875;2.5;2.8125;3.125;3.4375;3.75;4.0625;4.375;4.6875;5;5.3125;5.625;5.9375;6.25;6.5625;6.875;7.1875;7.5;7.8125;8.125;8.4375;8.75;9.0625;9.375;9.6875;10","0;0;0;0;0;0;0;0;0;0;0;0;0;0;0;0;0;0;0;0;0;0;0;0;0;6;750;3175;5573;14379;21960;34750;35745;31197;20032;6390;1170;232;1;0;0;0;0;0;0;0;0;0;0;0;0;0;0;0;0;0;0;0;0;0;0;0;0;0",175360
80,5,"LeakyReLULayer( 0.050000 )",post_activation,"-10;-9.6875;-9.375;-9.0625;-8.75;-8.4375;-8.125;-7.8125;-7.5;-7.1875;-6.875;-6.5625;-6.25;-5.9375;-5.625;-5.3125;-5;-4.6875;-4.375;-4.0625;-3.75;-3.4375;-3.125;-2.8125;-2.5;-2.1875;-1.875;-1.5625;-1.25;-0.9375;-0.625;-0.3125;0;0.3125;0.625;0.9375;1.25;1.5625;1.875;2.1875;2.5;2.8125;3.125;3.4375;3.75;4.0625;4.375;4.6875;5;5.3125;5.625;5.9375;6.25;6.5625;6.875;7.1875;7.5;7.8125;8.125;8.4375;8.75;9.0625;9.375;9.6875;10","0;0;0;0;0;0;0;0;0;0;0;0;0;0;0;0;0;0;0;0;0;0;0;0;0;0;0;0;0;0;0;80593;35745;31197;20032;6390;1170;232;1;0;0;0;0;0;0;0;0;0;0;0;0;0;0;0;0;0;0;0;0;0;0;0;0;0",175360
80,7,"LeakyReLULayer( 0.050000 )",pre_activation,"-10;-9.6875;-9.375;-9.0625;-8.75;-8.4375;-8.125;-7.8125;-7.5;-7.1875;-6.875;-6.5625;-6.25;-5.9375;-5.625;-5.3125;-5;-4.6875;-4.375;-4.0625;-3.75;-3.4375;-3.125;-2.8125;-2.5;-2.1875;-1.875;-1.5625;-1.25;-0.9375;-0.625;-0.3125;0;0.3125;0.625;0.9375;1.25;1.5625;1.875;2.1875;2.5;2.8125;3.125;3.4375;3.75;4.0625;4.375;4.6875;5;5.3125;5.625;5.9375;6.25;6.5625;6.875;7.1875;7.5;7.8125;8.125;8.4375;8.75;9.0625;9.375;9.6875;10","0;0;0;0;0;0;0;0;0;0;0;0;0;0;0;0;0;0;0;0;0;0;0;0;0;0;164;519;2313;6495;16490;24809;19776;10717;4203;1563;513;116;2;0;0;0;0;0;0;0;0;0;0;0;0;0;0;0;0;0;0;0;0;0;0;0;0;0",87680
80,7,"LeakyReLULayer( 0.050000 )",post_activation,"-10;-9.6875;-9.375;-9.0625;-8.75;-8.4375;-8.125;-7.8125;-7.5;-7.1875;-6.875;-6.5625;-6.25;-5.9375;-5.625;-5.3125;-5;-4.6875;-4.375;-4.0625;-3.75;-3.4375;-3.125;-2.8125;-2.5;-2.1875;-1.875;-1.5625;-1.25;-0.9375;-0.625;-0.3125;0;0.3125;0.625;0.9375;1.25;1.5625;1.875;2.1875;2.5;2.8125;3.125;3.4375;3.75;4.0625;4.375;4.6875;5;5.3125;5.625;5.9375;6.25;6.5625;6.875;7.1875;7.5;7.8125;8.125;8.4375;8.75;9.0625;9.375;9.6875;10","0;0;0;0;0;0;0;0;0;0;0;0;0;0;0;0;0;0;0;0;0;0;0;0;0;0;0;0;0;0;0;50790;19776;10717;4203;1563;513;116;2;0;0;0;0;0;0;0;0;0;0;0;0;0;0;0;0;0;0;0;0;0;0;0;0;0",87680
81,1,"LeakyReLULayer( 0.050000 )",pre_activation,"-10;-9.6875;-9.375;-9.0625;-8.75;-8.4375;-8.125;-7.8125;-7.5;-7.1875;-6.875;-6.5625;-6.25;-5.9375;-5.625;-5.3125;-5;-4.6875;-4.375;-4.0625;-3.75;-3.4375;-3.125;-2.8125;-2.5;-2.1875;-1.875;-1.5625;-1.25;-0.9375;-0.625;-0.3125;0;0.3125;0.625;0.9375;1.25;1.5625;1.875;2.1875;2.5;2.8125;3.125;3.4375;3.75;4.0625;4.375;4.6875;5;5.3125;5.625;5.9375;6.25;6.5625;6.875;7.1875;7.5;7.8125;8.125;8.4375;8.75;9.0625;9.375;9.6875;10","0;0;0;0;0;0;0;0;0;0;0;0;0;0;0;0;0;0;0;0;61;575;1987;4881;9651;18874;42283;82834;149167;490398;1051570;3088086;3050296;1057924;479076;172786;101871;51677;10003;0;0;0;0;0;0;0;0;0;0;0;0;0;0;0;0;0;0;0;0;0;0;0;0;0",9864000
81,1,"LeakyReLULayer( 0.050000 )",post_activation,"-10;-9.6875;-9.375;-9.0625;-8.75;-8.4375;-8.125;-7.8125;-7.5;-7.1875;-6.875;-6.5625;-6.25;-5.9375;-5.625;-5.3125;-5;-4.6875;-4.375;-4.0625;-3.75;-3.4375;-3.125;-2.8125;-2.5;-2.1875;-1.875;-1.5625;-1.25;-0.9375;-0.625;-0.3125;0;0.3125;0.625;0.9375;1.25;1.5625;1.875;2.1875;2.5;2.8125;3.125;3.4375;3.75;4.0625;4.375;4.6875;5;5.3125;5.625;5.9375;6.25;6.5625;6.875;7.1875;7.5;7.8125;8.125;8.4375;8.75;9.0625;9.375;9.6875;10","0;0;0;0;0;0;0;0;0;0;0;0;0;0;0;0;0;0;0;0;0;0;0;0;0;0;0;0;0;0;0;4940367;3050296;1057924;479076;172786;101871;51677;10003;0;0;0;0;0;0;0;0;0;0;0;0;0;0;0;0;0;0;0;0;0;0;0;0;0",9864000
81,5,"LeakyReLULayer( 0.050000 )",pre_activation,"-10;-9.6875;-9.375;-9.0625;-8.75;-8.4375;-8.125;-7.8125;-7.5;-7.1875;-6.875;-6.5625;-6.25;-5.9375;-5.625;-5.3125;-5;-4.6875;-4.375;-4.0625;-3.75;-3.4375;-3.125;-2.8125;-2.5;-2.1875;-1.875;-1.5625;-1.25;-0.9375;-0.625;-0.3125;0;0.3125;0.625;0.9375;1.25;1.5625;1.875;2.1875;2.5;2.8125;3.125;3.4375;3.75;4.0625;4.375;4.6875;5;5.3125;5.625;5.9375;6.25;6.5625;6.875;7.1875;7.5;7.8125;8.125;8.4375;8.75;9.0625;9.375;9.6875;10","0;0;0;0;0;0;0;0;0;0;0;0;0;0;0;0;0;0;0;0;0;0;0;0;0;5;758;3181;5568;14514;21902;34661;35865;31129;20047;6335;1162;232;1;0;0;0;0;0;0;0;0;0;0;0;0;0;0;0;0;0;0;0;0;0;0;0;0;0",175360
81,5,"LeakyReLULayer( 0.050000 )",post_activation,"-10;-9.6875;-9.375;-9.0625;-8.75;-8.4375;-8.125;-7.8125;-7.5;-7.1875;-6.875;-6.5625;-6.25;-5.9375;-5.625;-5.3125;-5;-4.6875;-4.375;-4.0625;-3.75;-3.4375;-3.125;-2.8125;-2.5;-2.1875;-1.875;-1.5625;-1.25;-0.9375;-0.625;-0.3125;0;0.3125;0.625;0.9375;1.25;1.5625;1.875;2.1875;2.5;2.8125;3.125;3.4375;3.75;4.0625;4.375;4.6875;5;5.3125;5.625;5.9375;6.25;6.5625;6.875;7.1875;7.5;7.8125;8.125;8.4375;8.75;9.0625;9.375;9.6875;10","0;0;0;0;0;0;0;0;0;0;0;0;0;0;0;0;0;0;0;0;0;0;0;0;0;0;0;0;0;0;0;80589;35865;31129;20047;6335;1162;232;1;0;0;0;0;0;0;0;0;0;0;0;0;0;0;0;0;0;0;0;0;0;0;0;0;0",175360
81,7,"LeakyReLULayer( 0.050000 )",pre_activation,"-10;-9.6875;-9.375;-9.0625;-8.75;-8.4375;-8.125;-7.8125;-7.5;-7.1875;-6.875;-6.5625;-6.25;-5.9375;-5.625;-5.3125;-5;-4.6875;-4.375;-4.0625;-3.75;-3.4375;-3.125;-2.8125;-2.5;-2.1875;-1.875;-1.5625;-1.25;-0.9375;-0.625;-0.3125;0;0.3125;0.625;0.9375;1.25;1.5625;1.875;2.1875;2.5;2.8125;3.125;3.4375;3.75;4.0625;4.375;4.6875;5;5.3125;5.625;5.9375;6.25;6.5625;6.875;7.1875;7.5;7.8125;8.125;8.4375;8.75;9.0625;9.375;9.6875;10","0;0;0;0;0;0;0;0;0;0;0;0;0;0;0;0;0;0;0;0;0;0;0;0;0;0;156;522;2320;6501;16457;24840;19738;10793;4179;1561;497;115;1;0;0;0;0;0;0;0;0;0;0;0;0;0;0;0;0;0;0;0;0;0;0;0;0;0",87680
81,7,"LeakyReLULayer( 0.050000 )",post_activation,"-10;-9.6875;-9.375;-9.0625;-8.75;-8.4375;-8.125;-7.8125;-7.5;-7.1875;-6.875;-6.5625;-6.25;-5.9375;-5.625;-5.3125;-5;-4.6875;-4.375;-4.0625;-3.75;-3.4375;-3.125;-2.8125;-2.5;-2.1875;-1.875;-1.5625;-1.25;-0.9375;-0.625;-0.3125;0;0.3125;0.625;0.9375;1.25;1.5625;1.875;2.1875;2.5;2.8125;3.125;3.4375;3.75;4.0625;4.375;4.6875;5;5.3125;5.625;5.9375;6.25;6.5625;6.875;7.1875;7.5;7.8125;8.125;8.4375;8.75;9.0625;9.375;9.6875;10","0;0;0;0;0;0;0;0;0;0;0;0;0;0;0;0;0;0;0;0;0;0;0;0;0;0;0;0;0;0;0;50796;19738;10793;4179;1561;497;115;1;0;0;0;0;0;0;0;0;0;0;0;0;0;0;0;0;0;0;0;0;0;0;0;0;0",87680
82,1,"LeakyReLULayer( 0.050000 )",pre_activation,"-10;-9.6875;-9.375;-9.0625;-8.75;-8.4375;-8.125;-7.8125;-7.5;-7.1875;-6.875;-6.5625;-6.25;-5.9375;-5.625;-5.3125;-5;-4.6875;-4.375;-4.0625;-3.75;-3.4375;-3.125;-2.8125;-2.5;-2.1875;-1.875;-1.5625;-1.25;-0.9375;-0.625;-0.3125;0;0.3125;0.625;0.9375;1.25;1.5625;1.875;2.1875;2.5;2.8125;3.125;3.4375;3.75;4.0625;4.375;4.6875;5;5.3125;5.625;5.9375;6.25;6.5625;6.875;7.1875;7.5;7.8125;8.125;8.4375;8.75;9.0625;9.375;9.6875;10","0;0;0;0;0;0;0;0;0;0;0;0;0;0;0;0;0;0;0;0;61;576;1987;4880;9654;18874;42298;82836;149214;490347;1051543;3088105;3050245;1057942;479060;172822;101861;51684;10011;0;0;0;0;0;0;0;0;0;0;0;0;0;0;0;0;0;0;0;0;0;0;0;0;0",9864000
82,1,"LeakyReLULayer( 0.050000 )",post_activation,"-10;-9.6875;-9.375;-9.0625;-8.75;-8.4375;-8.125;-7.8125;-7.5;-7.1875;-6.875;-6.5625;-6.25;-5.9375;-5.625;-5.3125;-5;-4.6875;-4.375;-4.0625;-3.75;-3.4375;-3.125;-2.8125;-2.5;-2.1875;-1.875;-1.5625;-1.25;-0.9375;-0.625;-0.3125;0;0.3125;0.625;0.9375;1.25;1.5625;1.875;2.1875;2.5;2.8125;3.125;3.4375;3.75;4.0625;4.375;4.6875;5;5.3125;5.625;5.9375;6.25;6.5625;6.875;7.1875;7.5;7.8125;8.125;8.4375;8.75;9.0625;9.375;9.6875;10","0;0;0;0;0;0;0;0;0;0;0;0;0;0;0;0;0;0;0;0;0;0;0;0;0;0;0;0;0;0;0;4940375;3050245;1057942;479060;172822;101861;51684;10011;0;0;0;0;0;0;0;0;0;0;0;0;0;0;0;0;0;0;0;0;0;0;0;0;0",9864000
82,5,"LeakyReLULayer( 0.050000 )",pre_activation,"-10;-9.6875;-9.375;-9.0625;-8.75;-8.4375;-8.125;-7.8125;-7.5;-7.1875;-6.875;-6.5625;-6.25;-5.9375;-5.625;-5.3125;-5;-4.6875;-4.375;-4.0625;-3.75;-3.4375;-3.125;-2.8125;-2.5;-2.1875;-1.875;-1.5625;-1.25;-0.9375;-0.625;-0.3125;0;0.3125;0.625;0.9375;1.25;1.5625;1.875;2.1875;2.5;2.8125;3.125;3.4375;3.75;4.0625;4.375;4.6875;5;5.3125;5.625;5.9375;6.25;6.5625;6.875;7.1875;7.5;7.8125;8.125;8.4375;8.75;9.0625;9.375;9.6875;10","0;0;0;0;0;0;0;0;0;0;0;0;0;0;0;0;0;0;0;0;0;0;0;0;0;5;749;3199;5550;14411;21912;34599;35967;31142;20011;6378;1206;230;1;0;0;0;0;0;0;0;0;0;0;0;0;0;0;0;0;0;0;0;0;0;0;0;0;0",175360
82,5,"LeakyReLULayer( 0.050000 )",post_activation,"-10;-9.6875;-9.375;-9.0625;-8.75;-8.4375;-8.125;-7.8125;-7.5;-7.1875;-6.875;-6.5625;-6.25;-5.9375;-5.625;-5.3125;-5;-4.6875;-4.375;-4.0625;-3.75;-3.4375;-3.125;-2.8125;-2.5;-2.1875;-1.875;-1.5625;-1.25;-0.9375;-0.625;-0.3125;0;0.3125;0.625;0.9375;1.25;1.5625;1.875;2.1875;2.5;2.8125;3.125;3.4375;3.75;4.0625;4.375;4.6875;5;5.3125;5.625;5.9375;6.25;6.5625;6.875;7.1875;7.5;7.8125;8.125;8.4375;8.75;9.0625;9.375;9.6875;10","0;0;0;0;0;0;0;0;0;0;0;0;0;0;0;0;0;0;0;0;0;0;0;0;0;0;0;0;0;0;0;80425;35967;31142;20011;6378;1206;230;1;0;0;0;0;0;0;0;0;0;0;0;0;0;0;0;0;0;0;0;0;0;0;0;0;0",175360
82,7,"LeakyReLULayer( 0.050000 )",pre_activation,"-10;-9.6875;-9.375;-9.0625;-8.75;-8.4375;-8.125;-7.8125;-7.5;-7.1875;-6.875;-6.5625;-6.25;-5.9375;-5.625;-5.3125;-5;-4.6875;-4.375;-4.0625;-3.75;-3.4375;-3.125;-2.8125;-2.5;-2.1875;-1.875;-1.5625;-1.25;-0.9375;-0.625;-0.3125;0;0.3125;0.625;0.9375;1.25;1.5625;1.875;2.1875;2.5;2.8125;3.125;3.4375;3.75;4.0625;4.375;4.6875;5;5.3125;5.625;5.9375;6.25;6.5625;6.875;7.1875;7.5;7.8125;8.125;8.4375;8.75;9.0625;9.375;9.6875;10","0;0;0;0;0;0;0;0;0;0;0;0;0;0;0;0;0;0;0;0;0;0;0;0;0;0;159;524;2313;6537;16532;24716;19813;10679;4203;1577;510;116;1;0;0;0;0;0;0;0;0;0;0;0;0;0;0;0;0;0;0;0;0;0;0;0;0;0",87680
82,7,"LeakyReLULayer( 0.050000 )",post_activation,"-10;-9.6875;-9.375;-9.0625;-8.75;-8.4375;-8.125;-7.8125;-7.5;-7.1875;-6.875;-6.5625;-6.25;-5.9375;-5.625;-5.3125;-5;-4.6875;-4.375;-4.0625;-3.75;-3.4375;-3.125;-2.8125;-2.5;-2.1875;-1.875;-1.5625;-1.25;-0.9375;-0.625;-0.3125;0;0.3125;0.625;0.9375;1.25;1.5625;1.875;2.1875;2.5;2.8125;3.125;3.4375;3.75;4.0625;4.375;4.6875;5;5.3125;5.625;5.9375;6.25;6.5625;6.875;7.1875;7.5;7.8125;8.125;8.4375;8.75;9.0625;9.375;9.6875;10","0;0;0;0;0;0;0;0;0;0;0;0;0;0;0;0;0;0;0;0;0;0;0;0;0;0;0;0;0;0;0;50781;19813;10679;4203;1577;510;116;1;0;0;0;0;0;0;0;0;0;0;0;0;0;0;0;0;0;0;0;0;0;0;0;0;0",87680
83,1,"LeakyReLULayer( 0.050000 )",pre_activation,"-10;-9.6875;-9.375;-9.0625;-8.75;-8.4375;-8.125;-7.8125;-7.5;-7.1875;-6.875;-6.5625;-6.25;-5.9375;-5.625;-5.3125;-5;-4.6875;-4.375;-4.0625;-3.75;-3.4375;-3.125;-2.8125;-2.5;-2.1875;-1.875;-1.5625;-1.25;-0.9375;-0.625;-0.3125;0;0.3125;0.625;0.9375;1.25;1.5625;1.875;2.1875;2.5;2.8125;3.125;3.4375;3.75;4.0625;4.375;4.6875;5;5.3125;5.625;5.9375;6.25;6.5625;6.875;7.1875;7.5;7.8125;8.125;8.4375;8.75;9.0625;9.375;9.6875;10","0;0;0;0;0;0;0;0;0;0;0;0;0;0;0;0;0;0;0;0;61;575;1985;4878;9650;18865;42273;82828;149134;490317;1051527;3088319;3050357;1057956;479048;172700;101885;51645;9997;0;0;0;0;0;0;0;0;0;0;0;0;0;0;0;0;0;0;0;0;0;0;0;0;0",9864000
83,1,"LeakyReLULayer( 0.050000 )",post_activation,"-10;-9.6875;-9.375;-9.0625;-8.75;-8.4375;-8.125;-7.8125;-7.5;-7.1875;-6.875;-6.5625;-6.25;-5.9375;-5.625;-5.3125;-5;-4.6875;-4.375;-4.0625;-3.75;-3.4375;-3.125;-2.8125;-2.5;-2.1875;-1.875;-1.5625;-1.25;-0.9375;-0.625;-0.3125;0;0.3125;0.625;0.9375;1.25;1.5625;1.875;2.1875;2.5;2.8125;3.125;3.4375;3.75;4.0625;4.375;4.6875;5;5.3125;5.625;5.9375;6.25;6.5625;6.875;7.1875;7.5;7.8125;8.125;8.4375;8.75;9.0625;9.375;9.6875;10","0;0;0;0;0;0;0;0;0;0;0;0;0;0;0;0;0;0;0;0;0;0;0;0;0;0;0;0;0;0;0;4940412;3050357;1057956;479048;172700;101885;51645;9997;0;0;0;0;0;0;0;0;0;0;0;0;0;0;0;0;0;0;0;0;0;0;0;0;0",9864000
83,5,"LeakyReLULayer( 0.050000 )",pre_activation,"-10;-9.6875;-9.375;-9.0625;-8.75;-8.4375;-8.125;-7.8125;-7.5;-7.1875;-6.875;-6.5625;-6.25;-5.9375;-5.625;-5.3125;-5;-4.6875;-4.375;-4.0625;-3.75;-3.4375;-3.125;-2.8125;-2.5;-2.1875;-1.875;-1.5625;-1.25;-0.9375;-0.625;-0.3125;0;0.3125;0.625;0.9375;1.25;1.5625;1.875;2.1875;2.5;2.8125;3.125;3.4375;3.75;4.0625;4.375;4.6875;5;5.3125;5.625;5.9375;6.25;6.5625;6.875;7.1875;7.5;7.8125;8.125;8.4375;8.75;9.0625;9.375;9.6875;10","0;0;0;0;0;0;0;0;0;0;0;0;0;0;0;0;0;0;0;0;0;0;0;0;0;8;723;3186;5462;14518;21949;34867;35765;31153;19933;6372;1186;236;2;0;0;0;0;0;0;0;0;0;0;0;0;0;0;0;0;0;0;0;0;0;0;0;0;0",175360
83,5,"LeakyReLULayer( 0.050000 )",post_activation,"-10;-9.6875;-9.375;-9.0625;-8.75;-8.4375;-8.125;-7.8125;-7.5;-7.1875;-6.875;-6.5625;-6.25;-5.9375;-5.625;-5.3125;-5;-4.6875;-4.375;-4.0625;-3.75;-3.4375;-3.125;-2.8125;-2.5;-2.1875;-1.875;-1.5625;-1.25;-0.9375;-0.625;-0.3125;0;0.3125;0.625;0.9375;1.25;1.5625;1.875;2.1875;2.5;2.8125;3.125;3.4375;3.75;4.0625;4.375;4.6875;5;5.3125;5.625;5.9375;6.25;6.5625;6.875;7.1875;7.5;7.8125;8.125;8.4375;8.75;9.0625;9.375;9.6875;10","0;0;0;0;0;0;0;0;0;0;0;0;0;0;0;0;0;0;0;0;0;0;0;0;0;0;0;0;0;0;0;80713;35765;31153;19933;6372;1186;236;2;0;0;0;0;0;0;0;0;0;0;0;0;0;0;0;0;0;0;0;0;0;0;0;0;0",175360
83,7,"LeakyReLULayer( 0.050000 )",pre_activation,"-10;-9.6875;-9.375;-9.0625;-8.75;-8.4375;-8.125;-7.8125;-7.5;-7.1875;-6.875;-6.5625;-6.25;-5.9375;-5.625;-5.3125;-5;-4.6875;-4.375;-4.0625;-3.75;-3.4375;-3.125;-2.8125;-2.5;-2.1875;-1.875;-1.5625;-1.25;-0.9375;-0.625;-0.3125;0;0.3125;0.625;0.9375;1.25;1.5625;1.875;2.1875;2.5;2.8125;3.125;3.4375;3.75;4.0625;4.375;4.6875;5;5.3125;5.625;5.9375;6.25;6.5625;6.875;7.1875;7.5;7.8125;8.125;8.4375;8.75;9.0625;9.375;9.6875;10","0;0;0;0;0;0;0;0;0;0;0;0;0;0;0;0;0;0;0;0;0;0;0;0;0;0;162;520;2315;6580;16481;24738;19783;10724;4203;1542;517;113;2;0;0;0;0;0;0;0;0;0;0;0;0;0;0;0;0;0;0;0;0;0;0;0;0;0",87680
83,7,"LeakyReLULayer( 0.050000 )",post_activation,"-10;-9.6875;-9.375;-9.0625;-8.75;-8.4375;-8.125;-7.8125;-7.5;-7.1875;-6.875;-6.5625;-6.25;-5.9375;-5.625;-5.3125;-5;-4.6875;-4.375;-4.0625;-3.75;-3.4375;-3.125;-2.8125;-2.5;-2.1875;-1.875;-1.5625;-1.25;-0.9375;-0.625;-0.3125;0;0.3125;0.625;0.9375;1.25;1.5625;1.875;2.1875;2.5;2.8125;3.125;3.4375;3.75;4.0625;4.375;4.6875;5;5.3125;5.625;5.9375;6.25;6.5625;6.875;7.1875;7.5;7.8125;8.125;8.4375;8.75;9.0625;9.375;9.6875;10","0;0;0;0;0;0;0;0;0;0;0;0;0;0;0;0;0;0;0;0;0;0;0;0;0;0;0;0;0;0;0;50796;19783;10724;4203;1542;517;113;2;0;0;0;0;0;0;0;0;0;0;0;0;0;0;0;0;0;0;0;0;0;0;0;0;0",87680
84,1,"LeakyReLULayer( 0.050000 )",pre_activation,"-10;-9.6875;-9.375;-9.0625;-8.75;-8.4375;-8.125;-7.8125;-7.5;-7.1875;-6.875;-6.5625;-6.25;-5.9375;-5.625;-5.3125;-5;-4.6875;-4.375;-4.0625;-3.75;-3.4375;-3.125;-2.8125;-2.5;-2.1875;-1.875;-1.5625;-1.25;-0.9375;-0.625;-0.3125;0;0.3125;0.625;0.9375;1.25;1.5625;1.875;2.1875;2.5;2.8125;3.125;3.4375;3.75;4.0625;4.375;4.6875;5;5.3125;5.625;5.9375;6.25;6.5625;6.875;7.1875;7.5;7.8125;8.125;8.4375;8.75;9.0625;9.375;9.6875;10","0;0;0;0;0;0;0;0;0;0;0;0;0;0;0;0;0;0;0;0;61;575;1986;4878;9655;18863;42284;82829;149112;490315;1051360;3088550;3050495;1057793;478998;172704;101879;51661;10002;0;0;0;0;0;0;0;0;0;0;0;0;0;0;0;0;0;0;0;0;0;0;0;0;0",9864000
84,1,"LeakyReLULayer( 0.050000 )",post_activation,"-10;-9.6875;-9.375;-9.0625;-8.75;-8.4375;-8.125;-7.8125;-7.5;-7.1875;-6.875;-6.5625;-6.25;-5.9375;-5.625;-5.3125;-5;-4.6875;-4.375;-4.0625;-3.75;-3.4375;-3.125;-2.8125;-2.5;-2.1875;-1.875;-1.5625;-1.25;-0.9375;-0.625;-0.3125;0;0.3125;0.625;0.9375;1.25;1.5625;1.875;2.1875;2.5;2.8125;3.125;3.4375;3.75;4.0625;4.375;4.6875;5;5.3125;5.625;5.9375;6.25;6.5625;6.875;7.1875;7.5;7.8125;8.125;8.4375;8.75;9.0625;9.375;9.6875;10","0;0;0;0;0;0;0;0;0;0;0;0;0;0;0;0;0;0;0;0;0;0;0;0;0;0;0;0;0;0;0;4940468;3050495;1057793;478998;172704;101879;51661;10002;0;0;0;0;0;0;0;0;0;0;0;0;0;0;0;0;0;0;0;0;0;0;0;0;0",9864000
84,5,"LeakyReLULayer( 0.050000 )",pre_activation,"-10;-9.6875;-9.375;-9.0625;-8.75;-8.4375;-8.125;-7.8125;-7.5;-7.1875;-6.875;-6.5625;-6.25;-5.9375;-5.625;-5.3125;-5;-4.6875;-4.375;-4.0625;-3.75;-3.4375;-3.125;-2.8125;-2.5;-2.1875;-1.875;-1.5625;-1.25;-0.9375;-0.625;-0.3125;0;0.3125;0.625;0.9375;1.25;1.5625;1.875;2.1875;2.5;2.8125;3.125;3.4375;3.75;4.0625;4.375;4.6875;5;5.3125;5.625;5.9375;6.25;6.5625;6.875;7.1875;7.5;7.8125;8.125;8.4375;8.75;9.0625;9.375;9.6875;10","0;0;0;0;0;0;0;0;0;0;0;0;0;0;0;0;0;0;0;0;0;0;0;0;0;6;727;3211;5481;14482;21945;34891;35750;30986;20074;6371;1196;239;1;0;0;0;0;0;0;0;0;0;0;0;0;0;0;0;0;0;0;0;0;0;0;0;0;0",175360
84,5,"LeakyReLULayer( 0.050000 )",post_activation,"-10;-9.6875;-9.375;-9.0625;-8.75;-8.4375;-8.125;-7.8125;-7.5;-7.1875;-6.875;-6.5625;-6.25;-5.9375;-5.625;-5.3125;-5;-4.6875;-4.375;-4.0625;-3.75;-3.4375;-3.125;-2.8125;-2.5;-2.1875;-1.875;-1.5625;-1.25;-0.9375;-0.625;-0.3125;0;0.3125;0.625;0.9375;1.25;1.5625;1.875;2.1875;2.5;2.8125;3.125;3.4375;3.75;4.0625;4.375;4.6875;5;5.3125;5.625;5.9375;6.25;6.5625;6.875;7.1875;7.5;7.8125;8.125;8.4375;8.75;9.0625;9.375;9.6875;10","0;0;0;0;0;0;0;0;0;0;0;0;0;0;0;0;0;0;0;0;0;0;0;0;0;0;0;0;0;0;0;80743;35750;30986;20074;6371;1196;239;1;0;0;0;0;0;0;0;0;0;0;0;0;0;0;0;0;0;0;0;0;0;0;0;0;0",175360
84,7,"LeakyReLULayer( 0.050000 )",pre_activation,"-10;-9.6875;-9.375;-9.0625;-8.75;-8.4375;-8.125;-7.8125;-7.5;-7.1875;-6.875;-6.5625;-6.25;-5.9375;-5.625;-5.3125;-5;-4.6875;-4.375;-4.0625;-3.75;-3.4375;-3.125;-2.8125;-2.5;-2.1875;-1.875;-1.5625;-1.25;-0.9375;-0.625;-0.3125;0;0.3125;0.625;0.9375;1.25;1.5625;1.875;2.1875;2.5;2.8125;3.125;3.4375;3.75;4.0625;4.375;4.6875;5;5.3125;5.625;5.9375;6.25;6.5625;6.875;7.1875;7.5;7.8125;8.125;8.4375;8.75;9.0625;9.375;9.6875;10","0;0;0;0;0;0;0;0;0;0;0;0;0;0;0;0;0;0;0;0;0;0;0;0;0;0;155;532;2305;6548;16528;24710;19766;10748;4198;1567;509;111;3;0;0;0;0;0;0;0;0;0;0;0;0;0;0;0;0;0;0;0;0;0;0;0;0;0",87680
84,7,"LeakyReLULayer( 0.050000 )",post_activation,"-10;-9.6875;-9.375;-9.0625;-8.75;-8.4375;-8.125;-7.8125;-7.5;-7.1875;-6.875;-6.5625;-6.25;-5.9375;-5.625;-5.3125;-5;-4.6875;-4.375;-4.0625;-3.75;-3.4375;-3.125;-2.8125;-2.5;-2.1875;-1.875;-1.5625;-1.25;-0.9375;-0.625;-0.3125;0;0.3125;0.625;0.9375;1.25;1.5625;1.875;2.1875;2.5;2.8125;3.125;3.4375;3.75;4.0625;4.375;4.6875;5;5.3125;5.625;5.9375;6.25;6.5625;6.875;7.1875;7.5;7.8125;8.125;8.4375;8.75;9.0625;9.375;9.6875;10","0;0;0;0;0;0;0;0;0;0;0;0;0;0;0;0;0;0;0;0;0;0;0;0;0;0;0;0;0;0;0;50778;19766;10748;4198;1567;509;111;3;0;0;0;0;0;0;0;0;0;0;0;0;0;0;0;0;0;0;0;0;0;0;0;0;0",87680
85,1,"LeakyReLULayer( 0.050000 )",pre_activation,"-10;-9.6875;-9.375;-9.0625;-8.75;-8.4375;-8.125;-7.8125;-7.5;-7.1875;-6.875;-6.5625;-6.25;-5.9375;-5.625;-5.3125;-5;-4.6875;-4.375;-4.0625;-3.75;-3.4375;-3.125;-2.8125;-2.5;-2.1875;-1.875;-1.5625;-1.25;-0.9375;-0.625;-0.3125;0;0.3125;0.625;0.9375;1.25;1.5625;1.875;2.1875;2.5;2.8125;3.125;3.4375;3.75;4.0625;4.375;4.6875;5;5.3125;5.625;5.9375;6.25;6.5625;6.875;7.1875;7.5;7.8125;8.125;8.4375;8.75;9.0625;9.375;9.6875;10","0;0;0;0;0;0;0;0;0;0;0;0;0;0;0;0;0;0;0;0;61;575;1986;4878;9650;18867;42273;82813;149085;490266;1051330;3088683;3050617;1057746;478971;172668;101905;51627;9999;0;0;0;0;0;0;0;0;0;0;0;0;0;0;0;0;0;0;0;0;0;0;0;0;0",9864000
85,1,"LeakyReLULayer( 0.050000 )",post_activation,"-10;-9.6875;-9.375;-9.0625;-8.75;-8.4375;-8.125;-7.8125;-7.5;-7.1875;-6.875;-6.5625;-6.25;-5.9375;-5.625;-5.3125;-5;-4.6875;-4.375;-4.0625;-3.75;-3.4375;-3.125;-2.8125;-2.5;-2.1875;-1.875;-1.5625;-1.25;-0.9375;-0.625;-0.3125;0;0.3125;0.625;0.9375;1.25;1.5625;1.875;2.1875;2.5;2.8125;3.125;3.4375;3.75;4.0625;4.375;4.6875;5;5.3125;5.625;5.9375;6.25;6.5625;6.875;7.1875;7.5;7.8125;8.125;8.4375;8.75;9.0625;9.375;9.6875;10","0;0;0;0;0;0;0;0;0;0;0;0;0;0;0;0;0;0;0;0;0;0;0;0;0;0;0;0;0;0;0;4940467;3050617;1057746;478971;172668;101905;51627;9999;0;0;0;0;0;0;0;0;0;0;0;0;0;0;0;0;0;0;0;0;0;0;0;0;0",9864000
85,5,"LeakyReLULayer( 0.050000 )",pre_activation,"-10;-9.6875;-9.375;-9.0625;-8.75;-8.4375;-8.125;-7.8125;-7.5;-7.1875;-6.875;-6.5625;-6.25;-5.9375;-5.625;-5.3125;-5;-4.6875;-4.375;-4.0625;-3.75;-3.4375;-3.125;-2.8125;-2.5;-2.1875;-1.875;-1.5625;-1.25;-0.9375;-0.625;-0.3125;0;0.3125;0.625;0.9375;1.25;1.5625;1.875;2.1875;2.5;2.8125;3.125;3.4375;3.75;4.0625;4.375;4.6875;5;5.3125;5.625;5.9375;6.25;6.5625;6.875;7.1875;7.5;7.8125;8.125;8.4375;8.75;9.0625;9.375;9.6875;10","0;0;0;0;0;0;0;0;0;0;0;0;0;0;0;0;0;0;0;0;0;0;0;0;0;7;729;3242;5448;14460;21831;34855;35777;31130;20008;6411;1224;237;1;0;0;0;0;0;0;0;0;0;0;0;0;0;0;0;0;0;0;0;0;0;0;0;0;0",175360
85,5,"LeakyReLULayer( 0.050000 )",post_activation,"-10;-9.6875;-9.375;-9.0625;-8.75;-8.4375;-8.125;-7.8125;-7.5;-7.1875;-6.875;-6.5625;-6.25;-5.9375;-5.625;-5.3125;-5;-4.6875;-4.375;-4.0625;-3.75;-3.4375;-3.125;-2.8125;-2.5;-2.1875;-1.875;-1.5625;-1.25;-0.9375;-0.625;-0.3125;0;0.3125;0.625;0.9375;1.25;1.5625;1.875;2.1875;2.5;2.8125;3.125;3.4375;3.75;4.0625;4.375;4.6875;5;5.3125;5.625;5.9375;6.25;6.5625;6.875;7.1875;7.5;7.8125;8.125;8.4375;8.75;9.0625;9.375;9.6875;10","0;0;0;0;0;0;0;0;0;0;0;0;0;0;0;0;0;0;0;0;0;0;0;0;0;0;0;0;0;0;0;80572;35777;31130;20008;6411;1224;237;1;0;0;0;0;0;0;0;0;0;0;0;0;0;0;0;0;0;0;0;0;0;0;0;0;0",175360
85,7,"LeakyReLULayer( 0.050000 )",pre_activation,"-10;-9.6875;-9.375;-9.0625;-8.75;-8.4375;-8.125;-7.8125;-7.5;-7.1875;-6.875;-6.5625;-6.25;-5.9375;-5.625;-5.3125;-5;-4.6875;-4.375;-4.0625;-3.75;-3.4375;-3.125;-2.8125;-2.5;-2.1875;-1.875;-1.5625;-1.25;-0.9375;-0.625;-0.3125;0;0.3125;0.625;0.9375;1.25;1.5625;1.875;2.1875;2.5;2.8125;3.125;3.4375;3.75;4.0625;4.375;4.6875;5;5.3125;5.625;5.9375;6.25;6.5625;6.875;7.1875;7.5;7.8125;8.125;8.4375;8.75;9.0625;9.375;9.6875;10","0;0;0;0;0;0;0;0;0;0;0;0;0;0;0;0;0;0;0;0;0;0;0;0;0;0;157;529;2328;6540;16596;24715;19645;10696;4265;1570;522;114;3;0;0;0;0;0;0;0;0;0;0;0;0;0;0;0;0;0;0;0;0;0;0;0;0;0",87680
85,7,"LeakyReLULayer( 0.050000 )",post_activation,"-10;-9.6875;-9.375;-9.0625;-8.75;-8.4375;-8.125;-7.8125;-7.5;-7.1875;-6.875;-6.5625;-6.25;-5.9375;-5.625;-5.3125;-5;-4.6875;-4.375;-4.0625;-3.75;-3.4375;-3.125;-2.8125;-2.5;-2.1875;-1.875;-1.5625;-1.25;-0.9375;-0.625;-0.3125;0;0.3125;0.625;0.9375;1.25;1.5625;1.875;2.1875;2.5;2.8125;3.125;3.4375;3.75;4.0625;4.375;4.6875;5;5.3125;5.625;5.9375;6.25;6.5625;6.875;7.1875;7.5;7.8125;8.125;8.4375;8.75;9.0625;9.375;9.6875;10","0;0;0;0;0;0;0;0;0;0;0;0;0;0;0;0;0;0;0;0;0;0;0;0;0;0;0;0;0;0;0;50865;19645;10696;4265;1570;522;114;3;0;0;0;0;0;0;0;0;0;0;0;0;0;0;0;0;0;0;0;0;0;0;0;0;0",87680
86,1,"LeakyReLULayer( 0.050000 )",pre_activation,"-10;-9.6875;-9.375;-9.0625;-8.75;-8.4375;-8.125;-7.8125;-7.5;-7.1875;-6.875;-6.5625;-6.25;-5.9375;-5.625;-5.3125;-5;-4.6875;-4.375;-4.0625;-3.75;-3.4375;-3.125;-2.8125;-2.5;-2.1875;-1.875;-1.5625;-1.25;-0.9375;-0.625;-0.3125;0;0.3125;0.625;0.9375;1.25;1.5625;1.875;2.1875;2.5;2.8125;3.125;3.4375;3.75;4.0625;4.375;4.6875;5;5.3125;5.625;5.9375;6.25;6.5625;6.875;7.1875;7.5;7.8125;8.125;8.4375;8.75;9.0625;9.375;9.6875;10","0;0;0;0;0;0;0;0;0;0;0;0;0;0;0;0;0;0;0;0;61;575;1984;4878;9646;18863;42262;82809;149026;490205;1051296;3088923;3050782;1057670;478920;172596;101900;51619;9985;0;0;0;0;0;0;0;0;0;0;0;0;0;0;0;0;0;0;0;0;0;0;0;0;0",9864000
86,1,"LeakyReLULayer( 0.050000 )",post_activation,"-10;-9.6875;-9.375;-9.0625;-8.75;-8.4375;-8.125;-7.8125;-7.5;-7.1875;-6.875;-6.5625;-6.25;-5.9375;-5.625;-5.3125;-5;-4.6875;-4.375;-4.0625;-3.75;-3.4375;-3.125;-2.8125;-2.5;-2.1875;-1.875;-1.5625;-1.25;-0.9375;-0.625;-0.3125;0;0.3125;0.625;0.9375;1.25;1.5625;1.875;2.1875;2.5;2.8125;3.125;3.4375;3.75;4.0625;4.375;4.6875;5;5.3125;5.625;5.9375;6.25;6.5625;6.875;7.1875;7.5;7.8125;8.125;8.4375;8.75;9.0625;9.375;9.6875;10","0;0;0;0;0;0;0;0;0;0;0;0;0;0;0;0;0;0;0;0;0;0;0;0;0;0;0;0;0;0;0;4940528;3050782;1057670;478920;172596;101900;51619;9985;0;0;0;0;0;0;0;0;0;0;0;0;0;0;0;0;0;0;0;0;0;0;0;0;0",9864000
86,5,"LeakyReLULayer( 0.050000 )",pre_activation,"-10;-9.6875;-9.375;-9.0625;-8.75;-8.4375;-8.125;-7.8125;-7.5;-7.1875;-6.875;-6.5625;-6.25;-5.9375;-5.625;-5.3125;-5;-4.6875;-4.375;-4.0625;-3.75;-3.4375;-3.125;-2.8125;-2.5;-2.1875;-1.875;-1.5625;-1.25;-0.9375;-0.625;-0.3125;0;0.3125;0.625;0.9375;1.25;1.5625;1.875;2.1875;2.5;2.8125;3.125;3.4375;3.75;4.0625;4.375;4.6875;5;5.3125;5.625;5.9375;6.25;6.5625;6.875;7.1875;7.5;7.8125;8.125;8.4375;8.75;9.0625;9.375;9.6875;10","0;0;0;0;0;0;0;0;0;0;0;0;0;0;0;0;0;0;0;0;0;0;0;0;0;7;710;3262;5412;14596;21836;34797;35768;31168;19973;6367;1224;239;1;0;0;0;0;0;0;0;0;0;0;0;0;0;0;0;0;0;0;0;0;0;0;0;0;0",175360
86,5,"LeakyReLULayer( 0.050000 )",post_activation,"-10;-9.6875;-9.375;-9.0625;-8.75;-8.4375;-8.125;-7.8125;-7.5;-7.1875;-6.875;-6.5625;-6.25;-5.9375;-5.625;-5.3125;-5;-4.6875;-4.375;-4.0625;-3.75;-3.4375;-3.125;-2.8125;-2.5;-2.1875;-1.875;-1.5625;-1.25;-0.9375;-0.625;-0.3125;0;0.3125;0.625;0.9375;1.25;1.5625;1.875;2.1875;2.5;2.8125;3.125;3.4375;3.75;4.0625;4.375;4.6875;5;5.3125;5.625;5.9375;6.25;6.5625;6.875;7.1875;7.5;7.8125;8.125;8.4375;8.75;9.0625;9.375;9.6875;10","0;0;0;0;0;0;0;0;0;0;0;0;0;0;0;0;0;0;0;0;0;0;0;0;0;0;0;0;0;0;0;80620;35768;31168;19973;6367;1224;239;1;0;0;0;0;0;0;0;0;0;0;0;0;0;0;0;0;0;0;0;0;0;0;0;0;0",175360
86,7,"LeakyReLULayer( 0.050000 )",pre_activation,"-10;-9.6875;-9.375;-9.0625;-8.75;-8.4375;-8.125;-7.8125;-7.5;-7.1875;-6.875;-6.5625;-6.25;-5.9375;-5.625;-5.3125;-5;-4.6875;-4.375;-4.0625;-3.75;-3.4375;-3.125;-2.8125;-2.5;-2.1875;-1.875;-1.5625;-1.25;-0.9375;-0.625;-0.3125;0;0.3125;0.625;0.9375;1.25;1.5625;1.875;2.1875;2.5;2.8125;3.125;3.4375;3.75;4.0625;4.375;4.6875;5;5.3125;5.625;5.9375;6.25;6.5625;6.875;7.1875;7.5;7.8125;8.125;8.4375;8.75;9.0625;9.375;9.6875;10","0;0;0;0;0;0;0;0;0;0;0;0;0;0;0;0;0;0;0;0;0;0;0;0;0;0;156;531;2316;6611;16465;24724;19672;10803;4224;1548;517;110;3;0;0;0;0;0;0;0;0;0;0;0;0;0;0;0;0;0;0;0;0;0;0;0;0;0",87680
86,7,"LeakyReLULayer( 0.050000 )",post_activation,"-10;-9.6875;-9.375;-9.0625;-8.75;-8.4375;-8.125;-7.8125;-7.5;-7.1875;-6.875;-6.5625;-6.25;-5.9375;-5.625;-5.3125;-5;-4.6875;-4.375;-4.0625;-3.75;-3.4375;-3.125;-2.8125;-2.5;-2.1875;-1.875;-1.5625;-1.25;-0.9375;-0.625;-0.3125;0;0.3125;0.625;0.9375;1.25;1.5625;1.875;2.1875;2.5;2.8125;3.125;3.4375;3.75;4.0625;4.375;4.6875;5;5.3125;5.625;5.9375;6.25;6.5625;6.875;7.1875;7.5;7.8125;8.125;8.4375;8.75;9.0625;9.375;9.6875;10","0;0;0;0;0;0;0;0;0;0;0;0;0;0;0;0;0;0;0;0;0;0;0;0;0;0;0;0;0;0;0;50803;19672;10803;4224;1548;517;110;3;0;0;0;0;0;0;0;0;0;0;0;0;0;0;0;0;0;0;0;0;0;0;0;0;0",87680
87,1,"LeakyReLULayer( 0.050000 )",pre_activation,"-10;-9.6875;-9.375;-9.0625;-8.75;-8.4375;-8.125;-7.8125;-7.5;-7.1875;-6.875;-6.5625;-6.25;-5.9375;-5.625;-5.3125;-5;-4.6875;-4.375;-4.0625;-3.75;-3.4375;-3.125;-2.8125;-2.5;-2.1875;-1.875;-1.5625;-1.25;-0.9375;-0.625;-0.3125;0;0.3125;0.625;0.9375;1.25;1.5625;1.875;2.1875;2.5;2.8125;3.125;3.4375;3.75;4.0625;4.375;4.6875;5;5.3125;5.625;5.9375;6.25;6.5625;6.875;7.1875;7.5;7.8125;8.125;8.4375;8.75;9.0625;9.375;9.6875;10","0;0;0;0;0;0;0;0;0;0;0;0;0;0;0;0;0;0;0;0;61;575;1986;4876;9654;18861;42268;82801;148997;490188;1051362;3088901;3050680;1057800;478907;172568;101888;51630;9997;0;0;0;0;0;0;0;0;0;0;0;0;0;0;0;0;0;0;0;0;0;0;0;0;0",9864000
87,1,"LeakyReLULayer( 0.050000 )",post_activation,"-10;-9.6875;-9.375;-9.0625;-8.75;-8.4375;-8.125;-7.8125;-7.5;-7.1875;-6.875;-6.5625;-6.25;-5.9375;-5.625;-5.3125;-5;-4.6875;-4.375;-4.0625;-3.75;-3.4375;-3.125;-2.8125;-2.5;-2.1875;-1.875;-1.5625;-1.25;-0.9375;-0.625;-0.3125;0;0.3125;0.625;0.9375;1.25;1.5625;1.875;2.1875;2.5;2.8125;3.125;3.4375;3.75;4.0625;4.375;4.6875;5;5.3125;5.625;5.9375;6.25;6.5625;6.875;7.1875;7.5;7.8125;8.125;8.4375;8.75;9.0625;9.375;9.6875;10","0;0;0;0;0;0;0;0;0;0;0;0;0;0;0;0;0;0;0;0;0;0;0;0;0;0;0;0;0;0;0;4940530;3050680;1057800;478907;172568;101888;51630;9997;0;0;0;0;0;0;0;0;0;0;0;0;0;0;0;0;0;0;0;0;0;0;0;0;0",9864000
87,5,"LeakyReLULayer( 0.050000 )",pre_activation,"-10;-9.6875;-9.375;-9.0625;-8.75;-8.4375;-8.125;-7.8125;-7.5;-7.1875;-6.875;-6.5625;-6.25;-5.9375;-5.625;-5.3125;-5;-4.6875;-4.375;-4.0625;-3.75;-3.4375;-3.125;-2.8125;-2.5;-2.1875;-1.875;-1.5625;-1.25;-0.9375;-0.625;-0.3125;0;0.3125;0.625;0.9375;1.25;1.5625;1.875;2.1875;2.5;2.8125;3.125;3.4375;3.75;4.0625;4.375;4.6875;5;5.3125;5.625;5.9375;6.25;6.5625;6.875;7.1875;7.5;7.8125;8.125;8.4375;8.75;9.0625;9.375;9.6875;10","0;0;0;0;0;0;0;0;0;0;0;0;0;0;0;0;0;0;0;0;0;0;0;0;0;7;702;3279;5426;14480;21844;34842;35760;31193;19930;6415;1243;238;1;0;0;0;0;0;0;0;0;0;0;0;0;0;0;0;0;0;0;0;0;0;0;0;0;0",175360
87,5,"LeakyReLULayer( 0.050000 )",post_activation,"-10;-9.6875;-9.375;-9.0625;-8.75;-8.4375;-8.125;-7.8125;-7.5;-7.1875;-6.875;-6.5625;-6.25;-5.9375;-5.625;-5.3125;-5;-4.6875;-4.375;-4.0625;-3.75;-3.4375;-3.125;-2.8125;-2.5;-2.1875;-1.875;-1.5625;-1.25;-0.9375;-0.625;-0.3125;0;0.3125;0.625;0.9375;1.25;1.5625;1.875;2.1875;2.5;2.8125;3.125;3.4375;3.75;4.0625;4.375;4.6875;5;5.3125;5.625;5.9375;6.25;6.5625;6.875;7.1875;7.5;7.8125;8.125;8.4375;8.75;9.0625;9.375;9.6875;10","0;0;0;0;0;0;0;0;0;0;0;0;0;0;0;0;0;0;0;0;0;0;0;0;0;0;0;0;0;0;0;80580;35760;31193;19930;6415;1243;238;1;0;0;0;0;0;0;0;0;0;0;0;0;0;0;0;0;0;0;0;0;0;0;0;0;0",175360
87,7,"LeakyReLULayer( 0.050000 )",pre_activation,"-10;-9.6875;-9.375;-9.0625;-8.75;-8.4375;-8.125;-7.8125;-7.5;-7.1875;-6.875;-6.5625;-6.25;-5.9375;-5.625;-5.3125;-5;-4.6875;-4.375;-4.0625;-3.75;-3.4375;-3.125;-2.8125;-2.5;-2.1875;-1.875;-1.5625;-1.25;-0.9375;-0.625;-0.3125;0;0.3125;0.625;0.9375;1.25;1.5625;1.875;2.1875;2.5;2.8125;3.125;3.4375;3.75;4.0625;4.375;4.6875;5;5.3125;5.625;5.9375;6.25;6.5625;6.875;7.1875;7.5;7.8125;8.125;8.4375;8.75;9.0625;9.375;9.6875;10","0;0;0;0;0;0;0;0;0;0;0;0;0;0;0;0;0;0;0;0;0;0;0;0;0;0;169;528;2289;6668;16499;24586;19729;10715;4295;1558;527;116;1;0;0;0;0;0;0;0;0;0;0;0;0;0;0;0;0;0;0;0;0;0;0;0;0;0",87680
87,7,"LeakyReLULayer( 0.050000 )",post_activation,"-10;-9.6875;-9.375;-9.0625;-8.75;-8.4375;-8.125;-7.8125;-7.5;-7.1875;-6.875;-6.5625;-6.25;-5.9375;-5.625;-5.3125;-5;-4.6875;-4.375;-4.0625;-3.75;-3.4375;-3.125;-2.8125;-2.5;-2.1875;-1.875;-1.5625;-1.25;-0.9375;-0.625;-0.3125;0;0.3125;0.625;0.9375;1.25;1.5625;1.875;2.1875;2.5;2.8125;3.125;3.4375;3.75;4.0625;4.375;4.6875;5;5.3125;5.625;5.9375;6.25;6.5625;6.875;7.1875;7.5;7.8125;8.125;8.4375;8.75;9.0625;9.375;9.6875;10","0;0;0;0;0;0;0;0;0;0;0;0;0;0;0;0;0;0;0;0;0;0;0;0;0;0;0;0;0;0;0;50739;19729;10715;4295;1558;527;116;1;0;0;0;0;0;0;0;0;0;0;0;0;0;0;0;0;0;0;0;0;0;0;0;0;0",87680
88,1,"LeakyReLULayer( 0.050000 )",pre_activation,"-10;-9.6875;-9.375;-9.0625;-8.75;-8.4375;-8.125;-7.8125;-7.5;-7.1875;-6.875;-6.5625;-6.25;-5.9375;-5.625;-5.3125;-5;-4.6875;-4.375;-4.0625;-3.75;-3.4375;-3.125;-2.8125;-2.5;-2.1875;-1.875;-1.5625;-1.25;-0.9375;-0.625;-0.3125;0;0.3125;0.625;0.9375;1.25;1.5625;1.875;2.1875;2.5;2.8125;3.125;3.4375;3.75;4.0625;4.375;4.6875;5;5.3125;5.625;5.9375;6.25;6.5625;6.875;7.1875;7.5;7.8125;8.125;8.4375;8.75;9.0625;9.375;9.6875;10","0;0;0;0;0;0;0;0;0;0;0;0;0;0;0;0;0;0;0;0;61;575;1984;4879;9648;18863;42263;82808;149014;490253;1051287;3088872;3050736;1057718;478933;172590;101891;51632;9993;0;0;0;0;0;0;0;0;0;0;0;0;0;0;0;0;0;0;0;0;0;0;0;0;0",9864000
88,1,"LeakyReLULayer( 0.050000 )",post_activation,"-10;-9.6875;-9.375;-9.0625;-8.75;-8.4375;-8.125;-7.8125;-7.5;-7.1875;-6.875;-6.5625;-6.25;-5.9375;-5.625;-5.3125;-5;-4.6875;-4.375;-4.0625;-3.75;-3.4375;-3.125;-2.8125;-2.5;-2.1875;-1.875;-1.5625;-1.25;-0.9375;-0.625;-0.3125;0;0.3125;0.625;0.9375;1.25;1.5625;1.875;2.1875;2.5;2.8125;3.125;3.4375;3.75;4.0625;4.375;4.6875;5;5.3125;5.625;5.9375;6.25;6.5625;6.875;7.1875;7.5;7.8125;8.125;8.4375;8.75;9.0625;9.375;9.6875;10","0;0;0;0;0;0;0;0;0;0;0;0;0;0;0;0;0;0;0;0;0;0;0;0;0;0;0;0;0;0;0;4940507;3050736;1057718;478933;172590;101891;51632;9993;0;0;0;0;0;0;0;0;0;0;0;0;0;0;0;0;0;0;0;0;0;0;0;0;0",9864000
88,5,"LeakyReLULayer( 0.050000 )",pre_activation,"-10;-9.6875;-9.375;-9.0625;-8.75;-8.4375;-8.125;-7.8125;-7.5;-7.1875;-6.875;-6.5625;-6.25;-5.9375;-5.625;-5.3125;-5;-4.6875;-4.375;-4.0625;-3.75;-3.4375;-3.125;-2.8125;-2.5;-2.1875;-1.875;-1.5625;-1.25;-0.9375;-0.625;-0.3125;0;0.3125;0.625;0.9375;1.25;1.5625;1.875;2.1875;2.5;2.8125;3.125;3.4375;3.75;4.0625;4.375;4.6875;5;5.3125;5.625;5.9375;6.25;6.5625;6.875;7.1875;7.5;7.8125;8.125;8.4375;8.75;9.0625;9.375;9.6875;10","0;0;0;0;0;0;0;0;0;0;0;0;0;0;0;0;0;0;0;0;0;0;0;0;0;7;685;3277;5394;14533;21773;34781;35817;31195;19993;6402;1262;240;1;0;0;0;0;0;0;0;0;0;0;0;0;0;0;0;0;0;0;0;0;0;0;0;0;0",175360
88,5,"LeakyReLULayer( 0.050000 )",post_activation,"-10;-9.6875;-9.375;-9.0625;-8.75;-8.4375;-8.125;-7.8125;-7.5;-7.1875;-6.875;-6.5625;-6.25;-5.9375;-5.625;-5.3125;-5;-4.6875;-4.375;-4.0625;-3.75;-3.4375;-3.125;-2.8125;-2.5;-2.1875;-1.875;-1.5625;-1.25;-0.9375;-0.625;-0.3125;0;0.3125;0.625;0.9375;1.25;1.5625;1.875;2.1875;2.5;2.8125;3.125;3.4375;3.75;4.0625;4.375;4.6875;5;5.3125;5.625;5.9375;6.25;6.5625;6.875;7.1875;7.5;7.8125;8.125;8.4375;8.75;9.0625;9.375;9.6875;10","0;0;0;0;0;0;0;0;0;0;0;0;0;0;0;0;0;0;0;0;0;0;0;0;0;0;0;0;0;0;0;80450;35817;31195;19993;6402;1262;240;1;0;0;0;0;0;0;0;0;0;0;0;0;0;0;0;0;0;0;0;0;0;0;0;0;0",175360
88,7,"LeakyReLULayer( 0.050000 )",pre_activation,"-10;-9.6875;-9.375;-9.0625;-8.75;-8.4375;-8.125;-7.8125;-7.5;-7.1875;-6.875;-6.5625;-6.25;-5.9375;-5.625;-5.3125;-5;-4.6875;-4.375;-4.0625;-3.75;-3.4375;-3.125;-2.8125;-2.5;-2.1875;-1.875;-1.5625;-1.25;-0.9375;-0.625;-0.3125;0;0.3125;0.625;0.9375;1.25;1.5625;1.875;2.1875;2.5;2.8125;3.125;3.4375;3.75;4.0625;4.375;4.6875;5;5.3125;5.625;5.9375;6.25;6.5625;6.875;7.1875;7.5;7.8125;8.125;8.4375;8.75;9.0625;9.375;9.6875;10","0;0;0;0;0;0;0;0;0;0;0;0;0;0;0;0;0;0;0;0;0;0;0;0;0;0;168;537;2315;6641;16441;24635;19731;10689;4299;1571;532;119;2;0;0;0;0;0;0;0;0;0;0;0;0;0;0;0;0;0;0;0;0;0;0;0;0;0",87680
88,7,"LeakyReLULayer( 0.050000 )",post_activation,"-10;-9.6875;-9.375;-9.0625;-8.75;-8.4375;-8.125;-7.8125;-7.5;-7.1875;-6.875;-6.5625;-6.25;-5.9375;-5.625;-5.3125;-5;-4.6875;-4.375;-4.0625;-3.75;-3.4375;-3.125;-2.8125;-2.5;-2.1875;-1.875;-1.5625;-1.25;-0.9375;-0.625;-0.3125;0;0.3125;0.625;0.9375;1.25;1.5625;1.875;2.1875;2.5;2.8125;3.125;3.4375;3.75;4.0625;4.375;4.6875;5;5.3125;5.625;5.9375;6.25;6.5625;6.875;7.1875;7.5;7.8125;8.125;8.4375;8.75;9.0625;9.375;9.6875;10","0;0;0;0;0;0;0;0;0;0;0;0;0;0;0;0;0;0;0;0;0;0;0;0;0;0;0;0;0;0;0;50737;19731;10689;4299;1571;532;119;2;0;0;0;0;0;0;0;0;0;0;0;0;0;0;0;0;0;0;0;0;0;0;0;0;0",87680
89,1,"LeakyReLULayer( 0.050000 )",pre_activation,"-10;-9.6875;-9.375;-9.0625;-8.75;-8.4375;-8.125;-7.8125;-7.5;-7.1875;-6.875;-6.5625;-6.25;-5.9375;-5.625;-5.3125;-5;-4.6875;-4.375;-4.0625;-3.75;-3.4375;-3.125;-2.8125;-2.5;-2.1875;-1.875;-1.5625;-1.25;-0.9375;-0.625;-0.3125;0;0.3125;0.625;0.9375;1.25;1.5625;1.875;2.1875;2.5;2.8125;3.125;3.4375;3.75;4.0625;4.375;4.6875;5;5.3125;5.625;5.9375;6.25;6.5625;6.875;7.1875;7.5;7.8125;8.125;8.4375;8.75;9.0625;9.375;9.6875;10","0;0;0;0;0;0;0;0;0;0;0;0;0;0;0;0;0;0;0;0;61;575;1983;4875;9641;18862;42256;82798;148931;490084;1051345;3089167;3050837;1057812;478831;172479;101878;51601;9984;0;0;0;0;0;0;0;0;0;0;0;0;0;0;0;0;0;0;0;0;0;0;0;0;0",9864000
89,1,"LeakyReLULayer( 0.050000 )",post_activation,"-10;-9.6875;-9.375;-9.0625;-8.75;-8.4375;-8.125;-7.8125;-7.5;-7.1875;-6.875;-6.5625;-6.25;-5.9375;-5.625;-5.3125;-5;-4.6875;-4.375;-4.0625;-3.75;-3.4375;-3.125;-2.8125;-2.5;-2.1875;-1.875;-1.5625;-1.25;-0.9375;-0.625;-0.3125;0;0.3125;0.625;0.9375;1.25;1.5625;1.875;2.1875;2.5;2.8125;3.125;3.4375;3.75;4.0625;4.375;4.6875;5;5.3125;5.625;5.9375;6.25;6.5625;6.875;7.1875;7.5;7.8125;8.125;8.4375;8.75;9.0625;9.375;9.6875;10","0;0;0;0;0;0;0;0;0;0;0;0;0;0;0;0;0;0;0;0;0;0;0;0;0;0;0;0;0;0;0;4940578;3050837;1057812;478831;172479;101878;51601;9984;0;0;0;0;0;0;0;0;0;0;0;0;0;0;0;0;0;0;0;0;0;0;0;0;0",9864000
89,5,"LeakyReLULayer( 0.050000 )",pre_activation,"-10;-9.6875;-9.375;-9.0625;-8.75;-8.4375;-8.125;-7.8125;-7.5;-7.1875;-6.875;-6.5625;-6.25;-5.9375;-5.625;-5.3125;-5;-4.6875;-4.375;-4.0625;-3.75;-3.4375;-3.125;-2.8125;-2.5;-2.1875;-1.875;-1.5625;-1.25;-0.9375;-0.625;-0.3125;0;0.3125;0.625;0.9375;1.25;1.5625;1.875;2.1875;2.5;2.8125;3.125;3.4375;3.75;4.0625;4.375;4.6875;5;5.3125;5.625;5.9375;6.25;6.5625;6.875;7.1875;7.5;7.8125;8.125;8.4375;8.75;9.0625;9.375;9.6875;10","0;0;0;0;0;0;0;0;0;0;0;0;0;0;0;0;0;0;0;0;0;0;0;0;0;8;676;3270;5469;14563;21757;34790;35929;31107;19961;6345;1248;235;2;0;0;0;0;0;0;0;0;0;0;0;0;0;0;0;0;0;0;0;0;0;0;0;0;0",175360
89,5,"LeakyReLULayer( 0.050000 )",post_activation,"-10;-9.6875;-9.375;-9.0625;-8.75;-8.4375;-8.125;-7.8125;-7.5;-7.1875;-6.875;-6.5625;-6.25;-5.9375;-5.625;-5.3125;-5;-4.6875;-4.375;-4.0625;-3.75;-3.4375;-3.125;-2.8125;-2.5;-2.1875;-1.875;-1.5625;-1.25;-0.9375;-0.625;-0.3125;0;0.3125;0.625;0.9375;1.25;1.5625;1.875;2.1875;2.5;2.8125;3.125;3.4375;3.75;4.0625;4.375;4.6875;5;5.3125;5.625;5.9375;6.25;6.5625;6.875;7.1875;7.5;7.8125;8.125;8.4375;8.75;9.0625;9.375;9.6875;10","0;0;0;0;0;0;0;0;0;0;0;0;0;0;0;0;0;0;0;0;0;0;0;0;0;0;0;0;0;0;0;80533;35929;31107;19961;6345;1248;235;2;0;0;0;0;0;0;0;0;0;0;0;0;0;0;0;0;0;0;0;0;0;0;0;0;0",175360
89,7,"LeakyReLULayer( 0.050000 )",pre_activation,"-10;-9.6875;-9.375;-9.0625;-8.75;-8.4375;-8.125;-7.8125;-7.5;-7.1875;-6.875;-6.5625;-6.25;-5.9375;-5.625;-5.3125;-5;-4.6875;-4.375;-4.0625;-3.75;-3.4375;-3.125;-2.8125;-2.5;-2.1875;-1.875;-1.5625;-1.25;-0.9375;-0.625;-0.3125;0;0.3125;0.625;0.9375;1.25;1.5625;1.875;2.1875;2.5;2.8125;3.125;3.4375;3.75;4.0625;4.375;4.6875;5;5.3125;5.625;5.9375;6.25;6.5625;6.875;7.1875;7.5;7.8125;8.125;8.4375;8.75;9.0625;9.375;9.6875;10","0;0;0;0;0;0;0;0;0;0;0;0;0;0;0;0;0;0;0;0;0;0;0;0;0;0;168;534;2290;6625;16440;24815;19635;10765;4257;1529;505;116;1;0;0;0;0;0;0;0;0;0;0;0;0;0;0;0;0;0;0;0;0;0;0;0;0;0",87680
89,7,"LeakyReLULayer( 0.050000 )",post_activation,"-10;-9.6875;-9.375;-9.0625;-8.75;-8.4375;-8.125;-7.8125;-7.5;-7.1875;-6.875;-6.5625;-6.25;-5.9375;-5.625;-5.3125;-5;-4.6875;-4.375;-4.0625;-3.75;-3.4375;-3.125;-2.8125;-2.5;-2.1875;-1.875;-1.5625;-1.25;-0.9375;-0.625;-0.3125;0;0.3125;0.625;0.9375;1.25;1.5625;1.875;2.1875;2.5;2.8125;3.125;3.4375;3.75;4.0625;4.375;4.6875;5;5.3125;5.625;5.9375;6.25;6.5625;6.875;7.1875;7.5;7.8125;8.125;8.4375;8.75;9.0625;9.375;9.6875;10","0;0;0;0;0;0;0;0;0;0;0;0;0;0;0;0;0;0;0;0;0;0;0;0;0;0;0;0;0;0;0;50872;19635;10765;4257;1529;505;116;1;0;0;0;0;0;0;0;0;0;0;0;0;0;0;0;0;0;0;0;0;0;0;0;0;0",87680
90,1,"LeakyReLULayer( 0.050000 )",pre_activation,"-10;-9.6875;-9.375;-9.0625;-8.75;-8.4375;-8.125;-7.8125;-7.5;-7.1875;-6.875;-6.5625;-6.25;-5.9375;-5.625;-5.3125;-5;-4.6875;-4.375;-4.0625;-3.75;-3.4375;-3.125;-2.8125;-2.5;-2.1875;-1.875;-1.5625;-1.25;-0.9375;-0.625;-0.3125;0;0.3125;0.625;0.9375;1.25;1.5625;1.875;2.1875;2.5;2.8125;3.125;3.4375;3.75;4.0625;4.375;4.6875;5;5.3125;5.625;5.9375;6.25;6.5625;6.875;7.1875;7.5;7.8125;8.125;8.4375;8.75;9.0625;9.375;9.6875;10","0;0;0;0;0;0;0;0;0;0;0;0;0;0;0;0;0;0;0;0;61;575;1984;4877;9650;18858;42263;82804;148975;490253;1051400;3088850;3050501;1057917;478976;172568;101883;51624;9981;0;0;0;0;0;0;0;0;0;0;0;0;0;0;0;0;0;0;0;0;0;0;0;0;0",9864000
90,1,"LeakyReLULayer( 0.050000 )",post_activation,"-10;-9.6875;-9.375;-9.0625;-8.75;-8.4375;-8.125;-7.8125;-7.5;-7.1875;-6.875;-6.5625;-6.25;-5.9375;-5.625;-5.3125;-5;-4.6875;-4.375;-4.0625;-3.75;-3.4375;-3.125;-2.8125;-2.5;-2.1875;-1.875;-1.5625;-1.25;-0.9375;-0.625;-0.3125;0;0.3125;0.625;0.9375;1.25;1.5625;1.875;2.1875;2.5;2.8125;3.125;3.4375;3.75;4.0625;4.375;4.6875;5;5.3125;5.625;5.9375;6.25;6.5625;6.875;7.1875;7.5;7.8125;8.125;8.4375;8.75;9.0625;9.375;9.6875;10","0;0;0;0;0;0;0;0;0;0;0;0;0;0;0;0;0;0;0;0;0;0;0;0;0;0;0;0;0;0;0;4940550;3050501;1057917;478976;172568;101883;51624;9981;0;0;0;0;0;0;0;0;0;0;0;0;0;0;0;0;0;0;0;0;0;0;0;0;0",9864000
90,5,"LeakyReLULayer( 0.050000 )",pre_activation,"-10;-9.6875;-9.375;-9.0625;-8.75;-8.4375;-8.125;-7.8125;-7.5;-7.1875;-6.875;-6.5625;-6.25;-5.9375;-5.625;-5.3125;-5;-4.6875;-4.375;-4.0625;-3.75;-3.4375;-3.125;-2.8125;-2.5;-2.1875;-1.875;-1.5625;-1.25;-0.9375;-0.625;-0.3125;0;0.3125;0.625;0.9375;1.25;1.5625;1.875;2.1875;2.5;2.8125;3.125;3.4375;3.75;4.0625;4.375;4.6875;5;5.3125;5.625;5.9375;6.25;6.5625;6.875;7.1875;7.5;7.8125;8.125;8.4375;8.75;9.0625;9.375;9.6875;10","0;0;0;0;0;0;0;0;0;0;0;0;0;0;0;0;0;0;0;0;0;0;0;0;0;11;677;3297;5420;14488;21714;34795;35740;31290;19991;6411;1283;242;1;0;0;0;0;0;0;0;0;0;0;0;0;0;0;0;0;0;0;0;0;0;0;0;0;0",175360
90,5,"LeakyReLULayer( 0.050000 )",post_activation,"-10;-9.6875;-9.375;-9.0625;-8.75;-8.4375;-8.125;-7.8125;-7.5;-7.1875;-6.875;-6.5625;-6.25;-5.9375;-5.625;-5.3125;-5;-4.6875;-4.375;-4.0625;-3.75;-3.4375;-3.125;-2.8125;-2.5;-2.1875;-1.875;-1.5625;-1.25;-0.9375;-0.625;-0.3125;0;0.3125;0.625;0.9375;1.25;1.5625;1.875;2.1875;2.5;2.8125;3.125;3.4375;3.75;4.0625;4.375;4.6875;5;5.3125;5.625;5.9375;6.25;6.5625;6.875;7.1875;7.5;7.8125;8.125;8.4375;8.75;9.0625;9.375;9.6875;10","0;0;0;0;0;0;0;0;0;0;0;0;0;0;0;0;0;0;0;0;0;0;0;0;0;0;0;0;0;0;0;80402;35740;31290;19991;6411;1283;242;1;0;0;0;0;0;0;0;0;0;0;0;0;0;0;0;0;0;0;0;0;0;0;0;0;0",175360
90,7,"LeakyReLULayer( 0.050000 )",pre_activation,"-10;-9.6875;-9.375;-9.0625;-8.75;-8.4375;-8.125;-7.8125;-7.5;-7.1875;-6.875;-6.5625;-6.25;-5.9375;-5.625;-5.3125;-5;-4.6875;-4.375;-4.0625;-3.75;-3.4375;-3.125;-2.8125;-2.5;-2.1875;-1.875;-1.5625;-1.25;-0.9375;-0.625;-0.3125;0;0.3125;0.625;0.9375;1.25;1.5625;1.875;2.1875;2.5;2.8125;3.125;3.4375;3.75;4.0625;4.375;4.6875;5;5.3125;5.625;5.9375;6.25;6.5625;6.875;7.1875;7.5;7.8125;8.125;8.4375;8.75;9.0625;9.375;9.6875;10","0;0;0;0;0;0;0;0;0;0;0;0;0;0;0;0;0;0;0;0;0;0;0;0;0;0;175;544;2291;6642;16455;24597;19777;10645;4348;1548;540;116;2;0;0;0;0;0;0;0;0;0;0;0;0;0;0;0;0;0;0;0;0;0;0;0;0;0",87680
90,7,"LeakyReLULayer( 0.050000 )",post_activation,"-10;-9.6875;-9.375;-9.0625;-8.75;-8.4375;-8.125;-7.8125;-7.5;-7.1875;-6.875;-6.5625;-6.25;-5.9375;-5.625;-5.3125;-5;-4.6875;-4.375;-4.0625;-3.75;-3.4375;-3.125;-2.8125;-2.5;-2.1875;-1.875;-1.5625;-1.25;-0.9375;-0.625;-0.3125;0;0.3125;0.625;0.9375;1.25;1.5625;1.875;2.1875;2.5;2.8125;3.125;3.4375;3.75;4.0625;4.375;4.6875;5;5.3125;5.625;5.9375;6.25;6.5625;6.875;7.1875;7.5;7.8125;8.125;8.4375;8.75;9.0625;9.375;9.6875;10","0;0;0;0;0;0;0;0;0;0;0;0;0;0;0;0;0;0;0;0;0;0;0;0;0;0;0;0;0;0;0;50704;19777;10645;4348;1548;540;116;2;0;0;0;0;0;0;0;0;0;0;0;0;0;0;0;0;0;0;0;0;0;0;0;0;0",87680
91,1,"LeakyReLULayer( 0.050000 )",pre_activation,"-10;-9.6875;-9.375;-9.0625;-8.75;-8.4375;-8.125;-7.8125;-7.5;-7.1875;-6.875;-6.5625;-6.25;-5.9375;-5.625;-5.3125;-5;-4.6875;-4.375;-4.0625;-3.75;-3.4375;-3.125;-2.8125;-2.5;-2.1875;-1.875;-1.5625;-1.25;-0.9375;-0.625;-0.3125;0;0.3125;0.625;0.9375;1.25;1.5625;1.875;2.1875;2.5;2.8125;3.125;3.4375;3.75;4.0625;4.375;4.6875;5;5.3125;5.625;5.9375;6.25;6.5625;6.875;7.1875;7.5;7.8125;8.125;8.4375;8.75;9.0625;9.375;9.6875;10","0;0;0;0;0;0;0;0;0;0;0;0;0;0;0;0;0;0;0;0;61;575;1983;4876;9646;18865;42257;82814;148972;490172;1051412;3088907;3050581;1057919;478928;172544;101892;51611;9985;0;0;0;0;0;0;0;0;0;0;0;0;0;0;0;0;0;0;0;0;0;0;0;0;0",9864000
91,1,"LeakyReLULayer( 0.050000 )",post_activation,"-10;-9.6875;-9.375;-9.0625;-8.75;-8.4375;-8.125;-7.8125;-7.5;-7.1875;-6.875;-6.5625;-6.25;-5.9375;-5.625;-5.3125;-5;-4.6875;-4.375;-4.0625;-3.75;-3.4375;-3.125;-2.8125;-2.5;-2.1875;-1.875;-1.5625;-1.25;-0.9375;-0.625;-0.3125;0;0.3125;0.625;0.9375;1.25;1.5625;1.875;2.1875;2.5;2.8125;3.125;3.4375;3.75;4.0625;4.375;4.6875;5;5.3125;5.625;5.9375;6.25;6.5625;6.875;7.1875;7.5;7.8125;8.125;8.4375;8.75;9.0625;9.375;9.6875;10","0;0;0;0;0;0;0;0;0;0;0;0;0;0;0;0;0;0;0;0;0;0;0;0;0;0;0;0;0;0;0;4940540;3050581;1057919;478928;172544;101892;51611;9985;0;0;0;0;0;0;0;0;0;0;0;0;0;0;0;0;0;0;0;0;0;0;0;0;0",9864000
91,5,"LeakyReLULayer( 0.050000 )",pre_activation,"-10;-9.6875;-9.375;-9.0625;-8.75;-8.4375;-8.125;-7.8125;-7.5;-7.1875;-6.875;-6.5625;-6.25;-5.9375;-5.625;-5.3125;-5;-4.6875;-4.375;-4.0625;-3.75;-3.4375;-3.125;-2.8125;-2.5;-2.1875;-1.875;-1.5625;-1.25;-0.9375;-0.625;-0.3125;0;0.3125;0.625;0.9375;1.25;1.5625;1.875;2.1875;2.5;2.8125;3.125;3.4375;3.75;4.0625;4.375;4.6875;5;5.3125;5.625;5.9375;6.25;6.5625;6.875;7.1875;7.5;7.8125;8.125;8.4375;8.75;9.0625;9.375;9.6875;10","0;0;0;0;0;0;0;0;0;0;0;0;0;0;0;0;0;0;0;0;0;0;0;0;0;8;684;3303;5428;14619;21777;34562;35936;31171;19967;6392;1271;241;1;0;0;0;0;0;0;0;0;0;0;0;0;0;0;0;0;0;0;0;0;0;0;0;0;0",175360
91,5,"LeakyReLULayer( 0.050000 )",post_activation,"-10;-9.6875;-9.375;-9.0625;-8.75;-8.4375;-8.125;-7.8125;-7.5;-7.1875;-6.875;-6.5625;-6.25;-5.9375;-5.625;-5.3125;-5;-4.6875;-4.375;-4.0625;-3.75;-3.4375;-3.125;-2.8125;-2.5;-2.1875;-1.875;-1.5625;-1.25;-0.9375;-0.625;-0.3125;0;0.3125;0.625;0.9375;1.25;1.5625;1.875;2.1875;2.5;2.8125;3.125;3.4375;3.75;4.0625;4.375;4.6875;5;5.3125;5.625;5.9375;6.25;6.5625;6.875;7.1875;7.5;7.8125;8.125;8.4375;8.75;9.0625;9.375;9.6875;10","0;0;0;0;0;0;0;0;0;0;0;0;0;0;0;0;0;0;0;0;0;0;0;0;0;0;0;0;0;0;0;80381;35936;31171;19967;6392;1271;241;1;0;0;0;0;0;0;0;0;0;0;0;0;0;0;0;0;0;0;0;0;0;0;0;0;0",175360
91,7,"LeakyReLULayer( 0.050000 )",pre_activation,"-10;-9.6875;-9.375;-9.0625;-8.75;-8.4375;-8.125;-7.8125;-7.5;-7.1875;-6.875;-6.5625;-6.25;-5.9375;-5.625;-5.3125;-5;-4.6875;-4.375;-4.0625;-3.75;-3.4375;-3.125;-2.8125;-2.5;-2.1875;-1.875;-1.5625;-1.25;-0.9375;-0.625;-0.3125;0;0.3125;0.625;0.9375;1.25;1.5625;1.875;2.1875;2.5;2.8125;3.125;3.4375;3.75;4.0625;4.375;4.6875;5;5.3125;5.625;5.9375;6.25;6.5625;6.875;7.1875;7.5;7.8125;8.125;8.4375;8.75;9.0625;9.375;9.6875;10","0;0;0;0;0;0;0;0;0;0;0;0;0;0;0;0;0;0;0;0;0;0;0;0;0;0;170;543;2262;6717;16355;24661;19770;10710;4299;1561;512;117;3;0;0;0;0;0;0;0;0;0;0;0;0;0;0;0;0;0;0;0;0;0;0;0;0;0",87680
91,7,"LeakyReLULayer( 0.050000 )",post_activation,"-10;-9.6875;-9.375;-9.0625;-8.75;-8.4375;-8.125;-7.8125;-7.5;-7.1875;-6.875;-6.5625;-6.25;-5.9375;-5.625;-5.3125;-5;-4.6875;-4.375;-4.0625;-3.75;-3.4375;-3.125;-2.8125;-2.5;-2.1875;-1.875;-1.5625;-1.25;-0.9375;-0.625;-0.3125;0;0.3125;0.625;0.9375;1.25;1.5625;1.875;2.1875;2.5;2.8125;3.125;3.4375;3.75;4.0625;4.375;4.6875;5;5.3125;5.625;5.9375;6.25;6.5625;6.875;7.1875;7.5;7.8125;8.125;8.4375;8.75;9.0625;9.375;9.6875;10","0;0;0;0;0;0;0;0;0;0;0;0;0;0;0;0;0;0;0;0;0;0;0;0;0;0;0;0;0;0;0;50708;19770;10710;4299;1561;512;117;3;0;0;0;0;0;0;0;0;0;0;0;0;0;0;0;0;0;0;0;0;0;0;0;0;0",87680
92,1,"LeakyReLULayer( 0.050000 )",pre_activation,"-10;-9.6875;-9.375;-9.0625;-8.75;-8.4375;-8.125;-7.8125;-7.5;-7.1875;-6.875;-6.5625;-6.25;-5.9375;-5.625;-5.3125;-5;-4.6875;-4.375;-4.0625;-3.75;-3.4375;-3.125;-2.8125;-2.5;-2.1875;-1.875;-1.5625;-1.25;-0.9375;-0.625;-0.3125;0;0.3125;0.625;0.9375;1.25;1.5625;1.875;2.1875;2.5;2.8125;3.125;3.4375;3.75;4.0625;4.375;4.6875;5;5.3125;5.625;5.9375;6.25;6.5625;6.875;7.1875;7.5;7.8125;8.125;8.4375;8.75;9.0625;9.375;9.6875;10","0;0;0;0;0;0;0;0;0;0;0;0;0;0;0;0;0;0;0;0;61;575;1984;4875;9646;18864;42268;82794;148955;490185;1051414;3088954;3050552;1057937;478911;172537;101878;51622;9988;0;0;0;0;0;0;0;0;0;0;0;0;0;0;0;0;0;0;0;0;0;0;0;0;0",9864000
92,1,"LeakyReLULayer( 0.050000 )",post_activation,"-10;-9.6875;-9.375;-9.0625;-8.75;-8.4375;-8.125;-7.8125;-7.5;-7.1875;-6.875;-6.5625;-6.25;-5.9375;-5.625;-5.3125;-5;-4.6875;-4.375;-4.0625;-3.75;-3.4375;-3.125;-2.8125;-2.5;-2.1875;-1.875;-1.5625;-1.25;-0.9375;-0.625;-0.3125;0;0.3125;0.625;0.9375;1.25;1.5625;1.875;2.1875;2.5;2.8125;3.125;3.4375;3.75;4.0625;4.375;4.6875;5;5.3125;5.625;5.9375;6.25;6.5625;6.875;7.1875;7.5;7.8125;8.125;8.4375;8.75;9.0625;9.375;9.6875;10","0;0;0;0;0;0;0;0;0;0;0;0;0;0;0;0;0;0;0;0;0;0;0;0;0;0;0;0;0;0;0;4940575;3050552;1057937;478911;172537;101878;51622;9988;0;0;0;0;0;0;0;0;0;0;0;0;0;0;0;0;0;0;0;0;0;0;0;0;0",9864000
92,5,"LeakyReLULayer( 0.050000 )",pre_activation,"-10;-9.6875;-9.375;-9.0625;-8.75;-8.4375;-8.125;-7.8125;-7.5;-7.1875;-6.875;-6.5625;-6.25;-5.9375;-5.625;-5.3125;-5;-4.6875;-4.375;-4.0625;-3.75;-3.4375;-3.125;-2.8125;-2.5;-2.1875;-1.875;-1.5625;-1.25;-0.9375;-0.625;-0.3125;0;0.3125;0.625;0.9375;1.25;1.5625;1.875;2.1875;2.5;2.8125;3.125;3.4375;3.75;4.0625;4.375;4.6875;5;5.3125;5.625;5.9375;6.25;6.5625;6.875;7.1875;7.5;7.8125;8.125;8.4375;8.75;9.0625;9.375;9.6875;10","0;0;0;0;0;0;0;0;0;0;0;0;0;0;0;0;0;0;0;0;0;0;0;0;0;10;691;3324;5408;14538;21681;34785;35747;31264;19979;6404;1282;246;1;0;0;0;0;0;0;0;0;0;0;0;0;0;0;0;0;0;0;0;0;0;0;0;0;0",175360
92,5,"LeakyReLULayer( 0.050000 )",post_activation,"-10;-9.6875;-9.375;-9.0625;-8.75;-8.4375;-8.125;-7.8125;-7.5;-7.1875;-6.875;-6.5625;-6.25;-5.9375;-5.625;-5.3125;-5;-4.6875;-4.375;-4.0625;-3.75;-3.4375;-3.125;-2.8125;-2.5;-2.1875;-1.875;-1.5625;-1.25;-0.9375;-0.625;-0.3125;0;0.3125;0.625;0.9375;1.25;1.5625;1.875;2.1875;2.5;2.8125;3.125;3.4375;3.75;4.0625;4.375;4.6875;5;5.3125;5.625;5.9375;6.25;6.5625;6.875;7.1875;7.5;7.8125;8.125;8.4375;8.75;9.0625;9.375;9.6875;10","0;0;0;0;0;0;0;0;0;0;0;0;0;0;0;0;0;0;0;0;0;0;0;0;0;0;0;0;0;0;0;80437;35747;31264;19979;6404;1282;246;1;0;0;0;0;0;0;0;0;0;0;0;0;0;0;0;0;0;0;0;0;0;0;0;0;0",175360
92,7,"LeakyReLULayer( 0.050000 )",pre_activation,"-10;-9.6875;-9.375;-9.0625;-8.75;-8.4375;-8.125;-7.8125;-7.5;-7.1875;-6.875;-6.5625;-6.25;-5.9375;-5.625;-5.3125;-5;-4.6875;-4.375;-4.0625;-3.75;-3.4375;-3.125;-2.8125;-2.5;-2.1875;-1.875;-1.5625;-1.25;-0.9375;-0.625;-0.3125;0;0.3125;0.625;0.9375;1.25;1.5625;1.875;2.1875;2.5;2.8125;3.125;3.4375;3.75;4.0625;4.375;4.6875;5;5.3125;5.625;5.9375;6.25;6.5625;6.875;7.1875;7.5;7.8125;8.125;8.4375;8.75;9.0625;9.375;9.6875;10","0;0;0;0;0;0;0;0;0;0;0;0;0;0;0;0;0;0;0;0;0;0;0;0;0;0;178;554;2271;6677;16456;24616;19733;10646;4345;1570;520;114;0;0;0;0;0;0;0;0;0;0;0;0;0;0;0;0;0;0;0;0;0;0;0;0;0;0",87680
92,7,"LeakyReLULayer( 0.050000 )",post_activation,"-10;-9.6875;-9.375;-9.0625;-8.75;-8.4375;-8.125;-7.8125;-7.5;-7.1875;-6.875;-6.5625;-6.25;-5.9375;-5.625;-5.3125;-5;-4.6875;-4.375;-4.0625;-3.75;-3.4375;-3.125;-2.8125;-2.5;-2.1875;-1.875;-1.5625;-1.25;-0.9375;-0.625;-0.3125;0;0.3125;0.625;0.9375;1.25;1.5625;1.875;2.1875;2.5;2.8125;3.125;3.4375;3.75;4.0625;4.375;4.6875;5;5.3125;5.625;5.9375;6.25;6.5625;6.875;7.1875;7.5;7.8125;8.125;8.4375;8.75;9.0625;9.375;9.6875;10","0;0;0;0;0;0;0;0;0;0;0;0;0;0;0;0;0;0;0;0;0;0;0;0;0;0;0;0;0;0;0;50752;19733;10646;4345;1570;520;114;0;0;0;0;0;0;0;0;0;0;0;0;0;0;0;0;0;0;0;0;0;0;0;0;0;0",87680
93,1,"LeakyReLULayer( 0.050000 )",pre_activation,"-10;-9.6875;-9.375;-9.0625;-8.75;-8.4375;-8.125;-7.8125;-7.5;-7.1875;-6.875;-6.5625;-6.25;-5.9375;-5.625;-5.3125;-5;-4.6875;-4.375;-4.0625;-3.75;-3.4375;-3.125;-2.8125;-2.5;-2.1875;-1.875;-1.5625;-1.25;-0.9375;-0.625;-0.3125;0;0.3125;0.625;0.9375;1.25;1.5625;1.875;2.1875;2.5;2.8125;3.125;3.4375;3.75;4.0625;4.375;4.6875;5;5.3125;5.625;5.9375;6.25;6.5625;6.875;7.1875;7.5;7.8125;8.125;8.4375;8.75;9.0625;9.375;9.6875;10","0;0;0;0;0;0;0;0;0;0;0;0;0;0;0;0;0;0;0;0;61;575;1982;4872;9649;18853;42263;82789;148939;490181;1051413;3088980;3050631;1057920;478929;172501;101891;51586;9985;0;0;0;0;0;0;0;0;0;0;0;0;0;0;0;0;0;0;0;0;0;0;0;0;0",9864000
93,1,"LeakyReLULayer( 0.050000 )",post_activation,"-10;-9.6875;-9.375;-9.0625;-8.75;-8.4375;-8.125;-7.8125;-7.5;-7.1875;-6.875;-6.5625;-6.25;-5.9375;-5.625;-5.3125;-5;-4.6875;-4.375;-4.0625;-3.75;-3.4375;-3.125;-2.8125;-2.5;-2.1875;-1.875;-1.5625;-1.25;-0.9375;-0.625;-0.3125;0;0.3125;0.625;0.9375;1.25;1.5625;1.875;2.1875;2.5;2.8125;3.125;3.4375;3.75;4.0625;4.375;4.6875;5;5.3125;5.625;5.9375;6.25;6.5625;6.875;7.1875;7.5;7.8125;8.125;8.4375;8.75;9.0625;9.375;9.6875;10","0;0;0;0;0;0;0;0;0;0;0;0;0;0;0;0;0;0;0;0;0;0;0;0;0;0;0;0;0;0;0;4940557;3050631;1057920;478929;172501;101891;51586;9985;0;0;0;0;0;0;0;0;0;0;0;0;0;0;0;0;0;0;0;0;0;0;0;0;0",9864000
93,5,"LeakyReLULayer( 0.050000 )",pre_activation,"-10;-9.6875;-9.375;-9.0625;-8.75;-8.4375;-8.125;-7.8125;-7.5;-7.1875;-6.875;-6.5625;-6.25;-5.9375;-5.625;-5.3125;-5;-4.6875;-4.375;-4.0625;-3.75;-3.4375;-3.125;-2.8125;-2.5;-2.1875;-1.875;-1.5625;-1.25;-0.9375;-0.625;-0.3125;0;0.3125;0.625;0.9375;1.25;1.5625;1.875;2.1875;2.5;2.8125;3.125;3.4375;3.75;4.0625;4.375;4.6875;5;5.3125;5.625;5.9375;6.25;6.5625;6.875;7.1875;7.5;7.8125;8.125;8.4375;8.75;9.0625;9.375;9.6875;10","0;0;0;0;0;0;0;0;0;0;0;0;0;0;0;0;0;0;0;0;0;0;0;0;0;10;688;3322;5426;14587;21681;34885;35681;31228;19900;6422;1285;244;1;0;0;0;0;0;0;0;0;0;0;0;0;0;0;0;0;0;0;0;0;0;0;0;0;0",175360
93,5,"LeakyReLULayer( 0.050000 )",post_activation,"-10;-9.6875;-9.375;-9.0625;-8.75;-8.4375;-8.125;-7.8125;-7.5;-7.1875;-6.875;-6.5625;-6.25;-5.9375;-5.625;-5.3125;-5;-4.6875;-4.375;-4.0625;-3.75;-3.4375;-3.125;-2.8125;-2.5;-2.1875;-1.875;-1.5625;-1.25;-0.9375;-0.625;-0.3125;0;0.3125;0.625;0.9375;1.25;1.5625;1.875;2.1875;2.5;2.8125;3.125;3.4375;3.75;4.0625;4.375;4.6875;5;5.3125;5.625;5.9375;6.25;6.5625;6.875;7.1875;7.5;7.8125;8.125;8.4375;8.75;9.0625;9.375;9.6875;10","0;0;0;0;0;0;0;0;0;0;0;0;0;0;0;0;0;0;0;0;0;0;0;0;0;0;0;0;0;0;0;80599;35681;31228;19900;6422;1285;244;1;0;0;0;0;0;0;0;0;0;0;0;0;0;0;0;0;0;0;0;0;0;0;0;0;0",175360
93,7,"LeakyReLULayer( 0.050000 )",pre_activation,"-10;-9.6875;-9.375;-9.0625;-8.75;-8.4375;-8.125;-7.8125;-7.5;-7.1875;-6.875;-6.5625;-6.25;-5.9375;-5.625;-5.3125;-5;-4.6875;-4.375;-4.0625;-3.75;-3.4375;-3.125;-2.8125;-2.5;-2.1875;-1.875;-1.5625;-1.25;-0.9375;-0.625;-0.3125;0;0.3125;0.625;0.9375;1.25;1.5625;1.875;2.1875;2.5;2.8125;3.125;3.4375;3.75;4.0625;4.375;4.6875;5;5.3125;5.625;5.9375;6.25;6.5625;6.875;7.1875;7.5;7.8125;8.125;8.4375;8.75;9.0625;9.375;9.6875;10","0;0;0;0;0;0;0;0;0;0;0;0;0;0;0;0;0;0;0;0;0;0;0;0;0;0;179;560;2266;6723;16402;24634;19704;10684;4333;1559;518;116;2;0;0;0;0;0;0;0;0;0;0;0;0;0;0;0;0;0;0;0;0;0;0;0;0;0",87680
93,7,"LeakyReLULayer( 0.050000 )",post_activation,"-10;-9.6875;-9.375;-9.0625;-8.75;-8.4375;-8.125;-7.8125;-7.5;-7.1875;-6.875;-6.5625;-6.25;-5.9375;-5.625;-5.3125;-5;-4.6875;-4.375;-4.0625;-3.75;-3.4375;-3.125;-2.8125;-2.5;-2.1875;-1.875;-1.5625;-1.25;-0.9375;-0.625;-0.3125;0;0.3125;0.625;0.9375;1.25;1.5625;1.875;2.1875;2.5;2.8125;3.125;3.4375;3.75;4.0625;4.375;4.6875;5;5.3125;5.625;5.9375;6.25;6.5625;6.875;7.1875;7.5;7.8125;8.125;8.4375;8.75;9.0625;9.375;9.6875;10","0;0;0;0;0;0;0;0;0;0;0;0;0;0;0;0;0;0;0;0;0;0;0;0;0;0;0;0;0;0;0;50764;19704;10684;4333;1559;518;116;2;0;0;0;0;0;0;0;0;0;0;0;0;0;0;0;0;0;0;0;0;0;0;0;0;0",87680
94,1,"LeakyReLULayer( 0.050000 )",pre_activation,"-10;-9.6875;-9.375;-9.0625;-8.75;-8.4375;-8.125;-7.8125;-7.5;-7.1875;-6.875;-6.5625;-6.25;-5.9375;-5.625;-5.3125;-5;-4.6875;-4.375;-4.0625;-3.75;-3.4375;-3.125;-2.8125;-2.5;-2.1875;-1.875;-1.5625;-1.25;-0.9375;-0.625;-0.3125;0;0.3125;0.625;0.9375;1.25;1.5625;1.875;2.1875;2.5;2.8125;3.125;3.4375;3.75;4.0625;4.375;4.6875;5;5.3125;5.625;5.9375;6.25;6.5625;6.875;7.1875;7.5;7.8125;8.125;8.4375;8.75;9.0625;9.375;9.6875;10","0;0;0;0;0;0;0;0;0;0;0;0;0;0;0;0;0;0;0;0;61;575;1983;4878;9650;18854;42265;82809;149025;490296;1051365;3088796;3050376;1057905;479060;172601;101894;51619;9988;0;0;0;0;0;0;0;0;0;0;0;0;0;0;0;0;0;0;0;0;0;0;0;0;0",9864000
94,1,"LeakyReLULayer( 0.050000 )",post_activation,"-10;-9.6875;-9.375;-9.0625;-8.75;-8.4375;-8.125;-7.8125;-7.5;-7.1875;-6.875;-6.5625;-6.25;-5.9375;-5.625;-5.3125;-5;-4.6875;-4.375;-4.0625;-3.75;-3.4375;-3.125;-2.8125;-2.5;-2.1875;-1.875;-1.5625;-1.25;-0.9375;-0.625;-0.3125;0;0.3125;0.625;0.9375;1.25;1.5625;1.875;2.1875;2.5;2.8125;3.125;3.4375;3.75;4.0625;4.375;4.6875;5;5.3125;5.625;5.9375;6.25;6.5625;6.875;7.1875;7.5;7.8125;8.125;8.4375;8.75;9.0625;9.375;9.6875;10","0;0;0;0;0;0;0;0;0;0;0;0;0;0;0;0;0;0;0;0;0;0;0;0;0;0;0;0;0;0;0;4940557;3050376;1057905;479060;172601;101894;51619;9988;0;0;0;0;0;0;0;0;0;0;0;0;0;0;0;0;0;0;0;0;0;0;0;0;0",9864000
94,5,"LeakyReLULayer( 0.050000 )",pre_activation,"-10;-9.6875;-9.375;-9.0625;-8.75;-8.4375;-8.125;-7.8125;-7.5;-7.1875;-6.875;-6.5625;-6.25;-5.9375;-5.625;-5.3125;-5;-4.6875;-4.375;-4.0625;-3.75;-3.4375;-3.125;-2.8125;-2.5;-2.1875;-1.875;-1.5625;-1.25;-0.9375;-0.625;-0.3125;0;0.3125;0.625;0.9375;1.25;1.5625;1.875;2.1875;2.5;2.8125;3.125;3.4375;3.75;4.0625;4.375;4.6875;5;5.3125;5.625;5.9375;6.25;6.5625;6.875;7.1875;7.5;7.8125;8.125;8.4375;8.75;9.0625;9.375;9.6875;10","0;0;0;0;0;0;0;0;0;0;0;0;0;0;0;0;0;0;0;0;0;0;0;0;0;9;710;3387;5335;14588;21627;34683;35729;31321;19968;6458;1294;250;1;0;0;0;0;0;0;0;0;0;0;0;0;0;0;0;0;0;0;0;0;0;0;0;0;0",175360
94,5,"LeakyReLULayer( 0.050000 )",post_activation,"-10;-9.6875;-9.375;-9.0625;-8.75;-8.4375;-8.125;-7.8125;-7.5;-7.1875;-6.875;-6.5625;-6.25;-5.9375;-5.625;-5.3125;-5;-4.6875;-4.375;-4.0625;-3.75;-3.4375;-3.125;-2.8125;-2.5;-2.1875;-1.875;-1.5625;-1.25;-0.9375;-0.625;-0.3125;0;0.3125;0.625;0.9375;1.25;1.5625;1.875;2.1875;2.5;2.8125;3.125;3.4375;3.75;4.0625;4.375;4.6875;5;5.3125;5.625;5.9375;6.25;6.5625;6.875;7.1875;7.5;7.8125;8.125;8.4375;8.75;9.0625;9.375;9.6875;10","0;0;0;0;0;0;0;0;0;0;0;0;0;0;0;0;0;0;0;0;0;0;0;0;0;0;0;0;0;0;0;80339;35729;31321;19968;6458;1294;250;1;0;0;0;0;0;0;0;0;0;0;0;0;0;0;0;0;0;0;0;0;0;0;0;0;0",175360
94,7,"LeakyReLULayer( 0.050000 )",pre_activation,"-10;-9.6875;-9.375;-9.0625;-8.75;-8.4375;-8.125;-7.8125;-7.5;-7.1875;-6.875;-6.5625;-6.25;-5.9375;-5.625;-5.3125;-5;-4.6875;-4.375;-4.0625;-3.75;-3.4375;-3.125;-2.8125;-2.5;-2.1875;-1.875;-1.5625;-1.25;-0.9375;-0.625;-0.3125;0;0.3125;0.625;0.9375;1.25;1.5625;1.875;2.1875;2.5;2.8125;3.125;3.4375;3.75;4.0625;4.375;4.6875;5;5.3125;5.625;5.9375;6.25;6.5625;6.875;7.1875;7.5;7.8125;8.125;8.4375;8.75;9.0625;9.375;9.6875;10","0;0;0;0;0;0;0;0;0;0;0;0;0;0;0;0;0;0;0;0;0;0;0;0;0;0;184;564;2266;6744;16431;24459;19715;10721;4360;1583;535;117;1;0;0;0;0;0;0;0;0;0;0;0;0;0;0;0;0;0;0;0;0;0;0;0;0;0",87680
94,7,"LeakyReLULayer( 0.050000 )",post_activation,"-10;-9.6875;-9.375;-9.0625;-8.75;-8.4375;-8.125;-7.8125;-7.5;-7.1875;-6.875;-6.5625;-6.25;-5.9375;-5.625;-5.3125;-5;-4.6875;-4.375;-4.0625;-3.75;-3.4375;-3.125;-2.8125;-2.5;-2.1875;-1.875;-1.5625;-1.25;-0.9375;-0.625;-0.3125;0;0.3125;0.625;0.9375;1.25;1.5625;1.875;2.1875;2.5;2.8125;3.125;3.4375;3.75;4.0625;4.375;4.6875;5;5.3125;5.625;5.9375;6.25;6.5625;6.875;7.1875;7.5;7.8125;8.125;8.4375;8.75;9.0625;9.375;9.6875;10","0;0;0;0;0;0;0;0;0;0;0;0;0;0;0;0;0;0;0;0;0;0;0;0;0;0;0;0;0;0;0;50648;19715;10721;4360;1583;535;117;1;0;0;0;0;0;0;0;0;0;0;0;0;0;0;0;0;0;0;0;0;0;0;0;0;0",87680
95,1,"LeakyReLULayer( 0.050000 )",pre_activation,"-10;-9.6875;-9.375;-9.0625;-8.75;-8.4375;-8.125;-7.8125;-7.5;-7.1875;-6.875;-6.5625;-6.25;-5.9375;-5.625;-5.3125;-5;-4.6875;-4.375;-4.0625;-3.75;-3.4375;-3.125;-2.8125;-2.5;-2.1875;-1.875;-1.5625;-1.25;-0.9375;-0.625;-0.3125;0;0.3125;0.625;0.9375;1.25;1.5625;1.875;2.1875;2.5;2.8125;3.125;3.4375;3.75;4.0625;4.375;4.6875;5;5.3125;5.625;5.9375;6.25;6.5625;6.875;7.1875;7.5;7.8125;8.125;8.4375;8.75;9.0625;9.375;9.6875;10","0;0;0;0;0;0;0;0;0;0;0;0;0;0;0;0;0;0;0;0;61;575;1983;4873;9652;18854;42255;82796;148949;490199;1051463;3088926;3050370;1058080;478997;172506;101895;51588;9978;0;0;0;0;0;0;0;0;0;0;0;0;0;0;0;0;0;0;0;0;0;0;0;0;0",9864000
95,1,"LeakyReLULayer( 0.050000 )",post_activation,"-10;-9.6875;-9.375;-9.0625;-8.75;-8.4375;-8.125;-7.8125;-7.5;-7.1875;-6.875;-6.5625;-6.25;-5.9375;-5.625;-5.3125;-5;-4.6875;-4.375;-4.0625;-3.75;-3.4375;-3.125;-2.8125;-2.5;-2.1875;-1.875;-1.5625;-1.25;-0.9375;-0.625;-0.3125;0;0.3125;0.625;0.9375;1.25;1.5625;1.875;2.1875;2.5;2.8125;3.125;3.4375;3.75;4.0625;4.375;4.6875;5;5.3125;5.625;5.9375;6.25;6.5625;6.875;7.1875;7.5;7.8125;8.125;8.4375;8.75;9.0625;9.375;9.6875;10","0;0;0;0;0;0;0;0;0;0;0;0;0;0;0;0;0;0;0;0;0;0;0;0;0;0;0;0;0;0;0;4940586;3050370;1058080;478997;172506;101895;51588;9978;0;0;0;0;0;0;0;0;0;0;0;0;0;0;0;0;0;0;0;0;0;0;0;0;0",9864000
95,5,"LeakyReLULayer( 0.050000 )",pre_activation,"-10;-9.6875;-9.375;-9.0625;-8.75;-8.4375;-8.125;-7.8125;-7.5;-7.1875;-6.875;-6.5625;-6.25;-5.9375;-5.625;-5.3125;-5;-4.6875;-4.375;-4.0625;-3.75;-3.4375;-3.125;-2.8125;-2.5;-2.1875;-1.875;-1.5625;-1.25;-0.9375;-0.625;-0.3125;0;0.3125;0.625;0.9375;1.25;1.5625;1.875;2.1875;2.5;2.8125;3.125;3.4375;3.75;4.0625;4.375;4.6875;5;5.3125;5.625;5.9375;6.25;6.5625;6.875;7.1875;7.5;7.8125;8.125;8.4375;8.75;9.0625;9.375;9.6875;10","0;0;0;0;0;0;0;0;0;0;0;0;0;0;0;0;0;0;0;0;0;0;0;0;0;10;699;3372;5358;14635;21732;34687;35665;31291;19943;6432;1288;247;1;0;0;0;0;0;0;0;0;0;0;0;0;0;0;0;0;0;0;0;0;0;0;0;0;0",175360
95,5,"LeakyReLULayer( 0.050000 )",post_activation,"-10;-9.6875;-9.375;-9.0625;-8.75;-8.4375;-8.125;-7.8125;-7.5;-7.1875;-6.875;-6.5625;-6.25;-5.9375;-5.625;-5.3125;-5;-4.6875;-4.375;-4.0625;-3.75;-3.4375;-3.125;-2.8125;-2.5;-2.1875;-1.875;-1.5625;-1.25;-0.9375;-0.625;-0.3125;0;0.3125;0.625;0.9375;1.25;1.5625;1.875;2.1875;2.5;2.8125;3.125;3.4375;3.75;4.0625;4.375;4.6875;5;5.3125;5.625;5.9375;6.25;6.5625;6.875;7.1875;7.5;7.8125;8.125;8.4375;8.75;9.0625;9.375;9.6875;10","0;0;0;0;0;0;0;0;0;0;0;0;0;0;0;0;0;0;0;0;0;0;0;0;0;0;0;0;0;0;0;80493;35665;31291;19943;6432;1288;247;1;0;0;0;0;0;0;0;0;0;0;0;0;0;0;0;0;0;0;0;0;0;0;0;0;0",175360
95,7,"LeakyReLULayer( 0.050000 )",pre_activation,"-10;-9.6875;-9.375;-9.0625;-8.75;-8.4375;-8.125;-7.8125;-7.5;-7.1875;-6.875;-6.5625;-6.25;-5.9375;-5.625;-5.3125;-5;-4.6875;-4.375;-4.0625;-3.75;-3.4375;-3.125;-2.8125;-2.5;-2.1875;-1.875;-1.5625;-1.25;-0.9375;-0.625;-0.3125;0;0.3125;0.625;0.9375;1.25;1.5625;1.875;2.1875;2.5;2.8125;3.125;3.4375;3.75;4.0625;4.375;4.6875;5;5.3125;5.625;5.9375;6.25;6.5625;6.875;7.1875;7.5;7.8125;8.125;8.4375;8.75;9.0625;9.375;9.6875;10","0;0;0;0;0;0;0;0;0;0;0;0;0;0;0;0;0;0;0;0;0;0;0;0;0;0;184;557;2224;6735;16455;24560;19702;10722;4360;1548;521;111;1;0;0;0;0;0;0;0;0;0;0;0;0;0;0;0;0;0;0;0;0;0;0;0;0;0",87680
95,7,"LeakyReLULayer( 0.050000 )",post_activation,"-10;-9.6875;-9.375;-9.0625;-8.75;-8.4375;-8.125;-7.8125;-7.5;-7.1875;-6.875;-6.5625;-6.25;-5.9375;-5.625;-5.3125;-5;-4.6875;-4.375;-4.0625;-3.75;-3.4375;-3.125;-2.8125;-2.5;-2.1875;-1.875;-1.5625;-1.25;-0.9375;-0.625;-0.3125;0;0.3125;0.625;0.9375;1.25;1.5625;1.875;2.1875;2.5;2.8125;3.125;3.4375;3.75;4.0625;4.375;4.6875;5;5.3125;5.625;5.9375;6.25;6.5625;6.875;7.1875;7.5;7.8125;8.125;8.4375;8.75;9.0625;9.375;9.6875;10","0;0;0;0;0;0;0;0;0;0;0;0;0;0;0;0;0;0;0;0;0;0;0;0;0;0;0;0;0;0;0;50715;19702;10722;4360;1548;521;111;1;0;0;0;0;0;0;0;0;0;0;0;0;0;0;0;0;0;0;0;0;0;0;0;0;0",87680
96,1,"LeakyReLULayer( 0.050000 )",pre_activation,"-10;-9.6875;-9.375;-9.0625;-8.75;-8.4375;-8.125;-7.8125;-7.5;-7.1875;-6.875;-6.5625;-6.25;-5.9375;-5.625;-5.3125;-5;-4.6875;-4.375;-4.0625;-3.75;-3.4375;-3.125;-2.8125;-2.5;-2.1875;-1.875;-1.5625;-1.25;-0.9375;-0.625;-0.3125;0;0.3125;0.625;0.9375;1.25;1.5625;1.875;2.1875;2.5;2.8125;3.125;3.4375;3.75;4.0625;4.375;4.6875;5;5.3125;5.625;5.9375;6.25;6.5625;6.875;7.1875;7.5;7.8125;8.125;8.4375;8.75;9.0625;9.375;9.6875;10","0;0;0;0;0;0;0;0;0;0;0;0;0;0;0;0;0;0;0;0;61;575;1984;4875;9651;18859;42257;82792;148937;490304;1051454;3088818;3050351;1058059;479039;172503;101888;51607;9986;0;0;0;0;0;0;0;0;0;0;0;0;0;0;0;0;0;0;0;0;0;0;0;0;0",9864000
96,1,"LeakyReLULayer( 0.050000 )",post_activation,"-10;-9.6875;-9.375;-9.0625;-8.75;-8.4375;-8.125;-7.8125;-7.5;-7.1875;-6.875;-6.5625;-6.25;-5.9375;-5.625;-5.3125;-5;-4.6875;-4.375;-4.0625;-3.75;-3.4375;-3.125;-2.8125;-2.5;-2.1875;-1.875;-1.5625;-1.25;-0.9375;-0.625;-0.3125;0;0.3125;0.625;0.9375;1.25;1.5625;1.875;2.1875;2.5;2.8125;3.125;3.4375;3.75;4.0625;4.375;4.6875;5;5.3125;5.625;5.9375;6.25;6.5625;6.875;7.1875;7.5;7.8125;8.125;8.4375;8.75;9.0625;9.375;9.6875;10","0;0;0;0;0;0;0;0;0;0;0;0;0;0;0;0;0;0;0;0;0;0;0;0;0;0;0;0;0;0;0;4940567;3050351;1058059;479039;172503;101888;51607;9986;0;0;0;0;0;0;0;0;0;0;0;0;0;0;0;0;0;0;0;0;0;0;0;0;0",9864000
96,5,"LeakyReLULayer( 0.050000 )",pre_activation,"-10;-9.6875;-9.375;-9.0625;-8.75;-8.4375;-8.125;-7.8125;-7.5;-7.1875;-6.875;-6.5625;-6.25;-5.9375;-5.625;-5.3125;-5;-4.6875;-4.375;-4.0625;-3.75;-3.4375;-3.125;-2.8125;-2.5;-2.1875;-1.875;-1.5625;-1.25;-0.9375;-0.625;-0.3125;0;0.3125;0.625;0.9375;1.25;1.5625;1.875;2.1875;2.5;2.8125;3.125;3.4375;3.75;4.0625;4.375;4.6875;5;5.3125;5.625;5.9375;6.25;6.5625;6.875;7.1875;7.5;7.8125;8.125;8.4375;8.75;9.0625;9.375;9.6875;10","0;0;0;0;0;0;0;0;0;0;0;0;0;0;0;0;0;0;0;0;0;0;0;0;0;9;694;3395;5312;14696;21626;34687;35788;31262;19909;6422;1311;248;1;0;0;0;0;0;0;0;0;0;0;0;0;0;0;0;0;0;0;0;0;0;0;0;0;0",175360
96,5,"LeakyReLULayer( 0.050000 )",post_activation,"-10;-9.6875;-9.375;-9.0625;-8.75;-8.4375;-8.125;-7.8125;-7.5;-7.1875;-6.875;-6.5625;-6.25;-5.9375;-5.625;-5.3125;-5;-4.6875;-4.375;-4.0625;-3.75;-3.4375;-3.125;-2.8125;-2.5;-2.1875;-1.875;-1.5625;-1.25;-0.9375;-0.625;-0.3125;0;0.3125;0.625;0.9375;1.25;1.5625;1.875;2.1875;2.5;2.8125;3.125;3.4375;3.75;4.0625;4.375;4.6875;5;5.3125;5.625;5.9375;6.25;6.5625;6.875;7.1875;7.5;7.8125;8.125;8.4375;8.75;9.0625;9.375;9.6875;10","0;0;0;0;0;0;0;0;0;0;0;0;0;0;0;0;0;0;0;0;0;0;0;0;0;0;0;0;0;0;0;80419;35788;31262;19909;6422;1311;248;1;0;0;0;0;0;0;0;0;0;0;0;0;0;0;0;0;0;0;0;0;0;0;0;0;0",175360
96,7,"LeakyReLULayer( 0.050000 )",pre_activation,"-10;-9.6875;-9.375;-9.0625;-8.75;-8.4375;-8.125;-7.8125;-7.5;-7.1875;-6.875;-6.5625;-6.25;-5.9375;-5.625;-5.3125;-5;-4.6875;-4.375;-4.0625;-3.75;-3.4375;-3.125;-2.8125;-2.5;-2.1875;-1.875;-1.5625;-1.25;-0.9375;-0.625;-0.3125;0;0.3125;0.625;0.9375;1.25;1.5625;1.875;2.1875;2.5;2.8125;3.125;3.4375;3.75;4.0625;4.375;4.6875;5;5.3125;5.625;5.9375;6.25;6.5625;6.875;7.1875;7.5;7.8125;8.125;8.4375;8.75;9.0625;9.375;9.6875;10","0;0;0;0;0;0;0;0;0;0;0;0;0;0;0;0;0;0;0;0;0;0;0;0;0;0;183;577;2235;6759;16351;24550;19800;10656;4373;1548;532;114;2;0;0;0;0;0;0;0;0;0;0;0;0;0;0;0;0;0;0;0;0;0;0;0;0;0",87680
96,7,"LeakyReLULayer( 0.050000 )",post_activation,"-10;-9.6875;-9.375;-9.0625;-8.75;-8.4375;-8.125;-7.8125;-7.5;-7.1875;-6.875;-6.5625;-6.25;-5.9375;-5.625;-5.3125;-5;-4.6875;-4.375;-4.0625;-3.75;-3.4375;-3.125;-2.8125;-2.5;-2.1875;-1.875;-1.5625;-1.25;-0.9375;-0.625;-0.3125;0;0.3125;0.625;0.9375;1.25;1.5625;1.875;2.1875;2.5;2.8125;3.125;3.4375;3.75;4.0625;4.375;4.6875;5;5.3125;5.625;5.9375;6.25;6.5625;6.875;7.1875;7.5;7.8125;8.125;8.4375;8.75;9.0625;9.375;9.6875;10","0;0;0;0;0;0;0;0;0;0;0;0;0;0;0;0;0;0;0;0;0;0;0;0;0;0;0;0;0;0;0;50655;19800;10656;4373;1548;532;114;2;0;0;0;0;0;0;0;0;0;0;0;0;0;0;0;0;0;0;0;0;0;0;0;0;0",87680
97,1,"LeakyReLULayer( 0.050000 )",pre_activation,"-10;-9.6875;-9.375;-9.0625;-8.75;-8.4375;-8.125;-7.8125;-7.5;-7.1875;-6.875;-6.5625;-6.25;-5.9375;-5.625;-5.3125;-5;-4.6875;-4.375;-4.0625;-3.75;-3.4375;-3.125;-2.8125;-2.5;-2.1875;-1.875;-1.5625;-1.25;-0.9375;-0.625;-0.3125;0;0.3125;0.625;0.9375;1.25;1.5625;1.875;2.1875;2.5;2.8125;3.125;3.4375;3.75;4.0625;4.375;4.6875;5;5.3125;5.625;5.9375;6.25;6.5625;6.875;7.1875;7.5;7.8125;8.125;8.4375;8.75;9.0625;9.375;9.6875;10","0;0;0;0;0;0;0;0;0;0;0;0;0;0;0;0;0;0;0;0;61;575;1984;4876;9651;18861;42260;82786;148950;490306;1051512;3088757;3050168;1058179;479075;172511;101889;51610;9989;0;0;0;0;0;0;0;0;0;0;0;0;0;0;0;0;0;0;0;0;0;0;0;0;0",9864000
97,1,"LeakyReLULayer( 0.050000 )",post_activation,"-10;-9.6875;-9.375;-9.0625;-8.75;-8.4375;-8.125;-7.8125;-7.5;-7.1875;-6.875;-6.5625;-6.25;-5.9375;-5.625;-5.3125;-5;-4.6875;-4.375;-4.0625;-3.75;-3.4375;-3.125;-2.8125;-2.5;-2.1875;-1.875;-1.5625;-1.25;-0.9375;-0.625;-0.3125;0;0.3125;0.625;0.9375;1.25;1.5625;1.875;2.1875;2.5;2.8125;3.125;3.4375;3.75;4.0625;4.375;4.6875;5;5.3125;5.625;5.9375;6.25;6.5625;6.875;7.1875;7.5;7.8125;8.125;8.4375;8.75;9.0625;9.375;9.6875;10","0;0;0;0;0;0;0;0;0;0;0;0;0;0;0;0;0;0;0;0;0;0;0;0;0;0;0;0;0;0;0;4940579;3050168;1058179;479075;172511;101889;51610;9989;0;0;0;0;0;0;0;0;0;0;0;0;0;0;0;0;0;0;0;0;0;0;0;0;0",9864000
97,5,"LeakyReLULayer( 0.050000 )",pre_activation,"-10;-9.6875;-9.375;-9.0625;-8.75;-8.4375;-8.125;-7.8125;-7.5;-7.1875;-6.875;-6.5625;-6.25;-5.9375;-5.625;-5.3125;-5;-4.6875;-4.375;-4.0625;-3.75;-3.4375;-3.125;-2.8125;-2.5;-2.1875;-1.875;-1.5625;-1.25;-0.9375;-0.625;-0.3125;0;0.3125;0.625;0.9375;1.25;1.5625;1.875;2.1875;2.5;2.8125;3.125;3.4375;3.75;4.0625;4.375;4.6875;5;5.3125;5.625;5.9375;6.25;6.5625;6.875;7.1875;7.5;7.8125;8.125;8.4375;8.75;9.0625;9.375;9.6875;10","0;0;0;0;0;0;0;0;0;0;0;0;0;0;0;0;0;0;0;0;0;0;0;0;0;10;704;3393;5310;14668;21539;34766;35749;31317;19923;6423;1310;247;1;0;0;0;0;0;0;0;0;0;0;0;0;0;0;0;0;0;0;0;0;0;0;0;0;0",175360
97,5,"LeakyReLULayer( 0.050000 )",post_activation,"-10;-9.6875;-9.375;-9.0625;-8.75;-8.4375;-8.125;-7.8125;-7.5;-7.1875;-6.875;-6.5625;-6.25;-5.9375;-5.625;-5.3125;-5;-4.6875;-4.375;-4.0625;-3.75;-3.4375;-3.125;-2.8125;-2.5;-2.1875;-1.875;-1.5625;-1.25;-0.9375;-0.625;-0.3125;0;0.3125;0.625;0.9375;1.25;1.5625;1.875;2.1875;2.5;2.8125;3.125;3.4375;3.75;4.0625;4.375;4.6875;5;5.3125;5.625;5.9375;6.25;6.5625;6.875;7.1875;7.5;7.8125;8.125;8.4375;8.75;9.0625;9.375;9.6875;10","0;0;0;0;0;0;0;0;0;0;0;0;0;0;0;0;0;0;0;0;0;0;0;0;0;0;0;0;0;0;0;80390;35749;31317;19923;6423;1310;247;1;0;0;0;0;0;0;0;0;0;0;0;0;0;0;0;0;0;0;0;0;0;0;0;0;0",175360
97,7,"LeakyReLULayer( 0.050000 )",pre_activation,"-10;-9.6875;-9.375;-9.0625;-8.75;-8.4375;-8.125;-7.8125;-7.5;-7.1875;-6.875;-6.5625;-6.25;-5.9375;-5.625;-5.3125;-5;-4.6875;-4.375;-4.0625;-3.75;-3.4375;-3.125;-2.8125;-2.5;-2.1875;-1.875;-1.5625;-1.25;-0.9375;-0.625;-0.3125;0;0.3125;0.625;0.9375;1.25;1.5625;1.875;2.1875;2.5;2.8125;3.125;3.4375;3.75;4.0625;4.375;4.6875;5;5.3125;5.625;5.9375;6.25;6.5625;6.875;7.1875;7.5;7.8125;8.125;8.4375;8.75;9.0625;9.375;9.6875;10","0;0;0;0;0;0;0;0;0;0;0;0;0;0;0;0;0;0;0;0;0;0;0;0;0;0;193;566;2213;6812;16318;24590;19740;10686;4366;1553;526;115;2;0;0;0;0;0;0;0;0;0;0;0;0;0;0;0;0;0;0;0;0;0;0;0;0;0",87680
97,7,"LeakyReLULayer( 0.050000 )",post_activation,"-10;-9.6875;-9.375;-9.0625;-8.75;-8.4375;-8.125;-7.8125;-7.5;-7.1875;-6.875;-6.5625;-6.25;-5.9375;-5.625;-5.3125;-5;-4.6875;-4.375;-4.0625;-3.75;-3.4375;-3.125;-2.8125;-2.5;-2.1875;-1.875;-1.5625;-1.25;-0.9375;-0.625;-0.3125;0;0.3125;0.625;0.9375;1.25;1.5625;1.875;2.1875;2.5;2.8125;3.125;3.4375;3.75;4.0625;4.375;4.6875;5;5.3125;5.625;5.9375;6.25;6.5625;6.875;7.1875;7.5;7.8125;8.125;8.4375;8.75;9.0625;9.375;9.6875;10","0;0;0;0;0;0;0;0;0;0;0;0;0;0;0;0;0;0;0;0;0;0;0;0;0;0;0;0;0;0;0;50692;19740;10686;4366;1553;526;115;2;0;0;0;0;0;0;0;0;0;0;0;0;0;0;0;0;0;0;0;0;0;0;0;0;0",87680
98,1,"LeakyReLULayer( 0.050000 )",pre_activation,"-10;-9.6875;-9.375;-9.0625;-8.75;-8.4375;-8.125;-7.8125;-7.5;-7.1875;-6.875;-6.5625;-6.25;-5.9375;-5.625;-5.3125;-5;-4.6875;-4.375;-4.0625;-3.75;-3.4375;-3.125;-2.8125;-2.5;-2.1875;-1.875;-1.5625;-1.25;-0.9375;-0.625;-0.3125;0;0.3125;0.625;0.9375;1.25;1.5625;1.875;2.1875;2.5;2.8125;3.125;3.4375;3.75;4.0625;4.375;4.6875;5;5.3125;5.625;5.9375;6.25;6.5625;6.875;7.1875;7.5;7.8125;8.125;8.4375;8.75;9.0625;9.375;9.6875;10","0;0;0;0;0;0;0;0;0;0;0;0;0;0;0;0;0;0;0;0;61;575;1984;4873;9645;18854;42250;82803;148921;490370;1051435;3088785;3050232;1058135;479112;172505;101898;51590;9972;0;0;0;0;0;0;0;0;0;0;0;0;0;0;0;0;0;0;0;0;0;0;0;0;0",9864000
98,1,"LeakyReLULayer( 0.050000 )",post_activation,"-10;-9.6875;-9.375;-9.0625;-8.75;-8.4375;-8.125;-7.8125;-7.5;-7.1875;-6.875;-6.5625;-6.25;-5.9375;-5.625;-5.3125;-5;-4.6875;-4.375;-4.0625;-3.75;-3.4375;-3.125;-2.8125;-2.5;-2.1875;-1.875;-1.5625;-1.25;-0.9375;-0.625;-0.3125;0;0.3125;0.625;0.9375;1.25;1.5625;1.875;2.1875;2.5;2.8125;3.125;3.4375;3.75;4.0625;4.375;4.6875;5;5.3125;5.625;5.9375;6.25;6.5625;6.875;7.1875;7.5;7.8125;8.125;8.4375;8.75;9.0625;9.375;9.6875;10","0;0;0;0;0;0;0;0;0;0;0;0;0;0;0;0;0;0;0;0;0;0;0;0;0;0;0;0;0;0;0;4940556;3050232;1058135;479112;172505;101898;51590;9972;0;0;0;0;0;0;0;0;0;0;0;0;0;0;0;0;0;0;0;0;0;0;0;0;0",9864000
98,5,"LeakyReLULayer( 0.050000 )",pre_activation,"-10;-9.6875;-9.375;-9.0625;-8.75;-8.4375;-8.125;-7.8125;-7.5;-7.1875;-6.875;-6.5625;-6.25;-5.9375;-5.625;-5.3125;-5;-4.6875;-4.375;-4.0625;-3.75;-3.4375;-3.125;-2.8125;-2.5;-2.1875;-1.875;-1.5625;-1.25;-0.9375;-0.625;-0.3125;0;0.3125;0.625;0.9375;1.25;1.5625;1.875;2.1875;2.5;2.8125;3.125;3.4375;3.75;4.0625;4.375;4.6875;5;5.3125;5.625;5.9375;6.25;6.5625;6.875;7.1875;7.5;7.8125;8.125;8.4375;8.75;9.0625;9.375;9.6875;10","0;0;0;0;0;0;0;0;0;0;0;0;0;0;0;0;0;0;0;0;0;0;0;0;0;9;703;3426;5289;14704;21565;34664;35756;31338;19913;6430;1315;247;1;0;0;0;0;0;0;0;0;0;0;0;0;0;0;0;0;0;0;0;0;0;0;0;0;0",175360
98,5,"LeakyReLULayer( 0.050000 )",post_activation,"-10;-9.6875;-9.375;-9.0625;-8.75;-8.4375;-8.125;-7.8125;-7.5;-7.1875;-6.875;-6.5625;-6.25;-5.9375;-5.625;-5.3125;-5;-4.6875;-4.375;-4.0625;-3.75;-3.4375;-3.125;-2.8125;-2.5;-2.1875;-1.875;-1.5625;-1.25;-0.9375;-0.625;-0.3125;0;0.3125;0.625;0.9375;1.25;1.5625;1.875;2.1875;2.5;2.8125;3.125;3.4375;3.75;4.0625;4.375;4.6875;5;5.3125;5.625;5.9375;6.25;6.5625;6.875;7.1875;7.5;7.8125;8.125;8.4375;8.75;9.0625;9.375;9.6875;10","0;0;0;0;0;0;0;0;0;0;0;0;0;0;0;0;0;0;0;0;0;0;0;0;0;0;0;0;0;0;0;80360;35756;31338;19913;6430;1315;247;1;0;0;0;0;0;0;0;0;0;0;0;0;0;0;0;0;0;0;0;0;0;0;0;0;0",175360
98,7,"LeakyReLULayer( 0.050000 )",pre_activation,"-10;-9.6875;-9.375;-9.0625;-8.75;-8.4375;-8.125;-7.8125;-7.5;-7.1875;-6.875;-6.5625;-6.25;-5.9375;-5.625;-5.3125;-5;-4.6875;-4.375;-4.0625;-3.75;-3.4375;-3.125;-2.8125;-2.5;-2.1875;-1.875;-1.5625;-1.25;-0.9375;-0.625;-0.3125;0;0.3125;0.625;0.9375;1.25;1.5625;1.875;2.1875;2.5;2.8125;3.125;3.4375;3.75;4.0625;4.375;4.6875;5;5.3125;5.625;5.9375;6.25;6.5625;6.875;7.1875;7.5;7.8125;8.125;8.4375;8.75;9.0625;9.375;9.6875;10","0;0;0;0;0;0;0;0;0;0;0;0;0;0;0;0;0;0;0;0;0;0;0;0;0;0;180;577;2244;6743;16410;24538;19714;10695;4374;1561;524;117;3;0;0;0;0;0;0;0;0;0;0;0;0;0;0;0;0;0;0;0;0;0;0;0;0;0",87680
98,7,"LeakyReLULayer( 0.050000 )",post_activation,"-10;-9.6875;-9.375;-9.0625;-8.75;-8.4375;-8.125;-7.8125;-7.5;-7.1875;-6.875;-6.5625;-6.25;-5.9375;-5.625;-5.3125;-5;-4.6875;-4.375;-4.0625;-3.75;-3.4375;-3.125;-2.8125;-2.5;-2.1875;-1.875;-1.5625;-1.25;-0.9375;-0.625;-0.3125;0;0.3125;0.625;0.9375;1.25;1.5625;1.875;2.1875;2.5;2.8125;3.125;3.4375;3.75;4.0625;4.375;4.6875;5;5.3125;5.625;5.9375;6.25;6.5625;6.875;7.1875;7.5;7.8125;8.125;8.4375;8.75;9.0625;9.375;9.6875;10","0;0;0;0;0;0;0;0;0;0;0;0;0;0;0;0;0;0;0;0;0;0;0;0;0;0;0;0;0;0;0;50692;19714;10695;4374;1561;524;117;3;0;0;0;0;0;0;0;0;0;0;0;0;0;0;0;0;0;0;0;0;0;0;0;0;0",87680
99,1,"LeakyReLULayer( 0.050000 )",pre_activation,"-10;-9.6875;-9.375;-9.0625;-8.75;-8.4375;-8.125;-7.8125;-7.5;-7.1875;-6.875;-6.5625;-6.25;-5.9375;-5.625;-5.3125;-5;-4.6875;-4.375;-4.0625;-3.75;-3.4375;-3.125;-2.8125;-2.5;-2.1875;-1.875;-1.5625;-1.25;-0.9375;-0.625;-0.3125;0;0.3125;0.625;0.9375;1.25;1.5625;1.875;2.1875;2.5;2.8125;3.125;3.4375;3.75;4.0625;4.375;4.6875;5;5.3125;5.625;5.9375;6.25;6.5625;6.875;7.1875;7.5;7.8125;8.125;8.4375;8.75;9.0625;9.375;9.6875;10","0;0;0;0;0;0;0;0;0;0;0;0;0;0;0;0;0;0;0;0;61;575;1985;4876;9653;18860;42258;82794;148950;490435;1051476;3088656;3049995;1058248;479171;172514;101893;51611;9989;0;0;0;0;0;0;0;0;0;0;0;0;0;0;0;0;0;0;0;0;0;0;0;0;0",9864000
99,1,"LeakyReLULayer( 0.050000 )",post_activation,"-10;-9.6875;-9.375;-9.0625;-8.75;-8.4375;-8.125;-7.8125;-7.5;-7.1875;-6.875;-6.5625;-6.25;-5.9375;-5.625;-5.3125;-5;-4.6875;-4.375;-4.0625;-3.75;-3.4375;-3.125;-2.8125;-2.5;-2.1875;-1.875;-1.5625;-1.25;-0.9375;-0.625;-0.3125;0;0.3125;0.625;0.9375;1.25;1.5625;1.875;2.1875;2.5;2.8125;3.125;3.4375;3.75;4.0625;4.375;4.6875;5;5.3125;5.625;5.9375;6.25;6.5625;6.875;7.1875;7.5;7.8125;8.125;8.4375;8.75;9.0625;9.375;9.6875;10","0;0;0;0;0;0;0;0;0;0;0;0;0;0;0;0;0;0;0;0;0;0;0;0;0;0;0;0;0;0;0;4940579;3049995;1058248;479171;172514;101893;51611;9989;0;0;0;0;0;0;0;0;0;0;0;0;0;0;0;0;0;0;0;0;0;0;0;0;0",9864000
99,5,"LeakyReLULayer( 0.050000 )",pre_activation,"-10;-9.6875;-9.375;-9.0625;-8.75;-8.4375;-8.125;-7.8125;-7.5;-7.1875;-6.875;-6.5625;-6.25;-5.9375;-5.625;-5.3125;-5;-4.6875;-4.375;-4.0625;-3.75;-3.4375;-3.125;-2.8125;-2.5;-2.1875;-1.875;-1.5625;-1.25;-0.9375;-0.625;-0.3125;0;0.3125;0.625;0.9375;1.25;1.5625;1.875;2.1875;2.5;2.8125;3.125;3.4375;3.75;4.0625;4.375;4.6875;5;5.3125;5.625;5.9375;6.25;6.5625;6.875;7.1875;7.5;7.8125;8.125;8.4375;8.75;9.0625;9.375;9.6875;10","0;0;0;0;0;0;0;0;0;0;0;0;0;0;0;0;0;0;0;0;0;0;0;0;0;9;709;3446;5280;14729;21609;34570;35693;31329;19970;6434;1332;249;1;0;0;0;0;0;0;0;0;0;0;0;0;0;0;0;0;0;0;0;0;0;0;0;0;0",175360
99,5,"LeakyReLULayer( 0.050000 )",post_activation,"-10;-9.6875;-9.375;-9.0625;-8.75;-8.4375;-8.125;-7.8125;-7.5;-7.1875;-6.875;-6.5625;-6.25;-5.9375;-5.625;-5.3125;-5;-4.6875;-4.375;-4.0625;-3.75;-3.4375;-3.125;-2.8125;-2.5;-2.1875;-1.875;-1.5625;-1.25;-0.9375;-0.625;-0.3125;0;0.3125;0.625;0.9375;1.25;1.5625;1.875;2.1875;2.5;2.8125;3.125;3.4375;3.75;4.0625;4.375;4.6875;5;5.3125;5.625;5.9375;6.25;6.5625;6.875;7.1875;7.5;7.8125;8.125;8.4375;8.75;9.0625;9.375;9.6875;10","0;0;0;0;0;0;0;0;0;0;0;0;0;0;0;0;0;0;0;0;0;0;0;0;0;0;0;0;0;0;0;80352;35693;31329;19970;6434;1332;249;1;0;0;0;0;0;0;0;0;0;0;0;0;0;0;0;0;0;0;0;0;0;0;0;0;0",175360
99,7,"LeakyReLULayer( 0.050000 )",pre_activation,"-10;-9.6875;-9.375;-9.0625;-8.75;-8.4375;-8.125;-7.8125;-7.5;-7.1875;-6.875;-6.5625;-6.25;-5.9375;-5.625;-5.3125;-5;-4.6875;-4.375;-4.0625;-3.75;-3.4375;-3.125;-2.8125;-2.5;-2.1875;-1.875;-1.5625;-1.25;-0.9375;-0.625;-0.3125;0;0.3125;0.625;0.9375;1.25;1.5625;1.875;2.1875;2.5;2.8125;3.125;3.4375;3.75;4.0625;4.375;4.6875;5;5.3125;5.625;5.9375;6.25;6.5625;6.875;7.1875;7.5;7.8125;8.125;8.4375;8.75;9.0625;9.375;9.6875;10","0;0;0;0;0;0;0;0;0;0;0;0;0;0;0;0;0;0;0;0;0;0;0;0;0;0;187;589;2222;6719;16467;24451;19715;10726;4381;1574;533;115;1;0;0;0;0;0;0;0;0;0;0;0;0;0;0;0;0;0;0;0;0;0;0;0;0;0",87680
99,7,"LeakyReLULayer( 0.050000 )",post_activation,"-10;-9.6875;-9.375;-9.0625;-8.75;-8.4375;-8.125;-7.8125;-7.5;-7.1875;-6.875;-6.5625;-6.25;-5.9375;-5.625;-5.3125;-5;-4.6875;-4.375;-4.0625;-3.75;-3.4375;-3.125;-2.8125;-2.5;-2.1875;-1.875;-1.5625;-1.25;-0.9375;-0.625;-0.3125;0;0.3125;0.625;0.9375;1.25;1.5625;1.875;2.1875;2.5;2.8125;3.125;3.4375;3.75;4.0625;4.375;4.6875;5;5.3125;5.625;5.9375;6.25;6.5625;6.875;7.1875;7.5;7.8125;8.125;8.4375;8.75;9.0625;9.375;9.6875;10","0;0;0;0;0;0;0;0;0;0;0;0;0;0;0;0;0;0;0;0;0;0;0;0;0;0;0;0;0;0;0;50635;19715;10726;4381;1574;533;115;1;0;0;0;0;0;0;0;0;0;0;0;0;0;0;0;0;0;0;0;0;0;0;0;0;0",87680
100,1,"LeakyReLULayer( 0.050000 )",pre_activation,"-10;-9.6875;-9.375;-9.0625;-8.75;-8.4375;-8.125;-7.8125;-7.5;-7.1875;-6.875;-6.5625;-6.25;-5.9375;-5.625;-5.3125;-5;-4.6875;-4.375;-4.0625;-3.75;-3.4375;-3.125;-2.8125;-2.5;-2.1875;-1.875;-1.5625;-1.25;-0.9375;-0.625;-0.3125;0;0.3125;0.625;0.9375;1.25;1.5625;1.875;2.1875;2.5;2.8125;3.125;3.4375;3.75;4.0625;4.375;4.6875;5;5.3125;5.625;5.9375;6.25;6.5625;6.875;7.1875;7.5;7.8125;8.125;8.4375;8.75;9.0625;9.375;9.6875;10","0;0;0;0;0;0;0;0;0;0;0;0;0;0;0;0;0;0;0;0;61;575;1987;4877;9648;18859;42267;82808;148974;490446;1051505;3088535;3049890;1058309;479200;172553;101886;51628;9992;0;0;0;0;0;0;0;0;0;0;0;0;0;0;0;0;0;0;0;0;0;0;0;0;0",9864000
100,1,"LeakyReLULayer( 0.050000 )",post_activation,"-10;-9.6875;-9.375;-9.0625;-8.75;-8.4375;-8.125;-7.8125;-7.5;-7.1875;-6.875;-6.5625;-6.25;-5.9375;-5.625;-5.3125;-5;-4.6875;-4.375;-4.0625;-3.75;-3.4375;-3.125;-2.8125;-2.5;-2.1875;-1.875;-1.5625;-1.25;-0.9375;-0.625;-0.3125;0;0.3125;0.625;0.9375;1.25;1.5625;1.875;2.1875;2.5;2.8125;3.125;3.4375;3.75;4.0625;4.375;4.6875;5;5.3125;5.625;5.9375;6.25;6.5625;6.875;7.1875;7.5;7.8125;8.125;8.4375;8.75;9.0625;9.375;9.6875;10","0;0;0;0;0;0;0;0;0;0;0;0;0;0;0;0;0;0;0;0;0;0;0;0;0;0;0;0;0;0;0;4940542;3049890;1058309;479200;172553;101886;51628;9992;0;0;0;0;0;0;0;0;0;0;0;0;0;0;0;0;0;0;0;0;0;0;0;0;0",9864000
100,5,"LeakyReLULayer( 0.050000 )",pre_activation,"-10;-9.6875;-9.375;-9.0625;-8.75;-8.4375;-8.125;-7.8125;-7.5;-7.1875;-6.875;-6.5625;-6.25;-5.9375;-5.625;-5.3125;-5;-4.6875;-4.375;-4.0625;-3.75;-3.4375;-3.125;-2.8125;-2.5;-2.1875;-1.875;-1.5625;-1.25;-0.9375;-0.625;-0.3125;0;0.3125;0.625;0.9375;1.25;1.5625;1.875;2.1875;2.5;2.8125;3.125;3.4375;3.75;4.0625;4.375;4.6875;5;5.3125;5.625;5.9375;6.25;6.5625;6.875;7.1875;7.5;7.8125;8.125;8.4375;8.75;9.0625;9.375;9.6875;10","0;0;0;0;0;0;0;0;0;0;0;0;0;0;0;0;0;0;0;0;0;0;0;0;0;8;698;3458;5273;14714;21516;34691;35648;31412;19915;6437;1338;251;1;0;0;0;0;0;0;0;0;0;0;0;0;0;0;0;0;0;0;0;0;0;0;0;0;0",175360
100,5,"LeakyReLULayer( 0.050000 )",post_activation,"-10;-9.6875;-9.375;-9.0625;-8.75;-8.4375;-8.125;-7.8125;-7.5;-7.1875;-6.875;-6.5625;-6.25;-5.9375;-5.625;-5.3125;-5;-4.6875;-4.375;-4.0625;-3.75;-3.4375;-3.125;-2.8125;-2.5;-2.1875;-1.875;-1.5625;-1.25;-0.9375;-0.625;-0.3125;0;0.3125;0.625;0.9375;1.25;1.5625;1.875;2.1875;2.5;2.8125;3.125;3.4375;3.75;4.0625;4.375;4.6875;5;5.3125;5.625;5.9375;6.25;6.5625;6.875;7.1875;7.5;7.8125;8.125;8.4375;8.75;9.0625;9.375;9.6875;10","0;0;0;0;0;0;0;0;0;0;0;0;0;0;0;0;0;0;0;0;0;0;0;0;0;0;0;0;0;0;0;80358;35648;31412;19915;6437;1338;251;1;0;0;0;0;0;0;0;0;0;0;0;0;0;0;0;0;0;0;0;0;0;0;0;0;0",175360
100,7,"LeakyReLULayer( 0.050000 )",pre_activation,"-10;-9.6875;-9.375;-9.0625;-8.75;-8.4375;-8.125;-7.8125;-7.5;-7.1875;-6.875;-6.5625;-6.25;-5.9375;-5.625;-5.3125;-5;-4.6875;-4.375;-4.0625;-3.75;-3.4375;-3.125;-2.8125;-2.5;-2.1875;-1.875;-1.5625;-1.25;-0.9375;-0.625;-0.3125;0;0.3125;0.625;0.9375;1.25;1.5625;1.875;2.1875;2.5;2.8125;3.125;3.4375;3.75;4.0625;4.375;4.6875;5;5.3125;5.625;5.9375;6.25;6.5625;6.875;7.1875;7.5;7.8125;8.125;8.4375;8.75;9.0625;9.375;9.6875;10","0;0;0;0;0;0;0;0;0;0;0;0;0;0;0;0;0;0;0;0;0;0;0;0;0;0;185;587;2233;6798;16348;24492;19703;10721;4385;1581;528;117;2;0;0;0;0;0;0;0;0;0;0;0;0;0;0;0;0;0;0;0;0;0;0;0;0;0",87680
100,7,"LeakyReLULayer( 0.050000 )",post_activation,"-10;-9.6875;-9.375;-9.0625;-8.75;-8.4375;-8.125;-7.8125;-7.5;-7.1875;-6.875;-6.5625;-6.25;-5.9375;-5.625;-5.3125;-5;-4.6875;-4.375;-4.0625;-3.75;-3.4375;-3.125;-2.8125;-2.5;-2.1875;-1.875;-1.5625;-1.25;-0.9375;-0.625;-0.3125;0;0.3125;0.625;0.9375;1.25;1.5625;1.875;2.1875;2.5;2.8125;3.125;3.4375;3.75;4.0625;4.375;4.6875;5;5.3125;5.625;5.9375;6.25;6.5625;6.875;7.1875;7.5;7.8125;8.125;8.4375;8.75;9.0625;9.375;9.6875;10","0;0;0;0;0;0;0;0;0;0;0;0;0;0;0;0;0;0;0;0;0;0;0;0;0;0;0;0;0;0;0;50643;19703;10721;4385;1581;528;117;2;0;0;0;0;0;0;0;0;0;0;0;0;0;0;0;0;0;0;0;0;0;0;0;0;0",87680
