epoch,layer_index,layer_name,parameter_scope,mean_norm,rms_norm,maximum_norm,last_norm,optimizer_steps
1,0,"Conv2DLayer(1,8,5, stride=5, padding=0)","all",5.6636919053954236,6.33411387368281,13.42066918753209,2.9622937347263418,22
1,0,"Conv2DLayer(1,8,5, stride=5, padding=0)","weights",5.615047920201369,6.2860179380482322,13.341257727556144,2.9331137111528713,22
1,0,"Conv2DLayer(1,8,5, stride=5, padding=0)","biases",0.73093120358563846,0.77908731687590993,1.4578078364780096,0.41476273729202023,22
1,4,"DenseLayer( 7202,128 )","all",24.536951511631369,27.868183035719664,59.169214630131805,12.297502904848283,22
1,4,"DenseLayer( 7202,128 )","weights",24.526087982137096,27.854403381938944,59.132818967469341,12.29295199138542,22
1,4,"DenseLayer( 7202,128 )","biases",0.72374663689941754,0.87626362962387139,2.0750134715470407,0.33452807392689987,22
1,6,"DenseLayer( 128,64 )","all",3.3061486166940242,3.8087885054951052,8.498461382713641,1.8691393534372223,22
1,6,"DenseLayer( 128,64 )","weights",3.2308974752585877,3.7117175984404813,8.2390311820224635,1.8300922779969189,22
1,6,"DenseLayer( 128,64 )","biases",0.69534216505431135,0.85441345320568518,2.0837972682429022,0.38005812263884797,22
1,8,"DenseLayer( 64,1 )","all",2.0270846081829159,2.3808760642193953,5.5458208326576051,0.99616077444800988,22
1,8,"DenseLayer( 64,1 )","weights",1.9260935142444611,2.2350040705331473,5.1086964953363783,0.96399585586520542,22
1,8,"DenseLayer( 64,1 )","biases",0.59720893017947674,0.82056543789822167,2.1580891609191895,0.25109416246414185,22
2,0,"Conv2DLayer(1,8,5, stride=5, padding=0)","all",2.5233905576739688,2.584861323306503,3.3147613316866029,1.3536171004547399,22
2,0,"Conv2DLayer(1,8,5, stride=5, padding=0)","weights",2.4911815065843514,2.5519902417815579,3.2720678798585032,1.335405154043841,22
2,0,"Conv2DLayer(1,8,5, stride=5, padding=0)","biases",0.4016448238636055,0.41091832105365034,0.53029659214728142,0.22129692541163487,22
2,4,"DenseLayer( 7202,128 )","all",6.3847621006779036,6.7190967355647304,10.17877826334434,2.8126435201357318,22
2,4,"DenseLayer( 7202,128 )","weights",6.3828546252586573,6.7171286072350851,10.175803643751685,2.8116613635568135,22
2,4,"DenseLayer( 7202,128 )","biases",0.15560557050627258,0.16261677570489375,0.24606328076563858,0.074323267173612373,22
2,6,"DenseLayer( 128,64 )","all",1.0751647241260756,1.1126748933007837,1.5460318953604579,0.54084923593714507,22
2,6,"DenseLayer( 128,64 )","weights",1.0591585502104073,1.0962026575714445,1.5214836268238094,0.53239514626926276,22
2,6,"DenseLayer( 128,64 )","biases",0.1843576258185948,0.19074892323474071,0.27441245376060702,0.095253893583012672,22
2,8,"DenseLayer( 64,1 )","all",0.73378366889600111,0.74812519227898977,0.93218284697925669,0.44875775811534752,22
2,8,"DenseLayer( 64,1 )","weights",0.71836842941729806,0.73281080114814978,0.89943018189330337,0.43351622959042763,22
2,8,"DenseLayer( 64,1 )","biases",0.13025307900864969,0.15059758644507654,0.26290598511695862,0.11596208065748215,22
3,0,"Conv2DLayer(1,8,5, stride=5, padding=0)","all",0.5678619886502505,0.70604992888001639,1.3737015557526133,0.3185120266860107,22
3,0,"Conv2DLayer(1,8,5, stride=5, padding=0)","weights",0.55947788954703004,0.69595281306629286,1.3531782294372061,0.3133243064856539,22
3,0,"Conv2DLayer(1,8,5, stride=5, padding=0)","biases",0.096927117216804123,0.1189797632229526,0.23656847561401251,0.057251987816267225,22
3,4,"DenseLayer( 7202,128 )","all",1.5629704809980656,1.8087093314197336,3.7559203699031962,1.4756383023701827,22
3,4,"DenseLayer( 7202,128 )","weights",1.5622641843445393,1.8078772883273786,3.7536623927216723,1.4748023283812872,22
3,4,"DenseLayer( 7202,128 )","biases",0.046542491750429793,0.054855773760503893,0.13021699781814644,0.049663785831210283,22
3,6,"DenseLayer( 128,64 )","all",0.28152335821748498,0.3315974088959231,0.71455849238837676,0.23160045454516792,22
3,6,"DenseLayer( 128,64 )","weights",0.27633261741045251,0.32526742653068563,0.69681522078126212,0.22674284495286928,22
3,6,"DenseLayer( 128,64 )","biases",0.053200030923440514,0.064482112438993891,0.15824786612119288,0.047185302883498231,22
3,8,"DenseLayer( 64,1 )","all",0.21530857353899341,0.25831762287763405,0.57143072503321979,0.11826618354965109,22
3,8,"DenseLayer( 64,1 )","weights",0.20565911815016263,0.245675924153099,0.52614955628647231,0.11653762161688183,22
3,8,"DenseLayer( 64,1 )","biases",0.055931848114017739,0.079820640066791584,0.22293433547019958,0.020146287977695465,22
4,0,"Conv2DLayer(1,8,5, stride=5, padding=0)","all",0.28598906005251329,0.32764210228276525,0.66725279622106648,0.11675105562395367,22
4,0,"Conv2DLayer(1,8,5, stride=5, padding=0)","weights",0.28190803350140486,0.32308812608465054,0.65836358883954316,0.11488565969343091,22
4,0,"Conv2DLayer(1,8,5, stride=5, padding=0)","biases",0.047727875632906841,0.054437211274816148,0.10855265521924803,0.020786875333072753,22
4,4,"DenseLayer( 7202,128 )","all",0.82490672671964127,0.85859958833154737,1.3382786168818348,0.55187786811242145,22
4,4,"DenseLayer( 7202,128 )","weights",0.82449616195260333,0.85816679271494789,1.3372900053456929,0.55165719102819677,22
4,4,"DenseLayer( 7202,128 )","biases",0.025893986753233966,0.027258190777126295,0.051430516288226175,0.015605284335469568,22
4,6,"DenseLayer( 128,64 )","all",0.14175436462020344,0.14813805703827537,0.22477712570713854,0.088252554152385768,22
4,6,"DenseLayer( 128,64 )","weights",0.13920126230501911,0.14541938215836564,0.21821086146148905,0.086956261266591492,22
4,6,"DenseLayer( 128,64 )","biases",0.026523281185425501,0.028250437797572841,0.053933071314339123,0.01507056538276059,22
4,8,"DenseLayer( 64,1 )","all",0.099034009929806363,0.1057846979993535,0.16250021053937702,0.044860162552685427,22
4,8,"DenseLayer( 64,1 )","weights",0.094409834551696742,0.10077617038945567,0.16010543427385115,0.043393333748980273,22
4,8,"DenseLayer( 64,1 )","biases",0.027609131298959255,0.032164667143463839,0.069330707192420959,0.011377731338143349,22
5,0,"Conv2DLayer(1,8,5, stride=5, padding=0)","all",0.15093040106372349,0.17635352636006535,0.36948559952591753,0.078081314106170766,22
5,0,"Conv2DLayer(1,8,5, stride=5, padding=0)","weights",0.14841818493888465,0.17361536445845366,0.36384108311665603,0.074913801299665045,22
5,0,"Conv2DLayer(1,8,5, stride=5, padding=0)","biases",0.027058164362248779,0.030955960388729369,0.064337193702595857,0.022013949835974607,22
5,4,"DenseLayer( 7202,128 )","all",0.64094780795546435,0.6869453462701417,1.1588376479224278,0.96142729353024692,22
5,4,"DenseLayer( 7202,128 )","weights",0.64060518779763342,0.68655816813659698,1.1580009110870348,0.96086729579899344,22
5,4,"DenseLayer( 7202,128 )","biases",0.02071159536315368,0.023060583841810502,0.04402935570709636,0.032809763925166144,22
5,6,"DenseLayer( 128,64 )","all",0.10716509208435689,0.11559021749862719,0.20752864591794382,0.15679668312806955,22
5,6,"DenseLayer( 128,64 )","weights",0.10495320822877591,0.11305425487266844,0.20173867857563293,0.15308635359389103,22
5,6,"DenseLayer( 128,64 )","biases",0.021346243824806679,0.024079739129933733,0.048678993858673372,0.033908231792448611,22
5,8,"DenseLayer( 64,1 )","all",0.070486432525714737,0.077197167527574301,0.14378999196369827,0.094617580589065664,22
5,8,"DenseLayer( 64,1 )","weights",0.06610672063507253,0.072013503365685155,0.12843490250474174,0.08563895595766316,22
5,8,"DenseLayer( 64,1 )","biases",0.022108259716663848,0.027811113017655827,0.064653210341930389,0.040230035781860352,22
6,0,"Conv2DLayer(1,8,5, stride=5, padding=0)","all",0.18178186261578955,0.22536441438886662,0.57343055885028538,0.57343055885028538,22
6,0,"Conv2DLayer(1,8,5, stride=5, padding=0)","weights",0.17891865223411307,0.2217679368664297,0.56296381614574065,0.56296381614574065,22
6,0,"Conv2DLayer(1,8,5, stride=5, padding=0)","biases",0.031884359343279038,0.040101140268626247,0.10906121003351835,0.10906121003351835,22
6,4,"DenseLayer( 7202,128 )","all",0.69950595422728823,0.7781736037380419,1.5677620686208182,1.5677620686208182,22
6,4,"DenseLayer( 7202,128 )","weights",0.69911755856142588,0.7777245374451488,1.5667647020419266,1.5667647020419266,22
6,4,"DenseLayer( 7202,128 )","biases",0.023098351506653698,0.026432960681325418,0.055913077555256881,0.055913077555256881,22
6,6,"DenseLayer( 128,64 )","all",0.11985919594990872,0.1350593058096643,0.28888266514662625,0.28888266514662625,22
6,6,"DenseLayer( 128,64 )","weights",0.11730638876054569,0.13206374611762275,0.28172644367149935,0.28172644367149935,22
6,6,"DenseLayer( 128,64 )","biases",0.024366625143131392,0.028287506909738552,0.063901527043000297,0.063901527043000297,22
6,8,"DenseLayer( 64,1 )","all",0.085143185832433341,0.099849580448902436,0.24562563297135329,0.24562563297135329,22
6,8,"DenseLayer( 64,1 )","weights",0.079867300867086197,0.093395668296720122,0.22774546489346659,0.22774546489346659,22
6,8,"DenseLayer( 64,1 )","biases",0.027917924961498516,0.035315546990396018,0.091999754309654236,0.091999754309654236,22
7,0,"Conv2DLayer(1,8,5, stride=5, padding=0)","all",0.19743456675311352,0.21756268857808875,0.44093802478964284,0.30691735714556384,22
7,0,"Conv2DLayer(1,8,5, stride=5, padding=0)","weights",0.19465339897153924,0.21447936581300769,0.43556786219579696,0.30339078759551658,22
7,0,"Conv2DLayer(1,8,5, stride=5, padding=0)","biases",0.032693089133343484,0.036498289025328881,0.071130298591207952,0.046392824007487579,22
7,4,"DenseLayer( 7202,128 )","all",0.7811120301987291,0.87284321414858645,1.7702385110586345,1.6652550221097813,22
7,4,"DenseLayer( 7202,128 )","weights",0.78067761585091389,0.87233465651430264,1.7689962878805428,1.6644020391371919,22
7,4,"DenseLayer( 7202,128 )","biases",0.025893886433062764,0.029791333124058923,0.066306255360648797,0.053292971185756287,22
7,6,"DenseLayer( 128,64 )","all",0.13609985475333733,0.15310048085660558,0.33379446754123787,0.28537480571377449,22
7,6,"DenseLayer( 128,64 )","weights",0.13324440600833506,0.14971241142202965,0.32502047551668217,0.27961207113160058,22
7,6,"DenseLayer( 128,64 )","biases",0.027528302476169674,0.032030471503316602,0.076029185554287657,0.057060226197161841,22
7,8,"DenseLayer( 64,1 )","all",0.095285463345308741,0.10858080463985953,0.27352642722735543,0.17911772049485547,22
7,8,"DenseLayer( 64,1 )","weights",0.089700777373205545,0.10132137169394319,0.25025758577543761,0.1672274626859564,22
7,8,"DenseLayer( 64,1 )","biases",0.029969072371551938,0.039035506584354049,0.11039858311414719,0.064172685146331787,22
8,0,"Conv2DLayer(1,8,5, stride=5, padding=0)","all",0.15944318357873466,0.17885248298605796,0.32084139895040187,0.076455150415422307,22
8,0,"Conv2DLayer(1,8,5, stride=5, padding=0)","weights",0.15698761294601596,0.17623326942465806,0.31609056799298507,0.075207973321972418,22
8,0,"Conv2DLayer(1,8,5, stride=5, padding=0)","biases",0.027564161191044607,0.030496646015161048,0.055008691188965959,0.013753209583451177,22
8,4,"DenseLayer( 7202,128 )","all",0.78173791385343006,0.85528507844078583,1.8047082927729157,0.71293639075248028,22
8,4,"DenseLayer( 7202,128 )","weights",0.78127452041055589,0.85476578788203739,1.8035515157797943,0.71241889527320312,22
8,4,"DenseLayer( 7202,128 )","biases",0.026825915313113367,0.029799551504359114,0.064606129211851201,0.027159066936884673,22
8,6,"DenseLayer( 128,64 )","all",0.1335768540935055,0.14600196320106984,0.28242179937892137,0.12880633775482128,22
8,6,"DenseLayer( 128,64 )","weights",0.13054054919069571,0.14257838222000363,0.27495564494063851,0.12546106488470893,22
8,6,"DenseLayer( 128,64 )","biases",0.028211159421644396,0.031432120229044465,0.064509426285661975,0.029164942033269234,22
8,8,"DenseLayer( 64,1 )","all",0.092053470985272723,0.10065030097386123,0.17608032608561192,0.089256701535813721,22
8,8,"DenseLayer( 64,1 )","weights",0.085488272701498252,0.093143752657663351,0.16343036699720148,0.081327508086744826,22
8,8,"DenseLayer( 64,1 )","biases",0.032861188911324876,0.038140849846023103,0.07177000492811203,0.036777645349502563,22
9,0,"Conv2DLayer(1,8,5, stride=5, padding=0)","all",0.15537165891696536,0.1865587386841526,0.48593235282937547,0.0913148490512799,22
9,0,"Conv2DLayer(1,8,5, stride=5, padding=0)","weights",0.15307561874639891,0.18387524042388959,0.47866282835009799,0.089200459207839505,22
9,0,"Conv2DLayer(1,8,5, stride=5, padding=0)","biases",0.026442746056636317,0.031528700234528022,0.083738571054068511,0.019536625460109446,22
9,4,"DenseLayer( 7202,128 )","all",0.72845799671361344,0.81097925788481096,1.6914026687939978,1.4340241077969091,22
9,4,"DenseLayer( 7202,128 )","weights",0.72804360749111896,0.81049570462640597,1.6902266851324401,1.4331051141160362,22
9,4,"DenseLayer( 7202,128 )","biases",0.024400378351321007,0.02800124107150441,0.063061405547778962,0.05133102022348867,22
9,6,"DenseLayer( 128,64 )","all",0.12123862867472117,0.13599068659648927,0.28243012628349679,0.24678889765850948,22
9,6,"DenseLayer( 128,64 )","weights",0.11859821951673849,0.13287374887992937,0.27485700476732161,0.24058301973959176,22
9,6,"DenseLayer( 128,64 )","biases",0.024961547471671876,0.028948811712711693,0.064964630090907888,0.05499609641130427,22
9,8,"DenseLayer( 64,1 )","all",0.080268327204151335,0.090887921479788067,0.17436002870748887,0.16954908134164853,22
9,8,"DenseLayer( 64,1 )","weights",0.074958428236505795,0.084363501273256758,0.15694483408056698,0.15348201556691374,22
9,8,"DenseLayer( 64,1 )","biases",0.026602995666590603,0.033814404088100179,0.075958795845508575,0.072042778134346008,22
10,0,"Conv2DLayer(1,8,5, stride=5, padding=0)","all",0.18969182651128133,0.22995906213470205,0.52309575677699161,0.52309575677699161,22
10,0,"Conv2DLayer(1,8,5, stride=5, padding=0)","weights",0.18697578274869789,0.22670969670030749,0.5155970806905863,0.5155970806905863,22
10,0,"Conv2DLayer(1,8,5, stride=5, padding=0)","biases",0.031687074357694377,0.038521210779599552,0.088254298147107654,0.088254298147107654,22
10,4,"DenseLayer( 7202,128 )","all",0.65779403173535367,0.7194692999233453,1.5166896732633057,1.0016751913762014,22
10,4,"DenseLayer( 7202,128 )","weights",0.65745748004819382,0.71909081733554781,1.5156847547226224,1.0012896269004028,22
10,4,"DenseLayer( 7202,128 )","biases",0.020897952635535844,0.023333880000601593,0.055202257969913952,0.027789783737947309,22
10,6,"DenseLayer( 128,64 )","all",0.11252392274158286,0.12403472597376818,0.25053034273299973,0.18479522419246902,22
10,6,"DenseLayer( 128,64 )","weights",0.11030685686624474,0.12154462391423694,0.24390182294246041,0.18186026591444029,22
10,6,"DenseLayer( 128,64 )","biases",0.022072601940434828,0.024728882808053843,0.057248173728591485,0.032804246156160267,22
10,8,"DenseLayer( 64,1 )","all",0.078477278556447608,0.088903177102447536,0.16051611960536943,0.14963354575434595,22
10,8,"DenseLayer( 64,1 )","weights",0.074435817088687697,0.084441039397790643,0.14548819728800072,0.14548819728800072,22
10,8,"DenseLayer( 64,1 )","biases",0.023141887737438083,0.027811612041194582,0.069631174206733704,0.034976884722709656,22
11,0,"Conv2DLayer(1,8,5, stride=5, padding=0)","all",0.14051977666775503,0.16474059520156786,0.41041969917616439,0.17184562527197358,22
11,0,"Conv2DLayer(1,8,5, stride=5, padding=0)","weights",0.13816172573056129,0.1621854018816814,0.40547350600911758,0.1675624643946938,22
11,0,"Conv2DLayer(1,8,5, stride=5, padding=0)","biases",0.02531731537372596,0.028902579882154843,0.06352610012055955,0.038127935311167101,22
11,4,"DenseLayer( 7202,128 )","all",0.75718508205161617,0.89141762389294854,2.4175380748615796,2.4175380748615796,22
11,4,"DenseLayer( 7202,128 )","weights",0.75674436794563227,0.89087435740360243,2.4159541381465881,2.4159541381465881,22
11,4,"DenseLayer( 7202,128 )","biases",0.025727984377645362,0.031116868538921826,0.087498261570207597,0.087498261570207597,22
11,6,"DenseLayer( 128,64 )","all",0.1277742577634966,0.14954403427075272,0.38727839392708036,0.38727839392708036,22
11,6,"DenseLayer( 128,64 )","weights",0.12487732512206332,0.14598393998984507,0.37698801340469618,0.37698801340469618,22
11,6,"DenseLayer( 128,64 )","biases",0.026950083599308585,0.032436205866490847,0.088682535777454233,0.088682535777454233,22
11,8,"DenseLayer( 64,1 )","all",0.087753935101122185,0.10169072699592166,0.24501388427510964,0.24501388427510964,22
11,8,"DenseLayer( 64,1 )","weights",0.081259462398065363,0.093560235451798535,0.21998409980361947,0.21998409980361947,22
11,8,"DenseLayer( 64,1 )","biases",0.032533002636310732,0.039843271692509029,0.1078832671046257,0.1078832671046257,22
12,0,"Conv2DLayer(1,8,5, stride=5, padding=0)","all",0.13316945159008473,0.14778213053681252,0.28438108788921534,0.088153678002835231,22
12,0,"Conv2DLayer(1,8,5, stride=5, padding=0)","weights",0.13121012102334612,0.14563438280638291,0.28140848783791567,0.086867632725060318,22
12,0,"Conv2DLayer(1,8,5, stride=5, padding=0)","biases",0.022579637903336378,0.025103478854601364,0.042890639543325344,0.015002844069428593,22
12,4,"DenseLayer( 7202,128 )","all",0.64130753795091322,0.70034544575727986,1.3593031120054353,0.45141724159687119,22
12,4,"DenseLayer( 7202,128 )","weights",0.64097177530220206,0.69996049054914244,1.3584139167141076,0.45123452041038187,22
12,4,"DenseLayer( 7202,128 )","biases",0.020628396290653408,0.023217559371452715,0.049158734575847692,0.012842647738712002,22
12,6,"DenseLayer( 128,64 )","all",0.10755986492629775,0.11897627548237862,0.22965246210546433,0.065441591115019432,22
12,6,"DenseLayer( 128,64 )","weights",0.1053245736155299,0.11638583860929788,0.22370349075885843,0.064123060554054784,22
12,6,"DenseLayer( 128,64 )","biases",0.021715232734585574,0.02469191565815242,0.051932663838889295,0.013070384571481228,22
12,8,"DenseLayer( 64,1 )","all",0.072297297269469124,0.081986988004151454,0.1469200489417945,0.031041018212964025,22
12,8,"DenseLayer( 64,1 )","weights",0.067682385878323592,0.076249198877364699,0.13220126123968906,0.028478855113827695,22
12,8,"DenseLayer( 64,1 )","biases",0.024360873376611959,0.030131808318668154,0.064096234738826752,0.012349073775112629,22
13,0,"Conv2DLayer(1,8,5, stride=5, padding=0)","all",0.1384441056717487,0.17855047375307234,0.51570794404339126,0.14582835340418226,22
13,0,"Conv2DLayer(1,8,5, stride=5, padding=0)","weights",0.13598998795857933,0.1758804315739034,0.50900525203011848,0.14348918517907819,22
13,0,"Conv2DLayer(1,8,5, stride=5, padding=0)","biases",0.025074949643550375,0.030762728533471444,0.082875430347100709,0.026014657276606356,22
13,4,"DenseLayer( 7202,128 )","all",0.62365842515941661,0.69108006955102186,1.3742525803483971,1.1109020821059974,22
13,4,"DenseLayer( 7202,128 )","weights",0.62332280275481866,0.69069754474286993,1.3735889027288728,1.1101277245833141,22
13,4,"DenseLayer( 7202,128 )","biases",0.020324393357022873,0.022990524500681606,0.042704576971548558,0.041471329119209352,22
13,6,"DenseLayer( 128,64 )","all",0.10676676000514534,0.11884832606425322,0.24097025748894721,0.18994360823379075,22
13,6,"DenseLayer( 128,64 )","weights",0.10453628635027172,0.11631950766836338,0.23686121544711333,0.18488493220759566,22
13,6,"DenseLayer( 128,64 )","biases",0.021559872004140571,0.024386404902416489,0.044310603823528222,0.043544645497058929,22
13,8,"DenseLayer( 64,1 )","all",0.074027480097240514,0.082930609472412403,0.15916096027725002,0.13657831678220025,22
13,8,"DenseLayer( 64,1 )","weights",0.069475220217546999,0.077771507206872675,0.15526378783544648,0.12360080878959979,22
13,8,"DenseLayer( 64,1 )","biases",0.023563746056011456,0.028793725952664221,0.058107458055019379,0.058107458055019379,22
14,0,"Conv2DLayer(1,8,5, stride=5, padding=0)","all",0.21010391313979682,0.26458323607801282,0.62286372872079199,0.15795810423778534,22
14,0,"Conv2DLayer(1,8,5, stride=5, padding=0)","weights",0.20704239029961014,0.26094294689123682,0.61498969962529904,0.15515191147447818,22
14,0,"Conv2DLayer(1,8,5, stride=5, padding=0)","biases",0.035513595328903802,0.043738624592351304,0.098726358743512904,0.029641981381323845,22
14,4,"DenseLayer( 7202,128 )","all",0.76936454645759134,0.90144518555548803,1.7601629207630554,0.76317505786820428,22
14,4,"DenseLayer( 7202,128 )","weights",0.76896055052623147,0.90095034230552351,1.7590923157324612,0.76267890953808137,22
14,4,"DenseLayer( 7202,128 )","biases",0.024747201043888886,0.029864749467027607,0.061381856929693911,0.027514539755190859,22
14,6,"DenseLayer( 128,64 )","all",0.13320369726342376,0.15615607302827864,0.29904851278222677,0.13890431528985181,22
14,6,"DenseLayer( 128,64 )","weights",0.13056948886307554,0.15294332198361538,0.29211481971015479,0.13580606812788845,22
14,6,"DenseLayer( 128,64 )","biases",0.026165386989982661,0.031512845067198328,0.064023004482493748,0.029173972403254891,22
14,8,"DenseLayer( 64,1 )","all",0.092299573295821696,0.10667466206851638,0.18523040149271591,0.11073440086237481,22
14,8,"DenseLayer( 64,1 )","weights",0.087535890695214447,0.10096189760510182,0.17817308264932985,0.10366976970947275,22
14,8,"DenseLayer( 64,1 )","biases",0.02738865710456263,0.034440945971461079,0.078204743564128876,0.038918972015380859,22
15,0,"Conv2DLayer(1,8,5, stride=5, padding=0)","all",0.13240790193462387,0.16002450054890455,0.41053738325958994,0.41053738325958994,22
15,0,"Conv2DLayer(1,8,5, stride=5, padding=0)","weights",0.13026138901915407,0.15747687546377573,0.40336767947544772,0.40336767947544772,22
15,0,"Conv2DLayer(1,8,5, stride=5, padding=0)","biases",0.023560492984587313,0.028440718522794506,0.076390170887516387,0.076390170887516387,22
15,4,"DenseLayer( 7202,128 )","all",0.53749452762023719,0.60300023661857916,1.2640498302413248,1.2640498302413248,22
15,4,"DenseLayer( 7202,128 )","weights",0.53721183165206632,0.60268197290316772,1.2635478996542457,1.2635478996542457,22
15,4,"DenseLayer( 7202,128 )","biases",0.017346315873188804,0.019588897355589475,0.044069630140279731,0.03561851502331978,22
15,6,"DenseLayer( 128,64 )","all",0.089547530845849793,0.10032976489336685,0.21101729293008736,0.21101729293008736,22
15,6,"DenseLayer( 128,64 )","weights",0.087728523995322494,0.098290996104285683,0.20769375178981497,0.20769375178981497,22
15,6,"DenseLayer( 128,64 )","biases",0.017842499894626156,0.020123165963276384,0.044051023270025753,0.03730420060814902,22
15,8,"DenseLayer( 64,1 )","all",0.057469068481869189,0.064445726888654242,0.13538925063216206,0.13538925063216206,22
15,8,"DenseLayer( 64,1 )","weights",0.054441794599170409,0.061315015365720239,0.1349295377080337,0.1349295377080337,22
15,8,"DenseLayer( 64,1 )","biases",0.016388567685763435,0.019842394132475627,0.043151237070560455,0.011147602461278439,22
16,0,"Conv2DLayer(1,8,5, stride=5, padding=0)","all",0.16418655431213619,0.19242590127224432,0.41657697894827833,0.19077941595103587,22
16,0,"Conv2DLayer(1,8,5, stride=5, padding=0)","weights",0.16171483938904935,0.18967831287310591,0.4108674527807567,0.18807496891869468,22
16,0,"Conv2DLayer(1,8,5, stride=5, padding=0)","biases",0.028142919382469489,0.032401621966310051,0.06873365722211365,0.032009242678488703,22
16,4,"DenseLayer( 7202,128 )","all",0.69326835673317799,0.74104437145278967,1.2601911988796173,0.84592534864668711,22
16,4,"DenseLayer( 7202,128 )","weights",0.69291487669875673,0.74065000355962674,1.2593188713653798,0.84550018322749221,22
16,4,"DenseLayer( 7202,128 )","biases",0.021968602730462052,0.02417297435122813,0.046881104473695166,0.026816704594268707,22
16,6,"DenseLayer( 128,64 )","all",0.11519818811299075,0.1236117693698095,0.21796213529490793,0.14392709607145218,22
16,6,"DenseLayer( 128,64 )","weights",0.11290951517088331,0.12106550827501029,0.21213100986910502,0.1409764833750291,22
16,6,"DenseLayer( 128,64 )","biases",0.022625980876441184,0.024960212996855326,0.050079208003216441,0.028993794487289292,22
16,8,"DenseLayer( 64,1 )","all",0.074835943022201437,0.081482308914468199,0.14838493712653955,0.10479868740646792,22
16,8,"DenseLayer( 64,1 )","weights",0.07076768605432851,0.076881643014958298,0.13360400475442377,0.098441857856035292,22
16,8,"DenseLayer( 64,1 )","biases",0.021648782675831833,0.026992214309932767,0.064560510218143463,0.035943921655416489,22
17,0,"Conv2DLayer(1,8,5, stride=5, padding=0)","all",0.15386624704625265,0.18503138648679587,0.42602687069424688,0.14658378977066133,22
17,0,"Conv2DLayer(1,8,5, stride=5, padding=0)","weights",0.15161079253274692,0.18238983875391693,0.42040457779870394,0.14372072363017604,22
17,0,"Conv2DLayer(1,8,5, stride=5, padding=0)","biases",0.026034130416905669,0.031153823273335345,0.068984675975364729,0.028829863384136994,22
17,4,"DenseLayer( 7202,128 )","all",0.64284709700821219,0.7273106711554802,1.8232022691630716,1.8232022691630716,22
17,4,"DenseLayer( 7202,128 )","weights",0.64251030514598217,0.72689534201450545,1.8218042718323855,1.8218042718323855,22
17,4,"DenseLayer( 7202,128 )","biases",0.020600128069856016,0.024575885218037257,0.07138423785854342,0.07138423785854342,22
17,6,"DenseLayer( 128,64 )","all",0.10793098291280974,0.1237414002321206,0.31813887029251753,0.31813887029251753,22
17,6,"DenseLayer( 128,64 )","weights",0.10577771590458482,0.12106502278013806,0.30907331599077226,0.30907331599077226,22
17,6,"DenseLayer( 128,64 )","biases",0.021193193653889685,0.025596765238023886,0.075405743371891237,0.075405743371891237,22
17,8,"DenseLayer( 64,1 )","all",0.070390750977323793,0.083544258598726065,0.22141899368623025,0.22141899368623025,22
17,8,"DenseLayer( 64,1 )","weights",0.066580275028558247,0.078303672551533698,0.19871463412068188,0.19871463412068188,22
17,8,"DenseLayer( 64,1 )","biases",0.021041073751720516,0.029123495836746692,0.097667112946510315,0.097667112946510315,22
18,0,"Conv2DLayer(1,8,5, stride=5, padding=0)","all",0.19032770556590672,0.2129912568763892,0.47278529643933753,0.15222598906969825,22
18,0,"Conv2DLayer(1,8,5, stride=5, padding=0)","weights",0.18732378654516044,0.20967897334396707,0.46675855180421727,0.14784562763610981,22
18,0,"Conv2DLayer(1,8,5, stride=5, padding=0)","biases",0.033235410250497227,0.037416622552068547,0.075248859438944826,0.036254960172818491,22
18,4,"DenseLayer( 7202,128 )","all",0.80232719498989791,0.90140731940121677,1.5578825601144415,1.5578825601144415,22
18,4,"DenseLayer( 7202,128 )","weights",0.80187898178649253,0.90087978877900632,1.5568168052426659,1.5568168052426659,22
18,4,"DenseLayer( 7202,128 )","biases",0.026720588645364456,0.030834422964928512,0.05761515445389094,0.05761515445389094,22
18,6,"DenseLayer( 128,64 )","all",0.137254632393179,0.1551732690045903,0.27081246322575259,0.25773889583946835,22
18,6,"DenseLayer( 128,64 )","weights",0.13431988823754226,0.1516954828438806,0.26592491921363659,0.25071692243968302,22
18,6,"DenseLayer( 128,64 )","biases",0.028103704969282703,0.032668392956080275,0.059752516523760561,0.059752516523760561,22
18,8,"DenseLayer( 64,1 )","all",0.092528382718899807,0.10715091146483956,0.20501792404264346,0.17220259621605724,22
18,8,"DenseLayer( 64,1 )","weights",0.086843366117519166,0.099810159862658204,0.1897400272105067,0.15411872646402086,22
18,8,"DenseLayer( 64,1 )","biases",0.030387987319210715,0.038977555284246616,0.077659972012042999,0.076818957924842834,22
19,0,"Conv2DLayer(1,8,5, stride=5, padding=0)","all",0.17095991341112046,0.20409747483295837,0.40458851528825301,0.12603142724423494,22
19,0,"Conv2DLayer(1,8,5, stride=5, padding=0)","weights",0.16802910361181259,0.20086046913869152,0.39993632147916219,0.12274194123371397,22
19,0,"Conv2DLayer(1,8,5, stride=5, padding=0)","biases",0.031008234459112986,0.036205678706175734,0.07882544070678682,0.028606581679718333,22
19,4,"DenseLayer( 7202,128 )","all",0.85164797639438738,0.93545687317125181,1.7204137547818565,0.52396562822039516,22
19,4,"DenseLayer( 7202,128 )","weights",0.85113792876518557,0.93488649594315198,1.719283044868275,0.52367265512824168,22
19,4,"DenseLayer( 7202,128 )","biases",0.029326973140421139,0.032661923802347372,0.062364246737049912,0.01751941287061231,22
19,6,"DenseLayer( 128,64 )","all",0.1486634655597763,0.16418720139037343,0.30103543557615192,0.097347428399744959,22
19,6,"DenseLayer( 128,64 )","weights",0.14524640642329628,0.16036338047239115,0.29418567717855715,0.095037190049175435,22
19,6,"DenseLayer( 128,64 )","biases",0.031509053769459588,0.035228160665441571,0.064291123715041767,0.021082085371243134,22
19,8,"DenseLayer( 64,1 )","all",0.10227115218276409,0.11451210314710998,0.25047801353128635,0.076109568814893877,22
19,8,"DenseLayer( 64,1 )","weights",0.094841630279989375,0.1060689121935509,0.23344175907956444,0.070519597925063793,22
19,8,"DenseLayer( 64,1 )","biases",0.037132930095222866,0.043155621108392619,0.090797469019889832,0.028629578649997711,22
20,0,"Conv2DLayer(1,8,5, stride=5, padding=0)","all",0.17284888961968634,0.18091578833183666,0.25175145015996248,0.23667030962890745,22
20,0,"Conv2DLayer(1,8,5, stride=5, padding=0)","weights",0.17003145899236624,0.17806935194399306,0.24845376988418516,0.23330833166834147,22
20,0,"Conv2DLayer(1,8,5, stride=5, padding=0)","biases",0.030647132777789073,0.031966050209187115,0.046320516418637568,0.03974994130785707,22
20,4,"DenseLayer( 7202,128 )","all",0.78292377278859027,0.85606052617585637,1.5354860841559892,0.8309245230376241,22
20,4,"DenseLayer( 7202,128 )","weights",0.78250373907116011,0.85557131812817344,1.5343981249966092,0.83050929357027781,22
20,4,"DenseLayer( 7202,128 )","biases",0.025484578716279703,0.028936898121668646,0.057791942722007321,0.02626549597287595,22
20,6,"DenseLayer( 128,64 )","all",0.13361504377651465,0.1469806012405401,0.27091927884322287,0.14084037213875242,22
20,6,"DenseLayer( 128,64 )","weights",0.13085830082245159,0.14371908934877312,0.26347257941130264,0.13829202278745734,22
20,6,"DenseLayer( 128,64 )","biases",0.026804804134237095,0.030791565367646177,0.063082925956924163,0.026670711605348084,22
20,8,"DenseLayer( 64,1 )","all",0.089364612638178909,0.099784128761925814,0.19495919511125906,0.080345565521985698,22
20,8,"DenseLayer( 64,1 )","weights",0.0839276586645199,0.092692099551132778,0.17709041944976794,0.07716540769370113,22
20,8,"DenseLayer( 64,1 )","biases",0.028713294971649619,0.036946542917835758,0.083178550004959106,0.022381013259291649,22
21,0,"Conv2DLayer(1,8,5, stride=5, padding=0)","all",0.14781422462881713,0.17319281556163171,0.36564989075683685,0.36564989075683685,22
21,0,"Conv2DLayer(1,8,5, stride=5, padding=0)","weights",0.14518378525615033,0.17036398697652055,0.35898502556762663,0.35898502556762663,22
21,0,"Conv2DLayer(1,8,5, stride=5, padding=0)","biases",0.027327007196096556,0.031174722190090369,0.069495280621759969,0.069495280621759969,22
21,4,"DenseLayer( 7202,128 )","all",0.75180225655080513,0.85650298753897369,1.9537658531828335,0.95869276812252979,22
21,4,"DenseLayer( 7202,128 )","weights",0.75138170545483074,0.85599561658007894,1.9525736192080834,0.95820316154262153,22
21,4,"DenseLayer( 7202,128 )","biases",0.024981960248173282,0.029476635813432524,0.068244198551175181,0.030635353109819657,22
21,6,"DenseLayer( 128,64 )","all",0.12986992579121787,0.1474252468642186,0.31414408860934262,0.19742809100354922,22
21,6,"DenseLayer( 128,64 )","weights",0.12705417938408908,0.14403614625083191,0.30625210953231302,0.19363026960404914,22
21,6,"DenseLayer( 128,64 )","biases",0.026708896601238704,0.031429158216292524,0.06997252185824554,0.038537900959561285,22
21,8,"DenseLayer( 64,1 )","all",0.087571188009931147,0.099848540151831783,0.18497587037348229,0.18076091154790894,22
21,8,"DenseLayer( 64,1 )","weights",0.082032554193930726,0.092702104951459849,0.1716923394638096,0.1716923394638096,22
21,8,"DenseLayer( 64,1 )","biases",0.028009182641240346,0.037095157473995,0.081332914531230927,0.056535366922616959,22
22,0,"Conv2DLayer(1,8,5, stride=5, padding=0)","all",0.17748319952688624,0.20197123552096446,0.5214826266478958,0.19394586579342432,22
22,0,"Conv2DLayer(1,8,5, stride=5, padding=0)","weights",0.17455295959739792,0.19884156803975625,0.51486673953816031,0.19022853586986976,22
22,0,"Conv2DLayer(1,8,5, stride=5, padding=0)","biases",0.031855945804106334,0.035417662223188574,0.082803202914699434,0.037790250054301512,22
22,4,"DenseLayer( 7202,128 )","all",0.69978170513554838,0.84397327198470207,2.2057649456662776,1.0997035778594939,22
22,4,"DenseLayer( 7202,128 )","weights",0.69942237276358943,0.84350391738992769,2.2043085883844915,1.0990861665318703,22
22,4,"DenseLayer( 7202,128 )","biases",0.022323831840830276,0.028142941786704529,0.080141391955257796,0.036845049806591285,22
22,6,"DenseLayer( 128,64 )","all",0.11831040103573251,0.14383263169194585,0.38212994204744322,0.17319783048915924,22
22,6,"DenseLayer( 128,64 )","weights",0.11595881622109563,0.14072806003139257,0.37218408413720738,0.16921630113483366,22
22,6,"DenseLayer( 128,64 )","biases",0.023342285528154299,0.029722702757853482,0.086615819133287933,0.036923324828579983,22
22,8,"DenseLayer( 64,1 )","all",0.07959895469704005,0.096680987866928234,0.26660056999049969,0.11231712269577895,22
22,8,"DenseLayer( 64,1 )","weights",0.075431486717638385,0.090433965164094743,0.24098083904530027,0.10205659055498705,22
22,8,"DenseLayer( 64,1 )","biases",0.023205825085328383,0.034189345703368186,0.11403551697731018,0.046899769455194473,22
23,0,"Conv2DLayer(1,8,5, stride=5, padding=0)","all",0.15183556683432031,0.1891177022323339,0.44349697764826784,0.065533335820099209,22
23,0,"Conv2DLayer(1,8,5, stride=5, padding=0)","weights",0.1494301125850086,0.18641705242743165,0.43715680422593339,0.063686357872741836,22
23,0,"Conv2DLayer(1,8,5, stride=5, padding=0)","biases",0.026560511062089006,0.031846316300412354,0.074722805769839293,0.015448816285235303,22
23,4,"DenseLayer( 7202,128 )","all",0.59139520969860038,0.67187986306141911,1.4003997977239315,0.50738580202581962,22
23,4,"DenseLayer( 7202,128 )","weights",0.59109011736296557,0.67152576863418145,1.3996139477305041,0.5072032609002215,22
23,4,"DenseLayer( 7202,128 )","biases",0.01893314302359396,0.021810374772181874,0.046908323178961819,0.013608976066040581,22
23,6,"DenseLayer( 128,64 )","all",0.098621186472543698,0.11385381792954904,0.23748747610354909,0.079488389101253956,22
23,6,"DenseLayer( 128,64 )","weights",0.096674629323824424,0.11156925285302345,0.23249749116494844,0.078134022148406604,22
23,6,"DenseLayer( 128,64 )","biases",0.019423238953447802,0.022693472077957199,0.048427449943585901,0.014610906365611078,22
23,8,"DenseLayer( 64,1 )","all",0.062253234251452169,0.074732660467781542,0.14353337527557147,0.02524776096927581,22
23,8,"DenseLayer( 64,1 )","weights",0.059215512406820346,0.070942828565072114,0.13648634957319725,0.025246129170536567,22
23,8,"DenseLayer( 64,1 )","biases",0.017798577611260538,0.023496502203083504,0.052764900028705597,0.00028704680153168738,22
24,0,"Conv2DLayer(1,8,5, stride=5, padding=0)","all",0.18696177272770953,0.21909996058669606,0.46403799133460782,0.054483486610634096,22
24,0,"Conv2DLayer(1,8,5, stride=5, padding=0)","weights",0.18395976403707681,0.21586040489036643,0.45792864042718767,0.053478653873518488,22
24,0,"Conv2DLayer(1,8,5, stride=5, padding=0)","biases",0.032939689712329724,0.037537692119506028,0.075050767340281183,0.010415560144685011,22
24,4,"DenseLayer( 7202,128 )","all",0.71893419968019046,0.84901554548331226,2.1248196683811962,0.48968867429605056,22
24,4,"DenseLayer( 7202,128 )","weights",0.71855832724915536,0.84854186812202925,2.1235033971922661,0.48936163312476311,22
24,4,"DenseLayer( 7202,128 )","biases",0.023075415064425758,0.028356560375035006,0.074779310323648762,0.017893846967273547,22
24,6,"DenseLayer( 128,64 )","all",0.12194136092657488,0.14419562466887245,0.3599282510403044,0.077908453905948929,22
24,6,"DenseLayer( 128,64 )","weights",0.11952023323479152,0.1411219952003604,0.35120901731760035,0.075885885945302045,22
24,6,"DenseLayer( 128,64 )","biases",0.023950420870259372,0.029613521308952614,0.078743711188500071,0.017636879097844324,22
24,8,"DenseLayer( 64,1 )","all",0.082462732572401359,0.096853778544152141,0.22975294297336668,0.0411953731936665,22
24,8,"DenseLayer( 64,1 )","weights",0.078098736598546867,0.090924185492996162,0.20912679494784037,0.036836551269390332,22
24,8,"DenseLayer( 64,1 )","biases",0.024150736291300167,0.033368351932855367,0.095144093036651611,0.018442539498209953,22
25,0,"Conv2DLayer(1,8,5, stride=5, padding=0)","all",0.17243391123402751,0.20472559451823735,0.42911955790273043,0.1840576641154007,22
25,0,"Conv2DLayer(1,8,5, stride=5, padding=0)","weights",0.16966466034085917,0.20169842193240722,0.42305241345637545,0.1819425594262237,22
25,0,"Conv2DLayer(1,8,5, stride=5, padding=0)","biases",0.030046016537737908,0.035075855525166684,0.071904453571185481,0.027823170003662873,22
25,4,"DenseLayer( 7202,128 )","all",0.7077113543977771,0.80688936726309668,1.5699387203149864,0.63669832057902565,22
25,4,"DenseLayer( 7202,128 )","weights",0.70732956824311943,0.80643994108421957,1.5689387353959159,0.63644324335443681,22
25,4,"DenseLayer( 7202,128 )","biases",0.023087199992950062,0.026927168925101861,0.056025263216890039,0.018020805105120781,22
25,6,"DenseLayer( 128,64 )","all",0.12136321349672355,0.13868942584946278,0.26028543135365595,0.10293389587500178,22
25,6,"DenseLayer( 128,64 )","weights",0.11887197347619509,0.13574720420021202,0.25429642794850849,0.10126372979343036,22
25,6,"DenseLayer( 128,64 )","biases",0.024262310938792182,0.028415724419405018,0.057175234049241429,0.018467375241999935,22
25,8,"DenseLayer( 64,1 )","all",0.081091504103600276,0.09496191903114766,0.21265261293480497,0.059961046811347771,22
25,8,"DenseLayer( 64,1 )","weights",0.076678734618981934,0.089265884425967224,0.19705959736442583,0.059958292483050103,22
25,8,"DenseLayer( 64,1 )","biases",0.024036864048949527,0.032393949183884718,0.07992902398109436,0.00057471491163596511,22
26,0,"Conv2DLayer(1,8,5, stride=5, padding=0)","all",0.13851351531330347,0.15320742241376625,0.26439313202974429,0.18635195912731536,22
26,0,"Conv2DLayer(1,8,5, stride=5, padding=0)","weights",0.13634750920402089,0.15099850732352121,0.26021316793094151,0.18319432699479965,22
26,0,"Conv2DLayer(1,8,5, stride=5, padding=0)","biases",0.023935754025089594,0.02592228903354632,0.046827721488894206,0.034159789629197551,22
26,4,"DenseLayer( 7202,128 )","all",0.6196400606693846,0.69241048517989323,1.7178581385612763,0.70507492195768107,22
26,4,"DenseLayer( 7202,128 )","weights",0.61929829834348427,0.69201129305844267,1.7167279282116668,0.70478775093253676,22
26,4,"DenseLayer( 7202,128 )","biases",0.02047508578663456,0.023508514768854242,0.062304130836503081,0.020121424131667828,22
26,6,"DenseLayer( 128,64 )","all",0.10400206023697317,0.11807662378068379,0.29412277424632288,0.10099691220534364,22
26,6,"DenseLayer( 128,64 )","weights",0.10182098576003711,0.11544184329500183,0.28653519776089892,0.099402493952229151,22
26,6,"DenseLayer( 128,64 )","biases",0.021053483596361278,0.024804634649544483,0.06637610092854182,0.017875135554477253,22
26,8,"DenseLayer( 64,1 )","all",0.069625026338962615,0.079946449675781753,0.18272780337220929,0.063114483954983161,22
26,8,"DenseLayer( 64,1 )","weights",0.06539662293579232,0.074394630387553146,0.16518604084854677,0.060569843692083056,22
26,8,"DenseLayer( 64,1 )","biases",0.022951944847591221,0.029272406550566687,0.078121840953826904,0.01774069108068943,22
27,0,"Conv2DLayer(1,8,5, stride=5, padding=0)","all",0.17186689506299596,0.21306020943655538,0.53385635505742823,0.25871547554960972,22
27,0,"Conv2DLayer(1,8,5, stride=5, padding=0)","weights",0.16915517034687258,0.2100939744310108,0.52788188354815035,0.25428183196624926,22
27,0,"Conv2DLayer(1,8,5, stride=5, padding=0)","biases",0.029892845887041455,0.0354284455336474,0.07964499266658201,0.047691165017735314,22
27,4,"DenseLayer( 7202,128 )","all",0.80117943957505289,0.89603340722714875,1.8142332194069639,1.0452911762826591,22
27,4,"DenseLayer( 7202,128 )","weights",0.80073820900716552,0.89552848032674215,1.8132004157273787,1.0448383014968996,22
27,4,"DenseLayer( 7202,128 )","biases",0.026475177047585695,0.030076698468565415,0.061208061608079338,0.030766328013899592,22
27,6,"DenseLayer( 128,64 )","all",0.13478117299947309,0.15127080228657755,0.31122477289892891,0.16176970384360881,22
27,6,"DenseLayer( 128,64 )","weights",0.13189992019688326,0.14796814538025216,0.30471405914833727,0.15894668471568693,22
27,6,"DenseLayer( 128,64 )","biases",0.027563121498030665,0.031436977862914828,0.063326151180483597,0.030089674301010963,22
27,8,"DenseLayer( 64,1 )","all",0.084535238903617707,0.094575586874886222,0.19375486866623731,0.08938176900874327,22
27,8,"DenseLayer( 64,1 )","weights",0.079606340162158701,0.088804598000920262,0.18380310600336669,0.08937139541963203,22
27,8,"DenseLayer( 64,1 )","biases",0.025601719685999506,0.032531292729064729,0.061297368258237839,0.001361731206998229,22
28,0,"Conv2DLayer(1,8,5, stride=5, padding=0)","all",0.14318318997788421,0.15875107412489112,0.29960151843276228,0.15250458984270254,22
28,0,"Conv2DLayer(1,8,5, stride=5, padding=0)","weights",0.14060786523467547,0.15622411867159913,0.296544323269465,0.1487711539271678,22
28,0,"Conv2DLayer(1,8,5, stride=5, padding=0)","biases",0.026528364255251093,0.02821220092599639,0.044199401459086553,0.033537943918342403,22
28,4,"DenseLayer( 7202,128 )","all",0.79441282769791011,0.87225727186051905,1.8209146077185625,0.44877075026827584,22
28,4,"DenseLayer( 7202,128 )","weights",0.7939504593985327,0.87172564803514863,1.8197363349840803,0.44861598299757566,22
28,4,"DenseLayer( 7202,128 )","biases",0.026954353772134912,0.03044902085873492,0.065495646737429691,0.01178499450445814,22
28,6,"DenseLayer( 128,64 )","all",0.13448553588502177,0.14817953256933375,0.30996952951010759,0.07762212991364098,22
28,6,"DenseLayer( 128,64 )","weights",0.13144205449039564,0.14464951025084702,0.30203258333510297,0.076400513788134825,22
28,6,"DenseLayer( 128,64 )","biases",0.028244388762826186,0.032151097285417006,0.069695249684907187,0.013717016630418483,22
28,8,"DenseLayer( 64,1 )","all",0.086183774900988774,0.095685164008085521,0.20022225060702939,0.053945105341572701,22
28,8,"DenseLayer( 64,1 )","weights",0.079995178210172588,0.087926986814404889,0.18058235079984086,0.052426896679069149,22
28,8,"DenseLayer( 64,1 )","biases",0.029576731104911727,0.037742490656999458,0.086481004953384399,0.012708064168691635,22
29,0,"Conv2DLayer(1,8,5, stride=5, padding=0)","all",0.1723243155380054,0.20284455935916806,0.41594034841086647,0.29501809539315388,22
29,0,"Conv2DLayer(1,8,5, stride=5, padding=0)","weights",0.1695819691877864,0.19991135510952948,0.41057882243313004,0.290857944175831,22
29,0,"Conv2DLayer(1,8,5, stride=5, padding=0)","biases",0.030083478295531842,0.034370995910602574,0.066568791528592824,0.049369352023428542,22
29,4,"DenseLayer( 7202,128 )","all",0.72961653103024315,0.79587869822409452,1.5541583353994752,0.76364963767217187,22
29,4,"DenseLayer( 7202,128 )","weights",0.72921629199259386,0.79542115295666671,1.5530339884556166,0.76327244040428255,22
29,4,"DenseLayer( 7202,128 )","biases",0.02401788693881967,0.026983174682871185,0.059106363390989569,0.023998975730860697,22
29,6,"DenseLayer( 128,64 )","all",0.12510190532892357,0.13794125971779087,0.27482744592423497,0.1268369272675044,22
29,6,"DenseLayer( 128,64 )","weights",0.12249279114904353,0.13494050023416559,0.26725094358412649,0.12478796765379783,22
29,6,"DenseLayer( 128,64 )","biases",0.025258464444125113,0.028615599401099191,0.064086333852330563,0.022706149992830296,22
29,8,"DenseLayer( 64,1 )","all",0.082957346254730988,0.094282981980936723,0.20754675378656234,0.081415212888784852,22
29,8,"DenseLayer( 64,1 )","weights",0.078234630256458368,0.08841746269859245,0.19345078347057401,0.081107777631311245,22
29,8,"DenseLayer( 64,1 )","biases",0.025511779790659519,0.032735805796721314,0.079054787755012512,0.0070686135441064835,22
30,0,"Conv2DLayer(1,8,5, stride=5, padding=0)","all",0.11115326737258087,0.11806101377159357,0.19317348115499092,0.12122916657597022,22
30,0,"Conv2DLayer(1,8,5, stride=5, padding=0)","weights",0.10920944196004334,0.11612808249765595,0.19132266597681263,0.11891032943021621,22
30,0,"Conv2DLayer(1,8,5, stride=5, padding=0)","biases",0.020077380524564113,0.021276076428562253,0.03704403279996598,0.023597550370786181,22
30,4,"DenseLayer( 7202,128 )","all",0.70825418160782982,0.81037801625698613,1.88135986312373,0.35307576363257087,22
30,4,"DenseLayer( 7202,128 )","weights",0.70783940014007185,0.80986963530800671,1.8800548734557998,0.3529354130622458,22
30,4,"DenseLayer( 7202,128 )","biases",0.024102877804880532,0.02870022715388236,0.070061454224391639,0.0099543493662312167,22
30,6,"DenseLayer( 128,64 )","all",0.11635212721320647,0.13545111463289977,0.3183427322300334,0.063325357607057098,22
30,6,"DenseLayer( 128,64 )","weights",0.1136739301444958,0.13208377774476451,0.30967367649917921,0.062339260559857751,22
30,6,"DenseLayer( 128,64 )","biases",0.024662369167661603,0.030014664948431472,0.07378556259299289,0.011131824150238294,22
30,8,"DenseLayer( 64,1 )","all",0.071828592474244696,0.085478108533395603,0.19323497040891793,0.048485973967923784,22
30,8,"DenseLayer( 64,1 )","weights",0.066127568310158619,0.077682625024008967,0.17238993683644846,0.047678375877379449,22
30,8,"DenseLayer( 64,1 )","biases",0.027014421574263411,0.03566394268482069,0.087300993502140045,0.0088126128539443016,22
31,0,"Conv2DLayer(1,8,5, stride=5, padding=0)","all",0.15435991251263362,0.17892078532378508,0.35259521818913275,0.15353644943109651,22
31,0,"Conv2DLayer(1,8,5, stride=5, padding=0)","weights",0.15184040777373198,0.17610716087683978,0.34787407416720262,0.14995556234424604,22
31,0,"Conv2DLayer(1,8,5, stride=5, padding=0)","biases",0.027491878479406446,0.031605621474333649,0.061106021187506014,0.032966204299685394,22
31,4,"DenseLayer( 7202,128 )","all",0.66028099433286036,0.7213711083229507,1.1368819902324647,1.09934948206647,22
31,4,"DenseLayer( 7202,128 )","weights",0.65992226655891961,0.72096849013417685,1.1360886105516033,1.0987081769720506,22
31,4,"DenseLayer( 7202,128 )","biases",0.021678103670177449,0.024097969971087315,0.042465617737854372,0.037544980684097624,22
31,6,"DenseLayer( 128,64 )","all",0.11215783319428457,0.12449005261958704,0.20876895234912962,0.20876895234912962,22
31,6,"DenseLayer( 128,64 )","weights",0.10983482564460575,0.12183375098917337,0.20406768917029899,0.20406768917029899,22
31,6,"DenseLayer( 128,64 )","biases",0.022595727068206964,0.025579490243858374,0.044055121173904276,0.044055121173904276,22
31,8,"DenseLayer( 64,1 )","all",0.075228759479606513,0.086656243738961108,0.17348898271064864,0.17348898271064864,22
31,8,"DenseLayer( 64,1 )","weights",0.071049545304547115,0.081498823459506722,0.1605898722100812,0.1605898722100812,22
31,8,"DenseLayer( 64,1 )","biases",0.023538665200414307,0.029449046736055688,0.065645411610603333,0.065645411610603333,22
32,0,"Conv2DLayer(1,8,5, stride=5, padding=0)","all",0.15344034030116005,0.18518356925037172,0.43351232955925595,0.077410999465903046,22
32,0,"Conv2DLayer(1,8,5, stride=5, padding=0)","weights",0.1510491477892863,0.18250407454109741,0.42873093077752333,0.076929263039132376,22
32,0,"Conv2DLayer(1,8,5, stride=5, padding=0)","biases",0.026579251032709087,0.031388168092527799,0.06420847977122196,0.0086227215289618638,22
32,4,"DenseLayer( 7202,128 )","all",0.67042017113483587,0.75248389042053054,1.8022508127263475,0.41721445935551249,22
32,4,"DenseLayer( 7202,128 )","weights",0.67005624622123849,0.7520593230397723,1.8010472199001613,0.41695074840275187,22
32,4,"DenseLayer( 7202,128 )","biases",0.021951015550308539,0.025274096845909554,0.06585517187495489,0.014831672248862721,22
32,6,"DenseLayer( 128,64 )","all",0.11411248488243395,0.12900599658898104,0.31635204328217753,0.067432287266340318,22
32,6,"DenseLayer( 128,64 )","weights",0.11173457634691621,0.12619568646321749,0.30828154015974268,0.065832413700607384,22
32,6,"DenseLayer( 128,64 )","biases",0.02298902432309918,0.026780512952396751,0.071000755527992163,0.014601598279720072,22
32,8,"DenseLayer( 64,1 )","all",0.074672967737616114,0.084890263206407413,0.20609100231099065,0.036675589115078386,22
32,8,"DenseLayer( 64,1 )","weights",0.07030578005335987,0.079587142123517016,0.18723478774855754,0.033574757058141731,22
32,8,"DenseLayer( 64,1 )","biases",0.023471245214089075,0.02953377043088521,0.086119890213012695,0.014759218320250511,22
33,0,"Conv2DLayer(1,8,5, stride=5, padding=0)","all",0.17171099919436317,0.21216917688697853,0.58970489430135031,0.19832250196373874,22
33,0,"Conv2DLayer(1,8,5, stride=5, padding=0)","weights",0.16894578505320815,0.2092896741710078,0.58277604386012827,0.19485351921740116,22
33,0,"Conv2DLayer(1,8,5, stride=5, padding=0)","biases",0.029671074124049294,0.03483664602529038,0.090132929974037268,0.036931298836502306,22
33,4,"DenseLayer( 7202,128 )","all",0.77757429971624226,0.83991102263839357,1.428233731522363,0.63118442499393546,22
33,4,"DenseLayer( 7202,128 )","weights",0.77713784160829191,0.8394267253559492,1.4276727649365597,0.63087803363099071,22
33,4,"DenseLayer( 7202,128 )","biases",0.025809519929926132,0.028518392445223455,0.047764818564956686,0.019664308704338565,22
33,6,"DenseLayer( 128,64 )","all",0.13130024518416622,0.14281018787864891,0.25440205153794709,0.10446452783844418,22
33,6,"DenseLayer( 128,64 )","weights",0.12847730853433886,0.13964286399247991,0.25074367487124105,0.10264989549513109,22
33,6,"DenseLayer( 128,64 )","biases",0.026752285287312234,0.029910203909581747,0.05065794847458787,0.019386503845400853,22
33,8,"DenseLayer( 64,1 )","all",0.086477166101083219,0.094214886670331982,0.17043645365626406,0.061735068517218904,22
33,8,"DenseLayer( 64,1 )","weights",0.081126657086444121,0.088124311678845602,0.16763688101496707,0.061509311765104227,22
33,8,"DenseLayer( 64,1 )","biases",0.026906228497285734,0.033324924027417928,0.065231852233409882,0.0052747749723494053,22
34,0,"Conv2DLayer(1,8,5, stride=5, padding=0)","all",0.12120383533668251,0.14577617838636089,0.37476946218205937,0.08978645064844927,22
34,0,"Conv2DLayer(1,8,5, stride=5, padding=0)","weights",0.11900837446776372,0.14351902316875262,0.37036650535329757,0.084478540855355139,22
34,0,"Conv2DLayer(1,8,5, stride=5, padding=0)","biases",0.022186280589016907,0.025553555009414294,0.057278281194671092,0.030413530788063851,22
34,4,"DenseLayer( 7202,128 )","all",0.66624565504368127,0.71977616988232596,1.1346076867792529,1.1330744513310735,22
34,4,"DenseLayer( 7202,128 )","weights",0.66586470638541229,0.71935920521115304,1.1339808213898965,1.1322437721770391,22
34,4,"DenseLayer( 7202,128 )","biases",0.022414091286172048,0.024496297851901477,0.043379172715974745,0.043379172715974745,22
34,6,"DenseLayer( 128,64 )","all",0.11013336054715796,0.11987906107035498,0.19090523337464241,0.19090523337464241,22
34,6,"DenseLayer( 128,64 )","weights",0.10770795133984168,0.11718924934339942,0.18589843317809018,0.18589843317809018,22
34,6,"DenseLayer( 128,64 )","biases",0.022862236629001987,0.025252111227389691,0.04343478642468291,0.04343478642468291,22
34,8,"DenseLayer( 64,1 )","all",0.070342043255103751,0.076780763096478452,0.14034830271117063,0.12857307265598142,22
34,8,"DenseLayer( 64,1 )","weights",0.065450481806758429,0.071367712935285377,0.12938742083899532,0.11638726767041314,22
34,8,"DenseLayer( 64,1 )","biases",0.024260079509324649,0.028318459210632314,0.054635509848594666,0.054635509848594666,22
35,0,"Conv2DLayer(1,8,5, stride=5, padding=0)","all",0.17660260187040305,0.22147615911744584,0.55457804384505216,0.55457804384505216,22
35,0,"Conv2DLayer(1,8,5, stride=5, padding=0)","weights",0.1737927801408419,0.21835340213055165,0.54726823932556423,0.54726823932556423,22
35,0,"Conv2DLayer(1,8,5, stride=5, padding=0)","biases",0.030541514906132355,0.037060502363429733,0.089745645802464774,0.089745645802464774,22
35,4,"DenseLayer( 7202,128 )","all",1.0485406284019765,1.1552883481123717,2.1150371707833209,1.7331409996175584,22
35,4,"DenseLayer( 7202,128 )","weights",1.0479131597028382,1.1545838606924788,2.1135283620704977,1.7323551615653132,22
35,4,"DenseLayer( 7202,128 )","biases",0.036127097956622931,0.040339508086529509,0.079875506375318775,0.052185426637787712,22
35,6,"DenseLayer( 128,64 )","all",0.17519071848500201,0.19408680453865129,0.36916696125959042,0.29587184072175421,22
35,6,"DenseLayer( 128,64 )","weights",0.1711024341560613,0.18947299452614622,0.35901859337752212,0.29079820850462507,22
35,6,"DenseLayer( 128,64 )","biases",0.037440585684238775,0.042067470108381876,0.085964497874793544,0.054557749793954093,22
35,8,"DenseLayer( 64,1 )","all",0.10419323936631222,0.11712041256923406,0.23929268114592564,0.17429553215870028,22
35,8,"DenseLayer( 64,1 )","weights",0.096032855691684918,0.10776482603981148,0.2141785816416133,0.17012049915350905,22
35,8,"DenseLayer( 64,1 )","biases",0.038332788326608185,0.045868652792476573,0.10671702027320862,0.037920288741588593,22
36,0,"Conv2DLayer(1,8,5, stride=5, padding=0)","all",0.14486264232757926,0.168036754982542,0.33900766724918102,0.12991847146896632,22
36,0,"Conv2DLayer(1,8,5, stride=5, padding=0)","weights",0.14253396052217512,0.16545616720035372,0.33222026806933602,0.12753356534585716,22
36,0,"Conv2DLayer(1,8,5, stride=5, padding=0)","biases",0.025532464150614512,0.02933611699648481,0.067497347634332627,0.024779001977613905,22
36,4,"DenseLayer( 7202,128 )","all",0.74948713862612271,0.86794487302794221,1.528223837120505,0.89018929392364599,22
36,4,"DenseLayer( 7202,128 )","weights",0.74905129908085066,0.86741979718516637,1.5272048311370876,0.88958562648967621,22
36,4,"DenseLayer( 7202,128 )","biases",0.025457087145610215,0.030186057489105311,0.055798746355631881,0.032777921826276417,22
36,6,"DenseLayer( 128,64 )","all",0.12772628464097174,0.14922340678562421,0.25863838017518864,0.15789795432126422,22
36,6,"DenseLayer( 128,64 )","weights",0.12486821243586828,0.14574507695003897,0.25179401054863682,0.15385874058093971,22
36,6,"DenseLayer( 128,64 )","biases",0.026755639553523874,0.032031198502945522,0.059106581287352349,0.03548593983096883,22
36,8,"DenseLayer( 64,1 )","all",0.086374287343749662,0.1017052770522802,0.18674777673844076,0.11566005545096633,22
36,8,"DenseLayer( 64,1 )","weights",0.079947165952094348,0.093728652780805277,0.17727389892572057,0.10523271305252772,22
36,8,"DenseLayer( 64,1 )","biases",0.032072606517679313,0.039482946042263836,0.073349341750144958,0.047992963343858719,22
37,0,"Conv2DLayer(1,8,5, stride=5, padding=0)","all",0.13790905150857086,0.15288185066561397,0.29206135232740088,0.08209681263306523,22
37,0,"Conv2DLayer(1,8,5, stride=5, padding=0)","weights",0.13548279581680792,0.15035856117363533,0.28682368939690073,0.076485767258394441,22
37,0,"Conv2DLayer(1,8,5, stride=5, padding=0)","biases",0.025167372218616927,0.027661586084988778,0.055063642488128048,0.029829751111991092,22
37,4,"DenseLayer( 7202,128 )","all",0.69035979805548209,0.7238241268772837,1.0113957732428316,0.73300036741411867,22
37,4,"DenseLayer( 7202,128 )","weights",0.68996411954608217,0.72340110971054383,1.0107407966062205,0.7325350353301735,22
37,4,"DenseLayer( 7202,128 )","biases",0.023280175448313886,0.024742698301031915,0.03639302418442756,0.026114376175863218,22
37,6,"DenseLayer( 128,64 )","all",0.11378160768002477,0.11924838859442513,0.16989586014020308,0.12855394271508808,22
37,6,"DenseLayer( 128,64 )","weights",0.11125892200764459,0.11654508321604366,0.16555494654608152,0.12539157808172646,22
37,6,"DenseLayer( 128,64 )","biases",0.023703956291416327,0.025247212926033654,0.03815970344360043,0.028338460328120214,22
37,8,"DenseLayer( 64,1 )","all",0.068975133411005432,0.073561574526311402,0.13255563126092856,0.076105160479705031,22
37,8,"DenseLayer( 64,1 )","weights",0.064427863847981492,0.068627504163030983,0.12134724180984015,0.068431574082318605,22
37,8,"DenseLayer( 64,1 )","biases",0.02307597444054078,0.026487184054618432,0.053346436470746994,0.033303380012512207,22
38,0,"Conv2DLayer(1,8,5, stride=5, padding=0)","all",0.16595357132060828,0.20326165159697127,0.522229637897206,0.17196758829036685,22
38,0,"Conv2DLayer(1,8,5, stride=5, padding=0)","weights",0.16352833817213849,0.20068808854672046,0.51594106044206323,0.16941892584772775,22
38,0,"Conv2DLayer(1,8,5, stride=5, padding=0)","biases",0.027579169084689284,0.032242675530920493,0.080799856733574316,0.029497101332287581,22
38,4,"DenseLayer( 7202,128 )","all",0.74992847046725275,0.85741397014148935,1.79591585105185,0.52389013716234245,22
38,4,"DenseLayer( 7202,128 )","weights",0.74950034942270982,0.85691911919365693,1.7948950783370583,0.52362990253519248,22
38,4,"DenseLayer( 7202,128 )","biases",0.025256599317584141,0.029126265709114991,0.06054256205923348,0.01651063254278513,22
38,6,"DenseLayer( 128,64 )","all",0.12649543070900215,0.14565695038390072,0.31090079343514926,0.078754510055506266,22
38,6,"DenseLayer( 128,64 )","weights",0.1237530460809248,0.14245265507563298,0.30439256249711877,0.07753167570432544,22
38,6,"DenseLayer( 128,64 )","biases",0.026097621411390059,0.030384013181949075,0.063280891705498291,0.013824330600869949,22
38,8,"DenseLayer( 64,1 )","all",0.077648136305431381,0.08992581170019949,0.19458020358633232,0.043586961305589159,22
38,8,"DenseLayer( 64,1 )","weights",0.072788004013702598,0.084178293793647344,0.18444610181770449,0.042531309482503971,22
38,8,"DenseLayer( 64,1 )","biases",0.025939822980118068,0.031633312566503848,0.061976537108421326,0.0095347212627530098,22
39,0,"Conv2DLayer(1,8,5, stride=5, padding=0)","all",0.12048464065966909,0.1447300685943228,0.34923279229345822,0.18029997378042989,22
39,0,"Conv2DLayer(1,8,5, stride=5, padding=0)","weights",0.11807190063070944,0.14202052941600568,0.34435225094536465,0.17646718454683102,22
39,0,"Conv2DLayer(1,8,5, stride=5, padding=0)","biases",0.023523065965910389,0.027874037736123684,0.061414921090277852,0.036978552207169862,22
39,4,"DenseLayer( 7202,128 )","all",0.67546255403629174,0.77748475310045551,1.5638540830327348,0.73754157635012529,22
39,4,"DenseLayer( 7202,128 )","weights",0.67508055413229595,0.77703599089830089,1.5628064436764031,0.73709759174087763,22
39,4,"DenseLayer( 7202,128 )","biases",0.02256788732502368,0.026412310621600675,0.057232967961388555,0.02558744017728648,22
39,6,"DenseLayer( 128,64 )","all",0.11206113458604619,0.12969732357548225,0.2708627875816278,0.13899007076782971,22
39,6,"DenseLayer( 128,64 )","weights",0.10958278666924114,0.12672673881909344,0.26372602270824858,0.1357286197188369,22
39,6,"DenseLayer( 128,64 )","biases",0.023271448242428987,0.027599445844448033,0.061767585698150586,0.02993295109516712,22
39,8,"DenseLayer( 64,1 )","all",0.0739842604637405,0.088835399854711714,0.18486655516342529,0.11479053917549886,22
39,8,"DenseLayer( 64,1 )","weights",0.06870785112080631,0.082159975345640984,0.16689129467834374,0.10683509022274852,22
39,8,"DenseLayer( 64,1 )","biases",0.026027070136148144,0.03378559927765349,0.079516910016536713,0.041989658027887344,22
40,0,"Conv2DLayer(1,8,5, stride=5, padding=0)","all",0.16094604603355048,0.17766914747593418,0.29427710016316044,0.25637733450820549,22
40,0,"Conv2DLayer(1,8,5, stride=5, padding=0)","weights",0.15837693360422589,0.17500486882537833,0.29017232426551559,0.25105405937049347,22
40,0,"Conv2DLayer(1,8,5, stride=5, padding=0)","biases",0.028146613622160449,0.030653251903140357,0.051973040349098547,0.051973040349098547,22
40,4,"DenseLayer( 7202,128 )","all",0.67655987374415849,0.76222917357756659,1.8386655264452361,0.74801437621675315,22
40,4,"DenseLayer( 7202,128 )","weights",0.67619686911626176,0.76180522113149574,1.837592227208416,0.74767896626575869,22
40,4,"DenseLayer( 7202,128 )","biases",0.022043642025960875,0.025418853426795809,0.062815003314103224,0.022398000596144975,22
40,6,"DenseLayer( 128,64 )","all",0.11359770154263438,0.12781052383648167,0.30224838408385729,0.12751945907637918,22
40,6,"DenseLayer( 128,64 )","weights",0.11124075620694805,0.12504334374827875,0.29521251688951045,0.12518614515863513,22
40,6,"DenseLayer( 128,64 )","biases",0.022893363651550435,0.026451695363542457,0.06483560405412625,0.024282534947024762,22
40,8,"DenseLayer( 64,1 )","all",0.073349957787182674,0.081582720092726671,0.17589179634413357,0.095453160513290475,22
40,8,"DenseLayer( 64,1 )","weights",0.069021125618951448,0.076290938968174793,0.16047646204357369,0.091846807321578197,22
40,8,"DenseLayer( 64,1 )","biases",0.023356870028444311,0.028903855263310744,0.072008535265922546,0.025989802554249763,22
41,0,"Conv2DLayer(1,8,5, stride=5, padding=0)","all",0.15542745473389283,0.19067612157544797,0.50937624332055198,0.35772865849020319,22
41,0,"Conv2DLayer(1,8,5, stride=5, padding=0)","weights",0.15312883781245595,0.18807723395241588,0.50322754280753068,0.35302235377032526,22
41,0,"Conv2DLayer(1,8,5, stride=5, padding=0)","biases",0.02627767589580295,0.031374151906677084,0.078906257161603502,0.057836068708546538,22
41,4,"DenseLayer( 7202,128 )","all",0.66157268369083866,0.7327217875375005,1.4273601402895846,0.85062702696887593,22
41,4,"DenseLayer( 7202,128 )","weights",0.66121555464461612,0.7323268692724666,1.4267140552003765,0.85029611883516842,22
41,4,"DenseLayer( 7202,128 )","biases",0.021626989843933398,0.024053575071859744,0.042941527467006732,0.023724445278189944,22
41,6,"DenseLayer( 128,64 )","all",0.11158722596115531,0.12337673848279179,0.24922626391243741,0.14818990118052747,22
41,6,"DenseLayer( 128,64 )","weights",0.10928168115856098,0.1208379863587119,0.24507715906295904,0.14599433513230006,22
41,6,"DenseLayer( 128,64 )","biases",0.022455001206422954,0.024899812276861645,0.045287048141615244,0.025414580877365433,22
41,8,"DenseLayer( 64,1 )","all",0.072052190208282893,0.081716687988203141,0.17036611687449385,0.098962185211551285,22
41,8,"DenseLayer( 64,1 )","weights",0.067732115167104909,0.076972107491012451,0.16368511970304986,0.098606258802465346,22
41,8,"DenseLayer( 64,1 )","biases",0.023442678767341105,0.027439237674421073,0.048254597932100296,0.0083856917917728424,22
42,0,"Conv2DLayer(1,8,5, stride=5, padding=0)","all",0.11377278559216918,0.12742508127710078,0.23940264717320678,0.23703371535339129,22
42,0,"Conv2DLayer(1,8,5, stride=5, padding=0)","weights",0.11159005916351213,0.12521657855863602,0.23561324443753864,0.23292632040056344,22
42,0,"Conv2DLayer(1,8,5, stride=5, padding=0)","biases",0.021448933538109116,0.023621172548048339,0.043935310160354964,0.043935310160354964,22
42,4,"DenseLayer( 7202,128 )","all",0.60687986644292047,0.64523515899499373,1.0997986691906441,0.56406238165980926,22
42,4,"DenseLayer( 7202,128 )","weights",0.6065492545190615,0.64487439539507829,1.0991205818743319,0.56381831551596295,22
42,4,"DenseLayer( 7202,128 )","biases",0.019945568292752063,0.021573700821301476,0.038614236412773104,0.016591488555232056,22
42,6,"DenseLayer( 128,64 )","all",0.10398109002776591,0.11091015420736056,0.2063471797920601,0.090740387797408173,22
42,6,"DenseLayer( 128,64 )","weights",0.10177055787025395,0.10847075408513324,0.20152592962759974,0.089424437552631589,22
42,6,"DenseLayer( 128,64 )","biases",0.021201817003683763,0.023133478218872551,0.044344766273693409,0.015397660407331856,22
42,8,"DenseLayer( 64,1 )","all",0.069231815974044611,0.076067592130881254,0.17072017039291587,0.067630195100221849,22
42,8,"DenseLayer( 64,1 )","weights",0.064633545337675666,0.070724878792996271,0.15768996288686568,0.067629564144970691,22
42,8,"DenseLayer( 64,1 )","biases",0.02317895623061552,0.028004822661571969,0.065415993332862854,0.00029213499510660768,22
43,0,"Conv2DLayer(1,8,5, stride=5, padding=0)","all",0.15898869829573553,0.18682779467211874,0.44151035207368866,0.18861546251889166,22
43,0,"Conv2DLayer(1,8,5, stride=5, padding=0)","weights",0.15642980486119434,0.18396950755368316,0.43488457279207926,0.18646330227800723,22
43,0,"Conv2DLayer(1,8,5, stride=5, padding=0)","biases",0.028066517470089713,0.032555263053808611,0.076202357809212501,0.028411786371080782,22
43,4,"DenseLayer( 7202,128 )","all",0.64313067590488071,0.69956183287038609,1.2954794328578108,0.65913341720587793,22
43,4,"DenseLayer( 7202,128 )","weights",0.64279686730134411,0.6991848437454885,1.2945992743758523,0.6588761803946469,22
43,4,"DenseLayer( 7202,128 )","biases",0.020615982736677325,0.022963281245737058,0.047745991906245955,0.018413054772594362,22
43,6,"DenseLayer( 128,64 )","all",0.10788726621122446,0.11906530497167889,0.23334146190688371,0.10125498583989008,22
43,6,"DenseLayer( 128,64 )","weights",0.10575694979125989,0.11661562911702111,0.22748170717793922,0.099741959402061819,22
43,6,"DenseLayer( 128,64 )","biases",0.021178718841389881,0.024027939854267145,0.051964514278995934,0.017438855813206058,22
43,8,"DenseLayer( 64,1 )","all",0.06928184779856246,0.078089835264787813,0.15480883360023026,0.051878279375227578,22
43,8,"DenseLayer( 64,1 )","weights",0.065876836425423607,0.073981838324870958,0.14103824052438788,0.051654286314413426,22
43,8,"DenseLayer( 64,1 )","biases",0.018988842705518684,0.024994198721990529,0.063827812671661377,0.0048156594857573509,22
44,0,"Conv2DLayer(1,8,5, stride=5, padding=0)","all",0.1590283561505926,0.20815659355614549,0.67900704720862359,0.16607037355574136,22
44,0,"Conv2DLayer(1,8,5, stride=5, padding=0)","weights",0.15660381665603557,0.20545150880750898,0.67148498014055968,0.16313591369264405,22
44,0,"Conv2DLayer(1,8,5, stride=5, padding=0)","biases",0.027148782787222759,0.033449140043002805,0.10078934271343445,0.031081226433486795,22
44,4,"DenseLayer( 7202,128 )","all",0.83435741275553921,0.94806628811038651,1.7440882444074284,1.1938588936188603,22
44,4,"DenseLayer( 7202,128 )","weights",0.83387665399207267,0.94750854282584096,1.7429587321737217,1.1932677828547198,22
44,4,"DenseLayer( 7202,128 )","biases",0.028207335161350561,0.032515349044073522,0.062758762093899301,0.037564028988255921,22
44,6,"DenseLayer( 128,64 )","all",0.14208744438625237,0.16215009828684995,0.30012415407920412,0.17897097682080612,22
44,6,"DenseLayer( 128,64 )","weights",0.13893824549815773,0.1584827098766132,0.29505442851296854,0.17514492319795666,22
44,6,"DenseLayer( 128,64 )","biases",0.029598997431173196,0.0342911802742389,0.065623083295375903,0.03680851018684924,22
44,8,"DenseLayer( 64,1 )","all",0.092178579160891033,0.10498903757360283,0.19565689989671975,0.0965159174634036,22
44,8,"DenseLayer( 64,1 )","weights",0.085694532861590303,0.097429359948765185,0.19190612638748028,0.087779490977716798,22
44,8,"DenseLayer( 64,1 )","biases",0.032508789921518073,0.039117998806244371,0.072143971920013428,0.04012584313750267,22
45,0,"Conv2DLayer(1,8,5, stride=5, padding=0)","all",0.10802564585033769,0.13775039228963917,0.35351048090914206,0.16055965043012921,22
45,0,"Conv2DLayer(1,8,5, stride=5, padding=0)","weights",0.10605383308140433,0.1356358651624178,0.34866967004553628,0.15812175416216229,22
45,0,"Conv2DLayer(1,8,5, stride=5, padding=0)","biases",0.019967825299232328,0.02404334955017504,0.058301983696523986,0.027873144905553916,22
45,4,"DenseLayer( 7202,128 )","all",0.65523332721836491,0.73331839039743574,1.3259612551431728,0.38250377472846531,22
45,4,"DenseLayer( 7202,128 )","weights",0.65484657904995247,0.73287417666452792,1.3251256574474584,0.38230287811824532,22
45,4,"DenseLayer( 7202,128 )","biases",0.022398417043285927,0.025520636225929795,0.047066358636496095,0.012395445293761003,22
45,6,"DenseLayer( 128,64 )","all",0.10967467001385463,0.12396903804998924,0.22513721286502822,0.066356243243607907,22
45,6,"DenseLayer( 128,64 )","weights",0.10717282081909314,0.12105632538476493,0.21953097623647325,0.065270666187725424,22
45,6,"DenseLayer( 128,64 )","biases",0.023138993873702895,0.026714948612669896,0.049929100625727682,0.011953708747304264,22
45,8,"DenseLayer( 64,1 )","all",0.069032210502213837,0.079914361092059613,0.15781729226436531,0.051558707409642586,22
45,8,"DenseLayer( 64,1 )","weights",0.063848528408337629,0.073789280027341045,0.14350732316714662,0.050096550102877883,22
45,8,"DenseLayer( 64,1 )","biases",0.024812842994420367,0.030683012593269589,0.065665408968925476,0.012191635556519032,22
46,0,"Conv2DLayer(1,8,5, stride=5, padding=0)","all",0.16252807264102948,0.19054929745873397,0.42471412565370181,0.089182062010471033,22
46,0,"Conv2DLayer(1,8,5, stride=5, padding=0)","weights",0.16023534952159935,0.18808714877866431,0.41999746181679987,0.087909958330072757,22
46,0,"Conv2DLayer(1,8,5, stride=5, padding=0)","biases",0.026700575705095615,0.03053292037014612,0.063120682800760247,0.015009310805109363,22
46,4,"DenseLayer( 7202,128 )","all",0.75344929011984718,0.85913137935578254,1.9665706375680279,0.85759847409644041,22
46,4,"DenseLayer( 7202,128 )","weights",0.75304954695779136,0.85864774340518579,1.9653740179428121,0.85718689690052596,22
46,4,"DenseLayer( 7202,128 )","biases",0.024394322280355433,0.028823249972056694,0.068593309732410665,0.026566267231017918,22
46,6,"DenseLayer( 128,64 )","all",0.12761462633335122,0.14562926565599751,0.33991610161174418,0.1114003096925644,22
46,6,"DenseLayer( 128,64 )","weights",0.12500487828109783,0.14247410334032931,0.33204115484494223,0.10930492775077795,22
46,6,"DenseLayer( 128,64 )","biases",0.025501522066252398,0.030149840677427507,0.072743574452749385,0.0215049242964599,22
46,8,"DenseLayer( 64,1 )","all",0.078950771482128701,0.091453889276721129,0.2159108912064672,0.030551633505482984,22
46,8,"DenseLayer( 64,1 )","weights",0.074194078806256822,0.085456846899314126,0.19934608799321696,0.02855481884196882,22
46,8,"DenseLayer( 64,1 )","biases",0.025027596963230859,0.032572092070758264,0.082937628030776978,0.010863914154469967,22
47,0,"Conv2DLayer(1,8,5, stride=5, padding=0)","all",0.16819242785697533,0.20358569602348525,0.41765213025397491,0.41765213025397491,22
47,0,"Conv2DLayer(1,8,5, stride=5, padding=0)","weights",0.16537855606553709,0.20040781093970508,0.41196677023200406,0.41196677023200406,22
47,0,"Conv2DLayer(1,8,5, stride=5, padding=0)","biases",0.030308367147232944,0.035830782013826612,0.068678105174024742,0.068678105174024742,22
47,4,"DenseLayer( 7202,128 )","all",0.59645193522271922,0.63256427036562191,1.0943012741404812,1.0943012741404812,22
47,4,"DenseLayer( 7202,128 )","weights",0.59617116372224732,0.63227061252699723,1.093838584955293,1.093838584955293,22
47,4,"DenseLayer( 7202,128 )","biases",0.018167246445948852,0.01927248499616439,0.031818683952722096,0.031818683952722096,22
47,6,"DenseLayer( 128,64 )","all",0.10084351005350282,0.10976539866282992,0.22924713130123081,0.22924713130123081,22
47,6,"DenseLayer( 128,64 )","weights",0.099036784566125829,0.10783081663393104,0.22534566481328283,0.22534566481328283,22
47,6,"DenseLayer( 128,64 )","biases",0.018845550167370575,0.020517254389160487,0.042113876094505349,0.042113876094505349,22
47,8,"DenseLayer( 64,1 )","all",0.06800276074024493,0.080904830045010034,0.20803112879191829,0.20803112879191829,22
47,8,"DenseLayer( 64,1 )","weights",0.065329636720962675,0.077783939761277551,0.19957469897997601,0.19957469897997601,22
47,8,"DenseLayer( 64,1 )","biases",0.016880008085122841,0.022254218472593099,0.058710221201181412,0.058710221201181412,22
48,0,"Conv2DLayer(1,8,5, stride=5, padding=0)","all",0.14363863868396667,0.16633224496275636,0.31783370778573472,0.31783370778573472,22
48,0,"Conv2DLayer(1,8,5, stride=5, padding=0)","weights",0.14114637602193777,0.16383847734312898,0.31490985947693667,0.31490985947693667,22
48,0,"Conv2DLayer(1,8,5, stride=5, padding=0)","biases",0.025915051979761978,0.02869440810045398,0.046259903774655796,0.043012163501081696,22
48,4,"DenseLayer( 7202,128 )","all",0.70970786618754245,0.76041918009191956,1.1811967942663055,0.83689044366097298,22
48,4,"DenseLayer( 7202,128 )","weights",0.70932082929284046,0.75999504505105053,1.1804635509917896,0.83654539540625006,22
48,4,"DenseLayer( 7202,128 )","biases",0.023349085833484565,0.025394112497166207,0.041613358009800872,0.024029484298687804,22
48,6,"DenseLayer( 128,64 )","all",0.11987453559120456,0.12960801537575489,0.20515225636553014,0.14547169111110012,22
48,6,"DenseLayer( 128,64 )","weights",0.11731553397281512,0.12676512799669834,0.20038763156478884,0.14315982978127681,22
48,6,"DenseLayer( 128,64 )","biases",0.024532753477820166,0.026997036385918386,0.044927414055018572,0.025831686970060164,22
48,8,"DenseLayer( 64,1 )","all",0.07877040027672215,0.086770173789424948,0.14394974280760056,0.091146934872095645,22
48,8,"DenseLayer( 64,1 )","weights",0.073707144665121571,0.080839910329371364,0.13230276521757009,0.090293327254062694,22
48,8,"DenseLayer( 64,1 )","biases",0.026327662307515064,0.03152732080888266,0.060528676956892014,0.012445030733942986,22
49,0,"Conv2DLayer(1,8,5, stride=5, padding=0)","all",0.16837193534674871,0.19373519450009621,0.34589692338594635,0.27510303444690576,22
49,0,"Conv2DLayer(1,8,5, stride=5, padding=0)","weights",0.16545976100494042,0.19058110218325944,0.34081857054534054,0.271425978766413,22
49,0,"Conv2DLayer(1,8,5, stride=5, padding=0)","biases",0.030771470961888665,0.0348162186143776,0.069342448984305249,0.04482875876700293,22
49,4,"DenseLayer( 7202,128 )","all",0.77651009275524152,0.89072148561838405,2.0667826076688116,0.76630238248936267,22
49,4,"DenseLayer( 7202,128 )","weights",0.77607722421518355,0.8902028193651067,2.0655228615594297,0.76593741206766341,22
49,4,"DenseLayer( 7202,128 )","biases",0.025830057339670077,0.030392521064172142,0.07215023033668852,0.023647879481336554,22
49,6,"DenseLayer( 128,64 )","all",0.12759715061719401,0.14595686917270395,0.33901366508297232,0.12737672660387458,22
49,6,"DenseLayer( 128,64 )","weights",0.12485496690072977,0.14263565838406381,0.33074638736385781,0.12550665345982048,22
49,6,"DenseLayer( 128,64 )","biases",0.026137406085410868,0.030959273506373921,0.074411641285128588,0.021746503572637632,22
49,8,"DenseLayer( 64,1 )","all",0.083598114545585134,0.09589551673221107,0.23405364110046961,0.09754927977069186,22
49,8,"DenseLayer( 64,1 )","weights",0.078252614537774157,0.088984475888363584,0.21363248888639755,0.095207936100679097,22
49,8,"DenseLayer( 64,1 )","biases",0.027507959695702248,0.035745114074667766,0.095615200698375702,0.021244078874588013,22
50,0,"Conv2DLayer(1,8,5, stride=5, padding=0)","all",0.12347916040921196,0.15239571036962643,0.40211143092400009,0.10195305566345113,22
50,0,"Conv2DLayer(1,8,5, stride=5, padding=0)","weights",0.12099191235614085,0.14990786379578883,0.3970282280659409,0.10059754244549747,22
50,0,"Conv2DLayer(1,8,5, stride=5, padding=0)","biases",0.023819091721427203,0.027424166555180696,0.063735304177246196,0.016569852535285218,22
50,4,"DenseLayer( 7202,128 )","all",0.71052917777474867,0.7928042082749075,1.5506996685981185,0.70593565787091173,22
50,4,"DenseLayer( 7202,128 )","weights",0.71013020531766746,0.7923438373191708,1.549763376340936,0.70559371104150459,22
50,4,"DenseLayer( 7202,128 )","biases",0.023695537209276356,0.027013998606911747,0.053878934126959065,0.021969706240974253,22
50,6,"DenseLayer( 128,64 )","all",0.11776070182229186,0.13149078490548796,0.24818534426666433,0.10110549765875691,22
50,6,"DenseLayer( 128,64 )","weights",0.11521365675259057,0.12852033545917377,0.24206394917215937,0.099177419192623781,22
50,6,"DenseLayer( 128,64 )","biases",0.024200833888607824,0.027791183647386083,0.054793756345563015,0.019650984176765286,22
50,8,"DenseLayer( 64,1 )","all",0.075533250360114601,0.085511975284441141,0.1725157211253808,0.034823165680459019,22
50,8,"DenseLayer( 64,1 )","weights",0.070227849599286102,0.079078614949129628,0.15618016948157393,0.031731649528516613,22
50,8,"DenseLayer( 64,1 )","biases",0.026303520002825695,0.032540291559452345,0.07327638566493988,0.014344172552227974,22
51,0,"Conv2DLayer(1,8,5, stride=5, padding=0)","all",0.1480622667069853,0.17577568632730842,0.48189089230297388,0.0997530260315867,22
51,0,"Conv2DLayer(1,8,5, stride=5, padding=0)","weights",0.14576452381333999,0.17333594450831932,0.4762334014716017,0.098517397159716566,22
51,0,"Conv2DLayer(1,8,5, stride=5, padding=0)","biases",0.025532617375649561,0.029184623438467675,0.073624584259230921,0.015652113573990087,22
51,4,"DenseLayer( 7202,128 )","all",0.61125132247292457,0.66359310171797792,1.1966024597443268,0.58891553968319654,22
51,4,"DenseLayer( 7202,128 )","weights",0.61093223054914592,0.66323880477683284,1.1957925644563394,0.58853372532906512,22
51,4,"DenseLayer( 7202,128 )","biases",0.019604101184096428,0.021681616311631031,0.044018058306841412,0.021202995794065763,22
51,6,"DenseLayer( 128,64 )","all",0.10624896259780324,0.11502714369830203,0.21095408986834302,0.097932013493149159,22
51,6,"DenseLayer( 128,64 )","weights",0.10413478957497192,0.11268643505845514,0.2055402127846408,0.095489116430419449,22
51,6,"DenseLayer( 128,64 )","biases",0.020926100104270085,0.023087034049578434,0.047485249926956692,0.021737247069492188,22
51,8,"DenseLayer( 64,1 )","all",0.069956898707569048,0.075821923399458049,0.13432028751491631,0.048405661948435132,22
51,8,"DenseLayer( 64,1 )","weights",0.066343464655473527,0.07182424044473934,0.1334706978428849,0.044662433277008792,22
51,8,"DenseLayer( 64,1 )","biases",0.019944084194404157,0.024294907954745471,0.057288940995931625,0.018664810806512833,22
52,0,"Conv2DLayer(1,8,5, stride=5, padding=0)","all",0.17908646362457029,0.24955057078283491,0.79300557085108969,0.79300557085108969,22
52,0,"Conv2DLayer(1,8,5, stride=5, padding=0)","weights",0.17613544224139355,0.24611641613435203,0.78159855694414693,0.78159855694414693,22
52,0,"Conv2DLayer(1,8,5, stride=5, padding=0)","biases",0.031512140536330065,0.041257691249282975,0.13402063715596108,0.13402063715596108,22
52,4,"DenseLayer( 7202,128 )","all",0.80326578896041778,0.91860787204007288,1.7092980041658115,1.6238875115808362,22
52,4,"DenseLayer( 7202,128 )","weights",0.80282356413301792,0.91811450863051736,1.7083702842660766,1.6233598620674288,22
52,4,"DenseLayer( 7202,128 )","biases",0.026489120055530904,0.030102684533686697,0.056308426384256975,0.041393338795261199,22
52,6,"DenseLayer( 128,64 )","all",0.14043657649807542,0.16095782910325593,0.2971149946594065,0.2971149946594065,22
52,6,"DenseLayer( 128,64 )","weights",0.13747877284943971,0.15765459385387914,0.2936645970505502,0.2936645970505502,22
52,6,"DenseLayer( 128,64 )","biases",0.028452155244821475,0.03244151331860691,0.059075103306957664,0.04514891461150642,22
52,8,"DenseLayer( 64,1 )","all",0.096367612896588351,0.11130751321276804,0.25342450395951988,0.25342450395951988,22
52,8,"DenseLayer( 64,1 )","weights",0.090391397258895917,0.10508195220975393,0.25091082757666067,0.25091082757666067,22
52,8,"DenseLayer( 64,1 )","biases",0.031895663398741322,0.036703485085173078,0.066586017608642578,0.035605277866125107,22
53,0,"Conv2DLayer(1,8,5, stride=5, padding=0)","all",0.20735280451089558,0.23406233800768134,0.4127448466568307,0.3866960811687149,22
53,0,"Conv2DLayer(1,8,5, stride=5, padding=0)","weights",0.20443951008245007,0.23106808144428326,0.40746354050212086,0.3828675158074481,22
53,0,"Conv2DLayer(1,8,5, stride=5, padding=0)","biases",0.034113298870717922,0.037319161449316518,0.065816195599922078,0.054280056472657087,22
53,4,"DenseLayer( 7202,128 )","all",0.96002933783407207,1.078725727769277,2.6376140271507253,2.6376140271507253,22
53,4,"DenseLayer( 7202,128 )","weights",0.95948299687381933,1.0781005410235633,2.6360786606549276,2.6360786606549276,22
53,4,"DenseLayer( 7202,128 )","biases",0.032269010943369425,0.036720827823677735,0.089983615519672516,0.089983615519672516,22
53,6,"DenseLayer( 128,64 )","all",0.16431866175132154,0.18512068491769307,0.45599816475783855,0.45599816475783855,22
53,6,"DenseLayer( 128,64 )","weights",0.16076421981513031,0.18101832360347123,0.44567096729688566,0.44567096729688566,22
53,6,"DenseLayer( 128,64 )","biases",0.033826987767065698,0.038756089898037457,0.096497228826402978,0.096497228826402978,22
53,8,"DenseLayer( 64,1 )","all",0.10209852805918201,0.11560916462191152,0.28218878976355322,0.28218878976355322,22
53,8,"DenseLayer( 64,1 )","weights",0.095742841723113231,0.10775467092188491,0.25863562476189494,0.25863562476189494,22
53,8,"DenseLayer( 64,1 )","biases",0.032785201254724103,0.04188567582232057,0.11286330968141556,0.11286330968141556,22
54,0,"Conv2DLayer(1,8,5, stride=5, padding=0)","all",0.14641655579326968,0.17020527844111805,0.40310592785742932,0.12358004511995439,22
54,0,"Conv2DLayer(1,8,5, stride=5, padding=0)","weights",0.14381343780456948,0.16744133434087932,0.39733477133124268,0.1210719089002283,22
54,0,"Conv2DLayer(1,8,5, stride=5, padding=0)","biases",0.026925166736144968,0.03054891754816173,0.067966672457522095,0.024771363044951387,22
54,4,"DenseLayer( 7202,128 )","all",0.6801330543873646,0.7626946641970942,1.5909635231855224,0.53378957909302638,22
54,4,"DenseLayer( 7202,128 )","weights",0.67974603727736327,0.76224407228353286,1.5898833900995157,0.53349407923234293,22
54,4,"DenseLayer( 7202,128 )","biases",0.02282819961629954,0.026213070467510466,0.058615168621794542,0.017759002571789466,22
54,6,"DenseLayer( 128,64 )","all",0.11813769753623114,0.13173490845554331,0.27602047292328402,0.10558529746133127,22
54,6,"DenseLayer( 128,64 )","weights",0.11557854533392338,0.12874804545470386,0.26866038507201739,0.10335828060475023,22
54,6,"DenseLayer( 128,64 )","biases",0.024300918177543641,0.027893133516761467,0.06331586661926604,0.021571297374694934,22
54,8,"DenseLayer( 64,1 )","all",0.081502259930350249,0.090611648772154788,0.18436587002351296,0.09743977875750974,22
54,8,"DenseLayer( 64,1 )","weights",0.076378481346379409,0.084582288618523918,0.16545784791905763,0.091602555520985465,22
54,8,"DenseLayer( 64,1 )","biases",0.026367197109555655,0.032500882222811417,0.081329420208930969,0.033218704164028168,22
55,0,"Conv2DLayer(1,8,5, stride=5, padding=0)","all",0.13298594002252248,0.16478594521513573,0.39246714360215945,0.18319395053521478,22
55,0,"Conv2DLayer(1,8,5, stride=5, padding=0)","weights",0.1305940545570182,0.16233328515073089,0.38837078181430512,0.18050181648872085,22
55,0,"Conv2DLayer(1,8,5, stride=5, padding=0)","biases",0.024297709430465324,0.028325117345162121,0.0604811957439031,0.031290857402296472,22
55,4,"DenseLayer( 7202,128 )","all",0.79638655952749404,0.96986720748163147,2.0888132038596465,0.53474782028464674,22
55,4,"DenseLayer( 7202,128 )","weights",0.79592283557656751,0.96928593093259574,2.0876113314901388,0.53454117156876246,22
55,4,"DenseLayer( 7202,128 )","biases",0.027089415141844243,0.033573564665509169,0.071748862542140288,0.014864965424637215,22
55,6,"DenseLayer( 128,64 )","all",0.13304083293765412,0.16320892010037122,0.34658723820458093,0.087707144229489831,22
55,6,"DenseLayer( 128,64 )","weights",0.13003951430798921,0.15937725982976825,0.33878191900854393,0.086526785054828359,22
55,6,"DenseLayer( 128,64 )","biases",0.028005351950758976,0.035157369774826745,0.076945258405662964,0.014340802521758119,22
55,8,"DenseLayer( 64,1 )","all",0.083589775409172562,0.10315948034031548,0.21403842720279595,0.062099369396547706,22
55,8,"DenseLayer( 64,1 )","weights",0.077322935891716071,0.094711556759854584,0.19238862950423705,0.06062962053956128,22
55,8,"DenseLayer( 64,1 )","biases",0.030897266993468456,0.040885197813007826,0.093803323805332184,0.01343059167265892,22
56,0,"Conv2DLayer(1,8,5, stride=5, padding=0)","all",0.16262223751954913,0.20030839476348539,0.45156106137601448,0.075530555958916432,22
56,0,"Conv2DLayer(1,8,5, stride=5, padding=0)","weights",0.16003798518771245,0.19759299407668438,0.44691746967066209,0.073771600500416035,22
56,0,"Conv2DLayer(1,8,5, stride=5, padding=0)","biases",0.028075014385319279,0.032870377310515793,0.064592317300167748,0.016205426346444046,22
56,4,"DenseLayer( 7202,128 )","all",0.73925977131384402,0.81232678481211418,1.4342077716006283,0.99464621437294709,22
56,4,"DenseLayer( 7202,128 )","weights",0.73883141783929795,0.81185260132693793,1.433230443786589,0.99407952488185258,22
56,4,"DenseLayer( 7202,128 )","biases",0.025058647405672915,0.027751739438654808,0.052937955409488507,0.033570671382992863,22
56,6,"DenseLayer( 128,64 )","all",0.12808131443818357,0.14115800494707345,0.24289052074400036,0.16021518988623185,22
56,6,"DenseLayer( 128,64 )","weights",0.12526352530056648,0.13805530169630659,0.23653335660324071,0.1564375319263947,22
56,6,"DenseLayer( 128,64 )","biases",0.026602574826966534,0.029433247088620364,0.055206668811800551,0.034586206427701278,22
56,8,"DenseLayer( 64,1 )","all",0.083346672611854966,0.093335626000724953,0.17182150364640406,0.075491819849687627,22
56,8,"DenseLayer( 64,1 )","weights",0.077866489634446062,0.087324312373776719,0.16114369759026323,0.067427585795903119,22
56,8,"DenseLayer( 64,1 )","biases",0.028279273929497736,0.032954567959453958,0.071526765823364258,0.03394901379942894,22
57,0,"Conv2DLayer(1,8,5, stride=5, padding=0)","all",0.15085987237104298,0.18568136431741361,0.50920952263506591,0.50920952263506591,22
57,0,"Conv2DLayer(1,8,5, stride=5, padding=0)","weights",0.14841993581049562,0.18284572153841733,0.50028804430243501,0.50028804430243501,22
57,0,"Conv2DLayer(1,8,5, stride=5, padding=0)","biases",0.026468088899923685,0.03232663251672882,0.094901057266378486,0.094901057266378486,22
57,4,"DenseLayer( 7202,128 )","all",0.78968091162113208,1.0020819885391856,2.8604404824035017,2.8604404824035017,22
57,4,"DenseLayer( 7202,128 )","weights",0.78923020034840308,1.0014900434237755,2.8587773707797597,2.8587773707797597,22
57,4,"DenseLayer( 7202,128 )","biases",0.026570931187347022,0.034438418629390045,0.097527932872285061,0.097527932872285061,22
57,6,"DenseLayer( 128,64 )","all",0.13333961033129663,0.17292493379332471,0.51484903592262921,0.51484903592262921,22
57,6,"DenseLayer( 128,64 )","weights",0.13043159797778511,0.16900517873258109,0.50350499512116476,0.50350499512116476,22
57,6,"DenseLayer( 128,64 )","biases",0.027557877071313491,0.036609866006229251,0.10748139224301385,0.10748139224301385,22
57,8,"DenseLayer( 64,1 )","all",0.086990581782817322,0.12291200051823784,0.41805899015841974,0.41805899015841974,22
57,8,"DenseLayer( 64,1 )","weights",0.080992032512449061,0.11386870878721866,0.38874900914313776,0.38874900914313776,22
57,8,"DenseLayer( 64,1 )","biases",0.03017104745165191,0.046273934677384936,0.15377752482891083,0.15377752482891083,22
58,0,"Conv2DLayer(1,8,5, stride=5, padding=0)","all",0.16854192467783033,0.18717872921425424,0.38123670322601849,0.11618823366449491,22
58,0,"Conv2DLayer(1,8,5, stride=5, padding=0)","weights",0.16573444088531433,0.18431518071935402,0.3773816521210393,0.11378423944942979,22
58,0,"Conv2DLayer(1,8,5, stride=5, padding=0)","biases",0.029806002140988004,0.03261580639283642,0.054078762273541171,0.023512815547911126,22
58,4,"DenseLayer( 7202,128 )","all",0.80609113611077987,0.88057783514082633,1.691308049205799,0.81103237853820465,22
58,4,"DenseLayer( 7202,128 )","weights",0.80562381311174336,0.88004654133037719,1.690097142769091,0.81061156855579353,22
58,4,"DenseLayer( 7202,128 )","biases",0.027310046020212357,0.030584454118800966,0.063988790518967789,0.026122862799734907,22
58,6,"DenseLayer( 128,64 )","all",0.13869867115235704,0.15202030876495409,0.30442942319070687,0.12263701358628244,22
58,6,"DenseLayer( 128,64 )","weights",0.13561164886257135,0.14847973523314598,0.29628179743534405,0.11988769583123091,22
58,6,"DenseLayer( 128,64 )","biases",0.028941823274439837,0.03261813149288062,0.069959775676514652,0.025822034963191499,22
58,8,"DenseLayer( 64,1 )","all",0.093465861564822908,0.10435540796784135,0.2280611455948979,0.044429578266223346,22
58,8,"DenseLayer( 64,1 )","weights",0.087021404929602045,0.096564451673064003,0.20684524075239252,0.041535590708962095,22
58,8,"DenseLayer( 64,1 )","biases",0.032854377440261567,0.039564603438112363,0.096056923270225525,0.015772828832268715,22
59,0,"Conv2DLayer(1,8,5, stride=5, padding=0)","all",0.12198226198441309,0.13613730239377858,0.24607940065124814,0.10322866325585672,22
59,0,"Conv2DLayer(1,8,5, stride=5, padding=0)","weights",0.11997103343058342,0.13415792815999503,0.24187950506143371,0.1023656316665278,22
59,0,"Conv2DLayer(1,8,5, stride=5, padding=0)","biases",0.02133694213964913,0.023130400231572527,0.045270039276693451,0.013320449358179458,22
59,4,"DenseLayer( 7202,128 )","all",0.77464774097514344,0.85312476345018984,1.410876940954332,1.193497138059963,22
59,4,"DenseLayer( 7202,128 )","weights",0.77419381984189284,0.85261068831617137,1.4099159031532875,1.192705471570787,22
59,4,"DenseLayer( 7202,128 )","biases",0.026441283496695358,0.029612095180294208,0.052066193946773004,0.043463509320223283,22
59,6,"DenseLayer( 128,64 )","all",0.13079339049315208,0.14487126667557837,0.25062660797172504,0.18680522969589905,22
59,6,"DenseLayer( 128,64 )","weights",0.12783303912127747,0.14148216877250547,0.24416100464857679,0.18187372532747037,22
59,6,"DenseLayer( 128,64 )","biases",0.027589275280964311,0.031152525220514947,0.056560590806765926,0.042639674919556649,22
59,8,"DenseLayer( 64,1 )","all",0.082021984122930838,0.092043099237858236,0.17244948060782558,0.10252289360369911,22
59,8,"DenseLayer( 64,1 )","weights",0.075797692419342769,0.084458280534653984,0.1576689944646571,0.090596831122796595,22
59,8,"DenseLayer( 64,1 )","biases",0.030069321097636766,0.036588672652064169,0.069852069020271301,0.047991227358579636,22
60,0,"Conv2DLayer(1,8,5, stride=5, padding=0)","all",0.13521268124449634,0.15563720369322395,0.33337049478538644,0.32899614457146575,22
60,0,"Conv2DLayer(1,8,5, stride=5, padding=0)","weights",0.13306277376116099,0.15343199053686982,0.32898907678837674,0.32619501595640515,22
60,0,"Conv2DLayer(1,8,5, stride=5, padding=0)","biases",0.023482346619901139,0.026106770258689026,0.053870902604141777,0.042840106303432435,22
60,4,"DenseLayer( 7202,128 )","all",0.69778839836767048,0.77546807642023363,1.3953718645533038,1.1767594221690376,22
60,4,"DenseLayer( 7202,128 )","weights",0.69740637751401646,0.77502846443718465,1.3944603338669517,1.1761621871256305,22
60,4,"DenseLayer( 7202,128 )","biases",0.022999183837079398,0.026107793070975452,0.050428341819195054,0.037486627475150566,22
60,6,"DenseLayer( 128,64 )","all",0.11662550649385611,0.13074904104041407,0.25537770481861899,0.21050981356241821,22
60,6,"DenseLayer( 128,64 )","weights",0.11418232603410906,0.12788774889738513,0.24907816326397844,0.20653758216788221,22
60,6,"DenseLayer( 128,64 )","biases",0.023631196161774927,0.027203591949359306,0.056372339879311222,0.040701458921387289,22
60,8,"DenseLayer( 64,1 )","all",0.073221374109390169,0.085161826686295239,0.20347668162174895,0.1331556562512686,22
60,8,"DenseLayer( 64,1 )","weights",0.068628623541592701,0.079312446039334059,0.18713602926082282,0.12564868045920238,22
60,8,"DenseLayer( 64,1 )","biases",0.024278630396689881,0.031017295623640532,0.079892843961715698,0.044077634811401367,22
61,0,"Conv2DLayer(1,8,5, stride=5, padding=0)","all",0.15306199712661975,0.17996332792413508,0.41886508641074482,0.12554883621210899,22
61,0,"Conv2DLayer(1,8,5, stride=5, padding=0)","weights",0.15059537817467603,0.17752334837997316,0.41460564182362236,0.11980087129638253,22
61,0,"Conv2DLayer(1,8,5, stride=5, padding=0)","biases",0.026502591008433097,0.029534051152736475,0.059582903436329125,0.037553448721023758,22
61,4,"DenseLayer( 7202,128 )","all",0.64526853321923283,0.72684346098069841,1.8226551781816871,0.6622023406214449,22
61,4,"DenseLayer( 7202,128 )","weights",0.64491215771879429,0.72642552304099339,1.8214176453773454,0.66188027195199139,22
61,4,"DenseLayer( 7202,128 )","biases",0.021327230852678774,0.024645004463767824,0.067153999587254556,0.020650557505256423,22
61,6,"DenseLayer( 128,64 )","all",0.11142997523027853,0.12685642695137864,0.32527536961175563,0.11085766710099597,22
61,6,"DenseLayer( 128,64 )","weights",0.10913359503251259,0.12413495671599012,0.3170941675080019,0.10874847083922667,22
61,6,"DenseLayer( 128,64 )","biases",0.022363947174425605,0.026135523334911846,0.072493827381863885,0.021521906170344489,22
61,8,"DenseLayer( 64,1 )","all",0.070589948094006191,0.08131902081508692,0.21216869462460577,0.048059190453516712,22
61,8,"DenseLayer( 64,1 )","weights",0.06641226579859251,0.076085390973962844,0.19353527371235621,0.047084534647504471,22
61,8,"DenseLayer( 64,1 )","biases",0.022927940653806381,0.028701854063174298,0.086946263909339905,0.0096297655254602432,22
62,0,"Conv2DLayer(1,8,5, stride=5, padding=0)","all",0.15837207898881633,0.18043151694861692,0.36291793550157048,0.12083058970481365,22
62,0,"Conv2DLayer(1,8,5, stride=5, padding=0)","weights",0.15586191693602222,0.17795139896748685,0.35937466562648196,0.11593494040518838,22
62,0,"Conv2DLayer(1,8,5, stride=5, padding=0)","biases",0.027276149433506376,0.029813284184962766,0.051416217152515591,0.03404586614639777,22
62,4,"DenseLayer( 7202,128 )","all",0.81842134454545201,0.93702003461066907,1.8367522405444281,1.4480478305265276,22
62,4,"DenseLayer( 7202,128 )","weights",0.81795316897517201,0.93646153561349943,1.8355706696498792,1.4469899243431377,22
62,4,"DenseLayer( 7202,128 )","biases",0.027547425670107355,0.032347141731320049,0.06587192016382945,0.055341470363767888,22
62,6,"DenseLayer( 128,64 )","all",0.13862907425957643,0.15893159438021331,0.3162108557790857,0.24858403081762323,22
62,6,"DenseLayer( 128,64 )","weights",0.13560887449431491,0.15530831666483053,0.30852362023968272,0.24192009263785866,22
62,6,"DenseLayer( 128,64 )","biases",0.028615777150475731,0.033742828378388497,0.069299935546447547,0.057172451019935698,22
62,8,"DenseLayer( 64,1 )","all",0.089227704468686414,0.10235450206764489,0.19366572234171936,0.17951776332849562,22
62,8,"DenseLayer( 64,1 )","weights",0.083080606895051076,0.094633318521635604,0.17627269404359033,0.16248987190696199,22
62,8,"DenseLayer( 64,1 )","biases",0.031071326568384062,0.038999732295211746,0.080214396119117737,0.076312966644763947,22
63,0,"Conv2DLayer(1,8,5, stride=5, padding=0)","all",0.17229227010317133,0.20354377202069596,0.42205156899320817,0.14935672706843847,22
63,0,"Conv2DLayer(1,8,5, stride=5, padding=0)","weights",0.16943903165223792,0.2006143453231834,0.41758347574684507,0.14629980210438562,22
63,0,"Conv2DLayer(1,8,5, stride=5, padding=0)","biases",0.030372308966763951,0.034408597457083044,0.066359521620619408,0.030063263708613196,22
63,4,"DenseLayer( 7202,128 )","all",0.89282917435188702,1.0081672698710111,2.1408890741558491,1.1026862525116468,22
63,4,"DenseLayer( 7202,128 )","weights",0.89230643966114276,1.0075563387864921,2.1394568193374841,1.1019675839120402,22
63,4,"DenseLayer( 7202,128 )","biases",0.030409542616513512,0.03509228134971358,0.078297803482750811,0.039804716871744812,22
63,6,"DenseLayer( 128,64 )","all",0.15334634652611395,0.17383564533187429,0.37903055987706946,0.185318980349891,22
63,6,"DenseLayer( 128,64 )","weights",0.14991035467069194,0.16979835818935374,0.369197651107048,0.18058221532176733,22
63,6,"DenseLayer( 128,64 )","biases",0.032126952401633102,0.037247136052978885,0.085774470198091049,0.041631574404604806,22
63,8,"DenseLayer( 64,1 )","all",0.098969104698578558,0.11386579891590863,0.27160186630755201,0.12530016290493554,22
63,8,"DenseLayer( 64,1 )","weights",0.092009712712413191,0.10538150718456592,0.24644884724128016,0.11343506943454569,22
63,8,"DenseLayer( 64,1 )","biases",0.034345533942211078,0.043129550267391188,0.11415138840675354,0.053222324699163437,22
64,0,"Conv2DLayer(1,8,5, stride=5, padding=0)","all",0.13595551004779372,0.15666808841865965,0.35618117037475222,0.22999006854516452,22
64,0,"Conv2DLayer(1,8,5, stride=5, padding=0)","weights",0.13371676403546068,0.15430397109844657,0.35113811508704607,0.22637559571062624,22
64,0,"Conv2DLayer(1,8,5, stride=5, padding=0)","biases",0.024095226051834652,0.027114100243355234,0.059724787673499924,0.040614299157668253,22
64,4,"DenseLayer( 7202,128 )","all",0.65221702975828733,0.70695929261327695,1.2353242219675276,0.7140312558562868,22
64,4,"DenseLayer( 7202,128 )","weights",0.65185470581776528,0.70655684320238288,1.2345285781513584,0.71364329453185726,22
64,4,"DenseLayer( 7202,128 )","biases",0.021620330443292309,0.023850969291589575,0.044329709081637927,0.023534708611388351,22
64,6,"DenseLayer( 128,64 )","all",0.10890980066020334,0.1176602648693247,0.21253742290721681,0.11604362810754082,22
64,6,"DenseLayer( 128,64 )","weights",0.10659473309550051,0.11507145338886333,0.20736033473466794,0.11369724851948874,22
64,6,"DenseLayer( 128,64 )","biases",0.022203137987625392,0.02454584576041936,0.046624539834378864,0.023217650687760237,22
64,8,"DenseLayer( 64,1 )","all",0.068112732090834863,0.073093561204413834,0.12178001072709814,0.072994450797968041,22
64,8,"DenseLayer( 64,1 )","weights",0.063713468994870015,0.068161689232672837,0.11218018591376214,0.070696779870928192,22
64,8,"DenseLayer( 64,1 )","biases",0.023190497759390961,0.026394181375672975,0.051855061203241348,0.018170172348618507,22
65,0,"Conv2DLayer(1,8,5, stride=5, padding=0)","all",0.15495791375817147,0.18642203553801961,0.44387001789181457,0.34304921935170679,22
65,0,"Conv2DLayer(1,8,5, stride=5, padding=0)","weights",0.15239916321874583,0.18360002204693424,0.43833083018718583,0.33730446117922863,22
65,0,"Conv2DLayer(1,8,5, stride=5, padding=0)","biases",0.027679167936787853,0.032314195619013969,0.069904764434852704,0.062517736414602287,22
65,4,"DenseLayer( 7202,128 )","all",0.62963523358449125,0.66701357372250791,1.1541871222871931,0.78008457806429177,22
65,4,"DenseLayer( 7202,128 )","weights",0.62929978180729951,0.66665383533462308,1.153417554883108,0.77977553195106475,22
65,4,"DenseLayer( 7202,128 )","biases",0.020362222033530344,0.021903683793111813,0.042140922404053809,0.021956063039125145,22
65,6,"DenseLayer( 128,64 )","all",0.10558680532193913,0.11277356642612031,0.19461603406774478,0.14114922450889258,22
65,6,"DenseLayer( 128,64 )","weights",0.10346079327131298,0.11047243956176023,0.18953516001073475,0.13913617810589851,22
65,6,"DenseLayer( 128,64 )","biases",0.020845751601885527,0.022665334361967882,0.044179450380949281,0.023753473883738538,22
65,8,"DenseLayer( 64,1 )","all",0.069505354978761869,0.07580053954099468,0.11729416608121512,0.10800761894667568,22
65,8,"DenseLayer( 64,1 )","weights",0.065753840189985119,0.071783632677756115,0.11668944723043197,0.10747808224274971,22
65,8,"DenseLayer( 64,1 )","biases",0.020057787991721521,0.024348139031369172,0.049566730856895447,0.010682115331292152,22
66,0,"Conv2DLayer(1,8,5, stride=5, padding=0)","all",0.14060824954926809,0.16440051452302035,0.30760954472268526,0.042215913600928079,22
66,0,"Conv2DLayer(1,8,5, stride=5, padding=0)","weights",0.138473548465537,0.1622014526733227,0.30399012950064147,0.04029674860414565,22
66,0,"Conv2DLayer(1,8,5, stride=5, padding=0)","biases",0.023692289946816308,0.026799588170299888,0.048023615395996262,0.012583934722308046,22
66,4,"DenseLayer( 7202,128 )","all",0.66647085115871618,0.72930549534666855,1.4079437678742679,0.53024469938459129,22
66,4,"DenseLayer( 7202,128 )","weights",0.66609233227226017,0.72888907297591254,1.4070644679873214,0.52990727840051721,22
66,4,"DenseLayer( 7202,128 )","biases",0.022407080878746967,0.024641932537130373,0.049751747944634772,0.018913421784865783,22
66,6,"DenseLayer( 128,64 )","all",0.11275134944866758,0.12350608709120393,0.2476613228540139,0.096204218549388487,22
66,6,"DenseLayer( 128,64 )","weights",0.11033841977719315,0.12083190932645084,0.24184125385566915,0.093964102954672932,22
66,6,"DenseLayer( 128,64 )","biases",0.023119598682911576,0.025561753404342451,0.053375451017465908,0.020639743763480423,22
66,8,"DenseLayer( 64,1 )","all",0.068358905339504422,0.075448634639448509,0.15114794614487903,0.071921641754917789,22
66,8,"DenseLayer( 64,1 )","weights",0.064044895762927281,0.070683489146654024,0.13846239917683964,0.066380953088062189,22
66,8,"DenseLayer( 64,1 )","biases",0.022950052992779423,0.026388270709006924,0.060612421482801437,0.027681972831487656,22
67,0,"Conv2DLayer(1,8,5, stride=5, padding=0)","all",0.15879297748640381,0.1870554252486035,0.37173522380435298,0.28775649966962685,22
67,0,"Conv2DLayer(1,8,5, stride=5, padding=0)","weights",0.15609457841485219,0.18414461028044485,0.36633821009207129,0.28112175728614003,22
67,0,"Conv2DLayer(1,8,5, stride=5, padding=0)","biases",0.028412418996229694,0.032870877986433122,0.066986101204768195,0.061435825724641575,22
67,4,"DenseLayer( 7202,128 )","all",0.81229847340520311,0.93603118286917664,2.2677559552927899,2.2677559552927899,22
67,4,"DenseLayer( 7202,128 )","weights",0.81183208387208317,0.93547848691840818,2.2664317832957961,2.2664317832957961,22
67,4,"DenseLayer( 7202,128 )","biases",0.027410078247631944,0.03216171351647127,0.077485769226048398,0.077485769226048398,22
67,6,"DenseLayer( 128,64 )","all",0.14010753936399184,0.16017424702004279,0.35680227017313887,0.35680227017313887,22
67,6,"DenseLayer( 128,64 )","weights",0.13704551470162188,0.15654059380160076,0.34840150002182135,0.34840150002182135,22
67,6,"DenseLayer( 128,64 )","biases",0.028979511580668419,0.033923913404557561,0.076969180736515402,0.076969180736515402,22
67,8,"DenseLayer( 64,1 )","all",0.093961360060630064,0.10956482217536875,0.23427453837898451,0.23427453837898451,22
67,8,"DenseLayer( 64,1 )","weights",0.087594713970247526,0.10159904520832001,0.21385925689756216,0.21385925689756216,22
67,8,"DenseLayer( 64,1 )","biases",0.031932843415151263,0.041013220686480126,0.095649242401123047,0.095649242401123047,22
68,0,"Conv2DLayer(1,8,5, stride=5, padding=0)","all",0.13740224626867617,0.15288744242676996,0.27128172487421426,0.2283357554066883,22
68,0,"Conv2DLayer(1,8,5, stride=5, padding=0)","weights",0.13479761100568469,0.15036647176583584,0.2682825782392555,0.22538107813324726,22
68,0,"Conv2DLayer(1,8,5, stride=5, padding=0)","biases",0.025630091005128849,0.027649488611780675,0.046363637816673284,0.036614024862586213,22
68,4,"DenseLayer( 7202,128 )","all",0.91928704639716718,1.0269006621282986,1.7126154436578775,1.2644828870360887,22
68,4,"DenseLayer( 7202,128 )","weights",0.91873571604975168,1.026264920531258,1.7114272505097181,1.2638948543657933,22
68,4,"DenseLayer( 7202,128 )","biases",0.0317267467334316,0.036128697271127233,0.063784199204938247,0.038558639949980426,22
68,6,"DenseLayer( 128,64 )","all",0.15619566648106403,0.17374848621327002,0.29578805181929063,0.19916420147431027,22
68,6,"DenseLayer( 128,64 )","weights",0.15255697190691808,0.16954413004326574,0.28832820891933336,0.19539919305879253,22
68,6,"DenseLayer( 128,64 )","biases",0.033397583649640961,0.037991109871588088,0.066010722919996906,0.038542632251474238,22
68,8,"DenseLayer( 64,1 )","all",0.09939021041943541,0.10961734930558152,0.23024430626039868,0.10661009118804086,22
68,8,"DenseLayer( 64,1 )","weights",0.091433355944673,0.10021756253558861,0.21102455813956505,0.10023884751611385,22
68,8,"DenseLayer( 64,1 )","biases",0.03755578870715743,0.044411748763218746,0.092092759907245636,0.036302685737609863,22
69,0,"Conv2DLayer(1,8,5, stride=5, padding=0)","all",0.16462314579911042,0.17756424144490723,0.36414681347206634,0.20159100567685842,22
69,0,"Conv2DLayer(1,8,5, stride=5, padding=0)","weights",0.16173036277901529,0.17461543955984163,0.35730587810208103,0.19943906908330641,22
69,0,"Conv2DLayer(1,8,5, stride=5, padding=0)","biases",0.030116087686213606,0.032225891876387233,0.070252482059786819,0.029376713447751439,22
69,4,"DenseLayer( 7202,128 )","all",0.87542266387284573,0.97507292067619533,1.8445336936390508,1.0264149415172084,22
69,4,"DenseLayer( 7202,128 )","weights",0.87490270830738326,0.97446827513390666,1.843228763682436,1.0259282914788288,22
69,4,"DenseLayer( 7202,128 )","biases",0.030047546016098617,0.034333385990239065,0.069370539160641731,0.031603368698690494,22
69,6,"DenseLayer( 128,64 )","all",0.15132501594259185,0.16965859086129476,0.33264562192748448,0.16926852474940063,22
69,6,"DenseLayer( 128,64 )","weights",0.14791500434150814,0.16565089211311029,0.32385822652392127,0.16602372036111407,22
69,6,"DenseLayer( 128,64 )","biases",0.03181349213941595,0.03665814227659258,0.07595366284981532,0.032984204527213519,22
69,8,"DenseLayer( 64,1 )","all",0.10237312395900477,0.11487241657142,0.22848433642479535,0.089614492929214903,22
69,8,"DenseLayer( 64,1 )","weights",0.094739894906841357,0.10566340482110292,0.20599324321757645,0.084071422646256735,22
69,8,"DenseLayer( 64,1 )","biases",0.038104372109625147,0.045065696162042944,0.098852798342704773,0.031028265133500099,22
70,0,"Conv2DLayer(1,8,5, stride=5, padding=0)","all",0.20303098368098094,0.22901567683159726,0.40820082437180505,0.19932820864297013,22
70,0,"Conv2DLayer(1,8,5, stride=5, padding=0)","weights",0.19988876995119964,0.22574044289960585,0.40401069234132425,0.19724755308568256,22
70,0,"Conv2DLayer(1,8,5, stride=5, padding=0)","biases",0.03458628474686945,0.03859316874946124,0.068960351762261785,0.028725207789087749,22
70,4,"DenseLayer( 7202,128 )","all",0.9243459311135912,1.0515811293813004,2.613736074109029,0.80598133356972868,22
70,4,"DenseLayer( 7202,128 )","weights",0.92384356237639664,1.0509691369268177,2.6119273507295144,0.80558354290054068,22
70,4,"DenseLayer( 7202,128 )","biases",0.030256945112284706,0.035871226605053715,0.097220263371275636,0.025319270736949753,22
70,6,"DenseLayer( 128,64 )","all",0.15867100243622781,0.18188706581498468,0.46395638103053766,0.14007800354243358,22
70,6,"DenseLayer( 128,64 )","weights",0.15535742465252503,0.17783523861565068,0.45183857680434925,0.13761807147131677,22
70,6,"DenseLayer( 128,64 )","biases",0.032031224711645934,0.038177645518014301,0.10534431171341743,0.026136439714498017,22
70,8,"DenseLayer( 64,1 )","all",0.10035036602702985,0.11871425864656972,0.32942616873525793,0.082402596612154197,22
70,8,"DenseLayer( 64,1 )","weights",0.094238995114039631,0.11036244037006532,0.29839122613663854,0.078315354799803019,22
70,8,"DenseLayer( 64,1 )","biases",0.032081708036871118,0.04374022132509655,0.13958609104156494,0.025629926472902298,22
71,0,"Conv2DLayer(1,8,5, stride=5, padding=0)","all",0.19499252603602832,0.2252081340027586,0.42351614953030003,0.065675278854744182,22
71,0,"Conv2DLayer(1,8,5, stride=5, padding=0)","weights",0.1921424935863015,0.22205112128615079,0.41781751758413299,0.064402688841841957,22
71,0,"Conv2DLayer(1,8,5, stride=5, padding=0)","biases",0.032849465888813351,0.037576630457874141,0.07477472374020977,0.012866076425596642,22
71,4,"DenseLayer( 7202,128 )","all",0.75817606533247284,0.8246885494007542,1.5056962742420081,0.52206880900396635,22
71,4,"DenseLayer( 7202,128 )","weights",0.75776305530370436,0.82423069957829753,1.5048064701513935,0.52177466641977532,22
71,4,"DenseLayer( 7202,128 )","biases",0.024880727818057342,0.027476487864909038,0.051756716054715629,0.017522523144573438,22
71,6,"DenseLayer( 128,64 )","all",0.13130163046955701,0.14292915281903651,0.27353059036466815,0.082658955763846562,22
71,6,"DenseLayer( 128,64 )","weights",0.12860199500942907,0.13994187973689751,0.26746994463967244,0.080749489031910357,22
71,6,"DenseLayer( 128,64 )","biases",0.026289117775925287,0.029069107679308068,0.057260916685767882,0.017664172470142295,22
71,8,"DenseLayer( 64,1 )","all",0.085976587928784334,0.095435510140036428,0.2266173900333974,0.039245322143145842,22
71,8,"DenseLayer( 64,1 )","weights",0.081108040065277637,0.089947008035502124,0.21190495058898526,0.035303314855882,22
71,8,"DenseLayer( 64,1 )","biases",0.026224667015908795,0.031897842264803931,0.080322682857513428,0.017142673954367638,22
72,0,"Conv2DLayer(1,8,5, stride=5, padding=0)","all",0.18319378241097861,0.2077973066043512,0.45202097239263922,0.33019098823231408,22
72,0,"Conv2DLayer(1,8,5, stride=5, padding=0)","weights",0.18061465848696159,0.20504975326259192,0.44653484239845542,0.32537444366329643,22
72,0,"Conv2DLayer(1,8,5, stride=5, padding=0)","biases",0.03022136287609091,0.033679657346429616,0.070211067553297202,0.056192171346482966,22
72,4,"DenseLayer( 7202,128 )","all",0.80245815560800282,0.92975794470492323,2.3761376225132245,0.72634100215135478,22
72,4,"DenseLayer( 7202,128 )","weights",0.80200023766713191,0.92918937196562212,2.3744671828703563,0.72605473258810527,22
72,4,"DenseLayer( 7202,128 )","biases",0.026966217221321552,0.032510717741321096,0.089081976821988443,0.02039060304770729,22
72,6,"DenseLayer( 128,64 )","all",0.13930206475913387,0.16253824720694643,0.42049686622344934,0.13212209061405336,22
72,6,"DenseLayer( 128,64 )","weights",0.13633303453188544,0.15879948497828039,0.40936058691900173,0.13043621087922291,22
72,6,"DenseLayer( 128,64 )","biases",0.028440422907313238,0.034661295067255092,0.096132847565605112,0.021039052252870762,22
72,8,"DenseLayer( 64,1 )","all",0.089668940527953725,0.10419700069096903,0.25500571830527541,0.11061300783827507,22
72,8,"DenseLayer( 64,1 )","weights",0.084433644095696272,0.096892131475048035,0.22926389426782759,0.10941018198194594,22
72,8,"DenseLayer( 64,1 )","biases",0.028014235955197364,0.038326620138172979,0.11165116727352142,0.016268054023385048,22
73,0,"Conv2DLayer(1,8,5, stride=5, padding=0)","all",0.1480309545264909,0.16269330683033728,0.30243532501409226,0.104706956201227,22
73,0,"Conv2DLayer(1,8,5, stride=5, padding=0)","weights",0.14584837252005189,0.16043304967065031,0.29844462730494564,0.10364813990574955,22
73,0,"Conv2DLayer(1,8,5, stride=5, padding=0)","biases",0.024784976415987595,0.02702496365890104,0.04896866599358949,0.014852938126978021,22
73,4,"DenseLayer( 7202,128 )","all",0.65164563107707918,0.71511724891254858,1.3458495478434651,0.98588666237714384,22
73,4,"DenseLayer( 7202,128 )","weights",0.65128839170323949,0.71470124541925151,1.344920929440192,0.98524539923748877,22
73,4,"DenseLayer( 7202,128 )","biases",0.021444888042067428,0.024388716416056444,0.049986988148811813,0.035552979263428,22
73,6,"DenseLayer( 128,64 )","all",0.110488175054292,0.12262550833635706,0.24234641099918827,0.18084603678721942,22
73,6,"DenseLayer( 128,64 )","weights",0.10822940004372968,0.11994742584794413,0.23618713200540301,0.17635533731468517,22
73,6,"DenseLayer( 128,64 )","biases",0.022028419907514189,0.025487846656826869,0.054290161164338234,0.040051017743222603,22
73,8,"DenseLayer( 64,1 )","all",0.07129376335466367,0.080168083314152219,0.15941100243364495,0.11966646783142199,22
73,8,"DenseLayer( 64,1 )","weights",0.067215426187857349,0.074973403353550558,0.14467453221300489,0.10868188332009941,22
73,8,"DenseLayer( 64,1 )","biases",0.021433445180512288,0.028388560580816076,0.06694137305021286,0.050083048641681671,22
74,0,"Conv2DLayer(1,8,5, stride=5, padding=0)","all",0.17708972681657764,0.21372990717168455,0.44508724711534964,0.12042590369905577,22
74,0,"Conv2DLayer(1,8,5, stride=5, padding=0)","weights",0.1741964390576744,0.21078906483343726,0.43970222023473876,0.11442713109679974,22
74,0,"Conv2DLayer(1,8,5, stride=5, padding=0)","biases",0.030936437152275252,0.035333318076029539,0.069026191154963848,0.037534383579460324,22
74,4,"DenseLayer( 7202,128 )","all",0.68093980204368798,0.78695299219330794,1.753331726555311,1.1393162325152488,22
74,4,"DenseLayer( 7202,128 )","weights",0.68058861352272448,0.786522681068761,1.752211962323865,1.1385722129054183,22
74,4,"DenseLayer( 7202,128 )","biases",0.021732166079120929,0.026020839463945719,0.062652872516576197,0.041167871846855601,22
74,6,"DenseLayer( 128,64 )","all",0.11696132367448654,0.13448558120532406,0.3011386574959371,0.20422454426264872,22
74,6,"DenseLayer( 128,64 )","weights",0.11473819317219031,0.13177115703830763,0.29394678513310302,0.19941753553861111,22
74,6,"DenseLayer( 128,64 )","biases",0.022499648899838246,0.026883707425120432,0.065420016419813612,0.044048961383820869,22
74,8,"DenseLayer( 64,1 )","all",0.077210073956618108,0.088315133309888383,0.19559893374700738,0.15441973323233857,22
74,8,"DenseLayer( 64,1 )","weights",0.073674846058964488,0.083614771489080711,0.17892247342165835,0.1422883529886351,22
74,8,"DenseLayer( 64,1 )","biases",0.020096658665517516,0.028427675957984566,0.079029686748981476,0.059995654970407486,22
75,0,"Conv2DLayer(1,8,5, stride=5, padding=0)","all",0.16262407440261123,0.18897994118482958,0.46310256255955079,0.46310256255955079,22
75,0,"Conv2DLayer(1,8,5, stride=5, padding=0)","weights",0.15989753844190388,0.18618571792287647,0.45823153398507876,0.45823153398507876,22
75,0,"Conv2DLayer(1,8,5, stride=5, padding=0)","biases",0.029028930471687728,0.032377408972379423,0.066991377884801223,0.066991377884801223,22
75,4,"DenseLayer( 7202,128 )","all",0.82199539589121129,0.92097684941863289,1.9332957912330633,1.3608489645729962,22
75,4,"DenseLayer( 7202,128 )","weights",0.82150049134264047,0.9203981476676254,1.9319204846971532,1.360190663888142,22
75,4,"DenseLayer( 7202,128 )","biases",0.028331594341623224,0.032643635445140463,0.072909925298228428,0.042323306238190313,22
75,6,"DenseLayer( 128,64 )","all",0.14190501470222705,0.16033988210392416,0.33729402628829852,0.23882733569286826,22
75,6,"DenseLayer( 128,64 )","weights",0.13867748588392043,0.15654512107596649,0.32821889896156042,0.23478509128114128,22
75,6,"DenseLayer( 128,64 )","biases",0.029874527608389403,0.034677123012315944,0.077714956953165881,0.043754510467609524,22
75,8,"DenseLayer( 64,1 )","all",0.091218030235720324,0.10590665520510958,0.23311731327242832,0.15197065022706879,22
75,8,"DenseLayer( 64,1 )","weights",0.084703324869866481,0.097801556461909925,0.21113440846306261,0.14640576715027262,22
75,8,"DenseLayer( 64,1 )","biases",0.03195495543662797,0.040633424300221238,0.098822787404060364,0.040748372673988342,22
76,0,"Conv2DLayer(1,8,5, stride=5, padding=0)","all",0.12401470153863615,0.14609412342688749,0.37411085722011783,0.13395036269569507,22
76,0,"Conv2DLayer(1,8,5, stride=5, padding=0)","weights",0.12185417108390768,0.14401012425611096,0.36927744085783387,0.13137656542254697,22
76,0,"Conv2DLayer(1,8,5, stride=5, padding=0)","biases",0.022094933182110438,0.024588147787300316,0.05994251549159732,0.02613231187789352,22
76,4,"DenseLayer( 7202,128 )","all",0.50223821713000771,0.54386692090139965,0.88098170824329636,0.51382241844874033,22
76,4,"DenseLayer( 7202,128 )","weights",0.50198968684405565,0.54358511450593849,0.88060914867325546,0.51360246161375711,22
76,4,"DenseLayer( 7202,128 )","biases",0.015642429483767203,0.017505740153875085,0.033163524400992406,0.015032934670300303,22
76,6,"DenseLayer( 128,64 )","all",0.086245159185013215,0.094608513894695115,0.16541091463089708,0.085096598553704897,22
76,6,"DenseLayer( 128,64 )","weights",0.084642189245435359,0.092753022520367615,0.16299555838221455,0.083620225469063073,22
76,6,"DenseLayer( 128,64 )","biases",0.016353759464794858,0.018645313478161087,0.035707479944093568,0.015782552959311313,22
76,8,"DenseLayer( 64,1 )","all",0.056977542115846415,0.06515671741041594,0.1434128485209914,0.025974724898510323,22
76,8,"DenseLayer( 64,1 )","weights",0.054240101266118119,0.061746181285982263,0.13971237169995676,0.025495008381396633,22
76,8,"DenseLayer( 64,1 )","biases",0.01530542931074954,0.020804012120247684,0.048592716455459595,0.004968991968780756,22
77,0,"Conv2DLayer(1,8,5, stride=5, padding=0)","all",0.15173251383222819,0.17602923866518325,0.36593612059418734,0.08650197364349313,22
77,0,"Conv2DLayer(1,8,5, stride=5, padding=0)","weights",0.14928255007116023,0.17348883868908879,0.36144836779718681,0.083632967615652892,22
77,0,"Conv2DLayer(1,8,5, stride=5, padding=0)","biases",0.026607232298154669,0.029797914614203676,0.057134243429603264,0.022093396570440106,22
77,4,"DenseLayer( 7202,128 )","all",0.85474540375677366,0.94775409502526708,1.8445981257137856,1.0369953955186804,22
77,4,"DenseLayer( 7202,128 )","weights",0.85421927872928138,0.94716588988200934,1.8435092821796986,1.0362666924956834,22
77,4,"DenseLayer( 7202,128 )","biases",0.029901517406907129,0.033385650827629162,0.063370118384794685,0.038868912397970648,22
77,6,"DenseLayer( 128,64 )","all",0.15004034260141982,0.16756193183180756,0.31232973265915648,0.18521759582137712,22
77,6,"DenseLayer( 128,64 )","weights",0.14657217595312055,0.16365105138312397,0.30520738290784105,0.18039900736967637,22
77,6,"DenseLayer( 128,64 )","biases",0.031990572346137232,0.035990754096093078,0.066319795849253335,0.041973276520739511,22
77,8,"DenseLayer( 64,1 )","all",0.099414769297821351,0.11218674510566239,0.24746926284405485,0.12518265388917485,22
77,8,"DenseLayer( 64,1 )","weights",0.091817375937683063,0.10348570228364712,0.22859443066828661,0.11356232357748293,22
77,8,"DenseLayer( 64,1 )","biases",0.037614434999837118,0.043319455216602354,0.094792522490024567,0.052671581506729126,22
78,0,"Conv2DLayer(1,8,5, stride=5, padding=0)","all",0.18534771134189804,0.21908759097525876,0.57037732730701463,0.22867413451646668,22
78,0,"Conv2DLayer(1,8,5, stride=5, padding=0)","weights",0.18249075379664495,0.21602697852721514,0.56310382361589018,0.22612437168933275,22
78,0,"Conv2DLayer(1,8,5, stride=5, padding=0)","biases",0.031728054824058806,0.036492698827908197,0.090798564609016294,0.03405331591724356,22
78,4,"DenseLayer( 7202,128 )","all",0.89402865566873224,0.95413009401584803,1.6185433315417534,0.8134183850567609,22
78,4,"DenseLayer( 7202,128 )","weights",0.89352084723690561,0.95358271279466833,1.6176124770353446,0.81304158665965465,22
78,4,"DenseLayer( 7202,128 )","biases",0.029969495193946556,0.032314797939209002,0.054885245903207279,0.024755757114258294,22
78,6,"DenseLayer( 128,64 )","all",0.15257133646515289,0.16228423343376366,0.26538962724596821,0.14129799506392179,22
78,6,"DenseLayer( 128,64 )","weights",0.14927598472841988,0.15872528260332303,0.25941105470449782,0.13890911284992696,22
78,6,"DenseLayer( 128,64 )","biases",0.031288151970645724,0.033800252716208186,0.056013917438918447,0.025872413422994039,22
78,8,"DenseLayer( 64,1 )","all",0.096668821288842285,0.10410048083659414,0.16100191250690735,0.082775186650274626,22
78,8,"DenseLayer( 64,1 )","weights",0.090267211942551079,0.097178572900638749,0.15084924021528628,0.079383549579229606,22
78,8,"DenseLayer( 64,1 )","biases",0.031782853533513844,0.037326064343905084,0.063975527882575989,0.023451728746294975,22
79,0,"Conv2DLayer(1,8,5, stride=5, padding=0)","all",0.14656513232317939,0.17295810684698038,0.34138439863586323,0.045559585168193292,22
79,0,"Conv2DLayer(1,8,5, stride=5, padding=0)","weights",0.14387370652544565,0.16997848572013119,0.33486209238877773,0.045086085897352843,22
79,0,"Conv2DLayer(1,8,5, stride=5, padding=0)","biases",0.027353182760731527,0.031965936813781098,0.066413001083971898,0.0065513860483396285,22
79,4,"DenseLayer( 7202,128 )","all",0.70440366654906361,0.79669882982655804,1.4426843656466874,0.3126722606564834,22
79,4,"DenseLayer( 7202,128 )","weights",0.70401199574541384,0.79623391740974492,1.4417256880678124,0.31247103196139381,22
79,4,"DenseLayer( 7202,128 )","biases",0.023379545911168139,0.027213493221901312,0.05258535201724733,0.01121591587956711,22
79,6,"DenseLayer( 128,64 )","all",0.12026588020725598,0.13759987602875617,0.25651452579438955,0.054683759776925897,22
79,6,"DenseLayer( 128,64 )","weights",0.11776778650695224,0.13458754925508506,0.25026654397845355,0.053329469273256262,22
79,6,"DenseLayer( 128,64 )","biases",0.024247833453633166,0.028634201030221119,0.05648694746289027,0.012094680250976226,22
79,8,"DenseLayer( 64,1 )","all",0.081021680680375172,0.095046410613171955,0.17847366859448383,0.032708757165252955,22
79,8,"DenseLayer( 64,1 )","weights",0.076075075278472723,0.088579314927290431,0.16142539306075882,0.029650215235201765,22
79,8,"DenseLayer( 64,1 )","biases",0.0258539941966195,0.034460486610893772,0.076122879981994629,0.013810413889586926,22
80,0,"Conv2DLayer(1,8,5, stride=5, padding=0)","all",0.17643916472332882,0.21898749832793118,0.60094874688100208,0.60094874688100208,22
80,0,"Conv2DLayer(1,8,5, stride=5, padding=0)","weights",0.17392674014977125,0.21610311260591256,0.59248832847567279,0.59248832847567279,22
80,0,"Conv2DLayer(1,8,5, stride=5, padding=0)","biases",0.029230815558114315,0.035425543693243973,0.10048371508831695,0.10048371508831695,22
80,4,"DenseLayer( 7202,128 )","all",0.62768592114087751,0.72069691663411828,1.5139461509146541,1.5139461509146541,22
80,4,"DenseLayer( 7202,128 )","weights",0.62736916284083766,0.72033328596737412,1.5133795049129639,1.5133795049129639,22
80,4,"DenseLayer( 7202,128 )","biases",0.019810754067070491,0.022891106862063901,0.043481163044459641,0.041417652983829094,22
80,6,"DenseLayer( 128,64 )","all",0.10739548890039723,0.1234055356465777,0.24616436417364757,0.23800796654505965,22
80,6,"DenseLayer( 128,64 )","weights",0.1054247328090584,0.12114483710981289,0.24167518482040876,0.2355012643420262,22
80,6,"DenseLayer( 128,64 )","biases",0.020284138212273484,0.02351286179638002,0.046797427611327727,0.034452091841009294,22
80,8,"DenseLayer( 64,1 )","all",0.07047613072171377,0.082681989446312942,0.16978318731715797,0.16978318731715797,22
80,8,"DenseLayer( 64,1 )","weights",0.067389491827047648,0.079115628871609292,0.16927468072704707,0.16927468072704707,22
80,8,"DenseLayer( 64,1 )","biases",0.018654793757543139,0.024021420587675243,0.053607650101184845,0.013130619190633297,22
81,0,"Conv2DLayer(1,8,5, stride=5, padding=0)","all",0.13421493264198506,0.14936376317131256,0.31918414268288015,0.12662660123492878,22
81,0,"Conv2DLayer(1,8,5, stride=5, padding=0)","weights",0.13153375737353726,0.14699157049178299,0.31652509138447676,0.12529324439514428,22
81,0,"Conv2DLayer(1,8,5, stride=5, padding=0)","biases",0.024850175306490228,0.026514372575173993,0.043891763404808472,0.018327548915452633,22
81,4,"DenseLayer( 7202,128 )","all",0.7260841245209273,0.82692490846855715,1.9770776880864573,0.58839285533253249,22
81,4,"DenseLayer( 7202,128 )","weights",0.72565246705162245,0.82641257374628685,1.9757408762932542,0.58805166792644059,22
81,4,"DenseLayer( 7202,128 )","biases",0.02496138974849425,0.029104333006779504,0.072692327471718429,0.020034671330018121,22
81,6,"DenseLayer( 128,64 )","all",0.12491294023721415,0.14367342822525692,0.36206856741282062,0.095622894118756255,22
81,6,"DenseLayer( 128,64 )","weights",0.12213276595907348,0.14032020450551017,0.35305238124749222,0.093528623698388241,22
81,6,"DenseLayer( 128,64 )","biases",0.026109986898525169,0.030859264176740335,0.080297344936477277,0.019903126104513356,22
81,8,"DenseLayer( 64,1 )","all",0.083407554138736212,0.098527227007356583,0.27283223322629768,0.049474952157018567,22
81,8,"DenseLayer( 64,1 )","weights",0.077447802790960141,0.090852583735542752,0.24960523429923814,0.046644042880425833,22
81,8,"DenseLayer( 64,1 )","biases",0.030026058327745308,0.038123778542208608,0.11015740782022476,0.016495579853653908,22
82,0,"Conv2DLayer(1,8,5, stride=5, padding=0)","all",0.17585195101757939,0.19570193186406828,0.40833761460049472,0.17807141810767574,22
82,0,"Conv2DLayer(1,8,5, stride=5, padding=0)","weights",0.17330660821492253,0.19308298313850752,0.40350753074676399,0.17526654127484309,22
82,0,"Conv2DLayer(1,8,5, stride=5, padding=0)","biases",0.029032537821235063,0.031909367866870139,0.062620125584922456,0.031481255636209675,22
82,4,"DenseLayer( 7202,128 )","all",1.1466341766494303,1.236877224985292,2.2784478458175692,1.310773285110661,22
82,4,"DenseLayer( 7202,128 )","weights",1.1459333671656287,1.2361060710681784,2.2768520709490936,1.3100985202375084,22
82,4,"DenseLayer( 7202,128 )","biases",0.040006163084586065,0.043669792256299501,0.085259797827266975,0.042053207146246885,22
82,6,"DenseLayer( 128,64 )","all",0.19618007261326459,0.21176850795511493,0.40374690469013336,0.19908611998739748,22
82,6,"DenseLayer( 128,64 )","weights",0.19158173896629063,0.20668177421366771,0.3929381621224558,0.19497475083210508,22
82,6,"DenseLayer( 128,64 )","biases",0.042137046846915847,0.046136159023330563,0.092796356580903891,0.040250834893141831,22
82,8,"DenseLayer( 64,1 )","all",0.11584379700954298,0.12697120131894277,0.26561941528475908,0.06925608751586057,22
82,8,"DenseLayer( 64,1 )","weights",0.10632723342089717,0.11604758308486803,0.23890114392522629,0.065335455640201628,22
82,8,"DenseLayer( 64,1 )","biases",0.045272154659456151,0.051523241595770597,0.11610304564237595,0.022971371188759804,22
83,0,"Conv2DLayer(1,8,5, stride=5, padding=0)","all",0.16659976362311468,0.18933022805011773,0.4616130377747743,0.30604791368134138,22
83,0,"Conv2DLayer(1,8,5, stride=5, padding=0)","weights",0.16412442176911832,0.18684427339620097,0.45728279363520852,0.30092823115940409,22
83,0,"Conv2DLayer(1,8,5, stride=5, padding=0)","biases",0.027857268860809657,0.030580267372200987,0.063079658280895401,0.055745180598631504,22
83,4,"DenseLayer( 7202,128 )","all",1.0571972491382777,1.1840600745288847,1.9759934616759725,1.0292316529520293,22
83,4,"DenseLayer( 7202,128 )","weights",1.0565380867971721,1.1833061529809221,1.9747753712624687,1.028675258970871,22
83,4,"DenseLayer( 7202,128 )","biases",0.037244849502475849,0.042246992920658359,0.071389613301021601,0.033837952354985899,22
83,6,"DenseLayer( 128,64 )","all",0.17872661013193591,0.20032689198772294,0.35366799532177312,0.16758661024786406,22
83,6,"DenseLayer( 128,64 )","weights",0.17449081106441644,0.19544195168456727,0.34571922399819649,0.16445962551985402,22
83,6,"DenseLayer( 128,64 )","biases",0.03854858039049544,0.043969389069989248,0.074560506120912071,0.032222717269635617,22
83,8,"DenseLayer( 64,1 )","all",0.10145777435730145,0.11327050768135556,0.22234345742314357,0.095051684010991871,22
83,8,"DenseLayer( 64,1 )","weights",0.092766618686110316,0.10302890078535877,0.20616399163820034,0.091954554968856156,22
83,8,"DenseLayer( 64,1 )","biases",0.03986204244111749,0.047066479721270087,0.083264768123626709,0.02406620979309082,22
84,0,"Conv2DLayer(1,8,5, stride=5, padding=0)","all",0.16140100654983228,0.19947827302865639,0.5390204300400645,0.1016277277383684,22
84,0,"Conv2DLayer(1,8,5, stride=5, padding=0)","weights",0.15854471995875011,0.19646395369857,0.53284746498967395,0.099000904917805541,22
84,0,"Conv2DLayer(1,8,5, stride=5, padding=0)","biases",0.029505384122988417,0.034547015900383199,0.081342504600327284,0.022956826233596822,22
84,4,"DenseLayer( 7202,128 )","all",0.99853810681907684,1.1171938398103791,1.9403863118872791,0.90227827407258332,22
84,4,"DenseLayer( 7202,128 )","weights",0.99792930893862541,1.11649142437606,1.9390977332333355,0.90176773559715495,22
84,4,"DenseLayer( 7202,128 )","biases",0.034726317848384522,0.039610289130174066,0.070703750458207523,0.030348556792364499,22
84,6,"DenseLayer( 128,64 )","all",0.17379911321804684,0.19470606376045899,0.3257412233070327,0.13644360534987007,22
84,6,"DenseLayer( 128,64 )","weights",0.16979508644717994,0.1900507206385382,0.31727699077311416,0.13330513200460492,22
84,6,"DenseLayer( 128,64 )","biases",0.036882301278464744,0.042322273684954947,0.073774356571368341,0.029096378161309826,22
84,8,"DenseLayer( 64,1 )","all",0.11182419931609353,0.12663024732920639,0.23946731744188099,0.072406308383607523,22
84,8,"DenseLayer( 64,1 )","weights",0.10299499383086214,0.11612796666432577,0.21813345534036635,0.065559151114479824,22
84,8,"DenseLayer( 64,1 )","biases",0.041394959309731021,0.050492721228561514,0.098804816603660583,0.030735503882169724,22
85,0,"Conv2DLayer(1,8,5, stride=5, padding=0)","all",0.15542450959004731,0.16943514136566945,0.28804778640113882,0.13442582733762151,22
85,0,"Conv2DLayer(1,8,5, stride=5, padding=0)","weights",0.15284684626797132,0.16677581535860286,0.28399100639668778,0.13282184044295356,22
85,0,"Conv2DLayer(1,8,5, stride=5, padding=0)","biases",0.027493522905686938,0.029901413696974178,0.048172975166502971,0.020704148298121755,22
85,4,"DenseLayer( 7202,128 )","all",0.82273896013209136,0.91084468597737078,1.7849294597887351,1.1794065146498607,22
85,4,"DenseLayer( 7202,128 )","weights",0.82227866443097153,0.91031178722195005,1.7837981556211877,1.1788264369520711,22
85,4,"DenseLayer( 7202,128 )","biases",0.02741440147157298,0.03115272087626075,0.063539880580263414,0.036985920853979976,22
85,6,"DenseLayer( 128,64 )","all",0.13762154547559918,0.15474822654703471,0.30950295972085079,0.18160071908292835,22
85,6,"DenseLayer( 128,64 )","weights",0.13471411081069992,0.15129417744063792,0.30203524314561359,0.17784460280215356,22
85,6,"DenseLayer( 128,64 )","biases",0.02798698352559606,0.032512851182465406,0.067578058376492944,0.036743957674438006,22
85,8,"DenseLayer( 64,1 )","all",0.088374839632803043,0.10069882910320482,0.18799377257339783,0.077056618518739003,22
85,8,"DenseLayer( 64,1 )","weights",0.08246187784572806,0.093269162802857214,0.1712860185844996,0.070376283869102746,22
85,8,"DenseLayer( 64,1 )","biases",0.02988202424338934,0.037962052800271054,0.07747747004032135,0.031383134424686432,22
86,0,"Conv2DLayer(1,8,5, stride=5, padding=0)","all",0.14591687699276132,0.17683734209210733,0.51725722166126265,0.12982368777111561,22
86,0,"Conv2DLayer(1,8,5, stride=5, padding=0)","weights",0.14374279803230974,0.17464105201632385,0.51211970754470737,0.12861201899041225,22
86,0,"Conv2DLayer(1,8,5, stride=5, padding=0)","biases",0.024327284453914667,0.027783961359616447,0.072721650868581872,0.017695719191430356,22
86,4,"DenseLayer( 7202,128 )","all",0.89539585588394344,1.0683818393056106,2.1630948254613607,0.79721094320428598,22
86,4,"DenseLayer( 7202,128 )","weights",0.89485786433643422,1.0677204874857178,2.1616709021759934,0.7966731804147692,22
86,4,"DenseLayer( 7202,128 )","biases",0.030967087840557558,0.037586103300299337,0.078473783031925412,0.029276809465580884,22
86,6,"DenseLayer( 128,64 )","all",0.15312912940389492,0.18292660742470124,0.36960744900512349,0.13394632580553126,22
86,6,"DenseLayer( 128,64 )","weights",0.14962587647377343,0.17859606213399429,0.36004559035658606,0.13047901435585579,22
86,6,"DenseLayer( 128,64 )","biases",0.032493690474423402,0.039567540916023831,0.083527475867838638,0.030279448633122458,22
86,8,"DenseLayer( 64,1 )","all",0.093085164995266451,0.10956246986180566,0.2149030139139044,0.069222434713239439,22
86,8,"DenseLayer( 64,1 )","weights",0.085984048882805447,0.10055760436150275,0.19217142857482045,0.06258683496886662,22
86,8,"DenseLayer( 64,1 )","biases",0.034956451611254706,0.043498310395859704,0.096194840967655182,0.029574204236268997,22
87,0,"Conv2DLayer(1,8,5, stride=5, padding=0)","all",0.14901639269735914,0.18502501370054969,0.44331499775354338,0.18328126001984096,22
87,0,"Conv2DLayer(1,8,5, stride=5, padding=0)","weights",0.14665394170038309,0.18277846749473184,0.43866544686446296,0.18001284035228532,22
87,0,"Conv2DLayer(1,8,5, stride=5, padding=0)","biases",0.025147278932773735,0.028745217257238817,0.064037590214070253,0.034458635822725105,22
87,4,"DenseLayer( 7202,128 )","all",0.8780761531386716,1.0508357185504729,2.3135086777013143,0.84148043307094345,22
87,4,"DenseLayer( 7202,128 )","weights",0.87755407773417105,1.0501934279838143,2.3120405195484217,0.84105201347306269,22
87,4,"DenseLayer( 7202,128 )","biases",0.030185509640674589,0.036735149395283967,0.082407753066985182,0.026848275068796702,22
87,6,"DenseLayer( 128,64 )","all",0.15063112711985183,0.18093580483764626,0.41121895678136933,0.12884855994088465,22
87,6,"DenseLayer( 128,64 )","weights",0.14726715272494764,0.17675446876228246,0.4015344889958678,0.12621321936909258,22
87,6,"DenseLayer( 128,64 )","biases",0.031523076722906176,0.038673288518176502,0.08871913301641883,0.02592633131256827,22
87,8,"DenseLayer( 64,1 )","all",0.095049115622468205,0.11213978741312193,0.26050172955235046,0.079547139549460855,22
87,8,"DenseLayer( 64,1 )","weights",0.087962044482767718,0.10323605239878436,0.23853487164698767,0.074053660850814093,22
87,8,"DenseLayer( 64,1 )","biases",0.034859881741629746,0.043790974026340489,0.10470084100961685,0.029048282653093338,22
88,0,"Conv2DLayer(1,8,5, stride=5, padding=0)","all",0.15161869538798758,0.18347694085070212,0.43804030987691317,0.25583723211590376,22
88,0,"Conv2DLayer(1,8,5, stride=5, padding=0)","weights",0.14926131938313705,0.18107496235795939,0.43304911692313464,0.25220500847970106,22
88,0,"Conv2DLayer(1,8,5, stride=5, padding=0)","biases",0.025526931502863264,0.029591313438163545,0.065937663055005105,0.042957223309715242,22
88,4,"DenseLayer( 7202,128 )","all",0.88044240969908305,0.9643841423131988,1.7612611389722954,0.73412206590424367,22
88,4,"DenseLayer( 7202,128 )","weights",0.87992410998929638,0.96380223654448616,1.7601409369736678,0.73377808597425609,22
88,4,"DenseLayer( 7202,128 )","biases",0.03008579861362759,0.033496608440412814,0.062806700625381767,0.02247060727866157,22
88,6,"DenseLayer( 128,64 )","all",0.1520434801069144,0.16748712293847551,0.29308762593075255,0.12399492829479367,22
88,6,"DenseLayer( 128,64 )","weights",0.14868319002231009,0.16369484837109044,0.28587847453289772,0.12208590852833011,22
88,6,"DenseLayer( 128,64 )","biases",0.031627855247614356,0.035439144557589307,0.064605373402435107,0.021674251582078575,22
88,8,"DenseLayer( 64,1 )","all",0.094483290497773792,0.10655779658519669,0.18977832041945525,0.075294801206451184,22
88,8,"DenseLayer( 64,1 )","weights",0.087457409693014673,0.098366576412253923,0.17322809138213355,0.074922233323080942,22
88,8,"DenseLayer( 64,1 )","biases",0.033836999273096975,0.040970485206113551,0.077510252594947815,0.0074810455553233624,22
89,0,"Conv2DLayer(1,8,5, stride=5, padding=0)","all",0.14812146721101713,0.17151401400589475,0.37101392829739666,0.121819515805024,22
89,0,"Conv2DLayer(1,8,5, stride=5, padding=0)","weights",0.14606878743223131,0.16933565282560772,0.3668725111071971,0.12002156359142213,22
89,0,"Conv2DLayer(1,8,5, stride=5, padding=0)","biases",0.024052309673541772,0.027248737265046126,0.055280155431812313,0.02085230692371243,22
89,4,"DenseLayer( 7202,128 )","all",0.65183424324191641,0.75325257178984995,1.9718412923402817,0.33328040509822865,22
89,4,"DenseLayer( 7202,128 )","weights",0.6514949094100444,0.75283504069373142,1.9705827056691643,0.33313934171575926,22
89,4,"DenseLayer( 7202,128 )","biases",0.020911242141612697,0.02507665072713483,0.070440629581141001,0.0096957425517600233,22
89,6,"DenseLayer( 128,64 )","all",0.1104849061344803,0.12905712887106502,0.34769401767526353,0.060830866215917892,22
89,6,"DenseLayer( 128,64 )","weights",0.10831450031550917,0.12634959642878391,0.33944952580104243,0.059842052209928928,22
89,6,"DenseLayer( 128,64 )","biases",0.02165524557244115,0.026296805789413413,0.075267186479991977,0.010923510053231085,22
89,8,"DenseLayer( 64,1 )","all",0.064657468510076171,0.076448843245485718,0.20778793583008007,0.045244205460699266,22
89,8,"DenseLayer( 64,1 )","weights",0.061364230584782332,0.07193479390525058,0.19131152894304049,0.044726948838155076,22
89,8,"DenseLayer( 64,1 )","biases",0.018529069588773629,0.025880708247302112,0.081090845167636871,0.0068218894302845001,22
90,0,"Conv2DLayer(1,8,5, stride=5, padding=0)","all",0.15695175472082773,0.19018084127789875,0.51954143039135214,0.51954143039135214,22
90,0,"Conv2DLayer(1,8,5, stride=5, padding=0)","weights",0.15457676575608861,0.18766508890094169,0.5142737466694326,0.5142737466694326,22
90,0,"Conv2DLayer(1,8,5, stride=5, padding=0)","biases",0.026610066856827975,0.030831263304817218,0.073795740931821271,0.073795740931821271,22
90,4,"DenseLayer( 7202,128 )","all",0.67339531320593449,0.7588433835880114,1.8583103117723665,1.8583103117723665,22
90,4,"DenseLayer( 7202,128 )","weights",0.67301913610082609,0.75840884946598142,1.8572106240893014,1.8572106240893014,22
90,4,"DenseLayer( 7202,128 )","biases",0.02241218111318314,0.025676796275783946,0.063921143679834452,0.063921143679834452,22
90,6,"DenseLayer( 128,64 )","all",0.11596380649719178,0.1324470764240635,0.3265743072749055,0.3265743072749055,22
90,6,"DenseLayer( 128,64 )","weights",0.11357755297968104,0.1296451268972541,0.31963153812095774,0.31963153812095774,22
90,6,"DenseLayer( 128,64 )","biases",0.023298443603538416,0.027099245839628062,0.066981027242907748,0.066981027242907748,22
90,8,"DenseLayer( 64,1 )","all",0.07577964135361584,0.088520960013349526,0.20501388047388486,0.20501388047388486,22
90,8,"DenseLayer( 64,1 )","weights",0.071439846675519378,0.083082780591235014,0.19277120593391542,0.19277120593391542,22
90,8,"DenseLayer( 64,1 )","biases",0.023803316871635616,0.030548517654932564,0.069785051047801971,0.069785051047801971,22
91,0,"Conv2DLayer(1,8,5, stride=5, padding=0)","all",0.13831442485622603,0.16506225242259873,0.37505917991477522,0.37505917991477522,22
91,0,"Conv2DLayer(1,8,5, stride=5, padding=0)","weights",0.13603711627607837,0.16290641817220908,0.37205210950353257,0.37205210950353257,22
91,0,"Conv2DLayer(1,8,5, stride=5, padding=0)","biases",0.024146593396246991,0.026590338341642976,0.047398483649955983,0.047398483649955983,22
91,4,"DenseLayer( 7202,128 )","all",0.74485187549359333,0.86107221166769632,1.7183530218452563,1.4639945987348646,22
91,4,"DenseLayer( 7202,128 )","weights",0.74441194864448457,0.86055705655948311,1.7172579285489276,1.4633658132216572,22
91,4,"DenseLayer( 7202,128 )","biases",0.02549955681850256,0.029780968956310102,0.061337708797860727,0.042903167936350385,22
91,6,"DenseLayer( 128,64 )","all",0.1294126989551016,0.15076884715795666,0.31479124285057336,0.25729922773311853,22
91,6,"DenseLayer( 128,64 )","weights",0.12653835718955692,0.14734982553752568,0.30730583017158747,0.25296091006460147,22
91,6,"DenseLayer( 128,64 )","biases",0.026998686535445821,0.031926073786171107,0.068239675541140216,0.047049660693227087,22
91,8,"DenseLayer( 64,1 )","all",0.078862974756990514,0.092680078228823945,0.2163487594880282,0.15650204934150794,22
91,8,"DenseLayer( 64,1 )","weights",0.073058570636158657,0.08543647869056209,0.19722425146019443,0.14825012235998328,22
91,8,"DenseLayer( 64,1 )","biases",0.028602307466578415,0.035919423846410121,0.088934697210788727,0.050147708505392075,22
92,0,"Conv2DLayer(1,8,5, stride=5, padding=0)","all",0.15215633540045009,0.18806314876624064,0.49447731385710142,0.49447731385710142,22
92,0,"Conv2DLayer(1,8,5, stride=5, padding=0)","weights",0.14969414737411732,0.18541660618369635,0.48864096152321917,0.48864096152321917,22
92,0,"Conv2DLayer(1,8,5, stride=5, padding=0)","biases",0.026888598403198176,0.031439307803977128,0.075748429957314609,0.075748429957314609,22
92,4,"DenseLayer( 7202,128 )","all",0.67637889301853471,0.76261136567497589,1.6596778524852369,1.6596778524852369,22
92,4,"DenseLayer( 7202,128 )","weights",0.67600932811189185,0.76217090566752776,1.6587071868186012,1.6587071868186012,22
92,4,"DenseLayer( 7202,128 )","biases",0.022182639830899215,0.025915354726346995,0.060118951705922394,0.056754228268299484,22
92,6,"DenseLayer( 128,64 )","all",0.11759761984355893,0.13315391462425005,0.29642907907403537,0.29642907907403537,22
92,6,"DenseLayer( 128,64 )","weights",0.1152319277712487,0.13033270134147537,0.29014784592754655,0.29014784592754655,22
92,6,"DenseLayer( 128,64 )","biases",0.023256258991403857,0.027264481304361071,0.061580464590386318,0.060699476309811776,22
92,8,"DenseLayer( 64,1 )","all",0.081534507026301786,0.091069595803224698,0.18979593128452998,0.18979593128452998,22
92,8,"DenseLayer( 64,1 )","weights",0.076825673617686732,0.085583887530102445,0.17867542661267224,0.17867542661267224,22
92,8,"DenseLayer( 64,1 )","biases",0.025816636435179549,0.031129880741780809,0.073278956115245819,0.064012400805950165,22
93,0,"Conv2DLayer(1,8,5, stride=5, padding=0)","all",0.16330623685348006,0.17631503834888598,0.33681913223697313,0.13713920763589671,22
93,0,"Conv2DLayer(1,8,5, stride=5, padding=0)","weights",0.16112312447984903,0.17408590713226813,0.33184245743353818,0.13561932886614872,22
93,0,"Conv2DLayer(1,8,5, stride=5, padding=0)","biases",0.025895136775681168,0.027947981785890239,0.057686318008154824,0.020360744310977192,22
93,4,"DenseLayer( 7202,128 )","all",0.77241634295117823,0.82305537923060912,1.3186501948505684,0.47959222980734223,22
93,4,"DenseLayer( 7202,128 )","weights",0.77198329680038769,0.82257655785418948,1.3178273027572032,0.47944318841239097,22
93,4,"DenseLayer( 7202,128 )","biases",0.025740209584298825,0.028070691997081315,0.04657828342819597,0.011955583488025853,22
93,6,"DenseLayer( 128,64 )","all",0.13177433842819911,0.13993587833007129,0.22216960116432366,0.080880553910648162,22
93,6,"DenseLayer( 128,64 )","weights",0.12899898033322674,0.13685268575293325,0.21676237156693873,0.079889184774812452,22
93,6,"DenseLayer( 128,64 )","biases",0.026717010051519399,0.029212881511713498,0.048717614413998543,0.012624664625610359,22
93,8,"DenseLayer( 64,1 )","all",0.079392882147149124,0.084013901081023704,0.12639750016772935,0.045351027126241852,22
93,8,"DenseLayer( 64,1 )","weights",0.074306578736833176,0.078257002022168454,0.12176047890013314,0.044704844796477614,22
93,8,"DenseLayer( 64,1 )","biases",0.025912638901817529,0.030564312675968305,0.050556275993585587,0.0076284017413854599,22
94,0,"Conv2DLayer(1,8,5, stride=5, padding=0)","all",0.13474394207780607,0.15757640886308441,0.31495392942016592,0.11029360555918087,22
94,0,"Conv2DLayer(1,8,5, stride=5, padding=0)","weights",0.13246884422609059,0.15533850654275325,0.31053223339931785,0.10814695890712042,22
94,0,"Conv2DLayer(1,8,5, stride=5, padding=0)","biases",0.023745926678112515,0.026462672110974569,0.052590014995571741,0.021654438491583657,22
94,4,"DenseLayer( 7202,128 )","all",0.7102494100818566,0.76156647838499425,1.2662365515212217,0.92817987303631533,22
94,4,"DenseLayer( 7202,128 )","weights",0.70983927093833632,0.76111751972609509,1.2653626486150542,0.92758112825717609,22
94,4,"DenseLayer( 7202,128 )","biases",0.02399173263305138,0.026146169236032166,0.047035857579619859,0.033333574828611177,22
94,6,"DenseLayer( 128,64 )","all",0.12345504743805924,0.13288644830077459,0.23409091611044877,0.17617528127453294,22
94,6,"DenseLayer( 128,64 )","weights",0.12081964171011414,0.12996868321117289,0.22831663905613347,0.17203129289499677,22
94,6,"DenseLayer( 128,64 )","biases",0.025184794438477039,0.027693853584292369,0.051672713645989507,0.037986365936170191,22
94,8,"DenseLayer( 64,1 )","all",0.081443222954366193,0.088914203666945815,0.18092085385071227,0.12694823401578678,22
94,8,"DenseLayer( 64,1 )","weights",0.075950581145427964,0.082659929818719696,0.1660946909895524,0.1161985427053142,22
94,8,"DenseLayer( 64,1 )","biases",0.028400921262800694,0.032757771842594145,0.071728020906448364,0.051124874502420425,22
95,0,"Conv2DLayer(1,8,5, stride=5, padding=0)","all",0.13150436807559501,0.14652251139564576,0.2770071666163032,0.095495084507420711,22
95,0,"Conv2DLayer(1,8,5, stride=5, padding=0)","weights",0.12927568894492317,0.14425092612859697,0.2736397580542092,0.094403940980131912,22
95,0,"Conv2DLayer(1,8,5, stride=5, padding=0)","biases",0.023432615382119857,0.025700518608176008,0.049730671201354854,0.014394689732647639,22
95,4,"DenseLayer( 7202,128 )","all",0.67278352321511015,0.74922944906770716,1.7171419966519281,1.0138809910080555,22
95,4,"DenseLayer( 7202,128 )","weights",0.6724048578309576,0.74879770971888071,1.7161648752532761,1.0132086930959794,22
95,4,"DenseLayer( 7202,128 )","biases",0.022491181723317325,0.025431422887027773,0.057920269445832319,0.036916231690333985,22
95,6,"DenseLayer( 128,64 )","all",0.11610776582484117,0.13012721883874775,0.29732535813123506,0.17139004044920797,22
95,6,"DenseLayer( 128,64 )","weights",0.11365172991663011,0.12730218492002823,0.29095591295725615,0.1669659052012949,22
95,6,"DenseLayer( 128,64 )","biases",0.023661937650458903,0.02696751373957729,0.06121295045230829,0.038690211494554407,22
95,8,"DenseLayer( 64,1 )","all",0.073912124509063579,0.084888468345206955,0.18513086815999322,0.094767878973390229,22
95,8,"DenseLayer( 64,1 )","weights",0.06907574896517607,0.078946154491526907,0.17224356507101646,0.084227828390443849,22
95,8,"DenseLayer( 64,1 )","biases",0.025016052076931704,0.031201870921391393,0.072188243269920349,0.043435283005237579,22
96,0,"Conv2DLayer(1,8,5, stride=5, padding=0)","all",0.16943530115571642,0.20560851493272725,0.5430742305798365,0.5430742305798365,22
96,0,"Conv2DLayer(1,8,5, stride=5, padding=0)","weights",0.16704378075086976,0.2031437596845227,0.53775249615432197,0.53775249615432197,22
96,0,"Conv2DLayer(1,8,5, stride=5, padding=0)","biases",0.027738975229686467,0.03174073587802298,0.075841102310537076,0.075841102310537076,22
96,4,"DenseLayer( 7202,128 )","all",0.68763594352407365,0.77406541592965039,1.4206271394990186,1.317519719566896,22
96,4,"DenseLayer( 7202,128 )","weights",0.68726750398771397,0.77363948494174906,1.4197385210515829,1.3170633224963053,22
96,4,"DenseLayer( 7202,128 )","biases",0.022355374551585205,0.025675191867012597,0.050239439919537256,0.034675870322539076,22
96,6,"DenseLayer( 128,64 )","all",0.1192966171311351,0.13459056776087239,0.25522128444460235,0.22858880726556971,22
96,6,"DenseLayer( 128,64 )","weights",0.11694221285604044,0.13185413621724806,0.24942225369509577,0.22583500457512853,22
96,6,"DenseLayer( 128,64 )","biases",0.02338018972977729,0.027001994233711163,0.054096611679585953,0.035375040857184119,22
96,8,"DenseLayer( 64,1 )","all",0.077790788172611508,0.087248545970796232,0.15642414096076163,0.15088933671498128,22
96,8,"DenseLayer( 64,1 )","weights",0.073583930132426936,0.08239826083136538,0.15001971888635887,0.15001971888635887,22
96,8,"DenseLayer( 64,1 )","biases",0.023205256502313368,0.028685107390149706,0.06007809191942215,0.01617639884352684,22
97,0,"Conv2DLayer(1,8,5, stride=5, padding=0)","all",0.12001896795024133,0.1327464754713322,0.24650067552281615,0.094520121944358659,22
97,0,"Conv2DLayer(1,8,5, stride=5, padding=0)","weights",0.11792801974066455,0.13072180994935378,0.24407409599331317,0.091816947572345847,22
97,0,"Conv2DLayer(1,8,5, stride=5, padding=0)","biases",0.021662259702406393,0.023096215136381836,0.03785887945860901,0.022443297237115689,22
97,4,"DenseLayer( 7202,128 )","all",0.56725182961510989,0.63100640105389116,1.4328831431214826,0.45661204197144206,22
97,4,"DenseLayer( 7202,128 )","weights",0.56693996309014971,0.63064244598137853,1.431986959496877,0.4563858369871161,22
97,4,"DenseLayer( 7202,128 )","biases",0.018702172853934846,0.021428567325145257,0.050670007623731139,0.014370966247940676,22
97,6,"DenseLayer( 128,64 )","all",0.098030231228464881,0.11026954296043179,0.25664582363879868,0.070529915576184155,22
97,6,"DenseLayer( 128,64 )","weights",0.096048711519368085,0.10790731700399064,0.25069663866827652,0.06921408135884928,22
97,6,"DenseLayer( 128,64 )","biases",0.019496464714266682,0.022702049284211861,0.054938821899135723,0.01356023350957704,22
97,8,"DenseLayer( 64,1 )","all",0.062693362216332107,0.07170904471131595,0.16182436586682197,0.028415526251484198,22
97,8,"DenseLayer( 64,1 )","weights",0.059256694985805748,0.067099356534145935,0.14799641693441895,0.027371942384612546,22
97,8,"DenseLayer( 64,1 )","biases",0.018664628140289675,0.025295522254206896,0.065453693270683289,0.0076301312074065208,22
98,0,"Conv2DLayer(1,8,5, stride=5, padding=0)","all",0.14676290261703684,0.16252378804583323,0.29193816377692439,0.25433492515007128,22
98,0,"Conv2DLayer(1,8,5, stride=5, padding=0)","weights",0.14453039909059415,0.16039001769239067,0.28867382916458517,0.25194160917151209,22
98,0,"Conv2DLayer(1,8,5, stride=5, padding=0)","biases",0.024603935360060385,0.026249264854496981,0.043535179164650495,0.034809190153771367,22
98,4,"DenseLayer( 7202,128 )","all",0.70401816362870784,0.77339313912466812,1.4066114773354361,0.83839291484866652,22
98,4,"DenseLayer( 7202,128 )","weights",0.70362664804041064,0.77294542421132073,1.4057151477467895,0.83795916761736944,22
98,4,"DenseLayer( 7202,128 )","biases",0.02336205765675247,0.026311952338999647,0.050207285995162075,0.026965034293483691,22
98,6,"DenseLayer( 128,64 )","all",0.11762528118085082,0.13087701219216222,0.22350246716689481,0.14364511550860012,22
98,6,"DenseLayer( 128,64 )","weights",0.11521910376009357,0.12802538973988864,0.21787976367391329,0.14091954838366874,22
98,6,"DenseLayer( 128,64 )","biases",0.023415817718081582,0.027171527419285739,0.049817280245800198,0.027849597713825676,22
98,8,"DenseLayer( 64,1 )","all",0.073612896117895149,0.082974857599079715,0.14138670660540156,0.073428400732449703,22
98,8,"DenseLayer( 64,1 )","weights",0.06926665115432612,0.077263114564868007,0.12820449950827512,0.070959279536631378,22
98,8,"DenseLayer( 64,1 )","biases",0.022847543399124828,0.030252902692529161,0.059613816440105438,0.018881490454077721,22
99,0,"Conv2DLayer(1,8,5, stride=5, padding=0)","all",0.13900614843843459,0.16085338637323221,0.32354235687978922,0.32354235687978922,22
99,0,"Conv2DLayer(1,8,5, stride=5, padding=0)","weights",0.13672919475258455,0.15843918935586501,0.31820005652660965,0.31820005652660965,22
99,0,"Conv2DLayer(1,8,5, stride=5, padding=0)","biases",0.024621939229026855,0.027763918743446095,0.058552375885110731,0.058552375885110731,22
99,4,"DenseLayer( 7202,128 )","all",0.66043524739434878,0.70762869952298235,1.1570200288641737,1.1570200288641737,22
99,4,"DenseLayer( 7202,128 )","weights",0.66006812318207253,0.70722162817894563,1.1562977315218725,1.1562977315218725,22
99,4,"DenseLayer( 7202,128 )","biases",0.021872484181051303,0.023998854649928476,0.040876683698958846,0.040876683698958846,22
99,6,"DenseLayer( 128,64 )","all",0.11312872133556684,0.12255515862701449,0.22296632784227854,0.22296632784227854,22
99,6,"DenseLayer( 128,64 )","weights",0.11080358581454616,0.11993440159035584,0.21825847127170925,0.21825847127170925,22
99,6,"DenseLayer( 128,64 )","biases",0.022633176072130144,0.025209248724544279,0.045576562722597989,0.045576562722597989,22
99,8,"DenseLayer( 64,1 )","all",0.07368417521663688,0.083318454429970448,0.18983459250471738,0.18983459250471738,22
99,8,"DenseLayer( 64,1 )","weights",0.069169160033631327,0.078120244239093029,0.1793211791988118,0.1793211791988118,22
99,8,"DenseLayer( 64,1 )","biases",0.023670772651464424,0.028968815796016133,0.062298372387886047,0.062298372387886047,22
100,0,"Conv2DLayer(1,8,5, stride=5, padding=0)","all",0.15981724943171169,0.1876909441352482,0.38029849647588287,0.086907752832462284,22
100,0,"Conv2DLayer(1,8,5, stride=5, padding=0)","weights",0.15727041695517008,0.18518960881874574,0.37596384618762196,0.083902797847492425,22
100,0,"Conv2DLayer(1,8,5, stride=5, padding=0)","biases",0.027626618932091902,0.030540125997460824,0.057254980408932475,0.022655639822154176,22
100,4,"DenseLayer( 7202,128 )","all",0.72221888757363373,0.80711021814985928,1.7177597247054353,0.64034106977073979,22
100,4,"DenseLayer( 7202,128 )","weights",0.72182620168269573,0.80666153467905632,1.7166321575773893,0.64009995112138196,22
100,4,"DenseLayer( 7202,128 )","biases",0.023730805376726456,0.026908599204399301,0.062229473654291843,0.017570947883931702,22
100,6,"DenseLayer( 128,64 )","all",0.12799365349770439,0.14351363857351182,0.31140345343835857,0.10739440086089505,22
100,6,"DenseLayer( 128,64 )","weights",0.12543569349447473,0.14056547175897352,0.3038665739542778,0.10587571802643123,22
100,6,"DenseLayer( 128,64 )","biases",0.02537375704870657,0.028939810050962633,0.068097107476201887,0.017996934979552567,22
100,8,"DenseLayer( 64,1 )","all",0.087068807237100226,0.098551108370309407,0.21692238344319612,0.073336046032907221,22
100,8,"DenseLayer( 64,1 )","weights",0.082061637333083637,0.09248772137221932,0.19779797459169232,0.070001855005905139,22
100,8,"DenseLayer( 64,1 )","biases",0.028323776935311882,0.034034428985825461,0.089057743549346924,0.021861288696527481,22
