epoch,layer_index,layer_name,phase,bin_edges,counts,total_population
1,1,"LeakyReLULayer( 0.050000 )",pre_activation,"-10;-9.6875;-9.375;-9.0625;-8.75;-8.4375;-8.125;-7.8125;-7.5;-7.1875;-6.875;-6.5625;-6.25;-5.9375;-5.625;-5.3125;-5;-4.6875;-4.375;-4.0625;-3.75;-3.4375;-3.125;-2.8125;-2.5;-2.1875;-1.875;-1.5625;-1.25;-0.9375;-0.625;-0.3125;0;0.3125;0.625;0.9375;1.25;1.5625;1.875;2.1875;2.5;2.8125;3.125;3.4375;3.75;4.0625;4.375;4.6875;5;5.3125;5.625;5.9375;6.25;6.5625;6.875;7.1875;7.5;7.8125;8.125;8.4375;8.75;9.0625;9.375;9.6875;10","0;0;0;0;0;0;0;0;0;0;0;0;0;0;0;0;0;0;0;0;68;596;2014;4938;9831;21108;51655;114519;301772;728806;1331591;2372387;2276274;1377398;816242;277925;116595;56812;10669;0;0;0;0;0;0;0;0;0;0;0;0;0;0;0;0;0;0;0;0;0;0;0;0;0",9871200
1,1,"LeakyReLULayer( 0.050000 )",post_activation,"-10;-9.6875;-9.375;-9.0625;-8.75;-8.4375;-8.125;-7.8125;-7.5;-7.1875;-6.875;-6.5625;-6.25;-5.9375;-5.625;-5.3125;-5;-4.6875;-4.375;-4.0625;-3.75;-3.4375;-3.125;-2.8125;-2.5;-2.1875;-1.875;-1.5625;-1.25;-0.9375;-0.625;-0.3125;0;0.3125;0.625;0.9375;1.25;1.5625;1.875;2.1875;2.5;2.8125;3.125;3.4375;3.75;4.0625;4.375;4.6875;5;5.3125;5.625;5.9375;6.25;6.5625;6.875;7.1875;7.5;7.8125;8.125;8.4375;8.75;9.0625;9.375;9.6875;10","0;0;0;0;0;0;0;0;0;0;0;0;0;0;0;0;0;0;0;0;0;0;0;0;0;0;0;0;0;0;0;4939285;2276274;1377398;816242;277925;116595;56812;10669;0;0;0;0;0;0;0;0;0;0;0;0;0;0;0;0;0;0;0;0;0;0;0;0;0",9871200
1,5,"LeakyReLULayer( 0.050000 )",pre_activation,"-10;-9.6875;-9.375;-9.0625;-8.75;-8.4375;-8.125;-7.8125;-7.5;-7.1875;-6.875;-6.5625;-6.25;-5.9375;-5.625;-5.3125;-5;-4.6875;-4.375;-4.0625;-3.75;-3.4375;-3.125;-2.8125;-2.5;-2.1875;-1.875;-1.5625;-1.25;-0.9375;-0.625;-0.3125;0;0.3125;0.625;0.9375;1.25;1.5625;1.875;2.1875;2.5;2.8125;3.125;3.4375;3.75;4.0625;4.375;4.6875;5;5.3125;5.625;5.9375;6.25;6.5625;6.875;7.1875;7.5;7.8125;8.125;8.4375;8.75;9.0625;9.375;9.6875;10","0;0;0;0;0;0;0;0;0;0;0;0;0;0;0;0;0;0;0;0;0;0;0;0;0;0;405;1982;5253;12567;28534;40015;34342;26651;15920;6075;3035;696;13;0;0;0;0;0;0;0;0;0;0;0;0;0;0;0;0;0;0;0;0;0;0;0;0;0",175488
1,5,"LeakyReLULayer( 0.050000 )",post_activation,"-10;-9.6875;-9.375;-9.0625;-8.75;-8.4375;-8.125;-7.8125;-7.5;-7.1875;-6.875;-6.5625;-6.25;-5.9375;-5.625;-5.3125;-5;-4.6875;-4.375;-4.0625;-3.75;-3.4375;-3.125;-2.8125;-2.5;-2.1875;-1.875;-1.5625;-1.25;-0.9375;-0.625;-0.3125;0;0.3125;0.625;0.9375;1.25;1.5625;1.875;2.1875;2.5;2.8125;3.125;3.4375;3.75;4.0625;4.375;4.6875;5;5.3125;5.625;5.9375;6.25;6.5625;6.875;7.1875;7.5;7.8125;8.125;8.4375;8.75;9.0625;9.375;9.6875;10","0;0;0;0;0;0;0;0;0;0;0;0;0;0;0;0;0;0;0;0;0;0;0;0;0;0;0;0;0;0;0;88756;34342;26651;15920;6075;3035;696;13;0;0;0;0;0;0;0;0;0;0;0;0;0;0;0;0;0;0;0;0;0;0;0;0;0",175488
1,8,"LeakyReLULayer( 0.050000 )",pre_activation,"-10;-9.6875;-9.375;-9.0625;-8.75;-8.4375;-8.125;-7.8125;-7.5;-7.1875;-6.875;-6.5625;-6.25;-5.9375;-5.625;-5.3125;-5;-4.6875;-4.375;-4.0625;-3.75;-3.4375;-3.125;-2.8125;-2.5;-2.1875;-1.875;-1.5625;-1.25;-0.9375;-0.625;-0.3125;0;0.3125;0.625;0.9375;1.25;1.5625;1.875;2.1875;2.5;2.8125;3.125;3.4375;3.75;4.0625;4.375;4.6875;5;5.3125;5.625;5.9375;6.25;6.5625;6.875;7.1875;7.5;7.8125;8.125;8.4375;8.75;9.0625;9.375;9.6875;10","0;0;0;0;0;0;0;0;0;0;0;0;0;0;0;0;0;0;0;0;0;0;0;2;24;167;626;1903;4116;7738;13303;18208;18700;12843;6179;2386;997;396;129;24;3;0;0;0;0;0;0;0;0;0;0;0;0;0;0;0;0;0;0;0;0;0;0;0",87744
1,8,"LeakyReLULayer( 0.050000 )",post_activation,"-10;-9.6875;-9.375;-9.0625;-8.75;-8.4375;-8.125;-7.8125;-7.5;-7.1875;-6.875;-6.5625;-6.25;-5.9375;-5.625;-5.3125;-5;-4.6875;-4.375;-4.0625;-3.75;-3.4375;-3.125;-2.8125;-2.5;-2.1875;-1.875;-1.5625;-1.25;-0.9375;-0.625;-0.3125;0;0.3125;0.625;0.9375;1.25;1.5625;1.875;2.1875;2.5;2.8125;3.125;3.4375;3.75;4.0625;4.375;4.6875;5;5.3125;5.625;5.9375;6.25;6.5625;6.875;7.1875;7.5;7.8125;8.125;8.4375;8.75;9.0625;9.375;9.6875;10","0;0;0;0;0;0;0;0;0;0;0;0;0;0;0;0;0;0;0;0;0;0;0;0;0;0;0;0;0;0;0;46087;18700;12843;6179;2386;997;396;129;24;3;0;0;0;0;0;0;0;0;0;0;0;0;0;0;0;0;0;0;0;0;0;0;0",87744
2,1,"LeakyReLULayer( 0.050000 )",pre_activation,"-10;-9.6875;-9.375;-9.0625;-8.75;-8.4375;-8.125;-7.8125;-7.5;-7.1875;-6.875;-6.5625;-6.25;-5.9375;-5.625;-5.3125;-5;-4.6875;-4.375;-4.0625;-3.75;-3.4375;-3.125;-2.8125;-2.5;-2.1875;-1.875;-1.5625;-1.25;-0.9375;-0.625;-0.3125;0;0.3125;0.625;0.9375;1.25;1.5625;1.875;2.1875;2.5;2.8125;3.125;3.4375;3.75;4.0625;4.375;4.6875;5;5.3125;5.625;5.9375;6.25;6.5625;6.875;7.1875;7.5;7.8125;8.125;8.4375;8.75;9.0625;9.375;9.6875;10","0;0;0;0;0;0;0;0;0;0;0;0;0;0;0;0;0;0;0;0;58;555;1963;4808;9712;20878;51312;115053;304330;730504;1332546;2367231;2270932;1379064;818737;280080;117333;55891;10211;2;0;0;0;0;0;0;0;0;0;0;0;0;0;0;0;0;0;0;0;0;0;0;0;0",9871200
2,1,"LeakyReLULayer( 0.050000 )",post_activation,"-10;-9.6875;-9.375;-9.0625;-8.75;-8.4375;-8.125;-7.8125;-7.5;-7.1875;-6.875;-6.5625;-6.25;-5.9375;-5.625;-5.3125;-5;-4.6875;-4.375;-4.0625;-3.75;-3.4375;-3.125;-2.8125;-2.5;-2.1875;-1.875;-1.5625;-1.25;-0.9375;-0.625;-0.3125;0;0.3125;0.625;0.9375;1.25;1.5625;1.875;2.1875;2.5;2.8125;3.125;3.4375;3.75;4.0625;4.375;4.6875;5;5.3125;5.625;5.9375;6.25;6.5625;6.875;7.1875;7.5;7.8125;8.125;8.4375;8.75;9.0625;9.375;9.6875;10","0;0;0;0;0;0;0;0;0;0;0;0;0;0;0;0;0;0;0;0;0;0;0;0;0;0;0;0;0;0;0;4938950;2270932;1379064;818737;280080;117333;55891;10211;2;0;0;0;0;0;0;0;0;0;0;0;0;0;0;0;0;0;0;0;0;0;0;0;0",9871200
2,5,"LeakyReLULayer( 0.050000 )",pre_activation,"-10;-9.6875;-9.375;-9.0625;-8.75;-8.4375;-8.125;-7.8125;-7.5;-7.1875;-6.875;-6.5625;-6.25;-5.9375;-5.625;-5.3125;-5;-4.6875;-4.375;-4.0625;-3.75;-3.4375;-3.125;-2.8125;-2.5;-2.1875;-1.875;-1.5625;-1.25;-0.9375;-0.625;-0.3125;0;0.3125;0.625;0.9375;1.25;1.5625;1.875;2.1875;2.5;2.8125;3.125;3.4375;3.75;4.0625;4.375;4.6875;5;5.3125;5.625;5.9375;6.25;6.5625;6.875;7.1875;7.5;7.8125;8.125;8.4375;8.75;9.0625;9.375;9.6875;10","0;0;0;0;0;0;0;0;0;0;0;0;0;0;0;0;0;0;0;0;0;0;0;0;0;105;812;2157;6079;12757;25786;36337;35310;31067;14990;6892;2767;429;0;0;0;0;0;0;0;0;0;0;0;0;0;0;0;0;0;0;0;0;0;0;0;0;0;0",175488
2,5,"LeakyReLULayer( 0.050000 )",post_activation,"-10;-9.6875;-9.375;-9.0625;-8.75;-8.4375;-8.125;-7.8125;-7.5;-7.1875;-6.875;-6.5625;-6.25;-5.9375;-5.625;-5.3125;-5;-4.6875;-4.375;-4.0625;-3.75;-3.4375;-3.125;-2.8125;-2.5;-2.1875;-1.875;-1.5625;-1.25;-0.9375;-0.625;-0.3125;0;0.3125;0.625;0.9375;1.25;1.5625;1.875;2.1875;2.5;2.8125;3.125;3.4375;3.75;4.0625;4.375;4.6875;5;5.3125;5.625;5.9375;6.25;6.5625;6.875;7.1875;7.5;7.8125;8.125;8.4375;8.75;9.0625;9.375;9.6875;10","0;0;0;0;0;0;0;0;0;0;0;0;0;0;0;0;0;0;0;0;0;0;0;0;0;0;0;0;0;0;0;84033;35310;31067;14990;6892;2767;429;0;0;0;0;0;0;0;0;0;0;0;0;0;0;0;0;0;0;0;0;0;0;0;0;0;0",175488
2,8,"LeakyReLULayer( 0.050000 )",pre_activation,"-10;-9.6875;-9.375;-9.0625;-8.75;-8.4375;-8.125;-7.8125;-7.5;-7.1875;-6.875;-6.5625;-6.25;-5.9375;-5.625;-5.3125;-5;-4.6875;-4.375;-4.0625;-3.75;-3.4375;-3.125;-2.8125;-2.5;-2.1875;-1.875;-1.5625;-1.25;-0.9375;-0.625;-0.3125;0;0.3125;0.625;0.9375;1.25;1.5625;1.875;2.1875;2.5;2.8125;3.125;3.4375;3.75;4.0625;4.375;4.6875;5;5.3125;5.625;5.9375;6.25;6.5625;6.875;7.1875;7.5;7.8125;8.125;8.4375;8.75;9.0625;9.375;9.6875;10","0;0;0;0;0;0;0;0;0;0;0;0;0;0;0;0;0;0;0;0;0;0;0;2;12;143;735;2166;4555;8242;13427;17996;17533;12095;6251;2858;1152;433;122;19;2;1;0;0;0;0;0;0;0;0;0;0;0;0;0;0;0;0;0;0;0;0;0;0",87744
2,8,"LeakyReLULayer( 0.050000 )",post_activation,"-10;-9.6875;-9.375;-9.0625;-8.75;-8.4375;-8.125;-7.8125;-7.5;-7.1875;-6.875;-6.5625;-6.25;-5.9375;-5.625;-5.3125;-5;-4.6875;-4.375;-4.0625;-3.75;-3.4375;-3.125;-2.8125;-2.5;-2.1875;-1.875;-1.5625;-1.25;-0.9375;-0.625;-0.3125;0;0.3125;0.625;0.9375;1.25;1.5625;1.875;2.1875;2.5;2.8125;3.125;3.4375;3.75;4.0625;4.375;4.6875;5;5.3125;5.625;5.9375;6.25;6.5625;6.875;7.1875;7.5;7.8125;8.125;8.4375;8.75;9.0625;9.375;9.6875;10","0;0;0;0;0;0;0;0;0;0;0;0;0;0;0;0;0;0;0;0;0;0;0;0;0;0;0;0;0;0;0;47278;17533;12095;6251;2858;1152;433;122;19;2;1;0;0;0;0;0;0;0;0;0;0;0;0;0;0;0;0;0;0;0;0;0;0",87744
3,1,"LeakyReLULayer( 0.050000 )",pre_activation,"-10;-9.6875;-9.375;-9.0625;-8.75;-8.4375;-8.125;-7.8125;-7.5;-7.1875;-6.875;-6.5625;-6.25;-5.9375;-5.625;-5.3125;-5;-4.6875;-4.375;-4.0625;-3.75;-3.4375;-3.125;-2.8125;-2.5;-2.1875;-1.875;-1.5625;-1.25;-0.9375;-0.625;-0.3125;0;0.3125;0.625;0.9375;1.25;1.5625;1.875;2.1875;2.5;2.8125;3.125;3.4375;3.75;4.0625;4.375;4.6875;5;5.3125;5.625;5.9375;6.25;6.5625;6.875;7.1875;7.5;7.8125;8.125;8.4375;8.75;9.0625;9.375;9.6875;10","0;0;0;0;0;0;0;0;0;0;0;0;0;0;0;0;0;0;0;0;54;536;1887;4742;9568;20601;50711;114425;303214;729958;1335393;2368044;2272579;1380487;819088;278019;117226;54922;9744;2;0;0;0;0;0;0;0;0;0;0;0;0;0;0;0;0;0;0;0;0;0;0;0;0",9871200
3,1,"LeakyReLULayer( 0.050000 )",post_activation,"-10;-9.6875;-9.375;-9.0625;-8.75;-8.4375;-8.125;-7.8125;-7.5;-7.1875;-6.875;-6.5625;-6.25;-5.9375;-5.625;-5.3125;-5;-4.6875;-4.375;-4.0625;-3.75;-3.4375;-3.125;-2.8125;-2.5;-2.1875;-1.875;-1.5625;-1.25;-0.9375;-0.625;-0.3125;0;0.3125;0.625;0.9375;1.25;1.5625;1.875;2.1875;2.5;2.8125;3.125;3.4375;3.75;4.0625;4.375;4.6875;5;5.3125;5.625;5.9375;6.25;6.5625;6.875;7.1875;7.5;7.8125;8.125;8.4375;8.75;9.0625;9.375;9.6875;10","0;0;0;0;0;0;0;0;0;0;0;0;0;0;0;0;0;0;0;0;0;0;0;0;0;0;0;0;0;0;0;4939133;2272579;1380487;819088;278019;117226;54922;9744;2;0;0;0;0;0;0;0;0;0;0;0;0;0;0;0;0;0;0;0;0;0;0;0;0",9871200
3,5,"LeakyReLULayer( 0.050000 )",pre_activation,"-10;-9.6875;-9.375;-9.0625;-8.75;-8.4375;-8.125;-7.8125;-7.5;-7.1875;-6.875;-6.5625;-6.25;-5.9375;-5.625;-5.3125;-5;-4.6875;-4.375;-4.0625;-3.75;-3.4375;-3.125;-2.8125;-2.5;-2.1875;-1.875;-1.5625;-1.25;-0.9375;-0.625;-0.3125;0;0.3125;0.625;0.9375;1.25;1.5625;1.875;2.1875;2.5;2.8125;3.125;3.4375;3.75;4.0625;4.375;4.6875;5;5.3125;5.625;5.9375;6.25;6.5625;6.875;7.1875;7.5;7.8125;8.125;8.4375;8.75;9.0625;9.375;9.6875;10","0;0;0;0;0;0;0;0;0;0;0;0;0;0;0;0;0;0;0;0;0;0;0;0;0;234;788;2517;6614;12809;24591;35603;36125;33671;14150;6024;2267;95;0;0;0;0;0;0;0;0;0;0;0;0;0;0;0;0;0;0;0;0;0;0;0;0;0;0",175488
3,5,"LeakyReLULayer( 0.050000 )",post_activation,"-10;-9.6875;-9.375;-9.0625;-8.75;-8.4375;-8.125;-7.8125;-7.5;-7.1875;-6.875;-6.5625;-6.25;-5.9375;-5.625;-5.3125;-5;-4.6875;-4.375;-4.0625;-3.75;-3.4375;-3.125;-2.8125;-2.5;-2.1875;-1.875;-1.5625;-1.25;-0.9375;-0.625;-0.3125;0;0.3125;0.625;0.9375;1.25;1.5625;1.875;2.1875;2.5;2.8125;3.125;3.4375;3.75;4.0625;4.375;4.6875;5;5.3125;5.625;5.9375;6.25;6.5625;6.875;7.1875;7.5;7.8125;8.125;8.4375;8.75;9.0625;9.375;9.6875;10","0;0;0;0;0;0;0;0;0;0;0;0;0;0;0;0;0;0;0;0;0;0;0;0;0;0;0;0;0;0;0;83156;36125;33671;14150;6024;2267;95;0;0;0;0;0;0;0;0;0;0;0;0;0;0;0;0;0;0;0;0;0;0;0;0;0;0",175488
3,8,"LeakyReLULayer( 0.050000 )",pre_activation,"-10;-9.6875;-9.375;-9.0625;-8.75;-8.4375;-8.125;-7.8125;-7.5;-7.1875;-6.875;-6.5625;-6.25;-5.9375;-5.625;-5.3125;-5;-4.6875;-4.375;-4.0625;-3.75;-3.4375;-3.125;-2.8125;-2.5;-2.1875;-1.875;-1.5625;-1.25;-0.9375;-0.625;-0.3125;0;0.3125;0.625;0.9375;1.25;1.5625;1.875;2.1875;2.5;2.8125;3.125;3.4375;3.75;4.0625;4.375;4.6875;5;5.3125;5.625;5.9375;6.25;6.5625;6.875;7.1875;7.5;7.8125;8.125;8.4375;8.75;9.0625;9.375;9.6875;10","0;0;0;0;0;0;0;0;0;0;0;0;0;0;0;0;0;0;0;0;0;0;0;0;7;68;507;2050;4616;8822;14438;18839;17574;11447;5843;2436;815;220;57;5;0;0;0;0;0;0;0;0;0;0;0;0;0;0;0;0;0;0;0;0;0;0;0;0",87744
3,8,"LeakyReLULayer( 0.050000 )",post_activation,"-10;-9.6875;-9.375;-9.0625;-8.75;-8.4375;-8.125;-7.8125;-7.5;-7.1875;-6.875;-6.5625;-6.25;-5.9375;-5.625;-5.3125;-5;-4.6875;-4.375;-4.0625;-3.75;-3.4375;-3.125;-2.8125;-2.5;-2.1875;-1.875;-1.5625;-1.25;-0.9375;-0.625;-0.3125;0;0.3125;0.625;0.9375;1.25;1.5625;1.875;2.1875;2.5;2.8125;3.125;3.4375;3.75;4.0625;4.375;4.6875;5;5.3125;5.625;5.9375;6.25;6.5625;6.875;7.1875;7.5;7.8125;8.125;8.4375;8.75;9.0625;9.375;9.6875;10","0;0;0;0;0;0;0;0;0;0;0;0;0;0;0;0;0;0;0;0;0;0;0;0;0;0;0;0;0;0;0;49347;17574;11447;5843;2436;815;220;57;5;0;0;0;0;0;0;0;0;0;0;0;0;0;0;0;0;0;0;0;0;0;0;0;0",87744
4,1,"LeakyReLULayer( 0.050000 )",pre_activation,"-10;-9.6875;-9.375;-9.0625;-8.75;-8.4375;-8.125;-7.8125;-7.5;-7.1875;-6.875;-6.5625;-6.25;-5.9375;-5.625;-5.3125;-5;-4.6875;-4.375;-4.0625;-3.75;-3.4375;-3.125;-2.8125;-2.5;-2.1875;-1.875;-1.5625;-1.25;-0.9375;-0.625;-0.3125;0;0.3125;0.625;0.9375;1.25;1.5625;1.875;2.1875;2.5;2.8125;3.125;3.4375;3.75;4.0625;4.375;4.6875;5;5.3125;5.625;5.9375;6.25;6.5625;6.875;7.1875;7.5;7.8125;8.125;8.4375;8.75;9.0625;9.375;9.6875;10","0;0;0;0;0;0;0;0;0;0;0;0;0;0;0;0;0;0;0;0;51;506;1859;4678;9489;20369;50184;113622;301649;728798;1337677;2370310;2275082;1382870;817993;275471;116895;54342;9354;1;0;0;0;0;0;0;0;0;0;0;0;0;0;0;0;0;0;0;0;0;0;0;0;0",9871200
4,1,"LeakyReLULayer( 0.050000 )",post_activation,"-10;-9.6875;-9.375;-9.0625;-8.75;-8.4375;-8.125;-7.8125;-7.5;-7.1875;-6.875;-6.5625;-6.25;-5.9375;-5.625;-5.3125;-5;-4.6875;-4.375;-4.0625;-3.75;-3.4375;-3.125;-2.8125;-2.5;-2.1875;-1.875;-1.5625;-1.25;-0.9375;-0.625;-0.3125;0;0.3125;0.625;0.9375;1.25;1.5625;1.875;2.1875;2.5;2.8125;3.125;3.4375;3.75;4.0625;4.375;4.6875;5;5.3125;5.625;5.9375;6.25;6.5625;6.875;7.1875;7.5;7.8125;8.125;8.4375;8.75;9.0625;9.375;9.6875;10","0;0;0;0;0;0;0;0;0;0;0;0;0;0;0;0;0;0;0;0;0;0;0;0;0;0;0;0;0;0;0;4939192;2275082;1382870;817993;275471;116895;54342;9354;1;0;0;0;0;0;0;0;0;0;0;0;0;0;0;0;0;0;0;0;0;0;0;0;0",9871200
4,5,"LeakyReLULayer( 0.050000 )",pre_activation,"-10;-9.6875;-9.375;-9.0625;-8.75;-8.4375;-8.125;-7.8125;-7.5;-7.1875;-6.875;-6.5625;-6.25;-5.9375;-5.625;-5.3125;-5;-4.6875;-4.375;-4.0625;-3.75;-3.4375;-3.125;-2.8125;-2.5;-2.1875;-1.875;-1.5625;-1.25;-0.9375;-0.625;-0.3125;0;0.3125;0.625;0.9375;1.25;1.5625;1.875;2.1875;2.5;2.8125;3.125;3.4375;3.75;4.0625;4.375;4.6875;5;5.3125;5.625;5.9375;6.25;6.5625;6.875;7.1875;7.5;7.8125;8.125;8.4375;8.75;9.0625;9.375;9.6875;10","0;0;0;0;0;0;0;0;0;0;0;0;0;0;0;0;0;0;0;0;0;0;0;0;0;306;679;2881;6950;12444;23960;35470;38809;33672;13804;4988;1525;0;0;0;0;0;0;0;0;0;0;0;0;0;0;0;0;0;0;0;0;0;0;0;0;0;0;0",175488
4,5,"LeakyReLULayer( 0.050000 )",post_activation,"-10;-9.6875;-9.375;-9.0625;-8.75;-8.4375;-8.125;-7.8125;-7.5;-7.1875;-6.875;-6.5625;-6.25;-5.9375;-5.625;-5.3125;-5;-4.6875;-4.375;-4.0625;-3.75;-3.4375;-3.125;-2.8125;-2.5;-2.1875;-1.875;-1.5625;-1.25;-0.9375;-0.625;-0.3125;0;0.3125;0.625;0.9375;1.25;1.5625;1.875;2.1875;2.5;2.8125;3.125;3.4375;3.75;4.0625;4.375;4.6875;5;5.3125;5.625;5.9375;6.25;6.5625;6.875;7.1875;7.5;7.8125;8.125;8.4375;8.75;9.0625;9.375;9.6875;10","0;0;0;0;0;0;0;0;0;0;0;0;0;0;0;0;0;0;0;0;0;0;0;0;0;0;0;0;0;0;0;82690;38809;33672;13804;4988;1525;0;0;0;0;0;0;0;0;0;0;0;0;0;0;0;0;0;0;0;0;0;0;0;0;0;0;0",175488
4,8,"LeakyReLULayer( 0.050000 )",pre_activation,"-10;-9.6875;-9.375;-9.0625;-8.75;-8.4375;-8.125;-7.8125;-7.5;-7.1875;-6.875;-6.5625;-6.25;-5.9375;-5.625;-5.3125;-5;-4.6875;-4.375;-4.0625;-3.75;-3.4375;-3.125;-2.8125;-2.5;-2.1875;-1.875;-1.5625;-1.25;-0.9375;-0.625;-0.3125;0;0.3125;0.625;0.9375;1.25;1.5625;1.875;2.1875;2.5;2.8125;3.125;3.4375;3.75;4.0625;4.375;4.6875;5;5.3125;5.625;5.9375;6.25;6.5625;6.875;7.1875;7.5;7.8125;8.125;8.4375;8.75;9.0625;9.375;9.6875;10","0;0;0;0;0;0;0;0;0;0;0;0;0;0;0;0;0;0;0;0;0;0;0;0;1;38;349;1576;4295;9038;15229;20206;18212;11097;5236;1828;527;101;10;1;0;0;0;0;0;0;0;0;0;0;0;0;0;0;0;0;0;0;0;0;0;0;0;0",87744
4,8,"LeakyReLULayer( 0.050000 )",post_activation,"-10;-9.6875;-9.375;-9.0625;-8.75;-8.4375;-8.125;-7.8125;-7.5;-7.1875;-6.875;-6.5625;-6.25;-5.9375;-5.625;-5.3125;-5;-4.6875;-4.375;-4.0625;-3.75;-3.4375;-3.125;-2.8125;-2.5;-2.1875;-1.875;-1.5625;-1.25;-0.9375;-0.625;-0.3125;0;0.3125;0.625;0.9375;1.25;1.5625;1.875;2.1875;2.5;2.8125;3.125;3.4375;3.75;4.0625;4.375;4.6875;5;5.3125;5.625;5.9375;6.25;6.5625;6.875;7.1875;7.5;7.8125;8.125;8.4375;8.75;9.0625;9.375;9.6875;10","0;0;0;0;0;0;0;0;0;0;0;0;0;0;0;0;0;0;0;0;0;0;0;0;0;0;0;0;0;0;0;50732;18212;11097;5236;1828;527;101;10;1;0;0;0;0;0;0;0;0;0;0;0;0;0;0;0;0;0;0;0;0;0;0;0;0",87744
5,1,"LeakyReLULayer( 0.050000 )",pre_activation,"-10;-9.6875;-9.375;-9.0625;-8.75;-8.4375;-8.125;-7.8125;-7.5;-7.1875;-6.875;-6.5625;-6.25;-5.9375;-5.625;-5.3125;-5;-4.6875;-4.375;-4.0625;-3.75;-3.4375;-3.125;-2.8125;-2.5;-2.1875;-1.875;-1.5625;-1.25;-0.9375;-0.625;-0.3125;0;0.3125;0.625;0.9375;1.25;1.5625;1.875;2.1875;2.5;2.8125;3.125;3.4375;3.75;4.0625;4.375;4.6875;5;5.3125;5.625;5.9375;6.25;6.5625;6.875;7.1875;7.5;7.8125;8.125;8.4375;8.75;9.0625;9.375;9.6875;10","0;0;0;0;0;0;0;0;0;0;0;0;0;0;0;0;0;0;0;0;44;497;1838;4613;9459;20139;49867;112955;300393;727795;1340361;2370785;2276850;1385464;817276;273251;116647;53781;9184;1;0;0;0;0;0;0;0;0;0;0;0;0;0;0;0;0;0;0;0;0;0;0;0;0",9871200
5,1,"LeakyReLULayer( 0.050000 )",post_activation,"-10;-9.6875;-9.375;-9.0625;-8.75;-8.4375;-8.125;-7.8125;-7.5;-7.1875;-6.875;-6.5625;-6.25;-5.9375;-5.625;-5.3125;-5;-4.6875;-4.375;-4.0625;-3.75;-3.4375;-3.125;-2.8125;-2.5;-2.1875;-1.875;-1.5625;-1.25;-0.9375;-0.625;-0.3125;0;0.3125;0.625;0.9375;1.25;1.5625;1.875;2.1875;2.5;2.8125;3.125;3.4375;3.75;4.0625;4.375;4.6875;5;5.3125;5.625;5.9375;6.25;6.5625;6.875;7.1875;7.5;7.8125;8.125;8.4375;8.75;9.0625;9.375;9.6875;10","0;0;0;0;0;0;0;0;0;0;0;0;0;0;0;0;0;0;0;0;0;0;0;0;0;0;0;0;0;0;0;4938746;2276850;1385464;817276;273251;116647;53781;9184;1;0;0;0;0;0;0;0;0;0;0;0;0;0;0;0;0;0;0;0;0;0;0;0;0",9871200
5,5,"LeakyReLULayer( 0.050000 )",pre_activation,"-10;-9.6875;-9.375;-9.0625;-8.75;-8.4375;-8.125;-7.8125;-7.5;-7.1875;-6.875;-6.5625;-6.25;-5.9375;-5.625;-5.3125;-5;-4.6875;-4.375;-4.0625;-3.75;-3.4375;-3.125;-2.8125;-2.5;-2.1875;-1.875;-1.5625;-1.25;-0.9375;-0.625;-0.3125;0;0.3125;0.625;0.9375;1.25;1.5625;1.875;2.1875;2.5;2.8125;3.125;3.4375;3.75;4.0625;4.375;4.6875;5;5.3125;5.625;5.9375;6.25;6.5625;6.875;7.1875;7.5;7.8125;8.125;8.4375;8.75;9.0625;9.375;9.6875;10","0;0;0;0;0;0;0;0;0;0;0;0;0;0;0;0;0;0;0;0;0;0;0;0;0;341;813;3303;6529;12247;23763;35326;40271;34316;13603;4094;882;0;0;0;0;0;0;0;0;0;0;0;0;0;0;0;0;0;0;0;0;0;0;0;0;0;0;0",175488
5,5,"LeakyReLULayer( 0.050000 )",post_activation,"-10;-9.6875;-9.375;-9.0625;-8.75;-8.4375;-8.125;-7.8125;-7.5;-7.1875;-6.875;-6.5625;-6.25;-5.9375;-5.625;-5.3125;-5;-4.6875;-4.375;-4.0625;-3.75;-3.4375;-3.125;-2.8125;-2.5;-2.1875;-1.875;-1.5625;-1.25;-0.9375;-0.625;-0.3125;0;0.3125;0.625;0.9375;1.25;1.5625;1.875;2.1875;2.5;2.8125;3.125;3.4375;3.75;4.0625;4.375;4.6875;5;5.3125;5.625;5.9375;6.25;6.5625;6.875;7.1875;7.5;7.8125;8.125;8.4375;8.75;9.0625;9.375;9.6875;10","0;0;0;0;0;0;0;0;0;0;0;0;0;0;0;0;0;0;0;0;0;0;0;0;0;0;0;0;0;0;0;82322;40271;34316;13603;4094;882;0;0;0;0;0;0;0;0;0;0;0;0;0;0;0;0;0;0;0;0;0;0;0;0;0;0;0",175488
5,8,"LeakyReLULayer( 0.050000 )",pre_activation,"-10;-9.6875;-9.375;-9.0625;-8.75;-8.4375;-8.125;-7.8125;-7.5;-7.1875;-6.875;-6.5625;-6.25;-5.9375;-5.625;-5.3125;-5;-4.6875;-4.375;-4.0625;-3.75;-3.4375;-3.125;-2.8125;-2.5;-2.1875;-1.875;-1.5625;-1.25;-0.9375;-0.625;-0.3125;0;0.3125;0.625;0.9375;1.25;1.5625;1.875;2.1875;2.5;2.8125;3.125;3.4375;3.75;4.0625;4.375;4.6875;5;5.3125;5.625;5.9375;6.25;6.5625;6.875;7.1875;7.5;7.8125;8.125;8.4375;8.75;9.0625;9.375;9.6875;10","0;0;0;0;0;0;0;0;0;0;0;0;0;0;0;0;0;0;0;0;0;0;0;0;1;30;199;1297;3982;9079;15800;21461;18742;10690;4439;1511;447;62;4;0;0;0;0;0;0;0;0;0;0;0;0;0;0;0;0;0;0;0;0;0;0;0;0;0",87744
5,8,"LeakyReLULayer( 0.050000 )",post_activation,"-10;-9.6875;-9.375;-9.0625;-8.75;-8.4375;-8.125;-7.8125;-7.5;-7.1875;-6.875;-6.5625;-6.25;-5.9375;-5.625;-5.3125;-5;-4.6875;-4.375;-4.0625;-3.75;-3.4375;-3.125;-2.8125;-2.5;-2.1875;-1.875;-1.5625;-1.25;-0.9375;-0.625;-0.3125;0;0.3125;0.625;0.9375;1.25;1.5625;1.875;2.1875;2.5;2.8125;3.125;3.4375;3.75;4.0625;4.375;4.6875;5;5.3125;5.625;5.9375;6.25;6.5625;6.875;7.1875;7.5;7.8125;8.125;8.4375;8.75;9.0625;9.375;9.6875;10","0;0;0;0;0;0;0;0;0;0;0;0;0;0;0;0;0;0;0;0;0;0;0;0;0;0;0;0;0;0;0;51849;18742;10690;4439;1511;447;62;4;0;0;0;0;0;0;0;0;0;0;0;0;0;0;0;0;0;0;0;0;0;0;0;0;0",87744
6,1,"LeakyReLULayer( 0.050000 )",pre_activation,"-10;-9.6875;-9.375;-9.0625;-8.75;-8.4375;-8.125;-7.8125;-7.5;-7.1875;-6.875;-6.5625;-6.25;-5.9375;-5.625;-5.3125;-5;-4.6875;-4.375;-4.0625;-3.75;-3.4375;-3.125;-2.8125;-2.5;-2.1875;-1.875;-1.5625;-1.25;-0.9375;-0.625;-0.3125;0;0.3125;0.625;0.9375;1.25;1.5625;1.875;2.1875;2.5;2.8125;3.125;3.4375;3.75;4.0625;4.375;4.6875;5;5.3125;5.625;5.9375;6.25;6.5625;6.875;7.1875;7.5;7.8125;8.125;8.4375;8.75;9.0625;9.375;9.6875;10","0;0;0;0;0;0;0;0;0;0;0;0;0;0;0;0;0;0;0;0;41;477;1818;4599;9386;19934;49482;112385;299046;727135;1343130;2371361;2277618;1388805;815995;271356;116372;53242;9017;1;0;0;0;0;0;0;0;0;0;0;0;0;0;0;0;0;0;0;0;0;0;0;0;0",9871200
6,1,"LeakyReLULayer( 0.050000 )",post_activation,"-10;-9.6875;-9.375;-9.0625;-8.75;-8.4375;-8.125;-7.8125;-7.5;-7.1875;-6.875;-6.5625;-6.25;-5.9375;-5.625;-5.3125;-5;-4.6875;-4.375;-4.0625;-3.75;-3.4375;-3.125;-2.8125;-2.5;-2.1875;-1.875;-1.5625;-1.25;-0.9375;-0.625;-0.3125;0;0.3125;0.625;0.9375;1.25;1.5625;1.875;2.1875;2.5;2.8125;3.125;3.4375;3.75;4.0625;4.375;4.6875;5;5.3125;5.625;5.9375;6.25;6.5625;6.875;7.1875;7.5;7.8125;8.125;8.4375;8.75;9.0625;9.375;9.6875;10","0;0;0;0;0;0;0;0;0;0;0;0;0;0;0;0;0;0;0;0;0;0;0;0;0;0;0;0;0;0;0;4938794;2277618;1388805;815995;271356;116372;53242;9017;1;0;0;0;0;0;0;0;0;0;0;0;0;0;0;0;0;0;0;0;0;0;0;0;0",9871200
6,5,"LeakyReLULayer( 0.050000 )",pre_activation,"-10;-9.6875;-9.375;-9.0625;-8.75;-8.4375;-8.125;-7.8125;-7.5;-7.1875;-6.875;-6.5625;-6.25;-5.9375;-5.625;-5.3125;-5;-4.6875;-4.375;-4.0625;-3.75;-3.4375;-3.125;-2.8125;-2.5;-2.1875;-1.875;-1.5625;-1.25;-0.9375;-0.625;-0.3125;0;0.3125;0.625;0.9375;1.25;1.5625;1.875;2.1875;2.5;2.8125;3.125;3.4375;3.75;4.0625;4.375;4.6875;5;5.3125;5.625;5.9375;6.25;6.5625;6.875;7.1875;7.5;7.8125;8.125;8.4375;8.75;9.0625;9.375;9.6875;10","0;0;0;0;0;0;0;0;0;0;0;0;0;0;0;0;0;0;0;0;0;0;0;0;0;300;1009;3682;6090;12395;23670;36732;39822;35086;12899;3233;570;0;0;0;0;0;0;0;0;0;0;0;0;0;0;0;0;0;0;0;0;0;0;0;0;0;0;0",175488
6,5,"LeakyReLULayer( 0.050000 )",post_activation,"-10;-9.6875;-9.375;-9.0625;-8.75;-8.4375;-8.125;-7.8125;-7.5;-7.1875;-6.875;-6.5625;-6.25;-5.9375;-5.625;-5.3125;-5;-4.6875;-4.375;-4.0625;-3.75;-3.4375;-3.125;-2.8125;-2.5;-2.1875;-1.875;-1.5625;-1.25;-0.9375;-0.625;-0.3125;0;0.3125;0.625;0.9375;1.25;1.5625;1.875;2.1875;2.5;2.8125;3.125;3.4375;3.75;4.0625;4.375;4.6875;5;5.3125;5.625;5.9375;6.25;6.5625;6.875;7.1875;7.5;7.8125;8.125;8.4375;8.75;9.0625;9.375;9.6875;10","0;0;0;0;0;0;0;0;0;0;0;0;0;0;0;0;0;0;0;0;0;0;0;0;0;0;0;0;0;0;0;83878;39822;35086;12899;3233;570;0;0;0;0;0;0;0;0;0;0;0;0;0;0;0;0;0;0;0;0;0;0;0;0;0;0;0",175488
6,8,"LeakyReLULayer( 0.050000 )",pre_activation,"-10;-9.6875;-9.375;-9.0625;-8.75;-8.4375;-8.125;-7.8125;-7.5;-7.1875;-6.875;-6.5625;-6.25;-5.9375;-5.625;-5.3125;-5;-4.6875;-4.375;-4.0625;-3.75;-3.4375;-3.125;-2.8125;-2.5;-2.1875;-1.875;-1.5625;-1.25;-0.9375;-0.625;-0.3125;0;0.3125;0.625;0.9375;1.25;1.5625;1.875;2.1875;2.5;2.8125;3.125;3.4375;3.75;4.0625;4.375;4.6875;5;5.3125;5.625;5.9375;6.25;6.5625;6.875;7.1875;7.5;7.8125;8.125;8.4375;8.75;9.0625;9.375;9.6875;10","0;0;0;0;0;0;0;0;0;0;0;0;0;0;0;0;0;0;0;0;0;0;0;0;1;15;130;974;3519;8772;16564;22644;19319;10170;4003;1280;297;55;1;0;0;0;0;0;0;0;0;0;0;0;0;0;0;0;0;0;0;0;0;0;0;0;0;0",87744
6,8,"LeakyReLULayer( 0.050000 )",post_activation,"-10;-9.6875;-9.375;-9.0625;-8.75;-8.4375;-8.125;-7.8125;-7.5;-7.1875;-6.875;-6.5625;-6.25;-5.9375;-5.625;-5.3125;-5;-4.6875;-4.375;-4.0625;-3.75;-3.4375;-3.125;-2.8125;-2.5;-2.1875;-1.875;-1.5625;-1.25;-0.9375;-0.625;-0.3125;0;0.3125;0.625;0.9375;1.25;1.5625;1.875;2.1875;2.5;2.8125;3.125;3.4375;3.75;4.0625;4.375;4.6875;5;5.3125;5.625;5.9375;6.25;6.5625;6.875;7.1875;7.5;7.8125;8.125;8.4375;8.75;9.0625;9.375;9.6875;10","0;0;0;0;0;0;0;0;0;0;0;0;0;0;0;0;0;0;0;0;0;0;0;0;0;0;0;0;0;0;0;52619;19319;10170;4003;1280;297;55;1;0;0;0;0;0;0;0;0;0;0;0;0;0;0;0;0;0;0;0;0;0;0;0;0;0",87744
7,1,"LeakyReLULayer( 0.050000 )",pre_activation,"-10;-9.6875;-9.375;-9.0625;-8.75;-8.4375;-8.125;-7.8125;-7.5;-7.1875;-6.875;-6.5625;-6.25;-5.9375;-5.625;-5.3125;-5;-4.6875;-4.375;-4.0625;-3.75;-3.4375;-3.125;-2.8125;-2.5;-2.1875;-1.875;-1.5625;-1.25;-0.9375;-0.625;-0.3125;0;0.3125;0.625;0.9375;1.25;1.5625;1.875;2.1875;2.5;2.8125;3.125;3.4375;3.75;4.0625;4.375;4.6875;5;5.3125;5.625;5.9375;6.25;6.5625;6.875;7.1875;7.5;7.8125;8.125;8.4375;8.75;9.0625;9.375;9.6875;10","0;0;0;0;0;0;0;0;0;0;0;0;0;0;0;0;0;0;0;0;41;473;1780;4538;9353;19737;49147;111626;297666;726115;1345343;2372693;2279561;1391829;814502;269119;116091;52768;8818;0;0;0;0;0;0;0;0;0;0;0;0;0;0;0;0;0;0;0;0;0;0;0;0;0",9871200
7,1,"LeakyReLULayer( 0.050000 )",post_activation,"-10;-9.6875;-9.375;-9.0625;-8.75;-8.4375;-8.125;-7.8125;-7.5;-7.1875;-6.875;-6.5625;-6.25;-5.9375;-5.625;-5.3125;-5;-4.6875;-4.375;-4.0625;-3.75;-3.4375;-3.125;-2.8125;-2.5;-2.1875;-1.875;-1.5625;-1.25;-0.9375;-0.625;-0.3125;0;0.3125;0.625;0.9375;1.25;1.5625;1.875;2.1875;2.5;2.8125;3.125;3.4375;3.75;4.0625;4.375;4.6875;5;5.3125;5.625;5.9375;6.25;6.5625;6.875;7.1875;7.5;7.8125;8.125;8.4375;8.75;9.0625;9.375;9.6875;10","0;0;0;0;0;0;0;0;0;0;0;0;0;0;0;0;0;0;0;0;0;0;0;0;0;0;0;0;0;0;0;4938512;2279561;1391829;814502;269119;116091;52768;8818;0;0;0;0;0;0;0;0;0;0;0;0;0;0;0;0;0;0;0;0;0;0;0;0;0",9871200
7,5,"LeakyReLULayer( 0.050000 )",pre_activation,"-10;-9.6875;-9.375;-9.0625;-8.75;-8.4375;-8.125;-7.8125;-7.5;-7.1875;-6.875;-6.5625;-6.25;-5.9375;-5.625;-5.3125;-5;-4.6875;-4.375;-4.0625;-3.75;-3.4375;-3.125;-2.8125;-2.5;-2.1875;-1.875;-1.5625;-1.25;-0.9375;-0.625;-0.3125;0;0.3125;0.625;0.9375;1.25;1.5625;1.875;2.1875;2.5;2.8125;3.125;3.4375;3.75;4.0625;4.375;4.6875;5;5.3125;5.625;5.9375;6.25;6.5625;6.875;7.1875;7.5;7.8125;8.125;8.4375;8.75;9.0625;9.375;9.6875;10","0;0;0;0;0;0;0;0;0;0;0;0;0;0;0;0;0;0;0;0;0;0;0;0;3;292;1200;3921;6011;12234;23725;38702;40495;34238;11827;2491;349;0;0;0;0;0;0;0;0;0;0;0;0;0;0;0;0;0;0;0;0;0;0;0;0;0;0;0",175488
7,5,"LeakyReLULayer( 0.050000 )",post_activation,"-10;-9.6875;-9.375;-9.0625;-8.75;-8.4375;-8.125;-7.8125;-7.5;-7.1875;-6.875;-6.5625;-6.25;-5.9375;-5.625;-5.3125;-5;-4.6875;-4.375;-4.0625;-3.75;-3.4375;-3.125;-2.8125;-2.5;-2.1875;-1.875;-1.5625;-1.25;-0.9375;-0.625;-0.3125;0;0.3125;0.625;0.9375;1.25;1.5625;1.875;2.1875;2.5;2.8125;3.125;3.4375;3.75;4.0625;4.375;4.6875;5;5.3125;5.625;5.9375;6.25;6.5625;6.875;7.1875;7.5;7.8125;8.125;8.4375;8.75;9.0625;9.375;9.6875;10","0;0;0;0;0;0;0;0;0;0;0;0;0;0;0;0;0;0;0;0;0;0;0;0;0;0;0;0;0;0;0;86088;40495;34238;11827;2491;349;0;0;0;0;0;0;0;0;0;0;0;0;0;0;0;0;0;0;0;0;0;0;0;0;0;0;0",175488
7,8,"LeakyReLULayer( 0.050000 )",pre_activation,"-10;-9.6875;-9.375;-9.0625;-8.75;-8.4375;-8.125;-7.8125;-7.5;-7.1875;-6.875;-6.5625;-6.25;-5.9375;-5.625;-5.3125;-5;-4.6875;-4.375;-4.0625;-3.75;-3.4375;-3.125;-2.8125;-2.5;-2.1875;-1.875;-1.5625;-1.25;-0.9375;-0.625;-0.3125;0;0.3125;0.625;0.9375;1.25;1.5625;1.875;2.1875;2.5;2.8125;3.125;3.4375;3.75;4.0625;4.375;4.6875;5;5.3125;5.625;5.9375;6.25;6.5625;6.875;7.1875;7.5;7.8125;8.125;8.4375;8.75;9.0625;9.375;9.6875;10","0;0;0;0;0;0;0;0;0;0;0;0;0;0;0;0;0;0;0;0;0;0;0;0;0;12;99;693;2949;8334;17183;24155;19786;9719;3437;1089;255;31;2;0;0;0;0;0;0;0;0;0;0;0;0;0;0;0;0;0;0;0;0;0;0;0;0;0",87744
7,8,"LeakyReLULayer( 0.050000 )",post_activation,"-10;-9.6875;-9.375;-9.0625;-8.75;-8.4375;-8.125;-7.8125;-7.5;-7.1875;-6.875;-6.5625;-6.25;-5.9375;-5.625;-5.3125;-5;-4.6875;-4.375;-4.0625;-3.75;-3.4375;-3.125;-2.8125;-2.5;-2.1875;-1.875;-1.5625;-1.25;-0.9375;-0.625;-0.3125;0;0.3125;0.625;0.9375;1.25;1.5625;1.875;2.1875;2.5;2.8125;3.125;3.4375;3.75;4.0625;4.375;4.6875;5;5.3125;5.625;5.9375;6.25;6.5625;6.875;7.1875;7.5;7.8125;8.125;8.4375;8.75;9.0625;9.375;9.6875;10","0;0;0;0;0;0;0;0;0;0;0;0;0;0;0;0;0;0;0;0;0;0;0;0;0;0;0;0;0;0;0;53425;19786;9719;3437;1089;255;31;2;0;0;0;0;0;0;0;0;0;0;0;0;0;0;0;0;0;0;0;0;0;0;0;0;0",87744
8,1,"LeakyReLULayer( 0.050000 )",pre_activation,"-10;-9.6875;-9.375;-9.0625;-8.75;-8.4375;-8.125;-7.8125;-7.5;-7.1875;-6.875;-6.5625;-6.25;-5.9375;-5.625;-5.3125;-5;-4.6875;-4.375;-4.0625;-3.75;-3.4375;-3.125;-2.8125;-2.5;-2.1875;-1.875;-1.5625;-1.25;-0.9375;-0.625;-0.3125;0;0.3125;0.625;0.9375;1.25;1.5625;1.875;2.1875;2.5;2.8125;3.125;3.4375;3.75;4.0625;4.375;4.6875;5;5.3125;5.625;5.9375;6.25;6.5625;6.875;7.1875;7.5;7.8125;8.125;8.4375;8.75;9.0625;9.375;9.6875;10","0;0;0;0;0;0;0;0;0;0;0;0;0;0;0;0;0;0;0;0;41;465;1766;4513;9305;19598;48854;111098;296979;725865;1347298;2371902;2280286;1394195;814865;267149;115778;52520;8722;1;0;0;0;0;0;0;0;0;0;0;0;0;0;0;0;0;0;0;0;0;0;0;0;0",9871200
8,1,"LeakyReLULayer( 0.050000 )",post_activation,"-10;-9.6875;-9.375;-9.0625;-8.75;-8.4375;-8.125;-7.8125;-7.5;-7.1875;-6.875;-6.5625;-6.25;-5.9375;-5.625;-5.3125;-5;-4.6875;-4.375;-4.0625;-3.75;-3.4375;-3.125;-2.8125;-2.5;-2.1875;-1.875;-1.5625;-1.25;-0.9375;-0.625;-0.3125;0;0.3125;0.625;0.9375;1.25;1.5625;1.875;2.1875;2.5;2.8125;3.125;3.4375;3.75;4.0625;4.375;4.6875;5;5.3125;5.625;5.9375;6.25;6.5625;6.875;7.1875;7.5;7.8125;8.125;8.4375;8.75;9.0625;9.375;9.6875;10","0;0;0;0;0;0;0;0;0;0;0;0;0;0;0;0;0;0;0;0;0;0;0;0;0;0;0;0;0;0;0;4937684;2280286;1394195;814865;267149;115778;52520;8722;1;0;0;0;0;0;0;0;0;0;0;0;0;0;0;0;0;0;0;0;0;0;0;0;0",9871200
8,5,"LeakyReLULayer( 0.050000 )",pre_activation,"-10;-9.6875;-9.375;-9.0625;-8.75;-8.4375;-8.125;-7.8125;-7.5;-7.1875;-6.875;-6.5625;-6.25;-5.9375;-5.625;-5.3125;-5;-4.6875;-4.375;-4.0625;-3.75;-3.4375;-3.125;-2.8125;-2.5;-2.1875;-1.875;-1.5625;-1.25;-0.9375;-0.625;-0.3125;0;0.3125;0.625;0.9375;1.25;1.5625;1.875;2.1875;2.5;2.8125;3.125;3.4375;3.75;4.0625;4.375;4.6875;5;5.3125;5.625;5.9375;6.25;6.5625;6.875;7.1875;7.5;7.8125;8.125;8.4375;8.75;9.0625;9.375;9.6875;10","0;0;0;0;0;0;0;0;0;0;0;0;0;0;0;0;0;0;0;0;0;0;0;0;15;388;1454;3928;6272;11865;23246;39793;41642;32916;11660;2129;180;0;0;0;0;0;0;0;0;0;0;0;0;0;0;0;0;0;0;0;0;0;0;0;0;0;0;0",175488
8,5,"LeakyReLULayer( 0.050000 )",post_activation,"-10;-9.6875;-9.375;-9.0625;-8.75;-8.4375;-8.125;-7.8125;-7.5;-7.1875;-6.875;-6.5625;-6.25;-5.9375;-5.625;-5.3125;-5;-4.6875;-4.375;-4.0625;-3.75;-3.4375;-3.125;-2.8125;-2.5;-2.1875;-1.875;-1.5625;-1.25;-0.9375;-0.625;-0.3125;0;0.3125;0.625;0.9375;1.25;1.5625;1.875;2.1875;2.5;2.8125;3.125;3.4375;3.75;4.0625;4.375;4.6875;5;5.3125;5.625;5.9375;6.25;6.5625;6.875;7.1875;7.5;7.8125;8.125;8.4375;8.75;9.0625;9.375;9.6875;10","0;0;0;0;0;0;0;0;0;0;0;0;0;0;0;0;0;0;0;0;0;0;0;0;0;0;0;0;0;0;0;86961;41642;32916;11660;2129;180;0;0;0;0;0;0;0;0;0;0;0;0;0;0;0;0;0;0;0;0;0;0;0;0;0;0;0",175488
8,8,"LeakyReLULayer( 0.050000 )",pre_activation,"-10;-9.6875;-9.375;-9.0625;-8.75;-8.4375;-8.125;-7.8125;-7.5;-7.1875;-6.875;-6.5625;-6.25;-5.9375;-5.625;-5.3125;-5;-4.6875;-4.375;-4.0625;-3.75;-3.4375;-3.125;-2.8125;-2.5;-2.1875;-1.875;-1.5625;-1.25;-0.9375;-0.625;-0.3125;0;0.3125;0.625;0.9375;1.25;1.5625;1.875;2.1875;2.5;2.8125;3.125;3.4375;3.75;4.0625;4.375;4.6875;5;5.3125;5.625;5.9375;6.25;6.5625;6.875;7.1875;7.5;7.8125;8.125;8.4375;8.75;9.0625;9.375;9.6875;10","0;0;0;0;0;0;0;0;0;0;0;0;0;0;0;0;0;0;0;0;0;0;0;0;1;10;65;552;2703;7911;17674;25002;20067;9175;3324;975;249;35;1;0;0;0;0;0;0;0;0;0;0;0;0;0;0;0;0;0;0;0;0;0;0;0;0;0",87744
8,8,"LeakyReLULayer( 0.050000 )",post_activation,"-10;-9.6875;-9.375;-9.0625;-8.75;-8.4375;-8.125;-7.8125;-7.5;-7.1875;-6.875;-6.5625;-6.25;-5.9375;-5.625;-5.3125;-5;-4.6875;-4.375;-4.0625;-3.75;-3.4375;-3.125;-2.8125;-2.5;-2.1875;-1.875;-1.5625;-1.25;-0.9375;-0.625;-0.3125;0;0.3125;0.625;0.9375;1.25;1.5625;1.875;2.1875;2.5;2.8125;3.125;3.4375;3.75;4.0625;4.375;4.6875;5;5.3125;5.625;5.9375;6.25;6.5625;6.875;7.1875;7.5;7.8125;8.125;8.4375;8.75;9.0625;9.375;9.6875;10","0;0;0;0;0;0;0;0;0;0;0;0;0;0;0;0;0;0;0;0;0;0;0;0;0;0;0;0;0;0;0;53918;20067;9175;3324;975;249;35;1;0;0;0;0;0;0;0;0;0;0;0;0;0;0;0;0;0;0;0;0;0;0;0;0;0",87744
9,1,"LeakyReLULayer( 0.050000 )",pre_activation,"-10;-9.6875;-9.375;-9.0625;-8.75;-8.4375;-8.125;-7.8125;-7.5;-7.1875;-6.875;-6.5625;-6.25;-5.9375;-5.625;-5.3125;-5;-4.6875;-4.375;-4.0625;-3.75;-3.4375;-3.125;-2.8125;-2.5;-2.1875;-1.875;-1.5625;-1.25;-0.9375;-0.625;-0.3125;0;0.3125;0.625;0.9375;1.25;1.5625;1.875;2.1875;2.5;2.8125;3.125;3.4375;3.75;4.0625;4.375;4.6875;5;5.3125;5.625;5.9375;6.25;6.5625;6.875;7.1875;7.5;7.8125;8.125;8.4375;8.75;9.0625;9.375;9.6875;10","0;0;0;0;0;0;0;0;0;0;0;0;0;0;0;0;0;0;0;0;37;465;1737;4486;9235;19449;48619;110503;295745;724940;1348481;2373993;2282651;1395796;813388;265562;115416;52152;8545;0;0;0;0;0;0;0;0;0;0;0;0;0;0;0;0;0;0;0;0;0;0;0;0;0",9871200
9,1,"LeakyReLULayer( 0.050000 )",post_activation,"-10;-9.6875;-9.375;-9.0625;-8.75;-8.4375;-8.125;-7.8125;-7.5;-7.1875;-6.875;-6.5625;-6.25;-5.9375;-5.625;-5.3125;-5;-4.6875;-4.375;-4.0625;-3.75;-3.4375;-3.125;-2.8125;-2.5;-2.1875;-1.875;-1.5625;-1.25;-0.9375;-0.625;-0.3125;0;0.3125;0.625;0.9375;1.25;1.5625;1.875;2.1875;2.5;2.8125;3.125;3.4375;3.75;4.0625;4.375;4.6875;5;5.3125;5.625;5.9375;6.25;6.5625;6.875;7.1875;7.5;7.8125;8.125;8.4375;8.75;9.0625;9.375;9.6875;10","0;0;0;0;0;0;0;0;0;0;0;0;0;0;0;0;0;0;0;0;0;0;0;0;0;0;0;0;0;0;0;4937690;2282651;1395796;813388;265562;115416;52152;8545;0;0;0;0;0;0;0;0;0;0;0;0;0;0;0;0;0;0;0;0;0;0;0;0;0",9871200
9,5,"LeakyReLULayer( 0.050000 )",pre_activation,"-10;-9.6875;-9.375;-9.0625;-8.75;-8.4375;-8.125;-7.8125;-7.5;-7.1875;-6.875;-6.5625;-6.25;-5.9375;-5.625;-5.3125;-5;-4.6875;-4.375;-4.0625;-3.75;-3.4375;-3.125;-2.8125;-2.5;-2.1875;-1.875;-1.5625;-1.25;-0.9375;-0.625;-0.3125;0;0.3125;0.625;0.9375;1.25;1.5625;1.875;2.1875;2.5;2.8125;3.125;3.4375;3.75;4.0625;4.375;4.6875;5;5.3125;5.625;5.9375;6.25;6.5625;6.875;7.1875;7.5;7.8125;8.125;8.4375;8.75;9.0625;9.375;9.6875;10","0;0;0;0;0;0;0;0;0;0;0;0;0;0;0;0;0;0;0;0;0;0;0;0;12;458;1552;3728;6367;12230;23336;41402;42519;31122;10798;1913;51;0;0;0;0;0;0;0;0;0;0;0;0;0;0;0;0;0;0;0;0;0;0;0;0;0;0;0",175488
9,5,"LeakyReLULayer( 0.050000 )",post_activation,"-10;-9.6875;-9.375;-9.0625;-8.75;-8.4375;-8.125;-7.8125;-7.5;-7.1875;-6.875;-6.5625;-6.25;-5.9375;-5.625;-5.3125;-5;-4.6875;-4.375;-4.0625;-3.75;-3.4375;-3.125;-2.8125;-2.5;-2.1875;-1.875;-1.5625;-1.25;-0.9375;-0.625;-0.3125;0;0.3125;0.625;0.9375;1.25;1.5625;1.875;2.1875;2.5;2.8125;3.125;3.4375;3.75;4.0625;4.375;4.6875;5;5.3125;5.625;5.9375;6.25;6.5625;6.875;7.1875;7.5;7.8125;8.125;8.4375;8.75;9.0625;9.375;9.6875;10","0;0;0;0;0;0;0;0;0;0;0;0;0;0;0;0;0;0;0;0;0;0;0;0;0;0;0;0;0;0;0;89085;42519;31122;10798;1913;51;0;0;0;0;0;0;0;0;0;0;0;0;0;0;0;0;0;0;0;0;0;0;0;0;0;0;0",175488
9,8,"LeakyReLULayer( 0.050000 )",pre_activation,"-10;-9.6875;-9.375;-9.0625;-8.75;-8.4375;-8.125;-7.8125;-7.5;-7.1875;-6.875;-6.5625;-6.25;-5.9375;-5.625;-5.3125;-5;-4.6875;-4.375;-4.0625;-3.75;-3.4375;-3.125;-2.8125;-2.5;-2.1875;-1.875;-1.5625;-1.25;-0.9375;-0.625;-0.3125;0;0.3125;0.625;0.9375;1.25;1.5625;1.875;2.1875;2.5;2.8125;3.125;3.4375;3.75;4.0625;4.375;4.6875;5;5.3125;5.625;5.9375;6.25;6.5625;6.875;7.1875;7.5;7.8125;8.125;8.4375;8.75;9.0625;9.375;9.6875;10","0;0;0;0;0;0;0;0;0;0;0;0;0;0;0;0;0;0;0;0;0;0;0;0;0;3;51;402;2244;7560;17928;26485;20282;8797;2993;805;167;26;1;0;0;0;0;0;0;0;0;0;0;0;0;0;0;0;0;0;0;0;0;0;0;0;0;0",87744
9,8,"LeakyReLULayer( 0.050000 )",post_activation,"-10;-9.6875;-9.375;-9.0625;-8.75;-8.4375;-8.125;-7.8125;-7.5;-7.1875;-6.875;-6.5625;-6.25;-5.9375;-5.625;-5.3125;-5;-4.6875;-4.375;-4.0625;-3.75;-3.4375;-3.125;-2.8125;-2.5;-2.1875;-1.875;-1.5625;-1.25;-0.9375;-0.625;-0.3125;0;0.3125;0.625;0.9375;1.25;1.5625;1.875;2.1875;2.5;2.8125;3.125;3.4375;3.75;4.0625;4.375;4.6875;5;5.3125;5.625;5.9375;6.25;6.5625;6.875;7.1875;7.5;7.8125;8.125;8.4375;8.75;9.0625;9.375;9.6875;10","0;0;0;0;0;0;0;0;0;0;0;0;0;0;0;0;0;0;0;0;0;0;0;0;0;0;0;0;0;0;0;54673;20282;8797;2993;805;167;26;1;0;0;0;0;0;0;0;0;0;0;0;0;0;0;0;0;0;0;0;0;0;0;0;0;0",87744
10,1,"LeakyReLULayer( 0.050000 )",pre_activation,"-10;-9.6875;-9.375;-9.0625;-8.75;-8.4375;-8.125;-7.8125;-7.5;-7.1875;-6.875;-6.5625;-6.25;-5.9375;-5.625;-5.3125;-5;-4.6875;-4.375;-4.0625;-3.75;-3.4375;-3.125;-2.8125;-2.5;-2.1875;-1.875;-1.5625;-1.25;-0.9375;-0.625;-0.3125;0;0.3125;0.625;0.9375;1.25;1.5625;1.875;2.1875;2.5;2.8125;3.125;3.4375;3.75;4.0625;4.375;4.6875;5;5.3125;5.625;5.9375;6.25;6.5625;6.875;7.1875;7.5;7.8125;8.125;8.4375;8.75;9.0625;9.375;9.6875;10","0;0;0;0;0;0;0;0;0;0;0;0;0;0;0;0;0;0;0;0;37;458;1704;4466;9210;19344;48464;110152;295241;724683;1350123;2373582;2282219;1397950;813297;264738;115260;51810;8462;0;0;0;0;0;0;0;0;0;0;0;0;0;0;0;0;0;0;0;0;0;0;0;0;0",9871200
10,1,"LeakyReLULayer( 0.050000 )",post_activation,"-10;-9.6875;-9.375;-9.0625;-8.75;-8.4375;-8.125;-7.8125;-7.5;-7.1875;-6.875;-6.5625;-6.25;-5.9375;-5.625;-5.3125;-5;-4.6875;-4.375;-4.0625;-3.75;-3.4375;-3.125;-2.8125;-2.5;-2.1875;-1.875;-1.5625;-1.25;-0.9375;-0.625;-0.3125;0;0.3125;0.625;0.9375;1.25;1.5625;1.875;2.1875;2.5;2.8125;3.125;3.4375;3.75;4.0625;4.375;4.6875;5;5.3125;5.625;5.9375;6.25;6.5625;6.875;7.1875;7.5;7.8125;8.125;8.4375;8.75;9.0625;9.375;9.6875;10","0;0;0;0;0;0;0;0;0;0;0;0;0;0;0;0;0;0;0;0;0;0;0;0;0;0;0;0;0;0;0;4937464;2282219;1397950;813297;264738;115260;51810;8462;0;0;0;0;0;0;0;0;0;0;0;0;0;0;0;0;0;0;0;0;0;0;0;0;0",9871200
10,5,"LeakyReLULayer( 0.050000 )",pre_activation,"-10;-9.6875;-9.375;-9.0625;-8.75;-8.4375;-8.125;-7.8125;-7.5;-7.1875;-6.875;-6.5625;-6.25;-5.9375;-5.625;-5.3125;-5;-4.6875;-4.375;-4.0625;-3.75;-3.4375;-3.125;-2.8125;-2.5;-2.1875;-1.875;-1.5625;-1.25;-0.9375;-0.625;-0.3125;0;0.3125;0.625;0.9375;1.25;1.5625;1.875;2.1875;2.5;2.8125;3.125;3.4375;3.75;4.0625;4.375;4.6875;5;5.3125;5.625;5.9375;6.25;6.5625;6.875;7.1875;7.5;7.8125;8.125;8.4375;8.75;9.0625;9.375;9.6875;10","0;0;0;0;0;0;0;0;0;0;0;0;0;0;0;0;0;0;0;0;0;0;0;0;15;514;1674;3524;6505;12016;23074;42503;43483;30575;9818;1759;28;0;0;0;0;0;0;0;0;0;0;0;0;0;0;0;0;0;0;0;0;0;0;0;0;0;0;0",175488
10,5,"LeakyReLULayer( 0.050000 )",post_activation,"-10;-9.6875;-9.375;-9.0625;-8.75;-8.4375;-8.125;-7.8125;-7.5;-7.1875;-6.875;-6.5625;-6.25;-5.9375;-5.625;-5.3125;-5;-4.6875;-4.375;-4.0625;-3.75;-3.4375;-3.125;-2.8125;-2.5;-2.1875;-1.875;-1.5625;-1.25;-0.9375;-0.625;-0.3125;0;0.3125;0.625;0.9375;1.25;1.5625;1.875;2.1875;2.5;2.8125;3.125;3.4375;3.75;4.0625;4.375;4.6875;5;5.3125;5.625;5.9375;6.25;6.5625;6.875;7.1875;7.5;7.8125;8.125;8.4375;8.75;9.0625;9.375;9.6875;10","0;0;0;0;0;0;0;0;0;0;0;0;0;0;0;0;0;0;0;0;0;0;0;0;0;0;0;0;0;0;0;89825;43483;30575;9818;1759;28;0;0;0;0;0;0;0;0;0;0;0;0;0;0;0;0;0;0;0;0;0;0;0;0;0;0;0",175488
10,8,"LeakyReLULayer( 0.050000 )",pre_activation,"-10;-9.6875;-9.375;-9.0625;-8.75;-8.4375;-8.125;-7.8125;-7.5;-7.1875;-6.875;-6.5625;-6.25;-5.9375;-5.625;-5.3125;-5;-4.6875;-4.375;-4.0625;-3.75;-3.4375;-3.125;-2.8125;-2.5;-2.1875;-1.875;-1.5625;-1.25;-0.9375;-0.625;-0.3125;0;0.3125;0.625;0.9375;1.25;1.5625;1.875;2.1875;2.5;2.8125;3.125;3.4375;3.75;4.0625;4.375;4.6875;5;5.3125;5.625;5.9375;6.25;6.5625;6.875;7.1875;7.5;7.8125;8.125;8.4375;8.75;9.0625;9.375;9.6875;10","0;0;0;0;0;0;0;0;0;0;0;0;0;0;0;0;0;0;0;0;0;0;0;0;0;3;38;377;1943;7004;17634;27123;20964;8758;2853;867;167;13;0;0;0;0;0;0;0;0;0;0;0;0;0;0;0;0;0;0;0;0;0;0;0;0;0;0",87744
10,8,"LeakyReLULayer( 0.050000 )",post_activation,"-10;-9.6875;-9.375;-9.0625;-8.75;-8.4375;-8.125;-7.8125;-7.5;-7.1875;-6.875;-6.5625;-6.25;-5.9375;-5.625;-5.3125;-5;-4.6875;-4.375;-4.0625;-3.75;-3.4375;-3.125;-2.8125;-2.5;-2.1875;-1.875;-1.5625;-1.25;-0.9375;-0.625;-0.3125;0;0.3125;0.625;0.9375;1.25;1.5625;1.875;2.1875;2.5;2.8125;3.125;3.4375;3.75;4.0625;4.375;4.6875;5;5.3125;5.625;5.9375;6.25;6.5625;6.875;7.1875;7.5;7.8125;8.125;8.4375;8.75;9.0625;9.375;9.6875;10","0;0;0;0;0;0;0;0;0;0;0;0;0;0;0;0;0;0;0;0;0;0;0;0;0;0;0;0;0;0;0;54122;20964;8758;2853;867;167;13;0;0;0;0;0;0;0;0;0;0;0;0;0;0;0;0;0;0;0;0;0;0;0;0;0;0",87744
11,1,"LeakyReLULayer( 0.050000 )",pre_activation,"-10;-9.6875;-9.375;-9.0625;-8.75;-8.4375;-8.125;-7.8125;-7.5;-7.1875;-6.875;-6.5625;-6.25;-5.9375;-5.625;-5.3125;-5;-4.6875;-4.375;-4.0625;-3.75;-3.4375;-3.125;-2.8125;-2.5;-2.1875;-1.875;-1.5625;-1.25;-0.9375;-0.625;-0.3125;0;0.3125;0.625;0.9375;1.25;1.5625;1.875;2.1875;2.5;2.8125;3.125;3.4375;3.75;4.0625;4.375;4.6875;5;5.3125;5.625;5.9375;6.25;6.5625;6.875;7.1875;7.5;7.8125;8.125;8.4375;8.75;9.0625;9.375;9.6875;10","0;0;0;0;0;0;0;0;0;0;0;0;0;0;0;0;0;0;0;0;31;446;1694;4432;9146;19190;48231;109804;294355;724612;1351214;2374243;2283042;1399290;813234;263494;115045;51354;8343;0;0;0;0;0;0;0;0;0;0;0;0;0;0;0;0;0;0;0;0;0;0;0;0;0",9871200
11,1,"LeakyReLULayer( 0.050000 )",post_activation,"-10;-9.6875;-9.375;-9.0625;-8.75;-8.4375;-8.125;-7.8125;-7.5;-7.1875;-6.875;-6.5625;-6.25;-5.9375;-5.625;-5.3125;-5;-4.6875;-4.375;-4.0625;-3.75;-3.4375;-3.125;-2.8125;-2.5;-2.1875;-1.875;-1.5625;-1.25;-0.9375;-0.625;-0.3125;0;0.3125;0.625;0.9375;1.25;1.5625;1.875;2.1875;2.5;2.8125;3.125;3.4375;3.75;4.0625;4.375;4.6875;5;5.3125;5.625;5.9375;6.25;6.5625;6.875;7.1875;7.5;7.8125;8.125;8.4375;8.75;9.0625;9.375;9.6875;10","0;0;0;0;0;0;0;0;0;0;0;0;0;0;0;0;0;0;0;0;0;0;0;0;0;0;0;0;0;0;0;4937398;2283042;1399290;813234;263494;115045;51354;8343;0;0;0;0;0;0;0;0;0;0;0;0;0;0;0;0;0;0;0;0;0;0;0;0;0",9871200
11,5,"LeakyReLULayer( 0.050000 )",pre_activation,"-10;-9.6875;-9.375;-9.0625;-8.75;-8.4375;-8.125;-7.8125;-7.5;-7.1875;-6.875;-6.5625;-6.25;-5.9375;-5.625;-5.3125;-5;-4.6875;-4.375;-4.0625;-3.75;-3.4375;-3.125;-2.8125;-2.5;-2.1875;-1.875;-1.5625;-1.25;-0.9375;-0.625;-0.3125;0;0.3125;0.625;0.9375;1.25;1.5625;1.875;2.1875;2.5;2.8125;3.125;3.4375;3.75;4.0625;4.375;4.6875;5;5.3125;5.625;5.9375;6.25;6.5625;6.875;7.1875;7.5;7.8125;8.125;8.4375;8.75;9.0625;9.375;9.6875;10","0;0;0;0;0;0;0;0;0;0;0;0;0;0;0;0;0;0;0;0;0;0;0;0;16;574;1796;3184;6732;12421;23031;43323;44104;30307;8395;1586;19;0;0;0;0;0;0;0;0;0;0;0;0;0;0;0;0;0;0;0;0;0;0;0;0;0;0;0",175488
11,5,"LeakyReLULayer( 0.050000 )",post_activation,"-10;-9.6875;-9.375;-9.0625;-8.75;-8.4375;-8.125;-7.8125;-7.5;-7.1875;-6.875;-6.5625;-6.25;-5.9375;-5.625;-5.3125;-5;-4.6875;-4.375;-4.0625;-3.75;-3.4375;-3.125;-2.8125;-2.5;-2.1875;-1.875;-1.5625;-1.25;-0.9375;-0.625;-0.3125;0;0.3125;0.625;0.9375;1.25;1.5625;1.875;2.1875;2.5;2.8125;3.125;3.4375;3.75;4.0625;4.375;4.6875;5;5.3125;5.625;5.9375;6.25;6.5625;6.875;7.1875;7.5;7.8125;8.125;8.4375;8.75;9.0625;9.375;9.6875;10","0;0;0;0;0;0;0;0;0;0;0;0;0;0;0;0;0;0;0;0;0;0;0;0;0;0;0;0;0;0;0;91077;44104;30307;8395;1586;19;0;0;0;0;0;0;0;0;0;0;0;0;0;0;0;0;0;0;0;0;0;0;0;0;0;0;0",175488
11,8,"LeakyReLULayer( 0.050000 )",pre_activation,"-10;-9.6875;-9.375;-9.0625;-8.75;-8.4375;-8.125;-7.8125;-7.5;-7.1875;-6.875;-6.5625;-6.25;-5.9375;-5.625;-5.3125;-5;-4.6875;-4.375;-4.0625;-3.75;-3.4375;-3.125;-2.8125;-2.5;-2.1875;-1.875;-1.5625;-1.25;-0.9375;-0.625;-0.3125;0;0.3125;0.625;0.9375;1.25;1.5625;1.875;2.1875;2.5;2.8125;3.125;3.4375;3.75;4.0625;4.375;4.6875;5;5.3125;5.625;5.9375;6.25;6.5625;6.875;7.1875;7.5;7.8125;8.125;8.4375;8.75;9.0625;9.375;9.6875;10","0;0;0;0;0;0;0;0;0;0;0;0;0;0;0;0;0;0;0;0;0;0;0;0;0;6;31;314;1797;6679;17139;27939;21574;8607;2707;779;153;18;1;0;0;0;0;0;0;0;0;0;0;0;0;0;0;0;0;0;0;0;0;0;0;0;0;0",87744
11,8,"LeakyReLULayer( 0.050000 )",post_activation,"-10;-9.6875;-9.375;-9.0625;-8.75;-8.4375;-8.125;-7.8125;-7.5;-7.1875;-6.875;-6.5625;-6.25;-5.9375;-5.625;-5.3125;-5;-4.6875;-4.375;-4.0625;-3.75;-3.4375;-3.125;-2.8125;-2.5;-2.1875;-1.875;-1.5625;-1.25;-0.9375;-0.625;-0.3125;0;0.3125;0.625;0.9375;1.25;1.5625;1.875;2.1875;2.5;2.8125;3.125;3.4375;3.75;4.0625;4.375;4.6875;5;5.3125;5.625;5.9375;6.25;6.5625;6.875;7.1875;7.5;7.8125;8.125;8.4375;8.75;9.0625;9.375;9.6875;10","0;0;0;0;0;0;0;0;0;0;0;0;0;0;0;0;0;0;0;0;0;0;0;0;0;0;0;0;0;0;0;53905;21574;8607;2707;779;153;18;1;0;0;0;0;0;0;0;0;0;0;0;0;0;0;0;0;0;0;0;0;0;0;0;0;0",87744
12,1,"LeakyReLULayer( 0.050000 )",pre_activation,"-10;-9.6875;-9.375;-9.0625;-8.75;-8.4375;-8.125;-7.8125;-7.5;-7.1875;-6.875;-6.5625;-6.25;-5.9375;-5.625;-5.3125;-5;-4.6875;-4.375;-4.0625;-3.75;-3.4375;-3.125;-2.8125;-2.5;-2.1875;-1.875;-1.5625;-1.25;-0.9375;-0.625;-0.3125;0;0.3125;0.625;0.9375;1.25;1.5625;1.875;2.1875;2.5;2.8125;3.125;3.4375;3.75;4.0625;4.375;4.6875;5;5.3125;5.625;5.9375;6.25;6.5625;6.875;7.1875;7.5;7.8125;8.125;8.4375;8.75;9.0625;9.375;9.6875;10","0;0;0;0;0;0;0;0;0;0;0;0;0;0;0;0;0;0;0;0;30;424;1692;4408;9070;19085;48004;109515;293893;724535;1352398;2374253;2283234;1400630;813236;262742;114951;50875;8225;0;0;0;0;0;0;0;0;0;0;0;0;0;0;0;0;0;0;0;0;0;0;0;0;0",9871200
12,1,"LeakyReLULayer( 0.050000 )",post_activation,"-10;-9.6875;-9.375;-9.0625;-8.75;-8.4375;-8.125;-7.8125;-7.5;-7.1875;-6.875;-6.5625;-6.25;-5.9375;-5.625;-5.3125;-5;-4.6875;-4.375;-4.0625;-3.75;-3.4375;-3.125;-2.8125;-2.5;-2.1875;-1.875;-1.5625;-1.25;-0.9375;-0.625;-0.3125;0;0.3125;0.625;0.9375;1.25;1.5625;1.875;2.1875;2.5;2.8125;3.125;3.4375;3.75;4.0625;4.375;4.6875;5;5.3125;5.625;5.9375;6.25;6.5625;6.875;7.1875;7.5;7.8125;8.125;8.4375;8.75;9.0625;9.375;9.6875;10","0;0;0;0;0;0;0;0;0;0;0;0;0;0;0;0;0;0;0;0;0;0;0;0;0;0;0;0;0;0;0;4937307;2283234;1400630;813236;262742;114951;50875;8225;0;0;0;0;0;0;0;0;0;0;0;0;0;0;0;0;0;0;0;0;0;0;0;0;0",9871200
12,5,"LeakyReLULayer( 0.050000 )",pre_activation,"-10;-9.6875;-9.375;-9.0625;-8.75;-8.4375;-8.125;-7.8125;-7.5;-7.1875;-6.875;-6.5625;-6.25;-5.9375;-5.625;-5.3125;-5;-4.6875;-4.375;-4.0625;-3.75;-3.4375;-3.125;-2.8125;-2.5;-2.1875;-1.875;-1.5625;-1.25;-0.9375;-0.625;-0.3125;0;0.3125;0.625;0.9375;1.25;1.5625;1.875;2.1875;2.5;2.8125;3.125;3.4375;3.75;4.0625;4.375;4.6875;5;5.3125;5.625;5.9375;6.25;6.5625;6.875;7.1875;7.5;7.8125;8.125;8.4375;8.75;9.0625;9.375;9.6875;10","0;0;0;0;0;0;0;0;0;0;0;0;0;0;0;0;0;0;0;0;0;0;0;0;13;767;1915;2917;6835;12721;23228;44523;44300;29600;7260;1403;6;0;0;0;0;0;0;0;0;0;0;0;0;0;0;0;0;0;0;0;0;0;0;0;0;0;0;0",175488
12,5,"LeakyReLULayer( 0.050000 )",post_activation,"-10;-9.6875;-9.375;-9.0625;-8.75;-8.4375;-8.125;-7.8125;-7.5;-7.1875;-6.875;-6.5625;-6.25;-5.9375;-5.625;-5.3125;-5;-4.6875;-4.375;-4.0625;-3.75;-3.4375;-3.125;-2.8125;-2.5;-2.1875;-1.875;-1.5625;-1.25;-0.9375;-0.625;-0.3125;0;0.3125;0.625;0.9375;1.25;1.5625;1.875;2.1875;2.5;2.8125;3.125;3.4375;3.75;4.0625;4.375;4.6875;5;5.3125;5.625;5.9375;6.25;6.5625;6.875;7.1875;7.5;7.8125;8.125;8.4375;8.75;9.0625;9.375;9.6875;10","0;0;0;0;0;0;0;0;0;0;0;0;0;0;0;0;0;0;0;0;0;0;0;0;0;0;0;0;0;0;0;92919;44300;29600;7260;1403;6;0;0;0;0;0;0;0;0;0;0;0;0;0;0;0;0;0;0;0;0;0;0;0;0;0;0;0",175488
12,8,"LeakyReLULayer( 0.050000 )",pre_activation,"-10;-9.6875;-9.375;-9.0625;-8.75;-8.4375;-8.125;-7.8125;-7.5;-7.1875;-6.875;-6.5625;-6.25;-5.9375;-5.625;-5.3125;-5;-4.6875;-4.375;-4.0625;-3.75;-3.4375;-3.125;-2.8125;-2.5;-2.1875;-1.875;-1.5625;-1.25;-0.9375;-0.625;-0.3125;0;0.3125;0.625;0.9375;1.25;1.5625;1.875;2.1875;2.5;2.8125;3.125;3.4375;3.75;4.0625;4.375;4.6875;5;5.3125;5.625;5.9375;6.25;6.5625;6.875;7.1875;7.5;7.8125;8.125;8.4375;8.75;9.0625;9.375;9.6875;10","0;0;0;0;0;0;0;0;0;0;0;0;0;0;0;0;0;0;0;0;0;0;0;0;0;0;27;258;1559;5910;17299;29122;21813;8326;2601;691;123;14;1;0;0;0;0;0;0;0;0;0;0;0;0;0;0;0;0;0;0;0;0;0;0;0;0;0",87744
12,8,"LeakyReLULayer( 0.050000 )",post_activation,"-10;-9.6875;-9.375;-9.0625;-8.75;-8.4375;-8.125;-7.8125;-7.5;-7.1875;-6.875;-6.5625;-6.25;-5.9375;-5.625;-5.3125;-5;-4.6875;-4.375;-4.0625;-3.75;-3.4375;-3.125;-2.8125;-2.5;-2.1875;-1.875;-1.5625;-1.25;-0.9375;-0.625;-0.3125;0;0.3125;0.625;0.9375;1.25;1.5625;1.875;2.1875;2.5;2.8125;3.125;3.4375;3.75;4.0625;4.375;4.6875;5;5.3125;5.625;5.9375;6.25;6.5625;6.875;7.1875;7.5;7.8125;8.125;8.4375;8.75;9.0625;9.375;9.6875;10","0;0;0;0;0;0;0;0;0;0;0;0;0;0;0;0;0;0;0;0;0;0;0;0;0;0;0;0;0;0;0;54175;21813;8326;2601;691;123;14;1;0;0;0;0;0;0;0;0;0;0;0;0;0;0;0;0;0;0;0;0;0;0;0;0;0",87744
13,1,"LeakyReLULayer( 0.050000 )",pre_activation,"-10;-9.6875;-9.375;-9.0625;-8.75;-8.4375;-8.125;-7.8125;-7.5;-7.1875;-6.875;-6.5625;-6.25;-5.9375;-5.625;-5.3125;-5;-4.6875;-4.375;-4.0625;-3.75;-3.4375;-3.125;-2.8125;-2.5;-2.1875;-1.875;-1.5625;-1.25;-0.9375;-0.625;-0.3125;0;0.3125;0.625;0.9375;1.25;1.5625;1.875;2.1875;2.5;2.8125;3.125;3.4375;3.75;4.0625;4.375;4.6875;5;5.3125;5.625;5.9375;6.25;6.5625;6.875;7.1875;7.5;7.8125;8.125;8.4375;8.75;9.0625;9.375;9.6875;10","0;0;0;0;0;0;0;0;0;0;0;0;0;0;0;0;0;0;0;0;30;421;1670;4399;9059;18982;47903;109403;294100;725011;1353512;2372729;2281796;1401606;814224;262640;114943;50610;8162;0;0;0;0;0;0;0;0;0;0;0;0;0;0;0;0;0;0;0;0;0;0;0;0;0",9871200
13,1,"LeakyReLULayer( 0.050000 )",post_activation,"-10;-9.6875;-9.375;-9.0625;-8.75;-8.4375;-8.125;-7.8125;-7.5;-7.1875;-6.875;-6.5625;-6.25;-5.9375;-5.625;-5.3125;-5;-4.6875;-4.375;-4.0625;-3.75;-3.4375;-3.125;-2.8125;-2.5;-2.1875;-1.875;-1.5625;-1.25;-0.9375;-0.625;-0.3125;0;0.3125;0.625;0.9375;1.25;1.5625;1.875;2.1875;2.5;2.8125;3.125;3.4375;3.75;4.0625;4.375;4.6875;5;5.3125;5.625;5.9375;6.25;6.5625;6.875;7.1875;7.5;7.8125;8.125;8.4375;8.75;9.0625;9.375;9.6875;10","0;0;0;0;0;0;0;0;0;0;0;0;0;0;0;0;0;0;0;0;0;0;0;0;0;0;0;0;0;0;0;4937219;2281796;1401606;814224;262640;114943;50610;8162;0;0;0;0;0;0;0;0;0;0;0;0;0;0;0;0;0;0;0;0;0;0;0;0;0",9871200
13,5,"LeakyReLULayer( 0.050000 )",pre_activation,"-10;-9.6875;-9.375;-9.0625;-8.75;-8.4375;-8.125;-7.8125;-7.5;-7.1875;-6.875;-6.5625;-6.25;-5.9375;-5.625;-5.3125;-5;-4.6875;-4.375;-4.0625;-3.75;-3.4375;-3.125;-2.8125;-2.5;-2.1875;-1.875;-1.5625;-1.25;-0.9375;-0.625;-0.3125;0;0.3125;0.625;0.9375;1.25;1.5625;1.875;2.1875;2.5;2.8125;3.125;3.4375;3.75;4.0625;4.375;4.6875;5;5.3125;5.625;5.9375;6.25;6.5625;6.875;7.1875;7.5;7.8125;8.125;8.4375;8.75;9.0625;9.375;9.6875;10","0;0;0;0;0;0;0;0;0;0;0;0;0;0;0;0;0;0;0;0;0;0;0;0;26;822;2122;2591;6537;13063;23480;45716;44241;28844;6775;1255;16;0;0;0;0;0;0;0;0;0;0;0;0;0;0;0;0;0;0;0;0;0;0;0;0;0;0;0",175488
13,5,"LeakyReLULayer( 0.050000 )",post_activation,"-10;-9.6875;-9.375;-9.0625;-8.75;-8.4375;-8.125;-7.8125;-7.5;-7.1875;-6.875;-6.5625;-6.25;-5.9375;-5.625;-5.3125;-5;-4.6875;-4.375;-4.0625;-3.75;-3.4375;-3.125;-2.8125;-2.5;-2.1875;-1.875;-1.5625;-1.25;-0.9375;-0.625;-0.3125;0;0.3125;0.625;0.9375;1.25;1.5625;1.875;2.1875;2.5;2.8125;3.125;3.4375;3.75;4.0625;4.375;4.6875;5;5.3125;5.625;5.9375;6.25;6.5625;6.875;7.1875;7.5;7.8125;8.125;8.4375;8.75;9.0625;9.375;9.6875;10","0;0;0;0;0;0;0;0;0;0;0;0;0;0;0;0;0;0;0;0;0;0;0;0;0;0;0;0;0;0;0;94357;44241;28844;6775;1255;16;0;0;0;0;0;0;0;0;0;0;0;0;0;0;0;0;0;0;0;0;0;0;0;0;0;0;0",175488
13,8,"LeakyReLULayer( 0.050000 )",pre_activation,"-10;-9.6875;-9.375;-9.0625;-8.75;-8.4375;-8.125;-7.8125;-7.5;-7.1875;-6.875;-6.5625;-6.25;-5.9375;-5.625;-5.3125;-5;-4.6875;-4.375;-4.0625;-3.75;-3.4375;-3.125;-2.8125;-2.5;-2.1875;-1.875;-1.5625;-1.25;-0.9375;-0.625;-0.3125;0;0.3125;0.625;0.9375;1.25;1.5625;1.875;2.1875;2.5;2.8125;3.125;3.4375;3.75;4.0625;4.375;4.6875;5;5.3125;5.625;5.9375;6.25;6.5625;6.875;7.1875;7.5;7.8125;8.125;8.4375;8.75;9.0625;9.375;9.6875;10","0;0;0;0;0;0;0;0;0;0;0;0;0;0;0;0;0;0;0;0;0;0;0;0;0;0;24;243;1476;5749;16432;30072;22007;8186;2633;745;151;23;3;0;0;0;0;0;0;0;0;0;0;0;0;0;0;0;0;0;0;0;0;0;0;0;0;0",87744
13,8,"LeakyReLULayer( 0.050000 )",post_activation,"-10;-9.6875;-9.375;-9.0625;-8.75;-8.4375;-8.125;-7.8125;-7.5;-7.1875;-6.875;-6.5625;-6.25;-5.9375;-5.625;-5.3125;-5;-4.6875;-4.375;-4.0625;-3.75;-3.4375;-3.125;-2.8125;-2.5;-2.1875;-1.875;-1.5625;-1.25;-0.9375;-0.625;-0.3125;0;0.3125;0.625;0.9375;1.25;1.5625;1.875;2.1875;2.5;2.8125;3.125;3.4375;3.75;4.0625;4.375;4.6875;5;5.3125;5.625;5.9375;6.25;6.5625;6.875;7.1875;7.5;7.8125;8.125;8.4375;8.75;9.0625;9.375;9.6875;10","0;0;0;0;0;0;0;0;0;0;0;0;0;0;0;0;0;0;0;0;0;0;0;0;0;0;0;0;0;0;0;53996;22007;8186;2633;745;151;23;3;0;0;0;0;0;0;0;0;0;0;0;0;0;0;0;0;0;0;0;0;0;0;0;0;0",87744
14,1,"LeakyReLULayer( 0.050000 )",pre_activation,"-10;-9.6875;-9.375;-9.0625;-8.75;-8.4375;-8.125;-7.8125;-7.5;-7.1875;-6.875;-6.5625;-6.25;-5.9375;-5.625;-5.3125;-5;-4.6875;-4.375;-4.0625;-3.75;-3.4375;-3.125;-2.8125;-2.5;-2.1875;-1.875;-1.5625;-1.25;-0.9375;-0.625;-0.3125;0;0.3125;0.625;0.9375;1.25;1.5625;1.875;2.1875;2.5;2.8125;3.125;3.4375;3.75;4.0625;4.375;4.6875;5;5.3125;5.625;5.9375;6.25;6.5625;6.875;7.1875;7.5;7.8125;8.125;8.4375;8.75;9.0625;9.375;9.6875;10","0;0;0;0;0;0;0;0;0;0;0;0;0;0;0;0;0;0;0;0;30;417;1655;4377;9034;18921;47727;109124;293626;724378;1353941;2374000;2283013;1402260;813530;261923;114754;50362;8128;0;0;0;0;0;0;0;0;0;0;0;0;0;0;0;0;0;0;0;0;0;0;0;0;0",9871200
14,1,"LeakyReLULayer( 0.050000 )",post_activation,"-10;-9.6875;-9.375;-9.0625;-8.75;-8.4375;-8.125;-7.8125;-7.5;-7.1875;-6.875;-6.5625;-6.25;-5.9375;-5.625;-5.3125;-5;-4.6875;-4.375;-4.0625;-3.75;-3.4375;-3.125;-2.8125;-2.5;-2.1875;-1.875;-1.5625;-1.25;-0.9375;-0.625;-0.3125;0;0.3125;0.625;0.9375;1.25;1.5625;1.875;2.1875;2.5;2.8125;3.125;3.4375;3.75;4.0625;4.375;4.6875;5;5.3125;5.625;5.9375;6.25;6.5625;6.875;7.1875;7.5;7.8125;8.125;8.4375;8.75;9.0625;9.375;9.6875;10","0;0;0;0;0;0;0;0;0;0;0;0;0;0;0;0;0;0;0;0;0;0;0;0;0;0;0;0;0;0;0;4937230;2283013;1402260;813530;261923;114754;50362;8128;0;0;0;0;0;0;0;0;0;0;0;0;0;0;0;0;0;0;0;0;0;0;0;0;0",9871200
14,5,"LeakyReLULayer( 0.050000 )",pre_activation,"-10;-9.6875;-9.375;-9.0625;-8.75;-8.4375;-8.125;-7.8125;-7.5;-7.1875;-6.875;-6.5625;-6.25;-5.9375;-5.625;-5.3125;-5;-4.6875;-4.375;-4.0625;-3.75;-3.4375;-3.125;-2.8125;-2.5;-2.1875;-1.875;-1.5625;-1.25;-0.9375;-0.625;-0.3125;0;0.3125;0.625;0.9375;1.25;1.5625;1.875;2.1875;2.5;2.8125;3.125;3.4375;3.75;4.0625;4.375;4.6875;5;5.3125;5.625;5.9375;6.25;6.5625;6.875;7.1875;7.5;7.8125;8.125;8.4375;8.75;9.0625;9.375;9.6875;10","0;0;0;0;0;0;0;0;0;0;0;0;0;0;0;0;0;0;0;0;0;0;0;0;43;895;2202;2461;6422;13282;24386;46565;44632;27385;6152;1045;18;0;0;0;0;0;0;0;0;0;0;0;0;0;0;0;0;0;0;0;0;0;0;0;0;0;0;0",175488
14,5,"LeakyReLULayer( 0.050000 )",post_activation,"-10;-9.6875;-9.375;-9.0625;-8.75;-8.4375;-8.125;-7.8125;-7.5;-7.1875;-6.875;-6.5625;-6.25;-5.9375;-5.625;-5.3125;-5;-4.6875;-4.375;-4.0625;-3.75;-3.4375;-3.125;-2.8125;-2.5;-2.1875;-1.875;-1.5625;-1.25;-0.9375;-0.625;-0.3125;0;0.3125;0.625;0.9375;1.25;1.5625;1.875;2.1875;2.5;2.8125;3.125;3.4375;3.75;4.0625;4.375;4.6875;5;5.3125;5.625;5.9375;6.25;6.5625;6.875;7.1875;7.5;7.8125;8.125;8.4375;8.75;9.0625;9.375;9.6875;10","0;0;0;0;0;0;0;0;0;0;0;0;0;0;0;0;0;0;0;0;0;0;0;0;0;0;0;0;0;0;0;96256;44632;27385;6152;1045;18;0;0;0;0;0;0;0;0;0;0;0;0;0;0;0;0;0;0;0;0;0;0;0;0;0;0;0",175488
14,8,"LeakyReLULayer( 0.050000 )",pre_activation,"-10;-9.6875;-9.375;-9.0625;-8.75;-8.4375;-8.125;-7.8125;-7.5;-7.1875;-6.875;-6.5625;-6.25;-5.9375;-5.625;-5.3125;-5;-4.6875;-4.375;-4.0625;-3.75;-3.4375;-3.125;-2.8125;-2.5;-2.1875;-1.875;-1.5625;-1.25;-0.9375;-0.625;-0.3125;0;0.3125;0.625;0.9375;1.25;1.5625;1.875;2.1875;2.5;2.8125;3.125;3.4375;3.75;4.0625;4.375;4.6875;5;5.3125;5.625;5.9375;6.25;6.5625;6.875;7.1875;7.5;7.8125;8.125;8.4375;8.75;9.0625;9.375;9.6875;10","0;0;0;0;0;0;0;0;0;0;0;0;0;0;0;0;0;0;0;0;0;0;0;0;0;1;19;223;1317;5275;16110;30963;22641;7878;2544;630;133;9;1;0;0;0;0;0;0;0;0;0;0;0;0;0;0;0;0;0;0;0;0;0;0;0;0;0",87744
14,8,"LeakyReLULayer( 0.050000 )",post_activation,"-10;-9.6875;-9.375;-9.0625;-8.75;-8.4375;-8.125;-7.8125;-7.5;-7.1875;-6.875;-6.5625;-6.25;-5.9375;-5.625;-5.3125;-5;-4.6875;-4.375;-4.0625;-3.75;-3.4375;-3.125;-2.8125;-2.5;-2.1875;-1.875;-1.5625;-1.25;-0.9375;-0.625;-0.3125;0;0.3125;0.625;0.9375;1.25;1.5625;1.875;2.1875;2.5;2.8125;3.125;3.4375;3.75;4.0625;4.375;4.6875;5;5.3125;5.625;5.9375;6.25;6.5625;6.875;7.1875;7.5;7.8125;8.125;8.4375;8.75;9.0625;9.375;9.6875;10","0;0;0;0;0;0;0;0;0;0;0;0;0;0;0;0;0;0;0;0;0;0;0;0;0;0;0;0;0;0;0;53908;22641;7878;2544;630;133;9;1;0;0;0;0;0;0;0;0;0;0;0;0;0;0;0;0;0;0;0;0;0;0;0;0;0",87744
15,1,"LeakyReLULayer( 0.050000 )",pre_activation,"-10;-9.6875;-9.375;-9.0625;-8.75;-8.4375;-8.125;-7.8125;-7.5;-7.1875;-6.875;-6.5625;-6.25;-5.9375;-5.625;-5.3125;-5;-4.6875;-4.375;-4.0625;-3.75;-3.4375;-3.125;-2.8125;-2.5;-2.1875;-1.875;-1.5625;-1.25;-0.9375;-0.625;-0.3125;0;0.3125;0.625;0.9375;1.25;1.5625;1.875;2.1875;2.5;2.8125;3.125;3.4375;3.75;4.0625;4.375;4.6875;5;5.3125;5.625;5.9375;6.25;6.5625;6.875;7.1875;7.5;7.8125;8.125;8.4375;8.75;9.0625;9.375;9.6875;10","0;0;0;0;0;0;0;0;0;0;0;0;0;0;0;0;0;0;0;0;30;416;1649;4361;9016;18879;47673;108935;293214;724157;1354617;2374175;2283387;1403029;813268;261472;114648;50190;8084;0;0;0;0;0;0;0;0;0;0;0;0;0;0;0;0;0;0;0;0;0;0;0;0;0",9871200
15,1,"LeakyReLULayer( 0.050000 )",post_activation,"-10;-9.6875;-9.375;-9.0625;-8.75;-8.4375;-8.125;-7.8125;-7.5;-7.1875;-6.875;-6.5625;-6.25;-5.9375;-5.625;-5.3125;-5;-4.6875;-4.375;-4.0625;-3.75;-3.4375;-3.125;-2.8125;-2.5;-2.1875;-1.875;-1.5625;-1.25;-0.9375;-0.625;-0.3125;0;0.3125;0.625;0.9375;1.25;1.5625;1.875;2.1875;2.5;2.8125;3.125;3.4375;3.75;4.0625;4.375;4.6875;5;5.3125;5.625;5.9375;6.25;6.5625;6.875;7.1875;7.5;7.8125;8.125;8.4375;8.75;9.0625;9.375;9.6875;10","0;0;0;0;0;0;0;0;0;0;0;0;0;0;0;0;0;0;0;0;0;0;0;0;0;0;0;0;0;0;0;4937122;2283387;1403029;813268;261472;114648;50190;8084;0;0;0;0;0;0;0;0;0;0;0;0;0;0;0;0;0;0;0;0;0;0;0;0;0",9871200
15,5,"LeakyReLULayer( 0.050000 )",pre_activation,"-10;-9.6875;-9.375;-9.0625;-8.75;-8.4375;-8.125;-7.8125;-7.5;-7.1875;-6.875;-6.5625;-6.25;-5.9375;-5.625;-5.3125;-5;-4.6875;-4.375;-4.0625;-3.75;-3.4375;-3.125;-2.8125;-2.5;-2.1875;-1.875;-1.5625;-1.25;-0.9375;-0.625;-0.3125;0;0.3125;0.625;0.9375;1.25;1.5625;1.875;2.1875;2.5;2.8125;3.125;3.4375;3.75;4.0625;4.375;4.6875;5;5.3125;5.625;5.9375;6.25;6.5625;6.875;7.1875;7.5;7.8125;8.125;8.4375;8.75;9.0625;9.375;9.6875;10","0;0;0;0;0;0;0;0;0;0;0;0;0;0;0;0;0;0;0;0;0;0;0;0;38;986;2174;2462;6507;13012;24914;46693;45447;26386;5992;858;19;0;0;0;0;0;0;0;0;0;0;0;0;0;0;0;0;0;0;0;0;0;0;0;0;0;0;0",175488
15,5,"LeakyReLULayer( 0.050000 )",post_activation,"-10;-9.6875;-9.375;-9.0625;-8.75;-8.4375;-8.125;-7.8125;-7.5;-7.1875;-6.875;-6.5625;-6.25;-5.9375;-5.625;-5.3125;-5;-4.6875;-4.375;-4.0625;-3.75;-3.4375;-3.125;-2.8125;-2.5;-2.1875;-1.875;-1.5625;-1.25;-0.9375;-0.625;-0.3125;0;0.3125;0.625;0.9375;1.25;1.5625;1.875;2.1875;2.5;2.8125;3.125;3.4375;3.75;4.0625;4.375;4.6875;5;5.3125;5.625;5.9375;6.25;6.5625;6.875;7.1875;7.5;7.8125;8.125;8.4375;8.75;9.0625;9.375;9.6875;10","0;0;0;0;0;0;0;0;0;0;0;0;0;0;0;0;0;0;0;0;0;0;0;0;0;0;0;0;0;0;0;96786;45447;26386;5992;858;19;0;0;0;0;0;0;0;0;0;0;0;0;0;0;0;0;0;0;0;0;0;0;0;0;0;0;0",175488
15,8,"LeakyReLULayer( 0.050000 )",pre_activation,"-10;-9.6875;-9.375;-9.0625;-8.75;-8.4375;-8.125;-7.8125;-7.5;-7.1875;-6.875;-6.5625;-6.25;-5.9375;-5.625;-5.3125;-5;-4.6875;-4.375;-4.0625;-3.75;-3.4375;-3.125;-2.8125;-2.5;-2.1875;-1.875;-1.5625;-1.25;-0.9375;-0.625;-0.3125;0;0.3125;0.625;0.9375;1.25;1.5625;1.875;2.1875;2.5;2.8125;3.125;3.4375;3.75;4.0625;4.375;4.6875;5;5.3125;5.625;5.9375;6.25;6.5625;6.875;7.1875;7.5;7.8125;8.125;8.4375;8.75;9.0625;9.375;9.6875;10","0;0;0;0;0;0;0;0;0;0;0;0;0;0;0;0;0;0;0;0;0;0;0;0;0;1;21;175;1084;4910;15710;31923;22780;7888;2477;664;99;12;0;0;0;0;0;0;0;0;0;0;0;0;0;0;0;0;0;0;0;0;0;0;0;0;0;0",87744
15,8,"LeakyReLULayer( 0.050000 )",post_activation,"-10;-9.6875;-9.375;-9.0625;-8.75;-8.4375;-8.125;-7.8125;-7.5;-7.1875;-6.875;-6.5625;-6.25;-5.9375;-5.625;-5.3125;-5;-4.6875;-4.375;-4.0625;-3.75;-3.4375;-3.125;-2.8125;-2.5;-2.1875;-1.875;-1.5625;-1.25;-0.9375;-0.625;-0.3125;0;0.3125;0.625;0.9375;1.25;1.5625;1.875;2.1875;2.5;2.8125;3.125;3.4375;3.75;4.0625;4.375;4.6875;5;5.3125;5.625;5.9375;6.25;6.5625;6.875;7.1875;7.5;7.8125;8.125;8.4375;8.75;9.0625;9.375;9.6875;10","0;0;0;0;0;0;0;0;0;0;0;0;0;0;0;0;0;0;0;0;0;0;0;0;0;0;0;0;0;0;0;53824;22780;7888;2477;664;99;12;0;0;0;0;0;0;0;0;0;0;0;0;0;0;0;0;0;0;0;0;0;0;0;0;0;0",87744
16,1,"LeakyReLULayer( 0.050000 )",pre_activation,"-10;-9.6875;-9.375;-9.0625;-8.75;-8.4375;-8.125;-7.8125;-7.5;-7.1875;-6.875;-6.5625;-6.25;-5.9375;-5.625;-5.3125;-5;-4.6875;-4.375;-4.0625;-3.75;-3.4375;-3.125;-2.8125;-2.5;-2.1875;-1.875;-1.5625;-1.25;-0.9375;-0.625;-0.3125;0;0.3125;0.625;0.9375;1.25;1.5625;1.875;2.1875;2.5;2.8125;3.125;3.4375;3.75;4.0625;4.375;4.6875;5;5.3125;5.625;5.9375;6.25;6.5625;6.875;7.1875;7.5;7.8125;8.125;8.4375;8.75;9.0625;9.375;9.6875;10","0;0;0;0;0;0;0;0;0;0;0;0;0;0;0;0;0;0;0;0;30;413;1638;4346;8986;18798;47529;108617;292569;723951;1355298;2374910;2284059;1403956;813138;260499;114416;50028;8019;0;0;0;0;0;0;0;0;0;0;0;0;0;0;0;0;0;0;0;0;0;0;0;0;0",9871200
16,1,"LeakyReLULayer( 0.050000 )",post_activation,"-10;-9.6875;-9.375;-9.0625;-8.75;-8.4375;-8.125;-7.8125;-7.5;-7.1875;-6.875;-6.5625;-6.25;-5.9375;-5.625;-5.3125;-5;-4.6875;-4.375;-4.0625;-3.75;-3.4375;-3.125;-2.8125;-2.5;-2.1875;-1.875;-1.5625;-1.25;-0.9375;-0.625;-0.3125;0;0.3125;0.625;0.9375;1.25;1.5625;1.875;2.1875;2.5;2.8125;3.125;3.4375;3.75;4.0625;4.375;4.6875;5;5.3125;5.625;5.9375;6.25;6.5625;6.875;7.1875;7.5;7.8125;8.125;8.4375;8.75;9.0625;9.375;9.6875;10","0;0;0;0;0;0;0;0;0;0;0;0;0;0;0;0;0;0;0;0;0;0;0;0;0;0;0;0;0;0;0;4937085;2284059;1403956;813138;260499;114416;50028;8019;0;0;0;0;0;0;0;0;0;0;0;0;0;0;0;0;0;0;0;0;0;0;0;0;0",9871200
16,5,"LeakyReLULayer( 0.050000 )",pre_activation,"-10;-9.6875;-9.375;-9.0625;-8.75;-8.4375;-8.125;-7.8125;-7.5;-7.1875;-6.875;-6.5625;-6.25;-5.9375;-5.625;-5.3125;-5;-4.6875;-4.375;-4.0625;-3.75;-3.4375;-3.125;-2.8125;-2.5;-2.1875;-1.875;-1.5625;-1.25;-0.9375;-0.625;-0.3125;0;0.3125;0.625;0.9375;1.25;1.5625;1.875;2.1875;2.5;2.8125;3.125;3.4375;3.75;4.0625;4.375;4.6875;5;5.3125;5.625;5.9375;6.25;6.5625;6.875;7.1875;7.5;7.8125;8.125;8.4375;8.75;9.0625;9.375;9.6875;10","0;0;0;0;0;0;0;0;0;0;0;0;0;0;0;0;0;0;0;0;0;0;0;0;80;1019;2145;2428;6440;13351;25581;47214;45608;25149;5616;837;20;0;0;0;0;0;0;0;0;0;0;0;0;0;0;0;0;0;0;0;0;0;0;0;0;0;0;0",175488
16,5,"LeakyReLULayer( 0.050000 )",post_activation,"-10;-9.6875;-9.375;-9.0625;-8.75;-8.4375;-8.125;-7.8125;-7.5;-7.1875;-6.875;-6.5625;-6.25;-5.9375;-5.625;-5.3125;-5;-4.6875;-4.375;-4.0625;-3.75;-3.4375;-3.125;-2.8125;-2.5;-2.1875;-1.875;-1.5625;-1.25;-0.9375;-0.625;-0.3125;0;0.3125;0.625;0.9375;1.25;1.5625;1.875;2.1875;2.5;2.8125;3.125;3.4375;3.75;4.0625;4.375;4.6875;5;5.3125;5.625;5.9375;6.25;6.5625;6.875;7.1875;7.5;7.8125;8.125;8.4375;8.75;9.0625;9.375;9.6875;10","0;0;0;0;0;0;0;0;0;0;0;0;0;0;0;0;0;0;0;0;0;0;0;0;0;0;0;0;0;0;0;98258;45608;25149;5616;837;20;0;0;0;0;0;0;0;0;0;0;0;0;0;0;0;0;0;0;0;0;0;0;0;0;0;0;0",175488
16,8,"LeakyReLULayer( 0.050000 )",pre_activation,"-10;-9.6875;-9.375;-9.0625;-8.75;-8.4375;-8.125;-7.8125;-7.5;-7.1875;-6.875;-6.5625;-6.25;-5.9375;-5.625;-5.3125;-5;-4.6875;-4.375;-4.0625;-3.75;-3.4375;-3.125;-2.8125;-2.5;-2.1875;-1.875;-1.5625;-1.25;-0.9375;-0.625;-0.3125;0;0.3125;0.625;0.9375;1.25;1.5625;1.875;2.1875;2.5;2.8125;3.125;3.4375;3.75;4.0625;4.375;4.6875;5;5.3125;5.625;5.9375;6.25;6.5625;6.875;7.1875;7.5;7.8125;8.125;8.4375;8.75;9.0625;9.375;9.6875;10","0;0;0;0;0;0;0;0;0;0;0;0;0;0;0;0;0;0;0;0;0;0;0;0;0;1;25;170;1001;4465;15494;32580;23255;7649;2396;598;97;12;1;0;0;0;0;0;0;0;0;0;0;0;0;0;0;0;0;0;0;0;0;0;0;0;0;0",87744
16,8,"LeakyReLULayer( 0.050000 )",post_activation,"-10;-9.6875;-9.375;-9.0625;-8.75;-8.4375;-8.125;-7.8125;-7.5;-7.1875;-6.875;-6.5625;-6.25;-5.9375;-5.625;-5.3125;-5;-4.6875;-4.375;-4.0625;-3.75;-3.4375;-3.125;-2.8125;-2.5;-2.1875;-1.875;-1.5625;-1.25;-0.9375;-0.625;-0.3125;0;0.3125;0.625;0.9375;1.25;1.5625;1.875;2.1875;2.5;2.8125;3.125;3.4375;3.75;4.0625;4.375;4.6875;5;5.3125;5.625;5.9375;6.25;6.5625;6.875;7.1875;7.5;7.8125;8.125;8.4375;8.75;9.0625;9.375;9.6875;10","0;0;0;0;0;0;0;0;0;0;0;0;0;0;0;0;0;0;0;0;0;0;0;0;0;0;0;0;0;0;0;53736;23255;7649;2396;598;97;12;1;0;0;0;0;0;0;0;0;0;0;0;0;0;0;0;0;0;0;0;0;0;0;0;0;0",87744
17,1,"LeakyReLULayer( 0.050000 )",pre_activation,"-10;-9.6875;-9.375;-9.0625;-8.75;-8.4375;-8.125;-7.8125;-7.5;-7.1875;-6.875;-6.5625;-6.25;-5.9375;-5.625;-5.3125;-5;-4.6875;-4.375;-4.0625;-3.75;-3.4375;-3.125;-2.8125;-2.5;-2.1875;-1.875;-1.5625;-1.25;-0.9375;-0.625;-0.3125;0;0.3125;0.625;0.9375;1.25;1.5625;1.875;2.1875;2.5;2.8125;3.125;3.4375;3.75;4.0625;4.375;4.6875;5;5.3125;5.625;5.9375;6.25;6.5625;6.875;7.1875;7.5;7.8125;8.125;8.4375;8.75;9.0625;9.375;9.6875;10","0;0;0;0;0;0;0;0;0;0;0;0;0;0;0;0;0;0;0;0;30;410;1630;4322;8979;18749;47438;108610;292722;724303;1356271;2373425;2282652;1405025;813867;260550;114374;49875;7968;0;0;0;0;0;0;0;0;0;0;0;0;0;0;0;0;0;0;0;0;0;0;0;0;0",9871200
17,1,"LeakyReLULayer( 0.050000 )",post_activation,"-10;-9.6875;-9.375;-9.0625;-8.75;-8.4375;-8.125;-7.8125;-7.5;-7.1875;-6.875;-6.5625;-6.25;-5.9375;-5.625;-5.3125;-5;-4.6875;-4.375;-4.0625;-3.75;-3.4375;-3.125;-2.8125;-2.5;-2.1875;-1.875;-1.5625;-1.25;-0.9375;-0.625;-0.3125;0;0.3125;0.625;0.9375;1.25;1.5625;1.875;2.1875;2.5;2.8125;3.125;3.4375;3.75;4.0625;4.375;4.6875;5;5.3125;5.625;5.9375;6.25;6.5625;6.875;7.1875;7.5;7.8125;8.125;8.4375;8.75;9.0625;9.375;9.6875;10","0;0;0;0;0;0;0;0;0;0;0;0;0;0;0;0;0;0;0;0;0;0;0;0;0;0;0;0;0;0;0;4936889;2282652;1405025;813867;260550;114374;49875;7968;0;0;0;0;0;0;0;0;0;0;0;0;0;0;0;0;0;0;0;0;0;0;0;0;0",9871200
17,5,"LeakyReLULayer( 0.050000 )",pre_activation,"-10;-9.6875;-9.375;-9.0625;-8.75;-8.4375;-8.125;-7.8125;-7.5;-7.1875;-6.875;-6.5625;-6.25;-5.9375;-5.625;-5.3125;-5;-4.6875;-4.375;-4.0625;-3.75;-3.4375;-3.125;-2.8125;-2.5;-2.1875;-1.875;-1.5625;-1.25;-0.9375;-0.625;-0.3125;0;0.3125;0.625;0.9375;1.25;1.5625;1.875;2.1875;2.5;2.8125;3.125;3.4375;3.75;4.0625;4.375;4.6875;5;5.3125;5.625;5.9375;6.25;6.5625;6.875;7.1875;7.5;7.8125;8.125;8.4375;8.75;9.0625;9.375;9.6875;10","0;0;0;0;0;0;0;0;0;0;0;0;0;0;0;0;0;0;0;0;0;0;0;0;130;1030;2118;2473;6338;13561;26025;47664;44477;25016;5746;888;22;0;0;0;0;0;0;0;0;0;0;0;0;0;0;0;0;0;0;0;0;0;0;0;0;0;0;0",175488
17,5,"LeakyReLULayer( 0.050000 )",post_activation,"-10;-9.6875;-9.375;-9.0625;-8.75;-8.4375;-8.125;-7.8125;-7.5;-7.1875;-6.875;-6.5625;-6.25;-5.9375;-5.625;-5.3125;-5;-4.6875;-4.375;-4.0625;-3.75;-3.4375;-3.125;-2.8125;-2.5;-2.1875;-1.875;-1.5625;-1.25;-0.9375;-0.625;-0.3125;0;0.3125;0.625;0.9375;1.25;1.5625;1.875;2.1875;2.5;2.8125;3.125;3.4375;3.75;4.0625;4.375;4.6875;5;5.3125;5.625;5.9375;6.25;6.5625;6.875;7.1875;7.5;7.8125;8.125;8.4375;8.75;9.0625;9.375;9.6875;10","0;0;0;0;0;0;0;0;0;0;0;0;0;0;0;0;0;0;0;0;0;0;0;0;0;0;0;0;0;0;0;99339;44477;25016;5746;888;22;0;0;0;0;0;0;0;0;0;0;0;0;0;0;0;0;0;0;0;0;0;0;0;0;0;0;0",175488
17,8,"LeakyReLULayer( 0.050000 )",pre_activation,"-10;-9.6875;-9.375;-9.0625;-8.75;-8.4375;-8.125;-7.8125;-7.5;-7.1875;-6.875;-6.5625;-6.25;-5.9375;-5.625;-5.3125;-5;-4.6875;-4.375;-4.0625;-3.75;-3.4375;-3.125;-2.8125;-2.5;-2.1875;-1.875;-1.5625;-1.25;-0.9375;-0.625;-0.3125;0;0.3125;0.625;0.9375;1.25;1.5625;1.875;2.1875;2.5;2.8125;3.125;3.4375;3.75;4.0625;4.375;4.6875;5;5.3125;5.625;5.9375;6.25;6.5625;6.875;7.1875;7.5;7.8125;8.125;8.4375;8.75;9.0625;9.375;9.6875;10","0;0;0;0;0;0;0;0;0;0;0;0;0;0;0;0;0;0;0;0;0;0;0;0;1;2;25;209;999;4365;15163;32680;23419;7658;2431;668;107;15;2;0;0;0;0;0;0;0;0;0;0;0;0;0;0;0;0;0;0;0;0;0;0;0;0;0",87744
17,8,"LeakyReLULayer( 0.050000 )",post_activation,"-10;-9.6875;-9.375;-9.0625;-8.75;-8.4375;-8.125;-7.8125;-7.5;-7.1875;-6.875;-6.5625;-6.25;-5.9375;-5.625;-5.3125;-5;-4.6875;-4.375;-4.0625;-3.75;-3.4375;-3.125;-2.8125;-2.5;-2.1875;-1.875;-1.5625;-1.25;-0.9375;-0.625;-0.3125;0;0.3125;0.625;0.9375;1.25;1.5625;1.875;2.1875;2.5;2.8125;3.125;3.4375;3.75;4.0625;4.375;4.6875;5;5.3125;5.625;5.9375;6.25;6.5625;6.875;7.1875;7.5;7.8125;8.125;8.4375;8.75;9.0625;9.375;9.6875;10","0;0;0;0;0;0;0;0;0;0;0;0;0;0;0;0;0;0;0;0;0;0;0;0;0;0;0;0;0;0;0;53444;23419;7658;2431;668;107;15;2;0;0;0;0;0;0;0;0;0;0;0;0;0;0;0;0;0;0;0;0;0;0;0;0;0",87744
18,1,"LeakyReLULayer( 0.050000 )",pre_activation,"-10;-9.6875;-9.375;-9.0625;-8.75;-8.4375;-8.125;-7.8125;-7.5;-7.1875;-6.875;-6.5625;-6.25;-5.9375;-5.625;-5.3125;-5;-4.6875;-4.375;-4.0625;-3.75;-3.4375;-3.125;-2.8125;-2.5;-2.1875;-1.875;-1.5625;-1.25;-0.9375;-0.625;-0.3125;0;0.3125;0.625;0.9375;1.25;1.5625;1.875;2.1875;2.5;2.8125;3.125;3.4375;3.75;4.0625;4.375;4.6875;5;5.3125;5.625;5.9375;6.25;6.5625;6.875;7.1875;7.5;7.8125;8.125;8.4375;8.75;9.0625;9.375;9.6875;10","0;0;0;0;0;0;0;0;0;0;0;0;0;0;0;0;0;0;0;0;30;407;1615;4291;8951;18683;47245;108561;292840;724432;1357126;2372485;2281900;1405980;814462;260363;114266;49643;7920;0;0;0;0;0;0;0;0;0;0;0;0;0;0;0;0;0;0;0;0;0;0;0;0;0",9871200
18,1,"LeakyReLULayer( 0.050000 )",post_activation,"-10;-9.6875;-9.375;-9.0625;-8.75;-8.4375;-8.125;-7.8125;-7.5;-7.1875;-6.875;-6.5625;-6.25;-5.9375;-5.625;-5.3125;-5;-4.6875;-4.375;-4.0625;-3.75;-3.4375;-3.125;-2.8125;-2.5;-2.1875;-1.875;-1.5625;-1.25;-0.9375;-0.625;-0.3125;0;0.3125;0.625;0.9375;1.25;1.5625;1.875;2.1875;2.5;2.8125;3.125;3.4375;3.75;4.0625;4.375;4.6875;5;5.3125;5.625;5.9375;6.25;6.5625;6.875;7.1875;7.5;7.8125;8.125;8.4375;8.75;9.0625;9.375;9.6875;10","0;0;0;0;0;0;0;0;0;0;0;0;0;0;0;0;0;0;0;0;0;0;0;0;0;0;0;0;0;0;0;4936666;2281900;1405980;814462;260363;114266;49643;7920;0;0;0;0;0;0;0;0;0;0;0;0;0;0;0;0;0;0;0;0;0;0;0;0;0",9871200
18,5,"LeakyReLULayer( 0.050000 )",pre_activation,"-10;-9.6875;-9.375;-9.0625;-8.75;-8.4375;-8.125;-7.8125;-7.5;-7.1875;-6.875;-6.5625;-6.25;-5.9375;-5.625;-5.3125;-5;-4.6875;-4.375;-4.0625;-3.75;-3.4375;-3.125;-2.8125;-2.5;-2.1875;-1.875;-1.5625;-1.25;-0.9375;-0.625;-0.3125;0;0.3125;0.625;0.9375;1.25;1.5625;1.875;2.1875;2.5;2.8125;3.125;3.4375;3.75;4.0625;4.375;4.6875;5;5.3125;5.625;5.9375;6.25;6.5625;6.875;7.1875;7.5;7.8125;8.125;8.4375;8.75;9.0625;9.375;9.6875;10","0;0;0;0;0;0;0;0;0;0;0;0;0;0;0;0;0;0;0;0;0;0;0;0;145;1052;2084;2516;6195;13916;26276;48363;44758;23799;5515;844;25;0;0;0;0;0;0;0;0;0;0;0;0;0;0;0;0;0;0;0;0;0;0;0;0;0;0;0",175488
18,5,"LeakyReLULayer( 0.050000 )",post_activation,"-10;-9.6875;-9.375;-9.0625;-8.75;-8.4375;-8.125;-7.8125;-7.5;-7.1875;-6.875;-6.5625;-6.25;-5.9375;-5.625;-5.3125;-5;-4.6875;-4.375;-4.0625;-3.75;-3.4375;-3.125;-2.8125;-2.5;-2.1875;-1.875;-1.5625;-1.25;-0.9375;-0.625;-0.3125;0;0.3125;0.625;0.9375;1.25;1.5625;1.875;2.1875;2.5;2.8125;3.125;3.4375;3.75;4.0625;4.375;4.6875;5;5.3125;5.625;5.9375;6.25;6.5625;6.875;7.1875;7.5;7.8125;8.125;8.4375;8.75;9.0625;9.375;9.6875;10","0;0;0;0;0;0;0;0;0;0;0;0;0;0;0;0;0;0;0;0;0;0;0;0;0;0;0;0;0;0;0;100547;44758;23799;5515;844;25;0;0;0;0;0;0;0;0;0;0;0;0;0;0;0;0;0;0;0;0;0;0;0;0;0;0;0",175488
18,8,"LeakyReLULayer( 0.050000 )",pre_activation,"-10;-9.6875;-9.375;-9.0625;-8.75;-8.4375;-8.125;-7.8125;-7.5;-7.1875;-6.875;-6.5625;-6.25;-5.9375;-5.625;-5.3125;-5;-4.6875;-4.375;-4.0625;-3.75;-3.4375;-3.125;-2.8125;-2.5;-2.1875;-1.875;-1.5625;-1.25;-0.9375;-0.625;-0.3125;0;0.3125;0.625;0.9375;1.25;1.5625;1.875;2.1875;2.5;2.8125;3.125;3.4375;3.75;4.0625;4.375;4.6875;5;5.3125;5.625;5.9375;6.25;6.5625;6.875;7.1875;7.5;7.8125;8.125;8.4375;8.75;9.0625;9.375;9.6875;10","0;0;0;0;0;0;0;0;0;0;0;0;0;0;0;0;0;0;0;0;0;0;0;0;1;0;18;179;1013;4121;14867;33771;23242;7555;2256;612;98;11;0;0;0;0;0;0;0;0;0;0;0;0;0;0;0;0;0;0;0;0;0;0;0;0;0;0",87744
18,8,"LeakyReLULayer( 0.050000 )",post_activation,"-10;-9.6875;-9.375;-9.0625;-8.75;-8.4375;-8.125;-7.8125;-7.5;-7.1875;-6.875;-6.5625;-6.25;-5.9375;-5.625;-5.3125;-5;-4.6875;-4.375;-4.0625;-3.75;-3.4375;-3.125;-2.8125;-2.5;-2.1875;-1.875;-1.5625;-1.25;-0.9375;-0.625;-0.3125;0;0.3125;0.625;0.9375;1.25;1.5625;1.875;2.1875;2.5;2.8125;3.125;3.4375;3.75;4.0625;4.375;4.6875;5;5.3125;5.625;5.9375;6.25;6.5625;6.875;7.1875;7.5;7.8125;8.125;8.4375;8.75;9.0625;9.375;9.6875;10","0;0;0;0;0;0;0;0;0;0;0;0;0;0;0;0;0;0;0;0;0;0;0;0;0;0;0;0;0;0;0;53970;23242;7555;2256;612;98;11;0;0;0;0;0;0;0;0;0;0;0;0;0;0;0;0;0;0;0;0;0;0;0;0;0;0",87744
19,1,"LeakyReLULayer( 0.050000 )",pre_activation,"-10;-9.6875;-9.375;-9.0625;-8.75;-8.4375;-8.125;-7.8125;-7.5;-7.1875;-6.875;-6.5625;-6.25;-5.9375;-5.625;-5.3125;-5;-4.6875;-4.375;-4.0625;-3.75;-3.4375;-3.125;-2.8125;-2.5;-2.1875;-1.875;-1.5625;-1.25;-0.9375;-0.625;-0.3125;0;0.3125;0.625;0.9375;1.25;1.5625;1.875;2.1875;2.5;2.8125;3.125;3.4375;3.75;4.0625;4.375;4.6875;5;5.3125;5.625;5.9375;6.25;6.5625;6.875;7.1875;7.5;7.8125;8.125;8.4375;8.75;9.0625;9.375;9.6875;10","0;0;0;0;0;0;0;0;0;0;0;0;0;0;0;0;0;0;0;0;26;408;1611;4275;8936;18650;47167;108396;292731;724309;1358115;2371825;2281644;1407105;814449;259972;114137;49565;7878;1;0;0;0;0;0;0;0;0;0;0;0;0;0;0;0;0;0;0;0;0;0;0;0;0",9871200
19,1,"LeakyReLULayer( 0.050000 )",post_activation,"-10;-9.6875;-9.375;-9.0625;-8.75;-8.4375;-8.125;-7.8125;-7.5;-7.1875;-6.875;-6.5625;-6.25;-5.9375;-5.625;-5.3125;-5;-4.6875;-4.375;-4.0625;-3.75;-3.4375;-3.125;-2.8125;-2.5;-2.1875;-1.875;-1.5625;-1.25;-0.9375;-0.625;-0.3125;0;0.3125;0.625;0.9375;1.25;1.5625;1.875;2.1875;2.5;2.8125;3.125;3.4375;3.75;4.0625;4.375;4.6875;5;5.3125;5.625;5.9375;6.25;6.5625;6.875;7.1875;7.5;7.8125;8.125;8.4375;8.75;9.0625;9.375;9.6875;10","0;0;0;0;0;0;0;0;0;0;0;0;0;0;0;0;0;0;0;0;0;0;0;0;0;0;0;0;0;0;0;4936449;2281644;1407105;814449;259972;114137;49565;7878;1;0;0;0;0;0;0;0;0;0;0;0;0;0;0;0;0;0;0;0;0;0;0;0;0",9871200
19,5,"LeakyReLULayer( 0.050000 )",pre_activation,"-10;-9.6875;-9.375;-9.0625;-8.75;-8.4375;-8.125;-7.8125;-7.5;-7.1875;-6.875;-6.5625;-6.25;-5.9375;-5.625;-5.3125;-5;-4.6875;-4.375;-4.0625;-3.75;-3.4375;-3.125;-2.8125;-2.5;-2.1875;-1.875;-1.5625;-1.25;-0.9375;-0.625;-0.3125;0;0.3125;0.625;0.9375;1.25;1.5625;1.875;2.1875;2.5;2.8125;3.125;3.4375;3.75;4.0625;4.375;4.6875;5;5.3125;5.625;5.9375;6.25;6.5625;6.875;7.1875;7.5;7.8125;8.125;8.4375;8.75;9.0625;9.375;9.6875;10","0;0;0;0;0;0;0;0;0;0;0;0;0;0;0;0;0;0;0;0;0;0;0;0;157;1105;2060;2546;6137;13883;26728;48507;44961;23263;5328;786;27;0;0;0;0;0;0;0;0;0;0;0;0;0;0;0;0;0;0;0;0;0;0;0;0;0;0;0",175488
19,5,"LeakyReLULayer( 0.050000 )",post_activation,"-10;-9.6875;-9.375;-9.0625;-8.75;-8.4375;-8.125;-7.8125;-7.5;-7.1875;-6.875;-6.5625;-6.25;-5.9375;-5.625;-5.3125;-5;-4.6875;-4.375;-4.0625;-3.75;-3.4375;-3.125;-2.8125;-2.5;-2.1875;-1.875;-1.5625;-1.25;-0.9375;-0.625;-0.3125;0;0.3125;0.625;0.9375;1.25;1.5625;1.875;2.1875;2.5;2.8125;3.125;3.4375;3.75;4.0625;4.375;4.6875;5;5.3125;5.625;5.9375;6.25;6.5625;6.875;7.1875;7.5;7.8125;8.125;8.4375;8.75;9.0625;9.375;9.6875;10","0;0;0;0;0;0;0;0;0;0;0;0;0;0;0;0;0;0;0;0;0;0;0;0;0;0;0;0;0;0;0;101123;44961;23263;5328;786;27;0;0;0;0;0;0;0;0;0;0;0;0;0;0;0;0;0;0;0;0;0;0;0;0;0;0;0",175488
19,8,"LeakyReLULayer( 0.050000 )",pre_activation,"-10;-9.6875;-9.375;-9.0625;-8.75;-8.4375;-8.125;-7.8125;-7.5;-7.1875;-6.875;-6.5625;-6.25;-5.9375;-5.625;-5.3125;-5;-4.6875;-4.375;-4.0625;-3.75;-3.4375;-3.125;-2.8125;-2.5;-2.1875;-1.875;-1.5625;-1.25;-0.9375;-0.625;-0.3125;0;0.3125;0.625;0.9375;1.25;1.5625;1.875;2.1875;2.5;2.8125;3.125;3.4375;3.75;4.0625;4.375;4.6875;5;5.3125;5.625;5.9375;6.25;6.5625;6.875;7.1875;7.5;7.8125;8.125;8.4375;8.75;9.0625;9.375;9.6875;10","0;0;0;0;0;0;0;0;0;0;0;0;0;0;0;0;0;0;0;0;0;0;0;0;0;2;17;180;938;4155;14305;34230;23599;7297;2241;651;120;8;1;0;0;0;0;0;0;0;0;0;0;0;0;0;0;0;0;0;0;0;0;0;0;0;0;0",87744
19,8,"LeakyReLULayer( 0.050000 )",post_activation,"-10;-9.6875;-9.375;-9.0625;-8.75;-8.4375;-8.125;-7.8125;-7.5;-7.1875;-6.875;-6.5625;-6.25;-5.9375;-5.625;-5.3125;-5;-4.6875;-4.375;-4.0625;-3.75;-3.4375;-3.125;-2.8125;-2.5;-2.1875;-1.875;-1.5625;-1.25;-0.9375;-0.625;-0.3125;0;0.3125;0.625;0.9375;1.25;1.5625;1.875;2.1875;2.5;2.8125;3.125;3.4375;3.75;4.0625;4.375;4.6875;5;5.3125;5.625;5.9375;6.25;6.5625;6.875;7.1875;7.5;7.8125;8.125;8.4375;8.75;9.0625;9.375;9.6875;10","0;0;0;0;0;0;0;0;0;0;0;0;0;0;0;0;0;0;0;0;0;0;0;0;0;0;0;0;0;0;0;53827;23599;7297;2241;651;120;8;1;0;0;0;0;0;0;0;0;0;0;0;0;0;0;0;0;0;0;0;0;0;0;0;0;0",87744
20,1,"LeakyReLULayer( 0.050000 )",pre_activation,"-10;-9.6875;-9.375;-9.0625;-8.75;-8.4375;-8.125;-7.8125;-7.5;-7.1875;-6.875;-6.5625;-6.25;-5.9375;-5.625;-5.3125;-5;-4.6875;-4.375;-4.0625;-3.75;-3.4375;-3.125;-2.8125;-2.5;-2.1875;-1.875;-1.5625;-1.25;-0.9375;-0.625;-0.3125;0;0.3125;0.625;0.9375;1.25;1.5625;1.875;2.1875;2.5;2.8125;3.125;3.4375;3.75;4.0625;4.375;4.6875;5;5.3125;5.625;5.9375;6.25;6.5625;6.875;7.1875;7.5;7.8125;8.125;8.4375;8.75;9.0625;9.375;9.6875;10","0;0;0;0;0;0;0;0;0;0;0;0;0;0;0;0;0;0;0;0;25;404;1605;4277;8909;18622;47059;108294;292476;724101;1359512;2370944;2280947;1408815;814217;259621;114079;49442;7850;1;0;0;0;0;0;0;0;0;0;0;0;0;0;0;0;0;0;0;0;0;0;0;0;0",9871200
20,1,"LeakyReLULayer( 0.050000 )",post_activation,"-10;-9.6875;-9.375;-9.0625;-8.75;-8.4375;-8.125;-7.8125;-7.5;-7.1875;-6.875;-6.5625;-6.25;-5.9375;-5.625;-5.3125;-5;-4.6875;-4.375;-4.0625;-3.75;-3.4375;-3.125;-2.8125;-2.5;-2.1875;-1.875;-1.5625;-1.25;-0.9375;-0.625;-0.3125;0;0.3125;0.625;0.9375;1.25;1.5625;1.875;2.1875;2.5;2.8125;3.125;3.4375;3.75;4.0625;4.375;4.6875;5;5.3125;5.625;5.9375;6.25;6.5625;6.875;7.1875;7.5;7.8125;8.125;8.4375;8.75;9.0625;9.375;9.6875;10","0;0;0;0;0;0;0;0;0;0;0;0;0;0;0;0;0;0;0;0;0;0;0;0;0;0;0;0;0;0;0;4936228;2280947;1408815;814217;259621;114079;49442;7850;1;0;0;0;0;0;0;0;0;0;0;0;0;0;0;0;0;0;0;0;0;0;0;0;0",9871200
20,5,"LeakyReLULayer( 0.050000 )",pre_activation,"-10;-9.6875;-9.375;-9.0625;-8.75;-8.4375;-8.125;-7.8125;-7.5;-7.1875;-6.875;-6.5625;-6.25;-5.9375;-5.625;-5.3125;-5;-4.6875;-4.375;-4.0625;-3.75;-3.4375;-3.125;-2.8125;-2.5;-2.1875;-1.875;-1.5625;-1.25;-0.9375;-0.625;-0.3125;0;0.3125;0.625;0.9375;1.25;1.5625;1.875;2.1875;2.5;2.8125;3.125;3.4375;3.75;4.0625;4.375;4.6875;5;5.3125;5.625;5.9375;6.25;6.5625;6.875;7.1875;7.5;7.8125;8.125;8.4375;8.75;9.0625;9.375;9.6875;10","0;0;0;0;0;0;0;0;0;0;0;0;0;0;0;0;0;0;0;0;0;0;0;0;225;1056;2074;2561;6101;13762;27200;48643;45439;22526;5051;817;33;0;0;0;0;0;0;0;0;0;0;0;0;0;0;0;0;0;0;0;0;0;0;0;0;0;0;0",175488
20,5,"LeakyReLULayer( 0.050000 )",post_activation,"-10;-9.6875;-9.375;-9.0625;-8.75;-8.4375;-8.125;-7.8125;-7.5;-7.1875;-6.875;-6.5625;-6.25;-5.9375;-5.625;-5.3125;-5;-4.6875;-4.375;-4.0625;-3.75;-3.4375;-3.125;-2.8125;-2.5;-2.1875;-1.875;-1.5625;-1.25;-0.9375;-0.625;-0.3125;0;0.3125;0.625;0.9375;1.25;1.5625;1.875;2.1875;2.5;2.8125;3.125;3.4375;3.75;4.0625;4.375;4.6875;5;5.3125;5.625;5.9375;6.25;6.5625;6.875;7.1875;7.5;7.8125;8.125;8.4375;8.75;9.0625;9.375;9.6875;10","0;0;0;0;0;0;0;0;0;0;0;0;0;0;0;0;0;0;0;0;0;0;0;0;0;0;0;0;0;0;0;101622;45439;22526;5051;817;33;0;0;0;0;0;0;0;0;0;0;0;0;0;0;0;0;0;0;0;0;0;0;0;0;0;0;0",175488
20,8,"LeakyReLULayer( 0.050000 )",pre_activation,"-10;-9.6875;-9.375;-9.0625;-8.75;-8.4375;-8.125;-7.8125;-7.5;-7.1875;-6.875;-6.5625;-6.25;-5.9375;-5.625;-5.3125;-5;-4.6875;-4.375;-4.0625;-3.75;-3.4375;-3.125;-2.8125;-2.5;-2.1875;-1.875;-1.5625;-1.25;-0.9375;-0.625;-0.3125;0;0.3125;0.625;0.9375;1.25;1.5625;1.875;2.1875;2.5;2.8125;3.125;3.4375;3.75;4.0625;4.375;4.6875;5;5.3125;5.625;5.9375;6.25;6.5625;6.875;7.1875;7.5;7.8125;8.125;8.4375;8.75;9.0625;9.375;9.6875;10","0;0;0;0;0;0;0;0;0;0;0;0;0;0;0;0;0;0;0;0;0;0;0;0;0;2;28;179;966;3883;14109;34400;23970;7201;2279;614;106;7;0;0;0;0;0;0;0;0;0;0;0;0;0;0;0;0;0;0;0;0;0;0;0;0;0;0",87744
20,8,"LeakyReLULayer( 0.050000 )",post_activation,"-10;-9.6875;-9.375;-9.0625;-8.75;-8.4375;-8.125;-7.8125;-7.5;-7.1875;-6.875;-6.5625;-6.25;-5.9375;-5.625;-5.3125;-5;-4.6875;-4.375;-4.0625;-3.75;-3.4375;-3.125;-2.8125;-2.5;-2.1875;-1.875;-1.5625;-1.25;-0.9375;-0.625;-0.3125;0;0.3125;0.625;0.9375;1.25;1.5625;1.875;2.1875;2.5;2.8125;3.125;3.4375;3.75;4.0625;4.375;4.6875;5;5.3125;5.625;5.9375;6.25;6.5625;6.875;7.1875;7.5;7.8125;8.125;8.4375;8.75;9.0625;9.375;9.6875;10","0;0;0;0;0;0;0;0;0;0;0;0;0;0;0;0;0;0;0;0;0;0;0;0;0;0;0;0;0;0;0;53567;23970;7201;2279;614;106;7;0;0;0;0;0;0;0;0;0;0;0;0;0;0;0;0;0;0;0;0;0;0;0;0;0;0",87744
21,1,"LeakyReLULayer( 0.050000 )",pre_activation,"-10;-9.6875;-9.375;-9.0625;-8.75;-8.4375;-8.125;-7.8125;-7.5;-7.1875;-6.875;-6.5625;-6.25;-5.9375;-5.625;-5.3125;-5;-4.6875;-4.375;-4.0625;-3.75;-3.4375;-3.125;-2.8125;-2.5;-2.1875;-1.875;-1.5625;-1.25;-0.9375;-0.625;-0.3125;0;0.3125;0.625;0.9375;1.25;1.5625;1.875;2.1875;2.5;2.8125;3.125;3.4375;3.75;4.0625;4.375;4.6875;5;5.3125;5.625;5.9375;6.25;6.5625;6.875;7.1875;7.5;7.8125;8.125;8.4375;8.75;9.0625;9.375;9.6875;10","0;0;0;0;0;0;0;0;0;0;0;0;0;0;0;0;0;0;0;0;25;402;1600;4265;8910;18571;46987;108158;292236;724102;1360044;2370874;2281026;1409432;814144;259254;113995;49338;7836;1;0;0;0;0;0;0;0;0;0;0;0;0;0;0;0;0;0;0;0;0;0;0;0;0",9871200
21,1,"LeakyReLULayer( 0.050000 )",post_activation,"-10;-9.6875;-9.375;-9.0625;-8.75;-8.4375;-8.125;-7.8125;-7.5;-7.1875;-6.875;-6.5625;-6.25;-5.9375;-5.625;-5.3125;-5;-4.6875;-4.375;-4.0625;-3.75;-3.4375;-3.125;-2.8125;-2.5;-2.1875;-1.875;-1.5625;-1.25;-0.9375;-0.625;-0.3125;0;0.3125;0.625;0.9375;1.25;1.5625;1.875;2.1875;2.5;2.8125;3.125;3.4375;3.75;4.0625;4.375;4.6875;5;5.3125;5.625;5.9375;6.25;6.5625;6.875;7.1875;7.5;7.8125;8.125;8.4375;8.75;9.0625;9.375;9.6875;10","0;0;0;0;0;0;0;0;0;0;0;0;0;0;0;0;0;0;0;0;0;0;0;0;0;0;0;0;0;0;0;4936174;2281026;1409432;814144;259254;113995;49338;7836;1;0;0;0;0;0;0;0;0;0;0;0;0;0;0;0;0;0;0;0;0;0;0;0;0",9871200
21,5,"LeakyReLULayer( 0.050000 )",pre_activation,"-10;-9.6875;-9.375;-9.0625;-8.75;-8.4375;-8.125;-7.8125;-7.5;-7.1875;-6.875;-6.5625;-6.25;-5.9375;-5.625;-5.3125;-5;-4.6875;-4.375;-4.0625;-3.75;-3.4375;-3.125;-2.8125;-2.5;-2.1875;-1.875;-1.5625;-1.25;-0.9375;-0.625;-0.3125;0;0.3125;0.625;0.9375;1.25;1.5625;1.875;2.1875;2.5;2.8125;3.125;3.4375;3.75;4.0625;4.375;4.6875;5;5.3125;5.625;5.9375;6.25;6.5625;6.875;7.1875;7.5;7.8125;8.125;8.4375;8.75;9.0625;9.375;9.6875;10","0;0;0;0;0;0;0;0;0;0;0;0;0;0;0;0;0;0;0;0;0;0;0;0;257;1039;2024;2714;5867;13744;27841;49022;45395;21762;4925;849;49;0;0;0;0;0;0;0;0;0;0;0;0;0;0;0;0;0;0;0;0;0;0;0;0;0;0;0",175488
21,5,"LeakyReLULayer( 0.050000 )",post_activation,"-10;-9.6875;-9.375;-9.0625;-8.75;-8.4375;-8.125;-7.8125;-7.5;-7.1875;-6.875;-6.5625;-6.25;-5.9375;-5.625;-5.3125;-5;-4.6875;-4.375;-4.0625;-3.75;-3.4375;-3.125;-2.8125;-2.5;-2.1875;-1.875;-1.5625;-1.25;-0.9375;-0.625;-0.3125;0;0.3125;0.625;0.9375;1.25;1.5625;1.875;2.1875;2.5;2.8125;3.125;3.4375;3.75;4.0625;4.375;4.6875;5;5.3125;5.625;5.9375;6.25;6.5625;6.875;7.1875;7.5;7.8125;8.125;8.4375;8.75;9.0625;9.375;9.6875;10","0;0;0;0;0;0;0;0;0;0;0;0;0;0;0;0;0;0;0;0;0;0;0;0;0;0;0;0;0;0;0;102508;45395;21762;4925;849;49;0;0;0;0;0;0;0;0;0;0;0;0;0;0;0;0;0;0;0;0;0;0;0;0;0;0;0",175488
21,8,"LeakyReLULayer( 0.050000 )",pre_activation,"-10;-9.6875;-9.375;-9.0625;-8.75;-8.4375;-8.125;-7.8125;-7.5;-7.1875;-6.875;-6.5625;-6.25;-5.9375;-5.625;-5.3125;-5;-4.6875;-4.375;-4.0625;-3.75;-3.4375;-3.125;-2.8125;-2.5;-2.1875;-1.875;-1.5625;-1.25;-0.9375;-0.625;-0.3125;0;0.3125;0.625;0.9375;1.25;1.5625;1.875;2.1875;2.5;2.8125;3.125;3.4375;3.75;4.0625;4.375;4.6875;5;5.3125;5.625;5.9375;6.25;6.5625;6.875;7.1875;7.5;7.8125;8.125;8.4375;8.75;9.0625;9.375;9.6875;10","0;0;0;0;0;0;0;0;0;0;0;0;0;0;0;0;0;0;0;0;0;0;0;0;0;1;25;172;908;3821;13768;34741;24458;6947;2206;562;117;18;0;0;0;0;0;0;0;0;0;0;0;0;0;0;0;0;0;0;0;0;0;0;0;0;0;0",87744
21,8,"LeakyReLULayer( 0.050000 )",post_activation,"-10;-9.6875;-9.375;-9.0625;-8.75;-8.4375;-8.125;-7.8125;-7.5;-7.1875;-6.875;-6.5625;-6.25;-5.9375;-5.625;-5.3125;-5;-4.6875;-4.375;-4.0625;-3.75;-3.4375;-3.125;-2.8125;-2.5;-2.1875;-1.875;-1.5625;-1.25;-0.9375;-0.625;-0.3125;0;0.3125;0.625;0.9375;1.25;1.5625;1.875;2.1875;2.5;2.8125;3.125;3.4375;3.75;4.0625;4.375;4.6875;5;5.3125;5.625;5.9375;6.25;6.5625;6.875;7.1875;7.5;7.8125;8.125;8.4375;8.75;9.0625;9.375;9.6875;10","0;0;0;0;0;0;0;0;0;0;0;0;0;0;0;0;0;0;0;0;0;0;0;0;0;0;0;0;0;0;0;53436;24458;6947;2206;562;117;18;0;0;0;0;0;0;0;0;0;0;0;0;0;0;0;0;0;0;0;0;0;0;0;0;0;0",87744
22,1,"LeakyReLULayer( 0.050000 )",pre_activation,"-10;-9.6875;-9.375;-9.0625;-8.75;-8.4375;-8.125;-7.8125;-7.5;-7.1875;-6.875;-6.5625;-6.25;-5.9375;-5.625;-5.3125;-5;-4.6875;-4.375;-4.0625;-3.75;-3.4375;-3.125;-2.8125;-2.5;-2.1875;-1.875;-1.5625;-1.25;-0.9375;-0.625;-0.3125;0;0.3125;0.625;0.9375;1.25;1.5625;1.875;2.1875;2.5;2.8125;3.125;3.4375;3.75;4.0625;4.375;4.6875;5;5.3125;5.625;5.9375;6.25;6.5625;6.875;7.1875;7.5;7.8125;8.125;8.4375;8.75;9.0625;9.375;9.6875;10","0;0;0;0;0;0;0;0;0;0;0;0;0;0;0;0;0;0;0;0;25;396;1595;4231;8913;18537;46919;108127;292222;724057;1360271;2370721;2281095;1409746;814216;259176;113969;49196;7787;1;0;0;0;0;0;0;0;0;0;0;0;0;0;0;0;0;0;0;0;0;0;0;0;0",9871200
22,1,"LeakyReLULayer( 0.050000 )",post_activation,"-10;-9.6875;-9.375;-9.0625;-8.75;-8.4375;-8.125;-7.8125;-7.5;-7.1875;-6.875;-6.5625;-6.25;-5.9375;-5.625;-5.3125;-5;-4.6875;-4.375;-4.0625;-3.75;-3.4375;-3.125;-2.8125;-2.5;-2.1875;-1.875;-1.5625;-1.25;-0.9375;-0.625;-0.3125;0;0.3125;0.625;0.9375;1.25;1.5625;1.875;2.1875;2.5;2.8125;3.125;3.4375;3.75;4.0625;4.375;4.6875;5;5.3125;5.625;5.9375;6.25;6.5625;6.875;7.1875;7.5;7.8125;8.125;8.4375;8.75;9.0625;9.375;9.6875;10","0;0;0;0;0;0;0;0;0;0;0;0;0;0;0;0;0;0;0;0;0;0;0;0;0;0;0;0;0;0;0;4936014;2281095;1409746;814216;259176;113969;49196;7787;1;0;0;0;0;0;0;0;0;0;0;0;0;0;0;0;0;0;0;0;0;0;0;0;0",9871200
22,5,"LeakyReLULayer( 0.050000 )",pre_activation,"-10;-9.6875;-9.375;-9.0625;-8.75;-8.4375;-8.125;-7.8125;-7.5;-7.1875;-6.875;-6.5625;-6.25;-5.9375;-5.625;-5.3125;-5;-4.6875;-4.375;-4.0625;-3.75;-3.4375;-3.125;-2.8125;-2.5;-2.1875;-1.875;-1.5625;-1.25;-0.9375;-0.625;-0.3125;0;0.3125;0.625;0.9375;1.25;1.5625;1.875;2.1875;2.5;2.8125;3.125;3.4375;3.75;4.0625;4.375;4.6875;5;5.3125;5.625;5.9375;6.25;6.5625;6.875;7.1875;7.5;7.8125;8.125;8.4375;8.75;9.0625;9.375;9.6875;10","0;0;0;0;0;0;0;0;0;0;0;0;0;0;0;0;0;0;0;0;0;0;0;0;267;967;2009;2839;6022;13781;27990;49902;44214;21924;4708;812;53;0;0;0;0;0;0;0;0;0;0;0;0;0;0;0;0;0;0;0;0;0;0;0;0;0;0;0",175488
22,5,"LeakyReLULayer( 0.050000 )",post_activation,"-10;-9.6875;-9.375;-9.0625;-8.75;-8.4375;-8.125;-7.8125;-7.5;-7.1875;-6.875;-6.5625;-6.25;-5.9375;-5.625;-5.3125;-5;-4.6875;-4.375;-4.0625;-3.75;-3.4375;-3.125;-2.8125;-2.5;-2.1875;-1.875;-1.5625;-1.25;-0.9375;-0.625;-0.3125;0;0.3125;0.625;0.9375;1.25;1.5625;1.875;2.1875;2.5;2.8125;3.125;3.4375;3.75;4.0625;4.375;4.6875;5;5.3125;5.625;5.9375;6.25;6.5625;6.875;7.1875;7.5;7.8125;8.125;8.4375;8.75;9.0625;9.375;9.6875;10","0;0;0;0;0;0;0;0;0;0;0;0;0;0;0;0;0;0;0;0;0;0;0;0;0;0;0;0;0;0;0;103777;44214;21924;4708;812;53;0;0;0;0;0;0;0;0;0;0;0;0;0;0;0;0;0;0;0;0;0;0;0;0;0;0;0",175488
22,8,"LeakyReLULayer( 0.050000 )",pre_activation,"-10;-9.6875;-9.375;-9.0625;-8.75;-8.4375;-8.125;-7.8125;-7.5;-7.1875;-6.875;-6.5625;-6.25;-5.9375;-5.625;-5.3125;-5;-4.6875;-4.375;-4.0625;-3.75;-3.4375;-3.125;-2.8125;-2.5;-2.1875;-1.875;-1.5625;-1.25;-0.9375;-0.625;-0.3125;0;0.3125;0.625;0.9375;1.25;1.5625;1.875;2.1875;2.5;2.8125;3.125;3.4375;3.75;4.0625;4.375;4.6875;5;5.3125;5.625;5.9375;6.25;6.5625;6.875;7.1875;7.5;7.8125;8.125;8.4375;8.75;9.0625;9.375;9.6875;10","0;0;0;0;0;0;0;0;0;0;0;0;0;0;0;0;0;0;0;0;0;0;0;0;1;2;30;155;858;3830;13190;35063;24931;6883;2109;574;107;11;0;0;0;0;0;0;0;0;0;0;0;0;0;0;0;0;0;0;0;0;0;0;0;0;0;0",87744
22,8,"LeakyReLULayer( 0.050000 )",post_activation,"-10;-9.6875;-9.375;-9.0625;-8.75;-8.4375;-8.125;-7.8125;-7.5;-7.1875;-6.875;-6.5625;-6.25;-5.9375;-5.625;-5.3125;-5;-4.6875;-4.375;-4.0625;-3.75;-3.4375;-3.125;-2.8125;-2.5;-2.1875;-1.875;-1.5625;-1.25;-0.9375;-0.625;-0.3125;0;0.3125;0.625;0.9375;1.25;1.5625;1.875;2.1875;2.5;2.8125;3.125;3.4375;3.75;4.0625;4.375;4.6875;5;5.3125;5.625;5.9375;6.25;6.5625;6.875;7.1875;7.5;7.8125;8.125;8.4375;8.75;9.0625;9.375;9.6875;10","0;0;0;0;0;0;0;0;0;0;0;0;0;0;0;0;0;0;0;0;0;0;0;0;0;0;0;0;0;0;0;53129;24931;6883;2109;574;107;11;0;0;0;0;0;0;0;0;0;0;0;0;0;0;0;0;0;0;0;0;0;0;0;0;0;0",87744
23,1,"LeakyReLULayer( 0.050000 )",pre_activation,"-10;-9.6875;-9.375;-9.0625;-8.75;-8.4375;-8.125;-7.8125;-7.5;-7.1875;-6.875;-6.5625;-6.25;-5.9375;-5.625;-5.3125;-5;-4.6875;-4.375;-4.0625;-3.75;-3.4375;-3.125;-2.8125;-2.5;-2.1875;-1.875;-1.5625;-1.25;-0.9375;-0.625;-0.3125;0;0.3125;0.625;0.9375;1.25;1.5625;1.875;2.1875;2.5;2.8125;3.125;3.4375;3.75;4.0625;4.375;4.6875;5;5.3125;5.625;5.9375;6.25;6.5625;6.875;7.1875;7.5;7.8125;8.125;8.4375;8.75;9.0625;9.375;9.6875;10","0;0;0;0;0;0;0;0;0;0;0;0;0;0;0;0;0;0;0;0;25;391;1577;4209;8923;18448;46831;107852;291729;723653;1361030;2371274;2281662;1410860;813499;258673;113850;48997;7717;0;0;0;0;0;0;0;0;0;0;0;0;0;0;0;0;0;0;0;0;0;0;0;0;0",9871200
23,1,"LeakyReLULayer( 0.050000 )",post_activation,"-10;-9.6875;-9.375;-9.0625;-8.75;-8.4375;-8.125;-7.8125;-7.5;-7.1875;-6.875;-6.5625;-6.25;-5.9375;-5.625;-5.3125;-5;-4.6875;-4.375;-4.0625;-3.75;-3.4375;-3.125;-2.8125;-2.5;-2.1875;-1.875;-1.5625;-1.25;-0.9375;-0.625;-0.3125;0;0.3125;0.625;0.9375;1.25;1.5625;1.875;2.1875;2.5;2.8125;3.125;3.4375;3.75;4.0625;4.375;4.6875;5;5.3125;5.625;5.9375;6.25;6.5625;6.875;7.1875;7.5;7.8125;8.125;8.4375;8.75;9.0625;9.375;9.6875;10","0;0;0;0;0;0;0;0;0;0;0;0;0;0;0;0;0;0;0;0;0;0;0;0;0;0;0;0;0;0;0;4935942;2281662;1410860;813499;258673;113850;48997;7717;0;0;0;0;0;0;0;0;0;0;0;0;0;0;0;0;0;0;0;0;0;0;0;0;0",9871200
23,5,"LeakyReLULayer( 0.050000 )",pre_activation,"-10;-9.6875;-9.375;-9.0625;-8.75;-8.4375;-8.125;-7.8125;-7.5;-7.1875;-6.875;-6.5625;-6.25;-5.9375;-5.625;-5.3125;-5;-4.6875;-4.375;-4.0625;-3.75;-3.4375;-3.125;-2.8125;-2.5;-2.1875;-1.875;-1.5625;-1.25;-0.9375;-0.625;-0.3125;0;0.3125;0.625;0.9375;1.25;1.5625;1.875;2.1875;2.5;2.8125;3.125;3.4375;3.75;4.0625;4.375;4.6875;5;5.3125;5.625;5.9375;6.25;6.5625;6.875;7.1875;7.5;7.8125;8.125;8.4375;8.75;9.0625;9.375;9.6875;10","0;0;0;0;0;0;0;0;0;0;0;0;0;0;0;0;0;0;0;0;0;0;0;32;265;946;2004;2854;5997;13987;28231;50342;44397;21101;4552;727;53;0;0;0;0;0;0;0;0;0;0;0;0;0;0;0;0;0;0;0;0;0;0;0;0;0;0;0",175488
23,5,"LeakyReLULayer( 0.050000 )",post_activation,"-10;-9.6875;-9.375;-9.0625;-8.75;-8.4375;-8.125;-7.8125;-7.5;-7.1875;-6.875;-6.5625;-6.25;-5.9375;-5.625;-5.3125;-5;-4.6875;-4.375;-4.0625;-3.75;-3.4375;-3.125;-2.8125;-2.5;-2.1875;-1.875;-1.5625;-1.25;-0.9375;-0.625;-0.3125;0;0.3125;0.625;0.9375;1.25;1.5625;1.875;2.1875;2.5;2.8125;3.125;3.4375;3.75;4.0625;4.375;4.6875;5;5.3125;5.625;5.9375;6.25;6.5625;6.875;7.1875;7.5;7.8125;8.125;8.4375;8.75;9.0625;9.375;9.6875;10","0;0;0;0;0;0;0;0;0;0;0;0;0;0;0;0;0;0;0;0;0;0;0;0;0;0;0;0;0;0;0;104658;44397;21101;4552;727;53;0;0;0;0;0;0;0;0;0;0;0;0;0;0;0;0;0;0;0;0;0;0;0;0;0;0;0",175488
23,8,"LeakyReLULayer( 0.050000 )",pre_activation,"-10;-9.6875;-9.375;-9.0625;-8.75;-8.4375;-8.125;-7.8125;-7.5;-7.1875;-6.875;-6.5625;-6.25;-5.9375;-5.625;-5.3125;-5;-4.6875;-4.375;-4.0625;-3.75;-3.4375;-3.125;-2.8125;-2.5;-2.1875;-1.875;-1.5625;-1.25;-0.9375;-0.625;-0.3125;0;0.3125;0.625;0.9375;1.25;1.5625;1.875;2.1875;2.5;2.8125;3.125;3.4375;3.75;4.0625;4.375;4.6875;5;5.3125;5.625;5.9375;6.25;6.5625;6.875;7.1875;7.5;7.8125;8.125;8.4375;8.75;9.0625;9.375;9.6875;10","0;0;0;0;0;0;0;0;0;0;0;0;0;0;0;0;0;0;0;0;0;0;0;0;0;2;16;130;829;3594;12905;35250;25416;6936;2013;553;91;8;1;0;0;0;0;0;0;0;0;0;0;0;0;0;0;0;0;0;0;0;0;0;0;0;0;0",87744
23,8,"LeakyReLULayer( 0.050000 )",post_activation,"-10;-9.6875;-9.375;-9.0625;-8.75;-8.4375;-8.125;-7.8125;-7.5;-7.1875;-6.875;-6.5625;-6.25;-5.9375;-5.625;-5.3125;-5;-4.6875;-4.375;-4.0625;-3.75;-3.4375;-3.125;-2.8125;-2.5;-2.1875;-1.875;-1.5625;-1.25;-0.9375;-0.625;-0.3125;0;0.3125;0.625;0.9375;1.25;1.5625;1.875;2.1875;2.5;2.8125;3.125;3.4375;3.75;4.0625;4.375;4.6875;5;5.3125;5.625;5.9375;6.25;6.5625;6.875;7.1875;7.5;7.8125;8.125;8.4375;8.75;9.0625;9.375;9.6875;10","0;0;0;0;0;0;0;0;0;0;0;0;0;0;0;0;0;0;0;0;0;0;0;0;0;0;0;0;0;0;0;52726;25416;6936;2013;553;91;8;1;0;0;0;0;0;0;0;0;0;0;0;0;0;0;0;0;0;0;0;0;0;0;0;0;0",87744
24,1,"LeakyReLULayer( 0.050000 )",pre_activation,"-10;-9.6875;-9.375;-9.0625;-8.75;-8.4375;-8.125;-7.8125;-7.5;-7.1875;-6.875;-6.5625;-6.25;-5.9375;-5.625;-5.3125;-5;-4.6875;-4.375;-4.0625;-3.75;-3.4375;-3.125;-2.8125;-2.5;-2.1875;-1.875;-1.5625;-1.25;-0.9375;-0.625;-0.3125;0;0.3125;0.625;0.9375;1.25;1.5625;1.875;2.1875;2.5;2.8125;3.125;3.4375;3.75;4.0625;4.375;4.6875;5;5.3125;5.625;5.9375;6.25;6.5625;6.875;7.1875;7.5;7.8125;8.125;8.4375;8.75;9.0625;9.375;9.6875;10","0;0;0;0;0;0;0;0;0;0;0;0;0;0;0;0;0;0;0;0;24;390;1574;4206;8912;18422;46778;107835;291712;723916;1361955;2370046;2280568;1411886;813928;258643;113805;48899;7701;0;0;0;0;0;0;0;0;0;0;0;0;0;0;0;0;0;0;0;0;0;0;0;0;0",9871200
24,1,"LeakyReLULayer( 0.050000 )",post_activation,"-10;-9.6875;-9.375;-9.0625;-8.75;-8.4375;-8.125;-7.8125;-7.5;-7.1875;-6.875;-6.5625;-6.25;-5.9375;-5.625;-5.3125;-5;-4.6875;-4.375;-4.0625;-3.75;-3.4375;-3.125;-2.8125;-2.5;-2.1875;-1.875;-1.5625;-1.25;-0.9375;-0.625;-0.3125;0;0.3125;0.625;0.9375;1.25;1.5625;1.875;2.1875;2.5;2.8125;3.125;3.4375;3.75;4.0625;4.375;4.6875;5;5.3125;5.625;5.9375;6.25;6.5625;6.875;7.1875;7.5;7.8125;8.125;8.4375;8.75;9.0625;9.375;9.6875;10","0;0;0;0;0;0;0;0;0;0;0;0;0;0;0;0;0;0;0;0;0;0;0;0;0;0;0;0;0;0;0;4935770;2280568;1411886;813928;258643;113805;48899;7701;0;0;0;0;0;0;0;0;0;0;0;0;0;0;0;0;0;0;0;0;0;0;0;0;0",9871200
24,5,"LeakyReLULayer( 0.050000 )",pre_activation,"-10;-9.6875;-9.375;-9.0625;-8.75;-8.4375;-8.125;-7.8125;-7.5;-7.1875;-6.875;-6.5625;-6.25;-5.9375;-5.625;-5.3125;-5;-4.6875;-4.375;-4.0625;-3.75;-3.4375;-3.125;-2.8125;-2.5;-2.1875;-1.875;-1.5625;-1.25;-0.9375;-0.625;-0.3125;0;0.3125;0.625;0.9375;1.25;1.5625;1.875;2.1875;2.5;2.8125;3.125;3.4375;3.75;4.0625;4.375;4.6875;5;5.3125;5.625;5.9375;6.25;6.5625;6.875;7.1875;7.5;7.8125;8.125;8.4375;8.75;9.0625;9.375;9.6875;10","0;0;0;0;0;0;0;0;0;0;0;0;0;0;0;0;0;0;0;0;0;0;0;39;238;945;2037;2764;5899;14176;28935;50432;43823;20722;4679;742;57;0;0;0;0;0;0;0;0;0;0;0;0;0;0;0;0;0;0;0;0;0;0;0;0;0;0;0",175488
24,5,"LeakyReLULayer( 0.050000 )",post_activation,"-10;-9.6875;-9.375;-9.0625;-8.75;-8.4375;-8.125;-7.8125;-7.5;-7.1875;-6.875;-6.5625;-6.25;-5.9375;-5.625;-5.3125;-5;-4.6875;-4.375;-4.0625;-3.75;-3.4375;-3.125;-2.8125;-2.5;-2.1875;-1.875;-1.5625;-1.25;-0.9375;-0.625;-0.3125;0;0.3125;0.625;0.9375;1.25;1.5625;1.875;2.1875;2.5;2.8125;3.125;3.4375;3.75;4.0625;4.375;4.6875;5;5.3125;5.625;5.9375;6.25;6.5625;6.875;7.1875;7.5;7.8125;8.125;8.4375;8.75;9.0625;9.375;9.6875;10","0;0;0;0;0;0;0;0;0;0;0;0;0;0;0;0;0;0;0;0;0;0;0;0;0;0;0;0;0;0;0;105465;43823;20722;4679;742;57;0;0;0;0;0;0;0;0;0;0;0;0;0;0;0;0;0;0;0;0;0;0;0;0;0;0;0",175488
24,8,"LeakyReLULayer( 0.050000 )",pre_activation,"-10;-9.6875;-9.375;-9.0625;-8.75;-8.4375;-8.125;-7.8125;-7.5;-7.1875;-6.875;-6.5625;-6.25;-5.9375;-5.625;-5.3125;-5;-4.6875;-4.375;-4.0625;-3.75;-3.4375;-3.125;-2.8125;-2.5;-2.1875;-1.875;-1.5625;-1.25;-0.9375;-0.625;-0.3125;0;0.3125;0.625;0.9375;1.25;1.5625;1.875;2.1875;2.5;2.8125;3.125;3.4375;3.75;4.0625;4.375;4.6875;5;5.3125;5.625;5.9375;6.25;6.5625;6.875;7.1875;7.5;7.8125;8.125;8.4375;8.75;9.0625;9.375;9.6875;10","0;0;0;0;0;0;0;0;0;0;0;0;0;0;0;0;0;0;0;0;0;0;0;0;0;2;14;147;919;3552;12740;35193;25422;6982;2080;584;102;7;0;0;0;0;0;0;0;0;0;0;0;0;0;0;0;0;0;0;0;0;0;0;0;0;0;0",87744
24,8,"LeakyReLULayer( 0.050000 )",post_activation,"-10;-9.6875;-9.375;-9.0625;-8.75;-8.4375;-8.125;-7.8125;-7.5;-7.1875;-6.875;-6.5625;-6.25;-5.9375;-5.625;-5.3125;-5;-4.6875;-4.375;-4.0625;-3.75;-3.4375;-3.125;-2.8125;-2.5;-2.1875;-1.875;-1.5625;-1.25;-0.9375;-0.625;-0.3125;0;0.3125;0.625;0.9375;1.25;1.5625;1.875;2.1875;2.5;2.8125;3.125;3.4375;3.75;4.0625;4.375;4.6875;5;5.3125;5.625;5.9375;6.25;6.5625;6.875;7.1875;7.5;7.8125;8.125;8.4375;8.75;9.0625;9.375;9.6875;10","0;0;0;0;0;0;0;0;0;0;0;0;0;0;0;0;0;0;0;0;0;0;0;0;0;0;0;0;0;0;0;52567;25422;6982;2080;584;102;7;0;0;0;0;0;0;0;0;0;0;0;0;0;0;0;0;0;0;0;0;0;0;0;0;0;0",87744
25,1,"LeakyReLULayer( 0.050000 )",pre_activation,"-10;-9.6875;-9.375;-9.0625;-8.75;-8.4375;-8.125;-7.8125;-7.5;-7.1875;-6.875;-6.5625;-6.25;-5.9375;-5.625;-5.3125;-5;-4.6875;-4.375;-4.0625;-3.75;-3.4375;-3.125;-2.8125;-2.5;-2.1875;-1.875;-1.5625;-1.25;-0.9375;-0.625;-0.3125;0;0.3125;0.625;0.9375;1.25;1.5625;1.875;2.1875;2.5;2.8125;3.125;3.4375;3.75;4.0625;4.375;4.6875;5;5.3125;5.625;5.9375;6.25;6.5625;6.875;7.1875;7.5;7.8125;8.125;8.4375;8.75;9.0625;9.375;9.6875;10","0;0;0;0;0;0;0;0;0;0;0;0;0;0;0;0;0;0;0;0;23;389;1561;4212;8901;18401;46681;107755;291366;723734;1362759;2369899;2280620;1412776;813603;258321;113718;48803;7678;0;0;0;0;0;0;0;0;0;0;0;0;0;0;0;0;0;0;0;0;0;0;0;0;0",9871200
25,1,"LeakyReLULayer( 0.050000 )",post_activation,"-10;-9.6875;-9.375;-9.0625;-8.75;-8.4375;-8.125;-7.8125;-7.5;-7.1875;-6.875;-6.5625;-6.25;-5.9375;-5.625;-5.3125;-5;-4.6875;-4.375;-4.0625;-3.75;-3.4375;-3.125;-2.8125;-2.5;-2.1875;-1.875;-1.5625;-1.25;-0.9375;-0.625;-0.3125;0;0.3125;0.625;0.9375;1.25;1.5625;1.875;2.1875;2.5;2.8125;3.125;3.4375;3.75;4.0625;4.375;4.6875;5;5.3125;5.625;5.9375;6.25;6.5625;6.875;7.1875;7.5;7.8125;8.125;8.4375;8.75;9.0625;9.375;9.6875;10","0;0;0;0;0;0;0;0;0;0;0;0;0;0;0;0;0;0;0;0;0;0;0;0;0;0;0;0;0;0;0;4935681;2280620;1412776;813603;258321;113718;48803;7678;0;0;0;0;0;0;0;0;0;0;0;0;0;0;0;0;0;0;0;0;0;0;0;0;0",9871200
25,5,"LeakyReLULayer( 0.050000 )",pre_activation,"-10;-9.6875;-9.375;-9.0625;-8.75;-8.4375;-8.125;-7.8125;-7.5;-7.1875;-6.875;-6.5625;-6.25;-5.9375;-5.625;-5.3125;-5;-4.6875;-4.375;-4.0625;-3.75;-3.4375;-3.125;-2.8125;-2.5;-2.1875;-1.875;-1.5625;-1.25;-0.9375;-0.625;-0.3125;0;0.3125;0.625;0.9375;1.25;1.5625;1.875;2.1875;2.5;2.8125;3.125;3.4375;3.75;4.0625;4.375;4.6875;5;5.3125;5.625;5.9375;6.25;6.5625;6.875;7.1875;7.5;7.8125;8.125;8.4375;8.75;9.0625;9.375;9.6875;10","0;0;0;0;0;0;0;0;0;0;0;0;0;0;0;0;0;0;0;0;0;0;0;72;225;882;2022;2860;5997;14107;29481;50619;43836;20148;4467;709;63;0;0;0;0;0;0;0;0;0;0;0;0;0;0;0;0;0;0;0;0;0;0;0;0;0;0;0",175488
25,5,"LeakyReLULayer( 0.050000 )",post_activation,"-10;-9.6875;-9.375;-9.0625;-8.75;-8.4375;-8.125;-7.8125;-7.5;-7.1875;-6.875;-6.5625;-6.25;-5.9375;-5.625;-5.3125;-5;-4.6875;-4.375;-4.0625;-3.75;-3.4375;-3.125;-2.8125;-2.5;-2.1875;-1.875;-1.5625;-1.25;-0.9375;-0.625;-0.3125;0;0.3125;0.625;0.9375;1.25;1.5625;1.875;2.1875;2.5;2.8125;3.125;3.4375;3.75;4.0625;4.375;4.6875;5;5.3125;5.625;5.9375;6.25;6.5625;6.875;7.1875;7.5;7.8125;8.125;8.4375;8.75;9.0625;9.375;9.6875;10","0;0;0;0;0;0;0;0;0;0;0;0;0;0;0;0;0;0;0;0;0;0;0;0;0;0;0;0;0;0;0;106265;43836;20148;4467;709;63;0;0;0;0;0;0;0;0;0;0;0;0;0;0;0;0;0;0;0;0;0;0;0;0;0;0;0",175488
25,8,"LeakyReLULayer( 0.050000 )",pre_activation,"-10;-9.6875;-9.375;-9.0625;-8.75;-8.4375;-8.125;-7.8125;-7.5;-7.1875;-6.875;-6.5625;-6.25;-5.9375;-5.625;-5.3125;-5;-4.6875;-4.375;-4.0625;-3.75;-3.4375;-3.125;-2.8125;-2.5;-2.1875;-1.875;-1.5625;-1.25;-0.9375;-0.625;-0.3125;0;0.3125;0.625;0.9375;1.25;1.5625;1.875;2.1875;2.5;2.8125;3.125;3.4375;3.75;4.0625;4.375;4.6875;5;5.3125;5.625;5.9375;6.25;6.5625;6.875;7.1875;7.5;7.8125;8.125;8.4375;8.75;9.0625;9.375;9.6875;10","0;0;0;0;0;0;0;0;0;0;0;0;0;0;0;0;0;0;0;0;0;0;0;0;0;1;22;121;893;3446;12184;35662;25918;6809;1997;584;98;9;0;0;0;0;0;0;0;0;0;0;0;0;0;0;0;0;0;0;0;0;0;0;0;0;0;0",87744
25,8,"LeakyReLULayer( 0.050000 )",post_activation,"-10;-9.6875;-9.375;-9.0625;-8.75;-8.4375;-8.125;-7.8125;-7.5;-7.1875;-6.875;-6.5625;-6.25;-5.9375;-5.625;-5.3125;-5;-4.6875;-4.375;-4.0625;-3.75;-3.4375;-3.125;-2.8125;-2.5;-2.1875;-1.875;-1.5625;-1.25;-0.9375;-0.625;-0.3125;0;0.3125;0.625;0.9375;1.25;1.5625;1.875;2.1875;2.5;2.8125;3.125;3.4375;3.75;4.0625;4.375;4.6875;5;5.3125;5.625;5.9375;6.25;6.5625;6.875;7.1875;7.5;7.8125;8.125;8.4375;8.75;9.0625;9.375;9.6875;10","0;0;0;0;0;0;0;0;0;0;0;0;0;0;0;0;0;0;0;0;0;0;0;0;0;0;0;0;0;0;0;52329;25918;6809;1997;584;98;9;0;0;0;0;0;0;0;0;0;0;0;0;0;0;0;0;0;0;0;0;0;0;0;0;0;0",87744
26,1,"LeakyReLULayer( 0.050000 )",pre_activation,"-10;-9.6875;-9.375;-9.0625;-8.75;-8.4375;-8.125;-7.8125;-7.5;-7.1875;-6.875;-6.5625;-6.25;-5.9375;-5.625;-5.3125;-5;-4.6875;-4.375;-4.0625;-3.75;-3.4375;-3.125;-2.8125;-2.5;-2.1875;-1.875;-1.5625;-1.25;-0.9375;-0.625;-0.3125;0;0.3125;0.625;0.9375;1.25;1.5625;1.875;2.1875;2.5;2.8125;3.125;3.4375;3.75;4.0625;4.375;4.6875;5;5.3125;5.625;5.9375;6.25;6.5625;6.875;7.1875;7.5;7.8125;8.125;8.4375;8.75;9.0625;9.375;9.6875;10","0;0;0;0;0;0;0;0;0;0;0;0;0;0;0;0;0;0;0;0;22;389;1558;4212;8890;18402;46665;107702;291220;723217;1362981;2370452;2281122;1413180;812761;258281;113691;48786;7669;0;0;0;0;0;0;0;0;0;0;0;0;0;0;0;0;0;0;0;0;0;0;0;0;0",9871200
26,1,"LeakyReLULayer( 0.050000 )",post_activation,"-10;-9.6875;-9.375;-9.0625;-8.75;-8.4375;-8.125;-7.8125;-7.5;-7.1875;-6.875;-6.5625;-6.25;-5.9375;-5.625;-5.3125;-5;-4.6875;-4.375;-4.0625;-3.75;-3.4375;-3.125;-2.8125;-2.5;-2.1875;-1.875;-1.5625;-1.25;-0.9375;-0.625;-0.3125;0;0.3125;0.625;0.9375;1.25;1.5625;1.875;2.1875;2.5;2.8125;3.125;3.4375;3.75;4.0625;4.375;4.6875;5;5.3125;5.625;5.9375;6.25;6.5625;6.875;7.1875;7.5;7.8125;8.125;8.4375;8.75;9.0625;9.375;9.6875;10","0;0;0;0;0;0;0;0;0;0;0;0;0;0;0;0;0;0;0;0;0;0;0;0;0;0;0;0;0;0;0;4935710;2281122;1413180;812761;258281;113691;48786;7669;0;0;0;0;0;0;0;0;0;0;0;0;0;0;0;0;0;0;0;0;0;0;0;0;0",9871200
26,5,"LeakyReLULayer( 0.050000 )",pre_activation,"-10;-9.6875;-9.375;-9.0625;-8.75;-8.4375;-8.125;-7.8125;-7.5;-7.1875;-6.875;-6.5625;-6.25;-5.9375;-5.625;-5.3125;-5;-4.6875;-4.375;-4.0625;-3.75;-3.4375;-3.125;-2.8125;-2.5;-2.1875;-1.875;-1.5625;-1.25;-0.9375;-0.625;-0.3125;0;0.3125;0.625;0.9375;1.25;1.5625;1.875;2.1875;2.5;2.8125;3.125;3.4375;3.75;4.0625;4.375;4.6875;5;5.3125;5.625;5.9375;6.25;6.5625;6.875;7.1875;7.5;7.8125;8.125;8.4375;8.75;9.0625;9.375;9.6875;10","0;0;0;0;0;0;0;0;0;0;0;0;0;0;0;0;0;0;0;0;0;0;0;72;228;838;2002;3104;5919;14198;29754;50260;43876;20349;4086;714;88;0;0;0;0;0;0;0;0;0;0;0;0;0;0;0;0;0;0;0;0;0;0;0;0;0;0;0",175488
26,5,"LeakyReLULayer( 0.050000 )",post_activation,"-10;-9.6875;-9.375;-9.0625;-8.75;-8.4375;-8.125;-7.8125;-7.5;-7.1875;-6.875;-6.5625;-6.25;-5.9375;-5.625;-5.3125;-5;-4.6875;-4.375;-4.0625;-3.75;-3.4375;-3.125;-2.8125;-2.5;-2.1875;-1.875;-1.5625;-1.25;-0.9375;-0.625;-0.3125;0;0.3125;0.625;0.9375;1.25;1.5625;1.875;2.1875;2.5;2.8125;3.125;3.4375;3.75;4.0625;4.375;4.6875;5;5.3125;5.625;5.9375;6.25;6.5625;6.875;7.1875;7.5;7.8125;8.125;8.4375;8.75;9.0625;9.375;9.6875;10","0;0;0;0;0;0;0;0;0;0;0;0;0;0;0;0;0;0;0;0;0;0;0;0;0;0;0;0;0;0;0;106375;43876;20349;4086;714;88;0;0;0;0;0;0;0;0;0;0;0;0;0;0;0;0;0;0;0;0;0;0;0;0;0;0;0",175488
26,8,"LeakyReLULayer( 0.050000 )",pre_activation,"-10;-9.6875;-9.375;-9.0625;-8.75;-8.4375;-8.125;-7.8125;-7.5;-7.1875;-6.875;-6.5625;-6.25;-5.9375;-5.625;-5.3125;-5;-4.6875;-4.375;-4.0625;-3.75;-3.4375;-3.125;-2.8125;-2.5;-2.1875;-1.875;-1.5625;-1.25;-0.9375;-0.625;-0.3125;0;0.3125;0.625;0.9375;1.25;1.5625;1.875;2.1875;2.5;2.8125;3.125;3.4375;3.75;4.0625;4.375;4.6875;5;5.3125;5.625;5.9375;6.25;6.5625;6.875;7.1875;7.5;7.8125;8.125;8.4375;8.75;9.0625;9.375;9.6875;10","0;0;0;0;0;0;0;0;0;0;0;0;0;0;0;0;0;0;0;0;0;0;0;0;0;0;17;128;806;3417;11864;36148;25924;6780;1984;568;96;12;0;0;0;0;0;0;0;0;0;0;0;0;0;0;0;0;0;0;0;0;0;0;0;0;0;0",87744
26,8,"LeakyReLULayer( 0.050000 )",post_activation,"-10;-9.6875;-9.375;-9.0625;-8.75;-8.4375;-8.125;-7.8125;-7.5;-7.1875;-6.875;-6.5625;-6.25;-5.9375;-5.625;-5.3125;-5;-4.6875;-4.375;-4.0625;-3.75;-3.4375;-3.125;-2.8125;-2.5;-2.1875;-1.875;-1.5625;-1.25;-0.9375;-0.625;-0.3125;0;0.3125;0.625;0.9375;1.25;1.5625;1.875;2.1875;2.5;2.8125;3.125;3.4375;3.75;4.0625;4.375;4.6875;5;5.3125;5.625;5.9375;6.25;6.5625;6.875;7.1875;7.5;7.8125;8.125;8.4375;8.75;9.0625;9.375;9.6875;10","0;0;0;0;0;0;0;0;0;0;0;0;0;0;0;0;0;0;0;0;0;0;0;0;0;0;0;0;0;0;0;52380;25924;6780;1984;568;96;12;0;0;0;0;0;0;0;0;0;0;0;0;0;0;0;0;0;0;0;0;0;0;0;0;0;0",87744
27,1,"LeakyReLULayer( 0.050000 )",pre_activation,"-10;-9.6875;-9.375;-9.0625;-8.75;-8.4375;-8.125;-7.8125;-7.5;-7.1875;-6.875;-6.5625;-6.25;-5.9375;-5.625;-5.3125;-5;-4.6875;-4.375;-4.0625;-3.75;-3.4375;-3.125;-2.8125;-2.5;-2.1875;-1.875;-1.5625;-1.25;-0.9375;-0.625;-0.3125;0;0.3125;0.625;0.9375;1.25;1.5625;1.875;2.1875;2.5;2.8125;3.125;3.4375;3.75;4.0625;4.375;4.6875;5;5.3125;5.625;5.9375;6.25;6.5625;6.875;7.1875;7.5;7.8125;8.125;8.4375;8.75;9.0625;9.375;9.6875;10","0;0;0;0;0;0;0;0;0;0;0;0;0;0;0;0;0;0;0;0;21;388;1555;4203;8880;18391;46639;107723;291395;723195;1362805;2370497;2281181;1412994;812780;258490;113680;48736;7647;0;0;0;0;0;0;0;0;0;0;0;0;0;0;0;0;0;0;0;0;0;0;0;0;0",9871200
27,1,"LeakyReLULayer( 0.050000 )",post_activation,"-10;-9.6875;-9.375;-9.0625;-8.75;-8.4375;-8.125;-7.8125;-7.5;-7.1875;-6.875;-6.5625;-6.25;-5.9375;-5.625;-5.3125;-5;-4.6875;-4.375;-4.0625;-3.75;-3.4375;-3.125;-2.8125;-2.5;-2.1875;-1.875;-1.5625;-1.25;-0.9375;-0.625;-0.3125;0;0.3125;0.625;0.9375;1.25;1.5625;1.875;2.1875;2.5;2.8125;3.125;3.4375;3.75;4.0625;4.375;4.6875;5;5.3125;5.625;5.9375;6.25;6.5625;6.875;7.1875;7.5;7.8125;8.125;8.4375;8.75;9.0625;9.375;9.6875;10","0;0;0;0;0;0;0;0;0;0;0;0;0;0;0;0;0;0;0;0;0;0;0;0;0;0;0;0;0;0;0;4935692;2281181;1412994;812780;258490;113680;48736;7647;0;0;0;0;0;0;0;0;0;0;0;0;0;0;0;0;0;0;0;0;0;0;0;0;0",9871200
27,5,"LeakyReLULayer( 0.050000 )",pre_activation,"-10;-9.6875;-9.375;-9.0625;-8.75;-8.4375;-8.125;-7.8125;-7.5;-7.1875;-6.875;-6.5625;-6.25;-5.9375;-5.625;-5.3125;-5;-4.6875;-4.375;-4.0625;-3.75;-3.4375;-3.125;-2.8125;-2.5;-2.1875;-1.875;-1.5625;-1.25;-0.9375;-0.625;-0.3125;0;0.3125;0.625;0.9375;1.25;1.5625;1.875;2.1875;2.5;2.8125;3.125;3.4375;3.75;4.0625;4.375;4.6875;5;5.3125;5.625;5.9375;6.25;6.5625;6.875;7.1875;7.5;7.8125;8.125;8.4375;8.75;9.0625;9.375;9.6875;10","0;0;0;0;0;0;0;0;0;0;0;0;0;0;0;0;0;0;0;0;0;0;0;48;256;860;2027;3243;5906;14524;29855;49868;43887;20386;3817;703;108;0;0;0;0;0;0;0;0;0;0;0;0;0;0;0;0;0;0;0;0;0;0;0;0;0;0;0",175488
27,5,"LeakyReLULayer( 0.050000 )",post_activation,"-10;-9.6875;-9.375;-9.0625;-8.75;-8.4375;-8.125;-7.8125;-7.5;-7.1875;-6.875;-6.5625;-6.25;-5.9375;-5.625;-5.3125;-5;-4.6875;-4.375;-4.0625;-3.75;-3.4375;-3.125;-2.8125;-2.5;-2.1875;-1.875;-1.5625;-1.25;-0.9375;-0.625;-0.3125;0;0.3125;0.625;0.9375;1.25;1.5625;1.875;2.1875;2.5;2.8125;3.125;3.4375;3.75;4.0625;4.375;4.6875;5;5.3125;5.625;5.9375;6.25;6.5625;6.875;7.1875;7.5;7.8125;8.125;8.4375;8.75;9.0625;9.375;9.6875;10","0;0;0;0;0;0;0;0;0;0;0;0;0;0;0;0;0;0;0;0;0;0;0;0;0;0;0;0;0;0;0;106587;43887;20386;3817;703;108;0;0;0;0;0;0;0;0;0;0;0;0;0;0;0;0;0;0;0;0;0;0;0;0;0;0;0",175488
27,8,"LeakyReLULayer( 0.050000 )",pre_activation,"-10;-9.6875;-9.375;-9.0625;-8.75;-8.4375;-8.125;-7.8125;-7.5;-7.1875;-6.875;-6.5625;-6.25;-5.9375;-5.625;-5.3125;-5;-4.6875;-4.375;-4.0625;-3.75;-3.4375;-3.125;-2.8125;-2.5;-2.1875;-1.875;-1.5625;-1.25;-0.9375;-0.625;-0.3125;0;0.3125;0.625;0.9375;1.25;1.5625;1.875;2.1875;2.5;2.8125;3.125;3.4375;3.75;4.0625;4.375;4.6875;5;5.3125;5.625;5.9375;6.25;6.5625;6.875;7.1875;7.5;7.8125;8.125;8.4375;8.75;9.0625;9.375;9.6875;10","0;0;0;0;0;0;0;0;0;0;0;0;0;0;0;0;0;0;0;0;0;0;0;0;0;3;17;159;744;3369;11799;36179;26127;6715;1950;566;103;12;1;0;0;0;0;0;0;0;0;0;0;0;0;0;0;0;0;0;0;0;0;0;0;0;0;0",87744
27,8,"LeakyReLULayer( 0.050000 )",post_activation,"-10;-9.6875;-9.375;-9.0625;-8.75;-8.4375;-8.125;-7.8125;-7.5;-7.1875;-6.875;-6.5625;-6.25;-5.9375;-5.625;-5.3125;-5;-4.6875;-4.375;-4.0625;-3.75;-3.4375;-3.125;-2.8125;-2.5;-2.1875;-1.875;-1.5625;-1.25;-0.9375;-0.625;-0.3125;0;0.3125;0.625;0.9375;1.25;1.5625;1.875;2.1875;2.5;2.8125;3.125;3.4375;3.75;4.0625;4.375;4.6875;5;5.3125;5.625;5.9375;6.25;6.5625;6.875;7.1875;7.5;7.8125;8.125;8.4375;8.75;9.0625;9.375;9.6875;10","0;0;0;0;0;0;0;0;0;0;0;0;0;0;0;0;0;0;0;0;0;0;0;0;0;0;0;0;0;0;0;52270;26127;6715;1950;566;103;12;1;0;0;0;0;0;0;0;0;0;0;0;0;0;0;0;0;0;0;0;0;0;0;0;0;0",87744
28,1,"LeakyReLULayer( 0.050000 )",pre_activation,"-10;-9.6875;-9.375;-9.0625;-8.75;-8.4375;-8.125;-7.8125;-7.5;-7.1875;-6.875;-6.5625;-6.25;-5.9375;-5.625;-5.3125;-5;-4.6875;-4.375;-4.0625;-3.75;-3.4375;-3.125;-2.8125;-2.5;-2.1875;-1.875;-1.5625;-1.25;-0.9375;-0.625;-0.3125;0;0.3125;0.625;0.9375;1.25;1.5625;1.875;2.1875;2.5;2.8125;3.125;3.4375;3.75;4.0625;4.375;4.6875;5;5.3125;5.625;5.9375;6.25;6.5625;6.875;7.1875;7.5;7.8125;8.125;8.4375;8.75;9.0625;9.375;9.6875;10","0;0;0;0;0;0;0;0;0;0;0;0;0;0;0;0;0;0;0;0;20;387;1551;4188;8876;18354;46670;107810;291832;723318;1363111;2369363;2280309;1413150;813228;258983;113741;48671;7637;1;0;0;0;0;0;0;0;0;0;0;0;0;0;0;0;0;0;0;0;0;0;0;0;0",9871200
28,1,"LeakyReLULayer( 0.050000 )",post_activation,"-10;-9.6875;-9.375;-9.0625;-8.75;-8.4375;-8.125;-7.8125;-7.5;-7.1875;-6.875;-6.5625;-6.25;-5.9375;-5.625;-5.3125;-5;-4.6875;-4.375;-4.0625;-3.75;-3.4375;-3.125;-2.8125;-2.5;-2.1875;-1.875;-1.5625;-1.25;-0.9375;-0.625;-0.3125;0;0.3125;0.625;0.9375;1.25;1.5625;1.875;2.1875;2.5;2.8125;3.125;3.4375;3.75;4.0625;4.375;4.6875;5;5.3125;5.625;5.9375;6.25;6.5625;6.875;7.1875;7.5;7.8125;8.125;8.4375;8.75;9.0625;9.375;9.6875;10","0;0;0;0;0;0;0;0;0;0;0;0;0;0;0;0;0;0;0;0;0;0;0;0;0;0;0;0;0;0;0;4935480;2280309;1413150;813228;258983;113741;48671;7637;1;0;0;0;0;0;0;0;0;0;0;0;0;0;0;0;0;0;0;0;0;0;0;0;0",9871200
28,5,"LeakyReLULayer( 0.050000 )",pre_activation,"-10;-9.6875;-9.375;-9.0625;-8.75;-8.4375;-8.125;-7.8125;-7.5;-7.1875;-6.875;-6.5625;-6.25;-5.9375;-5.625;-5.3125;-5;-4.6875;-4.375;-4.0625;-3.75;-3.4375;-3.125;-2.8125;-2.5;-2.1875;-1.875;-1.5625;-1.25;-0.9375;-0.625;-0.3125;0;0.3125;0.625;0.9375;1.25;1.5625;1.875;2.1875;2.5;2.8125;3.125;3.4375;3.75;4.0625;4.375;4.6875;5;5.3125;5.625;5.9375;6.25;6.5625;6.875;7.1875;7.5;7.8125;8.125;8.4375;8.75;9.0625;9.375;9.6875;10","0;0;0;0;0;0;0;0;0;0;0;0;0;0;0;0;0;0;0;0;0;0;0;44;249;877;2070;3293;6096;14364;30383;50372;42783;20314;3830;718;95;0;0;0;0;0;0;0;0;0;0;0;0;0;0;0;0;0;0;0;0;0;0;0;0;0;0;0",175488
28,5,"LeakyReLULayer( 0.050000 )",post_activation,"-10;-9.6875;-9.375;-9.0625;-8.75;-8.4375;-8.125;-7.8125;-7.5;-7.1875;-6.875;-6.5625;-6.25;-5.9375;-5.625;-5.3125;-5;-4.6875;-4.375;-4.0625;-3.75;-3.4375;-3.125;-2.8125;-2.5;-2.1875;-1.875;-1.5625;-1.25;-0.9375;-0.625;-0.3125;0;0.3125;0.625;0.9375;1.25;1.5625;1.875;2.1875;2.5;2.8125;3.125;3.4375;3.75;4.0625;4.375;4.6875;5;5.3125;5.625;5.9375;6.25;6.5625;6.875;7.1875;7.5;7.8125;8.125;8.4375;8.75;9.0625;9.375;9.6875;10","0;0;0;0;0;0;0;0;0;0;0;0;0;0;0;0;0;0;0;0;0;0;0;0;0;0;0;0;0;0;0;107748;42783;20314;3830;718;95;0;0;0;0;0;0;0;0;0;0;0;0;0;0;0;0;0;0;0;0;0;0;0;0;0;0;0",175488
28,8,"LeakyReLULayer( 0.050000 )",pre_activation,"-10;-9.6875;-9.375;-9.0625;-8.75;-8.4375;-8.125;-7.8125;-7.5;-7.1875;-6.875;-6.5625;-6.25;-5.9375;-5.625;-5.3125;-5;-4.6875;-4.375;-4.0625;-3.75;-3.4375;-3.125;-2.8125;-2.5;-2.1875;-1.875;-1.5625;-1.25;-0.9375;-0.625;-0.3125;0;0.3125;0.625;0.9375;1.25;1.5625;1.875;2.1875;2.5;2.8125;3.125;3.4375;3.75;4.0625;4.375;4.6875;5;5.3125;5.625;5.9375;6.25;6.5625;6.875;7.1875;7.5;7.8125;8.125;8.4375;8.75;9.0625;9.375;9.6875;10","0;0;0;0;0;0;0;0;0;0;0;0;0;0;0;0;0;0;0;0;0;0;0;0;0;3;9;150;805;3245;11252;36369;26239;6930;2080;559;93;10;0;0;0;0;0;0;0;0;0;0;0;0;0;0;0;0;0;0;0;0;0;0;0;0;0;0",87744
28,8,"LeakyReLULayer( 0.050000 )",post_activation,"-10;-9.6875;-9.375;-9.0625;-8.75;-8.4375;-8.125;-7.8125;-7.5;-7.1875;-6.875;-6.5625;-6.25;-5.9375;-5.625;-5.3125;-5;-4.6875;-4.375;-4.0625;-3.75;-3.4375;-3.125;-2.8125;-2.5;-2.1875;-1.875;-1.5625;-1.25;-0.9375;-0.625;-0.3125;0;0.3125;0.625;0.9375;1.25;1.5625;1.875;2.1875;2.5;2.8125;3.125;3.4375;3.75;4.0625;4.375;4.6875;5;5.3125;5.625;5.9375;6.25;6.5625;6.875;7.1875;7.5;7.8125;8.125;8.4375;8.75;9.0625;9.375;9.6875;10","0;0;0;0;0;0;0;0;0;0;0;0;0;0;0;0;0;0;0;0;0;0;0;0;0;0;0;0;0;0;0;51833;26239;6930;2080;559;93;10;0;0;0;0;0;0;0;0;0;0;0;0;0;0;0;0;0;0;0;0;0;0;0;0;0;0",87744
29,1,"LeakyReLULayer( 0.050000 )",pre_activation,"-10;-9.6875;-9.375;-9.0625;-8.75;-8.4375;-8.125;-7.8125;-7.5;-7.1875;-6.875;-6.5625;-6.25;-5.9375;-5.625;-5.3125;-5;-4.6875;-4.375;-4.0625;-3.75;-3.4375;-3.125;-2.8125;-2.5;-2.1875;-1.875;-1.5625;-1.25;-0.9375;-0.625;-0.3125;0;0.3125;0.625;0.9375;1.25;1.5625;1.875;2.1875;2.5;2.8125;3.125;3.4375;3.75;4.0625;4.375;4.6875;5;5.3125;5.625;5.9375;6.25;6.5625;6.875;7.1875;7.5;7.8125;8.125;8.4375;8.75;9.0625;9.375;9.6875;10","0;0;0;0;0;0;0;0;0;0;0;0;0;0;0;0;0;0;0;0;20;366;1564;4164;8846;18321;46620;107673;291660;723028;1363053;2370159;2281079;1413323;812795;258749;113722;48477;7580;1;0;0;0;0;0;0;0;0;0;0;0;0;0;0;0;0;0;0;0;0;0;0;0;0",9871200
29,1,"LeakyReLULayer( 0.050000 )",post_activation,"-10;-9.6875;-9.375;-9.0625;-8.75;-8.4375;-8.125;-7.8125;-7.5;-7.1875;-6.875;-6.5625;-6.25;-5.9375;-5.625;-5.3125;-5;-4.6875;-4.375;-4.0625;-3.75;-3.4375;-3.125;-2.8125;-2.5;-2.1875;-1.875;-1.5625;-1.25;-0.9375;-0.625;-0.3125;0;0.3125;0.625;0.9375;1.25;1.5625;1.875;2.1875;2.5;2.8125;3.125;3.4375;3.75;4.0625;4.375;4.6875;5;5.3125;5.625;5.9375;6.25;6.5625;6.875;7.1875;7.5;7.8125;8.125;8.4375;8.75;9.0625;9.375;9.6875;10","0;0;0;0;0;0;0;0;0;0;0;0;0;0;0;0;0;0;0;0;0;0;0;0;0;0;0;0;0;0;0;4935474;2281079;1413323;812795;258749;113722;48477;7580;1;0;0;0;0;0;0;0;0;0;0;0;0;0;0;0;0;0;0;0;0;0;0;0;0",9871200
29,5,"LeakyReLULayer( 0.050000 )",pre_activation,"-10;-9.6875;-9.375;-9.0625;-8.75;-8.4375;-8.125;-7.8125;-7.5;-7.1875;-6.875;-6.5625;-6.25;-5.9375;-5.625;-5.3125;-5;-4.6875;-4.375;-4.0625;-3.75;-3.4375;-3.125;-2.8125;-2.5;-2.1875;-1.875;-1.5625;-1.25;-0.9375;-0.625;-0.3125;0;0.3125;0.625;0.9375;1.25;1.5625;1.875;2.1875;2.5;2.8125;3.125;3.4375;3.75;4.0625;4.375;4.6875;5;5.3125;5.625;5.9375;6.25;6.5625;6.875;7.1875;7.5;7.8125;8.125;8.4375;8.75;9.0625;9.375;9.6875;10","0;0;0;0;0;0;0;0;0;0;0;0;0;0;0;0;0;0;0;0;0;0;0;78;248;808;1971;3402;6124;14403;30679;51835;41851;19724;3567;713;85;0;0;0;0;0;0;0;0;0;0;0;0;0;0;0;0;0;0;0;0;0;0;0;0;0;0;0",175488
29,5,"LeakyReLULayer( 0.050000 )",post_activation,"-10;-9.6875;-9.375;-9.0625;-8.75;-8.4375;-8.125;-7.8125;-7.5;-7.1875;-6.875;-6.5625;-6.25;-5.9375;-5.625;-5.3125;-5;-4.6875;-4.375;-4.0625;-3.75;-3.4375;-3.125;-2.8125;-2.5;-2.1875;-1.875;-1.5625;-1.25;-0.9375;-0.625;-0.3125;0;0.3125;0.625;0.9375;1.25;1.5625;1.875;2.1875;2.5;2.8125;3.125;3.4375;3.75;4.0625;4.375;4.6875;5;5.3125;5.625;5.9375;6.25;6.5625;6.875;7.1875;7.5;7.8125;8.125;8.4375;8.75;9.0625;9.375;9.6875;10","0;0;0;0;0;0;0;0;0;0;0;0;0;0;0;0;0;0;0;0;0;0;0;0;0;0;0;0;0;0;0;109548;41851;19724;3567;713;85;0;0;0;0;0;0;0;0;0;0;0;0;0;0;0;0;0;0;0;0;0;0;0;0;0;0;0",175488
29,8,"LeakyReLULayer( 0.050000 )",pre_activation,"-10;-9.6875;-9.375;-9.0625;-8.75;-8.4375;-8.125;-7.8125;-7.5;-7.1875;-6.875;-6.5625;-6.25;-5.9375;-5.625;-5.3125;-5;-4.6875;-4.375;-4.0625;-3.75;-3.4375;-3.125;-2.8125;-2.5;-2.1875;-1.875;-1.5625;-1.25;-0.9375;-0.625;-0.3125;0;0.3125;0.625;0.9375;1.25;1.5625;1.875;2.1875;2.5;2.8125;3.125;3.4375;3.75;4.0625;4.375;4.6875;5;5.3125;5.625;5.9375;6.25;6.5625;6.875;7.1875;7.5;7.8125;8.125;8.4375;8.75;9.0625;9.375;9.6875;10","0;0;0;0;0;0;0;0;0;0;0;0;0;0;0;0;0;0;0;0;0;0;0;0;0;4;15;158;769;3018;11154;36346;27011;6684;1950;522;104;9;0;0;0;0;0;0;0;0;0;0;0;0;0;0;0;0;0;0;0;0;0;0;0;0;0;0",87744
29,8,"LeakyReLULayer( 0.050000 )",post_activation,"-10;-9.6875;-9.375;-9.0625;-8.75;-8.4375;-8.125;-7.8125;-7.5;-7.1875;-6.875;-6.5625;-6.25;-5.9375;-5.625;-5.3125;-5;-4.6875;-4.375;-4.0625;-3.75;-3.4375;-3.125;-2.8125;-2.5;-2.1875;-1.875;-1.5625;-1.25;-0.9375;-0.625;-0.3125;0;0.3125;0.625;0.9375;1.25;1.5625;1.875;2.1875;2.5;2.8125;3.125;3.4375;3.75;4.0625;4.375;4.6875;5;5.3125;5.625;5.9375;6.25;6.5625;6.875;7.1875;7.5;7.8125;8.125;8.4375;8.75;9.0625;9.375;9.6875;10","0;0;0;0;0;0;0;0;0;0;0;0;0;0;0;0;0;0;0;0;0;0;0;0;0;0;0;0;0;0;0;51464;27011;6684;1950;522;104;9;0;0;0;0;0;0;0;0;0;0;0;0;0;0;0;0;0;0;0;0;0;0;0;0;0;0",87744
30,1,"LeakyReLULayer( 0.050000 )",pre_activation,"-10;-9.6875;-9.375;-9.0625;-8.75;-8.4375;-8.125;-7.8125;-7.5;-7.1875;-6.875;-6.5625;-6.25;-5.9375;-5.625;-5.3125;-5;-4.6875;-4.375;-4.0625;-3.75;-3.4375;-3.125;-2.8125;-2.5;-2.1875;-1.875;-1.5625;-1.25;-0.9375;-0.625;-0.3125;0;0.3125;0.625;0.9375;1.25;1.5625;1.875;2.1875;2.5;2.8125;3.125;3.4375;3.75;4.0625;4.375;4.6875;5;5.3125;5.625;5.9375;6.25;6.5625;6.875;7.1875;7.5;7.8125;8.125;8.4375;8.75;9.0625;9.375;9.6875;10","0;0;0;0;0;0;0;0;0;0;0;0;0;0;0;0;0;0;0;0;20;365;1558;4160;8827;18305;46531;107571;291291;722913;1363491;2370451;2281379;1413827;812627;258383;113577;48371;7552;1;0;0;0;0;0;0;0;0;0;0;0;0;0;0;0;0;0;0;0;0;0;0;0;0",9871200
30,1,"LeakyReLULayer( 0.050000 )",post_activation,"-10;-9.6875;-9.375;-9.0625;-8.75;-8.4375;-8.125;-7.8125;-7.5;-7.1875;-6.875;-6.5625;-6.25;-5.9375;-5.625;-5.3125;-5;-4.6875;-4.375;-4.0625;-3.75;-3.4375;-3.125;-2.8125;-2.5;-2.1875;-1.875;-1.5625;-1.25;-0.9375;-0.625;-0.3125;0;0.3125;0.625;0.9375;1.25;1.5625;1.875;2.1875;2.5;2.8125;3.125;3.4375;3.75;4.0625;4.375;4.6875;5;5.3125;5.625;5.9375;6.25;6.5625;6.875;7.1875;7.5;7.8125;8.125;8.4375;8.75;9.0625;9.375;9.6875;10","0;0;0;0;0;0;0;0;0;0;0;0;0;0;0;0;0;0;0;0;0;0;0;0;0;0;0;0;0;0;0;4935483;2281379;1413827;812627;258383;113577;48371;7552;1;0;0;0;0;0;0;0;0;0;0;0;0;0;0;0;0;0;0;0;0;0;0;0;0",9871200
30,5,"LeakyReLULayer( 0.050000 )",pre_activation,"-10;-9.6875;-9.375;-9.0625;-8.75;-8.4375;-8.125;-7.8125;-7.5;-7.1875;-6.875;-6.5625;-6.25;-5.9375;-5.625;-5.3125;-5;-4.6875;-4.375;-4.0625;-3.75;-3.4375;-3.125;-2.8125;-2.5;-2.1875;-1.875;-1.5625;-1.25;-0.9375;-0.625;-0.3125;0;0.3125;0.625;0.9375;1.25;1.5625;1.875;2.1875;2.5;2.8125;3.125;3.4375;3.75;4.0625;4.375;4.6875;5;5.3125;5.625;5.9375;6.25;6.5625;6.875;7.1875;7.5;7.8125;8.125;8.4375;8.75;9.0625;9.375;9.6875;10","0;0;0;0;0;0;0;0;0;0;0;0;0;0;0;0;0;0;0;0;0;0;0;82;231;747;1835;3557;6101;14541;30822;52426;41324;19585;3451;699;87;0;0;0;0;0;0;0;0;0;0;0;0;0;0;0;0;0;0;0;0;0;0;0;0;0;0;0",175488
30,5,"LeakyReLULayer( 0.050000 )",post_activation,"-10;-9.6875;-9.375;-9.0625;-8.75;-8.4375;-8.125;-7.8125;-7.5;-7.1875;-6.875;-6.5625;-6.25;-5.9375;-5.625;-5.3125;-5;-4.6875;-4.375;-4.0625;-3.75;-3.4375;-3.125;-2.8125;-2.5;-2.1875;-1.875;-1.5625;-1.25;-0.9375;-0.625;-0.3125;0;0.3125;0.625;0.9375;1.25;1.5625;1.875;2.1875;2.5;2.8125;3.125;3.4375;3.75;4.0625;4.375;4.6875;5;5.3125;5.625;5.9375;6.25;6.5625;6.875;7.1875;7.5;7.8125;8.125;8.4375;8.75;9.0625;9.375;9.6875;10","0;0;0;0;0;0;0;0;0;0;0;0;0;0;0;0;0;0;0;0;0;0;0;0;0;0;0;0;0;0;0;110342;41324;19585;3451;699;87;0;0;0;0;0;0;0;0;0;0;0;0;0;0;0;0;0;0;0;0;0;0;0;0;0;0;0",175488
30,8,"LeakyReLULayer( 0.050000 )",pre_activation,"-10;-9.6875;-9.375;-9.0625;-8.75;-8.4375;-8.125;-7.8125;-7.5;-7.1875;-6.875;-6.5625;-6.25;-5.9375;-5.625;-5.3125;-5;-4.6875;-4.375;-4.0625;-3.75;-3.4375;-3.125;-2.8125;-2.5;-2.1875;-1.875;-1.5625;-1.25;-0.9375;-0.625;-0.3125;0;0.3125;0.625;0.9375;1.25;1.5625;1.875;2.1875;2.5;2.8125;3.125;3.4375;3.75;4.0625;4.375;4.6875;5;5.3125;5.625;5.9375;6.25;6.5625;6.875;7.1875;7.5;7.8125;8.125;8.4375;8.75;9.0625;9.375;9.6875;10","0;0;0;0;0;0;0;0;0;0;0;0;0;0;0;0;0;0;0;0;0;0;0;0;0;2;17;131;761;3190;10925;36577;27061;6392;1981;582;113;11;1;0;0;0;0;0;0;0;0;0;0;0;0;0;0;0;0;0;0;0;0;0;0;0;0;0",87744
30,8,"LeakyReLULayer( 0.050000 )",post_activation,"-10;-9.6875;-9.375;-9.0625;-8.75;-8.4375;-8.125;-7.8125;-7.5;-7.1875;-6.875;-6.5625;-6.25;-5.9375;-5.625;-5.3125;-5;-4.6875;-4.375;-4.0625;-3.75;-3.4375;-3.125;-2.8125;-2.5;-2.1875;-1.875;-1.5625;-1.25;-0.9375;-0.625;-0.3125;0;0.3125;0.625;0.9375;1.25;1.5625;1.875;2.1875;2.5;2.8125;3.125;3.4375;3.75;4.0625;4.375;4.6875;5;5.3125;5.625;5.9375;6.25;6.5625;6.875;7.1875;7.5;7.8125;8.125;8.4375;8.75;9.0625;9.375;9.6875;10","0;0;0;0;0;0;0;0;0;0;0;0;0;0;0;0;0;0;0;0;0;0;0;0;0;0;0;0;0;0;0;51603;27061;6392;1981;582;113;11;1;0;0;0;0;0;0;0;0;0;0;0;0;0;0;0;0;0;0;0;0;0;0;0;0;0",87744
31,1,"LeakyReLULayer( 0.050000 )",pre_activation,"-10;-9.6875;-9.375;-9.0625;-8.75;-8.4375;-8.125;-7.8125;-7.5;-7.1875;-6.875;-6.5625;-6.25;-5.9375;-5.625;-5.3125;-5;-4.6875;-4.375;-4.0625;-3.75;-3.4375;-3.125;-2.8125;-2.5;-2.1875;-1.875;-1.5625;-1.25;-0.9375;-0.625;-0.3125;0;0.3125;0.625;0.9375;1.25;1.5625;1.875;2.1875;2.5;2.8125;3.125;3.4375;3.75;4.0625;4.375;4.6875;5;5.3125;5.625;5.9375;6.25;6.5625;6.875;7.1875;7.5;7.8125;8.125;8.4375;8.75;9.0625;9.375;9.6875;10","0;0;0;0;0;0;0;0;0;0;0;0;0;0;0;0;0;0;0;0;20;365;1556;4151;8828;18282;46503;107502;290946;723024;1364008;2370257;2281101;1414511;812672;258121;113515;48306;7532;0;0;0;0;0;0;0;0;0;0;0;0;0;0;0;0;0;0;0;0;0;0;0;0;0",9871200
31,1,"LeakyReLULayer( 0.050000 )",post_activation,"-10;-9.6875;-9.375;-9.0625;-8.75;-8.4375;-8.125;-7.8125;-7.5;-7.1875;-6.875;-6.5625;-6.25;-5.9375;-5.625;-5.3125;-5;-4.6875;-4.375;-4.0625;-3.75;-3.4375;-3.125;-2.8125;-2.5;-2.1875;-1.875;-1.5625;-1.25;-0.9375;-0.625;-0.3125;0;0.3125;0.625;0.9375;1.25;1.5625;1.875;2.1875;2.5;2.8125;3.125;3.4375;3.75;4.0625;4.375;4.6875;5;5.3125;5.625;5.9375;6.25;6.5625;6.875;7.1875;7.5;7.8125;8.125;8.4375;8.75;9.0625;9.375;9.6875;10","0;0;0;0;0;0;0;0;0;0;0;0;0;0;0;0;0;0;0;0;0;0;0;0;0;0;0;0;0;0;0;4935442;2281101;1414511;812672;258121;113515;48306;7532;0;0;0;0;0;0;0;0;0;0;0;0;0;0;0;0;0;0;0;0;0;0;0;0;0",9871200
31,5,"LeakyReLULayer( 0.050000 )",pre_activation,"-10;-9.6875;-9.375;-9.0625;-8.75;-8.4375;-8.125;-7.8125;-7.5;-7.1875;-6.875;-6.5625;-6.25;-5.9375;-5.625;-5.3125;-5;-4.6875;-4.375;-4.0625;-3.75;-3.4375;-3.125;-2.8125;-2.5;-2.1875;-1.875;-1.5625;-1.25;-0.9375;-0.625;-0.3125;0;0.3125;0.625;0.9375;1.25;1.5625;1.875;2.1875;2.5;2.8125;3.125;3.4375;3.75;4.0625;4.375;4.6875;5;5.3125;5.625;5.9375;6.25;6.5625;6.875;7.1875;7.5;7.8125;8.125;8.4375;8.75;9.0625;9.375;9.6875;10","0;0;0;0;0;0;0;0;0;0;0;0;0;0;0;0;0;0;0;0;0;0;0;81;205;730;1851;3522;6054;14442;31314;52269;41256;19599;3389;689;87;0;0;0;0;0;0;0;0;0;0;0;0;0;0;0;0;0;0;0;0;0;0;0;0;0;0;0",175488
31,5,"LeakyReLULayer( 0.050000 )",post_activation,"-10;-9.6875;-9.375;-9.0625;-8.75;-8.4375;-8.125;-7.8125;-7.5;-7.1875;-6.875;-6.5625;-6.25;-5.9375;-5.625;-5.3125;-5;-4.6875;-4.375;-4.0625;-3.75;-3.4375;-3.125;-2.8125;-2.5;-2.1875;-1.875;-1.5625;-1.25;-0.9375;-0.625;-0.3125;0;0.3125;0.625;0.9375;1.25;1.5625;1.875;2.1875;2.5;2.8125;3.125;3.4375;3.75;4.0625;4.375;4.6875;5;5.3125;5.625;5.9375;6.25;6.5625;6.875;7.1875;7.5;7.8125;8.125;8.4375;8.75;9.0625;9.375;9.6875;10","0;0;0;0;0;0;0;0;0;0;0;0;0;0;0;0;0;0;0;0;0;0;0;0;0;0;0;0;0;0;0;110468;41256;19599;3389;689;87;0;0;0;0;0;0;0;0;0;0;0;0;0;0;0;0;0;0;0;0;0;0;0;0;0;0;0",175488
31,8,"LeakyReLULayer( 0.050000 )",pre_activation,"-10;-9.6875;-9.375;-9.0625;-8.75;-8.4375;-8.125;-7.8125;-7.5;-7.1875;-6.875;-6.5625;-6.25;-5.9375;-5.625;-5.3125;-5;-4.6875;-4.375;-4.0625;-3.75;-3.4375;-3.125;-2.8125;-2.5;-2.1875;-1.875;-1.5625;-1.25;-0.9375;-0.625;-0.3125;0;0.3125;0.625;0.9375;1.25;1.5625;1.875;2.1875;2.5;2.8125;3.125;3.4375;3.75;4.0625;4.375;4.6875;5;5.3125;5.625;5.9375;6.25;6.5625;6.875;7.1875;7.5;7.8125;8.125;8.4375;8.75;9.0625;9.375;9.6875;10","0;0;0;0;0;0;0;0;0;0;0;0;0;0;0;0;0;0;0;0;0;0;0;0;0;0;16;122;717;3248;11025;36344;27306;6362;1956;546;94;7;1;0;0;0;0;0;0;0;0;0;0;0;0;0;0;0;0;0;0;0;0;0;0;0;0;0",87744
31,8,"LeakyReLULayer( 0.050000 )",post_activation,"-10;-9.6875;-9.375;-9.0625;-8.75;-8.4375;-8.125;-7.8125;-7.5;-7.1875;-6.875;-6.5625;-6.25;-5.9375;-5.625;-5.3125;-5;-4.6875;-4.375;-4.0625;-3.75;-3.4375;-3.125;-2.8125;-2.5;-2.1875;-1.875;-1.5625;-1.25;-0.9375;-0.625;-0.3125;0;0.3125;0.625;0.9375;1.25;1.5625;1.875;2.1875;2.5;2.8125;3.125;3.4375;3.75;4.0625;4.375;4.6875;5;5.3125;5.625;5.9375;6.25;6.5625;6.875;7.1875;7.5;7.8125;8.125;8.4375;8.75;9.0625;9.375;9.6875;10","0;0;0;0;0;0;0;0;0;0;0;0;0;0;0;0;0;0;0;0;0;0;0;0;0;0;0;0;0;0;0;51472;27306;6362;1956;546;94;7;1;0;0;0;0;0;0;0;0;0;0;0;0;0;0;0;0;0;0;0;0;0;0;0;0;0",87744
32,1,"LeakyReLULayer( 0.050000 )",pre_activation,"-10;-9.6875;-9.375;-9.0625;-8.75;-8.4375;-8.125;-7.8125;-7.5;-7.1875;-6.875;-6.5625;-6.25;-5.9375;-5.625;-5.3125;-5;-4.6875;-4.375;-4.0625;-3.75;-3.4375;-3.125;-2.8125;-2.5;-2.1875;-1.875;-1.5625;-1.25;-0.9375;-0.625;-0.3125;0;0.3125;0.625;0.9375;1.25;1.5625;1.875;2.1875;2.5;2.8125;3.125;3.4375;3.75;4.0625;4.375;4.6875;5;5.3125;5.625;5.9375;6.25;6.5625;6.875;7.1875;7.5;7.8125;8.125;8.4375;8.75;9.0625;9.375;9.6875;10","0;0;0;0;0;0;0;0;0;0;0;0;0;0;0;0;0;0;0;0;20;363;1545;4149;8786;18280;46442;107505;290871;723250;1363874;2370338;2281204;1414409;812900;258100;113535;48127;7502;0;0;0;0;0;0;0;0;0;0;0;0;0;0;0;0;0;0;0;0;0;0;0;0;0",9871200
32,1,"LeakyReLULayer( 0.050000 )",post_activation,"-10;-9.6875;-9.375;-9.0625;-8.75;-8.4375;-8.125;-7.8125;-7.5;-7.1875;-6.875;-6.5625;-6.25;-5.9375;-5.625;-5.3125;-5;-4.6875;-4.375;-4.0625;-3.75;-3.4375;-3.125;-2.8125;-2.5;-2.1875;-1.875;-1.5625;-1.25;-0.9375;-0.625;-0.3125;0;0.3125;0.625;0.9375;1.25;1.5625;1.875;2.1875;2.5;2.8125;3.125;3.4375;3.75;4.0625;4.375;4.6875;5;5.3125;5.625;5.9375;6.25;6.5625;6.875;7.1875;7.5;7.8125;8.125;8.4375;8.75;9.0625;9.375;9.6875;10","0;0;0;0;0;0;0;0;0;0;0;0;0;0;0;0;0;0;0;0;0;0;0;0;0;0;0;0;0;0;0;4935423;2281204;1414409;812900;258100;113535;48127;7502;0;0;0;0;0;0;0;0;0;0;0;0;0;0;0;0;0;0;0;0;0;0;0;0;0",9871200
32,5,"LeakyReLULayer( 0.050000 )",pre_activation,"-10;-9.6875;-9.375;-9.0625;-8.75;-8.4375;-8.125;-7.8125;-7.5;-7.1875;-6.875;-6.5625;-6.25;-5.9375;-5.625;-5.3125;-5;-4.6875;-4.375;-4.0625;-3.75;-3.4375;-3.125;-2.8125;-2.5;-2.1875;-1.875;-1.5625;-1.25;-0.9375;-0.625;-0.3125;0;0.3125;0.625;0.9375;1.25;1.5625;1.875;2.1875;2.5;2.8125;3.125;3.4375;3.75;4.0625;4.375;4.6875;5;5.3125;5.625;5.9375;6.25;6.5625;6.875;7.1875;7.5;7.8125;8.125;8.4375;8.75;9.0625;9.375;9.6875;10","0;0;0;0;0;0;0;0;0;0;0;0;0;0;0;0;0;0;0;0;0;0;0;79;195;691;1788;3557;6060;14184;31726;51889;41823;19403;3279;696;118;0;0;0;0;0;0;0;0;0;0;0;0;0;0;0;0;0;0;0;0;0;0;0;0;0;0;0",175488
32,5,"LeakyReLULayer( 0.050000 )",post_activation,"-10;-9.6875;-9.375;-9.0625;-8.75;-8.4375;-8.125;-7.8125;-7.5;-7.1875;-6.875;-6.5625;-6.25;-5.9375;-5.625;-5.3125;-5;-4.6875;-4.375;-4.0625;-3.75;-3.4375;-3.125;-2.8125;-2.5;-2.1875;-1.875;-1.5625;-1.25;-0.9375;-0.625;-0.3125;0;0.3125;0.625;0.9375;1.25;1.5625;1.875;2.1875;2.5;2.8125;3.125;3.4375;3.75;4.0625;4.375;4.6875;5;5.3125;5.625;5.9375;6.25;6.5625;6.875;7.1875;7.5;7.8125;8.125;8.4375;8.75;9.0625;9.375;9.6875;10","0;0;0;0;0;0;0;0;0;0;0;0;0;0;0;0;0;0;0;0;0;0;0;0;0;0;0;0;0;0;0;110169;41823;19403;3279;696;118;0;0;0;0;0;0;0;0;0;0;0;0;0;0;0;0;0;0;0;0;0;0;0;0;0;0;0",175488
32,8,"LeakyReLULayer( 0.050000 )",pre_activation,"-10;-9.6875;-9.375;-9.0625;-8.75;-8.4375;-8.125;-7.8125;-7.5;-7.1875;-6.875;-6.5625;-6.25;-5.9375;-5.625;-5.3125;-5;-4.6875;-4.375;-4.0625;-3.75;-3.4375;-3.125;-2.8125;-2.5;-2.1875;-1.875;-1.5625;-1.25;-0.9375;-0.625;-0.3125;0;0.3125;0.625;0.9375;1.25;1.5625;1.875;2.1875;2.5;2.8125;3.125;3.4375;3.75;4.0625;4.375;4.6875;5;5.3125;5.625;5.9375;6.25;6.5625;6.875;7.1875;7.5;7.8125;8.125;8.4375;8.75;9.0625;9.375;9.6875;10","0;0;0;0;0;0;0;0;0;0;0;0;0;0;0;0;0;0;0;0;0;0;0;0;0;0;10;114;693;3094;11095;36637;27241;6397;1843;522;89;9;0;0;0;0;0;0;0;0;0;0;0;0;0;0;0;0;0;0;0;0;0;0;0;0;0;0",87744
32,8,"LeakyReLULayer( 0.050000 )",post_activation,"-10;-9.6875;-9.375;-9.0625;-8.75;-8.4375;-8.125;-7.8125;-7.5;-7.1875;-6.875;-6.5625;-6.25;-5.9375;-5.625;-5.3125;-5;-4.6875;-4.375;-4.0625;-3.75;-3.4375;-3.125;-2.8125;-2.5;-2.1875;-1.875;-1.5625;-1.25;-0.9375;-0.625;-0.3125;0;0.3125;0.625;0.9375;1.25;1.5625;1.875;2.1875;2.5;2.8125;3.125;3.4375;3.75;4.0625;4.375;4.6875;5;5.3125;5.625;5.9375;6.25;6.5625;6.875;7.1875;7.5;7.8125;8.125;8.4375;8.75;9.0625;9.375;9.6875;10","0;0;0;0;0;0;0;0;0;0;0;0;0;0;0;0;0;0;0;0;0;0;0;0;0;0;0;0;0;0;0;51643;27241;6397;1843;522;89;9;0;0;0;0;0;0;0;0;0;0;0;0;0;0;0;0;0;0;0;0;0;0;0;0;0;0",87744
33,1,"LeakyReLULayer( 0.050000 )",pre_activation,"-10;-9.6875;-9.375;-9.0625;-8.75;-8.4375;-8.125;-7.8125;-7.5;-7.1875;-6.875;-6.5625;-6.25;-5.9375;-5.625;-5.3125;-5;-4.6875;-4.375;-4.0625;-3.75;-3.4375;-3.125;-2.8125;-2.5;-2.1875;-1.875;-1.5625;-1.25;-0.9375;-0.625;-0.3125;0;0.3125;0.625;0.9375;1.25;1.5625;1.875;2.1875;2.5;2.8125;3.125;3.4375;3.75;4.0625;4.375;4.6875;5;5.3125;5.625;5.9375;6.25;6.5625;6.875;7.1875;7.5;7.8125;8.125;8.4375;8.75;9.0625;9.375;9.6875;10","0;0;0;0;0;0;0;0;0;0;0;0;0;0;0;0;0;0;0;0;20;360;1534;4149;8767;18286;46445;107497;290901;723131;1363369;2370952;2281974;1413781;812621;258356;113616;47975;7466;0;0;0;0;0;0;0;0;0;0;0;0;0;0;0;0;0;0;0;0;0;0;0;0;0",9871200
33,1,"LeakyReLULayer( 0.050000 )",post_activation,"-10;-9.6875;-9.375;-9.0625;-8.75;-8.4375;-8.125;-7.8125;-7.5;-7.1875;-6.875;-6.5625;-6.25;-5.9375;-5.625;-5.3125;-5;-4.6875;-4.375;-4.0625;-3.75;-3.4375;-3.125;-2.8125;-2.5;-2.1875;-1.875;-1.5625;-1.25;-0.9375;-0.625;-0.3125;0;0.3125;0.625;0.9375;1.25;1.5625;1.875;2.1875;2.5;2.8125;3.125;3.4375;3.75;4.0625;4.375;4.6875;5;5.3125;5.625;5.9375;6.25;6.5625;6.875;7.1875;7.5;7.8125;8.125;8.4375;8.75;9.0625;9.375;9.6875;10","0;0;0;0;0;0;0;0;0;0;0;0;0;0;0;0;0;0;0;0;0;0;0;0;0;0;0;0;0;0;0;4935411;2281974;1413781;812621;258356;113616;47975;7466;0;0;0;0;0;0;0;0;0;0;0;0;0;0;0;0;0;0;0;0;0;0;0;0;0",9871200
33,5,"LeakyReLULayer( 0.050000 )",pre_activation,"-10;-9.6875;-9.375;-9.0625;-8.75;-8.4375;-8.125;-7.8125;-7.5;-7.1875;-6.875;-6.5625;-6.25;-5.9375;-5.625;-5.3125;-5;-4.6875;-4.375;-4.0625;-3.75;-3.4375;-3.125;-2.8125;-2.5;-2.1875;-1.875;-1.5625;-1.25;-0.9375;-0.625;-0.3125;0;0.3125;0.625;0.9375;1.25;1.5625;1.875;2.1875;2.5;2.8125;3.125;3.4375;3.75;4.0625;4.375;4.6875;5;5.3125;5.625;5.9375;6.25;6.5625;6.875;7.1875;7.5;7.8125;8.125;8.4375;8.75;9.0625;9.375;9.6875;10","0;0;0;0;0;0;0;0;0;0;0;0;0;0;0;0;0;0;0;0;0;0;0;88;244;638;1760;3711;6064;14479;32029;51230;42177;18872;3313;745;138;0;0;0;0;0;0;0;0;0;0;0;0;0;0;0;0;0;0;0;0;0;0;0;0;0;0;0",175488
33,5,"LeakyReLULayer( 0.050000 )",post_activation,"-10;-9.6875;-9.375;-9.0625;-8.75;-8.4375;-8.125;-7.8125;-7.5;-7.1875;-6.875;-6.5625;-6.25;-5.9375;-5.625;-5.3125;-5;-4.6875;-4.375;-4.0625;-3.75;-3.4375;-3.125;-2.8125;-2.5;-2.1875;-1.875;-1.5625;-1.25;-0.9375;-0.625;-0.3125;0;0.3125;0.625;0.9375;1.25;1.5625;1.875;2.1875;2.5;2.8125;3.125;3.4375;3.75;4.0625;4.375;4.6875;5;5.3125;5.625;5.9375;6.25;6.5625;6.875;7.1875;7.5;7.8125;8.125;8.4375;8.75;9.0625;9.375;9.6875;10","0;0;0;0;0;0;0;0;0;0;0;0;0;0;0;0;0;0;0;0;0;0;0;0;0;0;0;0;0;0;0;110243;42177;18872;3313;745;138;0;0;0;0;0;0;0;0;0;0;0;0;0;0;0;0;0;0;0;0;0;0;0;0;0;0;0",175488
33,8,"LeakyReLULayer( 0.050000 )",pre_activation,"-10;-9.6875;-9.375;-9.0625;-8.75;-8.4375;-8.125;-7.8125;-7.5;-7.1875;-6.875;-6.5625;-6.25;-5.9375;-5.625;-5.3125;-5;-4.6875;-4.375;-4.0625;-3.75;-3.4375;-3.125;-2.8125;-2.5;-2.1875;-1.875;-1.5625;-1.25;-0.9375;-0.625;-0.3125;0;0.3125;0.625;0.9375;1.25;1.5625;1.875;2.1875;2.5;2.8125;3.125;3.4375;3.75;4.0625;4.375;4.6875;5;5.3125;5.625;5.9375;6.25;6.5625;6.875;7.1875;7.5;7.8125;8.125;8.4375;8.75;9.0625;9.375;9.6875;10","0;0;0;0;0;0;0;0;0;0;0;0;0;0;0;0;0;0;0;0;0;0;0;0;0;2;7;115;679;3085;11037;36959;26936;6465;1865;508;77;9;0;0;0;0;0;0;0;0;0;0;0;0;0;0;0;0;0;0;0;0;0;0;0;0;0;0",87744
33,8,"LeakyReLULayer( 0.050000 )",post_activation,"-10;-9.6875;-9.375;-9.0625;-8.75;-8.4375;-8.125;-7.8125;-7.5;-7.1875;-6.875;-6.5625;-6.25;-5.9375;-5.625;-5.3125;-5;-4.6875;-4.375;-4.0625;-3.75;-3.4375;-3.125;-2.8125;-2.5;-2.1875;-1.875;-1.5625;-1.25;-0.9375;-0.625;-0.3125;0;0.3125;0.625;0.9375;1.25;1.5625;1.875;2.1875;2.5;2.8125;3.125;3.4375;3.75;4.0625;4.375;4.6875;5;5.3125;5.625;5.9375;6.25;6.5625;6.875;7.1875;7.5;7.8125;8.125;8.4375;8.75;9.0625;9.375;9.6875;10","0;0;0;0;0;0;0;0;0;0;0;0;0;0;0;0;0;0;0;0;0;0;0;0;0;0;0;0;0;0;0;51884;26936;6465;1865;508;77;9;0;0;0;0;0;0;0;0;0;0;0;0;0;0;0;0;0;0;0;0;0;0;0;0;0;0",87744
34,1,"LeakyReLULayer( 0.050000 )",pre_activation,"-10;-9.6875;-9.375;-9.0625;-8.75;-8.4375;-8.125;-7.8125;-7.5;-7.1875;-6.875;-6.5625;-6.25;-5.9375;-5.625;-5.3125;-5;-4.6875;-4.375;-4.0625;-3.75;-3.4375;-3.125;-2.8125;-2.5;-2.1875;-1.875;-1.5625;-1.25;-0.9375;-0.625;-0.3125;0;0.3125;0.625;0.9375;1.25;1.5625;1.875;2.1875;2.5;2.8125;3.125;3.4375;3.75;4.0625;4.375;4.6875;5;5.3125;5.625;5.9375;6.25;6.5625;6.875;7.1875;7.5;7.8125;8.125;8.4375;8.75;9.0625;9.375;9.6875;10","0;0;0;0;0;0;0;0;0;0;0;0;0;0;0;0;0;0;0;0;20;359;1531;4154;8757;18277;46453;107499;290898;723192;1363420;2370786;2281837;1414011;812496;258469;113630;47964;7447;0;0;0;0;0;0;0;0;0;0;0;0;0;0;0;0;0;0;0;0;0;0;0;0;0",9871200
34,1,"LeakyReLULayer( 0.050000 )",post_activation,"-10;-9.6875;-9.375;-9.0625;-8.75;-8.4375;-8.125;-7.8125;-7.5;-7.1875;-6.875;-6.5625;-6.25;-5.9375;-5.625;-5.3125;-5;-4.6875;-4.375;-4.0625;-3.75;-3.4375;-3.125;-2.8125;-2.5;-2.1875;-1.875;-1.5625;-1.25;-0.9375;-0.625;-0.3125;0;0.3125;0.625;0.9375;1.25;1.5625;1.875;2.1875;2.5;2.8125;3.125;3.4375;3.75;4.0625;4.375;4.6875;5;5.3125;5.625;5.9375;6.25;6.5625;6.875;7.1875;7.5;7.8125;8.125;8.4375;8.75;9.0625;9.375;9.6875;10","0;0;0;0;0;0;0;0;0;0;0;0;0;0;0;0;0;0;0;0;0;0;0;0;0;0;0;0;0;0;0;4935346;2281837;1414011;812496;258469;113630;47964;7447;0;0;0;0;0;0;0;0;0;0;0;0;0;0;0;0;0;0;0;0;0;0;0;0;0",9871200
34,5,"LeakyReLULayer( 0.050000 )",pre_activation,"-10;-9.6875;-9.375;-9.0625;-8.75;-8.4375;-8.125;-7.8125;-7.5;-7.1875;-6.875;-6.5625;-6.25;-5.9375;-5.625;-5.3125;-5;-4.6875;-4.375;-4.0625;-3.75;-3.4375;-3.125;-2.8125;-2.5;-2.1875;-1.875;-1.5625;-1.25;-0.9375;-0.625;-0.3125;0;0.3125;0.625;0.9375;1.25;1.5625;1.875;2.1875;2.5;2.8125;3.125;3.4375;3.75;4.0625;4.375;4.6875;5;5.3125;5.625;5.9375;6.25;6.5625;6.875;7.1875;7.5;7.8125;8.125;8.4375;8.75;9.0625;9.375;9.6875;10","0;0;0;0;0;0;0;0;0;0;0;0;0;0;0;0;0;0;0;0;0;0;0;96;271;619;1811;3755;6201;14828;32184;51336;41842;18341;3264;796;144;0;0;0;0;0;0;0;0;0;0;0;0;0;0;0;0;0;0;0;0;0;0;0;0;0;0;0",175488
34,5,"LeakyReLULayer( 0.050000 )",post_activation,"-10;-9.6875;-9.375;-9.0625;-8.75;-8.4375;-8.125;-7.8125;-7.5;-7.1875;-6.875;-6.5625;-6.25;-5.9375;-5.625;-5.3125;-5;-4.6875;-4.375;-4.0625;-3.75;-3.4375;-3.125;-2.8125;-2.5;-2.1875;-1.875;-1.5625;-1.25;-0.9375;-0.625;-0.3125;0;0.3125;0.625;0.9375;1.25;1.5625;1.875;2.1875;2.5;2.8125;3.125;3.4375;3.75;4.0625;4.375;4.6875;5;5.3125;5.625;5.9375;6.25;6.5625;6.875;7.1875;7.5;7.8125;8.125;8.4375;8.75;9.0625;9.375;9.6875;10","0;0;0;0;0;0;0;0;0;0;0;0;0;0;0;0;0;0;0;0;0;0;0;0;0;0;0;0;0;0;0;111101;41842;18341;3264;796;144;0;0;0;0;0;0;0;0;0;0;0;0;0;0;0;0;0;0;0;0;0;0;0;0;0;0;0",175488
34,8,"LeakyReLULayer( 0.050000 )",pre_activation,"-10;-9.6875;-9.375;-9.0625;-8.75;-8.4375;-8.125;-7.8125;-7.5;-7.1875;-6.875;-6.5625;-6.25;-5.9375;-5.625;-5.3125;-5;-4.6875;-4.375;-4.0625;-3.75;-3.4375;-3.125;-2.8125;-2.5;-2.1875;-1.875;-1.5625;-1.25;-0.9375;-0.625;-0.3125;0;0.3125;0.625;0.9375;1.25;1.5625;1.875;2.1875;2.5;2.8125;3.125;3.4375;3.75;4.0625;4.375;4.6875;5;5.3125;5.625;5.9375;6.25;6.5625;6.875;7.1875;7.5;7.8125;8.125;8.4375;8.75;9.0625;9.375;9.6875;10","0;0;0;0;0;0;0;0;0;0;0;0;0;0;0;0;0;0;0;0;0;0;0;0;0;2;9;115;662;3133;10869;37062;27004;6357;1911;525;91;4;0;0;0;0;0;0;0;0;0;0;0;0;0;0;0;0;0;0;0;0;0;0;0;0;0;0",87744
34,8,"LeakyReLULayer( 0.050000 )",post_activation,"-10;-9.6875;-9.375;-9.0625;-8.75;-8.4375;-8.125;-7.8125;-7.5;-7.1875;-6.875;-6.5625;-6.25;-5.9375;-5.625;-5.3125;-5;-4.6875;-4.375;-4.0625;-3.75;-3.4375;-3.125;-2.8125;-2.5;-2.1875;-1.875;-1.5625;-1.25;-0.9375;-0.625;-0.3125;0;0.3125;0.625;0.9375;1.25;1.5625;1.875;2.1875;2.5;2.8125;3.125;3.4375;3.75;4.0625;4.375;4.6875;5;5.3125;5.625;5.9375;6.25;6.5625;6.875;7.1875;7.5;7.8125;8.125;8.4375;8.75;9.0625;9.375;9.6875;10","0;0;0;0;0;0;0;0;0;0;0;0;0;0;0;0;0;0;0;0;0;0;0;0;0;0;0;0;0;0;0;51852;27004;6357;1911;525;91;4;0;0;0;0;0;0;0;0;0;0;0;0;0;0;0;0;0;0;0;0;0;0;0;0;0;0",87744
35,1,"LeakyReLULayer( 0.050000 )",pre_activation,"-10;-9.6875;-9.375;-9.0625;-8.75;-8.4375;-8.125;-7.8125;-7.5;-7.1875;-6.875;-6.5625;-6.25;-5.9375;-5.625;-5.3125;-5;-4.6875;-4.375;-4.0625;-3.75;-3.4375;-3.125;-2.8125;-2.5;-2.1875;-1.875;-1.5625;-1.25;-0.9375;-0.625;-0.3125;0;0.3125;0.625;0.9375;1.25;1.5625;1.875;2.1875;2.5;2.8125;3.125;3.4375;3.75;4.0625;4.375;4.6875;5;5.3125;5.625;5.9375;6.25;6.5625;6.875;7.1875;7.5;7.8125;8.125;8.4375;8.75;9.0625;9.375;9.6875;10","0;0;0;0;0;0;0;0;0;0;0;0;0;0;0;0;0;0;0;0;20;358;1532;4149;8751;18266;46398;107487;290855;723346;1363792;2370390;2281374;1414337;812889;258291;113604;47919;7442;0;0;0;0;0;0;0;0;0;0;0;0;0;0;0;0;0;0;0;0;0;0;0;0;0",9871200
35,1,"LeakyReLULayer( 0.050000 )",post_activation,"-10;-9.6875;-9.375;-9.0625;-8.75;-8.4375;-8.125;-7.8125;-7.5;-7.1875;-6.875;-6.5625;-6.25;-5.9375;-5.625;-5.3125;-5;-4.6875;-4.375;-4.0625;-3.75;-3.4375;-3.125;-2.8125;-2.5;-2.1875;-1.875;-1.5625;-1.25;-0.9375;-0.625;-0.3125;0;0.3125;0.625;0.9375;1.25;1.5625;1.875;2.1875;2.5;2.8125;3.125;3.4375;3.75;4.0625;4.375;4.6875;5;5.3125;5.625;5.9375;6.25;6.5625;6.875;7.1875;7.5;7.8125;8.125;8.4375;8.75;9.0625;9.375;9.6875;10","0;0;0;0;0;0;0;0;0;0;0;0;0;0;0;0;0;0;0;0;0;0;0;0;0;0;0;0;0;0;0;4935344;2281374;1414337;812889;258291;113604;47919;7442;0;0;0;0;0;0;0;0;0;0;0;0;0;0;0;0;0;0;0;0;0;0;0;0;0",9871200
35,5,"LeakyReLULayer( 0.050000 )",pre_activation,"-10;-9.6875;-9.375;-9.0625;-8.75;-8.4375;-8.125;-7.8125;-7.5;-7.1875;-6.875;-6.5625;-6.25;-5.9375;-5.625;-5.3125;-5;-4.6875;-4.375;-4.0625;-3.75;-3.4375;-3.125;-2.8125;-2.5;-2.1875;-1.875;-1.5625;-1.25;-0.9375;-0.625;-0.3125;0;0.3125;0.625;0.9375;1.25;1.5625;1.875;2.1875;2.5;2.8125;3.125;3.4375;3.75;4.0625;4.375;4.6875;5;5.3125;5.625;5.9375;6.25;6.5625;6.875;7.1875;7.5;7.8125;8.125;8.4375;8.75;9.0625;9.375;9.6875;10","0;0;0;0;0;0;0;0;0;0;0;0;0;0;0;0;0;0;0;0;0;0;0;99;288;635;1882;3718;6241;14675;32529;50849;41963;18216;3429;830;134;0;0;0;0;0;0;0;0;0;0;0;0;0;0;0;0;0;0;0;0;0;0;0;0;0;0;0",175488
35,5,"LeakyReLULayer( 0.050000 )",post_activation,"-10;-9.6875;-9.375;-9.0625;-8.75;-8.4375;-8.125;-7.8125;-7.5;-7.1875;-6.875;-6.5625;-6.25;-5.9375;-5.625;-5.3125;-5;-4.6875;-4.375;-4.0625;-3.75;-3.4375;-3.125;-2.8125;-2.5;-2.1875;-1.875;-1.5625;-1.25;-0.9375;-0.625;-0.3125;0;0.3125;0.625;0.9375;1.25;1.5625;1.875;2.1875;2.5;2.8125;3.125;3.4375;3.75;4.0625;4.375;4.6875;5;5.3125;5.625;5.9375;6.25;6.5625;6.875;7.1875;7.5;7.8125;8.125;8.4375;8.75;9.0625;9.375;9.6875;10","0;0;0;0;0;0;0;0;0;0;0;0;0;0;0;0;0;0;0;0;0;0;0;0;0;0;0;0;0;0;0;110916;41963;18216;3429;830;134;0;0;0;0;0;0;0;0;0;0;0;0;0;0;0;0;0;0;0;0;0;0;0;0;0;0;0",175488
35,8,"LeakyReLULayer( 0.050000 )",pre_activation,"-10;-9.6875;-9.375;-9.0625;-8.75;-8.4375;-8.125;-7.8125;-7.5;-7.1875;-6.875;-6.5625;-6.25;-5.9375;-5.625;-5.3125;-5;-4.6875;-4.375;-4.0625;-3.75;-3.4375;-3.125;-2.8125;-2.5;-2.1875;-1.875;-1.5625;-1.25;-0.9375;-0.625;-0.3125;0;0.3125;0.625;0.9375;1.25;1.5625;1.875;2.1875;2.5;2.8125;3.125;3.4375;3.75;4.0625;4.375;4.6875;5;5.3125;5.625;5.9375;6.25;6.5625;6.875;7.1875;7.5;7.8125;8.125;8.4375;8.75;9.0625;9.375;9.6875;10","0;0;0;0;0;0;0;0;0;0;0;0;0;0;0;0;0;0;0;0;0;0;0;0;0;1;22;129;718;3131;11104;36208;27323;6464;1946;579;103;16;0;0;0;0;0;0;0;0;0;0;0;0;0;0;0;0;0;0;0;0;0;0;0;0;0;0",87744
35,8,"LeakyReLULayer( 0.050000 )",post_activation,"-10;-9.6875;-9.375;-9.0625;-8.75;-8.4375;-8.125;-7.8125;-7.5;-7.1875;-6.875;-6.5625;-6.25;-5.9375;-5.625;-5.3125;-5;-4.6875;-4.375;-4.0625;-3.75;-3.4375;-3.125;-2.8125;-2.5;-2.1875;-1.875;-1.5625;-1.25;-0.9375;-0.625;-0.3125;0;0.3125;0.625;0.9375;1.25;1.5625;1.875;2.1875;2.5;2.8125;3.125;3.4375;3.75;4.0625;4.375;4.6875;5;5.3125;5.625;5.9375;6.25;6.5625;6.875;7.1875;7.5;7.8125;8.125;8.4375;8.75;9.0625;9.375;9.6875;10","0;0;0;0;0;0;0;0;0;0;0;0;0;0;0;0;0;0;0;0;0;0;0;0;0;0;0;0;0;0;0;51313;27323;6464;1946;579;103;16;0;0;0;0;0;0;0;0;0;0;0;0;0;0;0;0;0;0;0;0;0;0;0;0;0;0",87744
36,1,"LeakyReLULayer( 0.050000 )",pre_activation,"-10;-9.6875;-9.375;-9.0625;-8.75;-8.4375;-8.125;-7.8125;-7.5;-7.1875;-6.875;-6.5625;-6.25;-5.9375;-5.625;-5.3125;-5;-4.6875;-4.375;-4.0625;-3.75;-3.4375;-3.125;-2.8125;-2.5;-2.1875;-1.875;-1.5625;-1.25;-0.9375;-0.625;-0.3125;0;0.3125;0.625;0.9375;1.25;1.5625;1.875;2.1875;2.5;2.8125;3.125;3.4375;3.75;4.0625;4.375;4.6875;5;5.3125;5.625;5.9375;6.25;6.5625;6.875;7.1875;7.5;7.8125;8.125;8.4375;8.75;9.0625;9.375;9.6875;10","0;0;0;0;0;0;0;0;0;0;0;0;0;0;0;0;0;0;0;0;19;359;1529;4141;8731;18245;46384;107492;290845;723566;1363858;2370179;2281153;1414350;813167;258330;113620;47817;7415;0;0;0;0;0;0;0;0;0;0;0;0;0;0;0;0;0;0;0;0;0;0;0;0;0",9871200
36,1,"LeakyReLULayer( 0.050000 )",post_activation,"-10;-9.6875;-9.375;-9.0625;-8.75;-8.4375;-8.125;-7.8125;-7.5;-7.1875;-6.875;-6.5625;-6.25;-5.9375;-5.625;-5.3125;-5;-4.6875;-4.375;-4.0625;-3.75;-3.4375;-3.125;-2.8125;-2.5;-2.1875;-1.875;-1.5625;-1.25;-0.9375;-0.625;-0.3125;0;0.3125;0.625;0.9375;1.25;1.5625;1.875;2.1875;2.5;2.8125;3.125;3.4375;3.75;4.0625;4.375;4.6875;5;5.3125;5.625;5.9375;6.25;6.5625;6.875;7.1875;7.5;7.8125;8.125;8.4375;8.75;9.0625;9.375;9.6875;10","0;0;0;0;0;0;0;0;0;0;0;0;0;0;0;0;0;0;0;0;0;0;0;0;0;0;0;0;0;0;0;4935348;2281153;1414350;813167;258330;113620;47817;7415;0;0;0;0;0;0;0;0;0;0;0;0;0;0;0;0;0;0;0;0;0;0;0;0;0",9871200
36,5,"LeakyReLULayer( 0.050000 )",pre_activation,"-10;-9.6875;-9.375;-9.0625;-8.75;-8.4375;-8.125;-7.8125;-7.5;-7.1875;-6.875;-6.5625;-6.25;-5.9375;-5.625;-5.3125;-5;-4.6875;-4.375;-4.0625;-3.75;-3.4375;-3.125;-2.8125;-2.5;-2.1875;-1.875;-1.5625;-1.25;-0.9375;-0.625;-0.3125;0;0.3125;0.625;0.9375;1.25;1.5625;1.875;2.1875;2.5;2.8125;3.125;3.4375;3.75;4.0625;4.375;4.6875;5;5.3125;5.625;5.9375;6.25;6.5625;6.875;7.1875;7.5;7.8125;8.125;8.4375;8.75;9.0625;9.375;9.6875;10","0;0;0;0;0;0;0;0;0;0;0;0;0;0;0;0;0;0;0;0;0;0;0;95;298;666;2001;3601;6322;15027;32627;50825;41856;17817;3408;834;111;0;0;0;0;0;0;0;0;0;0;0;0;0;0;0;0;0;0;0;0;0;0;0;0;0;0;0",175488
36,5,"LeakyReLULayer( 0.050000 )",post_activation,"-10;-9.6875;-9.375;-9.0625;-8.75;-8.4375;-8.125;-7.8125;-7.5;-7.1875;-6.875;-6.5625;-6.25;-5.9375;-5.625;-5.3125;-5;-4.6875;-4.375;-4.0625;-3.75;-3.4375;-3.125;-2.8125;-2.5;-2.1875;-1.875;-1.5625;-1.25;-0.9375;-0.625;-0.3125;0;0.3125;0.625;0.9375;1.25;1.5625;1.875;2.1875;2.5;2.8125;3.125;3.4375;3.75;4.0625;4.375;4.6875;5;5.3125;5.625;5.9375;6.25;6.5625;6.875;7.1875;7.5;7.8125;8.125;8.4375;8.75;9.0625;9.375;9.6875;10","0;0;0;0;0;0;0;0;0;0;0;0;0;0;0;0;0;0;0;0;0;0;0;0;0;0;0;0;0;0;0;111462;41856;17817;3408;834;111;0;0;0;0;0;0;0;0;0;0;0;0;0;0;0;0;0;0;0;0;0;0;0;0;0;0;0",175488
36,8,"LeakyReLULayer( 0.050000 )",pre_activation,"-10;-9.6875;-9.375;-9.0625;-8.75;-8.4375;-8.125;-7.8125;-7.5;-7.1875;-6.875;-6.5625;-6.25;-5.9375;-5.625;-5.3125;-5;-4.6875;-4.375;-4.0625;-3.75;-3.4375;-3.125;-2.8125;-2.5;-2.1875;-1.875;-1.5625;-1.25;-0.9375;-0.625;-0.3125;0;0.3125;0.625;0.9375;1.25;1.5625;1.875;2.1875;2.5;2.8125;3.125;3.4375;3.75;4.0625;4.375;4.6875;5;5.3125;5.625;5.9375;6.25;6.5625;6.875;7.1875;7.5;7.8125;8.125;8.4375;8.75;9.0625;9.375;9.6875;10","0;0;0;0;0;0;0;0;0;0;0;0;0;0;0;0;0;0;0;0;0;0;0;0;0;0;9;111;798;3184;10924;35947;27783;6397;1908;578;97;8;0;0;0;0;0;0;0;0;0;0;0;0;0;0;0;0;0;0;0;0;0;0;0;0;0;0",87744
36,8,"LeakyReLULayer( 0.050000 )",post_activation,"-10;-9.6875;-9.375;-9.0625;-8.75;-8.4375;-8.125;-7.8125;-7.5;-7.1875;-6.875;-6.5625;-6.25;-5.9375;-5.625;-5.3125;-5;-4.6875;-4.375;-4.0625;-3.75;-3.4375;-3.125;-2.8125;-2.5;-2.1875;-1.875;-1.5625;-1.25;-0.9375;-0.625;-0.3125;0;0.3125;0.625;0.9375;1.25;1.5625;1.875;2.1875;2.5;2.8125;3.125;3.4375;3.75;4.0625;4.375;4.6875;5;5.3125;5.625;5.9375;6.25;6.5625;6.875;7.1875;7.5;7.8125;8.125;8.4375;8.75;9.0625;9.375;9.6875;10","0;0;0;0;0;0;0;0;0;0;0;0;0;0;0;0;0;0;0;0;0;0;0;0;0;0;0;0;0;0;0;50973;27783;6397;1908;578;97;8;0;0;0;0;0;0;0;0;0;0;0;0;0;0;0;0;0;0;0;0;0;0;0;0;0;0",87744
37,1,"LeakyReLULayer( 0.050000 )",pre_activation,"-10;-9.6875;-9.375;-9.0625;-8.75;-8.4375;-8.125;-7.8125;-7.5;-7.1875;-6.875;-6.5625;-6.25;-5.9375;-5.625;-5.3125;-5;-4.6875;-4.375;-4.0625;-3.75;-3.4375;-3.125;-2.8125;-2.5;-2.1875;-1.875;-1.5625;-1.25;-0.9375;-0.625;-0.3125;0;0.3125;0.625;0.9375;1.25;1.5625;1.875;2.1875;2.5;2.8125;3.125;3.4375;3.75;4.0625;4.375;4.6875;5;5.3125;5.625;5.9375;6.25;6.5625;6.875;7.1875;7.5;7.8125;8.125;8.4375;8.75;9.0625;9.375;9.6875;10","0;0;0;0;0;0;0;0;0;0;0;0;0;0;0;0;0;0;0;0;19;357;1529;4141;8730;18248;46382;107424;290849;723236;1364472;2369948;2281010;1414937;812677;258339;113664;47820;7418;0;0;0;0;0;0;0;0;0;0;0;0;0;0;0;0;0;0;0;0;0;0;0;0;0",9871200
37,1,"LeakyReLULayer( 0.050000 )",post_activation,"-10;-9.6875;-9.375;-9.0625;-8.75;-8.4375;-8.125;-7.8125;-7.5;-7.1875;-6.875;-6.5625;-6.25;-5.9375;-5.625;-5.3125;-5;-4.6875;-4.375;-4.0625;-3.75;-3.4375;-3.125;-2.8125;-2.5;-2.1875;-1.875;-1.5625;-1.25;-0.9375;-0.625;-0.3125;0;0.3125;0.625;0.9375;1.25;1.5625;1.875;2.1875;2.5;2.8125;3.125;3.4375;3.75;4.0625;4.375;4.6875;5;5.3125;5.625;5.9375;6.25;6.5625;6.875;7.1875;7.5;7.8125;8.125;8.4375;8.75;9.0625;9.375;9.6875;10","0;0;0;0;0;0;0;0;0;0;0;0;0;0;0;0;0;0;0;0;0;0;0;0;0;0;0;0;0;0;0;4935335;2281010;1414937;812677;258339;113664;47820;7418;0;0;0;0;0;0;0;0;0;0;0;0;0;0;0;0;0;0;0;0;0;0;0;0;0",9871200
37,5,"LeakyReLULayer( 0.050000 )",pre_activation,"-10;-9.6875;-9.375;-9.0625;-8.75;-8.4375;-8.125;-7.8125;-7.5;-7.1875;-6.875;-6.5625;-6.25;-5.9375;-5.625;-5.3125;-5;-4.6875;-4.375;-4.0625;-3.75;-3.4375;-3.125;-2.8125;-2.5;-2.1875;-1.875;-1.5625;-1.25;-0.9375;-0.625;-0.3125;0;0.3125;0.625;0.9375;1.25;1.5625;1.875;2.1875;2.5;2.8125;3.125;3.4375;3.75;4.0625;4.375;4.6875;5;5.3125;5.625;5.9375;6.25;6.5625;6.875;7.1875;7.5;7.8125;8.125;8.4375;8.75;9.0625;9.375;9.6875;10","0;0;0;0;0;0;0;0;0;0;0;0;0;0;0;0;0;0;0;0;0;0;0;94;303;669;1933;3507;6368;14983;32716;51832;41175;17686;3265;825;132;0;0;0;0;0;0;0;0;0;0;0;0;0;0;0;0;0;0;0;0;0;0;0;0;0;0;0",175488
37,5,"LeakyReLULayer( 0.050000 )",post_activation,"-10;-9.6875;-9.375;-9.0625;-8.75;-8.4375;-8.125;-7.8125;-7.5;-7.1875;-6.875;-6.5625;-6.25;-5.9375;-5.625;-5.3125;-5;-4.6875;-4.375;-4.0625;-3.75;-3.4375;-3.125;-2.8125;-2.5;-2.1875;-1.875;-1.5625;-1.25;-0.9375;-0.625;-0.3125;0;0.3125;0.625;0.9375;1.25;1.5625;1.875;2.1875;2.5;2.8125;3.125;3.4375;3.75;4.0625;4.375;4.6875;5;5.3125;5.625;5.9375;6.25;6.5625;6.875;7.1875;7.5;7.8125;8.125;8.4375;8.75;9.0625;9.375;9.6875;10","0;0;0;0;0;0;0;0;0;0;0;0;0;0;0;0;0;0;0;0;0;0;0;0;0;0;0;0;0;0;0;112405;41175;17686;3265;825;132;0;0;0;0;0;0;0;0;0;0;0;0;0;0;0;0;0;0;0;0;0;0;0;0;0;0;0",175488
37,8,"LeakyReLULayer( 0.050000 )",pre_activation,"-10;-9.6875;-9.375;-9.0625;-8.75;-8.4375;-8.125;-7.8125;-7.5;-7.1875;-6.875;-6.5625;-6.25;-5.9375;-5.625;-5.3125;-5;-4.6875;-4.375;-4.0625;-3.75;-3.4375;-3.125;-2.8125;-2.5;-2.1875;-1.875;-1.5625;-1.25;-0.9375;-0.625;-0.3125;0;0.3125;0.625;0.9375;1.25;1.5625;1.875;2.1875;2.5;2.8125;3.125;3.4375;3.75;4.0625;4.375;4.6875;5;5.3125;5.625;5.9375;6.25;6.5625;6.875;7.1875;7.5;7.8125;8.125;8.4375;8.75;9.0625;9.375;9.6875;10","0;0;0;0;0;0;0;0;0;0;0;0;0;0;0;0;0;0;0;0;0;0;0;0;0;1;11;130;780;3230;11025;36103;27386;6464;1928;560;111;15;0;0;0;0;0;0;0;0;0;0;0;0;0;0;0;0;0;0;0;0;0;0;0;0;0;0",87744
37,8,"LeakyReLULayer( 0.050000 )",post_activation,"-10;-9.6875;-9.375;-9.0625;-8.75;-8.4375;-8.125;-7.8125;-7.5;-7.1875;-6.875;-6.5625;-6.25;-5.9375;-5.625;-5.3125;-5;-4.6875;-4.375;-4.0625;-3.75;-3.4375;-3.125;-2.8125;-2.5;-2.1875;-1.875;-1.5625;-1.25;-0.9375;-0.625;-0.3125;0;0.3125;0.625;0.9375;1.25;1.5625;1.875;2.1875;2.5;2.8125;3.125;3.4375;3.75;4.0625;4.375;4.6875;5;5.3125;5.625;5.9375;6.25;6.5625;6.875;7.1875;7.5;7.8125;8.125;8.4375;8.75;9.0625;9.375;9.6875;10","0;0;0;0;0;0;0;0;0;0;0;0;0;0;0;0;0;0;0;0;0;0;0;0;0;0;0;0;0;0;0;51280;27386;6464;1928;560;111;15;0;0;0;0;0;0;0;0;0;0;0;0;0;0;0;0;0;0;0;0;0;0;0;0;0;0",87744
38,1,"LeakyReLULayer( 0.050000 )",pre_activation,"-10;-9.6875;-9.375;-9.0625;-8.75;-8.4375;-8.125;-7.8125;-7.5;-7.1875;-6.875;-6.5625;-6.25;-5.9375;-5.625;-5.3125;-5;-4.6875;-4.375;-4.0625;-3.75;-3.4375;-3.125;-2.8125;-2.5;-2.1875;-1.875;-1.5625;-1.25;-0.9375;-0.625;-0.3125;0;0.3125;0.625;0.9375;1.25;1.5625;1.875;2.1875;2.5;2.8125;3.125;3.4375;3.75;4.0625;4.375;4.6875;5;5.3125;5.625;5.9375;6.25;6.5625;6.875;7.1875;7.5;7.8125;8.125;8.4375;8.75;9.0625;9.375;9.6875;10","0;0;0;0;0;0;0;0;0;0;0;0;0;0;0;0;0;0;0;0;19;357;1517;4136;8722;18192;46283;107231;290246;723128;1364912;2370606;2281487;1415600;812583;257621;113528;47653;7379;0;0;0;0;0;0;0;0;0;0;0;0;0;0;0;0;0;0;0;0;0;0;0;0;0",9871200
38,1,"LeakyReLULayer( 0.050000 )",post_activation,"-10;-9.6875;-9.375;-9.0625;-8.75;-8.4375;-8.125;-7.8125;-7.5;-7.1875;-6.875;-6.5625;-6.25;-5.9375;-5.625;-5.3125;-5;-4.6875;-4.375;-4.0625;-3.75;-3.4375;-3.125;-2.8125;-2.5;-2.1875;-1.875;-1.5625;-1.25;-0.9375;-0.625;-0.3125;0;0.3125;0.625;0.9375;1.25;1.5625;1.875;2.1875;2.5;2.8125;3.125;3.4375;3.75;4.0625;4.375;4.6875;5;5.3125;5.625;5.9375;6.25;6.5625;6.875;7.1875;7.5;7.8125;8.125;8.4375;8.75;9.0625;9.375;9.6875;10","0;0;0;0;0;0;0;0;0;0;0;0;0;0;0;0;0;0;0;0;0;0;0;0;0;0;0;0;0;0;0;4935349;2281487;1415600;812583;257621;113528;47653;7379;0;0;0;0;0;0;0;0;0;0;0;0;0;0;0;0;0;0;0;0;0;0;0;0;0",9871200
38,5,"LeakyReLULayer( 0.050000 )",pre_activation,"-10;-9.6875;-9.375;-9.0625;-8.75;-8.4375;-8.125;-7.8125;-7.5;-7.1875;-6.875;-6.5625;-6.25;-5.9375;-5.625;-5.3125;-5;-4.6875;-4.375;-4.0625;-3.75;-3.4375;-3.125;-2.8125;-2.5;-2.1875;-1.875;-1.5625;-1.25;-0.9375;-0.625;-0.3125;0;0.3125;0.625;0.9375;1.25;1.5625;1.875;2.1875;2.5;2.8125;3.125;3.4375;3.75;4.0625;4.375;4.6875;5;5.3125;5.625;5.9375;6.25;6.5625;6.875;7.1875;7.5;7.8125;8.125;8.4375;8.75;9.0625;9.375;9.6875;10","0;0;0;0;0;0;0;0;0;0;0;0;0;0;0;0;0;0;0;0;0;0;0;97;313;659;1930;3534;6414;15036;33084;52585;40273;17608;3092;750;113;0;0;0;0;0;0;0;0;0;0;0;0;0;0;0;0;0;0;0;0;0;0;0;0;0;0;0",175488
38,5,"LeakyReLULayer( 0.050000 )",post_activation,"-10;-9.6875;-9.375;-9.0625;-8.75;-8.4375;-8.125;-7.8125;-7.5;-7.1875;-6.875;-6.5625;-6.25;-5.9375;-5.625;-5.3125;-5;-4.6875;-4.375;-4.0625;-3.75;-3.4375;-3.125;-2.8125;-2.5;-2.1875;-1.875;-1.5625;-1.25;-0.9375;-0.625;-0.3125;0;0.3125;0.625;0.9375;1.25;1.5625;1.875;2.1875;2.5;2.8125;3.125;3.4375;3.75;4.0625;4.375;4.6875;5;5.3125;5.625;5.9375;6.25;6.5625;6.875;7.1875;7.5;7.8125;8.125;8.4375;8.75;9.0625;9.375;9.6875;10","0;0;0;0;0;0;0;0;0;0;0;0;0;0;0;0;0;0;0;0;0;0;0;0;0;0;0;0;0;0;0;113652;40273;17608;3092;750;113;0;0;0;0;0;0;0;0;0;0;0;0;0;0;0;0;0;0;0;0;0;0;0;0;0;0;0",175488
38,8,"LeakyReLULayer( 0.050000 )",pre_activation,"-10;-9.6875;-9.375;-9.0625;-8.75;-8.4375;-8.125;-7.8125;-7.5;-7.1875;-6.875;-6.5625;-6.25;-5.9375;-5.625;-5.3125;-5;-4.6875;-4.375;-4.0625;-3.75;-3.4375;-3.125;-2.8125;-2.5;-2.1875;-1.875;-1.5625;-1.25;-0.9375;-0.625;-0.3125;0;0.3125;0.625;0.9375;1.25;1.5625;1.875;2.1875;2.5;2.8125;3.125;3.4375;3.75;4.0625;4.375;4.6875;5;5.3125;5.625;5.9375;6.25;6.5625;6.875;7.1875;7.5;7.8125;8.125;8.4375;8.75;9.0625;9.375;9.6875;10","0;0;0;0;0;0;0;0;0;0;0;0;0;0;0;0;0;0;0;0;0;0;0;0;0;0;10;109;703;3043;10681;36831;27577;6307;1854;521;99;9;0;0;0;0;0;0;0;0;0;0;0;0;0;0;0;0;0;0;0;0;0;0;0;0;0;0",87744
38,8,"LeakyReLULayer( 0.050000 )",post_activation,"-10;-9.6875;-9.375;-9.0625;-8.75;-8.4375;-8.125;-7.8125;-7.5;-7.1875;-6.875;-6.5625;-6.25;-5.9375;-5.625;-5.3125;-5;-4.6875;-4.375;-4.0625;-3.75;-3.4375;-3.125;-2.8125;-2.5;-2.1875;-1.875;-1.5625;-1.25;-0.9375;-0.625;-0.3125;0;0.3125;0.625;0.9375;1.25;1.5625;1.875;2.1875;2.5;2.8125;3.125;3.4375;3.75;4.0625;4.375;4.6875;5;5.3125;5.625;5.9375;6.25;6.5625;6.875;7.1875;7.5;7.8125;8.125;8.4375;8.75;9.0625;9.375;9.6875;10","0;0;0;0;0;0;0;0;0;0;0;0;0;0;0;0;0;0;0;0;0;0;0;0;0;0;0;0;0;0;0;51377;27577;6307;1854;521;99;9;0;0;0;0;0;0;0;0;0;0;0;0;0;0;0;0;0;0;0;0;0;0;0;0;0;0",87744
39,1,"LeakyReLULayer( 0.050000 )",pre_activation,"-10;-9.6875;-9.375;-9.0625;-8.75;-8.4375;-8.125;-7.8125;-7.5;-7.1875;-6.875;-6.5625;-6.25;-5.9375;-5.625;-5.3125;-5;-4.6875;-4.375;-4.0625;-3.75;-3.4375;-3.125;-2.8125;-2.5;-2.1875;-1.875;-1.5625;-1.25;-0.9375;-0.625;-0.3125;0;0.3125;0.625;0.9375;1.25;1.5625;1.875;2.1875;2.5;2.8125;3.125;3.4375;3.75;4.0625;4.375;4.6875;5;5.3125;5.625;5.9375;6.25;6.5625;6.875;7.1875;7.5;7.8125;8.125;8.4375;8.75;9.0625;9.375;9.6875;10","0;0;0;0;0;0;0;0;0;0;0;0;0;0;0;0;0;0;0;0;19;356;1522;4141;8723;18190;46241;107082;289780;722617;1365069;2371606;2282494;1415870;811859;257170;113370;47708;7383;0;0;0;0;0;0;0;0;0;0;0;0;0;0;0;0;0;0;0;0;0;0;0;0;0",9871200
39,1,"LeakyReLULayer( 0.050000 )",post_activation,"-10;-9.6875;-9.375;-9.0625;-8.75;-8.4375;-8.125;-7.8125;-7.5;-7.1875;-6.875;-6.5625;-6.25;-5.9375;-5.625;-5.3125;-5;-4.6875;-4.375;-4.0625;-3.75;-3.4375;-3.125;-2.8125;-2.5;-2.1875;-1.875;-1.5625;-1.25;-0.9375;-0.625;-0.3125;0;0.3125;0.625;0.9375;1.25;1.5625;1.875;2.1875;2.5;2.8125;3.125;3.4375;3.75;4.0625;4.375;4.6875;5;5.3125;5.625;5.9375;6.25;6.5625;6.875;7.1875;7.5;7.8125;8.125;8.4375;8.75;9.0625;9.375;9.6875;10","0;0;0;0;0;0;0;0;0;0;0;0;0;0;0;0;0;0;0;0;0;0;0;0;0;0;0;0;0;0;0;4935346;2282494;1415870;811859;257170;113370;47708;7383;0;0;0;0;0;0;0;0;0;0;0;0;0;0;0;0;0;0;0;0;0;0;0;0;0",9871200
39,5,"LeakyReLULayer( 0.050000 )",pre_activation,"-10;-9.6875;-9.375;-9.0625;-8.75;-8.4375;-8.125;-7.8125;-7.5;-7.1875;-6.875;-6.5625;-6.25;-5.9375;-5.625;-5.3125;-5;-4.6875;-4.375;-4.0625;-3.75;-3.4375;-3.125;-2.8125;-2.5;-2.1875;-1.875;-1.5625;-1.25;-0.9375;-0.625;-0.3125;0;0.3125;0.625;0.9375;1.25;1.5625;1.875;2.1875;2.5;2.8125;3.125;3.4375;3.75;4.0625;4.375;4.6875;5;5.3125;5.625;5.9375;6.25;6.5625;6.875;7.1875;7.5;7.8125;8.125;8.4375;8.75;9.0625;9.375;9.6875;10","0;0;0;0;0;0;0;0;0;0;0;0;0;0;0;0;0;0;0;0;0;0;0;104;312;630;1821;3692;6419;14753;32863;52444;40720;17666;3216;751;97;0;0;0;0;0;0;0;0;0;0;0;0;0;0;0;0;0;0;0;0;0;0;0;0;0;0;0",175488
39,5,"LeakyReLULayer( 0.050000 )",post_activation,"-10;-9.6875;-9.375;-9.0625;-8.75;-8.4375;-8.125;-7.8125;-7.5;-7.1875;-6.875;-6.5625;-6.25;-5.9375;-5.625;-5.3125;-5;-4.6875;-4.375;-4.0625;-3.75;-3.4375;-3.125;-2.8125;-2.5;-2.1875;-1.875;-1.5625;-1.25;-0.9375;-0.625;-0.3125;0;0.3125;0.625;0.9375;1.25;1.5625;1.875;2.1875;2.5;2.8125;3.125;3.4375;3.75;4.0625;4.375;4.6875;5;5.3125;5.625;5.9375;6.25;6.5625;6.875;7.1875;7.5;7.8125;8.125;8.4375;8.75;9.0625;9.375;9.6875;10","0;0;0;0;0;0;0;0;0;0;0;0;0;0;0;0;0;0;0;0;0;0;0;0;0;0;0;0;0;0;0;113038;40720;17666;3216;751;97;0;0;0;0;0;0;0;0;0;0;0;0;0;0;0;0;0;0;0;0;0;0;0;0;0;0;0",175488
39,8,"LeakyReLULayer( 0.050000 )",pre_activation,"-10;-9.6875;-9.375;-9.0625;-8.75;-8.4375;-8.125;-7.8125;-7.5;-7.1875;-6.875;-6.5625;-6.25;-5.9375;-5.625;-5.3125;-5;-4.6875;-4.375;-4.0625;-3.75;-3.4375;-3.125;-2.8125;-2.5;-2.1875;-1.875;-1.5625;-1.25;-0.9375;-0.625;-0.3125;0;0.3125;0.625;0.9375;1.25;1.5625;1.875;2.1875;2.5;2.8125;3.125;3.4375;3.75;4.0625;4.375;4.6875;5;5.3125;5.625;5.9375;6.25;6.5625;6.875;7.1875;7.5;7.8125;8.125;8.4375;8.75;9.0625;9.375;9.6875;10","0;0;0;0;0;0;0;0;0;0;0;0;0;0;0;0;0;0;0;0;0;0;0;0;0;1;14;124;715;3029;10612;36173;28236;6287;1865;573;102;12;1;0;0;0;0;0;0;0;0;0;0;0;0;0;0;0;0;0;0;0;0;0;0;0;0;0",87744
39,8,"LeakyReLULayer( 0.050000 )",post_activation,"-10;-9.6875;-9.375;-9.0625;-8.75;-8.4375;-8.125;-7.8125;-7.5;-7.1875;-6.875;-6.5625;-6.25;-5.9375;-5.625;-5.3125;-5;-4.6875;-4.375;-4.0625;-3.75;-3.4375;-3.125;-2.8125;-2.5;-2.1875;-1.875;-1.5625;-1.25;-0.9375;-0.625;-0.3125;0;0.3125;0.625;0.9375;1.25;1.5625;1.875;2.1875;2.5;2.8125;3.125;3.4375;3.75;4.0625;4.375;4.6875;5;5.3125;5.625;5.9375;6.25;6.5625;6.875;7.1875;7.5;7.8125;8.125;8.4375;8.75;9.0625;9.375;9.6875;10","0;0;0;0;0;0;0;0;0;0;0;0;0;0;0;0;0;0;0;0;0;0;0;0;0;0;0;0;0;0;0;50668;28236;6287;1865;573;102;12;1;0;0;0;0;0;0;0;0;0;0;0;0;0;0;0;0;0;0;0;0;0;0;0;0;0",87744
40,1,"LeakyReLULayer( 0.050000 )",pre_activation,"-10;-9.6875;-9.375;-9.0625;-8.75;-8.4375;-8.125;-7.8125;-7.5;-7.1875;-6.875;-6.5625;-6.25;-5.9375;-5.625;-5.3125;-5;-4.6875;-4.375;-4.0625;-3.75;-3.4375;-3.125;-2.8125;-2.5;-2.1875;-1.875;-1.5625;-1.25;-0.9375;-0.625;-0.3125;0;0.3125;0.625;0.9375;1.25;1.5625;1.875;2.1875;2.5;2.8125;3.125;3.4375;3.75;4.0625;4.375;4.6875;5;5.3125;5.625;5.9375;6.25;6.5625;6.875;7.1875;7.5;7.8125;8.125;8.4375;8.75;9.0625;9.375;9.6875;10","0;0;0;0;0;0;0;0;0;0;0;0;0;0;0;0;0;0;0;0;19;356;1516;4135;8724;18173;46223;107011;289499;722234;1364407;2373134;2283787;1415454;811183;256983;113385;47616;7361;0;0;0;0;0;0;0;0;0;0;0;0;0;0;0;0;0;0;0;0;0;0;0;0;0",9871200
40,1,"LeakyReLULayer( 0.050000 )",post_activation,"-10;-9.6875;-9.375;-9.0625;-8.75;-8.4375;-8.125;-7.8125;-7.5;-7.1875;-6.875;-6.5625;-6.25;-5.9375;-5.625;-5.3125;-5;-4.6875;-4.375;-4.0625;-3.75;-3.4375;-3.125;-2.8125;-2.5;-2.1875;-1.875;-1.5625;-1.25;-0.9375;-0.625;-0.3125;0;0.3125;0.625;0.9375;1.25;1.5625;1.875;2.1875;2.5;2.8125;3.125;3.4375;3.75;4.0625;4.375;4.6875;5;5.3125;5.625;5.9375;6.25;6.5625;6.875;7.1875;7.5;7.8125;8.125;8.4375;8.75;9.0625;9.375;9.6875;10","0;0;0;0;0;0;0;0;0;0;0;0;0;0;0;0;0;0;0;0;0;0;0;0;0;0;0;0;0;0;0;4935431;2283787;1415454;811183;256983;113385;47616;7361;0;0;0;0;0;0;0;0;0;0;0;0;0;0;0;0;0;0;0;0;0;0;0;0;0",9871200
40,5,"LeakyReLULayer( 0.050000 )",pre_activation,"-10;-9.6875;-9.375;-9.0625;-8.75;-8.4375;-8.125;-7.8125;-7.5;-7.1875;-6.875;-6.5625;-6.25;-5.9375;-5.625;-5.3125;-5;-4.6875;-4.375;-4.0625;-3.75;-3.4375;-3.125;-2.8125;-2.5;-2.1875;-1.875;-1.5625;-1.25;-0.9375;-0.625;-0.3125;0;0.3125;0.625;0.9375;1.25;1.5625;1.875;2.1875;2.5;2.8125;3.125;3.4375;3.75;4.0625;4.375;4.6875;5;5.3125;5.625;5.9375;6.25;6.5625;6.875;7.1875;7.5;7.8125;8.125;8.4375;8.75;9.0625;9.375;9.6875;10","0;0;0;0;0;0;0;0;0;0;0;0;0;0;0;0;0;0;0;0;0;0;0;105;325;604;1766;3788;6487;14642;32572;52597;41435;17183;3179;731;74;0;0;0;0;0;0;0;0;0;0;0;0;0;0;0;0;0;0;0;0;0;0;0;0;0;0;0",175488
40,5,"LeakyReLULayer( 0.050000 )",post_activation,"-10;-9.6875;-9.375;-9.0625;-8.75;-8.4375;-8.125;-7.8125;-7.5;-7.1875;-6.875;-6.5625;-6.25;-5.9375;-5.625;-5.3125;-5;-4.6875;-4.375;-4.0625;-3.75;-3.4375;-3.125;-2.8125;-2.5;-2.1875;-1.875;-1.5625;-1.25;-0.9375;-0.625;-0.3125;0;0.3125;0.625;0.9375;1.25;1.5625;1.875;2.1875;2.5;2.8125;3.125;3.4375;3.75;4.0625;4.375;4.6875;5;5.3125;5.625;5.9375;6.25;6.5625;6.875;7.1875;7.5;7.8125;8.125;8.4375;8.75;9.0625;9.375;9.6875;10","0;0;0;0;0;0;0;0;0;0;0;0;0;0;0;0;0;0;0;0;0;0;0;0;0;0;0;0;0;0;0;112886;41435;17183;3179;731;74;0;0;0;0;0;0;0;0;0;0;0;0;0;0;0;0;0;0;0;0;0;0;0;0;0;0;0",175488
40,8,"LeakyReLULayer( 0.050000 )",pre_activation,"-10;-9.6875;-9.375;-9.0625;-8.75;-8.4375;-8.125;-7.8125;-7.5;-7.1875;-6.875;-6.5625;-6.25;-5.9375;-5.625;-5.3125;-5;-4.6875;-4.375;-4.0625;-3.75;-3.4375;-3.125;-2.8125;-2.5;-2.1875;-1.875;-1.5625;-1.25;-0.9375;-0.625;-0.3125;0;0.3125;0.625;0.9375;1.25;1.5625;1.875;2.1875;2.5;2.8125;3.125;3.4375;3.75;4.0625;4.375;4.6875;5;5.3125;5.625;5.9375;6.25;6.5625;6.875;7.1875;7.5;7.8125;8.125;8.4375;8.75;9.0625;9.375;9.6875;10","0;0;0;0;0;0;0;0;0;0;0;0;0;0;0;0;0;0;0;0;0;0;0;0;0;1;12;110;721;2994;10440;36017;28669;6326;1834;525;88;7;0;0;0;0;0;0;0;0;0;0;0;0;0;0;0;0;0;0;0;0;0;0;0;0;0;0",87744
40,8,"LeakyReLULayer( 0.050000 )",post_activation,"-10;-9.6875;-9.375;-9.0625;-8.75;-8.4375;-8.125;-7.8125;-7.5;-7.1875;-6.875;-6.5625;-6.25;-5.9375;-5.625;-5.3125;-5;-4.6875;-4.375;-4.0625;-3.75;-3.4375;-3.125;-2.8125;-2.5;-2.1875;-1.875;-1.5625;-1.25;-0.9375;-0.625;-0.3125;0;0.3125;0.625;0.9375;1.25;1.5625;1.875;2.1875;2.5;2.8125;3.125;3.4375;3.75;4.0625;4.375;4.6875;5;5.3125;5.625;5.9375;6.25;6.5625;6.875;7.1875;7.5;7.8125;8.125;8.4375;8.75;9.0625;9.375;9.6875;10","0;0;0;0;0;0;0;0;0;0;0;0;0;0;0;0;0;0;0;0;0;0;0;0;0;0;0;0;0;0;0;50295;28669;6326;1834;525;88;7;0;0;0;0;0;0;0;0;0;0;0;0;0;0;0;0;0;0;0;0;0;0;0;0;0;0",87744
41,1,"LeakyReLULayer( 0.050000 )",pre_activation,"-10;-9.6875;-9.375;-9.0625;-8.75;-8.4375;-8.125;-7.8125;-7.5;-7.1875;-6.875;-6.5625;-6.25;-5.9375;-5.625;-5.3125;-5;-4.6875;-4.375;-4.0625;-3.75;-3.4375;-3.125;-2.8125;-2.5;-2.1875;-1.875;-1.5625;-1.25;-0.9375;-0.625;-0.3125;0;0.3125;0.625;0.9375;1.25;1.5625;1.875;2.1875;2.5;2.8125;3.125;3.4375;3.75;4.0625;4.375;4.6875;5;5.3125;5.625;5.9375;6.25;6.5625;6.875;7.1875;7.5;7.8125;8.125;8.4375;8.75;9.0625;9.375;9.6875;10","0;0;0;0;0;0;0;0;0;0;0;0;0;0;0;0;0;0;0;0;19;355;1516;4128;8729;18172;46198;107021;289534;722221;1364290;2373217;2283873;1415437;811158;256969;113388;47612;7363;0;0;0;0;0;0;0;0;0;0;0;0;0;0;0;0;0;0;0;0;0;0;0;0;0",9871200
41,1,"LeakyReLULayer( 0.050000 )",post_activation,"-10;-9.6875;-9.375;-9.0625;-8.75;-8.4375;-8.125;-7.8125;-7.5;-7.1875;-6.875;-6.5625;-6.25;-5.9375;-5.625;-5.3125;-5;-4.6875;-4.375;-4.0625;-3.75;-3.4375;-3.125;-2.8125;-2.5;-2.1875;-1.875;-1.5625;-1.25;-0.9375;-0.625;-0.3125;0;0.3125;0.625;0.9375;1.25;1.5625;1.875;2.1875;2.5;2.8125;3.125;3.4375;3.75;4.0625;4.375;4.6875;5;5.3125;5.625;5.9375;6.25;6.5625;6.875;7.1875;7.5;7.8125;8.125;8.4375;8.75;9.0625;9.375;9.6875;10","0;0;0;0;0;0;0;0;0;0;0;0;0;0;0;0;0;0;0;0;0;0;0;0;0;0;0;0;0;0;0;4935400;2283873;1415437;811158;256969;113388;47612;7363;0;0;0;0;0;0;0;0;0;0;0;0;0;0;0;0;0;0;0;0;0;0;0;0;0",9871200
41,5,"LeakyReLULayer( 0.050000 )",pre_activation,"-10;-9.6875;-9.375;-9.0625;-8.75;-8.4375;-8.125;-7.8125;-7.5;-7.1875;-6.875;-6.5625;-6.25;-5.9375;-5.625;-5.3125;-5;-4.6875;-4.375;-4.0625;-3.75;-3.4375;-3.125;-2.8125;-2.5;-2.1875;-1.875;-1.5625;-1.25;-0.9375;-0.625;-0.3125;0;0.3125;0.625;0.9375;1.25;1.5625;1.875;2.1875;2.5;2.8125;3.125;3.4375;3.75;4.0625;4.375;4.6875;5;5.3125;5.625;5.9375;6.25;6.5625;6.875;7.1875;7.5;7.8125;8.125;8.4375;8.75;9.0625;9.375;9.6875;10","0;0;0;0;0;0;0;0;0;0;0;0;0;0;0;0;0;0;0;0;0;0;4;128;353;529;1830;3801;6600;14624;32436;52845;41030;17421;3141;690;56;0;0;0;0;0;0;0;0;0;0;0;0;0;0;0;0;0;0;0;0;0;0;0;0;0;0;0",175488
41,5,"LeakyReLULayer( 0.050000 )",post_activation,"-10;-9.6875;-9.375;-9.0625;-8.75;-8.4375;-8.125;-7.8125;-7.5;-7.1875;-6.875;-6.5625;-6.25;-5.9375;-5.625;-5.3125;-5;-4.6875;-4.375;-4.0625;-3.75;-3.4375;-3.125;-2.8125;-2.5;-2.1875;-1.875;-1.5625;-1.25;-0.9375;-0.625;-0.3125;0;0.3125;0.625;0.9375;1.25;1.5625;1.875;2.1875;2.5;2.8125;3.125;3.4375;3.75;4.0625;4.375;4.6875;5;5.3125;5.625;5.9375;6.25;6.5625;6.875;7.1875;7.5;7.8125;8.125;8.4375;8.75;9.0625;9.375;9.6875;10","0;0;0;0;0;0;0;0;0;0;0;0;0;0;0;0;0;0;0;0;0;0;0;0;0;0;0;0;0;0;0;113150;41030;17421;3141;690;56;0;0;0;0;0;0;0;0;0;0;0;0;0;0;0;0;0;0;0;0;0;0;0;0;0;0;0",175488
41,8,"LeakyReLULayer( 0.050000 )",pre_activation,"-10;-9.6875;-9.375;-9.0625;-8.75;-8.4375;-8.125;-7.8125;-7.5;-7.1875;-6.875;-6.5625;-6.25;-5.9375;-5.625;-5.3125;-5;-4.6875;-4.375;-4.0625;-3.75;-3.4375;-3.125;-2.8125;-2.5;-2.1875;-1.875;-1.5625;-1.25;-0.9375;-0.625;-0.3125;0;0.3125;0.625;0.9375;1.25;1.5625;1.875;2.1875;2.5;2.8125;3.125;3.4375;3.75;4.0625;4.375;4.6875;5;5.3125;5.625;5.9375;6.25;6.5625;6.875;7.1875;7.5;7.8125;8.125;8.4375;8.75;9.0625;9.375;9.6875;10","0;0;0;0;0;0;0;0;0;0;0;0;0;0;0;0;0;0;0;0;0;0;0;0;0;2;14;113;693;3066;10592;36212;28134;6515;1756;523;117;7;0;0;0;0;0;0;0;0;0;0;0;0;0;0;0;0;0;0;0;0;0;0;0;0;0;0",87744
41,8,"LeakyReLULayer( 0.050000 )",post_activation,"-10;-9.6875;-9.375;-9.0625;-8.75;-8.4375;-8.125;-7.8125;-7.5;-7.1875;-6.875;-6.5625;-6.25;-5.9375;-5.625;-5.3125;-5;-4.6875;-4.375;-4.0625;-3.75;-3.4375;-3.125;-2.8125;-2.5;-2.1875;-1.875;-1.5625;-1.25;-0.9375;-0.625;-0.3125;0;0.3125;0.625;0.9375;1.25;1.5625;1.875;2.1875;2.5;2.8125;3.125;3.4375;3.75;4.0625;4.375;4.6875;5;5.3125;5.625;5.9375;6.25;6.5625;6.875;7.1875;7.5;7.8125;8.125;8.4375;8.75;9.0625;9.375;9.6875;10","0;0;0;0;0;0;0;0;0;0;0;0;0;0;0;0;0;0;0;0;0;0;0;0;0;0;0;0;0;0;0;50692;28134;6515;1756;523;117;7;0;0;0;0;0;0;0;0;0;0;0;0;0;0;0;0;0;0;0;0;0;0;0;0;0;0",87744
42,1,"LeakyReLULayer( 0.050000 )",pre_activation,"-10;-9.6875;-9.375;-9.0625;-8.75;-8.4375;-8.125;-7.8125;-7.5;-7.1875;-6.875;-6.5625;-6.25;-5.9375;-5.625;-5.3125;-5;-4.6875;-4.375;-4.0625;-3.75;-3.4375;-3.125;-2.8125;-2.5;-2.1875;-1.875;-1.5625;-1.25;-0.9375;-0.625;-0.3125;0;0.3125;0.625;0.9375;1.25;1.5625;1.875;2.1875;2.5;2.8125;3.125;3.4375;3.75;4.0625;4.375;4.6875;5;5.3125;5.625;5.9375;6.25;6.5625;6.875;7.1875;7.5;7.8125;8.125;8.4375;8.75;9.0625;9.375;9.6875;10","0;0;0;0;0;0;0;0;0;0;0;0;0;0;0;0;0;0;0;0;19;355;1516;4127;8723;18146;46188;106981;289354;721976;1365050;2372879;2283732;1416110;810804;256928;113379;47575;7358;0;0;0;0;0;0;0;0;0;0;0;0;0;0;0;0;0;0;0;0;0;0;0;0;0",9871200
42,1,"LeakyReLULayer( 0.050000 )",post_activation,"-10;-9.6875;-9.375;-9.0625;-8.75;-8.4375;-8.125;-7.8125;-7.5;-7.1875;-6.875;-6.5625;-6.25;-5.9375;-5.625;-5.3125;-5;-4.6875;-4.375;-4.0625;-3.75;-3.4375;-3.125;-2.8125;-2.5;-2.1875;-1.875;-1.5625;-1.25;-0.9375;-0.625;-0.3125;0;0.3125;0.625;0.9375;1.25;1.5625;1.875;2.1875;2.5;2.8125;3.125;3.4375;3.75;4.0625;4.375;4.6875;5;5.3125;5.625;5.9375;6.25;6.5625;6.875;7.1875;7.5;7.8125;8.125;8.4375;8.75;9.0625;9.375;9.6875;10","0;0;0;0;0;0;0;0;0;0;0;0;0;0;0;0;0;0;0;0;0;0;0;0;0;0;0;0;0;0;0;4935314;2283732;1416110;810804;256928;113379;47575;7358;0;0;0;0;0;0;0;0;0;0;0;0;0;0;0;0;0;0;0;0;0;0;0;0;0",9871200
42,5,"LeakyReLULayer( 0.050000 )",pre_activation,"-10;-9.6875;-9.375;-9.0625;-8.75;-8.4375;-8.125;-7.8125;-7.5;-7.1875;-6.875;-6.5625;-6.25;-5.9375;-5.625;-5.3125;-5;-4.6875;-4.375;-4.0625;-3.75;-3.4375;-3.125;-2.8125;-2.5;-2.1875;-1.875;-1.5625;-1.25;-0.9375;-0.625;-0.3125;0;0.3125;0.625;0.9375;1.25;1.5625;1.875;2.1875;2.5;2.8125;3.125;3.4375;3.75;4.0625;4.375;4.6875;5;5.3125;5.625;5.9375;6.25;6.5625;6.875;7.1875;7.5;7.8125;8.125;8.4375;8.75;9.0625;9.375;9.6875;10","0;0;0;0;0;0;0;0;0;0;0;0;0;0;0;0;0;0;0;0;0;0;6;126;351;515;1870;3816;6755;14383;32484;52941;40611;17713;3170;695;52;0;0;0;0;0;0;0;0;0;0;0;0;0;0;0;0;0;0;0;0;0;0;0;0;0;0;0",175488
42,5,"LeakyReLULayer( 0.050000 )",post_activation,"-10;-9.6875;-9.375;-9.0625;-8.75;-8.4375;-8.125;-7.8125;-7.5;-7.1875;-6.875;-6.5625;-6.25;-5.9375;-5.625;-5.3125;-5;-4.6875;-4.375;-4.0625;-3.75;-3.4375;-3.125;-2.8125;-2.5;-2.1875;-1.875;-1.5625;-1.25;-0.9375;-0.625;-0.3125;0;0.3125;0.625;0.9375;1.25;1.5625;1.875;2.1875;2.5;2.8125;3.125;3.4375;3.75;4.0625;4.375;4.6875;5;5.3125;5.625;5.9375;6.25;6.5625;6.875;7.1875;7.5;7.8125;8.125;8.4375;8.75;9.0625;9.375;9.6875;10","0;0;0;0;0;0;0;0;0;0;0;0;0;0;0;0;0;0;0;0;0;0;0;0;0;0;0;0;0;0;0;113247;40611;17713;3170;695;52;0;0;0;0;0;0;0;0;0;0;0;0;0;0;0;0;0;0;0;0;0;0;0;0;0;0;0",175488
42,8,"LeakyReLULayer( 0.050000 )",pre_activation,"-10;-9.6875;-9.375;-9.0625;-8.75;-8.4375;-8.125;-7.8125;-7.5;-7.1875;-6.875;-6.5625;-6.25;-5.9375;-5.625;-5.3125;-5;-4.6875;-4.375;-4.0625;-3.75;-3.4375;-3.125;-2.8125;-2.5;-2.1875;-1.875;-1.5625;-1.25;-0.9375;-0.625;-0.3125;0;0.3125;0.625;0.9375;1.25;1.5625;1.875;2.1875;2.5;2.8125;3.125;3.4375;3.75;4.0625;4.375;4.6875;5;5.3125;5.625;5.9375;6.25;6.5625;6.875;7.1875;7.5;7.8125;8.125;8.4375;8.75;9.0625;9.375;9.6875;10","0;0;0;0;0;0;0;0;0;0;0;0;0;0;0;0;0;0;0;0;0;0;0;0;0;1;17;108;734;3150;10457;36029;28318;6441;1857;530;91;10;1;0;0;0;0;0;0;0;0;0;0;0;0;0;0;0;0;0;0;0;0;0;0;0;0;0",87744
42,8,"LeakyReLULayer( 0.050000 )",post_activation,"-10;-9.6875;-9.375;-9.0625;-8.75;-8.4375;-8.125;-7.8125;-7.5;-7.1875;-6.875;-6.5625;-6.25;-5.9375;-5.625;-5.3125;-5;-4.6875;-4.375;-4.0625;-3.75;-3.4375;-3.125;-2.8125;-2.5;-2.1875;-1.875;-1.5625;-1.25;-0.9375;-0.625;-0.3125;0;0.3125;0.625;0.9375;1.25;1.5625;1.875;2.1875;2.5;2.8125;3.125;3.4375;3.75;4.0625;4.375;4.6875;5;5.3125;5.625;5.9375;6.25;6.5625;6.875;7.1875;7.5;7.8125;8.125;8.4375;8.75;9.0625;9.375;9.6875;10","0;0;0;0;0;0;0;0;0;0;0;0;0;0;0;0;0;0;0;0;0;0;0;0;0;0;0;0;0;0;0;50496;28318;6441;1857;530;91;10;1;0;0;0;0;0;0;0;0;0;0;0;0;0;0;0;0;0;0;0;0;0;0;0;0;0",87744
43,1,"LeakyReLULayer( 0.050000 )",pre_activation,"-10;-9.6875;-9.375;-9.0625;-8.75;-8.4375;-8.125;-7.8125;-7.5;-7.1875;-6.875;-6.5625;-6.25;-5.9375;-5.625;-5.3125;-5;-4.6875;-4.375;-4.0625;-3.75;-3.4375;-3.125;-2.8125;-2.5;-2.1875;-1.875;-1.5625;-1.25;-0.9375;-0.625;-0.3125;0;0.3125;0.625;0.9375;1.25;1.5625;1.875;2.1875;2.5;2.8125;3.125;3.4375;3.75;4.0625;4.375;4.6875;5;5.3125;5.625;5.9375;6.25;6.5625;6.875;7.1875;7.5;7.8125;8.125;8.4375;8.75;9.0625;9.375;9.6875;10","0;0;0;0;0;0;0;0;0;0;0;0;0;0;0;0;0;0;0;0;19;355;1515;4120;8709;18091;46120;106903;289263;722096;1365219;2372904;2284104;1415980;811159;256492;113328;47484;7339;0;0;0;0;0;0;0;0;0;0;0;0;0;0;0;0;0;0;0;0;0;0;0;0;0",9871200
43,1,"LeakyReLULayer( 0.050000 )",post_activation,"-10;-9.6875;-9.375;-9.0625;-8.75;-8.4375;-8.125;-7.8125;-7.5;-7.1875;-6.875;-6.5625;-6.25;-5.9375;-5.625;-5.3125;-5;-4.6875;-4.375;-4.0625;-3.75;-3.4375;-3.125;-2.8125;-2.5;-2.1875;-1.875;-1.5625;-1.25;-0.9375;-0.625;-0.3125;0;0.3125;0.625;0.9375;1.25;1.5625;1.875;2.1875;2.5;2.8125;3.125;3.4375;3.75;4.0625;4.375;4.6875;5;5.3125;5.625;5.9375;6.25;6.5625;6.875;7.1875;7.5;7.8125;8.125;8.4375;8.75;9.0625;9.375;9.6875;10","0;0;0;0;0;0;0;0;0;0;0;0;0;0;0;0;0;0;0;0;0;0;0;0;0;0;0;0;0;0;0;4935314;2284104;1415980;811159;256492;113328;47484;7339;0;0;0;0;0;0;0;0;0;0;0;0;0;0;0;0;0;0;0;0;0;0;0;0;0",9871200
43,5,"LeakyReLULayer( 0.050000 )",pre_activation,"-10;-9.6875;-9.375;-9.0625;-8.75;-8.4375;-8.125;-7.8125;-7.5;-7.1875;-6.875;-6.5625;-6.25;-5.9375;-5.625;-5.3125;-5;-4.6875;-4.375;-4.0625;-3.75;-3.4375;-3.125;-2.8125;-2.5;-2.1875;-1.875;-1.5625;-1.25;-0.9375;-0.625;-0.3125;0;0.3125;0.625;0.9375;1.25;1.5625;1.875;2.1875;2.5;2.8125;3.125;3.4375;3.75;4.0625;4.375;4.6875;5;5.3125;5.625;5.9375;6.25;6.5625;6.875;7.1875;7.5;7.8125;8.125;8.4375;8.75;9.0625;9.375;9.6875;10","0;0;0;0;0;0;0;0;0;0;0;0;0;0;0;0;0;0;0;0;0;0;4;133;346;499;1790;3874;7054;13968;32662;53577;40046;17682;3132;674;47;0;0;0;0;0;0;0;0;0;0;0;0;0;0;0;0;0;0;0;0;0;0;0;0;0;0;0",175488
43,5,"LeakyReLULayer( 0.050000 )",post_activation,"-10;-9.6875;-9.375;-9.0625;-8.75;-8.4375;-8.125;-7.8125;-7.5;-7.1875;-6.875;-6.5625;-6.25;-5.9375;-5.625;-5.3125;-5;-4.6875;-4.375;-4.0625;-3.75;-3.4375;-3.125;-2.8125;-2.5;-2.1875;-1.875;-1.5625;-1.25;-0.9375;-0.625;-0.3125;0;0.3125;0.625;0.9375;1.25;1.5625;1.875;2.1875;2.5;2.8125;3.125;3.4375;3.75;4.0625;4.375;4.6875;5;5.3125;5.625;5.9375;6.25;6.5625;6.875;7.1875;7.5;7.8125;8.125;8.4375;8.75;9.0625;9.375;9.6875;10","0;0;0;0;0;0;0;0;0;0;0;0;0;0;0;0;0;0;0;0;0;0;0;0;0;0;0;0;0;0;0;113907;40046;17682;3132;674;47;0;0;0;0;0;0;0;0;0;0;0;0;0;0;0;0;0;0;0;0;0;0;0;0;0;0;0",175488
43,8,"LeakyReLULayer( 0.050000 )",pre_activation,"-10;-9.6875;-9.375;-9.0625;-8.75;-8.4375;-8.125;-7.8125;-7.5;-7.1875;-6.875;-6.5625;-6.25;-5.9375;-5.625;-5.3125;-5;-4.6875;-4.375;-4.0625;-3.75;-3.4375;-3.125;-2.8125;-2.5;-2.1875;-1.875;-1.5625;-1.25;-0.9375;-0.625;-0.3125;0;0.3125;0.625;0.9375;1.25;1.5625;1.875;2.1875;2.5;2.8125;3.125;3.4375;3.75;4.0625;4.375;4.6875;5;5.3125;5.625;5.9375;6.25;6.5625;6.875;7.1875;7.5;7.8125;8.125;8.4375;8.75;9.0625;9.375;9.6875;10","0;0;0;0;0;0;0;0;0;0;0;0;0;0;0;0;0;0;0;0;0;0;0;0;0;2;13;115;697;3153;10492;36366;28045;6376;1856;511;104;14;0;0;0;0;0;0;0;0;0;0;0;0;0;0;0;0;0;0;0;0;0;0;0;0;0;0",87744
43,8,"LeakyReLULayer( 0.050000 )",post_activation,"-10;-9.6875;-9.375;-9.0625;-8.75;-8.4375;-8.125;-7.8125;-7.5;-7.1875;-6.875;-6.5625;-6.25;-5.9375;-5.625;-5.3125;-5;-4.6875;-4.375;-4.0625;-3.75;-3.4375;-3.125;-2.8125;-2.5;-2.1875;-1.875;-1.5625;-1.25;-0.9375;-0.625;-0.3125;0;0.3125;0.625;0.9375;1.25;1.5625;1.875;2.1875;2.5;2.8125;3.125;3.4375;3.75;4.0625;4.375;4.6875;5;5.3125;5.625;5.9375;6.25;6.5625;6.875;7.1875;7.5;7.8125;8.125;8.4375;8.75;9.0625;9.375;9.6875;10","0;0;0;0;0;0;0;0;0;0;0;0;0;0;0;0;0;0;0;0;0;0;0;0;0;0;0;0;0;0;0;50838;28045;6376;1856;511;104;14;0;0;0;0;0;0;0;0;0;0;0;0;0;0;0;0;0;0;0;0;0;0;0;0;0;0",87744
44,1,"LeakyReLULayer( 0.050000 )",pre_activation,"-10;-9.6875;-9.375;-9.0625;-8.75;-8.4375;-8.125;-7.8125;-7.5;-7.1875;-6.875;-6.5625;-6.25;-5.9375;-5.625;-5.3125;-5;-4.6875;-4.375;-4.0625;-3.75;-3.4375;-3.125;-2.8125;-2.5;-2.1875;-1.875;-1.5625;-1.25;-0.9375;-0.625;-0.3125;0;0.3125;0.625;0.9375;1.25;1.5625;1.875;2.1875;2.5;2.8125;3.125;3.4375;3.75;4.0625;4.375;4.6875;5;5.3125;5.625;5.9375;6.25;6.5625;6.875;7.1875;7.5;7.8125;8.125;8.4375;8.75;9.0625;9.375;9.6875;10","0;0;0;0;0;0;0;0;0;0;0;0;0;0;0;0;0;0;0;0;19;355;1514;4112;8705;18058;46072;106841;289365;722028;1364526;2373845;2285463;1414716;811280;256254;113289;47427;7331;0;0;0;0;0;0;0;0;0;0;0;0;0;0;0;0;0;0;0;0;0;0;0;0;0",9871200
44,1,"LeakyReLULayer( 0.050000 )",post_activation,"-10;-9.6875;-9.375;-9.0625;-8.75;-8.4375;-8.125;-7.8125;-7.5;-7.1875;-6.875;-6.5625;-6.25;-5.9375;-5.625;-5.3125;-5;-4.6875;-4.375;-4.0625;-3.75;-3.4375;-3.125;-2.8125;-2.5;-2.1875;-1.875;-1.5625;-1.25;-0.9375;-0.625;-0.3125;0;0.3125;0.625;0.9375;1.25;1.5625;1.875;2.1875;2.5;2.8125;3.125;3.4375;3.75;4.0625;4.375;4.6875;5;5.3125;5.625;5.9375;6.25;6.5625;6.875;7.1875;7.5;7.8125;8.125;8.4375;8.75;9.0625;9.375;9.6875;10","0;0;0;0;0;0;0;0;0;0;0;0;0;0;0;0;0;0;0;0;0;0;0;0;0;0;0;0;0;0;0;4935440;2285463;1414716;811280;256254;113289;47427;7331;0;0;0;0;0;0;0;0;0;0;0;0;0;0;0;0;0;0;0;0;0;0;0;0;0",9871200
44,5,"LeakyReLULayer( 0.050000 )",pre_activation,"-10;-9.6875;-9.375;-9.0625;-8.75;-8.4375;-8.125;-7.8125;-7.5;-7.1875;-6.875;-6.5625;-6.25;-5.9375;-5.625;-5.3125;-5;-4.6875;-4.375;-4.0625;-3.75;-3.4375;-3.125;-2.8125;-2.5;-2.1875;-1.875;-1.5625;-1.25;-0.9375;-0.625;-0.3125;0;0.3125;0.625;0.9375;1.25;1.5625;1.875;2.1875;2.5;2.8125;3.125;3.4375;3.75;4.0625;4.375;4.6875;5;5.3125;5.625;5.9375;6.25;6.5625;6.875;7.1875;7.5;7.8125;8.125;8.4375;8.75;9.0625;9.375;9.6875;10","0;0;0;0;0;0;0;0;0;0;0;0;0;0;0;0;0;0;0;0;0;0;29;127;342;475;1745;3919;7191;13856;32841;54008;39557;17688;3028;653;29;0;0;0;0;0;0;0;0;0;0;0;0;0;0;0;0;0;0;0;0;0;0;0;0;0;0;0",175488
44,5,"LeakyReLULayer( 0.050000 )",post_activation,"-10;-9.6875;-9.375;-9.0625;-8.75;-8.4375;-8.125;-7.8125;-7.5;-7.1875;-6.875;-6.5625;-6.25;-5.9375;-5.625;-5.3125;-5;-4.6875;-4.375;-4.0625;-3.75;-3.4375;-3.125;-2.8125;-2.5;-2.1875;-1.875;-1.5625;-1.25;-0.9375;-0.625;-0.3125;0;0.3125;0.625;0.9375;1.25;1.5625;1.875;2.1875;2.5;2.8125;3.125;3.4375;3.75;4.0625;4.375;4.6875;5;5.3125;5.625;5.9375;6.25;6.5625;6.875;7.1875;7.5;7.8125;8.125;8.4375;8.75;9.0625;9.375;9.6875;10","0;0;0;0;0;0;0;0;0;0;0;0;0;0;0;0;0;0;0;0;0;0;0;0;0;0;0;0;0;0;0;114533;39557;17688;3028;653;29;0;0;0;0;0;0;0;0;0;0;0;0;0;0;0;0;0;0;0;0;0;0;0;0;0;0;0",175488
44,8,"LeakyReLULayer( 0.050000 )",pre_activation,"-10;-9.6875;-9.375;-9.0625;-8.75;-8.4375;-8.125;-7.8125;-7.5;-7.1875;-6.875;-6.5625;-6.25;-5.9375;-5.625;-5.3125;-5;-4.6875;-4.375;-4.0625;-3.75;-3.4375;-3.125;-2.8125;-2.5;-2.1875;-1.875;-1.5625;-1.25;-0.9375;-0.625;-0.3125;0;0.3125;0.625;0.9375;1.25;1.5625;1.875;2.1875;2.5;2.8125;3.125;3.4375;3.75;4.0625;4.375;4.6875;5;5.3125;5.625;5.9375;6.25;6.5625;6.875;7.1875;7.5;7.8125;8.125;8.4375;8.75;9.0625;9.375;9.6875;10","0;0;0;0;0;0;0;0;0;0;0;0;0;0;0;0;0;0;0;0;0;0;0;0;0;0;13;106;749;3090;10641;36287;27865;6422;1899;581;81;9;1;0;0;0;0;0;0;0;0;0;0;0;0;0;0;0;0;0;0;0;0;0;0;0;0;0",87744
44,8,"LeakyReLULayer( 0.050000 )",post_activation,"-10;-9.6875;-9.375;-9.0625;-8.75;-8.4375;-8.125;-7.8125;-7.5;-7.1875;-6.875;-6.5625;-6.25;-5.9375;-5.625;-5.3125;-5;-4.6875;-4.375;-4.0625;-3.75;-3.4375;-3.125;-2.8125;-2.5;-2.1875;-1.875;-1.5625;-1.25;-0.9375;-0.625;-0.3125;0;0.3125;0.625;0.9375;1.25;1.5625;1.875;2.1875;2.5;2.8125;3.125;3.4375;3.75;4.0625;4.375;4.6875;5;5.3125;5.625;5.9375;6.25;6.5625;6.875;7.1875;7.5;7.8125;8.125;8.4375;8.75;9.0625;9.375;9.6875;10","0;0;0;0;0;0;0;0;0;0;0;0;0;0;0;0;0;0;0;0;0;0;0;0;0;0;0;0;0;0;0;50886;27865;6422;1899;581;81;9;1;0;0;0;0;0;0;0;0;0;0;0;0;0;0;0;0;0;0;0;0;0;0;0;0;0",87744
45,1,"LeakyReLULayer( 0.050000 )",pre_activation,"-10;-9.6875;-9.375;-9.0625;-8.75;-8.4375;-8.125;-7.8125;-7.5;-7.1875;-6.875;-6.5625;-6.25;-5.9375;-5.625;-5.3125;-5;-4.6875;-4.375;-4.0625;-3.75;-3.4375;-3.125;-2.8125;-2.5;-2.1875;-1.875;-1.5625;-1.25;-0.9375;-0.625;-0.3125;0;0.3125;0.625;0.9375;1.25;1.5625;1.875;2.1875;2.5;2.8125;3.125;3.4375;3.75;4.0625;4.375;4.6875;5;5.3125;5.625;5.9375;6.25;6.5625;6.875;7.1875;7.5;7.8125;8.125;8.4375;8.75;9.0625;9.375;9.6875;10","0;0;0;0;0;0;0;0;0;0;0;0;0;0;0;0;0;0;0;0;19;352;1510;4113;8687;18023;46026;106812;289413;721854;1364192;2374457;2286178;1414432;810933;256265;113299;47330;7305;0;0;0;0;0;0;0;0;0;0;0;0;0;0;0;0;0;0;0;0;0;0;0;0;0",9871200
45,1,"LeakyReLULayer( 0.050000 )",post_activation,"-10;-9.6875;-9.375;-9.0625;-8.75;-8.4375;-8.125;-7.8125;-7.5;-7.1875;-6.875;-6.5625;-6.25;-5.9375;-5.625;-5.3125;-5;-4.6875;-4.375;-4.0625;-3.75;-3.4375;-3.125;-2.8125;-2.5;-2.1875;-1.875;-1.5625;-1.25;-0.9375;-0.625;-0.3125;0;0.3125;0.625;0.9375;1.25;1.5625;1.875;2.1875;2.5;2.8125;3.125;3.4375;3.75;4.0625;4.375;4.6875;5;5.3125;5.625;5.9375;6.25;6.5625;6.875;7.1875;7.5;7.8125;8.125;8.4375;8.75;9.0625;9.375;9.6875;10","0;0;0;0;0;0;0;0;0;0;0;0;0;0;0;0;0;0;0;0;0;0;0;0;0;0;0;0;0;0;0;4935458;2286178;1414432;810933;256265;113299;47330;7305;0;0;0;0;0;0;0;0;0;0;0;0;0;0;0;0;0;0;0;0;0;0;0;0;0",9871200
45,5,"LeakyReLULayer( 0.050000 )",pre_activation,"-10;-9.6875;-9.375;-9.0625;-8.75;-8.4375;-8.125;-7.8125;-7.5;-7.1875;-6.875;-6.5625;-6.25;-5.9375;-5.625;-5.3125;-5;-4.6875;-4.375;-4.0625;-3.75;-3.4375;-3.125;-2.8125;-2.5;-2.1875;-1.875;-1.5625;-1.25;-0.9375;-0.625;-0.3125;0;0.3125;0.625;0.9375;1.25;1.5625;1.875;2.1875;2.5;2.8125;3.125;3.4375;3.75;4.0625;4.375;4.6875;5;5.3125;5.625;5.9375;6.25;6.5625;6.875;7.1875;7.5;7.8125;8.125;8.4375;8.75;9.0625;9.375;9.6875;10","0;0;0;0;0;0;0;0;0;0;0;0;0;0;0;0;0;0;0;0;0;0;17;124;344;531;1841;3893;7150;13821;32965;54391;39111;17751;2883;637;29;0;0;0;0;0;0;0;0;0;0;0;0;0;0;0;0;0;0;0;0;0;0;0;0;0;0;0",175488
45,5,"LeakyReLULayer( 0.050000 )",post_activation,"-10;-9.6875;-9.375;-9.0625;-8.75;-8.4375;-8.125;-7.8125;-7.5;-7.1875;-6.875;-6.5625;-6.25;-5.9375;-5.625;-5.3125;-5;-4.6875;-4.375;-4.0625;-3.75;-3.4375;-3.125;-2.8125;-2.5;-2.1875;-1.875;-1.5625;-1.25;-0.9375;-0.625;-0.3125;0;0.3125;0.625;0.9375;1.25;1.5625;1.875;2.1875;2.5;2.8125;3.125;3.4375;3.75;4.0625;4.375;4.6875;5;5.3125;5.625;5.9375;6.25;6.5625;6.875;7.1875;7.5;7.8125;8.125;8.4375;8.75;9.0625;9.375;9.6875;10","0;0;0;0;0;0;0;0;0;0;0;0;0;0;0;0;0;0;0;0;0;0;0;0;0;0;0;0;0;0;0;115077;39111;17751;2883;637;29;0;0;0;0;0;0;0;0;0;0;0;0;0;0;0;0;0;0;0;0;0;0;0;0;0;0;0",175488
45,8,"LeakyReLULayer( 0.050000 )",pre_activation,"-10;-9.6875;-9.375;-9.0625;-8.75;-8.4375;-8.125;-7.8125;-7.5;-7.1875;-6.875;-6.5625;-6.25;-5.9375;-5.625;-5.3125;-5;-4.6875;-4.375;-4.0625;-3.75;-3.4375;-3.125;-2.8125;-2.5;-2.1875;-1.875;-1.5625;-1.25;-0.9375;-0.625;-0.3125;0;0.3125;0.625;0.9375;1.25;1.5625;1.875;2.1875;2.5;2.8125;3.125;3.4375;3.75;4.0625;4.375;4.6875;5;5.3125;5.625;5.9375;6.25;6.5625;6.875;7.1875;7.5;7.8125;8.125;8.4375;8.75;9.0625;9.375;9.6875;10","0;0;0;0;0;0;0;0;0;0;0;0;0;0;0;0;0;0;0;0;0;0;0;0;0;2;12;120;714;3178;10411;36134;28359;6415;1792;513;87;7;0;0;0;0;0;0;0;0;0;0;0;0;0;0;0;0;0;0;0;0;0;0;0;0;0;0",87744
45,8,"LeakyReLULayer( 0.050000 )",post_activation,"-10;-9.6875;-9.375;-9.0625;-8.75;-8.4375;-8.125;-7.8125;-7.5;-7.1875;-6.875;-6.5625;-6.25;-5.9375;-5.625;-5.3125;-5;-4.6875;-4.375;-4.0625;-3.75;-3.4375;-3.125;-2.8125;-2.5;-2.1875;-1.875;-1.5625;-1.25;-0.9375;-0.625;-0.3125;0;0.3125;0.625;0.9375;1.25;1.5625;1.875;2.1875;2.5;2.8125;3.125;3.4375;3.75;4.0625;4.375;4.6875;5;5.3125;5.625;5.9375;6.25;6.5625;6.875;7.1875;7.5;7.8125;8.125;8.4375;8.75;9.0625;9.375;9.6875;10","0;0;0;0;0;0;0;0;0;0;0;0;0;0;0;0;0;0;0;0;0;0;0;0;0;0;0;0;0;0;0;50571;28359;6415;1792;513;87;7;0;0;0;0;0;0;0;0;0;0;0;0;0;0;0;0;0;0;0;0;0;0;0;0;0;0",87744
46,1,"LeakyReLULayer( 0.050000 )",pre_activation,"-10;-9.6875;-9.375;-9.0625;-8.75;-8.4375;-8.125;-7.8125;-7.5;-7.1875;-6.875;-6.5625;-6.25;-5.9375;-5.625;-5.3125;-5;-4.6875;-4.375;-4.0625;-3.75;-3.4375;-3.125;-2.8125;-2.5;-2.1875;-1.875;-1.5625;-1.25;-0.9375;-0.625;-0.3125;0;0.3125;0.625;0.9375;1.25;1.5625;1.875;2.1875;2.5;2.8125;3.125;3.4375;3.75;4.0625;4.375;4.6875;5;5.3125;5.625;5.9375;6.25;6.5625;6.875;7.1875;7.5;7.8125;8.125;8.4375;8.75;9.0625;9.375;9.6875;10","0;0;0;0;0;0;0;0;0;0;0;0;0;0;0;0;0;0;0;0;19;352;1502;4111;8680;18004;46047;106813;289476;721733;1364137;2374549;2286186;1414462;810687;256531;113329;47282;7300;0;0;0;0;0;0;0;0;0;0;0;0;0;0;0;0;0;0;0;0;0;0;0;0;0",9871200
46,1,"LeakyReLULayer( 0.050000 )",post_activation,"-10;-9.6875;-9.375;-9.0625;-8.75;-8.4375;-8.125;-7.8125;-7.5;-7.1875;-6.875;-6.5625;-6.25;-5.9375;-5.625;-5.3125;-5;-4.6875;-4.375;-4.0625;-3.75;-3.4375;-3.125;-2.8125;-2.5;-2.1875;-1.875;-1.5625;-1.25;-0.9375;-0.625;-0.3125;0;0.3125;0.625;0.9375;1.25;1.5625;1.875;2.1875;2.5;2.8125;3.125;3.4375;3.75;4.0625;4.375;4.6875;5;5.3125;5.625;5.9375;6.25;6.5625;6.875;7.1875;7.5;7.8125;8.125;8.4375;8.75;9.0625;9.375;9.6875;10","0;0;0;0;0;0;0;0;0;0;0;0;0;0;0;0;0;0;0;0;0;0;0;0;0;0;0;0;0;0;0;4935423;2286186;1414462;810687;256531;113329;47282;7300;0;0;0;0;0;0;0;0;0;0;0;0;0;0;0;0;0;0;0;0;0;0;0;0;0",9871200
46,5,"LeakyReLULayer( 0.050000 )",pre_activation,"-10;-9.6875;-9.375;-9.0625;-8.75;-8.4375;-8.125;-7.8125;-7.5;-7.1875;-6.875;-6.5625;-6.25;-5.9375;-5.625;-5.3125;-5;-4.6875;-4.375;-4.0625;-3.75;-3.4375;-3.125;-2.8125;-2.5;-2.1875;-1.875;-1.5625;-1.25;-0.9375;-0.625;-0.3125;0;0.3125;0.625;0.9375;1.25;1.5625;1.875;2.1875;2.5;2.8125;3.125;3.4375;3.75;4.0625;4.375;4.6875;5;5.3125;5.625;5.9375;6.25;6.5625;6.875;7.1875;7.5;7.8125;8.125;8.4375;8.75;9.0625;9.375;9.6875;10","0;0;0;0;0;0;0;0;0;0;0;0;0;0;0;0;0;0;0;0;0;0;9;123;325;554;1866;3893;7212;13831;33683;53960;38767;17587;2979;636;63;0;0;0;0;0;0;0;0;0;0;0;0;0;0;0;0;0;0;0;0;0;0;0;0;0;0;0",175488
46,5,"LeakyReLULayer( 0.050000 )",post_activation,"-10;-9.6875;-9.375;-9.0625;-8.75;-8.4375;-8.125;-7.8125;-7.5;-7.1875;-6.875;-6.5625;-6.25;-5.9375;-5.625;-5.3125;-5;-4.6875;-4.375;-4.0625;-3.75;-3.4375;-3.125;-2.8125;-2.5;-2.1875;-1.875;-1.5625;-1.25;-0.9375;-0.625;-0.3125;0;0.3125;0.625;0.9375;1.25;1.5625;1.875;2.1875;2.5;2.8125;3.125;3.4375;3.75;4.0625;4.375;4.6875;5;5.3125;5.625;5.9375;6.25;6.5625;6.875;7.1875;7.5;7.8125;8.125;8.4375;8.75;9.0625;9.375;9.6875;10","0;0;0;0;0;0;0;0;0;0;0;0;0;0;0;0;0;0;0;0;0;0;0;0;0;0;0;0;0;0;0;115456;38767;17587;2979;636;63;0;0;0;0;0;0;0;0;0;0;0;0;0;0;0;0;0;0;0;0;0;0;0;0;0;0;0",175488
46,8,"LeakyReLULayer( 0.050000 )",pre_activation,"-10;-9.6875;-9.375;-9.0625;-8.75;-8.4375;-8.125;-7.8125;-7.5;-7.1875;-6.875;-6.5625;-6.25;-5.9375;-5.625;-5.3125;-5;-4.6875;-4.375;-4.0625;-3.75;-3.4375;-3.125;-2.8125;-2.5;-2.1875;-1.875;-1.5625;-1.25;-0.9375;-0.625;-0.3125;0;0.3125;0.625;0.9375;1.25;1.5625;1.875;2.1875;2.5;2.8125;3.125;3.4375;3.75;4.0625;4.375;4.6875;5;5.3125;5.625;5.9375;6.25;6.5625;6.875;7.1875;7.5;7.8125;8.125;8.4375;8.75;9.0625;9.375;9.6875;10","0;0;0;0;0;0;0;0;0;0;0;0;0;0;0;0;0;0;0;0;0;0;0;0;0;5;16;141;697;3074;10507;35826;28753;6319;1805;498;93;9;1;0;0;0;0;0;0;0;0;0;0;0;0;0;0;0;0;0;0;0;0;0;0;0;0;0",87744
46,8,"LeakyReLULayer( 0.050000 )",post_activation,"-10;-9.6875;-9.375;-9.0625;-8.75;-8.4375;-8.125;-7.8125;-7.5;-7.1875;-6.875;-6.5625;-6.25;-5.9375;-5.625;-5.3125;-5;-4.6875;-4.375;-4.0625;-3.75;-3.4375;-3.125;-2.8125;-2.5;-2.1875;-1.875;-1.5625;-1.25;-0.9375;-0.625;-0.3125;0;0.3125;0.625;0.9375;1.25;1.5625;1.875;2.1875;2.5;2.8125;3.125;3.4375;3.75;4.0625;4.375;4.6875;5;5.3125;5.625;5.9375;6.25;6.5625;6.875;7.1875;7.5;7.8125;8.125;8.4375;8.75;9.0625;9.375;9.6875;10","0;0;0;0;0;0;0;0;0;0;0;0;0;0;0;0;0;0;0;0;0;0;0;0;0;0;0;0;0;0;0;50266;28753;6319;1805;498;93;9;1;0;0;0;0;0;0;0;0;0;0;0;0;0;0;0;0;0;0;0;0;0;0;0;0;0",87744
47,1,"LeakyReLULayer( 0.050000 )",pre_activation,"-10;-9.6875;-9.375;-9.0625;-8.75;-8.4375;-8.125;-7.8125;-7.5;-7.1875;-6.875;-6.5625;-6.25;-5.9375;-5.625;-5.3125;-5;-4.6875;-4.375;-4.0625;-3.75;-3.4375;-3.125;-2.8125;-2.5;-2.1875;-1.875;-1.5625;-1.25;-0.9375;-0.625;-0.3125;0;0.3125;0.625;0.9375;1.25;1.5625;1.875;2.1875;2.5;2.8125;3.125;3.4375;3.75;4.0625;4.375;4.6875;5;5.3125;5.625;5.9375;6.25;6.5625;6.875;7.1875;7.5;7.8125;8.125;8.4375;8.75;9.0625;9.375;9.6875;10","0;0;0;0;0;0;0;0;0;0;0;0;0;0;0;0;0;0;0;0;19;352;1497;4109;8666;17993;46018;106906;289856;722122;1364941;2372848;2284634;1415058;811381;256900;113372;47244;7284;0;0;0;0;0;0;0;0;0;0;0;0;0;0;0;0;0;0;0;0;0;0;0;0;0",9871200
47,1,"LeakyReLULayer( 0.050000 )",post_activation,"-10;-9.6875;-9.375;-9.0625;-8.75;-8.4375;-8.125;-7.8125;-7.5;-7.1875;-6.875;-6.5625;-6.25;-5.9375;-5.625;-5.3125;-5;-4.6875;-4.375;-4.0625;-3.75;-3.4375;-3.125;-2.8125;-2.5;-2.1875;-1.875;-1.5625;-1.25;-0.9375;-0.625;-0.3125;0;0.3125;0.625;0.9375;1.25;1.5625;1.875;2.1875;2.5;2.8125;3.125;3.4375;3.75;4.0625;4.375;4.6875;5;5.3125;5.625;5.9375;6.25;6.5625;6.875;7.1875;7.5;7.8125;8.125;8.4375;8.75;9.0625;9.375;9.6875;10","0;0;0;0;0;0;0;0;0;0;0;0;0;0;0;0;0;0;0;0;0;0;0;0;0;0;0;0;0;0;0;4935327;2284634;1415058;811381;256900;113372;47244;7284;0;0;0;0;0;0;0;0;0;0;0;0;0;0;0;0;0;0;0;0;0;0;0;0;0",9871200
47,5,"LeakyReLULayer( 0.050000 )",pre_activation,"-10;-9.6875;-9.375;-9.0625;-8.75;-8.4375;-8.125;-7.8125;-7.5;-7.1875;-6.875;-6.5625;-6.25;-5.9375;-5.625;-5.3125;-5;-4.6875;-4.375;-4.0625;-3.75;-3.4375;-3.125;-2.8125;-2.5;-2.1875;-1.875;-1.5625;-1.25;-0.9375;-0.625;-0.3125;0;0.3125;0.625;0.9375;1.25;1.5625;1.875;2.1875;2.5;2.8125;3.125;3.4375;3.75;4.0625;4.375;4.6875;5;5.3125;5.625;5.9375;6.25;6.5625;6.875;7.1875;7.5;7.8125;8.125;8.4375;8.75;9.0625;9.375;9.6875;10","0;0;0;0;0;0;0;0;0;0;0;0;0;0;0;0;0;0;0;0;0;0;4;116;322;622;1934;3932;7289;14149;33793;53244;38660;17594;3068;681;80;0;0;0;0;0;0;0;0;0;0;0;0;0;0;0;0;0;0;0;0;0;0;0;0;0;0;0",175488
47,5,"LeakyReLULayer( 0.050000 )",post_activation,"-10;-9.6875;-9.375;-9.0625;-8.75;-8.4375;-8.125;-7.8125;-7.5;-7.1875;-6.875;-6.5625;-6.25;-5.9375;-5.625;-5.3125;-5;-4.6875;-4.375;-4.0625;-3.75;-3.4375;-3.125;-2.8125;-2.5;-2.1875;-1.875;-1.5625;-1.25;-0.9375;-0.625;-0.3125;0;0.3125;0.625;0.9375;1.25;1.5625;1.875;2.1875;2.5;2.8125;3.125;3.4375;3.75;4.0625;4.375;4.6875;5;5.3125;5.625;5.9375;6.25;6.5625;6.875;7.1875;7.5;7.8125;8.125;8.4375;8.75;9.0625;9.375;9.6875;10","0;0;0;0;0;0;0;0;0;0;0;0;0;0;0;0;0;0;0;0;0;0;0;0;0;0;0;0;0;0;0;115405;38660;17594;3068;681;80;0;0;0;0;0;0;0;0;0;0;0;0;0;0;0;0;0;0;0;0;0;0;0;0;0;0;0",175488
47,8,"LeakyReLULayer( 0.050000 )",pre_activation,"-10;-9.6875;-9.375;-9.0625;-8.75;-8.4375;-8.125;-7.8125;-7.5;-7.1875;-6.875;-6.5625;-6.25;-5.9375;-5.625;-5.3125;-5;-4.6875;-4.375;-4.0625;-3.75;-3.4375;-3.125;-2.8125;-2.5;-2.1875;-1.875;-1.5625;-1.25;-0.9375;-0.625;-0.3125;0;0.3125;0.625;0.9375;1.25;1.5625;1.875;2.1875;2.5;2.8125;3.125;3.4375;3.75;4.0625;4.375;4.6875;5;5.3125;5.625;5.9375;6.25;6.5625;6.875;7.1875;7.5;7.8125;8.125;8.4375;8.75;9.0625;9.375;9.6875;10","0;0;0;0;0;0;0;0;0;0;0;0;0;0;0;0;0;0;0;0;0;0;0;0;0;1;21;141;761;3186;10153;36019;28545;6466;1813;536;90;11;1;0;0;0;0;0;0;0;0;0;0;0;0;0;0;0;0;0;0;0;0;0;0;0;0;0",87744
47,8,"LeakyReLULayer( 0.050000 )",post_activation,"-10;-9.6875;-9.375;-9.0625;-8.75;-8.4375;-8.125;-7.8125;-7.5;-7.1875;-6.875;-6.5625;-6.25;-5.9375;-5.625;-5.3125;-5;-4.6875;-4.375;-4.0625;-3.75;-3.4375;-3.125;-2.8125;-2.5;-2.1875;-1.875;-1.5625;-1.25;-0.9375;-0.625;-0.3125;0;0.3125;0.625;0.9375;1.25;1.5625;1.875;2.1875;2.5;2.8125;3.125;3.4375;3.75;4.0625;4.375;4.6875;5;5.3125;5.625;5.9375;6.25;6.5625;6.875;7.1875;7.5;7.8125;8.125;8.4375;8.75;9.0625;9.375;9.6875;10","0;0;0;0;0;0;0;0;0;0;0;0;0;0;0;0;0;0;0;0;0;0;0;0;0;0;0;0;0;0;0;50282;28545;6466;1813;536;90;11;1;0;0;0;0;0;0;0;0;0;0;0;0;0;0;0;0;0;0;0;0;0;0;0;0;0",87744
48,1,"LeakyReLULayer( 0.050000 )",pre_activation,"-10;-9.6875;-9.375;-9.0625;-8.75;-8.4375;-8.125;-7.8125;-7.5;-7.1875;-6.875;-6.5625;-6.25;-5.9375;-5.625;-5.3125;-5;-4.6875;-4.375;-4.0625;-3.75;-3.4375;-3.125;-2.8125;-2.5;-2.1875;-1.875;-1.5625;-1.25;-0.9375;-0.625;-0.3125;0;0.3125;0.625;0.9375;1.25;1.5625;1.875;2.1875;2.5;2.8125;3.125;3.4375;3.75;4.0625;4.375;4.6875;5;5.3125;5.625;5.9375;6.25;6.5625;6.875;7.1875;7.5;7.8125;8.125;8.4375;8.75;9.0625;9.375;9.6875;10","0;0;0;0;0;0;0;0;0;0;0;0;0;0;0;0;0;0;0;0;19;352;1497;4109;8661;17999;46015;106889;289692;722109;1365379;2372561;2284454;1415342;811403;256838;113396;47216;7269;0;0;0;0;0;0;0;0;0;0;0;0;0;0;0;0;0;0;0;0;0;0;0;0;0",9871200
48,1,"LeakyReLULayer( 0.050000 )",post_activation,"-10;-9.6875;-9.375;-9.0625;-8.75;-8.4375;-8.125;-7.8125;-7.5;-7.1875;-6.875;-6.5625;-6.25;-5.9375;-5.625;-5.3125;-5;-4.6875;-4.375;-4.0625;-3.75;-3.4375;-3.125;-2.8125;-2.5;-2.1875;-1.875;-1.5625;-1.25;-0.9375;-0.625;-0.3125;0;0.3125;0.625;0.9375;1.25;1.5625;1.875;2.1875;2.5;2.8125;3.125;3.4375;3.75;4.0625;4.375;4.6875;5;5.3125;5.625;5.9375;6.25;6.5625;6.875;7.1875;7.5;7.8125;8.125;8.4375;8.75;9.0625;9.375;9.6875;10","0;0;0;0;0;0;0;0;0;0;0;0;0;0;0;0;0;0;0;0;0;0;0;0;0;0;0;0;0;0;0;4935282;2284454;1415342;811403;256838;113396;47216;7269;0;0;0;0;0;0;0;0;0;0;0;0;0;0;0;0;0;0;0;0;0;0;0;0;0",9871200
48,5,"LeakyReLULayer( 0.050000 )",pre_activation,"-10;-9.6875;-9.375;-9.0625;-8.75;-8.4375;-8.125;-7.8125;-7.5;-7.1875;-6.875;-6.5625;-6.25;-5.9375;-5.625;-5.3125;-5;-4.6875;-4.375;-4.0625;-3.75;-3.4375;-3.125;-2.8125;-2.5;-2.1875;-1.875;-1.5625;-1.25;-0.9375;-0.625;-0.3125;0;0.3125;0.625;0.9375;1.25;1.5625;1.875;2.1875;2.5;2.8125;3.125;3.4375;3.75;4.0625;4.375;4.6875;5;5.3125;5.625;5.9375;6.25;6.5625;6.875;7.1875;7.5;7.8125;8.125;8.4375;8.75;9.0625;9.375;9.6875;10","0;0;0;0;0;0;0;0;0;0;0;0;0;0;0;0;0;0;0;0;0;0;13;113;329;719;1957;3805;7363;14294;33326;52846;39333;17655;3007;664;64;0;0;0;0;0;0;0;0;0;0;0;0;0;0;0;0;0;0;0;0;0;0;0;0;0;0;0",175488
48,5,"LeakyReLULayer( 0.050000 )",post_activation,"-10;-9.6875;-9.375;-9.0625;-8.75;-8.4375;-8.125;-7.8125;-7.5;-7.1875;-6.875;-6.5625;-6.25;-5.9375;-5.625;-5.3125;-5;-4.6875;-4.375;-4.0625;-3.75;-3.4375;-3.125;-2.8125;-2.5;-2.1875;-1.875;-1.5625;-1.25;-0.9375;-0.625;-0.3125;0;0.3125;0.625;0.9375;1.25;1.5625;1.875;2.1875;2.5;2.8125;3.125;3.4375;3.75;4.0625;4.375;4.6875;5;5.3125;5.625;5.9375;6.25;6.5625;6.875;7.1875;7.5;7.8125;8.125;8.4375;8.75;9.0625;9.375;9.6875;10","0;0;0;0;0;0;0;0;0;0;0;0;0;0;0;0;0;0;0;0;0;0;0;0;0;0;0;0;0;0;0;114765;39333;17655;3007;664;64;0;0;0;0;0;0;0;0;0;0;0;0;0;0;0;0;0;0;0;0;0;0;0;0;0;0;0",175488
48,8,"LeakyReLULayer( 0.050000 )",pre_activation,"-10;-9.6875;-9.375;-9.0625;-8.75;-8.4375;-8.125;-7.8125;-7.5;-7.1875;-6.875;-6.5625;-6.25;-5.9375;-5.625;-5.3125;-5;-4.6875;-4.375;-4.0625;-3.75;-3.4375;-3.125;-2.8125;-2.5;-2.1875;-1.875;-1.5625;-1.25;-0.9375;-0.625;-0.3125;0;0.3125;0.625;0.9375;1.25;1.5625;1.875;2.1875;2.5;2.8125;3.125;3.4375;3.75;4.0625;4.375;4.6875;5;5.3125;5.625;5.9375;6.25;6.5625;6.875;7.1875;7.5;7.8125;8.125;8.4375;8.75;9.0625;9.375;9.6875;10","0;0;0;0;0;0;0;0;0;0;0;0;0;0;0;0;0;0;0;0;0;0;0;0;0;4;19;132;716;3081;10142;36151;28636;6545;1786;454;70;7;1;0;0;0;0;0;0;0;0;0;0;0;0;0;0;0;0;0;0;0;0;0;0;0;0;0",87744
48,8,"LeakyReLULayer( 0.050000 )",post_activation,"-10;-9.6875;-9.375;-9.0625;-8.75;-8.4375;-8.125;-7.8125;-7.5;-7.1875;-6.875;-6.5625;-6.25;-5.9375;-5.625;-5.3125;-5;-4.6875;-4.375;-4.0625;-3.75;-3.4375;-3.125;-2.8125;-2.5;-2.1875;-1.875;-1.5625;-1.25;-0.9375;-0.625;-0.3125;0;0.3125;0.625;0.9375;1.25;1.5625;1.875;2.1875;2.5;2.8125;3.125;3.4375;3.75;4.0625;4.375;4.6875;5;5.3125;5.625;5.9375;6.25;6.5625;6.875;7.1875;7.5;7.8125;8.125;8.4375;8.75;9.0625;9.375;9.6875;10","0;0;0;0;0;0;0;0;0;0;0;0;0;0;0;0;0;0;0;0;0;0;0;0;0;0;0;0;0;0;0;50245;28636;6545;1786;454;70;7;1;0;0;0;0;0;0;0;0;0;0;0;0;0;0;0;0;0;0;0;0;0;0;0;0;0",87744
49,1,"LeakyReLULayer( 0.050000 )",pre_activation,"-10;-9.6875;-9.375;-9.0625;-8.75;-8.4375;-8.125;-7.8125;-7.5;-7.1875;-6.875;-6.5625;-6.25;-5.9375;-5.625;-5.3125;-5;-4.6875;-4.375;-4.0625;-3.75;-3.4375;-3.125;-2.8125;-2.5;-2.1875;-1.875;-1.5625;-1.25;-0.9375;-0.625;-0.3125;0;0.3125;0.625;0.9375;1.25;1.5625;1.875;2.1875;2.5;2.8125;3.125;3.4375;3.75;4.0625;4.375;4.6875;5;5.3125;5.625;5.9375;6.25;6.5625;6.875;7.1875;7.5;7.8125;8.125;8.4375;8.75;9.0625;9.375;9.6875;10","0;0;0;0;0;0;0;0;0;0;0;0;0;0;0;0;0;0;0;0;19;352;1497;4107;8662;18008;46028;106816;289385;721660;1365525;2373250;2285054;1415742;810554;256717;113391;47168;7265;0;0;0;0;0;0;0;0;0;0;0;0;0;0;0;0;0;0;0;0;0;0;0;0;0",9871200
49,1,"LeakyReLULayer( 0.050000 )",post_activation,"-10;-9.6875;-9.375;-9.0625;-8.75;-8.4375;-8.125;-7.8125;-7.5;-7.1875;-6.875;-6.5625;-6.25;-5.9375;-5.625;-5.3125;-5;-4.6875;-4.375;-4.0625;-3.75;-3.4375;-3.125;-2.8125;-2.5;-2.1875;-1.875;-1.5625;-1.25;-0.9375;-0.625;-0.3125;0;0.3125;0.625;0.9375;1.25;1.5625;1.875;2.1875;2.5;2.8125;3.125;3.4375;3.75;4.0625;4.375;4.6875;5;5.3125;5.625;5.9375;6.25;6.5625;6.875;7.1875;7.5;7.8125;8.125;8.4375;8.75;9.0625;9.375;9.6875;10","0;0;0;0;0;0;0;0;0;0;0;0;0;0;0;0;0;0;0;0;0;0;0;0;0;0;0;0;0;0;0;4935309;2285054;1415742;810554;256717;113391;47168;7265;0;0;0;0;0;0;0;0;0;0;0;0;0;0;0;0;0;0;0;0;0;0;0;0;0",9871200
49,5,"LeakyReLULayer( 0.050000 )",pre_activation,"-10;-9.6875;-9.375;-9.0625;-8.75;-8.4375;-8.125;-7.8125;-7.5;-7.1875;-6.875;-6.5625;-6.25;-5.9375;-5.625;-5.3125;-5;-4.6875;-4.375;-4.0625;-3.75;-3.4375;-3.125;-2.8125;-2.5;-2.1875;-1.875;-1.5625;-1.25;-0.9375;-0.625;-0.3125;0;0.3125;0.625;0.9375;1.25;1.5625;1.875;2.1875;2.5;2.8125;3.125;3.4375;3.75;4.0625;4.375;4.6875;5;5.3125;5.625;5.9375;6.25;6.5625;6.875;7.1875;7.5;7.8125;8.125;8.4375;8.75;9.0625;9.375;9.6875;10","0;0;0;0;0;0;0;0;0;0;0;0;0;0;0;0;0;0;0;0;0;0;25;109;349;759;2052;3771;7177;14297;33011;53374;39385;17491;2975;655;58;0;0;0;0;0;0;0;0;0;0;0;0;0;0;0;0;0;0;0;0;0;0;0;0;0;0;0",175488
49,5,"LeakyReLULayer( 0.050000 )",post_activation,"-10;-9.6875;-9.375;-9.0625;-8.75;-8.4375;-8.125;-7.8125;-7.5;-7.1875;-6.875;-6.5625;-6.25;-5.9375;-5.625;-5.3125;-5;-4.6875;-4.375;-4.0625;-3.75;-3.4375;-3.125;-2.8125;-2.5;-2.1875;-1.875;-1.5625;-1.25;-0.9375;-0.625;-0.3125;0;0.3125;0.625;0.9375;1.25;1.5625;1.875;2.1875;2.5;2.8125;3.125;3.4375;3.75;4.0625;4.375;4.6875;5;5.3125;5.625;5.9375;6.25;6.5625;6.875;7.1875;7.5;7.8125;8.125;8.4375;8.75;9.0625;9.375;9.6875;10","0;0;0;0;0;0;0;0;0;0;0;0;0;0;0;0;0;0;0;0;0;0;0;0;0;0;0;0;0;0;0;114924;39385;17491;2975;655;58;0;0;0;0;0;0;0;0;0;0;0;0;0;0;0;0;0;0;0;0;0;0;0;0;0;0;0",175488
49,8,"LeakyReLULayer( 0.050000 )",pre_activation,"-10;-9.6875;-9.375;-9.0625;-8.75;-8.4375;-8.125;-7.8125;-7.5;-7.1875;-6.875;-6.5625;-6.25;-5.9375;-5.625;-5.3125;-5;-4.6875;-4.375;-4.0625;-3.75;-3.4375;-3.125;-2.8125;-2.5;-2.1875;-1.875;-1.5625;-1.25;-0.9375;-0.625;-0.3125;0;0.3125;0.625;0.9375;1.25;1.5625;1.875;2.1875;2.5;2.8125;3.125;3.4375;3.75;4.0625;4.375;4.6875;5;5.3125;5.625;5.9375;6.25;6.5625;6.875;7.1875;7.5;7.8125;8.125;8.4375;8.75;9.0625;9.375;9.6875;10","0;0;0;0;0;0;0;0;0;0;0;0;0;0;0;0;0;0;0;0;0;0;0;0;0;1;8;118;739;3146;10212;35479;29139;6616;1732;471;74;9;0;0;0;0;0;0;0;0;0;0;0;0;0;0;0;0;0;0;0;0;0;0;0;0;0;0",87744
49,8,"LeakyReLULayer( 0.050000 )",post_activation,"-10;-9.6875;-9.375;-9.0625;-8.75;-8.4375;-8.125;-7.8125;-7.5;-7.1875;-6.875;-6.5625;-6.25;-5.9375;-5.625;-5.3125;-5;-4.6875;-4.375;-4.0625;-3.75;-3.4375;-3.125;-2.8125;-2.5;-2.1875;-1.875;-1.5625;-1.25;-0.9375;-0.625;-0.3125;0;0.3125;0.625;0.9375;1.25;1.5625;1.875;2.1875;2.5;2.8125;3.125;3.4375;3.75;4.0625;4.375;4.6875;5;5.3125;5.625;5.9375;6.25;6.5625;6.875;7.1875;7.5;7.8125;8.125;8.4375;8.75;9.0625;9.375;9.6875;10","0;0;0;0;0;0;0;0;0;0;0;0;0;0;0;0;0;0;0;0;0;0;0;0;0;0;0;0;0;0;0;49703;29139;6616;1732;471;74;9;0;0;0;0;0;0;0;0;0;0;0;0;0;0;0;0;0;0;0;0;0;0;0;0;0;0",87744
50,1,"LeakyReLULayer( 0.050000 )",pre_activation,"-10;-9.6875;-9.375;-9.0625;-8.75;-8.4375;-8.125;-7.8125;-7.5;-7.1875;-6.875;-6.5625;-6.25;-5.9375;-5.625;-5.3125;-5;-4.6875;-4.375;-4.0625;-3.75;-3.4375;-3.125;-2.8125;-2.5;-2.1875;-1.875;-1.5625;-1.25;-0.9375;-0.625;-0.3125;0;0.3125;0.625;0.9375;1.25;1.5625;1.875;2.1875;2.5;2.8125;3.125;3.4375;3.75;4.0625;4.375;4.6875;5;5.3125;5.625;5.9375;6.25;6.5625;6.875;7.1875;7.5;7.8125;8.125;8.4375;8.75;9.0625;9.375;9.6875;10","0;0;0;0;0;0;0;0;0;0;0;0;0;0;0;0;0;0;0;0;19;352;1496;4111;8669;18012;46048;106880;289652;721812;1366208;2371941;2283717;1416488;810821;257071;113467;47169;7267;0;0;0;0;0;0;0;0;0;0;0;0;0;0;0;0;0;0;0;0;0;0;0;0;0",9871200
50,1,"LeakyReLULayer( 0.050000 )",post_activation,"-10;-9.6875;-9.375;-9.0625;-8.75;-8.4375;-8.125;-7.8125;-7.5;-7.1875;-6.875;-6.5625;-6.25;-5.9375;-5.625;-5.3125;-5;-4.6875;-4.375;-4.0625;-3.75;-3.4375;-3.125;-2.8125;-2.5;-2.1875;-1.875;-1.5625;-1.25;-0.9375;-0.625;-0.3125;0;0.3125;0.625;0.9375;1.25;1.5625;1.875;2.1875;2.5;2.8125;3.125;3.4375;3.75;4.0625;4.375;4.6875;5;5.3125;5.625;5.9375;6.25;6.5625;6.875;7.1875;7.5;7.8125;8.125;8.4375;8.75;9.0625;9.375;9.6875;10","0;0;0;0;0;0;0;0;0;0;0;0;0;0;0;0;0;0;0;0;0;0;0;0;0;0;0;0;0;0;0;4935200;2283717;1416488;810821;257071;113467;47169;7267;0;0;0;0;0;0;0;0;0;0;0;0;0;0;0;0;0;0;0;0;0;0;0;0;0",9871200
50,5,"LeakyReLULayer( 0.050000 )",pre_activation,"-10;-9.6875;-9.375;-9.0625;-8.75;-8.4375;-8.125;-7.8125;-7.5;-7.1875;-6.875;-6.5625;-6.25;-5.9375;-5.625;-5.3125;-5;-4.6875;-4.375;-4.0625;-3.75;-3.4375;-3.125;-2.8125;-2.5;-2.1875;-1.875;-1.5625;-1.25;-0.9375;-0.625;-0.3125;0;0.3125;0.625;0.9375;1.25;1.5625;1.875;2.1875;2.5;2.8125;3.125;3.4375;3.75;4.0625;4.375;4.6875;5;5.3125;5.625;5.9375;6.25;6.5625;6.875;7.1875;7.5;7.8125;8.125;8.4375;8.75;9.0625;9.375;9.6875;10","0;0;0;0;0;0;0;0;0;0;0;0;0;0;0;0;0;0;0;0;0;0;27;102;357;797;2106;3854;7107;14448;32919;53067;39537;17112;3285;690;80;0;0;0;0;0;0;0;0;0;0;0;0;0;0;0;0;0;0;0;0;0;0;0;0;0;0;0",175488
50,5,"LeakyReLULayer( 0.050000 )",post_activation,"-10;-9.6875;-9.375;-9.0625;-8.75;-8.4375;-8.125;-7.8125;-7.5;-7.1875;-6.875;-6.5625;-6.25;-5.9375;-5.625;-5.3125;-5;-4.6875;-4.375;-4.0625;-3.75;-3.4375;-3.125;-2.8125;-2.5;-2.1875;-1.875;-1.5625;-1.25;-0.9375;-0.625;-0.3125;0;0.3125;0.625;0.9375;1.25;1.5625;1.875;2.1875;2.5;2.8125;3.125;3.4375;3.75;4.0625;4.375;4.6875;5;5.3125;5.625;5.9375;6.25;6.5625;6.875;7.1875;7.5;7.8125;8.125;8.4375;8.75;9.0625;9.375;9.6875;10","0;0;0;0;0;0;0;0;0;0;0;0;0;0;0;0;0;0;0;0;0;0;0;0;0;0;0;0;0;0;0;114784;39537;17112;3285;690;80;0;0;0;0;0;0;0;0;0;0;0;0;0;0;0;0;0;0;0;0;0;0;0;0;0;0;0",175488
50,8,"LeakyReLULayer( 0.050000 )",pre_activation,"-10;-9.6875;-9.375;-9.0625;-8.75;-8.4375;-8.125;-7.8125;-7.5;-7.1875;-6.875;-6.5625;-6.25;-5.9375;-5.625;-5.3125;-5;-4.6875;-4.375;-4.0625;-3.75;-3.4375;-3.125;-2.8125;-2.5;-2.1875;-1.875;-1.5625;-1.25;-0.9375;-0.625;-0.3125;0;0.3125;0.625;0.9375;1.25;1.5625;1.875;2.1875;2.5;2.8125;3.125;3.4375;3.75;4.0625;4.375;4.6875;5;5.3125;5.625;5.9375;6.25;6.5625;6.875;7.1875;7.5;7.8125;8.125;8.4375;8.75;9.0625;9.375;9.6875;10","0;0;0;0;0;0;0;0;0;0;0;0;0;0;0;0;0;0;0;0;0;0;0;0;0;0;18;138;773;3212;10291;34850;29489;6512;1819;550;86;6;0;0;0;0;0;0;0;0;0;0;0;0;0;0;0;0;0;0;0;0;0;0;0;0;0;0",87744
50,8,"LeakyReLULayer( 0.050000 )",post_activation,"-10;-9.6875;-9.375;-9.0625;-8.75;-8.4375;-8.125;-7.8125;-7.5;-7.1875;-6.875;-6.5625;-6.25;-5.9375;-5.625;-5.3125;-5;-4.6875;-4.375;-4.0625;-3.75;-3.4375;-3.125;-2.8125;-2.5;-2.1875;-1.875;-1.5625;-1.25;-0.9375;-0.625;-0.3125;0;0.3125;0.625;0.9375;1.25;1.5625;1.875;2.1875;2.5;2.8125;3.125;3.4375;3.75;4.0625;4.375;4.6875;5;5.3125;5.625;5.9375;6.25;6.5625;6.875;7.1875;7.5;7.8125;8.125;8.4375;8.75;9.0625;9.375;9.6875;10","0;0;0;0;0;0;0;0;0;0;0;0;0;0;0;0;0;0;0;0;0;0;0;0;0;0;0;0;0;0;0;49282;29489;6512;1819;550;86;6;0;0;0;0;0;0;0;0;0;0;0;0;0;0;0;0;0;0;0;0;0;0;0;0;0;0",87744
51,1,"LeakyReLULayer( 0.050000 )",pre_activation,"-10;-9.6875;-9.375;-9.0625;-8.75;-8.4375;-8.125;-7.8125;-7.5;-7.1875;-6.875;-6.5625;-6.25;-5.9375;-5.625;-5.3125;-5;-4.6875;-4.375;-4.0625;-3.75;-3.4375;-3.125;-2.8125;-2.5;-2.1875;-1.875;-1.5625;-1.25;-0.9375;-0.625;-0.3125;0;0.3125;0.625;0.9375;1.25;1.5625;1.875;2.1875;2.5;2.8125;3.125;3.4375;3.75;4.0625;4.375;4.6875;5;5.3125;5.625;5.9375;6.25;6.5625;6.875;7.1875;7.5;7.8125;8.125;8.4375;8.75;9.0625;9.375;9.6875;10","0;0;0;0;0;0;0;0;0;0;0;0;0;0;0;0;0;0;0;0;19;352;1497;4108;8661;18032;46065;106920;289890;721975;1366455;2371101;2282723;1417144;811035;257257;113531;47168;7267;0;0;0;0;0;0;0;0;0;0;0;0;0;0;0;0;0;0;0;0;0;0;0;0;0",9871200
51,1,"LeakyReLULayer( 0.050000 )",post_activation,"-10;-9.6875;-9.375;-9.0625;-8.75;-8.4375;-8.125;-7.8125;-7.5;-7.1875;-6.875;-6.5625;-6.25;-5.9375;-5.625;-5.3125;-5;-4.6875;-4.375;-4.0625;-3.75;-3.4375;-3.125;-2.8125;-2.5;-2.1875;-1.875;-1.5625;-1.25;-0.9375;-0.625;-0.3125;0;0.3125;0.625;0.9375;1.25;1.5625;1.875;2.1875;2.5;2.8125;3.125;3.4375;3.75;4.0625;4.375;4.6875;5;5.3125;5.625;5.9375;6.25;6.5625;6.875;7.1875;7.5;7.8125;8.125;8.4375;8.75;9.0625;9.375;9.6875;10","0;0;0;0;0;0;0;0;0;0;0;0;0;0;0;0;0;0;0;0;0;0;0;0;0;0;0;0;0;0;0;4935075;2282723;1417144;811035;257257;113531;47168;7267;0;0;0;0;0;0;0;0;0;0;0;0;0;0;0;0;0;0;0;0;0;0;0;0;0",9871200
51,5,"LeakyReLULayer( 0.050000 )",pre_activation,"-10;-9.6875;-9.375;-9.0625;-8.75;-8.4375;-8.125;-7.8125;-7.5;-7.1875;-6.875;-6.5625;-6.25;-5.9375;-5.625;-5.3125;-5;-4.6875;-4.375;-4.0625;-3.75;-3.4375;-3.125;-2.8125;-2.5;-2.1875;-1.875;-1.5625;-1.25;-0.9375;-0.625;-0.3125;0;0.3125;0.625;0.9375;1.25;1.5625;1.875;2.1875;2.5;2.8125;3.125;3.4375;3.75;4.0625;4.375;4.6875;5;5.3125;5.625;5.9375;6.25;6.5625;6.875;7.1875;7.5;7.8125;8.125;8.4375;8.75;9.0625;9.375;9.6875;10","0;0;0;0;0;0;0;0;0;0;0;0;0;0;0;0;0;0;0;0;0;0;35;105;327;837;2067;3895;7202;14734;32809;52891;39224;17156;3414;720;72;0;0;0;0;0;0;0;0;0;0;0;0;0;0;0;0;0;0;0;0;0;0;0;0;0;0;0",175488
51,5,"LeakyReLULayer( 0.050000 )",post_activation,"-10;-9.6875;-9.375;-9.0625;-8.75;-8.4375;-8.125;-7.8125;-7.5;-7.1875;-6.875;-6.5625;-6.25;-5.9375;-5.625;-5.3125;-5;-4.6875;-4.375;-4.0625;-3.75;-3.4375;-3.125;-2.8125;-2.5;-2.1875;-1.875;-1.5625;-1.25;-0.9375;-0.625;-0.3125;0;0.3125;0.625;0.9375;1.25;1.5625;1.875;2.1875;2.5;2.8125;3.125;3.4375;3.75;4.0625;4.375;4.6875;5;5.3125;5.625;5.9375;6.25;6.5625;6.875;7.1875;7.5;7.8125;8.125;8.4375;8.75;9.0625;9.375;9.6875;10","0;0;0;0;0;0;0;0;0;0;0;0;0;0;0;0;0;0;0;0;0;0;0;0;0;0;0;0;0;0;0;114902;39224;17156;3414;720;72;0;0;0;0;0;0;0;0;0;0;0;0;0;0;0;0;0;0;0;0;0;0;0;0;0;0;0",175488
51,8,"LeakyReLULayer( 0.050000 )",pre_activation,"-10;-9.6875;-9.375;-9.0625;-8.75;-8.4375;-8.125;-7.8125;-7.5;-7.1875;-6.875;-6.5625;-6.25;-5.9375;-5.625;-5.3125;-5;-4.6875;-4.375;-4.0625;-3.75;-3.4375;-3.125;-2.8125;-2.5;-2.1875;-1.875;-1.5625;-1.25;-0.9375;-0.625;-0.3125;0;0.3125;0.625;0.9375;1.25;1.5625;1.875;2.1875;2.5;2.8125;3.125;3.4375;3.75;4.0625;4.375;4.6875;5;5.3125;5.625;5.9375;6.25;6.5625;6.875;7.1875;7.5;7.8125;8.125;8.4375;8.75;9.0625;9.375;9.6875;10","0;0;0;0;0;0;0;0;0;0;0;0;0;0;0;0;0;0;0;0;0;0;0;0;0;0;20;173;751;3249;10217;34978;29370;6470;1919;508;80;9;0;0;0;0;0;0;0;0;0;0;0;0;0;0;0;0;0;0;0;0;0;0;0;0;0;0",87744
51,8,"LeakyReLULayer( 0.050000 )",post_activation,"-10;-9.6875;-9.375;-9.0625;-8.75;-8.4375;-8.125;-7.8125;-7.5;-7.1875;-6.875;-6.5625;-6.25;-5.9375;-5.625;-5.3125;-5;-4.6875;-4.375;-4.0625;-3.75;-3.4375;-3.125;-2.8125;-2.5;-2.1875;-1.875;-1.5625;-1.25;-0.9375;-0.625;-0.3125;0;0.3125;0.625;0.9375;1.25;1.5625;1.875;2.1875;2.5;2.8125;3.125;3.4375;3.75;4.0625;4.375;4.6875;5;5.3125;5.625;5.9375;6.25;6.5625;6.875;7.1875;7.5;7.8125;8.125;8.4375;8.75;9.0625;9.375;9.6875;10","0;0;0;0;0;0;0;0;0;0;0;0;0;0;0;0;0;0;0;0;0;0;0;0;0;0;0;0;0;0;0;49388;29370;6470;1919;508;80;9;0;0;0;0;0;0;0;0;0;0;0;0;0;0;0;0;0;0;0;0;0;0;0;0;0;0",87744
52,1,"LeakyReLULayer( 0.050000 )",pre_activation,"-10;-9.6875;-9.375;-9.0625;-8.75;-8.4375;-8.125;-7.8125;-7.5;-7.1875;-6.875;-6.5625;-6.25;-5.9375;-5.625;-5.3125;-5;-4.6875;-4.375;-4.0625;-3.75;-3.4375;-3.125;-2.8125;-2.5;-2.1875;-1.875;-1.5625;-1.25;-0.9375;-0.625;-0.3125;0;0.3125;0.625;0.9375;1.25;1.5625;1.875;2.1875;2.5;2.8125;3.125;3.4375;3.75;4.0625;4.375;4.6875;5;5.3125;5.625;5.9375;6.25;6.5625;6.875;7.1875;7.5;7.8125;8.125;8.4375;8.75;9.0625;9.375;9.6875;10","0;0;0;0;0;0;0;0;0;0;0;0;0;0;0;0;0;0;0;0;19;352;1495;4107;8652;18014;46011;106900;289828;721962;1366738;2370916;2282779;1417314;811121;257149;113483;47104;7256;0;0;0;0;0;0;0;0;0;0;0;0;0;0;0;0;0;0;0;0;0;0;0;0;0",9871200
52,1,"LeakyReLULayer( 0.050000 )",post_activation,"-10;-9.6875;-9.375;-9.0625;-8.75;-8.4375;-8.125;-7.8125;-7.5;-7.1875;-6.875;-6.5625;-6.25;-5.9375;-5.625;-5.3125;-5;-4.6875;-4.375;-4.0625;-3.75;-3.4375;-3.125;-2.8125;-2.5;-2.1875;-1.875;-1.5625;-1.25;-0.9375;-0.625;-0.3125;0;0.3125;0.625;0.9375;1.25;1.5625;1.875;2.1875;2.5;2.8125;3.125;3.4375;3.75;4.0625;4.375;4.6875;5;5.3125;5.625;5.9375;6.25;6.5625;6.875;7.1875;7.5;7.8125;8.125;8.4375;8.75;9.0625;9.375;9.6875;10","0;0;0;0;0;0;0;0;0;0;0;0;0;0;0;0;0;0;0;0;0;0;0;0;0;0;0;0;0;0;0;4934994;2282779;1417314;811121;257149;113483;47104;7256;0;0;0;0;0;0;0;0;0;0;0;0;0;0;0;0;0;0;0;0;0;0;0;0;0",9871200
52,5,"LeakyReLULayer( 0.050000 )",pre_activation,"-10;-9.6875;-9.375;-9.0625;-8.75;-8.4375;-8.125;-7.8125;-7.5;-7.1875;-6.875;-6.5625;-6.25;-5.9375;-5.625;-5.3125;-5;-4.6875;-4.375;-4.0625;-3.75;-3.4375;-3.125;-2.8125;-2.5;-2.1875;-1.875;-1.5625;-1.25;-0.9375;-0.625;-0.3125;0;0.3125;0.625;0.9375;1.25;1.5625;1.875;2.1875;2.5;2.8125;3.125;3.4375;3.75;4.0625;4.375;4.6875;5;5.3125;5.625;5.9375;6.25;6.5625;6.875;7.1875;7.5;7.8125;8.125;8.4375;8.75;9.0625;9.375;9.6875;10","0;0;0;0;0;0;0;0;0;0;0;0;0;0;0;0;0;0;0;0;0;0;4;94;284;909;2020;3828;7407;14649;33093;52854;39213;17150;3182;734;67;0;0;0;0;0;0;0;0;0;0;0;0;0;0;0;0;0;0;0;0;0;0;0;0;0;0;0",175488
52,5,"LeakyReLULayer( 0.050000 )",post_activation,"-10;-9.6875;-9.375;-9.0625;-8.75;-8.4375;-8.125;-7.8125;-7.5;-7.1875;-6.875;-6.5625;-6.25;-5.9375;-5.625;-5.3125;-5;-4.6875;-4.375;-4.0625;-3.75;-3.4375;-3.125;-2.8125;-2.5;-2.1875;-1.875;-1.5625;-1.25;-0.9375;-0.625;-0.3125;0;0.3125;0.625;0.9375;1.25;1.5625;1.875;2.1875;2.5;2.8125;3.125;3.4375;3.75;4.0625;4.375;4.6875;5;5.3125;5.625;5.9375;6.25;6.5625;6.875;7.1875;7.5;7.8125;8.125;8.4375;8.75;9.0625;9.375;9.6875;10","0;0;0;0;0;0;0;0;0;0;0;0;0;0;0;0;0;0;0;0;0;0;0;0;0;0;0;0;0;0;0;115142;39213;17150;3182;734;67;0;0;0;0;0;0;0;0;0;0;0;0;0;0;0;0;0;0;0;0;0;0;0;0;0;0;0",175488
52,8,"LeakyReLULayer( 0.050000 )",pre_activation,"-10;-9.6875;-9.375;-9.0625;-8.75;-8.4375;-8.125;-7.8125;-7.5;-7.1875;-6.875;-6.5625;-6.25;-5.9375;-5.625;-5.3125;-5;-4.6875;-4.375;-4.0625;-3.75;-3.4375;-3.125;-2.8125;-2.5;-2.1875;-1.875;-1.5625;-1.25;-0.9375;-0.625;-0.3125;0;0.3125;0.625;0.9375;1.25;1.5625;1.875;2.1875;2.5;2.8125;3.125;3.4375;3.75;4.0625;4.375;4.6875;5;5.3125;5.625;5.9375;6.25;6.5625;6.875;7.1875;7.5;7.8125;8.125;8.4375;8.75;9.0625;9.375;9.6875;10","0;0;0;0;0;0;0;0;0;0;0;0;0;0;0;0;0;0;0;0;0;0;0;0;0;0;17;126;696;3208;10508;35387;28958;6416;1866;484;71;6;1;0;0;0;0;0;0;0;0;0;0;0;0;0;0;0;0;0;0;0;0;0;0;0;0;0",87744
52,8,"LeakyReLULayer( 0.050000 )",post_activation,"-10;-9.6875;-9.375;-9.0625;-8.75;-8.4375;-8.125;-7.8125;-7.5;-7.1875;-6.875;-6.5625;-6.25;-5.9375;-5.625;-5.3125;-5;-4.6875;-4.375;-4.0625;-3.75;-3.4375;-3.125;-2.8125;-2.5;-2.1875;-1.875;-1.5625;-1.25;-0.9375;-0.625;-0.3125;0;0.3125;0.625;0.9375;1.25;1.5625;1.875;2.1875;2.5;2.8125;3.125;3.4375;3.75;4.0625;4.375;4.6875;5;5.3125;5.625;5.9375;6.25;6.5625;6.875;7.1875;7.5;7.8125;8.125;8.4375;8.75;9.0625;9.375;9.6875;10","0;0;0;0;0;0;0;0;0;0;0;0;0;0;0;0;0;0;0;0;0;0;0;0;0;0;0;0;0;0;0;49942;28958;6416;1866;484;71;6;1;0;0;0;0;0;0;0;0;0;0;0;0;0;0;0;0;0;0;0;0;0;0;0;0;0",87744
53,1,"LeakyReLULayer( 0.050000 )",pre_activation,"-10;-9.6875;-9.375;-9.0625;-8.75;-8.4375;-8.125;-7.8125;-7.5;-7.1875;-6.875;-6.5625;-6.25;-5.9375;-5.625;-5.3125;-5;-4.6875;-4.375;-4.0625;-3.75;-3.4375;-3.125;-2.8125;-2.5;-2.1875;-1.875;-1.5625;-1.25;-0.9375;-0.625;-0.3125;0;0.3125;0.625;0.9375;1.25;1.5625;1.875;2.1875;2.5;2.8125;3.125;3.4375;3.75;4.0625;4.375;4.6875;5;5.3125;5.625;5.9375;6.25;6.5625;6.875;7.1875;7.5;7.8125;8.125;8.4375;8.75;9.0625;9.375;9.6875;10","0;0;0;0;0;0;0;0;0;0;0;0;0;0;0;0;0;0;0;0;19;352;1494;4102;8652;17997;45993;106946;289608;722226;1367282;2370283;2281876;1418041;811443;257188;113394;47067;7237;0;0;0;0;0;0;0;0;0;0;0;0;0;0;0;0;0;0;0;0;0;0;0;0;0",9871200
53,1,"LeakyReLULayer( 0.050000 )",post_activation,"-10;-9.6875;-9.375;-9.0625;-8.75;-8.4375;-8.125;-7.8125;-7.5;-7.1875;-6.875;-6.5625;-6.25;-5.9375;-5.625;-5.3125;-5;-4.6875;-4.375;-4.0625;-3.75;-3.4375;-3.125;-2.8125;-2.5;-2.1875;-1.875;-1.5625;-1.25;-0.9375;-0.625;-0.3125;0;0.3125;0.625;0.9375;1.25;1.5625;1.875;2.1875;2.5;2.8125;3.125;3.4375;3.75;4.0625;4.375;4.6875;5;5.3125;5.625;5.9375;6.25;6.5625;6.875;7.1875;7.5;7.8125;8.125;8.4375;8.75;9.0625;9.375;9.6875;10","0;0;0;0;0;0;0;0;0;0;0;0;0;0;0;0;0;0;0;0;0;0;0;0;0;0;0;0;0;0;0;4934954;2281876;1418041;811443;257188;113394;47067;7237;0;0;0;0;0;0;0;0;0;0;0;0;0;0;0;0;0;0;0;0;0;0;0;0;0",9871200
53,5,"LeakyReLULayer( 0.050000 )",pre_activation,"-10;-9.6875;-9.375;-9.0625;-8.75;-8.4375;-8.125;-7.8125;-7.5;-7.1875;-6.875;-6.5625;-6.25;-5.9375;-5.625;-5.3125;-5;-4.6875;-4.375;-4.0625;-3.75;-3.4375;-3.125;-2.8125;-2.5;-2.1875;-1.875;-1.5625;-1.25;-0.9375;-0.625;-0.3125;0;0.3125;0.625;0.9375;1.25;1.5625;1.875;2.1875;2.5;2.8125;3.125;3.4375;3.75;4.0625;4.375;4.6875;5;5.3125;5.625;5.9375;6.25;6.5625;6.875;7.1875;7.5;7.8125;8.125;8.4375;8.75;9.0625;9.375;9.6875;10","0;0;0;0;0;0;0;0;0;0;0;0;0;0;0;0;0;0;0;0;0;0;6;100;291;906;2011;3950;7540;14547;33188;52727;39045;17040;3324;741;72;0;0;0;0;0;0;0;0;0;0;0;0;0;0;0;0;0;0;0;0;0;0;0;0;0;0;0",175488
53,5,"LeakyReLULayer( 0.050000 )",post_activation,"-10;-9.6875;-9.375;-9.0625;-8.75;-8.4375;-8.125;-7.8125;-7.5;-7.1875;-6.875;-6.5625;-6.25;-5.9375;-5.625;-5.3125;-5;-4.6875;-4.375;-4.0625;-3.75;-3.4375;-3.125;-2.8125;-2.5;-2.1875;-1.875;-1.5625;-1.25;-0.9375;-0.625;-0.3125;0;0.3125;0.625;0.9375;1.25;1.5625;1.875;2.1875;2.5;2.8125;3.125;3.4375;3.75;4.0625;4.375;4.6875;5;5.3125;5.625;5.9375;6.25;6.5625;6.875;7.1875;7.5;7.8125;8.125;8.4375;8.75;9.0625;9.375;9.6875;10","0;0;0;0;0;0;0;0;0;0;0;0;0;0;0;0;0;0;0;0;0;0;0;0;0;0;0;0;0;0;0;115266;39045;17040;3324;741;72;0;0;0;0;0;0;0;0;0;0;0;0;0;0;0;0;0;0;0;0;0;0;0;0;0;0;0",175488
53,8,"LeakyReLULayer( 0.050000 )",pre_activation,"-10;-9.6875;-9.375;-9.0625;-8.75;-8.4375;-8.125;-7.8125;-7.5;-7.1875;-6.875;-6.5625;-6.25;-5.9375;-5.625;-5.3125;-5;-4.6875;-4.375;-4.0625;-3.75;-3.4375;-3.125;-2.8125;-2.5;-2.1875;-1.875;-1.5625;-1.25;-0.9375;-0.625;-0.3125;0;0.3125;0.625;0.9375;1.25;1.5625;1.875;2.1875;2.5;2.8125;3.125;3.4375;3.75;4.0625;4.375;4.6875;5;5.3125;5.625;5.9375;6.25;6.5625;6.875;7.1875;7.5;7.8125;8.125;8.4375;8.75;9.0625;9.375;9.6875;10","0;0;0;0;0;0;0;0;0;0;0;0;0;0;0;0;0;0;0;0;0;0;0;0;0;0;13;122;819;3115;10407;35889;28665;6347;1815;471;77;4;0;0;0;0;0;0;0;0;0;0;0;0;0;0;0;0;0;0;0;0;0;0;0;0;0;0",87744
53,8,"LeakyReLULayer( 0.050000 )",post_activation,"-10;-9.6875;-9.375;-9.0625;-8.75;-8.4375;-8.125;-7.8125;-7.5;-7.1875;-6.875;-6.5625;-6.25;-5.9375;-5.625;-5.3125;-5;-4.6875;-4.375;-4.0625;-3.75;-3.4375;-3.125;-2.8125;-2.5;-2.1875;-1.875;-1.5625;-1.25;-0.9375;-0.625;-0.3125;0;0.3125;0.625;0.9375;1.25;1.5625;1.875;2.1875;2.5;2.8125;3.125;3.4375;3.75;4.0625;4.375;4.6875;5;5.3125;5.625;5.9375;6.25;6.5625;6.875;7.1875;7.5;7.8125;8.125;8.4375;8.75;9.0625;9.375;9.6875;10","0;0;0;0;0;0;0;0;0;0;0;0;0;0;0;0;0;0;0;0;0;0;0;0;0;0;0;0;0;0;0;50365;28665;6347;1815;471;77;4;0;0;0;0;0;0;0;0;0;0;0;0;0;0;0;0;0;0;0;0;0;0;0;0;0;0",87744
54,1,"LeakyReLULayer( 0.050000 )",pre_activation,"-10;-9.6875;-9.375;-9.0625;-8.75;-8.4375;-8.125;-7.8125;-7.5;-7.1875;-6.875;-6.5625;-6.25;-5.9375;-5.625;-5.3125;-5;-4.6875;-4.375;-4.0625;-3.75;-3.4375;-3.125;-2.8125;-2.5;-2.1875;-1.875;-1.5625;-1.25;-0.9375;-0.625;-0.3125;0;0.3125;0.625;0.9375;1.25;1.5625;1.875;2.1875;2.5;2.8125;3.125;3.4375;3.75;4.0625;4.375;4.6875;5;5.3125;5.625;5.9375;6.25;6.5625;6.875;7.1875;7.5;7.8125;8.125;8.4375;8.75;9.0625;9.375;9.6875;10","0;0;0;0;0;0;0;0;0;0;0;0;0;0;0;0;0;0;0;0;19;352;1495;4106;8659;18018;46061;106985;289829;722388;1367187;2369840;2281193;1418167;811655;257380;113475;47131;7260;0;0;0;0;0;0;0;0;0;0;0;0;0;0;0;0;0;0;0;0;0;0;0;0;0",9871200
54,1,"LeakyReLULayer( 0.050000 )",post_activation,"-10;-9.6875;-9.375;-9.0625;-8.75;-8.4375;-8.125;-7.8125;-7.5;-7.1875;-6.875;-6.5625;-6.25;-5.9375;-5.625;-5.3125;-5;-4.6875;-4.375;-4.0625;-3.75;-3.4375;-3.125;-2.8125;-2.5;-2.1875;-1.875;-1.5625;-1.25;-0.9375;-0.625;-0.3125;0;0.3125;0.625;0.9375;1.25;1.5625;1.875;2.1875;2.5;2.8125;3.125;3.4375;3.75;4.0625;4.375;4.6875;5;5.3125;5.625;5.9375;6.25;6.5625;6.875;7.1875;7.5;7.8125;8.125;8.4375;8.75;9.0625;9.375;9.6875;10","0;0;0;0;0;0;0;0;0;0;0;0;0;0;0;0;0;0;0;0;0;0;0;0;0;0;0;0;0;0;0;4934939;2281193;1418167;811655;257380;113475;47131;7260;0;0;0;0;0;0;0;0;0;0;0;0;0;0;0;0;0;0;0;0;0;0;0;0;0",9871200
54,5,"LeakyReLULayer( 0.050000 )",pre_activation,"-10;-9.6875;-9.375;-9.0625;-8.75;-8.4375;-8.125;-7.8125;-7.5;-7.1875;-6.875;-6.5625;-6.25;-5.9375;-5.625;-5.3125;-5;-4.6875;-4.375;-4.0625;-3.75;-3.4375;-3.125;-2.8125;-2.5;-2.1875;-1.875;-1.5625;-1.25;-0.9375;-0.625;-0.3125;0;0.3125;0.625;0.9375;1.25;1.5625;1.875;2.1875;2.5;2.8125;3.125;3.4375;3.75;4.0625;4.375;4.6875;5;5.3125;5.625;5.9375;6.25;6.5625;6.875;7.1875;7.5;7.8125;8.125;8.4375;8.75;9.0625;9.375;9.6875;10","0;0;0;0;0;0;0;0;0;0;0;0;0;0;0;0;0;0;0;0;0;0;22;106;308;937;1995;4045;7577;14674;32993;51794;39106;17723;3434;694;80;0;0;0;0;0;0;0;0;0;0;0;0;0;0;0;0;0;0;0;0;0;0;0;0;0;0;0",175488
54,5,"LeakyReLULayer( 0.050000 )",post_activation,"-10;-9.6875;-9.375;-9.0625;-8.75;-8.4375;-8.125;-7.8125;-7.5;-7.1875;-6.875;-6.5625;-6.25;-5.9375;-5.625;-5.3125;-5;-4.6875;-4.375;-4.0625;-3.75;-3.4375;-3.125;-2.8125;-2.5;-2.1875;-1.875;-1.5625;-1.25;-0.9375;-0.625;-0.3125;0;0.3125;0.625;0.9375;1.25;1.5625;1.875;2.1875;2.5;2.8125;3.125;3.4375;3.75;4.0625;4.375;4.6875;5;5.3125;5.625;5.9375;6.25;6.5625;6.875;7.1875;7.5;7.8125;8.125;8.4375;8.75;9.0625;9.375;9.6875;10","0;0;0;0;0;0;0;0;0;0;0;0;0;0;0;0;0;0;0;0;0;0;0;0;0;0;0;0;0;0;0;114451;39106;17723;3434;694;80;0;0;0;0;0;0;0;0;0;0;0;0;0;0;0;0;0;0;0;0;0;0;0;0;0;0;0",175488
54,8,"LeakyReLULayer( 0.050000 )",pre_activation,"-10;-9.6875;-9.375;-9.0625;-8.75;-8.4375;-8.125;-7.8125;-7.5;-7.1875;-6.875;-6.5625;-6.25;-5.9375;-5.625;-5.3125;-5;-4.6875;-4.375;-4.0625;-3.75;-3.4375;-3.125;-2.8125;-2.5;-2.1875;-1.875;-1.5625;-1.25;-0.9375;-0.625;-0.3125;0;0.3125;0.625;0.9375;1.25;1.5625;1.875;2.1875;2.5;2.8125;3.125;3.4375;3.75;4.0625;4.375;4.6875;5;5.3125;5.625;5.9375;6.25;6.5625;6.875;7.1875;7.5;7.8125;8.125;8.4375;8.75;9.0625;9.375;9.6875;10","0;0;0;0;0;0;0;0;0;0;0;0;0;0;0;0;0;0;0;0;0;0;0;0;0;2;22;142;823;3225;10523;36158;27777;6550;1899;516;94;13;0;0;0;0;0;0;0;0;0;0;0;0;0;0;0;0;0;0;0;0;0;0;0;0;0;0",87744
54,8,"LeakyReLULayer( 0.050000 )",post_activation,"-10;-9.6875;-9.375;-9.0625;-8.75;-8.4375;-8.125;-7.8125;-7.5;-7.1875;-6.875;-6.5625;-6.25;-5.9375;-5.625;-5.3125;-5;-4.6875;-4.375;-4.0625;-3.75;-3.4375;-3.125;-2.8125;-2.5;-2.1875;-1.875;-1.5625;-1.25;-0.9375;-0.625;-0.3125;0;0.3125;0.625;0.9375;1.25;1.5625;1.875;2.1875;2.5;2.8125;3.125;3.4375;3.75;4.0625;4.375;4.6875;5;5.3125;5.625;5.9375;6.25;6.5625;6.875;7.1875;7.5;7.8125;8.125;8.4375;8.75;9.0625;9.375;9.6875;10","0;0;0;0;0;0;0;0;0;0;0;0;0;0;0;0;0;0;0;0;0;0;0;0;0;0;0;0;0;0;0;50895;27777;6550;1899;516;94;13;0;0;0;0;0;0;0;0;0;0;0;0;0;0;0;0;0;0;0;0;0;0;0;0;0;0",87744
55,1,"LeakyReLULayer( 0.050000 )",pre_activation,"-10;-9.6875;-9.375;-9.0625;-8.75;-8.4375;-8.125;-7.8125;-7.5;-7.1875;-6.875;-6.5625;-6.25;-5.9375;-5.625;-5.3125;-5;-4.6875;-4.375;-4.0625;-3.75;-3.4375;-3.125;-2.8125;-2.5;-2.1875;-1.875;-1.5625;-1.25;-0.9375;-0.625;-0.3125;0;0.3125;0.625;0.9375;1.25;1.5625;1.875;2.1875;2.5;2.8125;3.125;3.4375;3.75;4.0625;4.375;4.6875;5;5.3125;5.625;5.9375;6.25;6.5625;6.875;7.1875;7.5;7.8125;8.125;8.4375;8.75;9.0625;9.375;9.6875;10","0;0;0;0;0;0;0;0;0;0;0;0;0;0;0;0;0;0;0;0;19;352;1495;4096;8653;18014;46022;106895;289704;721883;1366165;2371732;2282913;1417396;810933;257139;113525;47031;7233;0;0;0;0;0;0;0;0;0;0;0;0;0;0;0;0;0;0;0;0;0;0;0;0;0",9871200
55,1,"LeakyReLULayer( 0.050000 )",post_activation,"-10;-9.6875;-9.375;-9.0625;-8.75;-8.4375;-8.125;-7.8125;-7.5;-7.1875;-6.875;-6.5625;-6.25;-5.9375;-5.625;-5.3125;-5;-4.6875;-4.375;-4.0625;-3.75;-3.4375;-3.125;-2.8125;-2.5;-2.1875;-1.875;-1.5625;-1.25;-0.9375;-0.625;-0.3125;0;0.3125;0.625;0.9375;1.25;1.5625;1.875;2.1875;2.5;2.8125;3.125;3.4375;3.75;4.0625;4.375;4.6875;5;5.3125;5.625;5.9375;6.25;6.5625;6.875;7.1875;7.5;7.8125;8.125;8.4375;8.75;9.0625;9.375;9.6875;10","0;0;0;0;0;0;0;0;0;0;0;0;0;0;0;0;0;0;0;0;0;0;0;0;0;0;0;0;0;0;0;4935030;2282913;1417396;810933;257139;113525;47031;7233;0;0;0;0;0;0;0;0;0;0;0;0;0;0;0;0;0;0;0;0;0;0;0;0;0",9871200
55,5,"LeakyReLULayer( 0.050000 )",pre_activation,"-10;-9.6875;-9.375;-9.0625;-8.75;-8.4375;-8.125;-7.8125;-7.5;-7.1875;-6.875;-6.5625;-6.25;-5.9375;-5.625;-5.3125;-5;-4.6875;-4.375;-4.0625;-3.75;-3.4375;-3.125;-2.8125;-2.5;-2.1875;-1.875;-1.5625;-1.25;-0.9375;-0.625;-0.3125;0;0.3125;0.625;0.9375;1.25;1.5625;1.875;2.1875;2.5;2.8125;3.125;3.4375;3.75;4.0625;4.375;4.6875;5;5.3125;5.625;5.9375;6.25;6.5625;6.875;7.1875;7.5;7.8125;8.125;8.4375;8.75;9.0625;9.375;9.6875;10","0;0;0;0;0;0;0;0;0;0;0;0;0;0;0;0;0;0;0;0;0;0;35;112;302;887;1934;4064;7635;15489;32772;51764;38897;17639;3196;664;98;0;0;0;0;0;0;0;0;0;0;0;0;0;0;0;0;0;0;0;0;0;0;0;0;0;0;0",175488
55,5,"LeakyReLULayer( 0.050000 )",post_activation,"-10;-9.6875;-9.375;-9.0625;-8.75;-8.4375;-8.125;-7.8125;-7.5;-7.1875;-6.875;-6.5625;-6.25;-5.9375;-5.625;-5.3125;-5;-4.6875;-4.375;-4.0625;-3.75;-3.4375;-3.125;-2.8125;-2.5;-2.1875;-1.875;-1.5625;-1.25;-0.9375;-0.625;-0.3125;0;0.3125;0.625;0.9375;1.25;1.5625;1.875;2.1875;2.5;2.8125;3.125;3.4375;3.75;4.0625;4.375;4.6875;5;5.3125;5.625;5.9375;6.25;6.5625;6.875;7.1875;7.5;7.8125;8.125;8.4375;8.75;9.0625;9.375;9.6875;10","0;0;0;0;0;0;0;0;0;0;0;0;0;0;0;0;0;0;0;0;0;0;0;0;0;0;0;0;0;0;0;114994;38897;17639;3196;664;98;0;0;0;0;0;0;0;0;0;0;0;0;0;0;0;0;0;0;0;0;0;0;0;0;0;0;0",175488
55,8,"LeakyReLULayer( 0.050000 )",pre_activation,"-10;-9.6875;-9.375;-9.0625;-8.75;-8.4375;-8.125;-7.8125;-7.5;-7.1875;-6.875;-6.5625;-6.25;-5.9375;-5.625;-5.3125;-5;-4.6875;-4.375;-4.0625;-3.75;-3.4375;-3.125;-2.8125;-2.5;-2.1875;-1.875;-1.5625;-1.25;-0.9375;-0.625;-0.3125;0;0.3125;0.625;0.9375;1.25;1.5625;1.875;2.1875;2.5;2.8125;3.125;3.4375;3.75;4.0625;4.375;4.6875;5;5.3125;5.625;5.9375;6.25;6.5625;6.875;7.1875;7.5;7.8125;8.125;8.4375;8.75;9.0625;9.375;9.6875;10","0;0;0;0;0;0;0;0;0;0;0;0;0;0;0;0;0;0;0;0;0;0;0;0;0;2;17;143;750;3189;10433;36741;27699;6435;1778;478;75;4;0;0;0;0;0;0;0;0;0;0;0;0;0;0;0;0;0;0;0;0;0;0;0;0;0;0",87744
55,8,"LeakyReLULayer( 0.050000 )",post_activation,"-10;-9.6875;-9.375;-9.0625;-8.75;-8.4375;-8.125;-7.8125;-7.5;-7.1875;-6.875;-6.5625;-6.25;-5.9375;-5.625;-5.3125;-5;-4.6875;-4.375;-4.0625;-3.75;-3.4375;-3.125;-2.8125;-2.5;-2.1875;-1.875;-1.5625;-1.25;-0.9375;-0.625;-0.3125;0;0.3125;0.625;0.9375;1.25;1.5625;1.875;2.1875;2.5;2.8125;3.125;3.4375;3.75;4.0625;4.375;4.6875;5;5.3125;5.625;5.9375;6.25;6.5625;6.875;7.1875;7.5;7.8125;8.125;8.4375;8.75;9.0625;9.375;9.6875;10","0;0;0;0;0;0;0;0;0;0;0;0;0;0;0;0;0;0;0;0;0;0;0;0;0;0;0;0;0;0;0;51275;27699;6435;1778;478;75;4;0;0;0;0;0;0;0;0;0;0;0;0;0;0;0;0;0;0;0;0;0;0;0;0;0;0",87744
56,1,"LeakyReLULayer( 0.050000 )",pre_activation,"-10;-9.6875;-9.375;-9.0625;-8.75;-8.4375;-8.125;-7.8125;-7.5;-7.1875;-6.875;-6.5625;-6.25;-5.9375;-5.625;-5.3125;-5;-4.6875;-4.375;-4.0625;-3.75;-3.4375;-3.125;-2.8125;-2.5;-2.1875;-1.875;-1.5625;-1.25;-0.9375;-0.625;-0.3125;0;0.3125;0.625;0.9375;1.25;1.5625;1.875;2.1875;2.5;2.8125;3.125;3.4375;3.75;4.0625;4.375;4.6875;5;5.3125;5.625;5.9375;6.25;6.5625;6.875;7.1875;7.5;7.8125;8.125;8.4375;8.75;9.0625;9.375;9.6875;10","0;0;0;0;0;0;0;0;0;0;0;0;0;0;0;0;0;0;0;0;19;349;1494;4092;8643;18007;46003;106816;289569;721482;1365766;2372916;2284985;1416135;810132;257121;113464;46989;7218;0;0;0;0;0;0;0;0;0;0;0;0;0;0;0;0;0;0;0;0;0;0;0;0;0",9871200
56,1,"LeakyReLULayer( 0.050000 )",post_activation,"-10;-9.6875;-9.375;-9.0625;-8.75;-8.4375;-8.125;-7.8125;-7.5;-7.1875;-6.875;-6.5625;-6.25;-5.9375;-5.625;-5.3125;-5;-4.6875;-4.375;-4.0625;-3.75;-3.4375;-3.125;-2.8125;-2.5;-2.1875;-1.875;-1.5625;-1.25;-0.9375;-0.625;-0.3125;0;0.3125;0.625;0.9375;1.25;1.5625;1.875;2.1875;2.5;2.8125;3.125;3.4375;3.75;4.0625;4.375;4.6875;5;5.3125;5.625;5.9375;6.25;6.5625;6.875;7.1875;7.5;7.8125;8.125;8.4375;8.75;9.0625;9.375;9.6875;10","0;0;0;0;0;0;0;0;0;0;0;0;0;0;0;0;0;0;0;0;0;0;0;0;0;0;0;0;0;0;0;4935156;2284985;1416135;810132;257121;113464;46989;7218;0;0;0;0;0;0;0;0;0;0;0;0;0;0;0;0;0;0;0;0;0;0;0;0;0",9871200
56,5,"LeakyReLULayer( 0.050000 )",pre_activation,"-10;-9.6875;-9.375;-9.0625;-8.75;-8.4375;-8.125;-7.8125;-7.5;-7.1875;-6.875;-6.5625;-6.25;-5.9375;-5.625;-5.3125;-5;-4.6875;-4.375;-4.0625;-3.75;-3.4375;-3.125;-2.8125;-2.5;-2.1875;-1.875;-1.5625;-1.25;-0.9375;-0.625;-0.3125;0;0.3125;0.625;0.9375;1.25;1.5625;1.875;2.1875;2.5;2.8125;3.125;3.4375;3.75;4.0625;4.375;4.6875;5;5.3125;5.625;5.9375;6.25;6.5625;6.875;7.1875;7.5;7.8125;8.125;8.4375;8.75;9.0625;9.375;9.6875;10","0;0;0;0;0;0;0;0;0;0;0;0;0;0;0;0;0;0;0;0;0;0;40;115;295;852;1889;3997;7680;15629;32265;52295;38915;17701;3007;686;122;0;0;0;0;0;0;0;0;0;0;0;0;0;0;0;0;0;0;0;0;0;0;0;0;0;0;0",175488
56,5,"LeakyReLULayer( 0.050000 )",post_activation,"-10;-9.6875;-9.375;-9.0625;-8.75;-8.4375;-8.125;-7.8125;-7.5;-7.1875;-6.875;-6.5625;-6.25;-5.9375;-5.625;-5.3125;-5;-4.6875;-4.375;-4.0625;-3.75;-3.4375;-3.125;-2.8125;-2.5;-2.1875;-1.875;-1.5625;-1.25;-0.9375;-0.625;-0.3125;0;0.3125;0.625;0.9375;1.25;1.5625;1.875;2.1875;2.5;2.8125;3.125;3.4375;3.75;4.0625;4.375;4.6875;5;5.3125;5.625;5.9375;6.25;6.5625;6.875;7.1875;7.5;7.8125;8.125;8.4375;8.75;9.0625;9.375;9.6875;10","0;0;0;0;0;0;0;0;0;0;0;0;0;0;0;0;0;0;0;0;0;0;0;0;0;0;0;0;0;0;0;115057;38915;17701;3007;686;122;0;0;0;0;0;0;0;0;0;0;0;0;0;0;0;0;0;0;0;0;0;0;0;0;0;0;0",175488
56,8,"LeakyReLULayer( 0.050000 )",pre_activation,"-10;-9.6875;-9.375;-9.0625;-8.75;-8.4375;-8.125;-7.8125;-7.5;-7.1875;-6.875;-6.5625;-6.25;-5.9375;-5.625;-5.3125;-5;-4.6875;-4.375;-4.0625;-3.75;-3.4375;-3.125;-2.8125;-2.5;-2.1875;-1.875;-1.5625;-1.25;-0.9375;-0.625;-0.3125;0;0.3125;0.625;0.9375;1.25;1.5625;1.875;2.1875;2.5;2.8125;3.125;3.4375;3.75;4.0625;4.375;4.6875;5;5.3125;5.625;5.9375;6.25;6.5625;6.875;7.1875;7.5;7.8125;8.125;8.4375;8.75;9.0625;9.375;9.6875;10","0;0;0;0;0;0;0;0;0;0;0;0;0;0;0;0;0;0;0;0;0;0;0;0;0;2;19;138;771;3162;10537;36113;28041;6635;1780;476;66;4;0;0;0;0;0;0;0;0;0;0;0;0;0;0;0;0;0;0;0;0;0;0;0;0;0;0",87744
56,8,"LeakyReLULayer( 0.050000 )",post_activation,"-10;-9.6875;-9.375;-9.0625;-8.75;-8.4375;-8.125;-7.8125;-7.5;-7.1875;-6.875;-6.5625;-6.25;-5.9375;-5.625;-5.3125;-5;-4.6875;-4.375;-4.0625;-3.75;-3.4375;-3.125;-2.8125;-2.5;-2.1875;-1.875;-1.5625;-1.25;-0.9375;-0.625;-0.3125;0;0.3125;0.625;0.9375;1.25;1.5625;1.875;2.1875;2.5;2.8125;3.125;3.4375;3.75;4.0625;4.375;4.6875;5;5.3125;5.625;5.9375;6.25;6.5625;6.875;7.1875;7.5;7.8125;8.125;8.4375;8.75;9.0625;9.375;9.6875;10","0;0;0;0;0;0;0;0;0;0;0;0;0;0;0;0;0;0;0;0;0;0;0;0;0;0;0;0;0;0;0;50742;28041;6635;1780;476;66;4;0;0;0;0;0;0;0;0;0;0;0;0;0;0;0;0;0;0;0;0;0;0;0;0;0;0",87744
57,1,"LeakyReLULayer( 0.050000 )",pre_activation,"-10;-9.6875;-9.375;-9.0625;-8.75;-8.4375;-8.125;-7.8125;-7.5;-7.1875;-6.875;-6.5625;-6.25;-5.9375;-5.625;-5.3125;-5;-4.6875;-4.375;-4.0625;-3.75;-3.4375;-3.125;-2.8125;-2.5;-2.1875;-1.875;-1.5625;-1.25;-0.9375;-0.625;-0.3125;0;0.3125;0.625;0.9375;1.25;1.5625;1.875;2.1875;2.5;2.8125;3.125;3.4375;3.75;4.0625;4.375;4.6875;5;5.3125;5.625;5.9375;6.25;6.5625;6.875;7.1875;7.5;7.8125;8.125;8.4375;8.75;9.0625;9.375;9.6875;10","0;0;0;0;0;0;0;0;0;0;0;0;0;0;0;0;0;0;0;0;19;351;1490;4091;8646;17997;45976;106835;289514;721590;1366223;2372379;2283999;1416957;810444;257056;113440;46977;7216;0;0;0;0;0;0;0;0;0;0;0;0;0;0;0;0;0;0;0;0;0;0;0;0;0",9871200
57,1,"LeakyReLULayer( 0.050000 )",post_activation,"-10;-9.6875;-9.375;-9.0625;-8.75;-8.4375;-8.125;-7.8125;-7.5;-7.1875;-6.875;-6.5625;-6.25;-5.9375;-5.625;-5.3125;-5;-4.6875;-4.375;-4.0625;-3.75;-3.4375;-3.125;-2.8125;-2.5;-2.1875;-1.875;-1.5625;-1.25;-0.9375;-0.625;-0.3125;0;0.3125;0.625;0.9375;1.25;1.5625;1.875;2.1875;2.5;2.8125;3.125;3.4375;3.75;4.0625;4.375;4.6875;5;5.3125;5.625;5.9375;6.25;6.5625;6.875;7.1875;7.5;7.8125;8.125;8.4375;8.75;9.0625;9.375;9.6875;10","0;0;0;0;0;0;0;0;0;0;0;0;0;0;0;0;0;0;0;0;0;0;0;0;0;0;0;0;0;0;0;4935111;2283999;1416957;810444;257056;113440;46977;7216;0;0;0;0;0;0;0;0;0;0;0;0;0;0;0;0;0;0;0;0;0;0;0;0;0",9871200
57,5,"LeakyReLULayer( 0.050000 )",pre_activation,"-10;-9.6875;-9.375;-9.0625;-8.75;-8.4375;-8.125;-7.8125;-7.5;-7.1875;-6.875;-6.5625;-6.25;-5.9375;-5.625;-5.3125;-5;-4.6875;-4.375;-4.0625;-3.75;-3.4375;-3.125;-2.8125;-2.5;-2.1875;-1.875;-1.5625;-1.25;-0.9375;-0.625;-0.3125;0;0.3125;0.625;0.9375;1.25;1.5625;1.875;2.1875;2.5;2.8125;3.125;3.4375;3.75;4.0625;4.375;4.6875;5;5.3125;5.625;5.9375;6.25;6.5625;6.875;7.1875;7.5;7.8125;8.125;8.4375;8.75;9.0625;9.375;9.6875;10","0;0;0;0;0;0;0;0;0;0;0;0;0;0;0;0;0;0;0;0;0;0;60;128;303;872;1978;3999;7712;15682;32482;52177;39079;17228;2973;683;132;0;0;0;0;0;0;0;0;0;0;0;0;0;0;0;0;0;0;0;0;0;0;0;0;0;0;0",175488
57,5,"LeakyReLULayer( 0.050000 )",post_activation,"-10;-9.6875;-9.375;-9.0625;-8.75;-8.4375;-8.125;-7.8125;-7.5;-7.1875;-6.875;-6.5625;-6.25;-5.9375;-5.625;-5.3125;-5;-4.6875;-4.375;-4.0625;-3.75;-3.4375;-3.125;-2.8125;-2.5;-2.1875;-1.875;-1.5625;-1.25;-0.9375;-0.625;-0.3125;0;0.3125;0.625;0.9375;1.25;1.5625;1.875;2.1875;2.5;2.8125;3.125;3.4375;3.75;4.0625;4.375;4.6875;5;5.3125;5.625;5.9375;6.25;6.5625;6.875;7.1875;7.5;7.8125;8.125;8.4375;8.75;9.0625;9.375;9.6875;10","0;0;0;0;0;0;0;0;0;0;0;0;0;0;0;0;0;0;0;0;0;0;0;0;0;0;0;0;0;0;0;115393;39079;17228;2973;683;132;0;0;0;0;0;0;0;0;0;0;0;0;0;0;0;0;0;0;0;0;0;0;0;0;0;0;0",175488
57,8,"LeakyReLULayer( 0.050000 )",pre_activation,"-10;-9.6875;-9.375;-9.0625;-8.75;-8.4375;-8.125;-7.8125;-7.5;-7.1875;-6.875;-6.5625;-6.25;-5.9375;-5.625;-5.3125;-5;-4.6875;-4.375;-4.0625;-3.75;-3.4375;-3.125;-2.8125;-2.5;-2.1875;-1.875;-1.5625;-1.25;-0.9375;-0.625;-0.3125;0;0.3125;0.625;0.9375;1.25;1.5625;1.875;2.1875;2.5;2.8125;3.125;3.4375;3.75;4.0625;4.375;4.6875;5;5.3125;5.625;5.9375;6.25;6.5625;6.875;7.1875;7.5;7.8125;8.125;8.4375;8.75;9.0625;9.375;9.6875;10","0;0;0;0;0;0;0;0;0;0;0;0;0;0;0;0;0;0;0;0;0;0;0;0;0;1;20;157;792;3117;10619;35594;28441;6635;1850;445;67;6;0;0;0;0;0;0;0;0;0;0;0;0;0;0;0;0;0;0;0;0;0;0;0;0;0;0",87744
57,8,"LeakyReLULayer( 0.050000 )",post_activation,"-10;-9.6875;-9.375;-9.0625;-8.75;-8.4375;-8.125;-7.8125;-7.5;-7.1875;-6.875;-6.5625;-6.25;-5.9375;-5.625;-5.3125;-5;-4.6875;-4.375;-4.0625;-3.75;-3.4375;-3.125;-2.8125;-2.5;-2.1875;-1.875;-1.5625;-1.25;-0.9375;-0.625;-0.3125;0;0.3125;0.625;0.9375;1.25;1.5625;1.875;2.1875;2.5;2.8125;3.125;3.4375;3.75;4.0625;4.375;4.6875;5;5.3125;5.625;5.9375;6.25;6.5625;6.875;7.1875;7.5;7.8125;8.125;8.4375;8.75;9.0625;9.375;9.6875;10","0;0;0;0;0;0;0;0;0;0;0;0;0;0;0;0;0;0;0;0;0;0;0;0;0;0;0;0;0;0;0;50300;28441;6635;1850;445;67;6;0;0;0;0;0;0;0;0;0;0;0;0;0;0;0;0;0;0;0;0;0;0;0;0;0;0",87744
58,1,"LeakyReLULayer( 0.050000 )",pre_activation,"-10;-9.6875;-9.375;-9.0625;-8.75;-8.4375;-8.125;-7.8125;-7.5;-7.1875;-6.875;-6.5625;-6.25;-5.9375;-5.625;-5.3125;-5;-4.6875;-4.375;-4.0625;-3.75;-3.4375;-3.125;-2.8125;-2.5;-2.1875;-1.875;-1.5625;-1.25;-0.9375;-0.625;-0.3125;0;0.3125;0.625;0.9375;1.25;1.5625;1.875;2.1875;2.5;2.8125;3.125;3.4375;3.75;4.0625;4.375;4.6875;5;5.3125;5.625;5.9375;6.25;6.5625;6.875;7.1875;7.5;7.8125;8.125;8.4375;8.75;9.0625;9.375;9.6875;10","0;0;0;0;0;0;0;0;0;0;0;0;0;0;0;0;0;0;0;0;19;348;1485;4093;8639;17960;45912;106781;289405;722280;1367311;2370681;2281932;1418511;811567;256840;113315;46929;7192;0;0;0;0;0;0;0;0;0;0;0;0;0;0;0;0;0;0;0;0;0;0;0;0;0",9871200
58,1,"LeakyReLULayer( 0.050000 )",post_activation,"-10;-9.6875;-9.375;-9.0625;-8.75;-8.4375;-8.125;-7.8125;-7.5;-7.1875;-6.875;-6.5625;-6.25;-5.9375;-5.625;-5.3125;-5;-4.6875;-4.375;-4.0625;-3.75;-3.4375;-3.125;-2.8125;-2.5;-2.1875;-1.875;-1.5625;-1.25;-0.9375;-0.625;-0.3125;0;0.3125;0.625;0.9375;1.25;1.5625;1.875;2.1875;2.5;2.8125;3.125;3.4375;3.75;4.0625;4.375;4.6875;5;5.3125;5.625;5.9375;6.25;6.5625;6.875;7.1875;7.5;7.8125;8.125;8.4375;8.75;9.0625;9.375;9.6875;10","0;0;0;0;0;0;0;0;0;0;0;0;0;0;0;0;0;0;0;0;0;0;0;0;0;0;0;0;0;0;0;4934914;2281932;1418511;811567;256840;113315;46929;7192;0;0;0;0;0;0;0;0;0;0;0;0;0;0;0;0;0;0;0;0;0;0;0;0;0",9871200
58,5,"LeakyReLULayer( 0.050000 )",pre_activation,"-10;-9.6875;-9.375;-9.0625;-8.75;-8.4375;-8.125;-7.8125;-7.5;-7.1875;-6.875;-6.5625;-6.25;-5.9375;-5.625;-5.3125;-5;-4.6875;-4.375;-4.0625;-3.75;-3.4375;-3.125;-2.8125;-2.5;-2.1875;-1.875;-1.5625;-1.25;-0.9375;-0.625;-0.3125;0;0.3125;0.625;0.9375;1.25;1.5625;1.875;2.1875;2.5;2.8125;3.125;3.4375;3.75;4.0625;4.375;4.6875;5;5.3125;5.625;5.9375;6.25;6.5625;6.875;7.1875;7.5;7.8125;8.125;8.4375;8.75;9.0625;9.375;9.6875;10","0;0;0;0;0;0;0;0;0;0;0;0;0;0;0;0;0;0;0;0;0;0;67;144;325;898;2059;4097;7772;15640;32487;52095;38646;17438;3022;663;135;0;0;0;0;0;0;0;0;0;0;0;0;0;0;0;0;0;0;0;0;0;0;0;0;0;0;0",175488
58,5,"LeakyReLULayer( 0.050000 )",post_activation,"-10;-9.6875;-9.375;-9.0625;-8.75;-8.4375;-8.125;-7.8125;-7.5;-7.1875;-6.875;-6.5625;-6.25;-5.9375;-5.625;-5.3125;-5;-4.6875;-4.375;-4.0625;-3.75;-3.4375;-3.125;-2.8125;-2.5;-2.1875;-1.875;-1.5625;-1.25;-0.9375;-0.625;-0.3125;0;0.3125;0.625;0.9375;1.25;1.5625;1.875;2.1875;2.5;2.8125;3.125;3.4375;3.75;4.0625;4.375;4.6875;5;5.3125;5.625;5.9375;6.25;6.5625;6.875;7.1875;7.5;7.8125;8.125;8.4375;8.75;9.0625;9.375;9.6875;10","0;0;0;0;0;0;0;0;0;0;0;0;0;0;0;0;0;0;0;0;0;0;0;0;0;0;0;0;0;0;0;115584;38646;17438;3022;663;135;0;0;0;0;0;0;0;0;0;0;0;0;0;0;0;0;0;0;0;0;0;0;0;0;0;0;0",175488
58,8,"LeakyReLULayer( 0.050000 )",pre_activation,"-10;-9.6875;-9.375;-9.0625;-8.75;-8.4375;-8.125;-7.8125;-7.5;-7.1875;-6.875;-6.5625;-6.25;-5.9375;-5.625;-5.3125;-5;-4.6875;-4.375;-4.0625;-3.75;-3.4375;-3.125;-2.8125;-2.5;-2.1875;-1.875;-1.5625;-1.25;-0.9375;-0.625;-0.3125;0;0.3125;0.625;0.9375;1.25;1.5625;1.875;2.1875;2.5;2.8125;3.125;3.4375;3.75;4.0625;4.375;4.6875;5;5.3125;5.625;5.9375;6.25;6.5625;6.875;7.1875;7.5;7.8125;8.125;8.4375;8.75;9.0625;9.375;9.6875;10","0;0;0;0;0;0;0;0;0;0;0;0;0;0;0;0;0;0;0;0;0;0;0;0;0;2;20;144;782;3094;10488;35859;28652;6336;1787;492;80;7;1;0;0;0;0;0;0;0;0;0;0;0;0;0;0;0;0;0;0;0;0;0;0;0;0;0",87744
58,8,"LeakyReLULayer( 0.050000 )",post_activation,"-10;-9.6875;-9.375;-9.0625;-8.75;-8.4375;-8.125;-7.8125;-7.5;-7.1875;-6.875;-6.5625;-6.25;-5.9375;-5.625;-5.3125;-5;-4.6875;-4.375;-4.0625;-3.75;-3.4375;-3.125;-2.8125;-2.5;-2.1875;-1.875;-1.5625;-1.25;-0.9375;-0.625;-0.3125;0;0.3125;0.625;0.9375;1.25;1.5625;1.875;2.1875;2.5;2.8125;3.125;3.4375;3.75;4.0625;4.375;4.6875;5;5.3125;5.625;5.9375;6.25;6.5625;6.875;7.1875;7.5;7.8125;8.125;8.4375;8.75;9.0625;9.375;9.6875;10","0;0;0;0;0;0;0;0;0;0;0;0;0;0;0;0;0;0;0;0;0;0;0;0;0;0;0;0;0;0;0;50389;28652;6336;1787;492;80;7;1;0;0;0;0;0;0;0;0;0;0;0;0;0;0;0;0;0;0;0;0;0;0;0;0;0",87744
59,1,"LeakyReLULayer( 0.050000 )",pre_activation,"-10;-9.6875;-9.375;-9.0625;-8.75;-8.4375;-8.125;-7.8125;-7.5;-7.1875;-6.875;-6.5625;-6.25;-5.9375;-5.625;-5.3125;-5;-4.6875;-4.375;-4.0625;-3.75;-3.4375;-3.125;-2.8125;-2.5;-2.1875;-1.875;-1.5625;-1.25;-0.9375;-0.625;-0.3125;0;0.3125;0.625;0.9375;1.25;1.5625;1.875;2.1875;2.5;2.8125;3.125;3.4375;3.75;4.0625;4.375;4.6875;5;5.3125;5.625;5.9375;6.25;6.5625;6.875;7.1875;7.5;7.8125;8.125;8.4375;8.75;9.0625;9.375;9.6875;10","0;0;0;0;0;0;0;0;0;0;0;0;0;0;0;0;0;0;0;0;15;352;1474;4092;8607;17956;45859;106786;289660;722694;1367184;2370131;2281277;1418578;812266;256994;113290;46833;7152;0;0;0;0;0;0;0;0;0;0;0;0;0;0;0;0;0;0;0;0;0;0;0;0;0",9871200
59,1,"LeakyReLULayer( 0.050000 )",post_activation,"-10;-9.6875;-9.375;-9.0625;-8.75;-8.4375;-8.125;-7.8125;-7.5;-7.1875;-6.875;-6.5625;-6.25;-5.9375;-5.625;-5.3125;-5;-4.6875;-4.375;-4.0625;-3.75;-3.4375;-3.125;-2.8125;-2.5;-2.1875;-1.875;-1.5625;-1.25;-0.9375;-0.625;-0.3125;0;0.3125;0.625;0.9375;1.25;1.5625;1.875;2.1875;2.5;2.8125;3.125;3.4375;3.75;4.0625;4.375;4.6875;5;5.3125;5.625;5.9375;6.25;6.5625;6.875;7.1875;7.5;7.8125;8.125;8.4375;8.75;9.0625;9.375;9.6875;10","0;0;0;0;0;0;0;0;0;0;0;0;0;0;0;0;0;0;0;0;0;0;0;0;0;0;0;0;0;0;0;4934810;2281277;1418578;812266;256994;113290;46833;7152;0;0;0;0;0;0;0;0;0;0;0;0;0;0;0;0;0;0;0;0;0;0;0;0;0",9871200
59,5,"LeakyReLULayer( 0.050000 )",pre_activation,"-10;-9.6875;-9.375;-9.0625;-8.75;-8.4375;-8.125;-7.8125;-7.5;-7.1875;-6.875;-6.5625;-6.25;-5.9375;-5.625;-5.3125;-5;-4.6875;-4.375;-4.0625;-3.75;-3.4375;-3.125;-2.8125;-2.5;-2.1875;-1.875;-1.5625;-1.25;-0.9375;-0.625;-0.3125;0;0.3125;0.625;0.9375;1.25;1.5625;1.875;2.1875;2.5;2.8125;3.125;3.4375;3.75;4.0625;4.375;4.6875;5;5.3125;5.625;5.9375;6.25;6.5625;6.875;7.1875;7.5;7.8125;8.125;8.4375;8.75;9.0625;9.375;9.6875;10","0;0;0;0;0;0;0;0;0;0;0;0;0;0;0;0;0;0;0;0;0;0;54;124;359;922;2191;4095;7782;15998;32118;52281;38273;17257;3185;693;156;0;0;0;0;0;0;0;0;0;0;0;0;0;0;0;0;0;0;0;0;0;0;0;0;0;0;0",175488
59,5,"LeakyReLULayer( 0.050000 )",post_activation,"-10;-9.6875;-9.375;-9.0625;-8.75;-8.4375;-8.125;-7.8125;-7.5;-7.1875;-6.875;-6.5625;-6.25;-5.9375;-5.625;-5.3125;-5;-4.6875;-4.375;-4.0625;-3.75;-3.4375;-3.125;-2.8125;-2.5;-2.1875;-1.875;-1.5625;-1.25;-0.9375;-0.625;-0.3125;0;0.3125;0.625;0.9375;1.25;1.5625;1.875;2.1875;2.5;2.8125;3.125;3.4375;3.75;4.0625;4.375;4.6875;5;5.3125;5.625;5.9375;6.25;6.5625;6.875;7.1875;7.5;7.8125;8.125;8.4375;8.75;9.0625;9.375;9.6875;10","0;0;0;0;0;0;0;0;0;0;0;0;0;0;0;0;0;0;0;0;0;0;0;0;0;0;0;0;0;0;0;115924;38273;17257;3185;693;156;0;0;0;0;0;0;0;0;0;0;0;0;0;0;0;0;0;0;0;0;0;0;0;0;0;0;0",175488
59,8,"LeakyReLULayer( 0.050000 )",pre_activation,"-10;-9.6875;-9.375;-9.0625;-8.75;-8.4375;-8.125;-7.8125;-7.5;-7.1875;-6.875;-6.5625;-6.25;-5.9375;-5.625;-5.3125;-5;-4.6875;-4.375;-4.0625;-3.75;-3.4375;-3.125;-2.8125;-2.5;-2.1875;-1.875;-1.5625;-1.25;-0.9375;-0.625;-0.3125;0;0.3125;0.625;0.9375;1.25;1.5625;1.875;2.1875;2.5;2.8125;3.125;3.4375;3.75;4.0625;4.375;4.6875;5;5.3125;5.625;5.9375;6.25;6.5625;6.875;7.1875;7.5;7.8125;8.125;8.4375;8.75;9.0625;9.375;9.6875;10","0;0;0;0;0;0;0;0;0;0;0;0;0;0;0;0;0;0;0;0;0;0;0;0;0;2;22;151;862;3200;10482;35780;28497;6452;1761;462;67;6;0;0;0;0;0;0;0;0;0;0;0;0;0;0;0;0;0;0;0;0;0;0;0;0;0;0",87744
59,8,"LeakyReLULayer( 0.050000 )",post_activation,"-10;-9.6875;-9.375;-9.0625;-8.75;-8.4375;-8.125;-7.8125;-7.5;-7.1875;-6.875;-6.5625;-6.25;-5.9375;-5.625;-5.3125;-5;-4.6875;-4.375;-4.0625;-3.75;-3.4375;-3.125;-2.8125;-2.5;-2.1875;-1.875;-1.5625;-1.25;-0.9375;-0.625;-0.3125;0;0.3125;0.625;0.9375;1.25;1.5625;1.875;2.1875;2.5;2.8125;3.125;3.4375;3.75;4.0625;4.375;4.6875;5;5.3125;5.625;5.9375;6.25;6.5625;6.875;7.1875;7.5;7.8125;8.125;8.4375;8.75;9.0625;9.375;9.6875;10","0;0;0;0;0;0;0;0;0;0;0;0;0;0;0;0;0;0;0;0;0;0;0;0;0;0;0;0;0;0;0;50499;28497;6452;1761;462;67;6;0;0;0;0;0;0;0;0;0;0;0;0;0;0;0;0;0;0;0;0;0;0;0;0;0;0",87744
60,1,"LeakyReLULayer( 0.050000 )",pre_activation,"-10;-9.6875;-9.375;-9.0625;-8.75;-8.4375;-8.125;-7.8125;-7.5;-7.1875;-6.875;-6.5625;-6.25;-5.9375;-5.625;-5.3125;-5;-4.6875;-4.375;-4.0625;-3.75;-3.4375;-3.125;-2.8125;-2.5;-2.1875;-1.875;-1.5625;-1.25;-0.9375;-0.625;-0.3125;0;0.3125;0.625;0.9375;1.25;1.5625;1.875;2.1875;2.5;2.8125;3.125;3.4375;3.75;4.0625;4.375;4.6875;5;5.3125;5.625;5.9375;6.25;6.5625;6.875;7.1875;7.5;7.8125;8.125;8.4375;8.75;9.0625;9.375;9.6875;10","0;0;0;0;0;0;0;0;0;0;0;0;0;0;0;0;0;0;0;0;15;352;1473;4086;8600;17935;45822;106746;289562;722290;1366676;2371263;2282418;1418184;811543;257004;113296;46791;7144;0;0;0;0;0;0;0;0;0;0;0;0;0;0;0;0;0;0;0;0;0;0;0;0;0",9871200
60,1,"LeakyReLULayer( 0.050000 )",post_activation,"-10;-9.6875;-9.375;-9.0625;-8.75;-8.4375;-8.125;-7.8125;-7.5;-7.1875;-6.875;-6.5625;-6.25;-5.9375;-5.625;-5.3125;-5;-4.6875;-4.375;-4.0625;-3.75;-3.4375;-3.125;-2.8125;-2.5;-2.1875;-1.875;-1.5625;-1.25;-0.9375;-0.625;-0.3125;0;0.3125;0.625;0.9375;1.25;1.5625;1.875;2.1875;2.5;2.8125;3.125;3.4375;3.75;4.0625;4.375;4.6875;5;5.3125;5.625;5.9375;6.25;6.5625;6.875;7.1875;7.5;7.8125;8.125;8.4375;8.75;9.0625;9.375;9.6875;10","0;0;0;0;0;0;0;0;0;0;0;0;0;0;0;0;0;0;0;0;0;0;0;0;0;0;0;0;0;0;0;4934820;2282418;1418184;811543;257004;113296;46791;7144;0;0;0;0;0;0;0;0;0;0;0;0;0;0;0;0;0;0;0;0;0;0;0;0;0",9871200
60,5,"LeakyReLULayer( 0.050000 )",pre_activation,"-10;-9.6875;-9.375;-9.0625;-8.75;-8.4375;-8.125;-7.8125;-7.5;-7.1875;-6.875;-6.5625;-6.25;-5.9375;-5.625;-5.3125;-5;-4.6875;-4.375;-4.0625;-3.75;-3.4375;-3.125;-2.8125;-2.5;-2.1875;-1.875;-1.5625;-1.25;-0.9375;-0.625;-0.3125;0;0.3125;0.625;0.9375;1.25;1.5625;1.875;2.1875;2.5;2.8125;3.125;3.4375;3.75;4.0625;4.375;4.6875;5;5.3125;5.625;5.9375;6.25;6.5625;6.875;7.1875;7.5;7.8125;8.125;8.4375;8.75;9.0625;9.375;9.6875;10","0;0;0;0;0;0;0;0;0;0;0;0;0;0;0;0;0;0;0;0;0;0;48;113;406;920;2209;4054;7963;16323;32369;52300;38459;16328;3116;728;152;0;0;0;0;0;0;0;0;0;0;0;0;0;0;0;0;0;0;0;0;0;0;0;0;0;0;0",175488
60,5,"LeakyReLULayer( 0.050000 )",post_activation,"-10;-9.6875;-9.375;-9.0625;-8.75;-8.4375;-8.125;-7.8125;-7.5;-7.1875;-6.875;-6.5625;-6.25;-5.9375;-5.625;-5.3125;-5;-4.6875;-4.375;-4.0625;-3.75;-3.4375;-3.125;-2.8125;-2.5;-2.1875;-1.875;-1.5625;-1.25;-0.9375;-0.625;-0.3125;0;0.3125;0.625;0.9375;1.25;1.5625;1.875;2.1875;2.5;2.8125;3.125;3.4375;3.75;4.0625;4.375;4.6875;5;5.3125;5.625;5.9375;6.25;6.5625;6.875;7.1875;7.5;7.8125;8.125;8.4375;8.75;9.0625;9.375;9.6875;10","0;0;0;0;0;0;0;0;0;0;0;0;0;0;0;0;0;0;0;0;0;0;0;0;0;0;0;0;0;0;0;116705;38459;16328;3116;728;152;0;0;0;0;0;0;0;0;0;0;0;0;0;0;0;0;0;0;0;0;0;0;0;0;0;0;0",175488
60,8,"LeakyReLULayer( 0.050000 )",pre_activation,"-10;-9.6875;-9.375;-9.0625;-8.75;-8.4375;-8.125;-7.8125;-7.5;-7.1875;-6.875;-6.5625;-6.25;-5.9375;-5.625;-5.3125;-5;-4.6875;-4.375;-4.0625;-3.75;-3.4375;-3.125;-2.8125;-2.5;-2.1875;-1.875;-1.5625;-1.25;-0.9375;-0.625;-0.3125;0;0.3125;0.625;0.9375;1.25;1.5625;1.875;2.1875;2.5;2.8125;3.125;3.4375;3.75;4.0625;4.375;4.6875;5;5.3125;5.625;5.9375;6.25;6.5625;6.875;7.1875;7.5;7.8125;8.125;8.4375;8.75;9.0625;9.375;9.6875;10","0;0;0;0;0;0;0;0;0;0;0;0;0;0;0;0;0;0;0;0;0;0;0;0;0;3;20;134;805;3113;10263;35734;29067;6400;1689;455;55;6;0;0;0;0;0;0;0;0;0;0;0;0;0;0;0;0;0;0;0;0;0;0;0;0;0;0",87744
60,8,"LeakyReLULayer( 0.050000 )",post_activation,"-10;-9.6875;-9.375;-9.0625;-8.75;-8.4375;-8.125;-7.8125;-7.5;-7.1875;-6.875;-6.5625;-6.25;-5.9375;-5.625;-5.3125;-5;-4.6875;-4.375;-4.0625;-3.75;-3.4375;-3.125;-2.8125;-2.5;-2.1875;-1.875;-1.5625;-1.25;-0.9375;-0.625;-0.3125;0;0.3125;0.625;0.9375;1.25;1.5625;1.875;2.1875;2.5;2.8125;3.125;3.4375;3.75;4.0625;4.375;4.6875;5;5.3125;5.625;5.9375;6.25;6.5625;6.875;7.1875;7.5;7.8125;8.125;8.4375;8.75;9.0625;9.375;9.6875;10","0;0;0;0;0;0;0;0;0;0;0;0;0;0;0;0;0;0;0;0;0;0;0;0;0;0;0;0;0;0;0;50072;29067;6400;1689;455;55;6;0;0;0;0;0;0;0;0;0;0;0;0;0;0;0;0;0;0;0;0;0;0;0;0;0;0",87744
61,1,"LeakyReLULayer( 0.050000 )",pre_activation,"-10;-9.6875;-9.375;-9.0625;-8.75;-8.4375;-8.125;-7.8125;-7.5;-7.1875;-6.875;-6.5625;-6.25;-5.9375;-5.625;-5.3125;-5;-4.6875;-4.375;-4.0625;-3.75;-3.4375;-3.125;-2.8125;-2.5;-2.1875;-1.875;-1.5625;-1.25;-0.9375;-0.625;-0.3125;0;0.3125;0.625;0.9375;1.25;1.5625;1.875;2.1875;2.5;2.8125;3.125;3.4375;3.75;4.0625;4.375;4.6875;5;5.3125;5.625;5.9375;6.25;6.5625;6.875;7.1875;7.5;7.8125;8.125;8.4375;8.75;9.0625;9.375;9.6875;10","0;0;0;0;0;0;0;0;0;0;0;0;0;0;0;0;0;0;0;0;15;351;1472;4084;8599;17920;45816;106625;289126;721844;1366923;2372163;2283237;1418354;810879;256681;113208;46761;7142;0;0;0;0;0;0;0;0;0;0;0;0;0;0;0;0;0;0;0;0;0;0;0;0;0",9871200
61,1,"LeakyReLULayer( 0.050000 )",post_activation,"-10;-9.6875;-9.375;-9.0625;-8.75;-8.4375;-8.125;-7.8125;-7.5;-7.1875;-6.875;-6.5625;-6.25;-5.9375;-5.625;-5.3125;-5;-4.6875;-4.375;-4.0625;-3.75;-3.4375;-3.125;-2.8125;-2.5;-2.1875;-1.875;-1.5625;-1.25;-0.9375;-0.625;-0.3125;0;0.3125;0.625;0.9375;1.25;1.5625;1.875;2.1875;2.5;2.8125;3.125;3.4375;3.75;4.0625;4.375;4.6875;5;5.3125;5.625;5.9375;6.25;6.5625;6.875;7.1875;7.5;7.8125;8.125;8.4375;8.75;9.0625;9.375;9.6875;10","0;0;0;0;0;0;0;0;0;0;0;0;0;0;0;0;0;0;0;0;0;0;0;0;0;0;0;0;0;0;0;4934938;2283237;1418354;810879;256681;113208;46761;7142;0;0;0;0;0;0;0;0;0;0;0;0;0;0;0;0;0;0;0;0;0;0;0;0;0",9871200
61,5,"LeakyReLULayer( 0.050000 )",pre_activation,"-10;-9.6875;-9.375;-9.0625;-8.75;-8.4375;-8.125;-7.8125;-7.5;-7.1875;-6.875;-6.5625;-6.25;-5.9375;-5.625;-5.3125;-5;-4.6875;-4.375;-4.0625;-3.75;-3.4375;-3.125;-2.8125;-2.5;-2.1875;-1.875;-1.5625;-1.25;-0.9375;-0.625;-0.3125;0;0.3125;0.625;0.9375;1.25;1.5625;1.875;2.1875;2.5;2.8125;3.125;3.4375;3.75;4.0625;4.375;4.6875;5;5.3125;5.625;5.9375;6.25;6.5625;6.875;7.1875;7.5;7.8125;8.125;8.4375;8.75;9.0625;9.375;9.6875;10","0;0;0;0;0;0;0;0;0;0;0;0;0;0;0;0;0;0;0;0;0;0;42;106;420;939;2152;3990;7912;16439;32511;51414;39800;15869;3012;716;166;0;0;0;0;0;0;0;0;0;0;0;0;0;0;0;0;0;0;0;0;0;0;0;0;0;0;0",175488
61,5,"LeakyReLULayer( 0.050000 )",post_activation,"-10;-9.6875;-9.375;-9.0625;-8.75;-8.4375;-8.125;-7.8125;-7.5;-7.1875;-6.875;-6.5625;-6.25;-5.9375;-5.625;-5.3125;-5;-4.6875;-4.375;-4.0625;-3.75;-3.4375;-3.125;-2.8125;-2.5;-2.1875;-1.875;-1.5625;-1.25;-0.9375;-0.625;-0.3125;0;0.3125;0.625;0.9375;1.25;1.5625;1.875;2.1875;2.5;2.8125;3.125;3.4375;3.75;4.0625;4.375;4.6875;5;5.3125;5.625;5.9375;6.25;6.5625;6.875;7.1875;7.5;7.8125;8.125;8.4375;8.75;9.0625;9.375;9.6875;10","0;0;0;0;0;0;0;0;0;0;0;0;0;0;0;0;0;0;0;0;0;0;0;0;0;0;0;0;0;0;0;115925;39800;15869;3012;716;166;0;0;0;0;0;0;0;0;0;0;0;0;0;0;0;0;0;0;0;0;0;0;0;0;0;0;0",175488
61,8,"LeakyReLULayer( 0.050000 )",pre_activation,"-10;-9.6875;-9.375;-9.0625;-8.75;-8.4375;-8.125;-7.8125;-7.5;-7.1875;-6.875;-6.5625;-6.25;-5.9375;-5.625;-5.3125;-5;-4.6875;-4.375;-4.0625;-3.75;-3.4375;-3.125;-2.8125;-2.5;-2.1875;-1.875;-1.5625;-1.25;-0.9375;-0.625;-0.3125;0;0.3125;0.625;0.9375;1.25;1.5625;1.875;2.1875;2.5;2.8125;3.125;3.4375;3.75;4.0625;4.375;4.6875;5;5.3125;5.625;5.9375;6.25;6.5625;6.875;7.1875;7.5;7.8125;8.125;8.4375;8.75;9.0625;9.375;9.6875;10","0;0;0;0;0;0;0;0;0;0;0;0;0;0;0;0;0;0;0;0;0;0;0;0;0;0;15;138;765;3113;10088;35336;29664;6403;1740;394;79;9;0;0;0;0;0;0;0;0;0;0;0;0;0;0;0;0;0;0;0;0;0;0;0;0;0;0",87744
61,8,"LeakyReLULayer( 0.050000 )",post_activation,"-10;-9.6875;-9.375;-9.0625;-8.75;-8.4375;-8.125;-7.8125;-7.5;-7.1875;-6.875;-6.5625;-6.25;-5.9375;-5.625;-5.3125;-5;-4.6875;-4.375;-4.0625;-3.75;-3.4375;-3.125;-2.8125;-2.5;-2.1875;-1.875;-1.5625;-1.25;-0.9375;-0.625;-0.3125;0;0.3125;0.625;0.9375;1.25;1.5625;1.875;2.1875;2.5;2.8125;3.125;3.4375;3.75;4.0625;4.375;4.6875;5;5.3125;5.625;5.9375;6.25;6.5625;6.875;7.1875;7.5;7.8125;8.125;8.4375;8.75;9.0625;9.375;9.6875;10","0;0;0;0;0;0;0;0;0;0;0;0;0;0;0;0;0;0;0;0;0;0;0;0;0;0;0;0;0;0;0;49455;29664;6403;1740;394;79;9;0;0;0;0;0;0;0;0;0;0;0;0;0;0;0;0;0;0;0;0;0;0;0;0;0;0",87744
62,1,"LeakyReLULayer( 0.050000 )",pre_activation,"-10;-9.6875;-9.375;-9.0625;-8.75;-8.4375;-8.125;-7.8125;-7.5;-7.1875;-6.875;-6.5625;-6.25;-5.9375;-5.625;-5.3125;-5;-4.6875;-4.375;-4.0625;-3.75;-3.4375;-3.125;-2.8125;-2.5;-2.1875;-1.875;-1.5625;-1.25;-0.9375;-0.625;-0.3125;0;0.3125;0.625;0.9375;1.25;1.5625;1.875;2.1875;2.5;2.8125;3.125;3.4375;3.75;4.0625;4.375;4.6875;5;5.3125;5.625;5.9375;6.25;6.5625;6.875;7.1875;7.5;7.8125;8.125;8.4375;8.75;9.0625;9.375;9.6875;10","0;0;0;0;0;0;0;0;0;0;0;0;0;0;0;0;0;0;0;0;15;352;1471;4080;8599;17917;45815;106631;289104;721776;1366680;2372508;2283592;1417978;810874;256715;113210;46751;7132;0;0;0;0;0;0;0;0;0;0;0;0;0;0;0;0;0;0;0;0;0;0;0;0;0",9871200
62,1,"LeakyReLULayer( 0.050000 )",post_activation,"-10;-9.6875;-9.375;-9.0625;-8.75;-8.4375;-8.125;-7.8125;-7.5;-7.1875;-6.875;-6.5625;-6.25;-5.9375;-5.625;-5.3125;-5;-4.6875;-4.375;-4.0625;-3.75;-3.4375;-3.125;-2.8125;-2.5;-2.1875;-1.875;-1.5625;-1.25;-0.9375;-0.625;-0.3125;0;0.3125;0.625;0.9375;1.25;1.5625;1.875;2.1875;2.5;2.8125;3.125;3.4375;3.75;4.0625;4.375;4.6875;5;5.3125;5.625;5.9375;6.25;6.5625;6.875;7.1875;7.5;7.8125;8.125;8.4375;8.75;9.0625;9.375;9.6875;10","0;0;0;0;0;0;0;0;0;0;0;0;0;0;0;0;0;0;0;0;0;0;0;0;0;0;0;0;0;0;0;4934948;2283592;1417978;810874;256715;113210;46751;7132;0;0;0;0;0;0;0;0;0;0;0;0;0;0;0;0;0;0;0;0;0;0;0;0;0",9871200
62,5,"LeakyReLULayer( 0.050000 )",pre_activation,"-10;-9.6875;-9.375;-9.0625;-8.75;-8.4375;-8.125;-7.8125;-7.5;-7.1875;-6.875;-6.5625;-6.25;-5.9375;-5.625;-5.3125;-5;-4.6875;-4.375;-4.0625;-3.75;-3.4375;-3.125;-2.8125;-2.5;-2.1875;-1.875;-1.5625;-1.25;-0.9375;-0.625;-0.3125;0;0.3125;0.625;0.9375;1.25;1.5625;1.875;2.1875;2.5;2.8125;3.125;3.4375;3.75;4.0625;4.375;4.6875;5;5.3125;5.625;5.9375;6.25;6.5625;6.875;7.1875;7.5;7.8125;8.125;8.4375;8.75;9.0625;9.375;9.6875;10","0;0;0;0;0;0;0;0;0;0;0;0;0;0;0;0;0;0;0;0;0;0;59;120;434;929;2149;3977;7825;16611;32893;50841;39898;15842;3044;703;162;1;0;0;0;0;0;0;0;0;0;0;0;0;0;0;0;0;0;0;0;0;0;0;0;0;0;0",175488
62,5,"LeakyReLULayer( 0.050000 )",post_activation,"-10;-9.6875;-9.375;-9.0625;-8.75;-8.4375;-8.125;-7.8125;-7.5;-7.1875;-6.875;-6.5625;-6.25;-5.9375;-5.625;-5.3125;-5;-4.6875;-4.375;-4.0625;-3.75;-3.4375;-3.125;-2.8125;-2.5;-2.1875;-1.875;-1.5625;-1.25;-0.9375;-0.625;-0.3125;0;0.3125;0.625;0.9375;1.25;1.5625;1.875;2.1875;2.5;2.8125;3.125;3.4375;3.75;4.0625;4.375;4.6875;5;5.3125;5.625;5.9375;6.25;6.5625;6.875;7.1875;7.5;7.8125;8.125;8.4375;8.75;9.0625;9.375;9.6875;10","0;0;0;0;0;0;0;0;0;0;0;0;0;0;0;0;0;0;0;0;0;0;0;0;0;0;0;0;0;0;0;115838;39898;15842;3044;703;162;1;0;0;0;0;0;0;0;0;0;0;0;0;0;0;0;0;0;0;0;0;0;0;0;0;0;0",175488
62,8,"LeakyReLULayer( 0.050000 )",pre_activation,"-10;-9.6875;-9.375;-9.0625;-8.75;-8.4375;-8.125;-7.8125;-7.5;-7.1875;-6.875;-6.5625;-6.25;-5.9375;-5.625;-5.3125;-5;-4.6875;-4.375;-4.0625;-3.75;-3.4375;-3.125;-2.8125;-2.5;-2.1875;-1.875;-1.5625;-1.25;-0.9375;-0.625;-0.3125;0;0.3125;0.625;0.9375;1.25;1.5625;1.875;2.1875;2.5;2.8125;3.125;3.4375;3.75;4.0625;4.375;4.6875;5;5.3125;5.625;5.9375;6.25;6.5625;6.875;7.1875;7.5;7.8125;8.125;8.4375;8.75;9.0625;9.375;9.6875;10","0;0;0;0;0;0;0;0;0;0;0;0;0;0;0;0;0;0;0;0;0;0;0;0;0;0;14;136;728;3149;10224;35427;29447;6383;1743;417;74;2;0;0;0;0;0;0;0;0;0;0;0;0;0;0;0;0;0;0;0;0;0;0;0;0;0;0",87744
62,8,"LeakyReLULayer( 0.050000 )",post_activation,"-10;-9.6875;-9.375;-9.0625;-8.75;-8.4375;-8.125;-7.8125;-7.5;-7.1875;-6.875;-6.5625;-6.25;-5.9375;-5.625;-5.3125;-5;-4.6875;-4.375;-4.0625;-3.75;-3.4375;-3.125;-2.8125;-2.5;-2.1875;-1.875;-1.5625;-1.25;-0.9375;-0.625;-0.3125;0;0.3125;0.625;0.9375;1.25;1.5625;1.875;2.1875;2.5;2.8125;3.125;3.4375;3.75;4.0625;4.375;4.6875;5;5.3125;5.625;5.9375;6.25;6.5625;6.875;7.1875;7.5;7.8125;8.125;8.4375;8.75;9.0625;9.375;9.6875;10","0;0;0;0;0;0;0;0;0;0;0;0;0;0;0;0;0;0;0;0;0;0;0;0;0;0;0;0;0;0;0;49678;29447;6383;1743;417;74;2;0;0;0;0;0;0;0;0;0;0;0;0;0;0;0;0;0;0;0;0;0;0;0;0;0;0",87744
63,1,"LeakyReLULayer( 0.050000 )",pre_activation,"-10;-9.6875;-9.375;-9.0625;-8.75;-8.4375;-8.125;-7.8125;-7.5;-7.1875;-6.875;-6.5625;-6.25;-5.9375;-5.625;-5.3125;-5;-4.6875;-4.375;-4.0625;-3.75;-3.4375;-3.125;-2.8125;-2.5;-2.1875;-1.875;-1.5625;-1.25;-0.9375;-0.625;-0.3125;0;0.3125;0.625;0.9375;1.25;1.5625;1.875;2.1875;2.5;2.8125;3.125;3.4375;3.75;4.0625;4.375;4.6875;5;5.3125;5.625;5.9375;6.25;6.5625;6.875;7.1875;7.5;7.8125;8.125;8.4375;8.75;9.0625;9.375;9.6875;10","0;0;0;0;0;0;0;0;0;0;0;0;0;0;0;0;0;0;0;0;15;352;1469;4078;8598;17931;45785;106607;289146;721722;1366286;2373037;2283894;1417685;810721;256804;113218;46726;7126;0;0;0;0;0;0;0;0;0;0;0;0;0;0;0;0;0;0;0;0;0;0;0;0;0",9871200
63,1,"LeakyReLULayer( 0.050000 )",post_activation,"-10;-9.6875;-9.375;-9.0625;-8.75;-8.4375;-8.125;-7.8125;-7.5;-7.1875;-6.875;-6.5625;-6.25;-5.9375;-5.625;-5.3125;-5;-4.6875;-4.375;-4.0625;-3.75;-3.4375;-3.125;-2.8125;-2.5;-2.1875;-1.875;-1.5625;-1.25;-0.9375;-0.625;-0.3125;0;0.3125;0.625;0.9375;1.25;1.5625;1.875;2.1875;2.5;2.8125;3.125;3.4375;3.75;4.0625;4.375;4.6875;5;5.3125;5.625;5.9375;6.25;6.5625;6.875;7.1875;7.5;7.8125;8.125;8.4375;8.75;9.0625;9.375;9.6875;10","0;0;0;0;0;0;0;0;0;0;0;0;0;0;0;0;0;0;0;0;0;0;0;0;0;0;0;0;0;0;0;4935026;2283894;1417685;810721;256804;113218;46726;7126;0;0;0;0;0;0;0;0;0;0;0;0;0;0;0;0;0;0;0;0;0;0;0;0;0",9871200
63,5,"LeakyReLULayer( 0.050000 )",pre_activation,"-10;-9.6875;-9.375;-9.0625;-8.75;-8.4375;-8.125;-7.8125;-7.5;-7.1875;-6.875;-6.5625;-6.25;-5.9375;-5.625;-5.3125;-5;-4.6875;-4.375;-4.0625;-3.75;-3.4375;-3.125;-2.8125;-2.5;-2.1875;-1.875;-1.5625;-1.25;-0.9375;-0.625;-0.3125;0;0.3125;0.625;0.9375;1.25;1.5625;1.875;2.1875;2.5;2.8125;3.125;3.4375;3.75;4.0625;4.375;4.6875;5;5.3125;5.625;5.9375;6.25;6.5625;6.875;7.1875;7.5;7.8125;8.125;8.4375;8.75;9.0625;9.375;9.6875;10","0;0;0;0;0;0;0;0;0;0;0;0;0;0;0;0;0;0;0;0;0;0;69;130;476;911;2137;3982;7828;16794;32561;50779;39894;15877;3158;724;168;0;0;0;0;0;0;0;0;0;0;0;0;0;0;0;0;0;0;0;0;0;0;0;0;0;0;0",175488
63,5,"LeakyReLULayer( 0.050000 )",post_activation,"-10;-9.6875;-9.375;-9.0625;-8.75;-8.4375;-8.125;-7.8125;-7.5;-7.1875;-6.875;-6.5625;-6.25;-5.9375;-5.625;-5.3125;-5;-4.6875;-4.375;-4.0625;-3.75;-3.4375;-3.125;-2.8125;-2.5;-2.1875;-1.875;-1.5625;-1.25;-0.9375;-0.625;-0.3125;0;0.3125;0.625;0.9375;1.25;1.5625;1.875;2.1875;2.5;2.8125;3.125;3.4375;3.75;4.0625;4.375;4.6875;5;5.3125;5.625;5.9375;6.25;6.5625;6.875;7.1875;7.5;7.8125;8.125;8.4375;8.75;9.0625;9.375;9.6875;10","0;0;0;0;0;0;0;0;0;0;0;0;0;0;0;0;0;0;0;0;0;0;0;0;0;0;0;0;0;0;0;115667;39894;15877;3158;724;168;0;0;0;0;0;0;0;0;0;0;0;0;0;0;0;0;0;0;0;0;0;0;0;0;0;0;0",175488
63,8,"LeakyReLULayer( 0.050000 )",pre_activation,"-10;-9.6875;-9.375;-9.0625;-8.75;-8.4375;-8.125;-7.8125;-7.5;-7.1875;-6.875;-6.5625;-6.25;-5.9375;-5.625;-5.3125;-5;-4.6875;-4.375;-4.0625;-3.75;-3.4375;-3.125;-2.8125;-2.5;-2.1875;-1.875;-1.5625;-1.25;-0.9375;-0.625;-0.3125;0;0.3125;0.625;0.9375;1.25;1.5625;1.875;2.1875;2.5;2.8125;3.125;3.4375;3.75;4.0625;4.375;4.6875;5;5.3125;5.625;5.9375;6.25;6.5625;6.875;7.1875;7.5;7.8125;8.125;8.4375;8.75;9.0625;9.375;9.6875;10","0;0;0;0;0;0;0;0;0;0;0;0;0;0;0;0;0;0;0;0;0;0;0;0;0;1;18;149;790;3121;10223;35452;29273;6470;1767;403;66;11;0;0;0;0;0;0;0;0;0;0;0;0;0;0;0;0;0;0;0;0;0;0;0;0;0;0",87744
63,8,"LeakyReLULayer( 0.050000 )",post_activation,"-10;-9.6875;-9.375;-9.0625;-8.75;-8.4375;-8.125;-7.8125;-7.5;-7.1875;-6.875;-6.5625;-6.25;-5.9375;-5.625;-5.3125;-5;-4.6875;-4.375;-4.0625;-3.75;-3.4375;-3.125;-2.8125;-2.5;-2.1875;-1.875;-1.5625;-1.25;-0.9375;-0.625;-0.3125;0;0.3125;0.625;0.9375;1.25;1.5625;1.875;2.1875;2.5;2.8125;3.125;3.4375;3.75;4.0625;4.375;4.6875;5;5.3125;5.625;5.9375;6.25;6.5625;6.875;7.1875;7.5;7.8125;8.125;8.4375;8.75;9.0625;9.375;9.6875;10","0;0;0;0;0;0;0;0;0;0;0;0;0;0;0;0;0;0;0;0;0;0;0;0;0;0;0;0;0;0;0;49754;29273;6470;1767;403;66;11;0;0;0;0;0;0;0;0;0;0;0;0;0;0;0;0;0;0;0;0;0;0;0;0;0;0",87744
64,1,"LeakyReLULayer( 0.050000 )",pre_activation,"-10;-9.6875;-9.375;-9.0625;-8.75;-8.4375;-8.125;-7.8125;-7.5;-7.1875;-6.875;-6.5625;-6.25;-5.9375;-5.625;-5.3125;-5;-4.6875;-4.375;-4.0625;-3.75;-3.4375;-3.125;-2.8125;-2.5;-2.1875;-1.875;-1.5625;-1.25;-0.9375;-0.625;-0.3125;0;0.3125;0.625;0.9375;1.25;1.5625;1.875;2.1875;2.5;2.8125;3.125;3.4375;3.75;4.0625;4.375;4.6875;5;5.3125;5.625;5.9375;6.25;6.5625;6.875;7.1875;7.5;7.8125;8.125;8.4375;8.75;9.0625;9.375;9.6875;10","0;0;0;0;0;0;0;0;0;0;0;0;0;0;0;0;0;0;0;0;15;350;1468;4079;8593;17921;45777;106530;288815;721085;1366989;2373357;2285243;1417701;809579;256657;113194;46721;7126;0;0;0;0;0;0;0;0;0;0;0;0;0;0;0;0;0;0;0;0;0;0;0;0;0",9871200
64,1,"LeakyReLULayer( 0.050000 )",post_activation,"-10;-9.6875;-9.375;-9.0625;-8.75;-8.4375;-8.125;-7.8125;-7.5;-7.1875;-6.875;-6.5625;-6.25;-5.9375;-5.625;-5.3125;-5;-4.6875;-4.375;-4.0625;-3.75;-3.4375;-3.125;-2.8125;-2.5;-2.1875;-1.875;-1.5625;-1.25;-0.9375;-0.625;-0.3125;0;0.3125;0.625;0.9375;1.25;1.5625;1.875;2.1875;2.5;2.8125;3.125;3.4375;3.75;4.0625;4.375;4.6875;5;5.3125;5.625;5.9375;6.25;6.5625;6.875;7.1875;7.5;7.8125;8.125;8.4375;8.75;9.0625;9.375;9.6875;10","0;0;0;0;0;0;0;0;0;0;0;0;0;0;0;0;0;0;0;0;0;0;0;0;0;0;0;0;0;0;0;4934979;2285243;1417701;809579;256657;113194;46721;7126;0;0;0;0;0;0;0;0;0;0;0;0;0;0;0;0;0;0;0;0;0;0;0;0;0",9871200
64,5,"LeakyReLULayer( 0.050000 )",pre_activation,"-10;-9.6875;-9.375;-9.0625;-8.75;-8.4375;-8.125;-7.8125;-7.5;-7.1875;-6.875;-6.5625;-6.25;-5.9375;-5.625;-5.3125;-5;-4.6875;-4.375;-4.0625;-3.75;-3.4375;-3.125;-2.8125;-2.5;-2.1875;-1.875;-1.5625;-1.25;-0.9375;-0.625;-0.3125;0;0.3125;0.625;0.9375;1.25;1.5625;1.875;2.1875;2.5;2.8125;3.125;3.4375;3.75;4.0625;4.375;4.6875;5;5.3125;5.625;5.9375;6.25;6.5625;6.875;7.1875;7.5;7.8125;8.125;8.4375;8.75;9.0625;9.375;9.6875;10","0;0;0;0;0;0;0;0;0;0;0;0;0;0;0;0;0;0;0;0;0;0;69;130;504;927;2243;3985;7831;16818;32128;51202;39713;15987;3085;707;159;0;0;0;0;0;0;0;0;0;0;0;0;0;0;0;0;0;0;0;0;0;0;0;0;0;0;0",175488
64,5,"LeakyReLULayer( 0.050000 )",post_activation,"-10;-9.6875;-9.375;-9.0625;-8.75;-8.4375;-8.125;-7.8125;-7.5;-7.1875;-6.875;-6.5625;-6.25;-5.9375;-5.625;-5.3125;-5;-4.6875;-4.375;-4.0625;-3.75;-3.4375;-3.125;-2.8125;-2.5;-2.1875;-1.875;-1.5625;-1.25;-0.9375;-0.625;-0.3125;0;0.3125;0.625;0.9375;1.25;1.5625;1.875;2.1875;2.5;2.8125;3.125;3.4375;3.75;4.0625;4.375;4.6875;5;5.3125;5.625;5.9375;6.25;6.5625;6.875;7.1875;7.5;7.8125;8.125;8.4375;8.75;9.0625;9.375;9.6875;10","0;0;0;0;0;0;0;0;0;0;0;0;0;0;0;0;0;0;0;0;0;0;0;0;0;0;0;0;0;0;0;115837;39713;15987;3085;707;159;0;0;0;0;0;0;0;0;0;0;0;0;0;0;0;0;0;0;0;0;0;0;0;0;0;0;0",175488
64,8,"LeakyReLULayer( 0.050000 )",pre_activation,"-10;-9.6875;-9.375;-9.0625;-8.75;-8.4375;-8.125;-7.8125;-7.5;-7.1875;-6.875;-6.5625;-6.25;-5.9375;-5.625;-5.3125;-5;-4.6875;-4.375;-4.0625;-3.75;-3.4375;-3.125;-2.8125;-2.5;-2.1875;-1.875;-1.5625;-1.25;-0.9375;-0.625;-0.3125;0;0.3125;0.625;0.9375;1.25;1.5625;1.875;2.1875;2.5;2.8125;3.125;3.4375;3.75;4.0625;4.375;4.6875;5;5.3125;5.625;5.9375;6.25;6.5625;6.875;7.1875;7.5;7.8125;8.125;8.4375;8.75;9.0625;9.375;9.6875;10","0;0;0;0;0;0;0;0;0;0;0;0;0;0;0;0;0;0;0;0;0;0;0;0;0;0;20;132;828;3117;9931;35276;29895;6303;1737;438;56;11;0;0;0;0;0;0;0;0;0;0;0;0;0;0;0;0;0;0;0;0;0;0;0;0;0;0",87744
64,8,"LeakyReLULayer( 0.050000 )",post_activation,"-10;-9.6875;-9.375;-9.0625;-8.75;-8.4375;-8.125;-7.8125;-7.5;-7.1875;-6.875;-6.5625;-6.25;-5.9375;-5.625;-5.3125;-5;-4.6875;-4.375;-4.0625;-3.75;-3.4375;-3.125;-2.8125;-2.5;-2.1875;-1.875;-1.5625;-1.25;-0.9375;-0.625;-0.3125;0;0.3125;0.625;0.9375;1.25;1.5625;1.875;2.1875;2.5;2.8125;3.125;3.4375;3.75;4.0625;4.375;4.6875;5;5.3125;5.625;5.9375;6.25;6.5625;6.875;7.1875;7.5;7.8125;8.125;8.4375;8.75;9.0625;9.375;9.6875;10","0;0;0;0;0;0;0;0;0;0;0;0;0;0;0;0;0;0;0;0;0;0;0;0;0;0;0;0;0;0;0;49304;29895;6303;1737;438;56;11;0;0;0;0;0;0;0;0;0;0;0;0;0;0;0;0;0;0;0;0;0;0;0;0;0;0",87744
65,1,"LeakyReLULayer( 0.050000 )",pre_activation,"-10;-9.6875;-9.375;-9.0625;-8.75;-8.4375;-8.125;-7.8125;-7.5;-7.1875;-6.875;-6.5625;-6.25;-5.9375;-5.625;-5.3125;-5;-4.6875;-4.375;-4.0625;-3.75;-3.4375;-3.125;-2.8125;-2.5;-2.1875;-1.875;-1.5625;-1.25;-0.9375;-0.625;-0.3125;0;0.3125;0.625;0.9375;1.25;1.5625;1.875;2.1875;2.5;2.8125;3.125;3.4375;3.75;4.0625;4.375;4.6875;5;5.3125;5.625;5.9375;6.25;6.5625;6.875;7.1875;7.5;7.8125;8.125;8.4375;8.75;9.0625;9.375;9.6875;10","0;0;0;0;0;0;0;0;0;0;0;0;0;0;0;0;0;0;0;0;15;352;1473;4083;8599;17917;45747;106415;288374;720654;1368373;2372857;2285038;1419213;808782;256269;113143;46762;7134;0;0;0;0;0;0;0;0;0;0;0;0;0;0;0;0;0;0;0;0;0;0;0;0;0",9871200
65,1,"LeakyReLULayer( 0.050000 )",post_activation,"-10;-9.6875;-9.375;-9.0625;-8.75;-8.4375;-8.125;-7.8125;-7.5;-7.1875;-6.875;-6.5625;-6.25;-5.9375;-5.625;-5.3125;-5;-4.6875;-4.375;-4.0625;-3.75;-3.4375;-3.125;-2.8125;-2.5;-2.1875;-1.875;-1.5625;-1.25;-0.9375;-0.625;-0.3125;0;0.3125;0.625;0.9375;1.25;1.5625;1.875;2.1875;2.5;2.8125;3.125;3.4375;3.75;4.0625;4.375;4.6875;5;5.3125;5.625;5.9375;6.25;6.5625;6.875;7.1875;7.5;7.8125;8.125;8.4375;8.75;9.0625;9.375;9.6875;10","0;0;0;0;0;0;0;0;0;0;0;0;0;0;0;0;0;0;0;0;0;0;0;0;0;0;0;0;0;0;0;4934859;2285038;1419213;808782;256269;113143;46762;7134;0;0;0;0;0;0;0;0;0;0;0;0;0;0;0;0;0;0;0;0;0;0;0;0;0",9871200
65,5,"LeakyReLULayer( 0.050000 )",pre_activation,"-10;-9.6875;-9.375;-9.0625;-8.75;-8.4375;-8.125;-7.8125;-7.5;-7.1875;-6.875;-6.5625;-6.25;-5.9375;-5.625;-5.3125;-5;-4.6875;-4.375;-4.0625;-3.75;-3.4375;-3.125;-2.8125;-2.5;-2.1875;-1.875;-1.5625;-1.25;-0.9375;-0.625;-0.3125;0;0.3125;0.625;0.9375;1.25;1.5625;1.875;2.1875;2.5;2.8125;3.125;3.4375;3.75;4.0625;4.375;4.6875;5;5.3125;5.625;5.9375;6.25;6.5625;6.875;7.1875;7.5;7.8125;8.125;8.4375;8.75;9.0625;9.375;9.6875;10","0;0;0;0;0;0;0;0;0;0;0;0;0;0;0;0;0;0;0;0;0;0;62;120;525;1026;2309;3996;7849;16943;31821;51579;39148;16184;3038;722;166;0;0;0;0;0;0;0;0;0;0;0;0;0;0;0;0;0;0;0;0;0;0;0;0;0;0;0",175488
65,5,"LeakyReLULayer( 0.050000 )",post_activation,"-10;-9.6875;-9.375;-9.0625;-8.75;-8.4375;-8.125;-7.8125;-7.5;-7.1875;-6.875;-6.5625;-6.25;-5.9375;-5.625;-5.3125;-5;-4.6875;-4.375;-4.0625;-3.75;-3.4375;-3.125;-2.8125;-2.5;-2.1875;-1.875;-1.5625;-1.25;-0.9375;-0.625;-0.3125;0;0.3125;0.625;0.9375;1.25;1.5625;1.875;2.1875;2.5;2.8125;3.125;3.4375;3.75;4.0625;4.375;4.6875;5;5.3125;5.625;5.9375;6.25;6.5625;6.875;7.1875;7.5;7.8125;8.125;8.4375;8.75;9.0625;9.375;9.6875;10","0;0;0;0;0;0;0;0;0;0;0;0;0;0;0;0;0;0;0;0;0;0;0;0;0;0;0;0;0;0;0;116230;39148;16184;3038;722;166;0;0;0;0;0;0;0;0;0;0;0;0;0;0;0;0;0;0;0;0;0;0;0;0;0;0;0",175488
65,8,"LeakyReLULayer( 0.050000 )",pre_activation,"-10;-9.6875;-9.375;-9.0625;-8.75;-8.4375;-8.125;-7.8125;-7.5;-7.1875;-6.875;-6.5625;-6.25;-5.9375;-5.625;-5.3125;-5;-4.6875;-4.375;-4.0625;-3.75;-3.4375;-3.125;-2.8125;-2.5;-2.1875;-1.875;-1.5625;-1.25;-0.9375;-0.625;-0.3125;0;0.3125;0.625;0.9375;1.25;1.5625;1.875;2.1875;2.5;2.8125;3.125;3.4375;3.75;4.0625;4.375;4.6875;5;5.3125;5.625;5.9375;6.25;6.5625;6.875;7.1875;7.5;7.8125;8.125;8.4375;8.75;9.0625;9.375;9.6875;10","0;0;0;0;0;0;0;0;0;0;0;0;0;0;0;0;0;0;0;0;0;0;0;0;0;2;15;154;774;3186;9840;34701;30468;6422;1674;415;86;7;0;0;0;0;0;0;0;0;0;0;0;0;0;0;0;0;0;0;0;0;0;0;0;0;0;0",87744
65,8,"LeakyReLULayer( 0.050000 )",post_activation,"-10;-9.6875;-9.375;-9.0625;-8.75;-8.4375;-8.125;-7.8125;-7.5;-7.1875;-6.875;-6.5625;-6.25;-5.9375;-5.625;-5.3125;-5;-4.6875;-4.375;-4.0625;-3.75;-3.4375;-3.125;-2.8125;-2.5;-2.1875;-1.875;-1.5625;-1.25;-0.9375;-0.625;-0.3125;0;0.3125;0.625;0.9375;1.25;1.5625;1.875;2.1875;2.5;2.8125;3.125;3.4375;3.75;4.0625;4.375;4.6875;5;5.3125;5.625;5.9375;6.25;6.5625;6.875;7.1875;7.5;7.8125;8.125;8.4375;8.75;9.0625;9.375;9.6875;10","0;0;0;0;0;0;0;0;0;0;0;0;0;0;0;0;0;0;0;0;0;0;0;0;0;0;0;0;0;0;0;48672;30468;6422;1674;415;86;7;0;0;0;0;0;0;0;0;0;0;0;0;0;0;0;0;0;0;0;0;0;0;0;0;0;0",87744
66,1,"LeakyReLULayer( 0.050000 )",pre_activation,"-10;-9.6875;-9.375;-9.0625;-8.75;-8.4375;-8.125;-7.8125;-7.5;-7.1875;-6.875;-6.5625;-6.25;-5.9375;-5.625;-5.3125;-5;-4.6875;-4.375;-4.0625;-3.75;-3.4375;-3.125;-2.8125;-2.5;-2.1875;-1.875;-1.5625;-1.25;-0.9375;-0.625;-0.3125;0;0.3125;0.625;0.9375;1.25;1.5625;1.875;2.1875;2.5;2.8125;3.125;3.4375;3.75;4.0625;4.375;4.6875;5;5.3125;5.625;5.9375;6.25;6.5625;6.875;7.1875;7.5;7.8125;8.125;8.4375;8.75;9.0625;9.375;9.6875;10","0;0;0;0;0;0;0;0;0;0;0;0;0;0;0;0;0;0;0;0;15;352;1473;4085;8601;17913;45702;106234;287903;720617;1368436;2373578;2285753;1419282;808804;255487;113074;46761;7130;0;0;0;0;0;0;0;0;0;0;0;0;0;0;0;0;0;0;0;0;0;0;0;0;0",9871200
66,1,"LeakyReLULayer( 0.050000 )",post_activation,"-10;-9.6875;-9.375;-9.0625;-8.75;-8.4375;-8.125;-7.8125;-7.5;-7.1875;-6.875;-6.5625;-6.25;-5.9375;-5.625;-5.3125;-5;-4.6875;-4.375;-4.0625;-3.75;-3.4375;-3.125;-2.8125;-2.5;-2.1875;-1.875;-1.5625;-1.25;-0.9375;-0.625;-0.3125;0;0.3125;0.625;0.9375;1.25;1.5625;1.875;2.1875;2.5;2.8125;3.125;3.4375;3.75;4.0625;4.375;4.6875;5;5.3125;5.625;5.9375;6.25;6.5625;6.875;7.1875;7.5;7.8125;8.125;8.4375;8.75;9.0625;9.375;9.6875;10","0;0;0;0;0;0;0;0;0;0;0;0;0;0;0;0;0;0;0;0;0;0;0;0;0;0;0;0;0;0;0;4934909;2285753;1419282;808804;255487;113074;46761;7130;0;0;0;0;0;0;0;0;0;0;0;0;0;0;0;0;0;0;0;0;0;0;0;0;0",9871200
66,5,"LeakyReLULayer( 0.050000 )",pre_activation,"-10;-9.6875;-9.375;-9.0625;-8.75;-8.4375;-8.125;-7.8125;-7.5;-7.1875;-6.875;-6.5625;-6.25;-5.9375;-5.625;-5.3125;-5;-4.6875;-4.375;-4.0625;-3.75;-3.4375;-3.125;-2.8125;-2.5;-2.1875;-1.875;-1.5625;-1.25;-0.9375;-0.625;-0.3125;0;0.3125;0.625;0.9375;1.25;1.5625;1.875;2.1875;2.5;2.8125;3.125;3.4375;3.75;4.0625;4.375;4.6875;5;5.3125;5.625;5.9375;6.25;6.5625;6.875;7.1875;7.5;7.8125;8.125;8.4375;8.75;9.0625;9.375;9.6875;10","0;0;0;0;0;0;0;0;0;0;0;0;0;0;0;0;0;0;0;0;0;1;75;132;595;1124;2273;4018;8080;17094;32378;50862;39450;15758;2767;735;146;0;0;0;0;0;0;0;0;0;0;0;0;0;0;0;0;0;0;0;0;0;0;0;0;0;0;0",175488
66,5,"LeakyReLULayer( 0.050000 )",post_activation,"-10;-9.6875;-9.375;-9.0625;-8.75;-8.4375;-8.125;-7.8125;-7.5;-7.1875;-6.875;-6.5625;-6.25;-5.9375;-5.625;-5.3125;-5;-4.6875;-4.375;-4.0625;-3.75;-3.4375;-3.125;-2.8125;-2.5;-2.1875;-1.875;-1.5625;-1.25;-0.9375;-0.625;-0.3125;0;0.3125;0.625;0.9375;1.25;1.5625;1.875;2.1875;2.5;2.8125;3.125;3.4375;3.75;4.0625;4.375;4.6875;5;5.3125;5.625;5.9375;6.25;6.5625;6.875;7.1875;7.5;7.8125;8.125;8.4375;8.75;9.0625;9.375;9.6875;10","0;0;0;0;0;0;0;0;0;0;0;0;0;0;0;0;0;0;0;0;0;0;0;0;0;0;0;0;0;0;0;116632;39450;15758;2767;735;146;0;0;0;0;0;0;0;0;0;0;0;0;0;0;0;0;0;0;0;0;0;0;0;0;0;0;0",175488
66,8,"LeakyReLULayer( 0.050000 )",pre_activation,"-10;-9.6875;-9.375;-9.0625;-8.75;-8.4375;-8.125;-7.8125;-7.5;-7.1875;-6.875;-6.5625;-6.25;-5.9375;-5.625;-5.3125;-5;-4.6875;-4.375;-4.0625;-3.75;-3.4375;-3.125;-2.8125;-2.5;-2.1875;-1.875;-1.5625;-1.25;-0.9375;-0.625;-0.3125;0;0.3125;0.625;0.9375;1.25;1.5625;1.875;2.1875;2.5;2.8125;3.125;3.4375;3.75;4.0625;4.375;4.6875;5;5.3125;5.625;5.9375;6.25;6.5625;6.875;7.1875;7.5;7.8125;8.125;8.4375;8.75;9.0625;9.375;9.6875;10","0;0;0;0;0;0;0;0;0;0;0;0;0;0;0;0;0;0;0;0;0;0;0;0;0;1;15;136;705;3114;9656;34824;30961;6326;1572;384;45;5;0;0;0;0;0;0;0;0;0;0;0;0;0;0;0;0;0;0;0;0;0;0;0;0;0;0",87744
66,8,"LeakyReLULayer( 0.050000 )",post_activation,"-10;-9.6875;-9.375;-9.0625;-8.75;-8.4375;-8.125;-7.8125;-7.5;-7.1875;-6.875;-6.5625;-6.25;-5.9375;-5.625;-5.3125;-5;-4.6875;-4.375;-4.0625;-3.75;-3.4375;-3.125;-2.8125;-2.5;-2.1875;-1.875;-1.5625;-1.25;-0.9375;-0.625;-0.3125;0;0.3125;0.625;0.9375;1.25;1.5625;1.875;2.1875;2.5;2.8125;3.125;3.4375;3.75;4.0625;4.375;4.6875;5;5.3125;5.625;5.9375;6.25;6.5625;6.875;7.1875;7.5;7.8125;8.125;8.4375;8.75;9.0625;9.375;9.6875;10","0;0;0;0;0;0;0;0;0;0;0;0;0;0;0;0;0;0;0;0;0;0;0;0;0;0;0;0;0;0;0;48451;30961;6326;1572;384;45;5;0;0;0;0;0;0;0;0;0;0;0;0;0;0;0;0;0;0;0;0;0;0;0;0;0;0",87744
67,1,"LeakyReLULayer( 0.050000 )",pre_activation,"-10;-9.6875;-9.375;-9.0625;-8.75;-8.4375;-8.125;-7.8125;-7.5;-7.1875;-6.875;-6.5625;-6.25;-5.9375;-5.625;-5.3125;-5;-4.6875;-4.375;-4.0625;-3.75;-3.4375;-3.125;-2.8125;-2.5;-2.1875;-1.875;-1.5625;-1.25;-0.9375;-0.625;-0.3125;0;0.3125;0.625;0.9375;1.25;1.5625;1.875;2.1875;2.5;2.8125;3.125;3.4375;3.75;4.0625;4.375;4.6875;5;5.3125;5.625;5.9375;6.25;6.5625;6.875;7.1875;7.5;7.8125;8.125;8.4375;8.75;9.0625;9.375;9.6875;10","0;0;0;0;0;0;0;0;0;0;0;0;0;0;0;0;0;0;0;0;15;350;1464;4072;8588;17877;45658;106233;288038;720581;1367789;2374254;2286239;1418758;808782;255690;113107;46599;7106;0;0;0;0;0;0;0;0;0;0;0;0;0;0;0;0;0;0;0;0;0;0;0;0;0",9871200
67,1,"LeakyReLULayer( 0.050000 )",post_activation,"-10;-9.6875;-9.375;-9.0625;-8.75;-8.4375;-8.125;-7.8125;-7.5;-7.1875;-6.875;-6.5625;-6.25;-5.9375;-5.625;-5.3125;-5;-4.6875;-4.375;-4.0625;-3.75;-3.4375;-3.125;-2.8125;-2.5;-2.1875;-1.875;-1.5625;-1.25;-0.9375;-0.625;-0.3125;0;0.3125;0.625;0.9375;1.25;1.5625;1.875;2.1875;2.5;2.8125;3.125;3.4375;3.75;4.0625;4.375;4.6875;5;5.3125;5.625;5.9375;6.25;6.5625;6.875;7.1875;7.5;7.8125;8.125;8.4375;8.75;9.0625;9.375;9.6875;10","0;0;0;0;0;0;0;0;0;0;0;0;0;0;0;0;0;0;0;0;0;0;0;0;0;0;0;0;0;0;0;4934919;2286239;1418758;808782;255690;113107;46599;7106;0;0;0;0;0;0;0;0;0;0;0;0;0;0;0;0;0;0;0;0;0;0;0;0;0",9871200
67,5,"LeakyReLULayer( 0.050000 )",pre_activation,"-10;-9.6875;-9.375;-9.0625;-8.75;-8.4375;-8.125;-7.8125;-7.5;-7.1875;-6.875;-6.5625;-6.25;-5.9375;-5.625;-5.3125;-5;-4.6875;-4.375;-4.0625;-3.75;-3.4375;-3.125;-2.8125;-2.5;-2.1875;-1.875;-1.5625;-1.25;-0.9375;-0.625;-0.3125;0;0.3125;0.625;0.9375;1.25;1.5625;1.875;2.1875;2.5;2.8125;3.125;3.4375;3.75;4.0625;4.375;4.6875;5;5.3125;5.625;5.9375;6.25;6.5625;6.875;7.1875;7.5;7.8125;8.125;8.4375;8.75;9.0625;9.375;9.6875;10","0;0;0;0;0;0;0;0;0;0;0;0;0;0;0;0;0;0;0;0;0;0;76;134;595;1136;2255;4056;8085;17131;32608;50411;39945;15464;2663;762;167;0;0;0;0;0;0;0;0;0;0;0;0;0;0;0;0;0;0;0;0;0;0;0;0;0;0;0",175488
67,5,"LeakyReLULayer( 0.050000 )",post_activation,"-10;-9.6875;-9.375;-9.0625;-8.75;-8.4375;-8.125;-7.8125;-7.5;-7.1875;-6.875;-6.5625;-6.25;-5.9375;-5.625;-5.3125;-5;-4.6875;-4.375;-4.0625;-3.75;-3.4375;-3.125;-2.8125;-2.5;-2.1875;-1.875;-1.5625;-1.25;-0.9375;-0.625;-0.3125;0;0.3125;0.625;0.9375;1.25;1.5625;1.875;2.1875;2.5;2.8125;3.125;3.4375;3.75;4.0625;4.375;4.6875;5;5.3125;5.625;5.9375;6.25;6.5625;6.875;7.1875;7.5;7.8125;8.125;8.4375;8.75;9.0625;9.375;9.6875;10","0;0;0;0;0;0;0;0;0;0;0;0;0;0;0;0;0;0;0;0;0;0;0;0;0;0;0;0;0;0;0;116487;39945;15464;2663;762;167;0;0;0;0;0;0;0;0;0;0;0;0;0;0;0;0;0;0;0;0;0;0;0;0;0;0;0",175488
67,8,"LeakyReLULayer( 0.050000 )",pre_activation,"-10;-9.6875;-9.375;-9.0625;-8.75;-8.4375;-8.125;-7.8125;-7.5;-7.1875;-6.875;-6.5625;-6.25;-5.9375;-5.625;-5.3125;-5;-4.6875;-4.375;-4.0625;-3.75;-3.4375;-3.125;-2.8125;-2.5;-2.1875;-1.875;-1.5625;-1.25;-0.9375;-0.625;-0.3125;0;0.3125;0.625;0.9375;1.25;1.5625;1.875;2.1875;2.5;2.8125;3.125;3.4375;3.75;4.0625;4.375;4.6875;5;5.3125;5.625;5.9375;6.25;6.5625;6.875;7.1875;7.5;7.8125;8.125;8.4375;8.75;9.0625;9.375;9.6875;10","0;0;0;0;0;0;0;0;0;0;0;0;0;0;0;0;0;0;0;0;0;0;0;0;0;1;17;126;761;3054;9918;34545;30971;6273;1601;417;55;4;1;0;0;0;0;0;0;0;0;0;0;0;0;0;0;0;0;0;0;0;0;0;0;0;0;0",87744
67,8,"LeakyReLULayer( 0.050000 )",post_activation,"-10;-9.6875;-9.375;-9.0625;-8.75;-8.4375;-8.125;-7.8125;-7.5;-7.1875;-6.875;-6.5625;-6.25;-5.9375;-5.625;-5.3125;-5;-4.6875;-4.375;-4.0625;-3.75;-3.4375;-3.125;-2.8125;-2.5;-2.1875;-1.875;-1.5625;-1.25;-0.9375;-0.625;-0.3125;0;0.3125;0.625;0.9375;1.25;1.5625;1.875;2.1875;2.5;2.8125;3.125;3.4375;3.75;4.0625;4.375;4.6875;5;5.3125;5.625;5.9375;6.25;6.5625;6.875;7.1875;7.5;7.8125;8.125;8.4375;8.75;9.0625;9.375;9.6875;10","0;0;0;0;0;0;0;0;0;0;0;0;0;0;0;0;0;0;0;0;0;0;0;0;0;0;0;0;0;0;0;48422;30971;6273;1601;417;55;4;1;0;0;0;0;0;0;0;0;0;0;0;0;0;0;0;0;0;0;0;0;0;0;0;0;0",87744
68,1,"LeakyReLULayer( 0.050000 )",pre_activation,"-10;-9.6875;-9.375;-9.0625;-8.75;-8.4375;-8.125;-7.8125;-7.5;-7.1875;-6.875;-6.5625;-6.25;-5.9375;-5.625;-5.3125;-5;-4.6875;-4.375;-4.0625;-3.75;-3.4375;-3.125;-2.8125;-2.5;-2.1875;-1.875;-1.5625;-1.25;-0.9375;-0.625;-0.3125;0;0.3125;0.625;0.9375;1.25;1.5625;1.875;2.1875;2.5;2.8125;3.125;3.4375;3.75;4.0625;4.375;4.6875;5;5.3125;5.625;5.9375;6.25;6.5625;6.875;7.1875;7.5;7.8125;8.125;8.4375;8.75;9.0625;9.375;9.6875;10","0;0;0;0;0;0;0;0;0;0;0;0;0;0;0;0;0;0;0;0;15;350;1466;4072;8589;17889;45688;106288;288177;720811;1368068;2373383;2285643;1418864;809111;255935;113127;46617;7107;0;0;0;0;0;0;0;0;0;0;0;0;0;0;0;0;0;0;0;0;0;0;0;0;0",9871200
68,1,"LeakyReLULayer( 0.050000 )",post_activation,"-10;-9.6875;-9.375;-9.0625;-8.75;-8.4375;-8.125;-7.8125;-7.5;-7.1875;-6.875;-6.5625;-6.25;-5.9375;-5.625;-5.3125;-5;-4.6875;-4.375;-4.0625;-3.75;-3.4375;-3.125;-2.8125;-2.5;-2.1875;-1.875;-1.5625;-1.25;-0.9375;-0.625;-0.3125;0;0.3125;0.625;0.9375;1.25;1.5625;1.875;2.1875;2.5;2.8125;3.125;3.4375;3.75;4.0625;4.375;4.6875;5;5.3125;5.625;5.9375;6.25;6.5625;6.875;7.1875;7.5;7.8125;8.125;8.4375;8.75;9.0625;9.375;9.6875;10","0;0;0;0;0;0;0;0;0;0;0;0;0;0;0;0;0;0;0;0;0;0;0;0;0;0;0;0;0;0;0;4934796;2285643;1418864;809111;255935;113127;46617;7107;0;0;0;0;0;0;0;0;0;0;0;0;0;0;0;0;0;0;0;0;0;0;0;0;0",9871200
68,5,"LeakyReLULayer( 0.050000 )",pre_activation,"-10;-9.6875;-9.375;-9.0625;-8.75;-8.4375;-8.125;-7.8125;-7.5;-7.1875;-6.875;-6.5625;-6.25;-5.9375;-5.625;-5.3125;-5;-4.6875;-4.375;-4.0625;-3.75;-3.4375;-3.125;-2.8125;-2.5;-2.1875;-1.875;-1.5625;-1.25;-0.9375;-0.625;-0.3125;0;0.3125;0.625;0.9375;1.25;1.5625;1.875;2.1875;2.5;2.8125;3.125;3.4375;3.75;4.0625;4.375;4.6875;5;5.3125;5.625;5.9375;6.25;6.5625;6.875;7.1875;7.5;7.8125;8.125;8.4375;8.75;9.0625;9.375;9.6875;10","0;0;0;0;0;0;0;0;0;0;0;0;0;0;0;0;0;0;0;0;0;8;78;165;589;1145;2242;4040;8051;17421;32673;50323;39825;15093;2874;771;188;2;0;0;0;0;0;0;0;0;0;0;0;0;0;0;0;0;0;0;0;0;0;0;0;0;0;0",175488
68,5,"LeakyReLULayer( 0.050000 )",post_activation,"-10;-9.6875;-9.375;-9.0625;-8.75;-8.4375;-8.125;-7.8125;-7.5;-7.1875;-6.875;-6.5625;-6.25;-5.9375;-5.625;-5.3125;-5;-4.6875;-4.375;-4.0625;-3.75;-3.4375;-3.125;-2.8125;-2.5;-2.1875;-1.875;-1.5625;-1.25;-0.9375;-0.625;-0.3125;0;0.3125;0.625;0.9375;1.25;1.5625;1.875;2.1875;2.5;2.8125;3.125;3.4375;3.75;4.0625;4.375;4.6875;5;5.3125;5.625;5.9375;6.25;6.5625;6.875;7.1875;7.5;7.8125;8.125;8.4375;8.75;9.0625;9.375;9.6875;10","0;0;0;0;0;0;0;0;0;0;0;0;0;0;0;0;0;0;0;0;0;0;0;0;0;0;0;0;0;0;0;116735;39825;15093;2874;771;188;2;0;0;0;0;0;0;0;0;0;0;0;0;0;0;0;0;0;0;0;0;0;0;0;0;0;0",175488
68,8,"LeakyReLULayer( 0.050000 )",pre_activation,"-10;-9.6875;-9.375;-9.0625;-8.75;-8.4375;-8.125;-7.8125;-7.5;-7.1875;-6.875;-6.5625;-6.25;-5.9375;-5.625;-5.3125;-5;-4.6875;-4.375;-4.0625;-3.75;-3.4375;-3.125;-2.8125;-2.5;-2.1875;-1.875;-1.5625;-1.25;-0.9375;-0.625;-0.3125;0;0.3125;0.625;0.9375;1.25;1.5625;1.875;2.1875;2.5;2.8125;3.125;3.4375;3.75;4.0625;4.375;4.6875;5;5.3125;5.625;5.9375;6.25;6.5625;6.875;7.1875;7.5;7.8125;8.125;8.4375;8.75;9.0625;9.375;9.6875;10","0;0;0;0;0;0;0;0;0;0;0;0;0;0;0;0;0;0;0;0;0;0;0;0;0;2;12;151;838;3086;9671;34746;30734;6313;1669;449;70;3;0;0;0;0;0;0;0;0;0;0;0;0;0;0;0;0;0;0;0;0;0;0;0;0;0;0",87744
68,8,"LeakyReLULayer( 0.050000 )",post_activation,"-10;-9.6875;-9.375;-9.0625;-8.75;-8.4375;-8.125;-7.8125;-7.5;-7.1875;-6.875;-6.5625;-6.25;-5.9375;-5.625;-5.3125;-5;-4.6875;-4.375;-4.0625;-3.75;-3.4375;-3.125;-2.8125;-2.5;-2.1875;-1.875;-1.5625;-1.25;-0.9375;-0.625;-0.3125;0;0.3125;0.625;0.9375;1.25;1.5625;1.875;2.1875;2.5;2.8125;3.125;3.4375;3.75;4.0625;4.375;4.6875;5;5.3125;5.625;5.9375;6.25;6.5625;6.875;7.1875;7.5;7.8125;8.125;8.4375;8.75;9.0625;9.375;9.6875;10","0;0;0;0;0;0;0;0;0;0;0;0;0;0;0;0;0;0;0;0;0;0;0;0;0;0;0;0;0;0;0;48506;30734;6313;1669;449;70;3;0;0;0;0;0;0;0;0;0;0;0;0;0;0;0;0;0;0;0;0;0;0;0;0;0;0",87744
69,1,"LeakyReLULayer( 0.050000 )",pre_activation,"-10;-9.6875;-9.375;-9.0625;-8.75;-8.4375;-8.125;-7.8125;-7.5;-7.1875;-6.875;-6.5625;-6.25;-5.9375;-5.625;-5.3125;-5;-4.6875;-4.375;-4.0625;-3.75;-3.4375;-3.125;-2.8125;-2.5;-2.1875;-1.875;-1.5625;-1.25;-0.9375;-0.625;-0.3125;0;0.3125;0.625;0.9375;1.25;1.5625;1.875;2.1875;2.5;2.8125;3.125;3.4375;3.75;4.0625;4.375;4.6875;5;5.3125;5.625;5.9375;6.25;6.5625;6.875;7.1875;7.5;7.8125;8.125;8.4375;8.75;9.0625;9.375;9.6875;10","0;0;0;0;0;0;0;0;0;0;0;0;0;0;0;0;0;0;0;0;15;348;1463;4074;8580;17870;45666;106215;287882;720651;1367423;2374792;2286787;1418063;808970;255701;113051;46553;7096;0;0;0;0;0;0;0;0;0;0;0;0;0;0;0;0;0;0;0;0;0;0;0;0;0",9871200
69,1,"LeakyReLULayer( 0.050000 )",post_activation,"-10;-9.6875;-9.375;-9.0625;-8.75;-8.4375;-8.125;-7.8125;-7.5;-7.1875;-6.875;-6.5625;-6.25;-5.9375;-5.625;-5.3125;-5;-4.6875;-4.375;-4.0625;-3.75;-3.4375;-3.125;-2.8125;-2.5;-2.1875;-1.875;-1.5625;-1.25;-0.9375;-0.625;-0.3125;0;0.3125;0.625;0.9375;1.25;1.5625;1.875;2.1875;2.5;2.8125;3.125;3.4375;3.75;4.0625;4.375;4.6875;5;5.3125;5.625;5.9375;6.25;6.5625;6.875;7.1875;7.5;7.8125;8.125;8.4375;8.75;9.0625;9.375;9.6875;10","0;0;0;0;0;0;0;0;0;0;0;0;0;0;0;0;0;0;0;0;0;0;0;0;0;0;0;0;0;0;0;4934979;2286787;1418063;808970;255701;113051;46553;7096;0;0;0;0;0;0;0;0;0;0;0;0;0;0;0;0;0;0;0;0;0;0;0;0;0",9871200
69,5,"LeakyReLULayer( 0.050000 )",pre_activation,"-10;-9.6875;-9.375;-9.0625;-8.75;-8.4375;-8.125;-7.8125;-7.5;-7.1875;-6.875;-6.5625;-6.25;-5.9375;-5.625;-5.3125;-5;-4.6875;-4.375;-4.0625;-3.75;-3.4375;-3.125;-2.8125;-2.5;-2.1875;-1.875;-1.5625;-1.25;-0.9375;-0.625;-0.3125;0;0.3125;0.625;0.9375;1.25;1.5625;1.875;2.1875;2.5;2.8125;3.125;3.4375;3.75;4.0625;4.375;4.6875;5;5.3125;5.625;5.9375;6.25;6.5625;6.875;7.1875;7.5;7.8125;8.125;8.4375;8.75;9.0625;9.375;9.6875;10","0;0;0;0;0;0;0;0;0;0;0;0;0;0;0;0;0;0;0;0;0;23;86;199;622;1107;2237;4006;8028;17646;32545;50256;39677;15291;2881;700;176;8;0;0;0;0;0;0;0;0;0;0;0;0;0;0;0;0;0;0;0;0;0;0;0;0;0;0",175488
69,5,"LeakyReLULayer( 0.050000 )",post_activation,"-10;-9.6875;-9.375;-9.0625;-8.75;-8.4375;-8.125;-7.8125;-7.5;-7.1875;-6.875;-6.5625;-6.25;-5.9375;-5.625;-5.3125;-5;-4.6875;-4.375;-4.0625;-3.75;-3.4375;-3.125;-2.8125;-2.5;-2.1875;-1.875;-1.5625;-1.25;-0.9375;-0.625;-0.3125;0;0.3125;0.625;0.9375;1.25;1.5625;1.875;2.1875;2.5;2.8125;3.125;3.4375;3.75;4.0625;4.375;4.6875;5;5.3125;5.625;5.9375;6.25;6.5625;6.875;7.1875;7.5;7.8125;8.125;8.4375;8.75;9.0625;9.375;9.6875;10","0;0;0;0;0;0;0;0;0;0;0;0;0;0;0;0;0;0;0;0;0;0;0;0;0;0;0;0;0;0;0;116755;39677;15291;2881;700;176;8;0;0;0;0;0;0;0;0;0;0;0;0;0;0;0;0;0;0;0;0;0;0;0;0;0;0",175488
69,8,"LeakyReLULayer( 0.050000 )",pre_activation,"-10;-9.6875;-9.375;-9.0625;-8.75;-8.4375;-8.125;-7.8125;-7.5;-7.1875;-6.875;-6.5625;-6.25;-5.9375;-5.625;-5.3125;-5;-4.6875;-4.375;-4.0625;-3.75;-3.4375;-3.125;-2.8125;-2.5;-2.1875;-1.875;-1.5625;-1.25;-0.9375;-0.625;-0.3125;0;0.3125;0.625;0.9375;1.25;1.5625;1.875;2.1875;2.5;2.8125;3.125;3.4375;3.75;4.0625;4.375;4.6875;5;5.3125;5.625;5.9375;6.25;6.5625;6.875;7.1875;7.5;7.8125;8.125;8.4375;8.75;9.0625;9.375;9.6875;10","0;0;0;0;0;0;0;0;0;0;0;0;0;0;0;0;0;0;0;0;0;0;0;0;0;0;9;145;797;3052;9598;35047;30628;6430;1592;390;50;6;0;0;0;0;0;0;0;0;0;0;0;0;0;0;0;0;0;0;0;0;0;0;0;0;0;0",87744
69,8,"LeakyReLULayer( 0.050000 )",post_activation,"-10;-9.6875;-9.375;-9.0625;-8.75;-8.4375;-8.125;-7.8125;-7.5;-7.1875;-6.875;-6.5625;-6.25;-5.9375;-5.625;-5.3125;-5;-4.6875;-4.375;-4.0625;-3.75;-3.4375;-3.125;-2.8125;-2.5;-2.1875;-1.875;-1.5625;-1.25;-0.9375;-0.625;-0.3125;0;0.3125;0.625;0.9375;1.25;1.5625;1.875;2.1875;2.5;2.8125;3.125;3.4375;3.75;4.0625;4.375;4.6875;5;5.3125;5.625;5.9375;6.25;6.5625;6.875;7.1875;7.5;7.8125;8.125;8.4375;8.75;9.0625;9.375;9.6875;10","0;0;0;0;0;0;0;0;0;0;0;0;0;0;0;0;0;0;0;0;0;0;0;0;0;0;0;0;0;0;0;48648;30628;6430;1592;390;50;6;0;0;0;0;0;0;0;0;0;0;0;0;0;0;0;0;0;0;0;0;0;0;0;0;0;0",87744
70,1,"LeakyReLULayer( 0.050000 )",pre_activation,"-10;-9.6875;-9.375;-9.0625;-8.75;-8.4375;-8.125;-7.8125;-7.5;-7.1875;-6.875;-6.5625;-6.25;-5.9375;-5.625;-5.3125;-5;-4.6875;-4.375;-4.0625;-3.75;-3.4375;-3.125;-2.8125;-2.5;-2.1875;-1.875;-1.5625;-1.25;-0.9375;-0.625;-0.3125;0;0.3125;0.625;0.9375;1.25;1.5625;1.875;2.1875;2.5;2.8125;3.125;3.4375;3.75;4.0625;4.375;4.6875;5;5.3125;5.625;5.9375;6.25;6.5625;6.875;7.1875;7.5;7.8125;8.125;8.4375;8.75;9.0625;9.375;9.6875;10","0;0;0;0;0;0;0;0;0;0;0;0;0;0;0;0;0;0;0;0;15;343;1464;4051;8571;17829;45641;106166;287854;721159;1367554;2374365;2285508;1419010;809587;255673;112997;46371;7042;0;0;0;0;0;0;0;0;0;0;0;0;0;0;0;0;0;0;0;0;0;0;0;0;0",9871200
70,1,"LeakyReLULayer( 0.050000 )",post_activation,"-10;-9.6875;-9.375;-9.0625;-8.75;-8.4375;-8.125;-7.8125;-7.5;-7.1875;-6.875;-6.5625;-6.25;-5.9375;-5.625;-5.3125;-5;-4.6875;-4.375;-4.0625;-3.75;-3.4375;-3.125;-2.8125;-2.5;-2.1875;-1.875;-1.5625;-1.25;-0.9375;-0.625;-0.3125;0;0.3125;0.625;0.9375;1.25;1.5625;1.875;2.1875;2.5;2.8125;3.125;3.4375;3.75;4.0625;4.375;4.6875;5;5.3125;5.625;5.9375;6.25;6.5625;6.875;7.1875;7.5;7.8125;8.125;8.4375;8.75;9.0625;9.375;9.6875;10","0;0;0;0;0;0;0;0;0;0;0;0;0;0;0;0;0;0;0;0;0;0;0;0;0;0;0;0;0;0;0;4935012;2285508;1419010;809587;255673;112997;46371;7042;0;0;0;0;0;0;0;0;0;0;0;0;0;0;0;0;0;0;0;0;0;0;0;0;0",9871200
70,5,"LeakyReLULayer( 0.050000 )",pre_activation,"-10;-9.6875;-9.375;-9.0625;-8.75;-8.4375;-8.125;-7.8125;-7.5;-7.1875;-6.875;-6.5625;-6.25;-5.9375;-5.625;-5.3125;-5;-4.6875;-4.375;-4.0625;-3.75;-3.4375;-3.125;-2.8125;-2.5;-2.1875;-1.875;-1.5625;-1.25;-0.9375;-0.625;-0.3125;0;0.3125;0.625;0.9375;1.25;1.5625;1.875;2.1875;2.5;2.8125;3.125;3.4375;3.75;4.0625;4.375;4.6875;5;5.3125;5.625;5.9375;6.25;6.5625;6.875;7.1875;7.5;7.8125;8.125;8.4375;8.75;9.0625;9.375;9.6875;10","0;0;0;0;0;0;0;0;0;0;0;0;0;0;0;0;0;0;0;0;0;31;85;235;585;1061;2295;3974;7882;17454;32431;50480;39561;15767;2762;710;173;2;0;0;0;0;0;0;0;0;0;0;0;0;0;0;0;0;0;0;0;0;0;0;0;0;0;0",175488
70,5,"LeakyReLULayer( 0.050000 )",post_activation,"-10;-9.6875;-9.375;-9.0625;-8.75;-8.4375;-8.125;-7.8125;-7.5;-7.1875;-6.875;-6.5625;-6.25;-5.9375;-5.625;-5.3125;-5;-4.6875;-4.375;-4.0625;-3.75;-3.4375;-3.125;-2.8125;-2.5;-2.1875;-1.875;-1.5625;-1.25;-0.9375;-0.625;-0.3125;0;0.3125;0.625;0.9375;1.25;1.5625;1.875;2.1875;2.5;2.8125;3.125;3.4375;3.75;4.0625;4.375;4.6875;5;5.3125;5.625;5.9375;6.25;6.5625;6.875;7.1875;7.5;7.8125;8.125;8.4375;8.75;9.0625;9.375;9.6875;10","0;0;0;0;0;0;0;0;0;0;0;0;0;0;0;0;0;0;0;0;0;0;0;0;0;0;0;0;0;0;0;116513;39561;15767;2762;710;173;2;0;0;0;0;0;0;0;0;0;0;0;0;0;0;0;0;0;0;0;0;0;0;0;0;0;0",175488
70,8,"LeakyReLULayer( 0.050000 )",pre_activation,"-10;-9.6875;-9.375;-9.0625;-8.75;-8.4375;-8.125;-7.8125;-7.5;-7.1875;-6.875;-6.5625;-6.25;-5.9375;-5.625;-5.3125;-5;-4.6875;-4.375;-4.0625;-3.75;-3.4375;-3.125;-2.8125;-2.5;-2.1875;-1.875;-1.5625;-1.25;-0.9375;-0.625;-0.3125;0;0.3125;0.625;0.9375;1.25;1.5625;1.875;2.1875;2.5;2.8125;3.125;3.4375;3.75;4.0625;4.375;4.6875;5;5.3125;5.625;5.9375;6.25;6.5625;6.875;7.1875;7.5;7.8125;8.125;8.4375;8.75;9.0625;9.375;9.6875;10","0;0;0;0;0;0;0;0;0;0;0;0;0;0;0;0;0;0;0;0;0;0;0;0;0;0;16;151;781;3078;9824;35071;30267;6442;1691;369;53;1;0;0;0;0;0;0;0;0;0;0;0;0;0;0;0;0;0;0;0;0;0;0;0;0;0;0",87744
70,8,"LeakyReLULayer( 0.050000 )",post_activation,"-10;-9.6875;-9.375;-9.0625;-8.75;-8.4375;-8.125;-7.8125;-7.5;-7.1875;-6.875;-6.5625;-6.25;-5.9375;-5.625;-5.3125;-5;-4.6875;-4.375;-4.0625;-3.75;-3.4375;-3.125;-2.8125;-2.5;-2.1875;-1.875;-1.5625;-1.25;-0.9375;-0.625;-0.3125;0;0.3125;0.625;0.9375;1.25;1.5625;1.875;2.1875;2.5;2.8125;3.125;3.4375;3.75;4.0625;4.375;4.6875;5;5.3125;5.625;5.9375;6.25;6.5625;6.875;7.1875;7.5;7.8125;8.125;8.4375;8.75;9.0625;9.375;9.6875;10","0;0;0;0;0;0;0;0;0;0;0;0;0;0;0;0;0;0;0;0;0;0;0;0;0;0;0;0;0;0;0;48921;30267;6442;1691;369;53;1;0;0;0;0;0;0;0;0;0;0;0;0;0;0;0;0;0;0;0;0;0;0;0;0;0;0",87744
71,1,"LeakyReLULayer( 0.050000 )",pre_activation,"-10;-9.6875;-9.375;-9.0625;-8.75;-8.4375;-8.125;-7.8125;-7.5;-7.1875;-6.875;-6.5625;-6.25;-5.9375;-5.625;-5.3125;-5;-4.6875;-4.375;-4.0625;-3.75;-3.4375;-3.125;-2.8125;-2.5;-2.1875;-1.875;-1.5625;-1.25;-0.9375;-0.625;-0.3125;0;0.3125;0.625;0.9375;1.25;1.5625;1.875;2.1875;2.5;2.8125;3.125;3.4375;3.75;4.0625;4.375;4.6875;5;5.3125;5.625;5.9375;6.25;6.5625;6.875;7.1875;7.5;7.8125;8.125;8.4375;8.75;9.0625;9.375;9.6875;10","0;0;0;0;0;0;0;0;0;0;0;0;0;0;0;0;0;0;0;0;15;348;1460;4065;8582;17852;45688;106362;288157;721741;1367896;2372792;2283827;1419225;810564;256059;113045;46451;7071;0;0;0;0;0;0;0;0;0;0;0;0;0;0;0;0;0;0;0;0;0;0;0;0;0",9871200
71,1,"LeakyReLULayer( 0.050000 )",post_activation,"-10;-9.6875;-9.375;-9.0625;-8.75;-8.4375;-8.125;-7.8125;-7.5;-7.1875;-6.875;-6.5625;-6.25;-5.9375;-5.625;-5.3125;-5;-4.6875;-4.375;-4.0625;-3.75;-3.4375;-3.125;-2.8125;-2.5;-2.1875;-1.875;-1.5625;-1.25;-0.9375;-0.625;-0.3125;0;0.3125;0.625;0.9375;1.25;1.5625;1.875;2.1875;2.5;2.8125;3.125;3.4375;3.75;4.0625;4.375;4.6875;5;5.3125;5.625;5.9375;6.25;6.5625;6.875;7.1875;7.5;7.8125;8.125;8.4375;8.75;9.0625;9.375;9.6875;10","0;0;0;0;0;0;0;0;0;0;0;0;0;0;0;0;0;0;0;0;0;0;0;0;0;0;0;0;0;0;0;4934958;2283827;1419225;810564;256059;113045;46451;7071;0;0;0;0;0;0;0;0;0;0;0;0;0;0;0;0;0;0;0;0;0;0;0;0;0",9871200
71,5,"LeakyReLULayer( 0.050000 )",pre_activation,"-10;-9.6875;-9.375;-9.0625;-8.75;-8.4375;-8.125;-7.8125;-7.5;-7.1875;-6.875;-6.5625;-6.25;-5.9375;-5.625;-5.3125;-5;-4.6875;-4.375;-4.0625;-3.75;-3.4375;-3.125;-2.8125;-2.5;-2.1875;-1.875;-1.5625;-1.25;-0.9375;-0.625;-0.3125;0;0.3125;0.625;0.9375;1.25;1.5625;1.875;2.1875;2.5;2.8125;3.125;3.4375;3.75;4.0625;4.375;4.6875;5;5.3125;5.625;5.9375;6.25;6.5625;6.875;7.1875;7.5;7.8125;8.125;8.4375;8.75;9.0625;9.375;9.6875;10","0;0;0;0;0;0;0;0;0;0;0;0;0;0;0;0;0;0;0;0;0;34;89;256;611;1075;2332;4088;8002;17563;32305;49590;39898;15810;2919;714;196;6;0;0;0;0;0;0;0;0;0;0;0;0;0;0;0;0;0;0;0;0;0;0;0;0;0;0",175488
71,5,"LeakyReLULayer( 0.050000 )",post_activation,"-10;-9.6875;-9.375;-9.0625;-8.75;-8.4375;-8.125;-7.8125;-7.5;-7.1875;-6.875;-6.5625;-6.25;-5.9375;-5.625;-5.3125;-5;-4.6875;-4.375;-4.0625;-3.75;-3.4375;-3.125;-2.8125;-2.5;-2.1875;-1.875;-1.5625;-1.25;-0.9375;-0.625;-0.3125;0;0.3125;0.625;0.9375;1.25;1.5625;1.875;2.1875;2.5;2.8125;3.125;3.4375;3.75;4.0625;4.375;4.6875;5;5.3125;5.625;5.9375;6.25;6.5625;6.875;7.1875;7.5;7.8125;8.125;8.4375;8.75;9.0625;9.375;9.6875;10","0;0;0;0;0;0;0;0;0;0;0;0;0;0;0;0;0;0;0;0;0;0;0;0;0;0;0;0;0;0;0;115945;39898;15810;2919;714;196;6;0;0;0;0;0;0;0;0;0;0;0;0;0;0;0;0;0;0;0;0;0;0;0;0;0;0",175488
71,8,"LeakyReLULayer( 0.050000 )",pre_activation,"-10;-9.6875;-9.375;-9.0625;-8.75;-8.4375;-8.125;-7.8125;-7.5;-7.1875;-6.875;-6.5625;-6.25;-5.9375;-5.625;-5.3125;-5;-4.6875;-4.375;-4.0625;-3.75;-3.4375;-3.125;-2.8125;-2.5;-2.1875;-1.875;-1.5625;-1.25;-0.9375;-0.625;-0.3125;0;0.3125;0.625;0.9375;1.25;1.5625;1.875;2.1875;2.5;2.8125;3.125;3.4375;3.75;4.0625;4.375;4.6875;5;5.3125;5.625;5.9375;6.25;6.5625;6.875;7.1875;7.5;7.8125;8.125;8.4375;8.75;9.0625;9.375;9.6875;10","0;0;0;0;0;0;0;0;0;0;0;0;0;0;0;0;0;0;0;0;0;0;0;0;0;3;16;148;772;3240;9850;34826;30151;6496;1750;430;60;2;0;0;0;0;0;0;0;0;0;0;0;0;0;0;0;0;0;0;0;0;0;0;0;0;0;0",87744
71,8,"LeakyReLULayer( 0.050000 )",post_activation,"-10;-9.6875;-9.375;-9.0625;-8.75;-8.4375;-8.125;-7.8125;-7.5;-7.1875;-6.875;-6.5625;-6.25;-5.9375;-5.625;-5.3125;-5;-4.6875;-4.375;-4.0625;-3.75;-3.4375;-3.125;-2.8125;-2.5;-2.1875;-1.875;-1.5625;-1.25;-0.9375;-0.625;-0.3125;0;0.3125;0.625;0.9375;1.25;1.5625;1.875;2.1875;2.5;2.8125;3.125;3.4375;3.75;4.0625;4.375;4.6875;5;5.3125;5.625;5.9375;6.25;6.5625;6.875;7.1875;7.5;7.8125;8.125;8.4375;8.75;9.0625;9.375;9.6875;10","0;0;0;0;0;0;0;0;0;0;0;0;0;0;0;0;0;0;0;0;0;0;0;0;0;0;0;0;0;0;0;48855;30151;6496;1750;430;60;2;0;0;0;0;0;0;0;0;0;0;0;0;0;0;0;0;0;0;0;0;0;0;0;0;0;0",87744
72,1,"LeakyReLULayer( 0.050000 )",pre_activation,"-10;-9.6875;-9.375;-9.0625;-8.75;-8.4375;-8.125;-7.8125;-7.5;-7.1875;-6.875;-6.5625;-6.25;-5.9375;-5.625;-5.3125;-5;-4.6875;-4.375;-4.0625;-3.75;-3.4375;-3.125;-2.8125;-2.5;-2.1875;-1.875;-1.5625;-1.25;-0.9375;-0.625;-0.3125;0;0.3125;0.625;0.9375;1.25;1.5625;1.875;2.1875;2.5;2.8125;3.125;3.4375;3.75;4.0625;4.375;4.6875;5;5.3125;5.625;5.9375;6.25;6.5625;6.875;7.1875;7.5;7.8125;8.125;8.4375;8.75;9.0625;9.375;9.6875;10","0;0;0;0;0;0;0;0;0;0;0;0;0;0;0;0;0;0;0;0;15;347;1462;4066;8575;17860;45709;106304;288059;721237;1367920;2373400;2284532;1419339;809736;256050;113075;46449;7065;0;0;0;0;0;0;0;0;0;0;0;0;0;0;0;0;0;0;0;0;0;0;0;0;0",9871200
72,1,"LeakyReLULayer( 0.050000 )",post_activation,"-10;-9.6875;-9.375;-9.0625;-8.75;-8.4375;-8.125;-7.8125;-7.5;-7.1875;-6.875;-6.5625;-6.25;-5.9375;-5.625;-5.3125;-5;-4.6875;-4.375;-4.0625;-3.75;-3.4375;-3.125;-2.8125;-2.5;-2.1875;-1.875;-1.5625;-1.25;-0.9375;-0.625;-0.3125;0;0.3125;0.625;0.9375;1.25;1.5625;1.875;2.1875;2.5;2.8125;3.125;3.4375;3.75;4.0625;4.375;4.6875;5;5.3125;5.625;5.9375;6.25;6.5625;6.875;7.1875;7.5;7.8125;8.125;8.4375;8.75;9.0625;9.375;9.6875;10","0;0;0;0;0;0;0;0;0;0;0;0;0;0;0;0;0;0;0;0;0;0;0;0;0;0;0;0;0;0;0;4934954;2284532;1419339;809736;256050;113075;46449;7065;0;0;0;0;0;0;0;0;0;0;0;0;0;0;0;0;0;0;0;0;0;0;0;0;0",9871200
72,5,"LeakyReLULayer( 0.050000 )",pre_activation,"-10;-9.6875;-9.375;-9.0625;-8.75;-8.4375;-8.125;-7.8125;-7.5;-7.1875;-6.875;-6.5625;-6.25;-5.9375;-5.625;-5.3125;-5;-4.6875;-4.375;-4.0625;-3.75;-3.4375;-3.125;-2.8125;-2.5;-2.1875;-1.875;-1.5625;-1.25;-0.9375;-0.625;-0.3125;0;0.3125;0.625;0.9375;1.25;1.5625;1.875;2.1875;2.5;2.8125;3.125;3.4375;3.75;4.0625;4.375;4.6875;5;5.3125;5.625;5.9375;6.25;6.5625;6.875;7.1875;7.5;7.8125;8.125;8.4375;8.75;9.0625;9.375;9.6875;10","0;0;0;0;0;0;0;0;0;0;0;0;0;0;0;0;0;0;0;0;0;35;86;278;636;1101;2358;4183;8012;17647;32441;49310;39861;15592;3078;655;202;13;0;0;0;0;0;0;0;0;0;0;0;0;0;0;0;0;0;0;0;0;0;0;0;0;0;0",175488
72,5,"LeakyReLULayer( 0.050000 )",post_activation,"-10;-9.6875;-9.375;-9.0625;-8.75;-8.4375;-8.125;-7.8125;-7.5;-7.1875;-6.875;-6.5625;-6.25;-5.9375;-5.625;-5.3125;-5;-4.6875;-4.375;-4.0625;-3.75;-3.4375;-3.125;-2.8125;-2.5;-2.1875;-1.875;-1.5625;-1.25;-0.9375;-0.625;-0.3125;0;0.3125;0.625;0.9375;1.25;1.5625;1.875;2.1875;2.5;2.8125;3.125;3.4375;3.75;4.0625;4.375;4.6875;5;5.3125;5.625;5.9375;6.25;6.5625;6.875;7.1875;7.5;7.8125;8.125;8.4375;8.75;9.0625;9.375;9.6875;10","0;0;0;0;0;0;0;0;0;0;0;0;0;0;0;0;0;0;0;0;0;0;0;0;0;0;0;0;0;0;0;116087;39861;15592;3078;655;202;13;0;0;0;0;0;0;0;0;0;0;0;0;0;0;0;0;0;0;0;0;0;0;0;0;0;0",175488
72,8,"LeakyReLULayer( 0.050000 )",pre_activation,"-10;-9.6875;-9.375;-9.0625;-8.75;-8.4375;-8.125;-7.8125;-7.5;-7.1875;-6.875;-6.5625;-6.25;-5.9375;-5.625;-5.3125;-5;-4.6875;-4.375;-4.0625;-3.75;-3.4375;-3.125;-2.8125;-2.5;-2.1875;-1.875;-1.5625;-1.25;-0.9375;-0.625;-0.3125;0;0.3125;0.625;0.9375;1.25;1.5625;1.875;2.1875;2.5;2.8125;3.125;3.4375;3.75;4.0625;4.375;4.6875;5;5.3125;5.625;5.9375;6.25;6.5625;6.875;7.1875;7.5;7.8125;8.125;8.4375;8.75;9.0625;9.375;9.6875;10","0;0;0;0;0;0;0;0;0;0;0;0;0;0;0;0;0;0;0;0;0;0;0;0;0;0;19;146;849;3041;9887;34166;30759;6666;1726;414;66;4;1;0;0;0;0;0;0;0;0;0;0;0;0;0;0;0;0;0;0;0;0;0;0;0;0;0",87744
72,8,"LeakyReLULayer( 0.050000 )",post_activation,"-10;-9.6875;-9.375;-9.0625;-8.75;-8.4375;-8.125;-7.8125;-7.5;-7.1875;-6.875;-6.5625;-6.25;-5.9375;-5.625;-5.3125;-5;-4.6875;-4.375;-4.0625;-3.75;-3.4375;-3.125;-2.8125;-2.5;-2.1875;-1.875;-1.5625;-1.25;-0.9375;-0.625;-0.3125;0;0.3125;0.625;0.9375;1.25;1.5625;1.875;2.1875;2.5;2.8125;3.125;3.4375;3.75;4.0625;4.375;4.6875;5;5.3125;5.625;5.9375;6.25;6.5625;6.875;7.1875;7.5;7.8125;8.125;8.4375;8.75;9.0625;9.375;9.6875;10","0;0;0;0;0;0;0;0;0;0;0;0;0;0;0;0;0;0;0;0;0;0;0;0;0;0;0;0;0;0;0;48108;30759;6666;1726;414;66;4;1;0;0;0;0;0;0;0;0;0;0;0;0;0;0;0;0;0;0;0;0;0;0;0;0;0",87744
73,1,"LeakyReLULayer( 0.050000 )",pre_activation,"-10;-9.6875;-9.375;-9.0625;-8.75;-8.4375;-8.125;-7.8125;-7.5;-7.1875;-6.875;-6.5625;-6.25;-5.9375;-5.625;-5.3125;-5;-4.6875;-4.375;-4.0625;-3.75;-3.4375;-3.125;-2.8125;-2.5;-2.1875;-1.875;-1.5625;-1.25;-0.9375;-0.625;-0.3125;0;0.3125;0.625;0.9375;1.25;1.5625;1.875;2.1875;2.5;2.8125;3.125;3.4375;3.75;4.0625;4.375;4.6875;5;5.3125;5.625;5.9375;6.25;6.5625;6.875;7.1875;7.5;7.8125;8.125;8.4375;8.75;9.0625;9.375;9.6875;10","0;0;0;0;0;0;0;0;0;0;0;0;0;0;0;0;0;0;0;0;15;342;1461;4045;8569;17852;45725;106312;288398;721413;1368581;2372102;2283426;1420057;809873;256531;113157;46314;7027;0;0;0;0;0;0;0;0;0;0;0;0;0;0;0;0;0;0;0;0;0;0;0;0;0",9871200
73,1,"LeakyReLULayer( 0.050000 )",post_activation,"-10;-9.6875;-9.375;-9.0625;-8.75;-8.4375;-8.125;-7.8125;-7.5;-7.1875;-6.875;-6.5625;-6.25;-5.9375;-5.625;-5.3125;-5;-4.6875;-4.375;-4.0625;-3.75;-3.4375;-3.125;-2.8125;-2.5;-2.1875;-1.875;-1.5625;-1.25;-0.9375;-0.625;-0.3125;0;0.3125;0.625;0.9375;1.25;1.5625;1.875;2.1875;2.5;2.8125;3.125;3.4375;3.75;4.0625;4.375;4.6875;5;5.3125;5.625;5.9375;6.25;6.5625;6.875;7.1875;7.5;7.8125;8.125;8.4375;8.75;9.0625;9.375;9.6875;10","0;0;0;0;0;0;0;0;0;0;0;0;0;0;0;0;0;0;0;0;0;0;0;0;0;0;0;0;0;0;0;4934815;2283426;1420057;809873;256531;113157;46314;7027;0;0;0;0;0;0;0;0;0;0;0;0;0;0;0;0;0;0;0;0;0;0;0;0;0",9871200
73,5,"LeakyReLULayer( 0.050000 )",pre_activation,"-10;-9.6875;-9.375;-9.0625;-8.75;-8.4375;-8.125;-7.8125;-7.5;-7.1875;-6.875;-6.5625;-6.25;-5.9375;-5.625;-5.3125;-5;-4.6875;-4.375;-4.0625;-3.75;-3.4375;-3.125;-2.8125;-2.5;-2.1875;-1.875;-1.5625;-1.25;-0.9375;-0.625;-0.3125;0;0.3125;0.625;0.9375;1.25;1.5625;1.875;2.1875;2.5;2.8125;3.125;3.4375;3.75;4.0625;4.375;4.6875;5;5.3125;5.625;5.9375;6.25;6.5625;6.875;7.1875;7.5;7.8125;8.125;8.4375;8.75;9.0625;9.375;9.6875;10","0;0;0;0;0;0;0;0;0;0;0;0;0;0;0;0;0;0;0;0;0;36;86;283;614;1143;2424;4297;8092;17858;32903;49251;38962;15868;2818;643;190;20;0;0;0;0;0;0;0;0;0;0;0;0;0;0;0;0;0;0;0;0;0;0;0;0;0;0",175488
73,5,"LeakyReLULayer( 0.050000 )",post_activation,"-10;-9.6875;-9.375;-9.0625;-8.75;-8.4375;-8.125;-7.8125;-7.5;-7.1875;-6.875;-6.5625;-6.25;-5.9375;-5.625;-5.3125;-5;-4.6875;-4.375;-4.0625;-3.75;-3.4375;-3.125;-2.8125;-2.5;-2.1875;-1.875;-1.5625;-1.25;-0.9375;-0.625;-0.3125;0;0.3125;0.625;0.9375;1.25;1.5625;1.875;2.1875;2.5;2.8125;3.125;3.4375;3.75;4.0625;4.375;4.6875;5;5.3125;5.625;5.9375;6.25;6.5625;6.875;7.1875;7.5;7.8125;8.125;8.4375;8.75;9.0625;9.375;9.6875;10","0;0;0;0;0;0;0;0;0;0;0;0;0;0;0;0;0;0;0;0;0;0;0;0;0;0;0;0;0;0;0;116987;38962;15868;2818;643;190;20;0;0;0;0;0;0;0;0;0;0;0;0;0;0;0;0;0;0;0;0;0;0;0;0;0;0",175488
73,8,"LeakyReLULayer( 0.050000 )",pre_activation,"-10;-9.6875;-9.375;-9.0625;-8.75;-8.4375;-8.125;-7.8125;-7.5;-7.1875;-6.875;-6.5625;-6.25;-5.9375;-5.625;-5.3125;-5;-4.6875;-4.375;-4.0625;-3.75;-3.4375;-3.125;-2.8125;-2.5;-2.1875;-1.875;-1.5625;-1.25;-0.9375;-0.625;-0.3125;0;0.3125;0.625;0.9375;1.25;1.5625;1.875;2.1875;2.5;2.8125;3.125;3.4375;3.75;4.0625;4.375;4.6875;5;5.3125;5.625;5.9375;6.25;6.5625;6.875;7.1875;7.5;7.8125;8.125;8.4375;8.75;9.0625;9.375;9.6875;10","0;0;0;0;0;0;0;0;0;0;0;0;0;0;0;0;0;0;0;0;0;0;0;0;0;1;19;127;756;3142;9847;34206;30815;6675;1711;383;55;7;0;0;0;0;0;0;0;0;0;0;0;0;0;0;0;0;0;0;0;0;0;0;0;0;0;0",87744
73,8,"LeakyReLULayer( 0.050000 )",post_activation,"-10;-9.6875;-9.375;-9.0625;-8.75;-8.4375;-8.125;-7.8125;-7.5;-7.1875;-6.875;-6.5625;-6.25;-5.9375;-5.625;-5.3125;-5;-4.6875;-4.375;-4.0625;-3.75;-3.4375;-3.125;-2.8125;-2.5;-2.1875;-1.875;-1.5625;-1.25;-0.9375;-0.625;-0.3125;0;0.3125;0.625;0.9375;1.25;1.5625;1.875;2.1875;2.5;2.8125;3.125;3.4375;3.75;4.0625;4.375;4.6875;5;5.3125;5.625;5.9375;6.25;6.5625;6.875;7.1875;7.5;7.8125;8.125;8.4375;8.75;9.0625;9.375;9.6875;10","0;0;0;0;0;0;0;0;0;0;0;0;0;0;0;0;0;0;0;0;0;0;0;0;0;0;0;0;0;0;0;48098;30815;6675;1711;383;55;7;0;0;0;0;0;0;0;0;0;0;0;0;0;0;0;0;0;0;0;0;0;0;0;0;0;0",87744
74,1,"LeakyReLULayer( 0.050000 )",pre_activation,"-10;-9.6875;-9.375;-9.0625;-8.75;-8.4375;-8.125;-7.8125;-7.5;-7.1875;-6.875;-6.5625;-6.25;-5.9375;-5.625;-5.3125;-5;-4.6875;-4.375;-4.0625;-3.75;-3.4375;-3.125;-2.8125;-2.5;-2.1875;-1.875;-1.5625;-1.25;-0.9375;-0.625;-0.3125;0;0.3125;0.625;0.9375;1.25;1.5625;1.875;2.1875;2.5;2.8125;3.125;3.4375;3.75;4.0625;4.375;4.6875;5;5.3125;5.625;5.9375;6.25;6.5625;6.875;7.1875;7.5;7.8125;8.125;8.4375;8.75;9.0625;9.375;9.6875;10","0;0;0;0;0;0;0;0;0;0;0;0;0;0;0;0;0;0;0;0;15;342;1458;4032;8562;17847;45736;106227;288380;720819;1368786;2372619;2284711;1419644;808851;256733;113180;46261;6997;0;0;0;0;0;0;0;0;0;0;0;0;0;0;0;0;0;0;0;0;0;0;0;0;0",9871200
74,1,"LeakyReLULayer( 0.050000 )",post_activation,"-10;-9.6875;-9.375;-9.0625;-8.75;-8.4375;-8.125;-7.8125;-7.5;-7.1875;-6.875;-6.5625;-6.25;-5.9375;-5.625;-5.3125;-5;-4.6875;-4.375;-4.0625;-3.75;-3.4375;-3.125;-2.8125;-2.5;-2.1875;-1.875;-1.5625;-1.25;-0.9375;-0.625;-0.3125;0;0.3125;0.625;0.9375;1.25;1.5625;1.875;2.1875;2.5;2.8125;3.125;3.4375;3.75;4.0625;4.375;4.6875;5;5.3125;5.625;5.9375;6.25;6.5625;6.875;7.1875;7.5;7.8125;8.125;8.4375;8.75;9.0625;9.375;9.6875;10","0;0;0;0;0;0;0;0;0;0;0;0;0;0;0;0;0;0;0;0;0;0;0;0;0;0;0;0;0;0;0;4934823;2284711;1419644;808851;256733;113180;46261;6997;0;0;0;0;0;0;0;0;0;0;0;0;0;0;0;0;0;0;0;0;0;0;0;0;0",9871200
74,5,"LeakyReLULayer( 0.050000 )",pre_activation,"-10;-9.6875;-9.375;-9.0625;-8.75;-8.4375;-8.125;-7.8125;-7.5;-7.1875;-6.875;-6.5625;-6.25;-5.9375;-5.625;-5.3125;-5;-4.6875;-4.375;-4.0625;-3.75;-3.4375;-3.125;-2.8125;-2.5;-2.1875;-1.875;-1.5625;-1.25;-0.9375;-0.625;-0.3125;0;0.3125;0.625;0.9375;1.25;1.5625;1.875;2.1875;2.5;2.8125;3.125;3.4375;3.75;4.0625;4.375;4.6875;5;5.3125;5.625;5.9375;6.25;6.5625;6.875;7.1875;7.5;7.8125;8.125;8.4375;8.75;9.0625;9.375;9.6875;10","0;0;0;0;0;0;0;0;0;0;0;0;0;0;0;0;0;0;0;0;0;42;86;298;601;1169;2418;4235;8231;17944;33441;49422;38047;15909;2735;680;213;17;0;0;0;0;0;0;0;0;0;0;0;0;0;0;0;0;0;0;0;0;0;0;0;0;0;0",175488
74,5,"LeakyReLULayer( 0.050000 )",post_activation,"-10;-9.6875;-9.375;-9.0625;-8.75;-8.4375;-8.125;-7.8125;-7.5;-7.1875;-6.875;-6.5625;-6.25;-5.9375;-5.625;-5.3125;-5;-4.6875;-4.375;-4.0625;-3.75;-3.4375;-3.125;-2.8125;-2.5;-2.1875;-1.875;-1.5625;-1.25;-0.9375;-0.625;-0.3125;0;0.3125;0.625;0.9375;1.25;1.5625;1.875;2.1875;2.5;2.8125;3.125;3.4375;3.75;4.0625;4.375;4.6875;5;5.3125;5.625;5.9375;6.25;6.5625;6.875;7.1875;7.5;7.8125;8.125;8.4375;8.75;9.0625;9.375;9.6875;10","0;0;0;0;0;0;0;0;0;0;0;0;0;0;0;0;0;0;0;0;0;0;0;0;0;0;0;0;0;0;0;117887;38047;15909;2735;680;213;17;0;0;0;0;0;0;0;0;0;0;0;0;0;0;0;0;0;0;0;0;0;0;0;0;0;0",175488
74,8,"LeakyReLULayer( 0.050000 )",pre_activation,"-10;-9.6875;-9.375;-9.0625;-8.75;-8.4375;-8.125;-7.8125;-7.5;-7.1875;-6.875;-6.5625;-6.25;-5.9375;-5.625;-5.3125;-5;-4.6875;-4.375;-4.0625;-3.75;-3.4375;-3.125;-2.8125;-2.5;-2.1875;-1.875;-1.5625;-1.25;-0.9375;-0.625;-0.3125;0;0.3125;0.625;0.9375;1.25;1.5625;1.875;2.1875;2.5;2.8125;3.125;3.4375;3.75;4.0625;4.375;4.6875;5;5.3125;5.625;5.9375;6.25;6.5625;6.875;7.1875;7.5;7.8125;8.125;8.4375;8.75;9.0625;9.375;9.6875;10","0;0;0;0;0;0;0;0;0;0;0;0;0;0;0;0;0;0;0;0;0;0;0;0;0;2;19;147;752;3101;9798;34628;30453;6726;1672;384;57;4;1;0;0;0;0;0;0;0;0;0;0;0;0;0;0;0;0;0;0;0;0;0;0;0;0;0",87744
74,8,"LeakyReLULayer( 0.050000 )",post_activation,"-10;-9.6875;-9.375;-9.0625;-8.75;-8.4375;-8.125;-7.8125;-7.5;-7.1875;-6.875;-6.5625;-6.25;-5.9375;-5.625;-5.3125;-5;-4.6875;-4.375;-4.0625;-3.75;-3.4375;-3.125;-2.8125;-2.5;-2.1875;-1.875;-1.5625;-1.25;-0.9375;-0.625;-0.3125;0;0.3125;0.625;0.9375;1.25;1.5625;1.875;2.1875;2.5;2.8125;3.125;3.4375;3.75;4.0625;4.375;4.6875;5;5.3125;5.625;5.9375;6.25;6.5625;6.875;7.1875;7.5;7.8125;8.125;8.4375;8.75;9.0625;9.375;9.6875;10","0;0;0;0;0;0;0;0;0;0;0;0;0;0;0;0;0;0;0;0;0;0;0;0;0;0;0;0;0;0;0;48447;30453;6726;1672;384;57;4;1;0;0;0;0;0;0;0;0;0;0;0;0;0;0;0;0;0;0;0;0;0;0;0;0;0",87744
75,1,"LeakyReLULayer( 0.050000 )",pre_activation,"-10;-9.6875;-9.375;-9.0625;-8.75;-8.4375;-8.125;-7.8125;-7.5;-7.1875;-6.875;-6.5625;-6.25;-5.9375;-5.625;-5.3125;-5;-4.6875;-4.375;-4.0625;-3.75;-3.4375;-3.125;-2.8125;-2.5;-2.1875;-1.875;-1.5625;-1.25;-0.9375;-0.625;-0.3125;0;0.3125;0.625;0.9375;1.25;1.5625;1.875;2.1875;2.5;2.8125;3.125;3.4375;3.75;4.0625;4.375;4.6875;5;5.3125;5.625;5.9375;6.25;6.5625;6.875;7.1875;7.5;7.8125;8.125;8.4375;8.75;9.0625;9.375;9.6875;10","0;0;0;0;0;0;0;0;0;0;0;0;0;0;0;0;0;0;0;0;15;345;1459;4045;8580;17853;45703;106207;288218;720520;1368816;2373073;2285332;1419524;808545;256392;113178;46356;7039;0;0;0;0;0;0;0;0;0;0;0;0;0;0;0;0;0;0;0;0;0;0;0;0;0",9871200
75,1,"LeakyReLULayer( 0.050000 )",post_activation,"-10;-9.6875;-9.375;-9.0625;-8.75;-8.4375;-8.125;-7.8125;-7.5;-7.1875;-6.875;-6.5625;-6.25;-5.9375;-5.625;-5.3125;-5;-4.6875;-4.375;-4.0625;-3.75;-3.4375;-3.125;-2.8125;-2.5;-2.1875;-1.875;-1.5625;-1.25;-0.9375;-0.625;-0.3125;0;0.3125;0.625;0.9375;1.25;1.5625;1.875;2.1875;2.5;2.8125;3.125;3.4375;3.75;4.0625;4.375;4.6875;5;5.3125;5.625;5.9375;6.25;6.5625;6.875;7.1875;7.5;7.8125;8.125;8.4375;8.75;9.0625;9.375;9.6875;10","0;0;0;0;0;0;0;0;0;0;0;0;0;0;0;0;0;0;0;0;0;0;0;0;0;0;0;0;0;0;0;4934834;2285332;1419524;808545;256392;113178;46356;7039;0;0;0;0;0;0;0;0;0;0;0;0;0;0;0;0;0;0;0;0;0;0;0;0;0",9871200
75,5,"LeakyReLULayer( 0.050000 )",pre_activation,"-10;-9.6875;-9.375;-9.0625;-8.75;-8.4375;-8.125;-7.8125;-7.5;-7.1875;-6.875;-6.5625;-6.25;-5.9375;-5.625;-5.3125;-5;-4.6875;-4.375;-4.0625;-3.75;-3.4375;-3.125;-2.8125;-2.5;-2.1875;-1.875;-1.5625;-1.25;-0.9375;-0.625;-0.3125;0;0.3125;0.625;0.9375;1.25;1.5625;1.875;2.1875;2.5;2.8125;3.125;3.4375;3.75;4.0625;4.375;4.6875;5;5.3125;5.625;5.9375;6.25;6.5625;6.875;7.1875;7.5;7.8125;8.125;8.4375;8.75;9.0625;9.375;9.6875;10","0;0;0;0;0;0;0;0;0;0;0;0;0;0;0;0;0;0;0;0;0;40;87;313;611;1233;2438;4206;8303;18018;33643;49262;37635;16061;2713;708;203;14;0;0;0;0;0;0;0;0;0;0;0;0;0;0;0;0;0;0;0;0;0;0;0;0;0;0",175488
75,5,"LeakyReLULayer( 0.050000 )",post_activation,"-10;-9.6875;-9.375;-9.0625;-8.75;-8.4375;-8.125;-7.8125;-7.5;-7.1875;-6.875;-6.5625;-6.25;-5.9375;-5.625;-5.3125;-5;-4.6875;-4.375;-4.0625;-3.75;-3.4375;-3.125;-2.8125;-2.5;-2.1875;-1.875;-1.5625;-1.25;-0.9375;-0.625;-0.3125;0;0.3125;0.625;0.9375;1.25;1.5625;1.875;2.1875;2.5;2.8125;3.125;3.4375;3.75;4.0625;4.375;4.6875;5;5.3125;5.625;5.9375;6.25;6.5625;6.875;7.1875;7.5;7.8125;8.125;8.4375;8.75;9.0625;9.375;9.6875;10","0;0;0;0;0;0;0;0;0;0;0;0;0;0;0;0;0;0;0;0;0;0;0;0;0;0;0;0;0;0;0;118154;37635;16061;2713;708;203;14;0;0;0;0;0;0;0;0;0;0;0;0;0;0;0;0;0;0;0;0;0;0;0;0;0;0",175488
75,8,"LeakyReLULayer( 0.050000 )",pre_activation,"-10;-9.6875;-9.375;-9.0625;-8.75;-8.4375;-8.125;-7.8125;-7.5;-7.1875;-6.875;-6.5625;-6.25;-5.9375;-5.625;-5.3125;-5;-4.6875;-4.375;-4.0625;-3.75;-3.4375;-3.125;-2.8125;-2.5;-2.1875;-1.875;-1.5625;-1.25;-0.9375;-0.625;-0.3125;0;0.3125;0.625;0.9375;1.25;1.5625;1.875;2.1875;2.5;2.8125;3.125;3.4375;3.75;4.0625;4.375;4.6875;5;5.3125;5.625;5.9375;6.25;6.5625;6.875;7.1875;7.5;7.8125;8.125;8.4375;8.75;9.0625;9.375;9.6875;10","0;0;0;0;0;0;0;0;0;0;0;0;0;0;0;0;0;0;0;0;0;0;0;0;0;0;18;148;827;2997;9880;34561;30407;6811;1669;376;46;3;1;0;0;0;0;0;0;0;0;0;0;0;0;0;0;0;0;0;0;0;0;0;0;0;0;0",87744
75,8,"LeakyReLULayer( 0.050000 )",post_activation,"-10;-9.6875;-9.375;-9.0625;-8.75;-8.4375;-8.125;-7.8125;-7.5;-7.1875;-6.875;-6.5625;-6.25;-5.9375;-5.625;-5.3125;-5;-4.6875;-4.375;-4.0625;-3.75;-3.4375;-3.125;-2.8125;-2.5;-2.1875;-1.875;-1.5625;-1.25;-0.9375;-0.625;-0.3125;0;0.3125;0.625;0.9375;1.25;1.5625;1.875;2.1875;2.5;2.8125;3.125;3.4375;3.75;4.0625;4.375;4.6875;5;5.3125;5.625;5.9375;6.25;6.5625;6.875;7.1875;7.5;7.8125;8.125;8.4375;8.75;9.0625;9.375;9.6875;10","0;0;0;0;0;0;0;0;0;0;0;0;0;0;0;0;0;0;0;0;0;0;0;0;0;0;0;0;0;0;0;48431;30407;6811;1669;376;46;3;1;0;0;0;0;0;0;0;0;0;0;0;0;0;0;0;0;0;0;0;0;0;0;0;0;0",87744
76,1,"LeakyReLULayer( 0.050000 )",pre_activation,"-10;-9.6875;-9.375;-9.0625;-8.75;-8.4375;-8.125;-7.8125;-7.5;-7.1875;-6.875;-6.5625;-6.25;-5.9375;-5.625;-5.3125;-5;-4.6875;-4.375;-4.0625;-3.75;-3.4375;-3.125;-2.8125;-2.5;-2.1875;-1.875;-1.5625;-1.25;-0.9375;-0.625;-0.3125;0;0.3125;0.625;0.9375;1.25;1.5625;1.875;2.1875;2.5;2.8125;3.125;3.4375;3.75;4.0625;4.375;4.6875;5;5.3125;5.625;5.9375;6.25;6.5625;6.875;7.1875;7.5;7.8125;8.125;8.4375;8.75;9.0625;9.375;9.6875;10","0;0;0;0;0;0;0;0;0;0;0;0;0;0;0;0;0;0;0;0;15;340;1460;4029;8562;17838;45644;106148;288329;720287;1368597;2373527;2285770;1419566;808115;256499;113186;46278;7010;0;0;0;0;0;0;0;0;0;0;0;0;0;0;0;0;0;0;0;0;0;0;0;0;0",9871200
76,1,"LeakyReLULayer( 0.050000 )",post_activation,"-10;-9.6875;-9.375;-9.0625;-8.75;-8.4375;-8.125;-7.8125;-7.5;-7.1875;-6.875;-6.5625;-6.25;-5.9375;-5.625;-5.3125;-5;-4.6875;-4.375;-4.0625;-3.75;-3.4375;-3.125;-2.8125;-2.5;-2.1875;-1.875;-1.5625;-1.25;-0.9375;-0.625;-0.3125;0;0.3125;0.625;0.9375;1.25;1.5625;1.875;2.1875;2.5;2.8125;3.125;3.4375;3.75;4.0625;4.375;4.6875;5;5.3125;5.625;5.9375;6.25;6.5625;6.875;7.1875;7.5;7.8125;8.125;8.4375;8.75;9.0625;9.375;9.6875;10","0;0;0;0;0;0;0;0;0;0;0;0;0;0;0;0;0;0;0;0;0;0;0;0;0;0;0;0;0;0;0;4934776;2285770;1419566;808115;256499;113186;46278;7010;0;0;0;0;0;0;0;0;0;0;0;0;0;0;0;0;0;0;0;0;0;0;0;0;0",9871200
76,5,"LeakyReLULayer( 0.050000 )",pre_activation,"-10;-9.6875;-9.375;-9.0625;-8.75;-8.4375;-8.125;-7.8125;-7.5;-7.1875;-6.875;-6.5625;-6.25;-5.9375;-5.625;-5.3125;-5;-4.6875;-4.375;-4.0625;-3.75;-3.4375;-3.125;-2.8125;-2.5;-2.1875;-1.875;-1.5625;-1.25;-0.9375;-0.625;-0.3125;0;0.3125;0.625;0.9375;1.25;1.5625;1.875;2.1875;2.5;2.8125;3.125;3.4375;3.75;4.0625;4.375;4.6875;5;5.3125;5.625;5.9375;6.25;6.5625;6.875;7.1875;7.5;7.8125;8.125;8.4375;8.75;9.0625;9.375;9.6875;10","0;0;0;0;0;0;0;0;0;0;0;0;0;0;0;0;0;0;0;0;0;35;86;297;587;1270;2390;4258;8273;18282;33399;49662;37616;15612;2807;679;211;24;0;0;0;0;0;0;0;0;0;0;0;0;0;0;0;0;0;0;0;0;0;0;0;0;0;0",175488
76,5,"LeakyReLULayer( 0.050000 )",post_activation,"-10;-9.6875;-9.375;-9.0625;-8.75;-8.4375;-8.125;-7.8125;-7.5;-7.1875;-6.875;-6.5625;-6.25;-5.9375;-5.625;-5.3125;-5;-4.6875;-4.375;-4.0625;-3.75;-3.4375;-3.125;-2.8125;-2.5;-2.1875;-1.875;-1.5625;-1.25;-0.9375;-0.625;-0.3125;0;0.3125;0.625;0.9375;1.25;1.5625;1.875;2.1875;2.5;2.8125;3.125;3.4375;3.75;4.0625;4.375;4.6875;5;5.3125;5.625;5.9375;6.25;6.5625;6.875;7.1875;7.5;7.8125;8.125;8.4375;8.75;9.0625;9.375;9.6875;10","0;0;0;0;0;0;0;0;0;0;0;0;0;0;0;0;0;0;0;0;0;0;0;0;0;0;0;0;0;0;0;118539;37616;15612;2807;679;211;24;0;0;0;0;0;0;0;0;0;0;0;0;0;0;0;0;0;0;0;0;0;0;0;0;0;0",175488
76,8,"LeakyReLULayer( 0.050000 )",pre_activation,"-10;-9.6875;-9.375;-9.0625;-8.75;-8.4375;-8.125;-7.8125;-7.5;-7.1875;-6.875;-6.5625;-6.25;-5.9375;-5.625;-5.3125;-5;-4.6875;-4.375;-4.0625;-3.75;-3.4375;-3.125;-2.8125;-2.5;-2.1875;-1.875;-1.5625;-1.25;-0.9375;-0.625;-0.3125;0;0.3125;0.625;0.9375;1.25;1.5625;1.875;2.1875;2.5;2.8125;3.125;3.4375;3.75;4.0625;4.375;4.6875;5;5.3125;5.625;5.9375;6.25;6.5625;6.875;7.1875;7.5;7.8125;8.125;8.4375;8.75;9.0625;9.375;9.6875;10","0;0;0;0;0;0;0;0;0;0;0;0;0;0;0;0;0;0;0;0;0;0;0;0;0;1;20;168;802;3218;9777;34808;30152;6669;1672;379;71;7;0;0;0;0;0;0;0;0;0;0;0;0;0;0;0;0;0;0;0;0;0;0;0;0;0;0",87744
76,8,"LeakyReLULayer( 0.050000 )",post_activation,"-10;-9.6875;-9.375;-9.0625;-8.75;-8.4375;-8.125;-7.8125;-7.5;-7.1875;-6.875;-6.5625;-6.25;-5.9375;-5.625;-5.3125;-5;-4.6875;-4.375;-4.0625;-3.75;-3.4375;-3.125;-2.8125;-2.5;-2.1875;-1.875;-1.5625;-1.25;-0.9375;-0.625;-0.3125;0;0.3125;0.625;0.9375;1.25;1.5625;1.875;2.1875;2.5;2.8125;3.125;3.4375;3.75;4.0625;4.375;4.6875;5;5.3125;5.625;5.9375;6.25;6.5625;6.875;7.1875;7.5;7.8125;8.125;8.4375;8.75;9.0625;9.375;9.6875;10","0;0;0;0;0;0;0;0;0;0;0;0;0;0;0;0;0;0;0;0;0;0;0;0;0;0;0;0;0;0;0;48794;30152;6669;1672;379;71;7;0;0;0;0;0;0;0;0;0;0;0;0;0;0;0;0;0;0;0;0;0;0;0;0;0;0",87744
77,1,"LeakyReLULayer( 0.050000 )",pre_activation,"-10;-9.6875;-9.375;-9.0625;-8.75;-8.4375;-8.125;-7.8125;-7.5;-7.1875;-6.875;-6.5625;-6.25;-5.9375;-5.625;-5.3125;-5;-4.6875;-4.375;-4.0625;-3.75;-3.4375;-3.125;-2.8125;-2.5;-2.1875;-1.875;-1.5625;-1.25;-0.9375;-0.625;-0.3125;0;0.3125;0.625;0.9375;1.25;1.5625;1.875;2.1875;2.5;2.8125;3.125;3.4375;3.75;4.0625;4.375;4.6875;5;5.3125;5.625;5.9375;6.25;6.5625;6.875;7.1875;7.5;7.8125;8.125;8.4375;8.75;9.0625;9.375;9.6875;10","0;0;0;0;0;0;0;0;0;0;0;0;0;0;0;0;0;0;0;0;14;336;1462;4016;8539;17843;45596;106035;288090;719540;1369243;2374078;2286578;1420395;806698;256397;113195;46159;6986;0;0;0;0;0;0;0;0;0;0;0;0;0;0;0;0;0;0;0;0;0;0;0;0;0",9871200
77,1,"LeakyReLULayer( 0.050000 )",post_activation,"-10;-9.6875;-9.375;-9.0625;-8.75;-8.4375;-8.125;-7.8125;-7.5;-7.1875;-6.875;-6.5625;-6.25;-5.9375;-5.625;-5.3125;-5;-4.6875;-4.375;-4.0625;-3.75;-3.4375;-3.125;-2.8125;-2.5;-2.1875;-1.875;-1.5625;-1.25;-0.9375;-0.625;-0.3125;0;0.3125;0.625;0.9375;1.25;1.5625;1.875;2.1875;2.5;2.8125;3.125;3.4375;3.75;4.0625;4.375;4.6875;5;5.3125;5.625;5.9375;6.25;6.5625;6.875;7.1875;7.5;7.8125;8.125;8.4375;8.75;9.0625;9.375;9.6875;10","0;0;0;0;0;0;0;0;0;0;0;0;0;0;0;0;0;0;0;0;0;0;0;0;0;0;0;0;0;0;0;4934792;2286578;1420395;806698;256397;113195;46159;6986;0;0;0;0;0;0;0;0;0;0;0;0;0;0;0;0;0;0;0;0;0;0;0;0;0",9871200
77,5,"LeakyReLULayer( 0.050000 )",pre_activation,"-10;-9.6875;-9.375;-9.0625;-8.75;-8.4375;-8.125;-7.8125;-7.5;-7.1875;-6.875;-6.5625;-6.25;-5.9375;-5.625;-5.3125;-5;-4.6875;-4.375;-4.0625;-3.75;-3.4375;-3.125;-2.8125;-2.5;-2.1875;-1.875;-1.5625;-1.25;-0.9375;-0.625;-0.3125;0;0.3125;0.625;0.9375;1.25;1.5625;1.875;2.1875;2.5;2.8125;3.125;3.4375;3.75;4.0625;4.375;4.6875;5;5.3125;5.625;5.9375;6.25;6.5625;6.875;7.1875;7.5;7.8125;8.125;8.4375;8.75;9.0625;9.375;9.6875;10","0;0;0;0;0;0;0;0;0;0;0;0;0;0;0;0;0;0;0;0;0;52;93;290;516;1268;2364;4333;8388;18306;33116;50631;36740;15601;2862;682;219;27;0;0;0;0;0;0;0;0;0;0;0;0;0;0;0;0;0;0;0;0;0;0;0;0;0;0",175488
77,5,"LeakyReLULayer( 0.050000 )",post_activation,"-10;-9.6875;-9.375;-9.0625;-8.75;-8.4375;-8.125;-7.8125;-7.5;-7.1875;-6.875;-6.5625;-6.25;-5.9375;-5.625;-5.3125;-5;-4.6875;-4.375;-4.0625;-3.75;-3.4375;-3.125;-2.8125;-2.5;-2.1875;-1.875;-1.5625;-1.25;-0.9375;-0.625;-0.3125;0;0.3125;0.625;0.9375;1.25;1.5625;1.875;2.1875;2.5;2.8125;3.125;3.4375;3.75;4.0625;4.375;4.6875;5;5.3125;5.625;5.9375;6.25;6.5625;6.875;7.1875;7.5;7.8125;8.125;8.4375;8.75;9.0625;9.375;9.6875;10","0;0;0;0;0;0;0;0;0;0;0;0;0;0;0;0;0;0;0;0;0;0;0;0;0;0;0;0;0;0;0;119357;36740;15601;2862;682;219;27;0;0;0;0;0;0;0;0;0;0;0;0;0;0;0;0;0;0;0;0;0;0;0;0;0;0",175488
77,8,"LeakyReLULayer( 0.050000 )",pre_activation,"-10;-9.6875;-9.375;-9.0625;-8.75;-8.4375;-8.125;-7.8125;-7.5;-7.1875;-6.875;-6.5625;-6.25;-5.9375;-5.625;-5.3125;-5;-4.6875;-4.375;-4.0625;-3.75;-3.4375;-3.125;-2.8125;-2.5;-2.1875;-1.875;-1.5625;-1.25;-0.9375;-0.625;-0.3125;0;0.3125;0.625;0.9375;1.25;1.5625;1.875;2.1875;2.5;2.8125;3.125;3.4375;3.75;4.0625;4.375;4.6875;5;5.3125;5.625;5.9375;6.25;6.5625;6.875;7.1875;7.5;7.8125;8.125;8.4375;8.75;9.0625;9.375;9.6875;10","0;0;0;0;0;0;0;0;0;0;0;0;0;0;0;0;0;0;0;0;0;0;0;0;0;5;16;174;855;3258;9776;34695;30064;6753;1731;371;40;6;0;0;0;0;0;0;0;0;0;0;0;0;0;0;0;0;0;0;0;0;0;0;0;0;0;0",87744
77,8,"LeakyReLULayer( 0.050000 )",post_activation,"-10;-9.6875;-9.375;-9.0625;-8.75;-8.4375;-8.125;-7.8125;-7.5;-7.1875;-6.875;-6.5625;-6.25;-5.9375;-5.625;-5.3125;-5;-4.6875;-4.375;-4.0625;-3.75;-3.4375;-3.125;-2.8125;-2.5;-2.1875;-1.875;-1.5625;-1.25;-0.9375;-0.625;-0.3125;0;0.3125;0.625;0.9375;1.25;1.5625;1.875;2.1875;2.5;2.8125;3.125;3.4375;3.75;4.0625;4.375;4.6875;5;5.3125;5.625;5.9375;6.25;6.5625;6.875;7.1875;7.5;7.8125;8.125;8.4375;8.75;9.0625;9.375;9.6875;10","0;0;0;0;0;0;0;0;0;0;0;0;0;0;0;0;0;0;0;0;0;0;0;0;0;0;0;0;0;0;0;48779;30064;6753;1731;371;40;6;0;0;0;0;0;0;0;0;0;0;0;0;0;0;0;0;0;0;0;0;0;0;0;0;0;0",87744
78,1,"LeakyReLULayer( 0.050000 )",pre_activation,"-10;-9.6875;-9.375;-9.0625;-8.75;-8.4375;-8.125;-7.8125;-7.5;-7.1875;-6.875;-6.5625;-6.25;-5.9375;-5.625;-5.3125;-5;-4.6875;-4.375;-4.0625;-3.75;-3.4375;-3.125;-2.8125;-2.5;-2.1875;-1.875;-1.5625;-1.25;-0.9375;-0.625;-0.3125;0;0.3125;0.625;0.9375;1.25;1.5625;1.875;2.1875;2.5;2.8125;3.125;3.4375;3.75;4.0625;4.375;4.6875;5;5.3125;5.625;5.9375;6.25;6.5625;6.875;7.1875;7.5;7.8125;8.125;8.4375;8.75;9.0625;9.375;9.6875;10","0;0;0;0;0;0;0;0;0;0;0;0;0;0;0;0;0;0;0;0;15;333;1455;4020;8542;17817;45551;105896;287633;719563;1368605;2375436;2287767;1419786;806686;255932;113107;46094;6962;0;0;0;0;0;0;0;0;0;0;0;0;0;0;0;0;0;0;0;0;0;0;0;0;0",9871200
78,1,"LeakyReLULayer( 0.050000 )",post_activation,"-10;-9.6875;-9.375;-9.0625;-8.75;-8.4375;-8.125;-7.8125;-7.5;-7.1875;-6.875;-6.5625;-6.25;-5.9375;-5.625;-5.3125;-5;-4.6875;-4.375;-4.0625;-3.75;-3.4375;-3.125;-2.8125;-2.5;-2.1875;-1.875;-1.5625;-1.25;-0.9375;-0.625;-0.3125;0;0.3125;0.625;0.9375;1.25;1.5625;1.875;2.1875;2.5;2.8125;3.125;3.4375;3.75;4.0625;4.375;4.6875;5;5.3125;5.625;5.9375;6.25;6.5625;6.875;7.1875;7.5;7.8125;8.125;8.4375;8.75;9.0625;9.375;9.6875;10","0;0;0;0;0;0;0;0;0;0;0;0;0;0;0;0;0;0;0;0;0;0;0;0;0;0;0;0;0;0;0;4934866;2287767;1419786;806686;255932;113107;46094;6962;0;0;0;0;0;0;0;0;0;0;0;0;0;0;0;0;0;0;0;0;0;0;0;0;0",9871200
78,5,"LeakyReLULayer( 0.050000 )",pre_activation,"-10;-9.6875;-9.375;-9.0625;-8.75;-8.4375;-8.125;-7.8125;-7.5;-7.1875;-6.875;-6.5625;-6.25;-5.9375;-5.625;-5.3125;-5;-4.6875;-4.375;-4.0625;-3.75;-3.4375;-3.125;-2.8125;-2.5;-2.1875;-1.875;-1.5625;-1.25;-0.9375;-0.625;-0.3125;0;0.3125;0.625;0.9375;1.25;1.5625;1.875;2.1875;2.5;2.8125;3.125;3.4375;3.75;4.0625;4.375;4.6875;5;5.3125;5.625;5.9375;6.25;6.5625;6.875;7.1875;7.5;7.8125;8.125;8.4375;8.75;9.0625;9.375;9.6875;10","0;0;0;0;0;0;0;0;0;0;0;0;0;0;0;0;0;0;0;0;0;60;103;275;489;1313;2358;4269;8556;18247;33061;51254;35957;15677;2940;690;223;16;0;0;0;0;0;0;0;0;0;0;0;0;0;0;0;0;0;0;0;0;0;0;0;0;0;0",175488
78,5,"LeakyReLULayer( 0.050000 )",post_activation,"-10;-9.6875;-9.375;-9.0625;-8.75;-8.4375;-8.125;-7.8125;-7.5;-7.1875;-6.875;-6.5625;-6.25;-5.9375;-5.625;-5.3125;-5;-4.6875;-4.375;-4.0625;-3.75;-3.4375;-3.125;-2.8125;-2.5;-2.1875;-1.875;-1.5625;-1.25;-0.9375;-0.625;-0.3125;0;0.3125;0.625;0.9375;1.25;1.5625;1.875;2.1875;2.5;2.8125;3.125;3.4375;3.75;4.0625;4.375;4.6875;5;5.3125;5.625;5.9375;6.25;6.5625;6.875;7.1875;7.5;7.8125;8.125;8.4375;8.75;9.0625;9.375;9.6875;10","0;0;0;0;0;0;0;0;0;0;0;0;0;0;0;0;0;0;0;0;0;0;0;0;0;0;0;0;0;0;0;119985;35957;15677;2940;690;223;16;0;0;0;0;0;0;0;0;0;0;0;0;0;0;0;0;0;0;0;0;0;0;0;0;0;0",175488
78,8,"LeakyReLULayer( 0.050000 )",pre_activation,"-10;-9.6875;-9.375;-9.0625;-8.75;-8.4375;-8.125;-7.8125;-7.5;-7.1875;-6.875;-6.5625;-6.25;-5.9375;-5.625;-5.3125;-5;-4.6875;-4.375;-4.0625;-3.75;-3.4375;-3.125;-2.8125;-2.5;-2.1875;-1.875;-1.5625;-1.25;-0.9375;-0.625;-0.3125;0;0.3125;0.625;0.9375;1.25;1.5625;1.875;2.1875;2.5;2.8125;3.125;3.4375;3.75;4.0625;4.375;4.6875;5;5.3125;5.625;5.9375;6.25;6.5625;6.875;7.1875;7.5;7.8125;8.125;8.4375;8.75;9.0625;9.375;9.6875;10","0;0;0;0;0;0;0;0;0;0;0;0;0;0;0;0;0;0;0;0;0;0;0;0;0;4;19;184;815;3250;9896;34093;30731;6781;1576;347;42;6;0;0;0;0;0;0;0;0;0;0;0;0;0;0;0;0;0;0;0;0;0;0;0;0;0;0",87744
78,8,"LeakyReLULayer( 0.050000 )",post_activation,"-10;-9.6875;-9.375;-9.0625;-8.75;-8.4375;-8.125;-7.8125;-7.5;-7.1875;-6.875;-6.5625;-6.25;-5.9375;-5.625;-5.3125;-5;-4.6875;-4.375;-4.0625;-3.75;-3.4375;-3.125;-2.8125;-2.5;-2.1875;-1.875;-1.5625;-1.25;-0.9375;-0.625;-0.3125;0;0.3125;0.625;0.9375;1.25;1.5625;1.875;2.1875;2.5;2.8125;3.125;3.4375;3.75;4.0625;4.375;4.6875;5;5.3125;5.625;5.9375;6.25;6.5625;6.875;7.1875;7.5;7.8125;8.125;8.4375;8.75;9.0625;9.375;9.6875;10","0;0;0;0;0;0;0;0;0;0;0;0;0;0;0;0;0;0;0;0;0;0;0;0;0;0;0;0;0;0;0;48261;30731;6781;1576;347;42;6;0;0;0;0;0;0;0;0;0;0;0;0;0;0;0;0;0;0;0;0;0;0;0;0;0;0",87744
79,1,"LeakyReLULayer( 0.050000 )",pre_activation,"-10;-9.6875;-9.375;-9.0625;-8.75;-8.4375;-8.125;-7.8125;-7.5;-7.1875;-6.875;-6.5625;-6.25;-5.9375;-5.625;-5.3125;-5;-4.6875;-4.375;-4.0625;-3.75;-3.4375;-3.125;-2.8125;-2.5;-2.1875;-1.875;-1.5625;-1.25;-0.9375;-0.625;-0.3125;0;0.3125;0.625;0.9375;1.25;1.5625;1.875;2.1875;2.5;2.8125;3.125;3.4375;3.75;4.0625;4.375;4.6875;5;5.3125;5.625;5.9375;6.25;6.5625;6.875;7.1875;7.5;7.8125;8.125;8.4375;8.75;9.0625;9.375;9.6875;10","0;0;0;0;0;0;0;0;0;0;0;0;0;0;0;0;0;0;0;0;15;336;1462;4017;8538;17836;45583;105806;287138;719109;1368801;2376321;2288589;1420190;805615;255696;113057;46122;6969;0;0;0;0;0;0;0;0;0;0;0;0;0;0;0;0;0;0;0;0;0;0;0;0;0",9871200
79,1,"LeakyReLULayer( 0.050000 )",post_activation,"-10;-9.6875;-9.375;-9.0625;-8.75;-8.4375;-8.125;-7.8125;-7.5;-7.1875;-6.875;-6.5625;-6.25;-5.9375;-5.625;-5.3125;-5;-4.6875;-4.375;-4.0625;-3.75;-3.4375;-3.125;-2.8125;-2.5;-2.1875;-1.875;-1.5625;-1.25;-0.9375;-0.625;-0.3125;0;0.3125;0.625;0.9375;1.25;1.5625;1.875;2.1875;2.5;2.8125;3.125;3.4375;3.75;4.0625;4.375;4.6875;5;5.3125;5.625;5.9375;6.25;6.5625;6.875;7.1875;7.5;7.8125;8.125;8.4375;8.75;9.0625;9.375;9.6875;10","0;0;0;0;0;0;0;0;0;0;0;0;0;0;0;0;0;0;0;0;0;0;0;0;0;0;0;0;0;0;0;4934962;2288589;1420190;805615;255696;113057;46122;6969;0;0;0;0;0;0;0;0;0;0;0;0;0;0;0;0;0;0;0;0;0;0;0;0;0",9871200
79,5,"LeakyReLULayer( 0.050000 )",pre_activation,"-10;-9.6875;-9.375;-9.0625;-8.75;-8.4375;-8.125;-7.8125;-7.5;-7.1875;-6.875;-6.5625;-6.25;-5.9375;-5.625;-5.3125;-5;-4.6875;-4.375;-4.0625;-3.75;-3.4375;-3.125;-2.8125;-2.5;-2.1875;-1.875;-1.5625;-1.25;-0.9375;-0.625;-0.3125;0;0.3125;0.625;0.9375;1.25;1.5625;1.875;2.1875;2.5;2.8125;3.125;3.4375;3.75;4.0625;4.375;4.6875;5;5.3125;5.625;5.9375;6.25;6.5625;6.875;7.1875;7.5;7.8125;8.125;8.4375;8.75;9.0625;9.375;9.6875;10","0;0;0;0;0;0;0;0;0;0;0;0;0;0;0;0;0;0;0;0;0;66;105;274;466;1324;2376;4191;8571;18518;32903;50824;36201;15805;2963;668;220;13;0;0;0;0;0;0;0;0;0;0;0;0;0;0;0;0;0;0;0;0;0;0;0;0;0;0",175488
79,5,"LeakyReLULayer( 0.050000 )",post_activation,"-10;-9.6875;-9.375;-9.0625;-8.75;-8.4375;-8.125;-7.8125;-7.5;-7.1875;-6.875;-6.5625;-6.25;-5.9375;-5.625;-5.3125;-5;-4.6875;-4.375;-4.0625;-3.75;-3.4375;-3.125;-2.8125;-2.5;-2.1875;-1.875;-1.5625;-1.25;-0.9375;-0.625;-0.3125;0;0.3125;0.625;0.9375;1.25;1.5625;1.875;2.1875;2.5;2.8125;3.125;3.4375;3.75;4.0625;4.375;4.6875;5;5.3125;5.625;5.9375;6.25;6.5625;6.875;7.1875;7.5;7.8125;8.125;8.4375;8.75;9.0625;9.375;9.6875;10","0;0;0;0;0;0;0;0;0;0;0;0;0;0;0;0;0;0;0;0;0;0;0;0;0;0;0;0;0;0;0;119618;36201;15805;2963;668;220;13;0;0;0;0;0;0;0;0;0;0;0;0;0;0;0;0;0;0;0;0;0;0;0;0;0;0",175488
79,8,"LeakyReLULayer( 0.050000 )",pre_activation,"-10;-9.6875;-9.375;-9.0625;-8.75;-8.4375;-8.125;-7.8125;-7.5;-7.1875;-6.875;-6.5625;-6.25;-5.9375;-5.625;-5.3125;-5;-4.6875;-4.375;-4.0625;-3.75;-3.4375;-3.125;-2.8125;-2.5;-2.1875;-1.875;-1.5625;-1.25;-0.9375;-0.625;-0.3125;0;0.3125;0.625;0.9375;1.25;1.5625;1.875;2.1875;2.5;2.8125;3.125;3.4375;3.75;4.0625;4.375;4.6875;5;5.3125;5.625;5.9375;6.25;6.5625;6.875;7.1875;7.5;7.8125;8.125;8.4375;8.75;9.0625;9.375;9.6875;10","0;0;0;0;0;0;0;0;0;0;0;0;0;0;0;0;0;0;0;0;0;0;0;0;0;1;26;135;862;3073;10004;33658;31270;6751;1585;323;54;2;0;0;0;0;0;0;0;0;0;0;0;0;0;0;0;0;0;0;0;0;0;0;0;0;0;0",87744
79,8,"LeakyReLULayer( 0.050000 )",post_activation,"-10;-9.6875;-9.375;-9.0625;-8.75;-8.4375;-8.125;-7.8125;-7.5;-7.1875;-6.875;-6.5625;-6.25;-5.9375;-5.625;-5.3125;-5;-4.6875;-4.375;-4.0625;-3.75;-3.4375;-3.125;-2.8125;-2.5;-2.1875;-1.875;-1.5625;-1.25;-0.9375;-0.625;-0.3125;0;0.3125;0.625;0.9375;1.25;1.5625;1.875;2.1875;2.5;2.8125;3.125;3.4375;3.75;4.0625;4.375;4.6875;5;5.3125;5.625;5.9375;6.25;6.5625;6.875;7.1875;7.5;7.8125;8.125;8.4375;8.75;9.0625;9.375;9.6875;10","0;0;0;0;0;0;0;0;0;0;0;0;0;0;0;0;0;0;0;0;0;0;0;0;0;0;0;0;0;0;0;47759;31270;6751;1585;323;54;2;0;0;0;0;0;0;0;0;0;0;0;0;0;0;0;0;0;0;0;0;0;0;0;0;0;0",87744
80,1,"LeakyReLULayer( 0.050000 )",pre_activation,"-10;-9.6875;-9.375;-9.0625;-8.75;-8.4375;-8.125;-7.8125;-7.5;-7.1875;-6.875;-6.5625;-6.25;-5.9375;-5.625;-5.3125;-5;-4.6875;-4.375;-4.0625;-3.75;-3.4375;-3.125;-2.8125;-2.5;-2.1875;-1.875;-1.5625;-1.25;-0.9375;-0.625;-0.3125;0;0.3125;0.625;0.9375;1.25;1.5625;1.875;2.1875;2.5;2.8125;3.125;3.4375;3.75;4.0625;4.375;4.6875;5;5.3125;5.625;5.9375;6.25;6.5625;6.875;7.1875;7.5;7.8125;8.125;8.4375;8.75;9.0625;9.375;9.6875;10","0;0;0;0;0;0;0;0;0;0;0;0;0;0;0;0;0;0;0;0;14;333;1456;4010;8542;17826;45603;105814;287326;719861;1369445;2374596;2286997;1420501;806986;255961;113023;45994;6912;0;0;0;0;0;0;0;0;0;0;0;0;0;0;0;0;0;0;0;0;0;0;0;0;0",9871200
80,1,"LeakyReLULayer( 0.050000 )",post_activation,"-10;-9.6875;-9.375;-9.0625;-8.75;-8.4375;-8.125;-7.8125;-7.5;-7.1875;-6.875;-6.5625;-6.25;-5.9375;-5.625;-5.3125;-5;-4.6875;-4.375;-4.0625;-3.75;-3.4375;-3.125;-2.8125;-2.5;-2.1875;-1.875;-1.5625;-1.25;-0.9375;-0.625;-0.3125;0;0.3125;0.625;0.9375;1.25;1.5625;1.875;2.1875;2.5;2.8125;3.125;3.4375;3.75;4.0625;4.375;4.6875;5;5.3125;5.625;5.9375;6.25;6.5625;6.875;7.1875;7.5;7.8125;8.125;8.4375;8.75;9.0625;9.375;9.6875;10","0;0;0;0;0;0;0;0;0;0;0;0;0;0;0;0;0;0;0;0;0;0;0;0;0;0;0;0;0;0;0;4934826;2286997;1420501;806986;255961;113023;45994;6912;0;0;0;0;0;0;0;0;0;0;0;0;0;0;0;0;0;0;0;0;0;0;0;0;0",9871200
80,5,"LeakyReLULayer( 0.050000 )",pre_activation,"-10;-9.6875;-9.375;-9.0625;-8.75;-8.4375;-8.125;-7.8125;-7.5;-7.1875;-6.875;-6.5625;-6.25;-5.9375;-5.625;-5.3125;-5;-4.6875;-4.375;-4.0625;-3.75;-3.4375;-3.125;-2.8125;-2.5;-2.1875;-1.875;-1.5625;-1.25;-0.9375;-0.625;-0.3125;0;0.3125;0.625;0.9375;1.25;1.5625;1.875;2.1875;2.5;2.8125;3.125;3.4375;3.75;4.0625;4.375;4.6875;5;5.3125;5.625;5.9375;6.25;6.5625;6.875;7.1875;7.5;7.8125;8.125;8.4375;8.75;9.0625;9.375;9.6875;10","0;0;0;0;0;0;0;0;0;0;0;0;0;0;0;0;0;0;0;0;16;68;112;291;458;1413;2440;4150;8811;18701;33013;49736;36650;15611;3145;630;222;21;0;0;0;0;0;0;0;0;0;0;0;0;0;0;0;0;0;0;0;0;0;0;0;0;0;0",175488
80,5,"LeakyReLULayer( 0.050000 )",post_activation,"-10;-9.6875;-9.375;-9.0625;-8.75;-8.4375;-8.125;-7.8125;-7.5;-7.1875;-6.875;-6.5625;-6.25;-5.9375;-5.625;-5.3125;-5;-4.6875;-4.375;-4.0625;-3.75;-3.4375;-3.125;-2.8125;-2.5;-2.1875;-1.875;-1.5625;-1.25;-0.9375;-0.625;-0.3125;0;0.3125;0.625;0.9375;1.25;1.5625;1.875;2.1875;2.5;2.8125;3.125;3.4375;3.75;4.0625;4.375;4.6875;5;5.3125;5.625;5.9375;6.25;6.5625;6.875;7.1875;7.5;7.8125;8.125;8.4375;8.75;9.0625;9.375;9.6875;10","0;0;0;0;0;0;0;0;0;0;0;0;0;0;0;0;0;0;0;0;0;0;0;0;0;0;0;0;0;0;0;119209;36650;15611;3145;630;222;21;0;0;0;0;0;0;0;0;0;0;0;0;0;0;0;0;0;0;0;0;0;0;0;0;0;0",175488
80,8,"LeakyReLULayer( 0.050000 )",pre_activation,"-10;-9.6875;-9.375;-9.0625;-8.75;-8.4375;-8.125;-7.8125;-7.5;-7.1875;-6.875;-6.5625;-6.25;-5.9375;-5.625;-5.3125;-5;-4.6875;-4.375;-4.0625;-3.75;-3.4375;-3.125;-2.8125;-2.5;-2.1875;-1.875;-1.5625;-1.25;-0.9375;-0.625;-0.3125;0;0.3125;0.625;0.9375;1.25;1.5625;1.875;2.1875;2.5;2.8125;3.125;3.4375;3.75;4.0625;4.375;4.6875;5;5.3125;5.625;5.9375;6.25;6.5625;6.875;7.1875;7.5;7.8125;8.125;8.4375;8.75;9.0625;9.375;9.6875;10","0;0;0;0;0;0;0;0;0;0;0;0;0;0;0;0;0;0;0;0;0;0;0;0;0;0;22;130;765;3248;9792;33551;31412;6750;1688;326;51;8;1;0;0;0;0;0;0;0;0;0;0;0;0;0;0;0;0;0;0;0;0;0;0;0;0;0",87744
80,8,"LeakyReLULayer( 0.050000 )",post_activation,"-10;-9.6875;-9.375;-9.0625;-8.75;-8.4375;-8.125;-7.8125;-7.5;-7.1875;-6.875;-6.5625;-6.25;-5.9375;-5.625;-5.3125;-5;-4.6875;-4.375;-4.0625;-3.75;-3.4375;-3.125;-2.8125;-2.5;-2.1875;-1.875;-1.5625;-1.25;-0.9375;-0.625;-0.3125;0;0.3125;0.625;0.9375;1.25;1.5625;1.875;2.1875;2.5;2.8125;3.125;3.4375;3.75;4.0625;4.375;4.6875;5;5.3125;5.625;5.9375;6.25;6.5625;6.875;7.1875;7.5;7.8125;8.125;8.4375;8.75;9.0625;9.375;9.6875;10","0;0;0;0;0;0;0;0;0;0;0;0;0;0;0;0;0;0;0;0;0;0;0;0;0;0;0;0;0;0;0;47508;31412;6750;1688;326;51;8;1;0;0;0;0;0;0;0;0;0;0;0;0;0;0;0;0;0;0;0;0;0;0;0;0;0",87744
81,1,"LeakyReLULayer( 0.050000 )",pre_activation,"-10;-9.6875;-9.375;-9.0625;-8.75;-8.4375;-8.125;-7.8125;-7.5;-7.1875;-6.875;-6.5625;-6.25;-5.9375;-5.625;-5.3125;-5;-4.6875;-4.375;-4.0625;-3.75;-3.4375;-3.125;-2.8125;-2.5;-2.1875;-1.875;-1.5625;-1.25;-0.9375;-0.625;-0.3125;0;0.3125;0.625;0.9375;1.25;1.5625;1.875;2.1875;2.5;2.8125;3.125;3.4375;3.75;4.0625;4.375;4.6875;5;5.3125;5.625;5.9375;6.25;6.5625;6.875;7.1875;7.5;7.8125;8.125;8.4375;8.75;9.0625;9.375;9.6875;10","0;0;0;0;0;0;0;0;0;0;0;0;0;0;0;0;0;0;0;0;14;331;1441;3992;8529;17813;45545;105857;287524;720705;1369836;2373172;2284700;1421448;808501;256145;112932;45852;6863;0;0;0;0;0;0;0;0;0;0;0;0;0;0;0;0;0;0;0;0;0;0;0;0;0",9871200
81,1,"LeakyReLULayer( 0.050000 )",post_activation,"-10;-9.6875;-9.375;-9.0625;-8.75;-8.4375;-8.125;-7.8125;-7.5;-7.1875;-6.875;-6.5625;-6.25;-5.9375;-5.625;-5.3125;-5;-4.6875;-4.375;-4.0625;-3.75;-3.4375;-3.125;-2.8125;-2.5;-2.1875;-1.875;-1.5625;-1.25;-0.9375;-0.625;-0.3125;0;0.3125;0.625;0.9375;1.25;1.5625;1.875;2.1875;2.5;2.8125;3.125;3.4375;3.75;4.0625;4.375;4.6875;5;5.3125;5.625;5.9375;6.25;6.5625;6.875;7.1875;7.5;7.8125;8.125;8.4375;8.75;9.0625;9.375;9.6875;10","0;0;0;0;0;0;0;0;0;0;0;0;0;0;0;0;0;0;0;0;0;0;0;0;0;0;0;0;0;0;0;4934759;2284700;1421448;808501;256145;112932;45852;6863;0;0;0;0;0;0;0;0;0;0;0;0;0;0;0;0;0;0;0;0;0;0;0;0;0",9871200
81,5,"LeakyReLULayer( 0.050000 )",pre_activation,"-10;-9.6875;-9.375;-9.0625;-8.75;-8.4375;-8.125;-7.8125;-7.5;-7.1875;-6.875;-6.5625;-6.25;-5.9375;-5.625;-5.3125;-5;-4.6875;-4.375;-4.0625;-3.75;-3.4375;-3.125;-2.8125;-2.5;-2.1875;-1.875;-1.5625;-1.25;-0.9375;-0.625;-0.3125;0;0.3125;0.625;0.9375;1.25;1.5625;1.875;2.1875;2.5;2.8125;3.125;3.4375;3.75;4.0625;4.375;4.6875;5;5.3125;5.625;5.9375;6.25;6.5625;6.875;7.1875;7.5;7.8125;8.125;8.4375;8.75;9.0625;9.375;9.6875;10","0;0;0;0;0;0;0;0;0;0;0;0;0;0;0;0;0;0;0;0;34;81;121;308;465;1481;2492;4203;8966;18699;32444;50275;36299;15535;3109;698;235;43;0;0;0;0;0;0;0;0;0;0;0;0;0;0;0;0;0;0;0;0;0;0;0;0;0;0",175488
81,5,"LeakyReLULayer( 0.050000 )",post_activation,"-10;-9.6875;-9.375;-9.0625;-8.75;-8.4375;-8.125;-7.8125;-7.5;-7.1875;-6.875;-6.5625;-6.25;-5.9375;-5.625;-5.3125;-5;-4.6875;-4.375;-4.0625;-3.75;-3.4375;-3.125;-2.8125;-2.5;-2.1875;-1.875;-1.5625;-1.25;-0.9375;-0.625;-0.3125;0;0.3125;0.625;0.9375;1.25;1.5625;1.875;2.1875;2.5;2.8125;3.125;3.4375;3.75;4.0625;4.375;4.6875;5;5.3125;5.625;5.9375;6.25;6.5625;6.875;7.1875;7.5;7.8125;8.125;8.4375;8.75;9.0625;9.375;9.6875;10","0;0;0;0;0;0;0;0;0;0;0;0;0;0;0;0;0;0;0;0;0;0;0;0;0;0;0;0;0;0;0;119569;36299;15535;3109;698;235;43;0;0;0;0;0;0;0;0;0;0;0;0;0;0;0;0;0;0;0;0;0;0;0;0;0;0",175488
81,8,"LeakyReLULayer( 0.050000 )",pre_activation,"-10;-9.6875;-9.375;-9.0625;-8.75;-8.4375;-8.125;-7.8125;-7.5;-7.1875;-6.875;-6.5625;-6.25;-5.9375;-5.625;-5.3125;-5;-4.6875;-4.375;-4.0625;-3.75;-3.4375;-3.125;-2.8125;-2.5;-2.1875;-1.875;-1.5625;-1.25;-0.9375;-0.625;-0.3125;0;0.3125;0.625;0.9375;1.25;1.5625;1.875;2.1875;2.5;2.8125;3.125;3.4375;3.75;4.0625;4.375;4.6875;5;5.3125;5.625;5.9375;6.25;6.5625;6.875;7.1875;7.5;7.8125;8.125;8.4375;8.75;9.0625;9.375;9.6875;10","0;0;0;0;0;0;0;0;0;0;0;0;0;0;0;0;0;0;0;0;0;0;0;0;0;5;28;156;863;3187;9834;33964;30962;6682;1572;416;72;3;0;0;0;0;0;0;0;0;0;0;0;0;0;0;0;0;0;0;0;0;0;0;0;0;0;0",87744
81,8,"LeakyReLULayer( 0.050000 )",post_activation,"-10;-9.6875;-9.375;-9.0625;-8.75;-8.4375;-8.125;-7.8125;-7.5;-7.1875;-6.875;-6.5625;-6.25;-5.9375;-5.625;-5.3125;-5;-4.6875;-4.375;-4.0625;-3.75;-3.4375;-3.125;-2.8125;-2.5;-2.1875;-1.875;-1.5625;-1.25;-0.9375;-0.625;-0.3125;0;0.3125;0.625;0.9375;1.25;1.5625;1.875;2.1875;2.5;2.8125;3.125;3.4375;3.75;4.0625;4.375;4.6875;5;5.3125;5.625;5.9375;6.25;6.5625;6.875;7.1875;7.5;7.8125;8.125;8.4375;8.75;9.0625;9.375;9.6875;10","0;0;0;0;0;0;0;0;0;0;0;0;0;0;0;0;0;0;0;0;0;0;0;0;0;0;0;0;0;0;0;48037;30962;6682;1572;416;72;3;0;0;0;0;0;0;0;0;0;0;0;0;0;0;0;0;0;0;0;0;0;0;0;0;0;0",87744
82,1,"LeakyReLULayer( 0.050000 )",pre_activation,"-10;-9.6875;-9.375;-9.0625;-8.75;-8.4375;-8.125;-7.8125;-7.5;-7.1875;-6.875;-6.5625;-6.25;-5.9375;-5.625;-5.3125;-5;-4.6875;-4.375;-4.0625;-3.75;-3.4375;-3.125;-2.8125;-2.5;-2.1875;-1.875;-1.5625;-1.25;-0.9375;-0.625;-0.3125;0;0.3125;0.625;0.9375;1.25;1.5625;1.875;2.1875;2.5;2.8125;3.125;3.4375;3.75;4.0625;4.375;4.6875;5;5.3125;5.625;5.9375;6.25;6.5625;6.875;7.1875;7.5;7.8125;8.125;8.4375;8.75;9.0625;9.375;9.6875;10","0;0;0;0;0;0;0;0;0;0;0;0;0;0;0;0;0;0;0;0;13;330;1432;3990;8510;17797;45466;105794;287195;721023;1370304;2372919;2284426;1421821;808850;255882;112836;45776;6836;0;0;0;0;0;0;0;0;0;0;0;0;0;0;0;0;0;0;0;0;0;0;0;0;0",9871200
82,1,"LeakyReLULayer( 0.050000 )",post_activation,"-10;-9.6875;-9.375;-9.0625;-8.75;-8.4375;-8.125;-7.8125;-7.5;-7.1875;-6.875;-6.5625;-6.25;-5.9375;-5.625;-5.3125;-5;-4.6875;-4.375;-4.0625;-3.75;-3.4375;-3.125;-2.8125;-2.5;-2.1875;-1.875;-1.5625;-1.25;-0.9375;-0.625;-0.3125;0;0.3125;0.625;0.9375;1.25;1.5625;1.875;2.1875;2.5;2.8125;3.125;3.4375;3.75;4.0625;4.375;4.6875;5;5.3125;5.625;5.9375;6.25;6.5625;6.875;7.1875;7.5;7.8125;8.125;8.4375;8.75;9.0625;9.375;9.6875;10","0;0;0;0;0;0;0;0;0;0;0;0;0;0;0;0;0;0;0;0;0;0;0;0;0;0;0;0;0;0;0;4934773;2284426;1421821;808850;255882;112836;45776;6836;0;0;0;0;0;0;0;0;0;0;0;0;0;0;0;0;0;0;0;0;0;0;0;0;0",9871200
82,5,"LeakyReLULayer( 0.050000 )",pre_activation,"-10;-9.6875;-9.375;-9.0625;-8.75;-8.4375;-8.125;-7.8125;-7.5;-7.1875;-6.875;-6.5625;-6.25;-5.9375;-5.625;-5.3125;-5;-4.6875;-4.375;-4.0625;-3.75;-3.4375;-3.125;-2.8125;-2.5;-2.1875;-1.875;-1.5625;-1.25;-0.9375;-0.625;-0.3125;0;0.3125;0.625;0.9375;1.25;1.5625;1.875;2.1875;2.5;2.8125;3.125;3.4375;3.75;4.0625;4.375;4.6875;5;5.3125;5.625;5.9375;6.25;6.5625;6.875;7.1875;7.5;7.8125;8.125;8.4375;8.75;9.0625;9.375;9.6875;10","0;0;0;0;0;0;0;0;0;0;0;0;0;0;0;0;0;0;0;0;53;84;146;306;433;1498;2625;4183;8923;18933;32308;50411;36035;15754;2837;657;250;52;0;0;0;0;0;0;0;0;0;0;0;0;0;0;0;0;0;0;0;0;0;0;0;0;0;0",175488
82,5,"LeakyReLULayer( 0.050000 )",post_activation,"-10;-9.6875;-9.375;-9.0625;-8.75;-8.4375;-8.125;-7.8125;-7.5;-7.1875;-6.875;-6.5625;-6.25;-5.9375;-5.625;-5.3125;-5;-4.6875;-4.375;-4.0625;-3.75;-3.4375;-3.125;-2.8125;-2.5;-2.1875;-1.875;-1.5625;-1.25;-0.9375;-0.625;-0.3125;0;0.3125;0.625;0.9375;1.25;1.5625;1.875;2.1875;2.5;2.8125;3.125;3.4375;3.75;4.0625;4.375;4.6875;5;5.3125;5.625;5.9375;6.25;6.5625;6.875;7.1875;7.5;7.8125;8.125;8.4375;8.75;9.0625;9.375;9.6875;10","0;0;0;0;0;0;0;0;0;0;0;0;0;0;0;0;0;0;0;0;0;0;0;0;0;0;0;0;0;0;0;119903;36035;15754;2837;657;250;52;0;0;0;0;0;0;0;0;0;0;0;0;0;0;0;0;0;0;0;0;0;0;0;0;0;0",175488
82,8,"LeakyReLULayer( 0.050000 )",pre_activation,"-10;-9.6875;-9.375;-9.0625;-8.75;-8.4375;-8.125;-7.8125;-7.5;-7.1875;-6.875;-6.5625;-6.25;-5.9375;-5.625;-5.3125;-5;-4.6875;-4.375;-4.0625;-3.75;-3.4375;-3.125;-2.8125;-2.5;-2.1875;-1.875;-1.5625;-1.25;-0.9375;-0.625;-0.3125;0;0.3125;0.625;0.9375;1.25;1.5625;1.875;2.1875;2.5;2.8125;3.125;3.4375;3.75;4.0625;4.375;4.6875;5;5.3125;5.625;5.9375;6.25;6.5625;6.875;7.1875;7.5;7.8125;8.125;8.4375;8.75;9.0625;9.375;9.6875;10","0;0;0;0;0;0;0;0;0;0;0;0;0;0;0;0;0;0;0;0;0;0;0;0;0;0;14;153;826;3069;9960;33893;31086;6741;1608;346;45;3;0;0;0;0;0;0;0;0;0;0;0;0;0;0;0;0;0;0;0;0;0;0;0;0;0;0",87744
82,8,"LeakyReLULayer( 0.050000 )",post_activation,"-10;-9.6875;-9.375;-9.0625;-8.75;-8.4375;-8.125;-7.8125;-7.5;-7.1875;-6.875;-6.5625;-6.25;-5.9375;-5.625;-5.3125;-5;-4.6875;-4.375;-4.0625;-3.75;-3.4375;-3.125;-2.8125;-2.5;-2.1875;-1.875;-1.5625;-1.25;-0.9375;-0.625;-0.3125;0;0.3125;0.625;0.9375;1.25;1.5625;1.875;2.1875;2.5;2.8125;3.125;3.4375;3.75;4.0625;4.375;4.6875;5;5.3125;5.625;5.9375;6.25;6.5625;6.875;7.1875;7.5;7.8125;8.125;8.4375;8.75;9.0625;9.375;9.6875;10","0;0;0;0;0;0;0;0;0;0;0;0;0;0;0;0;0;0;0;0;0;0;0;0;0;0;0;0;0;0;0;47915;31086;6741;1608;346;45;3;0;0;0;0;0;0;0;0;0;0;0;0;0;0;0;0;0;0;0;0;0;0;0;0;0;0",87744
83,1,"LeakyReLULayer( 0.050000 )",pre_activation,"-10;-9.6875;-9.375;-9.0625;-8.75;-8.4375;-8.125;-7.8125;-7.5;-7.1875;-6.875;-6.5625;-6.25;-5.9375;-5.625;-5.3125;-5;-4.6875;-4.375;-4.0625;-3.75;-3.4375;-3.125;-2.8125;-2.5;-2.1875;-1.875;-1.5625;-1.25;-0.9375;-0.625;-0.3125;0;0.3125;0.625;0.9375;1.25;1.5625;1.875;2.1875;2.5;2.8125;3.125;3.4375;3.75;4.0625;4.375;4.6875;5;5.3125;5.625;5.9375;6.25;6.5625;6.875;7.1875;7.5;7.8125;8.125;8.4375;8.75;9.0625;9.375;9.6875;10","0;0;0;0;0;0;0;0;0;0;0;0;0;0;0;0;0;0;0;0;14;330;1436;3993;8516;17780;45451;105710;286822;720920;1370509;2373412;2284782;1421968;808764;255359;112785;45800;6849;0;0;0;0;0;0;0;0;0;0;0;0;0;0;0;0;0;0;0;0;0;0;0;0;0",9871200
83,1,"LeakyReLULayer( 0.050000 )",post_activation,"-10;-9.6875;-9.375;-9.0625;-8.75;-8.4375;-8.125;-7.8125;-7.5;-7.1875;-6.875;-6.5625;-6.25;-5.9375;-5.625;-5.3125;-5;-4.6875;-4.375;-4.0625;-3.75;-3.4375;-3.125;-2.8125;-2.5;-2.1875;-1.875;-1.5625;-1.25;-0.9375;-0.625;-0.3125;0;0.3125;0.625;0.9375;1.25;1.5625;1.875;2.1875;2.5;2.8125;3.125;3.4375;3.75;4.0625;4.375;4.6875;5;5.3125;5.625;5.9375;6.25;6.5625;6.875;7.1875;7.5;7.8125;8.125;8.4375;8.75;9.0625;9.375;9.6875;10","0;0;0;0;0;0;0;0;0;0;0;0;0;0;0;0;0;0;0;0;0;0;0;0;0;0;0;0;0;0;0;4934893;2284782;1421968;808764;255359;112785;45800;6849;0;0;0;0;0;0;0;0;0;0;0;0;0;0;0;0;0;0;0;0;0;0;0;0;0",9871200
83,5,"LeakyReLULayer( 0.050000 )",pre_activation,"-10;-9.6875;-9.375;-9.0625;-8.75;-8.4375;-8.125;-7.8125;-7.5;-7.1875;-6.875;-6.5625;-6.25;-5.9375;-5.625;-5.3125;-5;-4.6875;-4.375;-4.0625;-3.75;-3.4375;-3.125;-2.8125;-2.5;-2.1875;-1.875;-1.5625;-1.25;-0.9375;-0.625;-0.3125;0;0.3125;0.625;0.9375;1.25;1.5625;1.875;2.1875;2.5;2.8125;3.125;3.4375;3.75;4.0625;4.375;4.6875;5;5.3125;5.625;5.9375;6.25;6.5625;6.875;7.1875;7.5;7.8125;8.125;8.4375;8.75;9.0625;9.375;9.6875;10","0;0;0;0;0;0;0;0;0;0;0;0;0;0;0;0;0;0;0;4;62;98;154;313;407;1517;2729;4236;8976;18745;32112;49907;36682;15962;2671;619;244;50;0;0;0;0;0;0;0;0;0;0;0;0;0;0;0;0;0;0;0;0;0;0;0;0;0;0",175488
83,5,"LeakyReLULayer( 0.050000 )",post_activation,"-10;-9.6875;-9.375;-9.0625;-8.75;-8.4375;-8.125;-7.8125;-7.5;-7.1875;-6.875;-6.5625;-6.25;-5.9375;-5.625;-5.3125;-5;-4.6875;-4.375;-4.0625;-3.75;-3.4375;-3.125;-2.8125;-2.5;-2.1875;-1.875;-1.5625;-1.25;-0.9375;-0.625;-0.3125;0;0.3125;0.625;0.9375;1.25;1.5625;1.875;2.1875;2.5;2.8125;3.125;3.4375;3.75;4.0625;4.375;4.6875;5;5.3125;5.625;5.9375;6.25;6.5625;6.875;7.1875;7.5;7.8125;8.125;8.4375;8.75;9.0625;9.375;9.6875;10","0;0;0;0;0;0;0;0;0;0;0;0;0;0;0;0;0;0;0;0;0;0;0;0;0;0;0;0;0;0;0;119260;36682;15962;2671;619;244;50;0;0;0;0;0;0;0;0;0;0;0;0;0;0;0;0;0;0;0;0;0;0;0;0;0;0",175488
83,8,"LeakyReLULayer( 0.050000 )",pre_activation,"-10;-9.6875;-9.375;-9.0625;-8.75;-8.4375;-8.125;-7.8125;-7.5;-7.1875;-6.875;-6.5625;-6.25;-5.9375;-5.625;-5.3125;-5;-4.6875;-4.375;-4.0625;-3.75;-3.4375;-3.125;-2.8125;-2.5;-2.1875;-1.875;-1.5625;-1.25;-0.9375;-0.625;-0.3125;0;0.3125;0.625;0.9375;1.25;1.5625;1.875;2.1875;2.5;2.8125;3.125;3.4375;3.75;4.0625;4.375;4.6875;5;5.3125;5.625;5.9375;6.25;6.5625;6.875;7.1875;7.5;7.8125;8.125;8.4375;8.75;9.0625;9.375;9.6875;10","0;0;0;0;0;0;0;0;0;0;0;0;0;0;0;0;0;0;0;0;0;0;0;0;0;1;17;126;743;3061;9775;34343;30858;6766;1612;382;56;4;0;0;0;0;0;0;0;0;0;0;0;0;0;0;0;0;0;0;0;0;0;0;0;0;0;0",87744
83,8,"LeakyReLULayer( 0.050000 )",post_activation,"-10;-9.6875;-9.375;-9.0625;-8.75;-8.4375;-8.125;-7.8125;-7.5;-7.1875;-6.875;-6.5625;-6.25;-5.9375;-5.625;-5.3125;-5;-4.6875;-4.375;-4.0625;-3.75;-3.4375;-3.125;-2.8125;-2.5;-2.1875;-1.875;-1.5625;-1.25;-0.9375;-0.625;-0.3125;0;0.3125;0.625;0.9375;1.25;1.5625;1.875;2.1875;2.5;2.8125;3.125;3.4375;3.75;4.0625;4.375;4.6875;5;5.3125;5.625;5.9375;6.25;6.5625;6.875;7.1875;7.5;7.8125;8.125;8.4375;8.75;9.0625;9.375;9.6875;10","0;0;0;0;0;0;0;0;0;0;0;0;0;0;0;0;0;0;0;0;0;0;0;0;0;0;0;0;0;0;0;48066;30858;6766;1612;382;56;4;0;0;0;0;0;0;0;0;0;0;0;0;0;0;0;0;0;0;0;0;0;0;0;0;0;0",87744
84,1,"LeakyReLULayer( 0.050000 )",pre_activation,"-10;-9.6875;-9.375;-9.0625;-8.75;-8.4375;-8.125;-7.8125;-7.5;-7.1875;-6.875;-6.5625;-6.25;-5.9375;-5.625;-5.3125;-5;-4.6875;-4.375;-4.0625;-3.75;-3.4375;-3.125;-2.8125;-2.5;-2.1875;-1.875;-1.5625;-1.25;-0.9375;-0.625;-0.3125;0;0.3125;0.625;0.9375;1.25;1.5625;1.875;2.1875;2.5;2.8125;3.125;3.4375;3.75;4.0625;4.375;4.6875;5;5.3125;5.625;5.9375;6.25;6.5625;6.875;7.1875;7.5;7.8125;8.125;8.4375;8.75;9.0625;9.375;9.6875;10","0;0;0;0;0;0;0;0;0;0;0;0;0;0;0;0;0;0;0;0;14;331;1444;3992;8525;17778;45486;105643;286606;721070;1371136;2372813;2284307;1422479;808917;255227;112743;45827;6862;0;0;0;0;0;0;0;0;0;0;0;0;0;0;0;0;0;0;0;0;0;0;0;0;0",9871200
84,1,"LeakyReLULayer( 0.050000 )",post_activation,"-10;-9.6875;-9.375;-9.0625;-8.75;-8.4375;-8.125;-7.8125;-7.5;-7.1875;-6.875;-6.5625;-6.25;-5.9375;-5.625;-5.3125;-5;-4.6875;-4.375;-4.0625;-3.75;-3.4375;-3.125;-2.8125;-2.5;-2.1875;-1.875;-1.5625;-1.25;-0.9375;-0.625;-0.3125;0;0.3125;0.625;0.9375;1.25;1.5625;1.875;2.1875;2.5;2.8125;3.125;3.4375;3.75;4.0625;4.375;4.6875;5;5.3125;5.625;5.9375;6.25;6.5625;6.875;7.1875;7.5;7.8125;8.125;8.4375;8.75;9.0625;9.375;9.6875;10","0;0;0;0;0;0;0;0;0;0;0;0;0;0;0;0;0;0;0;0;0;0;0;0;0;0;0;0;0;0;0;4934838;2284307;1422479;808917;255227;112743;45827;6862;0;0;0;0;0;0;0;0;0;0;0;0;0;0;0;0;0;0;0;0;0;0;0;0;0",9871200
84,5,"LeakyReLULayer( 0.050000 )",pre_activation,"-10;-9.6875;-9.375;-9.0625;-8.75;-8.4375;-8.125;-7.8125;-7.5;-7.1875;-6.875;-6.5625;-6.25;-5.9375;-5.625;-5.3125;-5;-4.6875;-4.375;-4.0625;-3.75;-3.4375;-3.125;-2.8125;-2.5;-2.1875;-1.875;-1.5625;-1.25;-0.9375;-0.625;-0.3125;0;0.3125;0.625;0.9375;1.25;1.5625;1.875;2.1875;2.5;2.8125;3.125;3.4375;3.75;4.0625;4.375;4.6875;5;5.3125;5.625;5.9375;6.25;6.5625;6.875;7.1875;7.5;7.8125;8.125;8.4375;8.75;9.0625;9.375;9.6875;10","0;0;0;0;0;0;0;0;0;0;0;0;0;0;0;0;0;0;0;9;58;98;149;302;419;1569;2763;4399;9143;18613;32369;49698;36562;15548;2918;587;239;45;0;0;0;0;0;0;0;0;0;0;0;0;0;0;0;0;0;0;0;0;0;0;0;0;0;0",175488
84,5,"LeakyReLULayer( 0.050000 )",post_activation,"-10;-9.6875;-9.375;-9.0625;-8.75;-8.4375;-8.125;-7.8125;-7.5;-7.1875;-6.875;-6.5625;-6.25;-5.9375;-5.625;-5.3125;-5;-4.6875;-4.375;-4.0625;-3.75;-3.4375;-3.125;-2.8125;-2.5;-2.1875;-1.875;-1.5625;-1.25;-0.9375;-0.625;-0.3125;0;0.3125;0.625;0.9375;1.25;1.5625;1.875;2.1875;2.5;2.8125;3.125;3.4375;3.75;4.0625;4.375;4.6875;5;5.3125;5.625;5.9375;6.25;6.5625;6.875;7.1875;7.5;7.8125;8.125;8.4375;8.75;9.0625;9.375;9.6875;10","0;0;0;0;0;0;0;0;0;0;0;0;0;0;0;0;0;0;0;0;0;0;0;0;0;0;0;0;0;0;0;119589;36562;15548;2918;587;239;45;0;0;0;0;0;0;0;0;0;0;0;0;0;0;0;0;0;0;0;0;0;0;0;0;0;0",175488
84,8,"LeakyReLULayer( 0.050000 )",pre_activation,"-10;-9.6875;-9.375;-9.0625;-8.75;-8.4375;-8.125;-7.8125;-7.5;-7.1875;-6.875;-6.5625;-6.25;-5.9375;-5.625;-5.3125;-5;-4.6875;-4.375;-4.0625;-3.75;-3.4375;-3.125;-2.8125;-2.5;-2.1875;-1.875;-1.5625;-1.25;-0.9375;-0.625;-0.3125;0;0.3125;0.625;0.9375;1.25;1.5625;1.875;2.1875;2.5;2.8125;3.125;3.4375;3.75;4.0625;4.375;4.6875;5;5.3125;5.625;5.9375;6.25;6.5625;6.875;7.1875;7.5;7.8125;8.125;8.4375;8.75;9.0625;9.375;9.6875;10","0;0;0;0;0;0;0;0;0;0;0;0;0;0;0;0;0;0;0;0;0;0;0;0;0;0;21;149;834;3020;9796;34776;30319;6709;1712;352;54;2;0;0;0;0;0;0;0;0;0;0;0;0;0;0;0;0;0;0;0;0;0;0;0;0;0;0",87744
84,8,"LeakyReLULayer( 0.050000 )",post_activation,"-10;-9.6875;-9.375;-9.0625;-8.75;-8.4375;-8.125;-7.8125;-7.5;-7.1875;-6.875;-6.5625;-6.25;-5.9375;-5.625;-5.3125;-5;-4.6875;-4.375;-4.0625;-3.75;-3.4375;-3.125;-2.8125;-2.5;-2.1875;-1.875;-1.5625;-1.25;-0.9375;-0.625;-0.3125;0;0.3125;0.625;0.9375;1.25;1.5625;1.875;2.1875;2.5;2.8125;3.125;3.4375;3.75;4.0625;4.375;4.6875;5;5.3125;5.625;5.9375;6.25;6.5625;6.875;7.1875;7.5;7.8125;8.125;8.4375;8.75;9.0625;9.375;9.6875;10","0;0;0;0;0;0;0;0;0;0;0;0;0;0;0;0;0;0;0;0;0;0;0;0;0;0;0;0;0;0;0;48596;30319;6709;1712;352;54;2;0;0;0;0;0;0;0;0;0;0;0;0;0;0;0;0;0;0;0;0;0;0;0;0;0;0",87744
85,1,"LeakyReLULayer( 0.050000 )",pre_activation,"-10;-9.6875;-9.375;-9.0625;-8.75;-8.4375;-8.125;-7.8125;-7.5;-7.1875;-6.875;-6.5625;-6.25;-5.9375;-5.625;-5.3125;-5;-4.6875;-4.375;-4.0625;-3.75;-3.4375;-3.125;-2.8125;-2.5;-2.1875;-1.875;-1.5625;-1.25;-0.9375;-0.625;-0.3125;0;0.3125;0.625;0.9375;1.25;1.5625;1.875;2.1875;2.5;2.8125;3.125;3.4375;3.75;4.0625;4.375;4.6875;5;5.3125;5.625;5.9375;6.25;6.5625;6.875;7.1875;7.5;7.8125;8.125;8.4375;8.75;9.0625;9.375;9.6875;10","0;0;0;0;0;0;0;0;0;0;0;0;0;0;0;0;0;0;0;0;14;331;1440;4001;8533;17767;45443;105571;286650;720819;1372029;2372107;2284194;1423159;808734;254954;112748;45837;6869;0;0;0;0;0;0;0;0;0;0;0;0;0;0;0;0;0;0;0;0;0;0;0;0;0",9871200
85,1,"LeakyReLULayer( 0.050000 )",post_activation,"-10;-9.6875;-9.375;-9.0625;-8.75;-8.4375;-8.125;-7.8125;-7.5;-7.1875;-6.875;-6.5625;-6.25;-5.9375;-5.625;-5.3125;-5;-4.6875;-4.375;-4.0625;-3.75;-3.4375;-3.125;-2.8125;-2.5;-2.1875;-1.875;-1.5625;-1.25;-0.9375;-0.625;-0.3125;0;0.3125;0.625;0.9375;1.25;1.5625;1.875;2.1875;2.5;2.8125;3.125;3.4375;3.75;4.0625;4.375;4.6875;5;5.3125;5.625;5.9375;6.25;6.5625;6.875;7.1875;7.5;7.8125;8.125;8.4375;8.75;9.0625;9.375;9.6875;10","0;0;0;0;0;0;0;0;0;0;0;0;0;0;0;0;0;0;0;0;0;0;0;0;0;0;0;0;0;0;0;4934705;2284194;1423159;808734;254954;112748;45837;6869;0;0;0;0;0;0;0;0;0;0;0;0;0;0;0;0;0;0;0;0;0;0;0;0;0",9871200
85,5,"LeakyReLULayer( 0.050000 )",pre_activation,"-10;-9.6875;-9.375;-9.0625;-8.75;-8.4375;-8.125;-7.8125;-7.5;-7.1875;-6.875;-6.5625;-6.25;-5.9375;-5.625;-5.3125;-5;-4.6875;-4.375;-4.0625;-3.75;-3.4375;-3.125;-2.8125;-2.5;-2.1875;-1.875;-1.5625;-1.25;-0.9375;-0.625;-0.3125;0;0.3125;0.625;0.9375;1.25;1.5625;1.875;2.1875;2.5;2.8125;3.125;3.4375;3.75;4.0625;4.375;4.6875;5;5.3125;5.625;5.9375;6.25;6.5625;6.875;7.1875;7.5;7.8125;8.125;8.4375;8.75;9.0625;9.375;9.6875;10","0;0;0;0;0;0;0;0;0;0;0;0;0;0;0;0;0;0;0;14;58;93;146;306;421;1575;2731;4400;9153;18544;32615;49982;36285;15203;3065;601;243;53;0;0;0;0;0;0;0;0;0;0;0;0;0;0;0;0;0;0;0;0;0;0;0;0;0;0",175488
85,5,"LeakyReLULayer( 0.050000 )",post_activation,"-10;-9.6875;-9.375;-9.0625;-8.75;-8.4375;-8.125;-7.8125;-7.5;-7.1875;-6.875;-6.5625;-6.25;-5.9375;-5.625;-5.3125;-5;-4.6875;-4.375;-4.0625;-3.75;-3.4375;-3.125;-2.8125;-2.5;-2.1875;-1.875;-1.5625;-1.25;-0.9375;-0.625;-0.3125;0;0.3125;0.625;0.9375;1.25;1.5625;1.875;2.1875;2.5;2.8125;3.125;3.4375;3.75;4.0625;4.375;4.6875;5;5.3125;5.625;5.9375;6.25;6.5625;6.875;7.1875;7.5;7.8125;8.125;8.4375;8.75;9.0625;9.375;9.6875;10","0;0;0;0;0;0;0;0;0;0;0;0;0;0;0;0;0;0;0;0;0;0;0;0;0;0;0;0;0;0;0;120038;36285;15203;3065;601;243;53;0;0;0;0;0;0;0;0;0;0;0;0;0;0;0;0;0;0;0;0;0;0;0;0;0;0",175488
85,8,"LeakyReLULayer( 0.050000 )",pre_activation,"-10;-9.6875;-9.375;-9.0625;-8.75;-8.4375;-8.125;-7.8125;-7.5;-7.1875;-6.875;-6.5625;-6.25;-5.9375;-5.625;-5.3125;-5;-4.6875;-4.375;-4.0625;-3.75;-3.4375;-3.125;-2.8125;-2.5;-2.1875;-1.875;-1.5625;-1.25;-0.9375;-0.625;-0.3125;0;0.3125;0.625;0.9375;1.25;1.5625;1.875;2.1875;2.5;2.8125;3.125;3.4375;3.75;4.0625;4.375;4.6875;5;5.3125;5.625;5.9375;6.25;6.5625;6.875;7.1875;7.5;7.8125;8.125;8.4375;8.75;9.0625;9.375;9.6875;10","0;0;0;0;0;0;0;0;0;0;0;0;0;0;0;0;0;0;0;0;0;0;0;0;1;4;24;160;808;3097;9813;34842;30258;6576;1676;422;56;7;0;0;0;0;0;0;0;0;0;0;0;0;0;0;0;0;0;0;0;0;0;0;0;0;0;0",87744
85,8,"LeakyReLULayer( 0.050000 )",post_activation,"-10;-9.6875;-9.375;-9.0625;-8.75;-8.4375;-8.125;-7.8125;-7.5;-7.1875;-6.875;-6.5625;-6.25;-5.9375;-5.625;-5.3125;-5;-4.6875;-4.375;-4.0625;-3.75;-3.4375;-3.125;-2.8125;-2.5;-2.1875;-1.875;-1.5625;-1.25;-0.9375;-0.625;-0.3125;0;0.3125;0.625;0.9375;1.25;1.5625;1.875;2.1875;2.5;2.8125;3.125;3.4375;3.75;4.0625;4.375;4.6875;5;5.3125;5.625;5.9375;6.25;6.5625;6.875;7.1875;7.5;7.8125;8.125;8.4375;8.75;9.0625;9.375;9.6875;10","0;0;0;0;0;0;0;0;0;0;0;0;0;0;0;0;0;0;0;0;0;0;0;0;0;0;0;0;0;0;0;48749;30258;6576;1676;422;56;7;0;0;0;0;0;0;0;0;0;0;0;0;0;0;0;0;0;0;0;0;0;0;0;0;0;0",87744
86,1,"LeakyReLULayer( 0.050000 )",pre_activation,"-10;-9.6875;-9.375;-9.0625;-8.75;-8.4375;-8.125;-7.8125;-7.5;-7.1875;-6.875;-6.5625;-6.25;-5.9375;-5.625;-5.3125;-5;-4.6875;-4.375;-4.0625;-3.75;-3.4375;-3.125;-2.8125;-2.5;-2.1875;-1.875;-1.5625;-1.25;-0.9375;-0.625;-0.3125;0;0.3125;0.625;0.9375;1.25;1.5625;1.875;2.1875;2.5;2.8125;3.125;3.4375;3.75;4.0625;4.375;4.6875;5;5.3125;5.625;5.9375;6.25;6.5625;6.875;7.1875;7.5;7.8125;8.125;8.4375;8.75;9.0625;9.375;9.6875;10","0;0;0;0;0;0;0;0;0;0;0;0;0;0;0;0;0;0;0;0;14;332;1445;4001;8528;17758;45407;105417;286266;720200;1372731;2372526;2285466;1423393;807780;254534;112649;45873;6880;0;0;0;0;0;0;0;0;0;0;0;0;0;0;0;0;0;0;0;0;0;0;0;0;0",9871200
86,1,"LeakyReLULayer( 0.050000 )",post_activation,"-10;-9.6875;-9.375;-9.0625;-8.75;-8.4375;-8.125;-7.8125;-7.5;-7.1875;-6.875;-6.5625;-6.25;-5.9375;-5.625;-5.3125;-5;-4.6875;-4.375;-4.0625;-3.75;-3.4375;-3.125;-2.8125;-2.5;-2.1875;-1.875;-1.5625;-1.25;-0.9375;-0.625;-0.3125;0;0.3125;0.625;0.9375;1.25;1.5625;1.875;2.1875;2.5;2.8125;3.125;3.4375;3.75;4.0625;4.375;4.6875;5;5.3125;5.625;5.9375;6.25;6.5625;6.875;7.1875;7.5;7.8125;8.125;8.4375;8.75;9.0625;9.375;9.6875;10","0;0;0;0;0;0;0;0;0;0;0;0;0;0;0;0;0;0;0;0;0;0;0;0;0;0;0;0;0;0;0;4934625;2285466;1423393;807780;254534;112649;45873;6880;0;0;0;0;0;0;0;0;0;0;0;0;0;0;0;0;0;0;0;0;0;0;0;0;0",9871200
86,5,"LeakyReLULayer( 0.050000 )",pre_activation,"-10;-9.6875;-9.375;-9.0625;-8.75;-8.4375;-8.125;-7.8125;-7.5;-7.1875;-6.875;-6.5625;-6.25;-5.9375;-5.625;-5.3125;-5;-4.6875;-4.375;-4.0625;-3.75;-3.4375;-3.125;-2.8125;-2.5;-2.1875;-1.875;-1.5625;-1.25;-0.9375;-0.625;-0.3125;0;0.3125;0.625;0.9375;1.25;1.5625;1.875;2.1875;2.5;2.8125;3.125;3.4375;3.75;4.0625;4.375;4.6875;5;5.3125;5.625;5.9375;6.25;6.5625;6.875;7.1875;7.5;7.8125;8.125;8.4375;8.75;9.0625;9.375;9.6875;10","0;0;0;0;0;0;0;0;0;0;0;0;0;0;0;0;0;0;0;22;62;98;152;314;441;1538;2752;4509;9141;18719;32115;50879;35999;15130;2744;593;234;46;0;0;0;0;0;0;0;0;0;0;0;0;0;0;0;0;0;0;0;0;0;0;0;0;0;0",175488
86,5,"LeakyReLULayer( 0.050000 )",post_activation,"-10;-9.6875;-9.375;-9.0625;-8.75;-8.4375;-8.125;-7.8125;-7.5;-7.1875;-6.875;-6.5625;-6.25;-5.9375;-5.625;-5.3125;-5;-4.6875;-4.375;-4.0625;-3.75;-3.4375;-3.125;-2.8125;-2.5;-2.1875;-1.875;-1.5625;-1.25;-0.9375;-0.625;-0.3125;0;0.3125;0.625;0.9375;1.25;1.5625;1.875;2.1875;2.5;2.8125;3.125;3.4375;3.75;4.0625;4.375;4.6875;5;5.3125;5.625;5.9375;6.25;6.5625;6.875;7.1875;7.5;7.8125;8.125;8.4375;8.75;9.0625;9.375;9.6875;10","0;0;0;0;0;0;0;0;0;0;0;0;0;0;0;0;0;0;0;0;0;0;0;0;0;0;0;0;0;0;0;120742;35999;15130;2744;593;234;46;0;0;0;0;0;0;0;0;0;0;0;0;0;0;0;0;0;0;0;0;0;0;0;0;0;0",175488
86,8,"LeakyReLULayer( 0.050000 )",pre_activation,"-10;-9.6875;-9.375;-9.0625;-8.75;-8.4375;-8.125;-7.8125;-7.5;-7.1875;-6.875;-6.5625;-6.25;-5.9375;-5.625;-5.3125;-5;-4.6875;-4.375;-4.0625;-3.75;-3.4375;-3.125;-2.8125;-2.5;-2.1875;-1.875;-1.5625;-1.25;-0.9375;-0.625;-0.3125;0;0.3125;0.625;0.9375;1.25;1.5625;1.875;2.1875;2.5;2.8125;3.125;3.4375;3.75;4.0625;4.375;4.6875;5;5.3125;5.625;5.9375;6.25;6.5625;6.875;7.1875;7.5;7.8125;8.125;8.4375;8.75;9.0625;9.375;9.6875;10","0;0;0;0;0;0;0;0;0;0;0;0;0;0;0;0;0;0;0;0;0;0;0;0;0;0;23;137;807;3178;9598;34419;30995;6525;1664;355;40;3;0;0;0;0;0;0;0;0;0;0;0;0;0;0;0;0;0;0;0;0;0;0;0;0;0;0",87744
86,8,"LeakyReLULayer( 0.050000 )",post_activation,"-10;-9.6875;-9.375;-9.0625;-8.75;-8.4375;-8.125;-7.8125;-7.5;-7.1875;-6.875;-6.5625;-6.25;-5.9375;-5.625;-5.3125;-5;-4.6875;-4.375;-4.0625;-3.75;-3.4375;-3.125;-2.8125;-2.5;-2.1875;-1.875;-1.5625;-1.25;-0.9375;-0.625;-0.3125;0;0.3125;0.625;0.9375;1.25;1.5625;1.875;2.1875;2.5;2.8125;3.125;3.4375;3.75;4.0625;4.375;4.6875;5;5.3125;5.625;5.9375;6.25;6.5625;6.875;7.1875;7.5;7.8125;8.125;8.4375;8.75;9.0625;9.375;9.6875;10","0;0;0;0;0;0;0;0;0;0;0;0;0;0;0;0;0;0;0;0;0;0;0;0;0;0;0;0;0;0;0;48162;30995;6525;1664;355;40;3;0;0;0;0;0;0;0;0;0;0;0;0;0;0;0;0;0;0;0;0;0;0;0;0;0;0",87744
87,1,"LeakyReLULayer( 0.050000 )",pre_activation,"-10;-9.6875;-9.375;-9.0625;-8.75;-8.4375;-8.125;-7.8125;-7.5;-7.1875;-6.875;-6.5625;-6.25;-5.9375;-5.625;-5.3125;-5;-4.6875;-4.375;-4.0625;-3.75;-3.4375;-3.125;-2.8125;-2.5;-2.1875;-1.875;-1.5625;-1.25;-0.9375;-0.625;-0.3125;0;0.3125;0.625;0.9375;1.25;1.5625;1.875;2.1875;2.5;2.8125;3.125;3.4375;3.75;4.0625;4.375;4.6875;5;5.3125;5.625;5.9375;6.25;6.5625;6.875;7.1875;7.5;7.8125;8.125;8.4375;8.75;9.0625;9.375;9.6875;10","0;0;0;0;0;0;0;0;0;0;0;0;0;0;0;0;0;0;0;0;14;332;1446;4003;8521;17756;45386;105414;286316;719841;1372829;2372680;2285683;1423706;807399;254428;112654;45914;6878;0;0;0;0;0;0;0;0;0;0;0;0;0;0;0;0;0;0;0;0;0;0;0;0;0",9871200
87,1,"LeakyReLULayer( 0.050000 )",post_activation,"-10;-9.6875;-9.375;-9.0625;-8.75;-8.4375;-8.125;-7.8125;-7.5;-7.1875;-6.875;-6.5625;-6.25;-5.9375;-5.625;-5.3125;-5;-4.6875;-4.375;-4.0625;-3.75;-3.4375;-3.125;-2.8125;-2.5;-2.1875;-1.875;-1.5625;-1.25;-0.9375;-0.625;-0.3125;0;0.3125;0.625;0.9375;1.25;1.5625;1.875;2.1875;2.5;2.8125;3.125;3.4375;3.75;4.0625;4.375;4.6875;5;5.3125;5.625;5.9375;6.25;6.5625;6.875;7.1875;7.5;7.8125;8.125;8.4375;8.75;9.0625;9.375;9.6875;10","0;0;0;0;0;0;0;0;0;0;0;0;0;0;0;0;0;0;0;0;0;0;0;0;0;0;0;0;0;0;0;4934538;2285683;1423706;807399;254428;112654;45914;6878;0;0;0;0;0;0;0;0;0;0;0;0;0;0;0;0;0;0;0;0;0;0;0;0;0",9871200
87,5,"LeakyReLULayer( 0.050000 )",pre_activation,"-10;-9.6875;-9.375;-9.0625;-8.75;-8.4375;-8.125;-7.8125;-7.5;-7.1875;-6.875;-6.5625;-6.25;-5.9375;-5.625;-5.3125;-5;-4.6875;-4.375;-4.0625;-3.75;-3.4375;-3.125;-2.8125;-2.5;-2.1875;-1.875;-1.5625;-1.25;-0.9375;-0.625;-0.3125;0;0.3125;0.625;0.9375;1.25;1.5625;1.875;2.1875;2.5;2.8125;3.125;3.4375;3.75;4.0625;4.375;4.6875;5;5.3125;5.625;5.9375;6.25;6.5625;6.875;7.1875;7.5;7.8125;8.125;8.4375;8.75;9.0625;9.375;9.6875;10","0;0;0;0;0;0;0;0;0;0;0;0;0;0;0;0;0;0;0;23;66;101;146;309;483;1528;2733;4561;9325;18815;31912;51402;35475;14817;2880;628;238;46;0;0;0;0;0;0;0;0;0;0;0;0;0;0;0;0;0;0;0;0;0;0;0;0;0;0",175488
87,5,"LeakyReLULayer( 0.050000 )",post_activation,"-10;-9.6875;-9.375;-9.0625;-8.75;-8.4375;-8.125;-7.8125;-7.5;-7.1875;-6.875;-6.5625;-6.25;-5.9375;-5.625;-5.3125;-5;-4.6875;-4.375;-4.0625;-3.75;-3.4375;-3.125;-2.8125;-2.5;-2.1875;-1.875;-1.5625;-1.25;-0.9375;-0.625;-0.3125;0;0.3125;0.625;0.9375;1.25;1.5625;1.875;2.1875;2.5;2.8125;3.125;3.4375;3.75;4.0625;4.375;4.6875;5;5.3125;5.625;5.9375;6.25;6.5625;6.875;7.1875;7.5;7.8125;8.125;8.4375;8.75;9.0625;9.375;9.6875;10","0;0;0;0;0;0;0;0;0;0;0;0;0;0;0;0;0;0;0;0;0;0;0;0;0;0;0;0;0;0;0;121404;35475;14817;2880;628;238;46;0;0;0;0;0;0;0;0;0;0;0;0;0;0;0;0;0;0;0;0;0;0;0;0;0;0",175488
87,8,"LeakyReLULayer( 0.050000 )",pre_activation,"-10;-9.6875;-9.375;-9.0625;-8.75;-8.4375;-8.125;-7.8125;-7.5;-7.1875;-6.875;-6.5625;-6.25;-5.9375;-5.625;-5.3125;-5;-4.6875;-4.375;-4.0625;-3.75;-3.4375;-3.125;-2.8125;-2.5;-2.1875;-1.875;-1.5625;-1.25;-0.9375;-0.625;-0.3125;0;0.3125;0.625;0.9375;1.25;1.5625;1.875;2.1875;2.5;2.8125;3.125;3.4375;3.75;4.0625;4.375;4.6875;5;5.3125;5.625;5.9375;6.25;6.5625;6.875;7.1875;7.5;7.8125;8.125;8.4375;8.75;9.0625;9.375;9.6875;10","0;0;0;0;0;0;0;0;0;0;0;0;0;0;0;0;0;0;0;0;0;0;0;0;0;2;17;149;855;3225;9855;33584;31494;6599;1557;360;45;2;0;0;0;0;0;0;0;0;0;0;0;0;0;0;0;0;0;0;0;0;0;0;0;0;0;0",87744
87,8,"LeakyReLULayer( 0.050000 )",post_activation,"-10;-9.6875;-9.375;-9.0625;-8.75;-8.4375;-8.125;-7.8125;-7.5;-7.1875;-6.875;-6.5625;-6.25;-5.9375;-5.625;-5.3125;-5;-4.6875;-4.375;-4.0625;-3.75;-3.4375;-3.125;-2.8125;-2.5;-2.1875;-1.875;-1.5625;-1.25;-0.9375;-0.625;-0.3125;0;0.3125;0.625;0.9375;1.25;1.5625;1.875;2.1875;2.5;2.8125;3.125;3.4375;3.75;4.0625;4.375;4.6875;5;5.3125;5.625;5.9375;6.25;6.5625;6.875;7.1875;7.5;7.8125;8.125;8.4375;8.75;9.0625;9.375;9.6875;10","0;0;0;0;0;0;0;0;0;0;0;0;0;0;0;0;0;0;0;0;0;0;0;0;0;0;0;0;0;0;0;47687;31494;6599;1557;360;45;2;0;0;0;0;0;0;0;0;0;0;0;0;0;0;0;0;0;0;0;0;0;0;0;0;0;0",87744
88,1,"LeakyReLULayer( 0.050000 )",pre_activation,"-10;-9.6875;-9.375;-9.0625;-8.75;-8.4375;-8.125;-7.8125;-7.5;-7.1875;-6.875;-6.5625;-6.25;-5.9375;-5.625;-5.3125;-5;-4.6875;-4.375;-4.0625;-3.75;-3.4375;-3.125;-2.8125;-2.5;-2.1875;-1.875;-1.5625;-1.25;-0.9375;-0.625;-0.3125;0;0.3125;0.625;0.9375;1.25;1.5625;1.875;2.1875;2.5;2.8125;3.125;3.4375;3.75;4.0625;4.375;4.6875;5;5.3125;5.625;5.9375;6.25;6.5625;6.875;7.1875;7.5;7.8125;8.125;8.4375;8.75;9.0625;9.375;9.6875;10","0;0;0;0;0;0;0;0;0;0;0;0;0;0;0;0;0;0;0;0;14;331;1445;3995;8529;17767;45412;105386;286321;719546;1372263;2373525;2286284;1423551;806936;254415;112724;45885;6871;0;0;0;0;0;0;0;0;0;0;0;0;0;0;0;0;0;0;0;0;0;0;0;0;0",9871200
88,1,"LeakyReLULayer( 0.050000 )",post_activation,"-10;-9.6875;-9.375;-9.0625;-8.75;-8.4375;-8.125;-7.8125;-7.5;-7.1875;-6.875;-6.5625;-6.25;-5.9375;-5.625;-5.3125;-5;-4.6875;-4.375;-4.0625;-3.75;-3.4375;-3.125;-2.8125;-2.5;-2.1875;-1.875;-1.5625;-1.25;-0.9375;-0.625;-0.3125;0;0.3125;0.625;0.9375;1.25;1.5625;1.875;2.1875;2.5;2.8125;3.125;3.4375;3.75;4.0625;4.375;4.6875;5;5.3125;5.625;5.9375;6.25;6.5625;6.875;7.1875;7.5;7.8125;8.125;8.4375;8.75;9.0625;9.375;9.6875;10","0;0;0;0;0;0;0;0;0;0;0;0;0;0;0;0;0;0;0;0;0;0;0;0;0;0;0;0;0;0;0;4934534;2286284;1423551;806936;254415;112724;45885;6871;0;0;0;0;0;0;0;0;0;0;0;0;0;0;0;0;0;0;0;0;0;0;0;0;0",9871200
88,5,"LeakyReLULayer( 0.050000 )",pre_activation,"-10;-9.6875;-9.375;-9.0625;-8.75;-8.4375;-8.125;-7.8125;-7.5;-7.1875;-6.875;-6.5625;-6.25;-5.9375;-5.625;-5.3125;-5;-4.6875;-4.375;-4.0625;-3.75;-3.4375;-3.125;-2.8125;-2.5;-2.1875;-1.875;-1.5625;-1.25;-0.9375;-0.625;-0.3125;0;0.3125;0.625;0.9375;1.25;1.5625;1.875;2.1875;2.5;2.8125;3.125;3.4375;3.75;4.0625;4.375;4.6875;5;5.3125;5.625;5.9375;6.25;6.5625;6.875;7.1875;7.5;7.8125;8.125;8.4375;8.75;9.0625;9.375;9.6875;10","0;0;0;0;0;0;0;0;0;0;0;0;0;0;0;0;0;0;0;24;67;94;134;306;493;1495;2679;4613;9415;19005;31772;50881;36191;14482;2848;690;250;49;0;0;0;0;0;0;0;0;0;0;0;0;0;0;0;0;0;0;0;0;0;0;0;0;0;0",175488
88,5,"LeakyReLULayer( 0.050000 )",post_activation,"-10;-9.6875;-9.375;-9.0625;-8.75;-8.4375;-8.125;-7.8125;-7.5;-7.1875;-6.875;-6.5625;-6.25;-5.9375;-5.625;-5.3125;-5;-4.6875;-4.375;-4.0625;-3.75;-3.4375;-3.125;-2.8125;-2.5;-2.1875;-1.875;-1.5625;-1.25;-0.9375;-0.625;-0.3125;0;0.3125;0.625;0.9375;1.25;1.5625;1.875;2.1875;2.5;2.8125;3.125;3.4375;3.75;4.0625;4.375;4.6875;5;5.3125;5.625;5.9375;6.25;6.5625;6.875;7.1875;7.5;7.8125;8.125;8.4375;8.75;9.0625;9.375;9.6875;10","0;0;0;0;0;0;0;0;0;0;0;0;0;0;0;0;0;0;0;0;0;0;0;0;0;0;0;0;0;0;0;120978;36191;14482;2848;690;250;49;0;0;0;0;0;0;0;0;0;0;0;0;0;0;0;0;0;0;0;0;0;0;0;0;0;0",175488
88,8,"LeakyReLULayer( 0.050000 )",pre_activation,"-10;-9.6875;-9.375;-9.0625;-8.75;-8.4375;-8.125;-7.8125;-7.5;-7.1875;-6.875;-6.5625;-6.25;-5.9375;-5.625;-5.3125;-5;-4.6875;-4.375;-4.0625;-3.75;-3.4375;-3.125;-2.8125;-2.5;-2.1875;-1.875;-1.5625;-1.25;-0.9375;-0.625;-0.3125;0;0.3125;0.625;0.9375;1.25;1.5625;1.875;2.1875;2.5;2.8125;3.125;3.4375;3.75;4.0625;4.375;4.6875;5;5.3125;5.625;5.9375;6.25;6.5625;6.875;7.1875;7.5;7.8125;8.125;8.4375;8.75;9.0625;9.375;9.6875;10","0;0;0;0;0;0;0;0;0;0;0;0;0;0;0;0;0;0;0;0;0;0;0;0;0;2;17;138;819;3194;9935;33328;31756;6601;1578;324;50;2;0;0;0;0;0;0;0;0;0;0;0;0;0;0;0;0;0;0;0;0;0;0;0;0;0;0",87744
88,8,"LeakyReLULayer( 0.050000 )",post_activation,"-10;-9.6875;-9.375;-9.0625;-8.75;-8.4375;-8.125;-7.8125;-7.5;-7.1875;-6.875;-6.5625;-6.25;-5.9375;-5.625;-5.3125;-5;-4.6875;-4.375;-4.0625;-3.75;-3.4375;-3.125;-2.8125;-2.5;-2.1875;-1.875;-1.5625;-1.25;-0.9375;-0.625;-0.3125;0;0.3125;0.625;0.9375;1.25;1.5625;1.875;2.1875;2.5;2.8125;3.125;3.4375;3.75;4.0625;4.375;4.6875;5;5.3125;5.625;5.9375;6.25;6.5625;6.875;7.1875;7.5;7.8125;8.125;8.4375;8.75;9.0625;9.375;9.6875;10","0;0;0;0;0;0;0;0;0;0;0;0;0;0;0;0;0;0;0;0;0;0;0;0;0;0;0;0;0;0;0;47433;31756;6601;1578;324;50;2;0;0;0;0;0;0;0;0;0;0;0;0;0;0;0;0;0;0;0;0;0;0;0;0;0;0",87744
89,1,"LeakyReLULayer( 0.050000 )",pre_activation,"-10;-9.6875;-9.375;-9.0625;-8.75;-8.4375;-8.125;-7.8125;-7.5;-7.1875;-6.875;-6.5625;-6.25;-5.9375;-5.625;-5.3125;-5;-4.6875;-4.375;-4.0625;-3.75;-3.4375;-3.125;-2.8125;-2.5;-2.1875;-1.875;-1.5625;-1.25;-0.9375;-0.625;-0.3125;0;0.3125;0.625;0.9375;1.25;1.5625;1.875;2.1875;2.5;2.8125;3.125;3.4375;3.75;4.0625;4.375;4.6875;5;5.3125;5.625;5.9375;6.25;6.5625;6.875;7.1875;7.5;7.8125;8.125;8.4375;8.75;9.0625;9.375;9.6875;10","0;0;0;0;0;0;0;0;0;0;0;0;0;0;0;0;0;0;0;0;14;332;1445;3999;8529;17764;45420;105364;286131;719449;1372602;2373443;2285974;1424335;806696;254225;112715;45888;6875;0;0;0;0;0;0;0;0;0;0;0;0;0;0;0;0;0;0;0;0;0;0;0;0;0",9871200
89,1,"LeakyReLULayer( 0.050000 )",post_activation,"-10;-9.6875;-9.375;-9.0625;-8.75;-8.4375;-8.125;-7.8125;-7.5;-7.1875;-6.875;-6.5625;-6.25;-5.9375;-5.625;-5.3125;-5;-4.6875;-4.375;-4.0625;-3.75;-3.4375;-3.125;-2.8125;-2.5;-2.1875;-1.875;-1.5625;-1.25;-0.9375;-0.625;-0.3125;0;0.3125;0.625;0.9375;1.25;1.5625;1.875;2.1875;2.5;2.8125;3.125;3.4375;3.75;4.0625;4.375;4.6875;5;5.3125;5.625;5.9375;6.25;6.5625;6.875;7.1875;7.5;7.8125;8.125;8.4375;8.75;9.0625;9.375;9.6875;10","0;0;0;0;0;0;0;0;0;0;0;0;0;0;0;0;0;0;0;0;0;0;0;0;0;0;0;0;0;0;0;4934492;2285974;1424335;806696;254225;112715;45888;6875;0;0;0;0;0;0;0;0;0;0;0;0;0;0;0;0;0;0;0;0;0;0;0;0;0",9871200
89,5,"LeakyReLULayer( 0.050000 )",pre_activation,"-10;-9.6875;-9.375;-9.0625;-8.75;-8.4375;-8.125;-7.8125;-7.5;-7.1875;-6.875;-6.5625;-6.25;-5.9375;-5.625;-5.3125;-5;-4.6875;-4.375;-4.0625;-3.75;-3.4375;-3.125;-2.8125;-2.5;-2.1875;-1.875;-1.5625;-1.25;-0.9375;-0.625;-0.3125;0;0.3125;0.625;0.9375;1.25;1.5625;1.875;2.1875;2.5;2.8125;3.125;3.4375;3.75;4.0625;4.375;4.6875;5;5.3125;5.625;5.9375;6.25;6.5625;6.875;7.1875;7.5;7.8125;8.125;8.4375;8.75;9.0625;9.375;9.6875;10","0;0;0;0;0;0;0;0;0;0;0;0;0;0;0;0;0;0;0;23;62;96;146;309;510;1483;2658;4649;9415;19034;31913;50214;36646;14546;2777;721;237;49;0;0;0;0;0;0;0;0;0;0;0;0;0;0;0;0;0;0;0;0;0;0;0;0;0;0",175488
89,5,"LeakyReLULayer( 0.050000 )",post_activation,"-10;-9.6875;-9.375;-9.0625;-8.75;-8.4375;-8.125;-7.8125;-7.5;-7.1875;-6.875;-6.5625;-6.25;-5.9375;-5.625;-5.3125;-5;-4.6875;-4.375;-4.0625;-3.75;-3.4375;-3.125;-2.8125;-2.5;-2.1875;-1.875;-1.5625;-1.25;-0.9375;-0.625;-0.3125;0;0.3125;0.625;0.9375;1.25;1.5625;1.875;2.1875;2.5;2.8125;3.125;3.4375;3.75;4.0625;4.375;4.6875;5;5.3125;5.625;5.9375;6.25;6.5625;6.875;7.1875;7.5;7.8125;8.125;8.4375;8.75;9.0625;9.375;9.6875;10","0;0;0;0;0;0;0;0;0;0;0;0;0;0;0;0;0;0;0;0;0;0;0;0;0;0;0;0;0;0;0;120512;36646;14546;2777;721;237;49;0;0;0;0;0;0;0;0;0;0;0;0;0;0;0;0;0;0;0;0;0;0;0;0;0;0",175488
89,8,"LeakyReLULayer( 0.050000 )",pre_activation,"-10;-9.6875;-9.375;-9.0625;-8.75;-8.4375;-8.125;-7.8125;-7.5;-7.1875;-6.875;-6.5625;-6.25;-5.9375;-5.625;-5.3125;-5;-4.6875;-4.375;-4.0625;-3.75;-3.4375;-3.125;-2.8125;-2.5;-2.1875;-1.875;-1.5625;-1.25;-0.9375;-0.625;-0.3125;0;0.3125;0.625;0.9375;1.25;1.5625;1.875;2.1875;2.5;2.8125;3.125;3.4375;3.75;4.0625;4.375;4.6875;5;5.3125;5.625;5.9375;6.25;6.5625;6.875;7.1875;7.5;7.8125;8.125;8.4375;8.75;9.0625;9.375;9.6875;10","0;0;0;0;0;0;0;0;0;0;0;0;0;0;0;0;0;0;0;0;0;0;0;0;0;3;10;123;810;3132;10055;33916;31107;6653;1585;304;39;7;0;0;0;0;0;0;0;0;0;0;0;0;0;0;0;0;0;0;0;0;0;0;0;0;0;0",87744
89,8,"LeakyReLULayer( 0.050000 )",post_activation,"-10;-9.6875;-9.375;-9.0625;-8.75;-8.4375;-8.125;-7.8125;-7.5;-7.1875;-6.875;-6.5625;-6.25;-5.9375;-5.625;-5.3125;-5;-4.6875;-4.375;-4.0625;-3.75;-3.4375;-3.125;-2.8125;-2.5;-2.1875;-1.875;-1.5625;-1.25;-0.9375;-0.625;-0.3125;0;0.3125;0.625;0.9375;1.25;1.5625;1.875;2.1875;2.5;2.8125;3.125;3.4375;3.75;4.0625;4.375;4.6875;5;5.3125;5.625;5.9375;6.25;6.5625;6.875;7.1875;7.5;7.8125;8.125;8.4375;8.75;9.0625;9.375;9.6875;10","0;0;0;0;0;0;0;0;0;0;0;0;0;0;0;0;0;0;0;0;0;0;0;0;0;0;0;0;0;0;0;48049;31107;6653;1585;304;39;7;0;0;0;0;0;0;0;0;0;0;0;0;0;0;0;0;0;0;0;0;0;0;0;0;0;0",87744
90,1,"LeakyReLULayer( 0.050000 )",pre_activation,"-10;-9.6875;-9.375;-9.0625;-8.75;-8.4375;-8.125;-7.8125;-7.5;-7.1875;-6.875;-6.5625;-6.25;-5.9375;-5.625;-5.3125;-5;-4.6875;-4.375;-4.0625;-3.75;-3.4375;-3.125;-2.8125;-2.5;-2.1875;-1.875;-1.5625;-1.25;-0.9375;-0.625;-0.3125;0;0.3125;0.625;0.9375;1.25;1.5625;1.875;2.1875;2.5;2.8125;3.125;3.4375;3.75;4.0625;4.375;4.6875;5;5.3125;5.625;5.9375;6.25;6.5625;6.875;7.1875;7.5;7.8125;8.125;8.4375;8.75;9.0625;9.375;9.6875;10","0;0;0;0;0;0;0;0;0;0;0;0;0;0;0;0;0;0;0;0;13;329;1442;3988;8521;17765;45407;105372;286139;719389;1372318;2373929;2286134;1424190;806413;254463;112723;45815;6850;0;0;0;0;0;0;0;0;0;0;0;0;0;0;0;0;0;0;0;0;0;0;0;0;0",9871200
90,1,"LeakyReLULayer( 0.050000 )",post_activation,"-10;-9.6875;-9.375;-9.0625;-8.75;-8.4375;-8.125;-7.8125;-7.5;-7.1875;-6.875;-6.5625;-6.25;-5.9375;-5.625;-5.3125;-5;-4.6875;-4.375;-4.0625;-3.75;-3.4375;-3.125;-2.8125;-2.5;-2.1875;-1.875;-1.5625;-1.25;-0.9375;-0.625;-0.3125;0;0.3125;0.625;0.9375;1.25;1.5625;1.875;2.1875;2.5;2.8125;3.125;3.4375;3.75;4.0625;4.375;4.6875;5;5.3125;5.625;5.9375;6.25;6.5625;6.875;7.1875;7.5;7.8125;8.125;8.4375;8.75;9.0625;9.375;9.6875;10","0;0;0;0;0;0;0;0;0;0;0;0;0;0;0;0;0;0;0;0;0;0;0;0;0;0;0;0;0;0;0;4934612;2286134;1424190;806413;254463;112723;45815;6850;0;0;0;0;0;0;0;0;0;0;0;0;0;0;0;0;0;0;0;0;0;0;0;0;0",9871200
90,5,"LeakyReLULayer( 0.050000 )",pre_activation,"-10;-9.6875;-9.375;-9.0625;-8.75;-8.4375;-8.125;-7.8125;-7.5;-7.1875;-6.875;-6.5625;-6.25;-5.9375;-5.625;-5.3125;-5;-4.6875;-4.375;-4.0625;-3.75;-3.4375;-3.125;-2.8125;-2.5;-2.1875;-1.875;-1.5625;-1.25;-0.9375;-0.625;-0.3125;0;0.3125;0.625;0.9375;1.25;1.5625;1.875;2.1875;2.5;2.8125;3.125;3.4375;3.75;4.0625;4.375;4.6875;5;5.3125;5.625;5.9375;6.25;6.5625;6.875;7.1875;7.5;7.8125;8.125;8.4375;8.75;9.0625;9.375;9.6875;10","0;0;0;0;0;0;0;0;0;0;0;0;0;0;0;0;0;0;0;26;70;98;161;306;476;1456;2738;4558;9303;19428;31736;49548;36657;14885;3103;638;248;53;0;0;0;0;0;0;0;0;0;0;0;0;0;0;0;0;0;0;0;0;0;0;0;0;0;0",175488
90,5,"LeakyReLULayer( 0.050000 )",post_activation,"-10;-9.6875;-9.375;-9.0625;-8.75;-8.4375;-8.125;-7.8125;-7.5;-7.1875;-6.875;-6.5625;-6.25;-5.9375;-5.625;-5.3125;-5;-4.6875;-4.375;-4.0625;-3.75;-3.4375;-3.125;-2.8125;-2.5;-2.1875;-1.875;-1.5625;-1.25;-0.9375;-0.625;-0.3125;0;0.3125;0.625;0.9375;1.25;1.5625;1.875;2.1875;2.5;2.8125;3.125;3.4375;3.75;4.0625;4.375;4.6875;5;5.3125;5.625;5.9375;6.25;6.5625;6.875;7.1875;7.5;7.8125;8.125;8.4375;8.75;9.0625;9.375;9.6875;10","0;0;0;0;0;0;0;0;0;0;0;0;0;0;0;0;0;0;0;0;0;0;0;0;0;0;0;0;0;0;0;119904;36657;14885;3103;638;248;53;0;0;0;0;0;0;0;0;0;0;0;0;0;0;0;0;0;0;0;0;0;0;0;0;0;0",175488
90,8,"LeakyReLULayer( 0.050000 )",pre_activation,"-10;-9.6875;-9.375;-9.0625;-8.75;-8.4375;-8.125;-7.8125;-7.5;-7.1875;-6.875;-6.5625;-6.25;-5.9375;-5.625;-5.3125;-5;-4.6875;-4.375;-4.0625;-3.75;-3.4375;-3.125;-2.8125;-2.5;-2.1875;-1.875;-1.5625;-1.25;-0.9375;-0.625;-0.3125;0;0.3125;0.625;0.9375;1.25;1.5625;1.875;2.1875;2.5;2.8125;3.125;3.4375;3.75;4.0625;4.375;4.6875;5;5.3125;5.625;5.9375;6.25;6.5625;6.875;7.1875;7.5;7.8125;8.125;8.4375;8.75;9.0625;9.375;9.6875;10","0;0;0;0;0;0;0;0;0;0;0;0;0;0;0;0;0;0;0;0;0;0;0;0;1;2;20;152;845;3193;9698;33636;31307;6812;1643;387;47;1;0;0;0;0;0;0;0;0;0;0;0;0;0;0;0;0;0;0;0;0;0;0;0;0;0;0",87744
90,8,"LeakyReLULayer( 0.050000 )",post_activation,"-10;-9.6875;-9.375;-9.0625;-8.75;-8.4375;-8.125;-7.8125;-7.5;-7.1875;-6.875;-6.5625;-6.25;-5.9375;-5.625;-5.3125;-5;-4.6875;-4.375;-4.0625;-3.75;-3.4375;-3.125;-2.8125;-2.5;-2.1875;-1.875;-1.5625;-1.25;-0.9375;-0.625;-0.3125;0;0.3125;0.625;0.9375;1.25;1.5625;1.875;2.1875;2.5;2.8125;3.125;3.4375;3.75;4.0625;4.375;4.6875;5;5.3125;5.625;5.9375;6.25;6.5625;6.875;7.1875;7.5;7.8125;8.125;8.4375;8.75;9.0625;9.375;9.6875;10","0;0;0;0;0;0;0;0;0;0;0;0;0;0;0;0;0;0;0;0;0;0;0;0;0;0;0;0;0;0;0;47547;31307;6812;1643;387;47;1;0;0;0;0;0;0;0;0;0;0;0;0;0;0;0;0;0;0;0;0;0;0;0;0;0;0",87744
91,1,"LeakyReLULayer( 0.050000 )",pre_activation,"-10;-9.6875;-9.375;-9.0625;-8.75;-8.4375;-8.125;-7.8125;-7.5;-7.1875;-6.875;-6.5625;-6.25;-5.9375;-5.625;-5.3125;-5;-4.6875;-4.375;-4.0625;-3.75;-3.4375;-3.125;-2.8125;-2.5;-2.1875;-1.875;-1.5625;-1.25;-0.9375;-0.625;-0.3125;0;0.3125;0.625;0.9375;1.25;1.5625;1.875;2.1875;2.5;2.8125;3.125;3.4375;3.75;4.0625;4.375;4.6875;5;5.3125;5.625;5.9375;6.25;6.5625;6.875;7.1875;7.5;7.8125;8.125;8.4375;8.75;9.0625;9.375;9.6875;10","0;0;0;0;0;0;0;0;0;0;0;0;0;0;0;0;0;0;0;0;12;326;1436;3972;8503;17737;45311;105339;286167;719901;1372341;2373558;2286565;1423249;807394;254285;112626;45662;6816;0;0;0;0;0;0;0;0;0;0;0;0;0;0;0;0;0;0;0;0;0;0;0;0;0",9871200
91,1,"LeakyReLULayer( 0.050000 )",post_activation,"-10;-9.6875;-9.375;-9.0625;-8.75;-8.4375;-8.125;-7.8125;-7.5;-7.1875;-6.875;-6.5625;-6.25;-5.9375;-5.625;-5.3125;-5;-4.6875;-4.375;-4.0625;-3.75;-3.4375;-3.125;-2.8125;-2.5;-2.1875;-1.875;-1.5625;-1.25;-0.9375;-0.625;-0.3125;0;0.3125;0.625;0.9375;1.25;1.5625;1.875;2.1875;2.5;2.8125;3.125;3.4375;3.75;4.0625;4.375;4.6875;5;5.3125;5.625;5.9375;6.25;6.5625;6.875;7.1875;7.5;7.8125;8.125;8.4375;8.75;9.0625;9.375;9.6875;10","0;0;0;0;0;0;0;0;0;0;0;0;0;0;0;0;0;0;0;0;0;0;0;0;0;0;0;0;0;0;0;4934603;2286565;1423249;807394;254285;112626;45662;6816;0;0;0;0;0;0;0;0;0;0;0;0;0;0;0;0;0;0;0;0;0;0;0;0;0",9871200
91,5,"LeakyReLULayer( 0.050000 )",pre_activation,"-10;-9.6875;-9.375;-9.0625;-8.75;-8.4375;-8.125;-7.8125;-7.5;-7.1875;-6.875;-6.5625;-6.25;-5.9375;-5.625;-5.3125;-5;-4.6875;-4.375;-4.0625;-3.75;-3.4375;-3.125;-2.8125;-2.5;-2.1875;-1.875;-1.5625;-1.25;-0.9375;-0.625;-0.3125;0;0.3125;0.625;0.9375;1.25;1.5625;1.875;2.1875;2.5;2.8125;3.125;3.4375;3.75;4.0625;4.375;4.6875;5;5.3125;5.625;5.9375;6.25;6.5625;6.875;7.1875;7.5;7.8125;8.125;8.4375;8.75;9.0625;9.375;9.6875;10","0;0;0;0;0;0;0;0;0;0;0;0;0;0;0;0;0;0;0;38;71;104;167;305;497;1463;2724;4498;9254;19799;32039;49636;36313;14980;2682;638;231;49;0;0;0;0;0;0;0;0;0;0;0;0;0;0;0;0;0;0;0;0;0;0;0;0;0;0",175488
91,5,"LeakyReLULayer( 0.050000 )",post_activation,"-10;-9.6875;-9.375;-9.0625;-8.75;-8.4375;-8.125;-7.8125;-7.5;-7.1875;-6.875;-6.5625;-6.25;-5.9375;-5.625;-5.3125;-5;-4.6875;-4.375;-4.0625;-3.75;-3.4375;-3.125;-2.8125;-2.5;-2.1875;-1.875;-1.5625;-1.25;-0.9375;-0.625;-0.3125;0;0.3125;0.625;0.9375;1.25;1.5625;1.875;2.1875;2.5;2.8125;3.125;3.4375;3.75;4.0625;4.375;4.6875;5;5.3125;5.625;5.9375;6.25;6.5625;6.875;7.1875;7.5;7.8125;8.125;8.4375;8.75;9.0625;9.375;9.6875;10","0;0;0;0;0;0;0;0;0;0;0;0;0;0;0;0;0;0;0;0;0;0;0;0;0;0;0;0;0;0;0;120595;36313;14980;2682;638;231;49;0;0;0;0;0;0;0;0;0;0;0;0;0;0;0;0;0;0;0;0;0;0;0;0;0;0",175488
91,8,"LeakyReLULayer( 0.050000 )",pre_activation,"-10;-9.6875;-9.375;-9.0625;-8.75;-8.4375;-8.125;-7.8125;-7.5;-7.1875;-6.875;-6.5625;-6.25;-5.9375;-5.625;-5.3125;-5;-4.6875;-4.375;-4.0625;-3.75;-3.4375;-3.125;-2.8125;-2.5;-2.1875;-1.875;-1.5625;-1.25;-0.9375;-0.625;-0.3125;0;0.3125;0.625;0.9375;1.25;1.5625;1.875;2.1875;2.5;2.8125;3.125;3.4375;3.75;4.0625;4.375;4.6875;5;5.3125;5.625;5.9375;6.25;6.5625;6.875;7.1875;7.5;7.8125;8.125;8.4375;8.75;9.0625;9.375;9.6875;10","0;0;0;0;0;0;0;0;0;0;0;0;0;0;0;0;0;0;0;0;0;0;0;0;0;1;15;139;784;3210;9711;33510;31568;6854;1637;284;27;4;0;0;0;0;0;0;0;0;0;0;0;0;0;0;0;0;0;0;0;0;0;0;0;0;0;0",87744
91,8,"LeakyReLULayer( 0.050000 )",post_activation,"-10;-9.6875;-9.375;-9.0625;-8.75;-8.4375;-8.125;-7.8125;-7.5;-7.1875;-6.875;-6.5625;-6.25;-5.9375;-5.625;-5.3125;-5;-4.6875;-4.375;-4.0625;-3.75;-3.4375;-3.125;-2.8125;-2.5;-2.1875;-1.875;-1.5625;-1.25;-0.9375;-0.625;-0.3125;0;0.3125;0.625;0.9375;1.25;1.5625;1.875;2.1875;2.5;2.8125;3.125;3.4375;3.75;4.0625;4.375;4.6875;5;5.3125;5.625;5.9375;6.25;6.5625;6.875;7.1875;7.5;7.8125;8.125;8.4375;8.75;9.0625;9.375;9.6875;10","0;0;0;0;0;0;0;0;0;0;0;0;0;0;0;0;0;0;0;0;0;0;0;0;0;0;0;0;0;0;0;47370;31568;6854;1637;284;27;4;0;0;0;0;0;0;0;0;0;0;0;0;0;0;0;0;0;0;0;0;0;0;0;0;0;0",87744
92,1,"LeakyReLULayer( 0.050000 )",pre_activation,"-10;-9.6875;-9.375;-9.0625;-8.75;-8.4375;-8.125;-7.8125;-7.5;-7.1875;-6.875;-6.5625;-6.25;-5.9375;-5.625;-5.3125;-5;-4.6875;-4.375;-4.0625;-3.75;-3.4375;-3.125;-2.8125;-2.5;-2.1875;-1.875;-1.5625;-1.25;-0.9375;-0.625;-0.3125;0;0.3125;0.625;0.9375;1.25;1.5625;1.875;2.1875;2.5;2.8125;3.125;3.4375;3.75;4.0625;4.375;4.6875;5;5.3125;5.625;5.9375;6.25;6.5625;6.875;7.1875;7.5;7.8125;8.125;8.4375;8.75;9.0625;9.375;9.6875;10","0;0;0;0;0;0;0;0;0;0;0;0;0;0;0;0;0;0;0;0;12;322;1438;3964;8506;17721;45267;105361;286263;720091;1371995;2373678;2286788;1422737;807730;254307;112581;45626;6813;0;0;0;0;0;0;0;0;0;0;0;0;0;0;0;0;0;0;0;0;0;0;0;0;0",9871200
92,1,"LeakyReLULayer( 0.050000 )",post_activation,"-10;-9.6875;-9.375;-9.0625;-8.75;-8.4375;-8.125;-7.8125;-7.5;-7.1875;-6.875;-6.5625;-6.25;-5.9375;-5.625;-5.3125;-5;-4.6875;-4.375;-4.0625;-3.75;-3.4375;-3.125;-2.8125;-2.5;-2.1875;-1.875;-1.5625;-1.25;-0.9375;-0.625;-0.3125;0;0.3125;0.625;0.9375;1.25;1.5625;1.875;2.1875;2.5;2.8125;3.125;3.4375;3.75;4.0625;4.375;4.6875;5;5.3125;5.625;5.9375;6.25;6.5625;6.875;7.1875;7.5;7.8125;8.125;8.4375;8.75;9.0625;9.375;9.6875;10","0;0;0;0;0;0;0;0;0;0;0;0;0;0;0;0;0;0;0;0;0;0;0;0;0;0;0;0;0;0;0;4934618;2286788;1422737;807730;254307;112581;45626;6813;0;0;0;0;0;0;0;0;0;0;0;0;0;0;0;0;0;0;0;0;0;0;0;0;0",9871200
92,5,"LeakyReLULayer( 0.050000 )",pre_activation,"-10;-9.6875;-9.375;-9.0625;-8.75;-8.4375;-8.125;-7.8125;-7.5;-7.1875;-6.875;-6.5625;-6.25;-5.9375;-5.625;-5.3125;-5;-4.6875;-4.375;-4.0625;-3.75;-3.4375;-3.125;-2.8125;-2.5;-2.1875;-1.875;-1.5625;-1.25;-0.9375;-0.625;-0.3125;0;0.3125;0.625;0.9375;1.25;1.5625;1.875;2.1875;2.5;2.8125;3.125;3.4375;3.75;4.0625;4.375;4.6875;5;5.3125;5.625;5.9375;6.25;6.5625;6.875;7.1875;7.5;7.8125;8.125;8.4375;8.75;9.0625;9.375;9.6875;10","0;0;0;0;0;0;0;0;0;0;0;0;0;0;0;0;0;0;0;39;75;110;170;298;504;1448;2701;4558;9148;20009;32344;48332;37499;14581;2737;654;228;53;0;0;0;0;0;0;0;0;0;0;0;0;0;0;0;0;0;0;0;0;0;0;0;0;0;0",175488
92,5,"LeakyReLULayer( 0.050000 )",post_activation,"-10;-9.6875;-9.375;-9.0625;-8.75;-8.4375;-8.125;-7.8125;-7.5;-7.1875;-6.875;-6.5625;-6.25;-5.9375;-5.625;-5.3125;-5;-4.6875;-4.375;-4.0625;-3.75;-3.4375;-3.125;-2.8125;-2.5;-2.1875;-1.875;-1.5625;-1.25;-0.9375;-0.625;-0.3125;0;0.3125;0.625;0.9375;1.25;1.5625;1.875;2.1875;2.5;2.8125;3.125;3.4375;3.75;4.0625;4.375;4.6875;5;5.3125;5.625;5.9375;6.25;6.5625;6.875;7.1875;7.5;7.8125;8.125;8.4375;8.75;9.0625;9.375;9.6875;10","0;0;0;0;0;0;0;0;0;0;0;0;0;0;0;0;0;0;0;0;0;0;0;0;0;0;0;0;0;0;0;119736;37499;14581;2737;654;228;53;0;0;0;0;0;0;0;0;0;0;0;0;0;0;0;0;0;0;0;0;0;0;0;0;0;0",175488
92,8,"LeakyReLULayer( 0.050000 )",pre_activation,"-10;-9.6875;-9.375;-9.0625;-8.75;-8.4375;-8.125;-7.8125;-7.5;-7.1875;-6.875;-6.5625;-6.25;-5.9375;-5.625;-5.3125;-5;-4.6875;-4.375;-4.0625;-3.75;-3.4375;-3.125;-2.8125;-2.5;-2.1875;-1.875;-1.5625;-1.25;-0.9375;-0.625;-0.3125;0;0.3125;0.625;0.9375;1.25;1.5625;1.875;2.1875;2.5;2.8125;3.125;3.4375;3.75;4.0625;4.375;4.6875;5;5.3125;5.625;5.9375;6.25;6.5625;6.875;7.1875;7.5;7.8125;8.125;8.4375;8.75;9.0625;9.375;9.6875;10","0;0;0;0;0;0;0;0;0;0;0;0;0;0;0;0;0;0;0;0;0;0;0;0;0;4;22;144;840;3170;9724;33222;31819;7044;1447;278;28;2;0;0;0;0;0;0;0;0;0;0;0;0;0;0;0;0;0;0;0;0;0;0;0;0;0;0",87744
92,8,"LeakyReLULayer( 0.050000 )",post_activation,"-10;-9.6875;-9.375;-9.0625;-8.75;-8.4375;-8.125;-7.8125;-7.5;-7.1875;-6.875;-6.5625;-6.25;-5.9375;-5.625;-5.3125;-5;-4.6875;-4.375;-4.0625;-3.75;-3.4375;-3.125;-2.8125;-2.5;-2.1875;-1.875;-1.5625;-1.25;-0.9375;-0.625;-0.3125;0;0.3125;0.625;0.9375;1.25;1.5625;1.875;2.1875;2.5;2.8125;3.125;3.4375;3.75;4.0625;4.375;4.6875;5;5.3125;5.625;5.9375;6.25;6.5625;6.875;7.1875;7.5;7.8125;8.125;8.4375;8.75;9.0625;9.375;9.6875;10","0;0;0;0;0;0;0;0;0;0;0;0;0;0;0;0;0;0;0;0;0;0;0;0;0;0;0;0;0;0;0;47126;31819;7044;1447;278;28;2;0;0;0;0;0;0;0;0;0;0;0;0;0;0;0;0;0;0;0;0;0;0;0;0;0;0",87744
93,1,"LeakyReLULayer( 0.050000 )",pre_activation,"-10;-9.6875;-9.375;-9.0625;-8.75;-8.4375;-8.125;-7.8125;-7.5;-7.1875;-6.875;-6.5625;-6.25;-5.9375;-5.625;-5.3125;-5;-4.6875;-4.375;-4.0625;-3.75;-3.4375;-3.125;-2.8125;-2.5;-2.1875;-1.875;-1.5625;-1.25;-0.9375;-0.625;-0.3125;0;0.3125;0.625;0.9375;1.25;1.5625;1.875;2.1875;2.5;2.8125;3.125;3.4375;3.75;4.0625;4.375;4.6875;5;5.3125;5.625;5.9375;6.25;6.5625;6.875;7.1875;7.5;7.8125;8.125;8.4375;8.75;9.0625;9.375;9.6875;10","0;0;0;0;0;0;0;0;0;0;0;0;0;0;0;0;0;0;0;0;12;314;1433;3965;8499;17716;45245;105338;286390;719857;1369779;2376356;2288937;1420685;807306;254389;112600;45575;6804;0;0;0;0;0;0;0;0;0;0;0;0;0;0;0;0;0;0;0;0;0;0;0;0;0",9871200
93,1,"LeakyReLULayer( 0.050000 )",post_activation,"-10;-9.6875;-9.375;-9.0625;-8.75;-8.4375;-8.125;-7.8125;-7.5;-7.1875;-6.875;-6.5625;-6.25;-5.9375;-5.625;-5.3125;-5;-4.6875;-4.375;-4.0625;-3.75;-3.4375;-3.125;-2.8125;-2.5;-2.1875;-1.875;-1.5625;-1.25;-0.9375;-0.625;-0.3125;0;0.3125;0.625;0.9375;1.25;1.5625;1.875;2.1875;2.5;2.8125;3.125;3.4375;3.75;4.0625;4.375;4.6875;5;5.3125;5.625;5.9375;6.25;6.5625;6.875;7.1875;7.5;7.8125;8.125;8.4375;8.75;9.0625;9.375;9.6875;10","0;0;0;0;0;0;0;0;0;0;0;0;0;0;0;0;0;0;0;0;0;0;0;0;0;0;0;0;0;0;0;4934904;2288937;1420685;807306;254389;112600;45575;6804;0;0;0;0;0;0;0;0;0;0;0;0;0;0;0;0;0;0;0;0;0;0;0;0;0",9871200
93,5,"LeakyReLULayer( 0.050000 )",pre_activation,"-10;-9.6875;-9.375;-9.0625;-8.75;-8.4375;-8.125;-7.8125;-7.5;-7.1875;-6.875;-6.5625;-6.25;-5.9375;-5.625;-5.3125;-5;-4.6875;-4.375;-4.0625;-3.75;-3.4375;-3.125;-2.8125;-2.5;-2.1875;-1.875;-1.5625;-1.25;-0.9375;-0.625;-0.3125;0;0.3125;0.625;0.9375;1.25;1.5625;1.875;2.1875;2.5;2.8125;3.125;3.4375;3.75;4.0625;4.375;4.6875;5;5.3125;5.625;5.9375;6.25;6.5625;6.875;7.1875;7.5;7.8125;8.125;8.4375;8.75;9.0625;9.375;9.6875;10","0;0;0;0;0;0;0;0;0;0;0;0;0;0;0;0;0;0;0;43;78;105;176;300;512;1466;2631;4588;8920;20078;32964;47503;37994;14246;3012;574;239;59;0;0;0;0;0;0;0;0;0;0;0;0;0;0;0;0;0;0;0;0;0;0;0;0;0;0",175488
93,5,"LeakyReLULayer( 0.050000 )",post_activation,"-10;-9.6875;-9.375;-9.0625;-8.75;-8.4375;-8.125;-7.8125;-7.5;-7.1875;-6.875;-6.5625;-6.25;-5.9375;-5.625;-5.3125;-5;-4.6875;-4.375;-4.0625;-3.75;-3.4375;-3.125;-2.8125;-2.5;-2.1875;-1.875;-1.5625;-1.25;-0.9375;-0.625;-0.3125;0;0.3125;0.625;0.9375;1.25;1.5625;1.875;2.1875;2.5;2.8125;3.125;3.4375;3.75;4.0625;4.375;4.6875;5;5.3125;5.625;5.9375;6.25;6.5625;6.875;7.1875;7.5;7.8125;8.125;8.4375;8.75;9.0625;9.375;9.6875;10","0;0;0;0;0;0;0;0;0;0;0;0;0;0;0;0;0;0;0;0;0;0;0;0;0;0;0;0;0;0;0;119364;37994;14246;3012;574;239;59;0;0;0;0;0;0;0;0;0;0;0;0;0;0;0;0;0;0;0;0;0;0;0;0;0;0",175488
93,8,"LeakyReLULayer( 0.050000 )",pre_activation,"-10;-9.6875;-9.375;-9.0625;-8.75;-8.4375;-8.125;-7.8125;-7.5;-7.1875;-6.875;-6.5625;-6.25;-5.9375;-5.625;-5.3125;-5;-4.6875;-4.375;-4.0625;-3.75;-3.4375;-3.125;-2.8125;-2.5;-2.1875;-1.875;-1.5625;-1.25;-0.9375;-0.625;-0.3125;0;0.3125;0.625;0.9375;1.25;1.5625;1.875;2.1875;2.5;2.8125;3.125;3.4375;3.75;4.0625;4.375;4.6875;5;5.3125;5.625;5.9375;6.25;6.5625;6.875;7.1875;7.5;7.8125;8.125;8.4375;8.75;9.0625;9.375;9.6875;10","0;0;0;0;0;0;0;0;0;0;0;0;0;0;0;0;0;0;0;0;0;0;0;0;0;2;35;171;805;3235;9603;33813;31412;6856;1506;269;30;7;0;0;0;0;0;0;0;0;0;0;0;0;0;0;0;0;0;0;0;0;0;0;0;0;0;0",87744
93,8,"LeakyReLULayer( 0.050000 )",post_activation,"-10;-9.6875;-9.375;-9.0625;-8.75;-8.4375;-8.125;-7.8125;-7.5;-7.1875;-6.875;-6.5625;-6.25;-5.9375;-5.625;-5.3125;-5;-4.6875;-4.375;-4.0625;-3.75;-3.4375;-3.125;-2.8125;-2.5;-2.1875;-1.875;-1.5625;-1.25;-0.9375;-0.625;-0.3125;0;0.3125;0.625;0.9375;1.25;1.5625;1.875;2.1875;2.5;2.8125;3.125;3.4375;3.75;4.0625;4.375;4.6875;5;5.3125;5.625;5.9375;6.25;6.5625;6.875;7.1875;7.5;7.8125;8.125;8.4375;8.75;9.0625;9.375;9.6875;10","0;0;0;0;0;0;0;0;0;0;0;0;0;0;0;0;0;0;0;0;0;0;0;0;0;0;0;0;0;0;0;47664;31412;6856;1506;269;30;7;0;0;0;0;0;0;0;0;0;0;0;0;0;0;0;0;0;0;0;0;0;0;0;0;0;0",87744
94,1,"LeakyReLULayer( 0.050000 )",pre_activation,"-10;-9.6875;-9.375;-9.0625;-8.75;-8.4375;-8.125;-7.8125;-7.5;-7.1875;-6.875;-6.5625;-6.25;-5.9375;-5.625;-5.3125;-5;-4.6875;-4.375;-4.0625;-3.75;-3.4375;-3.125;-2.8125;-2.5;-2.1875;-1.875;-1.5625;-1.25;-0.9375;-0.625;-0.3125;0;0.3125;0.625;0.9375;1.25;1.5625;1.875;2.1875;2.5;2.8125;3.125;3.4375;3.75;4.0625;4.375;4.6875;5;5.3125;5.625;5.9375;6.25;6.5625;6.875;7.1875;7.5;7.8125;8.125;8.4375;8.75;9.0625;9.375;9.6875;10","0;0;0;0;0;0;0;0;0;0;0;0;0;0;0;0;0;0;0;0;12;315;1433;3958;8510;17717;45283;105283;286402;719093;1368518;2378479;2291480;1419249;805775;254612;112691;45582;6808;0;0;0;0;0;0;0;0;0;0;0;0;0;0;0;0;0;0;0;0;0;0;0;0;0",9871200
94,1,"LeakyReLULayer( 0.050000 )",post_activation,"-10;-9.6875;-9.375;-9.0625;-8.75;-8.4375;-8.125;-7.8125;-7.5;-7.1875;-6.875;-6.5625;-6.25;-5.9375;-5.625;-5.3125;-5;-4.6875;-4.375;-4.0625;-3.75;-3.4375;-3.125;-2.8125;-2.5;-2.1875;-1.875;-1.5625;-1.25;-0.9375;-0.625;-0.3125;0;0.3125;0.625;0.9375;1.25;1.5625;1.875;2.1875;2.5;2.8125;3.125;3.4375;3.75;4.0625;4.375;4.6875;5;5.3125;5.625;5.9375;6.25;6.5625;6.875;7.1875;7.5;7.8125;8.125;8.4375;8.75;9.0625;9.375;9.6875;10","0;0;0;0;0;0;0;0;0;0;0;0;0;0;0;0;0;0;0;0;0;0;0;0;0;0;0;0;0;0;0;4935003;2291480;1419249;805775;254612;112691;45582;6808;0;0;0;0;0;0;0;0;0;0;0;0;0;0;0;0;0;0;0;0;0;0;0;0;0",9871200
94,5,"LeakyReLULayer( 0.050000 )",pre_activation,"-10;-9.6875;-9.375;-9.0625;-8.75;-8.4375;-8.125;-7.8125;-7.5;-7.1875;-6.875;-6.5625;-6.25;-5.9375;-5.625;-5.3125;-5;-4.6875;-4.375;-4.0625;-3.75;-3.4375;-3.125;-2.8125;-2.5;-2.1875;-1.875;-1.5625;-1.25;-0.9375;-0.625;-0.3125;0;0.3125;0.625;0.9375;1.25;1.5625;1.875;2.1875;2.5;2.8125;3.125;3.4375;3.75;4.0625;4.375;4.6875;5;5.3125;5.625;5.9375;6.25;6.5625;6.875;7.1875;7.5;7.8125;8.125;8.4375;8.75;9.0625;9.375;9.6875;10","0;0;0;0;0;0;0;0;0;0;0;0;0;0;0;0;0;0;1;50;79;113;189;288;543;1514;2614;4669;8976;20380;33312;46539;38119;13880;3331;582;244;65;0;0;0;0;0;0;0;0;0;0;0;0;0;0;0;0;0;0;0;0;0;0;0;0;0;0",175488
94,5,"LeakyReLULayer( 0.050000 )",post_activation,"-10;-9.6875;-9.375;-9.0625;-8.75;-8.4375;-8.125;-7.8125;-7.5;-7.1875;-6.875;-6.5625;-6.25;-5.9375;-5.625;-5.3125;-5;-4.6875;-4.375;-4.0625;-3.75;-3.4375;-3.125;-2.8125;-2.5;-2.1875;-1.875;-1.5625;-1.25;-0.9375;-0.625;-0.3125;0;0.3125;0.625;0.9375;1.25;1.5625;1.875;2.1875;2.5;2.8125;3.125;3.4375;3.75;4.0625;4.375;4.6875;5;5.3125;5.625;5.9375;6.25;6.5625;6.875;7.1875;7.5;7.8125;8.125;8.4375;8.75;9.0625;9.375;9.6875;10","0;0;0;0;0;0;0;0;0;0;0;0;0;0;0;0;0;0;0;0;0;0;0;0;0;0;0;0;0;0;0;119267;38119;13880;3331;582;244;65;0;0;0;0;0;0;0;0;0;0;0;0;0;0;0;0;0;0;0;0;0;0;0;0;0;0",175488
94,8,"LeakyReLULayer( 0.050000 )",pre_activation,"-10;-9.6875;-9.375;-9.0625;-8.75;-8.4375;-8.125;-7.8125;-7.5;-7.1875;-6.875;-6.5625;-6.25;-5.9375;-5.625;-5.3125;-5;-4.6875;-4.375;-4.0625;-3.75;-3.4375;-3.125;-2.8125;-2.5;-2.1875;-1.875;-1.5625;-1.25;-0.9375;-0.625;-0.3125;0;0.3125;0.625;0.9375;1.25;1.5625;1.875;2.1875;2.5;2.8125;3.125;3.4375;3.75;4.0625;4.375;4.6875;5;5.3125;5.625;5.9375;6.25;6.5625;6.875;7.1875;7.5;7.8125;8.125;8.4375;8.75;9.0625;9.375;9.6875;10","0;0;0;0;0;0;0;0;0;0;0;0;0;0;0;0;0;0;0;0;0;0;0;0;0;4;25;161;850;3146;9656;33547;31697;6741;1578;296;42;1;0;0;0;0;0;0;0;0;0;0;0;0;0;0;0;0;0;0;0;0;0;0;0;0;0;0",87744
94,8,"LeakyReLULayer( 0.050000 )",post_activation,"-10;-9.6875;-9.375;-9.0625;-8.75;-8.4375;-8.125;-7.8125;-7.5;-7.1875;-6.875;-6.5625;-6.25;-5.9375;-5.625;-5.3125;-5;-4.6875;-4.375;-4.0625;-3.75;-3.4375;-3.125;-2.8125;-2.5;-2.1875;-1.875;-1.5625;-1.25;-0.9375;-0.625;-0.3125;0;0.3125;0.625;0.9375;1.25;1.5625;1.875;2.1875;2.5;2.8125;3.125;3.4375;3.75;4.0625;4.375;4.6875;5;5.3125;5.625;5.9375;6.25;6.5625;6.875;7.1875;7.5;7.8125;8.125;8.4375;8.75;9.0625;9.375;9.6875;10","0;0;0;0;0;0;0;0;0;0;0;0;0;0;0;0;0;0;0;0;0;0;0;0;0;0;0;0;0;0;0;47389;31697;6741;1578;296;42;1;0;0;0;0;0;0;0;0;0;0;0;0;0;0;0;0;0;0;0;0;0;0;0;0;0;0",87744
95,1,"LeakyReLULayer( 0.050000 )",pre_activation,"-10;-9.6875;-9.375;-9.0625;-8.75;-8.4375;-8.125;-7.8125;-7.5;-7.1875;-6.875;-6.5625;-6.25;-5.9375;-5.625;-5.3125;-5;-4.6875;-4.375;-4.0625;-3.75;-3.4375;-3.125;-2.8125;-2.5;-2.1875;-1.875;-1.5625;-1.25;-0.9375;-0.625;-0.3125;0;0.3125;0.625;0.9375;1.25;1.5625;1.875;2.1875;2.5;2.8125;3.125;3.4375;3.75;4.0625;4.375;4.6875;5;5.3125;5.625;5.9375;6.25;6.5625;6.875;7.1875;7.5;7.8125;8.125;8.4375;8.75;9.0625;9.375;9.6875;10","0;0;0;0;0;0;0;0;0;0;0;0;0;0;0;0;0;0;0;0;12;319;1435;3963;8501;17733;45269;105261;286310;718763;1369424;2377935;2291559;1419735;805354;254477;112705;45640;6805;0;0;0;0;0;0;0;0;0;0;0;0;0;0;0;0;0;0;0;0;0;0;0;0;0",9871200
95,1,"LeakyReLULayer( 0.050000 )",post_activation,"-10;-9.6875;-9.375;-9.0625;-8.75;-8.4375;-8.125;-7.8125;-7.5;-7.1875;-6.875;-6.5625;-6.25;-5.9375;-5.625;-5.3125;-5;-4.6875;-4.375;-4.0625;-3.75;-3.4375;-3.125;-2.8125;-2.5;-2.1875;-1.875;-1.5625;-1.25;-0.9375;-0.625;-0.3125;0;0.3125;0.625;0.9375;1.25;1.5625;1.875;2.1875;2.5;2.8125;3.125;3.4375;3.75;4.0625;4.375;4.6875;5;5.3125;5.625;5.9375;6.25;6.5625;6.875;7.1875;7.5;7.8125;8.125;8.4375;8.75;9.0625;9.375;9.6875;10","0;0;0;0;0;0;0;0;0;0;0;0;0;0;0;0;0;0;0;0;0;0;0;0;0;0;0;0;0;0;0;4934925;2291559;1419735;805354;254477;112705;45640;6805;0;0;0;0;0;0;0;0;0;0;0;0;0;0;0;0;0;0;0;0;0;0;0;0;0",9871200
95,5,"LeakyReLULayer( 0.050000 )",pre_activation,"-10;-9.6875;-9.375;-9.0625;-8.75;-8.4375;-8.125;-7.8125;-7.5;-7.1875;-6.875;-6.5625;-6.25;-5.9375;-5.625;-5.3125;-5;-4.6875;-4.375;-4.0625;-3.75;-3.4375;-3.125;-2.8125;-2.5;-2.1875;-1.875;-1.5625;-1.25;-0.9375;-0.625;-0.3125;0;0.3125;0.625;0.9375;1.25;1.5625;1.875;2.1875;2.5;2.8125;3.125;3.4375;3.75;4.0625;4.375;4.6875;5;5.3125;5.625;5.9375;6.25;6.5625;6.875;7.1875;7.5;7.8125;8.125;8.4375;8.75;9.0625;9.375;9.6875;10","0;0;0;0;0;0;0;0;0;0;0;0;0;0;0;0;0;0;6;51;83;114;201;280;553;1550;2665;4728;9093;20453;32936;46395;38260;13866;3320;615;247;72;0;0;0;0;0;0;0;0;0;0;0;0;0;0;0;0;0;0;0;0;0;0;0;0;0;0",175488
95,5,"LeakyReLULayer( 0.050000 )",post_activation,"-10;-9.6875;-9.375;-9.0625;-8.75;-8.4375;-8.125;-7.8125;-7.5;-7.1875;-6.875;-6.5625;-6.25;-5.9375;-5.625;-5.3125;-5;-4.6875;-4.375;-4.0625;-3.75;-3.4375;-3.125;-2.8125;-2.5;-2.1875;-1.875;-1.5625;-1.25;-0.9375;-0.625;-0.3125;0;0.3125;0.625;0.9375;1.25;1.5625;1.875;2.1875;2.5;2.8125;3.125;3.4375;3.75;4.0625;4.375;4.6875;5;5.3125;5.625;5.9375;6.25;6.5625;6.875;7.1875;7.5;7.8125;8.125;8.4375;8.75;9.0625;9.375;9.6875;10","0;0;0;0;0;0;0;0;0;0;0;0;0;0;0;0;0;0;0;0;0;0;0;0;0;0;0;0;0;0;0;119108;38260;13866;3320;615;247;72;0;0;0;0;0;0;0;0;0;0;0;0;0;0;0;0;0;0;0;0;0;0;0;0;0;0",175488
95,8,"LeakyReLULayer( 0.050000 )",pre_activation,"-10;-9.6875;-9.375;-9.0625;-8.75;-8.4375;-8.125;-7.8125;-7.5;-7.1875;-6.875;-6.5625;-6.25;-5.9375;-5.625;-5.3125;-5;-4.6875;-4.375;-4.0625;-3.75;-3.4375;-3.125;-2.8125;-2.5;-2.1875;-1.875;-1.5625;-1.25;-0.9375;-0.625;-0.3125;0;0.3125;0.625;0.9375;1.25;1.5625;1.875;2.1875;2.5;2.8125;3.125;3.4375;3.75;4.0625;4.375;4.6875;5;5.3125;5.625;5.9375;6.25;6.5625;6.875;7.1875;7.5;7.8125;8.125;8.4375;8.75;9.0625;9.375;9.6875;10","0;0;0;0;0;0;0;0;0;0;0;0;0;0;0;0;0;0;0;0;0;0;0;0;0;4;24;167;867;3313;9835;33037;31582;7021;1552;308;30;4;0;0;0;0;0;0;0;0;0;0;0;0;0;0;0;0;0;0;0;0;0;0;0;0;0;0",87744
95,8,"LeakyReLULayer( 0.050000 )",post_activation,"-10;-9.6875;-9.375;-9.0625;-8.75;-8.4375;-8.125;-7.8125;-7.5;-7.1875;-6.875;-6.5625;-6.25;-5.9375;-5.625;-5.3125;-5;-4.6875;-4.375;-4.0625;-3.75;-3.4375;-3.125;-2.8125;-2.5;-2.1875;-1.875;-1.5625;-1.25;-0.9375;-0.625;-0.3125;0;0.3125;0.625;0.9375;1.25;1.5625;1.875;2.1875;2.5;2.8125;3.125;3.4375;3.75;4.0625;4.375;4.6875;5;5.3125;5.625;5.9375;6.25;6.5625;6.875;7.1875;7.5;7.8125;8.125;8.4375;8.75;9.0625;9.375;9.6875;10","0;0;0;0;0;0;0;0;0;0;0;0;0;0;0;0;0;0;0;0;0;0;0;0;0;0;0;0;0;0;0;47247;31582;7021;1552;308;30;4;0;0;0;0;0;0;0;0;0;0;0;0;0;0;0;0;0;0;0;0;0;0;0;0;0;0",87744
96,1,"LeakyReLULayer( 0.050000 )",pre_activation,"-10;-9.6875;-9.375;-9.0625;-8.75;-8.4375;-8.125;-7.8125;-7.5;-7.1875;-6.875;-6.5625;-6.25;-5.9375;-5.625;-5.3125;-5;-4.6875;-4.375;-4.0625;-3.75;-3.4375;-3.125;-2.8125;-2.5;-2.1875;-1.875;-1.5625;-1.25;-0.9375;-0.625;-0.3125;0;0.3125;0.625;0.9375;1.25;1.5625;1.875;2.1875;2.5;2.8125;3.125;3.4375;3.75;4.0625;4.375;4.6875;5;5.3125;5.625;5.9375;6.25;6.5625;6.875;7.1875;7.5;7.8125;8.125;8.4375;8.75;9.0625;9.375;9.6875;10","0;0;0;0;0;0;0;0;0;0;0;0;0;0;0;0;0;0;0;0;12;317;1437;3965;8503;17728;45278;105273;286288;719104;1370466;2376461;2289604;1421236;805846;254476;112765;45621;6820;0;0;0;0;0;0;0;0;0;0;0;0;0;0;0;0;0;0;0;0;0;0;0;0;0",9871200
96,1,"LeakyReLULayer( 0.050000 )",post_activation,"-10;-9.6875;-9.375;-9.0625;-8.75;-8.4375;-8.125;-7.8125;-7.5;-7.1875;-6.875;-6.5625;-6.25;-5.9375;-5.625;-5.3125;-5;-4.6875;-4.375;-4.0625;-3.75;-3.4375;-3.125;-2.8125;-2.5;-2.1875;-1.875;-1.5625;-1.25;-0.9375;-0.625;-0.3125;0;0.3125;0.625;0.9375;1.25;1.5625;1.875;2.1875;2.5;2.8125;3.125;3.4375;3.75;4.0625;4.375;4.6875;5;5.3125;5.625;5.9375;6.25;6.5625;6.875;7.1875;7.5;7.8125;8.125;8.4375;8.75;9.0625;9.375;9.6875;10","0;0;0;0;0;0;0;0;0;0;0;0;0;0;0;0;0;0;0;0;0;0;0;0;0;0;0;0;0;0;0;4934832;2289604;1421236;805846;254476;112765;45621;6820;0;0;0;0;0;0;0;0;0;0;0;0;0;0;0;0;0;0;0;0;0;0;0;0;0",9871200
96,5,"LeakyReLULayer( 0.050000 )",pre_activation,"-10;-9.6875;-9.375;-9.0625;-8.75;-8.4375;-8.125;-7.8125;-7.5;-7.1875;-6.875;-6.5625;-6.25;-5.9375;-5.625;-5.3125;-5;-4.6875;-4.375;-4.0625;-3.75;-3.4375;-3.125;-2.8125;-2.5;-2.1875;-1.875;-1.5625;-1.25;-0.9375;-0.625;-0.3125;0;0.3125;0.625;0.9375;1.25;1.5625;1.875;2.1875;2.5;2.8125;3.125;3.4375;3.75;4.0625;4.375;4.6875;5;5.3125;5.625;5.9375;6.25;6.5625;6.875;7.1875;7.5;7.8125;8.125;8.4375;8.75;9.0625;9.375;9.6875;10","0;0;0;0;0;0;0;0;0;0;0;0;0;0;0;0;0;0;3;51;80;116;208;286;601;1580;2791;4732;9456;20369;33118;46065;37547;14503;3103;560;238;81;0;0;0;0;0;0;0;0;0;0;0;0;0;0;0;0;0;0;0;0;0;0;0;0;0;0",175488
96,5,"LeakyReLULayer( 0.050000 )",post_activation,"-10;-9.6875;-9.375;-9.0625;-8.75;-8.4375;-8.125;-7.8125;-7.5;-7.1875;-6.875;-6.5625;-6.25;-5.9375;-5.625;-5.3125;-5;-4.6875;-4.375;-4.0625;-3.75;-3.4375;-3.125;-2.8125;-2.5;-2.1875;-1.875;-1.5625;-1.25;-0.9375;-0.625;-0.3125;0;0.3125;0.625;0.9375;1.25;1.5625;1.875;2.1875;2.5;2.8125;3.125;3.4375;3.75;4.0625;4.375;4.6875;5;5.3125;5.625;5.9375;6.25;6.5625;6.875;7.1875;7.5;7.8125;8.125;8.4375;8.75;9.0625;9.375;9.6875;10","0;0;0;0;0;0;0;0;0;0;0;0;0;0;0;0;0;0;0;0;0;0;0;0;0;0;0;0;0;0;0;119456;37547;14503;3103;560;238;81;0;0;0;0;0;0;0;0;0;0;0;0;0;0;0;0;0;0;0;0;0;0;0;0;0;0",175488
96,8,"LeakyReLULayer( 0.050000 )",pre_activation,"-10;-9.6875;-9.375;-9.0625;-8.75;-8.4375;-8.125;-7.8125;-7.5;-7.1875;-6.875;-6.5625;-6.25;-5.9375;-5.625;-5.3125;-5;-4.6875;-4.375;-4.0625;-3.75;-3.4375;-3.125;-2.8125;-2.5;-2.1875;-1.875;-1.5625;-1.25;-0.9375;-0.625;-0.3125;0;0.3125;0.625;0.9375;1.25;1.5625;1.875;2.1875;2.5;2.8125;3.125;3.4375;3.75;4.0625;4.375;4.6875;5;5.3125;5.625;5.9375;6.25;6.5625;6.875;7.1875;7.5;7.8125;8.125;8.4375;8.75;9.0625;9.375;9.6875;10","0;0;0;0;0;0;0;0;0;0;0;0;0;0;0;0;0;0;0;0;0;0;0;0;2;3;34;162;893;3260;9641;32605;32465;6774;1554;316;31;4;0;0;0;0;0;0;0;0;0;0;0;0;0;0;0;0;0;0;0;0;0;0;0;0;0;0",87744
96,8,"LeakyReLULayer( 0.050000 )",post_activation,"-10;-9.6875;-9.375;-9.0625;-8.75;-8.4375;-8.125;-7.8125;-7.5;-7.1875;-6.875;-6.5625;-6.25;-5.9375;-5.625;-5.3125;-5;-4.6875;-4.375;-4.0625;-3.75;-3.4375;-3.125;-2.8125;-2.5;-2.1875;-1.875;-1.5625;-1.25;-0.9375;-0.625;-0.3125;0;0.3125;0.625;0.9375;1.25;1.5625;1.875;2.1875;2.5;2.8125;3.125;3.4375;3.75;4.0625;4.375;4.6875;5;5.3125;5.625;5.9375;6.25;6.5625;6.875;7.1875;7.5;7.8125;8.125;8.4375;8.75;9.0625;9.375;9.6875;10","0;0;0;0;0;0;0;0;0;0;0;0;0;0;0;0;0;0;0;0;0;0;0;0;0;0;0;0;0;0;0;46600;32465;6774;1554;316;31;4;0;0;0;0;0;0;0;0;0;0;0;0;0;0;0;0;0;0;0;0;0;0;0;0;0;0",87744
97,1,"LeakyReLULayer( 0.050000 )",pre_activation,"-10;-9.6875;-9.375;-9.0625;-8.75;-8.4375;-8.125;-7.8125;-7.5;-7.1875;-6.875;-6.5625;-6.25;-5.9375;-5.625;-5.3125;-5;-4.6875;-4.375;-4.0625;-3.75;-3.4375;-3.125;-2.8125;-2.5;-2.1875;-1.875;-1.5625;-1.25;-0.9375;-0.625;-0.3125;0;0.3125;0.625;0.9375;1.25;1.5625;1.875;2.1875;2.5;2.8125;3.125;3.4375;3.75;4.0625;4.375;4.6875;5;5.3125;5.625;5.9375;6.25;6.5625;6.875;7.1875;7.5;7.8125;8.125;8.4375;8.75;9.0625;9.375;9.6875;10","0;0;0;0;0;0;0;0;0;0;0;0;0;0;0;0;0;0;0;0;12;317;1435;3966;8510;17727;45226;105194;285787;719209;1371526;2375876;2288500;1422876;806087;253849;112645;45643;6815;0;0;0;0;0;0;0;0;0;0;0;0;0;0;0;0;0;0;0;0;0;0;0;0;0",9871200
97,1,"LeakyReLULayer( 0.050000 )",post_activation,"-10;-9.6875;-9.375;-9.0625;-8.75;-8.4375;-8.125;-7.8125;-7.5;-7.1875;-6.875;-6.5625;-6.25;-5.9375;-5.625;-5.3125;-5;-4.6875;-4.375;-4.0625;-3.75;-3.4375;-3.125;-2.8125;-2.5;-2.1875;-1.875;-1.5625;-1.25;-0.9375;-0.625;-0.3125;0;0.3125;0.625;0.9375;1.25;1.5625;1.875;2.1875;2.5;2.8125;3.125;3.4375;3.75;4.0625;4.375;4.6875;5;5.3125;5.625;5.9375;6.25;6.5625;6.875;7.1875;7.5;7.8125;8.125;8.4375;8.75;9.0625;9.375;9.6875;10","0;0;0;0;0;0;0;0;0;0;0;0;0;0;0;0;0;0;0;0;0;0;0;0;0;0;0;0;0;0;0;4934785;2288500;1422876;806087;253849;112645;45643;6815;0;0;0;0;0;0;0;0;0;0;0;0;0;0;0;0;0;0;0;0;0;0;0;0;0",9871200
97,5,"LeakyReLULayer( 0.050000 )",pre_activation,"-10;-9.6875;-9.375;-9.0625;-8.75;-8.4375;-8.125;-7.8125;-7.5;-7.1875;-6.875;-6.5625;-6.25;-5.9375;-5.625;-5.3125;-5;-4.6875;-4.375;-4.0625;-3.75;-3.4375;-3.125;-2.8125;-2.5;-2.1875;-1.875;-1.5625;-1.25;-0.9375;-0.625;-0.3125;0;0.3125;0.625;0.9375;1.25;1.5625;1.875;2.1875;2.5;2.8125;3.125;3.4375;3.75;4.0625;4.375;4.6875;5;5.3125;5.625;5.9375;6.25;6.5625;6.875;7.1875;7.5;7.8125;8.125;8.4375;8.75;9.0625;9.375;9.6875;10","0;0;0;0;0;0;0;0;0;0;0;0;0;0;0;0;0;0;7;53;82;114;219;301;616;1614;2856;4858;9649;20575;32899;46487;37098;14173;3013;555;237;82;0;0;0;0;0;0;0;0;0;0;0;0;0;0;0;0;0;0;0;0;0;0;0;0;0;0",175488
97,5,"LeakyReLULayer( 0.050000 )",post_activation,"-10;-9.6875;-9.375;-9.0625;-8.75;-8.4375;-8.125;-7.8125;-7.5;-7.1875;-6.875;-6.5625;-6.25;-5.9375;-5.625;-5.3125;-5;-4.6875;-4.375;-4.0625;-3.75;-3.4375;-3.125;-2.8125;-2.5;-2.1875;-1.875;-1.5625;-1.25;-0.9375;-0.625;-0.3125;0;0.3125;0.625;0.9375;1.25;1.5625;1.875;2.1875;2.5;2.8125;3.125;3.4375;3.75;4.0625;4.375;4.6875;5;5.3125;5.625;5.9375;6.25;6.5625;6.875;7.1875;7.5;7.8125;8.125;8.4375;8.75;9.0625;9.375;9.6875;10","0;0;0;0;0;0;0;0;0;0;0;0;0;0;0;0;0;0;0;0;0;0;0;0;0;0;0;0;0;0;0;120330;37098;14173;3013;555;237;82;0;0;0;0;0;0;0;0;0;0;0;0;0;0;0;0;0;0;0;0;0;0;0;0;0;0",175488
97,8,"LeakyReLULayer( 0.050000 )",pre_activation,"-10;-9.6875;-9.375;-9.0625;-8.75;-8.4375;-8.125;-7.8125;-7.5;-7.1875;-6.875;-6.5625;-6.25;-5.9375;-5.625;-5.3125;-5;-4.6875;-4.375;-4.0625;-3.75;-3.4375;-3.125;-2.8125;-2.5;-2.1875;-1.875;-1.5625;-1.25;-0.9375;-0.625;-0.3125;0;0.3125;0.625;0.9375;1.25;1.5625;1.875;2.1875;2.5;2.8125;3.125;3.4375;3.75;4.0625;4.375;4.6875;5;5.3125;5.625;5.9375;6.25;6.5625;6.875;7.1875;7.5;7.8125;8.125;8.4375;8.75;9.0625;9.375;9.6875;10","0;0;0;0;0;0;0;0;0;0;0;0;0;0;0;0;0;0;0;0;0;0;0;0;0;4;30;158;803;3294;9693;32838;32426;6630;1508;310;48;2;0;0;0;0;0;0;0;0;0;0;0;0;0;0;0;0;0;0;0;0;0;0;0;0;0;0",87744
97,8,"LeakyReLULayer( 0.050000 )",post_activation,"-10;-9.6875;-9.375;-9.0625;-8.75;-8.4375;-8.125;-7.8125;-7.5;-7.1875;-6.875;-6.5625;-6.25;-5.9375;-5.625;-5.3125;-5;-4.6875;-4.375;-4.0625;-3.75;-3.4375;-3.125;-2.8125;-2.5;-2.1875;-1.875;-1.5625;-1.25;-0.9375;-0.625;-0.3125;0;0.3125;0.625;0.9375;1.25;1.5625;1.875;2.1875;2.5;2.8125;3.125;3.4375;3.75;4.0625;4.375;4.6875;5;5.3125;5.625;5.9375;6.25;6.5625;6.875;7.1875;7.5;7.8125;8.125;8.4375;8.75;9.0625;9.375;9.6875;10","0;0;0;0;0;0;0;0;0;0;0;0;0;0;0;0;0;0;0;0;0;0;0;0;0;0;0;0;0;0;0;46820;32426;6630;1508;310;48;2;0;0;0;0;0;0;0;0;0;0;0;0;0;0;0;0;0;0;0;0;0;0;0;0;0;0",87744
98,1,"LeakyReLULayer( 0.050000 )",pre_activation,"-10;-9.6875;-9.375;-9.0625;-8.75;-8.4375;-8.125;-7.8125;-7.5;-7.1875;-6.875;-6.5625;-6.25;-5.9375;-5.625;-5.3125;-5;-4.6875;-4.375;-4.0625;-3.75;-3.4375;-3.125;-2.8125;-2.5;-2.1875;-1.875;-1.5625;-1.25;-0.9375;-0.625;-0.3125;0;0.3125;0.625;0.9375;1.25;1.5625;1.875;2.1875;2.5;2.8125;3.125;3.4375;3.75;4.0625;4.375;4.6875;5;5.3125;5.625;5.9375;6.25;6.5625;6.875;7.1875;7.5;7.8125;8.125;8.4375;8.75;9.0625;9.375;9.6875;10","0;0;0;0;0;0;0;0;0;0;0;0;0;0;0;0;0;0;0;0;12;328;1435;3977;8502;17743;45242;105090;285384;718875;1372406;2375659;2288477;1423989;805342;253607;112580;45734;6818;0;0;0;0;0;0;0;0;0;0;0;0;0;0;0;0;0;0;0;0;0;0;0;0;0",9871200
98,1,"LeakyReLULayer( 0.050000 )",post_activation,"-10;-9.6875;-9.375;-9.0625;-8.75;-8.4375;-8.125;-7.8125;-7.5;-7.1875;-6.875;-6.5625;-6.25;-5.9375;-5.625;-5.3125;-5;-4.6875;-4.375;-4.0625;-3.75;-3.4375;-3.125;-2.8125;-2.5;-2.1875;-1.875;-1.5625;-1.25;-0.9375;-0.625;-0.3125;0;0.3125;0.625;0.9375;1.25;1.5625;1.875;2.1875;2.5;2.8125;3.125;3.4375;3.75;4.0625;4.375;4.6875;5;5.3125;5.625;5.9375;6.25;6.5625;6.875;7.1875;7.5;7.8125;8.125;8.4375;8.75;9.0625;9.375;9.6875;10","0;0;0;0;0;0;0;0;0;0;0;0;0;0;0;0;0;0;0;0;0;0;0;0;0;0;0;0;0;0;0;4934653;2288477;1423989;805342;253607;112580;45734;6818;0;0;0;0;0;0;0;0;0;0;0;0;0;0;0;0;0;0;0;0;0;0;0;0;0",9871200
98,5,"LeakyReLULayer( 0.050000 )",pre_activation,"-10;-9.6875;-9.375;-9.0625;-8.75;-8.4375;-8.125;-7.8125;-7.5;-7.1875;-6.875;-6.5625;-6.25;-5.9375;-5.625;-5.3125;-5;-4.6875;-4.375;-4.0625;-3.75;-3.4375;-3.125;-2.8125;-2.5;-2.1875;-1.875;-1.5625;-1.25;-0.9375;-0.625;-0.3125;0;0.3125;0.625;0.9375;1.25;1.5625;1.875;2.1875;2.5;2.8125;3.125;3.4375;3.75;4.0625;4.375;4.6875;5;5.3125;5.625;5.9375;6.25;6.5625;6.875;7.1875;7.5;7.8125;8.125;8.4375;8.75;9.0625;9.375;9.6875;10","0;0;0;0;0;0;0;0;0;0;0;0;0;0;0;0;0;0;9;50;83;111;224;300;631;1605;2905;4927;9838;20586;32494;46243;37501;14068;3058;564;232;59;0;0;0;0;0;0;0;0;0;0;0;0;0;0;0;0;0;0;0;0;0;0;0;0;0;0",175488
98,5,"LeakyReLULayer( 0.050000 )",post_activation,"-10;-9.6875;-9.375;-9.0625;-8.75;-8.4375;-8.125;-7.8125;-7.5;-7.1875;-6.875;-6.5625;-6.25;-5.9375;-5.625;-5.3125;-5;-4.6875;-4.375;-4.0625;-3.75;-3.4375;-3.125;-2.8125;-2.5;-2.1875;-1.875;-1.5625;-1.25;-0.9375;-0.625;-0.3125;0;0.3125;0.625;0.9375;1.25;1.5625;1.875;2.1875;2.5;2.8125;3.125;3.4375;3.75;4.0625;4.375;4.6875;5;5.3125;5.625;5.9375;6.25;6.5625;6.875;7.1875;7.5;7.8125;8.125;8.4375;8.75;9.0625;9.375;9.6875;10","0;0;0;0;0;0;0;0;0;0;0;0;0;0;0;0;0;0;0;0;0;0;0;0;0;0;0;0;0;0;0;120006;37501;14068;3058;564;232;59;0;0;0;0;0;0;0;0;0;0;0;0;0;0;0;0;0;0;0;0;0;0;0;0;0;0",175488
98,8,"LeakyReLULayer( 0.050000 )",pre_activation,"-10;-9.6875;-9.375;-9.0625;-8.75;-8.4375;-8.125;-7.8125;-7.5;-7.1875;-6.875;-6.5625;-6.25;-5.9375;-5.625;-5.3125;-5;-4.6875;-4.375;-4.0625;-3.75;-3.4375;-3.125;-2.8125;-2.5;-2.1875;-1.875;-1.5625;-1.25;-0.9375;-0.625;-0.3125;0;0.3125;0.625;0.9375;1.25;1.5625;1.875;2.1875;2.5;2.8125;3.125;3.4375;3.75;4.0625;4.375;4.6875;5;5.3125;5.625;5.9375;6.25;6.5625;6.875;7.1875;7.5;7.8125;8.125;8.4375;8.75;9.0625;9.375;9.6875;10","0;0;0;0;0;0;0;0;0;0;0;0;0;0;0;0;0;0;0;0;0;0;0;0;0;3;18;164;855;3186;9435;33113;32483;6668;1496;273;46;4;0;0;0;0;0;0;0;0;0;0;0;0;0;0;0;0;0;0;0;0;0;0;0;0;0;0",87744
98,8,"LeakyReLULayer( 0.050000 )",post_activation,"-10;-9.6875;-9.375;-9.0625;-8.75;-8.4375;-8.125;-7.8125;-7.5;-7.1875;-6.875;-6.5625;-6.25;-5.9375;-5.625;-5.3125;-5;-4.6875;-4.375;-4.0625;-3.75;-3.4375;-3.125;-2.8125;-2.5;-2.1875;-1.875;-1.5625;-1.25;-0.9375;-0.625;-0.3125;0;0.3125;0.625;0.9375;1.25;1.5625;1.875;2.1875;2.5;2.8125;3.125;3.4375;3.75;4.0625;4.375;4.6875;5;5.3125;5.625;5.9375;6.25;6.5625;6.875;7.1875;7.5;7.8125;8.125;8.4375;8.75;9.0625;9.375;9.6875;10","0;0;0;0;0;0;0;0;0;0;0;0;0;0;0;0;0;0;0;0;0;0;0;0;0;0;0;0;0;0;0;46774;32483;6668;1496;273;46;4;0;0;0;0;0;0;0;0;0;0;0;0;0;0;0;0;0;0;0;0;0;0;0;0;0;0",87744
99,1,"LeakyReLULayer( 0.050000 )",pre_activation,"-10;-9.6875;-9.375;-9.0625;-8.75;-8.4375;-8.125;-7.8125;-7.5;-7.1875;-6.875;-6.5625;-6.25;-5.9375;-5.625;-5.3125;-5;-4.6875;-4.375;-4.0625;-3.75;-3.4375;-3.125;-2.8125;-2.5;-2.1875;-1.875;-1.5625;-1.25;-0.9375;-0.625;-0.3125;0;0.3125;0.625;0.9375;1.25;1.5625;1.875;2.1875;2.5;2.8125;3.125;3.4375;3.75;4.0625;4.375;4.6875;5;5.3125;5.625;5.9375;6.25;6.5625;6.875;7.1875;7.5;7.8125;8.125;8.4375;8.75;9.0625;9.375;9.6875;10","0;0;0;0;0;0;0;0;0;0;0;0;0;0;0;0;0;0;0;0;12;329;1434;3979;8502;17748;45250;105109;285218;719104;1373364;2374593;2286742;1425463;805686;253520;112591;45733;6823;0;0;0;0;0;0;0;0;0;0;0;0;0;0;0;0;0;0;0;0;0;0;0;0;0",9871200
99,1,"LeakyReLULayer( 0.050000 )",post_activation,"-10;-9.6875;-9.375;-9.0625;-8.75;-8.4375;-8.125;-7.8125;-7.5;-7.1875;-6.875;-6.5625;-6.25;-5.9375;-5.625;-5.3125;-5;-4.6875;-4.375;-4.0625;-3.75;-3.4375;-3.125;-2.8125;-2.5;-2.1875;-1.875;-1.5625;-1.25;-0.9375;-0.625;-0.3125;0;0.3125;0.625;0.9375;1.25;1.5625;1.875;2.1875;2.5;2.8125;3.125;3.4375;3.75;4.0625;4.375;4.6875;5;5.3125;5.625;5.9375;6.25;6.5625;6.875;7.1875;7.5;7.8125;8.125;8.4375;8.75;9.0625;9.375;9.6875;10","0;0;0;0;0;0;0;0;0;0;0;0;0;0;0;0;0;0;0;0;0;0;0;0;0;0;0;0;0;0;0;4934642;2286742;1425463;805686;253520;112591;45733;6823;0;0;0;0;0;0;0;0;0;0;0;0;0;0;0;0;0;0;0;0;0;0;0;0;0",9871200
99,5,"LeakyReLULayer( 0.050000 )",pre_activation,"-10;-9.6875;-9.375;-9.0625;-8.75;-8.4375;-8.125;-7.8125;-7.5;-7.1875;-6.875;-6.5625;-6.25;-5.9375;-5.625;-5.3125;-5;-4.6875;-4.375;-4.0625;-3.75;-3.4375;-3.125;-2.8125;-2.5;-2.1875;-1.875;-1.5625;-1.25;-0.9375;-0.625;-0.3125;0;0.3125;0.625;0.9375;1.25;1.5625;1.875;2.1875;2.5;2.8125;3.125;3.4375;3.75;4.0625;4.375;4.6875;5;5.3125;5.625;5.9375;6.25;6.5625;6.875;7.1875;7.5;7.8125;8.125;8.4375;8.75;9.0625;9.375;9.6875;10","0;0;0;0;0;0;0;0;0;0;0;0;0;0;0;0;0;0;4;49;78;110;241;295;659;1628;2926;4980;9863;20002;32692;46625;37149;13990;3311;628;216;42;0;0;0;0;0;0;0;0;0;0;0;0;0;0;0;0;0;0;0;0;0;0;0;0;0;0",175488
99,5,"LeakyReLULayer( 0.050000 )",post_activation,"-10;-9.6875;-9.375;-9.0625;-8.75;-8.4375;-8.125;-7.8125;-7.5;-7.1875;-6.875;-6.5625;-6.25;-5.9375;-5.625;-5.3125;-5;-4.6875;-4.375;-4.0625;-3.75;-3.4375;-3.125;-2.8125;-2.5;-2.1875;-1.875;-1.5625;-1.25;-0.9375;-0.625;-0.3125;0;0.3125;0.625;0.9375;1.25;1.5625;1.875;2.1875;2.5;2.8125;3.125;3.4375;3.75;4.0625;4.375;4.6875;5;5.3125;5.625;5.9375;6.25;6.5625;6.875;7.1875;7.5;7.8125;8.125;8.4375;8.75;9.0625;9.375;9.6875;10","0;0;0;0;0;0;0;0;0;0;0;0;0;0;0;0;0;0;0;0;0;0;0;0;0;0;0;0;0;0;0;120152;37149;13990;3311;628;216;42;0;0;0;0;0;0;0;0;0;0;0;0;0;0;0;0;0;0;0;0;0;0;0;0;0;0",175488
99,8,"LeakyReLULayer( 0.050000 )",pre_activation,"-10;-9.6875;-9.375;-9.0625;-8.75;-8.4375;-8.125;-7.8125;-7.5;-7.1875;-6.875;-6.5625;-6.25;-5.9375;-5.625;-5.3125;-5;-4.6875;-4.375;-4.0625;-3.75;-3.4375;-3.125;-2.8125;-2.5;-2.1875;-1.875;-1.5625;-1.25;-0.9375;-0.625;-0.3125;0;0.3125;0.625;0.9375;1.25;1.5625;1.875;2.1875;2.5;2.8125;3.125;3.4375;3.75;4.0625;4.375;4.6875;5;5.3125;5.625;5.9375;6.25;6.5625;6.875;7.1875;7.5;7.8125;8.125;8.4375;8.75;9.0625;9.375;9.6875;10","0;0;0;0;0;0;0;0;0;0;0;0;0;0;0;0;0;0;0;0;0;0;0;0;0;2;21;190;911;3366;9786;32729;32184;6688;1510;322;32;3;0;0;0;0;0;0;0;0;0;0;0;0;0;0;0;0;0;0;0;0;0;0;0;0;0;0",87744
99,8,"LeakyReLULayer( 0.050000 )",post_activation,"-10;-9.6875;-9.375;-9.0625;-8.75;-8.4375;-8.125;-7.8125;-7.5;-7.1875;-6.875;-6.5625;-6.25;-5.9375;-5.625;-5.3125;-5;-4.6875;-4.375;-4.0625;-3.75;-3.4375;-3.125;-2.8125;-2.5;-2.1875;-1.875;-1.5625;-1.25;-0.9375;-0.625;-0.3125;0;0.3125;0.625;0.9375;1.25;1.5625;1.875;2.1875;2.5;2.8125;3.125;3.4375;3.75;4.0625;4.375;4.6875;5;5.3125;5.625;5.9375;6.25;6.5625;6.875;7.1875;7.5;7.8125;8.125;8.4375;8.75;9.0625;9.375;9.6875;10","0;0;0;0;0;0;0;0;0;0;0;0;0;0;0;0;0;0;0;0;0;0;0;0;0;0;0;0;0;0;0;47005;32184;6688;1510;322;32;3;0;0;0;0;0;0;0;0;0;0;0;0;0;0;0;0;0;0;0;0;0;0;0;0;0;0",87744
100,1,"LeakyReLULayer( 0.050000 )",pre_activation,"-10;-9.6875;-9.375;-9.0625;-8.75;-8.4375;-8.125;-7.8125;-7.5;-7.1875;-6.875;-6.5625;-6.25;-5.9375;-5.625;-5.3125;-5;-4.6875;-4.375;-4.0625;-3.75;-3.4375;-3.125;-2.8125;-2.5;-2.1875;-1.875;-1.5625;-1.25;-0.9375;-0.625;-0.3125;0;0.3125;0.625;0.9375;1.25;1.5625;1.875;2.1875;2.5;2.8125;3.125;3.4375;3.75;4.0625;4.375;4.6875;5;5.3125;5.625;5.9375;6.25;6.5625;6.875;7.1875;7.5;7.8125;8.125;8.4375;8.75;9.0625;9.375;9.6875;10","0;0;0;0;0;0;0;0;0;0;0;0;0;0;0;0;0;0;0;0;12;318;1438;3966;8505;17720;45177;105087;285218;719755;1373539;2373873;2286916;1424543;806892;253295;112540;45594;6812;0;0;0;0;0;0;0;0;0;0;0;0;0;0;0;0;0;0;0;0;0;0;0;0;0",9871200
100,1,"LeakyReLULayer( 0.050000 )",post_activation,"-10;-9.6875;-9.375;-9.0625;-8.75;-8.4375;-8.125;-7.8125;-7.5;-7.1875;-6.875;-6.5625;-6.25;-5.9375;-5.625;-5.3125;-5;-4.6875;-4.375;-4.0625;-3.75;-3.4375;-3.125;-2.8125;-2.5;-2.1875;-1.875;-1.5625;-1.25;-0.9375;-0.625;-0.3125;0;0.3125;0.625;0.9375;1.25;1.5625;1.875;2.1875;2.5;2.8125;3.125;3.4375;3.75;4.0625;4.375;4.6875;5;5.3125;5.625;5.9375;6.25;6.5625;6.875;7.1875;7.5;7.8125;8.125;8.4375;8.75;9.0625;9.375;9.6875;10","0;0;0;0;0;0;0;0;0;0;0;0;0;0;0;0;0;0;0;0;0;0;0;0;0;0;0;0;0;0;0;4934608;2286916;1424543;806892;253295;112540;45594;6812;0;0;0;0;0;0;0;0;0;0;0;0;0;0;0;0;0;0;0;0;0;0;0;0;0",9871200
100,5,"LeakyReLULayer( 0.050000 )",pre_activation,"-10;-9.6875;-9.375;-9.0625;-8.75;-8.4375;-8.125;-7.8125;-7.5;-7.1875;-6.875;-6.5625;-6.25;-5.9375;-5.625;-5.3125;-5;-4.6875;-4.375;-4.0625;-3.75;-3.4375;-3.125;-2.8125;-2.5;-2.1875;-1.875;-1.5625;-1.25;-0.9375;-0.625;-0.3125;0;0.3125;0.625;0.9375;1.25;1.5625;1.875;2.1875;2.5;2.8125;3.125;3.4375;3.75;4.0625;4.375;4.6875;5;5.3125;5.625;5.9375;6.25;6.5625;6.875;7.1875;7.5;7.8125;8.125;8.4375;8.75;9.0625;9.375;9.6875;10","0;0;0;0;0;0;0;0;0;0;0;0;0;0;0;0;0;0;2;47;78;104;241;306;705;1612;2892;4917;10073;20063;32935;46758;36726;13848;3241;685;216;39;0;0;0;0;0;0;0;0;0;0;0;0;0;0;0;0;0;0;0;0;0;0;0;0;0;0",175488
100,5,"LeakyReLULayer( 0.050000 )",post_activation,"-10;-9.6875;-9.375;-9.0625;-8.75;-8.4375;-8.125;-7.8125;-7.5;-7.1875;-6.875;-6.5625;-6.25;-5.9375;-5.625;-5.3125;-5;-4.6875;-4.375;-4.0625;-3.75;-3.4375;-3.125;-2.8125;-2.5;-2.1875;-1.875;-1.5625;-1.25;-0.9375;-0.625;-0.3125;0;0.3125;0.625;0.9375;1.25;1.5625;1.875;2.1875;2.5;2.8125;3.125;3.4375;3.75;4.0625;4.375;4.6875;5;5.3125;5.625;5.9375;6.25;6.5625;6.875;7.1875;7.5;7.8125;8.125;8.4375;8.75;9.0625;9.375;9.6875;10","0;0;0;0;0;0;0;0;0;0;0;0;0;0;0;0;0;0;0;0;0;0;0;0;0;0;0;0;0;0;0;120733;36726;13848;3241;685;216;39;0;0;0;0;0;0;0;0;0;0;0;0;0;0;0;0;0;0;0;0;0;0;0;0;0;0",175488
100,8,"LeakyReLULayer( 0.050000 )",pre_activation,"-10;-9.6875;-9.375;-9.0625;-8.75;-8.4375;-8.125;-7.8125;-7.5;-7.1875;-6.875;-6.5625;-6.25;-5.9375;-5.625;-5.3125;-5;-4.6875;-4.375;-4.0625;-3.75;-3.4375;-3.125;-2.8125;-2.5;-2.1875;-1.875;-1.5625;-1.25;-0.9375;-0.625;-0.3125;0;0.3125;0.625;0.9375;1.25;1.5625;1.875;2.1875;2.5;2.8125;3.125;3.4375;3.75;4.0625;4.375;4.6875;5;5.3125;5.625;5.9375;6.25;6.5625;6.875;7.1875;7.5;7.8125;8.125;8.4375;8.75;9.0625;9.375;9.6875;10","0;0;0;0;0;0;0;0;0;0;0;0;0;0;0;0;0;0;0;0;0;0;0;0;2;1;35;176;846;3354;9675;33059;32099;6744;1454;267;32;0;0;0;0;0;0;0;0;0;0;0;0;0;0;0;0;0;0;0;0;0;0;0;0;0;0;0",87744
100,8,"LeakyReLULayer( 0.050000 )",post_activation,"-10;-9.6875;-9.375;-9.0625;-8.75;-8.4375;-8.125;-7.8125;-7.5;-7.1875;-6.875;-6.5625;-6.25;-5.9375;-5.625;-5.3125;-5;-4.6875;-4.375;-4.0625;-3.75;-3.4375;-3.125;-2.8125;-2.5;-2.1875;-1.875;-1.5625;-1.25;-0.9375;-0.625;-0.3125;0;0.3125;0.625;0.9375;1.25;1.5625;1.875;2.1875;2.5;2.8125;3.125;3.4375;3.75;4.0625;4.375;4.6875;5;5.3125;5.625;5.9375;6.25;6.5625;6.875;7.1875;7.5;7.8125;8.125;8.4375;8.75;9.0625;9.375;9.6875;10","0;0;0;0;0;0;0;0;0;0;0;0;0;0;0;0;0;0;0;0;0;0;0;0;0;0;0;0;0;0;0;47148;32099;6744;1454;267;32;0;0;0;0;0;0;0;0;0;0;0;0;0;0;0;0;0;0;0;0;0;0;0;0;0;0;0",87744
