epoch,layer_index,layer_name,parameter_scope,mean_norm,rms_norm,maximum_norm,last_norm,optimizer_steps
1,0,"Conv2DLayer(1,8,5, stride=5, padding=0)","all",2.5982188037163954,2.706049766899604,4.2762270686626209,1.7360783130577804,22
1,0,"Conv2DLayer(1,8,5, stride=5, padding=0)","weights",2.5472628645852309,2.6513075258321326,4.1764213402597807,1.7104309284951451,22
1,0,"Conv2DLayer(1,8,5, stride=5, padding=0)","biases",0.50878430437200639,0.54154754583812492,0.91848937467213343,0.29731119709285092,22
1,4,"DenseLayer( 7202,128 )","all",18.078920548574636,19.126095656813451,33.038556197323274,10.878369765013861,22
1,4,"DenseLayer( 7202,128 )","weights",18.072990513883259,19.119720840025405,33.026358239938936,10.875031076991659,22
1,4,"DenseLayer( 7202,128 )","biases",0.46234418660772847,0.49377127607481447,0.89769538870671983,0.26949548944907026,22
1,7,"DenseLayer( 128,64 )","all",2.8115798133203174,3.0032603019621842,5.5021165050065219,1.6720639769756604,22
1,7,"DenseLayer( 128,64 )","weights",2.7714769362811724,2.9578644142441863,5.4102545957363573,1.6589586812573258,22
1,7,"DenseLayer( 128,64 )","biases",0.46880369686841539,0.52020241088434493,1.0012148840178143,0.20893548521162331,22
1,10,"DenseLayer( 64,1 )","all",1.6755739907783553,1.8354760057296888,3.2576247701691607,0.98752912891196354,22
1,10,"DenseLayer( 64,1 )","weights",1.5931968627902711,1.7353425521432602,3.0440734918115981,0.98389665665058657,22
1,10,"DenseLayer( 64,1 )","biases",0.48934558609669859,0.59796186695334408,1.1600584983825684,0.084623575210571289,22
2,0,"Conv2DLayer(1,8,5, stride=5, padding=0)","all",1.4046077106211983,1.5348216969988915,3.1155220269623598,3.1155220269623598,22
2,0,"Conv2DLayer(1,8,5, stride=5, padding=0)","weights",1.3796871478881862,1.5080763815247025,3.0653506955607166,3.0653506955607166,22
2,0,"Conv2DLayer(1,8,5, stride=5, padding=0)","biases",0.2613070292499392,0.28527752990012606,0.55686857849324001,0.55686857849324001,22
2,4,"DenseLayer( 7202,128 )","all",7.4942142838263273,7.9705696458631961,15.421847425119413,15.421847425119413,22
2,4,"DenseLayer( 7202,128 )","weights",7.4911916676782093,7.9673020518274944,15.414683889422029,15.414683889422029,22
2,4,"DenseLayer( 7202,128 )","biases",0.21240790287921138,0.22820713069743992,0.46999850303502949,0.46999850303502949,22
2,7,"DenseLayer( 128,64 )","all",1.2064974199682614,1.2901220035282359,2.5750171239958837,2.5750171239958837,22
2,7,"DenseLayer( 128,64 )","weights",1.1866486577605566,1.2674352099485233,2.5170005568957903,2.5170005568957903,22
2,7,"DenseLayer( 128,64 )","biases",0.21579337030069404,0.24087916591198286,0.54352680288860933,0.54352680288860933,22
2,10,"DenseLayer( 64,1 )","all",0.80437757306336655,0.90781042990281924,2.1083918909432446,1.8153116805169547,22
2,10,"DenseLayer( 64,1 )","weights",0.76898762965075429,0.86289104666169447,2.0292131369097453,1.6600292943795136,22
2,10,"DenseLayer( 64,1 )","biases",0.21231653515926815,0.28202627223616394,0.7346150279045105,0.7346150279045105,22
3,0,"Conv2DLayer(1,8,5, stride=5, padding=0)","all",0.91767316259275999,0.95185195972976744,1.3394901932548864,0.91459736985624196,22
3,0,"Conv2DLayer(1,8,5, stride=5, padding=0)","weights",0.90284081510033143,0.93674432762894966,1.3154711333285656,0.89747497573681512,22
3,0,"Conv2DLayer(1,8,5, stride=5, padding=0)","biases",0.16272183994840711,0.1689148243831364,0.26775505966792412,0.17614487467467999,22
3,4,"DenseLayer( 7202,128 )","all",4.8472031122619326,4.934570868955813,6.6316595648552079,5.2143307521908895,22
3,4,"DenseLayer( 7202,128 )","weights",4.8452533901796837,4.9325831736809489,6.6291590087065924,5.2121188773912808,22
3,4,"DenseLayer( 7202,128 )","biases",0.13735962143848823,0.14004604766615122,0.18209728559148428,0.15186178316172702,22
3,7,"DenseLayer( 128,64 )","all",0.742961953538814,0.75558497526140034,1.0188844806668833,0.91810146348425103,22
3,7,"DenseLayer( 128,64 )","weights",0.73236006925860009,0.74461889260545466,1.0049838084653449,0.90173734273863348,22
3,7,"DenseLayer( 128,64 )","biases",0.12452321564732774,0.12826285360850709,0.18399079277640859,0.17256900637887329,22
3,10,"DenseLayer( 64,1 )","all",0.47314433725441263,0.48450160443682039,0.67297852121791513,0.51987202909841279,22
3,10,"DenseLayer( 64,1 )","weights",0.46350081966998924,0.47458364306128198,0.65612231037656876,0.49018370893819802,22
3,10,"DenseLayer( 64,1 )","biases",0.08046267279000445,0.097530356507780969,0.17316713929176331,0.17316713929176331,22
4,0,"Conv2DLayer(1,8,5, stride=5, padding=0)","all",0.67950530267182929,0.71275004650300289,1.0515545608273651,0.82322144662509156,22
4,0,"Conv2DLayer(1,8,5, stride=5, padding=0)","weights",0.66858656567277686,0.70155813507885656,1.039146455901224,0.8073987102040675,22
4,0,"Conv2DLayer(1,8,5, stride=5, padding=0)","biases",0.11997665534549599,0.1258126062630836,0.20026730665552891,0.16062650137607015,22
4,4,"DenseLayer( 7202,128 )","all",4.0323641663800558,4.1291054428183118,6.0034936372951124,5.9520112704381152,22
4,4,"DenseLayer( 7202,128 )","weights",4.0307030968214885,4.127406978596194,6.0011818138997546,5.9497016957754472,22
4,4,"DenseLayer( 7202,128 )","biases",0.11567966537554615,0.11842039920235127,0.16659138501659701,0.16579473667492753,22
4,7,"DenseLayer( 128,64 )","all",0.62633975363334093,0.63702955133285055,0.86205742022140819,0.83377232834126003,22
4,7,"DenseLayer( 128,64 )","weights",0.61541725401136371,0.62590007173692364,0.84618695960341661,0.82289822499290277,22
4,7,"DenseLayer( 128,64 )","biases",0.11581966214678768,0.11855694611049475,0.16465304478179377,0.13421924903357219,22
4,10,"DenseLayer( 64,1 )","all",0.40447417251513379,0.41751797559922782,0.58891079163568627,0.42436671258681558,22
4,10,"DenseLayer( 64,1 )","weights",0.38988661191288315,0.4018827492586689,0.55798307037992234,0.41760423674038094,22
4,10,"DenseLayer( 64,1 )","biases",0.096454413946379311,0.11318796666064478,0.20837089419364929,0.07545732706785202,22
5,0,"Conv2DLayer(1,8,5, stride=5, padding=0)","all",0.80093665184962703,0.85083198511368496,1.4029050560642278,0.7474031828933595,22
5,0,"Conv2DLayer(1,8,5, stride=5, padding=0)","weights",0.78884814728409014,0.83813401959934819,1.3814138855205909,0.73265444840787008,22
5,0,"Conv2DLayer(1,8,5, stride=5, padding=0)","biases",0.13713467477368377,0.14644600398349322,0.25079005166353047,0.14774632661181183,22
5,4,"DenseLayer( 7202,128 )","all",3.8965169966621493,4.0026914706954759,6.56119778484456,4.642728634711883,22
5,4,"DenseLayer( 7202,128 )","weights",3.8948743901685066,4.0009908508171126,6.5581902905336751,4.640747690895572,22
5,4,"DenseLayer( 7202,128 )","biases",0.11307007811199768,0.1166671387155027,0.19863656511074704,0.1356099001587931,22
5,7,"DenseLayer( 128,64 )","all",0.560670591165358,0.57517921569624264,0.91448251345176812,0.65930825053743813,22
5,7,"DenseLayer( 128,64 )","weights",0.55018614406883026,0.56403746032629509,0.88739442013505798,0.64806642866438791,22
5,7,"DenseLayer( 128,64 )","biases",0.10725843305236162,0.11266265360627688,0.22092851903325528,0.12123231114238082,22
5,10,"DenseLayer( 64,1 )","all",0.36923668890329553,0.39550571231254161,0.89664761881113708,0.31904052000169775,22
5,10,"DenseLayer( 64,1 )","weights",0.35680245142773059,0.37979859017715439,0.8289479849997724,0.31653534902683139,22
5,10,"DenseLayer( 64,1 )","biases",0.087573105384680355,0.1103530668866836,0.34179261326789856,0.039902709424495697,22
6,0,"Conv2DLayer(1,8,5, stride=5, padding=0)","all",0.69533386462532076,0.74005670818183145,1.2524154249083541,1.1454573186711092,22
6,0,"Conv2DLayer(1,8,5, stride=5, padding=0)","weights",0.68448900573377269,0.72890041036817355,1.2430289646926884,1.1291766562558649,22
6,0,"Conv2DLayer(1,8,5, stride=5, padding=0)","biases",0.1209898293078715,0.12801610480731165,0.20788026935547485,0.19243842616284115,22
6,4,"DenseLayer( 7202,128 )","all",3.6247013070514824,3.736863525595838,6.4090136415593939,6.4090136415593939,22
6,4,"DenseLayer( 7202,128 )","weights",3.6232162542706461,3.735333662541672,6.4063544747043624,6.4063544747043624,22
6,4,"DenseLayer( 7202,128 )","biases",0.10367244232571016,0.10691790500927917,0.18460282264853733,0.18460282264853733,22
6,7,"DenseLayer( 128,64 )","all",0.50053650774713898,0.51878070811297006,0.91863835264053939,0.91863835264053939,22
6,7,"DenseLayer( 128,64 )","weights",0.49111896268172639,0.50852702143062189,0.89110819003532027,0.89110819003532027,22
6,7,"DenseLayer( 128,64 )","biases",0.095988371085981697,0.10263377409554109,0.22320980398293339,0.22320980398293339,22
6,10,"DenseLayer( 64,1 )","all",0.33569817178504169,0.36473830695938014,0.80850916606820122,0.80850916606820122,22
6,10,"DenseLayer( 64,1 )","weights",0.32653012457418867,0.35129318840216356,0.74495301277832771,0.74495301277832771,22
6,10,"DenseLayer( 64,1 )","biases",0.064242187760431654,0.098117930806948112,0.31421661376953125,0.31421661376953125,22
7,0,"Conv2DLayer(1,8,5, stride=5, padding=0)","all",0.63349199433978276,0.68133814506272039,1.1860697166036762,0.57570362860263313,22
7,0,"Conv2DLayer(1,8,5, stride=5, padding=0)","weights",0.62366094085994961,0.6711096914915331,1.1722882702611888,0.56366728352737039,22
7,0,"Conv2DLayer(1,8,5, stride=5, padding=0)","biases",0.10941630716989773,0.11761568731954027,0.21083093963822336,0.11710619738986265,22
7,4,"DenseLayer( 7202,128 )","all",3.2977117791337931,3.3761654396178256,4.4276953199946458,3.5074132987007607,22
7,4,"DenseLayer( 7202,128 )","weights",3.2963338336710724,3.3747562266717348,4.4258836112266708,3.5059153629808977,22
7,4,"DenseLayer( 7202,128 )","biases",0.09527214025651598,0.097537101710984314,0.12974369476344377,0.10249641709576789,22
7,7,"DenseLayer( 128,64 )","all",0.44667342281374084,0.45629393078570463,0.62529690047790287,0.46991029558082392,22
7,7,"DenseLayer( 128,64 )","weights",0.43637202046539614,0.44553734834883962,0.60769487343800266,0.45824469859075284,22
7,7,"DenseLayer( 128,64 )","biases",0.094829573644442416,0.098491738222828348,0.14731990545897811,0.10405518779151468,22
7,10,"DenseLayer( 64,1 )","all",0.29538033136789232,0.31051404902662366,0.54349065189012657,0.24045805007129939,22
7,10,"DenseLayer( 64,1 )","weights",0.27698091615975423,0.29151339228125678,0.52045949395669477,0.21899488628697877,22
7,10,"DenseLayer( 64,1 )","biases",0.091927804899486626,0.10695287169395012,0.17887550592422485,0.099304147064685822,22
8,0,"Conv2DLayer(1,8,5, stride=5, padding=0)","all",0.60216981475117271,0.65265771266532135,1.2337360301378981,1.2337360301378981,22
8,0,"Conv2DLayer(1,8,5, stride=5, padding=0)","weights",0.59240093576308361,0.64289362079521362,1.2222612255923402,1.2222612255923402,22
8,0,"Conv2DLayer(1,8,5, stride=5, padding=0)","biases",0.1059292326015224,0.11247169529419004,0.18748924938086972,0.16787521697359431,22
8,4,"DenseLayer( 7202,128 )","all",3.059395393516978,3.1311189532255894,4.5786172953282387,4.5786172953282387,22
8,4,"DenseLayer( 7202,128 )","weights",3.05809752063643,3.1297823430740714,4.5765838742291933,4.5765838742291933,22
8,4,"DenseLayer( 7202,128 )","biases",0.08907915807662968,0.091478873136297642,0.13644185290513464,0.13644185290513464,22
8,7,"DenseLayer( 128,64 )","all",0.39773012218904102,0.40607453830615603,0.5852694364441634,0.5852694364441634,22
8,7,"DenseLayer( 128,64 )","weights",0.38817985409385808,0.3961299329395761,0.57335286791990492,0.57335286791990492,22
8,7,"DenseLayer( 128,64 )","biases",0.086092083615806822,0.089317450085885874,0.12996970418058021,0.11750234926880722,22
8,10,"DenseLayer( 64,1 )","all",0.26438198755704906,0.27857066153714982,0.4794963163611094,0.4601480044698199,22
8,10,"DenseLayer( 64,1 )","weights",0.2527548504961431,0.26715657529681142,0.47381697525670219,0.45684899351431657,22
8,10,"DenseLayer( 64,1 )","biases",0.068543230649083853,0.078923873098856581,0.15844845771789551,0.055001664906740189,22
9,0,"Conv2DLayer(1,8,5, stride=5, padding=0)","all",0.53083228825517992,0.56421252866549743,0.94293737508394693,0.47731118233882303,22
9,0,"Conv2DLayer(1,8,5, stride=5, padding=0)","weights",0.521462138320543,0.55462474136619644,0.92896914546540166,0.4682667227555305,22
9,0,"Conv2DLayer(1,8,5, stride=5, padding=0)","biases",0.097886054484294396,0.10357207040314703,0.18465405226633883,0.092478327977317726,22
9,4,"DenseLayer( 7202,128 )","all",2.992802187874458,3.0854483397998069,4.1769065353464541,2.9904780300274019,22
9,4,"DenseLayer( 7202,128 )","weights",2.9915252526399643,3.0841265698958491,4.1751997592563743,2.9892361842176061,22
9,4,"DenseLayer( 7202,128 )","biases",0.087345214671372254,0.090303701119328547,0.1246500244290954,0.086173563467792647,22
9,7,"DenseLayer( 128,64 )","all",0.37742285609733917,0.38870914884981417,0.55741421020738569,0.36884462857256806,22
9,7,"DenseLayer( 128,64 )","weights",0.36646767890145832,0.3769544869603339,0.53872539445136136,0.35785160084948847,22
9,7,"DenseLayer( 128,64 )","biases",0.089502921387008896,0.094868947290556754,0.15547324580334443,0.089378922550532383,22
9,10,"DenseLayer( 64,1 )","all",0.24875785151058749,0.26306078236135333,0.46664271246282557,0.23122236544743627,22
9,10,"DenseLayer( 64,1 )","weights",0.22572645853129369,0.23650129828181421,0.40543534478924409,0.21634019591662923,22
9,10,"DenseLayer( 64,1 )","biases",0.094873162706128569,0.11518728717867979,0.23103593289852142,0.081613123416900635,22
10,0,"Conv2DLayer(1,8,5, stride=5, padding=0)","all",0.48745819810590491,0.51099540651054309,0.90258794417951071,0.49476351494642778,22
10,0,"Conv2DLayer(1,8,5, stride=5, padding=0)","weights",0.48031338372669818,0.50342147302897355,0.88449743843564499,0.48435386534771357,22
10,0,"Conv2DLayer(1,8,5, stride=5, padding=0)","biases",0.081699331126995414,0.087653442420783809,0.17980344373503526,0.10095676720692381,22
10,4,"DenseLayer( 7202,128 )","all",2.8277808175966235,2.8867011679368004,4.3497358780669444,3.0394633938451081,22
10,4,"DenseLayer( 7202,128 )","weights",2.8266056679762381,2.8855056705371291,4.3481284409486483,3.038130424319422,22
10,4,"DenseLayer( 7202,128 )","biases",0.081447799244018626,0.083070200828947977,0.11824242029106753,0.090006929450524478,22
10,7,"DenseLayer( 128,64 )","all",0.34762378087498563,0.35862234792942865,0.56401236495972173,0.38875374526361045,22
10,7,"DenseLayer( 128,64 )","weights",0.33827312287624894,0.34883858560477587,0.54979251587829636,0.37604942715077111,22
10,7,"DenseLayer( 128,64 )","biases",0.079306740172091675,0.08319633181622639,0.1585445746702786,0.098571308178703881,22
10,10,"DenseLayer( 64,1 )","all",0.23212581857715461,0.24984014399049534,0.49397390076313208,0.25491901281227497,22
10,10,"DenseLayer( 64,1 )","weights",0.21932676486676961,0.23385619255402992,0.45759591518917636,0.24434745639108904,22
10,10,"DenseLayer( 64,1 )","biases",0.064270765012638134,0.087928259128245687,0.25191524624824524,0.072650007903575897,22
11,0,"Conv2DLayer(1,8,5, stride=5, padding=0)","all",0.53813510350469662,0.59682363524347259,1.1395535641150134,1.1395535641150134,22
11,0,"Conv2DLayer(1,8,5, stride=5, padding=0)","weights",0.52869020527579713,0.58606544668629001,1.1294621207104727,1.1294621207104727,22
11,0,"Conv2DLayer(1,8,5, stride=5, padding=0)","biases",0.097933695231239376,0.11280843845046751,0.28189488926007933,0.15131967277069938,22
11,4,"DenseLayer( 7202,128 )","all",3.0228228196688738,3.1491911995681932,5.7607698136184844,4.1817056206844594,22
11,4,"DenseLayer( 7202,128 )","weights",3.0215356536710689,3.1478454635513948,5.7583347487135885,4.1798855595762037,22
11,4,"DenseLayer( 7202,128 )","biases",0.088174602452412196,0.092055141283148734,0.16748064740611646,0.12336371796572072,22
11,7,"DenseLayer( 128,64 )","all",0.36760848486337505,0.38314687698480437,0.6396304709334304,0.57126766248588956,22
11,7,"DenseLayer( 128,64 )","weights",0.35547671140713177,0.3703584351004548,0.61475542448497489,0.55853115758076477,22
11,7,"DenseLayer( 128,64 )","biases",0.092858282851110516,0.098163938863265993,0.17664344712674818,0.1199570265285998,22
11,10,"DenseLayer( 64,1 )","all",0.25577276443830305,0.27637751655541093,0.52824513747197432,0.40229256921311873,22
11,10,"DenseLayer( 64,1 )","weights",0.23497447501999999,0.25136631850762636,0.45932657235043994,0.39177519802651983,22
11,10,"DenseLayer( 64,1 )","biases",0.092087801884521134,0.11488910121181639,0.26088699698448181,0.091386571526527405,22
12,0,"Conv2DLayer(1,8,5, stride=5, padding=0)","all",0.54521544304035963,0.58426233449380682,1.0161913024303755,0.93329845155065116,22
12,0,"Conv2DLayer(1,8,5, stride=5, padding=0)","weights",0.53598305982591676,0.57498009286564333,1.003197885062451,0.92305384687802594,22
12,0,"Conv2DLayer(1,8,5, stride=5, padding=0)","biases",0.098174641548924996,0.10373219517762719,0.16534773488348861,0.13790429808574187,22
12,4,"DenseLayer( 7202,128 )","all",2.881791549789261,2.9574161937495336,4.4762238286334206,3.7328346996875297,22
12,4,"DenseLayer( 7202,128 )","weights",2.8805813960993443,2.9561742883223423,4.4742131466841482,3.7313278237296292,22
12,4,"DenseLayer( 7202,128 )","biases",0.083445463562383818,0.085697841944074205,0.13415096743732019,0.10605454753285246,22
12,7,"DenseLayer( 128,64 )","all",0.35560424120479345,0.36496302754238452,0.53042442607696716,0.45554757897677162,22
12,7,"DenseLayer( 128,64 )","weights",0.34481907363741154,0.35393865421449033,0.51259329407038901,0.44584848393209925,22
12,7,"DenseLayer( 128,64 )","biases",0.08623555118805161,0.089024943278492225,0.13637516875570746,0.093502545885374738,22
12,10,"DenseLayer( 64,1 )","all",0.23133146542182081,0.24535290830416168,0.52350989144313176,0.2641821507070905,22
12,10,"DenseLayer( 64,1 )","weights",0.21624577416352694,0.22713809249494959,0.44316254287774076,0.26252519738380864,22
12,10,"DenseLayer( 64,1 )","biases",0.066779594995420091,0.092770343057822599,0.27869260311126709,0.029541995376348495,22
13,0,"Conv2DLayer(1,8,5, stride=5, padding=0)","all",0.50025555559946322,0.59585219381247501,1.7664815591762486,0.63084098557751378,22
13,0,"Conv2DLayer(1,8,5, stride=5, padding=0)","weights",0.49182846787867307,0.58755454520859296,1.7501992988079598,0.62206788607130969,22
13,0,"Conv2DLayer(1,8,5, stride=5, padding=0)","biases",0.08954790871047752,0.099093356365917054,0.23928960144953118,0.1048422348253843,22
13,4,"DenseLayer( 7202,128 )","all",2.5960541050550416,2.7592683636506088,5.8101419812518724,3.7040519957935021,22
13,4,"DenseLayer( 7202,128 )","weights",2.5949840651640983,2.7581317844534512,5.8077535997601473,3.7026016634101273,22
13,4,"DenseLayer( 7202,128 )","biases",0.074478609608590443,0.079189407313924653,0.16657720966111095,0.10364414915654761,22
13,7,"DenseLayer( 128,64 )","all",0.32155954857271929,0.33913926520468374,0.69799083100460979,0.45323993778123484,22
13,7,"DenseLayer( 128,64 )","weights",0.31116568369443182,0.32808982493916372,0.67967676623158146,0.43650823914370984,22
13,7,"DenseLayer( 128,64 )","biases",0.080177854746957544,0.085863309829995085,0.15884172503308455,0.12201228774019224,22
13,10,"DenseLayer( 64,1 )","all",0.21948648082985486,0.24359153252317303,0.6052018133098257,0.21326388679863723,22
13,10,"DenseLayer( 64,1 )","weights",0.2056263941810399,0.23029550040942223,0.60515878236907894,0.20952739213401364,22
13,10,"DenseLayer( 64,1 )","biases",0.06076062424108386,0.079377687092544197,0.21743826568126678,0.039746161550283432,22
14,0,"Conv2DLayer(1,8,5, stride=5, padding=0)","all",0.43105456252132035,0.4706241541185876,0.90545261871010341,0.90545261871010341,22
14,0,"Conv2DLayer(1,8,5, stride=5, padding=0)","weights",0.42290710801522047,0.46223389949530863,0.89581385620178877,0.89581385620178877,22
14,0,"Conv2DLayer(1,8,5, stride=5, padding=0)","biases",0.081654446800173267,0.088469862649362255,0.19396571484083028,0.13176486544547764,22
14,4,"DenseLayer( 7202,128 )","all",2.385600923800498,2.4719509018468586,4.6020801892392216,3.0252571342259507,22
14,4,"DenseLayer( 7202,128 )","weights",2.38459375424751,2.4709023072668277,4.6000027743347838,3.0238905314353612,22
14,4,"DenseLayer( 7202,128 )","biases",0.069283585744187373,0.071993396120521289,0.13826259183307602,0.090921846002915307,22
14,7,"DenseLayer( 128,64 )","all",0.28061577548772276,0.29189361669286507,0.53992683184956747,0.37015859451376554,22
14,7,"DenseLayer( 128,64 )","weights",0.27085980581392666,0.28115793895008151,0.51065281098078819,0.35870268285780049,22
14,7,"DenseLayer( 128,64 )","biases",0.072813831213921168,0.078435303476071652,0.1753701525018741,0.091377078105083359,22
14,10,"DenseLayer( 64,1 )","all",0.19678204681539332,0.21207731045647102,0.45221167941572649,0.28033849641719244,22
14,10,"DenseLayer( 64,1 )","weights",0.18286112122640885,0.19347973848672723,0.36599926865610366,0.27744263030425548,22
14,10,"DenseLayer( 64,1 )","biases",0.06413896415721286,0.086846856048782978,0.26559355854988098,0.040190290659666061,22
15,0,"Conv2DLayer(1,8,5, stride=5, padding=0)","all",0.51720071601911544,0.56090241720676715,1.0874809767293292,0.65508780282825929,22
15,0,"Conv2DLayer(1,8,5, stride=5, padding=0)","weights",0.50894522488034999,0.5527440331258201,1.0757691553461677,0.64617615275459872,22
15,0,"Conv2DLayer(1,8,5, stride=5, padding=0)","biases",0.090692639642028366,0.095318180176692899,0.16745385678267405,0.10768662417228013,22
15,4,"DenseLayer( 7202,128 )","all",2.6330484183385612,2.7261782346855523,4.6036275437407923,2.7743816545185855,22
15,4,"DenseLayer( 7202,128 )","weights",2.6319532780867889,2.7250490291478942,4.6017698277232251,2.7731620911505686,22
15,4,"DenseLayer( 7202,128 )","biases",0.075889230734176319,0.078457351557091645,0.13077084592919636,0.082253152734044266,22
15,7,"DenseLayer( 128,64 )","all",0.30216368687149309,0.31289007345865633,0.50944496654570592,0.32589121408033261,22
15,7,"DenseLayer( 128,64 )","weights",0.29056883588199545,0.30092095738643704,0.4889778439207832,0.31485263246812684,22
15,7,"DenseLayer( 128,64 )","biases",0.082184743863080792,0.085713333120311541,0.14295048825847914,0.084100554353962798,22
15,10,"DenseLayer( 64,1 )","all",0.20683652424542703,0.21899590463307445,0.37552917907862327,0.21599176176877236,22
15,10,"DenseLayer( 64,1 )","weights",0.18970281869342553,0.20074852818383543,0.33981375824120097,0.2126665024191936,22
15,10,"DenseLayer( 64,1 )","biases",0.073806174480440939,0.087517053641461617,0.18324100971221924,0.037754468619823456,22
16,0,"Conv2DLayer(1,8,5, stride=5, padding=0)","all",0.48838190402259785,0.53306581673649467,1.0430745082200281,0.23500772235788631,22
16,0,"Conv2DLayer(1,8,5, stride=5, padding=0)","weights",0.47955287353195186,0.52381765016126935,1.0308027860878191,0.22928311461579445,22
16,0,"Conv2DLayer(1,8,5, stride=5, padding=0)","biases",0.091021817287442075,0.098864727544621001,0.17191610325127299,0.051554659536474923,22
16,4,"DenseLayer( 7202,128 )","all",2.7251842571473874,2.8505503597337092,4.287296787182231,2.3557829593934687,22
16,4,"DenseLayer( 7202,128 )","weights",2.7240383567593138,2.8493521689113352,4.2854638387059873,2.3547041768135819,22
16,4,"DenseLayer( 7202,128 )","biases",0.078975875981426108,0.082641217913637904,0.12535321506220115,0.07128528224901777,22
16,7,"DenseLayer( 128,64 )","all",0.3034922734662886,0.31727222713218328,0.51033114045532613,0.25284523570621042,22
16,7,"DenseLayer( 128,64 )","weights",0.29129279956235032,0.30395763263426173,0.48206966212284957,0.24330841317352739,22
16,7,"DenseLayer( 128,64 )","biases",0.084394909949244437,0.090947367596818818,0.16747153124992761,0.068787566451424823,22
16,10,"DenseLayer( 64,1 )","all",0.22820827310483505,0.25336160029333993,0.58767419709495095,0.15151057932737022,22
16,10,"DenseLayer( 64,1 )","weights",0.21004304295147386,0.22907700251487753,0.50323617883122407,0.14994481361096446,22
16,10,"DenseLayer( 64,1 )","biases",0.076882582263682372,0.10823967582176579,0.30350339412689209,0.021725757047533989,22
17,0,"Conv2DLayer(1,8,5, stride=5, padding=0)","all",0.53793474836398669,0.59307676159964451,1.2851311027720116,1.2851311027720116,22
17,0,"Conv2DLayer(1,8,5, stride=5, padding=0)","weights",0.52906910814357855,0.58409228590020434,1.271638492615822,1.271638492615822,22
17,0,"Conv2DLayer(1,8,5, stride=5, padding=0)","biases",0.095635553556406558,0.10284088049698678,0.18573501395743036,0.18573501395743036,22
17,4,"DenseLayer( 7202,128 )","all",2.7812507083210951,2.9834016245583546,6.621129265828384,6.621129265828384,22
17,4,"DenseLayer( 7202,128 )","weights",2.7800897787304395,2.9821619407896827,6.6184956757735831,6.6184956757735831,22
17,4,"DenseLayer( 7202,128 )","biases",0.080329158495899791,0.085996583205052046,0.1867290673020629,0.1867290673020629,22
17,7,"DenseLayer( 128,64 )","all",0.29386941290095064,0.30531652400664594,0.5108024055200201,0.5108024055200201,22
17,7,"DenseLayer( 128,64 )","weights",0.28081820310512851,0.2914458848805368,0.4780760366826638,0.4780760366826638,22
17,7,"DenseLayer( 128,64 )","biases",0.085101124165030601,0.090980635399527221,0.17989552700063277,0.17989552700063277,22
17,10,"DenseLayer( 64,1 )","all",0.21143754993032818,0.22557447326494909,0.49613550547088869,0.32414345322210442,22
17,10,"DenseLayer( 64,1 )","weights",0.19485273249233057,0.20928159141689481,0.47617384137725893,0.32335607239870556,22
17,10,"DenseLayer( 64,1 )","biases",0.07028520992025733,0.084172789443923798,0.14249292016029358,0.022579386830329895,22
18,0,"Conv2DLayer(1,8,5, stride=5, padding=0)","all",0.45980234650522833,0.49855481721815764,0.89779818508216236,0.89779818508216236,22
18,0,"Conv2DLayer(1,8,5, stride=5, padding=0)","weights",0.45221163714492207,0.49009957660710352,0.88449020575690751,0.88449020575690751,22
18,0,"Conv2DLayer(1,8,5, stride=5, padding=0)","biases",0.082262357413872486,0.091429266545064114,0.16686193350985065,0.15400862656659223,22
18,4,"DenseLayer( 7202,128 )","all",2.4765681764051486,2.6023856806724428,4.2621461300545782,3.8671820381597417,22
18,4,"DenseLayer( 7202,128 )","weights",2.4755197845777266,2.6012731852631443,4.2602500258119456,3.8655786457581209,22
18,4,"DenseLayer( 7202,128 )","biases",0.072016654324109822,0.076085784479827223,0.1271194379650063,0.11134922417398321,22
18,7,"DenseLayer( 128,64 )","all",0.27411853522023777,0.29002679938350562,0.55316093397345623,0.55316093397345623,22
18,7,"DenseLayer( 128,64 )","weights",0.26178022754527125,0.27629828409567136,0.52651023045617307,0.52651023045617307,22
18,7,"DenseLayer( 128,64 )","biases",0.080039739430189716,0.088174840892557962,0.16962899545588889,0.16962899545588889,22
18,10,"DenseLayer( 64,1 )","all",0.19666653592887082,0.20782800725499043,0.3386017389781168,0.30142839594021437,22
18,10,"DenseLayer( 64,1 )","weights",0.17796278175417807,0.18631782026960894,0.28439556313157249,0.28439556313157249,22
18,10,"DenseLayer( 64,1 )","biases",0.075281265424564481,0.09207687250098176,0.19888670742511749,0.099891148507595062,22
19,0,"Conv2DLayer(1,8,5, stride=5, padding=0)","all",0.45663701529937062,0.50812192962729386,0.96105216611165689,0.96105216611165689,22
19,0,"Conv2DLayer(1,8,5, stride=5, padding=0)","weights",0.44897509480155484,0.50066236323976376,0.95105623776060189,0.95105623776060189,22
19,0,"Conv2DLayer(1,8,5, stride=5, padding=0)","biases",0.080701106009591017,0.086747296230715212,0.13825085390172898,0.13825085390172898,22
19,4,"DenseLayer( 7202,128 )","all",2.4226322617942206,2.5605816053569899,5.1076440823636933,5.1076440823636933,22
19,4,"DenseLayer( 7202,128 )","weights",2.4216285361465331,2.5595200272115672,5.1056340575804748,5.1056340575804748,22
19,4,"DenseLayer( 7202,128 )","biases",0.06970846012971943,0.073725083896030053,0.14327924545861603,0.14327924545861603,22
19,7,"DenseLayer( 128,64 )","all",0.25706724183396434,0.27110046904099566,0.52292331104041923,0.52292331104041923,22
19,7,"DenseLayer( 128,64 )","weights",0.24567065276069194,0.25844871770823219,0.48159719532261464,0.48159719532261464,22
19,7,"DenseLayer( 128,64 )","biases",0.074617776790962723,0.081851845606671317,0.20374722252552654,0.20374722252552654,22
19,10,"DenseLayer( 64,1 )","all",0.19151620258728849,0.2031924499533323,0.33228174533461663,0.33228174533461663,22
19,10,"DenseLayer( 64,1 )","weights",0.17705545815956475,0.18729687832972808,0.33047429545076817,0.27584522317076271,22
19,10,"DenseLayer( 64,1 )","biases",0.060211040799252012,0.078784840457898228,0.18525812029838562,0.18525812029838562,22
20,0,"Conv2DLayer(1,8,5, stride=5, padding=0)","all",0.42114532664149334,0.44500708312869675,0.82587392742334076,0.49234532884086407,22
20,0,"Conv2DLayer(1,8,5, stride=5, padding=0)","weights",0.41290060948952473,0.43650351046098956,0.80722590143040851,0.48334810593661975,22
20,0,"Conv2DLayer(1,8,5, stride=5, padding=0)","biases",0.081445782742649242,0.086579382014100606,0.17451099695296596,0.093693816865899796,22
20,4,"DenseLayer( 7202,128 )","all",2.3702618891313261,2.4466822679389848,4.1594932720770386,2.5890119018555025,22
20,4,"DenseLayer( 7202,128 )","weights",2.3692564532760652,2.4456456517409717,4.157760766223257,2.5878146724524806,22
20,4,"DenseLayer( 7202,128 )","biases",0.06901053378580381,0.071214228687332876,0.12004037366130317,0.07872641862237896,22
20,7,"DenseLayer( 128,64 )","all",0.25009663184028541,0.2551643655173565,0.40431519915739295,0.29467225493053617,22
20,7,"DenseLayer( 128,64 )","weights",0.23829082074795274,0.24274626090246579,0.37877270141218145,0.28530756731135221,22
20,7,"DenseLayer( 128,64 )","biases",0.074736544950376529,0.078632730130316103,0.14142850113962455,0.073697556680836704,22
20,10,"DenseLayer( 64,1 )","all",0.19331267053721066,0.20255027317761443,0.30615563894763093,0.22661394505229773,22
20,10,"DenseLayer( 64,1 )","weights",0.17666494887221348,0.18439165057156054,0.29839263241406616,0.22243645690666544,22
20,10,"DenseLayer( 64,1 )","biases",0.070592695847153664,0.083823220910567195,0.17199692130088806,0.043311692774295807,22
21,0,"Conv2DLayer(1,8,5, stride=5, padding=0)","all",0.38346814927600226,0.40725318767228752,0.69425829382747317,0.53614161826354856,22
21,0,"Conv2DLayer(1,8,5, stride=5, padding=0)","weights",0.37632141228605992,0.40009513512251971,0.68321504809408451,0.52907714386230076,22
21,0,"Conv2DLayer(1,8,5, stride=5, padding=0)","biases",0.071979385357709605,0.076020008685425314,0.12333603125620637,0.086747972176685353,22
21,4,"DenseLayer( 7202,128 )","all",2.1678189019881144,2.1992815346456114,2.9685767730529515,2.9685767730529515,22
21,4,"DenseLayer( 7202,128 )","weights",2.1669141169250556,2.1983648882951692,2.9674414383937604,2.9674414383937604,22
21,4,"DenseLayer( 7202,128 )","biases",0.062597096082654138,0.063490838269176425,0.082093649042090294,0.082093649042090294,22
21,7,"DenseLayer( 128,64 )","all",0.24851865009053822,0.25472252228264547,0.4172026686012586,0.4172026686012586,22
21,7,"DenseLayer( 128,64 )","weights",0.23819622748672176,0.24445618220493473,0.40849906518753365,0.40849906518753365,22
21,7,"DenseLayer( 128,64 )","biases",0.069927288167706811,0.071587277779089839,0.10610423120927359,0.084773701281250891,22
21,10,"DenseLayer( 64,1 )","all",0.18404553014087408,0.19396201643865957,0.32708181627800431,0.28786237784598145,22
21,10,"DenseLayer( 64,1 )","weights",0.16883415493760651,0.17692731544165907,0.29355702552775015,0.28365950291822434,22
21,10,"DenseLayer( 64,1 )","biases",0.065188284751705142,0.079485777794260221,0.16242562234401703,0.049010559916496277,22
22,0,"Conv2DLayer(1,8,5, stride=5, padding=0)","all",0.39794609505778772,0.45957649080255375,1.1022600388290034,0.56291966643346281,22
22,0,"Conv2DLayer(1,8,5, stride=5, padding=0)","weights",0.39062244444861338,0.45207896283977456,1.0911151408649793,0.55210699651732686,22
22,0,"Conv2DLayer(1,8,5, stride=5, padding=0)","biases",0.074261365622539585,0.082675040103428687,0.15634878501130908,0.10980170879443289,22
22,4,"DenseLayer( 7202,128 )","all",2.3475604380470489,2.4455050752483851,3.7975537087352489,3.533166132312421,22
22,4,"DenseLayer( 7202,128 )","weights",2.3465875099983542,2.4444996040799221,3.7961333936136046,3.5317101050332718,22
22,4,"DenseLayer( 7202,128 )","biases",0.067537628302985514,0.070119602956051477,0.10460929335104854,0.10142313604591377,22
22,7,"DenseLayer( 128,64 )","all",0.23928193666393824,0.249823500598093,0.43247860975856395,0.37183546152634794,22
22,7,"DenseLayer( 128,64 )","weights",0.22854552260156974,0.23860007402384578,0.4191913914466181,0.34925396526756947,22
22,7,"DenseLayer( 128,64 )","biases",0.069421276875025348,0.074039085130089805,0.12760594889499305,0.12760594889499305,22
22,10,"DenseLayer( 64,1 )","all",0.16550063903986334,0.17396730826610737,0.29714516531792434,0.25877263059287015,22
22,10,"DenseLayer( 64,1 )","weights",0.1529290502559135,0.16018339851931757,0.29368726475223284,0.22519101158120375,22
22,10,"DenseLayer( 64,1 )","biases",0.049531685082580552,0.067866804729236535,0.16753734648227692,0.12748444080352783,22
23,0,"Conv2DLayer(1,8,5, stride=5, padding=0)","all",0.41107515117765259,0.44523228147385852,0.83724491865007555,0.32148422656801734,22
23,0,"Conv2DLayer(1,8,5, stride=5, padding=0)","weights",0.40350034109321081,0.43721005507467781,0.82568202099488175,0.31768358298426319,22
23,0,"Conv2DLayer(1,8,5, stride=5, padding=0)","biases",0.077180228026998782,0.084137697900610237,0.17305156498964136,0.049287412534206966,22
23,4,"DenseLayer( 7202,128 )","all",2.2723508531724694,2.3813853514751218,4.4640355060369963,1.9890345823879243,22
23,4,"DenseLayer( 7202,128 )","weights",2.2713858357753716,2.3803724111483731,4.4620691217750093,1.9880852820755099,22
23,4,"DenseLayer( 7202,128 )","biases",0.06617438578857697,0.069450532495947459,0.13248453366709362,0.061444943891622403,22
23,7,"DenseLayer( 128,64 )","all",0.24056288865701983,0.24634490657788355,0.37762146788258244,0.19960180627530155,22
23,7,"DenseLayer( 128,64 )","weights",0.22760646495384107,0.23284284394671056,0.34212313978519321,0.18613861403204643,22
23,7,"DenseLayer( 128,64 )","biases",0.076060246898496733,0.080436453301186581,0.15984282977136446,0.072064536594582035,22
23,10,"DenseLayer( 64,1 )","all",0.18880728962714768,0.1966344235817995,0.32604019400793477,0.18366141053349913,22
23,10,"DenseLayer( 64,1 )","weights",0.16834961115940872,0.17435270682442416,0.26951069284025864,0.15691135293375766,22
23,10,"DenseLayer( 64,1 )","biases",0.077746115201576191,0.090918810816810289,0.19135819375514984,0.095448106527328491,22
24,0,"Conv2DLayer(1,8,5, stride=5, padding=0)","all",0.4055029216611814,0.43232217051199229,0.72890511149641268,0.54196892526602303,22
24,0,"Conv2DLayer(1,8,5, stride=5, padding=0)","weights",0.39814055170229701,0.42493129766468057,0.71707238178623744,0.52992854471543938,22
24,0,"Conv2DLayer(1,8,5, stride=5, padding=0)","biases",0.075336090582844545,0.079598061416160035,0.13080466675547328,0.11360481261718026,22
24,4,"DenseLayer( 7202,128 )","all",2.3807413661970021,2.4554387720899693,3.8225987996815216,3.4387421587826568,22
24,4,"DenseLayer( 7202,128 )","weights",2.3797281387381961,2.4543850975285086,3.820833445987379,3.4371842159815449,22
24,4,"DenseLayer( 7202,128 )","biases",0.069408775093099395,0.071926048916013161,0.11616092867579222,0.10350024152890372,22
24,7,"DenseLayer( 128,64 )","all",0.24469119838759265,0.25155216111558248,0.37638418080610342,0.33345457818980512,22
24,7,"DenseLayer( 128,64 )","weights",0.23192898013253954,0.238170089193153,0.35196912419285792,0.31536754478748974,22
24,7,"DenseLayer( 128,64 )","biases",0.07627822467502185,0.080953680432982886,0.13335211725351084,0.10832943926030225,22
24,10,"DenseLayer( 64,1 )","all",0.19141563388615995,0.20196388220517686,0.36618633184349314,0.20977885331831456,22
24,10,"DenseLayer( 64,1 )","weights",0.17159489944903536,0.1796997682596661,0.29105245932650459,0.18414303379156008,22
24,10,"DenseLayer( 64,1 )","biases",0.076240038668567489,0.092181359302241028,0.22221812605857849,0.10049134492874146,22
25,0,"Conv2DLayer(1,8,5, stride=5, padding=0)","all",0.45176847470066372,0.48220675158716558,0.72083758321342439,0.51288179123061128,22
25,0,"Conv2DLayer(1,8,5, stride=5, padding=0)","weights",0.44503332641091947,0.47542447239336921,0.7097991467900473,0.50788879502965456,22
25,0,"Conv2DLayer(1,8,5, stride=5, padding=0)","biases",0.076696518896604698,0.080591080931657538,0.125666195092759,0.071391201553454228,22
25,4,"DenseLayer( 7202,128 )","all",2.3086128855124448,2.3669042796174784,3.59399186656348,2.6543314634625657,22
25,4,"DenseLayer( 7202,128 )","weights",2.3076613315905634,2.3659257153719708,3.5923851477115183,2.6532118461689085,22
25,4,"DenseLayer( 7202,128 )","biases",0.06625249216160789,0.068054229943201469,0.10745458308577879,0.07708707593557225,22
25,7,"DenseLayer( 128,64 )","all",0.24664727145617943,0.25229809020747018,0.33099187438561245,0.22117470145782542,22
25,7,"DenseLayer( 128,64 )","weights",0.23587821868322609,0.2412417208909565,0.31012814415855322,0.21018117412391893,22
25,7,"DenseLayer( 128,64 )","biases",0.071259662193438281,0.073869874941728308,0.11565532893071839,0.068863071445071825,22
25,10,"DenseLayer( 64,1 )","all",0.1815860236210137,0.18959151721651724,0.28238190345747682,0.17386887501639109,22
25,10,"DenseLayer( 64,1 )","weights",0.16800991737722182,0.17521682840404465,0.28237513153704391,0.14453270362674517,22
25,10,"DenseLayer( 64,1 )","biases",0.062890994785861534,0.072415512457542699,0.15035481750965118,0.096647210419178009,22
26,0,"Conv2DLayer(1,8,5, stride=5, padding=0)","all",0.35547058248898766,0.37641325078805726,0.62477189232824948,0.29193397308859986,22
26,0,"Conv2DLayer(1,8,5, stride=5, padding=0)","weights",0.34961830035559177,0.3705111734272904,0.61532034414421821,0.28538620087020511,22
26,0,"Conv2DLayer(1,8,5, stride=5, padding=0)","biases",0.062840174196588938,0.066395826181810849,0.10826260446554285,0.061483013883236723,22
26,4,"DenseLayer( 7202,128 )","all",2.0120783410516174,2.043226898827756,2.6055674785024854,2.1326713820677816,22
26,4,"DenseLayer( 7202,128 )","weights",2.0112480439644664,2.0423830444606215,2.6044186398565872,2.131848057910084,22
26,4,"DenseLayer( 7202,128 )","biases",0.057778287713719761,0.058716776078490414,0.077365582770144145,0.059254382756923012,22
26,7,"DenseLayer( 128,64 )","all",0.21600292410777133,0.21881725424493817,0.2686344196256753,0.22944887653619411,22
26,7,"DenseLayer( 128,64 )","weights",0.20647336161271951,0.20921670470465928,0.25896800119638047,0.21959911623462189,22
26,7,"DenseLayer( 128,64 )","biases",0.062462796682081198,0.064104299604763659,0.1013717493882082,0.066505752327860088,22
26,10,"DenseLayer( 64,1 )","all",0.1502811670558554,0.15656847616198297,0.26511330585838855,0.12792418218059842,22
26,10,"DenseLayer( 64,1 )","weights",0.14127931218298517,0.14629820138261687,0.23583733071514384,0.12783265692901649,22
26,10,"DenseLayer( 64,1 )","biases",0.045246915087442503,0.055772071863045412,0.12110251188278198,0.0048382030799984932,22
27,0,"Conv2DLayer(1,8,5, stride=5, padding=0)","all",0.47270347166524096,0.50558504559212913,0.78909742907084324,0.51522044224552688,22
27,0,"Conv2DLayer(1,8,5, stride=5, padding=0)","weights",0.46445563904770026,0.49707130264975674,0.77814795058762809,0.51044863446839184,22
27,0,"Conv2DLayer(1,8,5, stride=5, padding=0)","biases",0.086020785325202853,0.092392415318949178,0.14865419047511727,0.06995924297067839,22
27,4,"DenseLayer( 7202,128 )","all",2.4282756226490019,2.5098042820315278,4.1855505860457596,2.7014656307933738,22
27,4,"DenseLayer( 7202,128 )","weights",2.4272519221865259,2.5087393330832755,4.1836401519845543,2.7004324102396318,22
27,4,"DenseLayer( 7202,128 )","biases",0.07044008976485297,0.073106037675949004,0.12644677556450257,0.074708447214578103,22
27,7,"DenseLayer( 128,64 )","all",0.26723341022082953,0.27611669010139217,0.41830777171493472,0.39410336666402768,22
27,7,"DenseLayer( 128,64 )","weights",0.25378868563400647,0.26154757772178827,0.38210421402799172,0.38210421402799172,22
27,7,"DenseLayer( 128,64 )","biases",0.081836008799582166,0.088505881953762688,0.18726975020313438,0.096508202956907777,22
27,10,"DenseLayer( 64,1 )","all",0.21725333804244604,0.2345694253356185,0.48404563640469539,0.23368398378969799,22
27,10,"DenseLayer( 64,1 )","weights",0.19413758744973098,0.20572147591658185,0.39214210143752032,0.23031425160140567,22
27,10,"DenseLayer( 64,1 )","biases",0.085572458549656658,0.11270088575066987,0.28376883268356323,0.03954174742102623,22
28,0,"Conv2DLayer(1,8,5, stride=5, padding=0)","all",0.42343707772534955,0.45460838863856284,0.79934109584965907,0.79934109584965907,22
28,0,"Conv2DLayer(1,8,5, stride=5, padding=0)","weights",0.41586884780972949,0.44689616195581633,0.78924692139895425,0.78924692139895425,22
28,0,"Conv2DLayer(1,8,5, stride=5, padding=0)","biases",0.07832171545502141,0.083382296980302611,0.12663129382742183,0.12663129382742183,22
28,4,"DenseLayer( 7202,128 )","all",2.2231269939361518,2.3213044194352936,4.2125656433167196,4.2125656433167196,22
28,4,"DenseLayer( 7202,128 )","weights",2.2221845547610584,2.3203187791121214,4.2107365580365981,4.2107365580365981,22
28,4,"DenseLayer( 7202,128 )","biases",0.064707933794132588,0.067638531839914987,0.12412468757870065,0.12412468757870065,22
28,7,"DenseLayer( 128,64 )","all",0.23477630687637696,0.24374616426377896,0.39903898336902682,0.39903898336902682,22
28,7,"DenseLayer( 128,64 )","weights",0.22277804023928752,0.23128347998356849,0.37996212533080237,0.37996212533080237,22
28,7,"DenseLayer( 128,64 )","biases",0.072859631747446182,0.076942475135619207,0.12190526470290806,0.12190526470290806,22
28,10,"DenseLayer( 64,1 )","all",0.18215406098313897,0.19212544076507895,0.35521228346846134,0.23363957217224951,22
28,10,"DenseLayer( 64,1 )","weights",0.16593704831283393,0.17446427057095573,0.30268430145799191,0.23282086132478264,22
28,10,"DenseLayer( 64,1 )","biases",0.06811239333315329,0.080463676794689243,0.18589776754379272,0.019542165100574493,22
29,0,"Conv2DLayer(1,8,5, stride=5, padding=0)","all",0.36232599349444811,0.37519336134368364,0.53454976932737874,0.45349606025435391,22
29,0,"Conv2DLayer(1,8,5, stride=5, padding=0)","weights",0.35616721260660839,0.36892008200269272,0.5283624495019722,0.43949256945889248,22
29,0,"Conv2DLayer(1,8,5, stride=5, padding=0)","biases",0.065371122861163783,0.068322993871012733,0.11506184485501428,0.11182556978008729,22
29,4,"DenseLayer( 7202,128 )","all",2.0071715180985699,2.0398611365632884,2.7773037785859507,2.7773037785859507,22
29,4,"DenseLayer( 7202,128 )","weights",2.0063312366082249,2.0390050918394542,2.7760959101159068,2.7760959101159068,22
29,4,"DenseLayer( 7202,128 )","biases",0.058038017625896145,0.059090539970881109,0.081901015778399769,0.081901015778399769,22
29,7,"DenseLayer( 128,64 )","all",0.21413363348329068,0.22018443366074791,0.33922888638500537,0.31081156948272842,22
29,7,"DenseLayer( 128,64 )","weights",0.20447469301788229,0.21025177211045007,0.32034419520678603,0.30282550202750408,22
29,7,"DenseLayer( 128,64 )","biases",0.063056463851177053,0.065386368234668521,0.11160570753920897,0.070003907363139578,22
29,10,"DenseLayer( 64,1 )","all",0.16172474214781513,0.17377645841608061,0.36608900660565213,0.2157709975808908,22
29,10,"DenseLayer( 64,1 )","weights",0.15040585432044684,0.15900831497307605,0.3046838563209634,0.21354991829929565,22
29,10,"DenseLayer( 64,1 )","biases",0.049676463833417402,0.070104302785626724,0.20295050740242004,0.030879698693752289,22
30,0,"Conv2DLayer(1,8,5, stride=5, padding=0)","all",0.40994676157785359,0.4452547364872978,0.74415167775064384,0.44548306231370138,22
30,0,"Conv2DLayer(1,8,5, stride=5, padding=0)","weights",0.40239460355413476,0.43747548456600682,0.7285381011879537,0.43970002533576974,22
30,0,"Conv2DLayer(1,8,5, stride=5, padding=0)","biases",0.07699609929686313,0.082867247861326807,0.15163757653216778,0.071547512382448303,22
30,4,"DenseLayer( 7202,128 )","all",2.1719721281803817,2.2413153043609562,3.3283181840489884,2.7487457288547472,22
30,4,"DenseLayer( 7202,128 )","weights",2.1710557422134169,2.2403645767860647,3.326865798854421,2.7476277772290882,22
30,4,"DenseLayer( 7202,128 )","biases",0.063056164143601726,0.065275237608473494,0.0983152617038201,0.078388007350327416,22
30,7,"DenseLayer( 128,64 )","all",0.22720285310199476,0.23499901352905658,0.33335272384395165,0.30548051031023954,22
30,7,"DenseLayer( 128,64 )","weights",0.21554730465863298,0.22287209354244705,0.31102133653705888,0.2954365775352244,22
30,7,"DenseLayer( 128,64 )","biases",0.070368021014240278,0.074515543879357465,0.14613701623487518,0.077688936365982758,22
30,10,"DenseLayer( 64,1 )","all",0.17583862544039003,0.19024219131838438,0.35704832972121586,0.21222716859253507,22
30,10,"DenseLayer( 64,1 )","weights",0.16285236240966239,0.17538824224773739,0.32349357832386405,0.20944336550759712,22
30,10,"DenseLayer( 64,1 )","biases",0.058892575007948006,0.073695697560100179,0.15263882279396057,0.034261461347341537,22
31,0,"Conv2DLayer(1,8,5, stride=5, padding=0)","all",0.40972349119990381,0.44772295080790536,0.87060741763505489,0.87060741763505489,22
31,0,"Conv2DLayer(1,8,5, stride=5, padding=0)","weights",0.4032926986649914,0.44150587043102285,0.8631096793214279,0.8631096793214279,22
31,0,"Conv2DLayer(1,8,5, stride=5, padding=0)","biases",0.070458802493897743,0.074353258537087033,0.11401296901160266,0.11401296901160266,22
31,4,"DenseLayer( 7202,128 )","all",2.1554635860493399,2.2575877716947699,3.4062487055248023,3.4062487055248023,22
31,4,"DenseLayer( 7202,128 )","weights",2.1545519551102572,2.2566323926526666,3.4047463195526819,3.4047463195526819,22
31,4,"DenseLayer( 7202,128 )","biases",0.062659465912865447,0.065671845843230006,0.10115702339360683,0.10115702339360683,22
31,7,"DenseLayer( 128,64 )","all",0.22348603981769249,0.23102642768761947,0.34919422617081763,0.31562406667371534,22
31,7,"DenseLayer( 128,64 )","weights",0.21094227302364627,0.21792491896917313,0.33565243760402341,0.28736921986240332,22
31,7,"DenseLayer( 128,64 )","biases",0.072331193804656635,0.076693806675520962,0.13052770946939812,0.13052770946939812,22
31,10,"DenseLayer( 64,1 )","all",0.16663232998269559,0.17554781341730502,0.29728802841358376,0.20036992885532859,22
31,10,"DenseLayer( 64,1 )","weights",0.15198682632454011,0.15862761314732524,0.23983901329625987,0.19143851741885029,22
31,10,"DenseLayer( 64,1 )","biases",0.062826288821683687,0.07519518031615767,0.1756628006696701,0.059155747294425964,22
32,0,"Conv2DLayer(1,8,5, stride=5, padding=0)","all",0.47705580179377011,0.54064671785443086,1.0854056409659714,0.60007603173430146,22
32,0,"Conv2DLayer(1,8,5, stride=5, padding=0)","weights",0.46816334927692582,0.53171459617820471,1.0719411609344398,0.59335947810455103,22
32,0,"Conv2DLayer(1,8,5, stride=5, padding=0)","biases",0.090273527803059514,0.097869616009348029,0.17043342669581191,0.089530852813324624,22
32,4,"DenseLayer( 7202,128 )","all",2.6631732297645216,2.8584320882824206,5.2166885246250194,2.4873478831451648,22
32,4,"DenseLayer( 7202,128 )","weights",2.6620108818371264,2.8571886488415723,5.214559307502669,2.4862415654383376,22
32,4,"DenseLayer( 7202,128 )","biases",0.078647996425962791,0.084303192427511983,0.14943246597708668,0.074177962181872587,22
32,7,"DenseLayer( 128,64 )","all",0.2532888462125274,0.26753044576721813,0.4613813618585928,0.28754893223088906,22
32,7,"DenseLayer( 128,64 )","weights",0.23475800692149787,0.24747573813416274,0.42805020770666458,0.27582284057057566,22
32,7,"DenseLayer( 128,64 )","biases",0.093359477613447664,0.10162823646682927,0.17376358540159234,0.081278220002059698,22
32,10,"DenseLayer( 64,1 )","all",0.19655094859107275,0.20818240774084398,0.39259636024623057,0.23021321714882972,22
32,10,"DenseLayer( 64,1 )","weights",0.17074932448249769,0.17992869902217268,0.321507154456181,0.22906968269652725,22
32,10,"DenseLayer( 64,1 )","biases",0.089938047934662216,0.10471665655932401,0.22531101107597351,0.0229173693805933,22
33,0,"Conv2DLayer(1,8,5, stride=5, padding=0)","all",0.46448939776880893,0.50184569687685721,0.92159943820497314,0.39729581722293245,22
33,0,"Conv2DLayer(1,8,5, stride=5, padding=0)","weights",0.45787282199352225,0.49519520063949407,0.9160031033214866,0.38790318881329061,22
33,0,"Conv2DLayer(1,8,5, stride=5, padding=0)","biases",0.076384837219906104,0.081429827074786451,0.1330861227864282,0.085878300468269358,22
33,4,"DenseLayer( 7202,128 )","all",2.3120382031140485,2.3807232660481228,3.6569186273555543,2.0931991815474196,22
33,4,"DenseLayer( 7202,128 )","weights",2.311062397448179,2.3797184577089907,3.6554437885511315,2.0923506319545804,22
33,4,"DenseLayer( 7202,128 )","biases",0.067129627496678557,0.069161633453704269,0.10384871613544969,0.059595692713943722,22
33,7,"DenseLayer( 128,64 )","all",0.2297268215958633,0.23560988764086235,0.34654969851829348,0.17767999599281006,22
33,7,"DenseLayer( 128,64 )","weights",0.216502796174184,0.22200441333619966,0.33026725678864965,0.17079569620448631,22
33,7,"DenseLayer( 128,64 )","biases",0.07446074950324412,0.0789053839315772,0.12375613941626172,0.04897970124479948,22
33,10,"DenseLayer( 64,1 )","all",0.17249051950229344,0.18151838476510837,0.30081214817008223,0.12239958242437488,22
33,10,"DenseLayer( 64,1 )","weights",0.15856923681007443,0.16666827064254014,0.28556153974912796,0.12063770542457881,22
33,10,"DenseLayer( 64,1 )","biases",0.055430427066643133,0.071906964674911145,0.15412610769271851,0.020693037658929825,22
34,0,"Conv2DLayer(1,8,5, stride=5, padding=0)","all",0.42292175557649575,0.45535380694977845,0.88620094491972223,0.35868313805309049,22
34,0,"Conv2DLayer(1,8,5, stride=5, padding=0)","weights",0.41611596804476142,0.44896396886796774,0.87879859652874115,0.34996476717206521,22
34,0,"Conv2DLayer(1,8,5, stride=5, padding=0)","biases",0.07309787372364103,0.07601607831227937,0.11430284998950543,0.078601878233376582,22
34,4,"DenseLayer( 7202,128 )","all",2.3401753787967605,2.4011229933019194,3.413723690628458,3.413723690628458,22
34,4,"DenseLayer( 7202,128 )","weights",2.3391764763096883,2.4000957436983166,3.4122246952595594,3.4122246952595594,22
34,4,"DenseLayer( 7202,128 )","biases",0.068339036936880496,0.070228555761838521,0.101153670317933,0.101153670317933,22
34,7,"DenseLayer( 128,64 )","all",0.22774992470519254,0.2348025238324743,0.36368165509778139,0.32460871400112667,22
34,7,"DenseLayer( 128,64 )","weights",0.21370383450806099,0.22053593583073086,0.34962724845462673,0.29785722283086546,22
34,7,"DenseLayer( 128,64 )","biases",0.077373220474934334,0.080598549648014259,0.12904221019863776,0.12904221019863776,22
34,10,"DenseLayer( 64,1 )","all",0.181833178831912,0.19506709493381122,0.36194949952601463,0.36194949952601463,22
34,10,"DenseLayer( 64,1 )","weights",0.16327152947843893,0.17424674500581414,0.29804625947538715,0.29804625947538715,22
34,10,"DenseLayer( 64,1 )","biases",0.069524840578775518,0.087688330927183811,0.20536763966083527,0.20536763966083527,22
35,0,"Conv2DLayer(1,8,5, stride=5, padding=0)","all",0.44633679980270241,0.46015603597512267,0.7284347279042378,0.33567749510098299,22
35,0,"Conv2DLayer(1,8,5, stride=5, padding=0)","weights",0.44014952706725746,0.45385922532887524,0.71692130362940509,0.32870803330119841,22
35,0,"Conv2DLayer(1,8,5, stride=5, padding=0)","biases",0.072736766902971442,0.075864227592533029,0.12899998922184194,0.068047112800828882,22
35,4,"DenseLayer( 7202,128 )","all",2.3048980606970679,2.3434511419073765,3.2248737880728808,2.1053987028686305,22
35,4,"DenseLayer( 7202,128 )","weights",2.3039336744238734,2.3424679474363468,3.2235071989490498,2.1045415636339571,22
35,4,"DenseLayer( 7202,128 )","biases",0.066642280030513243,0.067876135278418986,0.093873784003751556,0.060070833006134111,22
35,7,"DenseLayer( 128,64 )","all",0.2309071138045021,0.23371509848159278,0.30015777908106545,0.25562843625633547,22
35,7,"DenseLayer( 128,64 )","weights",0.21754552765693863,0.22014679430077469,0.29109662251158508,0.2398704934630205,22
35,7,"DenseLayer( 128,64 )","biases",0.075948716890954102,0.078473793188254995,0.11997415737632644,0.088363135914624469,22
35,10,"DenseLayer( 64,1 )","all",0.16812352711528214,0.17300199190817037,0.29560728290049837,0.14745636566687162,22
35,10,"DenseLayer( 64,1 )","weights",0.15530515571091622,0.15980274348384385,0.28006954471146939,0.1354444999394622,22
35,10,"DenseLayer( 64,1 )","biases",0.057480041339824144,0.066277993174442495,0.13972996175289154,0.058293800801038742,22
36,0,"Conv2DLayer(1,8,5, stride=5, padding=0)","all",0.46710811978385963,0.50948025822829557,0.85445290912100913,0.67337849528797267,22
36,0,"Conv2DLayer(1,8,5, stride=5, padding=0)","weights",0.4601388052612061,0.502250454107108,0.84452471287533137,0.66013636379424423,22
36,0,"Conv2DLayer(1,8,5, stride=5, padding=0)","biases",0.078532878467937356,0.085525521767332788,0.14724133662188979,0.132885586550263,22
36,4,"DenseLayer( 7202,128 )","all",2.4722670258913482,2.5964526226207645,4.0487786154273167,2.946938833908503,22
36,4,"DenseLayer( 7202,128 )","weights",2.4712549499419274,2.5953920757421742,4.0471838422530757,2.9457429740478287,22
36,4,"DenseLayer( 7202,128 )","biases",0.070693476151538537,0.074203737702179098,0.11362756596519438,0.083945349161586566,22
36,7,"DenseLayer( 128,64 )","all",0.25566465830334179,0.26360925420757203,0.40722169909252032,0.28882493614691718,22
36,7,"DenseLayer( 128,64 )","weights",0.24162674446503316,0.24872745803258797,0.38750281460245495,0.27632003392164228,22
36,7,"DenseLayer( 128,64 )","biases",0.080406068819757037,0.08731832868601834,0.15770628737619455,0.084065941937346192,22
36,10,"DenseLayer( 64,1 )","all",0.19860941175379085,0.20540337671177833,0.30153111160602558,0.24816106228670776,22
36,10,"DenseLayer( 64,1 )","weights",0.18268223438707951,0.1887764210437288,0.2786885866904818,0.23858531040244693,22
36,10,"DenseLayer( 64,1 )","biases",0.068138923665339302,0.080956840492459547,0.17931137979030609,0.068271242082118988,22
37,0,"Conv2DLayer(1,8,5, stride=5, padding=0)","all",0.40414401327386312,0.42935263806077478,0.7015081608438547,0.7015081608438547,22
37,0,"Conv2DLayer(1,8,5, stride=5, padding=0)","weights",0.39657653711148183,0.42148239747259991,0.68880854950539538,0.68880854950539538,22
37,0,"Conv2DLayer(1,8,5, stride=5, padding=0)","biases",0.076456877189232691,0.081830779236763948,0.15783858155700728,0.13287769511396849,22
37,4,"DenseLayer( 7202,128 )","all",2.2029736364006949,2.2697411678358876,3.3564722402708349,2.6036489323295124,22
37,4,"DenseLayer( 7202,128 )","weights",2.2020296532087622,2.2687640586954045,3.3548831934363754,2.602459537640458,22
37,4,"DenseLayer( 7202,128 )","biases",0.064442644186321618,0.066592904584314494,0.10326983154273685,0.078690010578374853,22
37,7,"DenseLayer( 128,64 )","all",0.23388039286444837,0.24090597537106007,0.36208545622918376,0.36208545622918376,22
37,7,"DenseLayer( 128,64 )","weights",0.22002852820187915,0.22638903705187094,0.35284255826916938,0.35284255826916938,22
37,7,"DenseLayer( 128,64 )","biases",0.077434726182978184,0.082363176676281735,0.14105408287665408,0.081289646860863901,22
37,10,"DenseLayer( 64,1 )","all",0.18603073076158447,0.19914071624007385,0.35932793081386855,0.30614846465952411,22
37,10,"DenseLayer( 64,1 )","weights",0.16565875846633271,0.17548400832377881,0.29332415296929332,0.29332415296929332,22
37,10,"DenseLayer( 64,1 )","biases",0.077037606218999077,0.09414025540240234,0.21386334300041199,0.087680235505104065,22
38,0,"Conv2DLayer(1,8,5, stride=5, padding=0)","all",0.41854978421971434,0.50648195752412195,1.5184848308609835,1.5184848308609835,22
38,0,"Conv2DLayer(1,8,5, stride=5, padding=0)","weights",0.41011719870786933,0.49832316642214802,1.5091437560653438,1.5091437560653438,22
38,0,"Conv2DLayer(1,8,5, stride=5, padding=0)","biases",0.078984041501200669,0.090542780520981969,0.19106267964065343,0.16817046436249256,22
38,4,"DenseLayer( 7202,128 )","all",2.4046947172522071,2.5827000731556269,4.9225069347946517,4.9225069347946517,22
38,4,"DenseLayer( 7202,128 )","weights",2.4036982974971579,2.5816391508084604,4.9206613234379066,4.9206613234379066,22
38,4,"DenseLayer( 7202,128 )","biases",0.069183050618481873,0.074020016826878698,0.13478376431804892,0.13478376431804892,22
38,7,"DenseLayer( 128,64 )","all",0.23037960013642284,0.24628956152910347,0.52256555083175948,0.52256555083175948,22
38,7,"DenseLayer( 128,64 )","weights",0.21574659258891057,0.23093342402552022,0.50294455493375423,0.50294455493375423,22
38,7,"DenseLayer( 128,64 )","biases",0.079255946711162956,0.085605500909972612,0.15483825644114912,0.14185037743547993,22
38,10,"DenseLayer( 64,1 )","all",0.18957675843764127,0.20477066152944551,0.3470627586247641,0.3470627586247641,22
38,10,"DenseLayer( 64,1 )","weights",0.16753204990346982,0.18030167620212653,0.34501128771733952,0.34501128771733952,22
38,10,"DenseLayer( 64,1 )","biases",0.078740399246188725,0.097068683837323422,0.18972283601760864,0.037679832428693771,22
39,0,"Conv2DLayer(1,8,5, stride=5, padding=0)","all",0.50332212733455717,0.53743523327219522,0.91435950554061896,0.45372488964366753,22
39,0,"Conv2DLayer(1,8,5, stride=5, padding=0)","weights",0.4938313081915352,0.52770625100682211,0.89683785235320512,0.4455241273799263,22
39,0,"Conv2DLayer(1,8,5, stride=5, padding=0)","biases",0.094859049251484417,0.10179755699752223,0.17814368346639731,0.085875068585204051,22
39,4,"DenseLayer( 7202,128 )","all",2.5902689279515489,2.7033268982711025,4.4823170230498004,2.3761306923543311,22
39,4,"DenseLayer( 7202,128 )","weights",2.5891708959109137,2.7021744663272869,4.4803769882273174,2.3751694829699703,22
39,4,"DenseLayer( 7202,128 )","biases",0.075392254412891935,0.078927007069202318,0.13186333260289704,0.067579540664585935,22
39,7,"DenseLayer( 128,64 )","all",0.24348894541896257,0.25114554366413833,0.37206897418070145,0.28883550953770609,22
39,7,"DenseLayer( 128,64 )","weights",0.22439516443690433,0.23160258784519094,0.35807456837239304,0.27506498004836949,22
39,7,"DenseLayer( 128,64 )","biases",0.091373072599390273,0.097130455603617064,0.1750245730685081,0.088120419432140829,22
39,10,"DenseLayer( 64,1 )","all",0.18654075441479509,0.19642950501758968,0.31287823420364064,0.25455603971407015,22
39,10,"DenseLayer( 64,1 )","weights",0.16475945118938162,0.17418111515527948,0.30213538422800135,0.23082319451045516,22
39,10,"DenseLayer( 64,1 )","biases",0.079644574360413986,0.090804678099305897,0.16415175795555115,0.10732860863208771,22
40,0,"Conv2DLayer(1,8,5, stride=5, padding=0)","all",0.36334142474041331,0.39155481951211918,0.70602023258903468,0.26011756448311035,22
40,0,"Conv2DLayer(1,8,5, stride=5, padding=0)","weights",0.35669287047341064,0.38503622087538075,0.69699838460364694,0.25219835394985346,22
40,0,"Conv2DLayer(1,8,5, stride=5, padding=0)","biases",0.066927020888187763,0.071149738560118705,0.13063428000411428,0.063695664040886793,22
40,4,"DenseLayer( 7202,128 )","all",1.9778711947623286,2.0166897016950203,3.0383913752275418,1.9667027854406414,22
40,4,"DenseLayer( 7202,128 )","weights",1.977029919156178,2.0158303643186213,3.0371086234535993,1.9657912592931208,22
40,4,"DenseLayer( 7202,128 )","biases",0.057663736171318862,0.058866758139071974,0.088280000005080642,0.059871288166726183,22
40,7,"DenseLayer( 128,64 )","all",0.21339433333545973,0.21993009998517535,0.31420891356907515,0.20282155491612777,22
40,7,"DenseLayer( 128,64 )","weights",0.20277607667090705,0.20921999095979579,0.2957433242080249,0.19094515729349565,22
40,7,"DenseLayer( 128,64 )","biases",0.065016078367799976,0.067795606511574111,0.12176800638167891,0.068385159535955142,22
40,10,"DenseLayer( 64,1 )","all",0.16041079230552008,0.17022650575096074,0.32761079622580419,0.082876829215629721,22
40,10,"DenseLayer( 64,1 )","weights",0.14872477591457425,0.15746259797085826,0.27795217840826836,0.078206009843366328,22
40,10,"DenseLayer( 64,1 )","biases",0.052668655037202618,0.064672973493181296,0.17341113090515137,0.02742970734834671,22
41,0,"Conv2DLayer(1,8,5, stride=5, padding=0)","all",0.46673580765237271,0.5377721393383702,1.1967477133021529,1.1967477133021529,22
41,0,"Conv2DLayer(1,8,5, stride=5, padding=0)","weights",0.45909249767458798,0.52957203802198283,1.1795822307012356,1.1795822307012356,22
41,0,"Conv2DLayer(1,8,5, stride=5, padding=0)","biases",0.081764055505646679,0.09355389031895428,0.20196744863425106,0.20196744863425106,22
41,4,"DenseLayer( 7202,128 )","all",2.3805474042354446,2.5830141527429484,5.3967733590449862,5.3967733590449862,22
41,4,"DenseLayer( 7202,128 )","weights",2.3795617467581329,2.5819640539972877,5.3950582088406938,5.3950582088406938,22
41,4,"DenseLayer( 7202,128 )","biases",0.068397118238231344,0.073646025936659129,0.13605003534855273,0.13605003534855273,22
41,7,"DenseLayer( 128,64 )","all",0.24632686526927894,0.27041230502551439,0.68103454072880165,0.68103454072880165,22
41,7,"DenseLayer( 128,64 )","weights",0.2336951396408144,0.25759307463302833,0.66914320761545465,0.66914320761545465,22
41,7,"DenseLayer( 128,64 )","biases",0.07530975360246199,0.082271639161468763,0.16011739756432056,0.12670995765049575,22
41,10,"DenseLayer( 64,1 )","all",0.20606374500483562,0.24017917908199463,0.69160922819836224,0.69160922819836224,22
41,10,"DenseLayer( 64,1 )","weights",0.1919699427671879,0.22554178277344603,0.67831285087802673,0.67831285087802673,22
41,10,"DenseLayer( 64,1 )","biases",0.06568984390998428,0.082564776314579424,0.16985903680324554,0.13496296107769012,22
42,0,"Conv2DLayer(1,8,5, stride=5, padding=0)","all",0.41699176767080787,0.4700808077014379,1.0582200049860697,1.0582200049860697,22
42,0,"Conv2DLayer(1,8,5, stride=5, padding=0)","weights",0.40997017840096484,0.46354998902014427,1.050040907183692,1.050040907183692,22
42,0,"Conv2DLayer(1,8,5, stride=5, padding=0)","biases",0.07289179535943946,0.078085680176716132,0.13131516360865109,0.13131516360865109,22
42,4,"DenseLayer( 7202,128 )","all",2.1574453695129985,2.2838311151609152,4.7368449656955649,4.7368449656955649,22
42,4,"DenseLayer( 7202,128 )","weights",2.1565044714743982,2.2828308656719094,4.7347834237201472,4.7347834237201472,22
42,4,"DenseLayer( 7202,128 )","biases",0.063695180650201758,0.06758551111583852,0.1397360350816301,0.1397360350816301,22
42,7,"DenseLayer( 128,64 )","all",0.22254159305523372,0.23168902298868163,0.37830869858730681,0.37830869858730681,22
42,7,"DenseLayer( 128,64 )","weights",0.21051167048527561,0.21895653430607487,0.34579111540980573,0.34579111540980573,22
42,7,"DenseLayer( 128,64 )","biases",0.070741044406224252,0.075748527762079354,0.15344698084505975,0.15344698084505975,22
42,10,"DenseLayer( 64,1 )","all",0.170793497901363,0.18534429901538599,0.30600604494701877,0.27996602033081253,22
42,10,"DenseLayer( 64,1 )","weights",0.15819442884625895,0.17226427746191006,0.29043138788553924,0.27246157288083273,22
42,10,"DenseLayer( 64,1 )","biases",0.056230874732136726,0.068392454905719505,0.1301451176404953,0.064386829733848572,22
43,0,"Conv2DLayer(1,8,5, stride=5, padding=0)","all",0.35750991796333159,0.38061703469222358,0.59215632345409308,0.29173492766862291,22
43,0,"Conv2DLayer(1,8,5, stride=5, padding=0)","weights",0.35167190700617174,0.37467437995216207,0.58831437979131107,0.28455729643107369,22
43,0,"Conv2DLayer(1,8,5, stride=5, padding=0)","biases",0.062198060390067436,0.066995791698913662,0.13084537199221263,0.064314952146873994,22
43,4,"DenseLayer( 7202,128 )","all",1.9836184182407117,2.0264401646806438,2.9203623434178847,2.7172569176864316,22
43,4,"DenseLayer( 7202,128 )","weights",1.9827960618423395,2.0255961885587328,2.9190065512242427,2.7161159250310591,22
43,4,"DenseLayer( 7202,128 )","biases",0.057085492108075384,0.058479243559135738,0.088977360958580262,0.078736513178066417,22
43,7,"DenseLayer( 128,64 )","all",0.20235122856289459,0.20729350813823366,0.30402537688000164,0.2776572786363376,22
43,7,"DenseLayer( 128,64 )","weights",0.19019448853541432,0.19440525429826142,0.27963065126994863,0.24673468661833975,22
43,7,"DenseLayer( 128,64 )","biases",0.067563020028159074,0.071952731827806662,0.12734032668046083,0.12734032668046083,22
43,10,"DenseLayer( 64,1 )","all",0.15919062340252887,0.16638832227765318,0.27864296639528496,0.19258864873501796,22
43,10,"DenseLayer( 64,1 )","weights",0.14672310149305295,0.15280347313439102,0.25022609708466886,0.14357746126317222,22
43,10,"DenseLayer( 64,1 )","biases",0.051700310781598091,0.065849619501099771,0.1606113612651825,0.12835848331451416,22
44,0,"Conv2DLayer(1,8,5, stride=5, padding=0)","all",0.38577108562042001,0.42597782020059194,0.95679546652812419,0.22061787873036112,22
44,0,"Conv2DLayer(1,8,5, stride=5, padding=0)","weights",0.37742836621024317,0.41712996078546433,0.93556556229390175,0.21619362818205898,22
44,0,"Conv2DLayer(1,8,5, stride=5, padding=0)","biases",0.077160965375168492,0.086369549714959054,0.20043613301614621,0.043960932075673337,22
44,4,"DenseLayer( 7202,128 )","all",2.1234214934914584,2.2078361159184805,4.4463387502697662,2.5684950690065023,22
44,4,"DenseLayer( 7202,128 )","weights",2.12253361864017,2.2069081110229449,4.4444224796218386,2.5674974322420674,22
44,4,"DenseLayer( 7202,128 )","biases",0.061376385183121933,0.06400706410342355,0.13052626089251124,0.07158110743140722,22
44,7,"DenseLayer( 128,64 )","all",0.20836626874211647,0.21497469882924014,0.40145348385838758,0.23565475006316983,22
44,7,"DenseLayer( 128,64 )","weights",0.19502046870524939,0.2007080183101155,0.35903377238604006,0.2256713884813151,22
44,7,"DenseLayer( 128,64 )","biases",0.072149148170715049,0.077009171679410071,0.17960971574022899,0.06786446528375803,22
44,10,"DenseLayer( 64,1 )","all",0.16795195178990965,0.17591106965805997,0.32482443860859672,0.17148133715112507,22
44,10,"DenseLayer( 64,1 )","weights",0.15183948067678166,0.15711010379684306,0.237046958575446,0.16139477852149411,22
44,10,"DenseLayer( 64,1 )","biases",0.063148785721171982,0.079127237492459063,0.2220802903175354,0.057944580912590027,22
45,0,"Conv2DLayer(1,8,5, stride=5, padding=0)","all",0.49020374996269278,0.58607694322726678,1.6977438827931632,1.6977438827931632,22
45,0,"Conv2DLayer(1,8,5, stride=5, padding=0)","weights",0.48158125258731771,0.57560194347895188,1.6660951484796398,1.6660951484796398,22
45,0,"Conv2DLayer(1,8,5, stride=5, padding=0)","biases",0.090417515151299352,0.11031131422420098,0.32628399864874297,0.32628399864874297,22
45,4,"DenseLayer( 7202,128 )","all",2.4593609164873071,2.8039832951414727,7.6652319169543626,7.6652319169543626,22
45,4,"DenseLayer( 7202,128 )","weights",2.4583161162844065,2.8027918386005917,7.6619624719213073,7.6619624719213073,22
45,4,"DenseLayer( 7202,128 )","biases",0.071657328038789478,0.081732667314534116,0.22385580083031215,0.22385580083031215,22
45,7,"DenseLayer( 128,64 )","all",0.23362337531306104,0.25326647645743855,0.5854882080575835,0.5854882080575835,22
45,7,"DenseLayer( 128,64 )","weights",0.21662267324306128,0.23342775835449625,0.5267655868865676,0.5267655868865676,22
45,7,"DenseLayer( 128,64 )","biases",0.084987795909866048,0.098261842679451053,0.25556693496328914,0.25556693496328914,22
45,10,"DenseLayer( 64,1 )","all",0.17844075420678754,0.19561713849654311,0.42002527268284884,0.42002527268284884,22
45,10,"DenseLayer( 64,1 )","weights",0.15785434176631519,0.17224393407115518,0.36647366633106421,0.36647366633106421,22
45,10,"DenseLayer( 64,1 )","biases",0.073896890548481184,0.092725897403407587,0.20522738993167877,0.20522738993167877,22
46,0,"Conv2DLayer(1,8,5, stride=5, padding=0)","all",0.42520814533080109,0.44994093101514254,0.73596567824004322,0.42471573528376771,22
46,0,"Conv2DLayer(1,8,5, stride=5, padding=0)","weights",0.41591660425302329,0.44016811764591562,0.71670482458550844,0.40879697885518501,22
46,0,"Conv2DLayer(1,8,5, stride=5, padding=0)","biases",0.086742240151270911,0.093267730812026384,0.16727125862855977,0.11518891386112165,22
46,4,"DenseLayer( 7202,128 )","all",2.1332722579226728,2.185074033257786,3.2182105319006995,2.2229377118843052,22
46,4,"DenseLayer( 7202,128 )","weights",2.1323855301739774,2.1841621271538023,3.2168229465586173,2.2220280846570466,22
46,4,"DenseLayer( 7202,128 )","biases",0.061474179447146504,0.063121574159908281,0.094494222736205502,0.063586648856239006,22
46,7,"DenseLayer( 128,64 )","all",0.20740883534831833,0.21116408140426282,0.28431652275795993,0.21165657495653298,22
46,7,"DenseLayer( 128,64 )","weights",0.19187584200576097,0.19532475831317284,0.25425417760213742,0.18980974126699199,22
46,7,"DenseLayer( 128,64 )","biases",0.076947675643418617,0.080240314463533524,0.13366544556726773,0.093652377665962239,22
46,10,"DenseLayer( 64,1 )","all",0.15932587792066327,0.16689725921258489,0.27028800300992051,0.20851238035903166,22
46,10,"DenseLayer( 64,1 )","weights",0.1421869108128479,0.14725982452595854,0.21630550713209606,0.16489017310581583,22
46,10,"DenseLayer( 64,1 )","biases",0.064196465536952019,0.078544504666186885,0.16207261383533478,0.12762697041034698,22
47,0,"Conv2DLayer(1,8,5, stride=5, padding=0)","all",0.35227891670234429,0.36783706527658916,0.62589353550240989,0.62589353550240989,22
47,0,"Conv2DLayer(1,8,5, stride=5, padding=0)","weights",0.34672385344789608,0.36201657049264779,0.61041113005253878,0.61041113005253878,22
47,0,"Conv2DLayer(1,8,5, stride=5, padding=0)","biases",0.060870334462062838,0.065177521278700939,0.1383508947990181,0.1383508947990181,22
47,4,"DenseLayer( 7202,128 )","all",1.9271731789793964,1.9655308454110094,3.2471958764103466,3.2471958764103466,22
47,4,"DenseLayer( 7202,128 )","weights",1.9263645911496896,1.9647030573755608,3.2457042967891194,3.2457042967891194,22
47,4,"DenseLayer( 7202,128 )","biases",0.055807230262995701,0.057038588703101467,0.098410759477849219,0.098410759477849219,22
47,7,"DenseLayer( 128,64 )","all",0.19915130126934541,0.20395223316938152,0.31234545652817353,0.29922924502869264,22
47,7,"DenseLayer( 128,64 )","weights",0.18796022493306985,0.19275534894181781,0.29878028271477108,0.28208137168088787,22
47,7,"DenseLayer( 128,64 )","biases",0.064481793854767822,0.066647497095508573,0.09984107787414033,0.09984107787414033,22
47,10,"DenseLayer( 64,1 )","all",0.14895289284138846,0.15542596645346235,0.25683272393891604,0.24325279453712662,22
47,10,"DenseLayer( 64,1 )","weights",0.14037653671569911,0.14630701615880221,0.24051755993492618,0.21752956999255624,22
47,10,"DenseLayer( 64,1 )","biases",0.039154374781488019,0.052454628687092934,0.10887060314416885,0.10887060314416885,22
48,0,"Conv2DLayer(1,8,5, stride=5, padding=0)","all",0.41279209618995633,0.44306070649279,0.81205224453703884,0.54921556091875945,22
48,0,"Conv2DLayer(1,8,5, stride=5, padding=0)","weights",0.40476370078638446,0.43498879138007224,0.80082997600427974,0.53063927784655318,22
48,0,"Conv2DLayer(1,8,5, stride=5, padding=0)","biases",0.079011301829424882,0.084187534775607725,0.14163223207235076,0.14163223207235076,22
48,4,"DenseLayer( 7202,128 )","all",2.0500610327580731,2.1250163618127638,3.712062102951871,3.712062102951871,22
48,4,"DenseLayer( 7202,128 )","weights",2.0492099341756971,2.124133288670869,3.7105111052574382,3.7105111052574382,22
48,4,"DenseLayer( 7202,128 )","biases",0.059037006509069047,0.061256101183751868,0.10729582439541042,0.10729582439541042,22
48,7,"DenseLayer( 128,64 )","all",0.20779815647632946,0.21828550702807337,0.41059163893681389,0.41059163893681389,22
48,7,"DenseLayer( 128,64 )","weights",0.19656738155875528,0.20709315707314035,0.39561040965704647,0.39561040965704647,22
48,7,"DenseLayer( 128,64 )","biases",0.06569970599761632,0.068999904869374129,0.10989948924268379,0.10989948924268379,22
48,10,"DenseLayer( 64,1 )","all",0.16836359108583365,0.18472832584665619,0.37246070041690454,0.35141535981678618,22
48,10,"DenseLayer( 64,1 )","weights",0.15296183070074346,0.16882456452729139,0.37163438901204326,0.32199296348199435,22
48,10,"DenseLayer( 64,1 )","biases",0.061908876862038269,0.074985470474477942,0.15208470821380615,0.14075967669487,22
49,0,"Conv2DLayer(1,8,5, stride=5, padding=0)","all",0.37585820396003061,0.39729007331664568,0.68734669128973014,0.47348251807167424,22
49,0,"Conv2DLayer(1,8,5, stride=5, padding=0)","weights",0.37003522615889767,0.3912013285565894,0.67806641833884329,0.46779297553121452,22
49,0,"Conv2DLayer(1,8,5, stride=5, padding=0)","biases",0.06472924941687748,0.069288692378374692,0.11907708322859435,0.073180782744829226,22
49,4,"DenseLayer( 7202,128 )","all",2.0267609160526465,2.0973485571547377,3.299774996569282,2.2643415017070812,22
49,4,"DenseLayer( 7202,128 )","weights",2.0259152109586576,2.0964708245676049,3.2983297122280599,2.2633436289290909,22
49,4,"DenseLayer( 7202,128 )","biases",0.058527115428820317,0.060671673257685577,0.097653148527667696,0.067216469255485814,22
49,7,"DenseLayer( 128,64 )","all",0.21163137029435869,0.21649864579772951,0.34723022344813859,0.27206482832743739,22
49,7,"DenseLayer( 128,64 )","weights",0.20017486801535905,0.20483510204242678,0.33404621899217235,0.26310902857515567,22
49,7,"DenseLayer( 128,64 )","biases",0.067473000728146798,0.070101673328953881,0.11104861760885672,0.069230844968669214,22
49,10,"DenseLayer( 64,1 )","all",0.15467416227600866,0.1627262503681178,0.31310423758745576,0.20512405392578265,22
49,10,"DenseLayer( 64,1 )","weights",0.14246288182630504,0.14902813508025894,0.28727497838301136,0.19755585344777193,22
49,10,"DenseLayer( 64,1 )","biases",0.052537448111582889,0.06534866114441408,0.12977814674377441,0.055204730480909348,22
50,0,"Conv2DLayer(1,8,5, stride=5, padding=0)","all",0.4793887443520759,0.50967980413251757,0.96668164053718453,0.40476006994006875,22
50,0,"Conv2DLayer(1,8,5, stride=5, padding=0)","weights",0.4705159052695293,0.50050175991290413,0.95318626840975695,0.39659975597416852,22
50,0,"Conv2DLayer(1,8,5, stride=5, padding=0)","biases",0.089458801088857107,0.096288582213298154,0.1609637594825159,0.080866233862591688,22
50,4,"DenseLayer( 7202,128 )","all",2.4533740425849269,2.5711095008441274,4.8496571657287459,2.664905438669408,22
50,4,"DenseLayer( 7202,128 )","weights",2.4523504759452948,2.5700357331432291,4.847729532234121,2.663768784622726,22
50,4,"DenseLayer( 7202,128 )","biases",0.070828850202644997,0.074299365393543038,0.13672237347749513,0.077825825529543202,22
50,7,"DenseLayer( 128,64 )","all",0.24047073863380428,0.24749369753875877,0.38774374438594461,0.27756227564895586,22
50,7,"DenseLayer( 128,64 )","weights",0.22376883466109251,0.22953649867764819,0.35427875233355305,0.26606694704642664,22
50,7,"DenseLayer( 128,64 )","biases",0.086168323300827299,0.092553368907958289,0.15758101711631942,0.079051859894761073,22
50,10,"DenseLayer( 64,1 )","all",0.19506463284562586,0.20282199556118577,0.30377827160118537,0.24517825967806386,22
50,10,"DenseLayer( 64,1 )","weights",0.17138485241783902,0.17805924676455562,0.26007895929098468,0.24278023549744884,22
50,10,"DenseLayer( 64,1 )","biases",0.084009156096726656,0.097116767476377333,0.16488051414489746,0.034207254648208618,22
51,0,"Conv2DLayer(1,8,5, stride=5, padding=0)","all",0.33189212322023076,0.35495305550676232,0.57479234769398957,0.56449065122279474,22
51,0,"Conv2DLayer(1,8,5, stride=5, padding=0)","weights",0.3249749148250522,0.34750389231120099,0.57038164762204069,0.54669565819234855,22
51,0,"Conv2DLayer(1,8,5, stride=5, padding=0)","biases",0.064794232729635581,0.072337517528264325,0.14259640653925304,0.14061846476039205,22
51,4,"DenseLayer( 7202,128 )","all",1.9521011286869789,2.0217004025484937,3.2445530051311886,3.1144888449982502,22
51,4,"DenseLayer( 7202,128 )","weights",1.9512914904422676,2.020856305416916,3.2431641950299457,3.1130789762187279,22
51,4,"DenseLayer( 7202,128 )","biases",0.05618937079134792,0.058414985418410732,0.094922111131131678,0.093701939379575286,22
51,7,"DenseLayer( 128,64 )","all",0.20602778898727178,0.21444511672942496,0.32355468228946394,0.31173201898797409,22
51,7,"DenseLayer( 128,64 )","weights",0.19464051181977129,0.2022582128196018,0.30450716127740307,0.27626446866660392,22
51,7,"DenseLayer( 128,64 )","biases",0.065657026966098694,0.071262356374999003,0.14441189360533174,0.14441189360533174,22
51,10,"DenseLayer( 64,1 )","all",0.16278291788368016,0.17365790489604122,0.30172806194797114,0.24526095857453648,22
51,10,"DenseLayer( 64,1 )","weights",0.14621447323307943,0.15459222774169815,0.25336020989069707,0.17506016825106674,22
51,10,"DenseLayer( 64,1 )","biases",0.060185795290056958,0.079109487766900854,0.17551214993000031,0.17177565395832062,22
52,0,"Conv2DLayer(1,8,5, stride=5, padding=0)","all",0.34717201589869556,0.36346363886972216,0.56475386058854082,0.41165614120233585,22
52,0,"Conv2DLayer(1,8,5, stride=5, padding=0)","weights",0.33932505344588199,0.35526309756828561,0.54668425628725803,0.40497178168742937,22
52,0,"Conv2DLayer(1,8,5, stride=5, padding=0)","biases",0.072314350551842946,0.07677205407312325,0.14171537311565247,0.073882573226076262,22
52,4,"DenseLayer( 7202,128 )","all",2.0345111310382387,2.0680659297440105,2.9898282389545545,2.1751658394693778,22
52,4,"DenseLayer( 7202,128 )","weights",2.0336426851071292,2.0671817318848276,2.98858943966659,2.1741930795163822,22
52,4,"DenseLayer( 7202,128 )","biases",0.059415484271044691,0.060467984335548702,0.086058465960252489,0.065045231782159776,22
52,7,"DenseLayer( 128,64 )","all",0.21423175247807399,0.21715401089785169,0.27901578248801745,0.21910900868548766,22
52,7,"DenseLayer( 128,64 )","weights",0.20354889019459749,0.20646697730396826,0.26766797717462021,0.20669153932916029,22
52,7,"DenseLayer( 128,64 )","biases",0.065836750268906175,0.06728485514576775,0.08778650124671615,0.072714271342558964,22
52,10,"DenseLayer( 64,1 )","all",0.15925240864179679,0.1649519121956019,0.27498980816909641,0.18422676768756155,22
52,10,"DenseLayer( 64,1 )","weights",0.1465934113351339,0.15131909329081747,0.25003862288730433,0.18340977013344889,22
52,10,"DenseLayer( 64,1 )","biases",0.055875516263768077,0.065663272402694386,0.12454327195882797,0.017330843955278397,22
53,0,"Conv2DLayer(1,8,5, stride=5, padding=0)","all",0.41301241056245802,0.46842837057120168,0.9418228547310552,0.88334764443145986,22
53,0,"Conv2DLayer(1,8,5, stride=5, padding=0)","weights",0.40588585593422677,0.46150437684284878,0.93416219049693627,0.86937833403484288,22
53,0,"Conv2DLayer(1,8,5, stride=5, padding=0)","biases",0.073551310250773896,0.080242435848401655,0.15647483258789585,0.15647483258789585,22
53,4,"DenseLayer( 7202,128 )","all",2.1208503196185839,2.2184429945264075,3.5089862985002691,3.3868147159208988,22
53,4,"DenseLayer( 7202,128 )","weights",2.1199586682963116,2.2175113633883927,3.5075488732836155,3.3852409072158824,22
53,4,"DenseLayer( 7202,128 )","biases",0.061461721858469598,0.064285870972128387,0.10323720303527571,0.10323720303527571,22
53,7,"DenseLayer( 128,64 )","all",0.2140986604546464,0.223771303587952,0.35937402294345122,0.35937402294345122,22
53,7,"DenseLayer( 128,64 )","weights",0.20008880995977221,0.20906333583395137,0.32735636854278549,0.32735636854278549,22
53,7,"DenseLayer( 128,64 )","biases",0.074722289436400288,0.079787955979783318,0.14828181392551215,0.14828181392551215,22
53,10,"DenseLayer( 64,1 )","all",0.15720844975010206,0.16781922342336206,0.28222309291716674,0.25628446059162219,22
53,10,"DenseLayer( 64,1 )","weights",0.1457176190367766,0.15593822053854392,0.27038217280990412,0.2461867008019834,22
53,10,"DenseLayer( 64,1 )","biases",0.051747078869745812,0.062020666923959779,0.12894314527511597,0.071230843663215637,22
54,0,"Conv2DLayer(1,8,5, stride=5, padding=0)","all",0.3910376160501885,0.42329398827448161,0.65079341356874187,0.65079341356874187,22
54,0,"Conv2DLayer(1,8,5, stride=5, padding=0)","weights",0.38246572058185652,0.4142174761483588,0.63870474511897724,0.63870474511897724,22
54,0,"Conv2DLayer(1,8,5, stride=5, padding=0)","biases",0.079495955649373215,0.087187630789010373,0.12764892507106385,0.12485317659938755,22
54,4,"DenseLayer( 7202,128 )","all",2.1825221446257181,2.2768339720634674,3.8652582473640194,3.5058897748911018,22
54,4,"DenseLayer( 7202,128 )","weights",2.1815773110278744,2.2758470727182876,3.8636303166197368,3.5042612865994571,22
54,4,"DenseLayer( 7202,128 )","biases",0.064189718066092583,0.067030127121370214,0.1121699394331888,0.10684544410641762,22
54,7,"DenseLayer( 128,64 )","all",0.2171037862568212,0.22505716102783099,0.34812683835734892,0.33079363092227432,22
54,7,"DenseLayer( 128,64 )","weights",0.20123483297526806,0.20783216886616276,0.30835069328992493,0.29095306156704293,22
54,7,"DenseLayer( 128,64 )","biases",0.080185497057356322,0.086351116462347152,0.16159252932083951,0.15738723653303768,22
54,10,"DenseLayer( 64,1 )","all",0.17660595652815075,0.18537588366776517,0.31353647368688636,0.31353647368688636,22
54,10,"DenseLayer( 64,1 )","weights",0.15214467057638242,0.1572979459280269,0.23087505768062661,0.23087505768062661,22
54,10,"DenseLayer( 64,1 )","biases",0.083194601095535545,0.09808962459112755,0.21213634312152863,0.21213634312152863,22
55,0,"Conv2DLayer(1,8,5, stride=5, padding=0)","all",0.3290603039703226,0.35090191429512951,0.69173601694346354,0.36629742055812886,22
55,0,"Conv2DLayer(1,8,5, stride=5, padding=0)","weights",0.3229649995932779,0.34453562692193213,0.67772317573107332,0.36035812567693182,22
55,0,"Conv2DLayer(1,8,5, stride=5, padding=0)","biases",0.061908991014790034,0.066538374172335005,0.13852802681694582,0.065694912787424564,22
55,4,"DenseLayer( 7202,128 )","all",1.8872393285557334,1.9428070930098524,3.0833839082966659,2.5659225190682178,22
55,4,"DenseLayer( 7202,128 )","weights",1.8864535007198651,1.9419982699555443,3.0821454096373531,2.5647924569970408,22
55,4,"DenseLayer( 7202,128 )","biases",0.054442719992820549,0.056054617464278901,0.087384207922336643,0.076144772587957918,22
55,7,"DenseLayer( 128,64 )","all",0.1927623096715452,0.19705764895494146,0.29992706097983851,0.201905881988065,22
55,7,"DenseLayer( 128,64 )","weights",0.18133992084696468,0.18532696155335487,0.27505733425943751,0.17417760991877801,22
55,7,"DenseLayer( 128,64 )","biases",0.063806735941441983,0.066974878372791855,0.11958137303985029,0.10211829113513618,22
55,10,"DenseLayer( 64,1 )","all",0.1373709816518798,0.14184732716477214,0.19579771193796652,0.12538344238231791,22
55,10,"DenseLayer( 64,1 )","weights",0.12558489129694053,0.12955314630505121,0.19260894857559266,0.10438703865642879,22
55,10,"DenseLayer( 64,1 )","biases",0.044353292974516408,0.05776371271180461,0.12683762609958649,0.069457568228244781,22
56,0,"Conv2DLayer(1,8,5, stride=5, padding=0)","all",0.40229926640348296,0.44195448899788065,0.81515489684805453,0.81515489684805453,22
56,0,"Conv2DLayer(1,8,5, stride=5, padding=0)","weights",0.39543842355935904,0.43508258153585988,0.80589620830545017,0.80589620830545017,22
56,0,"Conv2DLayer(1,8,5, stride=5, padding=0)","biases",0.071745192445067232,0.077633224778245802,0.12251043749110106,0.12251043749110106,22
56,4,"DenseLayer( 7202,128 )","all",2.0614295730727332,2.1714106847922663,4.1434318634787406,4.1434318634787406,22
56,4,"DenseLayer( 7202,128 )","weights",2.0605682474211013,2.1705038554583886,4.1416744327231916,4.1416744327231916,22
56,4,"DenseLayer( 7202,128 )","biases",0.059564760904579073,0.062748509705721323,0.1206668994295194,0.1206668994295194,22
56,7,"DenseLayer( 128,64 )","all",0.20300652274536088,0.21087457340020785,0.35707539013184131,0.35707539013184131,22
56,7,"DenseLayer( 128,64 )","weights",0.19121196359326795,0.19863165483532758,0.33969637652464757,0.33969637652464757,22
56,7,"DenseLayer( 128,64 )","biases",0.067178091852217375,0.070806436177080212,0.1100418375611365,0.1100418375611365,22
56,10,"DenseLayer( 64,1 )","all",0.14391365469902506,0.15078198969727821,0.24040458260438788,0.24040458260438788,22
56,10,"DenseLayer( 64,1 )","weights",0.13385967528530271,0.14033791507085924,0.23848898415238068,0.23848898415238068,22
56,10,"DenseLayer( 64,1 )","biases",0.045175290465439583,0.055140529655004274,0.1118803471326828,0.030288079753518105,22
57,0,"Conv2DLayer(1,8,5, stride=5, padding=0)","all",0.39732506071691076,0.41679539820645967,0.62698530365905247,0.58587319087434486,22
57,0,"Conv2DLayer(1,8,5, stride=5, padding=0)","weights",0.39024518960214588,0.40982475717482464,0.62177978277440715,0.57375400425644008,22
57,0,"Conv2DLayer(1,8,5, stride=5, padding=0)","biases",0.072869728101880082,0.07590831557001719,0.11854846428776504,0.11854846428776504,22
57,4,"DenseLayer( 7202,128 )","all",1.9917152733322694,2.0435043242602227,3.0637612024105407,3.0637612024105407,22
57,4,"DenseLayer( 7202,128 )","weights",1.9908642943179358,2.0426251474712229,3.0623265715638159,3.0623265715638159,22
57,4,"DenseLayer( 7202,128 )","biases",0.058171144299645094,0.059936885040802343,0.09374793059201629,0.09374793059201629,22
57,7,"DenseLayer( 128,64 )","all",0.20006453488206796,0.2036800545833421,0.2736616381950373,0.25734473694768528,22
57,7,"DenseLayer( 128,64 )","weights",0.18839390041263224,0.19191865081589146,0.2645003222979922,0.22905522330875794,22
57,7,"DenseLayer( 128,64 )","biases",0.065421942038598441,0.06821140743366276,0.1173031044331239,0.1173031044331239,22
57,10,"DenseLayer( 64,1 )","all",0.15000013985485414,0.15595368488262662,0.27728633744243969,0.19312601594337347,22
57,10,"DenseLayer( 64,1 )","weights",0.14064515738800498,0.14673193179281951,0.27298128405906263,0.17975713462733603,22
57,10,"DenseLayer( 64,1 )","biases",0.044982782628556546,0.052832679477923111,0.11729191988706589,0.070604749023914337,22
58,0,"Conv2DLayer(1,8,5, stride=5, padding=0)","all",0.44871320209914922,0.48889297038355733,1.0016926586320112,0.72389084659241942,22
58,0,"Conv2DLayer(1,8,5, stride=5, padding=0)","weights",0.43967940442500936,0.47921284067094833,0.98759833342497161,0.70497517060691817,22
58,0,"Conv2DLayer(1,8,5, stride=5, padding=0)","biases",0.087401115762413301,0.096805939004475192,0.16744466003275632,0.16440184490460072,22
58,4,"DenseLayer( 7202,128 )","all",2.2892241972018721,2.4007641203460839,4.441737802415143,3.4157524504872336,22
58,4,"DenseLayer( 7202,128 )","weights",2.2882397252251643,2.3997308785776368,4.4398653471022884,3.4142405089724894,22
58,4,"DenseLayer( 7202,128 )","biases",0.0671107406934041,0.070427778199440849,0.12895892758541125,0.10161963344166586,22
58,7,"DenseLayer( 128,64 )","all",0.22148713337465506,0.22886302892067822,0.37517925293136445,0.34138379681315045,22
58,7,"DenseLayer( 128,64 )","weights",0.20636943525515852,0.21334045129359722,0.35024909940758397,0.32371846297693918,22
58,7,"DenseLayer( 128,64 )","biases",0.078590533119959088,0.082850092628744113,0.13448063129801674,0.10839397333067201,22
58,10,"DenseLayer( 64,1 )","all",0.17283127319546754,0.1786128975633639,0.29395823136459021,0.29395823136459021,22
58,10,"DenseLayer( 64,1 )","weights",0.152695317581794,0.15898875816989247,0.28602357451704985,0.28602357451704985,22
58,10,"DenseLayer( 64,1 )","biases",0.072812719101255585,0.0813949749774283,0.12710662186145782,0.067837722599506378,22
59,0,"Conv2DLayer(1,8,5, stride=5, padding=0)","all",0.38596465795550816,0.4176593032537731,0.87873507333814715,0.45080659909622689,22
59,0,"Conv2DLayer(1,8,5, stride=5, padding=0)","weights",0.37825270366283792,0.41014217894532301,0.86539909794851533,0.44182322604929669,22
59,0,"Conv2DLayer(1,8,5, stride=5, padding=0)","biases",0.074246418730470776,0.07888400753264159,0.15251141066980814,0.089547901773845778,22
59,4,"DenseLayer( 7202,128 )","all",2.1932281693086013,2.2722409957490668,4.1685246921267138,2.4131794995324238,22
59,4,"DenseLayer( 7202,128 )","weights",2.192289824238622,2.2712671129759539,4.166717259666556,2.4121826920716862,22
59,4,"DenseLayer( 7202,128 )","biases",0.064129856359026849,0.066519502979091066,0.12274113763095465,0.069353853774353491,22
59,7,"DenseLayer( 128,64 )","all",0.22281850886875867,0.23048945916528693,0.39742566197648677,0.22824474133617151,22
59,7,"DenseLayer( 128,64 )","weights",0.20724322937369605,0.21380266772979459,0.35286497143746853,0.20898160914044003,22
59,7,"DenseLayer( 128,64 )","biases",0.079567347566272081,0.086103484586452811,0.18284821226876477,0.091773356638450307,22
59,10,"DenseLayer( 64,1 )","all",0.16751876908483088,0.1761244126539234,0.27619439557180581,0.21954928239511393,22
59,10,"DenseLayer( 64,1 )","weights",0.14489849368948096,0.15015338129055647,0.22448519976336692,0.14866398745535639,22
59,10,"DenseLayer( 64,1 )","biases",0.07360118386251005,0.092053086964545963,0.16419017314910889,0.16155774891376495,22
60,0,"Conv2DLayer(1,8,5, stride=5, padding=0)","all",0.34374308653628666,0.39089858699491337,0.84539594342588764,0.22399706795694183,22
60,0,"Conv2DLayer(1,8,5, stride=5, padding=0)","weights",0.33664854487652324,0.38407705766253492,0.83790739480133569,0.21702416175346784,22
60,0,"Conv2DLayer(1,8,5, stride=5, padding=0)","biases",0.066294249868134938,0.072708452685431912,0.1552259715497952,0.055454482853160257,22
60,4,"DenseLayer( 7202,128 )","all",2.0189032945459302,2.1169264871540148,3.350395625476799,1.8589309148773647,22
60,4,"DenseLayer( 7202,128 )","weights",2.0180351755146138,2.1160173625235035,3.3490533514564662,1.8580400858512784,22
60,4,"DenseLayer( 7202,128 )","biases",0.059183691607235314,0.062034454243702089,0.095532635177251732,0.057542902747162318,22
60,7,"DenseLayer( 128,64 )","all",0.20733330044487219,0.21534500847438554,0.34812190542513455,0.13338851977464897,22
60,7,"DenseLayer( 128,64 )","weights",0.19473596769141308,0.20224341938036378,0.33719430358607977,0.11481298111018282,22
60,7,"DenseLayer( 128,64 )","biases",0.069410066417047458,0.073966695155126883,0.12514703650326114,0.067900490250547701,22
60,10,"DenseLayer( 64,1 )","all",0.15244885293780822,0.16291746782256464,0.32538603642786407,0.10120722434166529,22
60,10,"DenseLayer( 64,1 )","weights",0.14035318353148082,0.15132081811255654,0.32282608847654787,0.073222885651139005,22
60,10,"DenseLayer( 64,1 )","biases",0.051332788965241474,0.06036647519495382,0.13892555236816406,0.069866381585597992,22
61,0,"Conv2DLayer(1,8,5, stride=5, padding=0)","all",0.43304442099934043,0.47178948543957722,0.91832756479851241,0.2474708673760207,22
61,0,"Conv2DLayer(1,8,5, stride=5, padding=0)","weights",0.42420928435913086,0.46266340284250007,0.91096316286719237,0.24282260323777483,22
61,0,"Conv2DLayer(1,8,5, stride=5, padding=0)","biases",0.084795169615793045,0.092346598429717763,0.18059154102573155,0.047739015036657492,22
61,4,"DenseLayer( 7202,128 )","all",2.3487410992920079,2.4635057823685544,3.8837541238108346,1.7637085845713054,22
61,4,"DenseLayer( 7202,128 )","weights",2.347746159551602,2.462463021999838,3.8820036034808156,1.7630217970859061,22
61,4,"DenseLayer( 7202,128 )","biases",0.068308658006927869,0.071670112646260345,0.11659381106914353,0.049214980346437259,22
61,7,"DenseLayer( 128,64 )","all",0.22910833738732875,0.23909691656048496,0.39167051211514903,0.17501132642906955,22
61,7,"DenseLayer( 128,64 )","weights",0.21234873034747953,0.22081097537600447,0.35009449083698396,0.16085635489021208,22
61,7,"DenseLayer( 128,64 )","biases",0.084180534643848157,0.091705227016943017,0.18579100952111177,0.068950688683264746,22
61,10,"DenseLayer( 64,1 )","all",0.18062224507915045,0.19475020993514458,0.344469827132591,0.13412424433897488,22
61,10,"DenseLayer( 64,1 )","weights",0.15407402009030133,0.16270814320617885,0.25864062925302433,0.10911085649143018,22
61,10,"DenseLayer( 64,1 )","biases",0.084979374342682684,0.10702198093934011,0.26178160309791565,0.078000858426094055,22
62,0,"Conv2DLayer(1,8,5, stride=5, padding=0)","all",0.35462404110395995,0.36485798281107923,0.56766994103080692,0.36000382689883209,22
62,0,"Conv2DLayer(1,8,5, stride=5, padding=0)","weights",0.34763660143536185,0.35762241522870319,0.55450602123823867,0.35143872899456285,22
62,0,"Conv2DLayer(1,8,5, stride=5, padding=0)","biases",0.069023172922246162,0.072301837784103345,0.12154108095807679,0.078061355000348789,22
62,4,"DenseLayer( 7202,128 )","all",1.9790900792419228,1.9976301659700306,2.4766445854892063,1.9181101843393855,22
62,4,"DenseLayer( 7202,128 )","weights",1.9782482649135946,1.9967761414703384,2.4754325052557498,1.917317015577112,22
62,4,"DenseLayer( 7202,128 )","biases",0.057674852554022694,0.058406513748721682,0.077474607170645637,0.05515560755669667,22
62,7,"DenseLayer( 128,64 )","all",0.19217935028665675,0.19389783451064665,0.25842211750086391,0.21753111711545195,22
62,7,"DenseLayer( 128,64 )","weights",0.17995149268520297,0.18160695665617041,0.24546199128134166,0.20459365305226779,22
62,7,"DenseLayer( 128,64 )","biases",0.065921838597337482,0.06793587801745081,0.1139993959717284,0.073900095021757262,22
62,10,"DenseLayer( 64,1 )","all",0.1493699955988203,0.15411570666318264,0.2366355295868468,0.17004755666524657,22
62,10,"DenseLayer( 64,1 )","weights",0.13307011237591176,0.1364233373558254,0.21337672599079605,0.14624481612470161,22
62,10,"DenseLayer( 64,1 )","biases",0.060417566067454492,0.071696053343198854,0.17612755298614502,0.08676765114068985,22
63,0,"Conv2DLayer(1,8,5, stride=5, padding=0)","all",0.42230964998441151,0.46279303030472763,0.96822317202933361,0.96822317202933361,22
63,0,"Conv2DLayer(1,8,5, stride=5, padding=0)","weights",0.41320953297106694,0.45311222916431998,0.95046769566655565,0.95046769566655565,22
63,0,"Conv2DLayer(1,8,5, stride=5, padding=0)","biases",0.085724786746633405,0.094163138649756672,0.19248281024662001,0.18457321135216856,22
63,4,"DenseLayer( 7202,128 )","all",2.2808705588457703,2.3723057723902414,4.1720948184142106,4.1720948184142106,22
63,4,"DenseLayer( 7202,128 )","weights",2.2798926134999178,2.3712913838251914,4.1704682279251575,4.1704682279251575,22
63,4,"DenseLayer( 7202,128 )","biases",0.066731517874854221,0.069367504730003429,0.11649005839771075,0.11649005839771075,22
63,7,"DenseLayer( 128,64 )","all",0.21832035661604993,0.22688356372321794,0.46120670891898385,0.46120670891898385,22
63,7,"DenseLayer( 128,64 )","weights",0.20302091534209765,0.21154880682023994,0.43928705025742754,0.43928705025742754,22
63,7,"DenseLayer( 128,64 )","biases",0.077704394464504264,0.081995449999864606,0.14049382843388034,0.14049382843388034,22
63,10,"DenseLayer( 64,1 )","all",0.1747877819590542,0.19428781015270069,0.53082138161652415,0.53082138161652415,22
63,10,"DenseLayer( 64,1 )","weights",0.1535767505562099,0.17173573141471227,0.48689403647530632,0.48689403647530632,22
63,10,"DenseLayer( 64,1 )","biases",0.073425565592267303,0.090854783745192416,0.21143683791160583,0.21143683791160583,22
64,0,"Conv2DLayer(1,8,5, stride=5, padding=0)","all",0.36830611584763157,0.3941482320442139,0.84653369499030073,0.35389344205932499,22
64,0,"Conv2DLayer(1,8,5, stride=5, padding=0)","weights",0.36205982165283002,0.38762986668238336,0.8350078328671845,0.34972284851497681,22
64,0,"Conv2DLayer(1,8,5, stride=5, padding=0)","biases",0.066178836947737948,0.071385679792078632,0.13921643510871684,0.054171002936694641,22
64,4,"DenseLayer( 7202,128 )","all",2.0330682157716189,2.1022360468569521,3.5088899187500142,2.0780170425114934,22
64,4,"DenseLayer( 7202,128 )","weights",2.0322226207793164,2.1013612645287352,3.5075400226674964,2.0772599232693425,22
64,4,"DenseLayer( 7202,128 )","biases",0.058599286176722595,0.060640189997564785,0.10162537127992242,0.056089572535903652,22
64,7,"DenseLayer( 128,64 )","all",0.20051987485563635,0.20617139643075522,0.33839629283584355,0.2461230850626567,22
64,7,"DenseLayer( 128,64 )","weights",0.18873391850580129,0.19408087483778672,0.32560140182440539,0.23869472902481814,22
64,7,"DenseLayer( 128,64 )","biases",0.066316445761639878,0.069564780804707446,0.13801555890268041,0.060011660004772302,22
64,10,"DenseLayer( 64,1 )","all",0.15174819589979649,0.15798761395864974,0.23986482793129141,0.12925137457509442,22
64,10,"DenseLayer( 64,1 )","weights",0.1417412147061769,0.14626298101935897,0.22718173784899065,0.12875020896859782,22
64,10,"DenseLayer( 64,1 )","biases",0.047091213520616293,0.059726263466568674,0.1419757753610611,0.011371082626283169,22
65,0,"Conv2DLayer(1,8,5, stride=5, padding=0)","all",0.32413213411947067,0.35176546847993062,0.87059590319534996,0.35308560098743635,22
65,0,"Conv2DLayer(1,8,5, stride=5, padding=0)","weights",0.31748008865085392,0.34543833784563438,0.86181996366856406,0.34325789973976722,22
65,0,"Conv2DLayer(1,8,5, stride=5, padding=0)","biases",0.063069583010324295,0.066417614842377626,0.1233027853815237,0.082725182930610791,22
65,4,"DenseLayer( 7202,128 )","all",1.9983422200875578,2.077646596852214,3.6930070339264396,2.3598075437684334,22
65,4,"DenseLayer( 7202,128 )","weights",1.997482294591254,2.0767544065262245,3.6913624542869479,2.3587122540735699,22
65,4,"DenseLayer( 7202,128 )","biases",0.058578844134713731,0.060881166098358877,0.11020065204343925,0.071889819234610353,22
65,7,"DenseLayer( 128,64 )","all",0.19853402492512828,0.20624192824701632,0.34871013406683155,0.18883535933261958,22
65,7,"DenseLayer( 128,64 )","weights",0.18541657714949844,0.19309123378292159,0.33678019396248682,0.17019688227117402,22
65,7,"DenseLayer( 128,64 )","biases",0.06954566429999387,0.072467291954622828,0.11128128123274063,0.081803509701306093,22
65,10,"DenseLayer( 64,1 )","all",0.15350548087167407,0.16166856947801778,0.27399993650481436,0.11261718952938518,22
65,10,"DenseLayer( 64,1 )","weights",0.1360768357276208,0.14346763027582632,0.25765094016786738,0.093790385774462887,22
65,10,"DenseLayer( 64,1 )","biases",0.065314158500934194,0.07452358968881917,0.1191791445016861,0.06233774870634079,22
66,0,"Conv2DLayer(1,8,5, stride=5, padding=0)","all",0.3218120256670981,0.34651714112200571,0.61111391529051917,0.22903018044213291,22
66,0,"Conv2DLayer(1,8,5, stride=5, padding=0)","weights",0.31456529635928648,0.33947066853865426,0.59988208019851164,0.2249708926531884,22
66,0,"Conv2DLayer(1,8,5, stride=5, padding=0)","biases",0.065982849393324411,0.069525493837060415,0.11662635773449471,0.04292925590065063,22
66,4,"DenseLayer( 7202,128 )","all",1.9376300929127979,2.0083125467398135,3.3101303150088044,1.5723341655963878,22
66,4,"DenseLayer( 7202,128 )","weights",1.9368108130557717,2.0074648247317493,3.3087331942212117,1.5715833312477125,22
66,4,"DenseLayer( 7202,128 )","biases",0.05631074427608012,0.058346061197691632,0.096163151981328562,0.048585607395939721,22
66,7,"DenseLayer( 128,64 )","all",0.19441755636802702,0.1987157558412285,0.30973663765486847,0.16611992351248203,22
66,7,"DenseLayer( 128,64 )","weights",0.18282550666682071,0.18651863531694249,0.28444350344939989,0.15770969422902059,22
66,7,"DenseLayer( 128,64 )","biases",0.065239971532605134,0.06854743101718809,0.12259150888693116,0.052186984335001699,22
66,10,"DenseLayer( 64,1 )","all",0.14153036187479168,0.14876878222952669,0.28847989185622386,0.16489354612803464,22
66,10,"DenseLayer( 64,1 )","weights",0.12892039251474702,0.1339225513036113,0.23190140418871658,0.13106018232586825,22
66,10,"DenseLayer( 64,1 )","biases",0.050851271064444023,0.06478349186627673,0.17158783972263336,0.10006552934646606,22
67,0,"Conv2DLayer(1,8,5, stride=5, padding=0)","all",0.35450381782396634,0.39458157039767838,0.78829596693706183,0.10842736552103535,22
67,0,"Conv2DLayer(1,8,5, stride=5, padding=0)","weights",0.34736643971506276,0.38705504693086318,0.77995231258982611,0.099963839652247616,22
67,0,"Conv2DLayer(1,8,5, stride=5, padding=0)","biases",0.069497134935670363,0.076700758424185805,0.14864523521921527,0.041996718393368965,22
67,4,"DenseLayer( 7202,128 )","all",2.0108309044602741,2.1131972536325496,3.6475496708392683,1.9185968080162366,22
67,4,"DenseLayer( 7202,128 )","weights",2.0099771691804511,2.1122967296716681,3.6458606265337905,1.9177831180459359,22
67,4,"DenseLayer( 7202,128 )","biases",0.058567539512096173,0.061685967436075358,0.11099050919015215,0.055871494235423771,22
67,7,"DenseLayer( 128,64 )","all",0.19597786271057771,0.20259559297517127,0.32731463280373807,0.23199438155144086,22
67,7,"DenseLayer( 128,64 )","weights",0.18209912813148563,0.188377277734608,0.31299042656025616,0.22785422740697059,22
67,7,"DenseLayer( 128,64 )","biases",0.069395834651286459,0.074558537581283224,0.14212084192294919,0.043633062283182228,22
67,10,"DenseLayer( 64,1 )","all",0.14525776247119893,0.15079498797609117,0.21853667128008364,0.14194918324654507,22
67,10,"DenseLayer( 64,1 )","weights",0.12689466324030801,0.1311981628161491,0.19016971932734453,0.13621548834222963,22
67,10,"DenseLayer( 64,1 )","biases",0.066312573511492126,0.074338216768878071,0.14392721652984619,0.039936341345310211,22
68,0,"Conv2DLayer(1,8,5, stride=5, padding=0)","all",0.36002014673326582,0.38655527925958189,0.65340875931375675,0.47844591025085986,22
68,0,"Conv2DLayer(1,8,5, stride=5, padding=0)","weights",0.35201668232447964,0.37805608589755152,0.63906654036724375,0.45782095007892348,22
68,0,"Conv2DLayer(1,8,5, stride=5, padding=0)","biases",0.073559603823083117,0.08061376953893501,0.14789958305084133,0.13896210528271982,22
68,4,"DenseLayer( 7202,128 )","all",2.0915665835169137,2.2019530344026954,3.8682371853089679,3.8682371853089679,22
68,4,"DenseLayer( 7202,128 )","weights",2.0906828401528181,2.2010201698756382,3.8668327551342485,3.8668327551342485,22
68,4,"DenseLayer( 7202,128 )","biases",0.060751625055075205,0.064088825202648983,0.10422747060120038,0.10422747060120038,22
68,7,"DenseLayer( 128,64 )","all",0.21255087393241548,0.22777220245043647,0.51410042344751694,0.51410042344751694,22
68,7,"DenseLayer( 128,64 )","weights",0.1981684278364258,0.21277810249635815,0.4974269400451331,0.4974269400451331,22
68,7,"DenseLayer( 128,64 )","biases",0.074224180557164662,0.081275182603128784,0.16560641169294485,0.12986795103585719,22
68,10,"DenseLayer( 64,1 )","all",0.15692854805503786,0.17228381967464712,0.34728746482080303,0.34728746482080303,22
68,10,"DenseLayer( 64,1 )","weights",0.14101610014246646,0.15411867595202289,0.33787713646309236,0.33787713646309236,22
68,10,"DenseLayer( 64,1 )","biases",0.060655503618446266,0.077000962620487307,0.17333380877971649,0.080297097563743591,22
69,0,"Conv2DLayer(1,8,5, stride=5, padding=0)","all",0.3889256164818875,0.44811611178794769,1.0433485084968703,0.56070911857420747,22
69,0,"Conv2DLayer(1,8,5, stride=5, padding=0)","weights",0.38126921689209786,0.44035564433177748,1.0283953776901751,0.55294796653347678,22
69,0,"Conv2DLayer(1,8,5, stride=5, padding=0)","biases",0.075010511467634308,0.083035872664129276,0.17600868537696179,0.092969145197520364,22
69,4,"DenseLayer( 7202,128 )","all",2.2061364261435825,2.3310345735486884,4.5003046828418185,2.6587915367964206,22
69,4,"DenseLayer( 7202,128 )","weights",2.2051835674001259,2.3300293709114377,4.4983447497144722,2.6576618458366066,22
69,4,"DenseLayer( 7202,128 )","biases",0.064817485653482568,0.068449351854968463,0.13280343039337508,0.0774980601346381,22
69,7,"DenseLayer( 128,64 )","all",0.21522681526858403,0.22463728482429043,0.37357957844970358,0.29634758085354024,22
69,7,"DenseLayer( 128,64 )","weights",0.20050693759814675,0.20868331884323024,0.33856426368823456,0.27717433300279365,22
69,7,"DenseLayer( 128,64 )","biases",0.076830590485231068,0.083145548105740957,0.15791118005987362,0.10486313843387497,22
69,10,"DenseLayer( 64,1 )","all",0.15620252209382296,0.16518576389053569,0.26402506165428496,0.21625474451300897,22
69,10,"DenseLayer( 64,1 )","weights",0.1352797001237433,0.14178767727294345,0.23358074688990671,0.17540167277380006,22
69,10,"DenseLayer( 64,1 )","biases",0.070716262689198964,0.084750169118671601,0.15190058946609497,0.12649255990982056,22
70,0,"Conv2DLayer(1,8,5, stride=5, padding=0)","all",0.39647212499057921,0.42011530578829798,0.74155407658842043,0.51956951534115514,22
70,0,"Conv2DLayer(1,8,5, stride=5, padding=0)","weights",0.38921419325024248,0.41284038754238328,0.72937916374471279,0.50805817356551097,22
70,0,"Conv2DLayer(1,8,5, stride=5, padding=0)","biases",0.073776522405455638,0.077843975819904751,0.1338225840430842,0.10876292357747679,22
70,4,"DenseLayer( 7202,128 )","all",2.1090816383346493,2.1758674630344599,3.5582347780048051,3.2957106800186571,22
70,4,"DenseLayer( 7202,128 )","weights",2.1081816095261874,2.1749414101984508,3.55683047037303,3.2941953821121377,22
70,4,"DenseLayer( 7202,128 )","biases",0.061573823648551025,0.063475025765969736,0.09995869361329883,0.099928328616594314,22
70,7,"DenseLayer( 128,64 )","all",0.2102765359740211,0.21679337417325431,0.33451420253853642,0.33451420253853642,22
70,7,"DenseLayer( 128,64 )","weights",0.19656559540155225,0.20249849144970761,0.30229767639210109,0.30229767639210109,22
70,7,"DenseLayer( 128,64 )","biases",0.073038661181062253,0.077419171049665406,0.14323360830450887,0.14323360830450887,22
70,10,"DenseLayer( 64,1 )","all",0.16515392785787764,0.17343616654138042,0.33688202698413455,0.33688202698413455,22
70,10,"DenseLayer( 64,1 )","weights",0.14952192276268403,0.15569906605322231,0.26641309613115066,0.26641309613115066,22
70,10,"DenseLayer( 64,1 )","biases",0.060768121303143824,0.076406182306955769,0.20618817210197449,0.20618817210197449,22
71,0,"Conv2DLayer(1,8,5, stride=5, padding=0)","all",0.4267916611463185,0.45204113621379838,0.77953816009162324,0.52893164818562621,22
71,0,"Conv2DLayer(1,8,5, stride=5, padding=0)","weights",0.41989001057478897,0.44519111584530002,0.77203149411414329,0.52076128651915776,22
71,0,"Conv2DLayer(1,8,5, stride=5, padding=0)","biases",0.074812922685579319,0.078396806069370467,0.1439908035152635,0.092608697838133427,22
71,4,"DenseLayer( 7202,128 )","all",2.1063149950621245,2.1584018659463258,3.1309221338652957,2.6664248582395982,22
71,4,"DenseLayer( 7202,128 )","weights",2.1054293335319296,2.1574930486892621,3.1296184275692029,2.6651901464847882,22
71,4,"DenseLayer( 7202,128 )","biases",0.061052377826059663,0.062628745621279694,0.090343268409369445,0.081135736383275023,22
71,7,"DenseLayer( 128,64 )","all",0.20629090619982202,0.21091690402847499,0.3134131043316486,0.23343558674953313,22
71,7,"DenseLayer( 128,64 )","weights",0.19363506463831151,0.19803710386775142,0.30196047155313938,0.21333614744676546,22
71,7,"DenseLayer( 128,64 )","biases",0.070006124383399676,0.072575794150876269,0.11482048611576823,0.094762130377439066,22
71,10,"DenseLayer( 64,1 )","all",0.16203307307537182,0.16796200084450993,0.25674014023742286,0.21031191181436126,22
71,10,"DenseLayer( 64,1 )","weights",0.14630799442315304,0.15203531080965835,0.25572016024632632,0.16599154674313818,22
71,10,"DenseLayer( 64,1 )","biases",0.057334347352893514,0.071389761133524868,0.12914296984672546,0.12914296984672546,22
72,0,"Conv2DLayer(1,8,5, stride=5, padding=0)","all",0.4429531038283176,0.49670166356864565,1.1650514499659959,0.44634154394703784,22
72,0,"Conv2DLayer(1,8,5, stride=5, padding=0)","weights",0.43591893963752876,0.48910869509425076,1.1470069236310863,0.44140102236834006,22
72,0,"Conv2DLayer(1,8,5, stride=5, padding=0)","biases",0.077446615847384492,0.086517206237021332,0.20425473852574622,0.066226213127505054,22
72,4,"DenseLayer( 7202,128 )","all",2.3048232224109881,2.4672098448061264,5.2032977591343235,3.0745189699056521,22
72,4,"DenseLayer( 7202,128 )","weights",2.3038474608431936,2.4661681526573891,5.2011289832309719,3.0732803127818928,22
72,4,"DenseLayer( 7202,128 )","biases",0.067029298738533111,0.071687245216369114,0.15021607772483217,0.087264055469259971,22
72,7,"DenseLayer( 128,64 )","all",0.2365916334023945,0.24604939255529223,0.44021330234071182,0.30314101996228082,22
72,7,"DenseLayer( 128,64 )","weights",0.22264524192272039,0.23075439396083089,0.40022499335900896,0.28494470664467325,22
72,7,"DenseLayer( 128,64 )","biases",0.078705364767809399,0.085397384295995596,0.18332404710920003,0.10344559990136377,22
72,10,"DenseLayer( 64,1 )","all",0.18075709665273623,0.19142699244349456,0.30787163639686643,0.27287776904622496,22
72,10,"DenseLayer( 64,1 )","weights",0.16799456554624065,0.17707559955786051,0.26785860102781517,0.25752329684202263,22
72,10,"DenseLayer( 64,1 )","biases",0.060720015740530056,0.072722248845769055,0.15177850425243378,0.090244270861148834,22
73,0,"Conv2DLayer(1,8,5, stride=5, padding=0)","all",0.3763482564725576,0.41517350594492997,0.7809318949528139,0.49374159522254213,22
73,0,"Conv2DLayer(1,8,5, stride=5, padding=0)","weights",0.36938774033465205,0.40747638274104764,0.76382475674340722,0.47713683462594886,22
73,0,"Conv2DLayer(1,8,5, stride=5, padding=0)","biases",0.070214779634077046,0.079574100980633708,0.16256188218788445,0.12696930296741243,22
73,4,"DenseLayer( 7202,128 )","all",2.2535540872359494,2.4091447509007682,4.1176439654480692,4.0772582802750117,22
73,4,"DenseLayer( 7202,128 )","weights",2.2525930646261787,2.4081166046916964,4.1159902244016049,4.0754393594059701,22
73,4,"DenseLayer( 7202,128 )","biases",0.065784374430468182,0.070376480452356449,0.12177484089827116,0.12177484089827116,22
73,7,"DenseLayer( 128,64 )","all",0.22168632574623487,0.2333829260327982,0.40319094536917294,0.40319094536917294,22
73,7,"DenseLayer( 128,64 )","weights",0.20518197506489685,0.21549035055459112,0.36967454968588265,0.36967454968588265,22
73,7,"DenseLayer( 128,64 )","biases",0.082336173651744976,0.089618630772233837,0.16094615789830866,0.16094615789830866,22
73,10,"DenseLayer( 64,1 )","all",0.17915168012593694,0.19649744163880503,0.40022195650339137,0.40022195650339137,22
73,10,"DenseLayer( 64,1 )","weights",0.15200070982288552,0.16410183876418691,0.33016120607814919,0.33016120607814919,22
73,10,"DenseLayer( 64,1 )","biases",0.088869660330766986,0.10808251979301925,0.22621050477027893,0.22621050477027893,22
74,0,"Conv2DLayer(1,8,5, stride=5, padding=0)","all",0.40111326618529819,0.4231030763797472,0.62864866248645923,0.62711747310107091,22
74,0,"Conv2DLayer(1,8,5, stride=5, padding=0)","weights",0.39309765880971564,0.41463643788525401,0.6210647146481979,0.60838462848283803,22
74,0,"Conv2DLayer(1,8,5, stride=5, padding=0)","biases",0.078098708870051672,0.084218986100724869,0.15213306312064917,0.15213306312064917,22
74,4,"DenseLayer( 7202,128 )","all",2.2009461663079972,2.2824705516783506,3.3187827073576814,3.3187827073576814,22
74,4,"DenseLayer( 7202,128 )","weights",2.200019823870516,2.2815099954424731,3.3174595658009602,3.3174595658009602,22
74,4,"DenseLayer( 7202,128 )","biases",0.063802340974869573,0.066211479178161739,0.096261258194014543,0.093705324993228437,22
74,7,"DenseLayer( 128,64 )","all",0.2165513797552179,0.22478550733958344,0.33127481587477364,0.26309441475231671,22
74,7,"DenseLayer( 128,64 )","weights",0.20215605317296462,0.20967536880679213,0.31466457358598049,0.21920978852933379,22
74,7,"DenseLayer( 128,64 )","biases",0.075025301691075699,0.081023231394764847,0.14548449981626493,0.14548449981626493,22
74,10,"DenseLayer( 64,1 )","all",0.16927769902459611,0.18187797615652124,0.33291157118322368,0.2051026211325076,22
74,10,"DenseLayer( 64,1 )","weights",0.14961946638164308,0.15985600119594615,0.31092289453242411,0.14517801431645633,22
74,10,"DenseLayer( 64,1 )","biases",0.070802202109586113,0.086750545199634169,0.1448807418346405,0.1448807418346405,22
75,0,"Conv2DLayer(1,8,5, stride=5, padding=0)","all",0.3825189009298306,0.42101986385031809,0.87229412772013559,0.70027132119806845,22
75,0,"Conv2DLayer(1,8,5, stride=5, padding=0)","weights",0.37425263695975391,0.41174619928509304,0.84670247654698327,0.6819874341062121,22
75,0,"Conv2DLayer(1,8,5, stride=5, padding=0)","biases",0.077965240624660134,0.087879423819349267,0.20974260765099065,0.15897503896433982,22
75,4,"DenseLayer( 7202,128 )","all",2.1958957238868209,2.3195515175725685,4.0802273980917656,4.0802273980917656,22
75,4,"DenseLayer( 7202,128 )","weights",2.1949480111271513,2.3185418201334369,4.0785515530235328,4.0785515530235328,22
75,4,"DenseLayer( 7202,128 )","biases",0.064482964353348493,0.068432966949670618,0.12560292599084691,0.11693096026300498,22
75,7,"DenseLayer( 128,64 )","all",0.21754814441343054,0.22660194465262459,0.41071686715899175,0.41071686715899175,22
75,7,"DenseLayer( 128,64 )","weights",0.20245425541548603,0.21020172005457061,0.37727738635165875,0.37727738635165875,22
75,7,"DenseLayer( 128,64 )","biases",0.077402864614509626,0.084638514911658649,0.16232719647846458,0.16232719647846458,22
75,10,"DenseLayer( 64,1 )","all",0.16361161352750286,0.17193524757959847,0.32688794134876603,0.32688794134876603,22
75,10,"DenseLayer( 64,1 )","weights",0.14478402614450211,0.14974009947455358,0.25669955083136231,0.25669955083136231,22
75,10,"DenseLayer( 64,1 )","biases",0.066865299129858613,0.084496342936298846,0.20238840579986572,0.20238840579986572,22
76,0,"Conv2DLayer(1,8,5, stride=5, padding=0)","all",0.46250468758915114,0.51130095649495466,0.89286778254062138,0.34742495545013996,22
76,0,"Conv2DLayer(1,8,5, stride=5, padding=0)","weights",0.45335243769752953,0.50121720015151305,0.87222332979700512,0.33880814880870735,22
76,0,"Conv2DLayer(1,8,5, stride=5, padding=0)","biases",0.08985410626550222,0.1010444772609253,0.19089091140447548,0.076896930825284315,22
76,4,"DenseLayer( 7202,128 )","all",2.3562368058002234,2.5020413601787359,4.2556843906082404,2.1797932607487192,22
76,4,"DenseLayer( 7202,128 )","weights",2.3552220027541164,2.500957330646858,4.2538026795982589,2.1788678578886107,22
76,4,"DenseLayer( 7202,128 )","biases",0.069129531656215951,0.073643725658071535,0.12654009447326905,0.063509979258615665,22
76,7,"DenseLayer( 128,64 )","all",0.23151463404890643,0.24093320630544982,0.36638788744952894,0.25505456806636345,22
76,7,"DenseLayer( 128,64 )","weights",0.21442668244363033,0.22253961198470099,0.33569528960478173,0.24614653963410824,22
76,7,"DenseLayer( 128,64 )","biases",0.083979008052709928,0.092330552897311166,0.1847570660960568,0.066818513285418199,22
76,10,"DenseLayer( 64,1 )","all",0.18112072987640174,0.19468995333485761,0.3489064030132038,0.16480148293508018,22
76,10,"DenseLayer( 64,1 )","weights",0.1594465876967964,0.16886886241730456,0.24695206198861927,0.16450964086061134,22
76,10,"DenseLayer( 64,1 )","biases",0.075466534122824669,0.096889035682137414,0.24647587537765503,0.0098034096881747246,22
77,0,"Conv2DLayer(1,8,5, stride=5, padding=0)","all",0.44162715962671661,0.50788266376288971,1.2403734985488235,1.2403734985488235,22
77,0,"Conv2DLayer(1,8,5, stride=5, padding=0)","weights",0.43480870390098469,0.50085480794623027,1.2311808473252659,1.2311808473252659,22
77,0,"Conv2DLayer(1,8,5, stride=5, padding=0)","biases",0.075451261791638857,0.084197752393002076,0.19363487674749452,0.15073200417193683,22
77,4,"DenseLayer( 7202,128 )","all",2.2275113505397943,2.376608857814444,4.6120455892487904,4.6120455892487904,22
77,4,"DenseLayer( 7202,128 )","weights",2.2265765156490276,2.3756187515072353,4.6103144482294143,4.6103144482294143,22
77,4,"DenseLayer( 7202,128 )","biases",0.064502990108446873,0.068594537167903646,0.13167261308614378,0.12635349522800313,22
77,7,"DenseLayer( 128,64 )","all",0.21860968445494944,0.22953032678800572,0.41217986138198937,0.41217986138198937,22
77,7,"DenseLayer( 128,64 )","weights",0.20516101994267605,0.21506017016426215,0.3888786706592407,0.3888786706592407,22
77,7,"DenseLayer( 128,64 )","biases",0.073985443588367381,0.080207818349131627,0.18109279685986707,0.1366221710967066,22
77,10,"DenseLayer( 64,1 )","all",0.17113450302240379,0.18436588650351787,0.33815329629488355,0.29718044260255333,22
77,10,"DenseLayer( 64,1 )","weights",0.1551655742659554,0.1660958862153229,0.30964990601709114,0.28371125039463402,22
77,10,"DenseLayer( 64,1 )","biases",0.065455807584591894,0.080018352198570966,0.2092214971780777,0.088454179465770721,22
78,0,"Conv2DLayer(1,8,5, stride=5, padding=0)","all",0.41237825805297246,0.45945871415484985,0.99442109191493755,0.56352959168193351,22
78,0,"Conv2DLayer(1,8,5, stride=5, padding=0)","weights",0.40613962524258113,0.45284440531967635,0.98174644527405941,0.55717285553622298,22
78,0,"Conv2DLayer(1,8,5, stride=5, padding=0)","biases",0.070154277842690432,0.077680464619469855,0.15826315186121162,0.084403849170626322,22
78,4,"DenseLayer( 7202,128 )","all",2.1642125959599756,2.2645313729950733,4.0686105153510166,3.0867828172924177,22
78,4,"DenseLayer( 7202,128 )","weights",2.1633030728074858,2.2635769769144423,4.066871934952597,3.0855097270840308,22
78,4,"DenseLayer( 7202,128 )","biases",0.062722172453065508,0.065738944787894132,0.11892935011922724,0.088644713331055669,22
78,7,"DenseLayer( 128,64 )","all",0.21794017435382981,0.22633303334083094,0.3875693747540479,0.28421496292946535,22
78,7,"DenseLayer( 128,64 )","weights",0.20420888681000732,0.21216348251345096,0.36399777107044268,0.27118063198322651,22
78,7,"DenseLayer( 128,64 )","biases",0.0745837004451088,0.078824480138001987,0.13781332938285693,0.085083547117966715,22
78,10,"DenseLayer( 64,1 )","all",0.16232901547476364,0.17254351791210734,0.3226997233482638,0.18980957972228849,22
78,10,"DenseLayer( 64,1 )","weights",0.15147902518095033,0.15981105092796677,0.2849563849861208,0.18850034135496235,22
78,10,"DenseLayer( 64,1 )","biases",0.051950057566335257,0.065051468659704501,0.15144295990467072,0.022255288437008858,22
79,0,"Conv2DLayer(1,8,5, stride=5, padding=0)","all",0.42725056374063863,0.44966092570287325,0.73877590429883433,0.73877590429883433,22
79,0,"Conv2DLayer(1,8,5, stride=5, padding=0)","weights",0.42122719251493235,0.44389314290117887,0.73257200939882028,0.73257200939882028,22
79,0,"Conv2DLayer(1,8,5, stride=5, padding=0)","biases",0.068794003764211617,0.071790151060424051,0.10981452267514595,0.095541026883404212,22
79,4,"DenseLayer( 7202,128 )","all",2.1458162827724938,2.2367026495446631,4.1615436502022938,4.1615436502022938,22
79,4,"DenseLayer( 7202,128 )","weights",2.1449140642197047,2.2357642904397443,4.1599099792935528,4.1599099792935528,22
79,4,"DenseLayer( 7202,128 )","biases",0.062196219650033975,0.06478255995699489,0.11659552612747501,0.11659552612747501,22
79,7,"DenseLayer( 128,64 )","all",0.21559747550732433,0.21954591967344711,0.3215884506748149,0.3215884506748149,22
79,7,"DenseLayer( 128,64 )","weights",0.20288186069433031,0.20654027713827422,0.3030160240357524,0.3030160240357524,22
79,7,"DenseLayer( 128,64 )","biases",0.071626879977427019,0.074441418342912902,0.12022106098752047,0.1077052495702608,22
79,10,"DenseLayer( 64,1 )","all",0.15692156250653888,0.16150419117564283,0.21008541130389838,0.19844015182798619,22
79,10,"DenseLayer( 64,1 )","weights",0.14439363270853225,0.14835934983645566,0.19212670289136521,0.17292392903921733,22
79,10,"DenseLayer( 64,1 )","biases",0.053216533100401815,0.063820898484765534,0.12395389378070831,0.097343765199184418,22
80,0,"Conv2DLayer(1,8,5, stride=5, padding=0)","all",0.4369080530584819,0.50421565118288958,1.2452029608043742,0.58990823195759012,22
80,0,"Conv2DLayer(1,8,5, stride=5, padding=0)","weights",0.43015425512093636,0.49691760589614098,1.2250520309393533,0.58482735795831853,22
80,0,"Conv2DLayer(1,8,5, stride=5, padding=0)","biases",0.074322188603390099,0.085476990168307149,0.22310969294798835,0.077257255418651624,22
80,4,"DenseLayer( 7202,128 )","all",2.2622418390965535,2.439188215565756,5.2087659014097225,3.0384186374614686,22
80,4,"DenseLayer( 7202,128 )","weights",2.261275705296824,2.4381413302435391,5.2064249782439367,3.037134218921627,22
80,4,"DenseLayer( 7202,128 )","biases",0.066066603196369908,0.071456313318863082,0.15614468164578441,0.088337719738087905,22
80,7,"DenseLayer( 128,64 )","all",0.23177753603996548,0.24633836474146101,0.48469998649280749,0.37315576901505132,22
80,7,"DenseLayer( 128,64 )","weights",0.21745495138314919,0.23026169844164385,0.43811039673008423,0.35476119001120526,22
80,7,"DenseLayer( 128,64 )","biases",0.078335701325667487,0.087533651667610346,0.20734839566086818,0.11571398364522696,22
80,10,"DenseLayer( 64,1 )","all",0.16374465546104172,0.17495450672102469,0.3496744011035583,0.21450751842445112,22
80,10,"DenseLayer( 64,1 )","weights",0.14905056689619861,0.1593015360830296,0.30686000288644755,0.21424758160373242,22
80,10,"DenseLayer( 64,1 )","biases",0.059491851324723524,0.07233325669140224,0.1676577627658844,0.010556952096521854,22
81,0,"Conv2DLayer(1,8,5, stride=5, padding=0)","all",0.36786050833248074,0.38882770862741378,0.70855852895987159,0.27624748825477846,22
81,0,"Conv2DLayer(1,8,5, stride=5, padding=0)","weights",0.36209030037338946,0.38306297247280596,0.70198061528632061,0.27106987609989425,22
81,0,"Conv2DLayer(1,8,5, stride=5, padding=0)","biases",0.06320727634646317,0.06670641735802682,0.1107090571425028,0.053233420313389027,22
81,4,"DenseLayer( 7202,128 )","all",1.9314160974399006,1.9613889417063795,2.4042464532586618,1.7951607682360469,22
81,4,"DenseLayer( 7202,128 )","weights",1.9305999811205452,1.9605587524054571,2.4032703834126981,1.7944765296259175,22
81,4,"DenseLayer( 7202,128 )","biases",0.056127476209448558,0.057061011333743181,0.072023820338600567,0.049559746120790157,22
81,7,"DenseLayer( 128,64 )","all",0.19745602454386041,0.20084916807842212,0.26625585097185944,0.17445782021579528,22
81,7,"DenseLayer( 128,64 )","weights",0.18490567118727741,0.18839967087476031,0.25147914688437045,0.15672907637030703,22
81,7,"DenseLayer( 128,64 )","biases",0.067912106503628791,0.069612874758023455,0.094658730291463836,0.07662589415176313,22
81,10,"DenseLayer( 64,1 )","all",0.14413934080254545,0.14940738081468605,0.22906702698562306,0.10495832914206857,22
81,10,"DenseLayer( 64,1 )","weights",0.13292400398532245,0.1382166767741542,0.20134040768575234,0.096324813466378278,22
81,10,"DenseLayer( 64,1 )","biases",0.048308224988762631,0.056733726331112816,0.12607714533805847,0.041686702519655228,22
82,0,"Conv2DLayer(1,8,5, stride=5, padding=0)","all",0.3467504781497931,0.36459575098631436,0.54599460485918505,0.49327108350885879,22
82,0,"Conv2DLayer(1,8,5, stride=5, padding=0)","weights",0.34020388822672015,0.35811952383836998,0.54177579374480844,0.48831013845173554,22
82,0,"Conv2DLayer(1,8,5, stride=5, padding=0)","biases",0.065159921482370584,0.068413948015398948,0.10393901898494419,0.069782308010343186,22
82,4,"DenseLayer( 7202,128 )","all",2.0272107302128188,2.094793737241849,2.9593186179614186,2.5236600053774132,22
82,4,"DenseLayer( 7202,128 )","weights",2.0263396567031973,2.0938899677322107,2.957943195152259,2.5227633966646841,22
82,4,"DenseLayer( 7202,128 )","biases",0.059365308391224218,0.061527267272939008,0.090214948126810052,0.067265646435532803,22
82,7,"DenseLayer( 128,64 )","all",0.20818003227648874,0.21490072156225556,0.30061515735907973,0.23560835236639657,22
82,7,"DenseLayer( 128,64 )","weights",0.19283579140184975,0.19892473680427297,0.27981177759249215,0.22807135904236769,22
82,7,"DenseLayer( 128,64 )","biases",0.076504995929057865,0.081309711691339978,0.12989833506693188,0.05911641810339574,22
82,10,"DenseLayer( 64,1 )","all",0.15974460227783441,0.17030631959540748,0.28039732820935936,0.14598963622066316,22
82,10,"DenseLayer( 64,1 )","weights",0.13594192941655542,0.1427210778529924,0.23280340778165887,0.14486911108758571,22
82,10,"DenseLayer( 64,1 )","biases",0.072135056051510299,0.092924358650534458,0.17183259129524231,0.018053103238344193,22
83,0,"Conv2DLayer(1,8,5, stride=5, padding=0)","all",0.3483667602865822,0.37419678119126343,0.76911303630360739,0.76911303630360739,22
83,0,"Conv2DLayer(1,8,5, stride=5, padding=0)","weights",0.3424118883399595,0.36795051082826252,0.7562818293399417,0.7562818293399417,22
83,0,"Conv2DLayer(1,8,5, stride=5, padding=0)","biases",0.063288181228493084,0.068085627228681403,0.13990231314165388,0.13990231314165388,22
83,4,"DenseLayer( 7202,128 )","all",1.9555197798789064,2.052366901073837,4.3618290340286148,4.3618290340286148,22
83,4,"DenseLayer( 7202,128 )","weights",1.9546792914086413,2.0514788126305987,4.3598658494924134,4.3598658494924134,22
83,4,"DenseLayer( 7202,128 )","biases",0.057312427762353645,0.060370339995513965,0.13085219342750976,0.13085219342750976,22
83,7,"DenseLayer( 128,64 )","all",0.2062754521438292,0.21366602283150346,0.36737189628673678,0.36737189628673678,22
83,7,"DenseLayer( 128,64 )","weights",0.19450057488655181,0.20121646333754525,0.34116932052660331,0.34116932052660331,22
83,7,"DenseLayer( 128,64 )","biases",0.068275639619482936,0.071868659334670057,0.13625566011263049,0.13625566011263049,22
83,10,"DenseLayer( 64,1 )","all",0.15216987903903659,0.16204704126957298,0.35106571774802203,0.26208569747447291,22
83,10,"DenseLayer( 64,1 )","weights",0.13762361860511413,0.14425859108708408,0.25907918759126713,0.25794835490400381,22
83,10,"DenseLayer( 64,1 )","biases",0.059097817929630932,0.073815326875874165,0.23690739274024963,0.046384900808334351,22
84,0,"Conv2DLayer(1,8,5, stride=5, padding=0)","all",0.32777586198937775,0.36583496539180677,0.72889998277590839,0.49214136832540367,22
84,0,"Conv2DLayer(1,8,5, stride=5, padding=0)","weights",0.32125058077151269,0.35894869923619027,0.71991809595348699,0.47779771172796837,22
84,0,"Conv2DLayer(1,8,5, stride=5, padding=0)","biases",0.063684355792385849,0.070647386504183673,0.11839693362374543,0.11795114702586784,22
84,4,"DenseLayer( 7202,128 )","all",1.9364335251947256,2.0409486972693021,3.550974364344655,2.6961588444887719,22
84,4,"DenseLayer( 7202,128 )","weights",1.9356170081160147,2.0400892882346167,3.5495791264576417,2.6948671930364632,22
84,4,"DenseLayer( 7202,128 )","biases",0.056193523223873401,0.05922230083031714,0.099533719156526895,0.083446549424195882,22
84,7,"DenseLayer( 128,64 )","all",0.20501508847397398,0.213882653472732,0.33902500042870115,0.22508805638130824,22
84,7,"DenseLayer( 128,64 )","weights",0.19186914530116739,0.20007628756575874,0.32081630101675379,0.18916304624454386,22
84,7,"DenseLayer( 128,64 )","biases",0.070453590175111519,0.07559939556928065,0.12199170078738783,0.12199170078738783,22
84,10,"DenseLayer( 64,1 )","all",0.14828331035508127,0.15792013536968905,0.26039615742730882,0.18500690176474324,22
84,10,"DenseLayer( 64,1 )","weights",0.13071044714740707,0.13763695286173752,0.22510418080482167,0.13339893541784734,22
84,10,"DenseLayer( 64,1 )","biases",0.062885395674542946,0.077426341526103115,0.14285096526145935,0.12818844616413116,22
85,0,"Conv2DLayer(1,8,5, stride=5, padding=0)","all",0.40372798201609472,0.43537054999900388,0.87281375726893851,0.4701400094822708,22
85,0,"Conv2DLayer(1,8,5, stride=5, padding=0)","weights",0.39645502123883497,0.4276440021705859,0.86358981119282652,0.46386238015892617,22
85,0,"Conv2DLayer(1,8,5, stride=5, padding=0)","biases",0.073435023364616756,0.081658577099769619,0.15868870244167019,0.07657232391200848,22
85,4,"DenseLayer( 7202,128 )","all",2.1699983062377823,2.2828104778969185,3.6612764204270101,2.4802911935013019,22
85,4,"DenseLayer( 7202,128 )","weights",2.1690595433290856,2.2818208499828927,3.6597196189526637,2.4793105978747056,22
85,4,"DenseLayer( 7202,128 )","biases",0.063801053890709974,0.067210762377064678,0.10675831315542435,0.069737822064372165,22
85,7,"DenseLayer( 128,64 )","all",0.2089513675101137,0.21867884709975,0.34437636171884539,0.19575375961373948,22
85,7,"DenseLayer( 128,64 )","weights",0.192402278533395,0.20123107873549351,0.31103951647994033,0.18409500691576272,22
85,7,"DenseLayer( 128,64 )","biases",0.080170382602164747,0.085594924614870935,0.14781575592146443,0.066547447972097148,22
85,10,"DenseLayer( 64,1 )","all",0.16047646761810033,0.17440607887748993,0.30755647092490945,0.11158850310482332,22
85,10,"DenseLayer( 64,1 )","weights",0.14372937680395731,0.15468119417185322,0.27720401141448947,0.11121840038845882,22
85,10,"DenseLayer( 64,1 )","biases",0.0634041135199368,0.08056803658393745,0.18866820633411407,0.0090808281674981117,22
86,0,"Conv2DLayer(1,8,5, stride=5, padding=0)","all",0.37514506574293893,0.40052262804639965,0.66826532572907316,0.66826532572907316,22
86,0,"Conv2DLayer(1,8,5, stride=5, padding=0)","weights",0.3687342194090189,0.39418695045442659,0.65868027373620353,0.65868027373620353,22
86,0,"Conv2DLayer(1,8,5, stride=5, padding=0)","biases",0.067419774436557445,0.070957900678036201,0.11277784606288745,0.11277784606288745,22
86,4,"DenseLayer( 7202,128 )","all",2.0193880761332235,2.1138148027216608,3.6282289265135454,3.6282289265135454,22
86,4,"DenseLayer( 7202,128 )","weights",2.0185390200509779,2.1129272347775143,3.6266502614804121,3.6266502614804121,22
86,4,"DenseLayer( 7202,128 )","biases",0.058525862901419562,0.061249659106491543,0.10701880252410326,0.10701880252410326,22
86,7,"DenseLayer( 128,64 )","all",0.20326238233008637,0.20981130506230156,0.34100717484744231,0.29623960437090219,22
86,7,"DenseLayer( 128,64 )","weights",0.18987215911465555,0.19584221395586693,0.32787282137348983,0.2514410317278119,22
86,7,"DenseLayer( 128,64 )","biases",0.070811730337245582,0.075276895292052351,0.15663751390226457,0.15663751390226457,22
86,10,"DenseLayer( 64,1 )","all",0.15268132837712273,0.16556172670457001,0.32381982019380551,0.22391091654925699,22
86,10,"DenseLayer( 64,1 )","weights",0.13766441142665142,0.14795273875853376,0.29997765547829092,0.16179008055554692,22
86,10,"DenseLayer( 64,1 )","biases",0.056077840907329861,0.0743012277371497,0.15857720375061035,0.15479040145874023,22
87,0,"Conv2DLayer(1,8,5, stride=5, padding=0)","all",0.37774807877686156,0.40004631224453907,0.61703298994664713,0.47266765093407864,22
87,0,"Conv2DLayer(1,8,5, stride=5, padding=0)","weights",0.37228057200336251,0.39433966541815008,0.61022745794542044,0.46022733738503913,22
87,0,"Conv2DLayer(1,8,5, stride=5, padding=0)","biases",0.062767474453953698,0.06732963848378154,0.11659125604872232,0.10772885483015857,22
87,4,"DenseLayer( 7202,128 )","all",1.9983997843103705,2.0552046036094076,3.1850734969836769,2.5869340798615323,22
87,4,"DenseLayer( 7202,128 )","weights",1.9975589828308313,2.0543368876167656,3.1837884248005466,2.5857756222295927,22
87,4,"DenseLayer( 7202,128 )","biases",0.057938073390095199,0.059715281749007615,0.090467935169768879,0.077410367730666049,22
87,7,"DenseLayer( 128,64 )","all",0.19465010358215828,0.19842711069513866,0.25208795228138497,0.21461389904476266,22
87,7,"DenseLayer( 128,64 )","weights",0.18181207098574523,0.18534218569817351,0.24549782985848445,0.18402720979262419,22
87,7,"DenseLayer( 128,64 )","biases",0.067518811397926273,0.07086319537986252,0.11042242398687444,0.11042242398687444,22
87,10,"DenseLayer( 64,1 )","all",0.1354174703553285,0.14236258865865997,0.21661182146978369,0.14886097731302869,22
87,10,"DenseLayer( 64,1 )","weights",0.1274214309426828,0.13288669616701929,0.20091518388726168,0.12692106070455872,22
87,10,"DenseLayer( 64,1 )","biases",0.039920429085296666,0.051070858925703684,0.11656979471445084,0.077785827219486237,22
88,0,"Conv2DLayer(1,8,5, stride=5, padding=0)","all",0.35347677339169242,0.393067274173243,0.71208882234372073,0.71208882234372073,22
88,0,"Conv2DLayer(1,8,5, stride=5, padding=0)","weights",0.34764632030949427,0.38687187597108308,0.70039872303469186,0.70039872303469186,22
88,0,"Conv2DLayer(1,8,5, stride=5, padding=0)","biases",0.062268149162893735,0.069512830532199144,0.12849949291043961,0.12849949291043961,22
88,4,"DenseLayer( 7202,128 )","all",1.8475345882001757,1.9434149613641531,3.4033330680512095,3.00330485130536,22
88,4,"DenseLayer( 7202,128 )","weights",1.8467428010332736,1.9425793875032253,3.4017700546293197,3.002024526143757,22
88,4,"DenseLayer( 7202,128 )","biases",0.054067358130587863,0.056982763197533683,0.10313325127277635,0.087685656213892099,22
88,7,"DenseLayer( 128,64 )","all",0.18481324658747827,0.19693702717557468,0.34671698489850217,0.28929903974942922,22
88,7,"DenseLayer( 128,64 )","weights",0.17353622078211856,0.18509706316047636,0.3363191173675435,0.25606144018519211,22
88,7,"DenseLayer( 128,64 )","biases",0.062102202076425229,0.067255259140974757,0.13463459158116503,0.13463459158116503,22
88,10,"DenseLayer( 64,1 )","all",0.13743333329992499,0.15660288920275778,0.35293046352129004,0.18087966693185278,22
88,10,"DenseLayer( 64,1 )","weights",0.12832914626187669,0.145547683270707,0.33022488040152542,0.16060289027512506,22
88,10,"DenseLayer( 64,1 )","biases",0.045872337692840534,0.05779564690511891,0.12454493343830109,0.083211570978164673,22
89,0,"Conv2DLayer(1,8,5, stride=5, padding=0)","all",0.3319620571350308,0.35721085410922843,0.66587900756797114,0.29340845905737573,22
89,0,"Conv2DLayer(1,8,5, stride=5, padding=0)","weights",0.32615774300419742,0.35108139006367484,0.65635239919895483,0.28277840970680063,22
89,0,"Conv2DLayer(1,8,5, stride=5, padding=0)","biases",0.059594952722779058,0.06588969452351609,0.12533368892953295,0.078261707431645886,22
89,4,"DenseLayer( 7202,128 )","all",1.8458745757085915,1.9058880713404349,3.1493646203386509,1.5092090466873915,22
89,4,"DenseLayer( 7202,128 )","weights",1.8451037512376143,1.9050863476389259,3.1479377714578711,1.5085554483804864,22
89,4,"DenseLayer( 7202,128 )","biases",0.053312951339873085,0.055275207078219507,0.094790816378309037,0.044411775067137921,22
89,7,"DenseLayer( 128,64 )","all",0.19167266098249719,0.19436667931480772,0.24353146308773524,0.17403611910185462,22
89,7,"DenseLayer( 128,64 )","weights",0.17997192572680032,0.18234150323883588,0.22114912982365895,0.16432031616038267,22
89,7,"DenseLayer( 128,64 )","biases",0.063623549039108995,0.067305142630165446,0.12582904496915859,0.057335891455412187,22
89,10,"DenseLayer( 64,1 )","all",0.14204801476218881,0.14676017983292949,0.22160605155914936,0.14451376786158532,22
89,10,"DenseLayer( 64,1 )","weights",0.1322295285637598,0.13621071305675023,0.21641215256943375,0.14024401312537152,22
89,10,"DenseLayer( 64,1 )","biases",0.041218245846473357,0.054636910904309548,0.12448851019144058,0.034868981689214706,22
90,0,"Conv2DLayer(1,8,5, stride=5, padding=0)","all",0.36100282252299076,0.40794394763131731,0.80881735010408706,0.66922616734176832,22
90,0,"Conv2DLayer(1,8,5, stride=5, padding=0)","weights",0.35521937632577516,0.40185811826799844,0.79224371481265887,0.66243794052158189,22
90,0,"Conv2DLayer(1,8,5, stride=5, padding=0)","biases",0.062615880998135254,0.070201974268009934,0.16289690656742276,0.095077010956790373,22
90,4,"DenseLayer( 7202,128 )","all",1.9345379367028943,2.0568250385437596,3.7860631225472985,3.3945752736469457,22
90,4,"DenseLayer( 7202,128 )","weights",1.933737295414685,2.0559718115893344,3.7844468750967697,3.3933026967012019,22
90,4,"DenseLayer( 7202,128 )","biases",0.055618467567944141,0.05923807163142264,0.11061562946932374,0.092941363318958595,22
90,7,"DenseLayer( 128,64 )","all",0.19409224502557043,0.20053743612122923,0.31798949842540647,0.27126978364883486,22
90,7,"DenseLayer( 128,64 )","weights",0.18207045016581913,0.18750386797504981,0.277759633667644,0.25352872957329392,22
90,7,"DenseLayer( 128,64 )","biases",0.064990083128612319,0.071116543648234096,0.15481248985032764,0.096490822371027907,22
90,10,"DenseLayer( 64,1 )","all",0.14004369396225172,0.14569400988719519,0.24755365104254853,0.1939150883713881,22
90,10,"DenseLayer( 64,1 )","weights",0.12883041748954929,0.13267804132495539,0.18950216670678058,0.18950216670678058,22
90,10,"DenseLayer( 64,1 )","biases",0.04656999932856045,0.060193702886461184,0.16660295426845551,0.041133809834718704,22
91,0,"Conv2DLayer(1,8,5, stride=5, padding=0)","all",0.33146941050174689,0.36324554819574961,0.68451290163803369,0.22372480074999196,22
91,0,"Conv2DLayer(1,8,5, stride=5, padding=0)","weights",0.32532552549702654,0.3572050366391491,0.67954125743895222,0.21978639015769452,22
91,0,"Conv2DLayer(1,8,5, stride=5, padding=0)","biases",0.062073837967181175,0.065968856922450539,0.11455129004307213,0.041793889171424063,22
91,4,"DenseLayer( 7202,128 )","all",1.9526673489449449,2.0005433064453655,2.9759843031640081,1.6683126578122676,22
91,4,"DenseLayer( 7202,128 )","weights",1.9518435030397556,1.999695542075006,2.9747514795156103,1.6675597855794713,22
91,4,"DenseLayer( 7202,128 )","biases",0.056693022065248191,0.058234525572922961,0.085651665472751146,0.050114725727868542,22
91,7,"DenseLayer( 128,64 )","all",0.18860425566109074,0.19142052445849983,0.26168146474182946,0.17248983567524973,22
91,7,"DenseLayer( 128,64 )","weights",0.17465933882879131,0.17695120787848762,0.23643843899086328,0.16411204886386133,22
91,7,"DenseLayer( 128,64 )","biases",0.069207330150106244,0.073007446293589753,0.12375875999776732,0.05310347285234969,22
91,10,"DenseLayer( 64,1 )","all",0.1324109676492794,0.13638136200020409,0.19721502030022631,0.12324935346334284,22
91,10,"DenseLayer( 64,1 )","weights",0.11564403588841607,0.11845702800385371,0.16561242662637976,0.11553734786024579,22
91,10,"DenseLayer( 64,1 )","biases",0.05784922419115901,0.067585563676904617,0.13613609969615936,0.042912986129522324,22
92,0,"Conv2DLayer(1,8,5, stride=5, padding=0)","all",0.40216796096609514,0.43882998550289354,0.84631657018118955,0.63220946589074589,22
92,0,"Conv2DLayer(1,8,5, stride=5, padding=0)","weights",0.39583989224304572,0.43205054563925827,0.83582872767400462,0.61156219946109136,22
92,0,"Conv2DLayer(1,8,5, stride=5, padding=0)","biases",0.06972892532569748,0.07683802567276786,0.1602513180980876,0.1602513180980876,22
92,4,"DenseLayer( 7202,128 )","all",1.963845790808179,2.0377961921481709,3.0715913555660816,3.0496554522561983,22
92,4,"DenseLayer( 7202,128 )","weights",1.9629967662241492,2.0369105730550778,3.0703229635344882,3.0483368094078824,22
92,4,"DenseLayer( 7202,128 )","biases",0.057710219231157857,0.060071941120787051,0.089672035133190928,0.089672035133190928,22
92,7,"DenseLayer( 128,64 )","all",0.21422804389480241,0.22156801989768168,0.339573766855293,0.28756210794131032,22
92,7,"DenseLayer( 128,64 )","weights",0.20022520566143098,0.20715764820110402,0.31720529652268553,0.25220845962404864,22
92,7,"DenseLayer( 128,64 )","biases",0.073288984097921978,0.078600866618422804,0.13814072106990913,0.13814072106990913,22
92,10,"DenseLayer( 64,1 )","all",0.16060579137423511,0.16881959632832746,0.24985379332929483,0.19534850753729452,22
92,10,"DenseLayer( 64,1 )","weights",0.14144311787243247,0.14820994559035874,0.23777225902454099,0.15872700312104829,22
92,10,"DenseLayer( 64,1 )","biases",0.069024142555215148,0.080832345831123475,0.15112146735191345,0.11387176066637039,22
93,0,"Conv2DLayer(1,8,5, stride=5, padding=0)","all",0.40472944394558813,0.45305023460618526,1.0793339742608088,0.55972759860231136,22
93,0,"Conv2DLayer(1,8,5, stride=5, padding=0)","weights",0.39816956813769555,0.44683738479346768,1.0691117065902442,0.54524855920566961,22
93,0,"Conv2DLayer(1,8,5, stride=5, padding=0)","biases",0.069574619167460786,0.074772097921979003,0.14819577195496397,0.12648712709699619,22
93,4,"DenseLayer( 7202,128 )","all",2.0309388134853177,2.1086986956619946,3.7304509130512336,2.8696721596389896,22
93,4,"DenseLayer( 7202,128 )","weights",2.030073179373642,2.107802806004373,3.7289109328325836,2.8684237031997744,22
93,4,"DenseLayer( 7202,128 )","biases",0.059269022670422507,0.06146153339030886,0.10717868111902061,0.08463901422390388,22
93,7,"DenseLayer( 128,64 )","all",0.2126014756018077,0.22259852943693009,0.41325687394857641,0.30503171532656637,22
93,7,"DenseLayer( 128,64 )","weights",0.20021695808153406,0.21044622101681659,0.39969568557760576,0.28074530359644662,22
93,7,"DenseLayer( 128,64 )","biases",0.070079951045776842,0.072543044926615868,0.11927456503214105,0.11927456503214105,22
93,10,"DenseLayer( 64,1 )","all",0.1671332802007286,0.18127391142214805,0.36904395408045121,0.25522805657177638,22
93,10,"DenseLayer( 64,1 )","weights",0.15297073799546196,0.16755622982896631,0.36708990546074433,0.21723345844222083,22
93,10,"DenseLayer( 64,1 )","biases",0.059729116926477713,0.069174712198804222,0.13398128747940063,0.13398128747940063,22
94,0,"Conv2DLayer(1,8,5, stride=5, padding=0)","all",0.45175466581699986,0.50451445621506641,1.1446128936330004,0.40068561221198601,22
94,0,"Conv2DLayer(1,8,5, stride=5, padding=0)","weights",0.44478921668970089,0.49671657379217493,1.1227319599208594,0.38493772194246528,22
94,0,"Conv2DLayer(1,8,5, stride=5, padding=0)","biases",0.076382541731212644,0.088359956146135704,0.22273666614003104,0.11122908818937292,22
94,4,"DenseLayer( 7202,128 )","all",2.241154766328382,2.4214158740053584,5.2969931285443206,2.8216532786419197,22
94,4,"DenseLayer( 7202,128 )","weights",2.2401982344695117,2.4203858466491184,5.2948154975404185,2.82049048320276,22
94,4,"DenseLayer( 7202,128 )","biases",0.065443273865158552,0.070620027086965853,0.1518718237579352,0.080997895240291343,22
94,7,"DenseLayer( 128,64 )","all",0.23864197743965915,0.25050542446297491,0.43734325469110091,0.29272978613421358,22
94,7,"DenseLayer( 128,64 )","weights",0.22433271636928664,0.23517777005078333,0.39372496519421507,0.27716536836267008,22
94,7,"DenseLayer( 128,64 )","biases",0.078132361876546985,0.086280844683603614,0.19039373468320678,0.094181135428321558,22
94,10,"DenseLayer( 64,1 )","all",0.18141341261627769,0.1938549252607745,0.32121782079464145,0.23697082085505156,22
94,10,"DenseLayer( 64,1 )","weights",0.16815883956575148,0.17978901164294467,0.30106704119335026,0.21827757185551516,22
94,10,"DenseLayer( 64,1 )","biases",0.05899758973497559,0.072495816019364751,0.17058965563774109,0.092250049114227295,22
95,0,"Conv2DLayer(1,8,5, stride=5, padding=0)","all",0.43380772516825128,0.46959505700668053,0.86046893017642057,0.61521117479519793,22
95,0,"Conv2DLayer(1,8,5, stride=5, padding=0)","weights",0.42573773352501965,0.46154992790910299,0.84967250636976865,0.6046824498972313,22
95,0,"Conv2DLayer(1,8,5, stride=5, padding=0)","biases",0.081859094091942169,0.086551612418310039,0.14796052201437038,0.11333103890448568,22
95,4,"DenseLayer( 7202,128 )","all",2.2401506752809102,2.3548233508817016,3.9418210715333473,3.9418210715333473,22
95,4,"DenseLayer( 7202,128 )","weights",2.2391963638158829,2.3538224869112194,3.9402704232383345,3.9402704232383345,22
95,4,"DenseLayer( 7202,128 )","biases",0.065355396122580942,0.068649209527918822,0.11667501592972215,0.11055474543185452,22
95,7,"DenseLayer( 128,64 )","all",0.20689796725778334,0.21560714040164991,0.34608519947478966,0.30866881669806406,22
95,7,"DenseLayer( 128,64 )","weights",0.18965813326478279,0.19763575222540125,0.33440330014453862,0.28093069751746041,22
95,7,"DenseLayer( 128,64 )","biases",0.081342473948885233,0.086177424157818636,0.15637314989863174,0.12788425076660617,22
95,10,"DenseLayer( 64,1 )","all",0.14852655446078411,0.16036808929572535,0.32587571160621354,0.2176002403225249,22
95,10,"DenseLayer( 64,1 )","weights",0.13133198122767722,0.14184520295836836,0.30313869583938569,0.19728223535835501,22
95,10,"DenseLayer( 64,1 )","biases",0.066500980999659412,0.074818864346239744,0.16888558864593506,0.091812767088413239,22
96,0,"Conv2DLayer(1,8,5, stride=5, padding=0)","all",0.36324466197992455,0.38930569031936946,0.58848990000245593,0.58561174040216113,22
96,0,"Conv2DLayer(1,8,5, stride=5, padding=0)","weights",0.35541153499467004,0.38113664446980511,0.58218698976726857,0.57346156883001054,22
96,0,"Conv2DLayer(1,8,5, stride=5, padding=0)","biases",0.073280978158278332,0.079333339507033224,0.13834660396771811,0.11867156176553512,22
96,4,"DenseLayer( 7202,128 )","all",2.1649221406298431,2.2471236463896194,3.6825288001058212,3.3149851762154245,22
96,4,"DenseLayer( 7202,128 )","weights",2.1639925036973966,2.2461551036195093,3.6809001369991856,3.3134689265212365,22
96,4,"DenseLayer( 7202,128 )","biases",0.063419736377828842,0.065969179526578103,0.10951047917069144,0.10025164091531415,22
96,7,"DenseLayer( 128,64 )","all",0.20328685446362643,0.21036775226574231,0.33463640423496466,0.27618941476465186,22
96,7,"DenseLayer( 128,64 )","weights",0.18510100770537502,0.19098141016186371,0.28353466765102781,0.22805450056205331,22
96,7,"DenseLayer( 128,64 )","biases",0.081116961190543457,0.088208231848998689,0.17773467663719386,0.15579389462181537,22
96,10,"DenseLayer( 64,1 )","all",0.16535253779856249,0.1751530118995463,0.29433030262714455,0.29433030262714455,22
96,10,"DenseLayer( 64,1 )","weights",0.13824304524691683,0.14348637893131455,0.2059165416651543,0.17984034958215062,22
96,10,"DenseLayer( 64,1 )","biases",0.08411714286458763,0.10045016992848653,0.23299737274646759,0.23299737274646759,22
97,0,"Conv2DLayer(1,8,5, stride=5, padding=0)","all",0.38598757545628432,0.40490266843263223,0.71082412200655143,0.27963580671853938,22
97,0,"Conv2DLayer(1,8,5, stride=5, padding=0)","weights",0.37935725134500214,0.39826417229612265,0.69524344326282317,0.26725959594371684,22
97,0,"Conv2DLayer(1,8,5, stride=5, padding=0)","biases",0.068597240317202476,0.073019312302639638,0.14801178002590948,0.082270850093636036,22
97,4,"DenseLayer( 7202,128 )","all",2.0115907644164368,2.0669221879841135,3.4309784020259069,2.0500809045876189,22
97,4,"DenseLayer( 7202,128 )","weights",2.0107491668031723,2.0660620256022515,3.4295987904387646,2.0492469809012142,22
97,4,"DenseLayer( 7202,128 )","biases",0.058148539197374817,0.059624135594198137,0.097287880998653889,0.058468167596127968,22
97,7,"DenseLayer( 128,64 )","all",0.19423662807303835,0.19857628048561779,0.28956228169880277,0.17223757672861645,22
97,7,"DenseLayer( 128,64 )","weights",0.1808824474244996,0.18516985490106294,0.25367510456900455,0.15129843818552757,22
97,7,"DenseLayer( 128,64 )","biases",0.069025999106551161,0.071726313215040166,0.13962541425013367,0.082307748359228786,22
97,10,"DenseLayer( 64,1 )","all",0.15451439331245004,0.1596021430475639,0.24299649149563354,0.1532410160190357,22
97,10,"DenseLayer( 64,1 )","weights",0.13711562813802575,0.14207835624573414,0.22914998875071241,0.12355405851474635,22
97,10,"DenseLayer( 64,1 )","biases",0.061848276506432077,0.072708904213206957,0.12819738686084747,0.090648792684078217,22
98,0,"Conv2DLayer(1,8,5, stride=5, padding=0)","all",0.35646196662349505,0.36862306620087015,0.53954867006050655,0.24253411694771271,22
98,0,"Conv2DLayer(1,8,5, stride=5, padding=0)","weights",0.35033818471926309,0.36258550758446018,0.53303170624388818,0.23736321298849147,22
98,0,"Conv2DLayer(1,8,5, stride=5, padding=0)","biases",0.06404513783161421,0.066443318889489941,0.10013293061647768,0.049814686623392668,22
98,4,"DenseLayer( 7202,128 )","all",2.0695018261875755,2.0969763602319857,2.602317079144624,2.602317079144624,22
98,4,"DenseLayer( 7202,128 )","weights",2.0686238053454686,2.0960888644427409,2.6013245289094473,2.6013245289094473,22
98,4,"DenseLayer( 7202,128 )","biases",0.060256910254167607,0.061002686259936587,0.075416796921361204,0.071867069662323188,22
98,7,"DenseLayer( 128,64 )","all",0.20080886133801121,0.203271019960233,0.26522410079158532,0.26522410079158532,22
98,7,"DenseLayer( 128,64 )","weights",0.18842861726376101,0.19117558754560438,0.25974995738696155,0.25974995738696155,22
98,7,"DenseLayer( 128,64 )","biases",0.067775175661294387,0.069072442278135832,0.094180984934963505,0.053607679283631332,22
98,10,"DenseLayer( 64,1 )","all",0.1483839299541555,0.15277409337666062,0.21156905469436837,0.18664096794657445,22
98,10,"DenseLayer( 64,1 )","weights",0.13656921851227133,0.14106405306327002,0.20654726127918863,0.18623391652999016,22
98,10,"DenseLayer( 64,1 )","biases",0.049633818932554939,0.058658814686486455,0.13255244493484497,0.012319872155785561,22
99,0,"Conv2DLayer(1,8,5, stride=5, padding=0)","all",0.4790826197334962,0.50723087590027838,0.80623990454363492,0.80623990454363492,22
99,0,"Conv2DLayer(1,8,5, stride=5, padding=0)","weights",0.46913004428125959,0.49699167399835609,0.79305686232793937,0.79305686232793937,22
99,0,"Conv2DLayer(1,8,5, stride=5, padding=0)","biases",0.095204609785100203,0.10140235422748001,0.19139841756617934,0.14520191731893026,22
99,4,"DenseLayer( 7202,128 )","all",2.405414987450111,2.5185507531345004,4.2667985703036564,4.2667985703036564,22
99,4,"DenseLayer( 7202,128 )","weights",2.4044091194039034,2.5174982695837587,4.2650339790616147,4.2650339790616147,22
99,4,"DenseLayer( 7202,128 )","biases",0.069525026532246403,0.072803562805252256,0.12269962100666015,0.12269962100666015,22
99,7,"DenseLayer( 128,64 )","all",0.23004203597278056,0.23572046595594923,0.3564330201006895,0.3564330201006895,22
99,7,"DenseLayer( 128,64 )","weights",0.21366287823200747,0.21852789591585553,0.31515221247223552,0.31515221247223552,22
99,7,"DenseLayer( 128,64 )","biases",0.082174888690778589,0.08837248880210874,0.17628923242202521,0.16650399632427287,22
99,10,"DenseLayer( 64,1 )","all",0.17167919969887196,0.18032897556589808,0.26010240764560227,0.24563611943761685,22
99,10,"DenseLayer( 64,1 )","weights",0.15262458554622879,0.15841039358070044,0.21743530876706854,0.20711676974833035,22
99,10,"DenseLayer( 64,1 )","biases",0.069113281640139496,0.086166621346399852,0.20037159323692322,0.13205963373184204,22
100,0,"Conv2DLayer(1,8,5, stride=5, padding=0)","all",0.4302110168323377,0.47241998965699755,0.92099181568651256,0.64114268045913625,22
100,0,"Conv2DLayer(1,8,5, stride=5, padding=0)","weights",0.42187921460992317,0.46331640678057401,0.90045432902079869,0.62970553165602317,22
100,0,"Conv2DLayer(1,8,5, stride=5, padding=0)","biases",0.081633676160928051,0.092296012023572127,0.1934112869230811,0.12056069055928373,22
100,4,"DenseLayer( 7202,128 )","all",2.2599961217954561,2.4264427585531911,4.438758671504627,3.3254102183151049,22
100,4,"DenseLayer( 7202,128 )","weights",2.25901466026398,2.4253864397026725,4.4368009334744292,3.3239802688771727,22
100,4,"DenseLayer( 7202,128 )","biases",0.06657977672343672,0.071589654571136932,0.13181813448063237,0.097510472205552784,22
100,7,"DenseLayer( 128,64 )","all",0.21120064159551571,0.22117248789675722,0.36838770038888868,0.25441274561106675,22
100,7,"DenseLayer( 128,64 )","weights",0.19367878320281678,0.20183982695422809,0.32384666108648058,0.2342046124891648,22
100,7,"DenseLayer( 128,64 )","biases",0.08202156040740706,0.090432038888485111,0.18176851918133602,0.099368227407766102,22
100,10,"DenseLayer( 64,1 )","all",0.15506071595323237,0.16935375900874658,0.33742255086497008,0.19686064403656831,22
100,10,"DenseLayer( 64,1 )","weights",0.13588325959643491,0.14539094838982194,0.24930051072296827,0.18025917021819182,22
100,10,"DenseLayer( 64,1 )","biases",0.066401763565161018,0.086845655140028455,0.22738344967365265,0.079124867916107178,22
